#!ascii label , from subject sub-09 vox2ras=TkReg lh ROI=FG coords=white drawn-with=delineation-helper-0.1.0
2793
18906  -32.430  -67.726  -13.230 0.0000000000
18907  -32.816  -67.671  -13.094 0.0000000000
18914  -32.318  -67.449  -13.499 0.0000000000
18915  -32.748  -67.294  -13.742 0.0000000000
19788  -34.344  -66.736  -9.702 0.0000000000
19801  -33.531  -67.087  -11.725 0.0000000000
19802  -33.824  -66.896  -10.647 0.0000000000
19810  -31.057  -65.982  -12.407 0.0000000000
19812  -33.241  -67.471  -12.549 0.0000000000
19818  -31.910  -67.284  -13.378 0.0000000000
19819  -33.264  -67.042  -13.611 0.0000000000
19824  -32.422  -66.862  -13.966 0.0000000000
19825  -33.195  -66.666  -14.122 0.0000000000
20686  -34.461  -64.925  -9.174 0.0000000000
20696  -28.526  -64.736  -9.482 0.0000000000
20697  -29.250  -65.114  -9.761 0.0000000000
20699  -33.992  -65.039  -9.910 0.0000000000
20700  -34.541  -65.793  -9.249 0.0000000000
20706  -29.526  -64.860  -10.632 0.0000000000
20707  -30.161  -65.383  -11.093 0.0000000000
20708  -33.725  -66.211  -11.340 0.0000000000
20714  -29.923  -64.653  -11.310 0.0000000000
20715  -30.476  -65.242  -11.879 0.0000000000
20716  -33.645  -66.539  -12.824 0.0000000000
20717  -34.282  -65.643  -13.481 0.0000000000
20721  -31.053  -65.329  -12.528 0.0000000000
20722  -31.631  -66.257  -13.331 0.0000000000
20723  -33.803  -66.237  -13.986 0.0000000000
20724  -34.399  -65.445  -14.055 0.0000000000
20729  -32.231  -66.091  -13.907 0.0000000000
20730  -32.983  -66.227  -14.278 0.0000000000
20731  -33.774  -65.986  -14.203 0.0000000000
21623  -26.670  -63.815  -9.019 0.0000000000
21624  -27.751  -64.479  -9.177 0.0000000000
21625  -34.727  -64.396  -8.828 0.0000000000
21635  -27.313  -63.905  -9.461 0.0000000000
21636  -28.119  -64.034  -9.962 0.0000000000
21637  -28.861  -64.390  -10.303 0.0000000000
21638  -34.394  -64.320  -9.593 0.0000000000
21645  -28.717  -63.978  -10.510 0.0000000000
21646  -29.310  -64.213  -10.817 0.0000000000
21647  -29.890  -64.189  -11.179 0.0000000000
21648  -34.292  -64.497  -10.640 0.0000000000
21653  -30.477  -64.738  -11.808 0.0000000000
21654  -31.137  -64.808  -12.396 0.0000000000
21655  -34.505  -64.917  -12.252 0.0000000000
21656  -35.472  -64.138  -12.847 0.0000000000
21659  -31.703  -65.410  -13.209 0.0000000000
21660  -32.646  -65.321  -13.821 0.0000000000
21661  -34.986  -64.809  -13.728 0.0000000000
21662  -35.539  -64.000  -13.605 0.0000000000
21663  -34.305  -65.301  -14.175 0.0000000000
21664  -35.078  -64.658  -13.950 0.0000000000
21665  -35.593  -63.867  -13.619 0.0000000000
22577  -36.038  -63.094  -7.806 0.0000000000
22587  -25.611  -63.078  -8.271 0.0000000000
22588  -26.318  -63.216  -8.887 0.0000000000
22589  -31.010  -63.390  -9.266 0.0000000000
22590  -31.965  -63.310  -9.032 0.0000000000
22591  -34.722  -63.659  -9.169 0.0000000000
22592  -35.270  -63.124  -8.510 0.0000000000
22593  -35.757  -63.846  -8.126 0.0000000000
22604  -26.936  -63.336  -9.357 0.0000000000
22605  -27.646  -63.408  -9.706 0.0000000000
22606  -28.489  -63.527  -10.076 0.0000000000
22607  -29.299  -63.378  -10.142 0.0000000000
22608  -30.717  -63.699  -10.338 0.0000000000
22609  -31.656  -63.583  -9.938 0.0000000000
22610  -32.257  -63.221  -9.719 0.0000000000
22611  -34.655  -63.657  -10.195 0.0000000000
22612  -35.108  -62.932  -9.687 0.0000000000
22616  -29.156  -63.863  -10.649 0.0000000000
22617  -30.352  -63.965  -11.126 0.0000000000
22618  -31.384  -63.888  -11.064 0.0000000000
22619  -32.214  -63.376  -10.583 0.0000000000
22620  -34.917  -63.942  -11.534 0.0000000000
22621  -35.541  -63.078  -11.128 0.0000000000
22622  -30.698  -64.382  -11.631 0.0000000000
22623  -32.168  -63.640  -11.626 0.0000000000
22624  -36.139  -63.487  -13.237 0.0000000000
22625  -36.729  -63.054  -13.063 0.0000000000
22626  -31.965  -64.686  -12.915 0.0000000000
22627  -32.822  -64.315  -13.310 0.0000000000
22628  -33.723  -63.875  -13.550 0.0000000000
22629  -35.930  -63.495  -13.443 0.0000000000
22630  -36.451  -63.101  -13.285 0.0000000000
22631  -33.647  -64.838  -14.065 0.0000000000
22632  -34.612  -64.521  -14.055 0.0000000000
22633  -36.094  -63.307  -13.452 0.0000000000
23527  -29.472  -61.965  -4.335 0.0000000000
23551  -31.247  -62.348  -7.795 0.0000000000
23552  -32.139  -62.431  -7.819 0.0000000000
23553  -36.407  -62.395  -7.678 0.0000000000
23554  -37.125  -62.209  -7.333 0.0000000000
23563  -25.659  -62.413  -8.030 0.0000000000
23564  -26.205  -62.514  -8.544 0.0000000000
23565  -26.871  -62.322  -8.774 0.0000000000
23566  -27.552  -62.212  -8.780 0.0000000000
23567  -28.487  -62.145  -8.661 0.0000000000
23568  -30.600  -62.747  -8.506 0.0000000000
23569  -31.603  -62.926  -8.409 0.0000000000
23570  -32.258  -62.794  -8.460 0.0000000000
23571  -35.785  -62.424  -8.152 0.0000000000
23572  -36.123  -61.886  -8.021 0.0000000000
23575  -26.683  -62.828  -9.093 0.0000000000
23576  -27.246  -62.786  -9.325 0.0000000000
23577  -27.992  -62.782  -9.489 0.0000000000
23578  -28.887  -62.843  -9.480 0.0000000000
23579  -29.885  -63.014  -9.352 0.0000000000
23580  -32.548  -62.746  -9.147 0.0000000000
23581  -35.538  -62.288  -9.109 0.0000000000
23584  -32.735  -62.566  -10.238 0.0000000000
23585  -33.213  -62.091  -11.137 0.0000000000
23586  -35.865  -62.294  -10.312 0.0000000000
23587  -36.708  -62.481  -11.732 0.0000000000
23588  -32.664  -62.873  -11.333 0.0000000000
23589  -33.312  -62.469  -12.030 0.0000000000
23590  -36.487  -63.049  -12.417 0.0000000000
23591  -37.159  -62.515  -12.833 0.0000000000
23592  -37.635  -61.977  -13.046 0.0000000000
23593  -32.879  -63.368  -12.522 0.0000000000
23594  -33.860  -62.978  -12.943 0.0000000000
23595  -34.765  -62.739  -13.274 0.0000000000
23596  -35.560  -62.641  -13.411 0.0000000000
23597  -37.007  -62.552  -13.112 0.0000000000
23598  -34.670  -63.608  -13.674 0.0000000000
23599  -35.536  -63.391  -13.594 0.0000000000
23600  -36.083  -62.896  -13.522 0.0000000000
23601  -36.572  -62.737  -13.315 0.0000000000
24468  -31.239  -60.683  -3.535 0.0000000000
24474  -26.873  -61.902  -5.563 0.0000000000
24475  -27.844  -61.648  -5.226 0.0000000000
24476  -28.732  -61.367  -4.992 0.0000000000
24477  -30.290  -61.369  -4.277 0.0000000000
24484  -26.063  -61.850  -6.237 0.0000000000
24490  -25.546  -61.922  -6.774 0.0000000000
24491  -26.155  -61.322  -6.892 0.0000000000
24493  -41.073  -61.163  -6.257 0.0000000000
24498  -25.562  -62.036  -7.492 0.0000000000
24499  -26.178  -61.427  -7.352 0.0000000000
24500  -29.846  -61.146  -7.680 0.0000000000
24501  -30.845  -61.547  -7.431 0.0000000000
24502  -31.812  -61.805  -7.291 0.0000000000
24503  -32.614  -61.719  -7.473 0.0000000000
24504  -33.237  -61.337  -7.816 0.0000000000
24505  -36.640  -61.641  -7.669 0.0000000000
24506  -37.397  -61.440  -7.249 0.0000000000
24507  -38.219  -61.181  -6.841 0.0000000000
24509  -26.042  -61.880  -7.977 0.0000000000
24510  -26.651  -61.402  -7.813 0.0000000000
24511  -27.186  -61.522  -8.178 0.0000000000
24512  -27.898  -61.378  -8.206 0.0000000000
24513  -29.262  -61.669  -8.156 0.0000000000
24514  -30.213  -62.060  -7.951 0.0000000000
24515  -32.848  -62.161  -8.332 0.0000000000
24516  -33.380  -61.348  -8.843 0.0000000000
24517  -35.895  -61.856  -8.622 0.0000000000
24518  -36.421  -61.268  -8.664 0.0000000000
24522  -33.117  -61.974  -9.488 0.0000000000
24523  -33.558  -61.087  -10.015 0.0000000000
24524  -36.141  -61.681  -9.572 0.0000000000
24525  -36.975  -61.077  -10.054 0.0000000000
24526  -37.851  -61.319  -11.474 0.0000000000
24528  -33.273  -61.760  -10.425 0.0000000000
24529  -33.740  -61.336  -11.076 0.0000000000
24530  -36.866  -61.751  -10.946 0.0000000000
24531  -37.782  -61.756  -12.545 0.0000000000
24532  -34.343  -61.515  -12.043 0.0000000000
24533  -35.408  -61.357  -12.579 0.0000000000
24534  -36.716  -61.361  -13.023 0.0000000000
24535  -37.984  -61.567  -12.951 0.0000000000
24536  -34.101  -62.198  -12.484 0.0000000000
24537  -35.027  -62.033  -12.928 0.0000000000
24538  -37.296  -61.990  -13.193 0.0000000000
24539  -37.942  -61.559  -13.008 0.0000000000
25448  -30.860  -60.767  -4.201 0.0000000000
25449  -31.471  -59.919  -3.501 0.0000000000
25457  -26.671  -61.207  -6.334 0.0000000000
25458  -28.098  -60.817  -5.566 0.0000000000
25459  -30.295  -60.677  -4.674 0.0000000000
25460  -39.342  -59.794  -4.337 0.0000000000
25461  -39.983  -60.510  -4.469 0.0000000000
25462  -40.976  -60.543  -4.865 0.0000000000
25466  -26.814  -60.605  -6.841 0.0000000000
25467  -27.599  -60.317  -6.162 0.0000000000
25468  -41.248  -60.615  -5.660 0.0000000000
25469  -41.652  -61.186  -5.475 0.0000000000
25473  -26.727  -60.711  -7.094 0.0000000000
25474  -32.329  -60.475  -6.594 0.0000000000
25475  -33.192  -60.192  -6.727 0.0000000000
25476  -39.154  -60.843  -6.616 0.0000000000
25477  -40.304  -60.498  -6.434 0.0000000000
25478  -41.036  -60.405  -6.055 0.0000000000
25479  -41.482  -60.989  -5.852 0.0000000000
25484  -26.811  -60.894  -7.394 0.0000000000
25485  -28.657  -59.760  -7.776 0.0000000000
25486  -29.512  -60.075  -7.666 0.0000000000
25487  -30.489  -60.581  -7.314 0.0000000000
25488  -31.504  -61.036  -6.931 0.0000000000
25489  -32.989  -61.016  -7.044 0.0000000000
25490  -33.466  -60.541  -7.499 0.0000000000
25491  -36.977  -60.767  -8.070 0.0000000000
25492  -37.692  -60.566  -7.490 0.0000000000
25493  -38.554  -60.235  -7.185 0.0000000000
25494  -39.518  -60.150  -6.816 0.0000000000
25499  -27.267  -60.737  -7.610 0.0000000000
25500  -27.752  -60.566  -7.781 0.0000000000
25501  -28.264  -60.518  -7.884 0.0000000000
25502  -28.967  -60.726  -7.854 0.0000000000
25503  -33.723  -60.557  -9.247 0.0000000000
25504  -37.111  -60.623  -9.137 0.0000000000
25505  -37.783  -60.141  -8.741 0.0000000000
25509  -33.966  -60.336  -10.052 0.0000000000
25510  -38.269  -60.571  -10.769 0.0000000000
25511  -38.796  -59.819  -10.073 0.0000000000
25515  -34.028  -60.728  -10.655 0.0000000000
25516  -34.476  -60.229  -10.673 0.0000000000
25517  -35.131  -60.223  -11.321 0.0000000000
25518  -38.574  -61.055  -12.465 0.0000000000
25520  -34.620  -60.805  -11.499 0.0000000000
25521  -35.752  -60.624  -12.234 0.0000000000
25522  -36.977  -60.535  -12.679 0.0000000000
25523  -38.306  -61.169  -12.935 0.0000000000
25524  -38.729  -60.669  -12.884 0.0000000000
25525  -37.921  -61.213  -13.028 0.0000000000
26401  -31.556  -59.549  -2.642 0.0000000000
26411  -31.260  -59.390  -4.299 0.0000000000
26412  -31.552  -59.088  -3.433 0.0000000000
26417  -28.201  -59.912  -5.877 0.0000000000
26418  -28.922  -59.503  -5.609 0.0000000000
26419  -29.828  -60.046  -5.169 0.0000000000
26420  -30.719  -60.082  -4.627 0.0000000000
26421  -38.743  -59.030  -4.151 0.0000000000
26422  -39.641  -59.057  -4.774 0.0000000000
26423  -40.342  -59.826  -4.865 0.0000000000
26426  -27.301  -60.017  -6.743 0.0000000000
26427  -27.708  -59.484  -6.546 0.0000000000
26428  -28.243  -59.007  -6.247 0.0000000000
26429  -40.421  -59.170  -5.398 0.0000000000
26430  -40.733  -59.249  -5.888 0.0000000000
26434  -27.183  -60.102  -6.936 0.0000000000
26435  -27.572  -59.313  -6.883 0.0000000000
26436  -30.876  -59.013  -6.978 0.0000000000
26437  -31.934  -59.496  -6.378 0.0000000000
26438  -32.747  -59.720  -6.341 0.0000000000
26439  -33.312  -59.342  -6.442 0.0000000000
26440  -40.384  -59.610  -6.639 0.0000000000
26441  -40.801  -59.656  -6.064 0.0000000000
26446  -27.264  -60.248  -7.277 0.0000000000
26447  -27.635  -59.487  -7.236 0.0000000000
26448  -28.427  -58.944  -7.664 0.0000000000
26449  -29.168  -59.058  -7.783 0.0000000000
26450  -30.149  -59.493  -7.457 0.0000000000
26451  -31.197  -60.069  -6.829 0.0000000000
26452  -33.797  -59.592  -7.255 0.0000000000
26453  -39.475  -59.560  -7.438 0.0000000000
26454  -40.290  -58.924  -7.615 0.0000000000
26458  -27.714  -59.895  -7.495 0.0000000000
26459  -28.265  -59.752  -7.719 0.0000000000
26460  -33.903  -59.995  -8.511 0.0000000000
26461  -34.236  -59.124  -8.301 0.0000000000
26462  -38.672  -59.574  -8.420 0.0000000000
26463  -39.710  -59.045  -8.565 0.0000000000
26464  -40.401  -58.662  -8.610 0.0000000000
26467  -34.046  -59.985  -9.483 0.0000000000
26468  -34.282  -59.428  -9.262 0.0000000000
26469  -34.752  -59.152  -9.794 0.0000000000
26470  -39.540  -59.331  -9.869 0.0000000000
26471  -40.536  -58.918  -10.932 0.0000000000
26473  -34.360  -59.758  -10.013 0.0000000000
26474  -35.096  -59.621  -10.659 0.0000000000
26475  -36.075  -59.216  -11.035 0.0000000000
26476  -39.723  -59.681  -11.514 0.0000000000
26477  -40.214  -59.188  -11.881 0.0000000000
26478  -40.434  -58.772  -11.824 0.0000000000
26480  -35.985  -59.935  -11.719 0.0000000000
26481  -37.243  -59.743  -12.223 0.0000000000
26482  -38.592  -60.151  -12.741 0.0000000000
26483  -39.244  -60.174  -12.647 0.0000000000
26484  -39.754  -59.513  -12.273 0.0000000000
26485  -38.026  -60.532  -12.857 0.0000000000
26486  -38.744  -60.822  -12.975 0.0000000000
27295  -31.590  -58.301  -1.337 0.0000000000
27308  -31.615  -58.266  -2.295 0.0000000000
27319  -31.426  -58.456  -4.036 0.0000000000
27320  -31.570  -58.317  -3.181 0.0000000000
27327  -28.963  -58.501  -5.842 0.0000000000
27328  -29.965  -58.478  -5.324 0.0000000000
27329  -30.826  -58.507  -4.710 0.0000000000
27330  -39.021  -58.275  -4.602 0.0000000000
27331  -39.820  -58.342  -5.258 0.0000000000
27336  -28.270  -58.149  -6.603 0.0000000000
27337  -40.556  -58.425  -5.996 0.0000000000
27342  -27.782  -58.695  -6.898 0.0000000000
27343  -28.192  -57.946  -7.191 0.0000000000
27344  -30.676  -58.002  -7.254 0.0000000000
27345  -31.615  -58.512  -6.466 0.0000000000
27346  -32.671  -58.850  -6.065 0.0000000000
27347  -33.450  -58.516  -6.183 0.0000000000
27348  -34.092  -58.166  -6.644 0.0000000000
27349  -40.861  -58.201  -6.892 0.0000000000
27353  -27.907  -58.774  -7.222 0.0000000000
27354  -28.328  -58.365  -7.470 0.0000000000
27355  -28.804  -58.180  -7.800 0.0000000000
27356  -29.789  -58.341  -7.685 0.0000000000
27357  -33.787  -58.890  -6.694 0.0000000000
27358  -34.176  -58.720  -7.378 0.0000000000
27359  -40.810  -58.452  -7.996 0.0000000000
27363  -28.025  -59.119  -7.489 0.0000000000
27364  -34.485  -58.355  -8.246 0.0000000000
27365  -40.873  -58.392  -9.185 0.0000000000
27366  -41.250  -58.052  -8.653 0.0000000000
27369  -34.556  -58.695  -9.063 0.0000000000
27370  -35.368  -58.953  -10.232 0.0000000000
27371  -36.020  -58.327  -10.248 0.0000000000
27372  -40.929  -58.398  -10.384 0.0000000000
27373  -41.406  -57.979  -9.752 0.0000000000
27377  -37.033  -58.851  -11.342 0.0000000000
27378  -39.087  -58.704  -12.096 0.0000000000
27379  -40.818  -58.354  -11.325 0.0000000000
27380  -41.386  -57.896  -10.749 0.0000000000
27384  -38.013  -59.370  -12.259 0.0000000000
27385  -38.979  -59.516  -12.525 0.0000000000
27386  -39.731  -59.411  -12.352 0.0000000000
27387  -40.271  -59.043  -12.135 0.0000000000
27388  -40.601  -58.453  -11.751 0.0000000000
28141  -31.713  -57.547  -1.883 0.0000000000
28151  -31.618  -57.587  -2.790 0.0000000000
28161  -31.083  -57.696  -4.420 0.0000000000
28162  -31.463  -57.647  -3.685 0.0000000000
28168  -28.749  -57.705  -6.195 0.0000000000
28169  -29.420  -57.686  -5.645 0.0000000000
28170  -30.318  -57.692  -5.043 0.0000000000
28172  -39.266  -57.548  -5.024 0.0000000000
28176  -28.442  -57.276  -6.746 0.0000000000
28177  -28.961  -57.032  -6.092 0.0000000000
28178  -32.942  -57.101  -5.625 0.0000000000
28179  -33.655  -57.110  -5.785 0.0000000000
28180  -34.280  -56.717  -6.094 0.0000000000
28181  -39.956  -57.581  -5.668 0.0000000000
28182  -40.550  -57.498  -6.423 0.0000000000
28186  -28.424  -57.163  -7.182 0.0000000000
28187  -30.443  -57.150  -7.471 0.0000000000
28188  -31.360  -57.490  -6.687 0.0000000000
28189  -32.266  -57.306  -6.007 0.0000000000
28190  -33.047  -57.879  -5.773 0.0000000000
28191  -34.209  -57.361  -6.351 0.0000000000
28192  -41.123  -57.346  -7.338 0.0000000000
28195  -28.648  -57.369  -7.557 0.0000000000
28196  -29.069  -56.756  -7.807 0.0000000000
28197  -29.692  -56.876  -7.796 0.0000000000
28198  -34.509  -57.506  -7.179 0.0000000000
28199  -41.140  -58.054  -7.707 0.0000000000
28200  -41.440  -57.631  -8.191 0.0000000000
28204  -28.840  -56.671  -7.599 0.0000000000
28205  -34.665  -57.685  -8.106 0.0000000000
28206  -34.961  -57.350  -8.618 0.0000000000
28207  -41.810  -57.441  -9.189 0.0000000000
28212  -34.827  -57.966  -8.867 0.0000000000
28213  -35.433  -57.528  -9.309 0.0000000000
28214  -36.351  -57.413  -9.809 0.0000000000
28215  -37.279  -57.261  -10.155 0.0000000000
28216  -41.905  -57.434  -10.269 0.0000000000
28217  -42.170  -56.800  -10.615 0.0000000000
28222  -37.096  -58.058  -10.645 0.0000000000
28223  -38.087  -57.891  -11.101 0.0000000000
28224  -39.108  -57.822  -11.520 0.0000000000
28225  -40.024  -57.797  -11.707 0.0000000000
28226  -40.706  -57.847  -11.666 0.0000000000
28227  -41.740  -57.327  -10.933 0.0000000000
28231  -39.918  -58.642  -12.140 0.0000000000
28990  -31.918  -56.846  -1.530 0.0000000000
28991  -32.230  -56.179  -1.263 0.0000000000
29002  -31.750  -56.773  -2.449 0.0000000000
29012  -31.230  -56.794  -4.101 0.0000000000
29013  -31.546  -56.243  -3.325 0.0000000000
29019  -29.770  -56.776  -5.414 0.0000000000
29020  -30.473  -56.192  -4.786 0.0000000000
29026  -28.715  -56.626  -6.547 0.0000000000
29027  -29.108  -56.263  -6.098 0.0000000000
29028  -32.387  -56.541  -5.903 0.0000000000
29029  -33.185  -56.448  -5.558 0.0000000000
29030  -33.966  -56.288  -5.650 0.0000000000
29031  -39.376  -56.031  -5.441 0.0000000000
29032  -40.010  -56.750  -5.971 0.0000000000
29036  -28.496  -56.611  -6.941 0.0000000000
29037  -30.264  -56.371  -7.588 0.0000000000
29038  -30.906  -56.013  -7.143 0.0000000000
29039  -31.731  -55.847  -6.426 0.0000000000
29040  -34.612  -56.047  -6.171 0.0000000000
29041  -40.646  -56.609  -6.721 0.0000000000
29042  -41.290  -56.455  -7.511 0.0000000000
29046  -28.630  -56.688  -7.314 0.0000000000
29047  -29.006  -56.298  -7.619 0.0000000000
29048  -29.491  -56.067  -7.669 0.0000000000
29049  -34.704  -56.672  -6.891 0.0000000000
29050  -35.149  -56.214  -7.899 0.0000000000
29051  -41.673  -56.989  -8.228 0.0000000000
29058  -34.825  -56.996  -7.931 0.0000000000
29059  -35.259  -56.737  -8.660 0.0000000000
29060  -42.286  -56.576  -9.207 0.0000000000
29066  -35.857  -56.661  -9.220 0.0000000000
29067  -36.618  -56.608  -9.531 0.0000000000
29068  -37.480  -56.468  -9.783 0.0000000000
29069  -38.426  -56.281  -10.076 0.0000000000
29070  -42.290  -56.962  -9.939 0.0000000000
29071  -42.583  -56.018  -10.530 0.0000000000
29077  -38.230  -57.103  -10.519 0.0000000000
29078  -39.255  -56.970  -10.909 0.0000000000
29079  -40.404  -56.914  -11.250 0.0000000000
29080  -41.247  -57.196  -11.334 0.0000000000
29081  -41.917  -56.599  -10.969 0.0000000000
29773  -32.587  -55.298  -0.244 0.0000000000
29783  -32.499  -55.437  -1.062 0.0000000000
29795  -31.856  -55.858  -2.571 0.0000000000
29796  -32.237  -55.582  -1.852 0.0000000000
29805  -31.118  -55.745  -4.138 0.0000000000
29806  -31.565  -55.317  -3.398 0.0000000000
29811  -29.627  -55.654  -5.579 0.0000000000
29812  -30.392  -55.186  -4.852 0.0000000000
29817  -28.807  -56.035  -6.678 0.0000000000
29818  -29.111  -55.607  -6.292 0.0000000000
29819  -32.602  -55.792  -5.746 0.0000000000
29820  -33.424  -55.693  -5.496 0.0000000000
29821  -34.264  -55.498  -5.601 0.0000000000
29825  -28.712  -56.047  -7.114 0.0000000000
29826  -29.017  -55.185  -6.818 0.0000000000
29827  -30.212  -55.513  -7.515 0.0000000000
29828  -30.997  -55.151  -7.071 0.0000000000
29829  -31.997  -54.947  -6.236 0.0000000000
29830  -35.072  -55.193  -6.150 0.0000000000
29831  -35.427  -55.094  -7.048 0.0000000000
29832  -40.838  -55.763  -7.013 0.0000000000
29839  -28.830  -56.274  -7.422 0.0000000000
29840  -29.054  -55.683  -7.324 0.0000000000
29841  -29.546  -55.109  -7.384 0.0000000000
29842  -35.141  -55.789  -6.968 0.0000000000
29843  -35.490  -55.329  -7.964 0.0000000000
29844  -41.176  -54.886  -7.329 0.0000000000
29845  -41.591  -55.703  -7.791 0.0000000000
29851  -35.647  -55.884  -8.687 0.0000000000
29852  -36.178  -55.240  -8.930 0.0000000000
29853  -42.330  -55.783  -8.688 0.0000000000
29854  -42.857  -55.724  -9.673 0.0000000000
29859  -36.166  -56.005  -9.151 0.0000000000
29860  -36.791  -55.803  -9.326 0.0000000000
29861  -37.668  -55.635  -9.501 0.0000000000
29862  -38.642  -55.457  -9.712 0.0000000000
29863  -39.650  -55.275  -10.039 0.0000000000
29864  -40.695  -55.121  -10.409 0.0000000000
29865  -43.065  -55.524  -10.186 0.0000000000
29866  -43.438  -54.890  -10.149 0.0000000000
29872  -39.454  -56.107  -10.455 0.0000000000
29873  -40.511  -55.954  -10.741 0.0000000000
29874  -41.491  -55.840  -10.839 0.0000000000
29875  -42.345  -55.651  -10.655 0.0000000000
29876  -43.000  -55.246  -10.390 0.0000000000
30555  -32.857  -54.608  0.042 0.0000000000
30567  -32.752  -54.678  -0.777 0.0000000000
30577  -32.060  -54.906  -2.628 0.0000000000
30578  -32.488  -54.689  -1.731 0.0000000000
30585  -31.062  -54.783  -4.190 0.0000000000
30586  -31.572  -54.406  -3.507 0.0000000000
30587  -32.041  -54.020  -2.923 0.0000000000
30592  -29.682  -54.669  -5.578 0.0000000000
30593  -30.344  -54.118  -4.897 0.0000000000
30598  -29.383  -54.397  -6.260 0.0000000000
30599  -32.759  -54.502  -5.614 0.0000000000
30600  -33.595  -54.854  -5.396 0.0000000000
30601  -34.559  -54.684  -5.506 0.0000000000
30602  -35.297  -54.341  -5.795 0.0000000000
30603  -39.521  -54.294  -5.601 0.0000000000
30604  -40.111  -54.361  -6.245 0.0000000000
30609  -29.410  -54.257  -6.706 0.0000000000
30610  -30.218  -54.583  -7.344 0.0000000000
30611  -31.090  -54.261  -6.937 0.0000000000
30612  -31.948  -53.965  -6.251 0.0000000000
30613  -35.578  -54.509  -6.631 0.0000000000
30614  -40.670  -54.422  -6.777 0.0000000000
30615  -41.122  -54.126  -7.164 0.0000000000
30623  -29.687  -54.143  -7.054 0.0000000000
30624  -35.743  -54.559  -7.666 0.0000000000
30625  -41.853  -54.199  -7.765 0.0000000000
30626  -42.852  -54.326  -8.625 0.0000000000
30631  -35.919  -54.742  -8.410 0.0000000000
30632  -36.473  -54.394  -8.769 0.0000000000
30633  -37.172  -54.118  -8.965 0.0000000000
30634  -42.090  -54.993  -8.212 0.0000000000
30635  -42.939  -55.085  -9.173 0.0000000000
30636  -43.845  -54.387  -10.074 0.0000000000
30642  -36.958  -54.958  -9.161 0.0000000000
30643  -37.881  -54.780  -9.249 0.0000000000
30644  -38.850  -54.607  -9.438 0.0000000000
30645  -39.862  -54.459  -9.708 0.0000000000
30646  -40.928  -54.334  -10.107 0.0000000000
30647  -42.038  -54.247  -10.398 0.0000000000
30648  -43.441  -55.018  -9.939 0.0000000000
30654  -41.763  -55.020  -10.593 0.0000000000
30655  -42.725  -54.833  -10.518 0.0000000000
30656  -43.518  -54.433  -10.266 0.0000000000
31355  -33.092  -53.977  -0.414 0.0000000000
31356  -33.397  -53.278  -0.032 0.0000000000
31367  -32.823  -53.942  -1.275 0.0000000000
31368  -33.203  -53.259  -0.896 0.0000000000
31377  -32.476  -53.779  -2.205 0.0000000000
31386  -31.082  -54.008  -4.192 0.0000000000
31387  -31.493  -53.448  -3.698 0.0000000000
31388  -32.121  -53.214  -2.971 0.0000000000
31393  -30.028  -53.202  -5.293 0.0000000000
31394  -30.704  -53.304  -4.521 0.0000000000
31401  -29.493  -53.587  -6.193 0.0000000000
31402  -33.962  -54.007  -5.234 0.0000000000
31403  -34.847  -53.974  -5.332 0.0000000000
31404  -35.499  -53.574  -5.512 0.0000000000
31405  -36.153  -53.148  -5.969 0.0000000000
31406  -39.448  -53.458  -5.331 0.0000000000
31407  -39.972  -53.580  -5.969 0.0000000000
31416  -29.656  -53.465  -6.542 0.0000000000
31417  -30.348  -53.738  -7.078 0.0000000000
31418  -31.174  -53.421  -6.765 0.0000000000
31419  -31.951  -53.066  -6.244 0.0000000000
31420  -35.842  -53.838  -6.255 0.0000000000
31421  -36.207  -53.361  -6.754 0.0000000000
31422  -40.659  -53.678  -6.633 0.0000000000
31423  -41.488  -53.481  -7.303 0.0000000000
31430  -29.955  -53.293  -6.780 0.0000000000
31431  -36.019  -53.906  -7.228 0.0000000000
31432  -36.315  -53.182  -7.636 0.0000000000
31433  -42.579  -53.419  -8.120 0.0000000000
31439  -36.191  -53.888  -8.186 0.0000000000
31440  -36.614  -53.077  -8.306 0.0000000000
31441  -37.295  -53.173  -8.688 0.0000000000
31442  -38.302  -53.011  -8.824 0.0000000000
31443  -43.714  -53.705  -9.154 0.0000000000
31444  -44.201  -53.802  -9.992 0.0000000000
31449  -38.081  -53.902  -9.012 0.0000000000
31450  -39.061  -53.746  -9.205 0.0000000000
31451  -40.089  -53.629  -9.481 0.0000000000
31452  -41.189  -53.572  -9.815 0.0000000000
31453  -42.334  -53.508  -10.183 0.0000000000
31454  -43.493  -53.477  -10.283 0.0000000000
31455  -44.091  -53.856  -10.129 0.0000000000
31460  -43.076  -54.094  -10.445 0.0000000000
31461  -43.790  -53.882  -10.285 0.0000000000
32249  -33.160  -52.508  -1.398 0.0000000000
32250  -33.441  -52.523  -0.556 0.0000000000
32259  -32.731  -52.424  -2.144 0.0000000000
32266  -31.057  -52.611  -4.233 0.0000000000
32267  -31.689  -52.590  -3.521 0.0000000000
32268  -32.264  -52.435  -2.865 0.0000000000
32275  -29.851  -52.541  -5.624 0.0000000000
32276  -30.303  -52.505  -4.916 0.0000000000
32277  -33.510  -51.475  -5.133 0.0000000000
32278  -34.365  -52.060  -4.724 0.0000000000
32279  -35.316  -52.275  -4.725 0.0000000000
32289  -29.589  -52.818  -6.079 0.0000000000
32290  -32.730  -52.681  -5.691 0.0000000000
32291  -33.560  -52.375  -5.175 0.0000000000
32292  -34.657  -53.088  -4.984 0.0000000000
32293  -35.784  -52.785  -5.253 0.0000000000
32294  -36.428  -52.348  -5.748 0.0000000000
32296  -39.969  -52.745  -5.670 0.0000000000
32306  -29.817  -52.839  -6.405 0.0000000000
32307  -30.502  -53.004  -6.769 0.0000000000
32308  -31.194  -52.596  -6.629 0.0000000000
32309  -31.918  -52.157  -6.313 0.0000000000
32310  -36.486  -52.598  -6.868 0.0000000000
32311  -40.418  -52.978  -6.237 0.0000000000
32312  -41.059  -52.823  -6.763 0.0000000000
32316  -30.107  -52.726  -6.569 0.0000000000
32317  -41.881  -52.717  -7.433 0.0000000000
32318  -42.709  -52.630  -8.015 0.0000000000
32323  -36.943  -52.367  -8.337 0.0000000000
32324  -37.641  -52.300  -8.567 0.0000000000
32325  -38.545  -52.164  -8.707 0.0000000000
32326  -39.465  -52.033  -8.897 0.0000000000
32327  -43.653  -52.930  -8.678 0.0000000000
32328  -44.328  -53.048  -9.677 0.0000000000
32329  -44.396  -52.443  -9.736 0.0000000000
32335  -39.287  -52.879  -9.022 0.0000000000
32336  -40.367  -52.728  -9.342 0.0000000000
32337  -41.496  -52.926  -9.681 0.0000000000
32338  -42.637  -52.655  -9.886 0.0000000000
32339  -44.175  -52.852  -10.095 0.0000000000
32340  -44.336  -53.120  -10.022 0.0000000000
32345  -44.101  -53.510  -10.183 0.0000000000
33206  -33.652  -51.749  -0.226 0.0000000000
33217  -33.404  -51.764  -1.150 0.0000000000
33225  -32.498  -51.565  -2.608 0.0000000000
33231  -30.409  -51.180  -4.737 0.0000000000
33232  -31.133  -51.266  -4.107 0.0000000000
33233  -31.817  -51.803  -3.411 0.0000000000
33242  -29.841  -52.087  -5.849 0.0000000000
33243  -30.159  -51.681  -5.274 0.0000000000
33244  -34.257  -51.247  -4.612 0.0000000000
33245  -34.959  -51.685  -4.490 0.0000000000
33246  -35.630  -51.659  -4.573 0.0000000000
33247  -36.260  -51.151  -4.583 0.0000000000
33257  -29.767  -52.400  -6.142 0.0000000000
33258  -29.964  -51.943  -6.139 0.0000000000
33259  -32.617  -51.619  -5.852 0.0000000000
33260  -32.867  -50.736  -5.688 0.0000000000
33261  -36.116  -52.013  -4.971 0.0000000000
33262  -39.985  -51.762  -5.363 0.0000000000
33263  -40.549  -51.332  -5.867 0.0000000000
33271  -29.984  -52.430  -6.391 0.0000000000
33272  -30.371  -52.283  -6.486 0.0000000000
33273  -31.119  -51.745  -6.512 0.0000000000
33274  -31.789  -51.395  -6.341 0.0000000000
33275  -36.811  -51.615  -6.699 0.0000000000
33276  -41.099  -51.326  -6.455 0.0000000000
33277  -41.844  -51.325  -7.172 0.0000000000
33283  -30.157  -52.495  -6.494 0.0000000000
33284  -36.979  -51.245  -7.687 0.0000000000
33285  -37.312  -51.012  -8.164 0.0000000000
33286  -42.819  -51.405  -7.808 0.0000000000
33287  -44.065  -51.495  -8.560 0.0000000000
33293  -36.863  -51.750  -8.048 0.0000000000
33294  -37.218  -51.750  -8.308 0.0000000000
33295  -37.860  -51.510  -8.516 0.0000000000
33296  -38.779  -51.349  -8.664 0.0000000000
33297  -44.261  -52.420  -8.924 0.0000000000
33298  -44.580  -51.700  -9.351 0.0000000000
33299  -44.741  -50.947  -9.253 0.0000000000
33305  -39.692  -51.250  -8.896 0.0000000000
33306  -40.648  -51.296  -9.234 0.0000000000
33307  -43.431  -51.883  -9.798 0.0000000000
33308  -44.251  -51.978  -9.909 0.0000000000
34238  -33.896  -50.212  -0.503 0.0000000000
34249  -32.969  -50.035  -2.087 0.0000000000
34250  -33.626  -50.971  -0.849 0.0000000000
34257  -31.093  -49.708  -3.913 0.0000000000
34258  -31.824  -49.972  -3.304 0.0000000000
34259  -32.482  -50.554  -2.650 0.0000000000
34267  -30.506  -49.879  -4.578 0.0000000000
34268  -31.151  -50.410  -3.963 0.0000000000
34269  -31.857  -50.933  -3.357 0.0000000000
34270  -36.264  -49.894  -3.922 0.0000000000
34280  -30.194  -50.622  -5.062 0.0000000000
34281  -34.114  -50.340  -4.538 0.0000000000
34282  -35.894  -50.443  -4.028 0.0000000000
34283  -36.586  -50.258  -4.436 0.0000000000
34293  -30.503  -50.578  -5.864 0.0000000000
34294  -31.235  -49.965  -6.068 0.0000000000
34295  -32.334  -49.948  -5.952 0.0000000000
34296  -33.158  -50.075  -5.348 0.0000000000
34297  -36.949  -50.613  -5.270 0.0000000000
34298  -37.297  -50.020  -5.985 0.0000000000
34300  -40.372  -50.230  -5.450 0.0000000000
34309  -30.412  -51.409  -6.176 0.0000000000
34310  -31.122  -50.903  -6.325 0.0000000000
34311  -32.044  -50.709  -6.239 0.0000000000
34312  -37.097  -50.856  -7.139 0.0000000000
34313  -37.260  -50.185  -6.967 0.0000000000
34314  -40.789  -50.568  -6.042 0.0000000000
34315  -41.522  -50.612  -6.751 0.0000000000
34320  -37.256  -50.460  -7.754 0.0000000000
34321  -42.341  -50.669  -7.395 0.0000000000
34322  -43.208  -50.822  -7.941 0.0000000000
34323  -43.945  -50.650  -8.362 0.0000000000
34328  -38.103  -50.667  -8.502 0.0000000000
34329  -39.106  -50.540  -8.711 0.0000000000
34330  -44.947  -50.892  -8.960 0.0000000000
34331  -45.131  -50.447  -9.089 0.0000000000
34332  -45.097  -50.389  -9.220 0.0000000000
34339  -40.073  -50.517  -9.024 0.0000000000
34340  -41.185  -50.533  -9.350 0.0000000000
34341  -44.804  -50.495  -9.355 0.0000000000
35248  -34.191  -49.508  -0.203 0.0000000000
35256  -33.295  -49.379  -1.664 0.0000000000
35257  -33.784  -49.437  -0.936 0.0000000000
35265  -31.378  -49.149  -3.565 0.0000000000
35266  -32.093  -49.189  -2.918 0.0000000000
35267  -32.734  -49.295  -2.289 0.0000000000
35276  -30.750  -49.115  -4.207 0.0000000000
35277  -36.158  -49.246  -3.673 0.0000000000
35287  -30.400  -49.062  -4.790 0.0000000000
35288  -33.472  -49.460  -4.899 0.0000000000
35289  -34.329  -49.492  -4.237 0.0000000000
35290  -35.221  -49.391  -3.734 0.0000000000
35291  -36.776  -49.504  -4.192 0.0000000000
35292  -37.249  -48.861  -4.683 0.0000000000
35294  -40.364  -49.415  -5.326 0.0000000000
35299  -30.379  -49.040  -5.138 0.0000000000
35300  -30.918  -49.099  -5.601 0.0000000000
35301  -31.805  -49.157  -5.890 0.0000000000
35302  -32.690  -49.281  -5.565 0.0000000000
35303  -37.168  -49.780  -4.996 0.0000000000
35304  -37.375  -49.201  -5.737 0.0000000000
35305  -40.930  -49.190  -5.951 0.0000000000
35314  -37.382  -49.412  -6.698 0.0000000000
35315  -40.723  -49.838  -5.842 0.0000000000
35316  -41.302  -49.801  -6.425 0.0000000000
35317  -41.994  -49.347  -6.945 0.0000000000
35322  -37.432  -49.634  -7.544 0.0000000000
35323  -41.957  -50.043  -7.079 0.0000000000
35324  -42.992  -49.917  -7.663 0.0000000000
35325  -44.404  -50.057  -8.451 0.0000000000
35326  -45.365  -50.205  -9.015 0.0000000000
35331  -37.663  -49.958  -8.178 0.0000000000
35332  -38.494  -49.823  -8.547 0.0000000000
35333  -39.534  -49.697  -8.848 0.0000000000
35334  -45.314  -50.058  -9.120 0.0000000000
35340  -40.415  -49.899  -9.159 0.0000000000
35341  -41.146  -49.640  -9.359 0.0000000000
35342  -42.139  -49.491  -9.528 0.0000000000
35343  -43.349  -49.586  -9.657 0.0000000000
35344  -44.550  -49.737  -9.575 0.0000000000
35345  -45.151  -49.966  -9.307 0.0000000000
36169  -34.096  -48.790  -0.555 0.0000000000
36170  -34.394  -48.853  0.113 0.0000000000
36178  -32.936  -48.072  -1.918 0.0000000000
36179  -33.547  -48.580  -1.298 0.0000000000
36186  -30.928  -48.550  -3.852 0.0000000000
36187  -31.587  -48.321  -3.215 0.0000000000
36188  -32.442  -48.560  -2.466 0.0000000000
36197  -30.572  -48.373  -4.378 0.0000000000
36198  -36.301  -48.242  -3.560 0.0000000000
36199  -36.823  -48.796  -3.932 0.0000000000
36207  -30.414  -48.225  -4.832 0.0000000000
36208  -33.553  -48.226  -4.584 0.0000000000
36209  -34.481  -48.660  -3.945 0.0000000000
36210  -35.484  -48.730  -3.576 0.0000000000
36211  -37.128  -48.019  -4.100 0.0000000000
36212  -37.439  -48.322  -5.592 0.0000000000
36220  -30.709  -48.347  -5.265 0.0000000000
36221  -31.399  -48.408  -5.586 0.0000000000
36222  -32.302  -48.509  -5.590 0.0000000000
36223  -33.086  -48.693  -5.159 0.0000000000
36224  -40.688  -48.546  -5.539 0.0000000000
36225  -41.275  -48.504  -6.099 0.0000000000
36232  -37.483  -48.063  -6.620 0.0000000000
36233  -41.911  -48.586  -6.642 0.0000000000
36238  -37.522  -48.732  -7.290 0.0000000000
36239  -42.686  -48.822  -7.253 0.0000000000
36240  -43.779  -49.123  -7.860 0.0000000000
36241  -45.010  -49.415  -8.549 0.0000000000
36244  -37.893  -48.362  -8.002 0.0000000000
36245  -38.582  -48.384  -8.453 0.0000000000
36246  -39.555  -48.849  -8.856 0.0000000000
36247  -45.708  -49.458  -9.060 0.0000000000
36248  -45.973  -48.863  -9.158 0.0000000000
36249  -46.400  -48.242  -9.301 0.0000000000
36254  -40.212  -48.401  -9.064 0.0000000000
36255  -41.206  -48.736  -9.367 0.0000000000
36256  -42.444  -48.762  -9.562 0.0000000000
36257  -43.632  -48.914  -9.693 0.0000000000
36258  -44.631  -48.976  -9.672 0.0000000000
36259  -45.386  -48.883  -9.550 0.0000000000
36260  -45.925  -48.631  -9.430 0.0000000000
37052  -34.579  -48.126  0.447 0.0000000000
37063  -33.992  -48.024  -0.722 0.0000000000
37064  -34.340  -48.296  -0.195 0.0000000000
37072  -32.792  -47.213  -1.918 0.0000000000
37073  -33.466  -47.632  -1.323 0.0000000000
37084  -30.415  -46.882  -3.737 0.0000000000
37085  -31.336  -47.328  -3.191 0.0000000000
37086  -32.199  -47.714  -2.538 0.0000000000
37094  -30.266  -47.186  -4.104 0.0000000000
37095  -34.916  -47.165  -3.468 0.0000000000
37096  -35.900  -47.351  -3.343 0.0000000000
37097  -36.658  -47.422  -3.647 0.0000000000
37106  -30.413  -47.454  -4.568 0.0000000000
37107  -32.432  -47.186  -5.061 0.0000000000
37108  -33.287  -47.421  -4.613 0.0000000000
37109  -34.166  -47.746  -3.966 0.0000000000
37110  -35.206  -48.003  -3.520 0.0000000000
37111  -37.117  -46.876  -4.106 0.0000000000
37112  -37.405  -47.618  -4.874 0.0000000000
37120  -30.581  -47.731  -5.029 0.0000000000
37121  -31.012  -47.704  -5.297 0.0000000000
37122  -31.866  -47.761  -5.461 0.0000000000
37123  -32.769  -47.941  -5.180 0.0000000000
37124  -37.460  -47.458  -5.933 0.0000000000
37126  -41.150  -47.730  -5.695 0.0000000000
37135  -37.516  -47.302  -6.819 0.0000000000
37136  -41.721  -47.979  -6.295 0.0000000000
37137  -42.524  -47.914  -6.766 0.0000000000
37138  -42.736  -47.132  -6.481 0.0000000000
37143  -37.642  -47.841  -7.386 0.0000000000
37144  -43.341  -48.304  -7.377 0.0000000000
37145  -43.545  -47.471  -7.098 0.0000000000
37146  -45.546  -48.012  -8.282 0.0000000000
37147  -46.036  -47.376  -8.248 0.0000000000
37152  -38.016  -47.467  -7.931 0.0000000000
37153  -38.722  -47.499  -8.407 0.0000000000
37154  -39.474  -47.323  -8.674 0.0000000000
37155  -40.032  -46.907  -8.817 0.0000000000
37156  -46.179  -48.752  -8.972 0.0000000000
37157  -46.508  -48.012  -8.861 0.0000000000
37158  -46.957  -47.541  -9.190 0.0000000000
37159  -47.302  -46.914  -9.520 0.0000000000
37163  -39.386  -48.103  -8.730 0.0000000000
37164  -40.704  -47.279  -9.081 0.0000000000
37165  -41.708  -47.902  -9.408 0.0000000000
37166  -42.887  -48.102  -9.604 0.0000000000
37167  -43.501  -47.580  -9.635 0.0000000000
37168  -45.466  -48.167  -9.774 0.0000000000
37169  -46.192  -47.928  -9.673 0.0000000000
37170  -46.793  -47.488  -9.589 0.0000000000
37987  -33.956  -47.207  -0.748 0.0000000000
37988  -34.384  -47.646  -0.188 0.0000000000
37996  -30.679  -45.712  -2.823 0.0000000000
37997  -31.700  -46.028  -2.388 0.0000000000
37998  -32.605  -46.342  -1.860 0.0000000000
37999  -33.373  -46.739  -1.320 0.0000000000
38006  -30.226  -46.038  -3.534 0.0000000000
38007  -31.044  -46.480  -3.067 0.0000000000
38008  -31.984  -46.843  -2.509 0.0000000000
38015  -30.065  -46.465  -3.987 0.0000000000
38016  -33.600  -46.121  -3.859 0.0000000000
38017  -34.647  -46.344  -3.443 0.0000000000
38018  -35.583  -46.545  -3.310 0.0000000000
38019  -36.418  -46.650  -3.501 0.0000000000
38026  -30.247  -46.087  -4.276 0.0000000000
38027  -31.059  -46.339  -4.834 0.0000000000
38028  -32.085  -46.436  -4.925 0.0000000000
38029  -33.009  -46.637  -4.564 0.0000000000
38030  -33.884  -46.911  -3.940 0.0000000000
38031  -37.404  -46.745  -5.217 0.0000000000
38041  -30.657  -47.033  -4.819 0.0000000000
38042  -31.449  -47.057  -5.158 0.0000000000
38045  -42.424  -46.474  -5.897 0.0000000000
38046  -43.147  -45.967  -5.996 0.0000000000
38056  -37.600  -46.619  -7.075 0.0000000000
38057  -44.224  -46.760  -7.008 0.0000000000
38058  -44.939  -46.204  -7.001 0.0000000000
38059  -45.580  -45.543  -7.010 0.0000000000
38064  -37.947  -46.712  -7.686 0.0000000000
38065  -38.406  -46.189  -7.946 0.0000000000
38066  -44.564  -47.510  -7.545 0.0000000000
38067  -45.197  -47.053  -7.601 0.0000000000
38068  -46.011  -46.521  -7.744 0.0000000000
38069  -47.056  -46.369  -8.381 0.0000000000
38074  -38.416  -46.859  -8.136 0.0000000000
38075  -39.172  -46.514  -8.415 0.0000000000
38076  -41.721  -46.653  -9.132 0.0000000000
38077  -42.543  -46.478  -9.192 0.0000000000
38078  -46.816  -47.219  -8.651 0.0000000000
38079  -47.445  -46.832  -9.098 0.0000000000
38080  -47.784  -46.235  -9.605 0.0000000000
38086  -41.385  -47.179  -9.231 0.0000000000
38087  -43.531  -46.804  -9.504 0.0000000000
38088  -45.532  -47.366  -9.932 0.0000000000
38089  -46.436  -47.170  -9.921 0.0000000000
38090  -47.106  -46.772  -9.866 0.0000000000
38827  -34.803  -45.498  0.379 0.0000000000
38842  -32.748  -44.770  -1.365 0.0000000000
38843  -33.640  -44.963  -0.842 0.0000000000
38844  -34.435  -46.008  -0.182 0.0000000000
38854  -30.374  -44.945  -2.564 0.0000000000
38855  -31.379  -45.267  -2.234 0.0000000000
38856  -32.301  -45.504  -1.798 0.0000000000
38857  -33.274  -45.749  -1.262 0.0000000000
38865  -29.941  -45.274  -3.168 0.0000000000
38874  -29.673  -44.852  -3.356 0.0000000000
38875  -29.991  -45.609  -3.710 0.0000000000
38876  -32.374  -45.213  -4.150 0.0000000000
38877  -33.282  -45.377  -3.732 0.0000000000
38878  -34.449  -45.437  -3.293 0.0000000000
38879  -35.514  -45.183  -3.232 0.0000000000
38880  -36.215  -45.105  -3.584 0.0000000000
38890  -29.963  -45.134  -3.809 0.0000000000
38891  -30.876  -45.696  -4.568 0.0000000000
38892  -31.753  -45.745  -4.678 0.0000000000
38893  -32.698  -45.908  -4.416 0.0000000000
38894  -37.161  -45.809  -4.724 0.0000000000
38904  -36.951  -44.810  -5.232 0.0000000000
38905  -37.255  -45.330  -5.833 0.0000000000
38907  -43.445  -45.336  -5.706 0.0000000000
38908  -44.245  -45.091  -5.988 0.0000000000
38915  -37.438  -44.935  -6.615 0.0000000000
38916  -43.986  -45.900  -6.385 0.0000000000
38917  -44.758  -45.509  -6.509 0.0000000000
38921  -37.855  -46.019  -7.417 0.0000000000
38922  -38.841  -45.595  -7.984 0.0000000000
38923  -39.286  -44.974  -7.915 0.0000000000
38924  -46.446  -45.795  -7.650 0.0000000000
38925  -47.296  -45.411  -8.133 0.0000000000
38926  -48.118  -45.340  -8.845 0.0000000000
38932  -39.653  -45.661  -8.312 0.0000000000
38933  -40.547  -45.726  -8.543 0.0000000000
38934  -41.609  -45.907  -8.773 0.0000000000
38935  -42.516  -45.795  -8.831 0.0000000000
38936  -44.152  -45.443  -9.035 0.0000000000
38937  -47.850  -46.060  -8.935 0.0000000000
38938  -48.209  -45.448  -9.459 0.0000000000
38943  -43.352  -46.045  -9.170 0.0000000000
38944  -46.563  -46.244  -10.049 0.0000000000
38945  -47.520  -46.020  -10.044 0.0000000000
38946  -48.082  -45.369  -9.997 0.0000000000
39670  -34.709  -44.621  0.177 0.0000000000
39688  -30.966  -43.735  -1.715 0.0000000000
39689  -31.913  -44.244  -1.563 0.0000000000
39690  -33.301  -44.143  -0.912 0.0000000000
39691  -34.118  -44.351  -0.437 0.0000000000
39700  -30.150  -44.167  -2.293 0.0000000000
39701  -31.127  -44.547  -1.997 0.0000000000
39702  -31.920  -44.865  -1.776 0.0000000000
39710  -29.235  -43.726  -2.885 0.0000000000
39711  -29.565  -44.441  -2.863 0.0000000000
39719  -29.358  -44.127  -3.168 0.0000000000
39720  -30.869  -44.433  -4.097 0.0000000000
39721  -32.120  -44.359  -3.786 0.0000000000
39722  -33.864  -44.642  -3.244 0.0000000000
39723  -34.860  -44.501  -3.068 0.0000000000
39724  -35.682  -44.392  -3.432 0.0000000000
39725  -36.275  -44.269  -3.998 0.0000000000
39737  -29.712  -44.490  -3.512 0.0000000000
39738  -30.059  -44.539  -3.848 0.0000000000
39739  -31.384  -45.090  -4.368 0.0000000000
39742  -43.187  -44.040  -4.786 0.0000000000
39751  -36.572  -44.135  -4.904 0.0000000000
39752  -42.911  -44.858  -5.128 0.0000000000
39753  -43.713  -44.593  -5.421 0.0000000000
39754  -44.484  -44.384  -5.731 0.0000000000
39755  -45.171  -44.028  -6.009 0.0000000000
39764  -36.798  -44.020  -5.911 0.0000000000
39765  -37.324  -44.051  -6.630 0.0000000000
39766  -45.110  -44.837  -6.353 0.0000000000
39767  -45.937  -44.336  -6.691 0.0000000000
39772  -37.755  -44.560  -7.103 0.0000000000
39773  -38.433  -44.767  -7.534 0.0000000000
39774  -39.702  -44.360  -7.667 0.0000000000
39775  -40.639  -44.495  -7.801 0.0000000000
39776  -41.543  -44.510  -7.843 0.0000000000
39777  -42.515  -44.445  -7.858 0.0000000000
39778  -43.234  -44.072  -7.691 0.0000000000
39779  -46.300  -45.066  -7.259 0.0000000000
39780  -46.947  -44.453  -7.500 0.0000000000
39781  -47.917  -44.596  -8.411 0.0000000000
39785  -40.136  -45.020  -8.160 0.0000000000
39786  -41.079  -45.107  -8.298 0.0000000000
39787  -42.127  -45.137  -8.395 0.0000000000
39788  -43.437  -44.700  -8.285 0.0000000000
39789  -44.520  -44.571  -8.613 0.0000000000
39790  -45.646  -44.347  -9.166 0.0000000000
39791  -48.453  -44.669  -9.259 0.0000000000
39792  -48.451  -44.651  -9.856 0.0000000000
39796  -45.314  -45.864  -9.671 0.0000000000
39797  -46.021  -45.254  -9.765 0.0000000000
39798  -47.137  -45.345  -10.148 0.0000000000
39799  -48.278  -44.552  -10.145 0.0000000000
40538  -34.628  -43.688  0.007 0.0000000000
40555  -29.549  -42.748  -1.893 0.0000000000
40556  -31.309  -42.983  -1.473 0.0000000000
40557  -31.994  -43.528  -1.389 0.0000000000
40558  -32.899  -43.280  -1.081 0.0000000000
40559  -33.842  -43.489  -0.605 0.0000000000
40572  -29.150  -43.068  -2.540 0.0000000000
40573  -29.841  -43.447  -2.063 0.0000000000
40586  -29.079  -43.256  -3.077 0.0000000000
40592  -29.614  -43.848  -3.476 0.0000000000
40593  -30.133  -43.254  -3.619 0.0000000000
40594  -31.327  -43.511  -3.661 0.0000000000
40595  -32.678  -43.366  -3.300 0.0000000000
40596  -33.707  -43.261  -3.099 0.0000000000
40597  -35.779  -43.592  -3.881 0.0000000000
40609  -30.317  -43.938  -3.830 0.0000000000
40610  -35.719  -42.929  -4.581 0.0000000000
40611  -36.151  -43.467  -4.722 0.0000000000
40612  -42.968  -43.324  -4.287 0.0000000000
40613  -43.707  -43.303  -4.745 0.0000000000
40614  -44.393  -43.261  -5.209 0.0000000000
40623  -36.429  -43.298  -5.715 0.0000000000
40624  -44.019  -43.881  -5.236 0.0000000000
40625  -45.062  -43.317  -5.675 0.0000000000
40630  -36.862  -43.253  -6.414 0.0000000000
40631  -37.452  -43.234  -6.793 0.0000000000
40632  -38.185  -43.183  -7.007 0.0000000000
40633  -39.064  -43.193  -6.878 0.0000000000
40634  -40.543  -43.464  -6.873 0.0000000000
40635  -41.421  -43.451  -6.812 0.0000000000
40636  -42.193  -43.320  -6.782 0.0000000000
40637  -42.860  -43.133  -6.864 0.0000000000
40638  -45.776  -43.432  -6.286 0.0000000000
40639  -46.655  -43.579  -6.980 0.0000000000
40645  -37.968  -43.901  -7.147 0.0000000000
40646  -38.813  -43.911  -7.364 0.0000000000
40647  -39.686  -43.661  -7.188 0.0000000000
40648  -41.065  -43.958  -7.365 0.0000000000
40649  -41.902  -43.906  -7.318 0.0000000000
40650  -42.700  -43.709  -7.296 0.0000000000
40651  -43.527  -43.335  -7.323 0.0000000000
40652  -44.360  -43.301  -7.692 0.0000000000
40653  -47.649  -43.699  -7.861 0.0000000000
40659  -44.008  -44.006  -7.911 0.0000000000
40660  -44.898  -43.735  -8.308 0.0000000000
40661  -45.879  -43.318  -8.796 0.0000000000
40662  -46.851  -42.895  -9.588 0.0000000000
40663  -48.529  -43.800  -8.903 0.0000000000
40664  -48.705  -43.830  -9.735 0.0000000000
40670  -46.695  -43.826  -9.705 0.0000000000
40671  -47.679  -43.334  -10.211 0.0000000000
40672  -48.391  -43.657  -10.226 0.0000000000
40673  -48.590  -43.936  -10.038 0.0000000000
41434  -34.203  -41.998  -0.446 0.0000000000
41435  -34.896  -42.157  0.238 0.0000000000
41448  -29.399  -42.103  -1.808 0.0000000000
41449  -30.497  -42.334  -1.570 0.0000000000
41450  -31.692  -42.261  -1.379 0.0000000000
41451  -32.724  -42.261  -1.146 0.0000000000
41452  -33.595  -42.618  -0.753 0.0000000000
41453  -34.396  -42.821  -0.282 0.0000000000
41470  -28.997  -42.242  -2.201 0.0000000000
41487  -28.887  -42.400  -2.706 0.0000000000
41503  -29.043  -42.454  -3.092 0.0000000000
41504  -29.788  -42.456  -3.409 0.0000000000
41505  -30.983  -42.553  -3.477 0.0000000000
41506  -32.197  -42.552  -3.323 0.0000000000
41507  -33.486  -42.385  -3.274 0.0000000000
41508  -34.522  -42.842  -3.338 0.0000000000
41509  -35.311  -42.866  -3.889 0.0000000000
41524  -34.822  -41.457  -4.787 0.0000000000
41525  -35.397  -42.100  -5.004 0.0000000000
41526  -35.972  -42.623  -5.488 0.0000000000
41527  -43.414  -42.655  -4.295 0.0000000000
41528  -44.128  -42.625  -4.779 0.0000000000
41535  -35.901  -41.797  -5.840 0.0000000000
41536  -36.504  -42.471  -6.175 0.0000000000
41537  -38.253  -42.229  -6.071 0.0000000000
41538  -39.054  -42.311  -5.795 0.0000000000
41539  -39.984  -42.362  -5.677 0.0000000000
41540  -41.991  -42.152  -5.906 0.0000000000
41541  -44.815  -42.610  -5.312 0.0000000000
41542  -45.568  -42.636  -5.863 0.0000000000
41543  -46.095  -41.790  -6.049 0.0000000000
41548  -37.001  -42.722  -6.570 0.0000000000
41549  -37.639  -42.563  -6.571 0.0000000000
41550  -38.584  -42.676  -6.496 0.0000000000
41551  -39.464  -42.740  -6.306 0.0000000000
41552  -40.317  -42.875  -6.272 0.0000000000
41553  -41.708  -42.852  -6.336 0.0000000000
41554  -42.487  -42.627  -6.449 0.0000000000
41555  -43.304  -42.520  -6.759 0.0000000000
41556  -46.464  -42.634  -6.551 0.0000000000
41562  -44.237  -42.481  -7.297 0.0000000000
41563  -45.117  -41.967  -7.724 0.0000000000
41564  -47.336  -42.820  -7.337 0.0000000000
41565  -48.346  -42.839  -8.386 0.0000000000
41566  -48.865  -41.942  -9.069 0.0000000000
41573  -45.117  -42.843  -7.971 0.0000000000
41574  -46.042  -42.261  -8.626 0.0000000000
41575  -47.180  -42.009  -9.659 0.0000000000
41576  -48.871  -42.875  -9.563 0.0000000000
41581  -48.205  -41.921  -10.237 0.0000000000
41582  -48.817  -41.993  -10.143 0.0000000000
41583  -49.050  -42.006  -9.921 0.0000000000
42338  -34.608  -41.294  -0.117 0.0000000000
42348  -29.976  -41.501  -1.585 0.0000000000
42349  -31.143  -41.542  -1.408 0.0000000000
42359  -29.048  -41.520  -1.918 0.0000000000
42368  -28.870  -41.583  -2.280 0.0000000000
42375  -28.901  -41.622  -2.770 0.0000000000
42376  -29.495  -41.503  -3.211 0.0000000000
42377  -30.656  -41.719  -3.374 0.0000000000
42378  -31.780  -41.776  -3.368 0.0000000000
42379  -33.068  -40.889  -3.677 0.0000000000
42380  -33.654  -41.404  -3.689 0.0000000000
42382  -43.488  -41.213  -3.796 0.0000000000
42387  -33.680  -40.697  -4.139 0.0000000000
42388  -34.234  -41.014  -4.449 0.0000000000
42389  -37.943  -41.365  -4.954 0.0000000000
42390  -38.898  -41.350  -4.592 0.0000000000
42391  -39.856  -41.240  -4.512 0.0000000000
42392  -40.767  -41.050  -4.699 0.0000000000
42393  -41.559  -40.969  -5.135 0.0000000000
42394  -43.808  -41.901  -4.350 0.0000000000
42395  -44.558  -41.860  -4.874 0.0000000000
42396  -45.103  -41.010  -5.012 0.0000000000
42403  -34.781  -40.735  -5.115 0.0000000000
42404  -35.359  -41.216  -5.422 0.0000000000
42405  -36.543  -41.755  -6.067 0.0000000000
42406  -37.491  -41.843  -5.978 0.0000000000
42407  -38.528  -41.822  -5.410 0.0000000000
42408  -39.472  -41.817  -5.153 0.0000000000
42409  -40.537  -41.722  -5.171 0.0000000000
42410  -41.447  -41.673  -5.446 0.0000000000
42411  -42.176  -41.337  -5.644 0.0000000000
42412  -45.313  -41.830  -5.437 0.0000000000
42413  -45.901  -40.935  -5.572 0.0000000000
42414  -46.704  -40.827  -6.183 0.0000000000
42422  -36.959  -42.224  -6.415 0.0000000000
42423  -42.856  -41.706  -6.239 0.0000000000
42424  -43.788  -41.671  -6.767 0.0000000000
42425  -44.241  -40.909  -7.108 0.0000000000
42426  -47.528  -40.814  -6.853 0.0000000000
42427  -48.147  -40.804  -7.531 0.0000000000
42434  -45.689  -41.355  -8.282 0.0000000000
42435  -48.631  -41.070  -8.403 0.0000000000
42436  -48.840  -41.236  -9.440 0.0000000000
42440  -46.582  -41.339  -9.103 0.0000000000
42441  -47.650  -41.167  -9.837 0.0000000000
42442  -48.747  -41.324  -9.879 0.0000000000
42443  -48.400  -41.220  -10.008 0.0000000000
43173  -34.207  -40.697  -0.368 0.0000000000
43174  -34.855  -40.371  0.245 0.0000000000
43182  -29.508  -40.716  -1.630 0.0000000000
43183  -30.708  -40.650  -1.350 0.0000000000
43184  -32.577  -40.184  -0.872 0.0000000000
43194  -28.853  -40.617  -1.972 0.0000000000
43205  -28.808  -40.778  -2.362 0.0000000000
43212  -29.149  -40.694  -2.883 0.0000000000
43213  -30.038  -40.451  -3.264 0.0000000000
43214  -31.197  -40.301  -3.462 0.0000000000
43215  -32.325  -40.354  -3.675 0.0000000000
43216  -33.282  -40.154  -4.147 0.0000000000
43217  -36.835  -40.324  -4.118 0.0000000000
43218  -37.756  -40.303  -3.617 0.0000000000
43219  -38.684  -40.119  -3.419 0.0000000000
43220  -39.500  -40.078  -3.575 0.0000000000
43222  -43.878  -40.395  -3.736 0.0000000000
43228  -34.120  -40.239  -4.732 0.0000000000
43229  -34.814  -40.175  -5.115 0.0000000000
43230  -35.858  -40.309  -4.937 0.0000000000
43231  -37.412  -40.812  -4.526 0.0000000000
43232  -38.334  -40.826  -4.093 0.0000000000
43233  -39.245  -40.721  -3.956 0.0000000000
43234  -40.201  -40.429  -4.083 0.0000000000
43235  -41.117  -40.382  -4.625 0.0000000000
43236  -44.497  -40.117  -4.136 0.0000000000
43237  -45.052  -40.211  -4.596 0.0000000000
43244  -35.299  -40.594  -5.307 0.0000000000
43245  -35.970  -41.063  -5.648 0.0000000000
43246  -36.930  -41.247  -5.492 0.0000000000
43247  -42.230  -40.515  -5.525 0.0000000000
43248  -45.790  -40.137  -5.110 0.0000000000
43249  -46.645  -39.927  -5.634 0.0000000000
43254  -42.749  -40.821  -5.945 0.0000000000
43255  -43.450  -40.673  -6.523 0.0000000000
43256  -47.359  -39.873  -6.340 0.0000000000
43257  -47.969  -40.091  -7.174 0.0000000000
43261  -43.965  -40.094  -7.224 0.0000000000
43262  -44.635  -40.335  -7.757 0.0000000000
43263  -45.394  -40.546  -8.355 0.0000000000
43264  -48.323  -40.098  -7.867 0.0000000000
43265  -48.578  -40.464  -8.694 0.0000000000
43268  -44.971  -39.651  -8.704 0.0000000000
43269  -45.995  -39.949  -9.231 0.0000000000
43270  -46.940  -40.433  -9.506 0.0000000000
43271  -48.520  -40.628  -9.492 0.0000000000
43272  -46.868  -39.529  -9.583 0.0000000000
43273  -47.758  -40.414  -9.741 0.0000000000
43274  -48.251  -40.582  -9.729 0.0000000000
44002  -34.161  -38.890  0.062 0.0000000000
44003  -34.671  -39.525  0.265 0.0000000000
44004  -35.341  -39.532  0.800 0.0000000000
44011  -28.959  -39.078  -1.550 0.0000000000
44012  -29.889  -39.182  -1.189 0.0000000000
44013  -30.811  -39.690  -1.111 0.0000000000
44014  -33.098  -39.734  -0.609 0.0000000000
44021  -28.680  -39.624  -1.909 0.0000000000
44034  -28.533  -39.206  -2.022 0.0000000000
44035  -28.886  -39.893  -2.434 0.0000000000
44036  -36.748  -39.192  -2.901 0.0000000000
44037  -37.454  -39.186  -2.767 0.0000000000
44038  -37.969  -38.772  -2.624 0.0000000000
44052  -28.851  -39.064  -2.377 0.0000000000
44053  -32.789  -39.532  -4.069 0.0000000000
44054  -34.684  -39.164  -4.185 0.0000000000
44055  -35.448  -39.286  -3.816 0.0000000000
44056  -36.194  -39.679  -3.791 0.0000000000
44057  -37.192  -39.751  -3.259 0.0000000000
44058  -38.073  -39.564  -2.984 0.0000000000
44059  -39.226  -39.421  -3.265 0.0000000000
44060  -40.027  -39.539  -3.669 0.0000000000
44062  -45.000  -38.790  -3.490 0.0000000000
44063  -45.745  -38.501  -3.858 0.0000000000
44068  -33.146  -38.869  -4.235 0.0000000000
44069  -33.638  -39.532  -4.445 0.0000000000
44070  -34.383  -39.626  -4.715 0.0000000000
44071  -35.230  -39.746  -4.657 0.0000000000
44072  -40.765  -39.653  -4.267 0.0000000000
44073  -41.474  -39.684  -4.869 0.0000000000
44074  -45.192  -39.372  -4.130 0.0000000000
44075  -46.103  -38.728  -4.431 0.0000000000
44076  -46.570  -38.382  -4.917 0.0000000000
44080  -42.072  -39.728  -5.473 0.0000000000
44081  -42.788  -39.831  -6.187 0.0000000000
44082  -46.517  -39.184  -5.029 0.0000000000
44083  -47.075  -39.100  -5.671 0.0000000000
44089  -43.092  -39.298  -6.960 0.0000000000
44090  -43.426  -39.818  -6.819 0.0000000000
44091  -47.448  -39.487  -6.655 0.0000000000
44092  -48.000  -39.816  -7.494 0.0000000000
44096  -43.037  -38.832  -7.456 0.0000000000
44097  -44.149  -39.094  -8.522 0.0000000000
44098  -47.690  -39.273  -8.897 0.0000000000
44099  -48.233  -39.842  -8.468 0.0000000000
44100  -48.444  -40.167  -9.093 0.0000000000
44104  -44.237  -38.349  -9.149 0.0000000000
44105  -44.835  -38.931  -9.168 0.0000000000
44106  -45.730  -39.135  -9.441 0.0000000000
44107  -47.389  -39.148  -9.371 0.0000000000
44108  -48.111  -39.881  -9.370 0.0000000000
44109  -45.417  -38.366  -9.507 0.0000000000
44110  -46.433  -38.624  -9.530 0.0000000000
44111  -47.594  -39.766  -9.523 0.0000000000
44826  -34.000  -37.968  -0.009 0.0000000000
44827  -34.801  -38.298  0.416 0.0000000000
44828  -35.429  -38.643  0.835 0.0000000000
44835  -28.718  -38.247  -1.644 0.0000000000
44836  -30.088  -38.299  -0.904 0.0000000000
44837  -30.937  -38.761  -0.779 0.0000000000
44838  -31.575  -38.189  -0.574 0.0000000000
44839  -32.424  -38.135  -0.450 0.0000000000
44840  -33.332  -38.460  -0.281 0.0000000000
44847  -28.394  -38.234  -1.977 0.0000000000
44854  -35.791  -38.380  -2.742 0.0000000000
44855  -36.450  -38.655  -2.699 0.0000000000
44856  -37.181  -38.520  -2.539 0.0000000000
44857  -37.797  -38.081  -2.512 0.0000000000
44859  -45.291  -37.587  -2.896 0.0000000000
44870  -28.387  -37.893  -2.057 0.0000000000
44871  -28.944  -38.153  -2.459 0.0000000000
44872  -29.951  -38.085  -2.986 0.0000000000
44873  -32.438  -38.430  -3.927 0.0000000000
44874  -33.231  -38.187  -3.889 0.0000000000
44875  -34.147  -38.477  -3.800 0.0000000000
44876  -35.163  -38.711  -3.421 0.0000000000
44877  -35.978  -39.016  -3.157 0.0000000000
44878  -38.451  -38.142  -2.696 0.0000000000
44879  -39.213  -38.234  -3.140 0.0000000000
44880  -39.709  -38.793  -3.456 0.0000000000
44881  -44.945  -38.246  -2.876 0.0000000000
44882  -45.663  -38.049  -3.356 0.0000000000
44887  -33.937  -39.010  -4.411 0.0000000000
44888  -40.483  -38.749  -4.071 0.0000000000
44889  -41.112  -39.060  -4.651 0.0000000000
44890  -46.269  -37.991  -3.971 0.0000000000
44895  -40.980  -38.333  -4.958 0.0000000000
44896  -41.636  -38.884  -5.428 0.0000000000
44897  -42.237  -39.103  -6.026 0.0000000000
44898  -46.556  -38.215  -5.045 0.0000000000
44899  -46.967  -38.787  -5.749 0.0000000000
44903  -41.890  -38.303  -6.433 0.0000000000
44904  -42.574  -38.806  -6.818 0.0000000000
44905  -46.668  -38.596  -6.153 0.0000000000
44906  -47.122  -39.085  -6.950 0.0000000000
44907  -47.635  -39.458  -7.760 0.0000000000
44910  -41.762  -37.652  -7.117 0.0000000000
44911  -42.646  -38.279  -7.638 0.0000000000
44912  -43.349  -38.521  -8.231 0.0000000000
44913  -46.454  -38.611  -7.729 0.0000000000
44914  -47.104  -38.890  -8.328 0.0000000000
44917  -43.449  -37.800  -8.814 0.0000000000
44918  -46.686  -37.861  -8.902 0.0000000000
44919  -47.075  -38.460  -9.154 0.0000000000
44920  -44.153  -37.611  -9.321 0.0000000000
44921  -45.043  -37.630  -9.565 0.0000000000
44922  -46.133  -37.699  -9.464 0.0000000000
44923  -46.803  -38.419  -9.358 0.0000000000
45603  -33.870  -37.130  -0.130 0.0000000000
45604  -34.708  -37.450  0.307 0.0000000000
45605  -35.469  -37.807  0.755 0.0000000000
45611  -28.775  -37.401  -1.564 0.0000000000
45612  -29.564  -37.169  -1.176 0.0000000000
45613  -30.088  -37.639  -0.892 0.0000000000
45614  -30.895  -37.755  -0.669 0.0000000000
45615  -31.826  -37.521  -0.536 0.0000000000
45616  -33.193  -37.653  -0.318 0.0000000000
45623  -28.385  -36.796  -1.928 0.0000000000
45632  -33.307  -37.111  -2.937 0.0000000000
45633  -34.234  -37.201  -2.630 0.0000000000
45634  -35.781  -37.643  -2.419 0.0000000000
45635  -36.509  -38.018  -2.435 0.0000000000
45636  -37.231  -37.529  -2.388 0.0000000000
45637  -38.067  -37.382  -2.576 0.0000000000
45649  -28.526  -37.276  -2.223 0.0000000000
45650  -29.342  -37.268  -2.708 0.0000000000
45651  -30.314  -37.287  -3.109 0.0000000000
45652  -32.490  -37.787  -3.666 0.0000000000
45653  -34.853  -37.970  -2.840 0.0000000000
45654  -38.838  -37.274  -3.052 0.0000000000
45655  -39.467  -37.483  -3.584 0.0000000000
45656  -39.925  -38.036  -3.772 0.0000000000
45657  -45.236  -37.179  -2.873 0.0000000000
45658  -45.683  -37.617  -3.440 0.0000000000
45664  -39.926  -37.246  -4.287 0.0000000000
45665  -40.443  -37.825  -4.540 0.0000000000
45666  -44.640  -37.040  -3.793 0.0000000000
45667  -46.058  -37.689  -3.941 0.0000000000
45671  -40.753  -37.548  -5.429 0.0000000000
45672  -41.334  -37.961  -5.827 0.0000000000
45673  -44.195  -37.311  -4.851 0.0000000000
45674  -45.105  -37.717  -5.216 0.0000000000
45675  -46.004  -38.157  -5.554 0.0000000000
45678  -40.971  -37.253  -6.258 0.0000000000
45679  -41.278  -37.102  -6.983 0.0000000000
45680  -43.976  -37.372  -5.983 0.0000000000
45681  -44.838  -37.850  -6.494 0.0000000000
45682  -45.638  -38.318  -7.093 0.0000000000
45688  -42.192  -37.664  -7.701 0.0000000000
45689  -45.143  -37.294  -7.782 0.0000000000
45690  -45.981  -37.573  -8.429 0.0000000000
45693  -42.227  -37.160  -8.176 0.0000000000
45694  -42.733  -37.789  -8.238 0.0000000000
45695  -43.722  -37.104  -9.209 0.0000000000
45696  -46.174  -36.887  -9.090 0.0000000000
45697  -46.541  -37.651  -9.173 0.0000000000
45698  -44.675  -36.974  -9.500 0.0000000000
45699  -45.646  -36.838  -9.405 0.0000000000
45700  -46.153  -37.045  -9.202 0.0000000000
46470  -31.931  -36.135  -0.635 0.0000000000
46471  -32.783  -36.149  -0.471 0.0000000000
46472  -33.695  -36.305  -0.289 0.0000000000
46473  -35.466  -36.936  0.650 0.0000000000
46479  -28.948  -36.647  -1.520 0.0000000000
46480  -29.810  -36.306  -1.284 0.0000000000
46481  -30.464  -36.988  -0.861 0.0000000000
46482  -31.391  -36.879  -0.651 0.0000000000
46483  -32.238  -36.817  -0.519 0.0000000000
46484  -33.055  -36.901  -0.390 0.0000000000
46491  -44.808  -36.889  -2.299 0.0000000000
46496  -28.445  -36.589  -2.067 0.0000000000
46497  -32.073  -36.175  -2.846 0.0000000000
46498  -32.792  -35.698  -2.519 0.0000000000
46499  -33.670  -36.312  -2.428 0.0000000000
46500  -34.780  -36.523  -2.201 0.0000000000
46501  -35.839  -36.759  -2.160 0.0000000000
46502  -36.789  -36.696  -2.265 0.0000000000
46503  -37.586  -36.691  -2.494 0.0000000000
46504  -38.281  -36.602  -2.819 0.0000000000
46505  -42.993  -36.293  -3.140 0.0000000000
46506  -44.125  -36.571  -2.522 0.0000000000
46514  -28.836  -36.430  -2.471 0.0000000000
46515  -29.648  -36.426  -2.889 0.0000000000
46516  -30.626  -36.509  -3.102 0.0000000000
46517  -31.566  -36.739  -3.176 0.0000000000
46518  -32.454  -37.080  -3.235 0.0000000000
46519  -38.739  -36.465  -3.355 0.0000000000
46520  -39.338  -36.639  -3.906 0.0000000000
46521  -42.818  -36.355  -4.067 0.0000000000
46522  -43.844  -36.676  -3.439 0.0000000000
46523  -44.912  -36.844  -2.952 0.0000000000
46531  -38.877  -36.009  -3.838 0.0000000000
46532  -39.844  -36.470  -5.060 0.0000000000
46533  -40.317  -37.158  -5.006 0.0000000000
46534  -42.730  -36.278  -5.013 0.0000000000
46535  -43.500  -36.811  -4.426 0.0000000000
46540  -40.037  -36.082  -6.104 0.0000000000
46541  -40.433  -36.822  -5.795 0.0000000000
46542  -42.810  -36.039  -6.056 0.0000000000
46543  -43.334  -36.785  -5.464 0.0000000000
46546  -40.169  -35.602  -6.872 0.0000000000
46547  -40.660  -36.479  -6.726 0.0000000000
46548  -43.489  -36.507  -6.571 0.0000000000
46549  -44.207  -37.009  -7.145 0.0000000000
46554  -40.719  -35.940  -7.310 0.0000000000
46555  -41.213  -36.483  -7.459 0.0000000000
46556  -44.918  -36.220  -8.165 0.0000000000
46557  -45.739  -36.441  -8.774 0.0000000000
46561  -41.750  -36.507  -8.065 0.0000000000
46562  -42.451  -36.529  -8.537 0.0000000000
46563  -43.328  -36.453  -9.013 0.0000000000
46564  -45.495  -35.627  -8.898 0.0000000000
46565  -45.791  -36.141  -9.056 0.0000000000
46566  -44.321  -36.346  -9.434 0.0000000000
46567  -45.153  -36.335  -9.453 0.0000000000
46568  -45.628  -36.133  -9.191 0.0000000000
47333  -36.041  -35.513  1.006 0.0000000000
47341  -30.981  -36.052  -0.994 0.0000000000
47342  -32.424  -35.433  -0.587 0.0000000000
47343  -33.442  -35.378  -0.386 0.0000000000
47344  -34.479  -35.744  -0.042 0.0000000000
47350  -28.684  -36.054  -1.792 0.0000000000
47351  -29.244  -35.630  -1.592 0.0000000000
47352  -30.143  -35.368  -1.368 0.0000000000
47359  -28.794  -35.297  -1.947 0.0000000000
47367  -28.534  -35.920  -2.044 0.0000000000
47368  -28.873  -35.094  -2.302 0.0000000000
47369  -31.907  -35.115  -2.701 0.0000000000
47370  -32.733  -34.709  -2.460 0.0000000000
47371  -34.941  -34.941  -1.800 0.0000000000
47372  -35.840  -35.120  -1.891 0.0000000000
47373  -37.158  -35.855  -2.428 0.0000000000
47374  -37.859  -36.049  -2.735 0.0000000000
47376  -42.263  -35.724  -2.868 0.0000000000
47377  -43.170  -36.156  -2.187 0.0000000000
47384  -28.751  -35.707  -2.327 0.0000000000
47385  -29.052  -34.862  -2.661 0.0000000000
47386  -29.441  -34.801  -3.130 0.0000000000
47387  -37.723  -35.323  -2.963 0.0000000000
47388  -38.354  -35.804  -3.317 0.0000000000
47390  -42.231  -35.793  -3.752 0.0000000000
47397  -38.635  -35.382  -4.206 0.0000000000
47398  -39.213  -35.851  -4.599 0.0000000000
47399  -41.855  -35.266  -4.249 0.0000000000
47400  -42.277  -35.717  -4.580 0.0000000000
47403  -38.905  -35.141  -5.173 0.0000000000
47404  -39.503  -35.650  -5.581 0.0000000000
47405  -42.376  -35.498  -5.448 0.0000000000
47411  -42.667  -35.265  -6.284 0.0000000000
47412  -43.417  -35.494  -7.080 0.0000000000
47421  -40.027  -34.972  -7.186 0.0000000000
47422  -40.552  -35.286  -7.442 0.0000000000
47423  -41.256  -35.724  -7.855 0.0000000000
47424  -44.718  -35.202  -8.241 0.0000000000
47425  -45.222  -34.803  -8.980 0.0000000000
47431  -41.999  -35.836  -8.429 0.0000000000
47432  -42.908  -35.766  -8.851 0.0000000000
47433  -43.961  -35.648  -9.368 0.0000000000
47434  -45.468  -35.503  -9.029 0.0000000000
47435  -45.048  -35.598  -9.364 0.0000000000
48238  -36.728  -34.465  2.416 0.0000000000
48252  -35.930  -34.527  0.908 0.0000000000
48253  -36.497  -34.143  1.679 0.0000000000
48259  -31.924  -34.803  -0.804 0.0000000000
48260  -32.738  -34.662  -0.561 0.0000000000
48261  -33.557  -34.440  -0.377 0.0000000000
48262  -34.368  -34.884  -0.125 0.0000000000
48263  -35.054  -34.344  0.253 0.0000000000
48271  -29.396  -34.779  -1.713 0.0000000000
48272  -30.276  -34.430  -1.467 0.0000000000
48273  -31.225  -34.176  -1.230 0.0000000000
48279  -29.158  -34.419  -1.972 0.0000000000
48286  -29.137  -34.299  -2.706 0.0000000000
48287  -30.984  -34.384  -3.043 0.0000000000
48288  -31.854  -34.060  -2.838 0.0000000000
48289  -32.684  -33.745  -2.690 0.0000000000
48290  -34.400  -34.157  -2.089 0.0000000000
48291  -35.434  -34.273  -2.069 0.0000000000
48292  -36.346  -34.558  -2.328 0.0000000000
48293  -37.077  -34.921  -2.631 0.0000000000
48300  -29.178  -34.206  -2.896 0.0000000000
48301  -29.433  -33.870  -3.081 0.0000000000
48302  -30.147  -33.591  -3.223 0.0000000000
48303  -36.803  -34.126  -2.925 0.0000000000
48304  -37.448  -34.538  -3.327 0.0000000000
48305  -38.059  -34.961  -3.755 0.0000000000
48314  -37.698  -34.217  -4.188 0.0000000000
48315  -38.315  -34.644  -4.686 0.0000000000
48316  -41.601  -34.594  -4.341 0.0000000000
48317  -41.913  -35.010  -4.949 0.0000000000
48321  -38.639  -34.349  -5.733 0.0000000000
48322  -39.262  -34.970  -6.050 0.0000000000
48323  -41.689  -34.192  -5.120 0.0000000000
48329  -39.193  -34.251  -6.529 0.0000000000
48330  -42.219  -34.634  -5.855 0.0000000000
48331  -42.992  -34.557  -6.848 0.0000000000
48340  -39.731  -34.376  -7.114 0.0000000000
48341  -40.351  -34.492  -7.498 0.0000000000
48342  -41.005  -34.855  -7.864 0.0000000000
48343  -44.038  -34.533  -7.653 0.0000000000
48344  -44.790  -34.252  -8.559 0.0000000000
48352  -40.854  -34.216  -7.839 0.0000000000
48353  -41.405  -34.262  -8.239 0.0000000000
48354  -42.387  -34.304  -8.726 0.0000000000
48355  -43.459  -34.850  -9.164 0.0000000000
48356  -44.998  -33.978  -9.004 0.0000000000
48359  -43.473  -33.890  -9.241 0.0000000000
48360  -44.401  -34.212  -9.330 0.0000000000
48361  -45.102  -34.630  -9.072 0.0000000000
49187  -36.121  -33.583  1.111 0.0000000000
49188  -36.662  -33.338  1.822 0.0000000000
49197  -32.143  -33.901  -0.887 0.0000000000
49198  -32.749  -33.300  -0.748 0.0000000000
49199  -33.632  -33.559  -0.393 0.0000000000
49200  -34.691  -33.460  0.071 0.0000000000
49201  -35.513  -33.798  0.569 0.0000000000
49207  -29.589  -33.871  -1.869 0.0000000000
49208  -30.372  -33.470  -1.605 0.0000000000
49209  -31.259  -33.271  -1.352 0.0000000000
49210  -31.928  -32.985  -1.215 0.0000000000
49216  -29.374  -33.641  -2.513 0.0000000000
49217  -29.836  -32.993  -2.172 0.0000000000
49223  -29.356  -33.640  -2.931 0.0000000000
49224  -29.745  -32.947  -2.800 0.0000000000
49225  -30.935  -33.307  -3.236 0.0000000000
49226  -31.753  -33.013  -3.196 0.0000000000
49227  -33.559  -33.346  -2.670 0.0000000000
49228  -36.003  -33.722  -2.624 0.0000000000
49236  -29.736  -33.068  -3.055 0.0000000000
49237  -30.292  -32.802  -3.176 0.0000000000
49238  -30.947  -32.388  -3.281 0.0000000000
49239  -34.645  -32.504  -3.411 0.0000000000
49240  -35.602  -33.018  -3.234 0.0000000000
49241  -36.421  -33.440  -3.369 0.0000000000
49242  -37.113  -33.793  -3.708 0.0000000000
49248  -36.664  -33.135  -4.163 0.0000000000
49249  -37.318  -33.486  -4.582 0.0000000000
49250  -37.929  -33.901  -5.111 0.0000000000
49257  -37.557  -33.138  -5.395 0.0000000000
49258  -38.248  -33.495  -5.971 0.0000000000
49259  -41.577  -33.340  -5.270 0.0000000000
49260  -41.994  -33.785  -5.852 0.0000000000
49267  -38.882  -33.503  -6.570 0.0000000000
49268  -39.433  -33.667  -7.026 0.0000000000
49269  -43.121  -33.709  -7.073 0.0000000000
49279  -39.978  -33.780  -7.417 0.0000000000
49280  -40.501  -33.833  -7.677 0.0000000000
49281  -42.784  -32.949  -6.853 0.0000000000
49282  -43.743  -33.015  -7.553 0.0000000000
49283  -44.517  -33.054  -8.382 0.0000000000
49288  -41.003  -33.598  -8.023 0.0000000000
49289  -41.742  -33.483  -8.547 0.0000000000
49290  -42.696  -33.327  -9.000 0.0000000000
49291  -44.762  -33.178  -9.017 0.0000000000
49294  -43.626  -33.108  -9.386 0.0000000000
49295  -44.304  -32.966  -9.359 0.0000000000
49296  -44.577  -32.906  -9.146 0.0000000000
50157  -36.347  -32.616  1.186 0.0000000000
50165  -33.272  -32.891  -0.670 0.0000000000
50166  -34.025  -32.833  -0.395 0.0000000000
50167  -35.700  -32.272  0.378 0.0000000000
50168  -36.338  -31.746  0.760 0.0000000000
50175  -30.596  -32.542  -1.800 0.0000000000
50176  -32.541  -32.499  -1.204 0.0000000000
50177  -33.449  -32.353  -0.920 0.0000000000
50178  -34.303  -32.217  -0.646 0.0000000000
50179  -35.138  -31.971  -0.316 0.0000000000
50185  -30.747  -31.978  -2.203 0.0000000000
50192  -30.291  -32.352  -2.502 0.0000000000
50193  -30.803  -31.835  -2.724 0.0000000000
50194  -31.961  -32.076  -3.422 0.0000000000
50195  -33.021  -32.334  -3.380 0.0000000000
50196  -33.928  -32.660  -3.121 0.0000000000
50204  -30.340  -32.354  -3.012 0.0000000000
50205  -32.848  -31.571  -3.581 0.0000000000
50206  -34.459  -31.759  -4.015 0.0000000000
50207  -35.384  -32.342  -3.881 0.0000000000
50208  -36.079  -32.855  -3.805 0.0000000000
50216  -34.450  -31.186  -4.447 0.0000000000
50217  -35.224  -31.657  -4.458 0.0000000000
50218  -36.136  -32.315  -4.476 0.0000000000
50219  -36.915  -32.752  -4.932 0.0000000000
50227  -36.906  -31.483  -5.719 0.0000000000
50228  -37.304  -32.295  -5.632 0.0000000000
50229  -37.836  -32.798  -5.954 0.0000000000
50230  -41.994  -32.935  -6.075 0.0000000000
50239  -37.829  -32.280  -6.143 0.0000000000
50240  -38.433  -32.729  -6.465 0.0000000000
50241  -39.182  -32.921  -6.969 0.0000000000
50242  -41.791  -32.060  -5.891 0.0000000000
50243  -42.489  -32.205  -6.595 0.0000000000
50250  -38.921  -32.102  -6.841 0.0000000000
50251  -39.725  -32.339  -7.382 0.0000000000
50252  -40.369  -33.088  -7.708 0.0000000000
50253  -43.319  -32.304  -7.315 0.0000000000
50254  -44.272  -32.353  -7.997 0.0000000000
50255  -44.606  -32.423  -8.812 0.0000000000
50259  -41.209  -32.731  -8.269 0.0000000000
50260  -42.093  -32.665  -8.814 0.0000000000
50261  -43.009  -32.533  -9.271 0.0000000000
50262  -44.541  -32.412  -9.113 0.0000000000
50266  -43.864  -32.403  -9.501 0.0000000000
50267  -44.314  -32.350  -9.343 0.0000000000
51021  -37.078  -31.072  1.990 0.0000000000
51035  -36.776  -31.079  1.100 0.0000000000
51041  -35.878  -31.601  0.027 0.0000000000
51042  -36.429  -31.087  0.270 0.0000000000
51048  -31.429  -32.227  -1.656 0.0000000000
51049  -32.843  -31.816  -1.519 0.0000000000
51050  -33.741  -31.758  -1.295 0.0000000000
51051  -34.618  -31.634  -0.999 0.0000000000
51052  -35.450  -31.413  -0.676 0.0000000000
51053  -36.075  -31.120  -0.373 0.0000000000
51060  -31.349  -31.675  -2.242 0.0000000000
51061  -32.206  -31.439  -2.280 0.0000000000
51062  -33.158  -31.289  -2.122 0.0000000000
51063  -34.143  -31.248  -1.798 0.0000000000
51064  -35.072  -31.151  -1.435 0.0000000000
51071  -31.593  -31.483  -2.849 0.0000000000
51072  -32.574  -31.013  -3.010 0.0000000000
51079  -32.955  -31.060  -3.599 0.0000000000
51080  -33.618  -31.215  -4.038 0.0000000000
51088  -33.626  -30.839  -4.021 0.0000000000
51089  -34.061  -30.940  -4.265 0.0000000000
51090  -35.088  -31.058  -4.905 0.0000000000
51091  -35.855  -31.542  -4.994 0.0000000000
51093  -41.140  -31.293  -4.827 0.0000000000
51098  -35.694  -30.882  -5.375 0.0000000000
51099  -36.384  -30.792  -5.763 0.0000000000
51100  -41.589  -31.258  -5.560 0.0000000000
51108  -37.190  -30.804  -6.197 0.0000000000
51109  -37.532  -31.662  -6.114 0.0000000000
51110  -38.180  -31.890  -6.441 0.0000000000
51111  -38.558  -31.320  -6.660 0.0000000000
51112  -42.314  -31.293  -6.393 0.0000000000
51113  -43.254  -30.863  -7.204 0.0000000000
51116  -39.358  -31.425  -7.086 0.0000000000
51117  -40.184  -31.468  -7.535 0.0000000000
51118  -42.983  -31.661  -7.069 0.0000000000
51119  -43.835  -31.630  -7.695 0.0000000000
51120  -44.639  -30.938  -9.034 0.0000000000
51124  -40.962  -31.443  -8.012 0.0000000000
51125  -41.637  -31.509  -8.563 0.0000000000
51126  -42.461  -31.818  -9.078 0.0000000000
51127  -44.554  -31.720  -9.117 0.0000000000
51132  -43.349  -31.084  -9.497 0.0000000000
51133  -44.094  -31.606  -9.551 0.0000000000
51134  -44.381  -31.797  -9.284 0.0000000000
51863  -37.181  -30.389  1.450 0.0000000000
51871  -36.966  -30.481  0.530 0.0000000000
51872  -37.402  -29.760  0.882 0.0000000000
51878  -35.871  -30.881  -1.000 0.0000000000
51879  -36.574  -30.550  -0.418 0.0000000000
51880  -37.228  -29.934  -0.064 0.0000000000
51885  -33.632  -30.842  -2.678 0.0000000000
51886  -35.579  -30.631  -1.794 0.0000000000
51887  -36.358  -30.349  -1.338 0.0000000000
51892  -34.298  -30.538  -3.063 0.0000000000
51893  -35.279  -30.384  -2.643 0.0000000000
51900  -33.436  -30.771  -3.451 0.0000000000
51901  -34.152  -30.547  -3.785 0.0000000000
51908  -34.305  -30.627  -4.259 0.0000000000
51909  -34.627  -30.766  -4.591 0.0000000000
51911  -41.011  -30.606  -4.517 0.0000000000
51916  -34.891  -30.224  -4.658 0.0000000000
51917  -35.134  -30.437  -5.129 0.0000000000
51918  -35.687  -30.178  -5.676 0.0000000000
51919  -41.392  -30.539  -5.164 0.0000000000
51920  -41.898  -30.497  -5.897 0.0000000000
51925  -36.370  -30.058  -6.127 0.0000000000
51926  -37.241  -29.798  -6.435 0.0000000000
51927  -38.018  -30.610  -6.517 0.0000000000
51928  -38.950  -30.633  -6.794 0.0000000000
51929  -43.057  -29.936  -6.919 0.0000000000
51934  -39.821  -30.687  -7.204 0.0000000000
51935  -40.660  -30.724  -7.706 0.0000000000
51936  -43.922  -30.101  -7.750 0.0000000000
51937  -44.620  -30.158  -8.717 0.0000000000
51940  -41.436  -30.763  -8.348 0.0000000000
51941  -42.283  -30.921  -8.974 0.0000000000
51942  -42.899  -30.359  -9.387 0.0000000000
51943  -44.700  -30.031  -9.331 0.0000000000
51946  -43.738  -30.213  -9.711 0.0000000000
51947  -44.166  -30.131  -9.799 0.0000000000
51948  -44.574  -29.753  -9.593 0.0000000000
52842  -37.658  -29.231  0.241 0.0000000000
52848  -37.010  -29.952  -0.941 0.0000000000
52849  -37.511  -29.409  -0.628 0.0000000000
52854  -36.125  -30.137  -2.180 0.0000000000
52855  -36.768  -29.789  -1.721 0.0000000000
52856  -37.336  -29.410  -1.394 0.0000000000
52861  -34.972  -30.214  -3.502 0.0000000000
52862  -35.817  -29.805  -3.021 0.0000000000
52863  -37.070  -28.930  -2.592 0.0000000000
52864  -37.136  -29.334  -2.029 0.0000000000
52868  -34.758  -30.207  -4.223 0.0000000000
52869  -35.532  -29.439  -4.085 0.0000000000
52870  -36.386  -29.122  -3.263 0.0000000000
52871  -40.866  -29.195  -3.732 0.0000000000
52877  -35.283  -29.298  -4.993 0.0000000000
52878  -40.868  -29.973  -4.162 0.0000000000
52879  -41.260  -29.361  -4.598 0.0000000000
52885  -35.312  -29.666  -5.347 0.0000000000
52886  -35.722  -29.415  -5.984 0.0000000000
52887  -41.642  -29.681  -5.397 0.0000000000
52888  -42.323  -29.774  -6.199 0.0000000000
52893  -35.828  -28.623  -6.283 0.0000000000
52894  -36.298  -29.346  -6.312 0.0000000000
52895  -38.392  -29.838  -6.618 0.0000000000
52896  -39.406  -29.895  -6.876 0.0000000000
52897  -42.875  -29.123  -6.597 0.0000000000
52898  -43.673  -29.275  -7.374 0.0000000000
52901  -40.307  -29.955  -7.323 0.0000000000
52902  -41.159  -29.993  -7.946 0.0000000000
52903  -41.601  -29.237  -8.161 0.0000000000
52904  -44.507  -29.384  -8.278 0.0000000000
52905  -45.049  -29.244  -8.964 0.0000000000
52909  -42.100  -30.004  -8.733 0.0000000000
52910  -43.117  -29.542  -9.473 0.0000000000
52911  -44.887  -29.253  -9.624 0.0000000000
52918  -43.948  -29.484  -9.923 0.0000000000
52919  -44.697  -29.281  -9.808 0.0000000000
53736  -37.768  -28.988  -1.114 0.0000000000
53737  -38.184  -28.362  -1.208 0.0000000000
53743  -37.624  -28.812  -1.854 0.0000000000
53744  -38.039  -28.178  -1.996 0.0000000000
53746  -41.032  -27.916  -2.836 0.0000000000
53752  -36.212  -28.571  -4.043 0.0000000000
53753  -36.915  -28.400  -3.302 0.0000000000
53754  -37.545  -28.273  -2.603 0.0000000000
53756  -41.137  -28.261  -3.604 0.0000000000
53763  -35.572  -28.496  -4.847 0.0000000000
53764  -41.350  -28.552  -4.385 0.0000000000
53769  -35.505  -28.235  -5.593 0.0000000000
53770  -41.664  -28.739  -5.145 0.0000000000
53771  -42.210  -28.931  -5.855 0.0000000000
53775  -35.516  -28.023  -6.048 0.0000000000
53776  -36.353  -28.067  -6.507 0.0000000000
53777  -37.379  -28.176  -6.501 0.0000000000
53778  -39.476  -28.298  -6.644 0.0000000000
53779  -42.785  -28.329  -6.282 0.0000000000
53780  -43.502  -28.485  -6.982 0.0000000000
53784  -39.917  -29.160  -6.925 0.0000000000
53785  -40.429  -28.423  -7.052 0.0000000000
53786  -41.276  -28.485  -7.647 0.0000000000
53787  -44.375  -28.576  -7.830 0.0000000000
53788  -45.090  -28.642  -8.788 0.0000000000
53796  -42.058  -28.498  -8.380 0.0000000000
53797  -42.868  -28.638  -9.154 0.0000000000
53798  -43.500  -28.003  -9.485 0.0000000000
53799  -45.172  -28.753  -9.428 0.0000000000
53810  -43.802  -28.799  -9.792 0.0000000000
53811  -44.476  -28.204  -9.888 0.0000000000
53812  -45.089  -28.484  -9.830 0.0000000000
54561  -38.018  -27.618  -2.505 0.0000000000
54568  -35.998  -27.960  -4.589 0.0000000000
54569  -36.629  -27.813  -4.011 0.0000000000
54570  -37.408  -27.582  -3.312 0.0000000000
54571  -38.001  -26.956  -3.009 0.0000000000
54572  -41.405  -27.413  -3.469 0.0000000000
54578  -35.596  -27.684  -5.307 0.0000000000
54579  -41.555  -27.715  -4.268 0.0000000000
54580  -42.152  -27.271  -5.010 0.0000000000
54586  -35.451  -27.429  -5.938 0.0000000000
54587  -41.731  -28.034  -4.898 0.0000000000
54588  -42.272  -27.972  -5.555 0.0000000000
54589  -42.804  -27.237  -5.790 0.0000000000
54594  -35.565  -27.332  -6.149 0.0000000000
54595  -36.015  -27.366  -6.474 0.0000000000
54596  -36.900  -27.409  -6.525 0.0000000000
54597  -37.978  -27.433  -6.418 0.0000000000
54598  -39.010  -27.443  -6.460 0.0000000000
54599  -40.104  -27.452  -6.715 0.0000000000
54600  -43.393  -27.694  -6.562 0.0000000000
54601  -44.372  -27.126  -7.195 0.0000000000
54607  -41.001  -27.033  -7.193 0.0000000000
54608  -41.751  -27.601  -7.894 0.0000000000
54609  -42.594  -26.873  -8.469 0.0000000000
54610  -44.090  -27.899  -7.355 0.0000000000
54611  -44.978  -27.683  -8.228 0.0000000000
54612  -45.437  -27.011  -8.632 0.0000000000
54621  -42.643  -27.816  -8.742 0.0000000000
54622  -43.279  -27.299  -9.151 0.0000000000
54623  -44.146  -27.406  -9.613 0.0000000000
54624  -45.349  -27.901  -9.263 0.0000000000
54625  -45.388  -27.201  -9.180 0.0000000000
54636  -44.921  -27.651  -9.805 0.0000000000
54637  -45.226  -27.703  -9.578 0.0000000000
55576  -38.842  -26.374  -1.946 0.0000000000
55585  -38.400  -26.317  -2.736 0.0000000000
55586  -41.599  -26.396  -2.369 0.0000000000
55592  -36.079  -27.168  -4.777 0.0000000000
55593  -37.864  -26.220  -3.411 0.0000000000
55594  -41.680  -26.602  -3.256 0.0000000000
55595  -42.203  -26.159  -3.877 0.0000000000
55602  -35.529  -26.840  -5.677 0.0000000000
55603  -35.924  -26.115  -5.185 0.0000000000
55604  -41.817  -26.910  -4.103 0.0000000000
55608  -35.401  -26.533  -6.045 0.0000000000
55609  -42.784  -26.487  -5.249 0.0000000000
55610  -43.518  -26.433  -5.920 0.0000000000
55615  -35.702  -26.660  -6.306 0.0000000000
55616  -36.443  -26.680  -6.501 0.0000000000
55617  -37.444  -26.676  -6.477 0.0000000000
55618  -38.479  -26.647  -6.401 0.0000000000
55619  -39.462  -26.599  -6.476 0.0000000000
55620  -40.320  -26.460  -6.716 0.0000000000
55621  -44.351  -26.423  -6.621 0.0000000000
55622  -44.984  -26.415  -7.254 0.0000000000
55623  -45.459  -26.074  -7.521 0.0000000000
55631  -35.958  -25.945  -6.448 0.0000000000
55632  -41.049  -26.166  -7.156 0.0000000000
55633  -41.756  -26.596  -7.695 0.0000000000
55634  -42.981  -26.163  -8.497 0.0000000000
55635  -45.303  -26.722  -7.895 0.0000000000
55636  -45.523  -26.302  -8.121 0.0000000000
55645  -43.693  -26.602  -9.080 0.0000000000
55646  -44.696  -26.947  -9.481 0.0000000000
55647  -45.198  -26.714  -9.122 0.0000000000
55648  -45.367  -26.569  -8.582 0.0000000000
55656  -45.160  -27.251  -9.511 0.0000000000
56534  -42.234  -25.204  -1.426 0.0000000000
56543  -38.727  -25.711  -2.464 0.0000000000
56544  -41.886  -25.727  -1.952 0.0000000000
56545  -42.372  -25.157  -2.329 0.0000000000
56552  -36.828  -25.341  -4.478 0.0000000000
56553  -37.657  -25.459  -3.788 0.0000000000
56554  -38.326  -25.547  -3.126 0.0000000000
56555  -42.088  -25.789  -2.937 0.0000000000
56556  -42.643  -25.454  -3.729 0.0000000000
56557  -42.986  -24.899  -3.546 0.0000000000
56561  -35.123  -25.376  -5.906 0.0000000000
56562  -42.874  -25.790  -4.646 0.0000000000
56563  -43.393  -25.051  -4.306 0.0000000000
56567  -35.152  -25.580  -6.016 0.0000000000
56568  -43.440  -25.915  -5.402 0.0000000000
56569  -44.437  -25.686  -6.049 0.0000000000
56570  -45.661  -25.032  -6.478 0.0000000000
56577  -35.380  -25.552  -6.238 0.0000000000
56578  -36.935  -25.990  -6.537 0.0000000000
56579  -37.912  -25.915  -6.432 0.0000000000
56580  -39.417  -24.943  -6.469 0.0000000000
56581  -40.427  -24.968  -6.685 0.0000000000
56582  -41.333  -24.789  -7.137 0.0000000000
56583  -45.212  -25.848  -6.887 0.0000000000
56584  -45.580  -25.487  -7.214 0.0000000000
56593  -35.758  -25.304  -6.421 0.0000000000
56594  -41.774  -25.642  -7.550 0.0000000000
56595  -43.683  -25.788  -8.549 0.0000000000
56596  -44.688  -25.451  -8.223 0.0000000000
56597  -45.370  -25.601  -8.017 0.0000000000
56598  -45.572  -25.968  -8.114 0.0000000000
56608  -44.589  -26.264  -8.881 0.0000000000
56609  -45.263  -26.097  -8.500 0.0000000000
57407  -42.616  -24.667  -0.836 0.0000000000
57408  -43.211  -24.156  -0.374 0.0000000000
57428  -42.652  -24.570  -1.780 0.0000000000
57429  -43.055  -24.042  -1.266 0.0000000000
57444  -38.780  -24.825  -2.597 0.0000000000
57445  -42.961  -24.535  -2.822 0.0000000000
57446  -43.172  -24.077  -2.140 0.0000000000
57455  -35.822  -24.114  -5.046 0.0000000000
57456  -36.768  -24.472  -4.506 0.0000000000
57457  -38.115  -24.733  -3.471 0.0000000000
57458  -43.692  -24.421  -3.807 0.0000000000
57459  -44.765  -23.883  -4.206 0.0000000000
57464  -34.979  -24.518  -5.818 0.0000000000
57465  -35.831  -25.016  -5.254 0.0000000000
57466  -44.566  -24.571  -4.880 0.0000000000
57467  -45.598  -24.035  -5.055 0.0000000000
57468  -46.377  -23.664  -5.636 0.0000000000
57472  -34.889  -24.684  -6.033 0.0000000000
57473  -44.942  -25.004  -5.695 0.0000000000
57474  -45.779  -24.457  -5.729 0.0000000000
57475  -46.135  -24.265  -6.283 0.0000000000
57483  -35.167  -24.867  -6.243 0.0000000000
57484  -36.111  -24.722  -6.511 0.0000000000
57485  -37.150  -24.735  -6.533 0.0000000000
57486  -38.979  -24.000  -6.470 0.0000000000
57487  -39.992  -24.036  -6.561 0.0000000000
57488  -40.931  -23.978  -6.761 0.0000000000
57489  -41.698  -24.096  -7.125 0.0000000000
57490  -42.415  -23.802  -7.117 0.0000000000
57491  -45.808  -24.734  -6.813 0.0000000000
57500  -42.358  -24.686  -7.576 0.0000000000
57501  -45.302  -24.886  -7.500 0.0000000000
57502  -45.497  -25.490  -7.541 0.0000000000
58386  -43.835  -23.513  0.042 0.0000000000
58387  -44.583  -23.313  0.470 0.0000000000
58403  -44.061  -23.021  -0.536 0.0000000000
58418  -43.567  -23.493  -0.821 0.0000000000
58419  -44.172  -22.964  -1.430 0.0000000000
58433  -38.586  -23.102  -2.600 0.0000000000
58434  -43.636  -23.530  -1.850 0.0000000000
58435  -44.525  -23.081  -2.532 0.0000000000
58445  -35.927  -23.265  -4.750 0.0000000000
58446  -36.792  -22.910  -4.206 0.0000000000
58447  -37.984  -23.217  -3.367 0.0000000000
58448  -38.443  -23.934  -3.095 0.0000000000
58449  -43.864  -23.755  -3.025 0.0000000000
58450  -45.166  -23.250  -3.640 0.0000000000
58451  -46.430  -22.759  -4.194 0.0000000000
58460  -34.566  -22.964  -5.808 0.0000000000
58461  -35.129  -22.742  -5.087 0.0000000000
58462  -46.016  -23.474  -4.660 0.0000000000
58463  -46.854  -23.057  -4.953 0.0000000000
58464  -46.991  -22.435  -4.849 0.0000000000
58472  -34.537  -23.113  -6.061 0.0000000000
58473  -34.707  -23.840  -6.026 0.0000000000
58474  -46.747  -23.064  -5.273 0.0000000000
58484  -34.682  -23.052  -6.236 0.0000000000
58485  -37.457  -23.089  -6.526 0.0000000000
58486  -38.551  -23.010  -6.517 0.0000000000
58487  -39.692  -22.949  -6.567 0.0000000000
58488  -40.469  -23.308  -6.609 0.0000000000
58489  -41.629  -23.459  -6.777 0.0000000000
58490  -43.373  -23.492  -6.773 0.0000000000
58491  -44.490  -23.525  -6.666 0.0000000000
58492  -45.634  -24.040  -6.709 0.0000000000
58493  -46.280  -23.957  -6.257 0.0000000000
58500  -43.379  -24.252  -7.465 0.0000000000
58501  -44.471  -24.129  -7.182 0.0000000000
59320  -45.899  -22.470  0.917 0.0000000000
59336  -44.413  -22.786  -0.048 0.0000000000
59337  -45.518  -21.908  0.188 0.0000000000
59338  -46.163  -21.566  0.544 0.0000000000
59351  -44.711  -22.429  -0.936 0.0000000000
59362  -39.012  -23.039  -1.742 0.0000000000
59363  -45.059  -22.468  -2.092 0.0000000000
59364  -45.650  -21.887  -1.762 0.0000000000
59374  -38.010  -22.403  -2.886 0.0000000000
59375  -38.550  -22.306  -2.012 0.0000000000
59376  -45.617  -22.604  -3.169 0.0000000000
59377  -46.173  -22.000  -2.815 0.0000000000
59382  -35.220  -21.911  -4.652 0.0000000000
59383  -36.039  -22.471  -4.462 0.0000000000
59384  -36.739  -22.205  -3.883 0.0000000000
59385  -37.412  -22.642  -3.592 0.0000000000
59386  -47.152  -22.078  -4.309 0.0000000000
59387  -47.118  -21.767  -4.541 0.0000000000
59392  -34.526  -22.045  -5.389 0.0000000000
59399  -34.279  -22.178  -5.994 0.0000000000
59400  -41.282  -21.911  -6.256 0.0000000000
59401  -42.237  -22.271  -6.111 0.0000000000
59402  -43.335  -22.345  -5.866 0.0000000000
59403  -44.525  -22.439  -5.873 0.0000000000
59404  -45.724  -22.648  -5.841 0.0000000000
59405  -46.510  -22.922  -5.606 0.0000000000
59413  -34.492  -22.579  -6.154 0.0000000000
59414  -34.937  -22.344  -6.395 0.0000000000
59415  -35.952  -22.393  -6.541 0.0000000000
59416  -37.015  -22.257  -6.552 0.0000000000
59417  -38.060  -22.145  -6.525 0.0000000000
59418  -39.100  -22.068  -6.525 0.0000000000
59419  -40.657  -22.427  -6.546 0.0000000000
59420  -41.538  -22.674  -6.501 0.0000000000
59421  -42.334  -23.092  -6.550 0.0000000000
59422  -43.919  -22.926  -6.299 0.0000000000
59423  -45.114  -23.128  -6.311 0.0000000000
59424  -46.138  -23.393  -6.124 0.0000000000
60236  -46.910  -21.128  0.944 0.0000000000
60250  -45.992  -21.272  -0.078 0.0000000000
60251  -46.504  -20.692  0.058 0.0000000000
60263  -38.047  -21.370  -0.494 0.0000000000
60264  -38.502  -22.061  -0.514 0.0000000000
60265  -45.713  -21.579  -0.483 0.0000000000
60266  -46.604  -20.563  -0.860 0.0000000000
60279  -37.846  -20.937  -1.281 0.0000000000
60280  -38.414  -21.686  -1.290 0.0000000000
60281  -41.258  -21.132  -2.130 0.0000000000
60282  -42.009  -21.072  -1.762 0.0000000000
60283  -42.915  -21.121  -2.016 0.0000000000
60284  -46.210  -21.285  -1.426 0.0000000000
60285  -47.188  -20.368  -2.368 0.0000000000
60294  -36.920  -21.016  -2.886 0.0000000000
60295  -37.826  -21.495  -2.239 0.0000000000
60296  -39.742  -21.184  -3.484 0.0000000000
60297  -40.462  -21.175  -2.728 0.0000000000
60298  -41.363  -21.544  -2.945 0.0000000000
60299  -42.133  -21.392  -2.441 0.0000000000
60300  -43.158  -21.313  -2.995 0.0000000000
60301  -44.399  -20.686  -3.489 0.0000000000
60302  -46.733  -21.268  -2.588 0.0000000000
60303  -47.328  -20.710  -3.436 0.0000000000
60308  -34.469  -21.182  -4.843 0.0000000000
60309  -35.517  -21.096  -4.133 0.0000000000
60310  -36.488  -21.456  -3.614 0.0000000000
60311  -37.308  -21.845  -3.230 0.0000000000
60312  -40.638  -21.576  -3.643 0.0000000000
60313  -41.684  -21.703  -3.985 0.0000000000
60314  -43.821  -21.154  -3.998 0.0000000000
60315  -44.862  -20.731  -4.194 0.0000000000
60316  -47.112  -21.577  -3.614 0.0000000000
60317  -47.312  -21.273  -4.098 0.0000000000
60323  -38.420  -20.935  -5.135 0.0000000000
60324  -39.120  -21.166  -4.280 0.0000000000
60325  -40.832  -21.699  -4.760 0.0000000000
60326  -41.751  -21.698  -5.129 0.0000000000
60327  -42.414  -21.633  -4.623 0.0000000000
60328  -43.370  -21.480  -4.705 0.0000000000
60329  -44.769  -21.258  -4.844 0.0000000000
60330  -46.257  -21.484  -5.036 0.0000000000
60331  -47.000  -21.931  -4.955 0.0000000000
60339  -34.150  -21.179  -5.622 0.0000000000
60340  -37.573  -20.803  -6.254 0.0000000000
60341  -38.206  -20.918  -5.975 0.0000000000
60342  -39.015  -21.296  -5.925 0.0000000000
60343  -41.796  -21.801  -5.875 0.0000000000
60344  -42.678  -21.797  -5.441 0.0000000000
60345  -43.960  -21.822  -5.402 0.0000000000
60346  -45.304  -21.936  -5.461 0.0000000000
60347  -46.397  -22.229  -5.384 0.0000000000
60348  -46.856  -22.538  -5.196 0.0000000000
60356  -34.166  -21.083  -6.063 0.0000000000
60357  -34.839  -21.259  -6.385 0.0000000000
60358  -35.898  -20.917  -6.496 0.0000000000
60359  -37.465  -21.407  -6.471 0.0000000000
60360  -38.457  -21.389  -6.306 0.0000000000
60361  -39.551  -21.670  -6.267 0.0000000000
60362  -40.469  -21.780  -6.277 0.0000000000
61174  -47.520  -20.456  1.073 0.0000000000
61175  -48.266  -20.479  1.370 0.0000000000
61188  -47.014  -20.160  0.355 0.0000000000
61189  -47.446  -19.804  0.623 0.0000000000
61199  -36.980  -20.348  0.144 0.0000000000
61200  -37.534  -20.669  -0.507 0.0000000000
61201  -42.014  -19.888  -0.645 0.0000000000
61202  -43.154  -20.093  -0.772 0.0000000000
61203  -47.063  -19.715  -0.614 0.0000000000
61212  -36.685  -19.685  -1.899 0.0000000000
61213  -37.301  -20.231  -1.179 0.0000000000
61214  -41.378  -20.437  -1.400 0.0000000000
61215  -42.514  -20.624  -1.282 0.0000000000
61216  -43.574  -20.464  -1.604 0.0000000000
61217  -44.703  -19.906  -2.225 0.0000000000
61218  -47.377  -19.252  -2.112 0.0000000000
61230  -36.334  -20.152  -2.724 0.0000000000
61231  -37.215  -20.539  -2.016 0.0000000000
61232  -39.589  -20.363  -2.787 0.0000000000
61233  -40.489  -20.493  -2.035 0.0000000000
61234  -43.965  -20.661  -2.540 0.0000000000
61235  -45.155  -20.005  -3.163 0.0000000000
61236  -46.350  -19.571  -3.573 0.0000000000
61237  -47.378  -19.778  -3.189 0.0000000000
61243  -34.696  -20.317  -4.411 0.0000000000
61244  -35.681  -19.969  -3.354 0.0000000000
61245  -36.111  -20.661  -3.438 0.0000000000
61246  -38.109  -19.867  -4.174 0.0000000000
61247  -38.948  -20.527  -3.680 0.0000000000
61248  -45.608  -20.214  -3.925 0.0000000000
61249  -46.841  -20.180  -4.056 0.0000000000
61250  -47.257  -20.428  -3.789 0.0000000000
61253  -34.067  -20.307  -5.158 0.0000000000
61254  -36.980  -19.684  -5.462 0.0000000000
61255  -37.762  -20.225  -4.872 0.0000000000
61256  -46.009  -20.738  -4.535 0.0000000000
61257  -47.079  -21.101  -4.467 0.0000000000
61265  -34.116  -19.653  -6.015 0.0000000000
61266  -36.048  -20.120  -6.344 0.0000000000
61267  -36.697  -20.076  -6.090 0.0000000000
61268  -37.599  -20.446  -5.705 0.0000000000
61274  -34.358  -20.359  -6.208 0.0000000000
61275  -35.225  -20.274  -6.381 0.0000000000
61276  -36.786  -20.761  -6.429 0.0000000000
62027  -47.876  -19.826  1.101 0.0000000000
62028  -48.129  -19.283  1.088 0.0000000000
62029  -49.357  -19.657  1.424 0.0000000000
62042  -36.541  -19.585  0.418 0.0000000000
62043  -42.702  -18.789  0.171 0.0000000000
62044  -47.246  -19.264  -0.086 0.0000000000
62045  -47.655  -19.046  0.544 0.0000000000
62046  -48.073  -18.715  0.842 0.0000000000
62055  -36.876  -19.556  -0.244 0.0000000000
62056  -37.006  -19.535  -1.020 0.0000000000
62057  -40.728  -18.906  -1.000 0.0000000000
62058  -42.008  -19.068  -0.151 0.0000000000
62059  -42.800  -19.448  -0.246 0.0000000000
62060  -43.748  -19.426  -0.516 0.0000000000
62061  -44.774  -18.966  -1.007 0.0000000000
62062  -45.949  -18.147  -1.774 0.0000000000
62063  -47.162  -17.897  -1.587 0.0000000000
62073  -39.464  -18.939  -2.246 0.0000000000
62074  -40.569  -19.720  -1.474 0.0000000000
62075  -41.178  -19.655  -0.970 0.0000000000
62076  -44.198  -19.744  -1.261 0.0000000000
62077  -45.374  -19.047  -1.990 0.0000000000
62078  -46.682  -18.499  -2.605 0.0000000000
62079  -47.135  -18.381  -2.253 0.0000000000
62092  -35.691  -19.202  -3.060 0.0000000000
62093  -36.513  -18.989  -1.810 0.0000000000
62094  -38.347  -18.557  -3.424 0.0000000000
62095  -39.089  -19.310  -2.698 0.0000000000
62096  -39.851  -19.696  -2.080 0.0000000000
62097  -45.927  -19.157  -2.972 0.0000000000
62098  -46.876  -18.991  -3.228 0.0000000000
62099  -47.169  -19.587  -3.478 0.0000000000
62108  -34.306  -19.422  -4.720 0.0000000000
62109  -34.743  -18.736  -4.254 0.0000000000
62110  -36.776  -17.219  -4.803 0.0000000000
62111  -37.600  -18.667  -4.190 0.0000000000
62112  -38.626  -19.607  -3.419 0.0000000000
62117  -34.077  -19.333  -5.511 0.0000000000
62118  -36.546  -18.078  -5.001 0.0000000000
62119  -37.234  -19.297  -4.791 0.0000000000
62127  -34.343  -18.917  -5.799 0.0000000000
62128  -35.007  -18.959  -6.116 0.0000000000
62129  -35.728  -19.386  -6.062 0.0000000000
62130  -36.049  -19.069  -5.742 0.0000000000
62134  -34.711  -19.581  -6.210 0.0000000000
62135  -35.400  -19.608  -6.240 0.0000000000
62844  -48.724  -18.945  1.213 0.0000000000
62845  -49.697  -18.858  1.323 0.0000000000
62861  -36.563  -18.197  0.456 0.0000000000
62862  -41.855  -17.887  0.353 0.0000000000
62863  -42.677  -18.003  0.583 0.0000000000
62864  -43.528  -18.458  0.285 0.0000000000
62865  -44.523  -18.072  0.082 0.0000000000
62866  -45.516  -17.536  -0.381 0.0000000000
62867  -47.693  -18.041  0.255 0.0000000000
62868  -48.358  -18.129  0.808 0.0000000000
62880  -36.752  -18.794  0.001 0.0000000000
62881  -40.697  -18.080  -0.960 0.0000000000
62882  -44.198  -18.771  -0.239 0.0000000000
62883  -45.227  -18.217  -0.731 0.0000000000
62884  -46.270  -17.659  -1.316 0.0000000000
62885  -46.874  -17.590  -1.359 0.0000000000
62886  -47.213  -17.603  -0.784 0.0000000000
62893  -36.668  -18.339  -1.639 0.0000000000
62894  -39.531  -18.201  -2.226 0.0000000000
62895  -40.187  -18.206  -1.534 0.0000000000
62896  -46.832  -17.881  -1.984 0.0000000000
62906  -35.373  -17.362  -4.143 0.0000000000
62907  -35.971  -18.224  -2.896 0.0000000000
62908  -38.864  -18.306  -2.806 0.0000000000
62918  -34.331  -18.500  -5.105 0.0000000000
62919  -34.792  -17.659  -4.800 0.0000000000
62925  -34.398  -18.534  -5.562 0.0000000000
62926  -34.703  -17.888  -5.447 0.0000000000
62927  -35.685  -17.839  -5.510 0.0000000000
62928  -35.910  -16.885  -5.267 0.0000000000
62932  -34.701  -18.372  -5.805 0.0000000000
62933  -35.061  -17.638  -5.574 0.0000000000
62937  -34.504  -19.006  -6.011 0.0000000000
63729  -43.041  -17.169  1.024 0.0000000000
63730  -48.672  -17.388  0.771 0.0000000000
63731  -49.158  -18.129  1.124 0.0000000000
63753  -36.134  -17.633  0.885 0.0000000000
63754  -36.901  -17.362  0.245 0.0000000000
63755  -41.404  -17.215  0.064 0.0000000000
63756  -42.135  -17.240  0.710 0.0000000000
63757  -44.750  -17.320  0.407 0.0000000000
63758  -45.677  -16.922  0.047 0.0000000000
63759  -46.542  -16.655  -0.168 0.0000000000
63760  -47.336  -16.640  0.067 0.0000000000
63761  -48.164  -16.608  0.461 0.0000000000
63775  -36.938  -17.939  -0.248 0.0000000000
63776  -37.340  -16.699  -0.341 0.0000000000
63777  -40.889  -17.437  -0.711 0.0000000000
63778  -46.411  -17.200  -0.726 0.0000000000
63779  -46.967  -17.124  -0.653 0.0000000000
63780  -47.395  -17.247  -0.154 0.0000000000
63789  -36.977  -17.487  -1.498 0.0000000000
63790  -37.359  -16.689  -1.281 0.0000000000
63791  -39.769  -17.425  -2.205 0.0000000000
63792  -40.395  -17.455  -1.425 0.0000000000
63802  -36.392  -16.827  -3.163 0.0000000000
63803  -36.901  -16.361  -2.700 0.0000000000
63804  -38.874  -17.203  -3.175 0.0000000000
63817  -35.247  -16.898  -4.926 0.0000000000
63818  -35.769  -16.516  -4.510 0.0000000000
63819  -37.182  -16.609  -4.633 0.0000000000
63820  -37.758  -16.271  -4.343 0.0000000000
63826  -35.159  -17.184  -5.245 0.0000000000
63827  -36.224  -16.205  -4.975 0.0000000000
64596  -42.451  -16.506  1.069 0.0000000000
64597  -43.313  -16.331  1.264 0.0000000000
64598  -44.257  -16.044  1.195 0.0000000000
64599  -45.212  -15.761  0.934 0.0000000000
64624  -36.341  -16.880  0.754 0.0000000000
64625  -37.037  -16.525  0.330 0.0000000000
64626  -37.507  -16.138  -0.130 0.0000000000
64627  -41.747  -16.495  0.614 0.0000000000
64628  -44.019  -16.895  0.961 0.0000000000
64629  -44.962  -16.559  0.696 0.0000000000
64630  -45.861  -16.230  0.353 0.0000000000
64631  -46.754  -16.042  0.223 0.0000000000
64632  -47.592  -15.947  0.352 0.0000000000
64647  -37.728  -16.000  -1.090 0.0000000000
64648  -41.004  -16.749  -0.558 0.0000000000
64649  -41.268  -16.283  -0.029 0.0000000000
64658  -37.389  -15.994  -2.217 0.0000000000
64659  -40.124  -16.736  -2.090 0.0000000000
64660  -40.625  -16.750  -1.245 0.0000000000
64669  -36.273  -15.887  -4.132 0.0000000000
64670  -36.715  -15.360  -3.765 0.0000000000
64671  -38.418  -15.990  -4.005 0.0000000000
64672  -39.391  -16.562  -2.993 0.0000000000
64673  -39.807  -15.976  -2.869 0.0000000000
64685  -36.269  -16.016  -4.778 0.0000000000
64686  -36.636  -15.635  -4.662 0.0000000000
64687  -37.291  -15.213  -4.591 0.0000000000
64688  -38.134  -15.042  -4.444 0.0000000000
65527  -35.587  -15.526  0.674 0.0000000000
65528  -36.422  -15.201  0.639 0.0000000000
65529  -37.776  -15.459  -0.292 0.0000000000
65530  -41.609  -15.752  0.527 0.0000000000
65532  -46.125  -15.528  0.615 0.0000000000
65552  -38.022  -15.129  -1.396 0.0000000000
65553  -40.890  -15.998  -0.928 0.0000000000
65554  -41.289  -15.477  -0.202 0.0000000000
65564  -37.530  -15.273  -2.553 0.0000000000
65565  -37.703  -14.518  -2.762 0.0000000000
65566  -40.746  -15.485  -1.737 0.0000000000
65567  -41.097  -15.145  -1.095 0.0000000000
65573  -37.087  -14.510  -3.941 0.0000000000
65574  -37.361  -14.051  -3.791 0.0000000000
65575  -39.181  -15.147  -3.839 0.0000000000
65576  -40.285  -15.287  -2.822 0.0000000000
65586  -37.297  -14.451  -4.385 0.0000000000
65587  -38.168  -14.270  -4.470 0.0000000000
66448  -35.651  -14.794  0.572 0.0000000000
66449  -37.290  -14.729  0.452 0.0000000000
66450  -41.607  -15.002  0.433 0.0000000000
66474  -38.089  -14.645  -0.457 0.0000000000
66475  -38.234  -14.347  -1.602 0.0000000000
66476  -41.402  -14.645  -0.387 0.0000000000
66486  -37.802  -13.880  -2.995 0.0000000000
66487  -40.885  -14.838  -2.077 0.0000000000
66488  -41.282  -14.356  -1.377 0.0000000000
66496  -37.316  -14.066  -4.161 0.0000000000
66497  -37.474  -13.713  -4.016 0.0000000000
66498  -39.417  -14.432  -3.935 0.0000000000
66499  -40.482  -14.447  -3.166 0.0000000000
66500  -41.108  -14.126  -2.440 0.0000000000
66509  -37.568  -13.819  -4.275 0.0000000000
66510  -38.370  -13.437  -4.342 0.0000000000
66511  -39.692  -13.830  -3.967 0.0000000000
67308  -36.007  -13.468  0.534 0.0000000000
67309  -37.041  -13.751  0.643 0.0000000000
67310  -41.896  -13.387  0.349 0.0000000000
67333  -37.891  -13.907  0.190 0.0000000000
67334  -38.343  -13.864  -0.679 0.0000000000
67335  -41.596  -13.701  -0.649 0.0000000000
67345  -38.388  -13.610  -1.909 0.0000000000
67346  -41.513  -13.639  -1.830 0.0000000000
67355  -37.955  -13.267  -3.451 0.0000000000
67356  -40.643  -13.630  -3.515 0.0000000000
67364  -37.905  -13.139  -4.103 0.0000000000
67365  -38.413  -12.793  -4.213 0.0000000000
67366  -39.329  -13.056  -4.241 0.0000000000
67367  -40.293  -12.756  -4.030 0.0000000000
68125  -36.227  -12.075  0.572 0.0000000000
68126  -37.653  -13.078  0.472 0.0000000000
68127  -38.170  -12.392  0.259 0.0000000000
68128  -42.092  -12.691  0.377 0.0000000000
68153  -38.298  -13.194  -0.125 0.0000000000
68154  -38.632  -12.467  -0.823 0.0000000000
68155  -41.913  -12.814  -0.412 0.0000000000
68156  -42.145  -12.240  -1.169 0.0000000000
68166  -38.506  -12.793  -2.293 0.0000000000
68167  -41.840  -12.975  -1.464 0.0000000000
68168  -42.174  -12.423  -2.251 0.0000000000
68176  -38.476  -12.166  -3.189 0.0000000000
68177  -38.676  -11.770  -3.590 0.0000000000
68178  -41.784  -13.064  -2.483 0.0000000000
68179  -42.035  -12.551  -3.200 0.0000000000
68186  -38.427  -12.375  -3.969 0.0000000000
68187  -38.947  -11.716  -4.037 0.0000000000
68188  -39.913  -11.925  -4.177 0.0000000000
68189  -41.175  -12.374  -3.899 0.0000000000
69050  -36.719  -11.184  0.722 0.0000000000
69051  -37.911  -11.396  0.546 0.0000000000
69073  -38.654  -11.030  -0.128 0.0000000000
69074  -42.393  -11.450  -0.978 0.0000000000
69091  -38.824  -11.523  -1.267 0.0000000000
69092  -38.963  -10.875  -2.238 0.0000000000
69093  -42.457  -11.814  -1.942 0.0000000000
69101  -38.717  -11.546  -2.711 0.0000000000
69102  -38.902  -11.086  -3.466 0.0000000000
69103  -42.638  -11.845  -3.022 0.0000000000
69111  -39.576  -11.178  -4.100 0.0000000000
69112  -40.758  -11.551  -4.176 0.0000000000
69113  -41.980  -11.940  -3.824 0.0000000000
69114  -42.675  -11.272  -3.886 0.0000000000
69953  -36.674  -10.156  0.785 0.0000000000
69954  -37.417  -10.570  0.751 0.0000000000
69955  -38.142  -10.437  0.513 0.0000000000
69970  -38.765  -10.218  -0.113 0.0000000000
69971  -39.075  -9.839  -0.887 0.0000000000
69972  -42.581  -10.625  -0.810 0.0000000000
69988  -38.962  -10.625  -1.073 0.0000000000
69989  -39.205  -10.126  -1.874 0.0000000000
69990  -42.799  -11.082  -2.087 0.0000000000
69991  -43.285  -10.542  -2.687 0.0000000000
69999  -39.579  -9.929  -3.639 0.0000000000
70000  -43.166  -11.009  -3.314 0.0000000000
70001  -43.541  -10.364  -3.370 0.0000000000
70011  -40.325  -10.634  -4.184 0.0000000000
70012  -41.563  -10.558  -4.296 0.0000000000
70013  -43.465  -10.462  -3.932 0.0000000000
70850  -36.620  -9.411  0.862 0.0000000000
70851  -37.537  -9.616  0.854 0.0000000000
70852  -38.412  -9.691  0.435 0.0000000000
70853  -38.728  -9.077  0.230 0.0000000000
70854  -42.781  -9.753  0.563 0.0000000000
70869  -38.872  -9.583  -0.134 0.0000000000
70870  -39.173  -9.056  -0.581 0.0000000000
70871  -42.676  -9.805  -0.482 0.0000000000
70872  -43.023  -9.249  -1.282 0.0000000000
70891  -39.354  -9.382  -1.540 0.0000000000
70892  -42.944  -10.162  -1.665 0.0000000000
70893  -43.531  -9.772  -2.657 0.0000000000
70905  -39.434  -9.563  -2.605 0.0000000000
70906  -39.835  -9.216  -3.349 0.0000000000
70907  -43.958  -9.852  -3.752 0.0000000000
70915  -40.501  -9.757  -4.081 0.0000000000
70916  -41.701  -9.637  -4.335 0.0000000000
70917  -43.051  -9.953  -4.407 0.0000000000
70918  -43.957  -9.613  -4.251 0.0000000000
70932  -42.406  -9.274  -4.433 0.0000000000
70933  -43.325  -9.294  -4.521 0.0000000000
70934  -44.018  -9.052  -4.566 0.0000000000
71743  -36.934  -8.781  1.054 0.0000000000
71744  -37.741  -8.702  0.976 0.0000000000
71745  -38.425  -8.527  0.664 0.0000000000
71746  -39.020  -8.424  0.107 0.0000000000
71762  -39.403  -8.275  -0.627 0.0000000000
71763  -43.151  -8.278  -0.848 0.0000000000
71779  -39.587  -8.893  -2.041 0.0000000000
71780  -39.972  -8.498  -2.673 0.0000000000
71781  -43.496  -8.754  -2.165 0.0000000000
71797  -39.661  -9.043  -2.666 0.0000000000
71798  -44.309  -9.297  -4.041 0.0000000000
71810  -40.611  -8.792  -3.793 0.0000000000
71811  -41.592  -8.704  -4.208 0.0000000000
71812  -44.317  -8.878  -4.378 0.0000000000
71813  -44.509  -8.212  -4.599 0.0000000000
71829  -42.520  -8.668  -4.449 0.0000000000
71830  -43.529  -8.668  -4.621 0.0000000000
71831  -44.285  -8.482  -4.640 0.0000000000
72630  -38.645  -7.718  0.654 0.0000000000
72631  -39.256  -7.784  -0.002 0.0000000000
72651  -39.610  -7.516  -0.629 0.0000000000
72652  -39.992  -7.249  -1.319 0.0000000000
72671  -39.735  -8.119  -1.535 0.0000000000
72672  -40.182  -7.650  -2.152 0.0000000000
72673  -43.531  -7.700  -1.849 0.0000000000
72693  -40.522  -7.913  -3.099 0.0000000000
72694  -41.116  -7.388  -3.420 0.0000000000
72695  -44.178  -7.896  -3.068 0.0000000000
72696  -44.621  -7.595  -3.871 0.0000000000
72710  -41.073  -8.138  -3.773 0.0000000000
72711  -41.844  -7.904  -4.140 0.0000000000
72712  -42.597  -7.577  -4.386 0.0000000000
72713  -44.546  -8.528  -3.994 0.0000000000
72714  -44.732  -7.845  -4.772 0.0000000000
72730  -42.795  -8.157  -4.486 0.0000000000
72731  -43.749  -7.954  -4.781 0.0000000000
72732  -44.707  -7.850  -4.836 0.0000000000
73487  -39.250  -6.955  0.231 0.0000000000
73506  -39.787  -6.710  -0.558 0.0000000000
73507  -40.241  -6.501  -1.230 0.0000000000
73524  -40.593  -6.411  -1.980 0.0000000000
73546  -41.090  -6.530  -2.839 0.0000000000
73547  -41.874  -6.899  -3.829 0.0000000000
73568  -43.023  -7.011  -4.530 0.0000000000
73569  -44.993  -7.174  -4.748 0.0000000000
73584  -44.525  -7.286  -5.240 0.0000000000
73585  -44.926  -7.299  -5.199 0.0000000000
74411  -40.932  -5.690  -2.196 0.0000000000
74412  -41.558  -5.894  -3.173 0.0000000000
74430  -42.293  -6.233  -3.986 0.0000000000
74431  -43.246  -6.219  -4.737 0.0000000000
74441  -44.634  -6.612  -5.739 0.0000000000
74442  -45.097  -6.554  -6.034 0.0000000000
74443  -45.145  -6.685  -5.580 0.0000000000
75305  -41.777  -4.529  -3.359 0.0000000000
75306  -42.624  -5.124  -4.390 0.0000000000
75315  -43.831  -5.798  -5.549 0.0000000000
75316  -44.963  -6.171  -6.337 0.0000000000
75328  -44.196  -5.245  -6.248 0.0000000000
76197  -42.157  -4.084  -4.065 0.0000000000
112935  -36.089  -21.820  -4.186 0.0000000000
113068  -38.434  -26.998  -2.304 0.0000000000
113121  -45.546  -25.835  -7.739 0.0000000000
113145  -36.529  -21.541  -6.537 0.0000000000
113165  -36.859  -15.078  -4.395 0.0000000000
113322  -32.810  -41.675  -3.398 0.0000000000
113346  -36.586  -31.976  -5.199 0.0000000000
113347  -32.131  -31.452  -3.267 0.0000000000
113627  -44.538  -46.479  -9.658 0.0000000000
113632  -39.909  -21.566  -4.399 0.0000000000
113661  -40.676  -58.769  -6.938 0.0000000000
113690  -37.704  -47.180  -7.409 0.0000000000
113698  -44.517  -47.442  -9.791 0.0000000000
113748  -41.085  -21.612  -5.908 0.0000000000
113777  -39.099  -10.320  -2.999 0.0000000000
114141  -36.833  -18.933  -0.788 0.0000000000
114153  -43.039  -45.365  -8.649 0.0000000000
114194  -42.348  -47.244  -9.410 0.0000000000
114229  -39.009  -23.851  -2.235 0.0000000000
114267  -36.778  -31.798  1.608 0.0000000000
114503  -40.914  -60.023  -5.418 0.0000000000
114521  -40.074  -21.550  -5.689 0.0000000000
114605  -43.850  -48.364  -9.717 0.0000000000
114669  -41.346  -18.303  -0.307 0.0000000000
114751  -30.102  -51.219  -5.660 0.0000000000
114825  -45.053  -22.619  0.389 0.0000000000
114891  -47.238  -18.984  -2.983 0.0000000000
114987  -40.020  -18.990  -1.674 0.0000000000
115000  -35.284  -23.180  -6.430 0.0000000000
115035  -48.793  -42.953  -10.047 0.0000000000
115182  -38.093  -49.111  -8.312 0.0000000000
115183  -42.167  -11.981  -0.027 0.0000000000
115229  -43.887  -25.304  -5.177 0.0000000000
115329  -37.867  -23.974  -6.487 0.0000000000
115335  -47.312  -18.631  -1.290 0.0000000000
115476  -31.497  -66.747  -12.786 0.0000000000
115534  -37.634  -23.991  -3.881 0.0000000000
115600  -44.744  -33.597  -9.104 0.0000000000
115715  -39.472  -8.748  -1.259 0.0000000000
115778  -36.538  -25.349  -6.525 0.0000000000
115797  -40.848  -46.549  -8.902 0.0000000000
115806  -34.886  -32.625  -0.030 0.0000000000
115807  -42.626  -45.617  -5.472 0.0000000000
115849  -36.681  -51.482  -5.499 0.0000000000
115959  -32.830  -53.163  -1.709 0.0000000000
115963  -33.789  -37.744  -3.277 0.0000000000
115973  -37.104  -50.816  -6.263 0.0000000000
116091  -47.381  -18.316  -0.489 0.0000000000
116141  -36.679  -45.888  -3.801 0.0000000000
116145  -33.474  -41.821  -0.827 0.0000000000
116179  -47.839  -45.158  -10.142 0.0000000000
116188  -41.515  -11.250  -4.192 0.0000000000
116192  -41.186  -57.795  -11.337 0.0000000000
116199  -33.713  -57.829  -6.053 0.0000000000
116225  -39.467  -56.924  -5.393 0.0000000000
116244  -43.635  -54.411  -9.643 0.0000000000
116250  -38.214  -9.136  0.706 0.0000000000
116641  -37.509  -45.845  -6.623 0.0000000000
116657  -31.001  -35.603  -2.982 0.0000000000
116711  -29.612  -61.010  -4.854 0.0000000000
116732  -47.957  -17.351  0.383 0.0000000000
116815  -29.193  -39.881  -1.598 0.0000000000
116878  -33.926  -65.729  -12.121 0.0000000000
117021  -35.261  -18.439  -5.850 0.0000000000
117045  -30.653  -51.858  -4.542 0.0000000000
117048  -29.634  -53.797  -5.700 0.0000000000
117105  -29.561  -62.409  -8.649 0.0000000000
117126  -34.817  -33.337  -2.615 0.0000000000
117156  -44.401  -30.797  -9.391 0.0000000000
117178  -32.956  -33.975  -0.552 0.0000000000
117281  -41.334  -4.896  -2.554 0.0000000000
117325  -42.208  -21.574  -3.198 0.0000000000
117345  -35.275  -35.188  0.375 0.0000000000
117429  -38.453  -28.230  -6.495 0.0000000000
117483  -37.273  -12.186  0.668 0.0000000000
117592  -31.793  -37.967  -3.670 0.0000000000
117594  -35.312  -26.065  -5.925 0.0000000000
117601  -43.378  -19.043  -0.032 0.0000000000
117642  -36.904  -32.540  2.134 0.0000000000
117711  -32.339  -41.134  -3.471 0.0000000000
117729  -33.899  -65.334  -10.978 0.0000000000
117785  -35.699  -16.616  -5.050 0.0000000000
117913  -45.062  -6.856  -5.658 0.0000000000
117964  -35.085  -23.612  -5.509 0.0000000000
118041  -38.552  -13.233  -1.020 0.0000000000
118074  -36.910  -27.050  -4.080 0.0000000000
118095  -31.562  -56.652  -6.531 0.0000000000
118113  -34.660  -30.801  -2.248 0.0000000000
118115  -42.761  -21.531  -3.874 0.0000000000
118164  -45.962  -36.529  -9.138 0.0000000000
118177  -36.266  -18.930  0.724 0.0000000000
118299  -41.700  -37.104  -7.639 0.0000000000
118306  -36.466  -37.325  -2.307 0.0000000000
118318  -36.257  -14.326  0.624 0.0000000000
118320  -39.248  -60.273  -12.303 0.0000000000
118322  -35.409  -36.065  0.503 0.0000000000
118323  -30.465  -49.799  -5.455 0.0000000000
118338  -48.543  -19.780  1.331 0.0000000000
118471  -30.432  -59.290  -5.001 0.0000000000
118499  -40.317  -58.824  -9.842 0.0000000000
118504  -36.752  -23.964  -6.535 0.0000000000
118527  -35.938  -17.283  -3.432 0.0000000000
118557  -34.919  -42.197  -4.062 0.0000000000
118573  -29.664  -39.692  -3.041 0.0000000000
118684  -47.595  -44.383  -10.195 0.0000000000
118730  -35.111  -37.257  -2.387 0.0000000000
118766  -40.789  -29.221  -7.477 0.0000000000
118835  -33.517  -34.324  -2.261 0.0000000000
118935  -34.602  -36.598  0.148 0.0000000000
118945  -30.267  -46.861  -4.310 0.0000000000
119042  -44.265  -39.687  -7.922 0.0000000000
119054  -35.115  -58.436  -9.577 0.0000000000
119110  -32.887  -53.692  -5.556 0.0000000000
119233  -34.891  -42.979  0.259 0.0000000000
119249  -33.918  -20.303  -5.846 0.0000000000
119307  -32.133  -41.538  -1.263 0.0000000000
119441  -32.975  -44.742  -3.613 0.0000000000
119442  -46.636  -22.228  -3.648 0.0000000000
119473  -42.731  -25.556  -8.097 0.0000000000
119562  -44.246  -33.735  -7.836 0.0000000000
119586  -29.937  -57.539  -7.732 0.0000000000
119601  -36.691  -12.887  0.650 0.0000000000
119660  -40.415  -55.068  -6.574 0.0000000000
119693  -36.569  -35.295  -2.242 0.0000000000
119729  -40.601  -32.180  -7.850 0.0000000000
119732  -32.212  -58.044  -6.081 0.0000000000
119734  -31.239  -37.358  -3.351 0.0000000000
119822  -33.904  -50.975  0.096 0.0000000000
119981  -29.787  -63.724  -10.701 0.0000000000
120021  -42.638  -10.530  -4.280 0.0000000000
120023  -30.800  -39.577  -3.421 0.0000000000
120031  -30.917  -38.051  -3.410 0.0000000000
120061  -45.408  -37.318  -3.461 0.0000000000
120112  -35.860  -63.527  -12.410 0.0000000000
120120  -34.340  -41.850  -3.796 0.0000000000
120187  -45.170  -49.460  -9.426 0.0000000000
120565  -42.552  -50.891  -9.593 0.0000000000
120567  -40.612  -7.130  -2.541 0.0000000000
120633  -31.110  -35.079  -1.166 0.0000000000
120675  -39.729  -55.116  -5.888 0.0000000000
120934  -38.837  -22.413  -1.178 0.0000000000
120977  -36.295  -35.940  -2.088 0.0000000000
121000  -30.420  -38.842  -3.285 0.0000000000
121004  -38.024  -58.679  -11.723 0.0000000000
121034  -44.015  -8.443  -2.933 0.0000000000
121054  -30.436  -45.197  -4.205 0.0000000000
121077  -40.267  -50.890  -5.436 0.0000000000
121126  -42.379  -11.057  0.032 0.0000000000
121163  -44.460  -48.369  -7.887 0.0000000000
121274  -47.943  -41.797  -7.585 0.0000000000
121279  -31.550  -38.760  -3.678 0.0000000000
121297  -29.605  -53.137  -5.832 0.0000000000
121358  -29.235  -57.457  -7.867 0.0000000000
121425  -28.324  -37.402  -1.985 0.0000000000
121514  -35.382  -35.812  -1.919 0.0000000000
121550  -42.342  -29.191  -8.755 0.0000000000
121567  -38.430  -27.577  -1.706 0.0000000000
121616  -30.018  -40.023  -1.356 0.0000000000
121650  -36.692  -45.004  -4.245 0.0000000000
121697  -35.035  -19.620  -3.941 0.0000000000
121725  -33.497  -50.165  -1.341 0.0000000000
121827  -31.296  -52.024  -3.984 0.0000000000
121955  -36.758  -28.852  -6.489 0.0000000000
121995  -46.945  -41.711  -6.653 0.0000000000
122038  -42.870  -8.951  -0.050 0.0000000000
122054  -29.363  -43.105  -3.318 0.0000000000
122097  -43.885  -51.139  -9.679 0.0000000000
122125  -45.534  -48.872  -8.622 0.0000000000
122167  -33.677  -31.940  -3.701 0.0000000000
122176  -36.047  -45.862  -3.360 0.0000000000
122244  -31.550  -57.006  -3.275 0.0000000000
122264  -35.516  -28.802  -5.732 0.0000000000
122306  -36.562  -40.742  -5.053 0.0000000000
122364  -43.592  -39.334  -7.593 0.0000000000
122401  -29.534  -38.898  -2.810 0.0000000000
122459  -32.585  -43.998  -1.251 0.0000000000
122482  -29.901  -35.573  -3.055 0.0000000000
122560  -32.142  -42.867  -1.300 0.0000000000
122577  -40.034  -46.257  -8.623 0.0000000000
122585  -46.426  -23.443  -5.772 0.0000000000
122780  -38.914  -25.816  -6.392 0.0000000000
122814  -28.892  -60.457  -5.335 0.0000000000
122819  -31.585  -59.010  -1.954 0.0000000000
122821  -31.499  -41.033  -3.392 0.0000000000
122898  -34.284  -43.790  -3.046 0.0000000000
122931  -39.036  -12.334  -4.202 0.0000000000
122994  -43.025  -50.256  -9.649 0.0000000000
123078  -43.134  -4.811  -5.006 0.0000000000
123104  -31.868  -39.560  -3.728 0.0000000000
123144  -32.374  -38.989  -4.025 0.0000000000
123166  -35.408  -20.331  -3.820 0.0000000000
123172  -43.620  -26.969  -6.434 0.0000000000
123198  -44.257  -30.924  -8.201 0.0000000000
123248  -33.013  -51.842  -1.850 0.0000000000
123282  -33.276  -44.023  -3.246 0.0000000000
123343  -35.423  -17.100  -5.306 0.0000000000
123419  -32.512  -53.006  -2.394 0.0000000000
123465  -44.529  -34.960  -9.340 0.0000000000
123512  -35.162  -50.998  -4.277 0.0000000000
123529  -30.661  -47.768  -3.847 0.0000000000
123532  -44.186  -50.439  -9.595 0.0000000000
123543  -37.856  -29.000  -6.546 0.0000000000
123570  -33.567  -60.778  -8.352 0.0000000000
123606  -40.218  -51.880  -9.144 0.0000000000
123720  -31.723  -40.167  -1.054 0.0000000000
123732  -30.596  -57.027  -4.730 0.0000000000
123752  -36.423  -17.670  -2.483 0.0000000000
123811  -36.915  -18.339  -0.722 0.0000000000
123833  -41.689  -35.052  -8.328 0.0000000000
123843  -44.357  -52.533  -9.802 0.0000000000
124016  -31.936  -37.419  -3.476 0.0000000000
124070  -34.435  -21.953  -6.179 0.0000000000
124088  -44.625  -43.797  -5.560 0.0000000000
124174  -39.704  -33.163  -7.339 0.0000000000
124219  -33.128  -50.981  -1.836 0.0000000000
124223  -36.570  -15.556  -4.498 0.0000000000
124250  -37.640  -17.723  -4.137 0.0000000000
124259  -36.396  -16.070  0.679 0.0000000000
124324  -41.163  -52.177  -9.443 0.0000000000
124342  -37.479  -24.773  -4.067 0.0000000000
124391  -33.047  -37.571  -3.461 0.0000000000
124503  -41.648  -57.199  -11.113 0.0000000000
124536  -40.328  -6.983  -1.830 0.0000000000
124550  -40.311  -49.193  -9.146 0.0000000000
124571  -40.499  -25.755  -6.755 0.0000000000
124577  -41.231  -30.024  -4.763 0.0000000000
124659  -40.819  -47.907  -9.221 0.0000000000
124721  -29.263  -55.061  -6.143 0.0000000000
124739  -44.102  -30.732  -9.645 0.0000000000
124806  -30.226  -50.392  -5.342 0.0000000000
124824  -34.396  -35.612  -1.986 0.0000000000
124875  -33.882  -65.919  -10.234 0.0000000000
124880  -34.322  -45.180  -0.297 0.0000000000
124889  -30.463  -47.760  -4.355 0.0000000000
124903  -29.135  -35.568  -2.730 0.0000000000
124922  -34.403  -58.086  -7.489 0.0000000000
124926  -42.456  -35.178  -8.676 0.0000000000
124995  -44.367  -39.603  -3.627 0.0000000000
125131  -38.196  -12.730  -3.664 0.0000000000
125168  -38.716  -38.955  -2.870 0.0000000000
125173  -35.633  -21.717  -6.507 0.0000000000
125220  -44.311  -40.978  -4.364 0.0000000000
125268  -45.432  -37.419  -4.202 0.0000000000
125278  -45.549  -49.391  -9.217 0.0000000000
125298  -38.919  -29.068  -6.639 0.0000000000
125314  -34.264  -34.137  -0.132 0.0000000000
125348  -38.169  -17.459  -3.755 0.0000000000
125359  -31.896  -38.829  -0.635 0.0000000000
125360  -32.256  -39.550  -0.742 0.0000000000
125390  -43.332  -52.140  -8.295 0.0000000000
125393  -26.555  -61.918  -8.302 0.0000000000
125415  -41.043  -23.166  -6.639 0.0000000000
125464  -32.422  -40.811  -1.101 0.0000000000
125600  -39.851  -25.763  -6.506 0.0000000000
125606  -43.751  -17.697  0.630 0.0000000000
125609  -41.682  -32.138  -8.613 0.0000000000
125633  -39.658  -34.948  -6.730 0.0000000000
125677  -42.919  -37.183  -8.664 0.0000000000
125727  -33.744  -48.901  -4.560 0.0000000000
125738  -33.916  -46.362  -0.729 0.0000000000
125742  -30.189  -49.791  -5.034 0.0000000000
125744  -41.698  -14.212  0.348 0.0000000000
125779  -41.196  -31.999  -8.264 0.0000000000
125782  -43.392  -31.888  -9.446 0.0000000000
125836  -41.907  -51.560  -9.527 0.0000000000
125840  -30.591  -50.648  -4.527 0.0000000000
126033  -38.861  -49.079  -8.636 0.0000000000
126071  -38.001  -8.087  0.998 0.0000000000
126088  -48.406  -42.722  -10.278 0.0000000000
126100  -42.994  -22.824  -6.275 0.0000000000
126165  -35.547  -33.043  0.554 0.0000000000
126177  -42.577  -25.158  -3.070 0.0000000000
126233  -44.453  -31.706  -8.551 0.0000000000
126311  -44.593  -28.887  -9.953 0.0000000000
126514  -36.575  -29.519  -2.466 0.0000000000
126600  -30.881  -56.722  -7.159 0.0000000000
126732  -25.607  -61.776  -7.084 0.0000000000
126783  -29.626  -59.170  -5.409 0.0000000000
126898  -40.620  -52.128  -6.164 0.0000000000
126899  -41.437  -52.046  -6.904 0.0000000000
126940  -39.714  -35.451  -6.311 0.0000000000
127030  -45.739  -39.537  -4.658 0.0000000000
127091  -42.297  -52.029  -7.576 0.0000000000
127134  -29.404  -37.899  -1.196 0.0000000000
127150  -41.839  -56.320  -8.246 0.0000000000
127199  -44.481  -51.220  -9.450 0.0000000000
127245  -35.069  -63.894  -8.528 0.0000000000
127315  -35.078  -50.138  -3.956 0.0000000000
127422  -28.681  -40.054  -2.040 0.0000000000
127434  -39.031  -15.771  -3.682 0.0000000000
127443  -28.376  -37.606  -1.893 0.0000000000
127519  -31.152  -31.769  -3.217 0.0000000000
127552  -40.456  -16.064  -1.922 0.0000000000
127699  -35.531  -16.354  0.844 0.0000000000
127756  -44.093  -9.185  -3.362 0.0000000000
127813  -32.869  -55.177  -5.556 0.0000000000
127874  -41.047  -42.443  -5.804 0.0000000000
127893  -32.566  -32.883  -3.104 0.0000000000
127976  -45.034  -22.209  -0.265 0.0000000000
127978  -41.035  -43.047  -6.387 0.0000000000
127980  -40.332  -43.975  -7.417 0.0000000000
128011  -48.390  -40.451  -7.888 0.0000000000
128135  -39.797  -43.181  -6.695 0.0000000000
128177  -32.039  -31.849  -1.700 0.0000000000
128237  -29.385  -38.544  -1.269 0.0000000000
128274  -45.709  -46.666  -9.942 0.0000000000
128301  -35.762  -27.895  -6.323 0.0000000000
128309  -30.551  -40.993  -3.332 0.0000000000
128328  -32.747  -38.982  -0.488 0.0000000000
128367  -42.438  -33.488  -6.434 0.0000000000
128431  -39.088  -48.610  -8.676 0.0000000000
128571  -37.678  -49.152  -7.935 0.0000000000
128635  -40.098  -47.648  -8.938 0.0000000000
128651  -38.239  -24.976  -6.452 0.0000000000
128672  -42.069  -18.462  0.219 0.0000000000
128701  -30.108  -63.407  -10.001 0.0000000000
128746  -28.561  -38.888  -1.888 0.0000000000
128818  -44.312  -24.728  -7.700 0.0000000000
128842  -42.652  -56.279  -10.098 0.0000000000
128851  -44.377  -51.945  -9.579 0.0000000000
128864  -31.715  -35.507  -0.786 0.0000000000
128877  -32.946  -41.401  -1.058 0.0000000000
128881  -40.696  -58.857  -6.384 0.0000000000
128954  -40.996  -25.455  -7.035 0.0000000000
129011  -31.578  -64.268  -12.056 0.0000000000
129029  -31.522  -39.397  -0.843 0.0000000000
129061  -34.643  -47.334  0.372 0.0000000000
129094  -40.160  -59.222  -10.988 0.0000000000
129179  -42.341  -26.514  -4.587 0.0000000000
129186  -45.090  -45.095  -9.245 0.0000000000
129223  -29.461  -43.763  -2.574 0.0000000000
129276  -35.135  -43.655  -3.299 0.0000000000
129302  -37.483  -26.811  -3.586 0.0000000000
129323  -29.290  -54.875  -7.102 0.0000000000
129424  -44.603  -48.267  -9.767 0.0000000000
129485  -32.840  -36.518  -2.785 0.0000000000
129527  -42.508  -10.336  0.071 0.0000000000
129530  -39.351  -10.571  -3.810 0.0000000000
129544  -33.929  -41.298  -0.603 0.0000000000
129675  -38.556  -11.797  -0.159 0.0000000000
129747  -32.006  -56.266  -1.913 0.0000000000
129756  -34.022  -39.857  -0.288 0.0000000000
129906  -33.528  -35.249  -2.184 0.0000000000
130052  -39.941  -22.017  -6.511 0.0000000000
130062  -37.388  -46.066  -5.705 0.0000000000
130087  -41.953  -50.129  -9.504 0.0000000000
130197  -27.339  -61.082  -5.853 0.0000000000
130307  -47.083  -39.034  -9.538 0.0000000000
130320  -31.601  -58.851  -2.695 0.0000000000
130595  -35.216  -18.237  -3.823 0.0000000000
130629  -35.625  -24.002  -6.466 0.0000000000
130678  -33.544  -65.622  -14.231 0.0000000000
130688  -37.189  -17.276  -0.519 0.0000000000
130846  -27.086  -64.285  -8.956 0.0000000000
130857  -31.243  -60.203  -4.103 0.0000000000
130864  -41.357  -13.072  -3.376 0.0000000000
130966  -41.731  -40.278  -5.104 0.0000000000
130977  -44.094  -36.085  -7.456 0.0000000000
131045  -33.688  -61.867  -11.722 0.0000000000
131056  -36.341  -23.168  -6.540 0.0000000000
131076  -42.069  -5.434  -3.683 0.0000000000
131079  -37.470  -46.673  -6.261 0.0000000000
131219  -41.332  -27.150  -2.668 0.0000000000
131279  -47.134  -42.263  -6.980 0.0000000000
131331  -38.749  -12.119  -2.027 0.0000000000
131332  -37.440  -48.743  -6.428 0.0000000000
131366  -36.467  -34.981  1.688 0.0000000000
131382  -34.782  -23.870  -6.134 0.0000000000
131408  -35.432  -26.040  -6.179 0.0000000000
131452  -40.142  -55.883  -6.250 0.0000000000
131554  -34.431  -46.848  -0.174 0.0000000000
131557  -39.255  -21.441  -5.051 0.0000000000
131606  -42.203  -38.115  -7.167 0.0000000000
131620  -32.442  -49.815  -2.646 0.0000000000
131737  -46.159  -37.790  -4.576 0.0000000000
131806  -44.217  -33.535  -9.391 0.0000000000
131856  -43.513  -25.025  -8.010 0.0000000000
131908  -35.325  -45.864  -3.264 0.0000000000
131913  -35.115  -64.115  -13.962 0.0000000000
131963  -37.877  -31.252  -6.401 0.0000000000
131975  -32.527  -37.396  -0.448 0.0000000000
132012  -43.324  -46.602  -6.473 0.0000000000
132114  -36.712  -53.688  -8.642 0.0000000000
132116  -37.366  -25.391  -6.511 0.0000000000
132158  -40.340  -58.399  -12.115 0.0000000000
132172  -36.314  -31.350  -5.422 0.0000000000
132174  -37.082  -26.232  -4.178 0.0000000000
132340  -36.427  -63.323  -12.857 0.0000000000
132361  -47.734  -42.566  -10.192 0.0000000000
132399  -44.774  -33.630  -8.710 0.0000000000
132403  -44.952  -41.133  -7.643 0.0000000000
132411  -42.360  -26.170  -8.048 0.0000000000
132422  -38.488  -20.584  -4.382 0.0000000000
132511  -38.258  -45.553  -7.644 0.0000000000
132603  -37.799  -45.264  -7.234 0.0000000000
132626  -28.494  -38.521  -2.078 0.0000000000
132661  -37.103  -44.622  -6.070 0.0000000000
132703  -36.201  -62.199  -13.306 0.0000000000
132720  -38.047  -60.028  -7.863 0.0000000000
132766  -36.780  -23.657  -4.397 0.0000000000
132927  -41.208  -56.526  -11.141 0.0000000000
132968  -35.273  -40.190  -5.113 0.0000000000
133024  -30.419  -43.075  -1.684 0.0000000000
133034  -41.451  -37.646  -6.533 0.0000000000
133042  -46.632  -44.659  -9.883 0.0000000000
133173  -30.066  -34.610  -3.156 0.0000000000
133308  -42.490  -34.041  -6.409 0.0000000000
133315  -41.447  -49.077  -6.413 0.0000000000
133390  -33.579  -53.192  -5.258 0.0000000000
133499  -42.751  -44.915  -8.308 0.0000000000
133600  -37.133  -15.709  0.425 0.0000000000
133665  -42.541  -30.477  -6.514 0.0000000000
133678  -37.368  -23.282  -3.909 0.0000000000
133717  -31.648  -40.935  -1.266 0.0000000000
133800  -40.876  -58.354  -7.377 0.0000000000
133829  -39.221  -38.856  -3.135 0.0000000000
133872  -36.577  -52.425  -7.920 0.0000000000
133929  -42.761  -27.790  -6.047 0.0000000000
134040  -33.474  -39.187  -0.316 0.0000000000
134058  -42.942  -47.000  -9.454 0.0000000000
134136  -29.130  -36.155  -1.528 0.0000000000
134211  -37.361  -48.223  -4.764 0.0000000000
134225  -36.710  -51.901  -7.569 0.0000000000
134226  -38.269  -47.928  -8.214 0.0000000000
134242  -35.761  -49.855  -3.782 0.0000000000
134252  -45.707  -44.948  -6.781 0.0000000000
134292  -33.593  -38.654  -4.129 0.0000000000
134396  -34.899  -38.988  0.494 0.0000000000
134560  -46.933  -22.551  -4.657 0.0000000000
134634  -33.998  -20.338  -6.042 0.0000000000
134715  -33.430  -41.304  -0.836 0.0000000000
134831  -33.329  -54.284  -5.406 0.0000000000
134837  -41.418  -19.196  -0.567 0.0000000000
134838  -41.133  -47.553  -9.252 0.0000000000
134877  -28.535  -61.316  -8.125 0.0000000000
134903  -39.206  -60.178  -11.332 0.0000000000
134950  -38.733  -33.920  -6.255 0.0000000000
135023  -41.947  -57.013  -11.011 0.0000000000
135133  -45.372  -21.892  -0.927 0.0000000000
135176  -38.669  -39.517  -3.110 0.0000000000
135278  -39.029  -44.489  -7.646 0.0000000000
135283  -32.273  -64.050  -12.483 0.0000000000
135342  -36.453  -18.818  -5.304 0.0000000000
135536  -33.939  -45.652  -0.664 0.0000000000
135643  -42.391  -27.489  -5.441 0.0000000000
135716  -41.345  -60.737  -5.200 0.0000000000
135737  -31.285  -32.693  -1.491 0.0000000000
135780  -37.153  -20.084  -0.545 0.0000000000
135799  -36.477  -26.653  -4.549 0.0000000000
135816  -33.354  -40.662  -0.766 0.0000000000
135825  -34.154  -34.829  -1.931 0.0000000000
135835  -33.547  -50.782  -5.022 0.0000000000
135857  -43.556  -34.143  -7.368 0.0000000000
135880  -27.118  -60.637  -6.416 0.0000000000
135904  -47.434  -46.496  -9.804 0.0000000000
135929  -46.129  -40.734  -8.833 0.0000000000
135952  -46.381  -37.979  -4.402 0.0000000000
135987  -35.782  -55.273  -8.543 0.0000000000
136008  -44.454  -41.631  -7.262 0.0000000000
136138  -41.127  -41.363  -5.107 0.0000000000
136179  -33.030  -48.773  -1.947 0.0000000000
136322  -32.300  -54.361  -2.372 0.0000000000
136404  -29.217  -39.420  -2.693 0.0000000000
136407  -32.302  -61.260  -6.977 0.0000000000
136430  -41.372  -13.561  -2.742 0.0000000000
136518  -36.787  -33.832  2.326 0.0000000000
136585  -40.929  -27.820  -7.249 0.0000000000
