#!ascii label , from subject sub-09 vox2ras=TkReg lh ROI=ITG coords=white drawn-with=delineation-helper-0.1.0
2395
13531  -47.070  -73.478  2.650 0.0000000000
13532  -48.116  -73.108  2.630 0.0000000000
13544  -46.433  -72.995  1.920 0.0000000000
13565  -46.133  -72.902  -0.811 0.0000000000
13574  -46.710  -73.362  -1.612 0.0000000000
13575  -47.763  -72.967  -2.227 0.0000000000
13588  -48.399  -73.338  -3.048 0.0000000000
13589  -49.113  -72.634  -3.715 0.0000000000
14409  -47.424  -72.931  2.103 0.0000000000
14410  -48.392  -72.681  2.815 0.0000000000
14420  -45.986  -72.669  1.106 0.0000000000
14421  -46.961  -72.477  1.450 0.0000000000
14422  -48.027  -72.507  1.811 0.0000000000
14423  -48.541  -72.324  2.087 0.0000000000
14436  -45.868  -72.644  0.165 0.0000000000
14437  -46.599  -72.158  0.598 0.0000000000
14438  -47.510  -71.913  1.000 0.0000000000
14448  -46.592  -72.159  -0.408 0.0000000000
14449  -47.466  -71.716  -0.947 0.0000000000
14456  -47.071  -72.509  -1.368 0.0000000000
14457  -48.225  -72.100  -1.913 0.0000000000
14458  -49.248  -71.465  -2.531 0.0000000000
14470  -48.900  -72.411  -2.873 0.0000000000
14471  -49.339  -71.767  -3.423 0.0000000000
14480  -49.238  -72.083  -4.141 0.0000000000
15249  -48.258  -71.636  3.360 0.0000000000
15250  -48.480  -72.383  3.065 0.0000000000
15261  -48.757  -71.995  2.204 0.0000000000
15262  -49.217  -71.281  1.816 0.0000000000
15274  -48.453  -71.828  1.396 0.0000000000
15275  -48.940  -71.617  1.649 0.0000000000
15292  -47.235  -71.584  0.075 0.0000000000
15293  -48.106  -71.316  0.454 0.0000000000
15294  -48.905  -71.146  0.858 0.0000000000
15305  -47.922  -71.242  -0.448 0.0000000000
15306  -48.686  -70.711  -0.485 0.0000000000
15318  -48.470  -71.326  -1.407 0.0000000000
15319  -49.179  -70.859  -1.726 0.0000000000
15320  -49.449  -70.677  -2.245 0.0000000000
15333  -46.517  -71.286  -3.020 0.0000000000
15334  -47.820  -70.869  -3.437 0.0000000000
15335  -49.524  -71.073  -3.031 0.0000000000
15336  -49.406  -70.811  -3.178 0.0000000000
15341  -47.297  -71.535  -3.796 0.0000000000
15342  -48.570  -71.269  -3.991 0.0000000000
15343  -49.299  -71.364  -3.667 0.0000000000
16083  -48.832  -71.551  2.475 0.0000000000
16089  -49.449  -70.645  2.125 0.0000000000
16100  -49.372  -70.942  1.181 0.0000000000
16101  -49.609  -70.654  1.468 0.0000000000
16114  -49.350  -70.332  0.103 0.0000000000
16115  -49.891  -70.300  0.839 0.0000000000
16125  -43.731  -69.735  -0.695 0.0000000000
16126  -44.576  -69.765  -0.750 0.0000000000
16127  -45.287  -69.298  -0.617 0.0000000000
16128  -49.413  -70.287  -1.211 0.0000000000
16129  -49.861  -69.792  -0.073 0.0000000000
16142  -44.402  -70.469  -1.226 0.0000000000
16143  -45.332  -70.080  -1.169 0.0000000000
16144  -47.290  -70.059  -2.180 0.0000000000
16145  -48.528  -69.799  -2.439 0.0000000000
16146  -49.627  -70.086  -1.682 0.0000000000
16155  -45.823  -71.000  -2.279 0.0000000000
16156  -46.948  -70.655  -2.640 0.0000000000
16157  -48.226  -70.338  -2.960 0.0000000000
16158  -49.182  -70.326  -2.920 0.0000000000
16159  -49.432  -70.423  -2.486 0.0000000000
16164  -48.978  -70.720  -3.507 0.0000000000
16927  -47.145  -70.208  3.624 0.0000000000
16928  -48.351  -70.759  3.012 0.0000000000
16939  -47.809  -69.688  3.171 0.0000000000
16940  -50.026  -69.817  2.041 0.0000000000
16941  -50.566  -69.228  1.697 0.0000000000
16956  -50.151  -69.967  1.438 0.0000000000
16957  -50.766  -69.186  1.140 0.0000000000
16968  -50.338  -69.625  0.633 0.0000000000
16969  -50.680  -69.045  0.559 0.0000000000
16979  -43.213  -68.928  -0.488 0.0000000000
16980  -44.185  -69.119  -0.419 0.0000000000
16981  -47.404  -68.905  -1.079 0.0000000000
16982  -50.233  -69.193  -0.251 0.0000000000
16995  -46.371  -69.677  -1.330 0.0000000000
16996  -48.640  -69.224  -1.754 0.0000000000
16997  -49.458  -69.416  -1.704 0.0000000000
16998  -49.610  -69.784  -1.774 0.0000000000
17009  -49.329  -69.834  -2.283 0.0000000000
17798  -46.057  -68.851  3.639 0.0000000000
17799  -46.821  -69.291  3.441 0.0000000000
17805  -46.759  -68.364  3.179 0.0000000000
17806  -47.439  -68.894  3.161 0.0000000000
17807  -48.429  -68.888  2.976 0.0000000000
17808  -49.626  -68.626  2.758 0.0000000000
17809  -50.642  -68.296  2.459 0.0000000000
17810  -51.310  -67.989  2.082 0.0000000000
17818  -51.133  -68.483  1.556 0.0000000000
17819  -51.534  -67.757  1.729 0.0000000000
17829  -43.767  -67.660  -0.174 0.0000000000
17830  -45.037  -67.873  0.167 0.0000000000
17831  -45.993  -67.801  0.139 0.0000000000
17832  -51.167  -68.473  0.956 0.0000000000
17833  -51.470  -67.739  1.325 0.0000000000
17841  -43.759  -68.347  -0.232 0.0000000000
17842  -45.654  -68.519  -0.257 0.0000000000
17843  -46.660  -68.405  -0.398 0.0000000000
17844  -47.697  -68.235  -0.548 0.0000000000
17845  -48.760  -68.212  -0.717 0.0000000000
17846  -49.672  -68.455  -0.746 0.0000000000
17847  -50.638  -68.557  0.176 0.0000000000
17858  -48.371  -68.641  -1.139 0.0000000000
17859  -49.237  -68.824  -1.321 0.0000000000
17860  -49.815  -69.146  -1.159 0.0000000000
18728  -45.835  -68.056  3.426 0.0000000000
18730  -45.782  -67.236  3.131 0.0000000000
18731  -46.750  -66.865  2.852 0.0000000000
18732  -47.337  -67.505  2.954 0.0000000000
18733  -48.299  -67.458  3.018 0.0000000000
18734  -50.149  -67.720  2.911 0.0000000000
18735  -51.224  -67.472  2.596 0.0000000000
18736  -51.787  -67.233  2.158 0.0000000000
18749  -51.826  -67.111  1.815 0.0000000000
18759  -43.995  -66.954  -0.089 0.0000000000
18760  -44.462  -67.288  0.179 0.0000000000
18761  -45.340  -67.040  0.386 0.0000000000
18762  -46.348  -67.003  0.393 0.0000000000
18763  -47.333  -66.975  0.315 0.0000000000
18764  -48.532  -66.833  0.284 0.0000000000
18765  -50.080  -67.100  0.285 0.0000000000
18766  -51.611  -67.154  1.353 0.0000000000
18773  -43.307  -67.543  -0.636 0.0000000000
18774  -47.011  -67.691  0.026 0.0000000000
18775  -48.076  -67.588  -0.102 0.0000000000
18776  -49.297  -67.686  -0.229 0.0000000000
18777  -50.306  -67.983  -0.127 0.0000000000
18778  -51.139  -67.838  0.632 0.0000000000
18808  -42.958  -68.234  -3.182 0.0000000000
18809  -43.813  -68.168  -3.819 0.0000000000
18810  -44.521  -68.067  -4.252 0.0000000000
18817  -43.278  -68.193  -4.270 0.0000000000
18818  -44.226  -68.110  -4.620 0.0000000000
18819  -44.744  -68.105  -4.876 0.0000000000
18823  -43.888  -68.055  -4.649 0.0000000000
19622  -45.902  -66.313  2.780 0.0000000000
19623  -47.011  -66.023  2.686 0.0000000000
19624  -48.134  -66.532  2.875 0.0000000000
19625  -50.800  -66.840  2.979 0.0000000000
19626  -51.845  -66.664  2.548 0.0000000000
19627  -52.122  -66.632  2.167 0.0000000000
19642  -52.090  -66.508  1.956 0.0000000000
19653  -44.780  -66.508  0.227 0.0000000000
19654  -45.747  -66.133  0.425 0.0000000000
19655  -46.694  -66.376  0.467 0.0000000000
19656  -47.488  -66.221  0.492 0.0000000000
19657  -49.444  -66.206  0.550 0.0000000000
19658  -50.766  -66.399  0.796 0.0000000000
19659  -51.674  -66.506  1.416 0.0000000000
19667  -43.616  -66.858  -0.814 0.0000000000
19668  -44.362  -66.293  -0.264 0.0000000000
19679  -43.651  -67.268  -2.125 0.0000000000
19680  -44.092  -66.342  -1.081 0.0000000000
19681  -44.580  -66.409  -1.856 0.0000000000
19701  -44.968  -67.285  -3.302 0.0000000000
19702  -45.755  -67.062  -3.638 0.0000000000
19708  -42.353  -68.218  -4.132 0.0000000000
19709  -43.171  -68.016  -4.496 0.0000000000
19710  -43.858  -67.757  -4.733 0.0000000000
19711  -45.159  -67.931  -4.571 0.0000000000
19712  -45.948  -67.768  -4.871 0.0000000000
19713  -46.882  -67.504  -5.108 0.0000000000
19714  -47.706  -67.230  -5.420 0.0000000000
19718  -44.576  -68.058  -4.966 0.0000000000
19719  -45.300  -67.905  -5.164 0.0000000000
19720  -46.195  -67.561  -5.541 0.0000000000
19721  -47.084  -67.519  -5.913 0.0000000000
19722  -47.910  -67.393  -6.150 0.0000000000
19723  -48.980  -66.997  -6.260 0.0000000000
19736  -46.875  -67.413  -5.977 0.0000000000
19737  -47.741  -67.194  -6.503 0.0000000000
19738  -48.139  -67.174  -6.713 0.0000000000
19739  -48.598  -67.001  -6.807 0.0000000000
19756  -48.002  -67.164  -6.711 0.0000000000
20555  -47.164  -65.269  2.586 0.0000000000
20556  -50.901  -65.221  2.996 0.0000000000
20557  -52.235  -65.198  2.738 0.0000000000
20567  -51.699  -65.023  1.531 0.0000000000
20568  -52.348  -65.725  1.979 0.0000000000
20577  -45.121  -65.778  0.129 0.0000000000
20578  -45.928  -65.259  0.246 0.0000000000
20579  -46.656  -65.636  0.472 0.0000000000
20580  -47.612  -65.387  0.538 0.0000000000
20581  -48.886  -65.260  0.702 0.0000000000
20582  -50.398  -65.592  0.944 0.0000000000
20589  -44.738  -65.748  -0.639 0.0000000000
20590  -45.513  -65.197  -0.233 0.0000000000
20603  -45.304  -65.384  -1.144 0.0000000000
20604  -46.022  -65.116  -1.621 0.0000000000
20620  -44.370  -65.760  -3.964 0.0000000000
20621  -45.460  -66.085  -2.304 0.0000000000
20622  -46.295  -65.876  -2.720 0.0000000000
20623  -47.118  -65.635  -3.056 0.0000000000
20632  -43.227  -67.147  -4.379 0.0000000000
20633  -45.330  -66.962  -5.446 0.0000000000
20634  -46.596  -66.774  -3.928 0.0000000000
20635  -47.488  -66.513  -4.188 0.0000000000
20636  -48.579  -66.876  -5.596 0.0000000000
20637  -49.209  -66.029  -4.735 0.0000000000
20642  -45.143  -67.778  -5.282 0.0000000000
20643  -46.988  -66.695  -6.134 0.0000000000
20644  -49.430  -66.523  -5.815 0.0000000000
20649  -47.719  -67.189  -6.505 0.0000000000
20650  -47.889  -66.938  -6.924 0.0000000000
20651  -49.471  -66.560  -6.836 0.0000000000
20652  -50.258  -66.109  -6.833 0.0000000000
20664  -48.270  -67.100  -6.750 0.0000000000
20665  -49.334  -66.351  -7.146 0.0000000000
20666  -49.978  -66.144  -7.419 0.0000000000
20677  -49.949  -65.599  -7.903 0.0000000000
21496  -46.253  -64.792  2.488 0.0000000000
21497  -48.607  -64.434  2.657 0.0000000000
21498  -49.990  -64.438  2.870 0.0000000000
21499  -51.538  -64.447  2.885 0.0000000000
21500  -52.515  -64.377  2.402 0.0000000000
21510  -52.499  -64.691  2.250 0.0000000000
21519  -46.225  -64.656  -0.013 0.0000000000
21520  -46.843  -64.283  0.054 0.0000000000
21521  -47.909  -64.572  0.501 0.0000000000
21522  -49.118  -64.267  0.718 0.0000000000
21523  -50.759  -64.131  1.140 0.0000000000
21534  -46.696  -64.294  -0.378 0.0000000000
21535  -47.249  -63.960  -0.812 0.0000000000
21550  -45.988  -64.737  -0.667 0.0000000000
21551  -46.598  -64.436  -1.168 0.0000000000
21552  -47.305  -64.301  -1.614 0.0000000000
21553  -48.153  -64.219  -2.102 0.0000000000
21564  -45.055  -63.928  -2.769 0.0000000000
21565  -46.767  -64.925  -2.074 0.0000000000
21566  -48.080  -65.283  -3.248 0.0000000000
21567  -49.083  -64.484  -2.954 0.0000000000
21568  -50.625  -64.282  -3.431 0.0000000000
21579  -45.087  -65.736  -4.432 0.0000000000
21580  -45.955  -65.403  -4.690 0.0000000000
21581  -48.373  -66.291  -4.462 0.0000000000
21582  -49.733  -65.008  -3.924 0.0000000000
21583  -51.276  -64.259  -4.089 0.0000000000
21592  -46.135  -66.841  -5.707 0.0000000000
21593  -47.451  -65.077  -5.395 0.0000000000
21594  -48.320  -65.123  -6.059 0.0000000000
21595  -49.890  -65.710  -4.942 0.0000000000
21596  -50.289  -65.824  -5.818 0.0000000000
21597  -51.044  -64.817  -5.148 0.0000000000
21603  -47.796  -66.445  -6.479 0.0000000000
21604  -48.570  -66.437  -6.920 0.0000000000
21605  -49.369  -65.681  -7.455 0.0000000000
21606  -50.520  -65.680  -6.998 0.0000000000
21607  -50.757  -65.307  -6.173 0.0000000000
21613  -50.403  -65.417  -7.586 0.0000000000
21614  -51.050  -64.781  -6.645 0.0000000000
21619  -50.003  -64.802  -8.558 0.0000000000
21620  -50.275  -64.897  -8.269 0.0000000000
21621  -50.917  -64.506  -7.599 0.0000000000
21634  -49.990  -64.090  -9.247 0.0000000000
22458  -45.601  -64.139  2.439 0.0000000000
22459  -50.520  -63.700  2.757 0.0000000000
22460  -51.887  -63.654  2.686 0.0000000000
22461  -52.706  -63.419  2.247 0.0000000000
22472  -52.498  -64.036  1.743 0.0000000000
22473  -52.741  -63.616  2.048 0.0000000000
22474  -52.975  -63.083  1.953 0.0000000000
22486  -48.228  -63.908  0.318 0.0000000000
22487  -49.708  -63.611  0.526 0.0000000000
22488  -51.786  -63.574  1.102 0.0000000000
22489  -52.983  -63.128  1.714 0.0000000000
22504  -47.469  -63.863  -0.079 0.0000000000
22505  -48.535  -63.478  0.049 0.0000000000
22506  -49.010  -63.256  -0.521 0.0000000000
22519  -43.407  -63.134  -1.282 0.0000000000
22520  -44.308  -63.014  -1.701 0.0000000000
22521  -48.017  -63.583  -0.612 0.0000000000
22522  -48.556  -63.555  -1.297 0.0000000000
22523  -49.813  -63.304  -1.325 0.0000000000
22524  -50.947  -63.354  -1.834 0.0000000000
22525  -52.221  -63.120  -1.716 0.0000000000
22533  -44.542  -63.631  -2.241 0.0000000000
22534  -45.769  -63.286  -2.829 0.0000000000
22535  -49.067  -63.796  -2.023 0.0000000000
22536  -50.049  -63.829  -2.470 0.0000000000
22537  -51.257  -63.592  -2.578 0.0000000000
22538  -52.051  -63.255  -2.661 0.0000000000
22546  -45.527  -64.458  -3.575 0.0000000000
22547  -46.273  -63.940  -3.650 0.0000000000
22548  -46.954  -63.275  -3.664 0.0000000000
22549  -51.442  -63.785  -3.262 0.0000000000
22550  -51.816  -63.456  -3.565 0.0000000000
22557  -46.810  -64.452  -4.456 0.0000000000
22558  -47.556  -63.598  -4.367 0.0000000000
22559  -48.277  -63.840  -5.069 0.0000000000
22560  -51.589  -63.840  -4.691 0.0000000000
22567  -49.015  -63.977  -5.801 0.0000000000
22568  -49.349  -64.258  -6.739 0.0000000000
22573  -49.610  -64.715  -7.890 0.0000000000
22574  -51.444  -63.758  -6.774 0.0000000000
22584  -49.837  -64.402  -8.782 0.0000000000
22585  -50.146  -64.333  -8.994 0.0000000000
22586  -50.728  -64.130  -8.421 0.0000000000
22601  -49.919  -63.447  -9.694 0.0000000000
22602  -50.084  -63.707  -9.521 0.0000000000
22603  -50.475  -63.769  -9.065 0.0000000000
23435  -46.206  -62.892  2.282 0.0000000000
23436  -47.236  -62.737  2.274 0.0000000000
23437  -49.744  -62.928  2.477 0.0000000000
23438  -51.968  -62.807  2.436 0.0000000000
23439  -52.840  -62.812  2.121 0.0000000000
23449  -49.188  -62.134  2.159 0.0000000000
23450  -50.551  -62.287  2.246 0.0000000000
23451  -53.028  -62.680  1.785 0.0000000000
23465  -49.559  -63.216  0.082 0.0000000000
23466  -51.056  -63.186  0.415 0.0000000000
23467  -52.885  -62.998  0.846 0.0000000000
23468  -53.099  -62.436  1.226 0.0000000000
23483  -43.203  -62.284  -0.889 0.0000000000
23484  -50.368  -63.076  -0.358 0.0000000000
23485  -52.220  -62.967  -0.095 0.0000000000
23486  -53.251  -62.298  0.262 0.0000000000
23487  -53.245  -62.236  -0.589 0.0000000000
23498  -43.934  -62.275  -1.308 0.0000000000
23499  -51.432  -63.068  -0.999 0.0000000000
23500  -53.027  -62.220  -1.412 0.0000000000
23509  -45.095  -62.948  -2.201 0.0000000000
23510  -45.474  -62.113  -2.108 0.0000000000
23511  -46.154  -62.277  -2.605 0.0000000000
23512  -52.378  -62.788  -2.907 0.0000000000
23513  -52.771  -62.236  -2.376 0.0000000000
23518  -46.891  -62.307  -3.154 0.0000000000
23519  -47.565  -62.493  -3.735 0.0000000000
23520  -52.147  -62.939  -3.904 0.0000000000
23521  -52.564  -62.238  -3.343 0.0000000000
23531  -48.217  -62.691  -4.393 0.0000000000
23532  -48.885  -62.872  -5.113 0.0000000000
23533  -51.946  -62.948  -4.918 0.0000000000
23539  -49.359  -63.081  -5.930 0.0000000000
23540  -49.476  -63.392  -6.887 0.0000000000
23541  -51.551  -63.803  -5.736 0.0000000000
23548  -49.511  -63.736  -7.993 0.0000000000
23549  -51.559  -62.861  -7.085 0.0000000000
23559  -49.247  -62.773  -9.409 0.0000000000
23560  -49.425  -63.347  -8.831 0.0000000000
23561  -50.763  -62.380  -8.867 0.0000000000
23562  -51.092  -63.168  -8.399 0.0000000000
23573  -49.601  -63.259  -9.564 0.0000000000
23574  -50.427  -63.149  -9.442 0.0000000000
23582  -49.560  -62.687  -9.945 0.0000000000
23583  -50.005  -63.035  -9.995 0.0000000000
24394  -46.778  -61.194  2.032 0.0000000000
24395  -48.090  -61.948  2.113 0.0000000000
24396  -52.682  -62.338  1.962 0.0000000000
24405  -47.004  -60.568  1.779 0.0000000000
24406  -47.681  -61.051  1.863 0.0000000000
24407  -48.730  -61.403  1.794 0.0000000000
24408  -50.716  -61.709  1.812 0.0000000000
24409  -51.987  -61.822  1.716 0.0000000000
24426  -50.855  -61.367  1.276 0.0000000000
24427  -53.017  -62.078  1.391 0.0000000000
24441  -42.936  -61.683  -0.685 0.0000000000
24442  -53.303  -61.968  -0.007 0.0000000000
24451  -43.556  -61.543  -0.980 0.0000000000
24452  -44.316  -61.477  -1.399 0.0000000000
24453  -45.109  -61.398  -1.789 0.0000000000
24454  -53.099  -61.881  -0.971 0.0000000000
24465  -45.949  -61.285  -2.284 0.0000000000
24466  -52.733  -61.696  -2.108 0.0000000000
24471  -46.702  -61.478  -2.811 0.0000000000
24472  -47.378  -61.546  -3.377 0.0000000000
24473  -52.670  -61.631  -2.988 0.0000000000
24481  -48.078  -61.655  -4.008 0.0000000000
24482  -48.635  -61.858  -4.747 0.0000000000
24483  -52.554  -61.569  -3.823 0.0000000000
24486  -49.119  -62.135  -5.528 0.0000000000
24487  -49.339  -62.508  -6.247 0.0000000000
24488  -52.210  -62.087  -5.157 0.0000000000
24489  -52.267  -61.243  -5.101 0.0000000000
24495  -48.966  -61.617  -6.273 0.0000000000
24496  -49.315  -62.600  -7.318 0.0000000000
24497  -51.351  -61.968  -7.544 0.0000000000
24508  -48.920  -62.319  -8.533 0.0000000000
24519  -48.812  -62.094  -9.623 0.0000000000
24520  -49.846  -61.448  -9.995 0.0000000000
24521  -50.217  -62.398  -9.846 0.0000000000
24527  -49.657  -62.196  -10.158 0.0000000000
25375  -46.719  -59.970  1.626 0.0000000000
25376  -47.439  -60.296  1.486 0.0000000000
25377  -48.299  -60.692  1.437 0.0000000000
25378  -49.499  -61.168  1.417 0.0000000000
25393  -47.827  -59.993  1.015 0.0000000000
25394  -48.713  -60.435  0.869 0.0000000000
25395  -49.816  -60.813  0.688 0.0000000000
25396  -51.175  -61.166  0.533 0.0000000000
25410  -42.292  -60.060  -0.366 0.0000000000
25411  -42.947  -60.892  -0.649 0.0000000000
25412  -49.015  -60.189  0.031 0.0000000000
25413  -50.081  -60.609  -0.209 0.0000000000
25414  -51.414  -61.051  -0.384 0.0000000000
25415  -52.640  -61.545  -0.608 0.0000000000
25426  -43.871  -60.610  -1.137 0.0000000000
25427  -44.549  -60.003  -1.533 0.0000000000
25428  -45.371  -60.436  -1.946 0.0000000000
25429  -50.314  -60.389  -1.115 0.0000000000
25430  -51.404  -60.839  -1.387 0.0000000000
25431  -52.324  -61.317  -1.693 0.0000000000
25441  -46.104  -60.467  -2.410 0.0000000000
25442  -46.602  -60.153  -2.871 0.0000000000
25443  -51.462  -60.472  -2.263 0.0000000000
25444  -52.220  -60.879  -2.593 0.0000000000
25445  -52.532  -61.166  -2.936 0.0000000000
25453  -47.193  -59.935  -3.637 0.0000000000
25454  -47.684  -60.789  -3.796 0.0000000000
25455  -52.235  -60.522  -3.347 0.0000000000
25456  -52.524  -60.996  -3.575 0.0000000000
25463  -48.272  -60.877  -4.645 0.0000000000
25464  -52.171  -60.457  -4.784 0.0000000000
25465  -52.470  -60.964  -4.309 0.0000000000
25470  -47.868  -59.965  -6.294 0.0000000000
25471  -48.413  -60.705  -5.721 0.0000000000
25472  -51.849  -60.798  -5.642 0.0000000000
25480  -47.792  -60.136  -7.607 0.0000000000
25481  -48.381  -60.815  -6.912 0.0000000000
25482  -50.736  -60.869  -7.292 0.0000000000
25483  -51.448  -61.152  -6.522 0.0000000000
25495  -47.886  -60.367  -8.903 0.0000000000
25496  -48.344  -61.222  -8.422 0.0000000000
25497  -50.055  -60.794  -9.048 0.0000000000
25498  -50.786  -61.584  -8.222 0.0000000000
25506  -48.277  -60.345  -9.872 0.0000000000
25507  -48.460  -61.185  -9.766 0.0000000000
25508  -50.434  -61.630  -9.170 0.0000000000
25512  -48.181  -59.709  -9.875 0.0000000000
25513  -48.851  -60.945  -10.327 0.0000000000
25514  -49.265  -61.356  -10.279 0.0000000000
25519  -49.100  -60.645  -10.385 0.0000000000
26348  -46.487  -59.312  1.375 0.0000000000
26349  -47.118  -59.647  1.202 0.0000000000
26363  -46.837  -59.122  0.944 0.0000000000
26364  -47.386  -59.253  0.554 0.0000000000
26365  -48.161  -59.718  0.310 0.0000000000
26375  -41.947  -59.096  -0.254 0.0000000000
26376  -42.668  -59.180  -0.623 0.0000000000
26377  -43.299  -59.076  -0.985 0.0000000000
26378  -47.812  -59.061  -0.110 0.0000000000
26379  -48.499  -59.299  -0.576 0.0000000000
26380  -49.363  -59.929  -0.826 0.0000000000
26390  -44.363  -59.133  -1.595 0.0000000000
26391  -45.088  -59.438  -1.959 0.0000000000
26392  -49.077  -59.137  -1.273 0.0000000000
26393  -50.586  -60.044  -1.945 0.0000000000
26403  -45.901  -59.645  -2.477 0.0000000000
26404  -46.485  -59.337  -3.217 0.0000000000
26405  -51.038  -59.534  -2.674 0.0000000000
26406  -51.702  -60.044  -3.026 0.0000000000
26415  -46.868  -58.971  -4.012 0.0000000000
26416  -51.378  -59.101  -3.384 0.0000000000
26424  -47.415  -59.481  -4.566 0.0000000000
26425  -51.898  -59.717  -4.411 0.0000000000
26431  -47.500  -59.270  -5.605 0.0000000000
26432  -50.780  -59.471  -5.672 0.0000000000
26433  -51.643  -59.942  -5.231 0.0000000000
26442  -47.472  -59.165  -6.843 0.0000000000
26443  -49.671  -59.263  -7.382 0.0000000000
26444  -50.256  -59.847  -6.738 0.0000000000
26445  -51.125  -60.360  -6.132 0.0000000000
26455  -47.577  -59.488  -8.171 0.0000000000
26456  -49.726  -59.889  -8.820 0.0000000000
26457  -49.995  -60.248  -7.859 0.0000000000
26465  -47.771  -59.698  -9.237 0.0000000000
26466  -49.551  -59.896  -9.948 0.0000000000
26472  -49.295  -59.980  -10.255 0.0000000000
26479  -48.798  -59.964  -10.353 0.0000000000
27259  -45.917  -58.809  1.493 0.0000000000
27260  -46.402  -58.710  1.019 0.0000000000
27276  -46.821  -58.635  0.531 0.0000000000
27277  -47.304  -58.502  -0.056 0.0000000000
27286  -42.357  -58.403  -0.540 0.0000000000
27287  -42.911  -58.530  -0.836 0.0000000000
27288  -47.919  -58.426  -0.665 0.0000000000
27289  -48.630  -58.413  -1.272 0.0000000000
27297  -43.402  -58.332  -1.181 0.0000000000
27298  -44.094  -58.266  -1.623 0.0000000000
27299  -44.766  -58.622  -2.014 0.0000000000
27300  -49.504  -58.411  -1.875 0.0000000000
27301  -50.287  -59.025  -2.301 0.0000000000
27310  -44.552  -57.959  -2.087 0.0000000000
27311  -45.062  -58.100  -2.457 0.0000000000
27312  -45.961  -58.890  -2.888 0.0000000000
27313  -50.266  -58.019  -2.534 0.0000000000
27314  -50.840  -58.533  -2.905 0.0000000000
27323  -45.629  -58.243  -2.926 0.0000000000
27324  -46.241  -58.414  -3.520 0.0000000000
27325  -51.013  -58.184  -3.584 0.0000000000
27326  -51.578  -58.928  -4.028 0.0000000000
27332  -46.579  -58.123  -4.344 0.0000000000
27333  -47.108  -58.592  -4.973 0.0000000000
27334  -50.995  -58.361  -4.385 0.0000000000
27335  -51.344  -59.120  -4.775 0.0000000000
27338  -46.816  -57.811  -5.101 0.0000000000
27339  -47.135  -57.711  -5.831 0.0000000000
27340  -49.742  -58.069  -5.735 0.0000000000
27341  -50.518  -58.631  -5.242 0.0000000000
27350  -47.345  -58.172  -6.676 0.0000000000
27351  -49.624  -58.497  -6.639 0.0000000000
27352  -49.938  -58.964  -6.222 0.0000000000
27360  -47.463  -58.603  -7.683 0.0000000000
27361  -49.578  -58.462  -7.439 0.0000000000
27362  -49.867  -58.384  -8.578 0.0000000000
27367  -48.002  -58.489  -9.433 0.0000000000
27368  -49.745  -59.233  -9.385 0.0000000000
27374  -48.412  -59.208  -10.029 0.0000000000
27375  -49.649  -59.137  -10.107 0.0000000000
27376  -50.273  -58.479  -9.922 0.0000000000
27381  -48.990  -59.069  -10.398 0.0000000000
27382  -49.565  -58.740  -10.273 0.0000000000
27383  -50.162  -58.308  -10.201 0.0000000000
28112  -45.925  -58.165  1.034 0.0000000000
28122  -46.065  -57.465  0.474 0.0000000000
28123  -46.721  -57.921  0.097 0.0000000000
28132  -42.795  -57.655  -0.913 0.0000000000
28133  -46.613  -57.056  -0.233 0.0000000000
28134  -47.361  -57.574  -0.592 0.0000000000
28135  -48.169  -57.617  -1.205 0.0000000000
28143  -43.531  -57.560  -1.435 0.0000000000
28144  -44.153  -57.399  -1.910 0.0000000000
28145  -47.844  -56.798  -1.182 0.0000000000
28146  -48.954  -57.556  -1.714 0.0000000000
28153  -44.707  -57.394  -2.444 0.0000000000
28154  -45.278  -57.546  -2.898 0.0000000000
28155  -49.719  -57.384  -2.262 0.0000000000
28156  -50.332  -57.235  -2.764 0.0000000000
28165  -45.784  -57.654  -3.426 0.0000000000
28166  -46.224  -57.658  -3.919 0.0000000000
28167  -50.583  -57.321  -3.385 0.0000000000
28173  -46.412  -57.201  -4.566 0.0000000000
28174  -49.776  -57.232  -4.924 0.0000000000
28175  -50.618  -57.569  -4.141 0.0000000000
28183  -46.770  -57.086  -5.364 0.0000000000
28184  -47.093  -57.009  -5.914 0.0000000000
28185  -50.312  -57.952  -4.851 0.0000000000
28193  -47.324  -57.312  -6.503 0.0000000000
28194  -49.537  -57.879  -6.589 0.0000000000
28201  -47.502  -57.675  -7.370 0.0000000000
28202  -49.662  -57.715  -7.444 0.0000000000
28203  -50.241  -57.405  -8.257 0.0000000000
28208  -47.659  -58.087  -8.366 0.0000000000
28209  -48.094  -57.656  -8.944 0.0000000000
28210  -50.707  -57.711  -9.390 0.0000000000
28211  -51.252  -57.214  -9.621 0.0000000000
28218  -48.640  -57.731  -9.792 0.0000000000
28219  -49.436  -57.420  -10.281 0.0000000000
28220  -50.781  -57.783  -10.064 0.0000000000
28221  -51.128  -57.236  -10.127 0.0000000000
28228  -49.235  -58.292  -10.329 0.0000000000
28229  -49.939  -57.967  -10.440 0.0000000000
28230  -50.521  -57.573  -10.297 0.0000000000
28973  -45.996  -56.548  0.093 0.0000000000
28984  -46.603  -56.073  -0.489 0.0000000000
28985  -47.535  -55.898  -1.090 0.0000000000
28993  -42.683  -56.774  -1.031 0.0000000000
28994  -43.630  -56.731  -1.712 0.0000000000
28995  -48.523  -56.085  -1.609 0.0000000000
28996  -49.192  -56.706  -2.011 0.0000000000
29004  -44.287  -56.524  -2.363 0.0000000000
29005  -44.975  -56.817  -2.913 0.0000000000
29006  -49.875  -56.599  -2.554 0.0000000000
29007  -50.300  -56.598  -3.060 0.0000000000
29015  -44.772  -55.991  -3.026 0.0000000000
29016  -45.354  -56.402  -3.464 0.0000000000
29017  -49.931  -55.976  -3.369 0.0000000000
29018  -50.190  -56.695  -3.909 0.0000000000
29023  -45.734  -56.048  -4.057 0.0000000000
29024  -46.185  -55.707  -4.599 0.0000000000
29025  -49.626  -55.913  -4.201 0.0000000000
29033  -46.507  -56.371  -4.990 0.0000000000
29034  -46.933  -56.376  -5.628 0.0000000000
29035  -49.474  -56.541  -5.437 0.0000000000
29043  -47.311  -56.530  -6.255 0.0000000000
29044  -49.577  -56.495  -6.406 0.0000000000
29045  -50.088  -56.187  -7.131 0.0000000000
29052  -47.576  -56.783  -7.019 0.0000000000
29053  -47.970  -56.183  -7.396 0.0000000000
29054  -49.805  -56.920  -7.303 0.0000000000
29055  -50.622  -56.526  -7.887 0.0000000000
29056  -51.311  -56.872  -8.817 0.0000000000
29057  -52.070  -56.174  -8.719 0.0000000000
29061  -47.897  -57.093  -8.018 0.0000000000
29062  -48.523  -56.859  -8.986 0.0000000000
29063  -49.109  -56.368  -9.406 0.0000000000
29064  -51.688  -56.681  -9.240 0.0000000000
29065  -52.089  -56.139  -9.253 0.0000000000
29072  -49.035  -56.943  -9.809 0.0000000000
29073  -49.638  -56.463  -10.057 0.0000000000
29074  -50.356  -56.309  -10.310 0.0000000000
29075  -51.490  -56.751  -9.727 0.0000000000
29076  -51.592  -56.182  -9.901 0.0000000000
29082  -50.114  -57.111  -10.468 0.0000000000
29083  -50.769  -56.871  -10.348 0.0000000000
29084  -51.260  -56.693  -10.153 0.0000000000
29769  -45.932  -55.846  -0.100 0.0000000000
29778  -46.210  -55.268  -0.348 0.0000000000
29779  -46.938  -55.208  -0.805 0.0000000000
29786  -43.002  -56.139  -1.395 0.0000000000
29787  -48.157  -55.363  -1.431 0.0000000000
29788  -48.780  -55.173  -1.825 0.0000000000
29789  -49.383  -55.817  -2.285 0.0000000000
29798  -43.640  -55.839  -1.976 0.0000000000
29799  -44.213  -55.509  -2.549 0.0000000000
29800  -49.692  -55.307  -2.894 0.0000000000
29809  -45.260  -55.594  -3.578 0.0000000000
29810  -49.549  -55.299  -3.744 0.0000000000
29814  -45.697  -55.221  -4.140 0.0000000000
29815  -46.240  -54.675  -4.627 0.0000000000
29816  -49.414  -55.247  -4.557 0.0000000000
29822  -47.260  -55.752  -5.935 0.0000000000
29823  -49.412  -55.765  -5.074 0.0000000000
29824  -49.621  -55.123  -5.626 0.0000000000
29833  -47.621  -55.943  -6.622 0.0000000000
29834  -48.105  -55.326  -6.944 0.0000000000
29835  -49.508  -55.880  -5.831 0.0000000000
29836  -50.018  -55.505  -6.538 0.0000000000
29837  -51.892  -55.147  -7.446 0.0000000000
29838  -52.959  -54.996  -7.603 0.0000000000
29846  -48.483  -55.618  -7.774 0.0000000000
29847  -50.816  -55.660  -7.385 0.0000000000
29848  -51.650  -56.011  -8.151 0.0000000000
29849  -52.521  -55.566  -8.132 0.0000000000
29850  -53.191  -55.210  -8.078 0.0000000000
29855  -48.827  -55.986  -8.660 0.0000000000
29856  -49.505  -55.616  -9.297 0.0000000000
29857  -52.616  -55.622  -8.599 0.0000000000
29858  -53.121  -55.155  -8.555 0.0000000000
29867  -50.123  -55.657  -9.945 0.0000000000
29868  -50.676  -55.712  -10.181 0.0000000000
29869  -51.281  -55.547  -10.038 0.0000000000
29870  -52.079  -55.432  -9.529 0.0000000000
29871  -52.815  -54.919  -9.133 0.0000000000
29877  -51.029  -56.213  -10.288 0.0000000000
30561  -46.486  -54.422  -0.509 0.0000000000
30562  -47.325  -54.443  -1.018 0.0000000000
30570  -43.296  -54.514  -1.792 0.0000000000
30571  -48.194  -54.560  -1.456 0.0000000000
30572  -49.252  -54.890  -2.358 0.0000000000
30580  -43.666  -54.968  -2.159 0.0000000000
30581  -44.210  -54.621  -2.655 0.0000000000
30582  -48.849  -54.343  -1.917 0.0000000000
30583  -49.433  -54.571  -2.801 0.0000000000
30589  -44.742  -54.212  -3.255 0.0000000000
30590  -45.239  -54.789  -3.658 0.0000000000
30591  -49.434  -54.615  -3.434 0.0000000000
30596  -45.646  -54.487  -4.101 0.0000000000
30597  -49.349  -54.732  -4.185 0.0000000000
30605  -46.930  -54.457  -5.287 0.0000000000
30606  -47.224  -55.035  -5.698 0.0000000000
30607  -49.472  -54.574  -4.913 0.0000000000
30608  -49.970  -54.246  -5.593 0.0000000000
30616  -47.632  -55.116  -6.259 0.0000000000
30617  -48.174  -54.351  -6.500 0.0000000000
30618  -50.857  -53.988  -6.176 0.0000000000
30619  -51.766  -54.305  -6.740 0.0000000000
30620  -52.538  -54.554  -7.111 0.0000000000
30621  -53.316  -54.396  -7.092 0.0000000000
30622  -54.119  -54.175  -7.080 0.0000000000
30627  -48.647  -54.746  -7.387 0.0000000000
30628  -49.350  -54.313  -7.883 0.0000000000
30629  -53.645  -54.641  -7.626 0.0000000000
30630  -54.250  -54.275  -7.606 0.0000000000
30637  -49.105  -55.172  -8.300 0.0000000000
30638  -49.735  -54.745  -8.814 0.0000000000
30639  -50.368  -54.415  -9.253 0.0000000000
30640  -53.722  -54.758  -8.098 0.0000000000
30641  -54.190  -54.103  -8.283 0.0000000000
30649  -50.687  -54.994  -9.853 0.0000000000
30650  -51.479  -54.711  -9.765 0.0000000000
30651  -52.256  -54.446  -9.540 0.0000000000
30652  -53.463  -54.554  -8.692 0.0000000000
30653  -53.597  -53.893  -8.962 0.0000000000
31361  -46.330  -53.503  -0.350 0.0000000000
31362  -47.016  -53.660  -0.737 0.0000000000
31372  -47.824  -53.644  -1.239 0.0000000000
31373  -48.484  -53.866  -1.619 0.0000000000
31380  -43.666  -54.154  -2.228 0.0000000000
31381  -44.218  -53.779  -2.690 0.0000000000
31382  -48.861  -53.469  -2.005 0.0000000000
31383  -49.120  -53.243  -2.782 0.0000000000
31390  -44.636  -53.495  -3.121 0.0000000000
31391  -45.130  -53.541  -3.527 0.0000000000
31392  -49.301  -53.134  -3.592 0.0000000000
31397  -45.811  -53.646  -4.168 0.0000000000
31398  -46.611  -53.720  -4.785 0.0000000000
31399  -46.927  -52.904  -4.796 0.0000000000
31400  -50.175  -53.114  -5.011 0.0000000000
31408  -47.361  -53.515  -5.391 0.0000000000
31409  -48.035  -52.953  -5.739 0.0000000000
31410  -49.706  -53.723  -4.956 0.0000000000
31411  -50.436  -53.526  -5.486 0.0000000000
31412  -51.806  -53.510  -6.182 0.0000000000
31413  -52.770  -53.116  -6.004 0.0000000000
31414  -53.885  -52.981  -6.096 0.0000000000
31415  -54.872  -52.941  -6.327 0.0000000000
31424  -48.404  -53.402  -6.314 0.0000000000
31425  -48.983  -52.986  -6.631 0.0000000000
31426  -52.637  -53.934  -6.621 0.0000000000
31427  -53.588  -53.752  -6.579 0.0000000000
31428  -54.519  -53.604  -6.670 0.0000000000
31429  -55.273  -53.321  -6.841 0.0000000000
31434  -48.824  -53.834  -7.020 0.0000000000
31435  -49.593  -53.343  -7.483 0.0000000000
31436  -50.369  -53.206  -8.216 0.0000000000
31437  -54.770  -53.845  -7.119 0.0000000000
31438  -55.282  -53.398  -7.333 0.0000000000
31445  -50.019  -53.948  -8.463 0.0000000000
31446  -50.689  -53.667  -9.004 0.0000000000
31447  -51.406  -53.251  -9.376 0.0000000000
31448  -54.849  -53.259  -8.201 0.0000000000
31456  -51.034  -54.124  -9.596 0.0000000000
31457  -52.386  -53.680  -9.570 0.0000000000
31458  -53.040  -53.223  -9.480 0.0000000000
31459  -53.996  -53.279  -8.908 0.0000000000
32244  -46.890  -52.176  -0.420 0.0000000000
32245  -47.376  -52.882  -0.831 0.0000000000
32253  -43.392  -52.345  -1.806 0.0000000000
32254  -48.048  -52.765  -1.295 0.0000000000
32255  -48.604  -52.682  -1.776 0.0000000000
32262  -43.644  -53.205  -2.201 0.0000000000
32263  -44.357  -52.983  -2.785 0.0000000000
32264  -48.934  -52.585  -2.412 0.0000000000
32265  -49.225  -52.467  -3.131 0.0000000000
32270  -44.834  -52.982  -3.257 0.0000000000
32271  -45.436  -52.744  -3.633 0.0000000000
32272  -45.948  -52.243  -3.878 0.0000000000
32273  -49.597  -52.369  -3.800 0.0000000000
32274  -50.073  -52.265  -4.288 0.0000000000
32282  -45.995  -52.810  -4.108 0.0000000000
32283  -46.499  -52.322  -4.318 0.0000000000
32284  -47.129  -52.189  -4.684 0.0000000000
32285  -49.675  -52.995  -4.404 0.0000000000
32286  -50.444  -52.539  -4.753 0.0000000000
32287  -51.236  -52.231  -4.973 0.0000000000
32288  -52.041  -52.028  -5.068 0.0000000000
32297  -47.559  -52.516  -5.196 0.0000000000
32298  -48.330  -51.910  -5.523 0.0000000000
32299  -50.859  -52.864  -5.312 0.0000000000
32300  -51.769  -52.751  -5.563 0.0000000000
32301  -52.506  -52.437  -5.480 0.0000000000
32302  -53.201  -52.447  -5.611 0.0000000000
32303  -53.864  -52.328  -5.689 0.0000000000
32304  -55.072  -52.116  -6.010 0.0000000000
32305  -55.804  -51.936  -6.369 0.0000000000
32313  -49.582  -52.481  -6.862 0.0000000000
32314  -55.610  -52.624  -6.598 0.0000000000
32315  -56.264  -52.159  -6.808 0.0000000000
32319  -50.172  -52.594  -7.520 0.0000000000
32320  -50.773  -52.574  -8.177 0.0000000000
32321  -55.927  -52.757  -7.039 0.0000000000
32322  -56.448  -52.144  -7.043 0.0000000000
32330  -51.333  -52.562  -8.846 0.0000000000
32331  -51.892  -52.464  -9.422 0.0000000000
32332  -55.095  -52.343  -8.616 0.0000000000
32333  -55.596  -52.727  -7.760 0.0000000000
32334  -56.215  -52.198  -7.509 0.0000000000
32341  -52.386  -52.263  -9.561 0.0000000000
32342  -52.836  -52.364  -9.653 0.0000000000
32343  -53.600  -52.462  -9.442 0.0000000000
32344  -54.395  -52.616  -8.978 0.0000000000
33209  -42.590  -51.440  -0.876 0.0000000000
33211  -47.322  -51.231  -0.465 0.0000000000
33212  -48.068  -51.242  -1.006 0.0000000000
33219  -43.186  -51.606  -1.473 0.0000000000
33220  -43.733  -51.601  -2.017 0.0000000000
33221  -47.676  -52.051  -0.886 0.0000000000
33222  -48.644  -51.176  -1.625 0.0000000000
33227  -44.360  -51.455  -2.496 0.0000000000
33228  -45.046  -51.162  -2.972 0.0000000000
33229  -48.798  -51.871  -2.083 0.0000000000
33230  -49.162  -51.814  -2.750 0.0000000000
33236  -44.777  -52.193  -3.037 0.0000000000
33237  -45.541  -51.771  -3.484 0.0000000000
33238  -46.259  -51.559  -3.871 0.0000000000
33239  -49.565  -51.763  -3.352 0.0000000000
33240  -50.127  -51.703  -3.898 0.0000000000
33241  -50.927  -51.082  -3.902 0.0000000000
33250  -46.968  -51.455  -4.341 0.0000000000
33251  -47.621  -51.673  -4.865 0.0000000000
33252  -48.075  -51.126  -4.991 0.0000000000
33253  -50.706  -51.863  -4.425 0.0000000000
33254  -51.533  -51.556  -4.543 0.0000000000
33255  -52.344  -51.387  -4.678 0.0000000000
33256  -53.127  -51.260  -4.866 0.0000000000
33264  -49.117  -51.335  -5.834 0.0000000000
33265  -52.778  -51.895  -5.168 0.0000000000
33266  -53.526  -51.831  -5.353 0.0000000000
33267  -54.742  -51.272  -5.601 0.0000000000
33268  -55.514  -51.329  -5.992 0.0000000000
33269  -56.360  -51.268  -6.454 0.0000000000
33270  -57.036  -51.102  -6.829 0.0000000000
33278  -49.001  -52.170  -6.225 0.0000000000
33279  -49.609  -51.705  -6.446 0.0000000000
33280  -50.279  -51.388  -6.716 0.0000000000
33281  -56.756  -51.636  -6.923 0.0000000000
33282  -57.177  -51.133  -7.074 0.0000000000
33288  -50.074  -52.036  -6.978 0.0000000000
33289  -50.692  -51.902  -7.514 0.0000000000
33290  -51.448  -51.492  -7.913 0.0000000000
33291  -56.720  -51.645  -7.331 0.0000000000
33292  -57.007  -51.032  -7.732 0.0000000000
33300  -51.220  -52.103  -8.248 0.0000000000
33301  -51.787  -51.847  -8.874 0.0000000000
33302  -52.446  -51.357  -9.201 0.0000000000
33303  -55.381  -51.539  -8.909 0.0000000000
33304  -56.329  -51.495  -8.194 0.0000000000
33309  -52.242  -51.913  -9.401 0.0000000000
33310  -52.787  -51.668  -9.626 0.0000000000
33311  -53.462  -51.172  -9.770 0.0000000000
33312  -54.261  -51.700  -9.493 0.0000000000
33313  -54.806  -50.831  -9.657 0.0000000000
34242  -43.111  -50.012  -0.970 0.0000000000
34245  -47.884  -50.488  -0.603 0.0000000000
34251  -43.088  -50.872  -1.220 0.0000000000
34252  -43.618  -50.468  -1.571 0.0000000000
34253  -44.173  -50.157  -1.932 0.0000000000
34254  -48.487  -50.465  -1.139 0.0000000000
34255  -49.071  -50.414  -1.727 0.0000000000
34261  -43.995  -50.884  -2.044 0.0000000000
34262  -44.583  -50.608  -2.448 0.0000000000
34263  -45.249  -50.268  -2.809 0.0000000000
34264  -49.211  -51.066  -2.341 0.0000000000
34265  -50.666  -50.339  -3.147 0.0000000000
34266  -51.333  -49.767  -3.114 0.0000000000
34273  -45.858  -50.762  -3.421 0.0000000000
34274  -46.645  -50.835  -3.894 0.0000000000
34275  -47.121  -50.344  -4.020 0.0000000000
34276  -49.546  -51.269  -2.949 0.0000000000
34277  -50.086  -51.115  -3.371 0.0000000000
34278  -51.525  -50.315  -3.583 0.0000000000
34279  -52.299  -50.170  -3.858 0.0000000000
34286  -47.547  -50.827  -4.495 0.0000000000
34287  -48.224  -50.414  -4.727 0.0000000000
34288  -48.896  -50.019  -4.950 0.0000000000
34289  -51.889  -50.862  -4.164 0.0000000000
34290  -52.678  -50.697  -4.388 0.0000000000
34291  -53.570  -50.419  -4.664 0.0000000000
34292  -54.260  -49.724  -4.831 0.0000000000
34301  -48.638  -50.853  -5.294 0.0000000000
34302  -49.369  -50.458  -5.526 0.0000000000
34303  -50.138  -50.146  -5.799 0.0000000000
34304  -53.941  -51.200  -5.205 0.0000000000
34305  -54.443  -50.504  -5.224 0.0000000000
34306  -55.683  -50.028  -5.760 0.0000000000
34307  -56.344  -50.320  -6.187 0.0000000000
34308  -56.911  -50.636  -6.563 0.0000000000
34316  -49.803  -50.922  -6.129 0.0000000000
34317  -50.541  -50.611  -6.432 0.0000000000
34318  -51.307  -50.312  -6.785 0.0000000000
34319  -57.446  -50.470  -6.889 0.0000000000
34324  -51.000  -51.091  -7.119 0.0000000000
34325  -51.705  -50.700  -7.554 0.0000000000
34326  -52.452  -50.206  -8.000 0.0000000000
34327  -57.489  -50.506  -7.388 0.0000000000
34333  -52.106  -51.062  -8.419 0.0000000000
34334  -52.726  -50.637  -8.964 0.0000000000
34335  -53.231  -50.333  -9.431 0.0000000000
34336  -55.828  -50.686  -9.094 0.0000000000
34337  -56.552  -50.135  -8.888 0.0000000000
34338  -57.228  -50.388  -8.158 0.0000000000
34342  -53.004  -50.895  -9.598 0.0000000000
34343  -53.623  -50.360  -9.844 0.0000000000
34344  -54.285  -50.182  -10.054 0.0000000000
34345  -55.822  -49.894  -9.529 0.0000000000
35252  -42.820  -49.145  -0.477 0.0000000000
35254  -48.340  -49.773  -0.660 0.0000000000
35255  -49.656  -48.913  -1.328 0.0000000000
35259  -43.576  -49.257  -1.140 0.0000000000
35260  -44.278  -49.356  -1.711 0.0000000000
35261  -44.960  -49.088  -2.129 0.0000000000
35262  -48.974  -49.706  -1.234 0.0000000000
35263  -49.608  -49.748  -1.838 0.0000000000
35264  -50.316  -49.210  -2.035 0.0000000000
35269  -44.749  -49.809  -2.303 0.0000000000
35270  -45.380  -49.495  -2.583 0.0000000000
35271  -45.952  -49.110  -2.763 0.0000000000
35272  -50.138  -49.967  -2.471 0.0000000000
35273  -50.872  -49.505  -2.620 0.0000000000
35274  -51.642  -49.067  -2.780 0.0000000000
35275  -52.261  -48.990  -3.150 0.0000000000
35280  -45.886  -49.824  -3.103 0.0000000000
35281  -46.493  -49.338  -3.240 0.0000000000
35282  -47.194  -49.524  -3.689 0.0000000000
35283  -47.934  -49.248  -3.976 0.0000000000
35284  -51.978  -49.589  -3.353 0.0000000000
35285  -52.737  -49.347  -3.660 0.0000000000
35286  -53.546  -49.416  -4.265 0.0000000000
35295  -47.719  -49.983  -4.259 0.0000000000
35296  -48.383  -49.642  -4.457 0.0000000000
35297  -49.037  -49.204  -4.586 0.0000000000
35298  -52.945  -50.034  -4.149 0.0000000000
35306  -49.714  -49.506  -5.198 0.0000000000
35307  -50.486  -49.465  -5.593 0.0000000000
35308  -51.204  -49.107  -5.782 0.0000000000
35309  -54.800  -49.080  -5.067 0.0000000000
35310  -55.513  -49.260  -5.543 0.0000000000
35311  -56.218  -49.516  -5.962 0.0000000000
35312  -57.586  -49.053  -6.509 0.0000000000
35313  -58.311  -49.042  -6.826 0.0000000000
35318  -50.883  -49.848  -6.139 0.0000000000
35319  -51.721  -49.496  -6.541 0.0000000000
35320  -52.894  -48.897  -7.261 0.0000000000
35321  -57.879  -49.662  -6.840 0.0000000000
35327  -52.987  -49.436  -7.996 0.0000000000
35328  -53.478  -49.238  -8.829 0.0000000000
35329  -57.913  -49.892  -7.123 0.0000000000
35330  -58.289  -49.366  -7.039 0.0000000000
35335  -53.089  -49.939  -8.810 0.0000000000
35336  -53.538  -49.737  -9.549 0.0000000000
35337  -57.256  -49.589  -8.619 0.0000000000
35338  -57.779  -49.896  -7.771 0.0000000000
35339  -58.273  -49.367  -7.436 0.0000000000
35346  -53.923  -49.564  -10.071 0.0000000000
35347  -54.530  -49.558  -10.142 0.0000000000
35348  -55.256  -49.220  -10.050 0.0000000000
35349  -56.290  -49.366  -9.429 0.0000000000
36173  -43.453  -48.455  -0.658 0.0000000000
36174  -44.236  -48.105  -1.068 0.0000000000
36177  -49.293  -48.283  -0.657 0.0000000000
36181  -44.032  -48.750  -1.284 0.0000000000
36182  -44.642  -48.589  -1.629 0.0000000000
36183  -45.316  -48.438  -1.990 0.0000000000
36184  -50.541  -48.452  -1.686 0.0000000000
36185  -51.268  -48.089  -1.959 0.0000000000
36191  -45.943  -48.448  -2.408 0.0000000000
36192  -46.516  -48.652  -2.873 0.0000000000
36193  -47.153  -48.293  -3.035 0.0000000000
36194  -51.051  -48.773  -2.252 0.0000000000
36195  -51.634  -48.421  -2.408 0.0000000000
36196  -52.176  -48.448  -2.763 0.0000000000
36202  -47.551  -48.756  -3.514 0.0000000000
36203  -48.508  -49.002  -4.192 0.0000000000
36204  -49.000  -48.384  -4.106 0.0000000000
36205  -52.732  -48.536  -3.268 0.0000000000
36206  -53.344  -48.677  -3.768 0.0000000000
36215  -49.731  -48.637  -4.646 0.0000000000
36217  -53.878  -48.698  -4.233 0.0000000000
36218  -54.538  -48.317  -4.582 0.0000000000
36219  -55.450  -48.371  -5.305 0.0000000000
36226  -50.556  -48.712  -5.163 0.0000000000
36227  -51.473  -48.282  -5.474 0.0000000000
36229  -56.353  -48.194  -5.805 0.0000000000
36230  -57.219  -48.271  -6.246 0.0000000000
36231  -58.099  -48.455  -6.591 0.0000000000
36234  -51.972  -48.674  -6.124 0.0000000000
36235  -52.785  -48.281  -6.585 0.0000000000
36236  -53.325  -48.351  -7.301 0.0000000000
36237  -58.705  -48.543  -6.865 0.0000000000
36242  -53.452  -48.764  -7.978 0.0000000000
36243  -58.712  -48.801  -7.133 0.0000000000
36250  -54.240  -48.238  -9.721 0.0000000000
36251  -56.816  -48.878  -9.245 0.0000000000
36252  -57.638  -48.819  -8.688 0.0000000000
36253  -58.546  -48.750  -7.954 0.0000000000
36261  -53.844  -49.000  -9.681 0.0000000000
36262  -54.388  -48.838  -10.173 0.0000000000
36263  -54.982  -48.423  -10.298 0.0000000000
36264  -55.862  -48.434  -9.937 0.0000000000
36265  -56.884  -48.142  -9.423 0.0000000000
37066  -43.709  -47.633  -0.447 0.0000000000
37067  -44.485  -47.352  -0.771 0.0000000000
37071  -50.412  -47.230  -0.920 0.0000000000
37076  -45.037  -47.805  -1.452 0.0000000000
37077  -45.831  -47.782  -1.890 0.0000000000
37080  -50.057  -48.006  -1.112 0.0000000000
37081  -50.801  -47.711  -1.460 0.0000000000
37082  -51.460  -47.370  -1.736 0.0000000000
37083  -52.078  -46.894  -1.987 0.0000000000
37089  -46.612  -47.866  -2.450 0.0000000000
37092  -51.994  -47.749  -2.308 0.0000000000
37093  -53.221  -47.189  -3.060 0.0000000000
37099  -47.851  -48.064  -3.276 0.0000000000
37103  -52.676  -47.844  -2.861 0.0000000000
37104  -53.823  -47.310  -3.633 0.0000000000
37105  -54.445  -47.441  -4.223 0.0000000000
37118  -53.872  -48.068  -3.960 0.0000000000
37119  -55.160  -47.535  -4.813 0.0000000000
37131  -55.937  -47.498  -5.413 0.0000000000
37132  -57.791  -47.770  -6.375 0.0000000000
37133  -58.776  -47.891  -6.680 0.0000000000
37134  -59.194  -47.159  -6.580 0.0000000000
37140  -53.517  -47.695  -7.029 0.0000000000
37141  -59.205  -48.122  -6.995 0.0000000000
37142  -59.671  -47.469  -6.856 0.0000000000
37148  -53.842  -48.050  -7.900 0.0000000000
37149  -54.259  -47.540  -8.947 0.0000000000
37150  -59.174  -48.174  -7.409 0.0000000000
37151  -59.743  -47.607  -7.069 0.0000000000
37160  -57.933  -47.939  -8.795 0.0000000000
37161  -58.895  -48.029  -8.097 0.0000000000
37162  -59.470  -47.481  -7.727 0.0000000000
37171  -54.556  -47.461  -9.976 0.0000000000
37172  -55.033  -47.608  -10.385 0.0000000000
37173  -55.996  -47.486  -10.090 0.0000000000
37174  -56.927  -47.266  -9.592 0.0000000000
37994  -50.854  -46.387  -0.804 0.0000000000
38004  -51.017  -47.072  -1.286 0.0000000000
38005  -52.252  -45.970  -1.707 0.0000000000
38013  -52.589  -46.451  -2.227 0.0000000000
38014  -53.201  -46.350  -2.676 0.0000000000
38024  -53.792  -46.528  -3.314 0.0000000000
38025  -54.399  -46.658  -3.888 0.0000000000
38038  -54.992  -46.788  -4.463 0.0000000000
38039  -55.653  -46.814  -4.989 0.0000000000
38040  -56.167  -46.030  -5.134 0.0000000000
38049  -53.180  -45.451  -5.836 0.0000000000
38050  -56.321  -46.805  -5.447 0.0000000000
38051  -57.048  -46.374  -5.750 0.0000000000
38052  -58.054  -46.951  -6.306 0.0000000000
38053  -58.917  -46.453  -6.306 0.0000000000
38054  -60.088  -46.588  -6.430 0.0000000000
38055  -60.722  -46.169  -6.252 0.0000000000
38062  -60.263  -46.964  -6.853 0.0000000000
38063  -60.699  -46.291  -6.484 0.0000000000
38070  -54.070  -47.206  -7.729 0.0000000000
38071  -54.384  -46.540  -8.532 0.0000000000
38072  -60.179  -47.086  -7.179 0.0000000000
38073  -60.696  -46.511  -6.901 0.0000000000
38081  -54.551  -46.608  -9.681 0.0000000000
38082  -57.955  -46.331  -9.073 0.0000000000
38083  -58.947  -46.547  -8.407 0.0000000000
38084  -59.741  -46.729  -7.775 0.0000000000
38085  -60.278  -46.339  -7.455 0.0000000000
38091  -54.810  -46.672  -10.261 0.0000000000
38092  -55.329  -46.737  -10.381 0.0000000000
38093  -55.685  -45.977  -10.390 0.0000000000
38094  -56.869  -46.254  -9.808 0.0000000000
38863  -51.563  -45.711  -1.060 0.0000000000
38864  -52.834  -45.166  -1.892 0.0000000000
38871  -52.850  -45.858  -2.217 0.0000000000
38872  -53.462  -45.331  -2.504 0.0000000000
38873  -54.163  -45.130  -3.047 0.0000000000
38887  -53.801  -45.844  -3.020 0.0000000000
38888  -54.413  -45.794  -3.552 0.0000000000
38889  -55.113  -45.262  -3.947 0.0000000000
38899  -54.962  -46.053  -4.196 0.0000000000
38900  -55.616  -45.575  -4.513 0.0000000000
38901  -56.333  -45.094  -4.848 0.0000000000
38902  -60.675  -45.011  -5.380 0.0000000000
38903  -61.622  -44.879  -5.304 0.0000000000
38909  -52.534  -45.325  -5.189 0.0000000000
38910  -57.052  -45.417  -5.457 0.0000000000
38911  -57.982  -45.858  -6.003 0.0000000000
38912  -60.589  -45.855  -5.892 0.0000000000
38913  -61.176  -45.870  -6.084 0.0000000000
38914  -61.697  -45.307  -5.807 0.0000000000
38918  -54.214  -44.938  -7.539 0.0000000000
38919  -61.123  -45.979  -6.543 0.0000000000
38920  -61.583  -45.471  -6.168 0.0000000000
38927  -54.030  -45.820  -7.132 0.0000000000
38928  -54.372  -45.691  -8.092 0.0000000000
38929  -59.972  -45.297  -7.708 0.0000000000
38930  -60.864  -45.879  -7.131 0.0000000000
38931  -61.274  -45.394  -6.702 0.0000000000
38939  -54.537  -45.679  -9.265 0.0000000000
38940  -57.386  -45.342  -9.703 0.0000000000
38941  -58.325  -45.532  -8.988 0.0000000000
38942  -59.288  -45.700  -8.232 0.0000000000
38947  -54.767  -45.799  -10.166 0.0000000000
38948  -55.120  -45.116  -10.457 0.0000000000
38949  -56.269  -45.066  -10.333 0.0000000000
39686  -62.223  -44.657  0.010 0.0000000000
39687  -62.942  -44.293  -0.021 0.0000000000
39699  -61.283  -45.177  -0.101 0.0000000000
39708  -52.252  -44.890  -1.229 0.0000000000
39716  -50.021  -43.932  -2.838 0.0000000000
39717  -53.411  -44.447  -2.008 0.0000000000
39718  -54.048  -44.380  -2.537 0.0000000000
39730  -50.476  -44.142  -3.245 0.0000000000
39731  -51.081  -44.361  -3.706 0.0000000000
39732  -54.663  -44.325  -3.077 0.0000000000
39733  -55.290  -44.355  -3.631 0.0000000000
39734  -56.008  -43.884  -3.963 0.0000000000
39735  -60.997  -43.384  -4.167 0.0000000000
39736  -62.501  -43.951  -4.553 0.0000000000
39743  -51.774  -44.395  -4.334 0.0000000000
39744  -55.781  -44.722  -4.275 0.0000000000
39745  -56.529  -44.255  -4.537 0.0000000000
39746  -58.496  -43.936  -5.111 0.0000000000
39747  -59.643  -44.131  -5.137 0.0000000000
39748  -60.821  -44.196  -4.814 0.0000000000
39749  -62.308  -44.475  -5.007 0.0000000000
39750  -62.849  -43.862  -4.707 0.0000000000
39756  -52.395  -44.601  -4.925 0.0000000000
39757  -52.910  -44.633  -5.488 0.0000000000
39758  -57.031  -44.638  -5.095 0.0000000000
39759  -57.983  -44.790  -5.520 0.0000000000
39760  -58.972  -44.658  -5.515 0.0000000000
39761  -59.807  -45.082  -5.555 0.0000000000
39762  -62.024  -44.840  -5.516 0.0000000000
39763  -62.355  -44.368  -5.365 0.0000000000
39768  -53.461  -44.475  -6.103 0.0000000000
39769  -53.993  -44.166  -6.960 0.0000000000
39770  -60.844  -43.736  -6.864 0.0000000000
39771  -61.722  -44.789  -6.346 0.0000000000
39782  -54.409  -44.225  -7.852 0.0000000000
39783  -59.583  -44.062  -7.973 0.0000000000
39784  -60.652  -44.975  -7.293 0.0000000000
39793  -54.865  -44.069  -9.607 0.0000000000
39794  -58.498  -43.619  -9.725 0.0000000000
39795  -59.094  -44.421  -8.608 0.0000000000
39800  -54.758  -44.849  -9.919 0.0000000000
39801  -55.147  -44.221  -10.252 0.0000000000
39802  -56.314  -44.200  -10.440 0.0000000000
39803  -57.030  -44.354  -10.247 0.0000000000
39804  -57.891  -44.500  -9.727 0.0000000000
40551  -62.134  -44.633  0.156 0.0000000000
40552  -62.839  -44.294  0.094 0.0000000000
40553  -63.303  -44.063  -0.012 0.0000000000
40554  -63.593  -43.521  -0.072 0.0000000000
40568  -60.475  -44.380  -0.621 0.0000000000
40569  -62.351  -44.405  -0.284 0.0000000000
40570  -63.040  -44.086  -0.268 0.0000000000
40571  -63.370  -43.932  -0.118 0.0000000000
40578  -49.208  -43.372  -2.039 0.0000000000
40582  -60.719  -43.236  -1.265 0.0000000000
40583  -61.862  -43.544  -1.097 0.0000000000
40584  -62.819  -43.697  -0.846 0.0000000000
40585  -63.692  -43.388  -0.348 0.0000000000
40587  -49.840  -43.351  -2.512 0.0000000000
40588  -50.441  -43.437  -2.986 0.0000000000
40589  -53.976  -43.595  -1.933 0.0000000000
40590  -54.740  -43.386  -2.469 0.0000000000
40591  -55.676  -42.918  -2.796 0.0000000000
40600  -50.973  -43.635  -3.462 0.0000000000
40601  -51.508  -43.726  -3.925 0.0000000000
40602  -51.837  -43.105  -4.071 0.0000000000
40603  -55.186  -43.686  -3.117 0.0000000000
40604  -56.260  -43.145  -3.464 0.0000000000
40605  -56.990  -42.737  -3.487 0.0000000000
40606  -62.035  -43.527  -3.988 0.0000000000
40607  -62.954  -43.576  -4.083 0.0000000000
40608  -63.406  -43.268  -4.094 0.0000000000
40615  -51.981  -43.635  -4.363 0.0000000000
40616  -52.419  -43.083  -4.640 0.0000000000
40617  -52.977  -42.833  -5.092 0.0000000000
40618  -56.767  -43.449  -4.092 0.0000000000
40619  -57.548  -43.009  -4.083 0.0000000000
40620  -58.144  -43.307  -4.535 0.0000000000
40621  -58.966  -43.234  -4.578 0.0000000000
40622  -59.959  -43.263  -4.445 0.0000000000
40626  -52.839  -43.443  -5.201 0.0000000000
40627  -53.425  -43.013  -5.644 0.0000000000
40628  -54.085  -42.874  -6.264 0.0000000000
40629  -62.820  -43.790  -5.099 0.0000000000
40640  -53.691  -43.599  -6.249 0.0000000000
40641  -54.187  -43.410  -6.796 0.0000000000
40642  -54.756  -42.988  -7.004 0.0000000000
40643  -61.790  -43.868  -6.234 0.0000000000
40644  -62.415  -43.888  -5.614 0.0000000000
40654  -54.510  -43.634  -7.538 0.0000000000
40655  -55.079  -43.348  -8.100 0.0000000000
40656  -55.871  -43.121  -8.727 0.0000000000
40657  -59.611  -42.889  -8.815 0.0000000000
40658  -60.185  -43.812  -7.473 0.0000000000
40665  -54.727  -43.868  -8.536 0.0000000000
40666  -55.265  -43.580  -9.177 0.0000000000
40667  -56.020  -43.366  -9.773 0.0000000000
40668  -58.835  -42.691  -10.011 0.0000000000
40669  -59.225  -42.289  -9.804 0.0000000000
40674  -55.336  -43.745  -9.979 0.0000000000
40675  -55.959  -43.762  -10.310 0.0000000000
40676  -57.058  -43.186  -10.140 0.0000000000
40677  -58.144  -42.794  -10.130 0.0000000000
41446  -62.045  -43.747  0.622 0.0000000000
41447  -63.305  -43.585  0.172 0.0000000000
41466  -62.888  -42.752  0.267 0.0000000000
41467  -63.682  -42.932  -0.051 0.0000000000
41468  -63.965  -42.983  -0.474 0.0000000000
41469  -64.264  -42.417  -1.127 0.0000000000
41472  -48.973  -42.703  -1.530 0.0000000000
41473  -49.547  -42.100  -1.681 0.0000000000
41474  -50.026  -42.131  -2.109 0.0000000000
41479  -58.184  -42.443  -1.491 0.0000000000
41480  -59.074  -42.827  -1.327 0.0000000000
41481  -59.685  -42.598  -1.720 0.0000000000
41482  -61.322  -42.724  -1.849 0.0000000000
41483  -62.330  -42.953  -1.740 0.0000000000
41484  -63.433  -43.184  -1.448 0.0000000000
41485  -64.085  -42.944  -1.164 0.0000000000
41486  -64.358  -42.285  -1.597 0.0000000000
41490  -49.649  -42.699  -2.089 0.0000000000
41491  -50.379  -42.599  -2.603 0.0000000000
41492  -51.196  -41.967  -2.981 0.0000000000
41493  -55.345  -42.510  -1.868 0.0000000000
41494  -56.185  -42.282  -2.064 0.0000000000
41495  -56.996  -42.142  -2.178 0.0000000000
41496  -57.886  -42.145  -2.337 0.0000000000
41497  -58.824  -42.237  -2.026 0.0000000000
41498  -60.385  -42.432  -2.361 0.0000000000
41499  -61.528  -42.575  -2.686 0.0000000000
41500  -62.953  -42.868  -2.528 0.0000000000
41501  -63.752  -42.735  -2.316 0.0000000000
41502  -64.203  -42.441  -2.226 0.0000000000
41513  -50.974  -42.904  -3.234 0.0000000000
41514  -51.585  -42.578  -3.613 0.0000000000
41515  -52.198  -42.444  -4.129 0.0000000000
41516  -56.546  -42.510  -2.824 0.0000000000
41517  -57.785  -42.405  -3.307 0.0000000000
41518  -58.757  -42.210  -3.023 0.0000000000
41519  -59.737  -42.329  -3.197 0.0000000000
41520  -61.209  -42.809  -3.504 0.0000000000
41521  -62.377  -42.981  -3.368 0.0000000000
41522  -63.383  -43.025  -3.385 0.0000000000
41523  -63.759  -42.629  -3.288 0.0000000000
41529  -52.799  -42.337  -4.680 0.0000000000
41530  -53.372  -42.339  -5.173 0.0000000000
41531  -58.396  -42.673  -3.946 0.0000000000
41532  -59.314  -42.610  -3.863 0.0000000000
41533  -60.237  -42.710  -3.756 0.0000000000
41534  -63.205  -43.318  -4.558 0.0000000000
41544  -53.933  -42.344  -5.661 0.0000000000
41545  -54.732  -42.312  -6.112 0.0000000000
41546  -61.893  -42.196  -5.647 0.0000000000
41547  -62.789  -43.091  -5.226 0.0000000000
41557  -55.348  -42.554  -6.768 0.0000000000
41558  -56.230  -42.472  -7.067 0.0000000000
41559  -57.299  -42.231  -7.617 0.0000000000
41560  -60.636  -42.506  -6.934 0.0000000000
41561  -61.768  -42.966  -5.949 0.0000000000
41567  -55.585  -42.879  -7.623 0.0000000000
41568  -56.583  -42.690  -8.203 0.0000000000
41569  -57.606  -42.277  -9.068 0.0000000000
41570  -58.563  -41.816  -9.741 0.0000000000
41571  -59.659  -41.829  -9.339 0.0000000000
41572  -60.205  -41.418  -8.696 0.0000000000
41577  -56.860  -42.852  -9.469 0.0000000000
41578  -57.921  -42.460  -9.969 0.0000000000
41579  -58.732  -42.175  -10.004 0.0000000000
41580  -59.162  -41.583  -9.761 0.0000000000
42347  -61.805  -42.592  0.533 0.0000000000
42355  -61.045  -41.693  0.061 0.0000000000
42356  -62.109  -41.910  -0.050 0.0000000000
42357  -63.201  -42.128  -0.243 0.0000000000
42358  -63.980  -42.329  -0.625 0.0000000000
42363  -50.644  -41.017  -1.882 0.0000000000
42364  -62.363  -41.272  -0.733 0.0000000000
42365  -63.441  -41.392  -0.904 0.0000000000
42366  -64.271  -41.550  -1.315 0.0000000000
42367  -64.453  -41.872  -1.583 0.0000000000
42371  -50.565  -41.725  -2.315 0.0000000000
42372  -51.181  -41.123  -2.443 0.0000000000
42373  -51.849  -41.058  -3.042 0.0000000000
42374  -64.501  -41.679  -2.170 0.0000000000
42383  -51.951  -41.832  -3.585 0.0000000000
42384  -52.369  -41.260  -3.612 0.0000000000
42385  -52.932  -41.057  -3.974 0.0000000000
42386  -64.496  -41.100  -2.818 0.0000000000
42397  -52.577  -41.751  -4.132 0.0000000000
42398  -53.301  -41.649  -4.634 0.0000000000
42399  -54.870  -41.188  -4.859 0.0000000000
42400  -55.794  -41.042  -4.884 0.0000000000
42401  -56.817  -40.826  -4.994 0.0000000000
42402  -63.780  -42.777  -3.949 0.0000000000
42415  -54.404  -41.785  -5.376 0.0000000000
42416  -55.275  -41.652  -5.499 0.0000000000
42417  -57.423  -41.330  -5.847 0.0000000000
42418  -58.436  -40.918  -6.414 0.0000000000
42419  -59.240  -40.299  -7.107 0.0000000000
42420  -61.445  -41.096  -5.894 0.0000000000
42421  -62.632  -41.909  -5.060 0.0000000000
42428  -55.755  -42.098  -6.201 0.0000000000
42429  -56.850  -41.971  -6.453 0.0000000000
42430  -57.966  -41.652  -7.061 0.0000000000
42431  -59.690  -40.858  -9.321 0.0000000000
42432  -60.528  -41.142  -7.932 0.0000000000
42433  -61.023  -41.790  -6.442 0.0000000000
42437  -58.266  -41.682  -8.652 0.0000000000
42438  -58.972  -41.222  -9.490 0.0000000000
42439  -60.239  -40.470  -8.851 0.0000000000
43191  -58.892  -40.053  -1.118 0.0000000000
43192  -60.230  -40.977  -0.578 0.0000000000
43193  -61.290  -41.174  -0.677 0.0000000000
43198  -51.198  -40.439  -1.989 0.0000000000
43199  -59.740  -40.233  -1.285 0.0000000000
43200  -60.694  -40.451  -1.311 0.0000000000
43201  -61.598  -40.645  -1.247 0.0000000000
43202  -63.724  -40.648  -1.525 0.0000000000
43203  -64.349  -40.650  -1.838 0.0000000000
43204  -64.478  -41.303  -1.842 0.0000000000
43208  -51.637  -40.519  -2.468 0.0000000000
43209  -52.210  -40.214  -2.738 0.0000000000
43210  -52.898  -39.881  -3.038 0.0000000000
43211  -64.502  -40.646  -2.389 0.0000000000
43223  -52.571  -40.624  -3.349 0.0000000000
43224  -53.274  -40.356  -3.592 0.0000000000
43225  -54.119  -40.059  -3.687 0.0000000000
43226  -54.876  -40.122  -3.915 0.0000000000
43227  -64.577  -40.198  -3.032 0.0000000000
43238  -53.668  -40.847  -4.206 0.0000000000
43239  -54.462  -40.677  -4.318 0.0000000000
43240  -55.300  -40.517  -4.354 0.0000000000
43241  -56.217  -40.258  -4.372 0.0000000000
43242  -57.213  -39.903  -4.590 0.0000000000
43243  -63.236  -39.729  -4.532 0.0000000000
43250  -57.769  -40.543  -5.355 0.0000000000
43251  -58.588  -40.177  -5.797 0.0000000000
43252  -61.569  -40.022  -5.913 0.0000000000
43253  -62.360  -39.667  -5.189 0.0000000000
43258  -59.645  -40.266  -8.696 0.0000000000
43259  -60.613  -40.304  -8.238 0.0000000000
43260  -61.001  -40.184  -7.210 0.0000000000
43266  -60.050  -40.088  -8.932 0.0000000000
43267  -60.329  -39.942  -8.674 0.0000000000
44026  -52.172  -38.923  -1.880 0.0000000000
44028  -58.498  -39.382  -1.377 0.0000000000
44029  -59.287  -39.433  -1.669 0.0000000000
44030  -60.276  -39.659  -1.806 0.0000000000
44031  -61.423  -39.868  -1.820 0.0000000000
44032  -63.254  -40.002  -1.851 0.0000000000
44033  -64.003  -39.919  -1.975 0.0000000000
44042  -51.765  -39.771  -2.100 0.0000000000
44043  -52.530  -39.408  -2.453 0.0000000000
44044  -53.556  -39.700  -3.234 0.0000000000
44045  -54.207  -39.151  -3.116 0.0000000000
44046  -59.876  -38.927  -2.205 0.0000000000
44047  -60.860  -39.070  -2.308 0.0000000000
44048  -61.994  -39.119  -2.330 0.0000000000
44049  -63.297  -39.249  -2.298 0.0000000000
44050  -64.262  -39.315  -2.532 0.0000000000
44051  -64.483  -39.664  -2.758 0.0000000000
44064  -54.890  -39.508  -3.526 0.0000000000
44065  -55.578  -39.802  -3.874 0.0000000000
44066  -56.428  -39.296  -3.942 0.0000000000
44067  -64.532  -39.325  -3.137 0.0000000000
44077  -57.772  -39.239  -4.775 0.0000000000
44078  -63.811  -39.016  -4.220 0.0000000000
44079  -64.302  -38.660  -3.594 0.0000000000
44084  -58.449  -39.413  -5.432 0.0000000000
44085  -59.165  -39.565  -6.353 0.0000000000
44086  -59.527  -38.955  -6.885 0.0000000000
44087  -61.840  -39.112  -5.834 0.0000000000
44088  -62.844  -38.835  -4.908 0.0000000000
44093  -59.804  -39.501  -8.115 0.0000000000
44094  -60.734  -39.534  -8.213 0.0000000000
44095  -61.283  -39.337  -7.151 0.0000000000
44101  -60.338  -39.370  -8.435 0.0000000000
44102  -60.745  -38.923  -8.329 0.0000000000
44103  -61.170  -38.774  -8.065 0.0000000000
44852  -58.344  -38.650  -1.668 0.0000000000
44853  -59.085  -38.719  -2.004 0.0000000000
44860  -52.800  -38.589  -2.201 0.0000000000
44861  -53.472  -38.136  -2.331 0.0000000000
44862  -53.992  -38.472  -2.678 0.0000000000
44863  -54.635  -38.353  -2.906 0.0000000000
44864  -58.740  -38.018  -2.171 0.0000000000
44865  -59.536  -38.182  -2.403 0.0000000000
44866  -60.447  -38.302  -2.551 0.0000000000
44867  -61.548  -38.359  -2.624 0.0000000000
44868  -62.843  -38.377  -2.647 0.0000000000
44869  -64.014  -38.460  -2.746 0.0000000000
44883  -54.924  -38.879  -3.238 0.0000000000
44884  -55.324  -38.324  -3.234 0.0000000000
44885  -56.081  -38.400  -3.581 0.0000000000
44886  -64.398  -38.730  -2.981 0.0000000000
44891  -56.804  -38.419  -4.041 0.0000000000
44892  -57.478  -38.442  -4.575 0.0000000000
44893  -63.907  -37.453  -4.341 0.0000000000
44894  -64.187  -37.738  -3.747 0.0000000000
44900  -58.174  -38.618  -5.199 0.0000000000
44901  -58.953  -38.836  -5.925 0.0000000000
44902  -63.009  -37.791  -5.105 0.0000000000
44908  -59.397  -38.248  -6.841 0.0000000000
44909  -62.211  -37.856  -6.108 0.0000000000
44915  -60.178  -38.121  -8.018 0.0000000000
44916  -60.884  -38.260  -8.334 0.0000000000
45630  -57.349  -37.089  -1.632 0.0000000000
45631  -57.933  -37.762  -1.811 0.0000000000
45640  -54.239  -37.634  -2.535 0.0000000000
45641  -55.019  -37.631  -2.947 0.0000000000
45642  -57.894  -36.984  -2.055 0.0000000000
45643  -58.463  -37.234  -2.276 0.0000000000
45644  -59.200  -37.416  -2.516 0.0000000000
45645  -60.059  -37.526  -2.720 0.0000000000
45646  -61.093  -37.570  -2.849 0.0000000000
45647  -62.350  -37.579  -2.943 0.0000000000
45648  -63.609  -37.659  -3.052 0.0000000000
45659  -55.695  -37.616  -3.380 0.0000000000
45660  -56.395  -37.652  -3.814 0.0000000000
45661  -61.792  -36.784  -3.180 0.0000000000
45662  -63.087  -36.805  -3.344 0.0000000000
45663  -63.894  -37.062  -3.665 0.0000000000
45668  -57.040  -37.660  -4.388 0.0000000000
45669  -57.715  -37.657  -5.180 0.0000000000
45670  -63.971  -36.884  -4.137 0.0000000000
45676  -58.575  -38.043  -5.850 0.0000000000
45677  -63.533  -36.842  -4.848 0.0000000000
45683  -58.112  -37.251  -6.013 0.0000000000
45684  -58.850  -37.471  -6.615 0.0000000000
45685  -59.633  -37.433  -7.446 0.0000000000
45686  -62.058  -36.854  -7.126 0.0000000000
45687  -62.595  -37.029  -5.983 0.0000000000
45691  -60.499  -37.440  -8.065 0.0000000000
45692  -61.113  -37.447  -8.154 0.0000000000
46494  -56.908  -36.376  -1.479 0.0000000000
46495  -57.617  -36.349  -1.952 0.0000000000
46510  -58.233  -36.491  -2.297 0.0000000000
46511  -58.875  -36.653  -2.561 0.0000000000
46512  -59.661  -36.741  -2.793 0.0000000000
46513  -60.613  -36.788  -3.026 0.0000000000
46525  -55.917  -36.828  -3.688 0.0000000000
46526  -56.559  -37.067  -4.193 0.0000000000
46527  -61.216  -35.955  -3.322 0.0000000000
46528  -62.464  -35.948  -3.529 0.0000000000
46529  -63.408  -36.055  -3.811 0.0000000000
46530  -63.653  -36.163  -4.175 0.0000000000
46537  -57.037  -36.885  -4.917 0.0000000000
46538  -57.478  -36.899  -5.694 0.0000000000
46539  -63.629  -36.096  -4.676 0.0000000000
46544  -57.096  -36.495  -6.258 0.0000000000
46545  -63.216  -36.164  -5.494 0.0000000000
46550  -58.265  -36.814  -6.682 0.0000000000
46551  -59.070  -36.781  -7.131 0.0000000000
46552  -62.068  -36.118  -7.198 0.0000000000
46553  -62.599  -36.211  -6.395 0.0000000000
46558  -59.221  -36.073  -7.363 0.0000000000
46559  -60.744  -36.599  -7.933 0.0000000000
46560  -61.473  -36.758  -7.717 0.0000000000
47365  -56.494  -35.633  -1.270 0.0000000000
47366  -57.300  -35.512  -1.851 0.0000000000
47380  -57.827  -34.981  -2.280 0.0000000000
47381  -58.653  -35.210  -2.634 0.0000000000
47382  -59.623  -35.158  -3.050 0.0000000000
47383  -60.117  -35.983  -3.111 0.0000000000
47393  -60.644  -35.119  -3.369 0.0000000000
47394  -61.889  -34.988  -3.621 0.0000000000
47395  -62.942  -35.210  -3.874 0.0000000000
47396  -63.368  -35.343  -4.228 0.0000000000
47402  -63.488  -35.339  -4.633 0.0000000000
47406  -55.171  -35.763  -6.929 0.0000000000
47407  -55.907  -35.904  -6.157 0.0000000000
47408  -56.577  -36.310  -5.501 0.0000000000
47409  -63.122  -34.782  -5.833 0.0000000000
47410  -63.455  -35.378  -5.259 0.0000000000
47413  -54.911  -35.939  -7.906 0.0000000000
47414  -55.731  -35.941  -7.150 0.0000000000
47415  -56.724  -36.179  -7.021 0.0000000000
47416  -57.589  -36.404  -6.821 0.0000000000
47417  -58.336  -36.278  -7.091 0.0000000000
47418  -61.177  -35.223  -7.314 0.0000000000
47419  -61.992  -35.337  -7.084 0.0000000000
47420  -62.590  -35.468  -6.519 0.0000000000
47426  -55.241  -35.864  -7.691 0.0000000000
47427  -56.067  -35.836  -7.360 0.0000000000
47428  -57.546  -35.983  -7.165 0.0000000000
47429  -60.058  -35.963  -7.639 0.0000000000
47430  -61.375  -35.985  -7.607 0.0000000000
48283  -56.127  -34.150  -1.243 0.0000000000
48284  -56.803  -34.735  -1.629 0.0000000000
48285  -57.456  -34.256  -2.157 0.0000000000
48298  -58.283  -34.311  -2.550 0.0000000000
48299  -59.181  -34.300  -2.937 0.0000000000
48309  -60.156  -34.257  -3.331 0.0000000000
48310  -60.826  -33.341  -3.634 0.0000000000
48311  -61.173  -34.213  -3.621 0.0000000000
48312  -62.620  -34.435  -4.011 0.0000000000
48313  -63.298  -34.643  -4.625 0.0000000000
48320  -62.990  -34.075  -4.506 0.0000000000
48324  -54.214  -34.327  -5.750 0.0000000000
48325  -54.685  -34.527  -5.137 0.0000000000
48326  -55.308  -35.319  -5.660 0.0000000000
48327  -63.112  -33.956  -5.382 0.0000000000
48328  -63.423  -34.600  -5.090 0.0000000000
48332  -53.980  -34.633  -6.697 0.0000000000
48333  -54.413  -35.619  -7.714 0.0000000000
48334  -56.610  -35.134  -7.403 0.0000000000
48335  -58.224  -34.509  -6.950 0.0000000000
48336  -59.171  -34.566  -6.958 0.0000000000
48337  -60.792  -34.506  -6.961 0.0000000000
48338  -61.855  -34.418  -6.707 0.0000000000
48339  -62.706  -34.076  -6.060 0.0000000000
48345  -53.745  -35.109  -7.832 0.0000000000
48346  -54.299  -35.976  -8.761 0.0000000000
48347  -54.740  -35.899  -8.405 0.0000000000
48348  -57.545  -35.277  -7.236 0.0000000000
48349  -58.478  -35.471  -7.217 0.0000000000
48350  -59.500  -35.341  -7.315 0.0000000000
48351  -60.338  -35.258  -7.377 0.0000000000
48357  -53.994  -35.992  -9.458 0.0000000000
48358  -54.266  -35.880  -9.409 0.0000000000
48362  -54.138  -35.497  -10.195 0.0000000000
49221  -55.978  -33.179  -1.390 0.0000000000
49222  -56.760  -33.805  -1.772 0.0000000000
49231  -53.033  -33.179  -2.910 0.0000000000
49233  -56.775  -32.988  -2.021 0.0000000000
49234  -57.932  -33.555  -2.497 0.0000000000
49235  -58.759  -33.515  -2.841 0.0000000000
49244  -53.661  -33.507  -3.689 0.0000000000
49246  -61.694  -33.404  -3.954 0.0000000000
49247  -62.437  -33.629  -4.304 0.0000000000
49252  -53.626  -33.451  -4.703 0.0000000000
49253  -54.236  -33.938  -4.410 0.0000000000
49254  -62.081  -32.747  -4.555 0.0000000000
49255  -62.752  -33.324  -4.799 0.0000000000
49256  -63.181  -33.911  -4.909 0.0000000000
49261  -52.714  -33.172  -6.069 0.0000000000
49262  -53.565  -33.713  -5.731 0.0000000000
49263  -54.104  -33.908  -5.099 0.0000000000
49264  -61.939  -32.661  -5.537 0.0000000000
49265  -62.435  -32.878  -5.305 0.0000000000
49266  -62.874  -33.285  -5.085 0.0000000000
49270  -52.632  -33.228  -7.011 0.0000000000
49271  -53.328  -33.952  -6.856 0.0000000000
49272  -56.693  -33.782  -7.073 0.0000000000
49273  -57.855  -33.662  -6.678 0.0000000000
49274  -58.884  -33.689  -6.552 0.0000000000
49275  -60.162  -33.724  -6.518 0.0000000000
49276  -61.300  -33.012  -6.014 0.0000000000
49277  -62.128  -33.382  -6.029 0.0000000000
49278  -62.712  -33.467  -5.549 0.0000000000
49284  -52.666  -33.123  -7.981 0.0000000000
49285  -53.272  -34.176  -7.905 0.0000000000
49286  -54.943  -35.343  -8.766 0.0000000000
49287  -55.541  -33.264  -7.856 0.0000000000
49292  -53.814  -35.452  -9.989 0.0000000000
49293  -54.594  -35.102  -10.185 0.0000000000
49297  -54.208  -34.740  -10.799 0.0000000000
49298  -54.613  -34.514  -10.941 0.0000000000
49299  -55.315  -33.860  -11.020 0.0000000000
49300  -54.730  -33.984  -11.383 0.0000000000
49301  -55.267  -33.540  -11.555 0.0000000000
50182  -50.261  -32.335  -0.790 0.0000000000
50188  -50.751  -32.282  -1.434 0.0000000000
50190  -51.881  -32.809  -1.851 0.0000000000
50191  -56.186  -32.281  -1.772 0.0000000000
50198  -51.285  -32.304  -1.999 0.0000000000
50199  -51.814  -32.459  -2.534 0.0000000000
50200  -52.435  -32.986  -2.336 0.0000000000
50201  -56.982  -32.180  -2.318 0.0000000000
50202  -57.539  -32.844  -2.442 0.0000000000
50203  -58.375  -32.783  -2.793 0.0000000000
50211  -51.888  -32.302  -3.932 0.0000000000
50212  -52.802  -32.794  -3.728 0.0000000000
50213  -59.129  -32.747  -3.130 0.0000000000
50214  -59.880  -32.094  -3.505 0.0000000000
50215  -60.710  -32.377  -3.773 0.0000000000
50222  -51.580  -32.257  -4.952 0.0000000000
50223  -52.436  -32.629  -4.578 0.0000000000
50224  -53.136  -33.000  -4.339 0.0000000000
50225  -61.938  -32.275  -4.882 0.0000000000
50226  -62.430  -32.705  -4.963 0.0000000000
50231  -51.450  -32.127  -5.847 0.0000000000
50232  -52.169  -32.625  -5.481 0.0000000000
50233  -52.951  -33.035  -5.129 0.0000000000
50234  -58.023  -31.962  -5.951 0.0000000000
50235  -59.136  -32.032  -5.665 0.0000000000
50236  -60.262  -32.024  -5.475 0.0000000000
50237  -61.337  -32.178  -5.343 0.0000000000
50238  -62.051  -32.313  -5.074 0.0000000000
50244  -52.050  -32.582  -6.373 0.0000000000
50245  -56.365  -32.490  -6.983 0.0000000000
50246  -57.411  -32.753  -6.529 0.0000000000
50247  -58.458  -32.829  -6.232 0.0000000000
50248  -59.551  -32.850  -6.052 0.0000000000
50249  -60.553  -32.727  -5.889 0.0000000000
50256  -53.281  -34.237  -9.044 0.0000000000
50257  -55.125  -33.893  -9.387 0.0000000000
50258  -55.854  -31.942  -7.748 0.0000000000
50263  -52.804  -32.873  -9.104 0.0000000000
50264  -53.499  -34.017  -10.227 0.0000000000
50265  -56.022  -32.690  -10.723 0.0000000000
50268  -54.123  -33.318  -11.211 0.0000000000
50269  -55.930  -32.797  -11.595 0.0000000000
50270  -55.066  -33.135  -11.783 0.0000000000
50271  -55.693  -32.843  -11.752 0.0000000000
51056  -48.555  -31.285  -0.610 0.0000000000
51057  -49.410  -31.681  -0.837 0.0000000000
51059  -54.943  -31.395  -0.834 0.0000000000
51066  -48.735  -31.097  -1.323 0.0000000000
51067  -49.235  -31.242  -1.819 0.0000000000
51068  -50.035  -31.753  -1.546 0.0000000000
51069  -55.619  -31.473  -1.554 0.0000000000
51070  -56.367  -31.527  -2.138 0.0000000000
51074  -49.631  -31.282  -3.316 0.0000000000
51075  -50.568  -31.843  -2.162 0.0000000000
51076  -57.152  -31.376  -2.601 0.0000000000
51077  -57.966  -30.979  -3.082 0.0000000000
51078  -58.838  -31.149  -3.346 0.0000000000
51082  -49.659  -31.143  -4.114 0.0000000000
51083  -50.366  -31.615  -3.775 0.0000000000
51084  -51.061  -31.965  -2.861 0.0000000000
51085  -58.644  -30.543  -3.488 0.0000000000
51086  -60.032  -31.038  -4.098 0.0000000000
51087  -61.309  -32.080  -4.461 0.0000000000
51094  -50.270  -31.355  -4.780 0.0000000000
51095  -50.979  -31.902  -4.435 0.0000000000
51096  -60.103  -31.150  -4.481 0.0000000000
51097  -60.676  -31.591  -4.508 0.0000000000
51101  -50.619  -31.238  -5.496 0.0000000000
51102  -51.035  -31.484  -6.023 0.0000000000
51103  -57.644  -31.009  -5.842 0.0000000000
51104  -58.803  -31.196  -5.339 0.0000000000
51105  -59.872  -31.322  -5.089 0.0000000000
51106  -60.752  -31.567  -4.945 0.0000000000
51107  -61.440  -31.961  -4.886 0.0000000000
51114  -51.620  -31.808  -6.750 0.0000000000
51115  -57.088  -31.834  -6.463 0.0000000000
51121  -51.613  -31.035  -7.405 0.0000000000
51122  -52.151  -31.925  -7.978 0.0000000000
51123  -56.061  -31.510  -8.638 0.0000000000
51128  -52.524  -31.586  -9.274 0.0000000000
51129  -53.171  -32.470  -10.236 0.0000000000
51130  -56.636  -31.561  -10.256 0.0000000000
51131  -57.178  -31.088  -10.849 0.0000000000
51135  -52.927  -31.212  -10.282 0.0000000000
51136  -53.583  -31.805  -10.898 0.0000000000
51137  -56.507  -31.706  -11.248 0.0000000000
51138  -57.003  -31.079  -11.048 0.0000000000
51139  -54.457  -32.167  -11.496 0.0000000000
51140  -55.469  -32.294  -11.765 0.0000000000
51141  -56.106  -32.317  -11.686 0.0000000000
51881  -46.850  -29.934  -0.300 0.0000000000
51882  -47.396  -30.260  -0.802 0.0000000000
51888  -47.998  -30.614  -1.331 0.0000000000
51889  -48.477  -30.742  -2.054 0.0000000000
51890  -55.153  -30.508  -1.269 0.0000000000
51891  -55.873  -30.792  -2.012 0.0000000000
51895  -48.309  -30.325  -2.704 0.0000000000
51896  -48.951  -30.944  -2.803 0.0000000000
51897  -55.600  -29.963  -1.914 0.0000000000
51898  -56.337  -30.239  -2.464 0.0000000000
51899  -57.145  -30.591  -2.841 0.0000000000
51903  -48.717  -30.361  -3.279 0.0000000000
51904  -49.176  -30.752  -3.630 0.0000000000
51905  -57.944  -30.215  -3.334 0.0000000000
51906  -58.725  -29.990  -3.783 0.0000000000
51907  -59.378  -30.521  -3.865 0.0000000000
51912  -49.445  -30.585  -4.133 0.0000000000
51913  -49.847  -30.723  -4.610 0.0000000000
51914  -58.975  -29.971  -4.071 0.0000000000
51915  -59.590  -30.601  -4.133 0.0000000000
51921  -50.355  -30.745  -5.229 0.0000000000
51922  -50.880  -30.751  -5.979 0.0000000000
51923  -57.663  -29.990  -5.670 0.0000000000
51924  -58.464  -29.574  -4.635 0.0000000000
51930  -51.469  -30.367  -6.771 0.0000000000
51931  -51.877  -30.031  -7.815 0.0000000000
51932  -56.774  -30.507  -7.315 0.0000000000
51933  -57.210  -29.959  -6.723 0.0000000000
51938  -52.045  -30.773  -8.535 0.0000000000
51939  -56.909  -30.594  -8.835 0.0000000000
51944  -52.509  -30.418  -9.754 0.0000000000
51945  -57.388  -30.773  -10.464 0.0000000000
51949  -52.974  -30.333  -10.565 0.0000000000
51950  -53.667  -30.880  -10.928 0.0000000000
51951  -53.741  -30.189  -10.810 0.0000000000
51952  -55.963  -30.837  -10.831 0.0000000000
51953  -56.524  -30.654  -10.449 0.0000000000
51954  -54.662  -31.339  -11.295 0.0000000000
51955  -56.014  -31.530  -11.393 0.0000000000
52852  -47.164  -29.669  -0.955 0.0000000000
52858  -47.521  -29.883  -1.655 0.0000000000
52859  -47.941  -29.832  -2.395 0.0000000000
52860  -55.459  -29.134  -1.712 0.0000000000
52865  -48.552  -29.727  -3.051 0.0000000000
52866  -56.082  -29.393  -2.431 0.0000000000
52867  -57.019  -29.680  -3.089 0.0000000000
52872  -49.122  -30.046  -3.813 0.0000000000
52873  -49.865  -29.552  -4.099 0.0000000000
52874  -57.397  -28.832  -3.457 0.0000000000
52875  -58.035  -29.477  -3.611 0.0000000000
52876  -58.576  -29.469  -3.953 0.0000000000
52880  -49.642  -30.196  -4.330 0.0000000000
52881  -50.265  -29.959  -4.804 0.0000000000
52882  -51.180  -29.271  -5.136 0.0000000000
52883  -58.179  -28.745  -4.674 0.0000000000
52884  -58.511  -29.298  -4.152 0.0000000000
52889  -50.736  -30.142  -5.469 0.0000000000
52890  -51.345  -29.789  -6.004 0.0000000000
52891  -52.384  -28.319  -6.314 0.0000000000
52892  -57.707  -29.146  -5.855 0.0000000000
52899  -57.075  -30.250  -8.151 0.0000000000
52900  -57.425  -29.691  -7.427 0.0000000000
52906  -57.681  -30.522  -9.772 0.0000000000
52907  -57.982  -30.335  -9.433 0.0000000000
52908  -58.512  -30.324  -10.058 0.0000000000
52912  -52.808  -29.306  -10.349 0.0000000000
52913  -53.091  -28.474  -10.278 0.0000000000
52914  -54.097  -29.076  -10.087 0.0000000000
52915  -55.500  -29.829  -9.596 0.0000000000
52916  -57.194  -30.208  -10.110 0.0000000000
52917  -58.166  -30.240  -10.284 0.0000000000
52920  -53.202  -29.864  -10.688 0.0000000000
52921  -53.247  -29.204  -10.558 0.0000000000
52922  -53.860  -29.554  -10.567 0.0000000000
52923  -55.037  -30.205  -10.164 0.0000000000
53725  -46.195  -28.741  0.127 0.0000000000
53732  -46.742  -29.126  -0.561 0.0000000000
53733  -47.201  -28.420  -0.867 0.0000000000
53734  -47.784  -28.467  -1.406 0.0000000000
53735  -55.349  -28.412  -0.546 0.0000000000
53739  -47.300  -29.178  -1.276 0.0000000000
53740  -47.775  -29.219  -1.922 0.0000000000
53741  -48.526  -28.441  -1.969 0.0000000000
53742  -55.431  -28.378  -1.315 0.0000000000
53747  -48.264  -29.253  -2.456 0.0000000000
53748  -48.961  -28.819  -2.736 0.0000000000
53749  -49.902  -28.378  -2.958 0.0000000000
53750  -55.850  -28.459  -2.212 0.0000000000
53751  -56.367  -28.114  -2.723 0.0000000000
53757  -49.391  -29.222  -3.431 0.0000000000
53758  -50.297  -28.716  -3.665 0.0000000000
53759  -51.096  -28.252  -3.908 0.0000000000
53760  -56.921  -28.117  -3.267 0.0000000000
53761  -57.646  -28.118  -3.757 0.0000000000
53762  -58.162  -28.807  -3.931 0.0000000000
53765  -50.694  -29.019  -4.373 0.0000000000
53766  -51.414  -28.477  -4.582 0.0000000000
53767  -51.951  -28.037  -4.826 0.0000000000
53768  -58.065  -28.129  -4.448 0.0000000000
53772  -52.152  -28.208  -5.447 0.0000000000
53773  -58.129  -28.374  -5.397 0.0000000000
53774  -58.306  -27.942  -5.909 0.0000000000
53781  -57.883  -28.913  -6.667 0.0000000000
53782  -58.424  -28.924  -7.497 0.0000000000
53783  -59.184  -28.988  -8.139 0.0000000000
53789  -52.689  -28.205  -7.667 0.0000000000
53790  -53.033  -27.644  -9.156 0.0000000000
53791  -54.882  -27.988  -8.520 0.0000000000
53792  -58.075  -29.757  -8.498 0.0000000000
53793  -58.898  -29.853  -9.345 0.0000000000
53794  -59.573  -29.704  -9.677 0.0000000000
53795  -60.264  -29.463  -9.740 0.0000000000
53800  -52.744  -28.419  -9.696 0.0000000000
53801  -53.144  -27.951  -9.920 0.0000000000
53802  -53.519  -28.117  -9.995 0.0000000000
53803  -54.482  -28.642  -9.320 0.0000000000
53804  -56.012  -29.314  -8.864 0.0000000000
53805  -57.793  -29.800  -10.074 0.0000000000
53806  -58.917  -30.026  -10.148 0.0000000000
53807  -59.887  -29.459  -10.082 0.0000000000
54540  -46.098  -27.864  0.217 0.0000000000
54541  -46.821  -27.277  -0.060 0.0000000000
54551  -46.662  -28.201  -0.347 0.0000000000
54552  -47.188  -27.758  -0.537 0.0000000000
54553  -47.854  -27.669  -0.844 0.0000000000
54554  -48.798  -27.126  -0.893 0.0000000000
54557  -49.167  -27.575  -1.570 0.0000000000
54558  -50.035  -27.276  -1.799 0.0000000000
54559  -55.593  -27.742  -0.867 0.0000000000
54560  -55.935  -27.080  -1.177 0.0000000000
54563  -49.504  -27.994  -2.256 0.0000000000
54564  -50.384  -27.614  -2.508 0.0000000000
54565  -51.170  -27.253  -2.791 0.0000000000
54566  -55.738  -27.715  -1.639 0.0000000000
54567  -56.083  -27.106  -1.972 0.0000000000
54573  -50.736  -27.936  -3.225 0.0000000000
54574  -51.470  -27.540  -3.524 0.0000000000
54575  -52.136  -27.173  -3.885 0.0000000000
54576  -56.558  -27.398  -2.789 0.0000000000
54577  -57.278  -27.415  -3.459 0.0000000000
54581  -51.724  -27.806  -4.219 0.0000000000
54582  -52.284  -27.475  -4.577 0.0000000000
54583  -52.726  -27.263  -5.127 0.0000000000
54584  -57.892  -27.421  -4.185 0.0000000000
54585  -58.335  -27.273  -4.963 0.0000000000
54590  -52.592  -27.711  -5.729 0.0000000000
54591  -53.069  -27.129  -5.938 0.0000000000
54592  -58.213  -27.793  -4.918 0.0000000000
54593  -58.783  -27.365  -6.067 0.0000000000
54602  -52.876  -27.614  -6.696 0.0000000000
54603  -53.288  -26.929  -6.991 0.0000000000
54604  -58.766  -28.140  -6.861 0.0000000000
54605  -59.495  -27.813  -7.090 0.0000000000
54606  -60.361  -28.013  -7.765 0.0000000000
54613  -53.154  -27.309  -7.925 0.0000000000
54614  -53.537  -26.851  -8.931 0.0000000000
54615  -56.020  -28.213  -7.937 0.0000000000
54616  -56.998  -28.039  -8.020 0.0000000000
54617  -58.245  -28.345  -9.012 0.0000000000
54618  -59.964  -28.952  -8.583 0.0000000000
54626  -53.665  -27.460  -9.480 0.0000000000
54627  -54.051  -27.308  -9.497 0.0000000000
54628  -54.626  -26.462  -8.921 0.0000000000
54629  -56.949  -29.052  -8.974 0.0000000000
54630  -58.201  -29.500  -9.919 0.0000000000
54631  -59.105  -29.389  -10.122 0.0000000000
55564  -47.508  -27.228  -0.380 0.0000000000
55579  -49.643  -26.868  -1.202 0.0000000000
55580  -50.417  -26.551  -1.447 0.0000000000
55581  -51.178  -26.196  -1.713 0.0000000000
55582  -56.417  -26.382  -1.524 0.0000000000
55587  -50.800  -26.895  -2.105 0.0000000000
55588  -51.525  -26.532  -2.425 0.0000000000
55589  -52.223  -26.199  -2.762 0.0000000000
55590  -56.778  -26.021  -2.283 0.0000000000
55591  -57.233  -25.883  -2.876 0.0000000000
55596  -51.855  -26.849  -3.155 0.0000000000
55597  -52.581  -26.440  -3.555 0.0000000000
55598  -53.227  -25.810  -3.686 0.0000000000
55599  -57.016  -26.605  -3.059 0.0000000000
55600  -57.603  -26.167  -3.534 0.0000000000
55601  -58.024  -25.735  -3.845 0.0000000000
55605  -52.750  -26.799  -4.388 0.0000000000
55606  -53.211  -26.636  -5.214 0.0000000000
55607  -58.155  -26.496  -4.345 0.0000000000
55611  -53.452  -26.418  -6.232 0.0000000000
55612  -58.676  -26.719  -5.274 0.0000000000
55613  -59.355  -26.721  -6.052 0.0000000000
55614  -59.909  -26.058  -5.954 0.0000000000
55624  -53.556  -26.205  -7.464 0.0000000000
55625  -55.636  -26.064  -7.637 0.0000000000
55626  -56.117  -27.104  -7.336 0.0000000000
55627  -56.946  -26.732  -7.071 0.0000000000
55628  -57.805  -26.410  -7.157 0.0000000000
55629  -60.389  -26.890  -6.784 0.0000000000
55637  -53.737  -26.131  -8.611 0.0000000000
55638  -57.611  -27.311  -7.709 0.0000000000
55639  -58.464  -27.249  -8.239 0.0000000000
55649  -54.667  -25.646  -9.003 0.0000000000
55650  -55.036  -25.114  -9.067 0.0000000000
56548  -53.197  -25.256  -2.919 0.0000000000
56549  -56.846  -25.735  -1.620 0.0000000000
56550  -57.275  -25.302  -2.209 0.0000000000
56559  -57.659  -25.417  -3.162 0.0000000000
56560  -58.242  -25.005  -3.589 0.0000000000
56564  -54.138  -24.960  -5.005 0.0000000000
56565  -58.605  -25.571  -4.418 0.0000000000
56566  -59.306  -25.125  -4.781 0.0000000000
56571  -53.796  -25.562  -6.751 0.0000000000
56572  -54.040  -25.158  -5.903 0.0000000000
56573  -59.174  -25.908  -5.274 0.0000000000
56585  -53.807  -25.510  -8.056 0.0000000000
56586  -54.032  -24.915  -7.544 0.0000000000
56587  -56.382  -25.157  -6.792 0.0000000000
56588  -57.132  -25.600  -6.476 0.0000000000
56589  -58.427  -25.505  -6.764 0.0000000000
56599  -54.195  -25.608  -8.805 0.0000000000
56600  -54.240  -25.001  -8.454 0.0000000000
56601  -55.468  -25.243  -8.551 0.0000000000
56602  -58.726  -26.379  -7.664 0.0000000000
56610  -54.611  -25.188  -8.938 0.0000000000
57448  -53.609  -24.418  -2.691 0.0000000000
57449  -54.069  -23.808  -2.752 0.0000000000
57450  -57.944  -24.612  -2.632 0.0000000000
57460  -53.791  -24.945  -3.627 0.0000000000
57461  -54.196  -24.152  -3.372 0.0000000000
57469  -54.325  -24.412  -4.255 0.0000000000
57470  -58.949  -24.560  -4.072 0.0000000000
57476  -54.303  -24.459  -5.928 0.0000000000
57477  -57.365  -23.949  -5.811 0.0000000000
57478  -58.077  -24.112  -5.737 0.0000000000
57492  -54.252  -24.317  -7.004 0.0000000000
57493  -56.377  -24.322  -7.041 0.0000000000
57494  -56.838  -24.536  -6.266 0.0000000000
57495  -57.714  -24.683  -6.114 0.0000000000
57503  -54.320  -24.291  -8.068 0.0000000000
57504  -55.942  -24.698  -8.114 0.0000000000
57511  -54.818  -24.562  -8.828 0.0000000000
57512  -55.409  -24.571  -8.891 0.0000000000
57513  -55.956  -24.031  -8.821 0.0000000000
58465  -54.673  -23.689  -4.668 0.0000000000
58475  -54.566  -23.733  -5.584 0.0000000000
58476  -57.226  -23.110  -5.853 0.0000000000
58477  -57.936  -23.465  -5.515 0.0000000000
58494  -54.431  -23.621  -7.347 0.0000000000
58495  -56.547  -23.607  -7.624 0.0000000000
58496  -56.767  -23.722  -6.425 0.0000000000
58502  -54.746  -23.679  -8.390 0.0000000000
58503  -56.353  -23.432  -8.631 0.0000000000
58509  -55.416  -23.960  -8.852 0.0000000000
58510  -56.062  -23.413  -8.821 0.0000000000
59378  -54.736  -22.682  -2.938 0.0000000000
59388  -55.038  -22.860  -4.094 0.0000000000
59389  -55.291  -21.908  -4.317 0.0000000000
59393  -54.870  -22.987  -5.267 0.0000000000
59394  -55.135  -22.174  -5.091 0.0000000000
59406  -54.887  -22.372  -5.853 0.0000000000
59407  -57.386  -22.227  -5.976 0.0000000000
59425  -54.636  -23.050  -6.380 0.0000000000
59426  -56.975  -22.766  -8.256 0.0000000000
59427  -57.209  -22.368  -7.045 0.0000000000
59432  -54.683  -22.783  -7.653 0.0000000000
59433  -55.154  -22.366  -8.235 0.0000000000
59434  -57.431  -22.019  -8.783 0.0000000000
59437  -55.308  -23.117  -8.617 0.0000000000
59438  -55.931  -22.548  -8.821 0.0000000000
59439  -56.733  -22.569  -8.720 0.0000000000
60286  -54.199  -21.803  -1.715 0.0000000000
60304  -54.728  -21.897  -2.520 0.0000000000
60305  -55.186  -21.195  -2.957 0.0000000000
60318  -55.183  -21.979  -3.438 0.0000000000
60319  -55.399  -21.208  -3.964 0.0000000000
60332  -55.284  -21.332  -4.978 0.0000000000
60349  -55.051  -21.643  -5.871 0.0000000000
60363  -54.819  -22.144  -6.650 0.0000000000
60365  -54.918  -21.975  -7.463 0.0000000000
60366  -55.343  -21.534  -8.091 0.0000000000
60367  -57.569  -22.033  -8.054 0.0000000000
60368  -57.953  -21.559  -8.754 0.0000000000
60369  -56.393  -21.728  -8.816 0.0000000000
60370  -57.268  -21.845  -8.980 0.0000000000
60371  -57.798  -21.536  -9.060 0.0000000000
60372  -58.269  -21.133  -9.111 0.0000000000
60373  -57.526  -21.293  -9.122 0.0000000000
60374  -58.074  -21.043  -9.278 0.0000000000
60375  -58.396  -20.848  -9.216 0.0000000000
61219  -53.666  -20.496  -1.005 0.0000000000
61220  -54.359  -20.401  -1.709 0.0000000000
61238  -54.949  -20.410  -2.511 0.0000000000
61239  -55.376  -20.428  -3.503 0.0000000000
61269  -55.259  -20.155  -6.620 0.0000000000
61277  -55.298  -20.677  -7.402 0.0000000000
61278  -58.072  -20.736  -7.264 0.0000000000
61279  -55.740  -20.745  -8.140 0.0000000000
61280  -57.972  -21.436  -7.939 0.0000000000
61281  -58.485  -20.927  -8.578 0.0000000000
61282  -56.434  -20.803  -8.667 0.0000000000
61283  -57.075  -20.889  -9.050 0.0000000000
61284  -58.706  -20.645  -9.128 0.0000000000
61285  -57.704  -20.538  -9.266 0.0000000000
61286  -58.508  -20.435  -9.309 0.0000000000
62080  -53.385  -19.681  -0.711 0.0000000000
62081  -53.993  -19.628  -1.352 0.0000000000
62100  -55.251  -19.660  -2.950 0.0000000000
62113  -55.452  -19.683  -3.975 0.0000000000
62120  -55.345  -19.098  -5.341 0.0000000000
62131  -55.332  -19.226  -6.298 0.0000000000
62136  -55.511  -19.933  -7.404 0.0000000000
62139  -55.794  -19.440  -7.606 0.0000000000
62140  -56.196  -19.380  -8.049 0.0000000000
62142  -55.974  -20.023  -8.112 0.0000000000
62143  -56.722  -20.060  -8.699 0.0000000000
62144  -57.384  -19.563  -9.018 0.0000000000
62145  -59.102  -20.037  -9.276 0.0000000000
62147  -58.351  -19.774  -9.410 0.0000000000
62148  -58.920  -19.746  -9.437 0.0000000000
62888  -53.162  -18.191  -0.592 0.0000000000
62897  -54.276  -18.706  -1.714 0.0000000000
62909  -54.902  -18.875  -2.579 0.0000000000
62910  -55.334  -18.966  -3.517 0.0000000000
62920  -55.094  -18.137  -3.212 0.0000000000
62921  -55.356  -18.461  -4.041 0.0000000000
62929  -55.323  -18.421  -4.848 0.0000000000
62934  -55.300  -18.426  -5.747 0.0000000000
62938  -55.438  -18.408  -6.503 0.0000000000
62940  -55.735  -18.281  -7.101 0.0000000000
62941  -55.939  -18.848  -7.546 0.0000000000
62944  -56.392  -18.730  -8.051 0.0000000000
62945  -57.015  -18.729  -8.633 0.0000000000
62948  -57.972  -18.871  -9.278 0.0000000000
62949  -59.022  -18.940  -9.548 0.0000000000
63781  -52.633  -17.428  -0.239 0.0000000000
63782  -53.286  -17.515  -0.812 0.0000000000
63793  -53.701  -18.050  -1.209 0.0000000000
63794  -54.212  -17.762  -1.802 0.0000000000
63805  -54.593  -17.495  -2.549 0.0000000000
63821  -54.882  -17.273  -3.453 0.0000000000
63822  -55.224  -17.824  -4.185 0.0000000000
63828  -54.984  -17.059  -4.399 0.0000000000
63829  -55.204  -17.701  -5.125 0.0000000000
63832  -55.016  -16.834  -5.338 0.0000000000
63833  -55.252  -17.678  -5.981 0.0000000000
63835  -55.537  -17.635  -6.660 0.0000000000
63838  -55.930  -17.393  -7.255 0.0000000000
63842  -56.655  -18.022  -8.199 0.0000000000
63843  -57.439  -17.972  -8.820 0.0000000000
63846  -58.499  -18.036  -9.413 0.0000000000
63847  -59.497  -17.956  -9.570 0.0000000000
64650  -52.315  -16.462  -0.109 0.0000000000
64651  -53.093  -16.682  -0.782 0.0000000000
64661  -53.585  -16.422  -1.521 0.0000000000
64662  -54.109  -16.948  -1.988 0.0000000000
64674  -53.944  -16.142  -2.207 0.0000000000
64675  -54.437  -16.692  -2.762 0.0000000000
64689  -54.628  -16.486  -3.658 0.0000000000
64695  -54.695  -16.287  -4.524 0.0000000000
64696  -55.278  -16.915  -6.223 0.0000000000
64698  -54.928  -16.109  -5.811 0.0000000000
64699  -55.362  -16.099  -6.584 0.0000000000
64702  -55.822  -16.447  -7.188 0.0000000000
64703  -56.390  -16.622  -7.731 0.0000000000
64706  -56.983  -17.096  -8.349 0.0000000000
64707  -57.940  -17.132  -9.082 0.0000000000
64708  -58.521  -16.364  -9.277 0.0000000000
64711  -58.983  -17.240  -9.545 0.0000000000
65555  -52.662  -15.829  -0.586 0.0000000000
65556  -53.172  -15.931  -1.121 0.0000000000
65568  -53.473  -15.598  -1.693 0.0000000000
65577  -53.745  -15.338  -2.448 0.0000000000
65578  -54.229  -15.901  -2.985 0.0000000000
65588  -53.973  -15.165  -3.273 0.0000000000
65589  -54.390  -15.734  -3.852 0.0000000000
65597  -54.456  -15.569  -4.631 0.0000000000
65599  -54.577  -15.392  -5.338 0.0000000000
65601  -55.339  -15.113  -6.775 0.0000000000
65602  -55.677  -15.709  -7.122 0.0000000000
65606  -56.147  -15.766  -7.550 0.0000000000
65607  -56.610  -15.791  -7.987 0.0000000000
65611  -57.224  -15.371  -8.458 0.0000000000
65612  -58.139  -15.486  -8.999 0.0000000000
66478  -52.915  -15.120  -1.085 0.0000000000
66489  -52.844  -14.325  -1.290 0.0000000000
66490  -53.310  -14.668  -1.878 0.0000000000
66501  -53.572  -14.578  -2.770 0.0000000000
66512  -53.744  -14.453  -3.676 0.0000000000
66513  -54.174  -15.064  -4.081 0.0000000000
66520  -53.819  -14.136  -4.559 0.0000000000
66521  -54.225  -14.887  -4.757 0.0000000000
66524  -53.919  -13.519  -5.288 0.0000000000
66525  -54.378  -14.464  -5.511 0.0000000000
66527  -54.893  -14.372  -6.400 0.0000000000
66532  -56.521  -14.917  -7.987 0.0000000000
67347  -52.547  -13.577  -1.171 0.0000000000
67348  -52.986  -13.943  -1.716 0.0000000000
67357  -52.834  -13.297  -1.979 0.0000000000
67358  -53.234  -13.926  -2.369 0.0000000000
67368  -53.023  -13.227  -2.948 0.0000000000
67369  -53.405  -13.647  -3.759 0.0000000000
67379  -53.452  -13.244  -4.509 0.0000000000
67382  -54.466  -13.612  -6.082 0.0000000000
67386  -55.013  -13.555  -6.841 0.0000000000
67390  -56.093  -14.124  -7.743 0.0000000000
68180  -52.558  -12.531  -2.360 0.0000000000
68190  -52.619  -12.370  -3.284 0.0000000000
68191  -53.054  -12.872  -3.847 0.0000000000
68204  -53.150  -12.576  -4.494 0.0000000000
68209  -53.506  -12.699  -5.116 0.0000000000
68210  -54.059  -12.825  -5.850 0.0000000000
113041  -51.537  -46.588  -1.440 0.0000000000
113043  -55.297  -19.864  -5.644 0.0000000000
113054  -57.232  -42.299  -2.834 0.0000000000
113061  -54.551  -44.717  -8.713 0.0000000000
113213  -57.059  -49.826  -6.437 0.0000000000
113254  -55.211  -20.759  -5.795 0.0000000000
113267  -54.449  -24.280  -5.054 0.0000000000
113334  -54.198  -49.044  -4.581 0.0000000000
113654  -52.368  -48.984  -6.706 0.0000000000
113669  -49.780  -69.610  -1.033 0.0000000000
113823  -52.874  -62.756  -0.715 0.0000000000
113956  -54.966  -49.848  -5.366 0.0000000000
114060  -61.395  -32.688  -4.046 0.0000000000
114337  -49.316  -53.922  -4.165 0.0000000000
114515  -51.837  -61.821  -6.125 0.0000000000
114527  -49.903  -65.402  -8.032 0.0000000000
114638  -49.481  -57.263  -5.927 0.0000000000
114861  -60.555  -42.460  -3.187 0.0000000000
114917  -47.889  -60.042  -5.154 0.0000000000
114965  -58.988  -31.977  -3.223 0.0000000000
115077  -53.414  -13.954  -3.084 0.0000000000
115119  -64.142  -41.034  -3.560 0.0000000000
115206  -52.407  -49.519  -7.245 0.0000000000
115277  -56.763  -43.754  -10.324 0.0000000000
115318  -44.517  -67.169  -5.046 0.0000000000
115365  -49.549  -57.248  -6.693 0.0000000000
115366  -56.256  -24.043  -8.318 0.0000000000
115396  -47.515  -69.492  -1.690 0.0000000000
115513  -63.410  -42.566  -4.488 0.0000000000
115527  -59.432  -42.265  -2.480 0.0000000000
115564  -50.898  -54.821  -6.815 0.0000000000
115605  -55.644  -44.377  -10.454 0.0000000000
115639  -49.781  -31.424  -2.414 0.0000000000
115929  -46.349  -69.058  -0.758 0.0000000000
115949  -59.113  -20.243  -8.879 0.0000000000
115956  -56.298  -41.518  -5.581 0.0000000000
116170  -54.069  -41.345  -4.776 0.0000000000
116234  -52.627  -47.098  -2.509 0.0000000000
116282  -47.578  -58.943  -8.745 0.0000000000
116601  -60.506  -31.571  -4.012 0.0000000000
116807  -61.374  -38.010  -7.901 0.0000000000
116850  -55.505  -35.573  -7.825 0.0000000000
116999  -62.447  -39.732  -1.978 0.0000000000
117049  -50.096  -64.795  1.040 0.0000000000
117119  -53.273  -47.946  -3.406 0.0000000000
117124  -48.766  -61.676  -7.428 0.0000000000
117176  -55.412  -19.035  -4.441 0.0000000000
117181  -57.556  -43.590  -10.171 0.0000000000
117294  -45.835  -67.609  -5.473 0.0000000000
117365  -56.913  -22.987  -6.741 0.0000000000
117379  -55.380  -20.403  -4.698 0.0000000000
117414  -63.427  -41.495  -4.386 0.0000000000
117549  -55.098  -29.015  -0.937 0.0000000000
117625  -54.981  -46.028  -10.491 0.0000000000
117662  -56.148  -46.749  -10.141 0.0000000000
117836  -54.429  -23.834  -6.416 0.0000000000
117868  -55.197  -50.604  -5.645 0.0000000000
117929  -52.642  -62.666  -1.973 0.0000000000
117994  -48.984  -71.814  -4.433 0.0000000000
118018  -61.653  -38.444  -6.889 0.0000000000
118071  -53.681  -25.800  -5.380 0.0000000000
118073  -51.259  -31.119  -6.582 0.0000000000
118224  -49.312  -53.882  -3.190 0.0000000000
118267  -58.548  -47.279  -8.539 0.0000000000
118351  -57.064  -31.023  -9.731 0.0000000000
118418  -42.490  -50.653  -0.605 0.0000000000
118432  -56.926  -47.380  -5.930 0.0000000000
118470  -54.596  -23.731  -3.900 0.0000000000
118773  -53.660  -17.232  -1.357 0.0000000000
118841  -54.058  -50.832  -9.895 0.0000000000
118912  -59.783  -33.244  -3.296 0.0000000000
118995  -52.333  -32.590  -3.087 0.0000000000
119003  -55.466  -46.257  -4.649 0.0000000000
119040  -45.494  -48.904  -2.393 0.0000000000
119153  -52.538  -65.189  2.344 0.0000000000
119177  -53.599  -18.874  -0.981 0.0000000000
119229  -51.732  -53.832  -9.639 0.0000000000
119245  -43.168  -59.908  -0.796 0.0000000000
119261  -64.155  -37.973  -3.239 0.0000000000
119276  -50.903  -31.757  -5.305 0.0000000000
119379  -50.238  -69.114  2.265 0.0000000000
119406  -60.031  -42.649  -7.947 0.0000000000
119432  -47.411  -64.507  2.523 0.0000000000
119587  -58.567  -44.741  -9.029 0.0000000000
119643  -55.825  -50.704  -5.992 0.0000000000
119654  -55.591  -16.935  -6.793 0.0000000000
119760  -47.713  -60.213  -4.312 0.0000000000
119784  -43.538  -51.082  -1.672 0.0000000000
119819  -49.261  -59.408  -10.311 0.0000000000
119829  -59.184  -43.219  -9.367 0.0000000000
119861  -55.129  -25.708  -8.831 0.0000000000
119925  -56.346  -26.066  -6.879 0.0000000000
119935  -62.531  -34.802  -6.479 0.0000000000
120090  -54.166  -46.417  -7.604 0.0000000000
120106  -54.117  -26.419  -9.143 0.0000000000
120194  -51.770  -62.852  -5.936 0.0000000000
120312  -48.140  -65.112  2.692 0.0000000000
120352  -61.059  -44.671  -6.902 0.0000000000
120429  -46.161  -70.400  -1.857 0.0000000000
120464  -53.317  -62.041  0.745 0.0000000000
120476  -49.805  -63.768  -9.364 0.0000000000
120487  -52.159  -32.511  -7.178 0.0000000000
120546  -54.609  -21.139  -2.117 0.0000000000
120594  -54.704  -44.978  -3.474 0.0000000000
120605  -46.444  -62.100  2.181 0.0000000000
120640  -63.039  -35.582  -5.898 0.0000000000
120703  -47.180  -56.672  -0.722 0.0000000000
120716  -52.380  -14.357  -0.645 0.0000000000
120723  -64.175  -42.019  -3.125 0.0000000000
120766  -63.863  -38.217  -4.321 0.0000000000
120793  -56.029  -48.833  -5.765 0.0000000000
120928  -52.956  -54.123  -9.289 0.0000000000
120973  -56.718  -48.927  -6.138 0.0000000000
121066  -56.500  -26.666  -2.353 0.0000000000
121073  -64.167  -39.743  -3.699 0.0000000000
121088  -62.021  -44.949  -5.854 0.0000000000
121109  -51.684  -32.240  -3.197 0.0000000000
121359  -46.527  -50.093  -3.571 0.0000000000
121363  -55.571  -39.051  -3.502 0.0000000000
121382  -59.908  -36.678  -7.673 0.0000000000
121455  -50.528  -64.996  -4.531 0.0000000000
121493  -53.159  -43.863  -5.671 0.0000000000
121517  -49.085  -61.815  -10.235 0.0000000000
121551  -49.709  -61.697  1.876 0.0000000000
121562  -54.648  -35.060  -6.299 0.0000000000
121815  -47.814  -68.194  3.056 0.0000000000
121908  -54.776  -30.670  -10.799 0.0000000000
122070  -44.030  -52.294  -2.414 0.0000000000
122080  -49.345  -65.155  2.844 0.0000000000
122086  -56.669  -19.275  -8.479 0.0000000000
122087  -48.311  -51.972  -1.438 0.0000000000
122173  -56.427  -36.184  -6.509 0.0000000000
122183  -58.976  -40.899  -8.394 0.0000000000
122202  -48.537  -56.937  -1.556 0.0000000000
122218  -43.856  -66.743  -4.468 0.0000000000
122238  -48.944  -68.003  3.024 0.0000000000
122295  -53.353  -39.062  -2.701 0.0000000000
122368  -50.231  -54.692  -6.193 0.0000000000
122440  -54.634  -19.613  -2.095 0.0000000000
122449  -48.238  -48.562  -3.754 0.0000000000
122542  -59.233  -35.965  -2.777 0.0000000000
122588  -52.360  -43.871  -4.783 0.0000000000
122615  -44.706  -55.123  -3.153 0.0000000000
122631  -51.244  -64.537  -5.647 0.0000000000
122797  -49.387  -67.105  3.039 0.0000000000
123002  -49.914  -66.084  3.016 0.0000000000
123003  -48.658  -65.698  2.802 0.0000000000
123013  -56.395  -17.474  -7.795 0.0000000000
123082  -57.653  -47.012  -9.146 0.0000000000
123085  -48.828  -49.038  -0.701 0.0000000000
123139  -58.020  -35.747  -2.290 0.0000000000
123192  -47.072  -60.759  -3.136 0.0000000000
123289  -49.167  -54.088  -2.451 0.0000000000
123476  -53.417  -28.734  -10.350 0.0000000000
123493  -52.403  -28.976  -8.277 0.0000000000
123496  -47.867  -63.675  2.465 0.0000000000
123522  -59.984  -38.734  -7.989 0.0000000000
123591  -50.910  -63.062  2.586 0.0000000000
123681  -46.556  -63.742  2.370 0.0000000000
123749  -62.570  -40.497  -1.454 0.0000000000
123765  -49.410  -60.692  -10.173 0.0000000000
123821  -59.185  -45.622  -5.929 0.0000000000
123849  -46.765  -52.982  -0.505 0.0000000000
123858  -48.936  -65.164  -6.689 0.0000000000
123863  -46.376  -58.192  0.629 0.0000000000
123916  -54.608  -12.872  -6.627 0.0000000000
123991  -45.415  -58.825  -2.432 0.0000000000
124058  -49.201  -69.729  2.613 0.0000000000
124135  -57.582  -16.253  -8.726 0.0000000000
124157  -52.619  -55.504  -9.037 0.0000000000
124348  -56.631  -50.767  -8.415 0.0000000000
124381  -46.841  -64.771  0.341 0.0000000000
124407  -55.708  -34.669  -7.755 0.0000000000
124410  -51.377  -43.195  -3.657 0.0000000000
124719  -55.446  -14.239  -7.124 0.0000000000
124729  -55.318  -26.553  -8.059 0.0000000000
124742  -46.722  -55.475  -5.274 0.0000000000
124746  -51.600  -65.992  2.949 0.0000000000
124758  -44.734  -62.207  -1.702 0.0000000000
124823  -57.978  -31.914  -2.803 0.0000000000
124833  -49.769  -59.532  -1.585 0.0000000000
124893  -57.592  -26.827  -3.720 0.0000000000
125008  -61.275  -33.784  -6.490 0.0000000000
125021  -56.559  -28.786  -2.917 0.0000000000
125170  -51.114  -67.113  0.734 0.0000000000
125191  -54.265  -51.881  -5.603 0.0000000000
125293  -56.540  -30.927  -2.428 0.0000000000
125337  -56.356  -31.640  -7.022 0.0000000000
125340  -52.309  -60.341  -4.029 0.0000000000
125345  -52.326  -29.622  -9.116 0.0000000000
125405  -45.490  -63.372  2.367 0.0000000000
125412  -45.450  -57.075  -3.323 0.0000000000
125551  -49.686  -69.960  -0.823 0.0000000000
125653  -56.332  -31.083  -7.833 0.0000000000
125659  -44.671  -68.534  -0.175 0.0000000000
125667  -55.843  -14.993  -7.397 0.0000000000
125691  -56.907  -16.223  -8.242 0.0000000000
125719  -43.839  -59.605  -1.220 0.0000000000
125769  -54.410  -52.469  -5.921 0.0000000000
125800  -49.606  -59.079  -8.251 0.0000000000
125846  -54.517  -23.430  -3.228 0.0000000000
125925  -46.524  -60.821  -2.662 0.0000000000
125968  -62.531  -40.646  -4.964 0.0000000000
125972  -48.495  -62.854  2.358 0.0000000000
125991  -58.715  -20.195  -7.904 0.0000000000
126325  -52.190  -52.970  -9.657 0.0000000000
126448  -59.739  -31.221  -3.699 0.0000000000
126471  -49.140  -63.686  2.603 0.0000000000
126497  -56.160  -18.144  -7.615 0.0000000000
126562  -60.494  -38.717  -8.281 0.0000000000
126653  -47.913  -30.243  -2.147 0.0000000000
126754  -58.356  -30.163  -10.270 0.0000000000
126759  -57.987  -39.879  -5.098 0.0000000000
126906  -58.589  -36.007  -2.518 0.0000000000
126983  -44.651  -60.795  -1.546 0.0000000000
127012  -55.537  -19.097  -7.059 0.0000000000
127074  -43.156  -55.200  -1.618 0.0000000000
127188  -53.766  -45.131  -6.627 0.0000000000
127216  -58.640  -30.375  -5.046 0.0000000000
127222  -54.731  -53.844  -7.659 0.0000000000
127447  -52.314  -65.923  2.310 0.0000000000
127476  -53.356  -51.837  -9.679 0.0000000000
127490  -53.693  -35.499  -8.930 0.0000000000
127503  -55.669  -43.573  -3.427 0.0000000000
127580  -59.962  -34.669  -7.078 0.0000000000
127605  -55.415  -32.241  -1.152 0.0000000000
127663  -55.095  -50.068  -9.888 0.0000000000
127700  -56.884  -35.777  -7.262 0.0000000000
127933  -51.191  -32.005  -3.639 0.0000000000
127964  -61.272  -45.483  -5.703 0.0000000000
127995  -50.147  -68.658  -0.507 0.0000000000
128153  -49.843  -50.665  -2.792 0.0000000000
128197  -48.318  -66.011  0.529 0.0000000000
128235  -60.788  -40.885  -7.127 0.0000000000
128347  -51.801  -28.882  -5.793 0.0000000000
128720  -54.603  -48.106  -10.180 0.0000000000
128723  -51.500  -65.899  1.358 0.0000000000
128751  -50.286  -31.606  -2.893 0.0000000000
128894  -47.610  -55.102  -1.198 0.0000000000
128978  -42.946  -67.621  -1.621 0.0000000000
128980  -55.020  -21.239  -6.813 0.0000000000
129068  -52.779  -61.662  0.505 0.0000000000
129083  -53.792  -41.882  -5.168 0.0000000000
129222  -61.882  -37.594  -7.033 0.0000000000
129333  -49.554  -50.350  -2.232 0.0000000000
129368  -52.022  -29.234  -6.897 0.0000000000
129454  -47.302  -58.495  -5.880 0.0000000000
129517  -52.348  -27.741  -5.112 0.0000000000
129683  -54.633  -18.197  -2.327 0.0000000000
129857  -59.128  -30.248  -4.344 0.0000000000
129964  -57.285  -33.506  -2.200 0.0000000000
129969  -49.700  -60.608  -9.781 0.0000000000
130025  -46.603  -65.682  -5.358 0.0000000000
130059  -51.768  -62.173  2.129 0.0000000000
130121  -52.144  -61.574  1.181 0.0000000000
130183  -53.305  -26.180  -4.472 0.0000000000
130193  -53.715  -25.462  -4.393 0.0000000000
130241  -54.708  -16.043  -5.147 0.0000000000
130255  -46.963  -48.893  -3.302 0.0000000000
130277  -52.358  -62.226  -4.269 0.0000000000
130314  -52.913  -62.577  -1.174 0.0000000000
130442  -52.385  -15.145  -0.459 0.0000000000
130463  -63.432  -43.560  -0.582 0.0000000000
130478  -56.966  -21.403  -9.031 0.0000000000
130569  -46.164  -56.444  -4.429 0.0000000000
130662  -63.119  -34.727  -4.252 0.0000000000
130676  -57.426  -34.468  -7.059 0.0000000000
130723  -57.176  -39.072  -4.314 0.0000000000
130786  -54.880  -15.263  -6.079 0.0000000000
130921  -50.679  -57.800  -2.989 0.0000000000
131002  -48.904  -65.389  -3.835 0.0000000000
131088  -51.895  -59.741  -3.727 0.0000000000
131146  -44.289  -67.947  0.054 0.0000000000
131170  -43.121  -56.969  -1.302 0.0000000000
131194  -53.857  -48.483  -8.893 0.0000000000
131195  -49.621  -56.442  -4.683 0.0000000000
131200  -63.572  -40.525  -4.241 0.0000000000
131210  -42.325  -68.380  -3.652 0.0000000000
131329  -55.674  -13.335  -7.619 0.0000000000
131406  -47.236  -61.810  2.114 0.0000000000
131445  -61.848  -44.208  -4.609 0.0000000000
131482  -48.629  -58.578  -10.090 0.0000000000
131484  -62.165  -44.463  -5.869 0.0000000000
131623  -55.404  -27.411  -7.952 0.0000000000
131646  -48.415  -27.841  -1.342 0.0000000000
131683  -60.711  -35.823  -7.654 0.0000000000
131732  -56.748  -31.070  -6.671 0.0000000000
131773  -57.704  -36.754  -6.317 0.0000000000
131783  -46.380  -65.571  2.594 0.0000000000
131951  -46.869  -69.288  -1.195 0.0000000000
131999  -50.415  -60.981  -8.290 0.0000000000
132000  -48.418  -53.296  -1.575 0.0000000000
132069  -59.469  -30.747  -4.657 0.0000000000
132109  -55.792  -52.102  -8.203 0.0000000000
132160  -51.167  -53.308  -5.748 0.0000000000
132179  -48.701  -61.365  -5.348 0.0000000000
132189  -47.882  -59.225  -9.526 0.0000000000
132227  -47.790  -63.825  -1.277 0.0000000000
132288  -47.368  -64.213  0.219 0.0000000000
132467  -46.422  -62.978  -3.124 0.0000000000
132535  -55.386  -19.612  -4.849 0.0000000000
132644  -51.253  -63.697  -7.687 0.0000000000
132645  -61.977  -34.120  -3.857 0.0000000000
132714  -54.089  -24.871  -6.620 0.0000000000
132751  -45.300  -70.681  -1.667 0.0000000000
132864  -50.067  -55.061  -9.501 0.0000000000
132890  -52.388  -62.491  2.208 0.0000000000
132898  -57.462  -43.868  -4.775 0.0000000000
132905  -55.628  -32.361  -8.867 0.0000000000
132949  -58.014  -49.353  -8.100 0.0000000000
132982  -56.074  -27.749  -2.281 0.0000000000
133091  -50.856  -68.651  1.989 0.0000000000
133105  -61.444  -44.316  -0.530 0.0000000000
133166  -43.750  -49.840  -1.495 0.0000000000
133191  -58.531  -27.305  -5.488 0.0000000000
133284  -49.851  -64.365  -3.170 0.0000000000
133313  -48.540  -52.670  -6.087 0.0000000000
133345  -55.388  -19.584  -6.864 0.0000000000
133457  -54.005  -14.641  -4.286 0.0000000000
133645  -59.875  -43.274  -1.145 0.0000000000
133792  -43.793  -58.885  -1.322 0.0000000000
133913  -47.465  -64.798  -2.403 0.0000000000
133933  -45.627  -62.620  -2.410 0.0000000000
133984  -58.794  -39.051  -1.704 0.0000000000
134129  -62.639  -43.412  0.467 0.0000000000
134168  -50.702  -67.554  0.385 0.0000000000
134327  -45.321  -54.129  -3.742 0.0000000000
134339  -54.036  -24.957  -4.309 0.0000000000
134480  -47.557  -54.363  -5.837 0.0000000000
134507  -46.457  -67.618  3.056 0.0000000000
134511  -64.369  -40.019  -2.287 0.0000000000
134514  -57.143  -30.490  -6.386 0.0000000000
134561  -48.334  -56.349  -8.156 0.0000000000
134618  -47.550  -70.980  3.692 0.0000000000
134728  -47.809  -65.702  2.707 0.0000000000
134790  -52.418  -61.585  -4.534 0.0000000000
134792  -42.371  -68.249  -2.427 0.0000000000
134798  -64.265  -38.213  -3.328 0.0000000000
134816  -57.358  -34.863  -1.988 0.0000000000
134892  -53.418  -26.653  -8.047 0.0000000000
134893  -46.362  -53.088  -4.444 0.0000000000
134955  -55.299  -34.362  -8.382 0.0000000000
135012  -58.634  -26.180  -4.819 0.0000000000
135155  -47.918  -53.710  -5.955 0.0000000000
135193  -57.598  -21.454  -6.599 0.0000000000
135294  -52.712  -44.073  -5.242 0.0000000000
135392  -45.911  -56.919  -3.874 0.0000000000
135486  -61.542  -37.357  -7.682 0.0000000000
135538  -44.258  -67.542  -3.125 0.0000000000
135546  -54.088  -21.105  -1.466 0.0000000000
135574  -63.918  -42.099  -3.911 0.0000000000
135805  -47.082  -58.144  -5.447 0.0000000000
135940  -55.917  -25.537  -7.371 0.0000000000
135947  -44.874  -64.810  -3.474 0.0000000000
136002  -53.978  -35.919  -8.686 0.0000000000
136081  -57.420  -42.229  -1.660 0.0000000000
136153  -50.896  -53.042  -8.760 0.0000000000
136169  -51.929  -50.050  -7.194 0.0000000000
136196  -45.525  -47.428  -1.493 0.0000000000
136220  -49.916  -56.056  -2.792 0.0000000000
136247  -51.710  -28.558  -5.133 0.0000000000
136262  -57.072  -36.636  -5.571 0.0000000000
136263  -52.674  -28.248  -8.751 0.0000000000
136332  -53.262  -30.978  -10.665 0.0000000000
136433  -62.235  -38.410  -5.700 0.0000000000
136490  -47.072  -50.853  -4.195 0.0000000000
136496  -51.372  -68.106  1.394 0.0000000000
136590  -49.423  -55.185  -5.074 0.0000000000
136640  -55.168  -29.652  -1.293 0.0000000000
