#!ascii label , from subject sub-01 vox2ras=TkReg lh ROI=FG coords=white drawn-with=delineation-helper-0.1.0
2477
16264  -22.847  -57.831  -8.169 0.0000000000
16265  -23.491  -57.394  -7.628 0.0000000000
16266  -24.118  -57.019  -7.095 0.0000000000
16276  -22.490  -57.240  -8.677 0.0000000000
16277  -23.042  -56.778  -8.250 0.0000000000
16284  -21.188  -56.667  -9.419 0.0000000000
17252  -25.196  -56.154  -6.097 0.0000000000
17262  -23.610  -56.362  -7.674 0.0000000000
17263  -24.158  -56.047  -7.158 0.0000000000
17275  -21.893  -57.012  -9.190 0.0000000000
17276  -22.480  -56.253  -8.839 0.0000000000
17285  -21.627  -55.692  -9.353 0.0000000000
18172  -25.631  -55.629  -5.603 0.0000000000
18173  -26.045  -54.950  -5.118 0.0000000000
18182  -24.647  -55.627  -6.717 0.0000000000
18183  -25.116  -55.183  -6.265 0.0000000000
18191  -23.754  -55.557  -7.662 0.0000000000
18192  -24.178  -55.187  -7.290 0.0000000000
18202  -22.372  -55.174  -9.000 0.0000000000
18203  -23.127  -55.478  -8.335 0.0000000000
18217  -20.891  -54.617  -9.488 0.0000000000
18218  -21.678  -54.126  -9.388 0.0000000000
19113  -25.552  -54.034  -5.690 0.0000000000
19114  -26.103  -53.861  -4.989 0.0000000000
19118  -24.595  -54.640  -6.899 0.0000000000
19119  -25.100  -54.245  -6.335 0.0000000000
19126  -23.755  -54.852  -7.954 0.0000000000
19127  -24.255  -54.626  -7.476 0.0000000000
19137  -22.629  -54.438  -9.052 0.0000000000
19138  -23.237  -54.604  -8.615 0.0000000000
19139  -24.215  -54.341  -8.047 0.0000000000
19152  -20.635  -53.540  -9.607 0.0000000000
19153  -22.168  -53.500  -9.463 0.0000000000
19154  -22.939  -53.817  -9.209 0.0000000000
20045  -26.528  -53.508  -4.232 0.0000000000
20050  -25.477  -52.497  -5.769 0.0000000000
20051  -26.030  -52.773  -4.939 0.0000000000
20054  -24.827  -53.822  -6.864 0.0000000000
20055  -25.203  -53.256  -6.247 0.0000000000
20058  -24.818  -53.836  -7.516 0.0000000000
20059  -25.556  -53.285  -7.624 0.0000000000
20060  -26.578  -53.151  -7.939 0.0000000000
20063  -23.684  -54.027  -9.052 0.0000000000
20064  -24.492  -54.116  -8.563 0.0000000000
20065  -25.342  -53.887  -8.328 0.0000000000
20066  -26.377  -53.704  -8.558 0.0000000000
20077  -22.290  -52.846  -9.782 0.0000000000
20078  -23.122  -53.167  -9.779 0.0000000000
20079  -24.029  -53.676  -9.642 0.0000000000
20080  -25.026  -54.043  -9.321 0.0000000000
20081  -25.682  -53.917  -9.992 0.0000000000
20961  -26.641  -52.588  -4.137 0.0000000000
20962  -26.860  -51.838  -4.185 0.0000000000
20972  -25.857  -51.906  -5.337 0.0000000000
20975  -25.329  -52.471  -6.444 0.0000000000
20978  -25.361  -52.517  -7.032 0.0000000000
20979  -25.903  -52.574  -7.422 0.0000000000
20980  -26.701  -52.437  -7.659 0.0000000000
20981  -27.685  -52.190  -7.790 0.0000000000
20982  -28.785  -52.178  -7.967 0.0000000000
20985  -27.445  -52.943  -8.068 0.0000000000
21892  -27.609  -51.748  -3.697 0.0000000000
21893  -28.374  -51.716  -3.339 0.0000000000
21894  -29.236  -51.461  -3.457 0.0000000000
21906  -26.425  -51.457  -4.938 0.0000000000
21907  -27.264  -51.170  -4.533 0.0000000000
21908  -28.258  -51.279  -3.978 0.0000000000
21909  -29.096  -50.971  -4.289 0.0000000000
21915  -25.518  -51.804  -6.077 0.0000000000
21916  -25.974  -51.268  -5.739 0.0000000000
21917  -26.625  -50.888  -5.386 0.0000000000
21920  -25.574  -51.967  -6.730 0.0000000000
21921  -25.893  -51.271  -6.594 0.0000000000
21924  -25.656  -52.188  -7.087 0.0000000000
21925  -26.013  -51.803  -7.182 0.0000000000
21926  -26.687  -51.485  -7.498 0.0000000000
21927  -28.273  -51.538  -7.800 0.0000000000
21928  -29.329  -51.588  -7.878 0.0000000000
21929  -30.725  -51.007  -7.879 0.0000000000
21930  -31.463  -50.509  -7.879 0.0000000000
21933  -29.542  -52.105  -8.130 0.0000000000
21934  -30.272  -51.691  -8.134 0.0000000000
21935  -31.228  -51.386  -8.226 0.0000000000
21936  -32.996  -50.697  -8.505 0.0000000000
21949  -46.215  -51.238  -10.732 0.0000000000
21959  -46.459  -51.281  -11.195 0.0000000000
21965  -37.155  -51.060  -12.311 0.0000000000
21967  -46.417  -51.158  -11.722 0.0000000000
21975  -43.918  -51.335  -13.217 0.0000000000
21976  -44.780  -51.463  -12.927 0.0000000000
21977  -45.488  -51.469  -12.472 0.0000000000
21978  -46.079  -50.929  -12.218 0.0000000000
21984  -39.411  -51.424  -14.654 0.0000000000
22845  -29.948  -51.056  -3.870 0.0000000000
22860  -27.317  -50.646  -5.177 0.0000000000
22861  -28.110  -50.726  -4.719 0.0000000000
22862  -30.605  -50.508  -4.197 0.0000000000
22863  -31.281  -49.906  -4.230 0.0000000000
22870  -26.279  -50.763  -6.242 0.0000000000
22871  -26.894  -50.403  -5.927 0.0000000000
22872  -29.016  -50.371  -5.138 0.0000000000
22873  -30.133  -50.252  -5.010 0.0000000000
22877  -26.598  -50.280  -6.811 0.0000000000
22880  -26.322  -50.936  -7.191 0.0000000000
22881  -26.829  -50.407  -7.767 0.0000000000
22882  -27.570  -50.586  -8.013 0.0000000000
22883  -29.333  -50.118  -8.153 0.0000000000
22884  -30.486  -50.306  -7.836 0.0000000000
22885  -31.766  -49.826  -7.841 0.0000000000
22888  -27.251  -49.513  -8.512 0.0000000000
22889  -28.084  -49.931  -8.510 0.0000000000
22890  -32.478  -50.166  -7.965 0.0000000000
22891  -33.396  -50.028  -8.285 0.0000000000
22892  -34.065  -49.890  -8.646 0.0000000000
22897  -46.259  -49.833  -9.523 0.0000000000
22898  -47.226  -49.799  -9.534 0.0000000000
22899  -48.090  -49.717  -9.623 0.0000000000
22900  -33.832  -50.421  -8.809 0.0000000000
22901  -34.673  -50.110  -9.127 0.0000000000
22902  -35.331  -50.066  -9.639 0.0000000000
22907  -46.011  -50.613  -10.078 0.0000000000
22908  -46.961  -50.803  -10.616 0.0000000000
22909  -47.648  -50.252  -10.148 0.0000000000
22913  -47.049  -50.884  -11.261 0.0000000000
22914  -47.721  -50.402  -10.826 0.0000000000
22915  -37.011  -50.510  -11.843 0.0000000000
22916  -37.572  -50.361  -12.459 0.0000000000
22917  -41.117  -50.160  -12.023 0.0000000000
22918  -46.362  -50.402  -12.034 0.0000000000
22919  -46.700  -50.645  -11.731 0.0000000000
22920  -47.261  -50.419  -11.386 0.0000000000
22921  -38.272  -50.273  -13.095 0.0000000000
22922  -39.081  -50.137  -13.296 0.0000000000
22923  -39.911  -50.292  -13.140 0.0000000000
22924  -40.795  -50.431  -12.961 0.0000000000
22925  -41.729  -50.560  -12.800 0.0000000000
22926  -43.123  -51.069  -13.272 0.0000000000
22927  -44.529  -50.788  -12.837 0.0000000000
22928  -45.353  -50.885  -12.637 0.0000000000
22929  -38.110  -51.143  -13.616 0.0000000000
22930  -38.880  -50.803  -13.913 0.0000000000
22931  -39.647  -50.750  -13.967 0.0000000000
22932  -40.494  -50.809  -13.863 0.0000000000
22933  -41.390  -50.923  -13.675 0.0000000000
22934  -42.317  -51.035  -13.450 0.0000000000
23798  -30.860  -50.009  -4.783 0.0000000000
23799  -31.310  -49.384  -4.979 0.0000000000
23804  -27.209  -49.886  -6.551 0.0000000000
23805  -28.284  -49.721  -6.112 0.0000000000
23806  -29.506  -49.748  -5.747 0.0000000000
23807  -30.526  -49.641  -5.425 0.0000000000
23810  -26.696  -50.247  -7.410 0.0000000000
23811  -26.912  -49.667  -7.493 0.0000000000
23812  -27.635  -49.158  -7.229 0.0000000000
23813  -28.854  -49.140  -6.568 0.0000000000
23814  -29.988  -49.165  -6.196 0.0000000000
23817  -27.066  -49.379  -8.257 0.0000000000
23818  -27.112  -48.974  -8.128 0.0000000000
23819  -30.034  -49.291  -8.529 0.0000000000
23820  -31.074  -49.791  -7.881 0.0000000000
23824  -48.303  -48.896  -8.740 0.0000000000
23825  -27.214  -48.735  -9.075 0.0000000000
23826  -27.538  -48.923  -9.239 0.0000000000
23827  -28.532  -49.173  -9.110 0.0000000000
23828  -31.309  -49.044  -8.352 0.0000000000
23829  -32.219  -49.464  -7.995 0.0000000000
23830  -32.954  -49.435  -8.133 0.0000000000
23831  -33.729  -49.376  -8.505 0.0000000000
23838  -46.573  -49.177  -9.053 0.0000000000
23839  -47.616  -49.164  -8.983 0.0000000000
23840  -48.417  -49.250  -9.203 0.0000000000
23841  -27.522  -48.239  -9.497 0.0000000000
23842  -27.961  -48.290  -9.710 0.0000000000
23843  -34.473  -49.341  -8.887 0.0000000000
23844  -35.148  -49.438  -9.391 0.0000000000
23847  -45.309  -49.829  -9.527 0.0000000000
23848  -48.671  -49.389  -9.636 0.0000000000
23849  -35.713  -49.526  -10.043 0.0000000000
23850  -36.344  -49.574  -10.817 0.0000000000
23851  -48.299  -49.929  -10.211 0.0000000000
23852  -48.675  -49.411  -10.135 0.0000000000
23853  -36.909  -49.659  -11.584 0.0000000000
23854  -37.388  -49.076  -11.947 0.0000000000
23855  -38.130  -48.981  -11.882 0.0000000000
23856  -39.028  -49.300  -11.829 0.0000000000
23857  -40.487  -49.588  -11.470 0.0000000000
23858  -41.436  -49.613  -11.306 0.0000000000
23859  -42.409  -49.539  -11.344 0.0000000000
23860  -43.443  -49.393  -11.498 0.0000000000
23861  -44.498  -49.480  -11.782 0.0000000000
23862  -46.142  -49.764  -11.948 0.0000000000
23863  -46.909  -50.149  -11.729 0.0000000000
23864  -47.693  -49.953  -11.317 0.0000000000
23865  -37.903  -49.586  -12.416 0.0000000000
23866  -38.596  -49.639  -12.554 0.0000000000
23867  -39.395  -49.764  -12.511 0.0000000000
23868  -40.222  -49.970  -12.284 0.0000000000
23869  -42.066  -50.216  -11.922 0.0000000000
23870  -42.662  -50.624  -12.723 0.0000000000
23871  -44.058  -50.146  -12.272 0.0000000000
23872  -45.005  -50.256  -12.436 0.0000000000
23873  -45.784  -50.380  -12.303 0.0000000000
24741  -30.859  -48.974  -5.840 0.0000000000
24742  -31.513  -48.544  -5.500 0.0000000000
24743  -32.077  -47.954  -5.109 0.0000000000
24747  -28.305  -48.549  -7.357 0.0000000000
24748  -30.287  -48.543  -6.533 0.0000000000
24749  -30.998  -48.216  -6.408 0.0000000000
24753  -27.203  -48.598  -8.858 0.0000000000
24754  -27.578  -48.331  -8.301 0.0000000000
24755  -28.559  -47.803  -7.860 0.0000000000
24756  -29.918  -47.680  -7.334 0.0000000000
24763  -45.178  -47.943  -8.266 0.0000000000
24764  -46.194  -47.927  -8.148 0.0000000000
24765  -47.683  -48.521  -8.366 0.0000000000
24766  -48.543  -48.485  -8.287 0.0000000000
24767  -49.218  -48.371  -8.354 0.0000000000
24768  -27.393  -48.278  -9.329 0.0000000000
24769  -27.430  -47.964  -9.192 0.0000000000
24770  -28.990  -48.312  -9.661 0.0000000000
24771  -30.204  -48.227  -9.468 0.0000000000
24772  -32.301  -48.707  -8.525 0.0000000000
24773  -33.225  -48.722  -8.598 0.0000000000
24774  -34.006  -48.621  -8.915 0.0000000000
24778  -44.464  -48.500  -8.714 0.0000000000
24779  -45.903  -48.553  -8.651 0.0000000000
24780  -46.810  -48.563  -8.521 0.0000000000
24781  -48.964  -48.917  -8.915 0.0000000000
24782  -49.493  -48.410  -8.753 0.0000000000
24783  -27.798  -47.872  -9.755 0.0000000000
24784  -28.356  -47.676  -9.875 0.0000000000
24785  -29.301  -47.508  -9.890 0.0000000000
24786  -30.367  -47.409  -9.789 0.0000000000
24787  -32.357  -47.573  -9.600 0.0000000000
24788  -33.261  -48.073  -9.365 0.0000000000
24789  -34.764  -48.534  -9.489 0.0000000000
24790  -35.426  -48.826  -9.895 0.0000000000
24791  -49.116  -48.916  -9.480 0.0000000000
24792  -49.464  -48.306  -9.217 0.0000000000
24793  -35.209  -48.047  -10.370 0.0000000000
24794  -35.951  -48.559  -10.720 0.0000000000
24795  -39.171  -48.260  -10.871 0.0000000000
24796  -40.149  -48.053  -10.619 0.0000000000
24797  -41.183  -47.991  -10.617 0.0000000000
24798  -42.080  -47.773  -10.710 0.0000000000
24799  -48.416  -49.245  -10.624 0.0000000000
24800  -49.052  -48.853  -9.940 0.0000000000
24801  -49.182  -47.976  -9.683 0.0000000000
24802  -36.723  -48.683  -11.431 0.0000000000
24803  -37.443  -48.430  -11.525 0.0000000000
24804  -38.284  -48.227  -11.160 0.0000000000
24805  -39.728  -49.001  -11.108 0.0000000000
24806  -40.786  -48.934  -10.800 0.0000000000
24807  -41.778  -48.789  -10.814 0.0000000000
24808  -42.702  -48.589  -10.945 0.0000000000
24809  -43.479  -48.416  -11.112 0.0000000000
24810  -44.304  -48.437  -11.297 0.0000000000
24811  -46.016  -48.777  -11.503 0.0000000000
24812  -47.808  -48.439  -10.763 0.0000000000
25664  -32.401  -47.282  -4.551 0.0000000000
25669  -31.661  -47.699  -6.030 0.0000000000
25670  -32.225  -46.913  -5.629 0.0000000000
25675  -42.195  -46.784  -5.814 0.0000000000
25676  -31.006  -47.250  -7.007 0.0000000000
25677  -31.967  -46.029  -6.541 0.0000000000
25682  -43.456  -47.032  -6.612 0.0000000000
25683  -44.370  -47.008  -6.644 0.0000000000
25684  -45.291  -47.035  -6.719 0.0000000000
25685  -46.201  -47.125  -6.897 0.0000000000
25686  -47.126  -47.245  -7.161 0.0000000000
25687  -48.154  -47.371  -7.381 0.0000000000
25688  -49.236  -47.426  -7.561 0.0000000000
25689  -27.978  -47.456  -8.857 0.0000000000
25690  -28.948  -46.944  -8.504 0.0000000000
25691  -30.042  -46.522  -8.115 0.0000000000
25692  -31.137  -46.079  -7.561 0.0000000000
25697  -44.755  -47.443  -7.397 0.0000000000
25698  -45.716  -47.485  -7.439 0.0000000000
25699  -46.668  -47.591  -7.541 0.0000000000
25700  -47.732  -47.907  -7.750 0.0000000000
25701  -48.879  -48.025  -7.798 0.0000000000
25702  -27.616  -47.914  -9.615 0.0000000000
25703  -27.855  -47.593  -9.467 0.0000000000
25704  -28.548  -46.993  -9.368 0.0000000000
25705  -29.423  -46.322  -8.938 0.0000000000
25706  -49.987  -47.803  -8.555 0.0000000000
25707  -28.098  -47.571  -9.727 0.0000000000
25708  -28.771  -47.120  -9.789 0.0000000000
25709  -29.641  -46.870  -9.741 0.0000000000
25710  -30.628  -46.680  -9.655 0.0000000000
25711  -31.822  -46.584  -9.694 0.0000000000
25712  -33.100  -47.161  -9.859 0.0000000000
25713  -34.562  -47.607  -10.138 0.0000000000
25714  -49.916  -47.630  -9.079 0.0000000000
25715  -33.938  -47.212  -10.096 0.0000000000
25716  -35.723  -47.541  -10.809 0.0000000000
25717  -36.482  -47.313  -10.956 0.0000000000
25718  -37.320  -47.242  -10.929 0.0000000000
25719  -38.265  -47.372  -10.801 0.0000000000
25720  -39.298  -47.381  -10.634 0.0000000000
25721  -40.759  -47.300  -10.556 0.0000000000
25722  -41.496  -47.045  -10.634 0.0000000000
25723  -42.336  -46.869  -10.783 0.0000000000
25724  -43.114  -46.813  -10.969 0.0000000000
25725  -46.827  -48.394  -11.115 0.0000000000
25726  -47.868  -47.472  -10.345 0.0000000000
25727  -36.885  -47.915  -11.313 0.0000000000
25728  -37.588  -47.850  -11.163 0.0000000000
25729  -42.881  -47.620  -10.877 0.0000000000
25730  -43.611  -47.554  -11.039 0.0000000000
25731  -44.307  -47.423  -11.136 0.0000000000
25732  -45.706  -47.708  -11.094 0.0000000000
26611  -40.872  -45.783  -2.686 0.0000000000
26618  -32.683  -46.614  -3.764 0.0000000000
26619  -33.096  -45.752  -3.302 0.0000000000
26623  -41.359  -45.966  -3.454 0.0000000000
26624  -42.138  -45.915  -3.811 0.0000000000
26631  -32.605  -46.241  -4.808 0.0000000000
26634  -41.594  -46.275  -4.306 0.0000000000
26635  -42.365  -46.191  -4.482 0.0000000000
26636  -43.094  -46.089  -4.538 0.0000000000
26637  -43.810  -45.863  -4.454 0.0000000000
26640  -32.477  -45.778  -5.740 0.0000000000
26642  -41.877  -46.545  -5.052 0.0000000000
26643  -42.731  -46.441  -5.140 0.0000000000
26644  -43.668  -46.361  -5.136 0.0000000000
26645  -44.857  -46.165  -5.313 0.0000000000
26646  -45.537  -46.000  -5.594 0.0000000000
26647  -46.289  -46.132  -6.201 0.0000000000
26648  -31.720  -45.169  -7.355 0.0000000000
26649  -32.248  -45.267  -6.500 0.0000000000
26650  -43.101  -46.677  -5.881 0.0000000000
26651  -43.992  -46.659  -5.924 0.0000000000
26652  -44.914  -46.574  -5.928 0.0000000000
26653  -45.803  -46.579  -6.297 0.0000000000
26654  -46.619  -46.691  -6.672 0.0000000000
26655  -47.493  -46.732  -6.967 0.0000000000
26656  -49.637  -46.856  -7.432 0.0000000000
26657  -50.500  -46.840  -7.725 0.0000000000
26658  -50.963  -46.267  -7.786 0.0000000000
26659  -30.300  -45.870  -8.665 0.0000000000
26660  -31.102  -45.306  -8.344 0.0000000000
26661  -50.511  -47.226  -8.022 0.0000000000
26662  -50.970  -46.644  -7.989 0.0000000000
26663  -29.333  -46.556  -9.391 0.0000000000
26664  -29.869  -46.059  -9.066 0.0000000000
26665  -30.503  -45.661  -8.976 0.0000000000
26666  -50.459  -47.181  -8.485 0.0000000000
26667  -50.998  -46.647  -8.099 0.0000000000
26668  -30.074  -46.205  -9.390 0.0000000000
26669  -30.911  -45.849  -9.315 0.0000000000
26670  -32.751  -46.044  -9.672 0.0000000000
26671  -33.691  -46.486  -9.997 0.0000000000
26672  -34.433  -45.933  -10.017 0.0000000000
26673  -49.458  -47.040  -9.462 0.0000000000
26674  -50.729  -46.542  -8.660 0.0000000000
26675  -35.060  -47.264  -10.523 0.0000000000
26676  -35.174  -46.443  -10.395 0.0000000000
26677  -36.931  -46.503  -10.642 0.0000000000
26678  -37.856  -46.475  -10.618 0.0000000000
26679  -38.807  -46.490  -10.558 0.0000000000
26680  -39.772  -46.410  -10.539 0.0000000000
26681  -40.770  -46.466  -10.541 0.0000000000
26682  -41.764  -46.314  -10.604 0.0000000000
26683  -42.748  -46.155  -10.770 0.0000000000
26684  -43.585  -46.215  -11.052 0.0000000000
26685  -45.268  -46.579  -10.999 0.0000000000
26686  -46.284  -47.178  -10.814 0.0000000000
26687  -46.942  -46.740  -10.517 0.0000000000
26688  -47.692  -46.411  -10.162 0.0000000000
26689  -48.535  -47.092  -9.866 0.0000000000
26690  -43.757  -46.867  -11.098 0.0000000000
26691  -44.364  -46.555  -11.133 0.0000000000
27616  -33.357  -45.314  -1.968 0.0000000000
27618  -40.810  -45.080  -1.379 0.0000000000
27619  -41.980  -45.131  -2.129 0.0000000000
27620  -42.546  -44.951  -2.280 0.0000000000
27627  -33.418  -45.050  -2.796 0.0000000000
27628  -40.444  -45.601  -1.977 0.0000000000
27629  -41.648  -45.551  -2.692 0.0000000000
27630  -42.326  -45.337  -2.724 0.0000000000
27631  -42.910  -45.083  -2.752 0.0000000000
27638  -32.979  -45.559  -4.184 0.0000000000
27639  -33.404  -44.903  -3.672 0.0000000000
27640  -42.048  -45.674  -3.200 0.0000000000
27641  -43.354  -45.182  -3.340 0.0000000000
27642  -43.891  -45.250  -3.920 0.0000000000
27648  -32.854  -45.248  -5.066 0.0000000000
27649  -42.721  -45.885  -4.036 0.0000000000
27650  -43.268  -45.670  -3.946 0.0000000000
27651  -44.423  -45.359  -4.507 0.0000000000
27652  -44.839  -44.799  -4.882 0.0000000000
27653  -32.709  -44.833  -5.988 0.0000000000
27654  -44.942  -45.611  -5.051 0.0000000000
27655  -45.417  -45.110  -5.421 0.0000000000
27656  -46.002  -45.375  -6.011 0.0000000000
27657  -32.305  -44.640  -6.993 0.0000000000
27658  -46.774  -45.585  -6.527 0.0000000000
27659  -47.737  -46.000  -6.948 0.0000000000
27660  -48.912  -46.113  -7.310 0.0000000000
27661  -50.062  -46.245  -7.465 0.0000000000
27662  -31.839  -44.585  -8.002 0.0000000000
27663  -31.296  -45.200  -8.759 0.0000000000
27664  -32.083  -44.695  -8.721 0.0000000000
27665  -32.988  -44.472  -8.884 0.0000000000
27666  -40.012  -44.991  -9.268 0.0000000000
27667  -41.134  -45.232  -9.126 0.0000000000
27668  -42.161  -45.216  -9.099 0.0000000000
27669  -51.340  -46.131  -8.030 0.0000000000
27670  -31.834  -45.467  -9.290 0.0000000000
27671  -33.570  -45.319  -9.536 0.0000000000
27672  -34.570  -44.920  -9.542 0.0000000000
27673  -35.236  -45.447  -9.950 0.0000000000
27674  -37.009  -44.819  -9.821 0.0000000000
27675  -37.983  -44.958  -10.019 0.0000000000
27676  -38.848  -45.151  -10.050 0.0000000000
27677  -39.692  -45.285  -10.052 0.0000000000
27678  -40.604  -45.425  -10.001 0.0000000000
27679  -41.592  -45.506  -9.969 0.0000000000
27680  -42.521  -45.399  -9.978 0.0000000000
27681  -43.282  -45.140  -10.160 0.0000000000
27682  -49.629  -45.391  -9.528 0.0000000000
27683  -50.799  -45.832  -8.968 0.0000000000
27684  -51.321  -46.064  -8.249 0.0000000000
27685  -36.533  -45.731  -10.277 0.0000000000
27686  -37.452  -45.630  -10.332 0.0000000000
27687  -38.381  -45.664  -10.378 0.0000000000
27688  -39.303  -45.730  -10.382 0.0000000000
27689  -40.219  -45.787  -10.397 0.0000000000
27690  -41.159  -45.856  -10.397 0.0000000000
27691  -42.092  -45.836  -10.439 0.0000000000
27692  -43.538  -45.521  -10.787 0.0000000000
27693  -44.373  -45.044  -10.863 0.0000000000
27694  -45.921  -45.115  -10.693 0.0000000000
27695  -46.698  -45.110  -10.423 0.0000000000
27696  -47.569  -45.465  -10.150 0.0000000000
27697  -48.699  -46.068  -9.747 0.0000000000
28632  -40.408  -44.701  -0.524 0.0000000000
28633  -41.880  -44.185  -0.942 0.0000000000
28642  -33.521  -44.879  -1.353 0.0000000000
28643  -33.929  -44.170  -1.302 0.0000000000
28644  -41.187  -44.577  -0.964 0.0000000000
28645  -42.383  -44.540  -1.677 0.0000000000
28652  -33.746  -44.463  -2.167 0.0000000000
28653  -34.217  -44.037  -2.577 0.0000000000
28654  -34.926  -43.938  -2.765 0.0000000000
28655  -35.873  -44.066  -2.835 0.0000000000
28656  -36.870  -44.184  -2.891 0.0000000000
28657  -42.955  -44.557  -2.206 0.0000000000
28665  -33.798  -44.423  -3.097 0.0000000000
28666  -34.305  -44.176  -3.347 0.0000000000
28667  -35.188  -44.250  -3.588 0.0000000000
28668  -36.284  -44.375  -3.525 0.0000000000
28669  -37.187  -44.411  -3.608 0.0000000000
28670  -38.034  -44.326  -3.825 0.0000000000
28671  -43.349  -44.570  -2.812 0.0000000000
28672  -43.804  -44.530  -3.465 0.0000000000
28679  -33.803  -44.441  -3.994 0.0000000000
28680  -34.360  -44.309  -4.217 0.0000000000
28681  -35.074  -44.398  -4.399 0.0000000000
28682  -36.597  -44.678  -4.852 0.0000000000
28683  -37.377  -44.569  -4.347 0.0000000000
28684  -38.197  -44.470  -4.617 0.0000000000
28685  -38.964  -44.261  -4.924 0.0000000000
28686  -44.310  -44.447  -4.222 0.0000000000
28687  -33.309  -44.350  -5.951 0.0000000000
28688  -34.114  -44.162  -6.039 0.0000000000
28689  -35.179  -44.423  -5.854 0.0000000000
28690  -36.171  -44.623  -5.671 0.0000000000
28691  -37.497  -44.697  -5.127 0.0000000000
28692  -38.290  -44.573  -5.443 0.0000000000
28693  -39.084  -44.378  -5.733 0.0000000000
28694  -39.825  -44.146  -5.985 0.0000000000
28696  -45.135  -44.117  -5.554 0.0000000000
28697  -45.717  -44.632  -5.957 0.0000000000
28698  -32.822  -44.345  -6.603 0.0000000000
28699  -33.396  -44.027  -6.834 0.0000000000
28700  -34.849  -44.158  -6.852 0.0000000000
28701  -36.490  -44.367  -7.216 0.0000000000
28702  -37.530  -44.576  -7.025 0.0000000000
28703  -38.384  -44.620  -6.327 0.0000000000
28704  -39.228  -44.487  -6.563 0.0000000000
28705  -40.037  -44.376  -6.736 0.0000000000
28706  -45.694  -43.901  -6.320 0.0000000000
28707  -47.369  -45.023  -7.047 0.0000000000
28708  -48.187  -44.556  -7.452 0.0000000000
28709  -49.380  -45.321  -7.455 0.0000000000
28710  -50.587  -45.728  -7.561 0.0000000000
28711  -32.617  -44.204  -7.368 0.0000000000
28712  -33.159  -43.925  -7.639 0.0000000000
28713  -34.050  -43.845  -7.539 0.0000000000
28714  -35.097  -43.911  -7.884 0.0000000000
28715  -36.052  -44.075  -8.055 0.0000000000
28716  -36.991  -44.221  -8.038 0.0000000000
28717  -37.933  -44.430  -8.031 0.0000000000
28718  -39.462  -44.593  -7.400 0.0000000000
28719  -40.341  -44.605  -7.508 0.0000000000
28720  -41.249  -44.511  -7.547 0.0000000000
28721  -42.175  -44.259  -7.637 0.0000000000
28722  -50.626  -45.021  -7.555 0.0000000000
28723  -51.497  -45.611  -7.860 0.0000000000
28724  -32.595  -44.178  -8.153 0.0000000000
28725  -33.494  -43.955  -8.318 0.0000000000
28726  -34.484  -43.929  -8.469 0.0000000000
28727  -35.528  -44.058  -8.763 0.0000000000
28728  -36.542  -44.103  -8.779 0.0000000000
28729  -37.383  -44.211  -8.804 0.0000000000
28730  -38.248  -44.388  -8.876 0.0000000000
28731  -39.103  -44.633  -9.005 0.0000000000
28732  -40.689  -44.894  -8.315 0.0000000000
28733  -41.685  -44.846  -8.313 0.0000000000
28734  -42.668  -44.606  -8.436 0.0000000000
28735  -43.589  -44.175  -8.797 0.0000000000
28736  -51.969  -44.885  -8.176 0.0000000000
28737  -33.962  -44.317  -9.056 0.0000000000
28738  -34.792  -44.217  -9.097 0.0000000000
28739  -35.414  -44.583  -9.444 0.0000000000
28740  -36.281  -44.390  -9.315 0.0000000000
28741  -37.683  -44.464  -9.439 0.0000000000
28742  -38.511  -44.687  -9.543 0.0000000000
28743  -39.221  -44.907  -9.631 0.0000000000
28744  -43.078  -44.932  -9.285 0.0000000000
28745  -43.825  -44.504  -9.728 0.0000000000
28746  -44.401  -43.906  -9.759 0.0000000000
28747  -48.023  -43.970  -9.987 0.0000000000
28748  -49.188  -44.351  -9.739 0.0000000000
28749  -50.743  -44.863  -9.268 0.0000000000
28750  -51.956  -44.732  -8.402 0.0000000000
28751  -43.883  -44.899  -10.469 0.0000000000
28752  -44.461  -44.408  -10.350 0.0000000000
28753  -45.234  -44.475  -10.661 0.0000000000
28754  -46.311  -44.244  -10.458 0.0000000000
28755  -47.316  -44.545  -10.212 0.0000000000
28756  -48.370  -44.930  -9.914 0.0000000000
29661  -34.925  -43.315  -0.704 0.0000000000
29662  -35.818  -43.103  -0.893 0.0000000000
29677  -34.512  -43.684  -1.415 0.0000000000
29678  -35.269  -43.453  -1.487 0.0000000000
29679  -36.173  -43.405  -1.558 0.0000000000
29680  -37.094  -43.351  -1.653 0.0000000000
29681  -37.978  -43.188  -1.809 0.0000000000
29682  -42.514  -43.915  -1.197 0.0000000000
29683  -42.963  -43.935  -1.674 0.0000000000
29689  -34.737  -43.737  -2.081 0.0000000000
29690  -35.558  -43.702  -2.159 0.0000000000
29691  -36.511  -43.758  -2.229 0.0000000000
29692  -37.450  -43.737  -2.338 0.0000000000
29693  -38.323  -43.585  -2.517 0.0000000000
29694  -39.122  -43.369  -2.771 0.0000000000
29695  -43.337  -43.931  -2.300 0.0000000000
29701  -37.778  -44.107  -3.057 0.0000000000
29702  -38.609  -43.903  -3.301 0.0000000000
29703  -39.363  -43.623  -3.609 0.0000000000
29704  -40.047  -43.277  -3.976 0.0000000000
29705  -43.681  -43.857  -2.978 0.0000000000
29710  -38.826  -44.123  -4.110 0.0000000000
29711  -39.525  -43.781  -4.455 0.0000000000
29712  -40.171  -43.387  -4.814 0.0000000000
29714  -39.669  -43.937  -5.241 0.0000000000
29715  -40.351  -43.588  -5.545 0.0000000000
29716  -41.065  -43.150  -5.890 0.0000000000
29719  -40.522  -43.880  -6.213 0.0000000000
29720  -41.607  -43.183  -6.427 0.0000000000
29724  -48.119  -43.516  -7.624 0.0000000000
29726  -40.831  -44.210  -6.859 0.0000000000
29727  -41.663  -43.856  -6.913 0.0000000000
29728  -42.439  -43.404  -7.224 0.0000000000
29729  -43.135  -43.014  -7.675 0.0000000000
29730  -50.619  -44.033  -7.755 0.0000000000
29731  -51.969  -44.016  -7.912 0.0000000000
29732  -52.400  -43.385  -8.173 0.0000000000
29733  -43.029  -43.829  -7.937 0.0000000000
29734  -43.715  -43.097  -8.428 0.0000000000
29735  -44.321  -42.700  -9.120 0.0000000000
29736  -52.220  -43.968  -8.425 0.0000000000
29737  -52.711  -43.042  -8.575 0.0000000000
29738  -44.145  -43.532  -9.175 0.0000000000
29739  -44.712  -43.169  -9.651 0.0000000000
29740  -45.407  -42.842  -9.898 0.0000000000
29741  -46.846  -42.960  -10.055 0.0000000000
29742  -47.679  -43.139  -9.960 0.0000000000
29743  -48.668  -43.391  -9.785 0.0000000000
29744  -49.893  -43.752  -9.617 0.0000000000
29745  -52.219  -43.839  -8.851 0.0000000000
29746  -52.628  -42.808  -9.175 0.0000000000
29747  -44.995  -43.705  -10.213 0.0000000000
29748  -45.726  -43.564  -10.331 0.0000000000
29749  -46.399  -43.443  -10.270 0.0000000000
29750  -47.077  -43.693  -10.189 0.0000000000
29751  -51.323  -44.074  -9.300 0.0000000000
29752  -51.571  -43.376  -9.393 0.0000000000
29753  -51.826  -42.759  -9.441 0.0000000000
30619  -36.072  -41.544  1.333 0.0000000000
30637  -35.544  -42.814  -0.212 0.0000000000
30638  -36.078  -41.966  0.652 0.0000000000
30651  -36.313  -42.586  -0.416 0.0000000000
30652  -37.116  -42.298  -0.600 0.0000000000
30653  -37.954  -41.877  -0.782 0.0000000000
30669  -36.694  -42.929  -1.040 0.0000000000
30670  -37.561  -42.702  -1.200 0.0000000000
30671  -38.398  -42.442  -1.407 0.0000000000
30672  -39.244  -42.091  -1.616 0.0000000000
30683  -38.823  -42.964  -2.013 0.0000000000
30684  -39.538  -42.670  -2.354 0.0000000000
30685  -40.206  -42.350  -2.694 0.0000000000
30692  -39.833  -43.051  -3.128 0.0000000000
30693  -40.446  -42.640  -3.534 0.0000000000
30694  -40.957  -42.125  -3.986 0.0000000000
30698  -40.601  -42.791  -4.406 0.0000000000
30699  -41.088  -42.243  -4.859 0.0000000000
30701  -40.757  -42.923  -5.189 0.0000000000
30702  -41.239  -42.454  -5.528 0.0000000000
30705  -41.647  -42.320  -6.173 0.0000000000
30706  -42.152  -42.770  -6.719 0.0000000000
30712  -50.936  -41.841  -7.607 0.0000000000
30713  -52.026  -41.908  -7.653 0.0000000000
30714  -42.694  -42.439  -7.282 0.0000000000
30715  -50.687  -42.925  -7.823 0.0000000000
30716  -51.932  -42.876  -7.841 0.0000000000
30717  -52.525  -42.697  -8.077 0.0000000000
30718  -52.838  -42.427  -8.386 0.0000000000
30719  -43.915  -42.167  -8.705 0.0000000000
30720  -52.987  -42.373  -8.801 0.0000000000
30721  -44.503  -41.833  -9.149 0.0000000000
30722  -45.363  -41.979  -9.560 0.0000000000
30723  -46.539  -42.359  -9.863 0.0000000000
30724  -47.333  -42.424  -9.834 0.0000000000
30725  -48.228  -42.576  -9.762 0.0000000000
30726  -49.254  -42.817  -9.647 0.0000000000
30727  -49.912  -42.184  -9.575 0.0000000000
30728  -52.904  -42.809  -8.931 0.0000000000
30729  -52.880  -42.197  -9.083 0.0000000000
30730  -46.119  -42.870  -10.110 0.0000000000
30731  -50.413  -43.143  -9.569 0.0000000000
30732  -50.880  -42.698  -9.528 0.0000000000
30733  -52.213  -42.059  -9.388 0.0000000000
31588  -36.307  -40.401  1.999 0.0000000000
31623  -36.712  -41.215  0.773 0.0000000000
31624  -37.308  -40.637  0.406 0.0000000000
31639  -36.688  -41.906  0.054 0.0000000000
31640  -37.790  -41.046  -0.264 0.0000000000
31641  -38.491  -41.147  -0.802 0.0000000000
31655  -39.177  -41.210  -1.240 0.0000000000
31656  -39.835  -41.360  -1.682 0.0000000000
31657  -40.292  -40.829  -1.850 0.0000000000
31661  -48.208  -42.165  -1.895 0.0000000000
31662  -48.972  -42.133  -1.978 0.0000000000
31663  -49.619  -41.533  -1.696 0.0000000000
31668  -39.890  -42.019  -2.064 0.0000000000
31669  -40.434  -41.513  -2.309 0.0000000000
31670  -40.953  -41.286  -2.830 0.0000000000
31672  -47.687  -41.485  -2.379 0.0000000000
31673  -48.724  -41.592  -2.517 0.0000000000
31674  -49.724  -41.103  -2.259 0.0000000000
31678  -40.785  -41.959  -3.102 0.0000000000
31679  -41.156  -41.431  -3.536 0.0000000000
31682  -41.317  -41.426  -4.479 0.0000000000
31685  -41.450  -41.683  -5.498 0.0000000000
31688  -41.824  -41.435  -6.313 0.0000000000
31693  -50.195  -40.917  -7.277 0.0000000000
31694  -51.329  -40.995  -7.266 0.0000000000
31695  -52.217  -41.070  -7.393 0.0000000000
31696  -42.721  -41.484  -7.472 0.0000000000
31697  -43.152  -41.120  -8.034 0.0000000000
31698  -52.648  -41.891  -7.952 0.0000000000
31699  -52.968  -41.793  -8.417 0.0000000000
31700  -43.778  -41.317  -8.580 0.0000000000
31701  -44.405  -41.161  -8.911 0.0000000000
31702  -53.001  -41.604  -8.887 0.0000000000
31703  -45.009  -41.332  -9.208 0.0000000000
31704  -45.732  -41.374  -9.400 0.0000000000
31705  -46.507  -41.309  -9.490 0.0000000000
31706  -48.434  -41.408  -9.587 0.0000000000
31707  -49.221  -41.346  -9.581 0.0000000000
31708  -50.326  -41.257  -9.544 0.0000000000
31709  -51.550  -41.199  -9.471 0.0000000000
31710  -52.617  -41.221  -9.209 0.0000000000
31711  -51.073  -42.025  -9.503 0.0000000000
32607  -36.835  -40.331  1.161 0.0000000000
32608  -36.958  -39.714  0.986 0.0000000000
32625  -37.298  -40.055  0.618 0.0000000000
32641  -37.753  -40.203  -0.038 0.0000000000
32642  -38.228  -40.562  -0.569 0.0000000000
32656  -39.727  -40.477  -1.486 0.0000000000
32657  -40.417  -40.182  -1.887 0.0000000000
32661  -50.266  -40.327  -1.891 0.0000000000
32670  -40.792  -40.660  -2.354 0.0000000000
32671  -41.250  -40.729  -3.075 0.0000000000
32674  -48.141  -41.203  -3.042 0.0000000000
32675  -49.429  -40.957  -2.911 0.0000000000
32676  -50.609  -40.178  -2.636 0.0000000000
32677  -50.928  -39.910  -3.046 0.0000000000
32681  -41.386  -40.840  -3.816 0.0000000000
32686  -48.647  -40.829  -3.576 0.0000000000
32687  -50.040  -40.617  -3.408 0.0000000000
32688  -50.838  -39.743  -3.417 0.0000000000
32689  -41.494  -40.536  -4.508 0.0000000000
32694  -50.367  -40.454  -4.111 0.0000000000
32695  -51.230  -40.047  -4.267 0.0000000000
32696  -41.594  -40.303  -5.361 0.0000000000
32701  -50.490  -40.455  -5.171 0.0000000000
32702  -51.556  -40.172  -5.420 0.0000000000
32703  -51.970  -40.118  -6.009 0.0000000000
32704  -41.772  -40.215  -6.196 0.0000000000
32710  -51.867  -40.489  -6.568 0.0000000000
32711  -52.264  -40.392  -7.036 0.0000000000
32712  -52.753  -41.113  -7.828 0.0000000000
32713  -42.671  -40.484  -7.666 0.0000000000
32714  -43.356  -40.493  -8.221 0.0000000000
32715  -52.989  -41.008  -8.446 0.0000000000
32716  -44.035  -40.614  -8.611 0.0000000000
32717  -44.769  -40.764  -8.867 0.0000000000
32718  -45.410  -40.310  -8.745 0.0000000000
32719  -46.420  -40.120  -8.826 0.0000000000
32720  -52.873  -40.760  -8.921 0.0000000000
32721  -45.381  -40.937  -9.117 0.0000000000
32722  -46.052  -40.814  -9.188 0.0000000000
32723  -46.879  -40.706  -9.308 0.0000000000
32724  -47.693  -40.639  -9.399 0.0000000000
32725  -48.577  -40.665  -9.504 0.0000000000
32726  -50.856  -40.365  -9.510 0.0000000000
32727  -51.994  -40.342  -9.403 0.0000000000
32728  -52.579  -40.392  -9.153 0.0000000000
33639  -36.503  -39.565  1.652 0.0000000000
33651  -36.661  -39.067  0.951 0.0000000000
33652  -37.256  -39.476  0.321 0.0000000000
33665  -37.709  -39.594  -0.397 0.0000000000
33666  -38.261  -39.984  -0.641 0.0000000000
33675  -37.937  -39.383  -1.130 0.0000000000
33676  -38.633  -39.761  -1.134 0.0000000000
33677  -39.271  -39.762  -1.381 0.0000000000
33678  -40.006  -39.638  -1.674 0.0000000000
33680  -49.550  -39.638  -1.226 0.0000000000
33681  -49.971  -40.207  -0.980 0.0000000000
33690  -40.696  -39.517  -2.179 0.0000000000
33691  -41.283  -39.279  -2.866 0.0000000000
33693  -49.770  -39.499  -2.071 0.0000000000
33694  -50.644  -39.980  -2.408 0.0000000000
33698  -41.457  -40.017  -3.576 0.0000000000
33699  -50.314  -39.510  -2.779 0.0000000000
33700  -41.573  -39.617  -4.660 0.0000000000
33701  -51.106  -39.912  -3.837 0.0000000000
33702  -41.697  -39.561  -5.700 0.0000000000
33703  -51.444  -39.966  -4.683 0.0000000000
33704  -51.780  -39.961  -5.485 0.0000000000
33705  -41.947  -39.510  -6.630 0.0000000000
33706  -42.405  -39.575  -7.441 0.0000000000
33707  -42.962  -39.709  -7.948 0.0000000000
33708  -43.653  -39.908  -8.240 0.0000000000
33709  -44.130  -39.385  -8.058 0.0000000000
33710  -52.790  -39.687  -8.024 0.0000000000
33711  -52.799  -40.373  -7.823 0.0000000000
33712  -44.969  -39.565  -8.240 0.0000000000
33713  -45.832  -39.600  -8.396 0.0000000000
33714  -47.323  -40.039  -9.064 0.0000000000
33715  -47.782  -39.223  -8.741 0.0000000000
33716  -52.609  -39.323  -8.701 0.0000000000
33717  -52.870  -40.195  -8.505 0.0000000000
33718  -48.210  -39.876  -9.251 0.0000000000
33719  -49.189  -39.706  -9.422 0.0000000000
33720  -50.256  -39.593  -9.496 0.0000000000
33721  -51.449  -39.411  -9.448 0.0000000000
33722  -52.326  -39.684  -9.210 0.0000000000
33723  -52.702  -40.065  -8.965 0.0000000000
34603  -36.010  -38.725  1.522 0.0000000000
34619  -34.986  -38.184  1.019 0.0000000000
34620  -36.071  -38.475  0.649 0.0000000000
34621  -36.725  -38.820  0.263 0.0000000000
34635  -33.921  -37.903  0.005 0.0000000000
34636  -35.222  -38.120  0.016 0.0000000000
34637  -36.213  -38.415  -0.242 0.0000000000
34638  -37.113  -38.928  -0.554 0.0000000000
34650  -34.175  -37.913  -0.867 0.0000000000
34651  -35.052  -38.075  -1.421 0.0000000000
34652  -36.215  -38.364  -1.312 0.0000000000
34653  -37.287  -38.749  -1.543 0.0000000000
34654  -38.751  -39.150  -1.554 0.0000000000
34655  -39.538  -39.162  -1.671 0.0000000000
34666  -35.266  -38.126  -2.354 0.0000000000
34667  -36.611  -38.375  -2.310 0.0000000000
34668  -37.555  -38.509  -2.191 0.0000000000
34669  -38.435  -38.475  -1.989 0.0000000000
34670  -39.420  -38.403  -1.941 0.0000000000
34671  -40.148  -38.870  -1.927 0.0000000000
34672  -40.797  -38.673  -2.455 0.0000000000
34676  -48.926  -38.988  -2.805 0.0000000000
34677  -41.277  -38.461  -3.116 0.0000000000
34681  -49.297  -38.848  -3.453 0.0000000000
34682  -50.596  -39.465  -3.444 0.0000000000
34683  -41.543  -38.282  -3.978 0.0000000000
34684  -48.267  -38.375  -4.228 0.0000000000
34685  -49.477  -38.667  -4.196 0.0000000000
34686  -50.580  -39.201  -4.259 0.0000000000
34687  -51.185  -39.603  -4.506 0.0000000000
34688  -41.743  -38.270  -5.019 0.0000000000
34689  -41.975  -37.975  -5.820 0.0000000000
34690  -48.530  -38.218  -4.862 0.0000000000
34691  -49.397  -38.321  -5.204 0.0000000000
34692  -50.627  -38.803  -5.120 0.0000000000
34693  -51.421  -39.437  -5.282 0.0000000000
34694  -51.835  -39.563  -5.952 0.0000000000
34695  -41.878  -38.730  -6.056 0.0000000000
34696  -42.215  -38.045  -6.649 0.0000000000
34697  -50.758  -38.540  -5.930 0.0000000000
34698  -51.411  -38.737  -6.323 0.0000000000
34699  -52.082  -38.990  -7.019 0.0000000000
34700  -42.638  -38.103  -7.352 0.0000000000
34701  -43.179  -38.165  -7.658 0.0000000000
34702  -43.969  -38.519  -7.732 0.0000000000
34703  -44.854  -38.329  -7.596 0.0000000000
34704  -45.748  -38.226  -7.576 0.0000000000
34705  -46.636  -38.100  -7.683 0.0000000000
34706  -52.551  -38.943  -8.000 0.0000000000
34707  -44.655  -38.969  -7.841 0.0000000000
34708  -45.406  -38.965  -7.887 0.0000000000
34709  -46.331  -38.966  -8.092 0.0000000000
34710  -47.205  -38.656  -8.219 0.0000000000
34711  -48.099  -38.164  -8.383 0.0000000000
34712  -49.011  -37.890  -8.719 0.0000000000
34713  -52.319  -38.266  -8.784 0.0000000000
34714  -48.844  -38.839  -9.028 0.0000000000
34715  -49.831  -37.977  -9.168 0.0000000000
34716  -50.878  -37.985  -9.430 0.0000000000
34717  -51.864  -37.744  -9.226 0.0000000000
35634  -32.828  -37.588  0.849 0.0000000000
35654  -32.472  -37.214  0.936 0.0000000000
35655  -32.830  -37.356  0.030 0.0000000000
35656  -33.520  -37.861  0.645 0.0000000000
35668  -32.823  -37.112  -1.575 0.0000000000
35669  -33.130  -37.519  -0.623 0.0000000000
35678  -33.126  -37.369  -2.241 0.0000000000
35679  -33.995  -37.868  -1.863 0.0000000000
35686  -33.150  -37.270  -3.249 0.0000000000
35687  -33.930  -37.807  -2.832 0.0000000000
35688  -34.910  -38.012  -3.327 0.0000000000
35689  -36.996  -38.188  -2.938 0.0000000000
35690  -37.929  -38.042  -2.579 0.0000000000
35691  -38.869  -37.732  -2.251 0.0000000000
35692  -39.706  -37.504  -2.338 0.0000000000
35693  -40.469  -37.257  -2.695 0.0000000000
35694  -40.839  -37.986  -2.716 0.0000000000
35699  -33.238  -37.172  -4.286 0.0000000000
35700  -33.988  -37.757  -3.835 0.0000000000
35701  -35.302  -37.875  -4.225 0.0000000000
35702  -36.461  -37.844  -3.788 0.0000000000
35703  -37.725  -36.681  -3.722 0.0000000000
35704  -38.298  -37.214  -2.813 0.0000000000
35705  -40.918  -36.804  -3.216 0.0000000000
35706  -41.216  -37.567  -3.334 0.0000000000
35710  -33.432  -37.036  -5.111 0.0000000000
35711  -35.226  -37.441  -5.228 0.0000000000
35712  -36.194  -37.482  -4.711 0.0000000000
35713  -36.946  -37.379  -4.097 0.0000000000
35714  -41.648  -37.548  -4.297 0.0000000000
35717  -34.306  -37.199  -5.417 0.0000000000
35718  -41.962  -37.461  -5.181 0.0000000000
35719  -42.319  -37.377  -6.075 0.0000000000
35721  -48.805  -37.611  -6.042 0.0000000000
35722  -49.782  -37.904  -6.228 0.0000000000
35723  -42.635  -37.374  -6.975 0.0000000000
35724  -50.623  -37.823  -6.838 0.0000000000
35725  -51.472  -37.906  -7.419 0.0000000000
35726  -52.055  -37.945  -8.282 0.0000000000
35727  -43.039  -37.432  -7.429 0.0000000000
35728  -43.576  -37.347  -7.537 0.0000000000
35729  -45.110  -37.505  -7.449 0.0000000000
35730  -46.046  -37.385  -7.447 0.0000000000
35731  -46.925  -37.297  -7.618 0.0000000000
35732  -47.783  -37.271  -7.921 0.0000000000
35733  -48.656  -37.224  -8.415 0.0000000000
35734  -49.709  -37.148  -8.847 0.0000000000
35735  -52.059  -37.359  -8.918 0.0000000000
35736  -50.690  -37.103  -9.342 0.0000000000
35737  -51.425  -37.132  -9.353 0.0000000000
35738  -51.826  -36.781  -9.077 0.0000000000
36654  -32.597  -37.000  0.124 0.0000000000
36655  -33.038  -36.724  -0.331 0.0000000000
36669  -32.750  -37.095  -0.731 0.0000000000
36670  -33.023  -36.820  -1.124 0.0000000000
36681  -33.111  -36.771  -2.015 0.0000000000
36688  -32.873  -37.070  -2.603 0.0000000000
36689  -33.293  -36.528  -3.047 0.0000000000
36690  -39.215  -36.929  -2.556 0.0000000000
36691  -39.878  -36.808  -2.606 0.0000000000
36698  -33.002  -36.927  -3.690 0.0000000000
36699  -33.205  -36.204  -4.039 0.0000000000
36700  -38.731  -36.325  -3.023 0.0000000000
36701  -40.338  -36.314  -2.993 0.0000000000
36702  -41.043  -36.158  -3.511 0.0000000000
36708  -33.104  -36.505  -4.678 0.0000000000
36709  -35.115  -36.864  -5.765 0.0000000000
36710  -36.086  -36.908  -5.516 0.0000000000
36711  -36.886  -36.778  -4.737 0.0000000000
36712  -41.735  -36.094  -4.293 0.0000000000
36713  -42.394  -35.687  -5.050 0.0000000000
36715  -33.289  -36.441  -5.196 0.0000000000
36716  -34.006  -36.688  -5.569 0.0000000000
36717  -35.937  -36.210  -5.839 0.0000000000
36718  -42.296  -36.630  -5.323 0.0000000000
36719  -42.708  -36.682  -6.399 0.0000000000
36722  -49.017  -37.061  -6.540 0.0000000000
36723  -43.616  -35.896  -7.139 0.0000000000
36724  -49.923  -36.777  -7.126 0.0000000000
36725  -51.119  -36.866  -7.636 0.0000000000
36726  -43.134  -36.703  -7.148 0.0000000000
36727  -43.678  -36.574  -7.431 0.0000000000
36728  -44.408  -36.742  -7.522 0.0000000000
36729  -45.446  -36.605  -7.480 0.0000000000
36730  -46.372  -36.537  -7.540 0.0000000000
36731  -47.285  -36.483  -7.704 0.0000000000
36732  -51.468  -35.933  -8.481 0.0000000000
36733  -51.730  -37.061  -8.385 0.0000000000
36734  -48.208  -36.429  -8.125 0.0000000000
36735  -49.318  -36.347  -8.608 0.0000000000
36736  -50.606  -36.151  -9.223 0.0000000000
36737  -51.572  -35.835  -9.010 0.0000000000
36738  -51.846  -36.670  -8.899 0.0000000000
36739  -51.377  -36.367  -9.295 0.0000000000
37581  -33.892  -36.359  -0.672 0.0000000000
37593  -34.188  -35.997  -2.294 0.0000000000
37595  -43.262  -35.112  -1.451 0.0000000000
37599  -33.877  -35.653  -3.217 0.0000000000
37600  -34.671  -35.166  -2.374 0.0000000000
37601  -43.602  -35.125  -2.103 0.0000000000
37606  -33.010  -35.717  -4.694 0.0000000000
37607  -38.438  -35.571  -3.836 0.0000000000
37608  -39.227  -35.133  -3.564 0.0000000000
37609  -39.565  -36.235  -2.860 0.0000000000
37610  -40.579  -35.661  -3.390 0.0000000000
37611  -41.168  -35.413  -3.768 0.0000000000
37615  -33.040  -35.763  -5.063 0.0000000000
37616  -36.736  -36.074  -5.450 0.0000000000
37617  -37.450  -35.192  -5.349 0.0000000000
37618  -38.346  -34.774  -4.667 0.0000000000
37619  -41.818  -35.155  -4.377 0.0000000000
37623  -33.681  -35.936  -5.460 0.0000000000
37624  -34.858  -36.132  -5.791 0.0000000000
37625  -36.639  -35.407  -5.713 0.0000000000
37626  -42.922  -35.270  -5.762 0.0000000000
37627  -43.504  -35.094  -6.546 0.0000000000
37630  -48.993  -35.996  -6.750 0.0000000000
37631  -43.109  -35.956  -6.547 0.0000000000
37632  -50.683  -34.913  -7.583 0.0000000000
37633  -44.228  -35.864  -7.498 0.0000000000
37634  -45.481  -35.067  -7.779 0.0000000000
37635  -46.274  -35.047  -7.904 0.0000000000
37636  -47.030  -35.122  -7.970 0.0000000000
37637  -51.260  -35.022  -8.033 0.0000000000
37638  -47.821  -34.876  -8.237 0.0000000000
37639  -48.895  -34.497  -8.500 0.0000000000
37640  -50.763  -34.738  -9.024 0.0000000000
37641  -51.353  -34.961  -8.627 0.0000000000
37642  -51.230  -34.949  -9.002 0.0000000000
38509  -42.418  -34.156  1.530 0.0000000000
38520  -42.497  -34.573  0.724 0.0000000000
38530  -42.749  -33.989  -0.059 0.0000000000
38531  -43.021  -34.595  -0.839 0.0000000000
38540  -43.547  -34.142  -1.647 0.0000000000
38545  -33.982  -34.811  -3.259 0.0000000000
38546  -43.973  -34.326  -2.451 0.0000000000
38551  -32.915  -34.871  -4.746 0.0000000000
38552  -33.154  -35.271  -4.154 0.0000000000
38553  -39.135  -34.518  -4.077 0.0000000000
38554  -39.840  -34.706  -3.691 0.0000000000
38555  -40.510  -35.000  -3.606 0.0000000000
38556  -44.462  -34.319  -3.162 0.0000000000
38562  -33.353  -35.094  -5.200 0.0000000000
38563  -34.215  -34.456  -5.238 0.0000000000
38564  -37.839  -34.307  -5.401 0.0000000000
38565  -38.793  -33.848  -5.055 0.0000000000
38566  -39.742  -33.976  -4.330 0.0000000000
38567  -40.486  -34.290  -4.011 0.0000000000
38568  -41.179  -34.664  -4.023 0.0000000000
38570  -45.888  -34.782  -5.135 0.0000000000
38571  -46.709  -34.687  -5.702 0.0000000000
38573  -34.534  -35.278  -5.541 0.0000000000
38574  -36.536  -34.736  -5.677 0.0000000000
38575  -42.796  -34.368  -5.390 0.0000000000
38576  -43.408  -34.250  -6.078 0.0000000000
38577  -47.437  -35.033  -6.231 0.0000000000
38578  -48.638  -34.818  -6.609 0.0000000000
38579  -49.778  -34.002  -6.965 0.0000000000
38580  -43.962  -34.312  -6.773 0.0000000000
38581  -50.489  -34.218  -7.470 0.0000000000
38582  -51.030  -34.200  -7.901 0.0000000000
38583  -44.098  -35.120  -7.235 0.0000000000
38584  -44.580  -34.363  -7.312 0.0000000000
38585  -45.274  -34.372  -7.671 0.0000000000
38586  -46.000  -34.390  -7.938 0.0000000000
38587  -46.920  -34.406  -8.127 0.0000000000
38588  -51.200  -34.385  -8.275 0.0000000000
38589  -48.001  -34.028  -8.367 0.0000000000
38590  -49.172  -33.578  -8.454 0.0000000000
38591  -50.180  -34.095  -8.632 0.0000000000
38592  -51.100  -34.320  -8.559 0.0000000000
38593  -50.852  -34.221  -8.722 0.0000000000
39395  -42.486  -33.183  1.787 0.0000000000
39407  -42.651  -33.325  0.828 0.0000000000
39418  -43.041  -32.937  0.018 0.0000000000
39419  -43.347  -33.347  -0.784 0.0000000000
39422  -34.473  -33.544  -2.313 0.0000000000
39427  -32.542  -33.531  -4.109 0.0000000000
39428  -33.687  -33.983  -3.270 0.0000000000
39429  -34.703  -34.403  -2.339 0.0000000000
39430  -43.740  -33.123  -1.512 0.0000000000
39431  -44.110  -33.336  -2.196 0.0000000000
39436  -32.880  -34.389  -4.121 0.0000000000
39437  -44.605  -33.235  -2.964 0.0000000000
39438  -45.048  -33.669  -3.682 0.0000000000
39444  -32.838  -33.880  -4.424 0.0000000000
39445  -33.202  -34.250  -4.880 0.0000000000
39446  -35.114  -33.982  -5.094 0.0000000000
39447  -36.747  -33.257  -4.948 0.0000000000
39448  -37.831  -32.970  -5.271 0.0000000000
39449  -38.717  -33.034  -5.423 0.0000000000
39450  -39.569  -33.239  -5.097 0.0000000000
39451  -40.528  -33.484  -4.613 0.0000000000
39452  -41.489  -33.475  -4.698 0.0000000000
39453  -41.925  -34.291  -4.582 0.0000000000
39454  -45.619  -33.995  -4.465 0.0000000000
39455  -46.380  -33.885  -5.140 0.0000000000
39456  -47.283  -33.658  -5.693 0.0000000000
39458  -35.447  -34.639  -5.484 0.0000000000
39459  -36.186  -34.001  -5.310 0.0000000000
39460  -37.304  -33.984  -5.512 0.0000000000
39461  -38.118  -33.587  -5.440 0.0000000000
39462  -41.840  -32.848  -5.165 0.0000000000
39463  -42.333  -33.567  -5.072 0.0000000000
39464  -43.027  -33.553  -5.628 0.0000000000
39465  -49.730  -33.042  -6.852 0.0000000000
39466  -43.662  -33.377  -6.266 0.0000000000
39467  -44.382  -33.527  -6.881 0.0000000000
39468  -50.498  -33.450  -7.659 0.0000000000
39469  -50.984  -33.818  -8.171 0.0000000000
39470  -45.053  -33.560  -7.373 0.0000000000
39471  -46.491  -33.805  -8.068 0.0000000000
39472  -47.269  -33.540  -8.249 0.0000000000
39473  -50.507  -33.024  -7.966 0.0000000000
39474  -48.261  -33.140  -8.369 0.0000000000
39475  -49.339  -32.600  -8.243 0.0000000000
39476  -50.323  -33.283  -8.278 0.0000000000
39477  -50.846  -33.793  -8.353 0.0000000000
39478  -50.741  -33.855  -8.506 0.0000000000
40387  -42.171  -32.711  2.127 0.0000000000
40410  -41.266  -32.231  0.650 0.0000000000
40416  -41.822  -32.179  0.120 0.0000000000
40417  -42.570  -32.608  0.391 0.0000000000
40418  -43.095  -32.392  -0.583 0.0000000000
40423  -32.706  -32.401  -2.995 0.0000000000
40424  -34.110  -32.695  -2.183 0.0000000000
40426  -42.422  -31.886  -1.056 0.0000000000
40427  -43.484  -32.467  -1.247 0.0000000000
40432  -32.119  -32.732  -3.915 0.0000000000
40433  -33.183  -33.161  -3.249 0.0000000000
40434  -43.898  -32.387  -1.881 0.0000000000
40435  -44.382  -32.373  -2.546 0.0000000000
40439  -32.369  -32.995  -4.191 0.0000000000
40440  -33.403  -32.664  -4.471 0.0000000000
40441  -34.931  -32.486  -4.314 0.0000000000
40442  -35.808  -31.910  -3.701 0.0000000000
40443  -44.860  -32.319  -3.186 0.0000000000
40444  -45.408  -32.284  -3.715 0.0000000000
40449  -33.094  -33.487  -4.605 0.0000000000
40450  -34.134  -33.714  -4.898 0.0000000000
40451  -36.203  -32.554  -4.272 0.0000000000
40452  -37.761  -32.052  -4.641 0.0000000000
40453  -38.529  -32.253  -5.169 0.0000000000
40454  -39.327  -32.443  -5.376 0.0000000000
40455  -40.167  -32.665  -5.248 0.0000000000
40456  -41.022  -32.787  -5.064 0.0000000000
40457  -46.064  -32.250  -4.308 0.0000000000
40458  -46.711  -32.460  -4.893 0.0000000000
40459  -47.440  -32.647  -5.466 0.0000000000
40460  -48.152  -31.889  -5.805 0.0000000000
40464  -39.073  -31.614  -5.160 0.0000000000
40465  -39.913  -31.779  -5.432 0.0000000000
40466  -41.401  -32.178  -5.409 0.0000000000
40467  -42.123  -32.218  -5.517 0.0000000000
40468  -42.790  -32.234  -5.778 0.0000000000
40469  -48.531  -32.882  -6.192 0.0000000000
40470  -49.512  -32.255  -6.746 0.0000000000
40471  -43.441  -32.403  -6.128 0.0000000000
40472  -44.114  -32.637  -6.545 0.0000000000
40473  -49.939  -32.409  -7.403 0.0000000000
40474  -44.809  -32.719  -6.997 0.0000000000
40475  -45.503  -32.692  -7.397 0.0000000000
40476  -46.269  -32.461  -7.702 0.0000000000
40477  -47.149  -32.085  -7.951 0.0000000000
40478  -49.895  -32.248  -7.678 0.0000000000
40479  -48.055  -31.806  -8.116 0.0000000000
40480  -48.876  -31.829  -8.027 0.0000000000
40481  -49.570  -32.140  -7.939 0.0000000000
41406  -40.848  -31.865  -0.097 0.0000000000
41412  -33.218  -31.233  -1.406 0.0000000000
41416  -41.488  -31.800  -0.779 0.0000000000
41420  -31.536  -31.357  -3.189 0.0000000000
41421  -32.372  -31.705  -2.614 0.0000000000
41422  -33.658  -31.924  -1.844 0.0000000000
41423  -40.828  -31.132  -1.463 0.0000000000
41424  -41.654  -31.463  -1.700 0.0000000000
41425  -42.557  -31.624  -1.922 0.0000000000
41426  -43.398  -31.880  -1.790 0.0000000000
41430  -31.959  -31.984  -3.572 0.0000000000
41431  -35.612  -31.232  -3.231 0.0000000000
41432  -41.823  -31.151  -2.400 0.0000000000
41433  -42.415  -31.141  -2.821 0.0000000000
41434  -43.853  -31.722  -2.528 0.0000000000
41435  -44.524  -31.754  -3.113 0.0000000000
41441  -31.744  -31.528  -3.526 0.0000000000
41442  -31.929  -32.227  -3.970 0.0000000000
41443  -32.627  -32.105  -4.264 0.0000000000
41444  -34.344  -31.752  -3.985 0.0000000000
41445  -36.435  -31.374  -3.321 0.0000000000
41446  -37.124  -31.065  -3.343 0.0000000000
41447  -37.688  -30.656  -3.608 0.0000000000
41448  -43.178  -31.197  -3.163 0.0000000000
41449  -44.015  -31.252  -3.426 0.0000000000
41450  -44.761  -31.258  -3.761 0.0000000000
41451  -45.434  -31.264  -4.147 0.0000000000
41455  -36.925  -31.866  -3.867 0.0000000000
41456  -37.681  -31.303  -4.034 0.0000000000
41457  -38.242  -30.721  -4.138 0.0000000000
41458  -46.197  -31.364  -4.533 0.0000000000
41459  -46.998  -31.206  -5.112 0.0000000000
41460  -47.911  -30.978  -5.741 0.0000000000
41464  -39.584  -30.935  -5.157 0.0000000000
41465  -40.354  -30.973  -5.430 0.0000000000
41466  -41.769  -30.835  -5.708 0.0000000000
41467  -43.074  -31.561  -6.093 0.0000000000
41468  -49.141  -31.037  -6.826 0.0000000000
41469  -49.573  -31.597  -6.977 0.0000000000
41470  -42.651  -30.729  -6.051 0.0000000000
41471  -43.548  -30.731  -6.433 0.0000000000
41472  -44.928  -31.025  -7.035 0.0000000000
41473  -48.934  -30.640  -7.075 0.0000000000
41474  -49.597  -31.701  -7.313 0.0000000000
41475  -45.244  -31.869  -7.151 0.0000000000
41476  -45.975  -30.845  -7.445 0.0000000000
41477  -47.323  -30.122  -7.517 0.0000000000
41478  -47.717  -31.084  -7.796 0.0000000000
41479  -49.251  -31.198  -7.282 0.0000000000
41480  -49.503  -31.732  -7.520 0.0000000000
41481  -48.507  -31.142  -7.733 0.0000000000
41482  -49.093  -31.420  -7.633 0.0000000000
42385  -33.552  -30.182  0.128 0.0000000000
42394  -31.642  -30.469  -1.587 0.0000000000
42395  -32.846  -30.581  -0.944 0.0000000000
42402  -30.278  -30.071  -2.474 0.0000000000
42403  -30.568  -30.415  -2.704 0.0000000000
42404  -30.969  -30.817  -2.710 0.0000000000
42405  -32.030  -31.033  -2.151 0.0000000000
42408  -41.148  -30.767  -2.243 0.0000000000
42413  -31.018  -30.883  -3.116 0.0000000000
42414  -31.900  -30.717  -3.529 0.0000000000
42415  -33.117  -30.594  -3.519 0.0000000000
42416  -34.711  -31.028  -3.349 0.0000000000
42417  -35.537  -30.602  -2.683 0.0000000000
42418  -36.423  -30.035  -2.304 0.0000000000
42421  -42.537  -30.337  -3.523 0.0000000000
42426  -32.232  -31.489  -3.913 0.0000000000
42427  -33.499  -31.219  -3.807 0.0000000000
42428  -36.461  -30.780  -2.839 0.0000000000
42429  -37.316  -30.159  -2.940 0.0000000000
42430  -38.093  -29.995  -3.642 0.0000000000
42431  -43.455  -30.557  -3.831 0.0000000000
42432  -44.254  -30.667  -4.114 0.0000000000
42433  -45.035  -30.621  -4.396 0.0000000000
42438  -38.730  -30.057  -4.268 0.0000000000
42439  -39.382  -30.171  -4.761 0.0000000000
42440  -45.834  -30.559  -4.750 0.0000000000
42441  -46.629  -30.547  -5.177 0.0000000000
42442  -47.335  -30.481  -5.587 0.0000000000
42444  -39.989  -30.236  -5.204 0.0000000000
42445  -40.633  -30.129  -5.425 0.0000000000
42446  -41.382  -29.968  -5.624 0.0000000000
42447  -47.886  -29.905  -6.423 0.0000000000
42448  -48.569  -30.540  -6.621 0.0000000000
42449  -43.081  -29.784  -6.373 0.0000000000
42450  -43.830  -29.732  -6.638 0.0000000000
42451  -44.477  -30.169  -6.844 0.0000000000
42452  -45.468  -29.966  -7.273 0.0000000000
42453  -48.332  -29.923  -7.054 0.0000000000
42454  -46.547  -29.465  -7.437 0.0000000000
42455  -47.350  -28.998  -7.209 0.0000000000
42456  -47.915  -29.498  -7.091 0.0000000000
42457  -48.790  -30.768  -7.336 0.0000000000
43355  -33.764  -29.010  1.406 0.0000000000
43361  -32.299  -29.334  -0.045 0.0000000000
43362  -33.266  -29.515  0.453 0.0000000000
43363  -34.079  -29.786  1.056 0.0000000000
43369  -29.631  -29.385  -1.778 0.0000000000
43370  -31.229  -29.818  -1.047 0.0000000000
43371  -32.502  -29.964  -0.487 0.0000000000
43377  -29.918  -29.738  -2.137 0.0000000000
43378  -30.192  -29.857  -1.800 0.0000000000
43379  -30.668  -30.335  -2.099 0.0000000000
43380  -33.687  -29.279  -2.126 0.0000000000
43381  -34.737  -29.342  -1.823 0.0000000000
43382  -35.585  -28.940  -1.533 0.0000000000
43388  -30.528  -30.263  -2.823 0.0000000000
43389  -31.103  -30.186  -3.221 0.0000000000
43390  -32.294  -29.689  -3.000 0.0000000000
43391  -34.094  -29.942  -2.547 0.0000000000
43392  -35.337  -29.846  -2.119 0.0000000000
43393  -36.367  -29.222  -1.815 0.0000000000
43394  -37.163  -29.242  -2.358 0.0000000000
43401  -37.890  -29.065  -3.219 0.0000000000
43402  -38.533  -29.229  -3.974 0.0000000000
43403  -42.474  -29.432  -3.830 0.0000000000
43404  -43.090  -29.688  -4.129 0.0000000000
43405  -43.874  -29.883  -4.388 0.0000000000
43406  -44.572  -30.034  -4.574 0.0000000000
43410  -39.791  -29.516  -4.937 0.0000000000
43411  -44.548  -29.169  -4.842 0.0000000000
43412  -45.370  -29.621  -5.075 0.0000000000
43413  -46.346  -29.673  -5.471 0.0000000000
43414  -47.158  -29.734  -5.881 0.0000000000
43415  -40.290  -29.620  -5.261 0.0000000000
43416  -40.887  -29.198  -5.501 0.0000000000
43417  -41.821  -29.006  -5.822 0.0000000000
43418  -42.742  -28.801  -6.293 0.0000000000
43419  -46.923  -28.851  -6.352 0.0000000000
43420  -47.460  -29.133  -6.666 0.0000000000
43421  -43.869  -28.572  -6.716 0.0000000000
43422  -44.451  -29.136  -6.905 0.0000000000
43423  -45.202  -29.067  -7.211 0.0000000000
43424  -47.235  -28.418  -7.065 0.0000000000
43425  -47.659  -29.143  -7.070 0.0000000000
43426  -45.165  -27.935  -7.110 0.0000000000
43427  -45.996  -28.055  -7.313 0.0000000000
43428  -46.809  -28.275  -7.193 0.0000000000
43429  -47.306  -28.564  -7.106 0.0000000000
44287  -33.161  -28.332  1.230 0.0000000000
44291  -29.769  -28.748  -0.733 0.0000000000
44292  -32.176  -28.583  0.382 0.0000000000
44293  -33.006  -28.937  0.671 0.0000000000
44297  -29.214  -28.818  -1.380 0.0000000000
44298  -30.204  -29.307  -1.066 0.0000000000
44299  -31.381  -29.174  -0.375 0.0000000000
44300  -34.207  -27.956  -0.787 0.0000000000
44301  -35.062  -27.803  -0.746 0.0000000000
44306  -29.297  -29.045  -1.842 0.0000000000
44307  -29.965  -29.056  -2.355 0.0000000000
44308  -31.053  -28.685  -2.417 0.0000000000
44309  -32.818  -28.825  -2.104 0.0000000000
44310  -34.739  -28.576  -1.268 0.0000000000
44311  -35.809  -28.025  -1.075 0.0000000000
44312  -36.302  -28.516  -1.508 0.0000000000
44316  -30.087  -29.716  -2.362 0.0000000000
44317  -30.623  -29.609  -2.754 0.0000000000
44318  -31.658  -29.219  -2.695 0.0000000000
44319  -36.977  -28.469  -1.903 0.0000000000
44320  -37.551  -28.291  -2.644 0.0000000000
44322  -41.487  -28.426  -3.337 0.0000000000
44325  -38.113  -27.993  -3.321 0.0000000000
44326  -38.611  -27.722  -3.915 0.0000000000
44327  -42.136  -28.709  -3.765 0.0000000000
44328  -42.914  -28.762  -4.229 0.0000000000
44329  -43.727  -28.909  -4.573 0.0000000000
44331  -38.980  -28.404  -4.346 0.0000000000
44332  -39.657  -28.722  -4.770 0.0000000000
44333  -40.160  -28.129  -5.061 0.0000000000
44334  -43.732  -27.603  -4.704 0.0000000000
44335  -44.625  -27.954  -5.150 0.0000000000
44336  -45.432  -28.302  -5.511 0.0000000000
44337  -46.257  -28.570  -5.869 0.0000000000
44338  -40.228  -28.935  -5.163 0.0000000000
44339  -40.681  -28.384  -5.388 0.0000000000
44340  -41.413  -28.166  -5.691 0.0000000000
44341  -42.359  -27.856  -6.158 0.0000000000
44342  -45.382  -27.111  -5.913 0.0000000000
44343  -46.113  -27.500  -6.493 0.0000000000
44344  -46.759  -27.900  -6.888 0.0000000000
44345  -43.477  -27.446  -6.538 0.0000000000
44346  -44.768  -27.038  -6.712 0.0000000000
44347  -45.795  -26.964  -6.743 0.0000000000
44348  -46.243  -27.284  -7.154 0.0000000000
44349  -46.774  -27.926  -7.100 0.0000000000
44350  -45.749  -27.041  -7.018 0.0000000000
44351  -46.037  -27.296  -7.132 0.0000000000
44352  -46.571  -27.254  -7.243 0.0000000000
45222  -32.482  -27.660  1.094 0.0000000000
45223  -33.320  -27.693  1.730 0.0000000000
45229  -28.027  -28.075  -1.107 0.0000000000
45230  -28.816  -28.387  -0.794 0.0000000000
45231  -30.352  -28.170  -0.132 0.0000000000
45232  -31.524  -28.073  0.348 0.0000000000
45236  -28.557  -28.403  -1.350 0.0000000000
45237  -31.510  -27.162  -1.278 0.0000000000
45238  -32.668  -27.207  -0.832 0.0000000000
45239  -33.717  -27.243  -0.552 0.0000000000
45240  -34.716  -27.160  -0.485 0.0000000000
45241  -35.588  -27.119  -0.693 0.0000000000
45247  -28.698  -28.463  -1.438 0.0000000000
45248  -29.320  -28.482  -1.832 0.0000000000
45249  -30.587  -28.060  -1.909 0.0000000000
45250  -31.913  -27.877  -1.552 0.0000000000
45251  -33.081  -28.041  -1.173 0.0000000000
45252  -36.360  -27.067  -1.186 0.0000000000
45253  -36.666  -27.787  -1.550 0.0000000000
45258  -37.293  -27.572  -2.231 0.0000000000
45259  -37.776  -27.340  -2.946 0.0000000000
45260  -41.256  -27.265  -3.119 0.0000000000
45261  -42.209  -26.655  -3.782 0.0000000000
45264  -38.297  -27.150  -3.510 0.0000000000
45265  -38.726  -27.012  -3.983 0.0000000000
45266  -43.169  -26.527  -4.500 0.0000000000
45267  -39.208  -27.337  -4.438 0.0000000000
45268  -40.001  -27.293  -4.944 0.0000000000
45269  -40.880  -27.373  -5.451 0.0000000000
45270  -44.146  -26.281  -5.295 0.0000000000
45271  -44.755  -26.679  -5.629 0.0000000000
45272  -41.994  -26.965  -5.916 0.0000000000
45273  -43.056  -26.527  -6.356 0.0000000000
45274  -44.642  -25.637  -6.022 0.0000000000
45275  -45.164  -26.483  -6.421 0.0000000000
45276  -44.269  -26.019  -6.402 0.0000000000
45277  -45.122  -26.552  -6.417 0.0000000000
45278  -45.800  -27.004  -6.791 0.0000000000
45279  -46.075  -27.132  -7.050 0.0000000000
46181  -29.622  -26.675  0.457 0.0000000000
46182  -31.097  -26.572  0.893 0.0000000000
46183  -32.198  -26.758  1.395 0.0000000000
46193  -27.471  -27.088  -0.801 0.0000000000
46194  -27.591  -27.331  -0.904 0.0000000000
46195  -28.347  -27.739  -0.549 0.0000000000
46196  -29.883  -27.526  0.089 0.0000000000
46197  -31.345  -27.395  0.585 0.0000000000
46204  -27.903  -27.550  -1.213 0.0000000000
46205  -29.546  -26.817  -1.430 0.0000000000
46206  -32.226  -26.249  -0.746 0.0000000000
46207  -33.272  -26.378  -0.520 0.0000000000
46208  -34.240  -26.336  -0.387 0.0000000000
46209  -35.177  -26.276  -0.490 0.0000000000
46215  -28.219  -28.187  -1.292 0.0000000000
46216  -28.710  -27.942  -1.571 0.0000000000
46217  -30.105  -27.421  -1.613 0.0000000000
46218  -36.034  -26.210  -0.901 0.0000000000
46219  -36.731  -26.170  -1.645 0.0000000000
46220  -39.506  -25.791  -1.731 0.0000000000
46221  -40.178  -26.024  -2.332 0.0000000000
46225  -37.505  -26.683  -2.592 0.0000000000
46226  -40.960  -26.156  -2.892 0.0000000000
46227  -41.883  -25.858  -3.616 0.0000000000
46229  -37.980  -26.488  -3.202 0.0000000000
46230  -38.529  -26.413  -3.717 0.0000000000
46231  -42.669  -25.794  -4.237 0.0000000000
46233  -38.860  -25.685  -3.963 0.0000000000
46234  -39.753  -26.454  -4.725 0.0000000000
46235  -40.607  -26.351  -5.247 0.0000000000
46236  -44.045  -25.426  -5.580 0.0000000000
46237  -41.646  -26.080  -5.685 0.0000000000
46238  -42.750  -25.669  -6.075 0.0000000000
46239  -43.626  -25.489  -6.232 0.0000000000
46240  -44.304  -25.181  -6.024 0.0000000000
46241  -44.201  -25.175  -6.049 0.0000000000
47190  -30.386  -25.207  1.904 0.0000000000
47191  -31.453  -25.372  2.259 0.0000000000
47199  -25.623  -25.869  0.211 0.0000000000
47200  -25.826  -26.112  0.046 0.0000000000
47201  -26.570  -26.245  0.196 0.0000000000
47202  -27.757  -26.180  0.503 0.0000000000
47203  -29.243  -25.566  1.260 0.0000000000
47204  -30.856  -25.835  1.338 0.0000000000
47205  -31.886  -25.987  1.730 0.0000000000
47211  -25.972  -26.099  -0.101 0.0000000000
47212  -27.211  -26.405  -0.369 0.0000000000
47213  -27.681  -26.841  -0.266 0.0000000000
47214  -28.697  -26.418  0.475 0.0000000000
47223  -26.735  -26.200  -0.292 0.0000000000
47224  -27.449  -26.425  -0.556 0.0000000000
47225  -28.126  -26.383  -1.029 0.0000000000
47226  -29.299  -26.101  -1.171 0.0000000000
47227  -31.329  -25.330  -0.877 0.0000000000
47228  -32.241  -25.091  -0.787 0.0000000000
47229  -32.935  -25.566  -0.635 0.0000000000
47230  -33.721  -25.476  -0.538 0.0000000000
47231  -34.620  -25.384  -0.527 0.0000000000
47235  -35.515  -25.293  -0.762 0.0000000000
47236  -36.422  -25.167  -1.450 0.0000000000
47237  -39.429  -24.886  -1.673 0.0000000000
47238  -40.038  -25.085  -2.268 0.0000000000
47240  -37.141  -25.460  -2.179 0.0000000000
47241  -37.656  -25.729  -2.847 0.0000000000
47242  -40.765  -25.257  -2.790 0.0000000000
47243  -42.099  -24.645  -3.927 0.0000000000
47244  -42.603  -24.991  -4.387 0.0000000000
47245  -38.097  -24.711  -3.272 0.0000000000
47246  -38.650  -24.992  -3.758 0.0000000000
47247  -42.553  -24.318  -4.933 0.0000000000
47248  -43.335  -25.045  -5.131 0.0000000000
47249  -39.264  -24.836  -4.210 0.0000000000
47250  -40.075  -24.690  -4.711 0.0000000000
47251  -40.989  -24.433  -5.232 0.0000000000
47252  -43.415  -24.962  -5.694 0.0000000000
47253  -43.979  -24.985  -5.835 0.0000000000
47254  -41.953  -24.333  -5.377 0.0000000000
47255  -42.686  -24.585  -5.419 0.0000000000
47256  -43.444  -24.935  -5.913 0.0000000000
47257  -44.043  -25.009  -5.925 0.0000000000
48209  -29.729  -24.090  3.199 0.0000000000
48210  -30.540  -24.305  3.437 0.0000000000
48222  -25.803  -24.973  1.449 0.0000000000
48223  -27.133  -24.736  1.805 0.0000000000
48224  -28.287  -24.551  2.151 0.0000000000
48225  -29.252  -24.493  2.463 0.0000000000
48226  -30.103  -24.618  2.689 0.0000000000
48227  -30.980  -24.823  2.869 0.0000000000
48236  -24.862  -25.133  0.744 0.0000000000
48237  -25.414  -25.425  0.482 0.0000000000
48238  -26.274  -25.632  0.787 0.0000000000
48239  -27.431  -25.496  1.182 0.0000000000
48240  -28.663  -25.149  1.608 0.0000000000
48241  -29.599  -24.924  1.989 0.0000000000
48250  -25.751  -25.278  0.222 0.0000000000
48258  -26.743  -25.348  -0.243 0.0000000000
48259  -27.680  -25.316  -0.483 0.0000000000
48260  -28.581  -25.237  -0.686 0.0000000000
48261  -29.531  -25.110  -0.838 0.0000000000
48262  -32.557  -24.126  -1.058 0.0000000000
48263  -33.118  -24.689  -0.851 0.0000000000
48264  -33.977  -24.503  -0.859 0.0000000000
48265  -34.892  -24.375  -0.820 0.0000000000
48266  -38.483  -24.013  -0.642 0.0000000000
48267  -38.873  -24.564  -1.173 0.0000000000
48269  -35.774  -24.264  -1.112 0.0000000000
48270  -36.517  -24.060  -1.677 0.0000000000
48271  -39.406  -24.109  -1.648 0.0000000000
48272  -39.954  -24.110  -2.218 0.0000000000
48274  -37.061  -23.761  -2.188 0.0000000000
48275  -37.629  -23.954  -2.750 0.0000000000
48276  -40.698  -24.250  -2.815 0.0000000000
48277  -41.385  -24.463  -3.398 0.0000000000
48278  -38.298  -23.639  -3.349 0.0000000000
48279  -38.927  -23.961  -3.882 0.0000000000
48280  -41.879  -23.861  -4.214 0.0000000000
48281  -39.786  -23.894  -4.479 0.0000000000
48282  -40.662  -23.761  -4.850 0.0000000000
48283  -41.894  -23.668  -4.758 0.0000000000
48284  -41.518  -23.700  -5.025 0.0000000000
49185  -29.889  -23.042  4.137 0.0000000000
49199  -28.552  -23.235  3.282 0.0000000000
49200  -29.401  -23.439  3.549 0.0000000000
49201  -30.176  -23.709  3.811 0.0000000000
49202  -30.882  -23.978  4.120 0.0000000000
49215  -23.848  -23.273  1.547 0.0000000000
49216  -24.391  -23.900  1.651 0.0000000000
49217  -25.464  -24.118  2.011 0.0000000000
49218  -26.777  -23.973  2.346 0.0000000000
49219  -27.930  -23.861  2.633 0.0000000000
49220  -28.888  -23.911  2.930 0.0000000000
49229  -23.789  -23.292  1.175 0.0000000000
49230  -24.061  -24.339  1.099 0.0000000000
49231  -24.622  -24.985  1.162 0.0000000000
49238  -23.986  -22.699  0.861 0.0000000000
49239  -24.214  -24.127  0.850 0.0000000000
49240  -25.005  -24.623  0.582 0.0000000000
49241  -26.958  -24.153  0.065 0.0000000000
49242  -28.676  -23.292  -0.136 0.0000000000
49243  -29.527  -23.294  -0.292 0.0000000000
49244  -30.474  -23.313  -0.435 0.0000000000
49246  -38.238  -23.207  -0.182 0.0000000000
49250  -27.855  -24.229  -0.246 0.0000000000
49251  -28.743  -24.181  -0.471 0.0000000000
49252  -31.374  -23.696  -0.734 0.0000000000
49253  -32.422  -23.525  -1.008 0.0000000000
49254  -33.269  -23.633  -1.217 0.0000000000
49255  -34.166  -23.522  -1.250 0.0000000000
49256  -35.103  -23.295  -1.236 0.0000000000
49257  -38.800  -22.966  -0.930 0.0000000000
49258  -39.067  -23.639  -1.313 0.0000000000
49262  -36.012  -23.432  -1.405 0.0000000000
49263  -36.687  -23.035  -1.874 0.0000000000
49264  -39.749  -23.147  -2.009 0.0000000000
49265  -40.581  -23.061  -2.864 0.0000000000
49268  -37.389  -23.042  -2.471 0.0000000000
49269  -38.041  -22.867  -3.068 0.0000000000
49270  -40.984  -22.748  -3.741 0.0000000000
49271  -41.272  -23.512  -3.567 0.0000000000
49272  -38.939  -22.662  -3.657 0.0000000000
49273  -39.681  -23.009  -4.233 0.0000000000
49274  -41.051  -22.810  -4.315 0.0000000000
49275  -41.493  -23.242  -4.270 0.0000000000
49276  -40.353  -23.215  -4.531 0.0000000000
49277  -40.952  -23.154  -4.635 0.0000000000
49278  -41.414  -23.307  -4.631 0.0000000000
50038  -29.661  -22.270  4.363 0.0000000000
50039  -30.501  -22.670  4.749 0.0000000000
50040  -37.398  -21.746  4.289 0.0000000000
50050  -27.292  -22.330  3.145 0.0000000000
50051  -28.286  -22.475  3.460 0.0000000000
50052  -29.113  -22.715  3.804 0.0000000000
50053  -37.400  -22.167  3.430 0.0000000000
50058  -23.563  -22.494  1.959 0.0000000000
50059  -24.109  -22.826  2.183 0.0000000000
50060  -25.194  -23.088  2.465 0.0000000000
50061  -26.440  -23.140  2.724 0.0000000000
50062  -27.597  -23.119  2.969 0.0000000000
50063  -37.594  -22.162  2.512 0.0000000000
50065  -23.491  -22.568  1.558 0.0000000000
50066  -32.103  -22.094  1.160 0.0000000000
50067  -32.882  -22.292  0.854 0.0000000000
50068  -33.712  -22.084  0.735 0.0000000000
50069  -37.719  -22.293  1.668 0.0000000000
50073  -23.551  -22.458  1.218 0.0000000000
50074  -24.981  -23.437  0.633 0.0000000000
50075  -27.194  -22.856  0.284 0.0000000000
50076  -28.348  -22.510  0.237 0.0000000000
50077  -29.238  -22.525  0.182 0.0000000000
50078  -30.055  -22.604  0.086 0.0000000000
50079  -31.366  -22.330  0.612 0.0000000000
50080  -32.087  -22.540  0.257 0.0000000000
50081  -32.679  -22.649  -0.194 0.0000000000
50082  -33.917  -22.329  -0.323 0.0000000000
50083  -34.869  -21.952  -0.669 0.0000000000
50084  -37.815  -22.522  0.986 0.0000000000
50085  -38.304  -22.236  0.267 0.0000000000
50089  -31.351  -22.882  -0.309 0.0000000000
50090  -32.161  -22.993  -0.731 0.0000000000
50091  -33.133  -22.795  -1.054 0.0000000000
50092  -34.106  -22.557  -1.120 0.0000000000
50093  -34.916  -22.452  -1.178 0.0000000000
50094  -38.736  -22.021  -0.592 0.0000000000
50095  -39.215  -21.915  -1.382 0.0000000000
50098  -35.888  -22.494  -1.456 0.0000000000
50099  -36.443  -21.702  -1.549 0.0000000000
50100  -37.192  -21.483  -1.925 0.0000000000
50101  -39.741  -22.036  -2.019 0.0000000000
50102  -40.165  -22.258  -2.582 0.0000000000
50106  -37.219  -22.238  -2.235 0.0000000000
50107  -37.852  -21.442  -2.450 0.0000000000
50108  -38.528  -21.755  -3.067 0.0000000000
50109  -39.935  -21.550  -2.718 0.0000000000
50110  -40.373  -22.064  -3.280 0.0000000000
50114  -39.444  -21.722  -3.431 0.0000000000
50115  -40.055  -21.861  -3.632 0.0000000000
50116  -40.599  -22.356  -3.893 0.0000000000
50117  -40.400  -22.595  -4.214 0.0000000000
50907  -37.895  -20.370  5.291 0.0000000000
50917  -38.247  -20.425  4.455 0.0000000000
50924  -28.090  -21.578  3.438 0.0000000000
50925  -28.903  -21.958  3.958 0.0000000000
50926  -38.291  -20.763  3.630 0.0000000000
50927  -39.024  -20.024  3.108 0.0000000000
50930  -23.371  -21.953  1.876 0.0000000000
50931  -23.755  -21.869  2.243 0.0000000000
50932  -24.794  -22.010  2.629 0.0000000000
50933  -26.952  -21.461  3.032 0.0000000000
50934  -32.676  -21.077  1.986 0.0000000000
50935  -33.309  -21.228  2.096 0.0000000000
50936  -34.100  -21.286  2.148 0.0000000000
50937  -34.973  -21.233  2.173 0.0000000000
50938  -35.937  -20.890  2.104 0.0000000000
50939  -38.330  -21.084  2.857 0.0000000000
50940  -39.022  -20.083  2.451 0.0000000000
50944  -23.398  -21.820  1.466 0.0000000000
50945  -29.499  -21.209  0.956 0.0000000000
50946  -30.215  -21.385  1.130 0.0000000000
50947  -31.211  -21.615  1.296 0.0000000000
50948  -33.517  -21.703  1.515 0.0000000000
50949  -34.346  -21.610  1.455 0.0000000000
50950  -35.357  -21.410  1.301 0.0000000000
50951  -36.377  -20.845  1.257 0.0000000000
50952  -38.406  -21.166  1.994 0.0000000000
50953  -38.901  -20.115  1.672 0.0000000000
50958  -23.539  -21.899  1.094 0.0000000000
50959  -23.940  -21.385  0.821 0.0000000000
50960  -25.170  -21.911  0.557 0.0000000000
50961  -30.545  -22.106  0.695 0.0000000000
50962  -34.569  -21.834  0.458 0.0000000000
50963  -35.503  -21.507  0.234 0.0000000000
50964  -36.553  -20.848  0.194 0.0000000000
50965  -38.449  -21.261  0.949 0.0000000000
50966  -38.731  -20.097  0.614 0.0000000000
50970  -36.434  -21.335  -1.175 0.0000000000
50971  -37.064  -20.637  -0.817 0.0000000000
50972  -39.399  -21.161  -2.070 0.0000000000
50976  -37.140  -20.946  -1.470 0.0000000000
50977  -37.940  -20.634  -1.927 0.0000000000
50978  -38.725  -20.607  -1.465 0.0000000000
50983  -38.591  -20.981  -2.444 0.0000000000
50984  -39.220  -21.208  -2.918 0.0000000000
50985  -39.567  -21.227  -2.775 0.0000000000
50989  -39.703  -21.421  -3.185 0.0000000000
51752  -37.323  -19.823  7.219 0.0000000000
51762  -37.456  -20.156  6.515 0.0000000000
51763  -38.302  -19.352  5.589 0.0000000000
51770  -38.885  -19.270  4.638 0.0000000000
51780  -39.413  -19.208  3.683 0.0000000000
51781  -39.613  -19.075  3.389 0.0000000000
51785  -27.604  -20.867  3.035 0.0000000000
51786  -28.424  -20.700  3.288 0.0000000000
51788  -34.228  -20.280  2.980 0.0000000000
51789  -35.071  -20.227  3.391 0.0000000000
51790  -36.223  -20.063  3.329 0.0000000000
51791  -37.453  -19.609  2.951 0.0000000000
51792  -39.352  -19.224  2.923 0.0000000000
51796  -23.608  -21.063  1.777 0.0000000000
51797  -24.332  -20.056  1.700 0.0000000000
51798  -25.210  -20.106  2.262 0.0000000000
51799  -26.604  -20.471  2.661 0.0000000000
51800  -33.040  -20.558  2.334 0.0000000000
51801  -33.789  -20.701  2.535 0.0000000000
51802  -34.602  -20.779  2.700 0.0000000000
51803  -35.504  -20.654  2.748 0.0000000000
51804  -37.243  -20.136  1.973 0.0000000000
51805  -39.149  -19.343  2.174 0.0000000000
51809  -23.647  -21.107  1.210 0.0000000000
51810  -24.117  -20.067  1.205 0.0000000000
51811  -29.772  -20.522  1.192 0.0000000000
51812  -30.654  -20.684  1.430 0.0000000000
51813  -31.482  -20.699  1.626 0.0000000000
51814  -32.181  -20.317  1.939 0.0000000000
51815  -37.525  -20.096  0.773 0.0000000000
51816  -38.405  -19.584  1.266 0.0000000000
51817  -38.860  -19.644  1.373 0.0000000000
51820  -24.634  -20.563  0.612 0.0000000000
51821  -26.361  -19.801  0.439 0.0000000000
51822  -27.445  -19.993  0.611 0.0000000000
51823  -28.215  -19.739  0.731 0.0000000000
51824  -28.966  -20.550  0.906 0.0000000000
51825  -37.655  -20.019  -0.244 0.0000000000
51826  -38.354  -19.739  0.375 0.0000000000
51827  -38.568  -19.929  0.322 0.0000000000
51831  -38.251  -19.921  -0.593 0.0000000000
51832  -38.479  -20.149  -0.728 0.0000000000
51837  -37.818  -20.235  -1.228 0.0000000000
51838  -38.353  -20.281  -1.311 0.0000000000
52719  -37.832  -18.749  6.669 0.0000000000
52729  -38.362  -18.444  5.740 0.0000000000
52736  -35.373  -19.021  4.362 0.0000000000
52737  -36.785  -18.886  4.614 0.0000000000
52738  -38.615  -18.723  4.413 0.0000000000
52744  -34.246  -19.619  3.363 0.0000000000
52745  -34.615  -19.133  3.868 0.0000000000
52746  -35.914  -19.636  4.011 0.0000000000
52747  -37.353  -19.278  3.862 0.0000000000
52748  -38.777  -18.874  3.171 0.0000000000
52752  -24.923  -19.151  1.517 0.0000000000
52753  -26.167  -19.201  2.065 0.0000000000
52754  -27.713  -19.910  2.670 0.0000000000
52755  -28.575  -19.048  2.547 0.0000000000
52756  -32.809  -19.785  2.400 0.0000000000
52757  -33.541  -19.974  2.762 0.0000000000
52758  -39.623  -18.792  2.650 0.0000000000
52762  -24.483  -19.290  1.215 0.0000000000
52763  -24.801  -18.476  1.048 0.0000000000
52764  -30.208  -19.710  1.242 0.0000000000
52765  -31.052  -19.922  1.523 0.0000000000
52766  -39.053  -19.325  1.833 0.0000000000
52770  -24.525  -19.018  1.007 0.0000000000
52771  -24.765  -18.976  0.759 0.0000000000
52772  -25.477  -18.808  0.527 0.0000000000
52773  -26.890  -18.835  0.449 0.0000000000
52774  -29.211  -19.524  0.889 0.0000000000
52775  -29.846  -18.800  0.788 0.0000000000
52776  -38.754  -19.697  1.109 0.0000000000
53663  -37.720  -18.197  7.145 0.0000000000
53672  -38.214  -17.947  6.206 0.0000000000
53681  -36.609  -17.835  5.435 0.0000000000
53682  -37.857  -17.817  5.677 0.0000000000
53683  -38.279  -18.016  5.835 0.0000000000
53690  -35.218  -18.381  4.602 0.0000000000
53691  -36.029  -18.461  4.994 0.0000000000
53692  -37.476  -18.255  5.216 0.0000000000
53693  -38.286  -18.337  5.452 0.0000000000
53698  -34.005  -18.690  3.483 0.0000000000
53699  -34.648  -18.546  4.131 0.0000000000
53702  -25.292  -18.125  1.292 0.0000000000
53703  -26.282  -17.942  1.687 0.0000000000
53704  -27.575  -17.924  2.036 0.0000000000
53705  -28.850  -17.959  2.342 0.0000000000
53707  -32.847  -18.903  2.451 0.0000000000
53708  -33.373  -18.361  2.810 0.0000000000
53712  -24.960  -18.176  0.926 0.0000000000
53713  -25.165  -17.531  0.954 0.0000000000
53714  -25.495  -17.035  1.149 0.0000000000
53715  -30.796  -18.890  1.175 0.0000000000
53716  -31.614  -18.504  1.428 0.0000000000
53717  -32.280  -18.226  1.794 0.0000000000
53723  -25.566  -17.841  0.615 0.0000000000
53724  -27.294  -17.981  0.346 0.0000000000
53725  -28.171  -17.550  0.259 0.0000000000
53726  -29.408  -17.962  0.397 0.0000000000
53727  -30.270  -18.060  0.556 0.0000000000
53728  -31.098  -17.917  0.742 0.0000000000
54695  -37.535  -17.003  6.320 0.0000000000
54696  -37.906  -17.415  6.736 0.0000000000
54706  -36.000  -17.274  5.505 0.0000000000
54707  -37.129  -17.333  5.837 0.0000000000
54708  -38.020  -17.597  6.080 0.0000000000
54716  -34.751  -17.741  4.390 0.0000000000
54717  -35.540  -17.868  5.048 0.0000000000
54722  -33.737  -17.779  3.191 0.0000000000
54723  -34.226  -17.998  3.789 0.0000000000
54727  -26.394  -16.848  1.518 0.0000000000
54728  -27.747  -16.740  1.845 0.0000000000
54729  -29.177  -17.070  2.319 0.0000000000
54731  -32.839  -17.908  2.223 0.0000000000
54732  -33.310  -17.591  2.556 0.0000000000
54738  -25.242  -17.313  0.920 0.0000000000
54739  -25.533  -16.571  1.005 0.0000000000
54740  -25.756  -16.201  1.097 0.0000000000
54741  -26.404  -15.826  1.296 0.0000000000
54742  -31.867  -17.539  1.071 0.0000000000
54743  -32.430  -16.861  1.039 0.0000000000
54744  -33.050  -16.965  1.829 0.0000000000
54751  -25.652  -16.951  0.737 0.0000000000
54752  -26.668  -17.011  0.378 0.0000000000
54753  -27.078  -16.243  0.352 0.0000000000
54754  -29.051  -17.164  0.147 0.0000000000
54755  -30.471  -17.257  0.224 0.0000000000
54756  -31.292  -17.082  0.373 0.0000000000
54757  -31.883  -16.811  0.541 0.0000000000
55610  -37.296  -16.330  6.535 0.0000000000
55618  -35.749  -16.687  5.448 0.0000000000
55619  -36.530  -16.637  5.959 0.0000000000
55627  -34.658  -16.911  4.233 0.0000000000
55628  -35.209  -17.036  4.921 0.0000000000
55633  -34.188  -17.139  3.599 0.0000000000
55638  -28.405  -15.934  1.922 0.0000000000
55639  -29.559  -16.208  2.491 0.0000000000
55640  -33.641  -16.916  2.691 0.0000000000
55641  -34.161  -16.204  2.944 0.0000000000
55649  -26.107  -15.676  1.016 0.0000000000
55650  -27.314  -15.635  1.518 0.0000000000
55651  -27.650  -15.058  1.398 0.0000000000
55660  -26.530  -15.378  0.849 0.0000000000
55661  -28.253  -15.422  0.135 0.0000000000
55662  -29.435  -16.383  -0.136 0.0000000000
55663  -30.647  -16.461  -0.167 0.0000000000
55664  -32.273  -16.245  0.282 0.0000000000
55665  -33.009  -16.189  0.935 0.0000000000
55674  -29.041  -15.211  -0.138 0.0000000000
55675  -29.962  -15.509  -0.398 0.0000000000
55676  -30.906  -15.779  -0.451 0.0000000000
56608  -37.208  -15.531  6.638 0.0000000000
56614  -35.932  -15.970  5.644 0.0000000000
56615  -36.429  -15.355  6.072 0.0000000000
56622  -34.947  -16.149  4.323 0.0000000000
56623  -35.493  -15.435  4.796 0.0000000000
56627  -34.699  -15.666  3.381 0.0000000000
56628  -35.149  -15.283  3.876 0.0000000000
56635  -28.782  -15.146  1.918 0.0000000000
56636  -29.189  -14.611  1.659 0.0000000000
56637  -33.707  -15.959  1.853 0.0000000000
56638  -34.543  -15.356  2.357 0.0000000000
56647  -26.640  -15.140  1.009 0.0000000000
56648  -27.243  -14.838  1.033 0.0000000000
56649  -28.146  -14.643  1.255 0.0000000000
56650  -33.560  -15.420  0.735 0.0000000000
56651  -34.311  -15.032  1.331 0.0000000000
56661  -27.348  -14.914  0.752 0.0000000000
56662  -28.428  -14.738  0.366 0.0000000000
56663  -31.505  -16.338  -0.042 0.0000000000
56664  -32.823  -15.607  0.051 0.0000000000
56665  -34.074  -14.650  0.300 0.0000000000
56671  -29.428  -14.535  -0.097 0.0000000000
56672  -30.465  -14.877  -0.575 0.0000000000
56673  -31.720  -15.405  -0.556 0.0000000000
56674  -32.669  -14.911  -0.588 0.0000000000
57515  -37.075  -14.162  6.378 0.0000000000
57526  -36.005  -15.194  5.465 0.0000000000
57527  -36.461  -14.526  5.753 0.0000000000
57538  -35.963  -14.584  4.909 0.0000000000
57539  -36.383  -13.953  5.068 0.0000000000
57555  -35.193  -14.743  2.953 0.0000000000
57566  -30.335  -14.546  2.175 0.0000000000
57569  -35.480  -14.067  2.257 0.0000000000
57577  -28.010  -14.545  0.822 0.0000000000
57578  -29.693  -14.131  1.048 0.0000000000
57579  -30.602  -13.900  1.296 0.0000000000
57580  -35.003  -14.561  1.853 0.0000000000
57581  -35.416  -13.866  1.443 0.0000000000
57588  -28.816  -14.406  0.446 0.0000000000
57589  -29.567  -14.008  0.241 0.0000000000
57590  -35.277  -13.583  0.595 0.0000000000
57591  -30.178  -14.000  -0.282 0.0000000000
57592  -30.920  -14.366  -0.678 0.0000000000
57593  -31.683  -14.246  -0.756 0.0000000000
57594  -33.381  -14.495  -0.472 0.0000000000
57595  -33.982  -14.016  -0.423 0.0000000000
58381  -37.379  -13.396  6.430 0.0000000000
58398  -36.874  -13.540  5.658 0.0000000000
58399  -37.350  -12.893  5.903 0.0000000000
58416  -36.120  -13.860  4.232 0.0000000000
58417  -36.605  -13.259  4.677 0.0000000000
58433  -36.432  -13.117  3.677 0.0000000000
58440  -31.464  -13.716  1.562 0.0000000000
58441  -32.335  -13.539  1.894 0.0000000000
58442  -32.552  -12.726  1.554 0.0000000000
58443  -35.856  -13.420  2.024 0.0000000000
58444  -36.293  -12.931  2.660 0.0000000000
58454  -30.247  -13.613  0.364 0.0000000000
58455  -30.987  -13.259  0.603 0.0000000000
58456  -31.646  -12.849  1.037 0.0000000000
58457  -35.716  -13.167  1.145 0.0000000000
58462  -30.263  -13.596  -0.057 0.0000000000
58463  -30.903  -13.129  -0.009 0.0000000000
58464  -34.969  -13.062  -0.162 0.0000000000
58465  -35.467  -12.944  0.450 0.0000000000
58466  -30.793  -13.626  -0.361 0.0000000000
58467  -32.367  -13.078  -0.500 0.0000000000
58468  -33.394  -13.179  -0.543 0.0000000000
58469  -34.307  -13.430  -0.376 0.0000000000
59304  -37.679  -12.584  6.552 0.0000000000
59318  -37.088  -12.699  5.177 0.0000000000
59319  -37.539  -12.188  5.707 0.0000000000
59333  -36.874  -12.504  4.227 0.0000000000
59334  -37.355  -11.859  4.783 0.0000000000
59343  -33.390  -12.564  2.336 0.0000000000
59344  -34.020  -11.997  2.859 0.0000000000
59345  -36.665  -12.337  3.262 0.0000000000
59356  -32.600  -11.585  1.336 0.0000000000
59357  -33.506  -11.718  2.037 0.0000000000
59358  -36.114  -12.670  1.715 0.0000000000
59359  -36.478  -12.125  2.323 0.0000000000
59366  -31.487  -12.529  0.326 0.0000000000
59367  -31.959  -11.984  0.792 0.0000000000
59368  -35.734  -12.332  0.807 0.0000000000
59369  -36.175  -11.843  1.472 0.0000000000
59370  -31.969  -11.902  0.325 0.0000000000
59371  -32.478  -11.428  0.319 0.0000000000
59372  -34.556  -12.138  -0.187 0.0000000000
59373  -35.251  -12.441  0.145 0.0000000000
59374  -31.598  -12.515  -0.085 0.0000000000
59375  -32.493  -12.164  -0.251 0.0000000000
59376  -33.869  -12.592  -0.418 0.0000000000
60135  -37.898  -11.672  6.297 0.0000000000
60146  -37.755  -11.381  5.499 0.0000000000
60157  -37.089  -11.770  3.809 0.0000000000
60158  -37.630  -11.138  4.835 0.0000000000
60170  -34.351  -11.367  3.307 0.0000000000
60171  -36.803  -11.531  2.911 0.0000000000
60172  -37.211  -11.010  3.540 0.0000000000
60185  -33.075  -11.050  1.593 0.0000000000
60186  -33.789  -11.102  2.320 0.0000000000
60187  -36.544  -11.314  2.037 0.0000000000
60192  -32.292  -11.220  0.787 0.0000000000
60193  -32.486  -10.637  1.077 0.0000000000
60194  -35.740  -11.465  0.792 0.0000000000
60195  -36.184  -11.041  1.316 0.0000000000
60196  -32.892  -10.905  0.357 0.0000000000
60197  -34.081  -11.287  0.058 0.0000000000
60198  -33.314  -11.690  -0.112 0.0000000000
60934  -38.222  -11.104  6.867 0.0000000000
60962  -38.128  -10.818  6.056 0.0000000000
60963  -38.401  -10.229  6.685 0.0000000000
60980  -37.927  -10.593  5.242 0.0000000000
60981  -38.315  -9.850  5.796 0.0000000000
60993  -37.586  -10.532  4.325 0.0000000000
61005  -34.580  -10.529  3.445 0.0000000000
61006  -34.871  -9.859  3.888 0.0000000000
61007  -36.889  -10.635  2.606 0.0000000000
61008  -37.315  -10.206  3.424 0.0000000000
61021  -33.035  -10.347  1.490 0.0000000000
61022  -33.781  -10.166  2.208 0.0000000000
61023  -36.747  -9.843  1.957 0.0000000000
61024  -37.095  -9.875  2.737 0.0000000000
61025  -32.516  -10.603  0.863 0.0000000000
61026  -32.640  -9.866  1.008 0.0000000000
61027  -35.642  -10.651  0.686 0.0000000000
61028  -36.259  -10.234  1.250 0.0000000000
61029  -32.862  -10.116  0.704 0.0000000000
61030  -33.809  -9.847  0.403 0.0000000000
61031  -34.959  -9.957  0.400 0.0000000000
61032  -35.756  -9.719  0.724 0.0000000000
61830  -38.570  -9.349  6.587 0.0000000000
61860  -37.959  -9.786  4.873 0.0000000000
61861  -38.266  -9.048  5.290 0.0000000000
61885  -35.079  -9.055  3.841 0.0000000000
61886  -37.626  -9.666  4.059 0.0000000000
61903  -34.367  -9.470  2.710 0.0000000000
61904  -37.367  -9.447  3.310 0.0000000000
61918  -32.992  -9.676  1.347 0.0000000000
61919  -33.460  -9.365  1.725 0.0000000000
61920  -36.811  -8.886  1.772 0.0000000000
61921  -37.104  -9.191  2.536 0.0000000000
61925  -32.999  -9.030  1.071 0.0000000000
61926  -36.396  -9.364  1.209 0.0000000000
61927  -32.952  -9.314  0.912 0.0000000000
61928  -33.645  -8.998  0.613 0.0000000000
61929  -34.816  -9.044  0.498 0.0000000000
62737  -38.710  -8.490  6.488 0.0000000000
62757  -38.502  -8.321  5.693 0.0000000000
62779  -37.735  -8.254  4.020 0.0000000000
62780  -38.182  -8.276  4.900 0.0000000000
62807  -34.468  -8.477  2.573 0.0000000000
62808  -35.149  -8.143  3.449 0.0000000000
62809  -37.400  -8.691  3.221 0.0000000000
62822  -33.876  -8.009  1.657 0.0000000000
62823  -36.826  -7.939  1.535 0.0000000000
62824  -37.175  -8.353  2.374 0.0000000000
62830  -33.209  -8.554  0.985 0.0000000000
62831  -33.385  -8.168  1.054 0.0000000000
62832  -36.480  -8.510  1.163 0.0000000000
62833  -33.788  -8.155  0.754 0.0000000000
62834  -34.988  -8.090  0.575 0.0000000000
62835  -35.869  -8.812  0.719 0.0000000000
63623  -38.435  -7.531  5.325 0.0000000000
63639  -37.692  -7.452  3.779 0.0000000000
63640  -38.067  -7.491  4.497 0.0000000000
63664  -35.287  -7.431  3.428 0.0000000000
63665  -37.443  -7.006  3.056 0.0000000000
63675  -34.323  -6.665  1.422 0.0000000000
63676  -34.492  -7.508  2.292 0.0000000000
63677  -36.801  -6.948  1.321 0.0000000000
63678  -37.228  -7.456  2.204 0.0000000000
63686  -34.227  -6.711  0.943 0.0000000000
63687  -36.352  -7.316  0.919 0.0000000000
63690  -34.325  -6.766  0.816 0.0000000000
63691  -35.120  -7.187  0.579 0.0000000000
63692  -36.003  -7.904  0.749 0.0000000000
64477  -35.565  -6.686  3.780 0.0000000000
64478  -37.846  -6.639  3.995 0.0000000000
64479  -38.328  -6.770  4.931 0.0000000000
64504  -35.049  -5.508  2.111 0.0000000000
64505  -37.468  -6.106  2.892 0.0000000000
64516  -34.589  -6.003  1.597 0.0000000000
64517  -36.580  -6.050  0.835 0.0000000000
64518  -37.190  -6.526  1.936 0.0000000000
64528  -34.532  -5.919  0.765 0.0000000000
64529  -36.126  -6.386  0.596 0.0000000000
64532  -34.503  -6.164  0.745 0.0000000000
64533  -34.809  -6.301  0.541 0.0000000000
64534  -35.633  -6.706  0.553 0.0000000000
65326  -35.583  -5.805  3.440 0.0000000000
65327  -37.856  -5.652  3.820 0.0000000000
65328  -38.345  -5.126  4.579 0.0000000000
65351  -35.548  -5.190  2.895 0.0000000000
65352  -37.509  -5.260  2.713 0.0000000000
65368  -34.606  -5.296  0.800 0.0000000000
65369  -36.080  -5.357  0.268 0.0000000000
65370  -36.995  -5.589  1.337 0.0000000000
65381  -34.692  -5.735  0.515 0.0000000000
65382  -35.578  -5.554  0.214 0.0000000000
65389  -35.161  -5.897  0.347 0.0000000000
66176  -37.931  -4.793  3.665 0.0000000000
66177  -38.459  -4.246  4.441 0.0000000000
66200  -35.041  -4.764  1.510 0.0000000000
66201  -35.796  -4.144  2.523 0.0000000000
66202  -37.572  -4.493  2.517 0.0000000000
66203  -38.060  -3.955  3.471 0.0000000000
66217  -34.744  -4.455  0.126 0.0000000000
66218  -35.004  -4.000  0.687 0.0000000000
66219  -37.071  -4.318  0.924 0.0000000000
66229  -35.083  -4.104  -0.435 0.0000000000
66230  -36.201  -4.761  0.122 0.0000000000
67026  -38.556  -3.286  4.274 0.0000000000
67046  -36.013  -3.320  2.226 0.0000000000
67047  -37.616  -3.722  2.214 0.0000000000
67048  -38.137  -3.147  3.260 0.0000000000
67063  -34.793  -3.792  -0.198 0.0000000000
67064  -34.971  -3.192  0.153 0.0000000000
67065  -37.069  -3.625  0.537 0.0000000000
67078  -35.053  -3.393  -0.672 0.0000000000
67079  -36.103  -3.272  -0.513 0.0000000000
67086  -35.411  -2.866  -0.881 0.0000000000
67907  -38.773  -2.339  4.369 0.0000000000
67922  -37.683  -2.915  1.885 0.0000000000
67923  -38.342  -2.323  3.260 0.0000000000
67937  -37.474  -2.462  0.681 0.0000000000
67938  -37.960  -2.132  2.114 0.0000000000
67953  -35.212  -2.868  -0.822 0.0000000000
67954  -36.254  -2.667  -0.638 0.0000000000
67963  -35.237  -2.525  -1.096 0.0000000000
68709  -36.518  -1.743  4.073 0.0000000000
68710  -38.668  -1.658  3.886 0.0000000000
68720  -36.512  -1.724  2.863 0.0000000000
68721  -38.380  -1.390  2.843 0.0000000000
68732  -36.108  -1.775  1.185 0.0000000000
68733  -36.845  -2.107  -0.467 0.0000000000
68734  -37.761  -1.697  1.210 0.0000000000
68750  -35.051  -1.954  -0.490 0.0000000000
68751  -34.793  -2.040  -1.184 0.0000000000
69528  -36.561  -1.061  3.992 0.0000000000
69529  -38.862  -0.880  3.947 0.0000000000
69538  -36.527  -0.850  2.638 0.0000000000
69539  -38.600  -0.343  3.118 0.0000000000
69550  -36.066  -1.132  0.781 0.0000000000
69551  -37.397  -1.414  -0.175 0.0000000000
69552  -38.163  -0.831  1.711 0.0000000000
69568  -34.983  -1.451  -0.798 0.0000000000
69569  -36.487  -1.137  -1.109 0.0000000000
69570  -37.923  -0.382  0.556 0.0000000000
69582  -34.922  -1.239  -1.195 0.0000000000
69583  -35.888  -0.819  -1.417 0.0000000000
70406  -36.562  0.123  3.156 0.0000000000
70428  -35.107  -0.923  -0.822 0.0000000000
70429  -37.390  -0.390  -0.774 0.0000000000
70430  -38.152  0.512  0.580 0.0000000000
70441  -34.964  -0.703  -1.313 0.0000000000
70442  -36.958  -0.175  -1.336 0.0000000000
70451  -35.429  -0.500  -1.541 0.0000000000
71236  -36.527  1.457  3.064 0.0000000000
71244  -36.520  1.199  1.861 0.0000000000
71256  -35.591  0.299  -0.572 0.0000000000
71257  -38.445  1.395  1.568 0.0000000000
71273  -37.857  0.932  -0.718 0.0000000000
71274  -38.247  1.295  0.538 0.0000000000
71286  -34.963  0.528  -2.241 0.0000000000
71287  -35.108  0.056  -2.090 0.0000000000
71288  -36.573  0.181  -1.647 0.0000000000
71291  -36.384  0.670  -2.044 0.0000000000
72097  -36.490  2.201  2.465 0.0000000000
72104  -36.378  2.445  1.353 0.0000000000
72105  -38.446  2.189  1.436 0.0000000000
72120  -34.554  0.944  -1.769 0.0000000000
72121  -35.400  1.251  -0.950 0.0000000000
72122  -37.960  1.974  -0.620 0.0000000000
72123  -38.254  2.111  0.396 0.0000000000
72140  -34.464  0.801  -2.192 0.0000000000
72141  -34.521  0.111  -1.978 0.0000000000
72142  -37.547  1.748  -1.581 0.0000000000
72147  -34.549  1.077  -2.481 0.0000000000
72148  -35.600  1.271  -2.526 0.0000000000
72149  -36.688  1.517  -2.350 0.0000000000
72150  -34.039  1.395  -2.998 0.0000000000
72151  -35.439  1.751  -2.848 0.0000000000
72152  -36.443  1.972  -2.651 0.0000000000
72947  -36.231  3.451  1.473 0.0000000000
72956  -35.474  2.294  -0.691 0.0000000000
72957  -36.040  2.511  0.351 0.0000000000
72958  -37.865  2.957  -0.664 0.0000000000
72959  -38.136  3.040  0.256 0.0000000000
72973  -34.590  1.838  -1.777 0.0000000000
72974  -37.593  2.775  -1.624 0.0000000000
72986  -33.417  2.378  -3.115 0.0000000000
72987  -33.504  1.607  -2.956 0.0000000000
72988  -37.187  2.694  -2.420 0.0000000000
72989  -33.751  2.009  -3.244 0.0000000000
72990  -35.344  2.606  -3.282 0.0000000000
72991  -36.604  2.733  -2.936 0.0000000000
72992  -33.561  2.844  -3.214 0.0000000000
72993  -34.681  3.191  -3.466 0.0000000000
72994  -35.820  3.691  -3.625 0.0000000000
73807  -35.791  3.576  0.443 0.0000000000
73808  -37.880  4.022  0.166 0.0000000000
73818  -34.750  3.253  -1.448 0.0000000000
73819  -37.626  3.895  -0.787 0.0000000000
73832  -33.739  2.590  -2.588 0.0000000000
73833  -37.084  4.478  -2.080 0.0000000000
73834  -37.403  3.708  -1.749 0.0000000000
73838  -37.130  3.492  -2.558 0.0000000000
73840  -33.410  3.819  -3.611 0.0000000000
73841  -35.298  4.292  -4.052 0.0000000000
74697  -37.347  4.720  -1.035 0.0000000000
74704  -36.724  5.323  -2.455 0.0000000000
74707  -36.162  4.361  -3.763 0.0000000000
75587  -36.706  6.453  -1.978 0.0000000000
75595  -36.463  6.137  -2.861 0.0000000000
106344  -41.247  -45.356  -2.041 0.0000000000
106366  -39.749  -44.755  -8.262 0.0000000000
106393  -30.934  -28.669  -0.271 0.0000000000
106473  -34.739  -5.230  0.304 0.0000000000
106542  -33.763  -44.364  -5.017 0.0000000000
106747  -34.607  -44.377  -5.077 0.0000000000
106863  -35.669  -44.184  -7.326 0.0000000000
106864  -35.867  -44.423  -6.527 0.0000000000
107019  -36.775  -44.640  -6.310 0.0000000000
107020  -35.581  -44.545  -4.997 0.0000000000
107022  -34.755  -10.760  0.263 0.0000000000
107037  -36.126  0.210  0.359 0.0000000000
107042  -29.626  -24.139  -0.626 0.0000000000
107063  -34.916  -6.724  2.527 0.0000000000
107102  -36.374  1.367  0.968 0.0000000000
107137  -34.239  -7.447  0.739 0.0000000000
107518  -33.631  -10.563  0.290 0.0000000000
107535  -33.806  -7.538  0.978 0.0000000000
107569  -33.972  -47.842  -9.672 0.0000000000
107572  -50.099  -32.546  -7.998 0.0000000000
107589  -42.231  -29.873  -5.926 0.0000000000
107664  -31.784  -24.338  -0.892 0.0000000000
107665  -30.394  -24.162  -0.717 0.0000000000
107703  -41.411  -36.826  -3.818 0.0000000000
107709  -38.463  0.151  2.256 0.0000000000
107910  -35.978  -46.633  -10.640 0.0000000000
107945  -37.810  -16.743  6.811 0.0000000000
107966  -39.762  -22.243  -3.902 0.0000000000
107969  -44.749  -35.112  -7.600 0.0000000000
108004  -30.646  -24.900  -0.876 0.0000000000
108094  -33.901  -7.413  1.208 0.0000000000
108168  -46.065  -46.040  -10.731 0.0000000000
108339  -27.318  -18.832  2.228 0.0000000000
108392  -37.168  -4.911  1.479 0.0000000000
108495  -38.852  -44.581  -8.132 0.0000000000
108509  -36.529  0.468  2.087 0.0000000000
108524  -32.116  -51.030  -8.276 0.0000000000
108607  -36.532  -0.254  4.058 0.0000000000
108620  -44.239  -45.763  -11.089 0.0000000000
108655  -31.831  -48.731  -4.656 0.0000000000
108690  -29.732  -21.894  0.611 0.0000000000
108692  -44.550  -25.692  -6.110 0.0000000000
108808  -35.759  -35.447  -5.783 0.0000000000
108815  -28.983  -21.176  3.913 0.0000000000
108859  -37.567  -44.727  -5.962 0.0000000000
108876  -33.628  -8.686  1.699 0.0000000000
109007  -29.327  -48.488  -6.951 0.0000000000
109137  -32.159  -28.478  -1.978 0.0000000000
109197  -36.030  1.427  0.001 0.0000000000
109319  -38.634  -20.301  -0.442 0.0000000000
109325  -35.976  -38.149  -3.234 0.0000000000
109370  -46.928  -39.463  -8.573 0.0000000000
109383  -38.560  -44.588  -7.245 0.0000000000
109398  -34.852  -14.287  0.912 0.0000000000
109441  -31.050  -26.336  -1.142 0.0000000000
109468  -38.354  -31.457  -4.658 0.0000000000
109579  -50.305  -39.957  -1.758 0.0000000000
109791  -32.097  -21.307  1.632 0.0000000000
109915  -34.099  1.351  -2.599 0.0000000000
109967  -34.127  -37.543  -4.797 0.0000000000
109970  -34.497  -16.415  3.716 0.0000000000
110019  -37.113  -3.060  0.226 0.0000000000
110025  -26.116  -22.207  2.851 0.0000000000
110088  -38.892  -30.832  -4.682 0.0000000000
110141  -41.496  -40.979  -5.151 0.0000000000
110151  -45.926  -51.462  -12.096 0.0000000000
110183  -37.426  -7.870  3.145 0.0000000000
110258  -35.399  -33.276  -4.715 0.0000000000
110285  -38.510  -9.021  5.953 0.0000000000
110301  -36.441  5.098  -3.411 0.0000000000
110351  -39.198  -18.909  4.081 0.0000000000
110353  -45.588  -33.028  -4.015 0.0000000000
110417  -35.897  -44.509  -4.228 0.0000000000
110456  -49.678  -40.479  -9.536 0.0000000000
110474  -31.688  -46.862  -6.554 0.0000000000
110551  -27.793  -50.257  -5.565 0.0000000000
110589  -36.074  -3.949  -0.325 0.0000000000
110636  -26.323  -26.213  -0.142 0.0000000000
110648  -37.527  -35.920  -4.618 0.0000000000
110728  -41.323  -25.231  -5.451 0.0000000000
110766  -41.185  -44.112  -0.414 0.0000000000
110877  -41.049  -31.422  -5.520 0.0000000000
110928  -34.993  -0.385  -1.504 0.0000000000
110975  -52.108  -38.757  -9.226 0.0000000000
110983  -28.208  -18.744  0.524 0.0000000000
110985  -36.463  -0.340  1.885 0.0000000000
111046  -34.162  -43.956  -1.936 0.0000000000
111108  -49.302  -44.223  -7.635 0.0000000000
111167  -28.795  -14.339  0.876 0.0000000000
111196  -36.053  -45.091  -9.837 0.0000000000
111306  -32.999  -29.988  -3.116 0.0000000000
111341  -37.067  -24.575  -2.156 0.0000000000
111363  -47.947  -41.161  -9.555 0.0000000000
111515  -35.398  -16.287  5.072 0.0000000000
111584  -42.837  -45.631  -10.478 0.0000000000
111666  -47.304  -31.846  -5.234 0.0000000000
111698  -36.980  -44.288  -9.271 0.0000000000
111708  -25.607  -53.241  -5.532 0.0000000000
111873  -47.295  -41.244  -9.545 0.0000000000
111937  -24.406  -19.684  0.846 0.0000000000
111952  -41.642  -40.907  -5.863 0.0000000000
112006  -26.585  -54.631  -4.219 0.0000000000
112018  -45.069  -48.108  -11.281 0.0000000000
112138  -47.833  -41.802  -9.668 0.0000000000
112189  -48.769  -42.018  -9.639 0.0000000000
112389  -35.825  -13.781  3.108 0.0000000000
112421  -28.237  -16.382  0.116 0.0000000000
112427  -27.136  -20.803  0.533 0.0000000000
112432  -44.979  -35.811  -7.604 0.0000000000
112490  -40.239  -38.086  -2.288 0.0000000000
112496  -41.502  -39.074  -3.746 0.0000000000
112832  -46.154  -41.851  -9.667 0.0000000000
112898  -33.760  -23.004  -1.338 0.0000000000
112900  -34.423  -30.526  -2.969 0.0000000000
112975  -32.490  -13.975  -0.749 0.0000000000
113122  -48.234  -30.357  -7.427 0.0000000000
113173  -37.130  -32.546  -4.578 0.0000000000
113193  -46.763  -33.142  -5.163 0.0000000000
113310  -38.653  -18.761  4.776 0.0000000000
113355  -38.286  -5.980  4.685 0.0000000000
113464  -28.139  -20.732  0.707 0.0000000000
113481  -46.941  -49.445  -11.545 0.0000000000
113509  -38.855  -48.760  -11.345 0.0000000000
113536  -43.089  -31.954  -1.226 0.0000000000
113604  -36.036  -2.507  1.545 0.0000000000
113622  -49.990  -46.335  -9.282 0.0000000000
113632  -45.251  -49.098  -11.652 0.0000000000
113733  -37.610  -9.012  3.844 0.0000000000
113801  -32.604  -45.129  -9.258 0.0000000000
113851  -46.963  -46.254  -6.613 0.0000000000
113916  -51.467  -38.514  -9.418 0.0000000000
114072  -42.235  -41.046  -6.969 0.0000000000
114074  -39.176  -29.357  -4.508 0.0000000000
114112  -45.865  -33.510  -7.774 0.0000000000
114192  -42.255  -41.918  -6.774 0.0000000000
114227  -31.382  -47.378  -9.700 0.0000000000
114293  -41.596  -44.827  -1.513 0.0000000000
114337  -42.186  -24.017  -5.141 0.0000000000
114423  -36.511  0.860  3.447 0.0000000000
114451  -43.354  -39.107  -7.872 0.0000000000
114496  -36.317  -47.972  -11.161 0.0000000000
114518  -26.644  -21.790  0.434 0.0000000000
114573  -35.098  -2.444  0.004 0.0000000000
114592  -47.075  -43.909  -7.279 0.0000000000
114646  -46.938  -41.821  -9.694 0.0000000000
114683  -41.155  -40.043  -2.639 0.0000000000
114705  -40.346  -25.492  -4.983 0.0000000000
114706  -46.197  -33.128  -4.618 0.0000000000
114707  -33.187  -37.483  -1.379 0.0000000000
114719  -41.737  -31.634  -5.587 0.0000000000
114763  -40.367  -26.937  -2.435 0.0000000000
114764  -42.425  -24.955  -5.682 0.0000000000
114780  -21.395  -52.876  -9.746 0.0000000000
114870  -42.572  -32.885  -5.458 0.0000000000
114892  -50.925  -35.800  -7.676 0.0000000000
114896  -35.565  -14.568  3.983 0.0000000000
114971  -32.176  -19.201  1.985 0.0000000000
114992  -33.521  -19.194  2.933 0.0000000000
115010  -25.974  -16.084  0.820 0.0000000000
115018  -29.805  -50.668  -4.507 0.0000000000
115024  -39.514  -25.633  -4.474 0.0000000000
115025  -41.140  -34.011  -4.278 0.0000000000
115031  -38.717  -20.939  -0.135 0.0000000000
115052  -43.614  -50.700  -12.830 0.0000000000
115144  -36.064  4.946  -4.025 0.0000000000
115191  -28.855  -21.591  0.594 0.0000000000
115192  -42.709  -45.573  -3.376 0.0000000000
115205  -48.985  -31.764  -6.451 0.0000000000
115233  -45.132  -31.750  -3.583 0.0000000000
115257  -37.901  -9.007  4.512 0.0000000000
115258  -42.354  -31.526  -5.777 0.0000000000
115265  -46.257  -43.736  -6.822 0.0000000000
115270  -42.764  -27.898  -4.179 0.0000000000
115324  -51.476  -45.469  -8.490 0.0000000000
115327  -47.985  -34.083  -6.251 0.0000000000
115564  -44.914  -47.242  -11.118 0.0000000000
115653  -43.806  -31.745  -6.407 0.0000000000
115697  -45.845  -35.754  -7.649 0.0000000000
115758  -35.178  -11.671  0.222 0.0000000000
115775  -44.386  -46.366  -5.403 0.0000000000
115856  -51.705  -45.526  -8.071 0.0000000000
115974  -24.381  -20.976  2.345 0.0000000000
116004  -27.813  -21.701  0.459 0.0000000000
116063  -34.118  -36.239  -1.390 0.0000000000
116121  -45.901  -31.884  -7.454 0.0000000000
116144  -30.423  -25.855  -1.102 0.0000000000
116145  -36.568  -15.958  6.218 0.0000000000
116258  -35.778  -1.781  -1.158 0.0000000000
116264  -36.408  -20.353  2.670 0.0000000000
116265  -39.905  -45.425  -1.220 0.0000000000
116315  -38.418  0.685  1.716 0.0000000000
116353  -38.271  -25.679  -3.462 0.0000000000
116423  -41.590  -38.846  -4.522 0.0000000000
116467  -43.340  -42.079  -7.998 0.0000000000
116663  -48.213  -49.814  -10.740 0.0000000000
116704  -48.267  -45.405  -7.282 0.0000000000
116764  -46.715  -33.041  -8.042 0.0000000000
116834  -32.683  -48.252  -9.089 0.0000000000
116842  -42.218  -38.784  -7.110 0.0000000000
116850  -47.129  -47.656  -10.700 0.0000000000
116866  -25.677  -21.177  2.713 0.0000000000
116883  -37.025  5.722  -1.313 0.0000000000
116948  -37.212  -41.279  0.150 0.0000000000
116966  -36.028  -0.526  0.455 0.0000000000
116968  -41.815  -36.910  -4.566 0.0000000000
117072  -35.172  -4.798  -0.115 0.0000000000
117105  -46.652  -31.829  -4.759 0.0000000000
117119  -39.101  -20.883  -2.288 0.0000000000
117196  -46.855  -45.860  -10.413 0.0000000000
117308  -42.113  -40.260  -6.956 0.0000000000
117310  -38.380  3.045  1.216 0.0000000000
117431  -34.777  -2.615  -0.867 0.0000000000
117449  -39.891  -35.500  -3.239 0.0000000000
117450  -49.916  -38.824  -9.386 0.0000000000
117457  -34.248  -10.837  2.798 0.0000000000
117520  -31.509  -13.293  -0.444 0.0000000000
117590  -41.647  -39.002  -5.206 0.0000000000
117652  -46.699  -31.411  -7.673 0.0000000000
117664  -29.897  -50.967  -7.787 0.0000000000
117742  -48.416  -32.385  -8.260 0.0000000000
117797  -28.791  -50.841  -7.877 0.0000000000
117926  -37.917  -19.235  6.302 0.0000000000
117938  -27.160  -53.393  -8.413 0.0000000000
118013  -36.641  3.931  -3.190 0.0000000000
118023  -48.756  -35.475  -8.435 0.0000000000
118029  -46.724  -35.741  -7.716 0.0000000000
118051  -37.859  4.862  0.492 0.0000000000
118152  -42.137  -27.622  -3.755 0.0000000000
118155  -38.849  -40.428  -1.030 0.0000000000
118164  -47.365  -37.926  -7.875 0.0000000000
118178  -36.002  -21.419  -0.648 0.0000000000
118225  -32.783  -21.678  1.588 0.0000000000
118238  -50.067  -35.476  -8.883 0.0000000000
118259  -42.738  -38.888  -7.650 0.0000000000
118349  -25.137  -19.679  0.498 0.0000000000
118363  -37.601  4.792  -0.142 0.0000000000
118392  -47.622  -35.677  -7.946 0.0000000000
118394  -47.597  -32.681  -8.224 0.0000000000
118406  -44.460  -40.097  -8.502 0.0000000000
118512  -39.064  -26.441  -4.233 0.0000000000
118516  -49.761  -34.921  -7.100 0.0000000000
118535  -51.285  -35.651  -9.234 0.0000000000
118711  -37.024  -26.901  -1.889 0.0000000000
118809  -48.584  -48.386  -10.267 0.0000000000
118816  -26.696  -15.194  1.117 0.0000000000
118828  -33.895  1.902  -2.460 0.0000000000
118832  -39.746  -49.555  -11.774 0.0000000000
118846  -24.561  -54.246  -7.340 0.0000000000
118877  -45.075  -45.521  -10.999 0.0000000000
118951  -50.994  -40.583  -6.527 0.0000000000
118959  -37.482  1.009  -1.469 0.0000000000
118978  -37.792  -16.159  7.107 0.0000000000
119176  -50.761  -38.850  -9.472 0.0000000000
119187  -34.979  -0.517  -1.013 0.0000000000
119331  -25.081  -53.125  -6.876 0.0000000000
119439  -40.156  -47.095  -10.548 0.0000000000
119515  -35.660  -21.827  -1.207 0.0000000000
119531  -49.998  -35.695  -7.274 0.0000000000
119641  -37.390  -37.630  -3.324 0.0000000000
119719  -45.641  -49.165  -9.134 0.0000000000
119746  -24.675  -53.492  -10.365 0.0000000000
119961  -39.959  -21.466  -3.185 0.0000000000
119979  -42.375  -32.725  1.235 0.0000000000
120089  -52.642  -43.315  -8.826 0.0000000000
120105  -34.198  3.640  -3.707 0.0000000000
120107  -34.987  -19.577  3.839 0.0000000000
120231  -50.988  -35.320  -9.268 0.0000000000
120243  -45.639  -31.776  -4.023 0.0000000000
120255  -46.915  -50.381  -9.963 0.0000000000
120272  -25.873  -20.737  0.421 0.0000000000
120327  -37.382  -49.815  -12.064 0.0000000000
120469  -44.216  -37.724  -7.570 0.0000000000
120491  -38.923  -20.947  -1.122 0.0000000000
120551  -31.281  -48.106  -9.352 0.0000000000
120577  -40.658  -32.088  -5.420 0.0000000000
120689  -36.481  -7.947  1.116 0.0000000000
120767  -23.568  -54.388  -8.604 0.0000000000
120840  -44.802  -49.120  -9.175 0.0000000000
120862  -52.514  -39.733  -7.310 0.0000000000
120864  -37.680  -50.886  -12.897 0.0000000000
120987  -45.907  -42.348  -9.845 0.0000000000
121003  -43.045  -50.179  -12.017 0.0000000000
121014  -48.527  -46.767  -7.232 0.0000000000
121257  -32.917  -13.242  2.334 0.0000000000
121282  -30.004  -15.283  2.669 0.0000000000
121393  -32.488  -17.478  1.583 0.0000000000
121521  -37.518  -24.903  -2.664 0.0000000000
121817  -34.427  -46.875  -10.336 0.0000000000
121856  -37.768  -22.253  -2.700 0.0000000000
121910  -39.665  -26.704  -1.833 0.0000000000
121924  -36.852  -14.845  6.400 0.0000000000
121938  -42.439  -34.939  -4.965 0.0000000000
122011  -29.907  -25.825  1.047 0.0000000000
122072  -42.459  -32.231  -0.297 0.0000000000
122135  -26.305  -17.660  0.409 0.0000000000
122186  -42.388  -33.947  2.186 0.0000000000
122236  -33.363  -15.085  -0.083 0.0000000000
122266  -43.094  -31.543  -2.434 0.0000000000
122293  -29.029  -18.558  0.545 0.0000000000
122298  -40.598  -31.391  -0.733 0.0000000000
122369  -48.940  -33.764  -6.562 0.0000000000
122388  -28.750  -19.994  2.990 0.0000000000
122391  -35.373  -11.171  0.471 0.0000000000
122439  -41.807  -32.429  1.372 0.0000000000
122449  -26.013  -23.893  0.348 0.0000000000
122499  -50.819  -40.467  -5.871 0.0000000000
122501  -24.018  -20.482  0.933 0.0000000000
122513  -31.131  -14.253  2.118 0.0000000000
122578  -26.527  -53.928  -9.579 0.0000000000
122579  -33.184  -19.488  2.638 0.0000000000
122641  -34.163  -33.087  -4.637 0.0000000000
122646  -39.592  -27.984  -4.703 0.0000000000
122683  -38.600  -20.592  -1.908 0.0000000000
122684  -34.690  -13.892  0.067 0.0000000000
122698  -52.363  -43.313  -9.166 0.0000000000
122786  -45.387  -49.819  -12.103 0.0000000000
122838  -42.079  -32.411  0.780 0.0000000000
122993  -35.009  0.241  -1.304 0.0000000000
123032  -36.538  -10.624  1.808 0.0000000000
123069  -35.790  -45.864  -10.243 0.0000000000
123114  -30.758  -22.622  0.075 0.0000000000
123154  -49.743  -47.870  -8.066 0.0000000000
123223  -45.999  -28.949  -7.415 0.0000000000
123343  -27.329  -51.288  -7.710 0.0000000000
123427  -27.891  -23.359  0.047 0.0000000000
123689  -29.502  -21.569  4.355 0.0000000000
123802  -37.984  -38.922  -1.719 0.0000000000
123834  -48.574  -47.747  -10.070 0.0000000000
123835  -52.178  -39.899  -6.297 0.0000000000
123843  -38.601  -19.242  2.294 0.0000000000
123896  -36.442  -40.914  1.474 0.0000000000
123910  -46.388  -44.602  -6.571 0.0000000000
123917  -35.343  3.119  -0.677 0.0000000000
123973  -33.190  -44.683  -5.307 0.0000000000
124014  -37.855  0.420  -0.362 0.0000000000
124027  -33.245  -22.481  0.036 0.0000000000
124273  -48.458  -30.207  -7.154 0.0000000000
124276  -36.674  -44.554  -4.102 0.0000000000
124369  -26.321  -52.054  -4.677 0.0000000000
124411  -27.377  -15.519  0.425 0.0000000000
124473  -33.631  -44.632  -0.751 0.0000000000
124476  -37.173  -34.732  -5.613 0.0000000000
124510  -26.292  -50.711  -6.884 0.0000000000
124596  -37.767  -20.064  -0.796 0.0000000000
124729  -31.568  -19.477  1.653 0.0000000000
124745  -48.606  -31.200  -6.265 0.0000000000
124855  -42.700  -36.046  -5.859 0.0000000000
124883  -35.778  -4.714  3.080 0.0000000000
124914  -36.659  -22.174  -1.813 0.0000000000
124945  -33.180  -13.785  -0.643 0.0000000000
125006  -33.318  -44.791  -4.537 0.0000000000
125031  -45.174  -48.629  -8.806 0.0000000000
125173  -31.633  -49.311  -4.278 0.0000000000
125275  -47.748  -49.286  -11.181 0.0000000000
125370  -34.300  -43.758  -0.821 0.0000000000
125375  -37.237  -26.178  -2.258 0.0000000000
125393  -37.359  -41.673  -0.299 0.0000000000
125489  -37.389  -11.276  4.255 0.0000000000
125543  -41.017  -30.676  -5.543 0.0000000000
125585  -25.841  -54.038  -9.140 0.0000000000
125608  -49.708  -34.853  -8.703 0.0000000000
125644  -45.111  -32.877  -3.481 0.0000000000
125674  -35.447  -38.164  -0.737 0.0000000000
125699  -39.765  -18.945  3.082 0.0000000000
125716  -38.473  -2.763  3.859 0.0000000000
125918  -49.325  -31.076  -7.002 0.0000000000
125927  -36.932  -44.750  -5.574 0.0000000000
126065  -26.085  -22.779  0.467 0.0000000000
126159  -35.210  -6.143  2.728 0.0000000000
126165  -35.442  -46.989  -10.672 0.0000000000
126200  -51.970  -37.204  -8.764 0.0000000000
126260  -31.736  -25.731  -0.813 0.0000000000
126409  -44.282  -33.813  -2.685 0.0000000000
126558  -38.432  -28.483  -3.752 0.0000000000
126635  -44.233  -31.144  -6.663 0.0000000000
126716  -51.618  -44.888  -7.771 0.0000000000
126734  -43.206  -34.761  -5.939 0.0000000000
126738  -43.328  -37.006  -7.421 0.0000000000
126774  -30.278  -30.100  -2.302 0.0000000000
126778  -43.675  -37.934  -7.612 0.0000000000
126802  -42.841  -32.554  -0.106 0.0000000000
126875  -44.706  -46.058  -11.119 0.0000000000
126936  -32.005  -48.003  -9.385 0.0000000000
126948  -48.107  -49.662  -11.042 0.0000000000
127006  -44.525  -31.881  -6.745 0.0000000000
127028  -30.532  -23.389  4.336 0.0000000000
127120  -52.169  -44.572  -8.270 0.0000000000
127155  -33.752  -28.552  -1.407 0.0000000000
127351  -46.394  -39.559  -8.489 0.0000000000
127400  -43.148  -32.883  -5.797 0.0000000000
127449  -34.059  -43.982  -6.800 0.0000000000
127465  -28.146  -27.147  -0.248 0.0000000000
127474  -41.998  -43.326  -6.770 0.0000000000
127500  -41.404  -25.311  -3.291 0.0000000000
127519  -34.350  -9.482  0.432 0.0000000000
127544  -47.323  -34.356  -5.996 0.0000000000
127551  -32.885  -37.227  -1.096 0.0000000000
127808  -38.795  -34.961  -3.932 0.0000000000
127836  -35.885  -7.286  0.662 0.0000000000
127883  -31.590  -20.116  1.699 0.0000000000
127927  -35.595  -2.236  -1.107 0.0000000000
127961  -41.902  -40.769  -6.479 0.0000000000
127996  -47.014  -48.059  -8.073 0.0000000000
128006  -35.935  -21.279  0.809 0.0000000000
128064  -40.476  -31.567  -5.461 0.0000000000
128261  -50.061  -47.312  -7.729 0.0000000000
128302  -46.363  -45.516  -10.570 0.0000000000
128315  -39.315  -22.770  -1.500 0.0000000000
128352  -37.943  -35.335  -4.650 0.0000000000
128363  -41.112  -43.660  -6.433 0.0000000000
128421  -25.478  -54.805  -5.813 0.0000000000
128451  -38.676  -41.743  -1.150 0.0000000000
128521  -39.181  -35.708  -3.188 0.0000000000
128542  -44.013  -44.052  -9.338 0.0000000000
128543  -43.932  -48.947  -11.405 0.0000000000
128547  -33.416  -8.107  1.004 0.0000000000
128556  -34.329  -22.908  -1.328 0.0000000000
128570  -38.752  -47.842  -10.813 0.0000000000
128649  -40.794  -40.088  -2.222 0.0000000000
128668  -32.488  -11.020  0.614 0.0000000000
128677  -33.232  -37.661  -0.058 0.0000000000
128753  -44.866  -42.468  -9.529 0.0000000000
128824  -29.767  -17.387  0.226 0.0000000000
128862  -50.226  -47.012  -9.040 0.0000000000
128873  -44.385  -46.040  -4.906 0.0000000000
128902  -36.017  -42.380  0.119 0.0000000000
