#!ascii label , from subject sub-01 vox2ras=TkReg rh ROI=MOG coords=white drawn-with=delineation-helper-0.1.0
2371
1277  25.184  -76.342  -1.167 0.0000000000
1285  25.748  -76.374  -1.659 0.0000000000
1295  26.192  -76.289  -2.534 0.0000000000
1296  25.486  -76.539  -2.399 0.0000000000
1297  24.972  -76.515  -2.879 0.0000000000
1310  25.652  -76.470  -3.126 0.0000000000
1311  25.186  -76.548  -3.624 0.0000000000
1312  24.882  -76.460  -3.793 0.0000000000
1320  25.130  -76.494  -4.476 0.0000000000
1331  25.270  -76.377  -5.311 0.0000000000
1332  24.669  -76.444  -5.287 0.0000000000
1333  24.327  -76.465  -5.931 0.0000000000
1340  25.009  -76.462  -6.058 0.0000000000
1341  24.387  -76.475  -6.639 0.0000000000
1716  25.160  -75.632  1.098 0.0000000000
1727  25.600  -75.685  0.106 0.0000000000
1728  25.167  -75.820  0.390 0.0000000000
1729  24.960  -75.762  0.608 0.0000000000
1737  26.168  -75.974  -1.060 0.0000000000
1738  25.389  -76.084  -0.623 0.0000000000
1739  24.958  -76.033  -0.299 0.0000000000
1747  27.480  -75.318  -2.144 0.0000000000
1748  26.663  -75.953  -1.971 0.0000000000
1749  24.885  -76.251  -1.314 0.0000000000
1760  26.825  -75.686  -2.643 0.0000000000
1761  24.478  -75.887  -2.724 0.0000000000
1773  26.306  -76.041  -3.327 0.0000000000
1774  25.746  -76.267  -3.942 0.0000000000
1775  24.524  -76.142  -3.614 0.0000000000
1789  26.128  -75.728  -4.092 0.0000000000
1790  25.710  -76.071  -4.892 0.0000000000
1791  24.498  -76.237  -4.540 0.0000000000
1792  23.827  -75.749  -4.882 0.0000000000
1806  25.565  -76.053  -5.705 0.0000000000
1807  24.090  -76.250  -5.451 0.0000000000
1808  23.414  -75.626  -5.696 0.0000000000
1815  25.423  -75.974  -6.502 0.0000000000
1816  25.007  -76.278  -6.824 0.0000000000
1817  23.834  -76.315  -6.267 0.0000000000
1818  23.209  -75.774  -6.647 0.0000000000
1828  25.242  -75.902  -7.180 0.0000000000
1829  24.674  -76.190  -7.519 0.0000000000
1830  23.783  -76.339  -7.170 0.0000000000
1831  23.071  -75.849  -7.669 0.0000000000
1842  24.645  -75.279  -9.159 0.0000000000
1843  24.201  -75.807  -8.717 0.0000000000
1844  23.519  -75.803  -8.581 0.0000000000
1855  24.099  -75.556  -9.186 0.0000000000
1869  19.898  -76.007  -12.219 0.0000000000
1882  20.794  -75.559  -12.807 0.0000000000
1883  19.988  -76.102  -12.604 0.0000000000
1888  20.867  -75.123  -13.944 0.0000000000
1889  20.192  -75.587  -13.762 0.0000000000
1897  19.650  -75.361  -14.376 0.0000000000
2281  26.289  -75.309  1.900 0.0000000000
2282  25.584  -75.437  1.485 0.0000000000
2283  25.082  -75.300  1.501 0.0000000000
2284  24.450  -74.641  1.260 0.0000000000
2296  25.961  -75.467  1.105 0.0000000000
2297  24.720  -75.372  1.034 0.0000000000
2298  24.168  -74.640  0.693 0.0000000000
2306  27.231  -74.727  -0.964 0.0000000000
2307  26.336  -75.324  -0.360 0.0000000000
2308  24.576  -75.392  0.272 0.0000000000
2309  24.063  -74.673  -0.099 0.0000000000
2318  28.765  -74.507  -2.003 0.0000000000
2319  28.091  -74.947  -1.888 0.0000000000
2320  27.063  -75.419  -1.580 0.0000000000
2321  24.460  -75.662  -1.832 0.0000000000
2328  28.206  -74.841  -2.078 0.0000000000
2329  27.467  -75.053  -2.563 0.0000000000
2330  24.025  -74.945  -2.466 0.0000000000
2335  26.650  -75.432  -3.306 0.0000000000
2336  26.312  -75.064  -4.042 0.0000000000
2337  23.970  -75.240  -3.478 0.0000000000
2338  23.417  -74.430  -3.836 0.0000000000
2345  25.938  -75.376  -4.987 0.0000000000
2346  23.603  -75.098  -4.346 0.0000000000
2347  22.987  -74.266  -4.598 0.0000000000
2360  25.707  -75.422  -5.972 0.0000000000
2361  23.325  -75.088  -5.001 0.0000000000
2362  22.864  -74.700  -5.433 0.0000000000
2372  25.529  -75.383  -6.956 0.0000000000
2373  25.481  -74.789  -7.349 0.0000000000
2374  22.471  -74.954  -6.832 0.0000000000
2375  21.855  -74.333  -7.261 0.0000000000
2382  25.293  -75.450  -7.857 0.0000000000
2383  21.895  -74.635  -8.050 0.0000000000
2392  25.203  -74.928  -8.867 0.0000000000
2393  22.665  -75.379  -8.403 0.0000000000
2394  22.179  -74.707  -8.981 0.0000000000
2404  24.864  -74.619  -9.712 0.0000000000
2405  24.441  -75.009  -9.828 0.0000000000
2406  23.397  -75.227  -9.491 0.0000000000
2407  22.610  -74.454  -10.240 0.0000000000
2416  24.579  -74.372  -10.519 0.0000000000
2417  24.193  -74.276  -11.518 0.0000000000
2418  23.676  -74.527  -11.740 0.0000000000
2419  22.454  -74.343  -11.100 0.0000000000
2427  23.714  -74.229  -12.618 0.0000000000
2428  23.465  -74.433  -12.482 0.0000000000
2429  22.156  -74.827  -12.424 0.0000000000
2430  20.544  -75.235  -12.116 0.0000000000
2438  23.302  -74.338  -12.896 0.0000000000
2439  22.833  -74.588  -12.815 0.0000000000
2440  21.890  -74.964  -13.114 0.0000000000
2443  22.642  -74.351  -13.326 0.0000000000
2444  21.525  -74.556  -13.902 0.0000000000
2452  20.719  -74.651  -14.340 0.0000000000
2453  20.192  -74.961  -14.462 0.0000000000
2454  19.284  -74.868  -15.045 0.0000000000
2455  18.482  -74.876  -15.604 0.0000000000
2456  17.745  -74.717  -15.964 0.0000000000
2464  17.976  -75.064  -16.083 0.0000000000
2465  17.192  -75.026  -16.457 0.0000000000
2466  16.036  -74.609  -16.954 0.0000000000
2911  29.405  -74.998  2.867 0.0000000000
2912  28.818  -75.168  2.884 0.0000000000
2913  28.248  -75.199  3.047 0.0000000000
2914  27.696  -75.183  2.792 0.0000000000
2922  28.035  -75.212  2.712 0.0000000000
2923  26.278  -74.816  2.264 0.0000000000
2924  25.207  -74.184  1.819 0.0000000000
2925  24.239  -73.720  1.458 0.0000000000
2935  27.596  -75.014  1.874 0.0000000000
2936  26.737  -75.217  1.719 0.0000000000
2937  23.633  -73.740  0.983 0.0000000000
2938  23.150  -73.272  0.527 0.0000000000
2944  28.726  -73.906  -1.480 0.0000000000
2945  27.447  -73.679  -0.408 0.0000000000
2946  26.435  -74.951  0.449 0.0000000000
2947  23.582  -73.926  0.200 0.0000000000
2948  23.050  -73.274  -0.299 0.0000000000
2952  29.747  -73.748  -2.075 0.0000000000
2953  29.254  -74.153  -1.952 0.0000000000
2954  28.501  -74.420  -1.720 0.0000000000
2955  23.649  -74.139  -0.896 0.0000000000
2956  22.970  -73.143  -1.465 0.0000000000
2963  29.291  -74.111  -2.089 0.0000000000
2964  28.451  -74.471  -2.282 0.0000000000
2965  26.781  -74.778  -3.221 0.0000000000
2966  26.486  -73.852  -3.085 0.0000000000
2967  23.518  -74.199  -3.037 0.0000000000
2968  23.024  -73.300  -2.619 0.0000000000
2974  26.049  -74.063  -3.660 0.0000000000
2975  22.902  -73.536  -3.694 0.0000000000
2979  25.735  -74.350  -4.543 0.0000000000
2980  25.088  -73.567  -4.952 0.0000000000
2981  22.431  -73.330  -4.533 0.0000000000
2982  22.078  -73.139  -5.118 0.0000000000
2992  25.549  -74.495  -5.526 0.0000000000
2993  24.909  -73.631  -6.018 0.0000000000
2994  22.433  -73.845  -5.232 0.0000000000
2995  21.954  -73.480  -5.738 0.0000000000
3005  25.471  -74.626  -6.529 0.0000000000
3006  25.155  -74.039  -7.129 0.0000000000
3007  22.383  -74.316  -5.965 0.0000000000
3008  21.899  -73.921  -6.489 0.0000000000
3009  21.350  -73.504  -6.948 0.0000000000
3018  25.332  -74.499  -8.009 0.0000000000
3019  21.357  -73.838  -7.661 0.0000000000
3020  20.945  -73.214  -7.387 0.0000000000
3028  25.095  -74.238  -9.438 0.0000000000
3029  21.515  -73.896  -9.424 0.0000000000
3030  20.787  -73.385  -8.854 0.0000000000
3040  24.876  -74.207  -10.266 0.0000000000
3041  21.627  -73.857  -10.315 0.0000000000
3042  20.847  -73.356  -9.856 0.0000000000
3048  24.522  -74.126  -11.123 0.0000000000
3059  24.108  -74.144  -12.092 0.0000000000
3060  21.098  -74.358  -11.724 0.0000000000
3070  23.784  -74.049  -12.683 0.0000000000
3071  23.388  -74.146  -13.066 0.0000000000
3072  22.729  -73.805  -13.428 0.0000000000
3078  22.139  -74.049  -13.825 0.0000000000
3079  20.701  -74.141  -14.382 0.0000000000
3080  19.676  -73.724  -14.398 0.0000000000
3081  18.495  -73.605  -14.429 0.0000000000
3082  17.278  -73.501  -14.385 0.0000000000
3083  16.042  -73.362  -14.460 0.0000000000
3084  15.220  -72.729  -14.250 0.0000000000
3089  19.987  -74.490  -14.673 0.0000000000
3090  19.089  -74.447  -15.025 0.0000000000
3091  18.173  -74.256  -15.318 0.0000000000
3092  16.288  -74.155  -15.798 0.0000000000
3093  15.158  -73.183  -14.991 0.0000000000
3100  15.159  -73.456  -15.994 0.0000000000
3107  15.230  -73.465  -16.799 0.0000000000
3114  15.505  -73.921  -17.901 0.0000000000
3582  31.044  -73.887  3.086 0.0000000000
3589  30.105  -74.535  3.028 0.0000000000
3590  29.040  -75.016  3.107 0.0000000000
3591  27.481  -74.442  2.862 0.0000000000
3594  30.797  -74.090  2.842 0.0000000000
3595  30.056  -74.536  2.781 0.0000000000
3596  29.361  -74.509  2.205 0.0000000000
3597  28.490  -74.881  2.091 0.0000000000
3598  26.604  -73.745  2.394 0.0000000000
3599  25.636  -73.318  1.891 0.0000000000
3600  23.454  -73.060  1.263 0.0000000000
3601  23.041  -72.389  1.264 0.0000000000
3612  28.162  -72.814  0.995 0.0000000000
3613  22.677  -72.645  0.344 0.0000000000
3620  28.012  -72.932  -0.646 0.0000000000
3621  22.571  -72.578  -0.622 0.0000000000
3625  30.610  -72.614  -2.273 0.0000000000
3626  30.060  -73.209  -1.870 0.0000000000
3627  29.345  -73.626  -1.677 0.0000000000
3628  22.449  -72.371  -1.411 0.0000000000
3633  30.169  -73.236  -2.333 0.0000000000
3634  29.747  -73.637  -2.428 0.0000000000
3635  28.984  -73.812  -2.558 0.0000000000
3636  27.810  -73.516  -2.687 0.0000000000
3637  26.672  -73.115  -2.739 0.0000000000
3638  22.525  -72.509  -2.231 0.0000000000
3639  22.121  -71.944  -2.804 0.0000000000
3645  30.646  -72.669  -2.802 0.0000000000
3646  25.750  -72.940  -3.119 0.0000000000
3647  25.001  -72.308  -3.537 0.0000000000
3648  22.507  -72.677  -3.168 0.0000000000
3649  22.007  -72.160  -3.680 0.0000000000
3654  25.331  -73.307  -3.991 0.0000000000
3655  24.710  -72.618  -4.428 0.0000000000
3656  22.362  -72.812  -3.933 0.0000000000
3657  21.883  -72.532  -4.576 0.0000000000
3658  21.275  -71.993  -5.083 0.0000000000
3661  24.321  -72.569  -5.898 0.0000000000
3662  21.593  -72.737  -5.436 0.0000000000
3663  21.011  -72.310  -5.897 0.0000000000
3670  24.570  -73.091  -6.858 0.0000000000
3671  23.929  -72.030  -6.596 0.0000000000
3672  21.419  -73.082  -6.210 0.0000000000
3673  20.786  -72.688  -6.771 0.0000000000
3681  24.912  -73.633  -7.857 0.0000000000
3682  24.289  -72.665  -7.638 0.0000000000
3683  20.429  -72.754  -7.588 0.0000000000
3691  24.720  -73.356  -8.703 0.0000000000
3692  24.281  -72.764  -9.067 0.0000000000
3693  20.247  -72.822  -8.409 0.0000000000
3705  24.538  -73.572  -10.529 0.0000000000
3706  20.137  -72.859  -9.342 0.0000000000
3715  24.202  -73.581  -11.432 0.0000000000
3716  23.406  -72.654  -11.512 0.0000000000
3717  20.112  -73.100  -10.237 0.0000000000
3728  23.754  -73.532  -12.213 0.0000000000
3729  23.167  -72.761  -12.195 0.0000000000
3730  22.529  -72.462  -12.401 0.0000000000
3735  23.216  -73.458  -12.841 0.0000000000
3736  22.387  -72.907  -13.052 0.0000000000
3737  21.094  -72.430  -13.005 0.0000000000
3738  19.548  -72.578  -13.262 0.0000000000
3739  18.029  -72.203  -12.861 0.0000000000
3740  16.914  -72.155  -12.881 0.0000000000
3741  15.715  -71.976  -13.134 0.0000000000
3744  21.819  -73.232  -13.484 0.0000000000
3745  20.350  -73.285  -13.824 0.0000000000
3746  18.835  -72.880  -13.567 0.0000000000
3747  17.660  -72.848  -13.572 0.0000000000
3748  16.495  -72.782  -13.617 0.0000000000
3749  14.987  -72.099  -13.789 0.0000000000
3750  14.791  -71.464  -13.919 0.0000000000
3752  14.823  -72.258  -14.562 0.0000000000
3757  14.910  -72.901  -16.058 0.0000000000
3762  16.054  -72.362  -17.271 0.0000000000
3763  15.103  -72.956  -16.918 0.0000000000
3768  18.455  -72.192  -18.607 0.0000000000
3769  16.829  -72.617  -18.255 0.0000000000
3770  15.559  -73.183  -17.849 0.0000000000
3773  17.513  -72.749  -19.254 0.0000000000
3774  16.168  -73.279  -18.854 0.0000000000
3778  18.325  -72.385  -19.474 0.0000000000
3784  18.326  -72.305  -19.733 0.0000000000
4267  32.642  -72.182  2.905 0.0000000000
4268  32.158  -72.789  2.873 0.0000000000
4269  31.681  -73.182  3.085 0.0000000000
4270  31.065  -73.199  3.353 0.0000000000
4278  31.528  -73.428  2.884 0.0000000000
4279  30.340  -73.467  3.414 0.0000000000
4280  29.121  -73.424  3.364 0.0000000000
4281  28.133  -74.043  3.161 0.0000000000
4282  27.120  -72.890  2.537 0.0000000000
4285  31.982  -72.794  2.482 0.0000000000
4286  31.280  -73.334  2.382 0.0000000000
4287  30.357  -73.878  2.224 0.0000000000
4288  28.955  -72.481  1.373 0.0000000000
4289  26.882  -71.387  1.977 0.0000000000
4290  26.066  -72.101  1.777 0.0000000000
4291  25.100  -71.114  1.386 0.0000000000
4292  24.060  -71.409  1.456 0.0000000000
4293  23.164  -71.647  1.433 0.0000000000
4294  22.558  -71.786  1.148 0.0000000000
4303  28.494  -71.629  0.489 0.0000000000
4304  22.330  -71.944  0.612 0.0000000000
4305  21.967  -71.458  0.035 0.0000000000
4313  28.902  -71.295  -0.726 0.0000000000
4314  28.104  -71.901  0.000 0.0000000000
4315  22.171  -71.921  -0.813 0.0000000000
4316  21.812  -71.222  -0.976 0.0000000000
4321  30.827  -71.743  -2.065 0.0000000000
4322  30.044  -72.201  -1.629 0.0000000000
4323  28.788  -72.403  -1.003 0.0000000000
4324  22.073  -71.739  -1.818 0.0000000000
4331  31.398  -71.623  -3.493 0.0000000000
4332  31.188  -71.997  -2.776 0.0000000000
4333  30.118  -73.115  -2.901 0.0000000000
4334  28.173  -71.851  -2.841 0.0000000000
4335  27.244  -71.498  -2.613 0.0000000000
4336  26.358  -71.320  -2.553 0.0000000000
4337  25.531  -71.316  -2.695 0.0000000000
4338  25.041  -70.655  -2.764 0.0000000000
4344  30.967  -72.072  -3.622 0.0000000000
4345  30.376  -72.451  -3.480 0.0000000000
4346  29.204  -72.155  -3.310 0.0000000000
4347  24.881  -71.443  -3.134 0.0000000000
4348  21.662  -71.433  -3.339 0.0000000000
4356  31.284  -71.479  -4.535 0.0000000000
4357  30.575  -71.747  -4.882 0.0000000000
4358  29.708  -71.455  -5.074 0.0000000000
4359  24.389  -71.594  -4.022 0.0000000000
4360  23.837  -71.184  -4.951 0.0000000000
4361  21.503  -71.689  -4.227 0.0000000000
4369  30.767  -71.498  -5.964 0.0000000000
4370  30.064  -71.302  -6.868 0.0000000000
4371  29.441  -71.013  -6.169 0.0000000000
4372  24.238  -72.099  -5.022 0.0000000000
4373  23.612  -71.231  -5.957 0.0000000000
4379  30.627  -71.337  -7.126 0.0000000000
4390  23.600  -71.626  -7.507 0.0000000000
4391  22.968  -70.894  -7.954 0.0000000000
4399  23.658  -72.077  -8.945 0.0000000000
4400  22.962  -71.362  -8.899 0.0000000000
4409  22.814  -71.551  -9.851 0.0000000000
4417  23.624  -72.503  -10.480 0.0000000000
4418  22.740  -71.788  -10.799 0.0000000000
4419  21.990  -71.311  -11.085 0.0000000000
4425  22.597  -72.053  -11.670 0.0000000000
4426  21.802  -71.667  -11.906 0.0000000000
4427  20.839  -71.199  -11.732 0.0000000000
4428  19.895  -71.175  -11.843 0.0000000000
4429  18.962  -71.118  -11.829 0.0000000000
4430  18.136  -71.060  -11.832 0.0000000000
4432  21.308  -71.922  -12.417 0.0000000000
4433  20.476  -71.781  -12.432 0.0000000000
4434  19.496  -71.823  -12.514 0.0000000000
4435  18.495  -71.624  -12.356 0.0000000000
4436  17.439  -71.413  -12.247 0.0000000000
4437  16.295  -71.344  -12.440 0.0000000000
4438  15.336  -71.041  -12.743 0.0000000000
4444  15.011  -71.454  -13.353 0.0000000000
4452  14.835  -71.472  -14.500 0.0000000000
4458  15.989  -71.344  -15.846 0.0000000000
4459  14.838  -72.113  -15.335 0.0000000000
4471  18.160  -71.148  -17.002 0.0000000000
4472  17.107  -71.493  -16.625 0.0000000000
4473  15.363  -72.228  -16.316 0.0000000000
4485  18.601  -71.435  -17.796 0.0000000000
4486  17.911  -71.832  -17.463 0.0000000000
4503  18.694  -72.160  -19.392 0.0000000000
4511  18.434  -72.050  -20.037 0.0000000000
4978  33.427  -71.201  3.168 0.0000000000
4979  32.963  -71.655  3.213 0.0000000000
4980  32.310  -72.227  3.216 0.0000000000
4981  31.228  -72.061  3.624 0.0000000000
4982  29.971  -70.896  3.497 0.0000000000
4987  33.093  -71.515  2.826 0.0000000000
4988  32.516  -72.192  2.617 0.0000000000
4989  29.526  -72.009  3.449 0.0000000000
4990  28.401  -71.201  2.799 0.0000000000
4991  27.496  -70.896  2.224 0.0000000000
4994  32.710  -71.243  2.208 0.0000000000
4995  32.110  -71.838  2.010 0.0000000000
4996  30.825  -70.836  1.644 0.0000000000
4997  29.548  -70.377  1.108 0.0000000000
4998  28.941  -71.083  0.841 0.0000000000
4999  26.873  -70.239  1.640 0.0000000000
5000  26.046  -70.692  1.421 0.0000000000
5001  23.217  -70.013  1.643 0.0000000000
5002  22.562  -71.001  1.393 0.0000000000
5003  22.052  -70.571  1.105 0.0000000000
5010  29.068  -70.230  0.388 0.0000000000
5011  22.081  -71.291  0.917 0.0000000000
5012  21.823  -70.855  0.567 0.0000000000
5023  29.197  -70.292  -0.681 0.0000000000
5024  28.659  -70.764  -0.004 0.0000000000
5025  21.656  -70.721  -0.219 0.0000000000
5028  30.594  -70.607  -1.873 0.0000000000
5029  29.822  -70.976  -1.412 0.0000000000
5030  21.500  -70.475  -1.116 0.0000000000
5034  31.550  -71.142  -3.096 0.0000000000
5035  31.259  -71.107  -2.462 0.0000000000
5036  28.187  -71.179  -3.019 0.0000000000
5037  27.474  -70.801  -2.744 0.0000000000
5038  26.666  -70.548  -2.563 0.0000000000
5039  25.828  -70.529  -2.536 0.0000000000
5041  21.023  -69.785  -2.737 0.0000000000
5048  31.675  -71.049  -3.954 0.0000000000
5049  29.549  -71.620  -4.042 0.0000000000
5050  28.613  -70.988  -3.589 0.0000000000
5051  27.804  -70.342  -3.082 0.0000000000
5052  24.462  -70.741  -3.345 0.0000000000
5053  24.033  -69.932  -3.555 0.0000000000
5061  31.691  -71.013  -4.822 0.0000000000
5062  28.888  -70.761  -4.894 0.0000000000
5063  24.009  -70.758  -4.047 0.0000000000
5064  23.603  -70.267  -4.533 0.0000000000
5069  31.899  -70.839  -5.809 0.0000000000
5070  31.237  -71.282  -6.640 0.0000000000
5071  28.827  -70.402  -5.717 0.0000000000
5072  23.400  -70.474  -5.484 0.0000000000
5073  22.895  -69.832  -5.992 0.0000000000
5078  31.667  -70.948  -7.271 0.0000000000
5079  31.007  -71.174  -7.744 0.0000000000
5080  30.484  -71.083  -7.582 0.0000000000
5081  29.815  -70.978  -7.084 0.0000000000
5082  23.266  -70.628  -6.334 0.0000000000
5083  22.518  -69.660  -6.772 0.0000000000
5090  31.502  -70.728  -8.265 0.0000000000
5091  31.017  -70.891  -8.213 0.0000000000
5092  23.180  -70.791  -7.091 0.0000000000
5100  22.507  -70.657  -8.588 0.0000000000
5101  21.989  -70.143  -8.793 0.0000000000
5109  22.315  -70.800  -9.340 0.0000000000
5110  21.600  -70.227  -9.729 0.0000000000
5111  21.059  -70.072  -10.334 0.0000000000
5116  22.130  -71.017  -10.231 0.0000000000
5117  21.470  -70.648  -10.620 0.0000000000
5118  20.770  -70.449  -10.957 0.0000000000
5119  19.926  -70.041  -10.873 0.0000000000
5124  21.354  -71.026  -11.262 0.0000000000
5125  19.405  -70.508  -11.345 0.0000000000
5126  18.323  -70.359  -11.315 0.0000000000
5127  17.418  -70.607  -11.626 0.0000000000
5128  16.517  -69.912  -11.542 0.0000000000
5129  15.645  -69.603  -11.978 0.0000000000
5138  16.691  -70.783  -11.935 0.0000000000
5139  15.860  -70.491  -12.126 0.0000000000
5140  15.189  -70.173  -12.615 0.0000000000
5151  14.904  -70.675  -13.361 0.0000000000
5152  14.806  -70.886  -13.931 0.0000000000
5164  16.318  -70.018  -14.722 0.0000000000
5165  15.288  -70.574  -14.451 0.0000000000
5173  17.554  -70.062  -15.953 0.0000000000
5174  16.511  -70.527  -15.367 0.0000000000
5175  15.247  -71.215  -15.107 0.0000000000
5184  17.773  -70.564  -16.664 0.0000000000
5185  17.450  -70.793  -16.254 0.0000000000
5193  18.377  -70.889  -17.344 0.0000000000
5194  18.070  -70.511  -17.891 0.0000000000
5202  18.865  -71.664  -18.647 0.0000000000
5203  18.390  -70.962  -18.833 0.0000000000
5210  18.588  -71.632  -19.620 0.0000000000
5211  17.817  -70.770  -20.096 0.0000000000
5217  18.096  -71.449  -20.381 0.0000000000
5744  35.109  -69.645  4.079 0.0000000000
5745  34.690  -69.762  4.216 0.0000000000
5746  34.127  -70.040  4.117 0.0000000000
5747  33.521  -70.364  3.926 0.0000000000
5751  34.536  -69.975  3.805 0.0000000000
5752  33.908  -70.574  3.476 0.0000000000
5753  32.620  -71.178  3.620 0.0000000000
5754  32.004  -70.079  3.929 0.0000000000
5755  31.002  -69.756  3.706 0.0000000000
5756  30.077  -69.578  3.400 0.0000000000
5760  34.397  -70.045  3.279 0.0000000000
5761  34.018  -70.285  2.844 0.0000000000
5762  33.366  -70.461  2.415 0.0000000000
5763  29.177  -69.477  2.899 0.0000000000
5764  28.426  -69.837  2.524 0.0000000000
5768  32.195  -69.717  1.866 0.0000000000
5769  31.016  -69.543  1.582 0.0000000000
5770  29.937  -69.423  1.168 0.0000000000
5771  27.687  -70.020  2.080 0.0000000000
5773  23.940  -69.371  1.457 0.0000000000
5774  23.093  -69.189  1.856 0.0000000000
5775  22.693  -69.639  1.686 0.0000000000
5776  22.137  -69.678  1.319 0.0000000000
5781  29.371  -69.502  0.447 0.0000000000
5782  21.656  -69.101  0.681 0.0000000000
5793  29.393  -69.390  -0.622 0.0000000000
5794  29.035  -69.788  -0.085 0.0000000000
5795  21.685  -70.097  0.484 0.0000000000
5799  30.393  -69.540  -1.781 0.0000000000
5800  29.776  -69.907  -1.300 0.0000000000
5801  21.269  -69.615  -1.163 0.0000000000
5805  31.436  -70.286  -2.792 0.0000000000
5806  31.015  -70.183  -2.287 0.0000000000
5807  26.945  -69.811  -2.710 0.0000000000
5808  26.113  -69.758  -2.524 0.0000000000
5809  25.287  -69.862  -2.616 0.0000000000
5810  21.277  -70.108  -1.981 0.0000000000
5811  20.923  -69.033  -2.077 0.0000000000
5817  31.734  -70.174  -3.625 0.0000000000
5818  28.147  -70.067  -4.018 0.0000000000
5819  27.435  -69.506  -3.322 0.0000000000
5820  26.875  -69.041  -2.938 0.0000000000
5821  24.628  -69.200  -2.891 0.0000000000
5822  23.863  -68.949  -3.501 0.0000000000
5830  31.960  -70.406  -4.608 0.0000000000
5831  28.268  -69.899  -5.113 0.0000000000
5832  27.692  -69.263  -4.400 0.0000000000
5833  23.078  -68.896  -4.636 0.0000000000
5840  32.738  -69.938  -6.668 0.0000000000
5841  29.719  -70.258  -6.864 0.0000000000
5842  29.174  -70.411  -6.307 0.0000000000
5843  28.561  -69.697  -5.627 0.0000000000
5844  23.180  -69.676  -5.050 0.0000000000
5845  22.716  -69.010  -5.397 0.0000000000
5853  32.650  -70.066  -8.084 0.0000000000
5854  32.182  -70.586  -7.762 0.0000000000
5855  31.096  -70.472  -8.321 0.0000000000
5856  30.428  -70.816  -7.700 0.0000000000
5857  22.025  -68.972  -6.923 0.0000000000
5865  32.265  -69.944  -9.070 0.0000000000
5866  31.971  -70.397  -8.781 0.0000000000
5867  31.666  -70.447  -8.694 0.0000000000
5868  22.204  -69.606  -7.467 0.0000000000
5869  21.740  -69.028  -7.574 0.0000000000
5878  32.011  -70.161  -9.102 0.0000000000
5879  22.365  -70.170  -8.039 0.0000000000
5880  21.821  -69.537  -8.159 0.0000000000
5881  20.757  -68.782  -9.027 0.0000000000
5889  21.393  -69.488  -8.949 0.0000000000
5890  20.908  -69.522  -9.725 0.0000000000
5891  20.126  -68.844  -9.717 0.0000000000
5899  20.430  -69.716  -10.335 0.0000000000
5900  19.586  -69.267  -10.348 0.0000000000
5901  18.587  -68.702  -10.393 0.0000000000
5902  17.579  -68.348  -10.748 0.0000000000
5909  27.237  -69.019  -11.660 0.0000000000
5910  26.757  -69.443  -11.896 0.0000000000
5911  18.960  -69.733  -10.809 0.0000000000
5912  17.902  -69.361  -10.796 0.0000000000
5913  16.957  -69.054  -11.059 0.0000000000
5914  16.212  -68.953  -11.567 0.0000000000
5915  15.706  -68.858  -12.112 0.0000000000
5922  27.206  -69.591  -12.165 0.0000000000
5923  26.912  -70.681  -13.250 0.0000000000
5924  26.520  -69.999  -12.623 0.0000000000
5925  15.313  -69.439  -12.636 0.0000000000
5934  26.161  -70.310  -13.568 0.0000000000
5935  25.371  -69.610  -14.015 0.0000000000
5936  16.008  -69.105  -13.572 0.0000000000
5937  15.307  -69.513  -13.255 0.0000000000
5948  25.676  -70.455  -14.556 0.0000000000
5949  24.683  -69.608  -14.770 0.0000000000
5950  23.172  -69.557  -15.470 0.0000000000
5951  17.707  -69.348  -15.178 0.0000000000
5952  16.827  -69.433  -14.443 0.0000000000
5953  15.670  -69.754  -14.018 0.0000000000
5965  24.081  -70.066  -15.596 0.0000000000
5966  23.369  -70.352  -16.397 0.0000000000
5967  17.804  -69.379  -15.885 0.0000000000
5968  17.239  -69.811  -15.268 0.0000000000
5979  17.555  -69.564  -16.393 0.0000000000
5996  17.574  -70.054  -17.181 0.0000000000
6558  36.609  -68.689  5.125 0.0000000000
6559  36.069  -69.056  5.027 0.0000000000
6560  35.478  -69.068  4.944 0.0000000000
6565  36.177  -68.753  4.460 0.0000000000
6566  35.557  -69.212  4.466 0.0000000000
6567  35.040  -69.388  4.569 0.0000000000
6568  34.243  -69.181  4.557 0.0000000000
6569  33.347  -69.484  4.297 0.0000000000
6570  32.272  -68.963  4.135 0.0000000000
6577  35.553  -69.216  3.934 0.0000000000
6578  34.959  -69.527  3.521 0.0000000000
6579  32.901  -70.300  4.012 0.0000000000
6580  31.267  -68.743  3.787 0.0000000000
6581  30.367  -68.569  3.447 0.0000000000
6588  34.457  -69.521  2.892 0.0000000000
6589  33.786  -69.430  2.460 0.0000000000
6590  32.841  -69.014  2.078 0.0000000000
6591  29.573  -68.466  3.018 0.0000000000
6592  28.820  -68.308  2.547 0.0000000000
6593  22.899  -68.339  2.129 0.0000000000
6603  31.953  -68.493  1.817 0.0000000000
6604  31.208  -68.560  1.554 0.0000000000
6605  30.285  -68.502  1.150 0.0000000000
6606  27.869  -69.059  1.942 0.0000000000
6607  27.261  -68.200  1.514 0.0000000000
6608  26.453  -68.615  1.185 0.0000000000
6610  23.696  -68.565  1.704 0.0000000000
6611  21.985  -68.705  1.450 0.0000000000
6619  30.060  -67.638  0.512 0.0000000000
6620  29.630  -68.580  0.387 0.0000000000
6621  21.453  -68.104  0.727 0.0000000000
6633  29.881  -67.916  -0.923 0.0000000000
6634  29.502  -68.565  -0.387 0.0000000000
6635  21.232  -68.386  -0.138 0.0000000000
6636  20.721  -67.861  -0.803 0.0000000000
6641  29.774  -68.946  -1.156 0.0000000000
6642  21.054  -68.642  -1.057 0.0000000000
6643  20.564  -68.028  -1.709 0.0000000000
6648  31.464  -68.529  -3.057 0.0000000000
6649  30.974  -69.092  -2.406 0.0000000000
6650  26.282  -69.048  -2.675 0.0000000000
6651  25.704  -68.414  -2.779 0.0000000000
6652  25.008  -68.382  -2.797 0.0000000000
6653  20.339  -68.231  -2.623 0.0000000000
6659  32.316  -68.433  -4.306 0.0000000000
6660  31.803  -69.032  -3.727 0.0000000000
6661  27.121  -68.729  -3.663 0.0000000000
6662  26.416  -68.340  -3.132 0.0000000000
6663  24.312  -68.264  -3.200 0.0000000000
6664  23.645  -68.125  -3.667 0.0000000000
6675  33.251  -68.452  -5.540 0.0000000000
6676  32.686  -68.880  -5.015 0.0000000000
6677  27.896  -69.045  -5.140 0.0000000000
6678  27.341  -68.446  -4.582 0.0000000000
6679  26.754  -68.022  -4.013 0.0000000000
6680  23.139  -68.164  -4.269 0.0000000000
6681  22.686  -68.207  -4.904 0.0000000000
6690  32.937  -69.258  -5.799 0.0000000000
6691  30.772  -68.759  -6.635 0.0000000000
6692  30.105  -68.971  -6.213 0.0000000000
6693  29.197  -69.350  -5.970 0.0000000000
6694  28.486  -68.636  -5.416 0.0000000000
6695  27.705  -67.932  -5.171 0.0000000000
6696  22.290  -68.224  -5.624 0.0000000000
6705  31.195  -69.423  -7.825 0.0000000000
6706  30.434  -69.901  -7.395 0.0000000000
6707  22.378  -69.009  -6.181 0.0000000000
6708  21.890  -68.212  -6.357 0.0000000000
6713  33.114  -69.538  -8.495 0.0000000000
6714  32.453  -69.385  -9.286 0.0000000000
6715  31.740  -70.033  -8.934 0.0000000000
6716  21.471  -68.165  -7.206 0.0000000000
6717  21.016  -67.804  -7.801 0.0000000000
6722  32.747  -69.338  -9.306 0.0000000000
6723  21.268  -68.701  -8.169 0.0000000000
6724  20.659  -67.970  -8.435 0.0000000000
6728  20.185  -68.013  -9.092 0.0000000000
6729  19.575  -67.882  -9.620 0.0000000000
6733  27.295  -68.259  -10.907 0.0000000000
6734  26.771  -68.361  -10.590 0.0000000000
6735  26.103  -68.524  -10.681 0.0000000000
6736  25.333  -68.302  -10.967 0.0000000000
6737  18.860  -67.808  -10.108 0.0000000000
6738  18.173  -67.795  -10.531 0.0000000000
6743  26.732  -68.766  -11.169 0.0000000000
6744  26.040  -68.880  -11.344 0.0000000000
6745  25.199  -68.438  -11.834 0.0000000000
6746  16.873  -68.210  -11.324 0.0000000000
6747  16.272  -68.466  -11.785 0.0000000000
6754  25.905  -69.235  -12.143 0.0000000000
6755  24.991  -68.546  -12.827 0.0000000000
6756  16.869  -68.041  -12.469 0.0000000000
6757  16.186  -68.410  -12.313 0.0000000000
6758  15.667  -68.876  -12.820 0.0000000000
6771  25.603  -69.417  -13.137 0.0000000000
6772  24.676  -68.767  -13.858 0.0000000000
6773  23.707  -68.191  -13.955 0.0000000000
6774  22.047  -68.167  -14.037 0.0000000000
6775  21.193  -68.091  -13.829 0.0000000000
6776  20.503  -68.023  -13.663 0.0000000000
6777  19.745  -68.284  -13.848 0.0000000000
6778  18.880  -68.268  -13.613 0.0000000000
6779  17.437  -68.457  -13.372 0.0000000000
6780  16.416  -68.556  -13.074 0.0000000000
6787  23.869  -68.927  -14.665 0.0000000000
6788  22.809  -68.649  -14.612 0.0000000000
6789  21.330  -68.453  -14.521 0.0000000000
6790  20.532  -68.294  -14.401 0.0000000000
6791  19.651  -68.123  -14.861 0.0000000000
6792  19.079  -68.438  -14.448 0.0000000000
6793  17.831  -68.977  -14.553 0.0000000000
6794  16.889  -68.922  -13.790 0.0000000000
6800  22.211  -69.198  -15.429 0.0000000000
6801  21.545  -68.622  -15.367 0.0000000000
6802  20.799  -68.133  -15.336 0.0000000000
6803  19.071  -68.011  -15.461 0.0000000000
6804  18.088  -68.762  -15.768 0.0000000000
6810  22.286  -69.328  -17.661 0.0000000000
6811  21.299  -67.977  -18.257 0.0000000000
6812  17.703  -68.660  -16.268 0.0000000000
7424  39.220  -67.569  7.078 0.0000000000
7425  38.579  -67.738  7.112 0.0000000000
7426  37.909  -67.927  6.886 0.0000000000
7427  37.284  -68.007  6.647 0.0000000000
7442  38.320  -67.837  6.517 0.0000000000
7443  37.512  -68.194  6.270 0.0000000000
7444  36.878  -68.356  6.189 0.0000000000
7445  36.141  -68.009  6.141 0.0000000000
7446  35.305  -67.419  6.111 0.0000000000
7453  38.181  -67.424  5.310 0.0000000000
7454  37.708  -68.123  5.751 0.0000000000
7455  37.032  -68.512  5.692 0.0000000000
7456  36.427  -68.586  5.559 0.0000000000
7457  35.644  -68.462  5.496 0.0000000000
7458  34.181  -67.400  5.390 0.0000000000
7466  37.490  -67.890  5.034 0.0000000000
7467  36.916  -68.278  4.725 0.0000000000
7468  34.830  -68.581  5.097 0.0000000000
7469  33.987  -68.058  4.908 0.0000000000
7470  33.191  -68.066  4.583 0.0000000000
7483  36.645  -67.682  4.025 0.0000000000
7484  35.938  -68.398  3.739 0.0000000000
7485  35.410  -68.831  3.491 0.0000000000
7498  34.857  -68.486  3.003 0.0000000000
7499  34.072  -68.410  2.559 0.0000000000
7500  33.171  -68.085  2.271 0.0000000000
7504  22.525  -67.558  2.339 0.0000000000
7518  32.256  -67.750  1.920 0.0000000000
7519  31.304  -67.542  1.459 0.0000000000
7520  30.613  -67.832  1.165 0.0000000000
7527  22.311  -68.154  1.925 0.0000000000
7528  21.683  -67.779  1.539 0.0000000000
7539  29.659  -67.880  -0.084 0.0000000000
7540  21.045  -67.402  0.876 0.0000000000
7548  29.994  -67.154  -0.211 0.0000000000
7549  20.879  -67.654  0.043 0.0000000000
7550  20.331  -67.480  -0.476 0.0000000000
7557  30.956  -67.134  -2.135 0.0000000000
7558  30.537  -67.899  -1.815 0.0000000000
7559  20.034  -67.492  -1.248 0.0000000000
7565  32.087  -67.005  -3.352 0.0000000000
7566  31.487  -67.510  -2.882 0.0000000000
7567  31.047  -68.002  -2.492 0.0000000000
7568  25.283  -67.918  -2.961 0.0000000000
7576  32.585  -67.423  -4.040 0.0000000000
7577  31.897  -67.964  -3.638 0.0000000000
7578  26.109  -67.609  -3.631 0.0000000000
7579  25.329  -67.320  -3.440 0.0000000000
7580  24.727  -67.699  -3.166 0.0000000000
7581  24.004  -67.380  -3.544 0.0000000000
7587  33.769  -67.449  -5.072 0.0000000000
7588  32.963  -67.854  -4.766 0.0000000000
7589  26.950  -67.705  -4.805 0.0000000000
7590  26.416  -67.454  -4.351 0.0000000000
7591  25.765  -66.954  -4.233 0.0000000000
7592  23.349  -67.423  -4.034 0.0000000000
7593  22.848  -67.537  -4.518 0.0000000000
7600  34.605  -66.959  -5.698 0.0000000000
7601  33.770  -68.135  -6.050 0.0000000000
7602  31.394  -68.067  -6.656 0.0000000000
7603  30.607  -67.998  -5.872 0.0000000000
7604  27.234  -67.292  -5.325 0.0000000000
7605  26.488  -67.050  -5.083 0.0000000000
7606  22.351  -67.275  -5.143 0.0000000000
7607  21.937  -67.499  -5.855 0.0000000000
7615  34.182  -67.675  -6.476 0.0000000000
7616  33.745  -68.590  -7.384 0.0000000000
7617  32.154  -67.318  -7.454 0.0000000000
7618  31.846  -68.730  -8.368 0.0000000000
7619  21.550  -67.256  -6.491 0.0000000000
7626  34.205  -67.964  -7.879 0.0000000000
7627  33.468  -68.906  -9.035 0.0000000000
7628  32.471  -67.939  -9.126 0.0000000000
7629  21.128  -67.085  -7.255 0.0000000000
7630  20.740  -67.119  -7.996 0.0000000000
7636  34.051  -68.135  -9.531 0.0000000000
7637  33.131  -68.695  -9.902 0.0000000000
7638  32.909  -68.467  -9.931 0.0000000000
7639  27.469  -66.915  -9.055 0.0000000000
7640  26.961  -67.288  -8.931 0.0000000000
7641  25.899  -67.388  -8.822 0.0000000000
7642  24.964  -67.279  -9.183 0.0000000000
7643  20.379  -67.196  -8.700 0.0000000000
7647  33.702  -67.976  -10.281 0.0000000000
7648  33.269  -68.019  -10.235 0.0000000000
7649  27.424  -67.266  -9.659 0.0000000000
7650  26.620  -67.685  -9.539 0.0000000000
7651  25.684  -67.741  -9.612 0.0000000000
7652  19.922  -67.130  -9.340 0.0000000000
7653  19.273  -67.051  -9.967 0.0000000000
7656  27.479  -67.496  -10.408 0.0000000000
7657  27.103  -67.908  -10.188 0.0000000000
7658  26.315  -68.103  -10.127 0.0000000000
7659  25.496  -68.017  -10.293 0.0000000000
7660  24.005  -66.931  -10.239 0.0000000000
7661  18.579  -67.183  -10.582 0.0000000000
7662  17.727  -67.529  -10.979 0.0000000000
7667  27.546  -67.722  -10.928 0.0000000000
7669  24.458  -67.685  -11.540 0.0000000000
7670  23.748  -66.987  -11.129 0.0000000000
7671  17.850  -67.320  -11.412 0.0000000000
7672  17.239  -67.718  -11.443 0.0000000000
7673  16.684  -67.975  -11.796 0.0000000000
7680  24.319  -67.820  -12.504 0.0000000000
7681  23.456  -67.129  -12.132 0.0000000000
7682  22.702  -67.103  -12.714 0.0000000000
7683  21.439  -67.106  -12.787 0.0000000000
7684  20.640  -67.028  -12.586 0.0000000000
7685  19.100  -67.215  -12.402 0.0000000000
7686  18.093  -67.295  -12.096 0.0000000000
7687  17.308  -67.576  -11.916 0.0000000000
7700  24.254  -68.070  -13.294 0.0000000000
7701  23.454  -67.576  -13.159 0.0000000000
7702  22.508  -67.543  -13.382 0.0000000000
7703  21.713  -67.597  -13.390 0.0000000000
7704  20.927  -67.575  -13.220 0.0000000000
7705  20.025  -67.598  -13.023 0.0000000000
7706  18.528  -67.760  -12.868 0.0000000000
7707  17.688  -67.804  -12.645 0.0000000000
7720  20.181  -67.823  -15.462 0.0000000000
7735  21.040  -67.813  -16.547 0.0000000000
7736  19.978  -67.169  -16.861 0.0000000000
7737  19.149  -67.251  -16.529 0.0000000000
7738  18.446  -67.460  -16.551 0.0000000000
7739  17.955  -67.800  -16.500 0.0000000000
7752  19.919  -67.099  -18.670 0.0000000000
7753  18.540  -66.212  -18.226 0.0000000000
8353  42.870  -65.520  9.885 0.0000000000
8356  37.123  -66.294  9.196 0.0000000000
8375  42.680  -65.714  8.577 0.0000000000
8376  41.915  -66.477  9.297 0.0000000000
8377  40.444  -66.932  8.854 0.0000000000
8378  39.226  -66.940  8.989 0.0000000000
8379  37.885  -66.785  8.373 0.0000000000
8395  42.287  -65.672  7.317 0.0000000000
8396  41.255  -66.606  7.958 0.0000000000
8397  40.001  -67.179  7.693 0.0000000000
8398  39.253  -67.386  7.780 0.0000000000
8399  38.366  -67.480  7.597 0.0000000000
8400  37.326  -67.447  7.297 0.0000000000
8412  40.286  -66.944  6.976 0.0000000000
8413  39.215  -67.342  6.384 0.0000000000
8414  36.654  -67.688  6.701 0.0000000000
8415  35.811  -67.078  6.723 0.0000000000
8425  41.363  -66.060  6.523 0.0000000000
8426  40.273  -66.439  5.846 0.0000000000
8427  39.037  -66.946  5.575 0.0000000000
8428  34.444  -66.816  5.975 0.0000000000
8429  33.578  -66.394  5.757 0.0000000000
8447  39.740  -66.168  4.953 0.0000000000
8448  38.691  -66.565  4.773 0.0000000000
8449  37.831  -67.032  4.607 0.0000000000
8450  37.235  -67.550  4.477 0.0000000000
8451  33.357  -67.046  5.099 0.0000000000
8463  37.297  -66.737  4.035 0.0000000000
8464  35.919  -67.101  3.408 0.0000000000
8465  35.435  -67.846  3.272 0.0000000000
8480  35.385  -66.286  3.003 0.0000000000
8481  34.809  -66.995  2.909 0.0000000000
8482  33.500  -67.173  2.413 0.0000000000
8483  32.661  -66.881  2.047 0.0000000000
8498  31.802  -66.658  1.487 0.0000000000
8499  30.999  -66.596  0.919 0.0000000000
8500  30.594  -67.218  0.918 0.0000000000
8511  30.878  -66.194  0.319 0.0000000000
8512  30.432  -66.804  0.381 0.0000000000
8517  31.158  -65.783  -0.213 0.0000000000
8518  30.546  -66.404  -0.260 0.0000000000
8523  31.991  -65.931  -2.052 0.0000000000
8524  31.211  -66.324  -1.636 0.0000000000
8525  30.448  -66.895  -1.136 0.0000000000
8533  36.564  -66.249  -2.634 0.0000000000
8534  35.156  -66.402  -3.102 0.0000000000
8535  34.333  -66.328  -3.020 0.0000000000
8536  32.472  -66.381  -2.797 0.0000000000
8537  31.644  -66.643  -2.511 0.0000000000
8546  35.871  -66.371  -3.216 0.0000000000
8547  35.049  -66.576  -4.006 0.0000000000
8548  33.499  -66.951  -4.219 0.0000000000
8549  32.924  -66.686  -3.539 0.0000000000
8550  24.946  -66.550  -4.001 0.0000000000
8551  24.139  -66.624  -3.887 0.0000000000
8557  36.690  -66.138  -3.468 0.0000000000
8558  35.821  -66.337  -4.111 0.0000000000
8559  34.483  -66.912  -4.904 0.0000000000
8560  34.248  -66.810  -4.408 0.0000000000
8561  25.713  -66.542  -5.008 0.0000000000
8562  24.316  -66.115  -4.491 0.0000000000
8563  23.569  -66.272  -4.404 0.0000000000
8564  22.944  -66.724  -4.514 0.0000000000
8573  35.273  -66.369  -5.900 0.0000000000
8574  30.915  -67.105  -5.891 0.0000000000
8575  30.167  -66.484  -5.738 0.0000000000
8576  29.519  -66.949  -5.501 0.0000000000
8577  27.964  -66.975  -5.478 0.0000000000
8578  27.270  -66.778  -5.730 0.0000000000
8579  26.380  -66.625  -5.850 0.0000000000
8580  25.248  -66.190  -5.652 0.0000000000
8581  24.468  -65.763  -5.943 0.0000000000
8582  22.472  -66.309  -5.267 0.0000000000
8583  21.916  -66.663  -5.849 0.0000000000
8590  35.192  -66.360  -7.172 0.0000000000
8591  34.618  -67.009  -6.815 0.0000000000
8592  31.677  -66.939  -6.530 0.0000000000
8593  30.874  -65.994  -6.134 0.0000000000
8594  28.057  -66.279  -6.157 0.0000000000
8595  26.780  -66.563  -6.743 0.0000000000
8596  24.973  -66.174  -6.549 0.0000000000
8603  35.399  -66.446  -8.387 0.0000000000
8604  34.710  -67.178  -8.173 0.0000000000
8605  32.327  -66.438  -7.652 0.0000000000
8606  27.702  -66.245  -8.204 0.0000000000
8607  27.129  -66.673  -7.658 0.0000000000
8608  25.893  -66.670  -7.258 0.0000000000
8609  23.989  -66.202  -8.256 0.0000000000
8610  21.137  -66.328  -7.700 0.0000000000
8611  20.706  -66.594  -8.371 0.0000000000
8617  34.859  -67.209  -9.523 0.0000000000
8618  27.640  -66.485  -8.823 0.0000000000
8619  27.329  -66.804  -8.506 0.0000000000
8620  26.491  -67.017  -8.196 0.0000000000
8621  24.875  -66.875  -8.454 0.0000000000
8622  21.434  -65.720  -8.003 0.0000000000
8623  20.964  -66.014  -8.453 0.0000000000
8628  34.945  -67.014  -10.318 0.0000000000
8629  34.250  -67.292  -10.607 0.0000000000
8630  33.630  -67.543  -10.461 0.0000000000
8631  33.280  -67.153  -10.318 0.0000000000
8632  27.597  -66.580  -9.357 0.0000000000
8633  24.297  -66.925  -9.579 0.0000000000
8634  23.483  -66.279  -9.596 0.0000000000
8635  22.530  -65.771  -9.803 0.0000000000
8636  20.447  -66.376  -9.087 0.0000000000
8637  19.911  -66.455  -9.866 0.0000000000
8646  34.884  -66.725  -10.698 0.0000000000
8647  34.543  -66.664  -10.775 0.0000000000
8648  27.663  -66.875  -10.055 0.0000000000
8649  27.270  -66.519  -10.583 0.0000000000
8650  22.988  -66.295  -10.574 0.0000000000
8651  22.061  -65.803  -10.439 0.0000000000
8652  21.497  -65.975  -10.919 0.0000000000
8653  20.668  -65.989  -10.608 0.0000000000
8654  19.284  -66.631  -10.583 0.0000000000
8655  18.431  -66.951  -10.963 0.0000000000
8664  27.592  -67.189  -10.629 0.0000000000
8665  22.822  -66.548  -11.493 0.0000000000
8666  21.892  -66.364  -11.690 0.0000000000
8667  20.886  -66.224  -11.394 0.0000000000
8668  19.886  -66.283  -11.061 0.0000000000
8669  19.060  -66.619  -11.097 0.0000000000
8676  22.567  -66.730  -12.121 0.0000000000
8677  21.994  -66.785  -12.423 0.0000000000
8678  21.201  -66.612  -12.156 0.0000000000
8679  20.311  -66.549  -11.882 0.0000000000
8680  19.453  -66.685  -11.696 0.0000000000
8681  18.608  -66.933  -11.541 0.0000000000
9335  42.466  -65.756  10.433 0.0000000000
9351  42.247  -66.252  10.566 0.0000000000
9368  43.242  -65.122  9.051 0.0000000000
9384  43.122  -64.828  7.990 0.0000000000
9398  42.864  -64.594  6.881 0.0000000000
9399  42.403  -65.225  6.388 0.0000000000
9417  42.602  -64.450  5.918 0.0000000000
9418  41.793  -65.376  5.555 0.0000000000
9419  40.795  -65.697  5.046 0.0000000000
9441  42.397  -64.389  5.010 0.0000000000
9442  41.739  -64.981  4.580 0.0000000000
9443  40.574  -65.447  4.336 0.0000000000
9444  39.373  -65.768  4.205 0.0000000000
9445  38.218  -66.065  4.008 0.0000000000
9460  41.511  -64.685  3.807 0.0000000000
9461  40.308  -65.142  3.581 0.0000000000
9462  39.079  -65.376  3.482 0.0000000000
9463  37.413  -65.823  3.499 0.0000000000
9464  36.544  -66.365  3.464 0.0000000000
9480  38.748  -64.966  2.833 0.0000000000
9481  37.738  -65.126  2.877 0.0000000000
9482  36.812  -65.407  2.949 0.0000000000
9483  35.361  -65.454  2.450 0.0000000000
9484  34.630  -65.907  2.528 0.0000000000
9485  33.996  -66.460  2.477 0.0000000000
9494  34.752  -65.218  1.900 0.0000000000
9495  32.457  -65.859  1.408 0.0000000000
9501  37.140  -65.283  -0.290 0.0000000000
9502  36.015  -65.136  0.002 0.0000000000
9503  34.660  -65.043  0.188 0.0000000000
9504  33.641  -65.051  0.641 0.0000000000
9505  32.674  -65.218  0.461 0.0000000000
9506  31.587  -65.790  0.639 0.0000000000
9512  39.943  -64.963  -1.345 0.0000000000
9513  38.787  -65.457  -1.124 0.0000000000
9514  36.610  -65.597  -0.898 0.0000000000
9515  35.511  -65.456  -0.704 0.0000000000
9516  34.619  -65.414  -0.819 0.0000000000
9517  33.654  -65.089  -0.202 0.0000000000
9518  32.771  -65.312  -0.747 0.0000000000
9519  31.688  -65.652  -1.050 0.0000000000
9527  39.243  -65.374  -1.678 0.0000000000
9528  38.288  -65.720  -1.689 0.0000000000
9529  36.684  -65.907  -1.543 0.0000000000
9530  36.056  -66.050  -1.811 0.0000000000
9531  34.595  -65.788  -1.710 0.0000000000
9532  33.453  -65.620  -1.647 0.0000000000
9539  39.855  -65.010  -1.917 0.0000000000
9540  39.195  -65.323  -2.293 0.0000000000
9541  37.948  -65.854  -2.266 0.0000000000
9542  35.848  -66.263  -2.428 0.0000000000
9543  34.964  -66.195  -2.424 0.0000000000
9544  34.001  -65.963  -2.381 0.0000000000
9545  32.946  -65.881  -2.285 0.0000000000
9554  39.056  -64.850  -3.632 0.0000000000
9555  38.056  -65.556  -3.468 0.0000000000
9560  38.411  -65.109  -4.170 0.0000000000
9561  37.622  -65.301  -4.736 0.0000000000
9562  36.575  -65.833  -4.560 0.0000000000
9563  23.693  -65.751  -4.965 0.0000000000
9564  23.004  -65.931  -4.889 0.0000000000
9571  37.450  -64.881  -6.305 0.0000000000
9572  36.973  -65.342  -5.439 0.0000000000
9573  30.048  -65.756  -5.995 0.0000000000
9574  29.469  -66.109  -5.819 0.0000000000
9575  28.762  -66.538  -5.618 0.0000000000
9576  23.757  -65.567  -5.705 0.0000000000
9577  23.204  -65.626  -5.417 0.0000000000
9587  36.544  -65.335  -7.198 0.0000000000
9588  35.815  -65.759  -6.555 0.0000000000
9589  31.135  -65.088  -6.623 0.0000000000
9590  30.295  -65.116  -6.353 0.0000000000
9591  29.465  -65.271  -6.307 0.0000000000
9592  28.804  -65.773  -6.178 0.0000000000
9593  28.285  -65.466  -6.900 0.0000000000
9594  23.862  -65.599  -6.665 0.0000000000
9595  22.149  -65.891  -5.943 0.0000000000
9596  22.160  -65.570  -6.677 0.0000000000
9605  36.159  -65.755  -8.385 0.0000000000
9606  35.754  -65.852  -7.500 0.0000000000
9607  32.433  -65.550  -8.289 0.0000000000
9608  31.827  -65.253  -7.340 0.0000000000
9609  27.820  -65.670  -7.789 0.0000000000
9610  23.652  -65.702  -7.590 0.0000000000
9611  22.695  -65.407  -7.378 0.0000000000
9612  21.744  -65.626  -7.362 0.0000000000
9621  36.691  -65.520  -9.301 0.0000000000
9622  35.755  -66.345  -9.693 0.0000000000
9623  32.906  -66.157  -9.450 0.0000000000
9624  27.767  -66.044  -8.738 0.0000000000
9625  27.425  -65.607  -8.928 0.0000000000
9626  23.133  -65.560  -8.235 0.0000000000
9627  22.365  -65.437  -8.391 0.0000000000
9628  21.562  -65.565  -8.643 0.0000000000
9629  20.931  -65.805  -9.078 0.0000000000
9635  36.344  -65.688  -10.369 0.0000000000
9636  35.519  -66.286  -10.572 0.0000000000
9637  34.411  -65.988  -10.799 0.0000000000
9638  33.869  -66.781  -10.686 0.0000000000
9639  33.387  -66.152  -10.182 0.0000000000
9640  27.515  -66.162  -9.604 0.0000000000
9641  26.600  -65.293  -9.495 0.0000000000
9642  26.544  -65.614  -10.271 0.0000000000
9643  22.835  -65.646  -9.023 0.0000000000
9644  22.086  -65.479  -9.204 0.0000000000
9645  21.387  -65.633  -9.464 0.0000000000
9646  20.628  -65.917  -9.807 0.0000000000
9655  35.975  -65.708  -10.836 0.0000000000
9656  35.248  -66.115  -10.877 0.0000000000
9658  21.864  -65.591  -9.841 0.0000000000
9659  21.321  -65.725  -10.190 0.0000000000
10369  43.114  -64.886  9.321 0.0000000000
10370  42.392  -64.436  9.096 0.0000000000
10377  43.025  -64.683  8.426 0.0000000000
10378  42.539  -64.282  7.792 0.0000000000
10379  40.918  -64.226  8.037 0.0000000000
10380  39.588  -64.219  7.467 0.0000000000
10381  38.273  -64.111  7.304 0.0000000000
10386  42.771  -64.139  6.310 0.0000000000
10387  42.494  -64.090  6.737 0.0000000000
10388  41.040  -63.924  6.325 0.0000000000
10389  39.490  -64.144  6.696 0.0000000000
10400  42.612  -64.064  5.394 0.0000000000
10401  42.287  -63.867  5.610 0.0000000000
10417  42.474  -64.038  4.722 0.0000000000
10434  41.908  -64.075  3.439 0.0000000000
10435  41.170  -64.478  3.017 0.0000000000
10436  39.938  -64.816  2.878 0.0000000000
10449  41.467  -63.905  2.514 0.0000000000
10450  40.772  -64.355  2.220 0.0000000000
10451  39.502  -64.590  2.174 0.0000000000
10452  38.332  -64.660  2.171 0.0000000000
10453  37.287  -64.801  2.189 0.0000000000
10454  36.225  -64.961  2.196 0.0000000000
10460  41.085  -63.934  1.618 0.0000000000
10461  40.324  -64.349  1.458 0.0000000000
10462  39.129  -64.541  1.392 0.0000000000
10463  38.002  -64.632  1.299 0.0000000000
10464  36.987  -64.756  1.268 0.0000000000
10465  36.080  -64.808  1.174 0.0000000000
10466  34.182  -65.042  1.238 0.0000000000
10469  40.784  -63.897  0.293 0.0000000000
10470  40.318  -64.415  0.002 0.0000000000
10471  38.937  -64.752  0.416 0.0000000000
10472  37.659  -64.898  0.413 0.0000000000
10473  36.778  -64.938  0.480 0.0000000000
10474  35.170  -64.870  1.069 0.0000000000
10488  40.668  -64.002  -0.424 0.0000000000
10489  40.405  -64.120  -1.201 0.0000000000
10490  39.485  -65.015  -0.551 0.0000000000
10491  38.243  -65.270  -0.399 0.0000000000
10502  40.129  -64.443  -1.793 0.0000000000
10512  39.920  -64.431  -2.296 0.0000000000
10513  39.529  -64.468  -3.051 0.0000000000
10523  39.207  -64.324  -4.317 0.0000000000
10533  38.579  -64.660  -4.915 0.0000000000
10542  39.269  -64.068  -5.185 0.0000000000
10543  38.621  -64.447  -5.789 0.0000000000
10552  39.148  -64.017  -6.158 0.0000000000
10553  38.441  -64.355  -6.773 0.0000000000
10554  37.482  -64.785  -7.478 0.0000000000
10555  31.327  -64.215  -7.197 0.0000000000
10556  30.498  -64.283  -6.684 0.0000000000
10557  29.744  -64.414  -6.519 0.0000000000
10558  29.033  -64.484  -6.617 0.0000000000
10559  28.344  -64.570  -6.922 0.0000000000
10568  38.950  -63.898  -7.100 0.0000000000
10569  38.265  -64.335  -7.890 0.0000000000
10570  37.474  -64.886  -8.701 0.0000000000
10571  32.009  -64.534  -7.957 0.0000000000
10572  27.925  -64.971  -7.511 0.0000000000
10573  26.986  -64.539  -7.807 0.0000000000
10584  38.811  -63.786  -8.169 0.0000000000
10585  38.124  -64.372  -9.288 0.0000000000
10586  37.250  -65.073  -10.000 0.0000000000
10587  33.006  -64.364  -9.056 0.0000000000
10588  32.543  -64.886  -8.806 0.0000000000
10589  27.581  -65.342  -8.234 0.0000000000
10590  26.600  -64.800  -8.676 0.0000000000
10598  37.538  -64.221  -10.968 0.0000000000
10599  35.550  -64.877  -10.833 0.0000000000
10600  34.630  -65.026  -10.440 0.0000000000
10601  33.711  -65.323  -10.036 0.0000000000
10602  33.050  -65.324  -9.508 0.0000000000
10612  37.254  -64.153  -11.112 0.0000000000
10613  35.937  -65.422  -10.956 0.0000000000
10614  35.210  -65.570  -10.892 0.0000000000
11370  39.601  -63.854  5.792 0.0000000000
11371  37.514  -63.872  6.291 0.0000000000
11386  42.472  -63.973  4.867 0.0000000000
11387  40.940  -63.618  5.284 0.0000000000
11388  39.716  -63.479  4.912 0.0000000000
11389  38.350  -63.650  5.358 0.0000000000
11390  37.042  -63.556  5.448 0.0000000000
11407  41.421  -63.467  3.901 0.0000000000
11408  40.199  -63.138  4.101 0.0000000000
11409  37.670  -63.282  4.553 0.0000000000
11410  36.593  -63.248  4.687 0.0000000000
11423  41.686  -63.763  3.060 0.0000000000
11424  40.804  -63.087  3.250 0.0000000000
11425  39.513  -62.784  3.560 0.0000000000
11426  38.260  -62.855  3.742 0.0000000000
11430  41.238  -63.619  1.938 0.0000000000
11434  40.951  -63.632  1.065 0.0000000000
11446  40.720  -63.501  0.224 0.0000000000
11461  40.049  -63.483  -1.138 0.0000000000
11462  38.706  -63.126  -1.201 0.0000000000
11463  37.390  -63.055  -1.169 0.0000000000
11464  35.795  -62.878  -0.705 0.0000000000
11472  40.125  -64.006  -1.905 0.0000000000
11473  39.510  -63.635  -1.981 0.0000000000
11474  38.106  -63.386  -1.941 0.0000000000
11475  36.800  -63.302  -1.835 0.0000000000
11476  35.694  -63.103  -1.594 0.0000000000
11489  39.758  -63.981  -2.619 0.0000000000
11490  39.034  -63.646  -2.764 0.0000000000
11491  37.469  -63.449  -2.641 0.0000000000
11492  36.202  -63.296  -2.460 0.0000000000
11499  39.437  -63.940  -3.551 0.0000000000
11500  38.354  -63.551  -3.480 0.0000000000
11501  36.805  -63.344  -3.273 0.0000000000
11502  35.721  -63.102  -3.010 0.0000000000
11509  39.416  -63.957  -4.411 0.0000000000
11510  38.912  -63.588  -4.758 0.0000000000
11511  37.590  -63.297  -4.182 0.0000000000
11520  39.200  -63.798  -5.763 0.0000000000
11521  38.899  -63.462  -5.475 0.0000000000
11522  29.629  -63.097  -6.179 0.0000000000
11523  28.880  -63.141  -6.066 0.0000000000
11524  28.051  -63.106  -5.999 0.0000000000
11532  39.181  -63.583  -6.527 0.0000000000
11533  32.293  -62.704  -6.796 0.0000000000
11534  31.594  -63.388  -7.144 0.0000000000
11535  30.223  -63.081  -6.336 0.0000000000
11536  29.289  -63.735  -6.488 0.0000000000
11537  28.477  -63.787  -6.564 0.0000000000
11538  27.638  -63.605  -6.534 0.0000000000
11550  39.234  -63.398  -7.364 0.0000000000
11551  32.870  -63.549  -8.187 0.0000000000
11552  32.263  -63.430  -7.615 0.0000000000
11553  27.463  -64.157  -7.094 0.0000000000
11565  38.753  -63.720  -9.221 0.0000000000
11566  38.273  -63.907  -10.450 0.0000000000
11567  35.346  -63.271  -9.441 0.0000000000
11568  34.494  -63.418  -8.962 0.0000000000
11569  33.632  -63.553  -8.614 0.0000000000
11579  38.591  -63.101  -11.090 0.0000000000
11580  36.766  -63.814  -11.018 0.0000000000
11581  35.896  -64.021  -10.522 0.0000000000
11582  35.005  -64.152  -9.858 0.0000000000
11583  34.050  -64.277  -9.457 0.0000000000
11596  38.239  -62.875  -11.445 0.0000000000
11597  37.890  -63.628  -11.211 0.0000000000
11598  36.469  -64.652  -10.974 0.0000000000
12471  37.163  -62.954  3.850 0.0000000000
12482  41.069  -63.197  2.399 0.0000000000
12483  40.051  -62.596  2.776 0.0000000000
12484  38.840  -62.492  3.015 0.0000000000
12485  37.730  -62.580  3.119 0.0000000000
12486  36.688  -62.656  3.193 0.0000000000
12487  35.688  -62.699  3.323 0.0000000000
12492  40.934  -63.098  1.586 0.0000000000
12493  40.350  -62.619  2.005 0.0000000000
12494  39.354  -62.390  2.303 0.0000000000
12495  38.309  -62.392  2.418 0.0000000000
12496  37.250  -62.451  2.466 0.0000000000
12497  36.123  -62.517  2.468 0.0000000000
12498  35.136  -62.516  2.755 0.0000000000
12503  40.401  -62.667  1.324 0.0000000000
12504  39.566  -62.410  1.173 0.0000000000
12505  38.542  -62.358  1.128 0.0000000000
12506  37.475  -62.413  1.076 0.0000000000
12507  35.810  -62.475  1.610 0.0000000000
12508  34.678  -62.440  1.468 0.0000000000
12509  33.656  -62.210  0.989 0.0000000000
12525  40.795  -63.097  0.944 0.0000000000
12526  40.344  -62.778  0.597 0.0000000000
12527  39.389  -62.538  0.414 0.0000000000
12528  38.221  -62.508  0.357 0.0000000000
12529  37.093  -62.591  0.277 0.0000000000
12530  35.399  -62.552  0.748 0.0000000000
12531  34.405  -62.476  0.442 0.0000000000
12532  33.579  -62.213  0.052 0.0000000000
12536  40.225  -63.040  -0.223 0.0000000000
12537  39.136  -62.790  -0.415 0.0000000000
12538  37.840  -62.740  -0.442 0.0000000000
12539  36.073  -62.660  0.113 0.0000000000
12540  35.113  -62.678  -0.141 0.0000000000
12541  34.262  -62.514  -0.455 0.0000000000
12542  33.609  -62.142  -0.760 0.0000000000
12549  34.946  -62.808  -0.979 0.0000000000
12550  34.225  -62.488  -1.276 0.0000000000
12551  33.698  -61.949  -1.488 0.0000000000
12561  35.255  -62.992  -2.291 0.0000000000
12562  34.391  -62.377  -2.177 0.0000000000
12563  33.837  -61.636  -2.160 0.0000000000
12571  36.201  -63.007  -3.773 0.0000000000
12572  35.299  -62.580  -3.467 0.0000000000
12573  34.573  -62.055  -3.065 0.0000000000
12585  37.751  -63.063  -5.054 0.0000000000
12586  36.600  -62.731  -4.593 0.0000000000
12587  35.669  -62.354  -4.235 0.0000000000
12588  30.445  -62.140  -5.058 0.0000000000
12589  29.743  -62.192  -4.929 0.0000000000
12590  28.950  -62.193  -4.832 0.0000000000
12591  28.161  -62.083  -4.805 0.0000000000
12592  27.302  -61.732  -4.863 0.0000000000
12601  38.994  -63.235  -6.195 0.0000000000
12602  37.977  -62.762  -5.845 0.0000000000
12603  36.894  -62.366  -5.370 0.0000000000
12604  31.942  -62.234  -5.905 0.0000000000
12605  31.059  -62.355  -5.591 0.0000000000
12606  30.159  -62.631  -5.688 0.0000000000
12607  29.318  -62.642  -5.526 0.0000000000
12608  28.516  -62.611  -5.431 0.0000000000
12609  27.644  -62.482  -5.411 0.0000000000
12618  39.226  -63.020  -6.770 0.0000000000
12619  38.390  -62.409  -6.695 0.0000000000
12620  37.212  -61.930  -6.132 0.0000000000
12621  33.185  -62.231  -6.801 0.0000000000
12622  31.379  -62.786  -6.451 0.0000000000
12623  30.694  -62.815  -6.209 0.0000000000
12636  39.167  -62.622  -7.456 0.0000000000
12637  34.599  -62.083  -7.808 0.0000000000
12638  32.969  -62.897  -7.453 0.0000000000
12649  39.318  -63.170  -8.467 0.0000000000
12650  36.371  -62.382  -9.751 0.0000000000
12651  35.690  -62.421  -9.132 0.0000000000
12652  34.924  -62.627  -8.568 0.0000000000
12653  34.156  -62.850  -8.160 0.0000000000
12663  39.456  -61.765  -11.286 0.0000000000
12664  39.348  -62.471  -10.533 0.0000000000
12665  37.719  -62.564  -11.248 0.0000000000
12666  36.928  -62.919  -10.705 0.0000000000
12667  36.190  -63.151  -10.014 0.0000000000
12683  38.911  -62.123  -11.704 0.0000000000
12684  37.576  -63.415  -11.201 0.0000000000
13527  32.900  -61.863  2.241 0.0000000000
13537  32.937  -61.841  1.444 0.0000000000
13538  32.345  -61.420  1.920 0.0000000000
13554  32.968  -61.790  0.538 0.0000000000
13555  32.587  -61.248  0.174 0.0000000000
13557  32.827  -61.140  -0.645 0.0000000000
13572  34.136  -61.317  -2.844 0.0000000000
13573  33.659  -61.012  -2.277 0.0000000000
13576  34.976  -61.834  -3.872 0.0000000000
13577  34.568  -61.393  -3.490 0.0000000000
13578  29.574  -61.222  -3.927 0.0000000000
13579  28.936  -61.224  -3.805 0.0000000000
13580  28.252  -61.129  -3.868 0.0000000000
13590  35.998  -62.014  -4.977 0.0000000000
13591  35.416  -61.526  -4.552 0.0000000000
13592  31.641  -61.254  -4.910 0.0000000000
13593  31.011  -61.777  -4.871 0.0000000000
13594  30.189  -61.593  -4.417 0.0000000000
13595  29.329  -61.700  -4.331 0.0000000000
13596  28.594  -61.659  -4.294 0.0000000000
13597  27.506  -60.968  -4.192 0.0000000000
13601  36.359  -61.556  -5.571 0.0000000000
13602  35.792  -61.334  -5.112 0.0000000000
13603  32.979  -61.171  -5.857 0.0000000000
13604  32.295  -61.405  -5.485 0.0000000000
13605  31.607  -61.830  -5.335 0.0000000000
13609  37.558  -61.477  -6.844 0.0000000000
13610  34.089  -60.966  -6.707 0.0000000000
13611  33.392  -61.441  -6.386 0.0000000000
13612  32.698  -61.900  -6.186 0.0000000000
13620  39.218  -62.182  -8.390 0.0000000000
13621  38.410  -61.817  -7.504 0.0000000000
13622  34.931  -61.125  -7.603 0.0000000000
13623  34.288  -61.569  -7.231 0.0000000000
13624  33.766  -61.746  -6.877 0.0000000000
13630  39.506  -61.991  -9.515 0.0000000000
13631  36.169  -61.541  -9.134 0.0000000000
13632  35.329  -61.770  -8.349 0.0000000000
13637  39.771  -61.134  -11.167 0.0000000000
13638  39.618  -61.739  -10.460 0.0000000000
13639  37.754  -61.509  -10.982 0.0000000000
13640  36.991  -61.981  -10.204 0.0000000000
13647  39.367  -61.061  -11.920 0.0000000000
13648  38.989  -61.364  -12.116 0.0000000000
13649  38.556  -61.992  -11.660 0.0000000000
14462  32.217  -60.691  0.731 0.0000000000
14473  32.533  -60.532  -0.098 0.0000000000
14479  32.949  -60.347  -0.908 0.0000000000
14491  34.007  -60.445  -2.709 0.0000000000
14492  33.530  -60.450  -1.952 0.0000000000
14500  34.915  -60.179  -3.902 0.0000000000
14501  34.455  -60.741  -3.429 0.0000000000
14502  31.070  -60.240  -3.976 0.0000000000
14503  30.187  -60.746  -3.785 0.0000000000
14504  29.333  -60.709  -3.507 0.0000000000
14505  28.637  -60.606  -3.456 0.0000000000
14506  27.965  -60.506  -3.592 0.0000000000
14517  34.909  -60.975  -4.127 0.0000000000
14518  32.162  -60.741  -5.022 0.0000000000
14519  30.985  -61.080  -4.354 0.0000000000
14523  36.062  -60.845  -5.469 0.0000000000
14524  35.509  -60.735  -4.771 0.0000000000
14525  33.528  -60.480  -6.037 0.0000000000
14526  32.788  -60.458  -5.417 0.0000000000
14533  37.327  -60.705  -6.903 0.0000000000
14534  36.694  -61.012  -6.229 0.0000000000
14535  34.242  -59.973  -6.479 0.0000000000
14543  38.438  -59.947  -8.132 0.0000000000
14544  35.346  -60.128  -7.622 0.0000000000
14545  34.677  -60.402  -7.083 0.0000000000
14555  38.979  -60.523  -8.835 0.0000000000
14556  36.357  -60.566  -8.945 0.0000000000
14557  35.683  -60.817  -8.288 0.0000000000
14569  40.041  -60.375  -11.037 0.0000000000
14570  39.636  -61.136  -9.978 0.0000000000
14571  37.791  -60.379  -10.751 0.0000000000
14572  36.985  -60.954  -9.827 0.0000000000
14583  39.804  -60.313  -11.842 0.0000000000
14584  39.272  -60.429  -12.148 0.0000000000
14585  38.586  -60.980  -11.793 0.0000000000
14600  39.569  -60.333  -12.089 0.0000000000
15500  46.338  -59.719  3.104 0.0000000000
15501  45.664  -59.629  2.328 0.0000000000
15517  46.542  -59.465  2.326 0.0000000000
15518  46.073  -59.624  1.899 0.0000000000
15519  45.495  -59.269  1.355 0.0000000000
15527  46.514  -59.355  1.574 0.0000000000
15528  45.962  -59.345  0.834 0.0000000000
15529  45.157  -59.015  0.222 0.0000000000
15530  33.103  -59.299  0.158 0.0000000000
15531  32.403  -59.809  0.555 0.0000000000
15539  45.216  -59.181  -1.197 0.0000000000
15540  44.732  -59.124  -0.782 0.0000000000
15541  44.095  -59.137  -1.192 0.0000000000
15542  33.943  -59.200  -0.867 0.0000000000
15543  33.252  -59.592  -0.619 0.0000000000
15544  32.732  -59.891  -0.245 0.0000000000
15552  45.145  -59.135  -2.083 0.0000000000
15553  44.439  -59.303  -1.697 0.0000000000
15554  43.662  -59.343  -1.737 0.0000000000
15555  42.962  -59.306  -1.716 0.0000000000
15556  42.241  -59.424  -2.002 0.0000000000
15557  35.133  -59.105  -2.371 0.0000000000
15558  34.358  -59.296  -1.729 0.0000000000
15559  33.485  -59.849  -1.443 0.0000000000
15563  44.519  -59.279  -2.696 0.0000000000
15564  43.920  -59.443  -2.290 0.0000000000
15565  43.173  -59.557  -2.423 0.0000000000
15566  34.978  -59.556  -3.241 0.0000000000
15567  34.388  -59.705  -2.639 0.0000000000
15568  33.827  -59.890  -2.165 0.0000000000
15569  29.759  -59.392  -2.946 0.0000000000
15570  28.922  -59.257  -2.798 0.0000000000
15577  44.273  -59.217  -3.612 0.0000000000
15578  43.823  -59.486  -3.015 0.0000000000
15579  43.186  -59.590  -3.371 0.0000000000
15580  42.309  -59.655  -2.921 0.0000000000
15581  36.175  -59.382  -4.468 0.0000000000
15582  35.558  -59.466  -3.842 0.0000000000
15583  34.485  -60.115  -3.255 0.0000000000
15584  31.933  -58.939  -4.007 0.0000000000
15585  31.237  -59.409  -3.679 0.0000000000
15586  30.449  -59.848  -3.433 0.0000000000
15587  29.088  -60.053  -3.096 0.0000000000
15588  28.346  -59.844  -3.173 0.0000000000
15601  44.016  -59.155  -4.453 0.0000000000
15602  43.342  -59.429  -4.242 0.0000000000
15603  42.509  -59.546  -3.906 0.0000000000
15604  35.485  -60.027  -4.474 0.0000000000
15605  33.094  -58.811  -4.947 0.0000000000
15606  32.444  -59.225  -4.594 0.0000000000
15607  31.787  -59.716  -4.268 0.0000000000
15616  37.334  -59.365  -6.160 0.0000000000
15617  36.695  -59.621  -5.554 0.0000000000
15618  36.020  -60.053  -5.141 0.0000000000
15619  33.932  -58.890  -5.764 0.0000000000
15620  33.458  -59.147  -5.462 0.0000000000
15621  32.891  -59.558  -5.150 0.0000000000
15629  37.482  -59.882  -6.891 0.0000000000
15630  36.888  -60.150  -6.312 0.0000000000
15631  34.958  -59.385  -6.958 0.0000000000
15632  34.343  -59.070  -6.263 0.0000000000
15633  33.809  -59.526  -5.929 0.0000000000
15640  38.721  -59.223  -7.995 0.0000000000
15641  38.066  -59.582  -7.433 0.0000000000
15642  36.592  -58.947  -8.626 0.0000000000
15643  35.683  -59.217  -7.666 0.0000000000
15652  40.282  -59.479  -10.531 0.0000000000
15653  39.271  -59.649  -8.951 0.0000000000
15654  37.465  -58.580  -9.614 0.0000000000
15655  36.102  -59.769  -8.343 0.0000000000
15669  39.659  -60.211  -9.871 0.0000000000
15670  37.964  -59.309  -10.714 0.0000000000
15671  37.008  -59.754  -9.483 0.0000000000
15685  40.250  -59.512  -11.784 0.0000000000
15686  39.359  -59.538  -12.166 0.0000000000
15687  38.636  -59.899  -11.761 0.0000000000
15703  39.788  -59.661  -12.144 0.0000000000
16581  46.930  -59.069  2.430 0.0000000000
16582  45.084  -59.499  2.749 0.0000000000
16602  47.446  -58.246  0.842 0.0000000000
16603  47.077  -59.033  1.655 0.0000000000
16604  44.935  -59.104  1.784 0.0000000000
16605  44.225  -58.753  2.076 0.0000000000
16618  46.803  -58.946  0.750 0.0000000000
16619  44.710  -58.801  0.755 0.0000000000
16620  43.840  -58.398  0.448 0.0000000000
16621  38.250  -58.384  -0.212 0.0000000000
16622  37.592  -58.334  0.038 0.0000000000
16623  36.842  -58.306  0.329 0.0000000000
16624  35.992  -58.297  0.600 0.0000000000
16625  35.035  -58.457  0.599 0.0000000000
16626  33.946  -58.662  0.582 0.0000000000
16627  32.939  -58.901  1.055 0.0000000000
16634  46.684  -58.572  -0.258 0.0000000000
16635  45.960  -58.942  -0.747 0.0000000000
16636  44.220  -58.784  -0.370 0.0000000000
16637  42.571  -58.392  -0.553 0.0000000000
16638  41.664  -58.539  -0.783 0.0000000000
16639  40.259  -58.675  -0.896 0.0000000000
16640  39.442  -58.672  -0.790 0.0000000000
16641  38.646  -58.728  -0.737 0.0000000000
16642  37.787  -58.752  -0.734 0.0000000000
16643  36.986  -58.642  -0.402 0.0000000000
16644  36.218  -58.549  -0.156 0.0000000000
16645  34.457  -58.803  -0.126 0.0000000000
16646  33.723  -59.112  -0.179 0.0000000000
16652  46.570  -58.233  -1.185 0.0000000000
16653  45.812  -58.726  -1.632 0.0000000000
16654  43.335  -58.902  -1.083 0.0000000000
16655  42.343  -58.975  -1.270 0.0000000000
16656  41.483  -59.093  -1.446 0.0000000000
16657  40.640  -59.111  -1.527 0.0000000000
16658  39.830  -59.062  -1.500 0.0000000000
16659  38.269  -58.992  -1.446 0.0000000000
16660  37.007  -58.803  -1.250 0.0000000000
16661  35.367  -58.804  -1.446 0.0000000000
16662  34.806  -58.832  -0.849 0.0000000000
16664  46.399  -57.920  -2.059 0.0000000000
16665  45.691  -58.465  -2.462 0.0000000000
16666  45.166  -58.869  -2.801 0.0000000000
16667  41.228  -59.434  -2.348 0.0000000000
16668  40.214  -59.334  -2.238 0.0000000000
16669  39.404  -59.240  -2.235 0.0000000000
16670  37.327  -58.723  -2.885 0.0000000000
16671  36.567  -58.710  -2.868 0.0000000000
16672  35.748  -58.971  -3.022 0.0000000000
16673  30.883  -58.318  -2.860 0.0000000000
16674  29.503  -58.566  -2.588 0.0000000000
16681  45.479  -58.230  -3.225 0.0000000000
16682  44.905  -58.800  -3.455 0.0000000000
16683  41.375  -59.493  -3.544 0.0000000000
16684  40.308  -59.204  -3.739 0.0000000000
16685  39.408  -58.929  -3.853 0.0000000000
16686  38.101  -58.856  -3.006 0.0000000000
16687  37.531  -58.654  -3.645 0.0000000000
16688  36.291  -58.925  -3.640 0.0000000000
16689  31.407  -58.655  -3.425 0.0000000000
16690  30.652  -59.034  -3.162 0.0000000000
16702  45.217  -58.097  -4.021 0.0000000000
16703  44.385  -58.632  -4.900 0.0000000000
16704  43.981  -58.797  -5.284 0.0000000000
16705  42.780  -59.295  -4.964 0.0000000000
16706  41.748  -59.001  -5.278 0.0000000000
16707  40.003  -58.762  -4.653 0.0000000000
16708  39.122  -58.554  -4.764 0.0000000000
16709  38.422  -58.658  -3.972 0.0000000000
16710  37.560  -58.675  -4.490 0.0000000000
16711  33.383  -58.190  -4.745 0.0000000000
16712  32.645  -58.422  -4.289 0.0000000000
16725  44.410  -58.229  -5.544 0.0000000000
16726  44.013  -58.410  -5.990 0.0000000000
16727  43.482  -58.811  -5.836 0.0000000000
16728  41.576  -58.594  -6.336 0.0000000000
16729  39.694  -58.461  -5.566 0.0000000000
16730  39.010  -58.422  -5.472 0.0000000000
16731  38.303  -58.519  -5.106 0.0000000000
16732  37.978  -58.715  -5.995 0.0000000000
16733  37.405  -58.936  -5.367 0.0000000000
16734  33.711  -58.527  -5.321 0.0000000000
16742  43.414  -57.786  -7.732 0.0000000000
16743  42.501  -58.598  -6.856 0.0000000000
16744  40.397  -58.360  -6.865 0.0000000000
16745  39.468  -58.421  -7.065 0.0000000000
16746  38.636  -58.605  -6.664 0.0000000000
16747  37.896  -59.124  -6.754 0.0000000000
16748  34.934  -58.521  -6.476 0.0000000000
16749  34.376  -58.357  -5.792 0.0000000000
16759  43.012  -57.607  -8.640 0.0000000000
16760  42.558  -58.031  -8.864 0.0000000000
16761  40.271  -58.525  -8.395 0.0000000000
16762  39.091  -58.683  -7.656 0.0000000000
16763  38.382  -58.976  -7.298 0.0000000000
16764  36.220  -58.523  -7.844 0.0000000000
16765  35.547  -58.559  -7.135 0.0000000000
16773  42.466  -57.662  -9.741 0.0000000000
16774  42.290  -58.057  -10.116 0.0000000000
16775  40.958  -58.732  -10.310 0.0000000000
16776  39.676  -58.900  -8.925 0.0000000000
16777  36.895  -58.156  -8.515 0.0000000000
16788  42.146  -57.837  -10.478 0.0000000000
16789  41.670  -58.072  -11.051 0.0000000000
16790  40.789  -58.677  -11.530 0.0000000000
16791  39.096  -58.307  -11.470 0.0000000000
16792  38.281  -57.945  -10.268 0.0000000000
16802  40.879  -58.381  -11.599 0.0000000000
16803  40.321  -58.862  -11.975 0.0000000000
16804  39.703  -58.920  -12.173 0.0000000000
16805  38.842  -59.006  -11.768 0.0000000000
17740  46.832  -58.603  2.685 0.0000000000
17742  43.469  -58.191  2.217 0.0000000000
17757  47.767  -57.440  0.780 0.0000000000
17758  47.387  -57.827  1.692 0.0000000000
17759  43.621  -58.121  1.262 0.0000000000
17760  42.892  -57.581  1.412 0.0000000000
17761  42.372  -57.126  1.726 0.0000000000
17779  47.938  -57.142  -0.116 0.0000000000
17780  47.322  -58.166  0.144 0.0000000000
17781  42.901  -57.885  0.351 0.0000000000
17782  42.027  -57.221  0.786 0.0000000000
17783  40.465  -57.449  0.207 0.0000000000
17784  39.541  -57.545  0.259 0.0000000000
17785  38.193  -57.956  0.265 0.0000000000
17787  36.632  -57.970  0.836 0.0000000000
17794  47.875  -56.639  -1.055 0.0000000000
17795  47.321  -57.683  -0.686 0.0000000000
17796  41.890  -57.848  -0.115 0.0000000000
17797  40.903  -58.083  -0.393 0.0000000000
17798  39.906  -58.095  -0.288 0.0000000000
17799  38.951  -58.176  -0.107 0.0000000000
17806  47.110  -57.316  -1.533 0.0000000000
17807  30.703  -57.292  -2.072 0.0000000000
17808  29.937  -57.126  -1.791 0.0000000000
17813  46.026  -57.593  -2.799 0.0000000000
17814  32.741  -57.092  -2.974 0.0000000000
17815  31.941  -57.414  -2.794 0.0000000000
17816  30.221  -57.907  -2.370 0.0000000000
17817  29.347  -57.774  -2.236 0.0000000000
17822  45.607  -57.414  -3.576 0.0000000000
17823  34.307  -56.495  -3.392 0.0000000000
17824  33.248  -57.377  -3.714 0.0000000000
17825  32.462  -57.764  -3.587 0.0000000000
17826  31.629  -57.980  -3.198 0.0000000000
17831  45.299  -57.245  -4.428 0.0000000000
17832  35.129  -57.176  -5.242 0.0000000000
17833  34.477  -57.281  -4.726 0.0000000000
17849  44.722  -57.413  -5.691 0.0000000000
17850  44.283  -57.810  -6.330 0.0000000000
17851  36.105  -56.954  -6.000 0.0000000000
17852  34.725  -57.683  -5.507 0.0000000000
17866  44.436  -57.161  -6.518 0.0000000000
17867  44.086  -57.368  -7.087 0.0000000000
17868  36.209  -57.318  -6.646 0.0000000000
17869  35.526  -57.931  -6.592 0.0000000000
17870  34.984  -57.963  -6.073 0.0000000000
17886  43.752  -57.056  -7.787 0.0000000000
17887  43.426  -57.254  -8.293 0.0000000000
17888  37.143  -57.517  -8.149 0.0000000000
17889  36.704  -57.388  -7.411 0.0000000000
17890  36.118  -57.907  -7.244 0.0000000000
17911  43.405  -57.008  -8.446 0.0000000000
17912  42.849  -57.196  -9.161 0.0000000000
17913  42.308  -57.519  -10.124 0.0000000000
17914  39.456  -57.138  -9.896 0.0000000000
17915  38.420  -57.367  -9.551 0.0000000000
17916  37.600  -57.731  -9.100 0.0000000000
17933  41.931  -57.755  -10.707 0.0000000000
17934  41.164  -57.878  -11.299 0.0000000000
17935  40.171  -57.588  -11.061 0.0000000000
17936  39.248  -57.673  -10.801 0.0000000000
17956  40.220  -58.253  -11.754 0.0000000000
18930  46.690  -57.348  2.383 0.0000000000
18945  47.971  -56.715  0.782 0.0000000000
18946  47.514  -56.429  1.365 0.0000000000
18967  48.382  -56.265  -0.023 0.0000000000
18968  41.057  -56.857  0.775 0.0000000000
18972  48.455  -55.881  -0.787 0.0000000000
18973  48.174  -55.775  -1.214 0.0000000000
18974  31.543  -56.187  -1.196 0.0000000000
18975  30.686  -56.049  -0.926 0.0000000000
18976  29.976  -55.861  -0.850 0.0000000000
18984  47.329  -56.547  -1.564 0.0000000000
18985  46.694  -56.668  -2.014 0.0000000000
18986  33.001  -55.850  -1.501 0.0000000000
18987  32.309  -56.309  -1.640 0.0000000000
18988  31.675  -56.642  -1.767 0.0000000000
18989  30.859  -56.694  -1.584 0.0000000000
18990  30.050  -56.412  -1.280 0.0000000000
18999  46.685  -57.096  -2.214 0.0000000000
19000  46.054  -56.907  -2.923 0.0000000000
19001  45.387  -56.423  -3.326 0.0000000000
19002  33.981  -56.194  -2.637 0.0000000000
19003  33.076  -56.420  -2.293 0.0000000000
19004  32.194  -56.825  -2.281 0.0000000000
19008  45.149  -56.506  -4.207 0.0000000000
19009  35.034  -56.262  -3.692 0.0000000000
19010  33.544  -56.763  -3.158 0.0000000000
19018  44.939  -56.688  -5.112 0.0000000000
19019  36.125  -56.280  -4.846 0.0000000000
19020  35.261  -56.640  -4.577 0.0000000000
19037  44.532  -56.686  -6.048 0.0000000000
19038  43.710  -55.743  -5.586 0.0000000000
19039  38.048  -56.106  -6.351 0.0000000000
19040  37.169  -56.274  -5.975 0.0000000000
19041  36.442  -56.499  -5.639 0.0000000000
19042  35.741  -56.817  -5.392 0.0000000000
19055  44.071  -56.703  -6.996 0.0000000000
19056  43.413  -56.348  -7.347 0.0000000000
19057  42.533  -56.171  -7.509 0.0000000000
19058  40.713  -56.107  -7.229 0.0000000000
19059  39.679  -56.122  -7.026 0.0000000000
19060  38.753  -56.259  -7.108 0.0000000000
19061  37.323  -56.564  -6.786 0.0000000000
19062  36.659  -56.725  -6.369 0.0000000000
19069  43.650  -56.859  -7.837 0.0000000000
19070  43.263  -56.695  -8.210 0.0000000000
19071  42.507  -56.526  -8.483 0.0000000000
19072  41.288  -56.421  -8.434 0.0000000000
19073  39.414  -56.388  -7.852 0.0000000000
19074  38.606  -56.543  -7.966 0.0000000000
19075  37.374  -56.927  -7.609 0.0000000000
19076  36.836  -56.949  -6.986 0.0000000000
19085  43.065  -56.931  -8.904 0.0000000000
19086  42.463  -56.923  -9.569 0.0000000000
19087  41.361  -56.766  -9.673 0.0000000000
19088  40.346  -56.837  -9.729 0.0000000000
19089  38.540  -56.872  -8.777 0.0000000000
19090  37.806  -57.143  -8.526 0.0000000000
19100  42.052  -57.263  -10.301 0.0000000000
19101  41.380  -57.290  -10.553 0.0000000000
19102  40.528  -57.298  -10.604 0.0000000000
20044  46.485  -55.765  1.999 0.0000000000
20063  47.634  -55.183  0.977 0.0000000000
20080  48.602  -55.159  -0.667 0.0000000000
20081  31.462  -54.881  0.144 0.0000000000
20082  30.792  -54.904  0.040 0.0000000000
20084  48.574  -55.128  -0.991 0.0000000000
20085  48.295  -55.065  -1.121 0.0000000000
20086  47.127  -55.302  -1.102 0.0000000000
20087  45.647  -55.460  -0.876 0.0000000000
20088  33.057  -55.338  -0.832 0.0000000000
20089  31.361  -55.512  -0.450 0.0000000000
20090  30.378  -55.403  -0.462 0.0000000000
20097  47.279  -56.017  -1.557 0.0000000000
20098  46.103  -56.012  -1.639 0.0000000000
20099  44.365  -55.270  -0.950 0.0000000000
20100  34.881  -55.032  -1.849 0.0000000000
20101  33.559  -55.455  -1.368 0.0000000000
20102  32.278  -55.739  -0.936 0.0000000000
20114  46.158  -56.528  -2.317 0.0000000000
20115  45.249  -56.033  -2.389 0.0000000000
20116  43.653  -55.239  -2.707 0.0000000000
20117  42.897  -54.999  -3.234 0.0000000000
20118  35.913  -55.129  -2.814 0.0000000000
20119  35.173  -55.365  -2.527 0.0000000000
20120  34.443  -55.598  -2.245 0.0000000000
20121  33.711  -55.801  -1.941 0.0000000000
20126  44.805  -55.982  -3.826 0.0000000000
20127  43.965  -55.450  -3.780 0.0000000000
20128  43.024  -55.172  -4.151 0.0000000000
20129  41.290  -55.050  -4.138 0.0000000000
20130  40.397  -54.988  -3.895 0.0000000000
20131  38.855  -55.178  -4.167 0.0000000000
20132  37.975  -55.069  -3.873 0.0000000000
20133  37.050  -55.221  -3.784 0.0000000000
20134  36.251  -55.442  -3.555 0.0000000000
20135  35.475  -55.679  -3.261 0.0000000000
20136  34.734  -55.936  -2.945 0.0000000000
20146  44.630  -55.986  -4.563 0.0000000000
20147  43.852  -55.562  -4.755 0.0000000000
20148  43.002  -55.377  -4.951 0.0000000000
20149  41.501  -55.333  -4.901 0.0000000000
20150  40.645  -55.297  -4.667 0.0000000000
20151  39.697  -55.288  -4.528 0.0000000000
20152  38.210  -55.422  -4.731 0.0000000000
20153  37.388  -55.518  -4.558 0.0000000000
20154  36.580  -55.712  -4.338 0.0000000000
20155  35.792  -56.002  -4.039 0.0000000000
20167  44.415  -56.101  -5.415 0.0000000000
20168  42.825  -55.588  -5.711 0.0000000000
20169  41.903  -55.562  -5.702 0.0000000000
20170  40.946  -55.530  -5.510 0.0000000000
20171  39.407  -55.576  -5.398 0.0000000000
20172  38.538  -55.668  -5.498 0.0000000000
20173  37.686  -55.796  -5.411 0.0000000000
20174  36.897  -55.986  -5.160 0.0000000000
20189  43.582  -55.972  -6.455 0.0000000000
20190  42.641  -55.812  -6.581 0.0000000000
20191  41.492  -55.807  -6.612 0.0000000000
20192  40.177  -55.754  -6.148 0.0000000000
20193  39.063  -55.872  -6.261 0.0000000000
21105  47.272  -54.491  1.201 0.0000000000
21123  48.509  -54.389  -0.499 0.0000000000
21124  48.268  -53.981  0.190 0.0000000000
21125  47.537  -53.322  0.832 0.0000000000
21135  48.478  -54.478  -0.843 0.0000000000
21136  48.214  -53.594  -0.533 0.0000000000
21137  46.242  -54.035  -0.126 0.0000000000
21138  44.595  -54.293  0.345 0.0000000000
21139  43.444  -54.415  0.161 0.0000000000
21140  42.597  -53.811  0.511 0.0000000000
21141  33.648  -54.079  0.243 0.0000000000
21142  32.758  -54.343  0.403 0.0000000000
21143  31.870  -54.431  0.510 0.0000000000
21144  31.109  -54.407  0.460 0.0000000000
21147  48.183  -54.198  -0.903 0.0000000000
21148  46.703  -54.628  -0.595 0.0000000000
21149  45.167  -54.900  -0.201 0.0000000000
21150  43.367  -54.754  -0.754 0.0000000000
21151  40.925  -53.943  -0.954 0.0000000000
21152  35.031  -54.015  -0.721 0.0000000000
21153  34.158  -54.380  -0.469 0.0000000000
21154  33.299  -54.714  -0.276 0.0000000000
21155  32.311  -55.052  -0.145 0.0000000000
21160  43.459  -55.043  -1.713 0.0000000000
21161  42.634  -54.616  -1.398 0.0000000000
21162  41.275  -54.336  -1.811 0.0000000000
21163  40.415  -54.140  -1.688 0.0000000000
21164  39.060  -54.012  -1.805 0.0000000000
21165  38.268  -54.091  -1.938 0.0000000000
21166  36.755  -54.174  -1.864 0.0000000000
21167  36.010  -54.263  -1.707 0.0000000000
21168  35.303  -54.446  -1.450 0.0000000000
21169  34.562  -54.677  -1.190 0.0000000000
21170  33.808  -54.973  -0.963 0.0000000000
21182  41.826  -54.682  -2.678 0.0000000000
21183  40.752  -54.475  -2.487 0.0000000000
21184  39.755  -54.338  -2.315 0.0000000000
21185  38.756  -54.419  -2.600 0.0000000000
21186  37.869  -54.419  -2.563 0.0000000000
21187  36.329  -54.613  -2.357 0.0000000000
21188  35.591  -54.790  -2.124 0.0000000000
21195  42.045  -54.932  -3.663 0.0000000000
21196  41.075  -54.767  -3.327 0.0000000000
21197  38.775  -54.794  -3.426 0.0000000000
21198  37.458  -54.773  -3.190 0.0000000000
21199  36.676  -54.915  -3.065 0.0000000000
22212  48.000  -52.453  0.097 0.0000000000
22214  44.417  -53.259  0.907 0.0000000000
22215  43.234  -53.264  1.270 0.0000000000
22216  42.203  -53.135  1.228 0.0000000000
22217  34.763  -53.015  0.556 0.0000000000
22218  33.423  -53.172  1.206 0.0000000000
22219  32.694  -53.246  1.341 0.0000000000
22220  31.785  -53.159  1.382 0.0000000000
22230  48.054  -52.845  -0.286 0.0000000000
22231  47.536  -52.744  -0.469 0.0000000000
22232  43.745  -53.856  0.756 0.0000000000
22233  41.710  -53.433  0.570 0.0000000000
22234  40.950  -53.346  0.214 0.0000000000
22235  40.254  -53.127  0.121 0.0000000000
22236  35.359  -53.327  -0.175 0.0000000000
22237  34.497  -53.712  0.027 0.0000000000
22238  33.127  -53.704  0.842 0.0000000000
22239  32.255  -53.828  0.950 0.0000000000
22240  31.429  -53.837  0.856 0.0000000000
22245  41.617  -53.858  -0.242 0.0000000000
22246  40.453  -53.511  -0.390 0.0000000000
22247  39.637  -53.227  -0.337 0.0000000000
22248  38.703  -53.206  -0.604 0.0000000000
22249  37.796  -53.361  -0.884 0.0000000000
22250  36.909  -53.354  -0.817 0.0000000000
22251  36.075  -53.373  -0.660 0.0000000000
22254  40.071  -53.741  -1.009 0.0000000000
22255  39.292  -53.626  -1.109 0.0000000000
22256  38.508  -53.668  -1.306 0.0000000000
22257  37.206  -53.735  -1.399 0.0000000000
22258  36.436  -53.771  -1.277 0.0000000000
22259  35.726  -53.894  -1.103 0.0000000000
23333  43.214  -51.962  1.844 0.0000000000
23334  42.444  -51.986  2.060 0.0000000000
23335  32.625  -52.066  2.063 0.0000000000
23348  47.476  -50.893  -0.051 0.0000000000
23349  45.384  -52.239  0.504 0.0000000000
23350  43.787  -52.583  1.414 0.0000000000
23351  42.744  -52.581  1.662 0.0000000000
23352  40.266  -52.222  1.276 0.0000000000
23353  39.554  -52.202  0.933 0.0000000000
23354  38.693  -51.847  1.019 0.0000000000
23355  35.943  -51.995  0.889 0.0000000000
23356  35.049  -52.318  1.074 0.0000000000
23357  34.087  -52.673  1.292 0.0000000000
23358  33.152  -52.674  1.625 0.0000000000
23370  47.233  -51.142  -0.389 0.0000000000
23371  46.902  -52.036  -0.391 0.0000000000
23372  41.312  -52.964  1.010 0.0000000000
23373  40.495  -52.771  0.734 0.0000000000
23374  39.805  -52.733  0.397 0.0000000000
23375  38.008  -52.222  0.492 0.0000000000
23376  37.181  -52.480  0.181 0.0000000000
23377  36.324  -52.493  0.278 0.0000000000
23378  35.569  -52.657  0.405 0.0000000000
23382  38.916  -52.595  0.224 0.0000000000
23383  37.310  -52.975  -0.405 0.0000000000
23384  36.625  -52.913  -0.273 0.0000000000
23385  35.976  -52.898  -0.127 0.0000000000
24358  42.774  -51.335  2.163 0.0000000000
24359  41.755  -51.484  2.274 0.0000000000
24360  40.805  -51.064  2.377 0.0000000000
24361  39.840  -50.952  2.220 0.0000000000
24362  38.964  -50.929  2.048 0.0000000000
24363  37.587  -50.830  1.994 0.0000000000
24364  36.667  -51.015  1.832 0.0000000000
24365  35.721  -51.026  2.021 0.0000000000
24366  34.739  -51.153  2.239 0.0000000000
24367  33.176  -51.343  2.423 0.0000000000
24368  32.370  -51.392  2.303 0.0000000000
24381  47.400  -50.376  0.053 0.0000000000
24382  46.912  -50.531  0.953 0.0000000000
24383  45.651  -51.087  0.200 0.0000000000
24384  44.609  -50.754  0.904 0.0000000000
24385  40.927  -51.917  1.866 0.0000000000
24386  40.179  -51.615  1.794 0.0000000000
24387  39.410  -51.557  1.549 0.0000000000
24388  38.229  -51.278  1.596 0.0000000000
24389  37.387  -51.401  1.380 0.0000000000
24390  36.664  -51.631  1.139 0.0000000000
24391  35.341  -51.633  1.551 0.0000000000
24392  34.478  -51.883  1.701 0.0000000000
24393  33.588  -52.045  1.935 0.0000000000
24403  47.201  -50.610  -0.375 0.0000000000
24404  46.719  -51.174  -0.409 0.0000000000
24405  37.920  -51.727  1.030 0.0000000000
24406  37.300  -51.906  0.781 0.0000000000
24407  36.677  -52.094  0.643 0.0000000000
25287  34.332  -50.316  2.782 0.0000000000
25301  45.633  -49.718  1.881 0.0000000000
25302  43.539  -50.406  1.675 0.0000000000
25303  42.253  -50.539  2.398 0.0000000000
25304  41.299  -50.235  2.566 0.0000000000
25305  40.268  -50.076  2.619 0.0000000000
25306  38.752  -50.160  2.534 0.0000000000
25307  37.933  -50.165  2.524 0.0000000000
25308  37.071  -50.312  2.461 0.0000000000
25309  36.186  -50.416  2.460 0.0000000000
25310  35.295  -50.456  2.579 0.0000000000
25311  33.386  -50.499  2.687 0.0000000000
25312  32.493  -50.641  2.501 0.0000000000
25327  47.169  -49.995  0.322 0.0000000000
25328  45.826  -49.972  -0.365 0.0000000000
25329  44.972  -49.502  0.068 0.0000000000
25334  47.317  -50.186  -0.217 0.0000000000
25335  47.066  -50.135  -0.440 0.0000000000
25336  46.601  -50.411  -0.468 0.0000000000
26235  36.940  -48.846  3.088 0.0000000000
26236  36.076  -49.073  3.164 0.0000000000
26237  35.239  -49.210  3.156 0.0000000000
26238  34.413  -49.388  3.056 0.0000000000
26239  33.582  -49.672  2.894 0.0000000000
26259  45.836  -48.426  0.470 0.0000000000
26260  43.848  -49.328  0.954 0.0000000000
26261  42.908  -48.940  1.590 0.0000000000
26262  41.962  -48.781  2.187 0.0000000000
26263  37.472  -49.511  2.852 0.0000000000
26264  36.584  -49.694  2.874 0.0000000000
26265  35.733  -49.807  2.905 0.0000000000
26266  35.000  -49.856  2.960 0.0000000000
26267  32.920  -49.225  2.737 0.0000000000
26268  32.302  -49.752  2.478 0.0000000000
26279  47.158  -49.759  -0.112 0.0000000000
26280  46.838  -49.453  0.295 0.0000000000
26281  45.991  -48.882  -0.518 0.0000000000
26282  44.969  -48.503  -0.373 0.0000000000
26283  43.982  -48.588  0.180 0.0000000000
26287  46.751  -49.161  -0.060 0.0000000000
27185  37.240  -47.980  3.012 0.0000000000
27186  36.377  -48.295  3.118 0.0000000000
27187  35.558  -48.469  3.151 0.0000000000
27188  34.706  -48.570  3.099 0.0000000000
27189  33.734  -48.687  2.912 0.0000000000
27209  45.170  -47.747  0.966 0.0000000000
27210  42.329  -48.381  1.415 0.0000000000
27211  41.379  -48.274  2.095 0.0000000000
27212  40.442  -48.398  2.503 0.0000000000
27213  39.521  -48.632  2.726 0.0000000000
27214  38.703  -48.453  2.835 0.0000000000
27215  37.829  -48.641  2.988 0.0000000000
27216  34.315  -47.885  2.836 0.0000000000
27217  32.912  -48.384  2.571 0.0000000000
27218  32.321  -48.075  2.112 0.0000000000
27223  45.309  -47.973  -0.225 0.0000000000
27224  44.610  -47.923  -0.416 0.0000000000
27225  43.476  -48.263  0.215 0.0000000000
27226  41.674  -47.844  1.228 0.0000000000
27236  44.766  -47.536  -0.210 0.0000000000
27237  44.033  -47.652  -0.409 0.0000000000
28190  36.535  -47.726  2.933 0.0000000000
28191  35.878  -47.817  3.000 0.0000000000
28192  35.120  -47.877  2.976 0.0000000000
28206  40.692  -47.720  2.002 0.0000000000
28207  39.716  -47.780  2.422 0.0000000000
28208  38.757  -47.653  2.576 0.0000000000
28209  37.817  -47.450  2.614 0.0000000000
28210  36.962  -47.350  2.664 0.0000000000
28211  36.177  -47.324  2.669 0.0000000000
28212  34.869  -47.314  2.587 0.0000000000
28213  34.102  -47.253  2.408 0.0000000000
28214  32.919  -47.716  2.293 0.0000000000
28224  44.897  -47.445  0.424 0.0000000000
28225  44.494  -47.122  0.326 0.0000000000
28226  42.891  -47.961  0.175 0.0000000000
28227  40.803  -47.453  1.275 0.0000000000
28228  39.974  -47.274  1.820 0.0000000000
28229  33.398  -47.201  2.135 0.0000000000
28230  32.613  -47.242  1.718 0.0000000000
28231  31.834  -47.766  1.468 0.0000000000
28243  44.282  -47.187  -0.147 0.0000000000
28244  43.506  -47.258  -0.524 0.0000000000
28245  42.340  -47.672  -0.065 0.0000000000
28246  41.181  -47.470  0.305 0.0000000000
28247  40.119  -47.132  0.253 0.0000000000
28248  31.943  -46.975  1.078 0.0000000000
28249  31.359  -47.543  0.770 0.0000000000
28255  42.935  -47.230  -0.703 0.0000000000
28256  42.224  -47.422  -0.841 0.0000000000
29245  39.233  -47.262  2.168 0.0000000000
29246  37.396  -46.936  2.279 0.0000000000
29247  36.554  -46.909  2.307 0.0000000000
29248  35.597  -46.913  2.301 0.0000000000
29249  34.658  -46.790  2.090 0.0000000000
29250  33.949  -46.772  1.965 0.0000000000
29261  43.915  -46.706  0.414 0.0000000000
29262  40.094  -47.050  1.077 0.0000000000
29263  39.258  -46.934  1.613 0.0000000000
29264  38.473  -46.696  1.327 0.0000000000
29265  37.648  -46.651  1.693 0.0000000000
29266  36.196  -46.590  1.769 0.0000000000
29267  35.268  -46.515  1.577 0.0000000000
29268  34.274  -46.365  1.343 0.0000000000
29269  33.391  -46.635  1.553 0.0000000000
29270  32.684  -46.491  1.088 0.0000000000
29276  43.621  -46.784  -0.119 0.0000000000
29277  43.176  -46.755  -0.493 0.0000000000
29278  39.284  -46.802  0.840 0.0000000000
29280  37.726  -46.566  0.884 0.0000000000
29281  35.954  -46.393  0.911 0.0000000000
29282  35.028  -46.232  0.697 0.0000000000
29283  34.170  -45.941  0.359 0.0000000000
29284  33.463  -46.101  0.813 0.0000000000
29285  32.119  -46.399  0.616 0.0000000000
29286  31.395  -46.727  0.348 0.0000000000
29293  42.738  -46.845  -0.893 0.0000000000
29294  42.396  -46.958  -1.422 0.0000000000
29301  31.932  -45.962  0.020 0.0000000000
30350  33.398  -45.744  -0.032 0.0000000000
30361  33.231  -45.600  -0.804 0.0000000000
30362  32.636  -45.667  -0.429 0.0000000000
107663  36.571  -66.156  -2.052 0.0000000000
107679  34.030  -57.923  -5.135 0.0000000000
107701  33.085  -57.870  -4.195 0.0000000000
107765  33.796  -62.379  -7.416 0.0000000000
107767  36.128  -58.687  -2.025 0.0000000000
107901  33.476  -63.048  -7.939 0.0000000000
107924  24.039  -74.715  -10.718 0.0000000000
107959  42.295  -66.398  10.221 0.0000000000
108500  21.940  -72.243  -12.544 0.0000000000
108547  42.170  -55.175  -4.467 0.0000000000
108560  37.540  -65.677  -1.131 0.0000000000
108604  44.596  -55.740  -3.051 0.0000000000
108614  31.420  -57.091  -2.172 0.0000000000
108639  37.446  -66.004  -2.853 0.0000000000
108692  42.896  -49.757  2.047 0.0000000000
108754  31.528  -69.477  -3.102 0.0000000000
108836  41.878  -58.399  -7.554 0.0000000000
108883  45.471  -59.114  -0.253 0.0000000000
108897  39.051  -59.045  -1.461 0.0000000000
108961  37.075  -58.784  -2.124 0.0000000000
109002  37.288  -65.980  -1.799 0.0000000000
109045  43.761  -58.105  -6.868 0.0000000000
109240  38.952  -59.090  -3.044 0.0000000000
109241  38.612  -59.122  -2.226 0.0000000000
109334  39.354  -56.654  -8.794 0.0000000000
109416  33.403  -66.268  -2.944 0.0000000000
109442  41.597  -58.445  -9.952 0.0000000000
109497  34.603  -62.408  2.255 0.0000000000
109599  41.599  -64.084  7.198 0.0000000000
109610  41.797  -54.293  -1.135 0.0000000000
109723  39.774  -59.306  -3.001 0.0000000000
109824  39.050  -63.257  -9.895 0.0000000000
109976  37.910  -60.434  -7.596 0.0000000000
110142  41.734  -52.400  1.698 0.0000000000
110175  33.921  -50.994  2.532 0.0000000000
110192  41.880  -63.668  4.664 0.0000000000
110197  32.278  -64.048  -8.321 0.0000000000
110215  15.017  -70.215  -13.619 0.0000000000
110285  42.608  -58.902  -5.998 0.0000000000
110297  31.865  -70.664  1.799 0.0000000000
110446  35.452  -65.798  -1.436 0.0000000000
110646  36.429  -62.494  0.941 0.0000000000
110691  25.561  -66.908  -8.056 0.0000000000
110854  40.753  -64.054  0.790 0.0000000000
110868  23.962  -76.194  -8.084 0.0000000000
110875  27.230  -75.200  2.384 0.0000000000
110949  35.160  -66.591  -4.877 0.0000000000
110953  42.249  -55.381  -5.116 0.0000000000
111001  32.440  -61.331  1.035 0.0000000000
111076  36.430  -60.350  -5.761 0.0000000000
111145  32.148  -69.484  -4.427 0.0000000000
111192  40.685  -58.637  -5.516 0.0000000000
111199  21.397  -73.984  -8.448 0.0000000000
111290  27.517  -68.345  -11.664 0.0000000000
111352  43.007  -58.237  -7.701 0.0000000000
111387  24.660  -66.338  -7.526 0.0000000000
111642  22.240  -66.146  -11.057 0.0000000000
111652  21.620  -70.937  -1.888 0.0000000000
111675  31.713  -65.995  -6.750 0.0000000000
111703  40.973  -59.101  -4.521 0.0000000000
111771  45.525  -56.871  -3.757 0.0000000000
111773  35.979  -65.712  2.976 0.0000000000
111812  42.531  -54.338  -0.469 0.0000000000
111884  24.069  -72.686  -9.699 0.0000000000
112151  36.425  -66.983  7.221 0.0000000000
112284  30.775  -63.435  -6.727 0.0000000000
112503  25.508  -69.081  -2.614 0.0000000000
112568  24.642  -70.078  -2.926 0.0000000000
112577  40.260  -56.519  -8.673 0.0000000000
112581  38.011  -56.747  -8.037 0.0000000000
112610  23.885  -74.312  -12.218 0.0000000000
112629  20.599  -75.708  -13.240 0.0000000000
112658  21.366  -73.797  -13.984 0.0000000000
112786  44.341  -55.514  -2.042 0.0000000000
112831  39.291  -58.393  -6.197 0.0000000000
112904  14.969  -69.943  -13.075 0.0000000000
112997  30.005  -63.647  -6.518 0.0000000000
113080  42.072  -49.549  2.410 0.0000000000
113174  25.135  -76.528  -1.899 0.0000000000
113190  22.873  -74.667  -12.105 0.0000000000
113215  20.143  -73.517  -10.990 0.0000000000
113271  36.870  -58.774  -4.095 0.0000000000
113352  23.482  -69.431  -4.187 0.0000000000
113505  38.887  -63.204  4.366 0.0000000000
113522  32.470  -69.899  -5.457 0.0000000000
113598  33.309  -59.829  -5.580 0.0000000000
113610  38.501  -61.152  -8.123 0.0000000000
113634  38.084  -47.982  2.883 0.0000000000
113683  35.374  -58.590  -0.068 0.0000000000
113720  41.407  -66.988  10.353 0.0000000000
113758  24.653  -67.612  -10.644 0.0000000000
113874  35.303  -62.462  2.130 0.0000000000
114048  18.389  -68.673  -14.004 0.0000000000
114154  31.820  -63.906  -7.707 0.0000000000
114162  33.303  -65.388  1.317 0.0000000000
114312  31.872  -65.368  -0.161 0.0000000000
114376  37.415  -65.670  -3.936 0.0000000000
114383  29.992  -71.436  -5.908 0.0000000000
114399  38.305  -58.570  -10.783 0.0000000000
114435  41.088  -49.172  2.590 0.0000000000
114437  40.351  -67.099  10.134 0.0000000000
114578  33.239  -66.117  2.012 0.0000000000
114735  36.826  -62.407  1.747 0.0000000000
114948  28.049  -72.680  -2.723 0.0000000000
114998  23.969  -72.318  -8.335 0.0000000000
114999  37.865  -62.347  1.797 0.0000000000
115007  34.236  -67.463  2.658 0.0000000000
115040  34.179  -55.277  -1.586 0.0000000000
115073  44.622  -58.705  -4.239 0.0000000000
115075  39.270  -63.888  -5.089 0.0000000000
115098  24.181  -66.614  -8.982 0.0000000000
115149  33.686  -57.624  -4.445 0.0000000000
115181  40.213  -56.319  -7.788 0.0000000000
115208  41.675  -56.184  -7.630 0.0000000000
115241  35.365  -66.999  3.171 0.0000000000
115265  40.934  -52.475  1.340 0.0000000000
115286  44.120  -54.804  -0.170 0.0000000000
115311  27.817  -72.185  2.706 0.0000000000
115406  24.707  -75.700  -8.420 0.0000000000
115460  33.941  -53.411  0.718 0.0000000000
115517  39.371  -49.507  2.706 0.0000000000
115633  23.415  -71.616  -8.306 0.0000000000
115735  34.497  -61.014  -7.149 0.0000000000
115820  36.259  -58.710  -0.955 0.0000000000
115822  33.979  -51.506  2.221 0.0000000000
115856  19.895  -66.936  -12.343 0.0000000000
115874  42.888  -64.399  7.338 0.0000000000
115921  22.936  -67.928  -13.874 0.0000000000
115938  23.562  -74.032  -2.041 0.0000000000
115944  34.394  -66.553  -3.722 0.0000000000
115967  22.546  -68.993  1.751 0.0000000000
115997  20.821  -73.365  -8.030 0.0000000000
116150  31.419  -71.223  -5.537 0.0000000000
116162  22.710  -65.763  -5.500 0.0000000000
116169  27.742  -66.145  -7.143 0.0000000000
116175  21.988  -65.395  -7.958 0.0000000000
116200  35.485  -57.414  -5.925 0.0000000000
116262  23.513  -71.248  -6.702 0.0000000000
116288  26.957  -72.304  -2.596 0.0000000000
116303  24.597  -72.878  -5.256 0.0000000000
116305  38.882  -62.302  1.783 0.0000000000
116488  44.264  -58.587  1.251 0.0000000000
116533  48.250  -53.004  -0.122 0.0000000000
116815  21.396  -69.338  -0.257 0.0000000000
116830  26.880  -74.369  0.538 0.0000000000
116847  31.755  -71.138  3.747 0.0000000000
116885  28.823  -65.141  -6.620 0.0000000000
116901  18.693  -71.086  -17.983 0.0000000000
116943  37.974  -56.486  -7.319 0.0000000000
116959  22.901  -65.451  -6.164 0.0000000000
116963  47.908  -53.357  -0.669 0.0000000000
117120  38.002  -52.773  -0.199 0.0000000000
117131  25.273  -70.176  1.133 0.0000000000
117165  40.299  -64.487  -0.774 0.0000000000
117212  23.515  -66.001  -8.827 0.0000000000
117224  30.904  -66.090  -0.866 0.0000000000
117271  23.338  -70.814  1.525 0.0000000000
117288  24.260  -70.322  1.336 0.0000000000
117378  30.435  -72.364  3.596 0.0000000000
117396  41.275  -57.447  0.238 0.0000000000
117633  18.164  -68.172  -13.298 0.0000000000
117643  33.086  -61.717  -0.286 0.0000000000
117742  15.619  -72.625  -13.771 0.0000000000
117782  30.191  -67.271  -5.622 0.0000000000
117817  40.156  -54.668  -3.114 0.0000000000
117885  25.195  -74.165  -8.664 0.0000000000
117901  36.906  -46.501  1.152 0.0000000000
117912  35.452  -66.070  -1.978 0.0000000000
117928  21.884  -68.904  -16.467 0.0000000000
117999  47.396  -51.940  -0.111 0.0000000000
118003  37.121  -68.413  5.289 0.0000000000
118010  36.524  -65.377  -6.184 0.0000000000
118027  37.100  -66.133  -2.251 0.0000000000
118057  23.399  -71.988  -9.543 0.0000000000
118146  37.843  -64.924  -5.423 0.0000000000
118165  39.398  -54.612  -3.025 0.0000000000
118166  25.597  -75.176  1.850 0.0000000000
118236  19.359  -68.509  -10.026 0.0000000000
118345  43.558  -59.131  -4.948 0.0000000000
118352  23.562  -66.861  -4.019 0.0000000000
118363  24.901  -72.211  1.581 0.0000000000
118388  45.975  -48.891  1.094 0.0000000000
118450  17.409  -69.867  -11.233 0.0000000000
118456  40.153  -55.490  -5.221 0.0000000000
118462  27.394  -74.256  -2.762 0.0000000000
118514  21.925  -68.713  -14.746 0.0000000000
118565  30.155  -72.061  1.628 0.0000000000
118661  22.539  -70.238  1.509 0.0000000000
118722  21.199  -75.244  -13.418 0.0000000000
118795  32.904  -49.954  2.733 0.0000000000
118816  40.432  -64.178  7.128 0.0000000000
118834  32.032  -58.339  -3.710 0.0000000000
119080  24.024  -74.798  -1.622 0.0000000000
119140  38.778  -57.656  0.386 0.0000000000
119361  18.868  -72.216  -12.871 0.0000000000
119363  28.146  -68.210  2.008 0.0000000000
119549  27.040  -69.250  1.514 0.0000000000
119687  20.318  -72.452  -13.103 0.0000000000
119716  26.034  -72.126  -2.657 0.0000000000
119756  29.615  -68.046  -5.533 0.0000000000
119824  29.219  -73.087  -2.913 0.0000000000
119891  39.947  -64.458  0.784 0.0000000000
119916  31.139  -57.680  -2.543 0.0000000000
119977  21.705  -72.497  -12.915 0.0000000000
120020  45.681  -53.456  0.264 0.0000000000
120039  33.216  -70.940  3.571 0.0000000000
120090  24.098  -75.775  -4.190 0.0000000000
120208  24.734  -73.530  -9.676 0.0000000000
120239  18.596  -68.458  -15.359 0.0000000000
120444  36.066  -51.452  1.464 0.0000000000
120462  27.954  -61.555  -4.341 0.0000000000
120507  37.089  -54.489  -2.516 0.0000000000
120623  24.849  -67.489  -9.891 0.0000000000
120635  37.609  -64.527  -10.454 0.0000000000
120698  44.289  -51.750  1.313 0.0000000000
120738  22.665  -72.354  0.937 0.0000000000
120750  15.524  -74.122  -17.496 0.0000000000
120812  22.572  -69.765  -16.413 0.0000000000
120873  30.757  -70.641  3.679 0.0000000000
120891  32.877  -67.533  -9.931 0.0000000000
121050  24.891  -74.713  1.647 0.0000000000
121066  26.024  -69.522  1.079 0.0000000000
121212  38.931  -55.428  -4.850 0.0000000000
121265  24.434  -65.819  -5.229 0.0000000000
121350  44.904  -57.992  -4.892 0.0000000000
121351  47.307  -58.407  1.488 0.0000000000
121431  38.463  -67.647  5.943 0.0000000000
121478  32.265  -48.906  2.354 0.0000000000
121526  42.197  -64.219  4.252 0.0000000000
121537  48.361  -55.411  0.247 0.0000000000
121660  45.885  -59.903  3.169 0.0000000000
121741  14.915  -72.751  -15.347 0.0000000000
121809  39.545  -54.920  -3.682 0.0000000000
121933  15.302  -73.484  -17.318 0.0000000000
122060  30.186  -58.641  -2.749 0.0000000000
122094  38.179  -65.445  3.365 0.0000000000
122112  24.605  -67.064  -3.543 0.0000000000
122124  37.837  -61.137  -7.428 0.0000000000
122152  37.511  -54.134  -1.951 0.0000000000
122164  38.286  -50.688  2.157 0.0000000000
122197  37.838  -58.980  -2.187 0.0000000000
122203  38.398  -46.970  2.148 0.0000000000
122217  36.736  -62.817  -0.497 0.0000000000
122243  36.945  -46.641  1.934 0.0000000000
122246  39.442  -50.323  2.488 0.0000000000
122249  37.861  -53.787  -1.497 0.0000000000
122269  38.158  -54.667  -3.152 0.0000000000
122289  21.011  -73.023  -13.556 0.0000000000
122312  36.084  -65.763  -5.551 0.0000000000
122335  34.335  -67.614  -10.154 0.0000000000
122436  35.752  -66.201  -4.947 0.0000000000
122458  32.716  -45.973  0.386 0.0000000000
122471  25.022  -66.195  -4.763 0.0000000000
122541  36.835  -59.127  -4.841 0.0000000000
122590  33.279  -61.116  -1.516 0.0000000000
122619  39.422  -62.648  -9.272 0.0000000000
122680  33.711  -66.533  -3.512 0.0000000000
122710  35.196  -60.480  -4.328 0.0000000000
122743  24.738  -73.139  1.621 0.0000000000
122766  40.526  -63.700  -0.565 0.0000000000
122796  38.652  -58.489  -5.853 0.0000000000
122826  32.526  -65.631  -1.572 0.0000000000
122843  30.276  -68.641  -1.624 0.0000000000
122846  23.964  -69.470  -15.135 0.0000000000
122879  42.825  -65.796  9.514 0.0000000000
122885  36.102  -65.777  -1.259 0.0000000000
122957  33.977  -57.063  -3.914 0.0000000000
123021  30.307  -71.981  -4.238 0.0000000000
123134  27.319  -66.495  -6.308 0.0000000000
123188  46.662  -49.694  -0.410 0.0000000000
123271  31.677  -60.520  -4.543 0.0000000000
123274  23.869  -72.490  1.472 0.0000000000
123276  29.060  -70.615  3.045 0.0000000000
123339  24.847  -76.375  -2.098 0.0000000000
123491  33.942  -65.567  1.981 0.0000000000
123664  22.079  -67.175  -12.953 0.0000000000
123777  42.034  -54.533  -1.883 0.0000000000
123793  27.127  -74.848  2.620 0.0000000000
123837  43.763  -59.427  -3.751 0.0000000000
123853  22.305  -72.119  -0.076 0.0000000000
123954  47.204  -51.523  0.772 0.0000000000
123999  34.595  -56.736  -4.070 0.0000000000
124133  33.818  -65.408  -1.036 0.0000000000
124206  34.859  -62.814  -1.665 0.0000000000
124218  35.616  -58.672  -0.688 0.0000000000
124227  41.733  -67.053  11.033 0.0000000000
124257  34.984  -62.704  -2.808 0.0000000000
124380  22.844  -75.081  -6.116 0.0000000000
124409  34.152  -67.400  -5.585 0.0000000000
124442  42.750  -54.816  -2.296 0.0000000000
124552  23.028  -72.916  0.953 0.0000000000
124648  25.768  -67.882  -3.094 0.0000000000
124681  27.484  -69.272  -12.216 0.0000000000
124690  32.036  -66.619  -6.964 0.0000000000
124841  22.680  -70.233  -7.329 0.0000000000
124842  20.072  -66.228  -10.381 0.0000000000
124858  25.372  -72.002  -2.967 0.0000000000
124882  40.942  -58.767  -0.981 0.0000000000
124897  33.719  -62.225  2.027 0.0000000000
124911  21.389  -75.140  -12.592 0.0000000000
124946  32.302  -70.520  -6.558 0.0000000000
124966  34.901  -67.742  5.613 0.0000000000
124984  33.333  -69.206  -6.759 0.0000000000
125056  21.459  -70.074  -0.440 0.0000000000
125089  32.308  -60.034  -4.820 0.0000000000
125171  45.056  -55.681  -1.546 0.0000000000
125172  27.561  -73.481  0.442 0.0000000000
125231  33.531  -47.827  2.595 0.0000000000
125259  46.169  -59.110  0.078 0.0000000000
125463  36.915  -58.680  -3.433 0.0000000000
125469  32.413  -52.706  1.659 0.0000000000
125475  27.092  -70.106  -12.549 0.0000000000
125497  41.539  -58.376  -8.638 0.0000000000
125522  21.947  -74.399  -11.543 0.0000000000
125556  38.457  -49.331  2.817 0.0000000000
125586  21.142  -73.724  -10.807 0.0000000000
125687  36.895  -65.263  -8.210 0.0000000000
125866  36.432  -63.068  -1.151 0.0000000000
125879  39.440  -64.161  -3.797 0.0000000000
126007  31.477  -72.347  1.928 0.0000000000
126013  33.269  -61.636  -0.942 0.0000000000
126014  42.234  -63.925  4.074 0.0000000000
126017  43.591  -51.308  1.714 0.0000000000
126022  24.402  -75.325  -0.812 0.0000000000
126114  19.272  -67.861  -13.164 0.0000000000
126160  29.252  -69.080  -0.025 0.0000000000
126195  43.703  -57.463  -7.588 0.0000000000
126223  25.425  -75.640  0.964 0.0000000000
126316  43.220  -58.551  -6.764 0.0000000000
126326  32.644  -66.688  -8.894 0.0000000000
126395  36.815  -64.969  -10.885 0.0000000000
126475  40.819  -63.410  4.580 0.0000000000
126504  33.632  -70.901  2.919 0.0000000000
126533  40.133  -49.166  2.690 0.0000000000
126588  35.522  -47.425  2.721 0.0000000000
126600  38.559  -64.010  6.268 0.0000000000
126690  38.633  -65.467  -2.942 0.0000000000
126764  28.690  -67.470  -5.393 0.0000000000
126765  37.610  -58.924  -1.521 0.0000000000
126868  40.538  -59.446  -2.956 0.0000000000
126919  29.729  -60.189  -3.300 0.0000000000
126939  21.582  -66.267  -6.688 0.0000000000
126953  39.725  -53.974  -1.579 0.0000000000
127062  28.477  -68.957  2.396 0.0000000000
127119  17.118  -73.998  -15.263 0.0000000000
127134  41.492  -50.863  2.477 0.0000000000
127218  41.482  -47.625  0.766 0.0000000000
127226  43.386  -58.189  -7.254 0.0000000000
127235  22.906  -70.236  -6.704 0.0000000000
127317  38.399  -60.498  -8.127 0.0000000000
127347  27.997  -64.033  -6.818 0.0000000000
127617  39.240  -61.470  -8.947 0.0000000000
127626  41.871  -59.347  -4.443 0.0000000000
127632  40.969  -53.657  -0.356 0.0000000000
127811  29.101  -75.086  2.577 0.0000000000
127958  25.795  -75.776  -5.411 0.0000000000
128072  45.583  -52.899  0.364 0.0000000000
128111  46.130  -59.750  2.663 0.0000000000
128176  35.925  -66.300  3.237 0.0000000000
128178  25.839  -66.481  -6.378 0.0000000000
128282  39.021  -48.978  2.858 0.0000000000
128284  32.738  -68.563  4.357 0.0000000000
128330  36.595  -57.867  -7.828 0.0000000000
128333  20.196  -70.647  -11.361 0.0000000000
128367  25.354  -66.530  -4.474 0.0000000000
128426  31.826  -67.687  -7.109 0.0000000000
128461  22.362  -75.085  -7.647 0.0000000000
128534  36.407  -59.539  -5.016 0.0000000000
128579  27.390  -69.869  -12.565 0.0000000000
128616  22.905  -70.501  1.594 0.0000000000
128629  41.444  -63.648  2.478 0.0000000000
128699  19.227  -66.455  -18.794 0.0000000000
128770  33.820  -66.106  -10.554 0.0000000000
128776  44.492  -53.768  0.651 0.0000000000
128777  45.040  -57.320  -5.068 0.0000000000
128799  41.225  -66.393  7.173 0.0000000000
128805  19.586  -73.101  -13.743 0.0000000000
128856  40.020  -52.488  0.819 0.0000000000
129024  23.406  -68.731  -4.018 0.0000000000
129122  38.820  -51.412  1.541 0.0000000000
129130  39.198  -48.109  2.688 0.0000000000
129184  34.215  -61.868  -2.560 0.0000000000
129354  36.080  -65.522  -0.755 0.0000000000
129366  36.129  -59.099  -8.095 0.0000000000
129373  37.356  -65.900  -3.374 0.0000000000
129477  23.938  -71.815  -5.676 0.0000000000
129515  43.372  -58.448  -0.278 0.0000000000
129601  35.547  -53.641  -0.676 0.0000000000
129614  39.846  -51.910  1.371 0.0000000000
129624  39.013  -63.667  -4.138 0.0000000000
129705  23.323  -74.592  -11.008 0.0000000000
129785  21.766  -71.339  -2.542 0.0000000000
129819  39.717  -62.417  1.736 0.0000000000
130064  35.489  -64.984  1.787 0.0000000000
130116  44.171  -56.236  -6.148 0.0000000000
130124  33.261  -60.432  -1.467 0.0000000000
