#!ascii label , from subject sub-06 vox2ras=TkReg rh ROI=ITG coords=white from=aparc.a2009s:G_temporal_inf
2373
25495  57.925  -44.728  15.061 0.0000000000
25496  57.327  -45.184  14.925 0.0000000000
25497  56.422  -45.377  14.817 0.0000000000
25498  55.453  -45.286  14.627 0.0000000000
25511  57.384  -44.939  14.644 0.0000000000
25512  56.746  -45.163  14.365 0.0000000000
25513  55.929  -45.278  14.089 0.0000000000
25514  54.566  -44.987  13.976 0.0000000000
25527  56.201  -45.129  14.000 0.0000000000
25528  55.559  -45.150  13.859 0.0000000000
25529  55.068  -45.160  13.897 0.0000000000
26484  59.288  -43.554  17.163 0.0000000000
26496  58.881  -43.941  16.871 0.0000000000
26497  58.215  -44.233  16.599 0.0000000000
26498  57.517  -44.414  16.540 0.0000000000
26499  55.930  -44.104  16.725 0.0000000000
26500  55.046  -44.090  16.628 0.0000000000
26501  54.246  -43.810  16.513 0.0000000000
26512  59.136  -43.659  16.305 0.0000000000
26513  58.519  -44.259  15.809 0.0000000000
26514  57.832  -44.791  15.696 0.0000000000
26515  56.878  -44.944  15.897 0.0000000000
26516  55.765  -44.943  15.720 0.0000000000
26517  54.846  -44.697  15.566 0.0000000000
26518  54.048  -44.371  15.361 0.0000000000
26527  58.803  -43.549  15.593 0.0000000000
26528  58.315  -44.123  15.237 0.0000000000
26529  57.813  -44.327  14.850 0.0000000000
26530  56.245  -44.357  14.358 0.0000000000
26531  54.659  -44.979  14.461 0.0000000000
26532  54.120  -44.626  14.268 0.0000000000
26540  55.643  -45.005  13.792 0.0000000000
26541  55.005  -44.972  13.774 0.0000000000
26542  54.436  -44.632  13.893 0.0000000000
26543  53.200  -43.860  13.730 0.0000000000
27452  60.059  -42.886  19.773 0.0000000000
27453  59.521  -42.942  19.011 0.0000000000
27463  60.356  -42.678  19.354 0.0000000000
27464  59.887  -43.072  18.773 0.0000000000
27465  59.213  -43.399  17.956 0.0000000000
27466  58.335  -43.166  17.977 0.0000000000
27467  56.653  -42.937  17.895 0.0000000000
27468  55.600  -42.757  18.011 0.0000000000
27469  54.706  -42.765  18.055 0.0000000000
27470  53.469  -42.532  18.298 0.0000000000
27471  52.738  -42.384  18.327 0.0000000000
27472  52.073  -42.177  17.906 0.0000000000
27482  59.954  -42.579  17.312 0.0000000000
27483  59.575  -43.137  16.806 0.0000000000
27484  58.537  -43.723  17.338 0.0000000000
27485  57.645  -43.623  17.389 0.0000000000
27486  56.757  -43.922  17.045 0.0000000000
27487  55.245  -43.391  17.456 0.0000000000
27488  54.442  -43.288  17.416 0.0000000000
27489  53.608  -42.964  17.504 0.0000000000
27490  52.821  -42.690  17.196 0.0000000000
27491  52.185  -42.176  16.724 0.0000000000
27502  59.755  -42.474  16.483 0.0000000000
27503  59.398  -42.869  15.897 0.0000000000
27504  53.467  -43.458  16.305 0.0000000000
27505  52.765  -42.945  15.941 0.0000000000
27506  52.177  -42.363  15.542 0.0000000000
27515  59.057  -42.936  15.527 0.0000000000
27516  58.507  -43.349  15.344 0.0000000000
27517  57.238  -44.069  14.660 0.0000000000
27518  55.189  -44.304  14.060 0.0000000000
27519  54.723  -43.322  14.443 0.0000000000
27520  52.679  -43.420  13.859 0.0000000000
27521  52.184  -42.633  14.454 0.0000000000
27528  54.314  -44.188  13.722 0.0000000000
27529  53.388  -43.081  12.987 0.0000000000
27530  53.057  -43.451  13.237 0.0000000000
27531  52.423  -42.864  13.521 0.0000000000
27539  53.353  -42.470  12.479 0.0000000000
27540  52.859  -42.891  12.817 0.0000000000
28491  59.532  -42.557  19.731 0.0000000000
28492  58.709  -42.159  19.261 0.0000000000
28497  53.739  -41.515  19.144 0.0000000000
28498  52.822  -41.484  19.297 0.0000000000
28499  51.064  -41.596  19.044 0.0000000000
28500  50.385  -41.300  19.148 0.0000000000
28501  49.823  -41.100  19.059 0.0000000000
28512  60.388  -41.852  17.651 0.0000000000
28513  58.821  -42.915  18.579 0.0000000000
28514  58.055  -42.374  18.535 0.0000000000
28515  57.114  -42.147  18.503 0.0000000000
28516  56.109  -42.108  18.487 0.0000000000
28517  55.107  -42.146  18.562 0.0000000000
28518  54.090  -42.228  18.589 0.0000000000
28519  53.158  -42.153  18.851 0.0000000000
28520  50.546  -41.318  18.660 0.0000000000
28530  60.121  -41.820  16.649 0.0000000000
28531  51.495  -41.602  17.277 0.0000000000
28532  50.767  -41.116  17.679 0.0000000000
28542  59.737  -41.893  15.975 0.0000000000
28543  58.591  -41.726  15.684 0.0000000000
28544  57.903  -42.061  15.725 0.0000000000
28545  57.070  -42.057  15.882 0.0000000000
28548  51.617  -41.646  16.192 0.0000000000
28549  50.990  -41.072  16.622 0.0000000000
28556  59.800  -41.147  15.717 0.0000000000
28557  58.956  -42.389  15.482 0.0000000000
28558  57.791  -43.133  15.197 0.0000000000
28559  56.611  -43.064  15.215 0.0000000000
28560  55.447  -42.925  15.101 0.0000000000
28562  54.086  -42.853  13.967 0.0000000000
28563  51.683  -41.800  15.143 0.0000000000
28564  51.250  -41.193  15.740 0.0000000000
28571  53.727  -42.713  13.068 0.0000000000
28572  51.828  -42.030  14.185 0.0000000000
28580  54.128  -41.932  12.050 0.0000000000
28581  53.668  -42.393  12.513 0.0000000000
28582  52.781  -42.166  12.525 0.0000000000
28583  52.195  -42.080  13.305 0.0000000000
28593  53.775  -42.126  12.177 0.0000000000
28601  54.093  -41.717  11.665 0.0000000000
29434  51.175  -40.543  19.820 0.0000000000
29435  50.384  -40.530  19.955 0.0000000000
29436  49.497  -40.653  20.040 0.0000000000
29437  48.724  -40.689  20.065 0.0000000000
29438  48.118  -40.556  20.059 0.0000000000
29456  52.621  -40.547  19.664 0.0000000000
29457  49.989  -40.991  19.568 0.0000000000
29458  49.287  -40.781  19.623 0.0000000000
29459  48.315  -40.391  19.476 0.0000000000
29474  49.952  -40.629  18.097 0.0000000000
29475  49.090  -40.604  18.989 0.0000000000
29484  60.532  -40.971  16.815 0.0000000000
29492  60.243  -41.059  15.977 0.0000000000
29493  59.718  -40.134  15.759 0.0000000000
29499  50.367  -40.481  16.974 0.0000000000
29500  49.712  -39.945  17.167 0.0000000000
29509  60.306  -40.262  15.747 0.0000000000
29510  59.263  -41.412  15.674 0.0000000000
29512  53.880  -41.705  13.998 0.0000000000
29513  51.324  -41.120  14.914 0.0000000000
29514  50.755  -40.528  15.895 0.0000000000
29523  54.331  -40.774  13.311 0.0000000000
29524  54.087  -41.812  12.949 0.0000000000
29525  51.377  -40.449  14.321 0.0000000000
29526  50.950  -40.315  15.120 0.0000000000
29535  54.504  -41.265  12.390 0.0000000000
29536  52.237  -40.677  12.965 0.0000000000
29537  51.878  -41.046  13.524 0.0000000000
29548  54.762  -41.370  11.478 0.0000000000
29549  53.326  -41.126  11.758 0.0000000000
29550  52.731  -41.349  12.337 0.0000000000
29558  55.990  -40.858  10.349 0.0000000000
29559  55.450  -41.060  10.737 0.0000000000
29560  54.689  -41.321  11.069 0.0000000000
29561  54.037  -41.284  11.252 0.0000000000
29566  55.653  -40.907  10.431 0.0000000000
29567  55.206  -40.966  10.514 0.0000000000
30335  47.751  -39.902  20.795 0.0000000000
30336  46.862  -40.042  21.103 0.0000000000
30337  46.124  -39.978  21.089 0.0000000000
30357  52.209  -39.167  20.335 0.0000000000
30358  51.093  -39.417  20.296 0.0000000000
30359  49.925  -39.842  20.337 0.0000000000
30360  48.974  -40.247  20.370 0.0000000000
30361  48.172  -40.372  20.331 0.0000000000
30362  47.416  -40.152  20.471 0.0000000000
30363  46.138  -39.821  20.692 0.0000000000
30380  52.599  -39.740  19.997 0.0000000000
30381  51.910  -40.124  19.938 0.0000000000
30382  47.602  -40.274  19.897 0.0000000000
30383  46.941  -40.007  20.324 0.0000000000
30397  49.183  -39.956  17.934 0.0000000000
30398  48.510  -39.901  18.550 0.0000000000
30399  47.834  -39.794  19.038 0.0000000000
30418  49.171  -39.376  17.118 0.0000000000
30419  48.622  -39.285  17.685 0.0000000000
30430  50.099  -39.881  16.335 0.0000000000
30431  49.333  -38.838  16.523 0.0000000000
30447  49.903  -39.053  15.917 0.0000000000
30457  53.980  -40.695  14.074 0.0000000000
30458  51.351  -39.423  14.128 0.0000000000
30459  50.908  -39.636  14.813 0.0000000000
30467  54.254  -39.702  13.884 0.0000000000
30468  51.766  -40.096  13.569 0.0000000000
30479  55.621  -40.768  11.353 0.0000000000
30480  55.067  -40.567  12.280 0.0000000000
30481  52.929  -39.559  12.052 0.0000000000
30482  52.637  -40.286  12.356 0.0000000000
30493  56.386  -40.532  10.452 0.0000000000
30494  56.021  -40.810  10.731 0.0000000000
30495  54.363  -40.828  10.839 0.0000000000
30496  53.542  -40.291  11.441 0.0000000000
30502  57.007  -39.967  9.572 0.0000000000
30503  56.505  -40.549  9.997 0.0000000000
30504  55.795  -40.717  10.102 0.0000000000
30511  56.270  -40.027  9.524 0.0000000000
31243  50.921  -38.397  20.941 0.0000000000
31244  50.082  -38.265  21.094 0.0000000000
31245  48.482  -38.815  21.090 0.0000000000
31267  51.821  -38.538  20.828 0.0000000000
31268  50.290  -38.864  20.602 0.0000000000
31269  49.371  -39.043  20.681 0.0000000000
31270  48.505  -39.777  20.641 0.0000000000
31271  45.401  -39.173  20.515 0.0000000000
31281  47.192  -39.587  19.474 0.0000000000
31282  46.505  -39.346  19.824 0.0000000000
31295  48.032  -39.172  18.202 0.0000000000
31296  47.448  -38.956  18.649 0.0000000000
31297  46.876  -38.572  19.070 0.0000000000
31314  48.806  -38.722  17.025 0.0000000000
31315  48.254  -38.433  17.527 0.0000000000
31316  47.738  -38.446  18.059 0.0000000000
31331  49.090  -38.125  16.585 0.0000000000
31332  48.644  -38.066  16.988 0.0000000000
31345  50.142  -38.198  15.465 0.0000000000
31346  49.606  -38.173  16.064 0.0000000000
31354  54.123  -38.685  14.564 0.0000000000
31355  51.394  -38.287  14.042 0.0000000000
31356  50.683  -38.198  14.811 0.0000000000
31364  54.941  -38.274  13.239 0.0000000000
31365  54.486  -38.774  13.789 0.0000000000
31366  52.321  -38.012  12.793 0.0000000000
31367  51.806  -39.183  13.454 0.0000000000
31377  56.156  -38.922  11.696 0.0000000000
31378  55.559  -39.484  12.208 0.0000000000
31379  54.792  -39.465  13.087 0.0000000000
31380  53.335  -39.010  11.631 0.0000000000
31381  52.799  -38.497  12.244 0.0000000000
31390  56.348  -40.084  11.121 0.0000000000
31391  54.727  -40.251  10.418 0.0000000000
31392  53.998  -39.633  10.975 0.0000000000
31401  57.363  -39.270  9.779 0.0000000000
31402  56.922  -39.915  10.303 0.0000000000
31403  55.282  -39.894  9.900 0.0000000000
31404  54.470  -39.054  10.471 0.0000000000
31412  57.902  -38.053  8.858 0.0000000000
31413  57.694  -38.445  9.318 0.0000000000
31414  57.262  -39.267  9.089 0.0000000000
31415  56.318  -39.165  9.015 0.0000000000
31416  55.666  -39.269  9.437 0.0000000000
31430  57.526  -38.513  8.729 0.0000000000
31431  56.948  -38.808  8.638 0.0000000000
32222  46.218  -38.196  19.485 0.0000000000
32223  45.484  -37.953  20.005 0.0000000000
32234  47.302  -37.975  18.367 0.0000000000
32235  46.731  -37.291  18.773 0.0000000000
32248  48.400  -37.497  17.259 0.0000000000
32249  47.832  -37.658  17.762 0.0000000000
32265  49.400  -37.372  16.296 0.0000000000
32266  48.895  -37.417  16.786 0.0000000000
32281  50.418  -37.430  15.136 0.0000000000
32282  49.907  -37.385  15.723 0.0000000000
32293  51.405  -37.300  14.016 0.0000000000
32294  50.926  -37.418  14.527 0.0000000000
32303  55.162  -37.169  13.052 0.0000000000
32304  54.414  -38.085  14.098 0.0000000000
32305  52.292  -37.232  12.831 0.0000000000
32306  51.856  -37.497  13.371 0.0000000000
32314  56.312  -37.967  11.665 0.0000000000
32315  55.684  -38.081  12.394 0.0000000000
32316  53.174  -38.041  11.846 0.0000000000
32317  52.752  -37.446  12.328 0.0000000000
32326  56.938  -37.889  10.919 0.0000000000
32327  53.277  -37.225  11.728 0.0000000000
32334  57.541  -38.293  10.105 0.0000000000
32335  54.363  -37.774  10.546 0.0000000000
32341  58.169  -37.576  8.625 0.0000000000
32342  58.163  -37.632  9.101 0.0000000000
32343  55.613  -38.325  9.331 0.0000000000
32344  55.029  -38.603  9.917 0.0000000000
32357  57.858  -37.867  8.406 0.0000000000
32358  57.319  -38.044  8.296 0.0000000000
32359  56.783  -37.861  8.247 0.0000000000
32360  56.288  -38.191  8.744 0.0000000000
32370  58.329  -37.159  8.067 0.0000000000
32371  57.656  -37.459  7.905 0.0000000000
32372  57.148  -37.523  7.910 0.0000000000
33064  45.149  -36.759  19.864 0.0000000000
33081  45.912  -36.869  19.364 0.0000000000
33082  45.352  -35.977  19.511 0.0000000000
33097  47.439  -36.982  18.132 0.0000000000
33098  46.511  -36.182  18.815 0.0000000000
33117  48.157  -36.646  17.546 0.0000000000
33135  49.174  -36.622  16.617 0.0000000000
33136  48.694  -36.823  17.054 0.0000000000
33154  50.250  -36.637  15.414 0.0000000000
33155  49.720  -36.557  16.033 0.0000000000
33168  51.145  -36.558  14.314 0.0000000000
33169  50.641  -36.786  14.853 0.0000000000
33177  55.224  -36.159  12.913 0.0000000000
33178  54.778  -36.517  13.545 0.0000000000
33179  52.065  -36.528  13.117 0.0000000000
33180  51.616  -36.774  13.693 0.0000000000
33187  56.415  -37.144  11.577 0.0000000000
33188  55.826  -36.962  12.259 0.0000000000
33189  52.499  -36.741  12.601 0.0000000000
33197  56.763  -36.714  11.155 0.0000000000
33198  56.202  -36.356  11.786 0.0000000000
33199  53.345  -36.286  11.616 0.0000000000
33200  52.890  -36.552  12.165 0.0000000000
33208  57.745  -36.519  10.091 0.0000000000
33209  57.381  -37.180  10.484 0.0000000000
33210  54.316  -36.674  10.538 0.0000000000
33211  53.783  -37.003  11.117 0.0000000000
33218  58.502  -36.975  8.733 0.0000000000
33219  58.282  -36.808  9.407 0.0000000000
33220  55.601  -37.318  9.222 0.0000000000
33221  54.961  -37.345  9.886 0.0000000000
33233  58.884  -35.930  7.897 0.0000000000
33234  56.729  -36.999  7.923 0.0000000000
33235  56.184  -37.124  8.581 0.0000000000
33245  58.484  -36.333  7.649 0.0000000000
33246  57.836  -36.721  7.524 0.0000000000
33247  57.228  -36.900  7.579 0.0000000000
33985  45.914  -35.866  19.150 0.0000000000
33986  45.446  -35.095  19.210 0.0000000000
34000  47.110  -35.472  18.406 0.0000000000
34001  46.291  -35.261  18.814 0.0000000000
34019  48.266  -35.609  17.548 0.0000000000
34020  47.765  -35.272  17.947 0.0000000000
34037  49.453  -35.639  16.412 0.0000000000
34038  48.796  -36.049  17.057 0.0000000000
34054  50.090  -35.796  15.687 0.0000000000
34074  50.628  -35.937  14.928 0.0000000000
34085  52.038  -35.450  13.131 0.0000000000
34093  55.491  -35.440  12.475 0.0000000000
34094  52.498  -36.022  12.583 0.0000000000
34103  56.483  -35.689  11.402 0.0000000000
34104  55.959  -35.677  11.971 0.0000000000
34105  53.356  -35.314  11.486 0.0000000000
34106  52.919  -35.722  12.051 0.0000000000
34115  57.453  -35.574  10.361 0.0000000000
34116  56.896  -35.384  10.869 0.0000000000
34117  54.457  -35.283  10.237 0.0000000000
34118  53.903  -35.240  10.819 0.0000000000
34126  58.674  -36.087  9.029 0.0000000000
34127  58.090  -35.849  9.694 0.0000000000
34128  55.520  -35.326  8.924 0.0000000000
34129  54.995  -35.388  9.595 0.0000000000
34140  59.166  -35.427  8.007 0.0000000000
34141  58.792  -36.215  8.262 0.0000000000
34142  56.780  -36.206  7.446 0.0000000000
34143  56.173  -36.044  8.284 0.0000000000
34153  58.695  -35.522  7.396 0.0000000000
34154  57.921  -35.974  7.073 0.0000000000
34155  56.860  -35.505  6.853 0.0000000000
34156  56.372  -35.319  7.593 0.0000000000
34161  58.015  -35.309  6.673 0.0000000000
34162  56.929  -34.928  6.364 0.0000000000
35034  52.603  -34.469  12.237 0.0000000000
35043  55.870  -34.879  11.924 0.0000000000
35045  53.562  -34.495  11.112 0.0000000000
35046  53.044  -34.465  11.685 0.0000000000
35055  57.034  -34.748  10.620 0.0000000000
35056  56.494  -34.767  11.251 0.0000000000
35057  54.642  -34.596  9.835 0.0000000000
35058  54.118  -34.495  10.490 0.0000000000
35063  58.470  -35.127  9.307 0.0000000000
35064  57.702  -34.876  9.973 0.0000000000
35065  55.469  -34.502  8.735 0.0000000000
35066  55.128  -34.730  9.318 0.0000000000
35077  59.860  -33.883  7.804 0.0000000000
35078  59.511  -34.567  8.156 0.0000000000
35079  59.031  -35.261  8.563 0.0000000000
35080  55.913  -34.449  7.928 0.0000000000
35089  59.354  -34.707  7.659 0.0000000000
35090  58.732  -34.599  6.805 0.0000000000
35091  56.440  -34.551  6.935 0.0000000000
35098  57.491  -34.543  6.167 0.0000000000
35099  56.726  -34.174  6.110 0.0000000000
35994  53.257  -33.856  11.385 0.0000000000
36004  57.214  -33.989  10.296 0.0000000000
36006  54.368  -33.797  10.049 0.0000000000
36007  53.719  -33.623  10.736 0.0000000000
36013  58.651  -33.499  9.042 0.0000000000
36014  57.955  -34.008  9.533 0.0000000000
36015  54.948  -33.925  9.342 0.0000000000
36027  60.369  -33.152  7.921 0.0000000000
36028  59.887  -33.620  8.161 0.0000000000
36029  59.303  -34.020  8.536 0.0000000000
36030  55.395  -33.570  8.482 0.0000000000
36031  54.900  -33.151  9.131 0.0000000000
36039  59.581  -34.077  7.307 0.0000000000
36040  55.862  -33.685  7.499 0.0000000000
36047  60.082  -33.350  7.282 0.0000000000
36048  59.274  -33.716  6.716 0.0000000000
36049  58.313  -33.865  6.168 0.0000000000
36050  56.176  -33.572  6.634 0.0000000000
36053  58.013  -33.303  5.794 0.0000000000
36054  57.560  -33.722  5.815 0.0000000000
36055  56.960  -33.658  5.733 0.0000000000
36885  53.170  -33.100  11.327 0.0000000000
36897  54.121  -32.977  10.113 0.0000000000
36898  53.537  -32.636  10.666 0.0000000000
36906  58.602  -32.485  9.127 0.0000000000
36908  54.469  -32.525  9.399 0.0000000000
36909  53.857  -32.112  9.973 0.0000000000
36923  60.495  -32.319  8.033 0.0000000000
36924  60.118  -32.765  8.252 0.0000000000
36925  59.371  -33.108  8.605 0.0000000000
36926  55.468  -32.872  7.869 0.0000000000
36927  54.969  -32.573  8.645 0.0000000000
36938  60.453  -32.542  7.539 0.0000000000
36939  55.480  -32.465  7.319 0.0000000000
36940  55.131  -32.112  7.901 0.0000000000
36948  60.124  -32.565  6.809 0.0000000000
36949  59.163  -32.351  6.118 0.0000000000
36950  58.758  -33.146  6.152 0.0000000000
36951  56.423  -33.194  5.941 0.0000000000
36952  55.771  -32.586  6.490 0.0000000000
36957  58.114  -32.637  5.666 0.0000000000
36958  57.343  -33.066  5.554 0.0000000000
36959  56.647  -32.709  5.523 0.0000000000
36960  55.998  -32.203  5.663 0.0000000000
37767  53.027  -32.233  11.206 0.0000000000
37779  53.316  -31.761  10.572 0.0000000000
37785  59.426  -31.230  8.853 0.0000000000
37788  54.190  -31.588  9.205 0.0000000000
37799  60.917  -30.902  7.882 0.0000000000
37800  60.593  -31.410  8.109 0.0000000000
37801  60.120  -31.831  8.354 0.0000000000
37802  59.381  -32.156  8.700 0.0000000000
37803  54.308  -30.937  8.439 0.0000000000
37804  53.771  -30.614  9.137 0.0000000000
37815  60.686  -31.714  7.706 0.0000000000
37816  55.282  -31.823  7.111 0.0000000000
37817  54.779  -31.347  7.756 0.0000000000
37825  60.494  -31.862  7.013 0.0000000000
37826  59.903  -31.874  6.421 0.0000000000
37827  55.454  -31.584  6.178 0.0000000000
37828  54.940  -30.978  6.892 0.0000000000
37832  59.231  -31.425  5.835 0.0000000000
37833  58.261  -31.764  5.467 0.0000000000
37834  56.682  -31.325  4.853 0.0000000000
37835  56.310  -31.744  5.180 0.0000000000
37836  55.627  -31.152  5.234 0.0000000000
37837  56.073  -30.886  4.692 0.0000000000
38705  53.568  -31.202  9.889 0.0000000000
38706  52.971  -30.875  10.556 0.0000000000
38712  60.418  -30.122  8.708 0.0000000000
38713  59.576  -30.356  9.028 0.0000000000
38716  53.261  -30.318  9.845 0.0000000000
38729  61.304  -30.225  8.079 0.0000000000
38730  60.829  -30.578  8.257 0.0000000000
38731  60.199  -30.931  8.516 0.0000000000
38732  53.943  -29.882  8.285 0.0000000000
38743  61.130  -30.360  7.558 0.0000000000
38744  54.458  -30.461  7.596 0.0000000000
38752  61.203  -29.821  7.292 0.0000000000
38753  60.695  -30.233  6.715 0.0000000000
38754  60.149  -31.070  6.367 0.0000000000
38755  55.112  -30.653  5.972 0.0000000000
38756  54.587  -29.979  6.642 0.0000000000
38761  60.004  -30.239  5.992 0.0000000000
38762  58.442  -30.851  5.156 0.0000000000
38763  57.461  -31.154  4.894 0.0000000000
38764  55.187  -30.348  5.225 0.0000000000
38765  54.848  -29.841  5.690 0.0000000000
38766  57.597  -30.117  4.425 0.0000000000
38767  56.708  -30.570  4.488 0.0000000000
38768  56.024  -30.011  4.279 0.0000000000
38769  55.547  -30.280  4.726 0.0000000000
39675  60.786  -29.394  8.897 0.0000000000
39676  59.840  -29.536  9.187 0.0000000000
39678  53.249  -28.743  9.134 0.0000000000
39679  52.990  -29.418  9.810 0.0000000000
39694  61.650  -29.590  8.205 0.0000000000
39695  61.145  -29.886  8.446 0.0000000000
39696  54.226  -29.612  7.415 0.0000000000
39697  53.582  -29.040  8.520 0.0000000000
39706  61.550  -29.790  7.839 0.0000000000
39707  54.313  -29.061  6.835 0.0000000000
39708  53.909  -28.782  7.686 0.0000000000
39715  61.520  -29.194  7.480 0.0000000000
39716  60.804  -29.339  6.729 0.0000000000
39717  54.631  -29.295  6.150 0.0000000000
39722  60.196  -29.501  5.974 0.0000000000
39723  59.053  -29.134  4.507 0.0000000000
39724  58.702  -29.959  4.834 0.0000000000
39725  55.157  -29.143  4.874 0.0000000000
39726  54.844  -29.169  5.452 0.0000000000
39727  58.109  -29.237  4.065 0.0000000000
39728  57.137  -29.146  3.811 0.0000000000
39729  56.283  -29.049  4.018 0.0000000000
39730  55.551  -29.474  4.499 0.0000000000
40452  62.306  -28.270  8.934 0.0000000000
40453  61.435  -28.680  9.067 0.0000000000
40456  53.147  -27.804  9.123 0.0000000000
40457  52.758  -28.337  9.729 0.0000000000
40470  62.015  -28.940  8.430 0.0000000000
40471  61.469  -29.317  8.612 0.0000000000
40472  53.555  -28.107  8.385 0.0000000000
40478  62.350  -28.394  8.447 0.0000000000
40479  62.147  -28.790  7.953 0.0000000000
40480  54.334  -28.369  7.126 0.0000000000
40481  53.930  -28.008  7.680 0.0000000000
40488  61.478  -28.204  7.315 0.0000000000
40489  60.921  -28.646  6.802 0.0000000000
40490  55.435  -28.324  6.182 0.0000000000
40491  54.723  -28.666  6.233 0.0000000000
40495  60.346  -28.586  5.930 0.0000000000
40496  59.779  -28.902  5.105 0.0000000000
40497  55.841  -28.496  5.124 0.0000000000
40498  55.162  -28.753  5.319 0.0000000000
40502  59.971  -28.088  4.831 0.0000000000
40503  59.345  -28.341  4.191 0.0000000000
40504  58.543  -28.478  3.746 0.0000000000
40505  57.674  -28.450  3.572 0.0000000000
40506  55.597  -28.928  4.570 0.0000000000
40508  58.897  -27.890  3.481 0.0000000000
40509  58.175  -27.785  3.287 0.0000000000
40510  58.203  -27.178  3.258 0.0000000000
41237  62.701  -27.600  9.083 0.0000000000
41238  61.858  -27.811  9.318 0.0000000000
41240  56.154  -27.023  9.098 0.0000000000
41241  55.148  -27.193  9.137 0.0000000000
41242  54.151  -27.170  8.860 0.0000000000
41243  53.527  -27.352  8.832 0.0000000000
41255  62.658  -27.839  8.728 0.0000000000
41256  56.993  -27.334  7.894 0.0000000000
41257  56.258  -27.429  8.355 0.0000000000
41258  55.416  -27.653  7.932 0.0000000000
41259  54.693  -27.476  8.351 0.0000000000
41260  53.950  -27.555  8.174 0.0000000000
41267  62.320  -28.043  8.035 0.0000000000
41268  61.751  -27.376  7.477 0.0000000000
41269  57.009  -27.674  6.883 0.0000000000
41270  56.252  -27.721  7.547 0.0000000000
41271  55.330  -27.929  7.109 0.0000000000
41272  54.496  -27.833  7.541 0.0000000000
41276  60.981  -27.329  6.689 0.0000000000
41277  60.544  -27.246  5.755 0.0000000000
41278  57.269  -27.645  5.675 0.0000000000
41279  56.456  -28.128  5.944 0.0000000000
41280  56.144  -28.003  6.775 0.0000000000
41285  60.235  -27.350  4.727 0.0000000000
41286  57.217  -27.698  4.207 0.0000000000
41287  56.594  -28.180  4.794 0.0000000000
41292  59.601  -27.514  3.767 0.0000000000
41293  57.504  -27.839  3.538 0.0000000000
41294  56.764  -28.323  3.956 0.0000000000
41297  58.786  -27.253  3.150 0.0000000000
42126  63.620  -26.421  9.053 0.0000000000
42127  63.082  -26.876  9.169 0.0000000000
42128  62.271  -27.063  9.452 0.0000000000
42130  56.917  -26.382  8.950 0.0000000000
42131  55.584  -26.633  9.723 0.0000000000
42132  54.598  -26.822  9.671 0.0000000000
42147  63.120  -27.120  8.907 0.0000000000
42148  57.416  -26.585  8.246 0.0000000000
42149  56.787  -26.999  8.572 0.0000000000
42156  62.708  -26.339  8.054 0.0000000000
42157  61.849  -26.604  7.488 0.0000000000
42158  58.265  -26.167  6.703 0.0000000000
42159  57.718  -26.947  7.255 0.0000000000
42164  61.168  -26.130  6.664 0.0000000000
42165  60.795  -26.630  6.102 0.0000000000
42166  58.273  -26.276  5.453 0.0000000000
42167  57.885  -26.947  6.140 0.0000000000
42172  60.534  -26.643  4.997 0.0000000000
42173  58.221  -26.399  4.145 0.0000000000
42174  57.741  -26.991  4.799 0.0000000000
42180  60.140  -26.721  3.767 0.0000000000
42181  58.447  -26.542  3.318 0.0000000000
42182  57.779  -27.103  3.638 0.0000000000
42184  59.548  -26.087  2.887 0.0000000000
42185  58.838  -26.570  3.076 0.0000000000
43085  64.719  -24.757  10.152 0.0000000000
43086  64.294  -25.275  10.032 0.0000000000
43087  63.570  -25.507  10.025 0.0000000000
43088  62.448  -25.674  10.019 0.0000000000
43091  56.147  -24.919  10.316 0.0000000000
43096  64.616  -25.087  9.807 0.0000000000
43097  64.041  -25.667  9.481 0.0000000000
43098  63.321  -26.144  9.509 0.0000000000
43099  56.965  -25.698  9.254 0.0000000000
43100  56.393  -26.199  9.536 0.0000000000
43101  55.922  -25.865  10.128 0.0000000000
43109  64.383  -25.216  9.255 0.0000000000
43110  63.862  -25.712  8.843 0.0000000000
43111  63.213  -25.818  8.342 0.0000000000
43112  57.515  -25.634  8.629 0.0000000000
43125  62.549  -25.389  7.802 0.0000000000
43126  61.785  -25.751  7.343 0.0000000000
43127  58.368  -25.138  7.161 0.0000000000
43128  58.015  -25.970  7.748 0.0000000000
43136  61.275  -25.331  6.411 0.0000000000
43137  58.545  -25.438  5.983 0.0000000000
43141  60.854  -25.334  4.512 0.0000000000
43142  60.846  -25.873  5.481 0.0000000000
43143  58.575  -25.647  4.704 0.0000000000
43148  60.536  -25.484  3.464 0.0000000000
43149  59.216  -25.343  3.019 0.0000000000
43150  58.691  -25.860  3.514 0.0000000000
43153  60.031  -25.411  2.668 0.0000000000
43154  59.540  -25.508  2.837 0.0000000000
43155  59.008  -25.983  2.967 0.0000000000
44020  63.983  -24.909  10.340 0.0000000000
44021  62.895  -24.872  10.376 0.0000000000
44034  65.006  -24.583  10.022 0.0000000000
44035  57.188  -24.968  9.239 0.0000000000
44036  56.703  -24.468  9.751 0.0000000000
44040  64.720  -24.630  9.509 0.0000000000
44041  64.220  -24.822  8.825 0.0000000000
44042  63.274  -24.924  8.257 0.0000000000
44043  57.652  -24.639  8.565 0.0000000000
44053  63.682  -24.106  8.362 0.0000000000
44054  62.909  -23.965  7.787 0.0000000000
44055  61.811  -24.874  7.183 0.0000000000
44056  58.397  -24.251  7.083 0.0000000000
44057  58.081  -24.406  7.806 0.0000000000
44067  62.117  -24.036  7.125 0.0000000000
44068  61.470  -24.377  6.180 0.0000000000
44069  58.643  -24.530  6.292 0.0000000000
44075  61.188  -24.496  4.764 0.0000000000
44076  59.028  -24.392  4.464 0.0000000000
44077  58.776  -24.835  5.184 0.0000000000
44084  61.033  -24.333  3.578 0.0000000000
44085  60.534  -24.895  2.951 0.0000000000
44086  59.349  -24.434  3.273 0.0000000000
44087  58.907  -25.098  3.949 0.0000000000
44092  60.540  -24.192  2.615 0.0000000000
44093  59.795  -24.818  2.556 0.0000000000
44094  60.030  -24.197  2.205 0.0000000000
44871  65.392  -23.138  11.047 0.0000000000
44872  64.980  -23.582  11.019 0.0000000000
44873  62.951  -23.288  11.103 0.0000000000
44874  61.846  -23.350  10.993 0.0000000000
44884  65.419  -23.255  10.528 0.0000000000
44885  65.108  -23.969  10.414 0.0000000000
44886  64.495  -24.241  10.573 0.0000000000
44887  63.407  -24.174  10.662 0.0000000000
44888  62.301  -24.032  10.659 0.0000000000
44890  56.238  -23.969  10.347 0.0000000000
44903  65.216  -23.893  9.876 0.0000000000
44904  57.215  -24.080  9.136 0.0000000000
44905  56.674  -23.586  9.674 0.0000000000
44909  64.473  -23.781  8.915 0.0000000000
44910  57.629  -23.664  8.311 0.0000000000
44911  57.050  -23.191  8.976 0.0000000000
44915  58.110  -23.641  7.439 0.0000000000
44916  57.749  -23.084  7.727 0.0000000000
44929  62.604  -23.164  7.199 0.0000000000
44930  61.932  -23.379  6.423 0.0000000000
44931  58.563  -23.578  6.475 0.0000000000
44936  61.531  -23.590  5.477 0.0000000000
44937  59.173  -22.750  4.387 0.0000000000
44938  58.907  -23.156  5.437 0.0000000000
44943  61.364  -23.634  4.405 0.0000000000
44944  59.458  -23.356  3.216 0.0000000000
44949  61.158  -23.540  3.321 0.0000000000
44950  60.615  -23.438  2.548 0.0000000000
44951  59.800  -22.964  2.401 0.0000000000
44952  60.079  -23.438  2.162 0.0000000000
45852  65.216  -22.399  12.218 0.0000000000
45853  64.062  -22.276  12.255 0.0000000000
45854  62.877  -21.977  12.212 0.0000000000
45867  65.608  -22.401  11.650 0.0000000000
45868  65.181  -22.933  11.452 0.0000000000
45869  64.240  -22.954  11.524 0.0000000000
45870  63.170  -22.557  11.671 0.0000000000
45871  62.035  -22.588  11.527 0.0000000000
45880  65.622  -22.579  11.158 0.0000000000
45894  65.495  -22.511  10.406 0.0000000000
45895  56.498  -22.746  9.511 0.0000000000
45899  64.961  -23.131  9.375 0.0000000000
45900  64.356  -22.612  8.674 0.0000000000
45901  57.313  -22.769  8.237 0.0000000000
45902  56.727  -22.411  8.760 0.0000000000
45905  63.532  -23.078  8.011 0.0000000000
45906  62.988  -22.215  7.249 0.0000000000
45907  58.134  -22.912  7.046 0.0000000000
45908  57.565  -22.445  7.466 0.0000000000
45909  56.924  -21.987  7.921 0.0000000000
45918  62.377  -22.473  6.514 0.0000000000
45919  61.862  -22.721  5.787 0.0000000000
45920  58.502  -22.645  6.158 0.0000000000
45921  57.933  -22.159  6.647 0.0000000000
45929  62.180  -21.950  5.938 0.0000000000
45930  61.765  -22.068  5.114 0.0000000000
45931  58.834  -21.981  4.456 0.0000000000
45936  61.432  -22.779  4.200 0.0000000000
45937  59.331  -22.302  3.131 0.0000000000
45943  61.138  -22.623  3.141 0.0000000000
45944  60.477  -22.713  2.445 0.0000000000
45945  59.716  -22.102  2.377 0.0000000000
45946  60.036  -22.502  2.173 0.0000000000
46869  65.029  -21.009  14.198 0.0000000000
46870  64.362  -21.078  14.627 0.0000000000
46880  65.726  -21.448  13.068 0.0000000000
46881  65.324  -21.389  13.591 0.0000000000
46882  64.678  -21.404  13.942 0.0000000000
46883  63.526  -21.377  13.966 0.0000000000
46897  65.460  -21.830  13.012 0.0000000000
46898  62.565  -21.549  13.011 0.0000000000
46908  65.799  -21.934  12.405 0.0000000000
46909  65.753  -21.635  11.600 0.0000000000
46917  65.889  -22.073  11.793 0.0000000000
46918  65.698  -21.939  11.035 0.0000000000
46933  65.240  -21.758  10.208 0.0000000000
46934  64.540  -21.378  9.474 0.0000000000
46935  56.178  -22.044  9.261 0.0000000000
46945  64.989  -22.284  9.491 0.0000000000
46946  64.165  -21.656  8.672 0.0000000000
46947  56.334  -21.764  8.556 0.0000000000
46948  55.819  -21.236  8.345 0.0000000000
46952  63.654  -21.950  7.923 0.0000000000
46953  63.121  -21.444  7.341 0.0000000000
46954  57.284  -21.778  7.068 0.0000000000
46955  56.642  -21.396  7.262 0.0000000000
46956  55.874  -20.929  7.385 0.0000000000
46963  62.634  -21.492  6.561 0.0000000000
46964  58.296  -21.822  5.577 0.0000000000
46965  57.512  -21.493  6.225 0.0000000000
46966  56.842  -20.948  5.852 0.0000000000
46975  62.197  -21.249  5.647 0.0000000000
46976  61.781  -21.236  4.854 0.0000000000
46977  57.543  -21.151  5.227 0.0000000000
46981  61.466  -21.849  4.125 0.0000000000
46982  58.753  -21.596  3.398 0.0000000000
46983  58.024  -21.101  3.268 0.0000000000
46988  61.099  -21.700  3.258 0.0000000000
46989  60.455  -21.866  2.544 0.0000000000
46990  59.227  -21.676  2.661 0.0000000000
46991  58.707  -21.170  2.591 0.0000000000
46994  59.957  -21.704  2.270 0.0000000000
46995  59.503  -21.408  2.418 0.0000000000
46996  59.284  -20.701  2.410 0.0000000000
47890  64.280  -20.325  16.115 0.0000000000
47904  64.382  -20.360  15.466 0.0000000000
47905  63.675  -20.635  15.676 0.0000000000
47927  64.540  -20.629  14.759 0.0000000000
47948  65.468  -21.057  13.627 0.0000000000
47949  65.301  -20.770  13.487 0.0000000000
47961  65.696  -20.973  13.001 0.0000000000
47962  65.002  -20.571  12.787 0.0000000000
47971  65.822  -21.482  12.354 0.0000000000
47972  65.438  -21.028  11.639 0.0000000000
47973  64.657  -20.560  11.874 0.0000000000
47974  63.520  -20.281  11.323 0.0000000000
47981  65.315  -21.354  10.889 0.0000000000
47982  64.451  -20.768  10.830 0.0000000000
47983  63.221  -20.446  10.332 0.0000000000
47984  62.249  -20.197  9.942 0.0000000000
47995  64.739  -21.171  10.194 0.0000000000
47996  63.963  -20.843  9.789 0.0000000000
47997  62.965  -20.521  9.272 0.0000000000
47998  62.092  -20.209  9.193 0.0000000000
47999  55.258  -20.991  9.055 0.0000000000
48011  63.753  -20.937  8.854 0.0000000000
48012  63.092  -20.680  8.414 0.0000000000
48013  62.390  -20.374  8.522 0.0000000000
48014  54.585  -20.430  8.681 0.0000000000
48015  53.889  -19.949  8.283 0.0000000000
48017  63.433  -21.073  7.927 0.0000000000
48018  62.842  -20.885  7.089 0.0000000000
48019  62.132  -20.415  7.026 0.0000000000
48020  61.394  -20.116  6.724 0.0000000000
48021  54.456  -20.303  7.754 0.0000000000
48022  53.683  -20.015  7.272 0.0000000000
48028  62.377  -20.758  6.221 0.0000000000
48029  56.310  -20.908  6.504 0.0000000000
48030  55.414  -20.607  6.279 0.0000000000
48031  54.428  -20.496  6.066 0.0000000000
48032  53.421  -20.371  6.095 0.0000000000
48033  52.500  -20.158  5.745 0.0000000000
48045  61.848  -20.564  5.241 0.0000000000
48046  56.595  -20.742  4.774 0.0000000000
48047  54.796  -20.678  5.152 0.0000000000
48048  53.740  -20.783  5.022 0.0000000000
48049  52.881  -20.677  4.934 0.0000000000
48050  52.376  -20.304  4.950 0.0000000000
48055  61.443  -20.829  4.084 0.0000000000
48056  61.007  -20.124  3.640 0.0000000000
48057  56.385  -20.622  3.688 0.0000000000
48058  55.512  -20.506  3.286 0.0000000000
48059  54.054  -20.996  4.184 0.0000000000
48060  53.238  -21.048  4.152 0.0000000000
48061  52.610  -20.596  4.229 0.0000000000
48066  60.886  -20.969  3.067 0.0000000000
48067  60.451  -20.453  2.857 0.0000000000
48068  59.882  -20.092  2.669 0.0000000000
48069  57.927  -20.737  2.719 0.0000000000
48070  55.910  -20.105  2.843 0.0000000000
48071  54.879  -20.299  3.073 0.0000000000
48072  53.947  -20.557  3.344 0.0000000000
48073  53.192  -20.761  3.670 0.0000000000
48077  59.891  -20.942  2.375 0.0000000000
48078  58.571  -20.491  2.473 0.0000000000
48079  57.218  -20.315  2.717 0.0000000000
48904  64.534  -20.119  15.936 0.0000000000
48923  64.880  -20.684  14.155 0.0000000000
48924  64.469  -20.162  15.028 0.0000000000
48925  63.822  -19.491  14.648 0.0000000000
48947  64.544  -20.290  13.423 0.0000000000
48948  62.382  -19.206  13.245 0.0000000000
48960  63.793  -20.075  12.380 0.0000000000
48961  62.650  -19.568  12.411 0.0000000000
48962  61.664  -19.212  12.354 0.0000000000
48970  62.820  -19.861  11.713 0.0000000000
48971  61.959  -19.581  11.655 0.0000000000
48972  61.095  -19.244  11.628 0.0000000000
48973  60.569  -19.291  10.944 0.0000000000
48982  62.354  -20.000  10.894 0.0000000000
48983  61.638  -19.847  10.311 0.0000000000
48984  60.828  -19.565  10.139 0.0000000000
48985  60.009  -19.267  10.319 0.0000000000
48986  59.441  -19.182  9.707 0.0000000000
48995  61.485  -19.890  9.575 0.0000000000
48996  59.732  -19.468  8.766 0.0000000000
48997  58.926  -19.127  9.153 0.0000000000
49009  61.492  -19.999  8.636 0.0000000000
49010  60.151  -19.744  7.745 0.0000000000
49011  59.350  -19.535  7.859 0.0000000000
49012  58.768  -19.271  8.380 0.0000000000
49013  53.267  -19.571  8.779 0.0000000000
49014  52.456  -19.261  8.312 0.0000000000
49015  51.716  -18.940  7.868 0.0000000000
49018  61.203  -20.013  7.622 0.0000000000
49019  60.614  -19.883  6.839 0.0000000000
49020  58.692  -19.356  7.419 0.0000000000
49021  53.094  -19.596  7.802 0.0000000000
49022  52.199  -19.402  7.346 0.0000000000
49023  51.603  -19.073  7.012 0.0000000000
49026  61.785  -20.290  6.071 0.0000000000
49027  61.133  -19.915  5.995 0.0000000000
49028  60.297  -19.657  5.922 0.0000000000
49029  58.811  -19.265  6.375 0.0000000000
49030  52.809  -19.845  6.777 0.0000000000
49031  52.064  -19.564  6.413 0.0000000000
49032  51.707  -19.124  6.277 0.0000000000
49044  61.467  -20.030  5.366 0.0000000000
49045  60.909  -19.685  5.098 0.0000000000
49046  60.046  -19.256  4.861 0.0000000000
49047  59.122  -18.943  5.286 0.0000000000
49048  52.088  -19.688  5.515 0.0000000000
49049  51.797  -19.057  5.705 0.0000000000
49058  61.347  -20.007  4.571 0.0000000000
49059  60.760  -19.485  4.168 0.0000000000
49060  60.095  -18.985  3.788 0.0000000000
49061  52.238  -20.040  4.742 0.0000000000
49065  60.408  -19.637  3.324 0.0000000000
49066  59.770  -19.238  3.021 0.0000000000
49067  59.121  -18.936  2.829 0.0000000000
49068  55.302  -19.887  2.846 0.0000000000
49069  54.529  -19.842  3.058 0.0000000000
49070  53.496  -20.093  3.369 0.0000000000
49073  59.241  -19.816  2.572 0.0000000000
49074  58.515  -19.650  2.549 0.0000000000
49075  57.749  -19.614  2.580 0.0000000000
49076  56.866  -19.633  2.687 0.0000000000
49846  64.229  -19.601  15.520 0.0000000000
49908  58.101  -18.819  9.011 0.0000000000
49909  57.278  -18.321  9.164 0.0000000000
49910  56.744  -17.920  9.127 0.0000000000
49924  57.995  -19.075  7.978 0.0000000000
49925  57.437  -18.585  8.380 0.0000000000
49926  56.885  -18.150  8.543 0.0000000000
49934  57.945  -18.943  6.944 0.0000000000
49935  57.269  -18.329  7.099 0.0000000000
49936  57.002  -18.275  7.850 0.0000000000
49937  51.373  -18.557  6.802 0.0000000000
49941  58.353  -18.648  5.832 0.0000000000
49942  57.660  -18.259  6.234 0.0000000000
49943  51.535  -18.508  6.174 0.0000000000
49949  59.437  -18.592  4.263 0.0000000000
49950  58.650  -18.179  4.711 0.0000000000
49951  58.051  -18.024  5.388 0.0000000000
49952  52.110  -19.299  5.022 0.0000000000
49953  52.012  -18.247  5.486 0.0000000000
49964  59.378  -18.629  3.432 0.0000000000
49965  58.874  -18.088  3.853 0.0000000000
49966  53.098  -19.356  3.814 0.0000000000
49967  52.475  -19.768  4.267 0.0000000000
49973  58.669  -18.264  3.300 0.0000000000
49974  57.679  -17.827  3.206 0.0000000000
49975  56.099  -19.219  2.890 0.0000000000
49976  55.326  -19.298  3.018 0.0000000000
49977  54.048  -19.043  3.523 0.0000000000
49981  58.389  -18.827  2.769 0.0000000000
49982  57.667  -18.770  2.799 0.0000000000
49983  56.993  -18.660  2.900 0.0000000000
50858  56.304  -17.414  9.460 0.0000000000
50859  55.896  -16.991  8.843 0.0000000000
50867  56.430  -17.619  8.665 0.0000000000
50878  57.160  -17.799  6.502 0.0000000000
50879  56.700  -17.667  7.256 0.0000000000
50883  56.864  -17.106  6.217 0.0000000000
50884  51.179  -17.520  6.646 0.0000000000
50885  50.891  -17.066  6.935 0.0000000000
50889  58.128  -17.456  4.649 0.0000000000
50890  57.309  -16.547  5.217 0.0000000000
50891  51.562  -17.700  6.163 0.0000000000
50901  58.476  -17.559  4.082 0.0000000000
50902  58.095  -16.818  4.009 0.0000000000
50903  54.296  -17.073  4.176 0.0000000000
50904  53.379  -17.397  4.617 0.0000000000
50905  52.705  -18.547  4.576 0.0000000000
50910  58.357  -17.578  3.751 0.0000000000
50911  57.919  -16.978  3.713 0.0000000000
50912  57.376  -17.036  3.461 0.0000000000
50913  54.650  -17.839  3.698 0.0000000000
50914  53.657  -18.195  4.014 0.0000000000
51773  55.705  -16.715  9.838 0.0000000000
51783  56.199  -17.240  7.977 0.0000000000
51784  55.666  -16.356  8.047 0.0000000000
51796  56.259  -16.644  6.954 0.0000000000
51797  50.692  -16.320  7.174 0.0000000000
51801  56.686  -16.228  5.782 0.0000000000
51802  52.100  -16.278  6.251 0.0000000000
51803  51.459  -16.872  6.445 0.0000000000
51807  57.603  -16.179  4.268 0.0000000000
51808  57.145  -15.704  4.745 0.0000000000
51809  53.121  -16.689  5.200 0.0000000000
51810  52.220  -17.033  5.765 0.0000000000
51820  57.625  -16.179  3.942 0.0000000000
51821  57.246  -15.604  4.070 0.0000000000
51822  55.594  -15.545  3.918 0.0000000000
51823  55.338  -16.593  3.823 0.0000000000
51824  53.933  -16.405  4.629 0.0000000000
51834  57.413  -16.288  3.733 0.0000000000
51835  56.684  -16.641  3.524 0.0000000000
51836  56.307  -15.763  3.736 0.0000000000
52711  54.841  -15.148  10.065 0.0000000000
52717  55.156  -15.834  9.757 0.0000000000
52718  54.801  -15.060  9.339 0.0000000000
52733  55.472  -15.541  7.699 0.0000000000
52734  52.581  -14.710  6.863 0.0000000000
52735  51.851  -15.160  7.091 0.0000000000
52747  56.628  -15.347  5.374 0.0000000000
52748  56.112  -15.100  6.061 0.0000000000
52749  53.331  -15.236  5.719 0.0000000000
52750  52.504  -15.461  6.443 0.0000000000
52751  51.459  -16.011  6.709 0.0000000000
52755  56.663  -14.925  4.398 0.0000000000
52756  54.469  -14.787  4.657 0.0000000000
52757  53.703  -15.700  5.118 0.0000000000
52758  52.819  -16.062  5.774 0.0000000000
52765  57.272  -15.752  3.914 0.0000000000
52766  56.766  -15.251  4.001 0.0000000000
52767  56.102  -14.694  3.927 0.0000000000
52768  55.174  -15.055  4.149 0.0000000000
52769  54.419  -15.591  4.545 0.0000000000
53627  54.899  -14.684  10.549 0.0000000000
53628  54.647  -14.492  9.841 0.0000000000
53638  54.634  -14.296  9.002 0.0000000000
53644  55.237  -14.902  7.820 0.0000000000
53645  54.990  -14.178  8.059 0.0000000000
53652  55.462  -14.170  7.009 0.0000000000
53653  52.189  -14.344  7.401 0.0000000000
53654  51.084  -14.760  7.450 0.0000000000
53663  56.475  -14.553  5.130 0.0000000000
53664  56.048  -14.093  5.756 0.0000000000
53665  53.188  -14.628  6.226 0.0000000000
53668  56.239  -13.771  4.498 0.0000000000
53669  54.735  -13.721  4.556 0.0000000000
53670  53.894  -14.417  5.298 0.0000000000
53673  56.270  -14.445  4.152 0.0000000000
53674  56.025  -13.780  4.176 0.0000000000
53675  55.450  -14.109  4.204 0.0000000000
54593  55.140  -13.421  10.857 0.0000000000
54594  54.711  -13.940  10.346 0.0000000000
54605  54.566  -13.695  9.566 0.0000000000
54612  54.715  -13.347  8.542 0.0000000000
54613  51.935  -13.042  8.239 0.0000000000
54620  55.561  -12.616  6.498 0.0000000000
54621  55.248  -13.389  7.331 0.0000000000
54622  53.208  -12.892  6.857 0.0000000000
54623  52.488  -13.468  7.591 0.0000000000
54624  51.561  -13.837  7.843 0.0000000000
54633  55.884  -12.516  5.329 0.0000000000
54634  53.829  -12.975  5.660 0.0000000000
54635  53.072  -13.890  6.754 0.0000000000
54640  55.946  -13.135  4.461 0.0000000000
54641  55.902  -12.712  4.694 0.0000000000
54642  54.217  -13.526  5.136 0.0000000000
54646  55.486  -13.251  4.351 0.0000000000
55506  55.606  -12.738  11.075 0.0000000000
55520  55.085  -12.606  10.433 0.0000000000
55521  54.751  -12.356  9.706 0.0000000000
55535  54.707  -12.252  8.737 0.0000000000
55546  52.183  -12.232  8.445 0.0000000000
55554  55.429  -12.032  6.830 0.0000000000
55555  55.142  -11.782  7.690 0.0000000000
55556  52.699  -12.594  7.725 0.0000000000
55563  55.666  -11.849  5.771 0.0000000000
55564  53.718  -12.108  5.988 0.0000000000
55571  55.505  -11.920  4.900 0.0000000000
55572  55.104  -11.790  4.709 0.0000000000
55573  54.515  -11.915  5.067 0.0000000000
55576  55.490  -12.548  4.578 0.0000000000
56448  55.891  -11.639  10.542 0.0000000000
56449  55.164  -11.853  10.135 0.0000000000
56462  55.490  -11.145  9.892 0.0000000000
56481  54.932  -11.459  8.463 0.0000000000
56500  55.483  -11.228  6.569 0.0000000000
56501  55.189  -11.014  7.695 0.0000000000
56502  53.571  -11.410  6.347 0.0000000000
56503  52.914  -11.615  7.680 0.0000000000
56508  55.476  -11.055  5.413 0.0000000000
56509  54.205  -11.371  5.454 0.0000000000
56516  55.131  -11.013  4.963 0.0000000000
56517  54.846  -11.060  4.929 0.0000000000
57435  56.267  -11.004  10.237 0.0000000000
57448  57.221  -10.198  9.796 0.0000000000
57449  56.487  -10.384  9.830 0.0000000000
57450  55.332  -10.611  9.238 0.0000000000
57451  54.927  -11.465  9.294 0.0000000000
57468  55.345  -10.106  8.607 0.0000000000
57469  55.118  -10.789  8.571 0.0000000000
57470  53.373  -9.860  7.105 0.0000000000
57487  55.279  -10.169  7.619 0.0000000000
57499  55.482  -10.328  6.183 0.0000000000
57500  54.558  -9.838  5.547 0.0000000000
57507  55.243  -10.333  5.365 0.0000000000
57508  54.975  -10.369  5.115 0.0000000000
58550  57.356  -9.442  9.315 0.0000000000
58551  56.447  -9.676  9.395 0.0000000000
58552  55.696  -9.844  9.127 0.0000000000
58571  55.973  -9.027  8.807 0.0000000000
58572  55.425  -9.291  8.078 0.0000000000
58573  52.840  -9.588  8.240 0.0000000000
58590  55.319  -8.810  6.747 0.0000000000
58591  53.967  -9.366  6.113 0.0000000000
58603  55.302  -9.620  5.884 0.0000000000
58604  55.046  -9.768  5.505 0.0000000000
58605  54.714  -9.191  5.790 0.0000000000
58620  61.722  -8.802  4.344 0.0000000000
59505  56.639  -8.987  9.040 0.0000000000
59521  59.058  -8.746  8.108 0.0000000000
59522  58.005  -8.308  8.535 0.0000000000
59523  57.176  -8.613  8.854 0.0000000000
59524  56.434  -8.381  8.551 0.0000000000
59525  55.724  -8.412  7.989 0.0000000000
59526  53.369  -8.182  7.596 0.0000000000
59527  52.782  -8.637  8.439 0.0000000000
59539  60.264  -9.098  6.568 0.0000000000
59540  59.574  -8.552  7.153 0.0000000000
59541  58.740  -7.957  7.737 0.0000000000
59542  56.188  -7.669  7.773 0.0000000000
59543  54.506  -7.649  6.499 0.0000000000
59544  53.979  -8.172  6.610 0.0000000000
59560  60.210  -8.481  5.990 0.0000000000
59561  54.770  -8.454  6.168 0.0000000000
59562  54.220  -8.779  6.176 0.0000000000
59572  60.996  -8.802  4.865 0.0000000000
59573  60.493  -8.202  5.026 0.0000000000
59580  62.196  -8.463  4.134 0.0000000000
60468  57.804  -7.426  7.982 0.0000000000
60469  57.052  -7.796  8.386 0.0000000000
60470  52.904  -7.737  8.329 0.0000000000
60482  59.367  -7.818  6.775 0.0000000000
60483  58.534  -7.247  7.234 0.0000000000
60484  56.967  -7.059  7.626 0.0000000000
60485  55.554  -7.519  6.825 0.0000000000
60486  54.332  -6.975  6.783 0.0000000000
60487  53.662  -7.443  7.332 0.0000000000
60500  59.801  -7.728  5.747 0.0000000000
60501  59.141  -7.227  6.431 0.0000000000
60502  55.055  -7.567  6.396 0.0000000000
60515  61.400  -8.221  4.203 0.0000000000
60516  60.373  -7.540  4.663 0.0000000000
60522  62.116  -7.775  3.898 0.0000000000
61391  52.966  -6.022  8.266 0.0000000000
61392  52.466  -6.534  8.759 0.0000000000
61400  58.409  -6.562  6.463 0.0000000000
61401  57.317  -6.495  6.916 0.0000000000
61402  56.486  -6.622  6.858 0.0000000000
61403  55.624  -6.851  6.591 0.0000000000
61404  54.299  -6.101  6.891 0.0000000000
61405  53.635  -6.547  7.517 0.0000000000
61417  59.431  -7.010  5.629 0.0000000000
61418  57.508  -5.946  6.150 0.0000000000
61419  56.784  -6.187  6.483 0.0000000000
61420  54.969  -6.766  6.377 0.0000000000
61432  59.795  -6.827  4.819 0.0000000000
61433  59.040  -6.401  5.395 0.0000000000
61434  58.331  -6.013  5.731 0.0000000000
61444  62.191  -7.036  4.073 0.0000000000
61445  61.776  -7.017  3.802 0.0000000000
61451  62.051  -6.243  3.742 0.0000000000
62321  53.183  -5.210  7.946 0.0000000000
62330  54.569  -5.321  6.658 0.0000000000
62331  53.863  -5.245  7.283 0.0000000000
62341  56.533  -5.710  6.026 0.0000000000
62342  55.938  -5.196  5.797 0.0000000000
62343  55.238  -5.334  6.205 0.0000000000
62352  62.249  -5.985  4.093 0.0000000000
62354  59.596  -6.300  4.525 0.0000000000
62355  58.767  -5.855  4.994 0.0000000000
62356  57.965  -5.509  5.413 0.0000000000
62357  56.695  -5.186  5.605 0.0000000000
62369  61.222  -6.313  3.519 0.0000000000
62370  60.201  -6.078  3.802 0.0000000000
62371  58.545  -5.196  4.514 0.0000000000
62378  62.180  -5.420  3.889 0.0000000000
62379  61.596  -5.488  3.432 0.0000000000
62380  60.604  -5.056  3.157 0.0000000000
63212  52.686  -4.489  8.222 0.0000000000
63229  54.149  -4.547  6.962 0.0000000000
63230  53.423  -4.452  7.582 0.0000000000
63241  55.360  -4.777  6.024 0.0000000000
63242  54.794  -4.673  6.411 0.0000000000
63254  62.206  -5.248  4.189 0.0000000000
63256  57.396  -4.928  5.104 0.0000000000
63257  56.506  -4.652  5.405 0.0000000000
63258  55.747  -4.404  5.699 0.0000000000
63270  62.225  -4.641  4.018 0.0000000000
63271  61.821  -4.014  4.386 0.0000000000
63272  59.656  -5.340  3.650 0.0000000000
63273  58.851  -4.613  3.769 0.0000000000
63274  57.973  -4.409  4.348 0.0000000000
63275  57.047  -4.180  4.787 0.0000000000
63288  61.978  -4.677  3.595 0.0000000000
63289  61.399  -4.586  3.146 0.0000000000
63290  59.682  -4.562  3.260 0.0000000000
63291  59.053  -4.112  3.374 0.0000000000
63297  61.766  -3.951  3.226 0.0000000000
63298  61.291  -3.930  2.868 0.0000000000
63299  60.522  -4.181  2.873 0.0000000000
64102  52.057  -3.921  8.538 0.0000000000
64122  54.440  -3.920  6.600 0.0000000000
64123  53.732  -3.731  7.172 0.0000000000
64124  52.817  -3.561  7.845 0.0000000000
64134  55.083  -4.126  6.108 0.0000000000
64135  54.791  -3.348  6.217 0.0000000000
64136  54.095  -3.113  6.708 0.0000000000
64148  56.237  -3.876  5.275 0.0000000000
64149  55.477  -3.601  5.731 0.0000000000
64150  55.193  -2.791  5.796 0.0000000000
64161  62.043  -3.859  3.722 0.0000000000
64162  61.580  -3.295  4.369 0.0000000000
64163  58.388  -3.922  3.709 0.0000000000
64164  57.602  -3.625  4.181 0.0000000000
64165  56.774  -3.304  4.691 0.0000000000
64178  61.856  -3.210  3.235 0.0000000000
64179  59.598  -3.866  3.008 0.0000000000
64180  58.870  -3.518  3.240 0.0000000000
64181  58.132  -3.164  3.601 0.0000000000
64187  61.617  -3.313  2.862 0.0000000000
64188  60.870  -3.450  2.604 0.0000000000
64189  60.119  -3.531  2.677 0.0000000000
64966  51.933  -3.005  8.335 0.0000000000
64990  53.373  -2.855  7.276 0.0000000000
64991  52.546  -2.532  7.758 0.0000000000
65007  54.512  -2.542  6.303 0.0000000000
65008  53.794  -2.289  6.758 0.0000000000
65019  55.948  -3.018  5.270 0.0000000000
65020  55.631  -2.214  5.331 0.0000000000
65021  54.915  -2.005  5.836 0.0000000000
65030  61.867  -2.982  3.710 0.0000000000
65031  61.411  -2.513  4.233 0.0000000000
65033  57.371  -2.754  4.102 0.0000000000
65034  56.485  -2.309  4.675 0.0000000000
65035  55.965  -1.677  4.907 0.0000000000
65048  61.970  -2.590  3.222 0.0000000000
65049  59.455  -3.195  2.802 0.0000000000
65050  58.754  -2.772  3.091 0.0000000000
65051  58.019  -2.292  3.508 0.0000000000
65064  61.910  -2.543  2.939 0.0000000000
65065  61.343  -2.654  2.563 0.0000000000
65066  60.250  -2.790  2.471 0.0000000000
65067  59.851  -1.937  2.403 0.0000000000
65867  53.114  -1.984  7.292 0.0000000000
65868  52.796  -1.159  7.190 0.0000000000
65887  54.254  -1.741  6.340 0.0000000000
65888  53.536  -1.479  6.760 0.0000000000
65889  53.271  -0.742  6.692 0.0000000000
65899  55.367  -1.475  5.369 0.0000000000
65900  54.675  -1.227  5.830 0.0000000000
65910  61.804  -2.370  3.589 0.0000000000
65911  61.467  -1.843  3.881 0.0000000000
65913  57.258  -1.833  4.021 0.0000000000
65914  56.543  -1.382  4.431 0.0000000000
65915  55.852  -1.012  4.821 0.0000000000
65925  62.027  -1.878  3.102 0.0000000000
65926  61.617  -1.160  3.490 0.0000000000
65927  58.815  -1.855  2.851 0.0000000000
65928  57.911  -1.376  3.418 0.0000000000
65929  57.136  -0.960  3.879 0.0000000000
65942  61.775  -1.705  2.733 0.0000000000
65943  61.226  -1.253  2.317 0.0000000000
65944  60.439  -1.227  2.205 0.0000000000
65945  59.494  -1.109  2.396 0.0000000000
66762  54.004  -0.955  6.316 0.0000000000
66763  53.685  -0.183  6.223 0.0000000000
66764  52.799  -0.066  6.682 0.0000000000
66771  55.172  -0.718  5.311 0.0000000000
66772  54.444  -0.437  5.759 0.0000000000
66773  54.195  0.369  5.657 0.0000000000
66781  60.801  -0.610  4.002 0.0000000000
66782  59.852  -0.139  4.454 0.0000000000
66784  56.427  -0.580  4.309 0.0000000000
66785  55.686  -0.246  4.721 0.0000000000
66794  61.991  -1.015  2.948 0.0000000000
66795  61.549  -0.385  3.258 0.0000000000
66796  58.575  -0.849  2.836 0.0000000000
66797  57.723  -0.491  3.330 0.0000000000
66798  56.949  -0.139  3.766 0.0000000000
66811  61.583  -0.783  2.544 0.0000000000
66812  61.023  -0.587  2.055 0.0000000000
66813  60.177  -0.462  1.968 0.0000000000
66814  59.242  -0.256  2.295 0.0000000000
66815  58.335  0.036  2.753 0.0000000000
66829  60.878  0.258  1.719 0.0000000000
67640  53.316  0.707  6.114 0.0000000000
67655  54.967  0.085  5.183 0.0000000000
67656  54.768  0.978  5.078 0.0000000000
67657  53.984  1.061  5.565 0.0000000000
67663  60.665  0.216  3.721 0.0000000000
67664  59.596  0.849  4.165 0.0000000000
67665  56.253  0.211  4.228 0.0000000000
67666  55.520  0.544  4.638 0.0000000000
67667  55.428  1.243  4.538 0.0000000000
67677  61.602  -0.203  2.739 0.0000000000
67678  61.399  0.476  3.000 0.0000000000
67679  60.663  1.106  3.355 0.0000000000
67680  57.523  0.362  3.257 0.0000000000
67681  56.755  0.676  3.706 0.0000000000
67691  61.357  0.022  2.169 0.0000000000
67692  59.888  0.335  1.747 0.0000000000
67693  59.019  0.608  2.192 0.0000000000
67694  58.129  0.921  2.645 0.0000000000
67703  61.401  0.786  1.891 0.0000000000
67704  61.161  0.996  1.636 0.0000000000
67705  60.529  1.016  1.532 0.0000000000
68533  52.637  1.440  6.194 0.0000000000
68552  54.198  1.701  5.234 0.0000000000
68553  53.419  1.556  5.706 0.0000000000
68554  52.793  2.159  5.791 0.0000000000
68561  59.854  1.779  3.601 0.0000000000
68564  56.065  1.010  4.176 0.0000000000
68565  55.813  1.874  4.104 0.0000000000
68566  54.954  1.816  4.652 0.0000000000
68577  61.465  0.642  2.339 0.0000000000
68578  61.340  1.380  2.499 0.0000000000
68579  60.756  1.847  2.947 0.0000000000
68580  57.338  1.221  3.220 0.0000000000
68581  56.556  1.480  3.662 0.0000000000
68582  56.422  2.149  3.574 0.0000000000
68591  61.559  1.355  2.012 0.0000000000
68592  61.563  1.872  2.055 0.0000000000
68593  59.679  1.150  1.666 0.0000000000
68594  58.944  1.546  2.052 0.0000000000
68595  57.952  1.873  2.558 0.0000000000
68605  61.414  1.331  1.811 0.0000000000
68606  61.149  1.572  1.576 0.0000000000
68607  60.369  1.840  1.434 0.0000000000
68608  59.594  2.310  1.523 0.0000000000
68611  50.061  2.172  1.836 0.0000000000
69426  52.114  2.003  6.163 0.0000000000
69427  51.312  2.175  6.231 0.0000000000
69443  53.575  2.290  5.338 0.0000000000
69444  52.020  2.743  5.793 0.0000000000
69445  50.884  2.996  5.829 0.0000000000
69453  59.090  2.530  3.891 0.0000000000
69455  55.187  2.706  4.241 0.0000000000
69456  54.349  2.448  4.804 0.0000000000
69457  53.675  3.002  4.941 0.0000000000
69468  61.128  3.018  2.099 0.0000000000
69469  60.419  2.653  2.969 0.0000000000
69470  59.497  3.453  3.345 0.0000000000
69471  57.090  2.013  3.193 0.0000000000
69472  56.736  2.710  3.201 0.0000000000
69473  55.995  2.700  3.688 0.0000000000
69474  48.903  2.416  3.395 0.0000000000
69475  48.809  2.746  4.335 0.0000000000
69484  61.501  1.842  1.885 0.0000000000
69485  61.384  2.375  1.933 0.0000000000
69486  59.035  3.021  1.627 0.0000000000
69487  57.503  2.638  2.677 0.0000000000
69488  57.099  3.371  2.702 0.0000000000
69489  49.366  2.905  2.651 0.0000000000
69499  61.193  2.313  1.640 0.0000000000
69500  60.565  2.785  1.388 0.0000000000
69501  59.933  3.061  1.235 0.0000000000
69502  51.023  2.202  1.039 0.0000000000
69503  50.018  2.989  1.653 0.0000000000
69514  52.412  1.623  -0.101 0.0000000000
69515  51.885  2.265  0.336 0.0000000000
69524  52.299  2.188  -0.508 0.0000000000
69525  51.959  2.137  -0.940 0.0000000000
69533  52.646  2.580  -1.068 0.0000000000
70302  52.929  2.859  5.424 0.0000000000
70303  52.260  3.973  5.097 0.0000000000
70304  51.618  3.547  5.469 0.0000000000
70305  50.173  3.557  5.456 0.0000000000
70306  49.466  3.275  5.264 0.0000000000
70314  58.655  3.915  3.705 0.0000000000
70317  54.427  3.202  4.451 0.0000000000
70318  53.738  3.704  4.553 0.0000000000
70319  53.026  4.214  4.647 0.0000000000
70320  49.205  3.530  4.534 0.0000000000
70330  60.088  4.106  2.659 0.0000000000
70331  56.304  3.388  3.256 0.0000000000
70332  55.566  3.371  3.683 0.0000000000
70333  55.146  3.986  3.651 0.0000000000
70334  49.051  3.271  3.672 0.0000000000
70343  60.821  3.942  1.928 0.0000000000
70344  58.759  3.909  1.519 0.0000000000
70345  58.033  3.286  2.161 0.0000000000
70346  49.314  3.841  2.983 0.0000000000
70357  60.933  3.210  1.744 0.0000000000
70358  60.510  3.616  1.265 0.0000000000
70359  59.810  3.735  1.112 0.0000000000
70360  50.369  3.548  1.172 0.0000000000
70361  49.661  3.827  2.014 0.0000000000
70369  52.341  2.431  -0.349 0.0000000000
70370  51.521  3.179  0.343 0.0000000000
70375  52.854  2.763  -0.945 0.0000000000
70376  51.475  2.695  -1.219 0.0000000000
70379  52.906  3.103  -1.173 0.0000000000
70380  52.423  3.178  -1.443 0.0000000000
70381  50.864  3.534  -1.490 0.0000000000
71199  51.323  4.375  5.113 0.0000000000
71200  50.425  4.236  5.157 0.0000000000
71201  49.731  4.010  5.006 0.0000000000
71213  56.813  5.403  4.466 0.0000000000
71214  54.481  3.911  4.089 0.0000000000
71215  53.824  4.456  4.196 0.0000000000
71216  52.209  4.716  4.673 0.0000000000
71217  50.066  4.615  4.641 0.0000000000
71218  49.557  4.314  4.319 0.0000000000
71228  59.597  4.820  2.756 0.0000000000
71229  55.840  4.041  3.291 0.0000000000
71230  55.388  4.546  3.327 0.0000000000
71231  54.642  4.673  3.614 0.0000000000
71232  53.876  5.193  3.753 0.0000000000
71233  49.479  4.562  3.556 0.0000000000
71245  60.654  4.578  1.570 0.0000000000
71246  60.509  4.758  2.148 0.0000000000
71247  57.588  4.183  2.154 0.0000000000
71248  56.587  4.082  2.786 0.0000000000
71249  56.034  4.825  2.882 0.0000000000
71250  49.540  4.706  2.576 0.0000000000
71257  60.549  4.778  1.169 0.0000000000
71258  60.423  4.394  0.976 0.0000000000
71259  59.609  4.538  0.982 0.0000000000
71260  58.492  4.795  1.391 0.0000000000
71261  51.365  4.022  0.113 0.0000000000
71262  49.919  4.369  1.550 0.0000000000
71268  60.469  4.890  0.953 0.0000000000
71269  52.454  3.210  -0.506 0.0000000000
71274  52.895  3.335  -1.214 0.0000000000
71275  52.307  4.055  -0.638 0.0000000000
71278  53.027  4.546  -2.184 0.0000000000
71279  52.890  3.925  -1.645 0.0000000000
71280  51.919  3.939  -1.917 0.0000000000
71281  50.315  4.382  -1.805 0.0000000000
71282  52.627  4.601  -2.345 0.0000000000
72124  57.335  6.028  3.877 0.0000000000
72126  53.090  4.972  4.265 0.0000000000
72127  52.296  5.458  4.196 0.0000000000
72128  51.312  5.206  4.513 0.0000000000
72129  50.461  5.204  4.323 0.0000000000
72130  49.834  5.017  4.025 0.0000000000
72146  59.170  5.614  2.812 0.0000000000
72147  58.211  5.815  3.443 0.0000000000
72148  55.240  5.197  3.131 0.0000000000
72149  54.518  5.491  3.294 0.0000000000
72150  53.158  5.657  3.763 0.0000000000
72151  52.425  6.083  3.666 0.0000000000
72152  51.569  5.885  3.943 0.0000000000
72153  50.243  5.749  3.676 0.0000000000
72154  49.692  5.326  3.270 0.0000000000
72162  60.548  5.336  1.571 0.0000000000
72163  60.164  5.540  2.262 0.0000000000
72164  59.872  6.306  2.197 0.0000000000
72165  57.479  5.138  1.887 0.0000000000
72166  56.604  5.439  2.315 0.0000000000
72167  55.753  5.667  2.623 0.0000000000
72168  54.980  5.890  2.838 0.0000000000
72169  49.718  5.601  2.524 0.0000000000
72177  60.412  5.434  0.984 0.0000000000
72178  60.201  5.087  0.792 0.0000000000
72179  59.397  5.414  0.843 0.0000000000
72180  58.317  5.730  1.206 0.0000000000
72181  57.251  5.981  1.650 0.0000000000
72188  60.036  5.915  0.708 0.0000000000
72189  51.059  4.938  0.041 0.0000000000
72190  50.267  5.834  0.843 0.0000000000
72195  52.798  4.232  -1.452 0.0000000000
72196  51.861  5.047  -0.797 0.0000000000
72199  53.035  4.645  -2.151 0.0000000000
72200  51.184  4.620  -2.295 0.0000000000
72201  49.876  5.264  -2.208 0.0000000000
72202  52.985  5.144  -2.569 0.0000000000
72203  52.617  5.221  -2.919 0.0000000000
72204  51.333  5.230  -2.787 0.0000000000
72205  50.102  5.857  -2.724 0.0000000000
72206  52.995  5.758  -3.231 0.0000000000
72207  52.076  5.734  -3.396 0.0000000000
73056  56.560  6.226  4.264 0.0000000000
73071  58.881  6.486  2.703 0.0000000000
73072  57.928  6.632  3.295 0.0000000000
73073  57.064  6.790  3.689 0.0000000000
73074  53.865  5.875  3.356 0.0000000000
73075  53.195  6.305  3.313 0.0000000000
73076  52.419  6.707  3.230 0.0000000000
73077  50.948  6.327  3.570 0.0000000000
73078  50.371  6.379  3.236 0.0000000000
73079  49.917  6.074  3.017 0.0000000000
73087  60.348  6.100  1.240 0.0000000000
73088  60.171  6.684  1.479 0.0000000000
73089  56.319  6.229  2.087 0.0000000000
73090  55.425  6.439  2.397 0.0000000000
73091  54.603  6.531  2.641 0.0000000000
73092  53.203  6.944  2.863 0.0000000000
73093  50.239  6.706  2.746 0.0000000000
73094  49.927  6.334  2.344 0.0000000000
73103  60.234  6.247  0.907 0.0000000000
73104  60.227  6.870  0.969 0.0000000000
73105  59.241  6.455  0.583 0.0000000000
73106  58.063  6.636  0.930 0.0000000000
73107  56.970  6.815  1.421 0.0000000000
73108  55.987  7.014  1.810 0.0000000000
73109  50.023  6.551  1.598 0.0000000000
73116  60.032  6.793  0.682 0.0000000000
73117  58.834  7.362  0.433 0.0000000000
73118  50.743  5.885  -0.041 0.0000000000
73119  50.241  6.803  0.727 0.0000000000
73127  52.543  5.419  -1.663 0.0000000000
73128  51.334  6.072  -0.754 0.0000000000
73131  52.626  6.342  -2.243 0.0000000000
73132  51.619  6.584  -1.336 0.0000000000
73134  53.172  5.808  -3.016 0.0000000000
73135  51.175  6.395  -3.735 0.0000000000
73136  49.955  6.652  -3.040 0.0000000000
73137  53.122  6.552  -3.505 0.0000000000
73138  52.613  6.500  -3.883 0.0000000000
73139  53.119  7.020  -4.109 0.0000000000
73886  56.272  6.957  3.996 0.0000000000
73887  55.477  7.111  4.268 0.0000000000
73905  58.555  7.298  2.581 0.0000000000
73906  56.818  7.561  3.444 0.0000000000
73907  55.973  7.699  3.684 0.0000000000
73908  55.131  7.814  3.902 0.0000000000
73909  51.501  6.934  3.175 0.0000000000
73910  50.747  6.923  3.049 0.0000000000
73924  60.114  7.403  1.102 0.0000000000
73925  59.830  8.228  1.064 0.0000000000
73926  59.068  8.099  1.844 0.0000000000
73927  54.994  7.310  2.173 0.0000000000
73928  54.167  7.926  2.165 0.0000000000
73929  53.298  7.650  2.477 0.0000000000
73930  52.282  7.457  2.741 0.0000000000
73931  51.207  7.524  2.685 0.0000000000
73932  50.570  7.335  2.467 0.0000000000
73933  50.165  7.014  2.122 0.0000000000
73942  59.966  7.644  0.862 0.0000000000
73943  57.762  7.500  0.726 0.0000000000
73944  56.714  7.643  1.222 0.0000000000
73945  55.782  7.831  1.531 0.0000000000
73946  50.382  7.657  1.806 0.0000000000
73947  50.193  7.212  1.499 0.0000000000
73955  59.447  8.024  0.505 0.0000000000
73956  58.613  8.269  0.417 0.0000000000
73957  57.529  8.378  0.581 0.0000000000
73958  50.405  7.386  0.104 0.0000000000
73969  50.748  7.611  -0.811 0.0000000000
73974  52.731  7.138  -2.753 0.0000000000
73975  51.736  7.293  -1.861 0.0000000000
73978  53.133  7.099  -3.474 0.0000000000
73979  53.180  7.159  -3.967 0.0000000000
73980  51.524  6.995  -4.344 0.0000000000
73981  50.351  7.216  -3.823 0.0000000000
73982  52.805  7.734  -4.473 0.0000000000
73983  52.488  7.302  -4.446 0.0000000000
74809  57.494  8.162  2.781 0.0000000000
74810  56.630  8.391  3.148 0.0000000000
74811  55.720  8.506  3.455 0.0000000000
74812  54.838  8.598  3.646 0.0000000000
74828  59.292  8.977  1.266 0.0000000000
74829  58.450  8.699  2.107 0.0000000000
74830  57.557  9.189  2.373 0.0000000000
74831  56.387  9.208  2.819 0.0000000000
74832  53.397  8.399  2.110 0.0000000000
74833  52.650  8.101  2.349 0.0000000000
74834  51.694  8.228  2.260 0.0000000000
74835  50.855  8.021  2.159 0.0000000000
74847  59.676  8.396  0.881 0.0000000000
74848  59.451  9.017  0.985 0.0000000000
74849  59.081  9.573  1.033 0.0000000000
74850  56.539  8.437  1.016 0.0000000000
74851  55.789  8.568  1.266 0.0000000000
74852  54.265  8.748  1.655 0.0000000000
74853  53.370  9.128  1.644 0.0000000000
74854  51.066  8.648  1.771 0.0000000000
74855  50.568  8.364  1.478 0.0000000000
74863  59.244  8.868  0.665 0.0000000000
74864  58.342  9.323  0.441 0.0000000000
74865  57.254  9.194  0.450 0.0000000000
74866  56.818  9.959  0.292 0.0000000000
74867  50.264  8.308  0.124 0.0000000000
74868  50.259  7.847  0.976 0.0000000000
74877  50.896  8.228  -1.492 0.0000000000
74885  51.731  7.977  -2.399 0.0000000000
74891  52.963  7.812  -4.004 0.0000000000
74892  50.935  8.899  -2.118 0.0000000000
74893  49.371  8.588  -3.197 0.0000000000
74896  52.673  8.561  -4.610 0.0000000000
74897  52.497  8.789  -3.942 0.0000000000
74898  50.803  7.656  -4.565 0.0000000000
74899  49.936  8.050  -3.973 0.0000000000
74900  36.256  8.563  -3.883 0.0000000000
74903  52.489  8.601  -5.279 0.0000000000
74904  52.230  7.910  -5.076 0.0000000000
74905  51.434  8.063  -5.203 0.0000000000
74906  50.413  8.404  -4.827 0.0000000000
74907  35.854  8.479  -4.572 0.0000000000
74909  51.959  8.468  -5.512 0.0000000000
75687  55.463  9.275  3.188 0.0000000000
75688  54.586  9.380  3.366 0.0000000000
75707  58.035  10.017  1.622 0.0000000000
75708  57.141  10.153  2.106 0.0000000000
75709  56.080  9.878  2.635 0.0000000000
75710  55.272  10.030  2.790 0.0000000000
75723  58.829  9.758  0.901 0.0000000000
75724  58.562  10.260  1.020 0.0000000000
75725  55.948  10.238  0.394 0.0000000000
75726  54.344  10.450  0.734 0.0000000000
75727  53.366  9.924  1.267 0.0000000000
75728  52.292  9.467  1.538 0.0000000000
75729  51.237  9.272  1.450 0.0000000000
75730  50.677  9.554  0.948 0.0000000000
75742  58.212  10.295  0.498 0.0000000000
75743  57.691  10.714  0.227 0.0000000000
75744  56.836  11.119  0.028 0.0000000000
75745  55.564  10.810  0.328 0.0000000000
75746  50.324  9.745  0.252 0.0000000000
75759  50.383  9.143  -1.008 0.0000000000
75785  51.591  9.083  -3.082 0.0000000000
75786  49.062  9.301  -3.281 0.0000000000
75787  48.487  9.839  -2.950 0.0000000000
75799  49.569  8.983  -4.101 0.0000000000
75800  48.955  9.805  -3.799 0.0000000000
75805  39.993  10.012  -4.069 0.0000000000
75806  39.159  9.911  -3.906 0.0000000000
75807  38.330  9.695  -3.688 0.0000000000
75808  37.540  9.397  -3.435 0.0000000000
75809  36.714  8.998  -3.239 0.0000000000
75810  35.697  8.603  -3.112 0.0000000000
75813  52.606  9.209  -5.129 0.0000000000
75814  52.520  9.427  -4.655 0.0000000000
75815  50.073  9.166  -5.098 0.0000000000
75816  49.407  9.633  -4.559 0.0000000000
75817  43.452  10.016  -4.504 0.0000000000
75819  41.288  9.799  -4.586 0.0000000000
75820  40.411  9.732  -4.894 0.0000000000
75821  39.458  9.694  -4.709 0.0000000000
75822  38.480  9.517  -4.625 0.0000000000
75823  37.654  9.265  -4.204 0.0000000000
75824  36.857  8.784  -4.626 0.0000000000
75827  52.334  9.471  -5.641 0.0000000000
75828  51.962  9.092  -5.854 0.0000000000
75829  51.162  8.815  -5.658 0.0000000000
75830  50.562  9.570  -5.883 0.0000000000
75831  42.112  9.735  -5.716 0.0000000000
75832  41.290  9.648  -5.537 0.0000000000
75833  40.461  9.575  -5.782 0.0000000000
75834  39.040  9.422  -6.131 0.0000000000
75835  38.140  9.301  -5.676 0.0000000000
75836  37.125  8.975  -5.562 0.0000000000
75837  36.226  8.717  -5.323 0.0000000000
75841  41.778  9.758  -6.369 0.0000000000
75842  40.458  9.726  -7.189 0.0000000000
75843  39.157  9.510  -7.022 0.0000000000
75844  38.327  9.414  -6.713 0.0000000000
75845  37.425  9.269  -6.443 0.0000000000
75846  36.407  9.096  -6.216 0.0000000000
75850  39.977  9.946  -7.735 0.0000000000
75851  39.292  9.823  -7.704 0.0000000000
75852  38.514  9.721  -7.565 0.0000000000
75853  37.678  9.658  -7.324 0.0000000000
76685  54.325  10.134  3.005 0.0000000000
76705  58.011  10.776  1.280 0.0000000000
76706  57.402  11.060  1.544 0.0000000000
76707  56.325  10.803  2.127 0.0000000000
76708  55.106  10.889  2.495 0.0000000000
76709  54.024  10.915  2.693 0.0000000000
76710  53.023  10.960  2.843 0.0000000000
76722  58.318  10.526  0.795 0.0000000000
76723  58.163  11.015  0.884 0.0000000000
76724  57.951  11.520  1.034 0.0000000000
76725  53.375  10.596  0.915 0.0000000000
76726  52.475  10.326  1.164 0.0000000000
76727  51.441  9.990  1.170 0.0000000000
76738  58.034  10.991  0.574 0.0000000000
76739  55.040  11.282  0.303 0.0000000000
76740  53.979  11.329  0.468 0.0000000000
76741  52.780  11.056  0.742 0.0000000000
76742  51.709  10.753  0.797 0.0000000000
76743  50.789  10.314  0.599 0.0000000000
76764  50.380  10.660  -2.073 0.0000000000
76772  50.920  10.100  -2.986 0.0000000000
76773  47.660  10.209  -2.690 0.0000000000
76774  46.711  10.255  -2.584 0.0000000000
76782  52.064  10.344  -4.629 0.0000000000
76783  51.881  9.746  -3.897 0.0000000000
76784  48.158  10.496  -3.597 0.0000000000
76785  47.149  10.642  -3.261 0.0000000000
76786  46.237  10.573  -3.264 0.0000000000
76787  45.488  10.436  -3.440 0.0000000000
76788  44.837  10.075  -3.266 0.0000000000
76789  44.189  10.106  -3.853 0.0000000000
76794  52.437  9.908  -5.268 0.0000000000
76795  49.648  9.878  -5.330 0.0000000000
76796  48.864  10.312  -4.559 0.0000000000
76797  47.406  11.002  -3.989 0.0000000000
76798  46.660  11.252  -4.382 0.0000000000
76799  44.340  10.481  -4.634 0.0000000000
76801  51.807  9.905  -6.154 0.0000000000
76802  50.997  10.066  -6.380 0.0000000000
76803  50.065  10.256  -6.176 0.0000000000
76804  49.149  10.533  -5.487 0.0000000000
76805  44.553  10.958  -5.340 0.0000000000
76806  43.127  10.484  -6.287 0.0000000000
76807  42.829  9.950  -5.405 0.0000000000
76809  51.287  10.522  -6.404 0.0000000000
76810  50.479  10.867  -6.643 0.0000000000
76811  42.293  10.238  -6.853 0.0000000000
76812  41.381  10.047  -7.208 0.0000000000
76817  42.003  10.703  -7.597 0.0000000000
76818  41.246  10.638  -7.853 0.0000000000
76819  40.633  10.246  -7.749 0.0000000000
76820  39.518  10.238  -8.176 0.0000000000
76821  38.717  10.220  -8.282 0.0000000000
76822  37.877  10.074  -8.129 0.0000000000
76823  37.050  10.116  -7.918 0.0000000000
76827  40.587  10.953  -8.380 0.0000000000
76828  39.763  10.798  -8.570 0.0000000000
76829  38.549  10.940  -8.979 0.0000000000
76830  37.229  10.702  -8.769 0.0000000000
77633  57.272  11.832  1.344 0.0000000000
77634  56.078  11.810  1.869 0.0000000000
77635  54.836  11.775  2.312 0.0000000000
77636  53.723  11.768  2.504 0.0000000000
77637  52.711  11.824  2.606 0.0000000000
77638  51.783  11.891  2.695 0.0000000000
77639  50.900  11.900  2.720 0.0000000000
77652  57.916  11.474  0.777 0.0000000000
77653  57.522  12.104  0.721 0.0000000000
77654  56.939  12.698  1.142 0.0000000000
77655  55.723  12.676  1.708 0.0000000000
77660  57.649  11.516  0.402 0.0000000000
77661  55.239  12.201  -0.072 0.0000000000
77662  54.129  12.171  0.110 0.0000000000
77663  53.154  11.824  0.325 0.0000000000
77664  52.057  11.522  0.402 0.0000000000
77665  51.046  11.137  0.279 0.0000000000
77671  51.471  11.899  -0.164 0.0000000000
77672  50.657  11.443  -0.475 0.0000000000
77678  50.376  11.530  -1.710 0.0000000000
77680  50.435  11.504  -2.601 0.0000000000
77682  51.286  11.345  -4.491 0.0000000000
77683  50.643  11.714  -3.484 0.0000000000
77685  51.940  10.809  -5.483 0.0000000000
77686  51.227  12.018  -5.301 0.0000000000
77687  48.412  11.120  -5.433 0.0000000000
77688  47.501  11.321  -4.807 0.0000000000
77690  51.744  10.677  -6.122 0.0000000000
77691  51.448  11.578  -6.067 0.0000000000
77692  49.391  10.968  -6.347 0.0000000000
77693  47.647  11.585  -5.628 0.0000000000
77694  46.663  11.635  -5.315 0.0000000000
77695  45.477  11.476  -5.467 0.0000000000
77696  44.706  11.365  -5.928 0.0000000000
77697  44.016  10.975  -6.053 0.0000000000
77700  51.190  11.248  -6.542 0.0000000000
77701  48.447  11.593  -6.416 0.0000000000
77702  46.117  12.010  -6.208 0.0000000000
77703  45.181  11.810  -6.342 0.0000000000
77704  44.384  11.553  -6.567 0.0000000000
77705  43.601  11.233  -6.815 0.0000000000
77706  42.813  10.918  -7.191 0.0000000000
77710  44.046  11.882  -7.322 0.0000000000
77711  43.275  11.668  -7.561 0.0000000000
77712  42.487  11.520  -7.905 0.0000000000
77713  41.562  11.434  -8.337 0.0000000000
77716  41.518  12.366  -9.175 0.0000000000
77717  40.786  11.847  -9.014 0.0000000000
77718  39.963  11.601  -9.158 0.0000000000
77719  39.189  11.234  -9.127 0.0000000000
77720  37.635  11.421  -9.558 0.0000000000
77721  36.543  11.525  -9.684 0.0000000000
77728  40.718  12.739  -9.846 0.0000000000
77729  39.861  12.472  -9.933 0.0000000000
77730  39.158  12.045  -9.808 0.0000000000
77731  37.776  12.354  -10.270 0.0000000000
77732  36.876  12.427  -10.294 0.0000000000
78527  53.442  12.598  2.226 0.0000000000
78528  52.411  12.645  2.242 0.0000000000
78529  51.474  12.504  2.309 0.0000000000
78530  50.644  12.451  2.237 0.0000000000
78546  56.830  12.928  0.545 0.0000000000
78547  56.357  13.488  1.020 0.0000000000
78548  54.517  12.612  2.088 0.0000000000
78549  53.219  13.327  1.784 0.0000000000
78550  52.459  13.299  1.755 0.0000000000
78551  51.211  12.981  1.804 0.0000000000
78552  50.369  12.840  1.654 0.0000000000
78553  49.349  12.581  1.543 0.0000000000
78564  56.460  13.324  0.057 0.0000000000
78565  55.830  13.219  -0.297 0.0000000000
78566  54.755  12.957  -0.334 0.0000000000
78567  53.603  12.651  -0.175 0.0000000000
78568  52.497  12.296  -0.085 0.0000000000
78569  49.084  13.002  0.713 0.0000000000
78570  48.182  12.888  0.428 0.0000000000
78578  55.967  13.859  -0.187 0.0000000000
78579  54.164  13.641  -0.568 0.0000000000
78580  52.995  13.223  -0.558 0.0000000000
78581  51.874  12.747  -0.641 0.0000000000
78582  50.565  11.912  -1.226 0.0000000000
78592  51.257  13.060  -1.447 0.0000000000
78593  50.602  12.504  -2.158 0.0000000000
78595  50.498  12.380  -2.964 0.0000000000
78598  50.634  12.581  -3.999 0.0000000000
78600  50.708  13.327  -4.904 0.0000000000
78602  51.110  12.794  -5.933 0.0000000000
78603  37.676  12.873  -5.683 0.0000000000
78604  36.857  12.878  -5.923 0.0000000000
78607  50.884  12.353  -6.449 0.0000000000
78608  50.088  12.497  -6.999 0.0000000000
78609  49.080  12.668  -7.229 0.0000000000
78610  47.447  12.641  -7.269 0.0000000000
78611  46.505  12.465  -7.053 0.0000000000
78612  45.607  12.312  -6.962 0.0000000000
78613  44.803  12.139  -7.080 0.0000000000
78614  38.837  12.749  -7.119 0.0000000000
78615  38.271  12.707  -6.333 0.0000000000
78616  37.372  12.621  -6.750 0.0000000000
78617  36.321  12.698  -6.943 0.0000000000
78621  48.553  13.758  -7.465 0.0000000000
78622  47.619  13.501  -7.680 0.0000000000
78623  46.736  13.187  -7.679 0.0000000000
78624  45.879  12.938  -7.618 0.0000000000
78625  44.444  12.715  -7.951 0.0000000000
78626  43.691  12.321  -7.959 0.0000000000
78627  43.033  12.286  -8.310 0.0000000000
78628  39.157  13.019  -7.996 0.0000000000
78629  38.419  12.791  -7.993 0.0000000000
78630  37.593  12.695  -7.915 0.0000000000
78631  36.091  12.806  -8.361 0.0000000000
78636  44.431  13.621  -8.740 0.0000000000
78637  43.683  13.132  -8.806 0.0000000000
78638  42.805  12.993  -9.174 0.0000000000
78639  38.780  13.408  -8.875 0.0000000000
78640  37.886  13.189  -8.962 0.0000000000
78641  35.971  13.143  -9.834 0.0000000000
78645  42.351  13.736  -9.913 0.0000000000
78646  41.568  13.307  -9.937 0.0000000000
78647  39.998  13.388  -10.361 0.0000000000
78648  39.037  12.954  -10.404 0.0000000000
78649  38.106  12.913  -10.459 0.0000000000
78650  37.293  12.991  -10.485 0.0000000000
78651  36.485  13.067  -10.268 0.0000000000
78656  39.407  13.772  -10.395 0.0000000000
78657  38.508  13.421  -10.347 0.0000000000
78658  37.710  13.254  -10.323 0.0000000000
79426  56.378  13.586  0.386 0.0000000000
79427  55.905  14.069  0.615 0.0000000000
79428  55.103  14.180  1.220 0.0000000000
79429  53.992  14.199  1.385 0.0000000000
79430  52.952  14.020  1.394 0.0000000000
79431  51.922  13.648  1.397 0.0000000000
79432  50.949  13.474  1.210 0.0000000000
79433  50.035  13.208  0.980 0.0000000000
79442  56.097  14.029  0.051 0.0000000000
79443  52.600  14.568  0.802 0.0000000000
79444  51.586  14.239  0.704 0.0000000000
79445  50.661  13.902  0.498 0.0000000000
79446  49.758  13.603  0.237 0.0000000000
79447  48.856  13.383  -0.032 0.0000000000
79448  47.987  13.234  -0.326 0.0000000000
79456  55.474  14.489  -0.169 0.0000000000
79457  55.261  13.853  -0.404 0.0000000000
79458  54.505  14.647  -0.537 0.0000000000
79459  53.553  14.335  -0.955 0.0000000000
79460  52.481  13.801  -1.196 0.0000000000
79461  50.428  14.347  -0.253 0.0000000000
79462  49.540  13.959  -0.523 0.0000000000
79463  48.675  13.660  -0.773 0.0000000000
79464  46.165  12.982  -0.726 0.0000000000
79474  53.066  14.984  -1.657 0.0000000000
79475  52.110  14.459  -1.964 0.0000000000
79476  51.247  13.861  -2.450 0.0000000000
79477  49.334  14.265  -1.289 0.0000000000
79478  48.458  13.881  -1.466 0.0000000000
79479  47.642  13.615  -1.562 0.0000000000
79480  46.268  13.243  -1.375 0.0000000000
79481  45.665  13.335  -1.757 0.0000000000
79482  44.858  13.356  -1.737 0.0000000000
79483  43.888  13.515  -1.690 0.0000000000
79484  42.949  13.778  -1.653 0.0000000000
79485  52.163  15.234  -2.764 0.0000000000
79486  51.471  14.696  -3.164 0.0000000000
79487  48.196  14.074  -2.159 0.0000000000
79488  47.328  13.779  -2.257 0.0000000000
79489  46.388  13.564  -2.243 0.0000000000
79490  45.442  13.570  -2.446 0.0000000000
79491  43.494  13.779  -2.426 0.0000000000
79492  42.608  14.008  -2.423 0.0000000000
79494  51.297  14.888  -3.841 0.0000000000
79495  45.166  13.851  -3.208 0.0000000000
79496  44.465  13.922  -3.282 0.0000000000
79497  39.809  13.960  -3.614 0.0000000000
79498  38.964  13.879  -3.731 0.0000000000
79499  38.095  13.970  -3.829 0.0000000000
79502  51.073  14.945  -4.792 0.0000000000
79503  41.153  13.687  -5.031 0.0000000000
79504  40.447  13.769  -4.249 0.0000000000
79505  39.551  13.591  -4.363 0.0000000000
79506  38.565  13.445  -4.517 0.0000000000
79507  37.656  13.606  -4.477 0.0000000000
79508  36.853  13.800  -4.644 0.0000000000
79511  50.851  15.096  -5.610 0.0000000000
79512  40.216  13.464  -5.064 0.0000000000
79513  39.328  13.225  -5.204 0.0000000000
79514  38.477  13.018  -5.425 0.0000000000
79515  37.233  13.253  -5.122 0.0000000000
79516  36.490  13.413  -5.360 0.0000000000
79517  35.740  13.615  -5.705 0.0000000000
79520  50.558  14.837  -6.198 0.0000000000
79521  50.039  14.753  -6.760 0.0000000000
79522  49.578  13.609  -7.096 0.0000000000
79523  41.590  13.725  -6.546 0.0000000000
79524  40.755  13.429  -6.895 0.0000000000
79525  39.801  13.116  -7.272 0.0000000000
79526  39.139  12.906  -6.166 0.0000000000
79527  36.168  13.039  -6.064 0.0000000000
79533  49.146  14.843  -7.288 0.0000000000
79534  48.466  14.604  -7.601 0.0000000000
79535  47.785  14.600  -7.888 0.0000000000
79536  46.912  14.128  -8.129 0.0000000000
79537  46.077  13.772  -8.171 0.0000000000
79538  45.202  13.490  -8.280 0.0000000000
79539  41.438  13.935  -7.757 0.0000000000
79540  40.647  13.672  -8.118 0.0000000000
79541  39.749  13.675  -8.733 0.0000000000
79549  46.146  14.740  -8.465 0.0000000000
79550  45.507  14.371  -8.574 0.0000000000
79551  44.728  14.587  -8.976 0.0000000000
79552  43.922  14.313  -9.352 0.0000000000
79553  43.144  14.046  -9.701 0.0000000000
79554  41.196  14.441  -8.716 0.0000000000
79555  40.549  14.416  -9.228 0.0000000000
79556  39.963  14.357  -9.665 0.0000000000
79557  38.362  13.610  -9.765 0.0000000000
79558  37.450  13.442  -9.901 0.0000000000
79559  36.764  13.302  -10.062 0.0000000000
79564  44.075  15.044  -9.383 0.0000000000
79565  43.242  14.997  -9.798 0.0000000000
79566  42.491  14.772  -10.183 0.0000000000
79567  41.713  14.318  -10.344 0.0000000000
79568  40.888  13.798  -10.421 0.0000000000
79569  38.026  13.480  -10.128 0.0000000000
79570  37.180  13.248  -10.252 0.0000000000
79575  41.845  15.025  -10.333 0.0000000000
79576  41.084  14.552  -10.422 0.0000000000
79577  40.266  14.131  -10.480 0.0000000000
80344  55.645  14.448  0.209 0.0000000000
80345  55.353  14.575  0.582 0.0000000000
80346  54.676  14.820  0.723 0.0000000000
80347  53.683  14.845  0.797 0.0000000000
80353  55.124  14.897  0.182 0.0000000000
80354  54.281  15.303  0.083 0.0000000000
80355  53.271  15.316  0.175 0.0000000000
80356  52.286  15.116  0.033 0.0000000000
80357  51.304  14.696  -0.036 0.0000000000
80365  54.796  15.042  -0.216 0.0000000000
80366  54.054  15.257  -0.622 0.0000000000
80367  53.620  15.198  -1.166 0.0000000000
80368  51.866  15.386  -0.559 0.0000000000
80369  51.213  15.209  -0.818 0.0000000000
80370  50.313  14.745  -1.105 0.0000000000
80379  53.050  15.724  -1.751 0.0000000000
80380  52.683  15.606  -2.258 0.0000000000
80381  50.150  15.129  -1.931 0.0000000000
80382  49.127  14.487  -2.048 0.0000000000
80383  41.997  14.134  -1.566 0.0000000000
80385  39.764  15.017  -1.497 0.0000000000
80387  52.621  16.179  -2.244 0.0000000000
80388  52.423  16.139  -2.820 0.0000000000
80389  52.136  15.912  -3.448 0.0000000000
80390  49.952  15.361  -2.705 0.0000000000
80391  48.939  14.687  -2.820 0.0000000000
80392  47.932  14.298  -2.902 0.0000000000
80393  46.985  13.998  -3.006 0.0000000000
80394  46.057  13.855  -3.115 0.0000000000
80395  43.906  13.886  -3.031 0.0000000000
80396  41.712  14.230  -2.464 0.0000000000
80397  40.703  14.333  -2.544 0.0000000000
80398  39.683  14.578  -2.293 0.0000000000
80399  38.836  14.733  -2.567 0.0000000000
80400  38.180  14.937  -2.799 0.0000000000
80403  51.974  16.397  -3.325 0.0000000000
80404  51.697  16.219  -4.127 0.0000000000
80405  49.873  15.640  -3.516 0.0000000000
80406  48.753  14.956  -3.634 0.0000000000
80407  47.683  14.547  -3.726 0.0000000000
80408  46.680  14.334  -3.816 0.0000000000
80409  45.721  14.243  -3.894 0.0000000000
80410  44.836  14.208  -3.859 0.0000000000
80411  43.930  14.149  -3.719 0.0000000000
80412  43.041  14.218  -3.856 0.0000000000
80413  41.505  14.192  -3.287 0.0000000000
80414  40.647  14.109  -3.450 0.0000000000
80415  39.285  14.263  -3.043 0.0000000000
80416  38.502  14.388  -3.214 0.0000000000
80417  37.649  14.776  -3.372 0.0000000000
80418  36.976  14.931  -3.820 0.0000000000
80421  51.196  16.409  -4.948 0.0000000000
80422  48.512  15.332  -4.493 0.0000000000
80423  47.415  14.906  -4.609 0.0000000000
80424  46.375  14.692  -4.692 0.0000000000
80425  45.311  14.582  -4.803 0.0000000000
80426  44.451  14.364  -4.391 0.0000000000
80427  43.699  14.328  -4.534 0.0000000000
80428  42.872  14.227  -4.679 0.0000000000
80429  41.331  13.955  -4.119 0.0000000000
80430  37.301  14.264  -4.072 0.0000000000
80431  36.511  14.680  -4.390 0.0000000000
80432  35.873  14.862  -4.848 0.0000000000
80435  50.769  16.047  -5.743 0.0000000000
80436  46.135  15.153  -5.645 0.0000000000
80437  45.218  15.092  -6.081 0.0000000000
80438  44.379  14.774  -6.047 0.0000000000
80439  43.609  14.442  -5.527 0.0000000000
80440  42.702  14.152  -5.570 0.0000000000
80441  41.915  13.810  -5.689 0.0000000000
80442  36.110  14.102  -4.997 0.0000000000
80447  50.371  15.685  -6.324 0.0000000000
80448  49.736  15.922  -6.768 0.0000000000
80449  43.905  14.785  -6.578 0.0000000000
80450  43.370  14.770  -7.213 0.0000000000
80451  42.542  14.219  -6.643 0.0000000000
80458  48.942  15.870  -7.282 0.0000000000
80459  48.354  15.347  -7.627 0.0000000000
80460  47.536  15.658  -7.960 0.0000000000
80461  46.905  15.171  -8.289 0.0000000000
80462  43.561  15.288  -8.330 0.0000000000
80463  42.788  14.761  -7.930 0.0000000000
80464  42.043  14.803  -8.710 0.0000000000
80469  46.064  15.673  -8.403 0.0000000000
80470  45.336  15.188  -8.723 0.0000000000
80471  44.499  15.313  -9.024 0.0000000000
80472  42.912  15.281  -8.970 0.0000000000
80473  42.355  15.230  -9.729 0.0000000000
80474  41.403  14.973  -9.710 0.0000000000
80475  40.554  14.731  -9.989 0.0000000000
80476  39.852  14.393  -10.111 0.0000000000
80479  43.612  15.229  -9.363 0.0000000000
80480  42.563  15.190  -9.996 0.0000000000
80481  41.266  14.899  -10.208 0.0000000000
80482  40.487  14.531  -10.246 0.0000000000
80483  39.803  14.236  -10.306 0.0000000000
81268  53.493  15.506  -0.487 0.0000000000
81269  52.972  15.595  -0.395 0.0000000000
81277  53.358  15.648  -1.141 0.0000000000
81278  53.064  15.790  -0.908 0.0000000000
81279  52.553  15.725  -0.801 0.0000000000
81280  52.083  15.887  -1.312 0.0000000000
81289  52.760  15.995  -1.550 0.0000000000
81290  51.353  15.839  -1.846 0.0000000000
81293  38.662  15.775  -1.760 0.0000000000
81295  52.245  16.353  -2.668 0.0000000000
81296  51.907  16.504  -2.768 0.0000000000
81297  51.018  16.124  -2.689 0.0000000000
81298  39.076  15.162  -1.924 0.0000000000
81299  38.409  15.397  -2.299 0.0000000000
81300  37.699  15.664  -2.767 0.0000000000
81302  51.355  16.573  -4.163 0.0000000000
81303  50.918  16.697  -4.179 0.0000000000
81304  49.717  15.969  -4.376 0.0000000000
81305  37.079  15.578  -3.436 0.0000000000
81306  36.561  15.550  -4.022 0.0000000000
81308  50.770  16.490  -5.260 0.0000000000
81309  50.431  16.565  -5.069 0.0000000000
81310  49.351  16.185  -5.114 0.0000000000
81311  48.285  15.813  -5.507 0.0000000000
81312  47.080  15.325  -5.489 0.0000000000
81317  50.355  16.336  -5.999 0.0000000000
81318  49.710  16.392  -6.289 0.0000000000
81319  49.467  16.465  -5.846 0.0000000000
81320  47.609  15.999  -6.339 0.0000000000
81321  46.794  15.649  -6.260 0.0000000000
81322  46.151  15.714  -6.702 0.0000000000
81327  49.041  16.311  -6.929 0.0000000000
81328  48.394  16.411  -6.996 0.0000000000
81329  47.859  16.398  -6.923 0.0000000000
81330  47.045  16.214  -7.075 0.0000000000
81331  45.470  15.713  -7.332 0.0000000000
81332  44.640  15.306  -6.926 0.0000000000
81333  44.112  15.318  -7.616 0.0000000000
81338  48.153  16.102  -7.437 0.0000000000
81339  47.207  16.101  -7.847 0.0000000000
81340  46.411  16.052  -8.125 0.0000000000
81341  45.598  15.907  -8.192 0.0000000000
81342  44.844  15.721  -7.959 0.0000000000
81343  44.294  15.525  -8.547 0.0000000000
81347  46.821  15.879  -8.182 0.0000000000
81348  45.197  15.578  -8.497 0.0000000000
81349  44.347  15.440  -8.890 0.0000000000
81350  43.649  15.409  -9.104 0.0000000000
81354  43.040  15.256  -9.591 0.0000000000
82231  38.141  16.280  -2.092 0.0000000000
82232  37.607  16.540  -2.605 0.0000000000
82235  37.189  16.398  -3.118 0.0000000000
82248  47.599  16.239  -7.346 0.0000000000
82254  46.925  16.199  -7.700 0.0000000000
113126  49.533  11.681  -6.982 0.0000000000
113154  59.237  4.206  3.251 0.0000000000
113190  42.027  13.969  -4.821 0.0000000000
113243  50.398  8.874  0.714 0.0000000000
113305  54.235  -10.606  5.566 0.0000000000
113365  43.732  10.444  -5.387 0.0000000000
113377  51.048  10.777  -3.586 0.0000000000
113388  55.701  -5.855  6.164 0.0000000000
113475  45.842  10.906  -3.996 0.0000000000
113521  54.300  9.588  1.230 0.0000000000
113576  42.204  14.123  -3.969 0.0000000000
113588  50.238  10.895  -1.007 0.0000000000
113876  42.249  12.238  -8.649 0.0000000000
113889  43.193  14.047  -3.130 0.0000000000
113945  46.313  16.109  -7.685 0.0000000000
113956  40.907  9.623  -6.450 0.0000000000
114166  61.297  2.233  2.316 0.0000000000
114258  57.757  9.960  0.293 0.0000000000
114318  49.079  16.413  -6.560 0.0000000000
114338  42.039  9.688  -5.005 0.0000000000
114343  57.048  12.343  0.186 0.0000000000
114350  50.526  11.662  -6.834 0.0000000000
114379  42.380  14.171  -3.194 0.0000000000
114417  55.914  -20.670  5.465 0.0000000000
114420  58.214  -17.753  3.445 0.0000000000
114432  53.462  -29.695  9.142 0.0000000000
114439  51.492  16.523  -3.467 0.0000000000
114513  52.269  16.321  -2.152 0.0000000000
114555  42.453  9.990  -6.158 0.0000000000
114596  56.933  -21.292  6.618 0.0000000000
114632  50.319  9.901  -1.475 0.0000000000
114662  39.942  9.503  -6.511 0.0000000000
114701  60.757  -31.058  7.222 0.0000000000
114822  55.344  -20.702  4.225 0.0000000000
114852  51.753  6.406  3.534 0.0000000000
114929  50.179  9.965  -0.477 0.0000000000
115020  39.712  9.562  -5.543 0.0000000000
115071  51.041  16.706  -4.724 0.0000000000
115099  41.080  14.423  -1.687 0.0000000000
115168  53.725  -43.893  13.558 0.0000000000
115269  44.958  10.503  -3.976 0.0000000000
115319  49.264  3.940  3.861 0.0000000000
115387  51.324  -41.669  18.336 0.0000000000
115440  37.644  9.196  -4.945 0.0000000000
115459  44.893  15.611  -8.470 0.0000000000
115478  40.025  13.191  -6.006 0.0000000000
115542  36.896  13.099  -9.091 0.0000000000
115591  58.245  -21.405  4.427 0.0000000000
115630  40.012  14.225  -2.963 0.0000000000
115678  47.566  -39.272  21.239 0.0000000000
115807  45.191  12.671  -7.572 0.0000000000
115811  55.203  -20.696  8.088 0.0000000000
115856  50.197  9.174  -0.077 0.0000000000
115914  48.166  10.879  -4.501 0.0000000000
116131  60.661  -5.729  3.400 0.0000000000
116183  58.607  9.515  1.507 0.0000000000
116188  56.154  11.802  0.000 0.0000000000
116247  38.962  9.497  -5.318 0.0000000000
116472  57.301  -36.141  7.147 0.0000000000
116481  57.043  -28.507  3.753 0.0000000000
116514  37.037  8.923  -3.875 0.0000000000
116560  54.556  -33.266  9.615 0.0000000000
116572  55.618  -14.973  6.889 0.0000000000
116627  49.627  7.689  -3.094 0.0000000000
116651  60.567  -26.051  4.173 0.0000000000
116760  60.900  -1.953  2.313 0.0000000000
116772  54.996  -18.699  3.327 0.0000000000
116891  57.529  -17.456  5.572 0.0000000000
116914  44.469  13.655  -2.557 0.0000000000
117007  62.708  -20.600  7.768 0.0000000000
117022  60.685  -41.885  18.780 0.0000000000
117268  55.768  -13.301  6.121 0.0000000000
117320  48.502  16.363  -6.468 0.0000000000
117514  63.527  -19.683  13.239 0.0000000000
117652  52.351  -39.093  12.740 0.0000000000
117709  55.098  -9.032  5.919 0.0000000000
117724  36.836  12.682  -7.739 0.0000000000
117880  49.856  5.769  1.715 0.0000000000
118019  51.026  -15.546  7.110 0.0000000000
118092  53.408  -10.679  6.794 0.0000000000
118103  59.631  7.256  1.788 0.0000000000
118128  61.383  -19.603  10.942 0.0000000000
118137  58.768  -22.442  5.283 0.0000000000
118297  54.797  -12.716  4.634 0.0000000000
118307  52.503  7.998  -3.281 0.0000000000
118339  57.130  -36.165  10.740 0.0000000000
118342  58.009  -25.158  8.035 0.0000000000
118377  42.100  14.253  -7.501 0.0000000000
118422  40.844  13.472  -5.831 0.0000000000
118453  55.852  -21.523  8.991 0.0000000000
118481  51.257  -18.440  7.488 0.0000000000
118484  49.369  2.067  2.581 0.0000000000
118531  55.739  -36.099  12.285 0.0000000000
118554  54.804  -36.202  9.969 0.0000000000
118555  53.011  -6.921  8.253 0.0000000000
118638  55.783  6.400  4.558 0.0000000000
118648  51.869  -41.994  18.801 0.0000000000
118655  56.433  -20.429  2.981 0.0000000000
118787  61.960  -29.342  7.991 0.0000000000
118899  50.746  16.250  -3.325 0.0000000000
118933  53.391  -41.903  12.008 0.0000000000
119108  56.629  -17.894  3.207 0.0000000000
119155  54.240  13.386  1.736 0.0000000000
119195  50.760  13.767  -4.079 0.0000000000
119291  56.685  -29.761  4.128 0.0000000000
119329  59.380  -2.531  2.674 0.0000000000
119423  59.815  -23.926  2.421 0.0000000000
119470  55.130  -8.257  6.408 0.0000000000
119487  55.885  -35.113  8.297 0.0000000000
119496  55.098  -12.591  7.633 0.0000000000
119531  50.760  13.466  -3.172 0.0000000000
119624  64.304  -19.931  14.143 0.0000000000
119670  41.916  15.179  -10.155 0.0000000000
119713  58.908  -24.001  5.453 0.0000000000
119778  62.001  -20.261  7.911 0.0000000000
119793  54.020  7.124  2.549 0.0000000000
119873  46.675  -40.083  20.897 0.0000000000
120067  51.778  -41.333  19.430 0.0000000000
120173  47.662  -36.044  18.031 0.0000000000
120233  60.698  -19.659  9.198 0.0000000000
120254  48.368  12.204  -7.068 0.0000000000
120333  53.823  -36.041  11.042 0.0000000000
120476  59.532  -19.413  5.874 0.0000000000
120501  47.300  12.042  -6.429 0.0000000000
120625  57.209  -5.439  5.668 0.0000000000
120825  61.788  -24.758  10.411 0.0000000000
120855  63.937  -21.731  13.103 0.0000000000
121013  52.497  -5.232  8.540 0.0000000000
121017  58.835  -34.463  8.923 0.0000000000
121233  52.357  0.717  6.578 0.0000000000
121364  52.529  -35.209  12.460 0.0000000000
121455  40.105  10.373  -8.128 0.0000000000
121510  54.652  -31.768  8.503 0.0000000000
121584  58.482  -42.570  15.447 0.0000000000
121722  52.531  8.708  1.977 0.0000000000
121794  57.364  -20.894  4.081 0.0000000000
121862  53.575  -5.825  7.587 0.0000000000
122006  50.766  -41.128  19.503 0.0000000000
122074  50.752  13.942  -5.503 0.0000000000
122178  62.598  -27.232  8.250 0.0000000000
122287  61.597  -22.954  5.031 0.0000000000
122289  53.800  -43.517  13.387 0.0000000000
122322  38.108  12.618  -7.175 0.0000000000
122328  56.606  -17.843  8.065 0.0000000000
122355  50.875  5.716  4.060 0.0000000000
122442  53.003  3.514  5.019 0.0000000000
122448  55.500  -36.282  9.196 0.0000000000
122572  55.452  -16.339  9.064 0.0000000000
122632  60.307  -21.182  2.518 0.0000000000
122736  60.338  -27.814  5.532 0.0000000000
122813  50.346  13.565  -6.585 0.0000000000
122882  56.732  -39.004  11.035 0.0000000000
122971  56.083  -6.290  6.361 0.0000000000
122992  60.168  -26.070  3.207 0.0000000000
123014  60.132  -24.719  2.434 0.0000000000
123147  59.325  -42.106  15.692 0.0000000000
123165  58.222  -18.199  3.091 0.0000000000
123263  59.357  -30.563  5.584 0.0000000000
123287  47.078  13.188  -0.823 0.0000000000
123503  50.274  4.885  0.966 0.0000000000
123622  55.763  -33.038  7.155 0.0000000000
123700  53.885  6.465  2.936 0.0000000000
123787  55.025  -5.997  6.347 0.0000000000
123789  56.352  -21.460  7.909 0.0000000000
123814  50.473  -38.956  15.181 0.0000000000
123903  55.716  -17.528  3.484 0.0000000000
123911  46.643  10.916  -3.746 0.0000000000
123914  38.015  10.634  -8.717 0.0000000000
123959  57.207  -32.109  5.232 0.0000000000
123989  50.682  4.754  4.790 0.0000000000
124051  49.741  5.115  1.895 0.0000000000
124063  64.853  -22.059  12.896 0.0000000000
124092  57.371  -35.417  6.666 0.0000000000
124128  48.209  12.887  -7.390 0.0000000000
124187  56.821  -39.542  9.142 0.0000000000
124261  53.601  -13.901  5.816 0.0000000000
124264  52.375  3.335  5.382 0.0000000000
124303  54.538  -37.241  13.958 0.0000000000
124378  40.322  14.627  -1.755 0.0000000000
124393  50.858  3.776  5.451 0.0000000000
124399  54.604  -40.337  13.024 0.0000000000
124465  57.200  -20.681  3.137 0.0000000000
124545  52.648  -43.213  14.775 0.0000000000
124859  51.391  9.493  -6.071 0.0000000000
124879  55.581  -12.198  10.671 0.0000000000
125260  59.337  -5.744  4.311 0.0000000000
125289  63.355  -26.454  8.714 0.0000000000
125326  56.198  -28.644  4.369 0.0000000000
125447  55.844  -10.488  9.667 0.0000000000
125505  54.444  -20.727  3.566 0.0000000000
125575  52.868  -35.031  11.966 0.0000000000
125631  60.683  -27.937  6.376 0.0000000000
125693  57.865  -37.525  9.738 0.0000000000
125755  56.581  -25.355  9.727 0.0000000000
126076  56.192  -13.112  4.967 0.0000000000
126259  50.749  13.721  -6.088 0.0000000000
126462  56.350  12.682  -0.134 0.0000000000
126513  60.593  4.146  1.419 0.0000000000
126604  39.029  13.905  -10.161 0.0000000000
126736  53.621  -44.221  13.898 0.0000000000
126793  50.257  16.489  -5.673 0.0000000000
126841  51.158  -35.728  14.318 0.0000000000
126849  51.586  -36.034  13.724 0.0000000000
126851  59.653  -43.130  17.790 0.0000000000
126854  57.504  -18.669  7.671 0.0000000000
126923  59.569  7.281  0.503 0.0000000000
126926  57.746  -16.863  4.698 0.0000000000
126965  55.045  -14.183  10.943 0.0000000000
127008  54.586  -12.945  9.368 0.0000000000
127014  50.893  2.838  0.853 0.0000000000
127075  57.025  -44.863  14.373 0.0000000000
127107  55.317  13.407  1.536 0.0000000000
127117  60.917  -1.284  4.174 0.0000000000
127169  58.257  2.624  2.238 0.0000000000
127232  58.743  2.273  2.009 0.0000000000
127264  57.547  -42.818  18.079 0.0000000000
127309  55.808  -15.785  6.988 0.0000000000
127376  60.193  -42.688  18.344 0.0000000000
127420  52.214  -5.869  8.908 0.0000000000
127425  55.087  -29.680  4.978 0.0000000000
127466  53.003  5.527  -2.552 0.0000000000
127521  44.450  14.573  -5.207 0.0000000000
127526  46.944  13.441  -1.668 0.0000000000
127574  38.465  11.692  -9.702 0.0000000000
127591  45.168  10.963  -4.669 0.0000000000
127606  57.778  -6.878  7.381 0.0000000000
127615  54.804  -16.029  4.223 0.0000000000
127627  54.681  -13.143  10.084 0.0000000000
127714  39.162  10.640  -8.607 0.0000000000
127722  51.261  -18.064  6.589 0.0000000000
127750  50.985  -17.824  7.125 0.0000000000
127755  52.761  -10.602  8.196 0.0000000000
127774  56.002  -43.394  17.490 0.0000000000
127983  54.010  -42.789  18.034 0.0000000000
127984  49.919  12.406  2.086 0.0000000000
128026  51.888  13.005  1.924 0.0000000000
128092  59.570  -33.049  6.604 0.0000000000
128261  55.360  -9.571  6.765 0.0000000000
128332  50.477  -39.746  15.542 0.0000000000
128370  52.352  -1.691  7.636 0.0000000000
128466  50.716  8.966  1.294 0.0000000000
128476  56.179  -7.106  7.137 0.0000000000
128578  36.832  9.639  -7.063 0.0000000000
128658  42.614  9.802  -4.588 0.0000000000
128708  60.233  -23.866  2.252 0.0000000000
128784  64.952  -21.752  13.429 0.0000000000
128817  50.729  9.718  -2.345 0.0000000000
128950  43.232  14.428  -6.275 0.0000000000
129123  53.744  -38.212  11.198 0.0000000000
129133  51.658  -41.400  14.055 0.0000000000
129161  50.831  5.891  -3.230 0.0000000000
129174  52.836  -20.247  3.726 0.0000000000
129219  56.261  -15.842  6.252 0.0000000000
129251  53.029  -43.823  14.109 0.0000000000
129286  55.414  9.286  1.008 0.0000000000
129463  53.220  6.361  -2.987 0.0000000000
129473  50.385  10.594  -0.097 0.0000000000
129594  51.737  7.549  -4.798 0.0000000000
129632  63.386  -19.420  13.890 0.0000000000
129672  55.029  8.253  1.649 0.0000000000
129689  54.974  -20.493  7.102 0.0000000000
129915  57.004  -15.818  3.728 0.0000000000
130067  60.120  -19.425  9.630 0.0000000000
130094  51.724  8.871  1.808 0.0000000000
130181  54.263  -35.867  10.551 0.0000000000
130205  65.389  -23.063  9.928 0.0000000000
130364  51.941  -38.405  13.270 0.0000000000
130398  56.593  -20.192  2.771 0.0000000000
130430  65.521  -20.877  12.360 0.0000000000
130449  53.848  -10.021  6.091 0.0000000000
130501  38.474  12.427  -10.227 0.0000000000
130540  57.631  7.377  3.089 0.0000000000
130563  58.433  4.777  3.589 0.0000000000
130650  60.345  6.040  1.823 0.0000000000
130808  49.349  -38.231  21.224 0.0000000000
130964  53.331  -43.892  14.910 0.0000000000
131113  59.474  -26.747  3.164 0.0000000000
131118  55.751  -18.527  3.171 0.0000000000
131126  39.251  14.007  -9.711 0.0000000000
131166  50.939  -38.907  14.582 0.0000000000
131383  53.656  -20.987  3.695 0.0000000000
131404  59.543  -29.729  5.328 0.0000000000
131435  39.778  9.642  -7.278 0.0000000000
131491  57.596  5.324  3.958 0.0000000000
131547  52.735  -30.053  10.427 0.0000000000
131575  48.693  -40.664  19.752 0.0000000000
131636  42.126  12.874  -9.380 0.0000000000
131745  61.094  -25.086  5.461 0.0000000000
131749  50.424  8.532  -0.620 0.0000000000
131828  50.614  6.626  -0.093 0.0000000000
131845  45.950  11.308  -4.723 0.0000000000
131889  60.497  3.445  2.564 0.0000000000
131891  60.859  -24.940  3.814 0.0000000000
132075  47.093  -36.379  18.436 0.0000000000
132394  60.634  -19.761  8.401 0.0000000000
132400  59.183  -23.650  4.412 0.0000000000
132409  52.094  -4.640  8.723 0.0000000000
132566  60.647  -6.867  3.957 0.0000000000
132645  57.953  -20.262  2.508 0.0000000000
132705  54.384  6.059  3.016 0.0000000000
132743  52.684  -17.567  5.144 0.0000000000
132779  54.212  -20.298  6.876 0.0000000000
132888  57.816  -8.990  8.968 0.0000000000
133028  54.580  -32.109  8.963 0.0000000000
133073  55.200  -36.753  9.593 0.0000000000
133149  51.701  8.479  -2.743 0.0000000000
133226  45.923  -39.025  20.087 0.0000000000
133256  56.014  -16.598  3.610 0.0000000000
133281  64.058  -23.675  10.984 0.0000000000
133302  54.911  -14.833  8.580 0.0000000000
133357  51.067  -16.574  6.801 0.0000000000
133420  55.752  13.853  1.130 0.0000000000
133444  40.695  9.966  -4.154 0.0000000000
133522  55.192  -15.583  8.637 0.0000000000
133563  56.097  -13.120  4.580 0.0000000000
133658  50.827  6.873  -0.567 0.0000000000
133663  56.072  -10.073  9.537 0.0000000000
133672  63.270  -20.981  14.805 0.0000000000
133685  55.073  10.031  0.733 0.0000000000
133719  40.337  12.136  -9.453 0.0000000000
133817  55.383  -10.661  6.974 0.0000000000
133898  53.837  -15.050  5.205 0.0000000000
133974  62.622  -26.456  9.595 0.0000000000
134002  43.068  15.195  -9.708 0.0000000000
134005  59.626  1.708  1.604 0.0000000000
134066  52.332  -41.494  12.911 0.0000000000
134074  37.913  13.198  -4.979 0.0000000000
134139  55.458  -6.369  6.353 0.0000000000
134184  52.738  -0.614  6.975 0.0000000000
134262  50.613  10.761  -2.775 0.0000000000
134285  52.162  -39.848  13.036 0.0000000000
134295  60.830  -22.233  2.794 0.0000000000
134752  41.367  13.623  -5.734 0.0000000000
134755  48.609  10.713  -4.963 0.0000000000
134759  55.572  -27.411  8.637 0.0000000000
134762  53.235  -12.144  6.962 0.0000000000
134801  56.839  4.736  2.440 0.0000000000
134806  61.389  -7.539  3.912 0.0000000000
134876  55.565  -8.030  7.137 0.0000000000
134885  54.794  -28.175  6.828 0.0000000000
134919  59.889  -26.409  3.170 0.0000000000
135011  52.407  -42.035  19.031 0.0000000000
135018  64.144  -20.751  15.121 0.0000000000
135098  63.012  -26.833  8.559 0.0000000000
135118  49.538  3.403  2.330 0.0000000000
135259  58.221  7.923  2.526 0.0000000000
135277  59.592  -19.611  6.880 0.0000000000
135315  54.798  -7.263  6.430 0.0000000000
135317  51.025  12.221  -0.749 0.0000000000
135354  57.220  -38.965  10.406 0.0000000000
135391  55.279  -40.566  10.219 0.0000000000
135448  52.230  -1.148  7.500 0.0000000000
135461  47.955  13.499  -0.991 0.0000000000
135487  45.817  15.856  -8.311 0.0000000000
135520  49.613  -39.430  16.590 0.0000000000
135539  54.973  3.434  4.015 0.0000000000
135558  59.211  -34.620  8.511 0.0000000000
135572  61.208  -26.788  6.922 0.0000000000
135721  53.482  -8.925  7.149 0.0000000000
135782  57.513  -27.341  6.557 0.0000000000
135982  50.596  4.003  0.775 0.0000000000
136040  62.498  -24.618  7.633 0.0000000000
136080  37.544  13.370  -10.178 0.0000000000
136121  52.173  10.140  -5.798 0.0000000000
136126  56.333  9.064  0.742 0.0000000000
136225  53.066  -40.317  11.878 0.0000000000
