#!ascii label  , from subject sub-08 vox2ras=TkReg
2623
45930  -31.745  -48.728  -14.446 0.5000000000
45083  -32.222  -49.318  -14.682 0.5000000000
46782  -32.376  -47.852  -14.026 0.4000000060
45932  -33.295  -48.432  -14.698 0.5000000000
134940  -33.520  -46.954  -13.996 0.5000000000
47686  -33.971  -46.327  -14.236 0.5000000000
66261  -33.053  -27.374  -13.771 0.5000000000
129082  -33.918  -26.845  -13.840 0.4000000060
67146  -34.505  -26.319  -13.700 0.4000000060
136409  -33.557  -26.056  -13.547 0.4000000060
68041  -34.065  -25.498  -13.471 0.6000000238
69051  -33.620  -24.798  -13.284 0.5000000000
68030  -35.056  -25.280  -12.949 0.5000000000
69042  -33.713  -24.010  -13.079 0.5000000000
68029  -34.311  -24.924  -13.230 0.4000000060
69043  -34.565  -24.320  -12.865 0.4000000060
70074  -33.743  -23.062  -12.756 0.5000000000
70075  -34.198  -23.188  -12.870 0.5000000000
69025  -35.070  -23.856  -12.441 0.4000000060
43192  -31.261  -50.934  -14.317 0.5000000000
125308  -31.915  -49.924  -14.720 0.4000000060
45084  -33.046  -49.132  -14.853 0.5000000000
45934  -33.816  -48.717  -15.162 0.5000000000
46799  -34.679  -47.917  -15.828 0.5000000000
138641  -34.517  -47.224  -15.376 0.5000000000
47687  -34.424  -46.451  -14.993 0.5000000000
133670  -34.390  -44.999  -15.258 0.5000000000
64433  -31.986  -29.239  -14.028 0.5000000000
134914  -32.878  -29.053  -14.285 0.5000000000
65437  -33.313  -28.332  -14.208 0.5000000000
66274  -34.229  -27.672  -14.252 0.5000000000
68042  -34.807  -25.794  -13.412 0.6000000238
71052  -38.243  -22.689  -9.147 0.3000000119
68015  -35.482  -24.814  -12.399 0.4000000060
71051  -37.609  -22.239  -9.682 0.3000000119
70061  -35.873  -22.900  -11.479 0.4000000060
147127  -36.181  -23.633  -11.338 0.3000000119
70051  -36.569  -23.227  -10.806 0.4000000060
44176  -31.272  -50.183  -14.538 0.5000000000
46784  -34.002  -47.252  -14.628 0.5000000000
46792  -34.217  -47.948  -15.205 0.5000000000
48644  -33.819  -45.455  -13.970 0.5000000000
67147  -35.156  -26.586  -13.682 0.6000000238
71977  -38.137  -21.754  -9.156 0.3000000119
70052  -37.108  -22.716  -10.279 0.3000000119
127373  -38.431  -64.034  -18.033 0.3000000119
30991  -38.785  -63.451  -17.958 0.3000000119
31002  -39.312  -63.210  -18.598 0.4000000060
32044  -39.873  -62.586  -18.580 0.4000000060
134754  -39.293  -63.548  -19.271 0.4000000060
32045  -40.466  -62.103  -18.628 0.4000000060
31011  -40.193  -62.741  -19.966 0.4000000060
33140  -41.617  -61.354  -18.589 0.4000000060
33141  -42.321  -61.095  -18.968 0.4000000060
143233  -38.448  -62.856  -16.454 0.3000000119
32027  -38.984  -62.385  -16.836 0.3000000119
33118  -39.376  -61.658  -16.399 0.4000000060
32035  -39.339  -62.681  -17.770 0.4000000060
33127  -39.738  -61.904  -17.242 0.4000000060
32036  -40.145  -62.083  -17.996 0.4000000060
33128  -40.580  -61.476  -17.559 0.4000000060
33129  -41.378  -61.155  -17.876 0.4000000060
34133  -41.791  -60.566  -17.544 0.4000000060
35097  -43.319  -59.968  -18.360 0.4000000060
34142  -42.863  -60.569  -18.683 0.4000000060
144390  -38.830  -60.171  -13.559 0.3000000119
34105  -39.194  -60.175  -14.355 0.3000000119
35042  -39.653  -59.468  -14.362 0.3000000119
34123  -39.834  -60.906  -16.043 0.4000000060
34118  -40.275  -60.163  -15.753 0.4000000060
33119  -40.198  -61.222  -16.811 0.4000000060
34124  -40.644  -60.521  -16.476 0.4000000060
35070  -41.727  -59.517  -16.585 0.4000000060
34134  -42.554  -60.307  -17.915 0.4000000060
35994  -42.608  -58.479  -16.727 0.4000000060
35083  -42.870  -59.625  -17.633 0.4000000060
148784  -43.332  -55.504  -16.363 0.4000000060
37013  -42.774  -57.624  -16.508 0.4000000060
35995  -43.165  -58.177  -17.076 0.4000000060
34097  -38.530  -60.607  -12.937 0.3000000119
33099  -38.297  -61.532  -14.057 0.3000000119
35033  -39.228  -59.571  -13.714 0.3000000119
35043  -40.237  -59.063  -14.749 0.3000000119
35056  -40.630  -59.425  -15.496 0.3000000119
34125  -41.419  -60.217  -16.853 0.4000000060
35993  -41.986  -58.781  -16.353 0.4000000060
38044  -42.614  -56.862  -16.059 0.4000000060
37003  -42.149  -57.460  -15.854 0.4000000060
35071  -42.410  -59.223  -16.968 0.4000000060
38031  -42.866  -55.920  -15.996 0.4000000060
40062  -42.997  -54.324  -15.756 0.4000000060
35032  -38.812  -59.806  -12.976 0.3000000119
35927  -39.250  -58.588  -12.467 0.3000000119
35936  -39.576  -58.325  -13.189 0.3000000119
36964  -39.905  -57.552  -13.185 0.3000000119
36986  -40.423  -57.495  -13.923 0.4000000060
35976  -40.904  -58.654  -15.263 0.4000000060
36987  -40.977  -57.418  -14.593 0.4000000060
35956  -41.131  -57.984  -15.059 0.4000000060
40038  -41.413  -53.996  -13.557 0.3000000119
39042  -41.605  -55.207  -14.225 0.4000000060
37002  -41.563  -57.381  -15.240 0.4000000060
40051  -41.877  -54.297  -14.345 0.3000000119
39043  -42.156  -55.061  -14.869 0.4000000060
38030  -42.103  -56.550  -15.422 0.4000000060
40052  -42.465  -54.283  -15.127 0.4000000060
35888  -40.978  -57.920  -8.830 0.3000000119
35894  -39.958  -57.946  -9.781 0.3000000119
37919  -41.991  -56.832  -8.092 0.3000000119
35025  -38.886  -59.424  -12.224 0.3000000119
35904  -39.574  -58.235  -10.456 0.3000000119
35918  -39.142  -58.768  -11.675 0.3000000119
136897  -39.529  -57.400  -11.623 0.3000000119
144491  -39.918  -56.178  -10.921 0.3000000119
36951  -39.663  -57.393  -12.397 0.3000000119
37960  -39.803  -56.725  -12.033 0.3000000119
39029  -40.636  -55.346  -12.806 0.3000000119
135226  -40.368  -56.959  -13.452 0.3000000119
40037  -41.030  -54.619  -13.143 0.3000000119
38013  -40.814  -56.776  -14.036 0.3000000119
130600  -41.428  -54.680  -13.756 0.3000000119
39030  -41.095  -55.336  -13.554 0.4000000060
42128  -41.346  -52.568  -13.932 0.3000000119
42141  -41.834  -52.758  -14.636 0.4000000060
43198  -41.344  -51.877  -14.607 0.4000000060
42156  -41.947  -52.279  -15.283 0.4000000060
36917  -40.822  -57.159  -8.769 0.3000000119
36924  -40.035  -57.151  -9.729 0.3000000119
37917  -40.627  -56.407  -8.805 0.3000000119
36946  -39.571  -57.459  -10.831 0.3000000119
37938  -39.844  -56.743  -10.371 0.3000000119
40004  -40.378  -54.546  -11.349 0.3000000119
38994  -40.128  -55.494  -11.098 0.3000000119
135266  -40.510  -52.959  -11.719 0.3000000119
40017  -40.652  -54.572  -12.349 0.3000000119
39008  -40.327  -55.351  -11.948 0.3000000119
42112  -40.501  -52.316  -12.172 0.3000000119
40018  -40.983  -53.851  -12.800 0.3000000119
42127  -40.834  -52.297  -13.097 0.3000000119
43180  -40.572  -51.409  -13.332 0.3000000119
43181  -40.978  -51.882  -13.826 0.3000000119
43197  -40.748  -51.175  -14.121 0.3000000119
43207  -42.181  -51.877  -15.996 0.4000000060
38944  -41.339  -55.285  -7.775 0.3000000119
38945  -42.117  -55.400  -7.433 0.3000000119
37926  -40.237  -56.286  -9.550 0.3000000119
38943  -40.781  -55.044  -8.276 0.3000000119
39947  -43.790  -53.849  -6.876 0.3000000119
40971  -43.307  -53.206  -6.566 0.3000000119
144601  -40.404  -55.078  -9.219 0.3000000119
148687  -40.493  -53.569  -8.505 0.3000000119
42051  -44.523  -52.357  -6.592 0.3000000119
42093  -39.896  -51.941  -9.990 0.3000000119
41028  -40.277  -53.206  -10.462 0.3000000119
39991  -40.329  -54.082  -10.437 0.3000000119
42100  -40.252  -52.324  -11.362 0.3000000119
148555  -40.328  -52.883  -11.067 0.3000000119
43148  -39.827  -51.148  -11.382 0.3000000119
43163  -40.378  -51.607  -12.541 0.3000000119
44173  -40.345  -50.572  -13.562 0.3000000119
44180  -40.949  -50.940  -14.930 0.4000000060
44187  -41.208  -50.532  -15.645 0.4000000060
43212  -42.482  -50.900  -17.057 0.5000000000
143738  -41.057  -54.598  -7.785 0.3000000119
39960  -42.502  -54.673  -7.110 0.3000000119
137999  -41.203  -53.811  -7.501 0.3000000119
138623  -42.451  -53.235  -6.655 0.3000000119
40994  -40.406  -53.942  -8.934 0.3000000119
42069  -40.377  -52.248  -8.344 0.3000000119
43096  -44.008  -51.685  -6.490 0.3000000119
43097  -44.867  -51.596  -6.656 0.3000000119
42081  -40.048  -52.121  -9.171 0.3000000119
41009  -40.287  -53.599  -9.682 0.3000000119
145057  -44.313  -50.930  -6.685 0.3000000119
43139  -39.709  -51.280  -10.149 0.3000000119
132369  -46.135  -49.995  -7.256 0.3000000119
45070  -39.469  -48.879  -11.874 0.3000000119
44143  -39.628  -50.388  -11.505 0.3000000119
45866  -45.936  -48.636  -8.775 0.3000000119
143847  -39.804  -50.386  -12.317 0.3000000119
45078  -39.662  -49.050  -12.701 0.3000000119
145460  -40.197  -49.829  -13.729 0.3000000119
44179  -40.503  -50.221  -14.391 0.3000000119
45936  -40.810  -48.853  -15.418 0.4000000060
45094  -41.782  -49.221  -16.691 0.5000000000
42060  -40.816  -52.302  -7.623 0.3000000119
42061  -41.411  -52.402  -7.092 0.3000000119
43095  -43.170  -51.788  -6.449 0.3000000119
43113  -40.084  -51.396  -8.611 0.3000000119
43104  -40.527  -51.461  -7.857 0.3000000119
43105  -41.224  -51.540  -7.216 0.3000000119
44079  -42.655  -51.201  -6.602 0.3000000119
43125  -39.792  -51.319  -9.419 0.3000000119
44080  -43.461  -51.052  -6.591 0.3000000119
44132  -39.445  -50.042  -10.596 0.3000000119
45017  -44.873  -49.639  -7.472 0.3000000119
141113  -44.497  -49.145  -7.851 0.3000000119
45865  -45.219  -48.747  -8.709 0.3000000119
47602  -45.350  -47.263  -10.335 0.3000000119
46709  -44.846  -48.167  -9.674 0.3000000119
45919  -39.569  -48.296  -12.416 0.3000000119
45927  -39.791  -48.375  -13.181 0.3000000119
45928  -40.165  -48.470  -13.935 0.3000000119
45933  -40.490  -48.651  -14.700 0.3000000119
44091  -40.798  -50.676  -7.553 0.3000000119
44092  -41.532  -50.689  -7.092 0.3000000119
128848  -39.568  -49.798  -9.188 0.3000000119
44105  -39.921  -49.830  -8.456 0.3000000119
129779  -40.210  -50.627  -8.151 0.3000000119
130665  -40.451  -49.865  -7.842 0.3000000119
45014  -41.539  -49.205  -7.465 0.3000000119
140679  -42.379  -49.145  -7.405 0.3000000119
139944  -42.188  -50.724  -6.791 0.3000000119
45057  -39.431  -49.479  -11.265 0.3000000119
45037  -39.458  -49.057  -9.563 0.3000000119
45025  -39.694  -49.063  -8.787 0.3000000119
45860  -40.525  -48.441  -8.096 0.3000000119
45861  -40.907  -47.751  -8.121 0.3000000119
45862  -42.580  -48.397  -7.697 0.3000000119
45850  -43.231  -48.984  -7.590 0.3000000119
137769  -39.349  -47.988  -10.923 0.3000000119
139070  -43.121  -47.010  -8.321 0.3000000119
46694  -43.619  -47.779  -8.393 0.3000000119
128743  -43.526  -46.310  -8.492 0.3000000119
47586  -43.939  -47.235  -8.703 0.3000000119
46695  -44.332  -48.071  -8.954 0.3000000119
49588  -45.389  -44.893  -8.988 0.3000000119
47587  -44.312  -46.544  -8.873 0.3000000119
46775  -40.124  -47.584  -13.522 0.4000000060
49599  -46.089  -45.012  -9.677 0.3000000119
46785  -40.495  -47.812  -14.427 0.4000000060
49621  -47.796  -44.264  -11.610 0.3000000119
46793  -40.804  -48.060  -15.171 0.3000000119
45937  -41.265  -48.241  -15.794 0.4000000060
50547  -48.584  -43.252  -12.465 0.3000000119
45939  -41.727  -48.389  -16.432 0.5000000000
45940  -42.279  -48.535  -17.011 0.5000000000
46708  -39.589  -47.514  -9.602 0.3000000119
46690  -39.902  -47.630  -8.866 0.3000000119
47583  -40.991  -46.412  -8.553 0.3000000119
46692  -41.325  -47.033  -8.297 0.3000000119
48555  -43.064  -45.416  -8.435 0.3000000119
47654  -39.715  -46.907  -11.871 0.4000000060
49587  -44.586  -44.790  -8.597 0.3000000119
50519  -45.909  -43.901  -9.114 0.3000000119
134476  -40.363  -46.647  -13.294 0.4000000060
47675  -40.645  -46.928  -14.165 0.5000000000
50520  -46.556  -44.094  -9.793 0.3000000119
50526  -47.433  -43.845  -10.875 0.4000000060
51519  -47.493  -43.001  -10.752 0.4000000060
46786  -40.983  -47.258  -14.945 0.5000000000
47697  -41.565  -46.858  -15.537 0.6000000238
50538  -48.203  -43.367  -11.807 0.3000000119
142105  -42.235  -47.852  -16.730 0.6000000238
46809  -42.805  -47.755  -17.346 0.6000000238
47616  -39.637  -46.732  -10.047 0.3000000119
47599  -40.035  -46.073  -9.671 0.3000000119
48569  -41.170  -44.957  -9.119 0.3000000119
47631  -39.591  -46.760  -10.969 0.3000000119
48553  -41.229  -45.631  -8.739 0.3000000119
49585  -42.619  -44.633  -8.556 0.3000000119
49586  -43.615  -44.584  -8.477 0.3000000119
148243  -43.684  -43.956  -8.488 0.4000000060
47655  -40.146  -46.391  -12.423 0.4000000060
137724  -45.095  -44.044  -8.633 0.4000000060
50509  -44.692  -43.352  -8.555 0.4000000060
47676  -40.902  -46.048  -13.865 0.5000000000
137747  -46.508  -43.159  -9.545 0.4000000060
51511  -46.277  -42.285  -9.496 0.4000000060
52481  -47.149  -41.800  -10.676 0.4000000060
48646  -41.486  -45.433  -14.345 0.5000000000
145311  -41.345  -46.311  -14.777 0.6000000238
50525  -47.044  -43.489  -10.212 0.4000000060
51518  -46.969  -42.485  -10.192 0.4000000060
52482  -47.448  -42.316  -10.854 0.4000000060
52492  -47.551  -41.711  -11.406 0.4000000060
47698  -41.900  -46.127  -15.501 0.6000000238
143725  -48.328  -42.707  -12.065 0.3000000119
52500  -48.209  -41.623  -13.077 0.4000000060
146945  -42.583  -45.910  -16.407 0.6000000238
138050  -43.026  -46.927  -17.334 0.6000000238
47718  -43.290  -46.470  -17.762 0.6999999881
47617  -39.844  -46.055  -10.580 0.3000000119
49604  -40.851  -44.682  -9.847 0.3000000119
49598  -41.502  -44.272  -9.282 0.3000000119
47632  -39.935  -46.182  -11.524 0.3000000119
49632  -40.735  -44.903  -11.713 0.3000000119
129721  -43.121  -43.909  -8.545 0.3000000119
50507  -42.959  -43.159  -8.688 0.4000000060
48628  -40.611  -45.817  -12.998 0.5000000000
50508  -43.784  -43.366  -8.529 0.4000000060
139999  -45.588  -42.133  -9.019 0.4000000060
49633  -41.158  -44.295  -12.203 0.5000000000
52471  -46.516  -41.498  -10.162 0.4000000060
49640  -41.341  -44.422  -13.157 0.5000000000
130527  -41.593  -44.561  -14.098 0.6000000238
52491  -46.993  -41.111  -10.989 0.4000000060
53497  -47.260  -40.981  -11.729 0.4000000060
48661  -42.341  -45.568  -15.895 0.6000000238
125062  -47.579  -40.787  -13.181 0.4000000060
53523  -47.455  -40.322  -13.942 0.4000000060
48685  -42.960  -45.766  -17.580 0.6999999881
47742  -43.614  -46.477  -19.491 0.6999999881
46828  -44.086  -47.305  -19.299 0.6999999881
144594  -40.990  -44.250  -10.520 0.4000000060
49605  -41.268  -43.898  -9.964 0.4000000060
50518  -42.309  -42.924  -9.094 0.4000000060
51509  -42.295  -42.218  -9.222 0.4000000060
49620  -41.022  -44.236  -11.281 0.4000000060
141882  -41.218  -43.050  -10.872 0.4000000060
51496  -42.847  -42.372  -8.856 0.4000000060
50536  -41.180  -43.486  -11.650 0.4000000060
143333  -44.104  -42.026  -8.658 0.4000000060
52469  -44.286  -41.246  -8.954 0.4000000060
52470  -45.244  -41.394  -9.201 0.4000000060
53477  -45.760  -40.910  -9.836 0.4000000060
53488  -46.286  -40.445  -10.701 0.4000000060
147758  -41.629  -43.991  -14.333 0.6000000238
53496  -46.803  -40.418  -11.592 0.4000000060
125326  -47.216  -40.170  -13.266 0.4000000060
134869  -41.774  -44.217  -14.894 0.6000000238
128544  -41.937  -44.178  -15.755 0.6999999881
49666  -42.315  -44.776  -16.832 0.6999999881
54540  -47.330  -39.690  -13.685 0.4000000060
49665  -41.991  -44.302  -17.418 0.6999999881
47743  -44.182  -47.135  -20.279 0.6999999881
147340  -41.504  -41.758  -9.918 0.4000000060
50554  -41.269  -43.622  -12.727 0.4000000060
51517  -41.212  -42.320  -10.450 0.4000000060
141668  -42.667  -41.623  -9.109 0.4000000060
50562  -41.446  -43.692  -13.754 0.6000000238
50546  -41.041  -42.831  -12.294 0.5000000000
53476  -44.957  -40.584  -9.485 0.4000000060
51551  -41.190  -42.852  -14.125 0.6999999881
53487  -45.452  -40.081  -10.185 0.4000000060
140520  -41.570  -43.485  -15.380 0.6999999881
137754  -46.395  -39.763  -11.507 0.4000000060
50580  -41.630  -43.470  -16.227 0.6999999881
54524  -46.968  -39.621  -12.853 0.4000000060
54523  -46.623  -39.319  -12.145 0.4000000060
50604  -41.869  -43.757  -18.083 0.6999999881
55596  -47.762  -39.181  -14.105 0.4000000060
48694  -42.599  -45.298  -18.505 0.6999999881
140427  -43.089  -45.634  -20.247 0.6999999881
55598  -49.037  -38.151  -14.928 0.4000000060
56599  -49.844  -37.925  -16.117 0.4000000060
52490  -40.598  -41.414  -11.663 0.4000000060
52480  -41.085  -41.365  -10.395 0.4000000060
52467  -41.598  -41.030  -9.802 0.4000000060
128587  -41.987  -41.661  -9.481 0.4000000060
51542  -41.106  -42.903  -13.230 0.6999999881
138757  -40.556  -41.495  -12.358 0.5000000000
53475  -44.092  -40.324  -9.349 0.4000000060
51550  -40.889  -42.098  -14.512 0.6999999881
54483  -44.671  -39.783  -9.827 0.4000000060
54497  -45.836  -39.546  -10.890 0.4000000060
51563  -41.089  -42.038  -15.363 0.6999999881
54496  -45.149  -39.267  -10.420 0.4000000060
54508  -45.597  -38.738  -10.958 0.4000000060
51586  -41.683  -42.592  -17.351 0.6999999881
54509  -46.147  -39.044  -11.533 0.4000000060
50592  -41.691  -43.435  -17.196 0.6999999881
144245  -46.911  -38.910  -12.628 0.4000000060
55583  -47.420  -38.865  -13.280 0.4000000060
149572  -47.930  -38.078  -13.150 0.4000000060
126005  -42.038  -44.005  -18.877 0.6999999881
56575  -48.785  -37.889  -14.212 0.4000000060
49687  -42.482  -44.276  -19.719 0.6999999881
56587  -49.590  -37.635  -15.389 0.4000000060
56588  -50.151  -37.138  -15.881 0.4000000060
52479  -40.649  -40.855  -11.047 0.4000000060
53473  -41.852  -40.123  -9.720 0.4000000060
53474  -42.679  -40.146  -9.425 0.4000000060
53506  -40.490  -40.308  -12.388 0.6000000238
129318  -40.492  -40.862  -11.934 0.5000000000
54494  -41.922  -39.341  -9.880 0.5000000000
54481  -43.058  -39.468  -9.560 0.4000000060
50567  -34.353  -43.478  -15.711 0.4000000060
50577  -35.317  -43.653  -16.332 0.5000000000
53522  -40.513  -40.587  -13.321 0.6000000238
54495  -44.359  -39.009  -10.112 0.4000000060
52537  -41.178  -41.245  -15.731 0.6000000238
55539  -44.910  -38.455  -10.509 0.4000000060
52549  -41.506  -41.155  -16.517 0.6000000238
55550  -46.135  -38.230  -11.387 0.4000000060
52559  -41.661  -41.836  -17.099 0.6999999881
55566  -46.655  -38.595  -12.004 0.4000000060
133072  -42.213  -42.085  -18.240 0.6999999881
55567  -47.339  -38.157  -12.512 0.4000000060
50618  -42.393  -43.371  -19.377 0.6999999881
56564  -49.076  -37.130  -13.968 0.4000000060
57561  -49.557  -36.592  -14.426 0.4000000060
57562  -50.043  -36.012  -14.913 0.4000000060
58632  -51.015  -35.165  -16.329 0.4000000060
54507  -41.081  -39.194  -10.860 0.5000000000
54538  -40.594  -39.709  -12.881 0.6000000238
54522  -40.601  -39.605  -12.011 0.5000000000
55536  -41.725  -38.714  -10.326 0.5000000000
51549  -33.592  -42.607  -15.145 0.3000000119
51559  -34.290  -42.748  -15.493 0.4000000060
51560  -35.183  -42.667  -15.560 0.5000000000
126501  -41.404  -40.487  -16.062 0.6000000238
54550  -40.702  -39.795  -13.812 0.6000000238
55523  -42.569  -38.809  -9.842 0.4000000060
145068  -41.710  -40.496  -16.695 0.6000000238
55538  -44.069  -38.103  -10.233 0.5000000000
54589  -42.758  -40.151  -18.266 0.6999999881
53558  -41.877  -40.921  -17.207 0.6000000238
55549  -45.465  -37.894  -10.848 0.4000000060
53574  -43.032  -40.761  -18.906 0.8000000119
53566  -42.341  -40.591  -17.740 0.6999999881
56532  -46.171  -37.261  -11.069 0.4000000060
56548  -47.499  -37.365  -12.056 0.4000000060
56549  -48.125  -37.321  -12.699 0.4000000060
57547  -49.273  -36.444  -13.792 0.4000000060
58631  -50.523  -35.391  -15.526 0.4000000060
59561  -51.209  -34.269  -16.387 0.4000000060
54551  -41.107  -39.117  -14.226 0.6000000238
133190  -41.161  -38.332  -12.888 0.6000000238
55565  -41.175  -38.293  -11.955 0.5000000000
55548  -41.347  -38.423  -11.086 0.5000000000
52532  -34.731  -42.217  -15.138 0.4000000060
52533  -35.622  -42.143  -14.913 0.4000000060
132962  -41.731  -39.858  -16.439 0.6000000238
149495  -41.324  -39.169  -14.965 0.6000000238
56518  -42.423  -37.989  -10.268 0.5000000000
51561  -36.150  -42.598  -15.474 0.5000000000
54581  -42.634  -39.425  -17.656 0.6999999881
53559  -42.117  -40.083  -17.183 0.6999999881
55537  -43.146  -38.038  -10.034 0.5000000000
52546  -37.964  -42.073  -15.793 0.5000000000
55640  -43.656  -38.650  -18.914 0.6999999881
54582  -43.179  -39.366  -18.496 0.6999999881
56521  -44.292  -37.218  -10.423 0.5000000000
52548  -39.269  -41.033  -16.893 0.6999999881
52536  -38.181  -41.250  -15.571 0.6000000238
55646  -44.202  -38.942  -19.926 0.6999999881
54590  -43.610  -39.368  -19.226 0.6999999881
56522  -45.218  -36.969  -10.575 0.5000000000
54580  -39.486  -39.509  -17.693 0.6999999881
53565  -39.698  -40.457  -17.564 0.6999999881
53588  -44.393  -40.539  -20.737 0.6999999881
54602  -45.164  -39.425  -21.728 0.6999999881
149836  -44.802  -40.765  -21.583 0.8000000119
57516  -47.099  -36.808  -11.438 0.4000000060
57534  -47.922  -36.653  -12.001 0.4000000060
57535  -48.521  -36.391  -12.616 0.4000000060
58619  -49.673  -35.740  -14.099 0.4000000060
58620  -50.168  -35.179  -14.710 0.4000000060
60532  -50.880  -33.842  -15.608 0.4000000060
55595  -41.329  -38.415  -13.795 0.6000000238
56547  -41.534  -37.602  -12.437 0.6000000238
56530  -41.709  -37.585  -11.415 0.6000000238
56531  -42.379  -37.276  -10.773 0.5000000000
52521  -34.913  -41.555  -14.476 0.4000000060
52522  -36.046  -41.464  -14.379 0.4000000060
52534  -36.618  -42.006  -14.875 0.6999999881
56597  -42.654  -37.589  -16.029 0.6999999881
55617  -41.704  -38.825  -15.549 0.6000000238
55607  -41.594  -38.438  -14.741 0.6000000238
57513  -42.037  -36.851  -12.032 0.5000000000
52535  -37.481  -41.690  -15.131 0.6999999881
56612  -43.724  -37.789  -18.465 0.6999999881
135112  -43.319  -37.653  -17.448 0.6999999881
55629  -42.698  -38.529  -17.164 0.6999999881
55618  -42.272  -38.475  -16.279 0.6999999881
147673  -42.154  -37.049  -11.357 0.5000000000
128212  -43.677  -36.850  -10.479 0.5000000000
145758  -38.228  -40.494  -15.484 0.6999999881
55630  -43.179  -38.567  -18.011 0.6999999881
57500  -44.541  -36.317  -10.561 0.5000000000
53556  -38.727  -40.569  -16.174 0.6999999881
56624  -44.968  -37.439  -20.487 0.6999999881
56619  -44.297  -37.895  -19.509 0.6999999881
57502  -46.188  -35.919  -10.704 0.4000000060
53557  -39.256  -40.073  -16.933 0.6999999881
56625  -45.375  -36.943  -21.425 0.6999999881
140165  -45.237  -37.993  -21.337 0.6999999881
142953  -45.411  -35.458  -21.238 0.6000000238
57634  -45.157  -37.202  -22.297 0.6000000238
56634  -45.241  -37.842  -22.367 0.6999999881
148769  -46.459  -36.498  -10.955 0.4000000060
126474  -47.639  -35.999  -11.494 0.4000000060
55638  -39.391  -37.801  -19.011 0.6999999881
57628  -45.135  -36.287  -21.977 0.6000000238
57517  -48.281  -35.887  -12.018 0.4000000060
57627  -44.382  -36.587  -21.989 0.6000000238
58587  -49.069  -35.130  -12.798 0.4000000060
59526  -49.399  -34.388  -13.062 0.4000000060
58605  -49.899  -34.950  -14.125 0.4000000060
137839  -50.528  -33.920  -14.887 0.4000000060
60525  -51.214  -33.004  -15.618 0.4000000060
57532  -41.967  -37.049  -13.056 0.6000000238
140407  -34.709  -40.869  -13.922 0.6000000238
53533  -35.538  -40.864  -13.919 0.6000000238
52523  -37.000  -41.240  -14.513 0.6999999881
135855  -43.746  -36.695  -17.220 0.6000000238
56598  -43.222  -37.150  -16.590 0.6999999881
56586  -43.115  -36.738  -15.734 0.6999999881
149229  -42.053  -37.761  -14.867 0.6000000238
56613  -44.313  -37.078  -18.911 0.6000000238
57597  -43.929  -36.959  -18.042 0.6000000238
53545  -37.748  -40.833  -14.961 0.6999999881
57611  -44.859  -36.364  -19.431 0.6000000238
142742  -43.744  -36.175  -10.737 0.5000000000
54570  -38.730  -39.598  -16.485 0.6999999881
129416  -37.919  -39.841  -15.138 0.6999999881
58663  -45.522  -34.640  -20.262 0.6000000238
57620  -45.233  -36.533  -20.413 0.6000000238
58552  -45.105  -35.483  -10.667 0.4000000060
144844  -38.956  -38.541  -18.060 0.6999999881
54579  -38.995  -39.294  -17.222 0.6999999881
57621  -45.523  -35.924  -20.998 0.6999999881
55637  -38.691  -37.566  -18.622 0.6999999881
58554  -46.596  -35.259  -10.782 0.4000000060
58569  -47.328  -35.293  -11.149 0.4000000060
58673  -44.460  -35.736  -21.652 0.6000000238
144314  -47.682  -34.745  -11.321 0.4000000060
58570  -48.005  -35.291  -11.595 0.4000000060
55644  -40.181  -37.500  -19.520 0.6999999881
56618  -40.785  -37.033  -19.895 0.6999999881
57617  -41.690  -36.742  -20.243 0.6999999881
57618  -42.594  -36.526  -20.821 0.6000000238
59509  -48.837  -34.445  -12.358 0.4000000060
60513  -49.741  -33.618  -13.355 0.4000000060
60514  -50.283  -33.585  -14.194 0.4000000060
61522  -50.630  -32.706  -14.297 0.4000000060
60524  -50.757  -33.249  -14.945 0.4000000060
61523  -51.148  -32.507  -14.961 0.3000000119
56562  -42.023  -37.299  -13.810 0.6000000238
53519  -35.062  -40.255  -13.596 0.5000000000
138403  -44.680  -35.080  -17.462 0.6000000238
57587  -44.245  -35.831  -17.081 0.6000000238
57586  -43.657  -36.351  -16.429 0.6000000238
57559  -42.810  -36.657  -14.845 0.6000000238
57545  -42.515  -36.637  -13.884 0.6000000238
57533  -42.475  -36.398  -12.853 0.6000000238
53520  -35.931  -40.107  -13.686 0.6000000238
53534  -36.690  -39.839  -14.019 0.5000000000
142148  -45.097  -35.104  -18.639 0.6000000238
128932  -44.507  -36.317  -18.510 0.6000000238
147560  -44.240  -36.289  -17.752 0.6000000238
58602  -42.948  -35.917  -13.522 0.5000000000
146146  -42.579  -36.266  -12.070 0.4000000060
57515  -43.194  -36.143  -11.101 0.5000000000
53535  -37.249  -40.325  -14.454 0.6999999881
58585  -43.512  -35.237  -12.190 0.5000000000
58568  -43.675  -35.562  -11.309 0.4000000060
58551  -44.381  -35.602  -10.816 0.4000000060
54561  -37.620  -38.828  -15.368 0.8000000119
58656  -45.421  -34.637  -19.306 0.6000000238
59474  -44.883  -34.939  -10.924 0.4000000060
59475  -45.537  -34.750  -10.746 0.4000000060
55616  -38.397  -38.665  -17.058 0.6999999881
59595  -45.176  -34.810  -21.295 0.6000000238
59589  -45.036  -34.170  -20.980 0.6000000238
59477  -47.037  -34.487  -10.914 0.4000000060
56611  -38.883  -36.948  -19.040 0.6999999881
59588  -44.384  -34.273  -20.789 0.6000000238
59492  -47.744  -34.067  -11.326 0.4000000060
59508  -48.262  -34.582  -11.714 0.4000000060
56617  -39.491  -36.993  -19.345 0.6999999881
57608  -40.103  -36.823  -19.444 0.6999999881
57610  -41.989  -36.138  -19.947 0.6999999881
58661  -42.752  -35.475  -20.004 0.6999999881
60483  -48.484  -33.706  -11.822 0.4000000060
60497  -49.191  -33.670  -12.578 0.4000000060
58653  -41.566  -36.227  -19.245 0.6999999881
60484  -48.943  -32.937  -12.122 0.4000000060
61497  -50.045  -32.059  -12.995 0.3000000119
61510  -50.140  -32.848  -13.572 0.4000000060
141773  -51.216  -31.120  -13.775 0.4000000060
62550  -51.044  -31.884  -14.258 0.3000000119
58642  -44.459  -35.053  -16.666 0.6000000238
58630  -44.206  -34.981  -15.815 0.6000000238
127274  -43.765  -35.521  -15.443 0.6000000238
58618  -43.554  -35.489  -14.682 0.6000000238
130966  -43.368  -35.522  -14.002 0.5000000000
54537  -35.431  -39.497  -13.507 0.6000000238
54548  -36.748  -39.110  -14.162 0.6000000238
59566  -44.861  -34.250  -17.355 0.6000000238
58603  -43.398  -35.314  -13.244 0.5000000000
54549  -37.281  -39.406  -14.572 0.6999999881
59567  -45.334  -33.793  -18.259 0.6000000238
131638  -44.616  -33.957  -11.837 0.5000000000
59490  -44.092  -34.604  -11.978 0.4000000060
147790  -43.866  -35.104  -11.682 0.4000000060
54569  -38.212  -39.180  -15.971 0.6999999881
60560  -45.383  -33.374  -19.976 0.6000000238
60551  -45.510  -33.083  -19.488 0.6000000238
59491  -44.602  -34.529  -11.380 0.5000000000
146143  -45.177  -34.133  -11.109 0.5000000000
55627  -37.775  -37.846  -17.406 0.8000000119
55615  -37.727  -38.304  -16.438 0.8000000119
134684  -45.711  -33.472  -11.055 0.4000000060
56606  -38.249  -36.997  -18.554 0.8000000119
60565  -44.665  -33.784  -20.579 0.6000000238
60460  -46.455  -33.890  -10.819 0.4000000060
59582  -43.901  -33.957  -20.185 0.6999999881
64401  -47.687  -29.610  -11.492 0.5000000000
63464  -47.414  -30.354  -11.437 0.5000000000
62517  -47.849  -30.908  -11.355 0.5000000000
61482  -46.983  -32.207  -11.144 0.4000000060
138175  -47.790  -33.255  -11.349 0.4000000060
57602  -39.429  -36.631  -19.031 0.6999999881
57604  -40.849  -36.388  -18.933 0.6999999881
58654  -42.436  -35.639  -19.063 0.6999999881
59581  -43.195  -34.828  -19.626 0.6999999881
65408  -47.974  -28.796  -11.515 0.5000000000
136645  -48.150  -30.206  -11.388 0.5000000000
137567  -48.579  -30.819  -11.491 0.4000000060
62518  -48.215  -31.551  -11.453 0.4000000060
130395  -48.344  -32.905  -11.640 0.4000000060
65409  -48.764  -28.597  -11.380 0.4000000060
64402  -48.455  -29.435  -11.406 0.5000000000
131161  -48.925  -30.061  -11.447 0.4000000060
63474  -49.382  -30.713  -11.775 0.4000000060
62530  -49.714  -31.382  -12.319 0.4000000060
61496  -49.328  -32.171  -12.277 0.4000000060
134211  -49.666  -28.303  -11.437 0.4000000060
64403  -49.256  -29.241  -11.418 0.4000000060
63465  -49.727  -29.896  -11.703 0.4000000060
63475  -50.219  -30.563  -12.318 0.4000000060
62531  -50.309  -31.293  -12.817 0.4000000060
59560  -44.518  -34.309  -16.303 0.6000000238
55581  -35.638  -38.725  -13.546 0.5000000000
60543  -45.268  -33.270  -17.804 0.6000000238
60537  -44.811  -33.511  -16.830 0.6000000238
145024  -44.788  -32.914  -16.417 0.6000000238
59539  -44.185  -34.264  -14.542 0.5000000000
60512  -44.353  -33.668  -14.178 0.5000000000
59538  -43.764  -34.882  -14.050 0.5000000000
55593  -36.375  -38.421  -14.028 0.6000000238
55594  -37.041  -38.528  -14.720 0.6999999881
61557  -45.534  -32.336  -19.058 0.6000000238
60544  -45.588  -33.019  -18.798 0.6000000238
59525  -44.173  -34.164  -13.680 0.5000000000
55605  -36.616  -37.737  -14.836 0.6000000238
60559  -45.155  -32.919  -19.862 0.6000000238
61566  -45.374  -32.656  -19.443 0.6000000238
60496  -44.667  -33.314  -12.489 0.5000000000
59507  -44.325  -34.022  -12.748 0.5000000000
56596  -37.225  -37.393  -17.112 0.8000000119
62515  -46.028  -31.228  -11.679 0.5000000000
141275  -45.026  -32.596  -12.197 0.5000000000
61480  -45.617  -32.710  -11.424 0.5000000000
60479  -45.107  -33.342  -11.615 0.5000000000
56605  -37.582  -37.010  -18.061 0.8000000119
60550  -43.837  -33.245  -19.546 0.6000000238
64413  -46.567  -29.260  -12.275 0.5000000000
64412  -45.970  -29.781  -12.772 0.5000000000
63462  -45.969  -30.484  -12.121 0.5000000000
61495  -45.499  -31.888  -11.895 0.5000000000
61481  -46.198  -32.072  -11.321 0.5000000000
56610  -37.972  -36.408  -18.376 0.8000000119
59573  -43.450  -34.086  -19.307 0.6999999881
64400  -46.924  -29.784  -11.674 0.5000000000
147520  -47.237  -30.971  -11.364 0.5000000000
62516  -46.762  -31.437  -11.347 0.5000000000
143801  -39.268  -36.331  -18.475 0.8000000119
58648  -42.349  -35.367  -17.944 0.6999999881
59572  -42.965  -34.723  -18.614 0.6999999881
65419  -46.795  -28.374  -12.397 0.5000000000
126789  -47.489  -28.111  -11.866 0.4000000060
58647  -41.715  -36.066  -18.402 0.6999999881
66245  -48.252  -27.942  -11.533 0.4000000060
59550  -44.311  -34.292  -15.397 0.5000000000
56559  -34.528  -37.287  -13.261 0.5000000000
61548  -45.553  -32.347  -18.309 0.6000000238
61547  -45.205  -32.649  -17.275 0.6000000238
60523  -44.411  -33.569  -14.953 0.5000000000
56560  -35.228  -37.458  -13.543 0.5000000000
146182  -44.693  -32.026  -14.894 0.5000000000
61521  -44.537  -32.836  -14.293 0.5000000000
57543  -34.239  -36.475  -13.355 0.5000000000
57544  -35.041  -36.661  -13.759 0.5000000000
135857  -36.143  -37.650  -14.247 0.5000000000
61565  -45.165  -32.331  -19.450 0.6000000238
138976  -45.521  -31.533  -18.525 0.6000000238
63497  -45.125  -30.835  -14.195 0.5000000000
62528  -45.038  -31.839  -12.823 0.5000000000
61508  -44.699  -32.627  -13.194 0.5000000000
61564  -44.508  -32.513  -19.535 0.6000000238
61556  -44.839  -31.790  -19.180 0.6000000238
64423  -45.796  -29.367  -13.869 0.5000000000
62537  -45.145  -31.171  -13.376 0.5000000000
56595  -36.621  -36.766  -16.738 0.6999999881
60542  -43.621  -32.641  -18.869 0.6000000238
148333  -45.694  -30.403  -12.689 0.5000000000
62529  -45.501  -31.044  -12.510 0.5000000000
57582  -37.064  -36.432  -17.654 0.6999999881
60549  -43.313  -33.680  -18.566 0.6999999881
64424  -46.230  -28.777  -13.209 0.5000000000
57594  -38.120  -35.793  -18.154 0.6999999881
143077  -46.858  -27.367  -12.252 0.4000000060
57601  -38.660  -36.417  -18.535 0.8000000119
57596  -41.054  -36.380  -17.926 0.6999999881
66244  -47.732  -27.187  -11.717 0.5000000000
127552  -38.911  -36.040  -17.995 0.6999999881
57595  -40.065  -36.413  -18.557 0.8000000119
66246  -49.008  -27.761  -11.373 0.5000000000
140144  -50.372  -25.158  -11.608 0.4000000060
68036  -51.370  -25.175  -12.040 0.5000000000
69053  -51.525  -24.031  -13.099 0.5000000000
135475  -53.123  -25.619  -13.476 0.5000000000
69047  -52.249  -24.908  -12.829 0.5000000000
69059  -51.669  -23.771  -14.349 0.5000000000
61529  -44.641  -32.670  -15.532 0.5000000000
61538  -45.549  -31.694  -17.682 0.6000000238
61537  -45.081  -32.110  -16.600 0.6000000238
138703  -44.970  -31.628  -15.779 0.5000000000
146882  -44.792  -31.782  -13.954 0.5000000000
150211  -35.022  -36.138  -14.304 0.5000000000
56571  -35.673  -37.177  -14.048 0.5000000000
56572  -36.068  -36.978  -14.975 0.6999999881
142899  -45.427  -31.301  -18.575 0.6000000238
62575  -45.533  -30.955  -18.302 0.6000000238
62566  -45.656  -30.875  -17.893 0.6000000238
63509  -45.517  -29.861  -15.385 0.5000000000
142019  -44.951  -31.225  -14.951 0.5000000000
148060  -33.967  -35.854  -13.485 0.5000000000
134246  -35.747  -36.295  -15.562 0.6000000238
61555  -44.091  -31.920  -19.052 0.6000000238
63508  -45.280  -30.502  -14.990 0.5000000000
57570  -36.134  -36.494  -16.068 0.6999999881
62574  -44.131  -31.210  -18.626 0.6000000238
146836  -45.918  -28.758  -13.833 0.5000000000
57581  -36.712  -35.764  -17.454 0.6999999881
61546  -43.401  -31.933  -18.271 0.6000000238
66269  -46.252  -27.850  -13.046 0.6000000238
65430  -45.811  -28.227  -13.778 0.4000000060
66255  -45.887  -26.954  -12.775 0.5000000000
59565  -42.736  -34.292  -17.544 0.6999999881
69031  -48.166  -24.718  -11.499 0.4000000060
69032  -48.965  -24.421  -11.540 0.4000000060
58640  -42.189  -35.122  -16.960 0.6999999881
69033  -49.896  -24.378  -11.683 0.4000000060
127078  -40.251  -36.444  -16.593 0.6999999881
69046  -50.729  -24.265  -12.081 0.4000000060
57583  -38.559  -35.816  -17.340 0.6999999881
68044  -52.772  -24.953  -13.578 0.5000000000
68045  -53.258  -25.088  -14.308 0.5000000000
69060  -52.082  -24.025  -14.955 0.5000000000
62565  -45.486  -31.135  -16.888 0.5000000000
63525  -45.406  -30.253  -17.928 0.6000000238
63517  -45.542  -30.282  -17.138 0.5000000000
62558  -45.398  -30.612  -15.924 0.5000000000
58611  -34.415  -34.961  -14.607 0.6000000238
57555  -35.045  -35.581  -14.952 0.6000000238
63531  -44.671  -30.656  -18.482 0.6000000238
127262  -35.478  -35.828  -15.546 0.6000000238
62573  -43.161  -31.095  -17.797 0.5000000000
63523  -43.784  -30.286  -18.088 0.5000000000
64438  -45.610  -29.267  -14.825 0.5000000000
65442  -45.217  -28.542  -15.072 0.5000000000
57569  -35.856  -35.658  -16.406 0.6999999881
66279  -44.968  -27.750  -14.448 0.6000000238
66268  -45.360  -27.342  -13.556 0.5000000000
57580  -36.461  -35.138  -17.202 0.6999999881
68035  -45.848  -25.424  -12.110 0.5000000000
132292  -46.532  -24.914  -11.720 0.4000000060
57592  -37.176  -35.605  -17.798 0.6999999881
59559  -42.388  -34.371  -16.628 0.6999999881
59558  -41.954  -34.809  -16.109 0.6999999881
68021  -46.880  -25.902  -11.753 0.5000000000
69030  -47.317  -24.440  -11.564 0.4000000060
132876  -48.116  -23.930  -11.571 0.4000000060
58637  -37.860  -35.399  -17.589 0.6999999881
57585  -41.038  -36.291  -16.949 0.6999999881
70067  -48.575  -23.244  -11.841 0.4000000060
70068  -49.403  -23.661  -11.855 0.4000000060
58627  -38.192  -35.543  -16.719 0.6999999881
149475  -40.271  -36.281  -15.642 0.6999999881
137160  -49.899  -23.291  -12.645 0.4000000060
57571  -38.864  -36.180  -16.167 0.6999999881
57572  -39.606  -36.423  -15.810 0.6999999881
70069  -50.158  -23.785  -12.108 0.4000000060
71084  -50.363  -23.092  -13.579 0.4000000060
71092  -51.599  -23.249  -14.406 0.4000000060
69061  -52.816  -24.425  -15.111 0.5000000000
70088  -52.157  -23.936  -14.868 0.5000000000
64456  -45.134  -29.569  -17.208 0.5000000000
133336  -45.424  -29.667  -16.351 0.5000000000
64462  -44.620  -29.488  -17.727 0.5000000000
64455  -44.409  -28.943  -17.231 0.5000000000
64445  -44.763  -28.805  -16.519 0.5000000000
65448  -44.780  -28.453  -15.746 0.5000000000
58624  -35.082  -34.697  -15.597 0.6000000238
131087  -35.590  -34.465  -16.396 0.6000000238
64460  -43.296  -29.581  -17.573 0.5000000000
64446  -45.373  -29.090  -15.681 0.5000000000
58635  -36.022  -34.695  -16.830 0.6999999881
63522  -42.899  -30.183  -17.357 0.5000000000
65441  -44.347  -27.777  -15.348 0.6000000238
66267  -44.122  -26.547  -14.152 0.5000000000
61545  -42.808  -31.947  -17.309 0.6000000238
149057  -42.652  -32.698  -16.808 0.6999999881
67150  -44.723  -26.301  -13.286 0.5000000000
68020  -45.137  -24.090  -12.315 0.4000000060
59556  -36.686  -34.405  -16.969 0.6999999881
60536  -42.599  -33.559  -16.756 0.8000000119
67138  -44.275  -25.340  -13.190 0.5000000000
70066  -47.055  -23.520  -11.672 0.4000000060
70077  -48.670  -22.580  -12.274 0.4000000060
58626  -37.533  -34.998  -17.229 0.6999999881
60521  -41.920  -33.726  -14.690 0.6000000238
70078  -49.250  -22.957  -12.423 0.4000000060
58638  -40.880  -36.073  -16.039 0.6999999881
58628  -40.671  -35.786  -15.174 0.6999999881
58616  -41.168  -35.078  -14.729 0.6000000238
60510  -41.804  -33.610  -14.011 0.6000000238
141643  -49.725  -22.815  -13.081 0.4000000060
137588  -38.391  -35.859  -15.603 0.6999999881
57557  -39.041  -36.283  -15.123 0.6000000238
57558  -39.895  -36.192  -14.828 0.6999999881
58601  -40.217  -35.322  -13.486 0.6000000238
59536  -40.909  -34.887  -13.887 0.6000000238
71089  -50.692  -22.598  -13.896 0.4000000060
58612  -37.709  -35.172  -16.134 0.6999999881
58582  -39.825  -35.059  -12.733 0.6000000238
58583  -40.620  -34.728  -13.029 0.6000000238
126102  -52.016  -23.468  -14.706 0.5000000000
59505  -40.271  -34.433  -12.136 0.6000000238
59506  -41.068  -34.144  -12.640 0.6000000238
141869  -52.601  -23.639  -15.097 0.5000000000
70090  -53.254  -24.280  -15.470 0.5000000000
65447  -43.922  -27.937  -16.174 0.6000000238
59534  -34.054  -34.255  -14.616 0.5000000000
64454  -43.517  -28.939  -17.443 0.5000000000
65455  -43.641  -28.295  -16.889 0.6000000238
59544  -35.399  -33.915  -16.206 0.6000000238
59555  -35.965  -34.068  -16.778 0.6000000238
64453  -42.656  -29.143  -16.993 0.6000000238
65454  -42.756  -28.238  -16.799 0.6000000238
66278  -43.674  -26.886  -14.932 0.5000000000
67155  -42.923  -25.868  -14.623 0.5000000000
60529  -35.870  -33.157  -16.598 0.6000000238
60535  -36.146  -33.368  -16.597 0.6000000238
63516  -42.507  -30.156  -16.505 0.6000000238
63507  -42.401  -30.328  -15.600 0.6000000238
68043  -42.829  -24.452  -13.380 0.5000000000
69029  -46.204  -23.880  -11.786 0.4000000060
136573  -37.132  -34.402  -15.868 0.6999999881
146635  -36.537  -33.093  -16.026 0.6000000238
61536  -42.523  -32.016  -16.280 0.6999999881
145715  -42.446  -31.777  -15.545 0.6000000238
67149  -43.332  -25.257  -13.879 0.5000000000
68033  -43.425  -24.411  -13.323 0.5000000000
145944  -47.732  -23.180  -11.731 0.4000000060
71082  -48.379  -21.966  -12.350 0.4000000060
59547  -41.789  -34.379  -15.227 0.6999999881
136179  -42.228  -33.418  -15.306 0.6999999881
61520  -42.335  -32.154  -14.156 0.6999999881
66265  -42.373  -25.989  -14.582 0.5000000000
67148  -42.569  -25.261  -14.060 0.5000000000
71083  -49.238  -22.242  -12.816 0.4000000060
58598  -37.351  -34.516  -14.288 0.6000000238
60511  -42.124  -32.904  -13.680 0.6000000238
140377  -42.382  -32.142  -13.228 0.6999999881
72012  -49.727  -21.510  -13.138 0.4000000060
141206  -37.708  -35.251  -14.937 0.6999999881
58613  -38.424  -35.781  -14.591 0.6000000238
127290  -39.872  -35.756  -14.002 0.6000000238
128731  -41.659  -33.584  -13.174 0.6000000238
60495  -42.021  -32.959  -12.793 0.6000000238
62513  -42.598  -31.658  -12.331 0.6000000238
72013  -50.473  -21.702  -13.623 0.4000000060
58599  -38.695  -35.531  -13.601 0.6000000238
58600  -39.458  -35.517  -13.381 0.6000000238
60478  -41.150  -33.446  -11.452 0.6000000238
61479  -42.231  -32.319  -11.389 0.6000000238
72014  -51.258  -21.868  -14.025 0.4000000060
60477  -40.339  -33.748  -11.360 0.6000000238
61478  -41.561  -32.871  -11.012 0.6000000238
141736  -52.951  -22.085  -14.792 0.5000000000
72017  -51.842  -22.505  -14.459 0.4000000060
71097  -53.632  -23.290  -15.343 0.5000000000
72025  -55.027  -21.855  -15.119 0.5000000000
65446  -42.924  -27.593  -16.366 0.6000000238
64444  -42.325  -29.271  -16.109 0.6000000238
65453  -42.407  -28.431  -16.403 0.6000000238
66283  -42.498  -27.047  -15.692 0.6000000238
66277  -42.664  -26.461  -15.148 0.5000000000
60528  -35.168  -33.250  -15.900 0.6000000238
146059  -42.229  -28.386  -15.653 0.6000000238
65440  -42.249  -27.373  -15.426 0.5000000000
69052  -42.927  -23.834  -13.199 0.5000000000
70064  -45.017  -23.067  -12.289 0.4000000060
61535  -36.063  -32.555  -16.444 0.6000000238
60530  -36.280  -32.884  -16.393 0.6000000238
128622  -42.346  -29.594  -15.192 0.6000000238
63496  -42.494  -29.940  -14.380 0.6000000238
64422  -42.529  -28.429  -14.091 0.5000000000
130189  -43.464  -28.111  -12.379 0.5000000000
66254  -42.707  -26.707  -13.275 0.5000000000
131077  -42.606  -25.824  -13.181 0.5000000000
70065  -45.923  -22.874  -12.001 0.4000000060
128841  -46.832  -22.493  -11.887 0.4000000060
71075  -47.936  -22.534  -11.973 0.4000000060
62549  -42.423  -31.235  -15.198 0.6999999881
64410  -42.683  -29.684  -13.620 0.5000000000
66266  -42.285  -26.450  -14.200 0.5000000000
131820  -42.308  -25.618  -13.938 0.5000000000
72009  -48.973  -21.421  -12.567 0.4000000060
60520  -36.819  -33.595  -14.583 0.6000000238
127579  -43.413  -30.331  -11.062 0.6000000238
59521  -37.673  -34.360  -13.173 0.6000000238
60492  -38.226  -33.624  -11.999 0.6000000238
62498  -42.353  -31.840  -10.501 0.6000000238
72964  -50.374  -20.648  -13.316 0.4000000060
59546  -37.112  -34.436  -16.963 0.6999999881
59488  -38.953  -34.155  -11.800 0.6000000238
145858  -51.935  -21.526  -14.239 0.4000000060
135579  -50.988  -21.053  -13.713 0.4000000060
59489  -39.700  -34.188  -11.681 0.6000000238
60459  -40.831  -33.133  -10.782 0.6000000238
71094  -53.309  -22.472  -15.006 0.5000000000
72018  -52.589  -21.682  -14.518 0.4000000060
72021  -54.799  -21.130  -14.769 0.5000000000
72979  -55.663  -21.003  -14.876 0.4000000060
128833  -42.233  -28.004  -14.975 0.5000000000
67123  -43.729  -26.055  -11.786 0.5000000000
68018  -42.944  -23.892  -12.623 0.5000000000
69027  -42.938  -23.461  -13.007 0.5000000000
127046  -44.833  -22.357  -12.186 0.4000000060
61519  -36.389  -32.092  -15.055 0.6000000238
60508  -36.667  -32.931  -14.195 0.6000000238
64421  -42.394  -29.014  -14.669 0.6000000238
67122  -42.901  -25.626  -12.688 0.5000000000
68032  -42.751  -24.033  -13.167 0.5000000000
71074  -45.486  -21.969  -12.021 0.4000000060
134928  -46.276  -21.731  -11.838 0.4000000060
71081  -47.356  -21.736  -11.998 0.4000000060
64411  -43.048  -28.930  -13.017 0.5000000000
72008  -48.166  -21.296  -12.152 0.4000000060
60491  -37.645  -33.723  -12.695 0.6000000238
148838  -38.166  -32.908  -11.713 0.6000000238
62486  -42.571  -31.237  -9.820 0.6000000238
72965  -51.192  -20.239  -13.650 0.4000000060
60457  -39.268  -32.917  -10.844 0.6000000238
139328  -41.772  -31.541  -9.579 0.6000000238
72966  -51.970  -20.039  -13.887 0.4000000060
60476  -39.524  -33.637  -11.253 0.6000000238
61460  -40.629  -32.603  -10.300 0.6000000238
61461  -41.298  -32.551  -10.397 0.6000000238
73926  -52.772  -19.982  -14.111 0.4000000060
73927  -53.605  -19.924  -14.269 0.4000000060
74871  -53.967  -19.171  -14.032 0.3000000119
72973  -54.081  -20.726  -14.587 0.5000000000
73928  -54.493  -19.856  -14.245 0.4000000060
130010  -55.897  -19.115  -14.131 0.3000000119
133618  -43.559  -24.119  -11.856 0.5000000000
69028  -43.409  -23.249  -12.302 0.5000000000
71073  -44.461  -21.940  -12.028 0.5000000000
72001  -45.397  -21.404  -11.589 0.5000000000
134517  -44.336  -25.874  -11.098 0.6000000238
72002  -46.554  -21.174  -11.654 0.5000000000
72007  -47.453  -21.077  -11.846 0.4000000060
61507  -37.068  -32.955  -13.114 0.6000000238
61492  -37.171  -32.144  -12.646 0.6000000238
142385  -44.234  -28.582  -10.567 0.6000000238
72960  -48.054  -20.623  -11.882 0.4000000060
142751  -48.695  -20.794  -12.298 0.4000000060
61476  -37.661  -32.926  -12.275 0.6000000238
141465  -37.808  -32.092  -11.817 0.6000000238
64383  -43.603  -30.016  -10.344 0.6999999881
73919  -50.531  -19.058  -13.136 0.3000000119
61458  -39.016  -32.071  -10.663 0.6000000238
63435  -42.990  -30.512  -9.307 0.6000000238
61477  -38.547  -32.492  -11.255 0.6000000238
62497  -39.509  -31.662  -10.188 0.6000000238
63434  -42.273  -30.797  -9.127 0.6000000238
61443  -40.425  -32.055  -9.868 0.6000000238
61444  -41.158  -32.138  -9.858 0.6000000238
63419  -41.941  -30.174  -8.575 0.6000000238
73922  -53.180  -19.239  -14.033 0.3000000119
74867  -54.200  -18.485  -13.707 0.3000000119
74868  -55.003  -18.284  -13.555 0.3000000119
148873  -55.592  -18.558  -13.822 0.3000000119
68005  -44.444  -25.043  -10.932 0.6000000238
69015  -44.168  -23.791  -11.311 0.5000000000
71990  -44.393  -22.066  -11.449 0.5000000000
72000  -44.686  -21.621  -11.295 0.5000000000
66232  -44.434  -27.863  -10.529 0.6000000238
67110  -44.792  -26.153  -10.206 0.6000000238
72956  -47.092  -20.414  -11.475 0.4000000060
72957  -47.978  -19.863  -11.521 0.4000000060
145167  -36.758  -31.379  -12.957 0.6000000238
62526  -37.313  -31.452  -12.292 0.6000000238
65382  -44.309  -28.558  -9.633 0.6000000238
72961  -48.749  -20.082  -12.094 0.3000000119
73913  -49.418  -19.552  -12.380 0.3000000119
62512  -38.351  -31.576  -11.201 0.6000000238
63460  -38.234  -30.665  -11.106 0.6000000238
62496  -38.846  -31.206  -10.567 0.6000000238
64382  -39.395  -30.097  -9.790 0.6000000238
63420  -42.768  -30.141  -8.738 0.6000000238
63445  -39.392  -30.907  -10.012 0.6000000238
73920  -51.472  -19.151  -13.576 0.3000000119
62483  -40.078  -31.416  -9.700 0.6000000238
63418  -40.989  -30.225  -8.810 0.6000000238
74865  -52.834  -18.635  -13.840 0.3000000119
75805  -54.385  -17.806  -13.455 0.3000000119
75806  -55.163  -17.663  -13.436 0.3000000119
75808  -55.773  -17.910  -13.736 0.3000000119
69016  -45.063  -24.613  -10.026 0.6000000238
129988  -44.794  -23.375  -10.551 0.6000000238
70053  -43.892  -22.639  -11.667 0.5000000000
67097  -45.025  -26.270  -9.212 0.6000000238
68006  -45.010  -25.564  -9.882 0.6000000238
133362  -46.308  -19.754  -11.175 0.4000000060
135703  -47.212  -19.641  -11.301 0.4000000060
66208  -44.496  -27.865  -8.794 0.6000000238
73912  -48.673  -19.122  -11.798 0.3000000119
63459  -37.578  -30.174  -11.611 0.6000000238
65359  -43.978  -28.267  -8.130 0.6000000238
74859  -49.416  -18.727  -12.333 0.3000000119
63444  -38.771  -30.325  -10.431 0.6000000238
64347  -43.034  -28.998  -8.044 0.6000000238
149637  -50.843  -17.333  -13.300 0.3000000119
129696  -41.311  -29.519  -8.421 0.6000000238
74864  -51.817  -18.119  -13.612 0.3000000119
64354  -40.482  -29.436  -8.783 0.6000000238
75803  -52.731  -16.918  -13.545 0.3000000119
76725  -54.776  -17.163  -13.222 0.3000000119
69003  -45.388  -23.932  -9.357 0.6000000238
71991  -44.829  -21.404  -10.844 0.5000000000
72954  -45.086  -20.764  -10.894 0.4000000060
67994  -45.226  -25.513  -9.044 0.6000000238
73907  -45.963  -18.983  -11.013 0.4000000060
73908  -46.792  -18.973  -11.183 0.4000000060
67085  -45.047  -26.160  -8.375 0.6000000238
74854  -48.189  -18.323  -11.486 0.4000000060
75798  -49.424  -17.817  -12.464 0.3000000119
64397  -38.123  -29.759  -10.964 0.6000000238
131751  -44.323  -27.366  -7.825 0.6000000238
127256  -49.073  -17.088  -12.473 0.3000000119
64381  -37.952  -28.862  -10.846 0.6000000238
64368  -38.719  -29.315  -10.219 0.6000000238
65358  -42.889  -28.325  -7.596 0.6000000238
149442  -49.987  -16.374  -13.016 0.3000000119
64346  -42.373  -28.950  -7.930 0.6000000238
64369  -39.588  -29.213  -9.392 0.6000000238
65367  -40.094  -28.603  -8.791 0.6000000238
65368  -40.847  -28.785  -8.339 0.6000000238
124761  -45.641  -22.028  -9.430 0.4000000060
126336  -45.334  -20.634  -10.533 0.4000000060
72949  -45.510  -19.943  -10.607 0.4000000060
135469  -45.568  -19.846  -10.908 0.4000000060
67072  -44.898  -25.986  -7.666 0.5000000000
144649  -45.488  -24.216  -8.462 0.5000000000
75792  -47.495  -17.593  -11.363 0.4000000060
67071  -44.372  -26.503  -7.359 0.5000000000
75793  -48.520  -17.527  -11.920 0.3000000119
66188  -43.638  -27.022  -7.180 0.5000000000
76716  -48.490  -16.585  -12.237 0.3000000119
65394  -38.410  -28.374  -10.304 0.6000000238
66195  -42.418  -27.696  -7.295 0.5000000000
65380  -38.980  -28.620  -9.776 0.6000000238
65381  -39.448  -28.271  -9.305 0.6000000238
65356  -41.213  -28.173  -7.875 0.6000000238
66206  -39.846  -27.817  -8.785 0.6000000238
66207  -40.488  -28.023  -8.320 0.6000000238
133472  -39.667  -27.089  -8.727 0.5000000000
134105  -40.167  -26.746  -8.219 0.5000000000
125223  -45.574  -23.229  -7.682 0.4000000060
71963  -45.907  -21.784  -8.331 0.3000000119
71979  -45.872  -21.415  -9.208 0.4000000060
73901  -45.720  -19.198  -10.236 0.4000000060
73906  -45.722  -19.155  -10.613 0.3000000119
67965  -45.082  -25.259  -7.441 0.5000000000
132140  -45.474  -24.012  -7.798 0.4000000060
74848  -45.789  -18.446  -10.268 0.3000000119
74851  -45.934  -18.317  -10.680 0.3000000119
74852  -46.443  -18.117  -11.058 0.3000000119
67058  -43.950  -26.144  -6.794 0.5000000000
76709  -45.827  -16.518  -10.992 0.3000000119
75791  -46.467  -17.107  -11.139 0.3000000119
67057  -43.164  -26.382  -6.689 0.5000000000
76715  -47.798  -16.404  -11.837 0.3000000119
66186  -42.086  -27.154  -7.059 0.5000000000
78541  -49.039  -14.904  -12.946 0.3000000119
67056  -41.441  -26.823  -7.244 0.5000000000
66193  -40.805  -27.328  -7.817 0.5000000000
71946  -45.800  -21.644  -7.291 0.3000000119
71947  -46.074  -21.044  -7.816 0.3000000119
73894  -46.228  -19.940  -9.108 0.3000000119
73893  -46.038  -19.260  -9.577 0.3000000119
70003  -45.063  -23.570  -6.517 0.3000000119
75788  -45.796  -17.620  -10.356 0.3000000119
70002  -44.608  -23.805  -6.146 0.3000000119
75790  -45.979  -17.411  -10.811 0.3000000119
127807  -42.710  -25.779  -6.436 0.4000000060
76710  -46.403  -16.235  -11.303 0.3000000119
77588  -47.167  -15.949  -11.733 0.3000000119
142221  -42.189  -26.413  -6.738 0.5000000000
78540  -48.425  -14.404  -12.880 0.3000000119
67963  -41.298  -25.963  -7.029 0.5000000000
78547  -49.114  -14.030  -13.202 0.3000000119
67979  -40.053  -25.940  -8.096 0.4000000060
67070  -40.706  -26.401  -7.620 0.5000000000
72913  -45.859  -20.913  -6.923 0.3000000119
72898  -46.199  -20.190  -7.436 0.3000000119
73885  -46.419  -19.278  -8.663 0.3000000119
70995  -45.125  -22.183  -6.130 0.3000000119
130975  -45.371  -22.929  -6.783 0.3000000119
74844  -46.381  -18.741  -9.115 0.3000000119
74843  -45.915  -18.568  -9.785 0.3000000119
70994  -44.587  -22.567  -5.767 0.3000000119
76705  -45.756  -16.741  -10.548 0.3000000119
77587  -45.721  -15.649  -11.158 0.3000000119
69983  -42.547  -24.054  -5.780 0.3000000119
148730  -43.800  -23.572  -5.622 0.3000000119
142909  -46.420  -15.509  -11.564 0.3000000119
77590  -47.055  -15.082  -12.175 0.3000000119
68965  -42.087  -24.635  -6.154 0.3000000119
126907  -41.933  -25.401  -6.457 0.4000000060
78534  -45.825  -14.801  -11.621 0.3000000119
78538  -46.542  -14.208  -12.363 0.3000000119
67942  -41.097  -25.111  -6.891 0.4000000060
144009  -48.725  -13.315  -13.307 0.3000000119
67961  -39.893  -25.111  -7.974 0.4000000060
67962  -40.566  -25.542  -7.490 0.4000000060
80284  -49.015  -12.570  -13.526 0.3000000119
132206  -49.989  -12.349  -13.643 0.3000000119
126297  -45.546  -20.829  -6.260 0.3000000119
71928  -45.512  -21.492  -6.501 0.3000000119
73851  -46.142  -19.395  -6.754 0.3000000119
74831  -46.531  -18.491  -8.167 0.3000000119
128084  -46.386  -18.092  -9.121 0.3000000119
75787  -46.335  -17.301  -9.165 0.3000000119
71909  -45.131  -21.185  -5.814 0.3000000119
76701  -46.328  -16.605  -9.159 0.3000000119
77581  -46.038  -15.964  -9.540 0.3000000119
138332  -45.668  -16.170  -10.219 0.3000000119
139932  -42.810  -23.224  -5.481 0.3000000119
70993  -43.997  -22.513  -5.449 0.3000000119
129328  -45.174  -14.958  -11.008 0.3000000119
78537  -45.534  -13.958  -11.985 0.3000000119
68949  -41.643  -23.945  -6.214 0.4000000060
79392  -46.150  -13.495  -12.606 0.3000000119
80275  -46.688  -12.912  -13.046 0.3000000119
68982  -40.436  -24.691  -7.388 0.4000000060
79403  -47.854  -12.895  -13.237 0.3000000119
140834  -48.218  -11.290  -13.702 0.3000000119
140354  -49.358  -11.848  -13.676 0.3000000119
128460  -50.427  -10.000  -13.733 0.3000000119
74805  -46.025  -18.605  -6.260 0.3000000119
74818  -46.394  -18.585  -7.090 0.3000000119
137146  -46.507  -17.798  -7.387 0.3000000119
75778  -46.551  -17.576  -8.277 0.3000000119
73850  -45.653  -19.423  -5.902 0.3000000119
77571  -46.548  -16.038  -8.624 0.3000000119
128899  -46.529  -15.443  -8.914 0.3000000119
71907  -43.657  -21.766  -5.221 0.3000000119
72878  -44.793  -20.475  -5.362 0.3000000119
78526  -46.165  -15.061  -9.518 0.3000000119
78525  -45.594  -14.475  -10.274 0.3000000119
78533  -45.041  -14.250  -11.269 0.3000000119
71906  -42.774  -21.765  -5.202 0.3000000119
79381  -45.098  -13.614  -10.672 0.3000000119
79385  -44.695  -13.392  -11.161 0.3000000119
70001  -41.441  -23.145  -6.144 0.4000000060
79390  -44.521  -12.723  -11.832 0.3000000119
70000  -40.934  -23.460  -6.637 0.4000000060
80274  -45.037  -12.484  -12.516 0.3000000119
80282  -46.010  -12.319  -13.107 0.3000000119
132255  -40.367  -23.818  -7.283 0.4000000060
132875  -49.055  -11.104  -13.845 0.3000000119
70018  -39.698  -23.240  -7.773 0.4000000060
82053  -49.778  -10.593  -13.877 0.3000000119
82942  -49.677  -9.715  -14.031 0.3000000119
136190  -46.460  -17.264  -6.893 0.3000000119
76682  -46.567  -17.008  -7.536 0.3000000119
143734  -45.638  -18.590  -5.673 0.3000000119
78514  -46.722  -14.729  -8.697 0.3000000119
73817  -45.171  -19.011  -5.246 0.3000000119
71897  -43.241  -21.033  -4.954 0.3000000119
130180  -44.195  -12.051  -11.801 0.3000000119
81173  -44.268  -11.794  -12.226 0.3000000119
129140  -45.304  -11.091  -13.283 0.3000000119
81180  -46.263  -11.510  -13.479 0.3000000119
82060  -47.448  -10.198  -13.999 0.3000000119
82061  -48.321  -9.788  -14.201 0.3000000119
71026  -39.420  -22.414  -7.960 0.3000000119
82062  -49.008  -9.424  -14.269 0.3000000119
83851  -50.115  -8.131  -13.907 0.3000000119
139769  -50.916  -7.652  -13.685 0.3000000119
75736  -45.876  -17.776  -5.819 0.3000000119
124818  -46.490  -16.570  -6.833 0.3000000119
77563  -46.674  -16.069  -7.625 0.3000000119
78505  -47.075  -13.786  -8.473 0.3000000119
79366  -46.473  -14.169  -9.397 0.3000000119
128715  -44.548  -19.035  -4.831 0.3000000119
74787  -45.355  -18.123  -5.263 0.3000000119
79382  -46.044  -13.523  -10.031 0.3000000119
80268  -45.037  -12.284  -10.915 0.3000000119
81160  -45.271  -11.651  -10.989 0.3000000119
80267  -44.620  -12.512  -11.358 0.3000000119
82039  -44.300  -11.007  -11.786 0.3000000119
82044  -44.160  -10.864  -12.282 0.3000000119
82048  -44.714  -10.347  -13.335 0.3000000119
82951  -46.647  -9.606  -14.099 0.3000000119
82952  -47.604  -9.297  -14.319 0.3000000119
83847  -46.684  -8.590  -14.424 0.3000000119
82953  -48.429  -9.033  -14.394 0.3000000119
83850  -49.326  -8.214  -14.280 0.3000000119
141573  -48.956  -7.734  -14.440 0.3000000119
84734  -50.279  -7.166  -13.994 0.3000000119
85641  -51.023  -6.833  -13.909 0.3000000119
76655  -45.780  -16.751  -5.646 0.3000000119
127843  -46.213  -16.347  -6.213 0.3000000119
124648  -46.751  -15.083  -7.373 0.3000000119
78504  -46.996  -14.500  -7.926 0.3000000119
75720  -44.283  -17.781  -4.613 0.3000000119
76642  -45.148  -16.803  -5.035 0.3000000119
78488  -46.193  -14.823  -6.203 0.3000000119
79350  -46.462  -13.967  -6.590 0.3000000119
79359  -47.284  -13.089  -7.893 0.3000000119
81149  -46.860  -11.876  -9.818 0.3000000119
75719  -43.604  -17.971  -4.501 0.3000000119
82040  -45.072  -11.061  -11.313 0.3000000119
74769  -42.593  -18.566  -4.584 0.3000000119
82939  -44.076  -9.478  -13.154 0.3000000119
82941  -45.696  -9.972  -13.774 0.3000000119
82950  -45.590  -9.129  -14.050 0.3000000119
84732  -47.376  -7.718  -14.581 0.3000000119
150260  -49.030  -6.416  -14.433 0.3000000119
138668  -45.245  -14.081  -5.576 0.3000000119
77530  -44.127  -15.257  -4.727 0.3000000119
78486  -44.707  -14.515  -5.219 0.3000000119
76640  -43.541  -16.685  -4.507 0.3000000119
127032  -43.778  -17.337  -4.509 0.3000000119
76641  -44.370  -16.905  -4.642 0.3000000119
77542  -45.072  -15.412  -5.204 0.3000000119
136623  -42.467  -17.809  -4.553 0.3000000119
75718  -43.082  -17.371  -4.476 0.3000000119
65429  -42.240  -27.161  -14.653 0.5000000000
63471  -42.766  -30.703  -12.913 0.6999999881
65418  -42.681  -27.656  -13.575 0.5000000000
63461  -43.008  -30.846  -11.829 0.6000000238
59535  -36.761  -33.697  -15.536 0.6000000238
130646  -40.495  -36.437  -17.520 0.6999999881
29887  -37.832  -65.146  -17.949 0.3000000119
29873  -38.033  -64.489  -17.616 0.3000000119
29888  -38.282  -64.559  -18.409 0.3000000119
31001  -38.803  -63.922  -18.742 0.3000000119
29899  -38.973  -64.077  -19.651 0.4000000060
31010  -39.561  -63.481  -20.087 0.4000000060
32062  -40.670  -62.355  -20.593 0.4000000060
32063  -41.204  -61.869  -20.404 0.4000000060
32054  -41.500  -61.646  -19.803 0.4000000060
33153  -42.227  -61.193  -19.755 0.4000000060
34151  -43.015  -60.687  -19.610 0.4000000060
36012  -43.879  -58.336  -17.759 0.4000000060
125147  -43.656  -60.166  -19.220 0.4000000060
37014  -43.520  -57.500  -17.161 0.4000000060
42158  -43.165  -53.096  -16.271 0.4000000060
38946  -43.004  -55.340  -7.389 0.3000000119
39948  -44.618  -53.679  -7.108 0.3000000119
42052  -45.323  -52.249  -6.799 0.3000000119
146074  -42.494  -51.550  -16.620 0.5000000000
141224  -47.288  -49.406  -7.705 0.3000000119
45854  -46.658  -48.914  -8.091 0.3000000119
43217  -42.993  -50.821  -17.579 0.5000000000
45099  -42.371  -49.358  -17.279 0.5000000000
50556  -49.284  -43.189  -13.781 0.3000000119
131755  -48.757  -42.343  -13.462 0.3000000119
51543  -48.986  -42.302  -14.201 0.3000000119
139738  -43.404  -48.063  -18.013 0.6000000238
52510  -47.859  -41.021  -13.976 0.4000000060
46818  -43.832  -47.633  -18.590 0.6000000238
53538  -47.789  -40.506  -14.753 0.4000000060
53550  -48.079  -40.406  -15.612 0.4000000060
54553  -48.064  -39.396  -14.818 0.4000000060
55610  -49.263  -38.416  -15.650 0.4000000060
55620  -50.017  -38.224  -16.764 0.4000000060
49648  -34.181  -44.138  -15.469 0.4000000060
49654  -34.745  -44.024  -16.203 0.5000000000
49655  -35.479  -44.194  -16.661 0.5000000000
48711  -43.351  -45.028  -21.002 0.6999999881
57589  -51.204  -35.942  -16.935 0.4000000060
49699  -43.961  -44.282  -21.909 0.6999999881
51573  -36.622  -43.008  -16.111 0.5000000000
51574  -37.555  -42.750  -16.261 0.5000000000
52547  -38.639  -41.574  -16.299 0.6000000238
52558  -39.686  -41.486  -17.729 0.8000000119
51607  -43.638  -41.858  -20.320 0.8000000119
51613  -42.931  -42.619  -19.847 0.6999999881
52583  -44.507  -41.318  -21.262 0.8000000119
50630  -43.757  -43.431  -21.295 0.6999999881
59568  -51.502  -34.807  -17.217 0.4000000060
52577  -43.862  -41.127  -20.286 0.8000000119
54588  -40.032  -39.860  -18.142 0.8000000119
54608  -45.199  -39.503  -22.480 0.8000000119
53596  -45.125  -40.318  -22.702 0.8000000119
131711  -51.406  -33.420  -16.323 0.4000000060
124335  -39.760  -38.947  -18.431 0.6999999881
54613  -44.807  -39.283  -22.803 0.8000000119
147785  -40.638  -38.150  -19.555 0.6999999881
56622  -41.462  -37.383  -20.263 0.6999999881
55661  -44.135  -38.575  -22.476 0.8000000119
56623  -42.363  -37.442  -20.837 0.6999999881
57626  -43.349  -36.991  -21.572 0.6000000238
62559  -52.308  -31.386  -15.467 0.3000000119
64404  -50.058  -29.086  -11.621 0.4000000060
63484  -51.395  -30.357  -13.394 0.4000000060
62539  -51.532  -31.300  -14.410 0.4000000060
62552  -52.015  -31.025  -14.784 0.3000000119
65410  -50.408  -28.440  -11.665 0.4000000060
64405  -50.741  -28.953  -11.980 0.4000000060
63476  -50.949  -30.073  -12.682 0.4000000060
63483  -50.805  -30.838  -13.069 0.4000000060
66247  -49.684  -27.355  -11.412 0.4000000060
66257  -52.050  -27.411  -12.514 0.4000000060
67142  -52.379  -26.601  -12.646 0.5000000000
125785  -49.116  -27.096  -11.408 0.5000000000
136445  -51.389  -26.163  -11.910 0.5000000000
67151  -53.000  -26.402  -13.176 0.5000000000
66271  -53.415  -26.999  -13.522 0.4000000060
67152  -53.590  -26.022  -13.753 0.5000000000
67124  -47.121  -26.661  -11.878 0.5000000000
68024  -49.507  -25.186  -11.479 0.4000000060
127243  -53.346  -25.025  -15.376 0.5000000000
69065  -53.224  -24.503  -15.512 0.5000000000
132818  -53.978  -23.845  -15.656 0.5000000000
71099  -55.698  -22.374  -15.525 0.5000000000
60507  -33.335  -33.929  -14.241 0.5000000000
72026  -55.911  -21.629  -15.266 0.5000000000
72980  -56.410  -20.435  -14.939 0.4000000060
61518  -34.141  -32.534  -15.021 0.6000000238
139566  -34.860  -32.675  -15.627 0.6000000238
139296  -35.663  -32.484  -16.246 0.6000000238
61527  -36.163  -32.063  -16.158 0.6000000238
74873  -56.742  -19.026  -14.650 0.3000000119
62556  -35.956  -31.471  -15.810 0.6000000238
62548  -36.283  -31.404  -14.652 0.6000000238
61506  -36.605  -32.046  -13.701 0.6000000238
144378  -56.332  -18.352  -14.210 0.3000000119
75810  -57.291  -17.043  -14.833 0.3000000119
62535  -36.417  -31.250  -13.753 0.6000000238
64396  -37.484  -29.287  -11.471 0.6000000238
143308  -37.779  -28.011  -10.803 0.6000000238
66231  -38.221  -27.568  -10.279 0.6000000238
66217  -38.820  -27.915  -9.758 0.6000000238
66230  -37.613  -27.196  -10.745 0.6000000238
67095  -39.091  -26.729  -9.184 0.5000000000
67083  -39.546  -26.333  -8.638 0.5000000000
67978  -39.407  -25.538  -8.548 0.4000000060
68981  -39.763  -24.223  -7.887 0.4000000060
70030  -39.079  -23.733  -8.475 0.4000000060
83846  -45.266  -8.173  -14.379 0.3000000119
84731  -46.285  -7.625  -14.596 0.3000000119
86608  -48.532  -5.253  -14.458 0.3000000119
141419  -49.362  -5.210  -14.440 0.3000000119
136367  -50.143  -5.606  -14.374 0.3000000119
76639  -42.745  -16.590  -4.494 0.3000000119
75717  -41.806  -17.438  -4.683 0.3000000119
56600  -50.444  -37.459  -16.731 0.4000000060
67156  -53.945  -25.677  -14.575 0.5000000000
33151  -41.069  -61.819  -19.067 0.4000000060
34116  -38.800  -61.013  -14.672 0.3000000119
33110  -39.060  -61.354  -15.537 0.3000000119
34117  -39.495  -60.552  -15.245 0.3000000119
35954  -39.754  -58.811  -13.916 0.3000000119
35055  -39.896  -59.787  -15.015 0.3000000119
42142  -42.298  -52.934  -15.174 0.4000000060
34991  -39.920  -58.865  -9.913 0.3000000119
38014  -41.419  -56.668  -14.706 0.4000000060
131682  -40.250  -54.991  -10.397 0.3000000119
43211  -41.834  -50.933  -16.331 0.4000000060
45018  -45.644  -49.582  -7.549 0.3000000119
44094  -43.717  -50.301  -6.878 0.3000000119
45863  -43.388  -48.299  -7.964 0.3000000119
48571  -45.824  -46.317  -10.425 0.3000000119
49606  -46.929  -44.486  -10.484 0.3000000119
45848  -41.193  -48.469  -7.750 0.3000000119
127088  -40.334  -47.849  -8.446 0.3000000119
46686  -41.814  -47.810  -7.893 0.3000000119
141698  -42.204  -46.974  -8.209 0.3000000119
49641  -48.876  -43.986  -13.090 0.3000000119
47581  -39.939  -46.833  -9.212 0.3000000119
48554  -42.113  -45.446  -8.512 0.3000000119
125778  -41.839  -44.918  -14.752 0.6000000238
126201  -48.475  -41.689  -14.058 0.4000000060
48675  -42.604  -45.457  -16.713 0.6000000238
48695  -43.288  -46.103  -18.434 0.6999999881
49619  -40.646  -44.798  -10.794 0.3000000119
53549  -47.810  -39.955  -15.089 0.4000000060
48701  -42.558  -45.110  -19.541 0.6999999881
50524  -41.415  -43.135  -10.156 0.4000000060
51529  -40.997  -42.614  -11.373 0.4000000060
142162  -46.735  -39.926  -12.154 0.4000000060
51541  -40.784  -42.159  -13.641 0.6000000238
133014  -41.337  -41.965  -16.204 0.6999999881
51596  -41.881  -42.837  -18.037 0.6999999881
48710  -42.766  -44.897  -20.253 0.6999999881
54482  -43.859  -39.561  -9.643 0.4000000060
52524  -40.839  -41.313  -14.877 0.6000000238
56576  -49.339  -37.376  -14.667 0.4000000060
50605  -42.051  -43.312  -18.649 0.6999999881
57574  -49.852  -36.843  -15.143 0.4000000060
58643  -50.732  -35.881  -16.178 0.4000000060
50566  -33.789  -43.281  -15.324 0.3000000119
53537  -40.966  -39.797  -14.710 0.6000000238
51606  -42.392  -42.517  -18.905 0.6999999881
49698  -43.154  -44.251  -20.685 0.6999999881
53548  -41.391  -39.685  -15.598 0.6000000238
139713  -44.775  -37.711  -10.516 0.5000000000
52568  -42.654  -41.551  -18.730 0.6999999881
53582  -43.603  -40.610  -19.707 0.6999999881
52576  -43.292  -41.307  -19.529 0.8000000119
55647  -44.691  -38.232  -20.422 0.6999999881
58604  -49.521  -35.082  -13.515 0.4000000060
56585  -42.518  -37.334  -15.264 0.6999999881
135318  -44.710  -37.068  -19.722 0.6000000238
54609  -45.240  -38.605  -22.420 0.6999999881
59590  -45.323  -34.267  -20.697 0.6000000238
139778  -44.358  -37.593  -22.317 0.6999999881
55665  -44.856  -38.473  -22.673 0.6999999881
56628  -43.290  -37.951  -21.701 0.8000000119
57619  -43.485  -36.138  -21.360 0.6000000238
61539  -51.678  -32.678  -16.209 0.4000000060
61530  -51.531  -32.385  -15.574 0.3000000119
58641  -43.996  -35.637  -16.195 0.6000000238
57560  -43.348  -36.093  -15.145 0.6000000238
58617  -43.110  -36.047  -14.369 0.6999999881
149051  -45.426  -35.090  -19.701 0.6000000238
55645  -40.988  -37.801  -19.880 0.6999999881
58668  -42.825  -35.826  -20.609 0.6999999881
55653  -42.589  -38.360  -21.115 0.8000000119
58669  -43.697  -35.451  -21.155 0.6999999881
60482  -47.122  -33.598  -10.995 0.3000000119
61509  -49.567  -32.886  -12.824 0.3000000119
143245  -50.512  -32.218  -13.722 0.3000000119
59549  -43.938  -34.893  -15.003 0.5000000000
59524  -43.847  -34.661  -12.992 0.5000000000
55606  -37.087  -37.824  -15.794 0.6999999881
60481  -46.422  -33.041  -11.006 0.4000000060
144894  -47.475  -31.559  -11.314 0.4000000060
61483  -47.791  -32.352  -11.347 0.4000000060
65407  -47.222  -28.993  -11.813 0.5000000000
62519  -48.998  -31.490  -11.760 0.4000000060
61484  -48.617  -32.237  -11.725 0.4000000060
64414  -50.470  -29.668  -12.090 0.4000000060
60531  -44.544  -33.569  -15.881 0.5000000000
140493  -44.458  -33.445  -13.436 0.5000000000
56584  -36.482  -37.179  -15.688 0.6999999881
63482  -45.491  -30.363  -13.412 0.5000000000
128023  -39.714  -36.368  -17.711 0.8000000119
57556  -35.444  -36.389  -14.693 0.5000000000
143343  -48.224  -26.669  -11.539 0.5000000000
57584  -39.329  -36.282  -16.904 0.6999999881
70087  -51.797  -23.604  -14.552 0.5000000000
70080  -51.161  -23.446  -13.947 0.4000000060
68037  -52.645  -25.735  -12.931 0.5000000000
132100  -34.021  -35.363  -13.844 0.5000000000
67140  -46.371  -26.421  -12.178 0.5000000000
132635  -43.038  -32.963  -17.708 0.6999999881
68023  -48.646  -25.294  -11.457 0.4000000060
68022  -47.665  -25.406  -11.546 0.4000000060
67139  -45.318  -25.973  -12.589 0.5000000000
58629  -41.365  -35.333  -15.594 0.6000000238
58615  -40.475  -35.539  -14.323 0.6000000238
71090  -51.267  -22.752  -14.221 0.4000000060
59543  -34.692  -34.097  -15.329 0.5000000000
59545  -36.546  -33.693  -16.487 0.6999999881
62557  -42.437  -31.095  -15.994 0.6000000238
137961  -42.458  -33.026  -16.068 0.6999999881
60522  -42.244  -32.919  -14.592 0.6999999881
60494  -41.459  -33.551  -12.294 0.6000000238
58581  -38.952  -35.113  -12.728 0.6000000238
71098  -54.682  -22.979  -15.486 0.5000000000
60518  -34.242  -33.415  -15.011 0.5000000000
66284  -43.226  -27.153  -15.725 0.6000000238
67137  -42.586  -24.910  -13.424 0.5000000000
69044  -43.570  -23.605  -13.010 0.4000000060
132491  -42.410  -32.527  -15.432 0.6999999881
61528  -42.405  -32.019  -14.903 0.6999999881
62527  -42.568  -31.317  -13.254 0.6999999881
62536  -42.441  -31.407  -13.941 0.6999999881
142536  -38.022  -35.322  -14.031 0.6000000238
61493  -41.824  -32.973  -11.875 0.6000000238
62514  -42.668  -31.604  -11.330 0.6000000238
59522  -38.134  -35.004  -13.267 0.6000000238
142544  -41.865  -32.382  -10.614 0.6000000238
70062  -43.569  -23.132  -12.430 0.4000000060
66242  -43.475  -26.836  -12.287 0.5000000000
63472  -43.068  -29.994  -12.527 0.6000000238
72963  -49.483  -20.556  -12.640 0.4000000060
137856  -43.730  -29.652  -10.909 0.6999999881
62487  -43.239  -30.608  -10.094 0.6000000238
131287  -50.719  -19.766  -13.354 0.4000000060
60475  -38.756  -33.335  -11.422 0.6000000238
72975  -55.773  -20.315  -14.567 0.4000000060
70063  -43.596  -22.648  -12.179 0.4000000060
64398  -43.483  -29.476  -11.850 0.6999999881
65406  -44.081  -27.959  -11.397 0.6000000238
149430  -43.272  -30.181  -11.810 0.6000000238
73929  -55.403  -19.791  -14.236 0.3000000119
71072  -43.796  -22.242  -12.081 0.5000000000
72955  -45.891  -20.572  -11.297 0.4000000060
64372  -43.841  -29.363  -9.254 0.6000000238
74860  -50.067  -18.415  -12.841 0.3000000119
74863  -50.912  -18.151  -13.305 0.3000000119
65371  -44.035  -28.768  -8.749 0.6000000238
64371  -43.357  -29.884  -8.942 0.6000000238
62484  -40.928  -31.548  -9.496 0.6000000238
64356  -42.577  -29.561  -8.333 0.6000000238
74866  -53.481  -18.592  -13.826 0.3000000119
75809  -56.553  -17.502  -14.239 0.3000000119
66219  -44.598  -27.691  -9.757 0.6000000238
63431  -39.896  -30.688  -9.570 0.6000000238
75802  -52.264  -17.443  -13.627 0.3000000119
150383  -52.986  -17.599  -13.654 0.3000000119
70054  -44.611  -22.502  -10.859 0.6000000238
145304  -44.736  -26.619  -7.904 0.6000000238
74858  -48.826  -18.303  -12.021 0.4000000060
75799  -50.223  -17.601  -12.996 0.3000000119
76722  -51.167  -16.675  -13.441 0.3000000119
65369  -41.620  -28.881  -8.035 0.6000000238
126090  -51.931  -16.729  -13.582 0.3000000119
70044  -45.387  -22.879  -9.728 0.5000000000
71062  -45.008  -21.981  -10.508 0.5000000000
143434  -43.087  -27.626  -7.284 0.5000000000
70031  -45.575  -23.516  -8.566 0.4000000060
72940  -45.697  -19.941  -10.024 0.4000000060
76711  -47.259  -16.711  -11.463 0.3000000119
67964  -44.567  -25.736  -7.038 0.5000000000
77591  -47.928  -15.781  -12.206 0.3000000119
70019  -45.333  -23.764  -7.074 0.4000000060
67944  -44.180  -25.349  -6.524 0.4000000060
67943  -43.456  -25.606  -6.410 0.4000000060
134199  -45.787  -16.900  -9.879 0.3000000119
68950  -43.955  -24.070  -5.788 0.3000000119
67926  -42.806  -24.991  -6.083 0.3000000119
78539  -47.577  -14.328  -12.654 0.3000000119
79393  -47.138  -13.613  -12.888 0.3000000119
81182  -49.879  -11.469  -13.745 0.3000000119
73868  -46.408  -19.311  -7.686 0.3000000119
71908  -44.515  -21.764  -5.539 0.3000000119
69982  -42.031  -23.257  -5.706 0.3000000119
134339  -48.762  -11.756  -13.645 0.3000000119
68963  -40.976  -24.298  -6.781 0.4000000060
73834  -45.166  -19.790  -5.453 0.3000000119
78531  -44.891  -14.253  -10.911 0.3000000119
130318  -47.051  -12.187  -13.380 0.3000000119
138508  -50.273  -9.104  -13.800 0.3000000119
126219  -46.774  -15.322  -8.162 0.3000000119
72865  -43.632  -20.335  -4.801 0.3000000119
73833  -44.658  -19.681  -5.049 0.3000000119
76669  -46.219  -17.091  -6.303 0.3000000119
79377  -46.876  -13.215  -9.251 0.3000000119
146556  -43.866  -19.504  -4.666 0.3000000119
136407  -49.537  -7.462  -14.248 0.3000000119
142241  -46.477  -15.624  -6.634 0.3000000119
79367  -47.264  -12.906  -8.570 0.3000000119
81161  -46.022  -11.961  -10.465 0.3000000119
74770  -43.348  -18.698  -4.526 0.3000000119
82936  -44.018  -9.972  -12.650 0.3000000119
82940  -44.757  -9.552  -13.601 0.3000000119
83848  -47.870  -8.454  -14.507 0.3000000119
85638  -47.939  -6.986  -14.581 0.3000000119
85640  -49.630  -6.567  -14.306 0.3000000119
125428  -51.154  -5.241  -14.469 0.3000000119
133498  -45.360  -16.149  -5.262 0.3000000119
135151  -46.850  -14.229  -7.249 0.3000000119
79358  -46.947  -13.313  -7.195 0.3000000119
74768  -41.882  -18.242  -4.744 0.3000000119
74786  -41.374  -18.639  -5.250 0.3000000119
86607  -47.636  -5.665  -14.546 0.3000000119
145353  -42.396  -17.152  -4.545 0.3000000119
148127  -43.308  -60.525  -20.330 0.4000000060
51614  -43.672  -42.673  -20.784 0.6999999881
53601  -45.059  -40.001  -22.932 0.8000000119
54601  -42.514  -39.167  -21.050 0.8000000119
66270  -52.720  -27.253  -13.027 0.4000000060
67109  -38.043  -26.777  -10.209 0.5000000000
67128  -50.243  -26.732  -11.478 0.4000000060
67141  -51.702  -26.749  -12.160 0.4000000060
67172  -57.082  -26.488  -18.495 0.3000000119
69075  -56.194  -25.553  -17.831 0.4000000060
140335  -58.353  -26.196  -19.113 0.3000000119
67160  -54.816  -26.051  -15.742 0.4000000060
69070  -54.721  -25.282  -16.690 0.4000000060
69069  -53.916  -25.030  -16.270 0.4000000060
69080  -58.583  -24.446  -18.525 0.3000000119
146236  -56.088  -24.898  -17.396 0.4000000060
69076  -56.917  -24.677  -17.789 0.3000000119
124836  -49.920  -25.942  -11.444 0.3000000119
70095  -54.558  -24.624  -16.390 0.4000000060
69071  -55.494  -24.611  -16.821 0.4000000060
70098  -56.914  -23.152  -16.639 0.3000000119
136117  -56.038  -23.632  -16.413 0.4000000060
72035  -58.636  -21.421  -17.264 0.3000000119
71109  -57.697  -22.628  -16.948 0.3000000119
71104  -56.344  -22.744  -16.022 0.4000000060
70092  -54.625  -23.883  -15.961 0.4000000060
72985  -58.312  -20.741  -16.651 0.3000000119
147940  -57.827  -21.034  -16.329 0.3000000119
72981  -57.119  -20.508  -15.493 0.3000000119
61526  -35.955  -31.891  -16.181 0.5000000000
73934  -57.645  -19.850  -15.682 0.3000000119
72027  -56.512  -21.116  -15.340 0.3000000119
62546  -34.008  -31.686  -14.923 0.5000000000
141437  -34.024  -29.971  -14.763 0.5000000000
62547  -34.754  -30.995  -15.327 0.5000000000
63493  -34.582  -30.341  -15.070 0.5000000000
63506  -36.015  -30.990  -15.243 0.5000000000
73935  -58.155  -19.200  -15.947 0.3000000119
73933  -56.970  -19.786  -15.083 0.3000000119
63495  -35.806  -30.353  -14.864 0.5000000000
127055  -36.433  -29.937  -12.924 0.5000000000
65439  -35.234  -28.612  -14.444 0.5000000000
66264  -35.903  -27.891  -13.178 0.5000000000
64420  -35.671  -29.117  -14.148 0.5000000000
65416  -36.410  -28.374  -12.546 0.4000000060
66263  -35.372  -27.410  -13.838 0.5000000000
66275  -35.013  -27.891  -14.373 0.5000000000
65417  -36.905  -28.837  -11.965 0.5000000000
65404  -36.809  -28.019  -11.868 0.5000000000
66252  -35.772  -26.982  -13.037 0.4000000060
66241  -37.235  -27.611  -11.312 0.5000000000
66253  -36.263  -26.904  -12.358 0.4000000060
67120  -36.424  -26.339  -11.903 0.5000000000
68031  -35.780  -25.722  -12.457 0.4000000060
67121  -37.056  -26.784  -11.261 0.4000000060
68016  -36.252  -25.368  -11.780 0.5000000000
68017  -36.865  -25.922  -11.170 0.4000000060
67993  -38.364  -25.605  -9.564 0.4000000060
68004  -37.356  -25.533  -10.562 0.3000000119
69026  -36.011  -24.342  -11.674 0.3000000119
68003  -36.743  -25.012  -11.047 0.3000000119
67992  -37.833  -25.167  -9.946 0.3000000119
133034  -38.311  -24.912  -9.445 0.3000000119
69014  -37.326  -24.638  -10.402 0.3000000119
133411  -37.279  -23.688  -10.273 0.3000000119
67977  -38.795  -25.187  -9.009 0.3000000119
69002  -37.922  -24.223  -9.666 0.3000000119
131691  -38.616  -24.386  -9.021 0.3000000119
68991  -39.255  -24.699  -8.490 0.3000000119
70042  -37.752  -23.197  -9.653 0.3000000119
70043  -38.392  -23.551  -9.112 0.3000000119
133633  -32.980  -29.870  -14.468 0.5000000000
66299  -58.740  -27.653  -19.398 0.3000000119
67164  -54.904  -25.965  -16.660 0.4000000060
63491  -31.801  -30.016  -14.081 0.4000000060
64434  -33.822  -29.246  -14.580 0.5000000000
65438  -34.599  -28.651  -14.567 0.4000000060
66262  -34.808  -27.079  -14.119 0.5000000000
67135  -35.417  -26.120  -13.068 0.5000000000
127118  -48.366  -26.042  -11.482 0.4000000060
68025  -50.735  -26.023  -11.604 0.4000000060
63470  -37.022  -30.623  -12.392 0.5000000000
66256  -51.348  -27.508  -12.009 0.4000000060
126121  -49.130  -25.943  -11.407 0.3000000119
67157  -54.544  -26.278  -14.853 0.4000000060
70091  -53.840  -24.566  -15.996 0.4000000060
72031  -56.520  -21.881  -15.684 0.3000000119
144795  -35.055  -31.865  -15.664 0.5000000000
62555  -35.562  -31.269  -15.586 0.5000000000
128160  -36.139  -30.735  -14.356 0.5000000000
63480  -36.425  -30.659  -13.353 0.5000000000
64409  -36.975  -29.677  -12.134 0.5000000000
67082  -38.939  -25.961  -9.097 0.3000000119
128039  -57.901  -26.830  -18.993 0.3000000119
67169  -56.561  -26.564  -18.058 0.4000000060
68060  -57.459  -25.929  -18.664 0.3000000119
69074  -55.455  -25.510  -17.298 0.4000000060
67165  -55.432  -26.261  -17.032 0.4000000060
67168  -55.737  -26.109  -17.699 0.4000000060
68058  -56.879  -25.460  -18.242 0.3000000119
70102  -57.485  -23.601  -17.403 0.3000000119
69079  -57.626  -25.003  -18.389 0.3000000119
70097  -56.513  -24.088  -17.058 0.4000000060
71106  -57.928  -21.644  -16.656 0.3000000119
71105  -57.146  -22.212  -16.286 0.3000000119
73939  -58.227  -19.966  -16.257 0.3000000119
62545  -32.967  -31.575  -14.475 0.5000000000
63492  -33.719  -30.751  -14.753 0.5000000000
64435  -34.805  -29.678  -14.946 0.5000000000
63504  -35.204  -30.505  -15.259 0.5000000000
63494  -35.394  -30.065  -15.004 0.5000000000
64437  -35.593  -29.751  -14.639 0.5000000000
133116  -35.994  -29.980  -13.976 0.5000000000
144606  -36.457  -29.167  -12.668 0.5000000000
64436  -35.224  -29.298  -14.725 0.5000000000
126516  -36.333  -27.568  -12.458 0.4000000060
141972  -36.100  -29.385  -13.391 0.4000000060
66240  -36.684  -27.215  -11.826 0.5000000000
67093  -37.900  -25.984  -10.110 0.3000000119
69013  -36.682  -24.118  -10.874 0.3000000119
67161  -55.494  -26.515  -15.970 0.4000000060
51595  -40.234  -42.154  -19.025 0.6999999881
53595  -43.872  -40.265  -22.672 0.6999999881
141737  -42.518  -40.210  -21.280 0.6999999881
130373  -41.922  -40.832  -20.720 0.6999999881
52575  -41.377  -40.956  -20.016 0.6999999881
53581  -40.901  -40.550  -19.246 0.6999999881
52566  -40.210  -41.525  -18.556 0.6999999881
54600  -41.851  -39.492  -20.345 0.6999999881
137038  -41.363  -39.972  -19.708 0.6999999881
136670  -40.479  -40.194  -18.659 0.6999999881
53572  -40.152  -40.760  -18.201 0.6999999881
63485  -52.028  -29.914  -13.741 0.3000000119
64439  -52.694  -29.539  -14.140 0.3000000119
64426  -52.350  -29.001  -13.422 0.3000000119
64440  -53.404  -29.272  -14.484 0.3000000119
64427  -53.107  -28.643  -13.890 0.3000000119
55652  -41.837  -38.352  -20.401 0.6999999881
54595  -41.164  -38.854  -19.652 0.6999999881
64416  -51.872  -28.739  -12.840 0.3000000119
65421  -52.364  -28.138  -12.997 0.3000000119
133903  -53.745  -28.562  -14.328 0.3000000119
65449  -54.856  -28.520  -15.122 0.3000000119
64449  -55.281  -29.189  -15.615 0.3000000119
149774  -40.299  -39.426  -18.659 0.6999999881
65411  -51.032  -28.260  -11.950 0.3000000119
65420  -51.674  -28.154  -12.438 0.3000000119
138425  -54.873  -27.705  -14.875 0.3000000119
65444  -55.273  -27.763  -15.219 0.3000000119
65451  -56.283  -27.886  -16.011 0.3000000119
65431  -53.035  -27.873  -13.458 0.3000000119
67166  -56.250  -26.692  -17.295 0.3000000119
66248  -50.505  -27.628  -11.595 0.3000000119
66288  -56.077  -26.982  -16.350 0.3000000119
67129  -51.020  -26.814  -11.699 0.3000000119
52592  -44.774  -41.592  -22.985 0.6999999881
52587  -44.752  -41.783  -22.429 0.6999999881
143429  -44.270  -41.843  -23.158 0.6999999881
50603  -39.254  -43.413  -18.833 0.6999999881
52591  -44.200  -41.188  -23.013 0.6999999881
53594  -43.073  -40.998  -22.234 0.6999999881
52582  -42.300  -41.062  -21.354 0.6999999881
52567  -40.703  -41.510  -19.374 0.6999999881
51594  -39.776  -42.237  -18.355 0.6999999881
63500  -53.020  -30.035  -14.764 0.3000000119
64441  -54.134  -28.995  -14.757 0.3000000119
64448  -54.507  -29.472  -15.321 0.3000000119
64450  -56.127  -28.975  -16.083 0.3000000119
66289  -56.685  -27.501  -16.742 0.3000000119
66290  -57.264  -28.014  -17.160 0.3000000119
66294  -56.979  -27.277  -17.588 0.3000000119
142098  -51.743  -30.670  -14.108 0.3000000119
66280  -54.513  -27.202  -14.541 0.3000000119
65443  -54.354  -28.136  -14.549 0.3000000119
41116  -46.017  -54.048  -18.941 0.4000000060
42182  -45.576  -52.625  -18.902 0.4000000060
42178  -44.699  -52.533  -18.163 0.4000000060
41103  -43.896  -53.140  -17.164 0.4000000060
42183  -46.315  -52.710  -19.742 0.4000000060
45944  -43.426  -48.881  -18.234 0.5000000000
44203  -43.884  -50.343  -18.520 0.4000000060
43218  -43.568  -51.018  -18.035 0.4000000060
43222  -44.351  -51.076  -18.608 0.4000000060
42177  -43.940  -52.488  -17.517 0.4000000060
44204  -44.616  -50.352  -19.167 0.5000000000
129076  -45.181  -51.164  -19.306 0.4000000060
43228  -46.300  -52.118  -20.278 0.4000000060
44199  -43.240  -50.255  -17.992 0.4000000060
45947  -44.025  -49.033  -18.855 0.5000000000
44208  -45.407  -50.512  -19.963 0.5000000000
43229  -46.386  -52.155  -20.886 0.5000000000
136745  -44.797  -49.400  -19.747 0.5000000000
44213  -45.752  -50.635  -21.320 0.5000000000
42193  -44.452  -51.847  -21.325 0.5000000000
42189  -43.878  -52.538  -20.795 0.5000000000
45110  -45.521  -50.049  -20.687 0.5000000000
45952  -44.770  -48.449  -20.297 0.6000000238
43234  -45.324  -51.413  -21.538 0.5000000000
45118  -45.147  -49.605  -22.007 0.5000000000
44217  -45.124  -50.599  -21.823 0.5000000000
44215  -43.387  -50.411  -21.684 0.6000000238
136628  -44.525  -51.001  -21.734 0.5000000000
44214  -42.412  -50.299  -21.185 0.5000000000
46829  -44.448  -47.753  -19.939 0.6000000238
45954  -44.930  -48.512  -21.312 0.6000000238
46837  -44.595  -47.799  -20.853 0.6000000238
44219  -44.926  -49.856  -22.117 0.5000000000
148596  -43.990  -50.721  -21.785 0.6000000238
45116  -42.841  -49.523  -21.862 0.6000000238
45115  -41.851  -49.551  -21.190 0.5000000000
45951  -39.312  -48.562  -19.594 0.5000000000
133048  -40.586  -49.003  -20.372 0.5000000000
45953  -41.247  -48.833  -20.966 0.5000000000
147001  -39.993  -48.525  -20.077 0.5000000000
139797  -36.058  -46.241  -17.516 0.4000000060
48684  -36.568  -45.601  -17.876 0.5000000000
47754  -44.380  -47.103  -21.623 0.6000000238
45959  -44.820  -48.635  -22.168 0.5000000000
47716  -36.689  -46.406  -18.142 0.5000000000
46857  -44.412  -47.920  -22.639 0.6000000238
46856  -44.090  -47.715  -23.000 0.6000000238
48698  -37.773  -45.935  -18.857 0.5000000000
45960  -43.863  -48.488  -22.733 0.6000000238
46847  -42.366  -47.883  -22.150 0.6000000238
45958  -43.045  -48.602  -22.413 0.5000000000
45950  -38.469  -48.274  -19.296 0.5000000000
45957  -42.097  -48.754  -21.693 0.5000000000
134470  -40.533  -48.060  -20.567 0.5000000000
46846  -41.661  -47.135  -21.653 0.5000000000
47707  -35.562  -46.490  -16.961 0.4000000060
48683  -36.045  -45.407  -17.393 0.5000000000
46800  -35.152  -47.905  -16.456 0.4000000060
49663  -36.476  -44.762  -17.550 0.5000000000
47753  -43.775  -46.397  -20.806 0.6000000238
134868  -37.567  -45.327  -18.563 0.5000000000
47763  -44.123  -46.225  -21.986 0.6000000238
49675  -38.485  -44.398  -18.903 0.5000000000
46855  -43.481  -47.595  -22.870 0.6000000238
134375  -43.372  -46.711  -23.101 0.6000000238
46835  -39.599  -47.669  -20.029 0.5000000000
46854  -42.555  -47.008  -22.497 0.6000000238
46836  -40.162  -47.224  -20.440 0.5000000000
46845  -40.847  -47.215  -20.914 0.5000000000
47751  -39.633  -46.685  -20.145 0.5000000000
48674  -35.497  -45.648  -16.881 0.4000000060
49662  -35.754  -44.837  -17.032 0.5000000000
139598  -34.920  -47.180  -16.067 0.4000000060
50590  -37.520  -43.694  -17.544 0.5000000000
51593  -39.189  -42.966  -18.192 0.5000000000
50602  -38.685  -43.670  -18.530 0.5000000000
50615  -39.015  -43.867  -19.066 0.5000000000
48723  -44.352  -44.785  -22.924 0.6000000238
129134  -43.942  -45.315  -22.024 0.6000000238
49686  -39.289  -44.330  -19.558 0.5000000000
49685  -38.789  -45.144  -19.449 0.5000000000
48735  -44.193  -45.217  -23.561 0.6000000238
47772  -43.479  -46.004  -23.366 0.6000000238
47741  -38.871  -46.882  -19.629 0.5000000000
47771  -42.663  -46.207  -22.759 0.5000000000
48700  -39.165  -45.945  -19.798 0.5000000000
48708  -39.849  -45.868  -20.290 0.5000000000
47752  -40.336  -46.522  -20.586 0.5000000000
50589  -36.717  -43.983  -17.288 0.5000000000
51604  -39.811  -42.886  -19.042 0.6000000238
50617  -40.080  -43.251  -19.668 0.5000000000
50641  -44.447  -43.264  -22.398 0.6000000238
47778  -43.949  -45.574  -23.731 0.6000000238
50626  -39.930  -43.814  -19.901 0.5000000000
49720  -44.118  -44.349  -23.676 0.6000000238
49696  -39.925  -44.460  -20.158 0.5000000000
48722  -42.088  -45.489  -22.298 0.5000000000
140477  -40.681  -45.072  -20.872 0.5000000000
49709  -41.674  -44.660  -21.916 0.5000000000
126821  -35.142  -44.820  -16.530 0.4000000060
51583  -37.976  -43.085  -17.013 0.4000000060
48673  -34.966  -45.471  -16.294 0.4000000060
51605  -40.539  -42.558  -19.870 0.6000000238
50627  -40.417  -43.392  -20.221 0.6000000238
50651  -43.790  -43.899  -23.556 0.6000000238
50628  -40.857  -43.057  -20.625 0.5000000000
49697  -40.490  -44.488  -20.632 0.5000000000
50648  -43.082  -43.170  -22.949 0.6000000238
133820  -41.370  -43.980  -21.520 0.5000000000
49656  -36.095  -44.273  -17.037 0.5000000000
51575  -38.378  -42.382  -16.565 0.4000000060
52557  -39.112  -41.938  -17.012 0.5000000000
50579  -37.084  -43.378  -16.807 0.4000000060
50578  -36.113  -43.653  -16.634 0.4000000060
52574  -41.110  -41.820  -20.162 0.6000000238
51612  -41.249  -42.433  -20.726 0.6000000238
50639  -41.444  -43.181  -21.383 0.5000000000
50640  -42.195  -42.949  -22.118 0.5000000000
47729  -37.351  -46.670  -18.656 0.5000000000
48699  -38.440  -45.956  -19.336 0.5000000000
46826  -38.279  -47.483  -19.328 0.5000000000
133143  -34.645  -44.836  -15.958 0.4000000060
43213  -43.211  -51.700  -17.268 0.4000000060
45948  -44.320  -48.233  -19.299 0.6000000238
140273  -43.611  -45.720  -21.178 0.6000000238
135542  -44.306  -42.059  -21.319 0.6000000238
51621  -44.617  -42.548  -22.717 0.6000000238
51627  -44.604  -42.222  -23.081 0.6000000238
51626  -44.505  -42.406  -23.118 0.6000000238
51629  -44.399  -43.066  -23.283 0.6000000238
51619  -42.729  -42.340  -22.451 0.6000000238
52586  -42.456  -41.670  -21.848 0.6000000238
51584  -38.764  -42.683  -17.350 0.5000000000
44209  -45.980  -50.925  -20.696 0.5000000000
127076  -45.333  -50.278  -21.748 0.5000000000
43231  -43.363  -51.793  -20.953 0.5000000000
45117  -43.688  -49.743  -22.173 0.6000000238
45120  -44.281  -49.302  -22.429 0.6000000238
50601  -37.944  -43.996  -18.242 0.5000000000
130388  -44.191  -47.107  -23.073 0.6000000238
47762  -41.857  -46.284  -21.935 0.5000000000
130009  -43.962  -46.498  -23.389 0.6000000238
47773  -44.138  -46.099  -23.396 0.6000000238
48721  -41.260  -45.453  -21.416 0.5000000000
50650  -44.315  -43.463  -23.391 0.6000000238
49717  -43.343  -44.480  -23.387 0.6000000238
133819  -42.926  -43.984  -23.085 0.6000000238
50647  -42.106  -43.789  -22.276 0.5000000000
126620  -48.105  -41.030  -15.255 0.3000000119
52538  -48.355  -41.162  -15.999 0.3000000119
53560  -48.687  -40.288  -16.839 0.3000000119
148619  -48.685  -41.404  -16.471 0.3000000119
52561  -48.952  -40.660  -17.564 0.3000000119
128926  -49.373  -40.222  -18.229 0.3000000119
54563  -48.839  -39.168  -15.941 0.3000000119
54574  -49.053  -39.479  -16.662 0.3000000119
53561  -49.211  -39.841  -17.432 0.3000000119
149716  -50.174  -39.159  -18.672 0.3000000119
55619  -49.471  -38.689  -16.385 0.3000000119
54584  -50.278  -38.707  -18.070 0.3000000119
59577  -52.303  -34.449  -18.797 0.3000000119
59569  -51.915  -34.112  -17.968 0.3000000119
60552  -52.519  -33.794  -18.611 0.3000000119
143194  -51.638  -33.802  -17.115 0.3000000119
61549  -53.241  -32.626  -17.789 0.3000000119
60545  -52.176  -33.426  -17.733 0.3000000119
61541  -52.961  -32.222  -17.065 0.3000000119
42191  -45.978  -52.723  -21.064 0.4000000060
52539  -48.937  -41.824  -16.121 0.3000000119
52562  -49.075  -41.367  -17.654 0.3000000119
42190  -44.973  -52.676  -21.029 0.4000000060
52569  -49.465  -41.341  -19.367 0.3000000119
54598  -49.901  -39.999  -19.841 0.3000000119
55632  -50.382  -38.114  -17.409 0.3000000119
56608  -50.869  -37.367  -17.581 0.3000000119
58650  -51.631  -35.565  -17.851 0.3000000119
126134  -51.756  -35.975  -18.525 0.3000000119
58664  -52.083  -35.816  -19.552 0.3000000119
58658  -52.550  -34.822  -19.832 0.3000000119
59578  -52.879  -34.158  -19.610 0.3000000119
60546  -52.846  -33.171  -18.257 0.3000000119
129593  -49.209  -40.984  -18.396 0.3000000119
54592  -50.291  -39.274  -19.499 0.3000000119
35968  -30.469  -59.237  -15.416 0.4000000060
35947  -30.104  -58.849  -14.698 0.3000000119
36981  -31.424  -58.191  -13.949 0.3000000119
36958  -31.697  -57.294  -13.533 0.3000000119
44197  -38.865  -50.965  -17.647 0.4000000060
145757  -39.477  -50.371  -18.617 0.4000000060
43216  -39.495  -51.539  -17.735 0.4000000060
42179  -40.009  -52.037  -17.893 0.4000000060
45103  -38.351  -49.480  -18.555 0.4000000060
45107  -38.767  -49.031  -19.084 0.4000000060
45104  -39.144  -49.750  -18.787 0.4000000060
45109  -40.078  -49.324  -19.770 0.4000000060
44205  -39.931  -50.073  -19.169 0.4000000060
44207  -41.311  -50.721  -19.991 0.4000000060
44211  -41.622  -50.194  -20.639 0.4000000060
43221  -40.615  -51.462  -18.869 0.4000000060
43225  -41.223  -51.469  -19.469 0.4000000060
148674  -34.817  -49.325  -16.114 0.3000000119
45946  -37.960  -48.764  -18.890 0.4000000060
45112  -41.164  -49.546  -20.586 0.4000000060
45090  -34.852  -48.708  -16.194 0.3000000119
45935  -34.394  -48.518  -15.626 0.3000000119
43226  -41.851  -51.525  -20.053 0.4000000060
45111  -40.696  -49.607  -20.140 0.4000000060
139241  -36.821  -47.090  -18.353 0.4000000060
42175  -39.512  -52.351  -17.337 0.4000000060
44200  -38.779  -50.274  -18.220 0.4000000060
43220  -40.050  -51.466  -18.301 0.4000000060
44206  -40.633  -50.779  -19.326 0.4000000060
33161  -41.963  -61.409  -20.706 0.3000000119
33162  -42.804  -60.825  -20.493 0.3000000119
35112  -44.472  -59.562  -19.948 0.3000000119
36025  -44.498  -58.845  -18.590 0.3000000119
36013  -44.854  -58.055  -18.508 0.3000000119
37042  -46.112  -57.178  -19.960 0.3000000119
38090  -45.953  -57.191  -20.202 0.3000000119
38089  -45.408  -57.319  -20.492 0.3000000119
38082  -46.136  -56.472  -19.888 0.3000000119
38081  -45.964  -56.515  -20.126 0.3000000119
38080  -45.116  -56.410  -20.128 0.3000000119
40089  -46.222  -54.742  -19.439 0.3000000119
40097  -46.279  -54.564  -19.880 0.3000000119
39094  -45.673  -55.590  -19.963 0.3000000119
137083  -46.149  -53.357  -19.339 0.3000000119
40106  -46.157  -53.971  -20.313 0.3000000119
37027  -44.382  -57.426  -17.833 0.3000000119
41131  -46.289  -53.311  -20.553 0.3000000119
40098  -46.463  -53.804  -20.154 0.3000000119
35099  -44.910  -58.978  -19.452 0.3000000119
32034  -38.639  -63.108  -17.164 0.3000000119
32052  -39.743  -62.988  -19.293 0.4000000060
32053  -40.356  -62.395  -19.226 0.4000000060
33139  -40.885  -61.650  -18.281 0.4000000060
33152  -41.767  -61.442  -19.200 0.4000000060
34104  -38.604  -60.785  -13.815 0.3000000119
34132  -41.025  -60.860  -17.180 0.4000000060
34141  -42.112  -60.865  -18.246 0.4000000060
34152  -43.755  -60.175  -20.168 0.3000000119
35024  -38.661  -60.148  -12.382 0.3000000119
35057  -41.342  -59.085  -15.920 0.4000000060
35069  -41.029  -59.823  -16.182 0.3000000119
35082  -42.135  -59.924  -17.247 0.4000000060
35084  -43.649  -59.245  -18.059 0.4000000060
35098  -44.159  -59.559  -18.870 0.4000000060
35895  -40.511  -58.367  -9.356 0.3000000119
35937  -40.028  -58.077  -13.739 0.3000000119
35955  -40.494  -58.214  -14.470 0.4000000060
35977  -41.623  -58.215  -15.701 0.4000000060
35978  -42.220  -58.114  -16.226 0.4000000060
36011  -43.092  -58.871  -17.353 0.4000000060
36918  -41.488  -57.388  -8.493 0.3000000119
36925  -40.425  -57.575  -9.262 0.3000000119
36933  -39.744  -57.510  -10.205 0.3000000119
36952  -40.072  -56.800  -12.808 0.3000000119
36963  -39.520  -57.963  -12.656 0.3000000119
37061  -44.717  -57.702  -20.773 0.3000000119
37903  -41.685  -56.061  -7.851 0.3000000119
37918  -41.237  -56.634  -8.346 0.3000000119
37939  -40.093  -55.844  -10.309 0.3000000119
37951  -39.717  -56.753  -11.228 0.3000000119
37952  -39.996  -56.087  -11.617 0.3000000119
37961  -40.228  -56.074  -12.427 0.3000000119
37986  -40.612  -56.175  -13.323 0.3000000119
37987  -41.221  -56.005  -14.102 0.4000000060
38015  -41.795  -55.862  -14.785 0.4000000060
38045  -43.208  -56.758  -16.578 0.4000000060
38955  -40.963  -55.848  -8.290 0.3000000119
38966  -40.498  -55.560  -8.904 0.3000000119
38982  -40.294  -55.396  -9.636 0.3000000119
39050  -42.679  -55.046  -15.513 0.4000000060
39084  -46.192  -55.517  -19.631 0.3000000119
39095  -46.106  -55.586  -19.780 0.3000000119
39946  -42.904  -53.959  -6.766 0.3000000119
39958  -40.666  -54.135  -8.225 0.3000000119
39959  -41.678  -54.640  -7.369 0.3000000119
39961  -43.404  -54.590  -7.148 0.3000000119
39967  -40.497  -54.740  -8.826 0.3000000119
40090  -46.461  -53.904  -19.837 0.3000000119
40096  -45.985  -54.739  -20.094 0.3000000119
40969  -41.662  -53.157  -6.987 0.3000000119
40970  -42.032  -53.951  -6.949 0.3000000119
40972  -44.168  -53.106  -6.675 0.3000000119
40973  -44.989  -52.977  -6.837 0.3000000119
40985  -40.613  -53.166  -8.011 0.3000000119
40986  -41.095  -52.968  -7.429 0.3000000119
41034  -40.415  -53.561  -11.179 0.3000000119
41042  -40.614  -53.750  -11.993 0.3000000119
41060  -40.814  -53.046  -12.508 0.3000000119
41061  -41.221  -53.194  -13.313 0.3000000119
41070  -41.670  -53.392  -14.091 0.3000000119
41071  -42.188  -53.517  -14.802 0.4000000060
41115  -45.278  -53.354  -18.347 0.4000000060
41124  -46.579  -53.262  -19.981 0.4000000060
41129  -44.465  -53.299  -20.588 0.4000000060
41132  -46.520  -53.321  -20.286 0.3000000119
42049  -42.049  -52.521  -6.677 0.3000000119
42050  -43.672  -52.445  -6.475 0.3000000119
42082  -40.299  -53.053  -8.905 0.3000000119
42094  -40.133  -52.726  -9.799 0.3000000119
42157  -42.542  -52.663  -15.766 0.4000000060
42168  -42.825  -52.277  -16.460 0.5000000000
42180  -40.523  -52.118  -18.396 0.4000000060
42186  -46.498  -52.778  -20.408 0.3000000119
42192  -46.350  -52.716  -20.753 0.3000000119
42194  -45.457  -52.132  -21.292 0.5000000000
42195  -46.061  -51.961  -21.205 0.5000000000
43093  -41.768  -51.928  -6.793 0.3000000119
43094  -42.381  -51.877  -6.567 0.3000000119
43140  -39.903  -51.684  -10.848 0.3000000119
43149  -40.144  -51.694  -11.735 0.3000000119
43162  -39.948  -51.034  -12.067 0.3000000119
43206  -41.555  -51.434  -15.480 0.4000000060
43219  -44.099  -51.780  -18.023 0.4000000060
43223  -44.937  -51.848  -18.695 0.4000000060
43224  -45.724  -51.972  -19.483 0.4000000060
43227  -45.911  -51.368  -20.102 0.4000000060
43232  -46.134  -51.440  -21.153 0.5000000000
43233  -43.731  -51.165  -21.463 0.5000000000
44078  -41.920  -51.322  -6.752 0.3000000119
44081  -45.189  -50.838  -6.850 0.3000000119
44093  -42.852  -50.487  -6.800 0.3000000119
44095  -44.592  -50.215  -7.018 0.3000000119
44096  -45.434  -50.148  -7.148 0.3000000119
44104  -39.765  -50.589  -8.886 0.3000000119
44117  -39.554  -50.527  -9.811 0.3000000119
44158  -39.602  -49.689  -12.125 0.3000000119
44159  -40.150  -50.835  -12.810 0.3000000119
44172  -39.878  -49.943  -12.994 0.3000000119
44186  -40.745  -50.191  -15.136 0.4000000060
44192  -41.406  -49.932  -16.276 0.4000000060
44193  -42.015  -50.101  -16.896 0.5000000000
44198  -42.626  -50.168  -17.475 0.5000000000
44201  -39.467  -50.898  -18.202 0.4000000060
44202  -40.052  -50.832  -18.732 0.4000000060
44210  -41.071  -50.038  -20.223 0.4000000060
44212  -42.891  -51.054  -21.059 0.6000000238
44216  -44.351  -50.227  -22.054 0.6000000238
44218  -45.671  -51.042  -21.465 0.5000000000
45013  -40.776  -49.152  -7.722 0.3000000119
45015  -43.038  -49.731  -7.157 0.3000000119
45016  -43.989  -49.536  -7.391 0.3000000119
45019  -46.441  -49.507  -7.606 0.3000000119
45026  -40.185  -49.109  -8.199 0.3000000119
45079  -39.951  -49.156  -13.482 0.3000000119
45082  -31.402  -49.440  -14.579 0.5000000000
45085  -40.292  -49.294  -14.203 0.3000000119
45087  -34.356  -49.242  -15.694 0.3000000119
45088  -40.562  -49.479  -14.940 0.3000000119
45089  -40.929  -49.678  -15.617 0.4000000060
45093  -41.256  -49.049  -16.072 0.5000000000
45100  -42.986  -49.494  -17.850 0.4000000060
45105  -43.590  -49.626  -18.399 0.4000000060
45106  -44.186  -49.734  -18.901 0.5000000000
45108  -39.439  -49.358  -19.289 0.4000000060
45113  -45.228  -49.187  -20.880 0.5000000000
45114  -45.430  -49.830  -21.491 0.5000000000
45119  -43.561  -49.141  -22.406 0.6000000238
45121  -44.773  -49.188  -22.228 0.5000000000
45849  -41.876  -48.586  -7.589 0.3000000119
45852  -45.089  -49.153  -8.031 0.3000000119
45853  -45.819  -49.048  -8.069 0.3000000119
45859  -39.987  -48.387  -8.569 0.3000000119
45879  -39.596  -48.301  -9.188 0.3000000119
45897  -39.371  -49.209  -10.409 0.3000000119
45907  -39.422  -48.141  -11.635 0.3000000119
45931  -32.580  -48.511  -14.467 0.5000000000
45943  -42.842  -48.670  -17.634 0.5000000000
45955  -45.165  -49.163  -21.740 0.5000000000
45956  -41.426  -47.990  -21.330 0.5000000000
45961  -44.337  -48.524  -22.570 0.6000000238
46691  -40.491  -47.076  -8.588 0.3000000119
46693  -42.792  -47.674  -8.013 0.3000000119
46728  -39.455  -47.443  -10.486 0.3000000119
46741  -39.482  -47.464  -11.344 0.3000000119
46756  -39.592  -47.611  -12.154 0.4000000060
46757  -39.893  -47.143  -12.704 0.4000000060
46774  -39.726  -47.787  -12.827 0.3000000119
46783  -33.221  -47.744  -14.278 0.5000000000
46791  -33.728  -48.019  -14.774 0.5000000000
46794  -41.268  -47.586  -15.522 0.4000000060
46801  -41.791  -47.485  -16.170 0.6000000238
46802  -42.526  -47.105  -16.772 0.6000000238
46810  -43.437  -47.229  -17.886 0.6000000238
46816  -36.632  -47.770  -18.265 0.4000000060
46827  -38.905  -47.772  -19.585 0.5000000000
46848  -44.698  -47.898  -21.912 0.6000000238
47582  -40.489  -46.216  -8.933 0.3000000119
47584  -41.698  -46.255  -8.425 0.3000000119
47585  -42.592  -46.201  -8.379 0.3000000119
47600  -44.553  -47.555  -9.341 0.3000000119
47601  -45.058  -47.855  -10.103 0.3000000119
47696  -34.720  -46.581  -15.673 0.5000000000
47706  -35.077  -46.322  -16.331 0.4000000060
47708  -42.265  -46.451  -16.168 0.6000000238
47717  -42.859  -46.252  -16.930 0.6000000238
47730  -43.663  -46.833  -18.535 0.6999999881
47740  -38.052  -46.690  -19.179 0.5000000000
47761  -41.078  -46.390  -21.166 0.5000000000
47764  -44.301  -46.684  -22.763 0.6000000238
47779  -44.022  -45.499  -23.765 0.6000000238
48556  -44.025  -45.548  -8.549 0.3000000119
48557  -44.811  -45.748  -8.932 0.3000000119
48568  -40.632  -45.472  -9.360 0.3000000119
48570  -45.381  -45.982  -9.602 0.3000000119
48576  -40.317  -45.400  -10.223 0.3000000119
48591  -40.266  -45.475  -11.166 0.3000000119
48611  -40.424  -45.632  -12.092 0.3000000119
48612  -40.942  -45.049  -12.625 0.5000000000
48629  -41.206  -45.234  -13.503 0.5000000000
48645  -34.283  -45.604  -14.726 0.5000000000
48660  -34.652  -45.746  -15.606 0.5000000000
48692  -37.171  -45.819  -18.377 0.5000000000
48693  -38.110  -45.222  -18.942 0.5000000000
48702  -42.982  -45.768  -19.229 0.6999999881
48709  -40.550  -45.747  -20.747 0.5000000000
48724  -44.273  -45.766  -22.803 0.6000000238
48733  -42.789  -45.562  -23.035 0.6000000238
48734  -43.474  -45.170  -23.485 0.6000000238
48739  -44.091  -45.045  -23.814 0.6000000238
48740  -44.075  -44.933  -23.893 0.6000000238
49584  -41.791  -44.794  -8.776 0.3000000119
49607  -47.303  -44.664  -11.139 0.3000000119
49646  -34.012  -44.744  -14.609 0.5000000000
49649  -42.121  -44.857  -15.397 0.6000000238
49657  -41.957  -44.188  -16.580 0.6999999881
49658  -42.340  -44.828  -16.145 0.6999999881
49664  -37.225  -44.345  -17.892 0.5000000000
49673  -37.083  -45.054  -18.165 0.5000000000
49674  -37.723  -44.699  -18.454 0.5000000000
49676  -42.113  -44.520  -18.242 0.6999999881
49708  -41.028  -44.563  -21.193 0.5000000000
49710  -44.459  -43.837  -22.955 0.6000000238
49716  -42.543  -44.736  -22.823 0.5000000000
49718  -44.210  -44.276  -23.559 0.6000000238
49719  -43.913  -44.626  -23.755 0.6000000238
50506  -42.269  -43.865  -8.844 0.3000000119
50510  -45.387  -43.357  -8.729 0.4000000060
50517  -41.766  -43.436  -9.465 0.4000000060
50537  -47.783  -43.393  -11.275 0.3000000119
50555  -48.895  -43.005  -13.046 0.3000000119
50568  -41.492  -43.507  -14.585 0.6999999881
50576  -34.878  -43.259  -15.946 0.4000000060
50591  -38.349  -43.367  -17.816 0.5000000000
50616  -39.558  -43.584  -19.363 0.5000000000
50629  -42.969  -43.439  -20.271 0.6999999881
50638  -40.824  -43.787  -20.849 0.5000000000
50642  -44.496  -43.001  -23.153 0.6000000238
50649  -44.128  -43.078  -23.433 0.6000000238
50652  -44.203  -43.600  -23.512 0.6000000238
50653  -44.214  -43.683  -23.522 0.6000000238
51497  -43.565  -42.556  -8.641 0.4000000060
51498  -44.360  -42.657  -8.587 0.4000000060
51499  -45.165  -42.707  -8.687 0.4000000060
51508  -41.762  -42.483  -9.644 0.4000000060
51510  -45.877  -42.894  -8.989 0.4000000060
51516  -40.772  -41.779  -11.101 0.4000000060
51528  -40.721  -42.073  -11.928 0.4000000060
51535  -40.730  -42.175  -12.776 0.5000000000
51536  -48.121  -42.019  -12.119 0.3000000119
51537  -48.527  -42.462  -12.679 0.3000000119
51552  -48.742  -41.784  -15.077 0.3000000119
51562  -37.120  -42.413  -15.524 0.5000000000
51572  -35.680  -43.153  -16.023 0.5000000000
51576  -41.504  -42.690  -16.650 0.6999999881
51585  -39.359  -42.290  -17.684 0.6999999881
51587  -41.916  -42.145  -17.724 0.6999999881
51618  -41.920  -42.358  -21.545 0.6000000238
51620  -44.469  -42.630  -21.849 0.6000000238
51625  -43.749  -42.377  -23.170 0.6999999881
52457  -43.443  -41.763  -8.809 0.4000000060
52458  -44.818  -42.003  -8.747 0.4000000060
52468  -43.249  -40.841  -9.115 0.4000000060
52498  -40.547  -41.465  -13.132 0.6000000238
52499  -47.657  -41.265  -12.318 0.4000000060
52509  -40.630  -41.372  -13.984 0.6000000238
52525  -48.142  -41.206  -14.642 0.4000000060
52550  -48.596  -41.040  -16.844 0.3000000119
52560  -42.184  -41.427  -17.861 0.6999999881
52581  -41.717  -41.590  -20.891 0.6999999881
52593  -44.945  -40.998  -23.046 0.6999999881
53485  -40.808  -39.963  -10.828 0.5000000000
53486  -41.158  -40.476  -10.291 0.4000000060
53495  -40.573  -40.181  -11.555 0.5000000000
53507  -47.154  -40.459  -12.452 0.4000000060
53521  -36.179  -39.303  -13.725 0.6000000238
53536  -40.693  -40.559  -14.339 0.6000000238
53546  -38.431  -39.928  -15.782 0.6999999881
53547  -41.025  -40.511  -15.248 0.6000000238
53573  -40.529  -40.924  -18.774 0.6999999881
53575  -43.317  -40.023  -19.058 0.6999999881
53576  -49.537  -40.518  -19.110 0.3000000119
53587  -41.779  -40.303  -20.368 0.6999999881
53589  -45.108  -40.210  -21.876 0.8000000119
53600  -44.896  -40.697  -23.054 0.8000000119
54480  -42.389  -39.569  -9.655 0.4000000060
54493  -41.386  -39.622  -10.278 0.5000000000
54506  -40.741  -39.574  -11.335 0.5000000000
54539  -40.890  -39.053  -13.338 0.6000000238
54552  -47.578  -39.847  -14.458 0.4000000060
54562  -48.263  -39.623  -15.503 0.3000000119
54571  -41.807  -39.206  -16.147 0.6000000238
54572  -42.192  -39.261  -16.816 0.6999999881
54573  -48.430  -39.915  -16.189 0.4000000060
54583  -49.759  -39.447  -18.072 0.3000000119
54591  -49.793  -39.766  -18.881 0.3000000119
54594  -40.783  -39.596  -19.127 0.6999999881
54596  -44.614  -39.664  -20.835 0.6999999881
54597  -44.858  -38.840  -21.039 0.6999999881
54606  -43.193  -39.590  -21.845 0.6999999881
54607  -44.036  -39.401  -22.609 0.6999999881
54614  -45.075  -39.080  -22.727 0.8000000119
55524  -43.505  -38.817  -9.859 0.4000000060
55551  -46.834  -37.761  -11.737 0.4000000060
55564  -40.890  -38.993  -11.587 0.5000000000
55582  -40.809  -38.981  -12.435 0.6000000238
55584  -48.168  -38.396  -13.773 0.4000000060
55592  -35.720  -37.942  -13.687 0.5000000000
55597  -48.418  -38.656  -14.507 0.4000000060
55608  -42.120  -38.058  -15.477 0.6000000238
55609  -48.639  -38.892  -15.232 0.4000000060
55628  -38.209  -37.769  -18.050 0.8000000119
55631  -49.751  -38.932  -17.236 0.3000000119
55639  -40.319  -38.578  -19.118 0.6999999881
55654  -45.366  -38.725  -21.961 0.6999999881
55655  -45.413  -37.877  -22.049 0.6999999881
55660  -43.242  -38.849  -21.778 0.8000000119
55666  -45.117  -38.387  -22.603 0.6999999881
56519  -43.007  -37.342  -10.332 0.5000000000
56520  -43.599  -37.494  -10.291 0.5000000000
56523  -45.888  -36.522  -10.716 0.5000000000
56561  -41.574  -37.728  -13.370 0.6000000238
56563  -48.506  -37.612  -13.503 0.4000000060
56573  -41.766  -37.798  -14.202 0.6000000238
56574  -42.304  -37.248  -14.503 0.6000000238
56607  -42.809  -37.871  -16.712 0.6999999881
56614  -50.734  -37.968  -18.201 0.3000000119
56629  -45.315  -37.042  -22.054 0.6000000238
56633  -45.040  -37.755  -22.543 0.6999999881
57499  -43.067  -36.678  -10.679 0.5000000000
57501  -45.446  -36.052  -10.582 0.4000000060
57503  -46.920  -35.973  -11.008 0.4000000060
57514  -42.598  -36.558  -11.334 0.5000000000
57536  -49.134  -35.916  -13.216 0.4000000060
57546  -48.792  -36.808  -13.294 0.4000000060
57573  -43.592  -36.072  -15.784 0.6000000238
57575  -50.337  -36.316  -15.658 0.4000000060
57588  -50.949  -36.797  -17.071 0.4000000060
57593  -37.523  -36.069  -18.109 0.6999999881
57603  -40.193  -36.571  -19.218 0.6999999881
57609  -40.945  -36.611  -19.612 0.6999999881
57612  -45.404  -35.573  -20.137 0.6000000238
57629  -45.323  -36.112  -21.573 0.6999999881
57633  -44.938  -37.049  -22.350 0.6999999881
58553  -45.842  -35.323  -10.636 0.4000000060
58567  -43.034  -35.886  -11.728 0.4000000060
58584  -42.946  -35.795  -12.581 0.5000000000
58586  -48.552  -35.178  -12.157 0.4000000060
58597  -34.565  -35.850  -13.977 0.5000000000
58614  -39.229  -35.966  -14.185 0.6000000238
58625  -35.451  -35.156  -16.036 0.6000000238
58636  -37.337  -35.170  -17.656 0.6999999881
58639  -41.531  -35.626  -16.482 0.6999999881
58645  -36.956  -35.022  -17.605 0.6999999881
58646  -37.562  -35.550  -17.923 0.6999999881
58649  -44.677  -35.548  -18.084 0.6000000238
58655  -45.065  -35.532  -19.078 0.6000000238
58657  -52.030  -35.229  -18.757 0.3000000119
58662  -43.556  -34.917  -20.567 0.6999999881
58670  -45.489  -35.067  -20.810 0.6000000238
58674  -45.245  -35.462  -21.492 0.6000000238
59476  -46.228  -34.615  -10.704 0.4000000060
59503  -38.356  -34.432  -12.499 0.6000000238
59504  -39.435  -34.629  -12.196 0.6000000238
59523  -41.303  -34.247  -13.504 0.6000000238
59527  -49.847  -34.339  -13.801 0.4000000060
59537  -41.498  -34.333  -14.335 0.6000000238
59540  -50.224  -34.421  -14.479 0.4000000060
59548  -42.299  -33.944  -15.970 0.8000000119
59551  -50.517  -34.556  -15.169 0.4000000060
59552  -50.817  -34.634  -15.799 0.4000000060
59557  -37.130  -34.769  -17.431 0.6999999881
59574  -45.131  -34.619  -18.275 0.6000000238
59575  -45.534  -33.784  -19.080 0.6000000238
59576  -51.865  -34.808  -18.105 0.3000000119
59583  -45.578  -33.827  -19.976 0.6000000238
59594  -44.526  -34.876  -21.290 0.6000000238
59596  -45.359  -34.984  -21.177 0.6000000238
60458  -40.074  -33.182  -10.688 0.6000000238
60480  -45.870  -34.062  -10.787 0.5000000000
60493  -40.860  -33.936  -11.900 0.6000000238
60509  -37.153  -33.738  -13.595 0.6000000238
60519  -36.524  -32.856  -15.580 0.6000000238
60538  -52.515  -32.789  -17.433 0.3000000119
60553  -53.403  -33.629  -19.243 0.3000000119
60558  -44.582  -33.277  -20.087 0.6000000238
60566  -45.152  -33.605  -20.415 0.6000000238
61459  -39.825  -32.390  -10.303 0.6000000238
61494  -42.261  -32.435  -12.341 0.6000000238
61531  -51.982  -32.008  -15.933 0.3000000119
61540  -52.276  -32.395  -16.663 0.4000000060
61558  -53.760  -33.041  -18.591 0.3000000119
62485  -41.770  -32.094  -10.050 0.6000000238
62499  -42.944  -31.140  -10.736 0.6000000238
62511  -37.691  -31.088  -11.707 0.6000000238
62538  -50.658  -31.572  -13.450 0.4000000060
62551  -51.635  -31.769  -15.080 0.3000000119
62564  -42.639  -31.070  -16.884 0.6000000238
62582  -45.105  -31.217  -18.779 0.6000000238
63432  -40.588  -30.836  -9.298 0.6000000238
63433  -41.450  -30.903  -9.115 0.6000000238
63463  -46.631  -30.596  -11.606 0.5000000000
63473  -46.354  -29.965  -12.010 0.5000000000
63481  -42.549  -30.628  -13.788 0.5000000000
63498  -45.500  -30.034  -14.457 0.5000000000
63499  -52.353  -30.331  -14.437 0.3000000119
63505  -35.702  -30.844  -15.264 0.5000000000
63524  -44.732  -30.052  -18.209 0.5000000000
63532  -45.297  -30.731  -18.393 0.6000000238
64355  -41.978  -29.462  -8.204 0.6000000238
64357  -43.169  -29.505  -8.503 0.6000000238
64358  -43.601  -29.313  -8.731 0.6000000238
64370  -40.148  -30.093  -9.256 0.6000000238
64384  -43.954  -29.349  -10.186 0.6999999881
64399  -43.946  -28.913  -11.226 0.6000000238
64415  -51.341  -28.843  -12.407 0.4000000060
64425  -51.579  -29.489  -12.979 0.4000000060
64461  -43.972  -29.604  -17.879 0.5000000000
65357  -42.014  -28.313  -7.606 0.5000000000
65370  -43.545  -28.897  -8.335 0.6000000238
65405  -37.371  -28.436  -11.373 0.6000000238
65427  -35.533  -28.261  -13.933 0.5000000000
65428  -36.001  -28.706  -13.295 0.5000000000
65432  -53.765  -27.720  -14.027 0.3000000119
65445  -42.403  -27.729  -16.134 0.6000000238
65450  -55.616  -28.294  -15.547 0.3000000119
65456  -56.796  -28.383  -16.580 0.3000000119
65462  -58.569  -28.384  -19.258 0.3000000119
66187  -42.779  -27.083  -6.970 0.5000000000
66194  -41.646  -27.596  -7.440 0.6000000238
66196  -43.594  -27.879  -7.614 0.6000000238
66218  -39.267  -27.491  -9.257 0.6000000238
66243  -44.165  -27.175  -11.317 0.6000000238
66276  -42.279  -26.604  -15.055 0.5000000000
66281  -55.158  -26.929  -15.145 0.3000000119
66285  -55.710  -27.362  -15.637 0.3000000119
67084  -44.792  -26.921  -8.543 0.6000000238
67094  -38.480  -26.370  -9.661 0.5000000000
67096  -44.805  -27.018  -9.477 0.6000000238
67108  -37.461  -26.377  -10.670 0.4000000060
67125  -47.672  -26.325  -11.636 0.5000000000
67126  -48.817  -26.586  -11.438 0.3000000119
67127  -49.493  -26.604  -11.414 0.5000000000
67136  -35.951  -26.413  -12.569 0.4000000060
67170  -57.279  -27.097  -18.398 0.3000000119
67945  -44.779  -24.974  -6.810 0.5000000000
67980  -45.255  -25.439  -8.174 0.5000000000
68019  -43.591  -24.954  -11.834 0.5000000000
68034  -44.581  -24.840  -12.702 0.5000000000
68040  -33.162  -25.309  -13.339 0.5000000000
68050  -53.533  -24.977  -16.070 0.5000000000
68051  -54.091  -25.491  -15.553 0.5000000000
68054  -54.397  -25.415  -16.385 0.4000000060
68055  -55.004  -25.815  -17.051 0.4000000060
68057  -56.509  -26.063  -18.275 0.3000000119
68061  -58.419  -25.423  -18.846 0.3000000119
68964  -41.546  -24.688  -6.479 0.4000000060
68966  -43.712  -24.857  -6.089 0.3000000119
68967  -44.392  -24.564  -6.299 0.4000000060
68968  -44.948  -24.218  -6.644 0.4000000060
68983  -45.223  -24.514  -7.251 0.5000000000
68992  -45.399  -24.731  -7.951 0.4000000060
69045  -44.170  -23.154  -12.577 0.4000000060
69054  -52.155  -24.284  -13.942 0.5000000000
69055  -52.593  -24.508  -14.467 0.5000000000
69064  -52.621  -24.120  -15.155 0.5000000000
69066  -53.487  -24.837  -15.886 0.5000000000
69984  -43.332  -23.764  -5.595 0.3000000119
69985  -44.244  -23.264  -5.724 0.3000000119
69986  -44.890  -23.071  -6.117 0.3000000119
70076  -44.017  -22.477  -12.358 0.4000000060
70079  -50.645  -23.579  -12.858 0.4000000060
70083  -51.153  -23.180  -14.151 0.4000000060
70096  -55.255  -23.996  -16.287 0.4000000060
70992  -43.195  -22.498  -5.317 0.3000000119
71013  -45.534  -22.143  -6.811 0.3000000119
71028  -45.690  -22.412  -7.542 0.3000000119
71041  -45.705  -22.664  -8.528 0.4000000060
71088  -49.978  -22.405  -13.451 0.4000000060
71093  -52.516  -22.682  -14.792 0.5000000000
71103  -55.481  -23.265  -15.893 0.4000000060
71110  -58.379  -22.238  -17.331 0.3000000119
71898  -44.136  -20.973  -5.121 0.3000000119
71964  -46.075  -21.108  -8.643 0.3000000119
71978  -45.441  -21.337  -10.114 0.4000000060
72019  -53.377  -21.543  -14.712 0.5000000000
72020  -54.128  -21.661  -14.904 0.5000000000
72032  -57.286  -21.270  -15.953 0.3000000119
72866  -44.237  -20.210  -4.942 0.3000000119
72879  -45.377  -20.327  -5.830 0.3000000119
72897  -45.816  -20.186  -6.472 0.3000000119
72928  -46.225  -20.490  -8.444 0.3000000119
72941  -45.882  -20.697  -9.498 0.4000000060
72970  -51.623  -20.896  -13.950 0.4000000060
72971  -52.339  -20.790  -14.185 0.4000000060
72972  -53.130  -20.744  -14.407 0.4000000060
72974  -55.042  -20.476  -14.507 0.4000000060
72984  -57.750  -20.555  -16.058 0.3000000119
73909  -47.772  -19.043  -11.321 0.4000000060
73914  -49.932  -19.104  -12.690 0.3000000119
73918  -50.077  -19.777  -12.944 0.4000000060
73921  -52.405  -19.271  -13.880 0.3000000119
73930  -56.238  -19.764  -14.532 0.4000000060
74771  -44.096  -18.564  -4.599 0.3000000119
74772  -44.775  -18.353  -4.864 0.3000000119
74853  -47.359  -18.398  -11.210 0.4000000060
74872  -54.930  -19.086  -13.829 0.3000000119
75721  -44.935  -17.559  -4.895 0.3000000119
75735  -45.453  -17.402  -5.306 0.3000000119
75751  -46.294  -17.853  -6.583 0.3000000119
75786  -45.879  -17.820  -9.834 0.3000000119
75797  -47.961  -16.971  -11.706 0.3000000119
75804  -53.622  -17.965  -13.620 0.3000000119
76638  -41.880  -16.551  -4.581 0.3000000119
76693  -46.542  -16.766  -8.403 0.3000000119
76718  -50.433  -16.829  -13.164 0.3000000119
76726  -55.819  -17.071  -13.612 0.3000000119
77529  -43.235  -15.819  -4.528 0.3000000119
77531  -44.704  -16.099  -4.836 0.3000000119
77543  -45.873  -15.694  -5.776 0.3000000119
77580  -45.628  -15.419  -10.203 0.3000000119
77584  -45.554  -15.773  -10.746 0.3000000119
78487  -45.538  -14.768  -5.635 0.3000000119
78498  -46.571  -14.748  -6.790 0.3000000119
78530  -44.766  -13.895  -11.122 0.3000000119
79386  -44.899  -13.584  -11.541 0.3000000119
79391  -45.204  -13.239  -12.237 0.3000000119
79394  -48.150  -13.745  -13.009 0.3000000119
80258  -46.500  -12.624  -9.892 0.3000000119
80259  -47.264  -12.221  -9.112 0.3000000119
80269  -45.537  -12.846  -10.498 0.3000000119
80283  -48.071  -12.009  -13.502 0.3000000119
81167  -44.107  -11.532  -11.907 0.3000000119
81168  -44.542  -11.747  -11.485 0.3000000119
81178  -44.476  -11.036  -12.821 0.3000000119
81179  -45.177  -11.726  -12.929 0.3000000119
81181  -47.357  -11.459  -13.624 0.3000000119
82047  -44.104  -10.323  -12.850 0.3000000119
82049  -45.918  -10.718  -13.653 0.3000000119
82050  -46.884  -10.864  -13.770 0.3000000119
82051  -48.297  -10.559  -13.926 0.3000000119
82052  -49.022  -10.198  -14.092 0.3000000119
82059  -46.564  -10.298  -13.875 0.3000000119
82954  -49.577  -8.896  -14.128 0.3000000119
83849  -48.672  -8.318  -14.453 0.3000000119
84730  -45.421  -7.398  -14.581 0.3000000119
84733  -48.304  -7.699  -14.531 0.3000000119
85637  -46.961  -6.931  -14.646 0.3000000119
85639  -48.847  -7.008  -14.470 0.3000000119
86609  -49.192  -5.881  -14.420 0.3000000119
86610  -51.064  -6.064  -14.225 0.3000000119
86611  -51.869  -5.765  -14.459 0.3000000119
124611  -44.022  -16.137  -4.586 0.3000000119
124699  -44.257  -35.058  -11.295 0.4000000060
125684  -51.499  -17.389  -13.510 0.3000000119
126000  -44.529  -26.879  -10.612 0.6000000238
126269  -48.529  -27.201  -11.494 0.5000000000
126669  -43.016  -18.084  -4.484 0.3000000119
126896  -48.163  -15.026  -12.575 0.3000000119
126987  -41.365  -42.750  -15.805 0.6999999881
127275  -42.453  -45.033  -17.507 0.6999999881
127722  -52.550  -18.068  -13.711 0.3000000119
127896  -42.866  -24.784  -12.652 0.5000000000
127929  -41.150  -49.923  -7.421 0.3000000119
127960  -45.645  -28.655  -14.340 0.5000000000
127965  -42.379  -22.515  -5.450 0.3000000119
128634  -44.866  -12.931  -10.858 0.3000000119
128822  -39.376  -48.295  -10.144 0.3000000119
129199  -48.410  -6.222  -14.505 0.3000000119
129200  -47.537  -6.370  -14.588 0.3000000119
129217  -41.670  -35.864  -17.411 0.6999999881
129647  -39.128  -22.946  -8.288 0.3000000119
129709  -52.222  -18.627  -13.745 0.3000000119
129736  -39.475  -45.135  -19.986 0.5000000000
130008  -42.308  -40.890  -9.396 0.4000000060
130243  -39.286  -58.852  -10.922 0.3000000119
130332  -48.720  -35.704  -12.564 0.4000000060
130878  -42.230  -44.666  -19.003 0.6999999881
131712  -38.273  -63.821  -17.346 0.3000000119
131788  -44.854  -46.878  -9.544 0.3000000119
131815  -40.316  -43.969  -20.357 0.5000000000
132500  -49.020  -8.781  -14.357 0.3000000119
133299  -36.293  -35.975  -16.844 0.6999999881
133648  -54.251  -16.535  -12.944 0.3000000119
133920  -43.884  -39.860  -19.898 0.6999999881
134414  -35.511  -23.436  -11.899 0.4000000060
134587  -44.256  -44.004  -8.492 0.4000000060
134607  -39.643  -50.856  -10.713 0.3000000119
134616  -42.082  -50.927  -20.585 0.4000000060
134668  -40.625  -50.091  -19.757 0.4000000060
134874  -49.811  -13.048  -13.521 0.3000000119
134938  -45.282  -14.971  -10.753 0.3000000119
135217  -41.256  -42.787  -14.973 0.6999999881
135401  -36.448  -40.678  -14.068 0.5000000000
135460  -50.644  -36.593  -16.405 0.4000000060
135735  -41.192  -43.669  -10.736 0.4000000060
135847  -39.216  -59.073  -13.081 0.3000000119
135887  -43.393  -41.716  -22.720 0.6000000238
136127  -39.345  -48.657  -11.041 0.3000000119
136418  -42.325  -55.688  -15.311 0.4000000060
136452  -42.441  -30.669  -14.658 0.6999999881
136503  -52.004  -25.903  -12.352 0.5000000000
137096  -45.017  -40.889  -22.333 0.8000000119
137601  -45.385  -24.775  -8.808 0.6000000238
137881  -43.573  -23.144  -5.494 0.3000000119
137907  -45.818  -12.911  -12.752 0.3000000119
138956  -42.069  -49.968  -7.069 0.3000000119
139008  -40.346  -54.557  -9.582 0.3000000119
139278  -39.340  -58.019  -12.007 0.3000000119
139312  -39.371  -58.123  -11.241 0.3000000119
139516  -42.425  -31.502  -14.564 0.6999999881
139737  -35.380  -47.144  -16.698 0.4000000060
139809  -40.133  -45.134  -20.445 0.5000000000
139947  -43.530  -30.004  -9.631 0.6000000238
140357  -42.833  -52.515  -6.477 0.3000000119
140411  -40.819  -62.130  -19.829 0.4000000060
140697  -47.116  -13.784  -7.710 0.3000000119
141104  -43.440  -28.500  -7.904 0.6000000238
142159  -45.905  -41.627  -9.508 0.4000000060
142257  -31.957  -56.511  -13.396 0.3000000119
142272  -46.244  -51.623  -20.703 0.4000000060
142513  -40.406  -56.911  -9.213 0.3000000119
142950  -36.148  -31.512  -15.582 0.6000000238
143084  -43.828  -48.359  -18.589 0.6000000238
143122  -40.192  -27.399  -8.378 0.5000000000
143123  -41.855  -37.947  -10.684 0.5000000000
143184  -54.026  -26.632  -14.148 0.4000000060
143441  -42.224  -36.302  -20.382 0.6999999881
143827  -42.233  -26.418  -14.677 0.5000000000
144115  -51.896  -33.038  -16.952 0.3000000119
144174  -44.763  -39.940  -22.933 0.8000000119
144495  -47.887  -42.609  -11.440 0.4000000060
144545  -40.126  -52.453  -10.586 0.3000000119
144592  -48.376  -40.573  -16.301 0.3000000119
144906  -41.858  -45.522  -15.114 0.6000000238
144910  -44.421  -47.421  -22.530 0.6000000238
145218  -45.395  -31.862  -19.036 0.6000000238
145383  -42.586  -40.892  -18.296 0.6999999881
145461  -43.285  -24.379  -5.790 0.3000000119
145533  -38.641  -27.148  -9.710 0.5000000000
145742  -47.643  -10.870  -13.788 0.3000000119
145834  -44.933  -35.384  -21.656 0.6000000238
146214  -50.432  -6.442  -14.168 0.3000000119
146237  -51.034  -29.413  -12.411 0.4000000060
146281  -39.427  -49.731  -9.896 0.3000000119
146457  -46.362  -19.856  -8.245 0.3000000119
146717  -45.018  -49.166  -22.103 0.5000000000
147051  -57.251  -28.712  -17.078 0.3000000119
147167  -46.102  -33.606  -10.861 0.4000000060
147211  -54.164  -22.422  -15.171 0.5000000000
147223  -40.463  -40.944  -12.635 0.6000000238
147545  -52.709  -28.419  -13.448 0.3000000119
147794  -39.955  -31.928  -9.957 0.6000000238
147873  -48.794  -23.823  -11.648 0.4000000060
148027  -46.533  -44.691  -10.072 0.3000000119
148158  -38.921  -34.619  -12.268 0.6000000238
148246  -42.463  -40.063  -17.695 0.6999999881
148482  -42.949  -41.946  -19.453 0.6999999881
149087  -44.665  -21.103  -5.455 0.3000000119
149268  -47.207  -32.884  -11.115 0.4000000060
149648  -53.096  -18.145  -13.745 0.3000000119
149864  -32.060  -48.298  -14.250 0.4000000060
149868  -38.037  -35.591  -15.249 0.6999999881
150082  -43.386  -40.061  -9.388 0.4000000060
150281  -42.129  -31.734  -9.913 0.6000000238
