#!ascii label  , from subject sub-08 vox2ras=TkReg aparc.a2009s=G_temporal_inf
2920
36957  41.401  -56.371  -15.369 0.0000000000
38108  41.979  -55.266  -12.016 0.0000000000
38117  42.481  -55.125  -13.290 0.0000000000
38118  42.062  -55.648  -13.428 0.0000000000
38119  39.507  -55.399  -12.643 0.0000000000
38121  42.584  -55.258  -14.632 0.0000000000
38122  42.054  -55.661  -15.183 0.0000000000
38123  40.742  -55.319  -14.862 0.0000000000
38124  39.496  -55.732  -13.582 0.0000000000
38126  42.505  -54.935  -15.258 0.0000000000
38127  41.191  -55.794  -15.460 0.0000000000
38128  40.507  -56.011  -15.248 0.0000000000
38129  41.130  -56.360  -15.576 0.0000000000
39142  55.370  -54.112  -6.043 0.0000000000
39184  54.319  -55.294  -8.630 0.0000000000
39255  42.535  -54.605  -12.267 0.0000000000
39256  40.533  -53.932  -12.094 0.0000000000
39257  40.066  -54.735  -12.428 0.0000000000
39263  43.022  -54.674  -13.977 0.0000000000
39264  40.613  -54.297  -13.322 0.0000000000
39265  40.191  -55.081  -13.665 0.0000000000
39266  43.368  -54.286  -14.801 0.0000000000
39267  43.024  -54.662  -15.110 0.0000000000
39268  41.679  -54.439  -15.058 0.0000000000
39269  40.964  -54.638  -14.518 0.0000000000
39270  43.217  -54.086  -15.322 0.0000000000
39271  42.845  -54.435  -15.355 0.0000000000
39272  42.344  -54.652  -15.329 0.0000000000
39273  41.539  -55.079  -15.285 0.0000000000
40211  54.847  -53.669  -4.628 0.0000000000
40227  55.541  -53.275  -5.706 0.0000000000
40228  55.341  -53.865  -5.219 0.0000000000
40248  55.387  -53.461  -6.475 0.0000000000
40249  54.830  -54.431  -7.226 0.0000000000
40268  54.488  -54.334  -8.429 0.0000000000
40281  54.269  -54.078  -9.592 0.0000000000
40285  45.929  -53.151  -8.699 0.0000000000
40304  46.890  -53.285  -9.548 0.0000000000
40305  46.337  -53.731  -9.318 0.0000000000
40323  47.588  -53.866  -11.082 0.0000000000
40324  46.839  -54.000  -10.083 0.0000000000
40325  42.846  -53.538  -10.548 0.0000000000
40326  42.467  -54.265  -10.786 0.0000000000
40337  43.306  -53.105  -11.546 0.0000000000
40338  42.926  -53.821  -12.091 0.0000000000
40339  41.180  -53.171  -12.260 0.0000000000
40343  43.478  -53.986  -13.822 0.0000000000
40344  41.525  -53.308  -13.664 0.0000000000
40345  41.271  -53.989  -14.168 0.0000000000
40346  44.089  -53.205  -15.202 0.0000000000
40347  43.731  -53.744  -14.950 0.0000000000
40348  42.988  -53.083  -15.320 0.0000000000
40349  42.161  -53.778  -15.035 0.0000000000
40350  43.542  -53.315  -15.339 0.0000000000
40351  42.944  -53.961  -15.434 0.0000000000
41251  54.551  -53.025  -4.586 0.0000000000
41270  55.336  -52.167  -5.371 0.0000000000
41271  55.199  -52.990  -5.070 0.0000000000
41292  55.744  -52.659  -6.072 0.0000000000
41308  55.371  -52.728  -6.895 0.0000000000
41309  54.897  -52.468  -7.692 0.0000000000
41323  54.400  -52.852  -8.778 0.0000000000
41328  46.357  -51.849  -8.317 0.0000000000
41329  46.354  -52.623  -8.662 0.0000000000
41330  45.478  -52.284  -8.294 0.0000000000
41351  47.968  -52.117  -9.746 0.0000000000
41352  47.144  -52.452  -9.086 0.0000000000
41371  47.767  -52.928  -10.418 0.0000000000
41372  43.576  -52.448  -10.969 0.0000000000
41387  44.439  -52.058  -12.841 0.0000000000
41388  43.899  -52.630  -12.606 0.0000000000
41389  41.535  -52.348  -11.781 0.0000000000
41395  44.602  -52.509  -14.038 0.0000000000
41396  44.118  -53.256  -14.224 0.0000000000
41397  42.324  -52.162  -13.577 0.0000000000
41398  41.742  -52.589  -12.986 0.0000000000
41399  44.455  -52.730  -15.028 0.0000000000
41400  42.201  -52.863  -14.291 0.0000000000
41401  44.022  -52.737  -15.446 0.0000000000
41402  43.681  -52.744  -15.436 0.0000000000
42304  54.588  -52.335  -4.823 0.0000000000
42318  56.554  -50.587  -5.997 0.0000000000
42319  56.219  -51.228  -5.935 0.0000000000
42333  56.251  -51.042  -6.323 0.0000000000
42341  55.577  -51.693  -7.055 0.0000000000
42342  54.706  -51.825  -8.038 0.0000000000
42351  54.117  -52.089  -9.173 0.0000000000
42352  47.537  -50.740  -8.334 0.0000000000
42353  46.496  -50.915  -8.039 0.0000000000
42354  45.641  -51.301  -8.100 0.0000000000
42355  44.978  -51.791  -8.218 0.0000000000
42356  44.549  -51.621  -8.568 0.0000000000
42372  47.304  -51.614  -8.638 0.0000000000
42373  44.258  -51.309  -9.512 0.0000000000
42374  43.913  -51.990  -9.129 0.0000000000
42389  44.304  -51.287  -10.830 0.0000000000
42390  43.835  -51.848  -10.235 0.0000000000
42391  42.264  -50.988  -11.079 0.0000000000
42402  44.570  -51.459  -12.158 0.0000000000
42403  44.039  -51.907  -11.599 0.0000000000
42404  42.361  -51.236  -12.085 0.0000000000
42405  41.885  -51.637  -11.403 0.0000000000
42409  45.349  -51.581  -14.851 0.0000000000
42410  45.002  -51.755  -13.724 0.0000000000
42411  42.488  -51.579  -13.030 0.0000000000
42412  42.032  -51.909  -12.436 0.0000000000
42413  44.984  -51.438  -15.325 0.0000000000
42414  44.914  -52.139  -14.973 0.0000000000
42415  43.702  -51.744  -15.108 0.0000000000
42416  42.943  -51.738  -14.191 0.0000000000
42417  44.374  -52.179  -15.334 0.0000000000
42418  43.971  -52.274  -15.470 0.0000000000
42419  43.402  -52.371  -15.195 0.0000000000
43304  56.712  -49.911  -5.965 0.0000000000
43305  56.244  -50.534  -5.784 0.0000000000
43306  55.033  -50.557  -5.433 0.0000000000
43326  56.549  -50.143  -6.412 0.0000000000
43327  56.011  -50.739  -7.016 0.0000000000
43328  55.350  -50.190  -7.648 0.0000000000
43338  54.462  -50.950  -8.400 0.0000000000
43342  47.888  -49.796  -8.194 0.0000000000
43343  46.837  -50.036  -7.992 0.0000000000
43344  45.928  -50.397  -8.046 0.0000000000
43345  45.378  -50.275  -8.434 0.0000000000
43346  45.212  -51.022  -8.241 0.0000000000
43367  45.041  -50.024  -9.376 0.0000000000
43368  44.733  -50.744  -8.824 0.0000000000
43382  45.056  -50.084  -10.715 0.0000000000
43383  44.607  -50.633  -10.060 0.0000000000
43392  45.290  -50.462  -12.147 0.0000000000
43393  44.732  -50.768  -11.401 0.0000000000
43394  43.302  -50.148  -12.505 0.0000000000
43395  42.737  -50.466  -11.707 0.0000000000
43400  45.600  -51.062  -13.807 0.0000000000
43401  44.993  -51.071  -12.649 0.0000000000
43402  43.585  -50.557  -13.736 0.0000000000
43403  42.962  -50.980  -13.029 0.0000000000
43405  45.995  -50.456  -15.495 0.0000000000
43406  45.750  -50.951  -15.197 0.0000000000
43407  44.793  -50.855  -15.404 0.0000000000
43408  44.015  -51.096  -14.949 0.0000000000
43409  43.421  -51.209  -14.235 0.0000000000
43410  45.484  -50.596  -15.461 0.0000000000
43411  44.351  -51.675  -15.358 0.0000000000
44288  56.834  -49.037  -5.964 0.0000000000
44289  56.259  -49.581  -5.704 0.0000000000
44290  55.060  -49.613  -5.501 0.0000000000
44291  53.929  -49.821  -5.281 0.0000000000
44301  56.864  -49.223  -6.329 0.0000000000
44309  56.647  -49.393  -6.929 0.0000000000
44310  56.001  -49.507  -7.412 0.0000000000
44324  55.238  -49.124  -7.978 0.0000000000
44325  54.490  -49.895  -8.366 0.0000000000
44331  48.475  -49.146  -8.232 0.0000000000
44332  47.297  -49.217  -8.139 0.0000000000
44333  46.341  -49.468  -8.253 0.0000000000
44355  45.943  -48.999  -9.021 0.0000000000
44356  45.596  -49.599  -8.746 0.0000000000
44369  45.905  -49.025  -11.011 0.0000000000
44370  45.555  -49.357  -10.003 0.0000000000
44377  46.171  -49.403  -12.201 0.0000000000
44378  45.586  -49.698  -11.474 0.0000000000
44379  43.602  -49.336  -12.003 0.0000000000
44380  43.186  -49.863  -11.629 0.0000000000
44385  46.435  -49.858  -13.648 0.0000000000
44386  45.851  -50.171  -12.958 0.0000000000
44387  44.457  -49.565  -13.966 0.0000000000
44388  43.841  -49.786  -13.206 0.0000000000
44390  47.086  -49.558  -15.225 0.0000000000
44391  46.483  -50.213  -15.045 0.0000000000
44392  46.133  -50.599  -14.440 0.0000000000
44393  44.772  -50.134  -15.046 0.0000000000
44394  44.225  -50.328  -14.476 0.0000000000
44395  46.736  -49.288  -15.544 0.0000000000
44396  46.296  -49.899  -15.548 0.0000000000
44397  45.825  -49.994  -15.647 0.0000000000
44398  45.277  -50.199  -15.468 0.0000000000
44399  46.281  -49.559  -15.580 0.0000000000
45220  53.555  -47.876  -4.908 0.0000000000
45233  56.869  -48.165  -5.899 0.0000000000
45234  56.185  -48.077  -5.644 0.0000000000
45235  55.402  -48.648  -5.539 0.0000000000
45236  54.174  -48.842  -5.362 0.0000000000
45244  57.146  -48.316  -6.332 0.0000000000
45249  57.035  -48.510  -6.849 0.0000000000
45250  56.326  -48.668  -7.476 0.0000000000
45259  55.606  -48.265  -8.009 0.0000000000
45260  54.759  -48.227  -8.365 0.0000000000
45266  48.915  -48.502  -8.315 0.0000000000
45267  47.364  -48.473  -8.525 0.0000000000
45280  47.075  -48.039  -9.437 0.0000000000
45281  46.569  -48.660  -8.812 0.0000000000
45295  46.971  -47.934  -10.712 0.0000000000
45296  46.284  -48.570  -10.011 0.0000000000
45304  47.133  -48.230  -12.120 0.0000000000
45305  46.485  -48.642  -11.450 0.0000000000
45311  47.383  -48.640  -13.529 0.0000000000
45312  46.733  -49.015  -12.865 0.0000000000
45313  44.849  -48.711  -13.587 0.0000000000
45314  44.202  -49.052  -12.765 0.0000000000
45317  48.004  -48.350  -15.215 0.0000000000
45318  47.523  -48.936  -14.835 0.0000000000
45319  46.976  -49.442  -14.313 0.0000000000
45320  45.457  -48.912  -14.796 0.0000000000
45321  45.029  -49.532  -14.847 0.0000000000
45322  47.777  -48.205  -15.576 0.0000000000
45323  47.327  -48.853  -15.492 0.0000000000
45324  46.676  -48.902  -15.614 0.0000000000
45325  45.795  -49.127  -15.505 0.0000000000
45326  45.553  -49.652  -15.421 0.0000000000
45327  47.677  -48.049  -15.667 0.0000000000
45328  47.244  -48.647  -15.609 0.0000000000
46169  52.546  -46.558  -3.566 0.0000000000
46183  54.364  -46.862  -4.981 0.0000000000
46184  52.912  -47.237  -4.238 0.0000000000
46195  56.396  -47.122  -5.702 0.0000000000
46196  55.347  -46.433  -5.325 0.0000000000
46197  54.486  -47.970  -5.327 0.0000000000
46202  57.420  -46.717  -6.673 0.0000000000
46203  57.178  -47.238  -6.264 0.0000000000
46209  57.346  -47.464  -6.844 0.0000000000
46210  56.960  -47.785  -7.345 0.0000000000
46220  57.192  -46.986  -7.383 0.0000000000
46221  56.550  -47.066  -7.874 0.0000000000
46222  55.553  -47.394  -8.307 0.0000000000
46223  54.405  -47.375  -8.580 0.0000000000
46228  48.565  -47.924  -8.533 0.0000000000
46238  48.530  -47.307  -9.312 0.0000000000
46239  47.831  -47.792  -8.941 0.0000000000
46251  48.339  -47.007  -11.060 0.0000000000
46252  47.800  -47.414  -10.069 0.0000000000
46259  48.334  -47.245  -12.267 0.0000000000
46260  47.678  -47.545  -11.466 0.0000000000
46269  48.460  -47.554  -13.484 0.0000000000
46270  47.787  -47.858  -12.826 0.0000000000
46271  45.520  -48.062  -13.856 0.0000000000
46276  49.136  -47.161  -14.935 0.0000000000
46277  48.561  -47.746  -14.625 0.0000000000
46278  48.024  -48.235  -14.169 0.0000000000
46279  46.511  -47.854  -15.043 0.0000000000
46280  45.992  -48.341  -14.915 0.0000000000
46281  48.697  -47.130  -15.435 0.0000000000
46282  48.375  -47.687  -15.354 0.0000000000
46283  47.451  -47.799  -15.573 0.0000000000
46284  46.861  -48.176  -15.507 0.0000000000
46285  46.413  -48.550  -15.391 0.0000000000
46286  48.146  -47.595  -15.620 0.0000000000
46287  47.203  -48.372  -15.622 0.0000000000
47062  53.074  -45.694  -3.920 0.0000000000
47063  53.138  -46.227  -3.872 0.0000000000
47064  52.262  -45.923  -3.126 0.0000000000
47078  54.636  -45.884  -4.860 0.0000000000
47079  53.799  -45.892  -4.362 0.0000000000
47088  56.887  -46.421  -5.926 0.0000000000
47089  56.158  -45.994  -5.606 0.0000000000
47090  55.212  -45.537  -5.258 0.0000000000
47096  57.219  -46.265  -6.352 0.0000000000
47101  57.402  -46.503  -7.120 0.0000000000
47110  57.003  -46.140  -7.885 0.0000000000
47111  56.217  -46.379  -8.476 0.0000000000
47112  55.225  -46.594  -8.791 0.0000000000
47113  54.053  -46.730  -8.885 0.0000000000
47125  56.039  -45.689  -9.255 0.0000000000
47126  55.156  -45.931  -9.499 0.0000000000
47127  54.092  -46.101  -9.520 0.0000000000
47145  49.028  -46.623  -10.813 0.0000000000
47154  50.473  -45.953  -11.502 0.0000000000
47155  49.667  -46.313  -11.685 0.0000000000
47156  48.937  -46.699  -11.914 0.0000000000
47165  50.427  -46.031  -12.688 0.0000000000
47166  49.619  -46.489  -12.870 0.0000000000
47167  48.939  -46.939  -13.073 0.0000000000
47168  46.363  -46.674  -13.414 0.0000000000
47174  50.313  -46.264  -14.076 0.0000000000
47175  49.533  -46.829  -14.017 0.0000000000
47176  49.017  -47.292  -14.087 0.0000000000
47177  47.403  -46.682  -14.792 0.0000000000
47178  46.725  -47.057  -14.462 0.0000000000
47179  46.130  -47.523  -14.144 0.0000000000
47180  50.069  -46.070  -14.842 0.0000000000
47181  49.303  -46.548  -15.168 0.0000000000
47182  48.322  -46.816  -15.499 0.0000000000
47183  47.732  -47.085  -15.427 0.0000000000
47184  47.095  -47.449  -15.215 0.0000000000
47185  48.826  -46.629  -15.415 0.0000000000
47186  47.995  -47.429  -15.666 0.0000000000
48061  52.451  -45.651  -3.597 0.0000000000
48062  51.749  -45.614  -3.111 0.0000000000
48081  54.349  -45.358  -4.866 0.0000000000
48082  53.550  -45.393  -4.476 0.0000000000
48083  52.808  -45.437  -4.150 0.0000000000
48084  52.040  -45.397  -3.873 0.0000000000
48085  49.927  -45.687  -4.007 0.0000000000
48097  56.755  -45.678  -5.981 0.0000000000
48098  55.913  -45.280  -5.678 0.0000000000
48099  55.001  -45.076  -5.316 0.0000000000
48100  54.174  -45.075  -4.997 0.0000000000
48101  53.233  -45.203  -4.927 0.0000000000
48102  52.265  -45.371  -4.733 0.0000000000
48103  50.653  -45.715  -5.750 0.0000000000
48104  49.584  -45.862  -5.885 0.0000000000
48105  48.475  -45.871  -5.944 0.0000000000
48106  48.015  -45.883  -5.093 0.0000000000
48107  47.051  -45.508  -5.165 0.0000000000
48112  57.419  -46.102  -6.793 0.0000000000
48113  57.134  -45.537  -6.567 0.0000000000
48114  56.550  -45.089  -6.248 0.0000000000
48115  53.876  -44.975  -5.712 0.0000000000
48116  52.942  -45.217  -6.084 0.0000000000
48117  52.036  -45.410  -6.388 0.0000000000
48118  51.126  -45.589  -6.547 0.0000000000
48119  50.136  -45.716  -6.700 0.0000000000
48120  48.982  -45.715  -6.908 0.0000000000
48121  47.846  -45.547  -6.734 0.0000000000
48122  46.814  -45.121  -6.081 0.0000000000
48134  57.220  -45.575  -7.314 0.0000000000
48135  53.594  -44.973  -6.807 0.0000000000
48136  52.640  -45.190  -7.101 0.0000000000
48137  51.704  -45.348  -7.298 0.0000000000
48138  50.774  -45.453  -7.439 0.0000000000
48139  49.827  -45.465  -7.608 0.0000000000
48140  48.284  -45.413  -7.440 0.0000000000
48141  47.597  -45.060  -7.509 0.0000000000
48155  56.898  -45.335  -8.108 0.0000000000
48156  56.529  -45.496  -8.702 0.0000000000
48157  52.375  -44.973  -8.037 0.0000000000
48158  51.420  -45.106  -8.164 0.0000000000
48159  50.523  -45.149  -8.258 0.0000000000
48160  49.695  -45.086  -8.417 0.0000000000
48161  48.915  -44.866  -8.617 0.0000000000
48166  56.601  -44.904  -8.702 0.0000000000
48167  56.288  -45.085  -9.673 0.0000000000
48168  55.816  -45.255  -10.278 0.0000000000
48169  55.033  -45.533  -10.520 0.0000000000
48170  53.830  -45.689  -10.388 0.0000000000
48180  55.862  -44.771  -10.651 0.0000000000
48181  55.464  -45.094  -11.205 0.0000000000
48182  54.750  -45.339  -11.579 0.0000000000
48183  53.479  -45.524  -11.294 0.0000000000
48194  55.491  -44.736  -11.447 0.0000000000
48195  55.218  -44.980  -11.914 0.0000000000
48196  54.792  -45.119  -12.229 0.0000000000
48197  54.131  -45.316  -12.220 0.0000000000
48198  52.274  -45.479  -12.176 0.0000000000
48199  51.319  -45.663  -12.436 0.0000000000
48200  46.447  -43.777  -11.504 0.0000000000
48204  54.917  -44.787  -12.381 0.0000000000
48205  54.379  -45.048  -12.646 0.0000000000
48206  53.453  -45.241  -12.838 0.0000000000
48207  52.298  -45.376  -13.301 0.0000000000
48208  51.232  -45.689  -13.668 0.0000000000
48209  47.423  -45.257  -13.201 0.0000000000
48210  46.673  -45.746  -12.768 0.0000000000
48214  53.967  -44.961  -13.095 0.0000000000
48215  53.100  -44.993  -13.521 0.0000000000
48216  51.954  -45.284  -14.001 0.0000000000
48217  50.880  -45.604  -14.300 0.0000000000
48218  48.525  -45.519  -14.678 0.0000000000
48219  47.770  -45.831  -14.296 0.0000000000
48220  47.055  -46.239  -13.819 0.0000000000
48221  51.495  -45.139  -14.333 0.0000000000
48222  50.507  -45.321  -14.688 0.0000000000
48223  49.546  -45.904  -15.136 0.0000000000
48224  48.775  -46.117  -15.268 0.0000000000
48225  48.089  -46.356  -15.113 0.0000000000
49100  55.669  -44.897  -5.899 0.0000000000
49101  54.754  -44.879  -5.663 0.0000000000
49102  46.525  -44.885  -5.394 0.0000000000
49109  56.964  -44.954  -7.026 0.0000000000
49110  56.207  -44.718  -6.797 0.0000000000
49111  55.196  -44.689  -6.604 0.0000000000
49112  54.366  -44.803  -6.427 0.0000000000
49113  47.110  -45.079  -6.852 0.0000000000
49114  46.644  -44.410  -6.714 0.0000000000
49132  56.938  -45.013  -7.794 0.0000000000
49133  56.550  -44.769  -7.792 0.0000000000
49134  55.698  -44.535  -7.661 0.0000000000
49135  54.513  -44.633  -7.527 0.0000000000
49136  53.395  -44.777  -7.856 0.0000000000
49137  48.200  -45.035  -8.120 0.0000000000
49138  46.983  -44.463  -7.489 0.0000000000
49149  55.546  -44.265  -9.385 0.0000000000
49150  54.359  -44.330  -8.768 0.0000000000
49151  53.133  -44.494  -8.775 0.0000000000
49152  51.094  -44.735  -8.902 0.0000000000
49153  50.308  -44.801  -8.851 0.0000000000
49154  49.646  -44.621  -9.106 0.0000000000
49155  47.538  -44.379  -8.300 0.0000000000
49156  46.874  -43.728  -8.131 0.0000000000
49166  56.136  -44.624  -9.682 0.0000000000
49167  55.632  -44.224  -10.352 0.0000000000
49168  54.895  -43.901  -9.895 0.0000000000
49169  52.896  -44.154  -9.604 0.0000000000
49170  51.685  -44.272  -9.704 0.0000000000
49171  49.632  -44.052  -9.821 0.0000000000
49172  47.963  -43.759  -9.301 0.0000000000
49181  55.562  -44.258  -11.249 0.0000000000
49182  54.017  -43.674  -10.373 0.0000000000
49183  52.660  -43.737  -10.426 0.0000000000
49184  51.573  -43.785  -10.497 0.0000000000
49185  50.553  -43.746  -10.408 0.0000000000
49186  49.580  -43.226  -10.587 0.0000000000
49192  55.270  -44.494  -11.932 0.0000000000
49197  54.824  -44.276  -12.504 0.0000000000
49198  54.462  -44.651  -12.885 0.0000000000
49199  47.704  -43.933  -12.740 0.0000000000
49200  47.192  -42.923  -12.071 0.0000000000
49205  53.878  -44.592  -13.357 0.0000000000
49206  53.143  -44.440  -13.746 0.0000000000
49207  52.396  -44.857  -14.106 0.0000000000
49208  48.970  -44.361  -14.189 0.0000000000
49209  51.793  -44.543  -14.330 0.0000000000
49210  51.160  -44.678  -14.499 0.0000000000
49211  49.812  -44.021  -14.436 0.0000000000
49212  49.291  -45.251  -14.825 0.0000000000
50030  46.201  -44.194  -4.998 0.0000000000
50060  46.516  -43.014  -7.984 0.0000000000
50065  47.287  -43.562  -8.822 0.0000000000
50066  46.848  -42.867  -8.841 0.0000000000
50072  55.131  -43.790  -10.849 0.0000000000
50073  48.759  -43.477  -10.019 0.0000000000
50074  48.062  -42.561  -10.205 0.0000000000
50075  47.427  -42.691  -9.566 0.0000000000
50076  45.421  -42.427  -10.416 0.0000000000
50082  55.045  -43.818  -11.789 0.0000000000
50083  53.750  -43.457  -11.425 0.0000000000
50084  52.356  -43.396  -11.327 0.0000000000
50085  51.252  -43.269  -11.314 0.0000000000
50086  50.328  -42.878  -11.277 0.0000000000
50087  49.607  -42.293  -11.295 0.0000000000
50088  48.800  -42.108  -10.932 0.0000000000
50089  46.425  -41.270  -11.555 0.0000000000
50090  45.831  -42.531  -10.933 0.0000000000
50094  54.285  -43.708  -12.573 0.0000000000
50095  53.118  -43.306  -12.368 0.0000000000
50096  51.928  -42.931  -12.253 0.0000000000
50097  50.915  -42.307  -12.102 0.0000000000
50098  50.105  -41.586  -11.885 0.0000000000
50099  47.357  -40.715  -12.329 0.0000000000
50100  46.752  -41.855  -11.757 0.0000000000
50101  46.210  -42.698  -11.288 0.0000000000
50106  54.269  -44.171  -13.115 0.0000000000
50107  53.572  -43.662  -13.165 0.0000000000
50108  52.312  -43.093  -13.091 0.0000000000
50109  48.711  -41.713  -13.055 0.0000000000
50110  47.891  -42.216  -12.620 0.0000000000
50115  53.683  -44.128  -13.464 0.0000000000
50116  52.923  -43.731  -13.614 0.0000000000
50117  51.885  -43.222  -13.738 0.0000000000
50118  50.829  -42.628  -13.749 0.0000000000
50119  50.051  -42.672  -13.859 0.0000000000
50120  49.278  -42.966  -13.694 0.0000000000
50121  52.341  -44.075  -14.092 0.0000000000
50122  51.350  -43.789  -14.304 0.0000000000
50123  50.526  -43.457  -14.278 0.0000000000
50905  46.296  -43.023  -4.905 0.0000000000
50910  46.362  -42.779  -5.902 0.0000000000
50922  46.368  -42.458  -6.787 0.0000000000
50932  46.402  -42.301  -7.669 0.0000000000
50937  46.603  -42.014  -8.654 0.0000000000
50942  48.214  -41.089  -10.928 0.0000000000
50943  47.712  -41.133  -10.545 0.0000000000
50944  47.107  -41.459  -9.757 0.0000000000
50950  48.608  -39.961  -11.621 0.0000000000
50951  48.150  -39.466  -11.536 0.0000000000
50952  46.843  -39.765  -11.924 0.0000000000
50953  46.015  -41.129  -11.232 0.0000000000
50957  51.086  -42.204  -12.789 0.0000000000
50958  48.752  -39.630  -12.183 0.0000000000
50959  47.693  -39.147  -12.151 0.0000000000
50960  47.081  -39.908  -12.190 0.0000000000
50965  50.387  -41.454  -12.932 0.0000000000
50966  49.724  -40.795  -12.676 0.0000000000
50967  48.992  -40.324  -12.626 0.0000000000
50968  48.179  -40.180  -12.568 0.0000000000
50970  51.123  -42.344  -13.239 0.0000000000
50971  50.470  -41.759  -13.201 0.0000000000
50972  50.153  -41.644  -13.298 0.0000000000
50973  49.503  -41.578  -13.269 0.0000000000
51792  47.197  -41.325  -3.995 0.0000000000
51801  47.148  -41.457  -4.947 0.0000000000
51802  46.618  -42.068  -4.430 0.0000000000
51807  46.891  -41.349  -5.854 0.0000000000
51808  46.614  -42.113  -5.361 0.0000000000
51823  46.567  -41.155  -6.796 0.0000000000
51831  46.448  -41.280  -8.281 0.0000000000
51837  46.631  -39.961  -9.193 0.0000000000
51842  47.477  -38.863  -10.990 0.0000000000
51843  44.931  -41.461  -9.802 0.0000000000
51847  48.092  -39.048  -12.059 0.0000000000
51848  47.671  -39.027  -12.029 0.0000000000
51849  46.293  -39.862  -11.556 0.0000000000
51853  49.122  -40.058  -12.359 0.0000000000
51854  48.442  -39.357  -12.154 0.0000000000
51858  50.089  -41.111  -12.998 0.0000000000
51861  49.639  -40.794  -12.759 0.0000000000
52711  48.310  -40.257  -3.441 0.0000000000
52712  47.744  -40.713  -3.804 0.0000000000
52719  48.341  -40.381  -4.389 0.0000000000
52720  47.711  -40.854  -4.617 0.0000000000
52725  48.222  -40.437  -5.238 0.0000000000
52726  47.537  -40.877  -5.522 0.0000000000
52740  47.028  -40.285  -6.497 0.0000000000
52755  46.601  -39.905  -7.424 0.0000000000
52756  44.304  -39.703  -8.255 0.0000000000
52763  44.733  -39.660  -9.363 0.0000000000
52767  46.551  -38.874  -11.623 0.0000000000
52768  45.462  -39.408  -10.571 0.0000000000
52773  47.138  -38.389  -11.548 0.0000000000
53667  51.036  -39.215  -1.214 0.0000000000
53688  50.449  -39.161  -2.101 0.0000000000
53689  49.660  -39.413  -2.649 0.0000000000
53690  48.933  -39.732  -3.050 0.0000000000
53707  49.675  -39.553  -3.682 0.0000000000
53708  48.991  -39.937  -4.070 0.0000000000
53722  51.332  -39.324  -4.867 0.0000000000
53723  50.536  -39.425  -4.503 0.0000000000
53724  49.713  -39.726  -4.801 0.0000000000
53725  49.007  -40.028  -5.197 0.0000000000
53730  51.859  -39.114  -6.713 0.0000000000
53731  51.125  -39.305  -6.349 0.0000000000
53732  50.373  -39.517  -5.684 0.0000000000
53733  49.196  -39.605  -6.060 0.0000000000
53734  48.604  -39.984  -5.776 0.0000000000
53735  47.936  -40.168  -6.076 0.0000000000
53736  44.180  -38.629  -6.344 0.0000000000
53745  51.317  -39.006  -6.717 0.0000000000
53746  50.137  -39.178  -6.390 0.0000000000
53747  49.228  -39.118  -6.390 0.0000000000
53748  48.496  -39.446  -6.282 0.0000000000
53749  47.584  -39.136  -6.608 0.0000000000
53750  46.853  -38.878  -7.229 0.0000000000
53751  44.265  -38.672  -7.286 0.0000000000
53752  43.770  -39.478  -6.474 0.0000000000
53767  46.569  -38.446  -8.084 0.0000000000
53768  44.374  -38.850  -8.044 0.0000000000
53769  43.972  -39.604  -7.349 0.0000000000
53779  46.631  -37.898  -9.608 0.0000000000
53780  44.784  -38.551  -9.098 0.0000000000
53786  46.818  -37.757  -11.043 0.0000000000
53787  46.023  -38.294  -11.150 0.0000000000
53788  45.326  -38.607  -10.148 0.0000000000
53793  46.641  -38.048  -11.420 0.0000000000
54708  53.993  -38.360  -0.965 0.0000000000
54709  53.228  -38.398  -0.602 0.0000000000
54710  51.915  -38.950  -0.329 0.0000000000
54718  54.683  -38.286  -1.470 0.0000000000
54719  53.947  -38.541  -1.630 0.0000000000
54720  52.700  -38.812  -1.342 0.0000000000
54721  51.950  -39.048  -1.154 0.0000000000
54722  51.349  -38.921  -1.997 0.0000000000
54732  55.226  -38.277  -1.964 0.0000000000
54733  54.568  -38.414  -2.450 0.0000000000
54734  53.740  -38.540  -2.474 0.0000000000
54735  52.256  -38.720  -2.221 0.0000000000
54736  51.556  -38.767  -2.799 0.0000000000
54737  50.973  -38.927  -2.745 0.0000000000
54747  55.595  -38.069  -3.850 0.0000000000
54748  54.837  -38.288  -3.977 0.0000000000
54749  53.425  -38.698  -4.828 0.0000000000
54750  52.080  -38.721  -3.438 0.0000000000
54751  51.244  -39.013  -3.719 0.0000000000
54766  55.432  -38.082  -5.227 0.0000000000
54767  54.745  -38.318  -5.648 0.0000000000
54768  54.016  -38.523  -5.951 0.0000000000
54769  52.676  -39.077  -5.603 0.0000000000
54770  51.833  -39.324  -5.917 0.0000000000
54775  55.095  -37.983  -6.316 0.0000000000
54776  54.423  -38.195  -6.395 0.0000000000
54777  53.623  -38.357  -6.509 0.0000000000
54778  52.591  -38.988  -6.626 0.0000000000
54779  44.217  -38.611  -5.357 0.0000000000
54782  52.137  -38.890  -6.816 0.0000000000
54783  50.497  -38.601  -6.656 0.0000000000
54784  49.549  -38.560  -6.557 0.0000000000
54785  48.501  -38.441  -6.542 0.0000000000
54786  46.569  -37.427  -7.717 0.0000000000
54787  44.651  -37.756  -7.167 0.0000000000
54796  46.259  -37.180  -8.919 0.0000000000
54797  44.786  -37.777  -8.331 0.0000000000
54806  46.218  -37.268  -10.108 0.0000000000
54807  45.943  -37.116  -10.005 0.0000000000
54808  45.389  -37.570  -9.548 0.0000000000
54815  46.334  -37.575  -10.813 0.0000000000
54816  45.826  -37.706  -10.554 0.0000000000
54821  46.316  -37.807  -11.176 0.0000000000
55799  55.284  -37.127  -0.862 0.0000000000
55800  54.660  -37.859  -0.890 0.0000000000
55810  56.111  -37.050  -1.304 0.0000000000
55811  55.456  -37.844  -1.469 0.0000000000
55824  57.528  -37.056  -3.356 0.0000000000
55825  56.962  -37.370  -2.582 0.0000000000
55826  56.165  -37.871  -3.017 0.0000000000
55833  56.871  -37.463  -3.956 0.0000000000
55834  56.095  -37.785  -4.570 0.0000000000
55835  46.479  -37.178  -3.461 0.0000000000
55850  57.194  -37.138  -5.008 0.0000000000
55851  56.585  -37.385  -5.506 0.0000000000
55852  55.830  -37.633  -6.021 0.0000000000
55853  53.119  -37.696  -6.226 0.0000000000
55854  52.162  -37.559  -6.001 0.0000000000
55855  51.275  -37.500  -5.841 0.0000000000
55856  49.779  -37.097  -5.100 0.0000000000
55857  48.952  -37.013  -5.241 0.0000000000
55858  47.258  -36.904  -5.301 0.0000000000
55859  46.384  -37.046  -5.215 0.0000000000
55860  45.575  -37.497  -4.961 0.0000000000
55861  44.985  -38.102  -4.148 0.0000000000
55868  57.072  -36.978  -6.071 0.0000000000
55869  56.289  -37.080  -6.367 0.0000000000
55870  55.399  -37.417  -6.242 0.0000000000
55871  54.493  -38.049  -6.435 0.0000000000
55872  53.535  -38.236  -6.574 0.0000000000
55873  52.693  -38.230  -6.644 0.0000000000
55874  51.850  -38.041  -6.615 0.0000000000
55875  50.451  -37.521  -5.914 0.0000000000
55876  49.563  -37.544  -6.101 0.0000000000
55877  48.576  -37.265  -6.001 0.0000000000
55878  47.659  -37.040  -5.998 0.0000000000
55879  46.668  -36.934  -6.282 0.0000000000
55880  45.887  -36.951  -6.099 0.0000000000
55881  44.845  -38.016  -5.152 0.0000000000
55885  52.886  -38.631  -6.642 0.0000000000
55886  51.453  -38.498  -6.726 0.0000000000
55887  50.492  -38.039  -6.527 0.0000000000
55888  49.835  -38.104  -6.521 0.0000000000
55889  49.033  -37.865  -6.411 0.0000000000
55890  48.068  -37.541  -6.381 0.0000000000
55891  46.488  -37.068  -7.159 0.0000000000
55892  45.863  -36.810  -7.263 0.0000000000
55893  45.218  -37.160  -6.868 0.0000000000
55902  45.968  -36.880  -9.213 0.0000000000
55903  45.779  -36.844  -8.397 0.0000000000
55904  45.276  -37.052  -7.894 0.0000000000
55911  45.565  -37.020  -8.977 0.0000000000
56828  56.320  -35.873  -0.867 0.0000000000
56829  55.789  -36.399  -0.820 0.0000000000
56830  55.069  -36.325  -0.502 0.0000000000
56842  57.304  -36.786  -2.036 0.0000000000
56853  57.863  -36.488  -2.602 0.0000000000
56854  49.603  -36.159  -2.944 0.0000000000
56855  48.762  -36.111  -2.559 0.0000000000
56862  58.195  -36.568  -3.719 0.0000000000
56863  57.680  -36.881  -4.468 0.0000000000
56864  54.046  -36.113  -4.104 0.0000000000
56865  52.795  -36.484  -4.154 0.0000000000
56866  51.886  -36.491  -3.981 0.0000000000
56867  50.950  -36.535  -3.943 0.0000000000
56868  49.942  -36.584  -3.964 0.0000000000
56869  48.993  -36.485  -3.578 0.0000000000
56870  48.017  -36.562  -3.301 0.0000000000
56871  47.134  -36.863  -3.429 0.0000000000
56884  58.197  -36.450  -5.142 0.0000000000
56885  57.513  -36.683  -5.750 0.0000000000
56886  55.839  -37.091  -6.394 0.0000000000
56887  55.330  -36.791  -5.952 0.0000000000
56888  52.483  -37.063  -5.040 0.0000000000
56889  51.550  -37.039  -4.886 0.0000000000
56890  50.643  -37.053  -4.897 0.0000000000
56891  49.220  -36.760  -4.460 0.0000000000
56892  48.468  -36.714  -4.362 0.0000000000
56893  47.625  -36.803  -4.336 0.0000000000
56894  46.839  -37.025  -4.338 0.0000000000
56902  57.991  -36.156  -6.269 0.0000000000
56903  57.025  -36.534  -6.217 0.0000000000
56904  55.047  -37.455  -6.278 0.0000000000
56905  54.103  -37.726  -6.346 0.0000000000
56906  48.091  -36.911  -5.231 0.0000000000
57835  55.585  -35.520  -0.470 0.0000000000
57847  58.277  -35.406  -2.086 0.0000000000
57848  57.624  -35.926  -1.770 0.0000000000
57849  57.004  -35.440  -1.073 0.0000000000
57858  59.312  -35.484  -3.659 0.0000000000
57859  58.576  -35.924  -2.936 0.0000000000
57860  52.986  -35.235  -2.860 0.0000000000
57861  51.687  -35.285  -2.580 0.0000000000
57871  58.812  -36.061  -4.345 0.0000000000
57872  55.465  -35.916  -4.837 0.0000000000
57873  54.564  -35.587  -3.877 0.0000000000
57874  53.757  -35.367  -3.318 0.0000000000
57875  52.298  -35.764  -3.223 0.0000000000
57876  51.338  -35.944  -3.156 0.0000000000
57877  50.448  -36.092  -3.093 0.0000000000
57889  59.399  -35.563  -5.131 0.0000000000
57890  58.723  -35.903  -5.810 0.0000000000
57891  57.847  -36.020  -6.358 0.0000000000
57892  56.943  -36.256  -6.226 0.0000000000
57893  55.976  -36.625  -6.131 0.0000000000
57901  59.207  -35.353  -6.139 0.0000000000
57902  58.496  -35.645  -6.189 0.0000000000
57903  56.384  -36.826  -6.330 0.0000000000
58804  57.539  -34.041  -0.902 0.0000000000
58805  56.380  -35.033  -0.603 0.0000000000
58806  55.765  -34.540  -0.268 0.0000000000
58818  58.539  -34.608  -1.856 0.0000000000
58819  57.745  -34.842  -1.359 0.0000000000
58820  57.032  -34.530  -0.743 0.0000000000
58829  59.621  -34.764  -3.158 0.0000000000
58830  58.933  -35.116  -2.601 0.0000000000
58831  54.161  -34.147  -2.660 0.0000000000
58832  53.565  -34.652  -2.710 0.0000000000
58841  60.613  -34.586  -5.266 0.0000000000
58842  59.966  -35.064  -4.496 0.0000000000
58843  56.463  -34.321  -4.181 0.0000000000
58844  55.088  -34.988  -3.678 0.0000000000
58845  54.292  -34.817  -3.180 0.0000000000
58857  60.426  -34.426  -6.057 0.0000000000
58858  59.983  -35.073  -5.897 0.0000000000
58859  58.375  -34.821  -5.983 0.0000000000
58860  57.715  -35.516  -6.081 0.0000000000
58861  56.831  -35.284  -5.306 0.0000000000
58862  55.962  -35.104  -4.368 0.0000000000
58874  59.696  -34.873  -6.183 0.0000000000
58875  58.964  -35.226  -6.308 0.0000000000
58876  58.340  -35.522  -6.232 0.0000000000
59770  56.222  -32.935  0.031 0.0000000000
59771  55.619  -33.262  0.215 0.0000000000
59794  57.780  -33.351  -0.838 0.0000000000
59795  56.929  -33.513  -0.443 0.0000000000
59796  56.030  -33.728  -0.121 0.0000000000
59805  59.304  -33.090  -1.732 0.0000000000
59806  58.496  -33.203  -1.256 0.0000000000
59807  58.165  -33.978  -1.308 0.0000000000
59816  60.533  -33.667  -3.257 0.0000000000
59817  59.736  -33.883  -2.563 0.0000000000
59818  58.911  -33.871  -1.773 0.0000000000
59819  54.651  -32.908  -2.437 0.0000000000
59821  52.721  -34.461  -2.307 0.0000000000
59828  61.811  -33.147  -4.366 0.0000000000
59829  61.185  -33.913  -4.525 0.0000000000
59830  60.363  -34.396  -3.821 0.0000000000
59831  57.497  -32.971  -4.089 0.0000000000
59832  56.989  -33.602  -4.111 0.0000000000
59833  55.382  -33.152  -2.857 0.0000000000
59834  55.491  -34.127  -3.417 0.0000000000
59853  61.789  -33.474  -5.479 0.0000000000
59854  61.193  -34.050  -5.913 0.0000000000
59855  60.528  -33.538  -6.097 0.0000000000
59856  59.410  -33.597  -5.676 0.0000000000
59857  57.870  -33.839  -4.852 0.0000000000
59858  57.377  -34.541  -5.040 0.0000000000
59871  61.585  -33.399  -6.000 0.0000000000
59872  60.953  -33.925  -6.164 0.0000000000
59873  60.170  -34.306  -6.211 0.0000000000
59874  59.317  -34.626  -6.209 0.0000000000
60796  56.224  -32.073  0.185 0.0000000000
60797  55.561  -32.565  0.374 0.0000000000
60814  58.064  -32.580  -0.791 0.0000000000
60815  56.866  -32.485  -0.214 0.0000000000
60824  60.273  -32.089  -1.978 0.0000000000
60825  59.615  -32.257  -1.615 0.0000000000
60826  58.805  -32.388  -1.203 0.0000000000
60837  61.600  -32.544  -3.446 0.0000000000
60838  61.068  -33.111  -3.348 0.0000000000
60839  60.207  -32.912  -2.361 0.0000000000
60840  56.525  -31.858  -3.151 0.0000000000
60841  55.941  -32.486  -3.010 0.0000000000
60854  62.814  -32.534  -5.598 0.0000000000
60855  58.743  -32.524  -4.592 0.0000000000
60856  57.945  -32.466  -4.114 0.0000000000
60857  56.715  -32.723  -3.520 0.0000000000
60873  62.269  -32.973  -5.932 0.0000000000
60874  60.741  -32.613  -5.755 0.0000000000
60875  58.345  -33.213  -4.748 0.0000000000
60883  62.736  -32.434  -6.047 0.0000000000
60884  62.119  -32.855  -6.092 0.0000000000
60885  61.381  -33.268  -6.112 0.0000000000
60910  55.785  -33.063  -9.584 0.0000000000
60911  54.986  -33.682  -9.639 0.0000000000
60912  53.613  -34.013  -9.586 0.0000000000
60918  54.952  -33.647  -10.000 0.0000000000
60919  54.292  -33.903  -10.162 0.0000000000
60925  54.613  -33.881  -10.128 0.0000000000
61722  56.244  -31.251  0.254 0.0000000000
61723  55.425  -31.615  0.538 0.0000000000
61740  58.289  -31.672  -0.728 0.0000000000
61741  57.580  -31.261  -0.374 0.0000000000
61742  56.877  -31.567  -0.088 0.0000000000
61753  59.929  -31.474  -1.569 0.0000000000
61754  59.136  -31.573  -1.170 0.0000000000
61763  62.475  -32.399  -4.364 0.0000000000
61764  55.755  -31.597  -2.679 0.0000000000
61780  63.394  -31.905  -5.316 0.0000000000
61781  59.367  -30.937  -4.137 0.0000000000
61782  59.042  -31.698  -4.321 0.0000000000
61783  58.042  -31.652  -3.786 0.0000000000
61784  57.141  -31.284  -3.292 0.0000000000
61799  63.759  -31.347  -5.929 0.0000000000
61800  63.270  -32.103  -5.984 0.0000000000
61801  61.933  -31.392  -5.764 0.0000000000
61802  61.706  -32.458  -6.046 0.0000000000
61803  59.962  -31.758  -4.827 0.0000000000
61814  63.210  -32.025  -6.085 0.0000000000
61815  62.588  -32.224  -6.144 0.0000000000
61830  55.969  -32.086  -8.509 0.0000000000
61831  54.850  -32.426  -7.859 0.0000000000
61832  53.205  -32.461  -7.441 0.0000000000
61846  55.546  -33.121  -8.957 0.0000000000
61847  54.286  -33.421  -8.649 0.0000000000
61848  52.722  -33.332  -8.503 0.0000000000
61854  54.860  -33.410  -10.053 0.0000000000
62730  55.700  -30.701  0.499 0.0000000000
62747  59.021  -30.160  -0.837 0.0000000000
62748  58.113  -30.929  -0.562 0.0000000000
62749  57.650  -30.522  -0.344 0.0000000000
62750  57.050  -30.824  -0.107 0.0000000000
62764  61.138  -30.187  -1.949 0.0000000000
62765  60.367  -30.644  -1.625 0.0000000000
62766  59.484  -30.786  -1.183 0.0000000000
62782  62.643  -30.138  -2.966 0.0000000000
62783  61.129  -30.925  -2.186 0.0000000000
62784  57.036  -29.762  -2.880 0.0000000000
62785  57.010  -30.455  -3.023 0.0000000000
62786  55.603  -30.678  -2.462 0.0000000000
62800  64.058  -31.089  -5.114 0.0000000000
62801  62.964  -31.278  -3.867 0.0000000000
62802  59.827  -30.319  -4.108 0.0000000000
62803  58.962  -30.138  -3.675 0.0000000000
62804  57.707  -30.698  -3.369 0.0000000000
62819  64.297  -30.678  -5.627 0.0000000000
62820  63.848  -30.699  -6.046 0.0000000000
62821  62.662  -30.438  -5.679 0.0000000000
62822  60.763  -30.740  -4.772 0.0000000000
62823  60.121  -31.066  -4.559 0.0000000000
62839  64.178  -30.565  -5.882 0.0000000000
62840  63.184  -31.509  -6.093 0.0000000000
62841  54.647  -30.711  -6.409 0.0000000000
62862  56.200  -30.811  -7.623 0.0000000000
62863  55.274  -31.500  -7.404 0.0000000000
62864  53.619  -31.489  -6.562 0.0000000000
62880  55.915  -30.840  -8.655 0.0000000000
62881  56.031  -31.310  -9.102 0.0000000000
62882  54.872  -31.251  -8.846 0.0000000000
62896  56.183  -31.959  -9.352 0.0000000000
62897  55.817  -32.281  -9.519 0.0000000000
62898  53.965  -32.223  -9.496 0.0000000000
63695  55.897  -30.037  0.425 0.0000000000
63709  59.241  -29.524  -0.904 0.0000000000
63710  58.536  -29.467  -0.605 0.0000000000
63711  57.788  -29.777  -0.341 0.0000000000
63712  57.095  -30.064  -0.099 0.0000000000
63724  60.472  -29.676  -1.528 0.0000000000
63725  59.728  -29.991  -1.201 0.0000000000
63739  63.290  -29.386  -3.189 0.0000000000
63740  62.184  -29.150  -2.355 0.0000000000
63741  56.302  -30.014  -2.645 0.0000000000
63756  64.897  -29.322  -5.043 0.0000000000
63757  64.332  -29.504  -4.194 0.0000000000
63758  63.735  -30.340  -4.040 0.0000000000
63759  60.514  -29.701  -4.224 0.0000000000
63760  59.457  -29.470  -3.685 0.0000000000
63761  58.581  -29.338  -3.393 0.0000000000
63762  57.645  -29.157  -3.019 0.0000000000
63778  64.505  -30.039  -5.566 0.0000000000
63779  61.588  -29.569  -4.732 0.0000000000
63790  64.582  -29.379  -5.513 0.0000000000
63791  64.296  -29.860  -5.780 0.0000000000
63792  63.527  -29.764  -5.768 0.0000000000
63793  57.129  -29.479  -7.280 0.0000000000
63794  56.442  -29.916  -7.025 0.0000000000
63795  54.935  -29.992  -6.038 0.0000000000
63807  57.145  -29.868  -7.898 0.0000000000
63808  55.590  -29.903  -7.985 0.0000000000
63823  56.227  -30.712  -8.608 0.0000000000
63824  54.077  -30.433  -8.086 0.0000000000
64604  56.418  -29.520  0.196 0.0000000000
64622  59.093  -28.849  -0.833 0.0000000000
64623  58.348  -28.601  -0.563 0.0000000000
64624  57.516  -28.390  -0.314 0.0000000000
64635  61.454  -28.533  -1.865 0.0000000000
64636  60.555  -28.691  -1.505 0.0000000000
64637  59.671  -28.331  -1.166 0.0000000000
64647  63.921  -28.632  -3.422 0.0000000000
64648  62.897  -28.479  -2.654 0.0000000000
64649  62.118  -28.293  -2.205 0.0000000000
64650  56.976  -28.205  -2.735 0.0000000000
64651  56.042  -28.255  -2.525 0.0000000000
64652  55.175  -28.406  -2.332 0.0000000000
64653  54.319  -27.927  -2.333 0.0000000000
64663  65.058  -28.335  -4.915 0.0000000000
64664  64.692  -28.745  -4.354 0.0000000000
64665  61.082  -27.982  -3.985 0.0000000000
64666  59.920  -28.741  -3.678 0.0000000000
64667  59.042  -28.641  -3.432 0.0000000000
64668  58.330  -28.632  -3.227 0.0000000000
64669  57.817  -28.082  -3.011 0.0000000000
64686  64.831  -28.657  -5.366 0.0000000000
64687  64.083  -28.372  -5.662 0.0000000000
64688  62.989  -28.707  -5.300 0.0000000000
64689  61.791  -28.713  -4.570 0.0000000000
64690  60.819  -28.788  -4.097 0.0000000000
64691  56.317  -28.581  -6.085 0.0000000000
64692  55.158  -28.476  -5.357 0.0000000000
64703  64.537  -28.965  -5.614 0.0000000000
64704  63.943  -29.163  -5.776 0.0000000000
64705  57.076  -29.338  -7.114 0.0000000000
64706  56.451  -29.240  -6.524 0.0000000000
64707  55.154  -29.289  -5.751 0.0000000000
64718  56.960  -29.503  -7.189 0.0000000000
64719  56.125  -29.229  -7.619 0.0000000000
65543  56.678  -28.621  0.012 0.0000000000
65564  58.894  -28.036  -0.823 0.0000000000
65565  58.606  -27.176  -0.822 0.0000000000
65566  57.430  -27.431  -0.429 0.0000000000
65581  61.009  -27.146  -1.675 0.0000000000
65582  60.284  -27.769  -1.423 0.0000000000
65583  59.464  -27.495  -1.147 0.0000000000
65590  63.492  -27.776  -2.851 0.0000000000
65591  62.524  -27.667  -2.346 0.0000000000
65592  61.683  -27.729  -1.940 0.0000000000
65593  57.221  -27.297  -2.894 0.0000000000
65594  56.297  -27.328  -2.715 0.0000000000
65595  55.262  -27.431  -2.595 0.0000000000
65596  54.517  -27.229  -2.691 0.0000000000
65597  53.818  -27.347  -2.733 0.0000000000
65605  65.052  -27.388  -4.585 0.0000000000
65606  64.560  -27.867  -3.784 0.0000000000
65607  61.320  -27.085  -3.971 0.0000000000
65608  60.321  -27.318  -3.650 0.0000000000
65609  59.466  -27.775  -3.465 0.0000000000
65610  58.581  -27.922  -3.245 0.0000000000
65611  58.032  -27.219  -3.131 0.0000000000
65612  54.361  -27.027  -4.065 0.0000000000
65613  53.734  -27.314  -3.524 0.0000000000
65625  65.027  -27.740  -5.281 0.0000000000
65626  64.220  -27.450  -5.591 0.0000000000
65627  63.123  -27.723  -5.123 0.0000000000
65628  62.053  -27.885  -4.498 0.0000000000
65629  56.085  -27.727  -5.556 0.0000000000
65630  55.144  -27.652  -4.886 0.0000000000
65631  54.143  -27.659  -4.325 0.0000000000
65645  64.726  -28.076  -5.510 0.0000000000
65646  57.511  -28.678  -7.089 0.0000000000
65647  57.294  -28.774  -6.921 0.0000000000
65648  55.616  -28.000  -7.038 0.0000000000
65660  57.444  -28.735  -7.458 0.0000000000
65661  57.236  -29.078  -7.448 0.0000000000
65662  55.880  -28.673  -7.375 0.0000000000
65663  54.181  -28.466  -6.611 0.0000000000
66554  60.563  -26.495  -1.630 0.0000000000
66555  59.875  -26.253  -1.490 0.0000000000
66556  59.280  -26.696  -1.217 0.0000000000
66564  64.388  -26.384  -3.217 0.0000000000
66565  63.492  -26.340  -2.633 0.0000000000
66566  62.196  -26.139  -2.233 0.0000000000
66567  56.598  -26.536  -3.050 0.0000000000
66568  55.722  -26.639  -2.968 0.0000000000
66569  54.904  -26.714  -2.984 0.0000000000
66570  54.247  -26.917  -3.248 0.0000000000
66576  64.969  -26.534  -4.150 0.0000000000
66577  63.957  -27.055  -3.016 0.0000000000
66578  60.503  -26.427  -3.684 0.0000000000
66579  58.258  -26.351  -3.327 0.0000000000
66580  57.446  -26.506  -3.168 0.0000000000
66581  56.069  -25.984  -3.542 0.0000000000
66582  55.280  -26.317  -3.862 0.0000000000
66583  54.682  -26.683  -3.732 0.0000000000
66590  65.189  -26.818  -5.052 0.0000000000
66591  64.238  -26.649  -5.558 0.0000000000
66592  63.167  -26.780  -5.063 0.0000000000
66593  61.913  -26.393  -4.284 0.0000000000
66594  55.820  -26.733  -4.883 0.0000000000
66595  55.098  -26.891  -4.451 0.0000000000
66596  53.144  -25.677  -4.857 0.0000000000
66614  64.857  -27.010  -5.500 0.0000000000
66615  58.320  -27.919  -7.557 0.0000000000
66616  57.490  -27.973  -6.789 0.0000000000
66617  56.874  -27.837  -6.156 0.0000000000
66618  54.482  -26.455  -5.860 0.0000000000
66619  53.560  -26.267  -5.304 0.0000000000
66620  53.273  -26.938  -5.431 0.0000000000
66631  59.055  -27.762  -8.125 0.0000000000
66632  57.637  -28.349  -7.533 0.0000000000
66633  57.125  -28.162  -7.802 0.0000000000
66634  55.657  -27.020  -6.667 0.0000000000
66646  59.489  -26.513  -9.216 0.0000000000
66647  59.757  -26.770  -9.165 0.0000000000
66648  59.400  -27.350  -8.604 0.0000000000
66649  58.434  -27.387  -8.469 0.0000000000
66662  59.431  -26.705  -9.176 0.0000000000
67531  61.359  -26.237  -1.931 0.0000000000
67532  60.523  -25.857  -1.754 0.0000000000
67543  64.745  -25.740  -3.542 0.0000000000
67544  63.989  -25.657  -2.731 0.0000000000
67545  62.912  -25.689  -2.377 0.0000000000
67546  61.950  -25.573  -2.223 0.0000000000
67547  61.184  -25.557  -2.054 0.0000000000
67551  65.083  -25.899  -4.561 0.0000000000
67552  61.047  -25.732  -3.892 0.0000000000
67553  59.871  -25.470  -3.670 0.0000000000
67554  57.783  -25.518  -3.561 0.0000000000
67555  56.526  -25.621  -4.427 0.0000000000
67556  55.883  -26.111  -4.400 0.0000000000
67568  64.831  -25.451  -5.173 0.0000000000
67569  63.612  -26.018  -5.323 0.0000000000
67570  62.932  -25.374  -4.961 0.0000000000
67571  61.371  -25.068  -4.214 0.0000000000
67572  60.624  -24.884  -3.984 0.0000000000
67573  57.333  -26.330  -5.939 0.0000000000
67574  56.473  -26.552  -5.333 0.0000000000
67587  64.397  -25.214  -5.532 0.0000000000
67588  63.874  -25.287  -5.540 0.0000000000
67589  58.591  -26.772  -7.305 0.0000000000
67590  55.252  -25.010  -6.282 0.0000000000
67591  54.864  -25.855  -6.010 0.0000000000
67592  53.849  -25.523  -5.322 0.0000000000
67601  59.450  -26.943  -8.435 0.0000000000
67602  57.538  -27.568  -8.025 0.0000000000
67603  56.092  -26.512  -6.903 0.0000000000
67611  58.986  -26.047  -9.005 0.0000000000
67612  58.846  -26.113  -8.789 0.0000000000
67613  58.870  -26.785  -9.036 0.0000000000
67625  59.253  -26.332  -9.162 0.0000000000
68492  60.557  -25.133  -2.024 0.0000000000
68509  64.502  -23.902  -2.767 0.0000000000
68510  63.946  -24.142  -2.344 0.0000000000
68511  62.519  -24.916  -2.298 0.0000000000
68512  61.528  -24.916  -2.242 0.0000000000
68521  64.799  -24.489  -3.753 0.0000000000
68522  59.860  -24.597  -3.913 0.0000000000
68523  59.029  -24.667  -3.854 0.0000000000
68524  58.124  -24.836  -3.862 0.0000000000
68525  57.309  -25.120  -3.949 0.0000000000
68537  64.756  -24.693  -4.905 0.0000000000
68538  62.538  -23.872  -5.266 0.0000000000
68539  61.351  -24.357  -4.468 0.0000000000
68540  60.438  -24.069  -4.313 0.0000000000
68541  59.476  -23.948  -4.307 0.0000000000
68542  58.480  -24.087  -4.572 0.0000000000
68543  57.676  -24.612  -4.705 0.0000000000
68544  53.197  -24.274  -4.797 0.0000000000
68555  64.466  -24.843  -5.399 0.0000000000
68556  64.078  -24.510  -5.668 0.0000000000
68557  63.263  -24.598  -5.357 0.0000000000
68558  58.935  -24.459  -6.895 0.0000000000
68559  57.922  -25.178  -6.020 0.0000000000
68560  55.061  -24.023  -6.351 0.0000000000
68561  54.369  -24.082  -5.869 0.0000000000
68562  53.752  -24.582  -5.232 0.0000000000
68572  59.543  -25.667  -8.118 0.0000000000
68573  59.130  -25.793  -7.536 0.0000000000
68574  56.882  -24.723  -7.277 0.0000000000
68575  55.839  -24.390  -6.658 0.0000000000
68584  58.873  -25.342  -8.712 0.0000000000
68585  58.973  -25.464  -8.894 0.0000000000
68599  59.058  -26.156  -9.092 0.0000000000
69461  63.979  -22.742  -1.888 0.0000000000
69462  63.230  -22.614  -1.747 0.0000000000
69482  64.400  -23.173  -2.517 0.0000000000
69483  64.168  -23.309  -2.234 0.0000000000
69484  63.365  -23.495  -2.064 0.0000000000
69485  60.771  -24.181  -2.302 0.0000000000
69502  64.588  -23.466  -3.291 0.0000000000
69512  64.588  -23.909  -4.593 0.0000000000
69513  64.220  -23.395  -5.518 0.0000000000
69514  63.594  -23.204  -6.092 0.0000000000
69515  61.311  -23.426  -4.893 0.0000000000
69516  60.148  -23.071  -4.890 0.0000000000
69517  59.124  -23.335  -5.113 0.0000000000
69518  58.153  -24.310  -5.524 0.0000000000
69519  53.520  -23.646  -5.345 0.0000000000
69520  52.761  -23.630  -4.637 0.0000000000
69529  64.315  -24.190  -5.476 0.0000000000
69530  64.051  -23.581  -5.890 0.0000000000
69531  59.734  -22.692  -5.803 0.0000000000
69532  59.241  -23.344  -6.445 0.0000000000
69533  53.045  -23.034  -5.199 0.0000000000
69541  59.803  -22.940  -7.444 0.0000000000
69542  59.714  -24.343  -8.114 0.0000000000
69543  56.269  -23.838  -6.819 0.0000000000
69544  55.462  -23.555  -6.520 0.0000000000
69545  54.673  -23.374  -6.329 0.0000000000
69546  53.938  -23.158  -6.113 0.0000000000
69552  59.818  -23.002  -8.194 0.0000000000
69553  59.321  -24.368  -8.457 0.0000000000
69554  58.877  -24.185  -8.377 0.0000000000
69555  57.370  -23.741  -7.328 0.0000000000
70445  64.077  -21.889  -1.687 0.0000000000
70446  62.972  -21.803  -1.529 0.0000000000
70447  61.660  -21.705  -1.785 0.0000000000
70466  64.451  -22.777  -2.604 0.0000000000
70467  64.320  -22.484  -2.103 0.0000000000
70468  62.091  -22.515  -1.913 0.0000000000
70469  60.907  -22.452  -2.215 0.0000000000
70486  64.478  -22.774  -3.151 0.0000000000
70487  64.121  -22.333  -3.621 0.0000000000
70494  64.341  -23.120  -4.272 0.0000000000
70495  64.029  -22.668  -5.266 0.0000000000
70496  63.820  -22.267  -5.921 0.0000000000
70497  62.576  -22.959  -5.854 0.0000000000
70498  61.377  -22.572  -5.588 0.0000000000
70499  60.524  -22.473  -5.694 0.0000000000
70506  63.926  -22.749  -6.111 0.0000000000
70507  63.605  -22.140  -6.316 0.0000000000
70508  62.910  -22.202  -6.505 0.0000000000
70509  61.465  -21.804  -6.442 0.0000000000
70510  60.394  -22.045  -6.544 0.0000000000
70511  53.372  -22.749  -5.864 0.0000000000
70512  52.857  -22.367  -5.580 0.0000000000
70517  60.925  -21.437  -7.147 0.0000000000
70518  60.291  -22.252  -7.961 0.0000000000
70519  57.002  -22.595  -6.838 0.0000000000
70520  55.187  -22.831  -6.471 0.0000000000
70521  54.359  -22.650  -6.399 0.0000000000
70522  53.663  -22.385  -6.273 0.0000000000
70523  53.134  -22.005  -6.191 0.0000000000
70531  60.370  -21.808  -7.876 0.0000000000
70532  60.114  -22.383  -8.123 0.0000000000
70533  59.622  -22.653  -8.178 0.0000000000
70534  58.299  -23.058  -7.630 0.0000000000
71451  64.319  -21.023  -1.860 0.0000000000
71452  63.753  -21.040  -1.524 0.0000000000
71453  62.523  -20.992  -1.450 0.0000000000
71472  64.417  -22.112  -2.443 0.0000000000
71473  64.397  -21.224  -2.178 0.0000000000
71474  60.441  -21.624  -2.072 0.0000000000
71488  64.012  -21.533  -3.156 0.0000000000
71489  63.151  -21.083  -4.024 0.0000000000
71500  63.616  -22.014  -4.690 0.0000000000
71501  63.400  -21.660  -5.984 0.0000000000
71509  63.162  -21.370  -6.763 0.0000000000
71510  62.785  -20.409  -7.502 0.0000000000
71511  62.121  -21.021  -7.363 0.0000000000
71512  52.607  -21.618  -6.018 0.0000000000
71516  61.940  -20.223  -8.778 0.0000000000
71517  61.393  -20.861  -8.101 0.0000000000
71518  59.233  -21.868  -7.687 0.0000000000
71519  57.425  -21.832  -6.740 0.0000000000
71520  56.489  -21.829  -6.485 0.0000000000
71521  54.936  -22.086  -6.430 0.0000000000
71522  54.049  -21.963  -6.461 0.0000000000
71523  52.898  -21.289  -6.452 0.0000000000
71527  61.225  -20.855  -8.258 0.0000000000
71528  60.119  -21.944  -8.139 0.0000000000
71529  58.485  -22.354  -7.433 0.0000000000
72391  64.177  -20.276  -1.766 0.0000000000
72392  63.358  -20.271  -1.445 0.0000000000
72393  62.106  -20.213  -1.393 0.0000000000
72394  61.130  -20.091  -1.421 0.0000000000
72413  64.393  -20.312  -1.985 0.0000000000
72426  64.139  -20.535  -2.476 0.0000000000
72440  62.739  -20.725  -5.617 0.0000000000
72441  62.263  -19.943  -5.549 0.0000000000
72449  62.679  -20.073  -7.128 0.0000000000
72450  56.993  -20.335  -5.947 0.0000000000
72451  56.060  -20.490  -6.018 0.0000000000
72452  55.149  -20.613  -6.168 0.0000000000
72453  52.207  -20.913  -6.396 0.0000000000
72459  62.629  -19.740  -8.493 0.0000000000
72460  60.024  -20.357  -7.764 0.0000000000
72461  58.862  -20.898  -7.051 0.0000000000
72462  57.665  -20.989  -6.450 0.0000000000
72463  56.674  -21.129  -6.293 0.0000000000
72464  55.671  -21.388  -6.324 0.0000000000
72465  54.589  -21.348  -6.385 0.0000000000
72466  53.249  -20.799  -6.550 0.0000000000
72467  52.488  -20.445  -6.656 0.0000000000
72468  51.779  -20.272  -6.730 0.0000000000
72470  62.275  -19.589  -9.114 0.0000000000
72471  61.719  -20.066  -8.926 0.0000000000
72472  60.831  -20.633  -8.274 0.0000000000
72473  59.873  -21.302  -7.930 0.0000000000
73274  63.924  -19.460  -1.681 0.0000000000
73275  63.066  -18.898  -1.471 0.0000000000
73276  61.736  -19.355  -1.349 0.0000000000
73289  64.184  -18.917  -2.002 0.0000000000
73290  64.056  -18.885  -2.266 0.0000000000
73301  64.326  -19.618  -2.068 0.0000000000
73302  63.640  -19.854  -2.924 0.0000000000
73303  61.933  -19.268  -4.730 0.0000000000
73317  62.502  -20.106  -4.272 0.0000000000
73327  62.093  -19.218  -6.418 0.0000000000
73328  58.426  -19.205  -5.852 0.0000000000
73329  57.358  -19.512  -5.563 0.0000000000
73330  56.403  -19.701  -5.586 0.0000000000
73331  55.527  -19.857  -5.782 0.0000000000
73332  54.226  -19.806  -6.134 0.0000000000
73333  53.811  -19.132  -6.048 0.0000000000
73334  51.321  -20.080  -6.436 0.0000000000
73335  50.746  -19.534  -6.189 0.0000000000
73339  62.609  -18.996  -8.221 0.0000000000
73340  60.369  -19.249  -7.725 0.0000000000
73341  59.183  -19.792  -6.693 0.0000000000
73342  58.044  -20.139  -6.168 0.0000000000
73343  54.142  -20.592  -6.344 0.0000000000
73344  53.438  -20.058  -6.460 0.0000000000
73345  51.935  -19.779  -6.996 0.0000000000
73346  51.262  -19.618  -6.984 0.0000000000
73351  62.549  -18.907  -9.122 0.0000000000
73352  62.152  -19.167  -9.271 0.0000000000
73353  61.243  -19.751  -8.713 0.0000000000
73354  46.954  -20.399  -8.368 0.0000000000
73358  47.024  -20.185  -8.859 0.0000000000
73359  46.567  -20.294  -8.883 0.0000000000
73360  46.352  -20.330  -8.509 0.0000000000
73361  45.622  -19.899  -9.177 0.0000000000
74212  63.901  -18.676  -1.773 0.0000000000
74213  63.349  -18.062  -1.633 0.0000000000
74214  62.070  -18.323  -1.348 0.0000000000
74232  64.002  -18.013  -2.073 0.0000000000
74233  64.194  -18.236  -1.976 0.0000000000
74246  63.455  -18.033  -2.599 0.0000000000
74247  61.977  -18.326  -3.960 0.0000000000
74258  61.613  -18.380  -5.531 0.0000000000
74259  57.037  -18.096  -4.784 0.0000000000
74260  56.120  -18.323  -4.779 0.0000000000
74261  55.247  -18.465  -4.987 0.0000000000
74272  62.236  -18.198  -7.564 0.0000000000
74273  59.802  -17.701  -6.867 0.0000000000
74274  58.722  -18.268  -5.769 0.0000000000
74275  57.691  -18.645  -5.277 0.0000000000
74276  56.728  -18.915  -5.134 0.0000000000
74277  55.812  -19.105  -5.259 0.0000000000
74278  54.451  -18.465  -5.361 0.0000000000
74279  53.793  -18.217  -5.751 0.0000000000
74280  50.266  -18.874  -6.219 0.0000000000
74281  49.784  -18.405  -5.702 0.0000000000
74282  49.159  -17.900  -5.218 0.0000000000
74286  62.338  -17.216  -8.390 0.0000000000
74287  61.922  -17.315  -9.258 0.0000000000
74288  60.717  -18.059  -8.100 0.0000000000
74289  59.495  -18.752  -6.610 0.0000000000
74290  53.157  -18.584  -6.408 0.0000000000
74291  52.313  -18.933  -6.915 0.0000000000
74292  51.074  -18.919  -7.271 0.0000000000
74293  50.559  -18.958  -7.011 0.0000000000
74294  49.943  -18.482  -6.705 0.0000000000
74297  62.528  -18.027  -8.912 0.0000000000
74298  62.309  -18.112  -9.268 0.0000000000
74299  61.670  -18.510  -9.069 0.0000000000
74300  50.635  -18.451  -7.272 0.0000000000
74301  47.545  -18.661  -7.779 0.0000000000
74302  47.230  -19.706  -7.962 0.0000000000
74303  46.459  -20.087  -8.077 0.0000000000
74304  45.572  -19.717  -8.628 0.0000000000
74308  47.302  -19.776  -8.309 0.0000000000
74309  44.795  -19.159  -9.389 0.0000000000
74313  47.217  -19.389  -8.821 0.0000000000
74314  46.489  -19.304  -9.497 0.0000000000
74315  45.291  -18.695  -10.101 0.0000000000
74316  44.666  -18.952  -9.982 0.0000000000
74317  44.471  -17.997  -10.330 0.0000000000
75218  61.817  -16.760  -0.721 0.0000000000
75232  63.552  -17.378  -1.778 0.0000000000
75233  62.620  -17.272  -1.336 0.0000000000
75234  61.265  -17.753  -0.976 0.0000000000
75255  63.686  -17.002  -1.988 0.0000000000
75256  63.861  -17.481  -2.057 0.0000000000
75266  63.226  -16.963  -2.611 0.0000000000
75277  61.478  -17.280  -5.019 0.0000000000
75278  58.238  -16.889  -5.211 0.0000000000
75279  57.333  -17.225  -4.692 0.0000000000
75280  56.411  -17.473  -4.514 0.0000000000
75281  55.532  -17.673  -4.579 0.0000000000
75282  54.782  -17.795  -4.805 0.0000000000
75283  54.335  -17.216  -4.767 0.0000000000
75296  61.758  -16.721  -7.185 0.0000000000
75297  60.116  -16.605  -7.318 0.0000000000
75298  59.017  -17.319  -5.867 0.0000000000
75299  57.987  -17.767  -5.154 0.0000000000
75300  53.764  -17.392  -5.412 0.0000000000
75301  53.299  -17.258  -6.146 0.0000000000
75302  49.406  -17.961  -6.216 0.0000000000
75303  48.684  -17.552  -5.787 0.0000000000
75310  62.120  -16.505  -8.680 0.0000000000
75311  61.959  -16.524  -9.042 0.0000000000
75312  61.087  -16.868  -8.577 0.0000000000
75313  53.375  -17.873  -6.104 0.0000000000
75314  52.743  -17.944  -6.670 0.0000000000
75315  51.822  -18.448  -7.167 0.0000000000
75316  49.550  -18.101  -6.926 0.0000000000
75317  48.805  -17.712  -6.813 0.0000000000
75318  47.437  -17.101  -6.532 0.0000000000
75319  46.726  -17.402  -7.226 0.0000000000
75324  62.213  -17.182  -9.135 0.0000000000
75325  52.235  -17.422  -7.146 0.0000000000
75326  51.253  -18.046  -7.353 0.0000000000
75327  50.613  -17.659  -7.418 0.0000000000
75328  50.024  -18.253  -7.159 0.0000000000
75329  48.301  -17.602  -7.229 0.0000000000
75330  47.660  -17.963  -7.480 0.0000000000
75331  46.612  -18.914  -7.639 0.0000000000
75332  45.467  -19.021  -8.090 0.0000000000
75337  48.084  -17.588  -7.543 0.0000000000
75338  47.579  -18.386  -8.250 0.0000000000
75339  44.457  -18.601  -9.033 0.0000000000
75340  43.893  -18.135  -9.864 0.0000000000
75341  43.289  -16.622  -10.196 0.0000000000
75343  45.882  -17.628  -9.819 0.0000000000
75344  43.849  -17.619  -10.319 0.0000000000
75345  43.569  -16.368  -10.576 0.0000000000
75346  44.856  -17.290  -10.379 0.0000000000
75347  44.094  -16.954  -10.667 0.0000000000
76179  62.449  -15.781  0.172 0.0000000000
76200  63.496  -14.936  -0.962 0.0000000000
76201  62.678  -15.802  -0.460 0.0000000000
76202  61.366  -16.599  -0.050 0.0000000000
76219  63.417  -15.732  -1.716 0.0000000000
76220  63.046  -16.106  -1.250 0.0000000000
76244  63.565  -16.369  -2.058 0.0000000000
76255  62.912  -15.773  -2.770 0.0000000000
76256  62.150  -15.754  -3.755 0.0000000000
76264  61.588  -16.178  -4.738 0.0000000000
76265  58.426  -16.077  -5.372 0.0000000000
76266  57.632  -16.294  -4.784 0.0000000000
76267  56.721  -16.567  -4.419 0.0000000000
76268  55.788  -16.799  -4.303 0.0000000000
76269  53.943  -16.634  -4.760 0.0000000000
76282  61.484  -16.223  -6.216 0.0000000000
76283  60.374  -15.505  -7.646 0.0000000000
76284  59.220  -16.354  -6.094 0.0000000000
76285  53.481  -16.618  -5.420 0.0000000000
76296  61.562  -15.471  -7.472 0.0000000000
76297  61.277  -15.990  -8.504 0.0000000000
76298  53.186  -16.556  -6.302 0.0000000000
76299  46.580  -16.481  -6.617 0.0000000000
76303  52.827  -16.488  -7.015 0.0000000000
76304  52.250  -16.522  -7.395 0.0000000000
76305  51.274  -16.661  -7.531 0.0000000000
76306  50.266  -16.866  -7.509 0.0000000000
76307  49.159  -17.124  -7.415 0.0000000000
76308  45.916  -16.269  -7.442 0.0000000000
76309  44.851  -15.944  -8.265 0.0000000000
76313  48.482  -16.745  -7.699 0.0000000000
76314  47.871  -16.941  -8.078 0.0000000000
76315  47.225  -17.064  -8.566 0.0000000000
76316  43.760  -15.439  -9.259 0.0000000000
76317  43.147  -15.196  -9.953 0.0000000000
76321  46.343  -16.166  -9.201 0.0000000000
76322  45.283  -15.890  -10.027 0.0000000000
76323  43.310  -15.374  -10.335 0.0000000000
76324  44.410  -15.884  -10.477 0.0000000000
76325  43.939  -16.004  -10.710 0.0000000000
76326  43.622  -15.415  -10.577 0.0000000000
77180  63.632  -13.957  0.245 0.0000000000
77181  63.644  -14.731  0.566 0.0000000000
77203  63.539  -14.076  -0.598 0.0000000000
77204  63.505  -14.631  -0.238 0.0000000000
77227  63.446  -14.379  -1.376 0.0000000000
77248  63.456  -15.140  -2.025 0.0000000000
77257  63.032  -14.749  -2.570 0.0000000000
77258  62.494  -14.771  -3.420 0.0000000000
77266  61.835  -15.193  -4.490 0.0000000000
77267  58.029  -15.148  -5.225 0.0000000000
77268  56.482  -14.624  -4.493 0.0000000000
77269  55.606  -14.927  -4.183 0.0000000000
77270  54.738  -15.148  -4.116 0.0000000000
77271  53.878  -15.199  -4.277 0.0000000000
77272  53.169  -15.197  -4.696 0.0000000000
77282  61.498  -15.435  -5.781 0.0000000000
77283  60.010  -14.415  -7.477 0.0000000000
77284  59.155  -15.364  -6.206 0.0000000000
77285  57.770  -13.605  -5.603 0.0000000000
77286  53.561  -15.960  -4.733 0.0000000000
77287  53.135  -15.852  -5.541 0.0000000000
77300  61.469  -14.618  -6.933 0.0000000000
77301  61.282  -14.850  -8.088 0.0000000000
77302  60.969  -14.617  -8.195 0.0000000000
77303  53.103  -15.864  -6.699 0.0000000000
77308  52.936  -15.599  -7.436 0.0000000000
77309  52.172  -15.847  -7.691 0.0000000000
77310  50.955  -15.976  -7.693 0.0000000000
77311  49.806  -16.104  -7.644 0.0000000000
77312  48.965  -16.201  -7.692 0.0000000000
77313  46.193  -15.281  -7.132 0.0000000000
77314  45.416  -15.120  -8.077 0.0000000000
77319  51.899  -15.278  -8.071 0.0000000000
77320  50.447  -15.322  -7.941 0.0000000000
77321  49.182  -15.318  -7.952 0.0000000000
77322  48.214  -15.803  -8.030 0.0000000000
77323  47.395  -14.829  -8.478 0.0000000000
77324  46.395  -14.678  -8.957 0.0000000000
77325  44.544  -14.563  -9.058 0.0000000000
77326  43.611  -14.446  -9.875 0.0000000000
77330  45.336  -14.647  -9.520 0.0000000000
77331  44.511  -14.571  -10.172 0.0000000000
77332  43.481  -14.583  -10.252 0.0000000000
77333  43.622  -14.732  -10.427 0.0000000000
77334  43.888  -14.794  -10.506 0.0000000000
78172  63.204  -13.699  0.483 0.0000000000
78192  63.246  -13.685  -0.365 0.0000000000
78193  62.150  -13.741  -0.559 0.0000000000
78220  63.352  -13.758  -1.011 0.0000000000
78221  61.853  -13.695  -1.445 0.0000000000
78241  62.690  -13.610  -2.415 0.0000000000
78242  62.165  -13.416  -2.300 0.0000000000
78243  60.971  -13.695  -2.358 0.0000000000
78244  59.576  -14.200  -2.377 0.0000000000
78259  62.771  -14.011  -2.806 0.0000000000
78260  62.337  -13.694  -3.574 0.0000000000
78271  61.992  -13.210  -4.782 0.0000000000
78272  56.844  -13.200  -5.211 0.0000000000
78273  55.934  -13.283  -4.678 0.0000000000
78274  55.128  -12.848  -4.592 0.0000000000
78275  54.411  -14.082  -4.215 0.0000000000
78276  53.450  -14.354  -4.331 0.0000000000
78277  52.749  -14.467  -4.695 0.0000000000
78287  61.524  -13.583  -6.295 0.0000000000
78288  52.390  -14.522  -5.348 0.0000000000
78289  52.071  -14.116  -5.779 0.0000000000
78300  61.274  -13.959  -7.656 0.0000000000
78301  61.044  -13.579  -7.761 0.0000000000
78302  59.580  -13.134  -7.292 0.0000000000
78303  52.801  -14.726  -6.745 0.0000000000
78304  46.350  -14.333  -7.143 0.0000000000
78311  53.190  -14.891  -7.726 0.0000000000
78312  53.086  -15.099  -7.989 0.0000000000
78313  45.679  -14.323  -8.469 0.0000000000
78316  53.234  -14.352  -8.160 0.0000000000
78317  52.787  -14.520  -8.450 0.0000000000
78318  51.118  -14.656  -8.313 0.0000000000
78319  48.883  -14.330  -8.367 0.0000000000
78320  47.687  -14.135  -8.569 0.0000000000
78321  46.687  -13.922  -8.756 0.0000000000
78322  45.805  -14.237  -8.635 0.0000000000
78323  44.593  -14.459  -9.507 0.0000000000
78324  43.696  -14.547  -10.289 0.0000000000
78328  43.662  -14.584  -10.421 0.0000000000
79142  62.433  -13.420  -2.999 0.0000000000
79143  62.275  -13.294  -2.930 0.0000000000
79144  60.147  -13.520  -3.196 0.0000000000
79145  58.921  -13.756  -3.104 0.0000000000
79146  57.874  -13.492  -3.087 0.0000000000
79147  56.292  -12.897  -2.892 0.0000000000
79148  55.543  -12.562  -2.820 0.0000000000
79155  62.060  -13.002  -3.771 0.0000000000
79156  61.551  -12.634  -4.283 0.0000000000
79157  60.646  -12.649  -4.040 0.0000000000
79158  58.604  -12.124  -4.425 0.0000000000
79159  57.689  -12.177  -4.004 0.0000000000
79160  56.834  -11.896  -3.785 0.0000000000
79170  61.556  -12.266  -5.095 0.0000000000
79171  60.988  -11.859  -5.006 0.0000000000
79172  59.723  -12.015  -4.773 0.0000000000
79173  56.480  -11.491  -5.595 0.0000000000
79174  53.869  -13.093  -4.381 0.0000000000
79175  52.908  -13.578  -4.450 0.0000000000
79176  52.270  -13.748  -4.783 0.0000000000
79177  51.815  -13.082  -4.860 0.0000000000
79186  61.265  -12.821  -7.081 0.0000000000
79187  57.367  -11.647  -6.130 0.0000000000
79188  56.987  -10.771  -5.799 0.0000000000
79189  51.937  -13.748  -5.119 0.0000000000
79190  51.557  -13.336  -5.569 0.0000000000
79204  60.743  -12.626  -7.540 0.0000000000
79205  60.080  -12.233  -7.589 0.0000000000
79206  59.116  -11.737  -7.247 0.0000000000
79207  53.172  -14.326  -7.754 0.0000000000
79208  52.294  -13.968  -6.691 0.0000000000
79217  52.783  -13.752  -7.557 0.0000000000
79218  46.419  -13.376  -8.175 0.0000000000
79222  53.340  -13.694  -8.526 0.0000000000
79223  53.147  -14.005  -8.997 0.0000000000
79224  51.592  -14.041  -8.744 0.0000000000
79225  50.086  -14.102  -8.495 0.0000000000
79226  48.121  -13.587  -8.800 0.0000000000
79227  47.062  -13.407  -8.947 0.0000000000
79228  46.545  -13.378  -8.561 0.0000000000
79232  53.468  -13.476  -9.048 0.0000000000
79233  53.203  -13.460  -9.281 0.0000000000
79234  51.989  -13.499  -9.235 0.0000000000
79235  50.192  -13.348  -8.968 0.0000000000
79236  48.695  -13.074  -9.089 0.0000000000
79237  47.486  -12.894  -9.185 0.0000000000
80095  56.014  -11.478  -3.710 0.0000000000
80096  55.314  -11.447  -3.483 0.0000000000
80097  54.589  -11.568  -3.156 0.0000000000
80098  53.681  -11.717  -2.733 0.0000000000
80099  52.977  -11.375  -2.738 0.0000000000
80100  52.227  -11.645  -2.434 0.0000000000
80108  57.805  -11.095  -4.997 0.0000000000
80109  57.059  -10.795  -4.921 0.0000000000
80110  56.229  -10.540  -4.910 0.0000000000
80111  55.544  -10.597  -4.498 0.0000000000
80112  55.159  -10.655  -3.909 0.0000000000
80122  60.940  -11.347  -6.001 0.0000000000
80123  60.104  -11.116  -5.811 0.0000000000
80124  58.711  -11.014  -5.573 0.0000000000
80125  57.472  -10.709  -5.754 0.0000000000
80126  56.195  -10.661  -5.289 0.0000000000
80127  53.995  -11.646  -4.658 0.0000000000
80128  53.154  -11.474  -4.558 0.0000000000
80129  51.964  -11.962  -4.652 0.0000000000
80130  51.368  -12.348  -5.049 0.0000000000
80140  60.967  -11.886  -7.135 0.0000000000
80141  60.747  -11.189  -6.895 0.0000000000
80142  60.238  -10.776  -6.704 0.0000000000
80143  58.283  -11.243  -6.718 0.0000000000
80144  57.782  -10.806  -6.258 0.0000000000
80145  51.003  -12.468  -5.668 0.0000000000
80159  60.418  -11.510  -7.410 0.0000000000
80160  58.836  -10.931  -7.165 0.0000000000
80161  58.555  -10.788  -6.711 0.0000000000
80162  51.583  -13.130  -6.701 0.0000000000
80163  50.739  -12.205  -6.351 0.0000000000
80174  52.569  -13.100  -7.803 0.0000000000
80175  51.303  -12.361  -7.228 0.0000000000
80181  53.219  -12.884  -8.547 0.0000000000
80182  46.738  -12.891  -9.047 0.0000000000
80183  46.590  -12.727  -8.503 0.0000000000
80187  54.253  -12.130  -10.108 0.0000000000
80188  53.605  -12.730  -9.558 0.0000000000
80189  52.357  -12.932  -9.632 0.0000000000
80190  50.809  -12.702  -9.409 0.0000000000
80191  49.379  -12.512  -9.353 0.0000000000
80192  48.126  -12.393  -9.453 0.0000000000
80193  46.686  -12.438  -9.071 0.0000000000
80194  54.021  -12.223  -10.266 0.0000000000
80195  52.789  -12.393  -10.166 0.0000000000
81002  54.242  -10.739  -3.643 0.0000000000
81003  53.443  -10.812  -3.393 0.0000000000
81004  52.596  -10.756  -3.194 0.0000000000
81005  51.822  -11.099  -2.652 0.0000000000
81017  55.576  -10.460  -5.060 0.0000000000
81018  55.227  -10.459  -4.764 0.0000000000
81019  54.627  -10.518  -4.354 0.0000000000
81020  53.865  -10.414  -4.031 0.0000000000
81021  53.188  -10.415  -3.824 0.0000000000
81029  59.284  -10.667  -6.470 0.0000000000
81030  58.362  -10.714  -6.358 0.0000000000
81031  55.296  -10.454  -5.034 0.0000000000
81032  54.016  -10.874  -4.788 0.0000000000
81033  53.562  -10.673  -4.396 0.0000000000
81034  52.666  -10.834  -4.459 0.0000000000
81035  51.469  -11.099  -4.648 0.0000000000
81036  50.558  -11.057  -4.967 0.0000000000
81047  60.163  -10.838  -7.220 0.0000000000
81048  59.518  -10.640  -7.090 0.0000000000
81049  58.887  -10.639  -6.815 0.0000000000
81050  50.882  -11.778  -5.194 0.0000000000
81051  50.551  -11.695  -5.647 0.0000000000
81067  59.574  -11.038  -7.402 0.0000000000
81068  59.019  -10.696  -7.110 0.0000000000
81069  50.509  -11.671  -6.828 0.0000000000
81084  52.081  -12.265  -8.028 0.0000000000
81085  50.940  -11.624  -7.579 0.0000000000
81086  46.634  -11.527  -7.501 0.0000000000
81093  53.646  -12.708  -9.423 0.0000000000
81094  52.936  -12.096  -8.731 0.0000000000
81095  51.534  -11.412  -8.259 0.0000000000
81096  46.709  -11.173  -8.476 0.0000000000
81099  54.254  -11.851  -10.359 0.0000000000
81100  54.259  -12.082  -9.974 0.0000000000
81101  51.283  -12.162  -9.852 0.0000000000
81102  49.974  -11.921  -9.657 0.0000000000
81103  48.736  -11.808  -9.730 0.0000000000
81104  47.599  -11.782  -9.838 0.0000000000
81105  46.919  -11.676  -9.705 0.0000000000
81106  46.748  -11.536  -9.304 0.0000000000
81107  54.149  -11.592  -10.975 0.0000000000
81108  53.118  -11.703  -10.718 0.0000000000
81109  51.631  -11.563  -10.352 0.0000000000
81110  50.475  -11.512  -10.075 0.0000000000
81111  49.384  -11.258  -10.112 0.0000000000
81112  48.132  -11.197  -10.233 0.0000000000
81113  47.162  -11.143  -10.186 0.0000000000
81951  51.766  -10.510  -3.259 0.0000000000
81964  54.165  -10.537  -4.395 0.0000000000
81965  53.371  -10.404  -4.123 0.0000000000
81966  52.539  -10.339  -3.881 0.0000000000
81973  51.121  -10.454  -4.279 0.0000000000
81974  50.172  -10.404  -4.655 0.0000000000
81975  49.617  -10.272  -5.167 0.0000000000
81984  50.052  -10.934  -5.583 0.0000000000
81998  50.001  -11.046  -6.471 0.0000000000
81999  49.500  -10.351  -6.070 0.0000000000
82019  50.492  -10.886  -7.801 0.0000000000
82020  49.722  -10.491  -7.121 0.0000000000
82021  46.612  -10.603  -7.615 0.0000000000
82031  53.603  -11.764  -9.435 0.0000000000
82032  52.281  -11.090  -8.865 0.0000000000
82033  50.978  -10.537  -8.458 0.0000000000
82034  49.997  -10.115  -7.998 0.0000000000
82035  46.709  -10.383  -8.499 0.0000000000
82044  54.363  -11.381  -10.527 0.0000000000
82045  54.039  -11.308  -9.941 0.0000000000
82046  52.911  -10.676  -9.479 0.0000000000
82047  46.765  -11.007  -9.941 0.0000000000
82048  46.739  -10.300  -9.397 0.0000000000
82050  54.381  -11.340  -10.846 0.0000000000
82051  51.941  -10.884  -10.936 0.0000000000
82052  50.388  -10.777  -10.492 0.0000000000
82053  48.874  -10.470  -10.574 0.0000000000
82054  47.641  -10.520  -10.606 0.0000000000
82055  47.033  -10.460  -10.454 0.0000000000
82056  46.799  -10.273  -10.144 0.0000000000
82057  54.336  -10.797  -11.331 0.0000000000
82058  53.463  -10.984  -11.359 0.0000000000
82059  52.278  -10.151  -11.537 0.0000000000
82060  50.849  -10.113  -11.107 0.0000000000
82061  49.774  -10.116  -10.868 0.0000000000
83004  49.384  -9.606  -7.395 0.0000000000
83005  46.545  -9.768  -7.743 0.0000000000
83018  51.579  -10.136  -9.084 0.0000000000
83019  50.534  -9.664  -8.628 0.0000000000
83020  49.688  -9.231  -8.155 0.0000000000
83021  46.684  -9.599  -8.639 0.0000000000
83031  54.349  -10.786  -10.568 0.0000000000
83032  53.610  -10.251  -10.135 0.0000000000
83033  52.278  -9.671  -9.631 0.0000000000
83034  51.114  -9.246  -9.237 0.0000000000
83035  46.741  -9.491  -9.654 0.0000000000
83043  54.497  -10.586  -11.120 0.0000000000
83044  54.351  -9.884  -10.849 0.0000000000
83045  49.019  -9.833  -11.026 0.0000000000
83046  48.044  -9.933  -11.094 0.0000000000
83047  47.233  -9.917  -11.009 0.0000000000
83048  46.866  -9.718  -10.665 0.0000000000
83053  54.502  -9.927  -11.811 0.0000000000
83054  53.809  -10.087  -12.023 0.0000000000
83055  52.366  -9.375  -12.085 0.0000000000
83056  51.062  -9.419  -11.579 0.0000000000
83057  49.833  -9.504  -11.296 0.0000000000
83058  48.708  -9.269  -11.423 0.0000000000
83059  47.608  -9.307  -11.420 0.0000000000
83060  54.316  -9.281  -12.311 0.0000000000
83973  49.114  -8.755  -7.554 0.0000000000
83975  46.445  -8.975  -7.908 0.0000000000
83988  50.232  -8.792  -8.790 0.0000000000
83989  49.466  -8.272  -8.272 0.0000000000
83990  46.616  -8.763  -8.742 0.0000000000
83998  53.009  -9.076  -10.274 0.0000000000
83999  50.866  -8.400  -9.386 0.0000000000
84000  50.083  -7.964  -8.957 0.0000000000
84001  46.687  -8.582  -9.652 0.0000000000
84010  54.600  -9.366  -11.652 0.0000000000
84011  54.111  -8.757  -11.017 0.0000000000
84012  53.002  -8.138  -10.560 0.0000000000
84013  47.021  -9.195  -11.287 0.0000000000
84014  46.729  -8.717  -10.723 0.0000000000
84023  54.552  -7.885  -12.289 0.0000000000
84024  54.661  -8.487  -12.081 0.0000000000
84025  53.480  -9.206  -12.433 0.0000000000
84026  51.120  -8.753  -12.055 0.0000000000
84027  49.159  -8.590  -11.821 0.0000000000
84028  48.052  -8.724  -11.833 0.0000000000
84029  47.228  -8.693  -11.770 0.0000000000
84030  46.835  -8.440  -11.590 0.0000000000
84035  54.434  -8.379  -12.494 0.0000000000
84036  53.759  -8.477  -12.739 0.0000000000
84037  52.315  -8.459  -12.554 0.0000000000
84038  51.016  -8.132  -12.407 0.0000000000
84039  49.349  -8.037  -12.235 0.0000000000
84040  48.384  -8.094  -12.245 0.0000000000
84041  47.514  -8.305  -12.140 0.0000000000
84957  48.945  -8.042  -7.679 0.0000000000
84958  48.650  -7.333  -7.431 0.0000000000
84969  49.086  -7.592  -8.044 0.0000000000
84970  49.051  -6.809  -8.209 0.0000000000
84971  46.419  -7.787  -8.726 0.0000000000
84976  50.665  -7.576  -9.493 0.0000000000
84977  50.041  -7.299  -9.063 0.0000000000
84978  46.595  -7.628  -9.917 0.0000000000
84982  54.512  -8.252  -11.686 0.0000000000
84983  53.746  -7.759  -11.121 0.0000000000
84984  51.161  -7.013  -10.024 0.0000000000
84985  46.626  -7.824  -11.093 0.0000000000
84991  54.496  -7.281  -12.369 0.0000000000
84992  54.626  -7.709  -11.966 0.0000000000
84993  54.278  -7.288  -11.697 0.0000000000
84994  46.933  -8.129  -12.147 0.0000000000
84995  46.626  -7.740  -11.921 0.0000000000
85001  54.381  -7.398  -12.705 0.0000000000
85002  53.916  -7.552  -13.106 0.0000000000
85003  52.978  -7.618  -13.105 0.0000000000
85004  51.573  -7.530  -12.807 0.0000000000
85005  50.182  -7.580  -12.498 0.0000000000
85006  48.992  -7.513  -12.455 0.0000000000
85007  47.539  -7.677  -12.470 0.0000000000
85008  46.785  -7.402  -12.443 0.0000000000
85892  48.582  -6.361  -7.569 0.0000000000
85904  49.361  -6.081  -8.640 0.0000000000
85905  48.885  -6.024  -8.131 0.0000000000
85906  46.303  -6.890  -9.039 0.0000000000
85910  50.330  -6.808  -9.426 0.0000000000
85911  49.929  -6.106  -9.251 0.0000000000
85912  46.514  -6.964  -10.574 0.0000000000
85913  46.131  -6.056  -9.316 0.0000000000
85918  52.701  -6.318  -11.140 0.0000000000
85919  51.585  -6.276  -10.515 0.0000000000
85920  50.632  -6.173  -9.889 0.0000000000
85921  46.319  -6.200  -11.177 0.0000000000
85926  54.474  -6.854  -12.217 0.0000000000
85927  53.898  -6.307  -11.826 0.0000000000
85928  46.430  -6.949  -12.111 0.0000000000
85933  54.390  -6.509  -12.774 0.0000000000
85934  53.486  -6.731  -13.394 0.0000000000
85935  52.227  -6.761  -13.343 0.0000000000
85936  50.849  -6.773  -13.023 0.0000000000
85937  49.556  -6.819  -12.797 0.0000000000
85938  48.295  -6.997  -12.760 0.0000000000
85939  46.550  -6.661  -12.797 0.0000000000
85943  54.236  -6.648  -13.185 0.0000000000
85944  53.908  -5.837  -13.449 0.0000000000
85945  52.939  -5.866  -13.679 0.0000000000
85946  51.550  -5.962  -13.543 0.0000000000
85947  50.207  -6.046  -13.306 0.0000000000
85948  48.959  -6.144  -13.188 0.0000000000
85949  47.784  -6.279  -13.250 0.0000000000
85950  46.250  -5.904  -13.151 0.0000000000
86817  48.221  -5.877  -7.024 0.0000000000
86818  47.880  -5.527  -6.584 0.0000000000
86831  48.551  -5.460  -7.751 0.0000000000
86832  48.126  -5.118  -7.123 0.0000000000
86844  49.522  -5.426  -9.046 0.0000000000
86845  49.026  -5.427  -8.439 0.0000000000
86851  50.107  -5.437  -9.689 0.0000000000
86852  46.174  -5.619  -10.116 0.0000000000
86853  45.777  -5.212  -9.326 0.0000000000
86856  53.071  -5.653  -11.624 0.0000000000
86857  52.029  -5.563  -11.116 0.0000000000
86858  50.899  -5.392  -10.473 0.0000000000
86859  46.069  -5.293  -10.806 0.0000000000
86860  45.877  -4.866  -10.109 0.0000000000
86864  54.283  -5.599  -12.990 0.0000000000
86865  52.746  -4.929  -11.796 0.0000000000
86866  45.950  -5.246  -11.785 0.0000000000
86873  53.819  -4.749  -13.184 0.0000000000
86874  46.216  -6.095  -12.399 0.0000000000
86881  53.956  -5.179  -13.291 0.0000000000
86882  53.443  -4.959  -13.730 0.0000000000
86883  52.390  -5.038  -13.962 0.0000000000
86884  50.921  -5.217  -13.769 0.0000000000
86885  49.614  -5.355  -13.628 0.0000000000
86886  48.418  -5.495  -13.602 0.0000000000
86887  47.332  -5.642  -13.641 0.0000000000
87682  47.452  -4.118  -6.432 0.0000000000
87697  48.353  -4.719  -7.683 0.0000000000
87698  47.913  -4.297  -7.214 0.0000000000
87707  49.169  -4.870  -8.802 0.0000000000
87708  48.718  -4.765  -8.277 0.0000000000
87713  50.178  -4.854  -10.098 0.0000000000
87714  49.560  -4.680  -9.479 0.0000000000
87715  48.896  -4.162  -8.905 0.0000000000
87716  45.521  -4.428  -9.400 0.0000000000
87720  51.561  -4.779  -11.242 0.0000000000
87721  50.603  -4.509  -10.718 0.0000000000
87722  49.839  -4.211  -10.221 0.0000000000
87723  45.828  -4.613  -10.908 0.0000000000
87724  45.635  -4.124  -10.185 0.0000000000
87728  53.345  -4.369  -12.679 0.0000000000
87729  52.257  -4.197  -12.022 0.0000000000
87730  51.146  -4.031  -11.491 0.0000000000
87731  45.713  -4.426  -11.627 0.0000000000
87736  53.358  -4.170  -13.681 0.0000000000
87737  53.322  -3.870  -13.407 0.0000000000
87738  52.849  -3.628  -12.826 0.0000000000
87739  45.875  -5.357  -12.934 0.0000000000
87740  45.673  -4.617  -12.487 0.0000000000
87746  51.729  -4.311  -14.247 0.0000000000
87747  50.292  -4.547  -14.086 0.0000000000
87748  49.032  -4.724  -14.009 0.0000000000
87749  47.867  -4.914  -14.019 0.0000000000
87750  46.775  -5.100  -13.990 0.0000000000
87751  46.044  -5.132  -13.646 0.0000000000
87752  45.687  -4.619  -13.385 0.0000000000
87754  52.948  -3.310  -14.128 0.0000000000
87755  52.293  -3.398  -14.404 0.0000000000
87756  51.003  -3.658  -14.514 0.0000000000
87757  49.669  -3.923  -14.419 0.0000000000
87758  48.462  -4.124  -14.362 0.0000000000
87759  47.314  -4.314  -14.315 0.0000000000
87760  46.257  -4.468  -14.174 0.0000000000
87761  45.781  -4.421  -13.936 0.0000000000
88606  47.163  -3.317  -6.407 0.0000000000
88620  47.816  -3.507  -7.613 0.0000000000
88630  48.361  -4.018  -8.086 0.0000000000
88631  48.041  -3.244  -8.325 0.0000000000
88638  49.236  -3.863  -9.703 0.0000000000
88639  48.673  -3.433  -9.377 0.0000000000
88640  48.182  -2.968  -9.043 0.0000000000
88641  45.291  -3.691  -9.557 0.0000000000
88642  45.056  -3.014  -9.837 0.0000000000
88646  50.215  -3.780  -10.963 0.0000000000
88647  49.434  -3.522  -10.455 0.0000000000
88648  48.875  -3.296  -10.032 0.0000000000
88649  45.575  -3.783  -11.015 0.0000000000
88653  51.840  -3.527  -12.291 0.0000000000
88654  50.741  -3.274  -11.900 0.0000000000
88655  49.695  -3.160  -11.297 0.0000000000
88656  45.518  -3.881  -12.002 0.0000000000
88661  52.889  -3.194  -13.521 0.0000000000
88662  52.452  -3.116  -12.960 0.0000000000
88663  51.733  -2.874  -12.747 0.0000000000
88664  45.433  -3.973  -12.913 0.0000000000
88665  45.128  -3.289  -13.232 0.0000000000
88671  53.036  -3.268  -13.862 0.0000000000
88672  45.445  -3.901  -13.743 0.0000000000
88677  52.507  -2.740  -14.326 0.0000000000
88678  51.708  -2.599  -14.677 0.0000000000
88679  50.365  -3.037  -14.784 0.0000000000
88680  49.098  -3.309  -14.722 0.0000000000
88681  47.918  -3.509  -14.636 0.0000000000
88682  46.793  -3.647  -14.543 0.0000000000
88683  45.767  -3.675  -14.298 0.0000000000
89539  47.382  -2.986  -7.123 0.0000000000
89540  46.906  -2.530  -6.564 0.0000000000
89554  47.571  -2.797  -7.884 0.0000000000
89555  47.048  -2.187  -7.384 0.0000000000
89563  47.662  -2.572  -8.624 0.0000000000
89564  47.271  -2.185  -8.163 0.0000000000
89569  48.294  -2.780  -9.890 0.0000000000
89570  47.669  -2.370  -9.389 0.0000000000
89574  48.827  -2.855  -10.755 0.0000000000
89575  48.003  -2.329  -10.680 0.0000000000
89576  45.232  -2.994  -10.679 0.0000000000
89577  44.775  -2.395  -10.301 0.0000000000
89581  50.909  -2.524  -12.674 0.0000000000
89582  50.056  -2.779  -12.044 0.0000000000
89583  49.215  -2.484  -11.787 0.0000000000
89584  48.407  -2.300  -11.325 0.0000000000
89585  45.277  -3.160  -11.614 0.0000000000
89586  44.903  -2.407  -11.249 0.0000000000
89590  52.769  -2.702  -13.902 0.0000000000
89591  52.446  -2.663  -13.527 0.0000000000
89592  51.781  -2.316  -13.365 0.0000000000
89593  50.066  -2.173  -12.641 0.0000000000
89594  45.265  -3.386  -12.430 0.0000000000
89595  44.905  -2.620  -12.403 0.0000000000
89599  52.708  -2.626  -14.046 0.0000000000
89600  52.252  -1.988  -14.052 0.0000000000
89601  45.080  -3.203  -14.061 0.0000000000
89602  44.736  -2.582  -13.527 0.0000000000
89606  52.195  -2.095  -14.338 0.0000000000
89607  51.571  -1.679  -14.780 0.0000000000
89608  49.839  -2.391  -15.043 0.0000000000
89609  48.561  -2.697  -14.995 0.0000000000
89610  47.414  -2.905  -14.910 0.0000000000
89611  46.313  -2.876  -14.813 0.0000000000
89612  45.371  -2.786  -14.519 0.0000000000
89613  44.743  -2.433  -14.268 0.0000000000
89614  51.379  -1.060  -14.853 0.0000000000
89615  50.778  -1.316  -15.175 0.0000000000
89616  49.304  -1.713  -15.290 0.0000000000
89617  47.069  -2.362  -15.078 0.0000000000
89618  46.475  -2.151  -15.102 0.0000000000
89619  45.699  -2.225  -14.950 0.0000000000
90503  47.045  -1.786  -8.873 0.0000000000
90504  46.755  -1.554  -7.981 0.0000000000
90511  47.138  -1.733  -9.804 0.0000000000
90512  46.516  -1.001  -9.488 0.0000000000
90518  47.359  -1.742  -10.571 0.0000000000
90519  46.722  -1.114  -10.373 0.0000000000
90520  44.467  -1.724  -10.763 0.0000000000
90521  44.011  -1.197  -10.254 0.0000000000
90524  48.536  -1.875  -12.066 0.0000000000
90525  47.724  -1.709  -11.432 0.0000000000
90526  47.011  -1.238  -11.081 0.0000000000
90527  44.493  -1.757  -11.801 0.0000000000
90528  43.988  -0.960  -11.211 0.0000000000
90531  51.228  -1.654  -13.559 0.0000000000
90532  50.055  -1.387  -13.225 0.0000000000
90533  48.976  -1.300  -12.889 0.0000000000
90534  48.014  -1.195  -12.419 0.0000000000
90535  44.441  -1.851  -12.896 0.0000000000
90536  44.026  -1.149  -12.307 0.0000000000
90540  51.658  -1.448  -14.466 0.0000000000
90541  51.483  -1.124  -14.307 0.0000000000
90542  50.969  -0.627  -13.992 0.0000000000
90543  49.931  -0.465  -13.629 0.0000000000
90544  44.286  -1.899  -13.892 0.0000000000
90545  43.883  -1.271  -13.342 0.0000000000
90550  51.327  -0.894  -14.704 0.0000000000
90551  44.959  -2.077  -14.724 0.0000000000
90552  44.392  -1.680  -14.518 0.0000000000
90553  43.804  -1.223  -14.288 0.0000000000
90555  50.944  -0.412  -14.972 0.0000000000
90556  50.040  -0.437  -15.397 0.0000000000
90557  48.589  -1.114  -15.424 0.0000000000
90558  47.275  -1.522  -15.295 0.0000000000
90559  46.176  -1.517  -15.247 0.0000000000
90560  45.259  -1.572  -15.101 0.0000000000
90561  44.761  -0.956  -15.232 0.0000000000
91462  46.063  0.059  -9.097 0.0000000000
91464  42.982  0.043  -10.229 0.0000000000
91468  46.309  -0.237  -10.082 0.0000000000
91469  43.532  -0.585  -10.388 0.0000000000
91470  43.231  -0.133  -11.167 0.0000000000
91475  47.213  -0.905  -11.833 0.0000000000
91476  46.605  -0.391  -11.092 0.0000000000
91477  43.590  -0.559  -11.895 0.0000000000
91478  43.119  -0.049  -12.158 0.0000000000
91481  48.683  -0.463  -13.218 0.0000000000
91482  47.674  -0.369  -12.663 0.0000000000
91483  46.945  -0.044  -12.074 0.0000000000
91484  43.494  -0.630  -12.735 0.0000000000
91485  42.982  -0.109  -13.108 0.0000000000
91489  50.980  -0.446  -14.612 0.0000000000
91490  50.501  0.136  -14.414 0.0000000000
91491  49.752  0.511  -13.959 0.0000000000
91492  48.412  0.566  -13.437 0.0000000000
91493  43.336  -0.702  -13.690 0.0000000000
91494  42.863  -0.212  -13.950 0.0000000000
91497  50.515  0.329  -14.898 0.0000000000
91498  43.891  -0.918  -14.999 0.0000000000
91499  43.277  -0.503  -14.554 0.0000000000
91500  42.616  0.198  -14.531 0.0000000000
91503  50.416  0.351  -15.101 0.0000000000
91504  49.805  0.573  -15.370 0.0000000000
91505  48.764  0.497  -15.587 0.0000000000
91506  46.836  -0.648  -15.426 0.0000000000
91507  45.746  -0.792  -15.357 0.0000000000
91508  44.362  -0.390  -15.326 0.0000000000
91509  43.762  -0.150  -15.290 0.0000000000
92421  46.059  1.106  -9.214 0.0000000000
92423  42.014  0.936  -9.487 0.0000000000
92427  46.243  0.608  -10.592 0.0000000000
92428  42.610  0.526  -10.766 0.0000000000
92429  42.062  1.084  -10.388 0.0000000000
92433  46.516  0.655  -11.504 0.0000000000
92434  42.657  0.490  -11.625 0.0000000000
92435  42.148  1.043  -12.043 0.0000000000
92438  47.608  1.156  -13.168 0.0000000000
92439  46.892  0.839  -12.389 0.0000000000
92440  42.571  0.472  -12.560 0.0000000000
92441  41.961  1.015  -12.999 0.0000000000
92444  50.075  0.939  -14.750 0.0000000000
92445  49.483  1.381  -14.398 0.0000000000
92446  48.660  1.721  -13.884 0.0000000000
92447  42.410  0.406  -13.634 0.0000000000
92448  41.776  1.049  -14.056 0.0000000000
92451  49.684  1.696  -14.954 0.0000000000
92452  43.103  -0.036  -15.076 0.0000000000
92453  42.487  0.505  -15.013 0.0000000000
92454  42.088  0.807  -14.701 0.0000000000
92458  50.002  1.121  -14.987 0.0000000000
92459  49.395  1.367  -15.336 0.0000000000
92460  48.457  1.222  -15.579 0.0000000000
92461  45.903  0.947  -15.547 0.0000000000
92462  44.578  0.558  -15.465 0.0000000000
92463  43.481  0.581  -15.386 0.0000000000
92464  42.750  0.646  -15.225 0.0000000000
93332  46.275  1.513  -10.087 0.0000000000
93333  41.495  1.569  -9.081 0.0000000000
93337  46.406  1.495  -11.047 0.0000000000
93338  41.490  1.761  -9.976 0.0000000000
93342  46.632  1.541  -11.896 0.0000000000
93343  42.148  1.050  -11.206 0.0000000000
93347  47.913  2.209  -13.575 0.0000000000
93348  47.096  1.774  -12.744 0.0000000000
93349  41.556  1.603  -12.422 0.0000000000
93352  49.225  2.134  -14.705 0.0000000000
93353  48.699  2.482  -14.316 0.0000000000
93354  41.389  1.644  -13.432 0.0000000000
93357  49.553  1.834  -15.040 0.0000000000
93358  49.257  2.261  -14.979 0.0000000000
93359  48.875  2.641  -14.750 0.0000000000
93360  41.571  1.436  -14.775 0.0000000000
93362  47.382  1.373  -15.610 0.0000000000
93363  46.596  2.059  -15.581 0.0000000000
93364  45.327  1.680  -15.550 0.0000000000
93365  42.989  1.446  -15.456 0.0000000000
93366  42.131  1.142  -15.158 0.0000000000
93367  41.538  1.850  -15.150 0.0000000000
94152  48.558  3.369  -9.197 0.0000000000
94153  47.606  2.868  -9.130 0.0000000000
94155  41.149  2.073  -8.625 0.0000000000
94156  40.801  2.792  -8.876 0.0000000000
94160  47.523  3.230  -10.030 0.0000000000
94161  46.779  2.482  -10.056 0.0000000000
94162  41.109  2.264  -9.360 0.0000000000
94163  40.772  2.928  -9.639 0.0000000000
94167  47.313  3.400  -10.803 0.0000000000
94168  46.666  2.335  -10.817 0.0000000000
94169  41.125  2.352  -10.694 0.0000000000
94170  40.778  3.022  -11.264 0.0000000000
94174  47.452  3.931  -11.544 0.0000000000
94175  46.745  2.297  -11.594 0.0000000000
94176  41.168  2.196  -11.718 0.0000000000
94177  40.725  3.015  -12.312 0.0000000000
94180  47.457  2.778  -13.053 0.0000000000
94181  46.927  2.325  -12.272 0.0000000000
94182  41.040  2.287  -12.879 0.0000000000
94183  40.624  2.968  -13.436 0.0000000000
94186  48.166  3.033  -14.097 0.0000000000
94187  40.907  2.246  -13.952 0.0000000000
94188  40.574  2.895  -14.505 0.0000000000
94192  48.865  2.676  -14.965 0.0000000000
94193  48.380  2.967  -14.677 0.0000000000
94194  47.625  3.253  -14.802 0.0000000000
94195  46.392  3.215  -14.976 0.0000000000
94196  40.999  2.167  -14.827 0.0000000000
94197  40.673  2.925  -15.110 0.0000000000
94199  48.257  2.857  -15.131 0.0000000000
94200  47.184  2.813  -15.267 0.0000000000
94201  45.965  2.593  -15.405 0.0000000000
94202  44.846  2.396  -15.466 0.0000000000
94203  43.788  2.356  -15.511 0.0000000000
94204  42.188  1.813  -15.378 0.0000000000
94205  41.794  2.458  -15.396 0.0000000000
94206  41.165  3.063  -15.415 0.0000000000
94964  52.251  4.243  -8.427 0.0000000000
94965  51.136  4.126  -8.799 0.0000000000
94966  50.254  3.846  -9.094 0.0000000000
94967  49.399  3.624  -9.187 0.0000000000
94970  51.405  4.721  -8.567 0.0000000000
94971  50.412  4.465  -9.173 0.0000000000
94972  49.760  4.233  -9.542 0.0000000000
94973  49.148  3.989  -9.748 0.0000000000
94974  48.384  3.753  -9.932 0.0000000000
94975  40.610  3.547  -9.226 0.0000000000
94978  49.286  4.436  -9.635 0.0000000000
94979  48.564  4.331  -9.950 0.0000000000
94980  48.089  3.964  -10.494 0.0000000000
94981  40.609  3.582  -9.992 0.0000000000
94986  47.983  4.225  -10.396 0.0000000000
94987  47.659  4.089  -10.841 0.0000000000
94988  40.598  3.679  -10.754 0.0000000000
94994  47.230  4.081  -12.305 0.0000000000
94999  47.232  3.990  -13.252 0.0000000000
95000  40.490  3.741  -12.874 0.0000000000
95004  47.669  3.557  -14.087 0.0000000000
95005  46.890  3.961  -13.871 0.0000000000
95006  45.212  3.827  -14.048 0.0000000000
95007  44.284  3.824  -14.590 0.0000000000
95008  40.369  3.767  -13.994 0.0000000000
95011  47.047  3.603  -14.430 0.0000000000
95012  43.967  3.552  -15.158 0.0000000000
95013  40.255  3.578  -14.978 0.0000000000
95015  45.361  2.949  -15.246 0.0000000000
95016  44.429  3.031  -15.339 0.0000000000
95017  43.421  3.163  -15.429 0.0000000000
95018  42.229  3.333  -15.470 0.0000000000
95019  41.259  3.903  -15.577 0.0000000000
95020  40.565  3.639  -15.350 0.0000000000
95743  47.919  4.983  -6.084 0.0000000000
95744  47.040  4.918  -5.947 0.0000000000
95745  46.078  5.043  -5.990 0.0000000000
95755  48.463  4.936  -7.049 0.0000000000
95756  47.583  4.739  -6.799 0.0000000000
95757  45.979  4.701  -6.687 0.0000000000
95758  45.415  5.048  -6.473 0.0000000000
95764  50.475  4.959  -8.954 0.0000000000
95765  49.758  5.128  -8.913 0.0000000000
95766  48.908  5.090  -8.358 0.0000000000
95767  47.321  4.662  -7.611 0.0000000000
95768  46.402  4.569  -7.420 0.0000000000
95769  45.566  4.699  -7.172 0.0000000000
95770  44.959  4.792  -7.717 0.0000000000
95775  49.765  4.730  -9.352 0.0000000000
95776  48.145  4.776  -9.584 0.0000000000
95777  47.094  4.658  -8.559 0.0000000000
95778  45.486  4.569  -8.586 0.0000000000
95779  44.554  4.742  -8.689 0.0000000000
95780  43.797  4.899  -9.319 0.0000000000
95784  46.881  4.637  -9.968 0.0000000000
95785  45.661  4.546  -9.516 0.0000000000
95786  44.612  4.584  -9.728 0.0000000000
95792  47.565  4.295  -10.716 0.0000000000
95793  47.196  4.514  -10.653 0.0000000000
95794  45.729  4.568  -10.959 0.0000000000
95795  43.167  4.846  -10.655 0.0000000000
95796  42.827  5.057  -11.101 0.0000000000
95797  40.524  4.147  -10.309 0.0000000000
95803  47.400  4.157  -11.305 0.0000000000
95804  47.102  4.388  -11.732 0.0000000000
95805  46.223  4.544  -11.843 0.0000000000
95806  44.174  4.316  -12.089 0.0000000000
95807  43.339  4.568  -11.961 0.0000000000
95808  42.824  4.913  -11.757 0.0000000000
95809  40.517  4.443  -10.932 0.0000000000
95812  46.991  4.368  -12.508 0.0000000000
95813  46.181  4.399  -12.609 0.0000000000
95814  44.503  4.228  -12.815 0.0000000000
95815  43.591  4.404  -12.963 0.0000000000
95816  42.908  4.804  -12.597 0.0000000000
95817  40.417  4.603  -12.538 0.0000000000
95821  46.620  4.229  -13.183 0.0000000000
95822  44.385  4.084  -13.624 0.0000000000
95823  43.589  4.277  -14.191 0.0000000000
95824  42.987  4.705  -13.676 0.0000000000
95828  43.574  4.040  -15.037 0.0000000000
95829  42.945  4.545  -15.050 0.0000000000
95830  39.980  4.355  -14.835 0.0000000000
95831  39.827  5.044  -15.401 0.0000000000
95833  43.061  3.855  -15.293 0.0000000000
95834  42.080  4.268  -15.500 0.0000000000
95835  41.114  4.842  -15.766 0.0000000000
95836  40.168  4.317  -15.296 0.0000000000
96578  50.687  6.224  -3.104 0.0000000000
96579  49.993  6.366  -2.647 0.0000000000
96585  52.255  6.726  -4.100 0.0000000000
96586  51.608  7.100  -3.478 0.0000000000
96591  53.132  6.104  -5.708 0.0000000000
96592  52.744  6.145  -4.818 0.0000000000
96593  48.947  5.713  -5.435 0.0000000000
96594  48.155  5.973  -4.909 0.0000000000
96595  47.187  6.018  -4.867 0.0000000000
96603  52.966  6.471  -5.816 0.0000000000
96604  52.451  6.613  -5.916 0.0000000000
96605  50.000  6.324  -5.317 0.0000000000
96606  48.780  5.223  -6.227 0.0000000000
96607  47.497  5.413  -5.385 0.0000000000
96608  46.627  5.508  -5.374 0.0000000000
96609  45.809  5.712  -5.483 0.0000000000
96610  45.099  5.932  -5.718 0.0000000000
96620  53.225  5.799  -6.632 0.0000000000
96621  52.802  6.038  -6.859 0.0000000000
96622  51.800  5.878  -7.034 0.0000000000
96623  50.630  5.504  -7.145 0.0000000000
96624  49.538  5.236  -7.462 0.0000000000
96625  45.390  5.440  -5.957 0.0000000000
96626  44.779  5.518  -6.361 0.0000000000
96627  44.091  5.824  -6.666 0.0000000000
96633  52.982  5.361  -7.629 0.0000000000
96634  52.185  5.372  -7.853 0.0000000000
96635  51.203  5.261  -8.164 0.0000000000
96636  44.399  5.294  -7.092 0.0000000000
96637  43.777  5.624  -7.405 0.0000000000
96640  44.202  5.128  -7.816 0.0000000000
96641  43.581  5.342  -8.374 0.0000000000
96642  42.881  5.893  -8.705 0.0000000000
96646  43.198  5.393  -9.169 0.0000000000
96647  42.761  5.746  -9.570 0.0000000000
96648  40.500  5.622  -10.105 0.0000000000
96654  43.175  5.099  -9.878 0.0000000000
96655  42.690  5.526  -10.490 0.0000000000
96656  40.499  5.303  -10.985 0.0000000000
96663  42.566  5.542  -11.390 0.0000000000
96664  40.445  5.368  -11.895 0.0000000000
96667  42.566  5.402  -12.290 0.0000000000
96668  40.318  5.485  -12.812 0.0000000000
96671  42.649  5.241  -13.247 0.0000000000
96672  40.085  5.705  -13.755 0.0000000000
96673  39.738  5.921  -14.509 0.0000000000
96676  42.648  5.194  -14.357 0.0000000000
96677  39.810  5.179  -14.677 0.0000000000
96678  39.610  5.775  -15.303 0.0000000000
96680  42.159  5.192  -15.480 0.0000000000
96681  41.371  5.683  -15.798 0.0000000000
96682  40.594  5.558  -15.955 0.0000000000
96683  39.699  5.840  -15.890 0.0000000000
96684  40.769  6.157  -16.065 0.0000000000
96685  39.975  6.068  -16.209 0.0000000000
96686  39.499  6.643  -16.134 0.0000000000
97471  50.845  7.374  -2.882 0.0000000000
97472  49.981  7.236  -2.493 0.0000000000
97473  49.015  7.073  -2.365 0.0000000000
97477  52.112  7.431  -4.151 0.0000000000
97478  51.329  7.705  -3.394 0.0000000000
97482  52.804  6.690  -5.212 0.0000000000
97483  51.462  7.560  -4.272 0.0000000000
97484  50.167  7.259  -4.534 0.0000000000
97485  48.735  7.033  -4.473 0.0000000000
97486  46.978  6.774  -4.643 0.0000000000
97487  46.218  6.989  -4.805 0.0000000000
97493  52.632  7.001  -5.057 0.0000000000
97494  52.072  7.235  -5.008 0.0000000000
97495  51.107  7.062  -4.988 0.0000000000
97496  45.613  6.432  -5.258 0.0000000000
97497  44.938  6.649  -5.650 0.0000000000
97504  44.041  6.489  -6.489 0.0000000000
97505  43.603  6.275  -7.061 0.0000000000
97511  43.167  6.067  -7.825 0.0000000000
97512  43.229  7.034  -7.499 0.0000000000
97517  42.781  6.746  -8.406 0.0000000000
97531  42.394  6.309  -10.948 0.0000000000
97532  40.486  6.453  -9.930 0.0000000000
97538  42.375  6.282  -11.902 0.0000000000
97539  40.482  6.140  -10.742 0.0000000000
97541  42.393  6.182  -13.002 0.0000000000
97542  40.400  6.115  -12.107 0.0000000000
97545  42.370  6.548  -14.015 0.0000000000
97546  40.270  6.322  -12.966 0.0000000000
97547  39.888  6.595  -13.890 0.0000000000
97551  42.227  6.794  -14.885 0.0000000000
97552  39.507  6.489  -14.920 0.0000000000
97554  41.796  6.906  -15.444 0.0000000000
97555  41.164  6.883  -15.947 0.0000000000
97556  39.393  6.507  -15.780 0.0000000000
97557  40.349  6.784  -16.302 0.0000000000
97558  39.741  6.831  -16.336 0.0000000000
98327  50.968  7.966  -2.951 0.0000000000
98328  50.509  7.969  -2.653 0.0000000000
98329  49.791  7.969  -2.452 0.0000000000
98330  48.663  7.880  -2.353 0.0000000000
98334  51.377  7.727  -3.645 0.0000000000
98335  51.007  8.066  -3.217 0.0000000000
98336  49.998  8.618  -3.452 0.0000000000
98337  49.338  9.053  -3.528 0.0000000000
98340  50.721  8.023  -3.688 0.0000000000
98341  48.945  8.121  -4.043 0.0000000000
98342  46.970  7.581  -4.600 0.0000000000
98343  45.505  7.249  -5.258 0.0000000000
98345  44.778  7.522  -5.847 0.0000000000
98352  44.148  7.234  -6.427 0.0000000000
98353  43.702  6.918  -6.842 0.0000000000
98365  42.897  7.681  -8.251 0.0000000000
98373  42.588  7.482  -9.121 0.0000000000
98374  40.449  7.406  -9.640 0.0000000000
98383  42.445  7.760  -10.001 0.0000000000
98384  40.475  7.832  -10.498 0.0000000000
98389  42.370  7.928  -10.897 0.0000000000
98390  40.463  7.380  -11.333 0.0000000000
98395  42.333  7.207  -12.509 0.0000000000
98396  40.380  6.974  -12.234 0.0000000000
98399  42.365  7.670  -13.309 0.0000000000
98400  39.851  7.617  -13.742 0.0000000000
98401  39.387  7.932  -14.911 0.0000000000
98405  42.313  7.521  -14.176 0.0000000000
98406  39.020  8.083  -15.870 0.0000000000
98408  42.081  7.618  -15.085 0.0000000000
98409  41.503  7.613  -15.690 0.0000000000
98410  39.148  7.305  -16.044 0.0000000000
98411  40.724  7.550  -16.205 0.0000000000
98412  39.941  7.476  -16.445 0.0000000000
98413  39.364  7.421  -16.272 0.0000000000
99146  50.636  8.306  -2.875 0.0000000000
99147  50.219  8.809  -2.868 0.0000000000
99148  49.334  9.306  -2.667 0.0000000000
99153  49.890  9.199  -3.071 0.0000000000
99156  46.980  8.386  -4.685 0.0000000000
99157  46.224  7.785  -4.926 0.0000000000
99159  46.311  8.580  -5.169 0.0000000000
99160  45.550  8.107  -5.459 0.0000000000
99164  45.013  8.465  -6.087 0.0000000000
99165  44.328  8.035  -6.494 0.0000000000
99166  43.753  7.620  -6.963 0.0000000000
99174  43.972  8.416  -7.126 0.0000000000
99175  43.402  8.035  -7.602 0.0000000000
99186  43.188  8.506  -8.264 0.0000000000
99187  42.781  8.209  -8.786 0.0000000000
99199  42.982  8.901  -8.944 0.0000000000
99200  42.647  8.372  -9.456 0.0000000000
99201  40.386  8.445  -9.705 0.0000000000
99209  42.568  8.586  -10.302 0.0000000000
99210  40.442  8.718  -10.470 0.0000000000
99216  42.557  8.860  -11.321 0.0000000000
99217  40.434  8.727  -11.871 0.0000000000
99223  42.500  8.798  -12.326 0.0000000000
99224  40.181  8.472  -12.996 0.0000000000
99228  42.406  8.375  -13.701 0.0000000000
99229  39.566  8.679  -14.346 0.0000000000
99230  39.052  8.883  -15.563 0.0000000000
99234  42.225  8.530  -14.728 0.0000000000
99235  38.872  8.961  -16.085 0.0000000000
99239  41.795  8.247  -15.411 0.0000000000
99240  41.019  8.420  -16.022 0.0000000000
99241  40.019  8.882  -16.368 0.0000000000
99242  39.056  8.184  -16.111 0.0000000000
99245  40.238  8.132  -16.389 0.0000000000
99246  39.447  8.300  -16.359 0.0000000000
99962  49.740  9.287  -2.887 0.0000000000
99963  49.342  9.698  -2.908 0.0000000000
99969  49.457  9.663  -3.088 0.0000000000
99971  48.803  9.478  -3.813 0.0000000000
99972  47.765  9.143  -4.504 0.0000000000
99973  46.937  9.014  -4.882 0.0000000000
99975  47.430  9.699  -4.930 0.0000000000
99976  46.591  9.339  -5.434 0.0000000000
99977  45.790  8.925  -5.770 0.0000000000
99978  46.208  9.653  -6.171 0.0000000000
99979  45.373  9.257  -6.490 0.0000000000
99980  44.602  8.819  -6.775 0.0000000000
99986  44.956  9.595  -7.313 0.0000000000
99987  44.218  9.468  -7.899 0.0000000000
99988  43.713  8.826  -7.737 0.0000000000
99999  44.218  9.888  -8.621 0.0000000000
100000  43.582  9.241  -8.419 0.0000000000
100012  43.537  9.644  -9.286 0.0000000000
100013  42.870  9.126  -9.715 0.0000000000
100014  40.253  9.362  -9.812 0.0000000000
100020  43.270  9.906  -10.580 0.0000000000
100021  42.847  9.341  -10.531 0.0000000000
100022  40.369  9.543  -10.596 0.0000000000
100027  42.988  9.838  -11.378 0.0000000000
100028  40.423  9.560  -11.452 0.0000000000
100034  42.634  9.476  -12.867 0.0000000000
100035  40.300  9.473  -12.514 0.0000000000
100041  39.804  9.523  -13.780 0.0000000000
100042  39.157  9.711  -15.207 0.0000000000
100046  41.458  9.808  -15.534 0.0000000000
100047  38.771  9.751  -16.044 0.0000000000
100051  41.685  8.987  -15.501 0.0000000000
100052  40.718  9.381  -16.022 0.0000000000
100053  39.425  9.752  -16.247 0.0000000000
100054  38.858  9.532  -16.155 0.0000000000
100057  39.234  9.104  -16.296 0.0000000000
100719  48.875  10.180  -2.896 0.0000000000
100724  48.825  10.338  -3.342 0.0000000000
100727  48.785  10.860  -4.103 0.0000000000
100728  48.490  10.004  -4.276 0.0000000000
100730  48.692  11.361  -5.350 0.0000000000
100731  48.080  10.536  -5.004 0.0000000000
100732  47.145  10.182  -5.795 0.0000000000
100738  47.637  10.883  -6.876 0.0000000000
100739  46.654  10.265  -6.619 0.0000000000
100740  45.889  9.980  -6.949 0.0000000000
100748  47.860  11.204  -8.121 0.0000000000
100749  46.753  10.596  -7.531 0.0000000000
100750  45.742  10.312  -7.778 0.0000000000
100751  44.905  10.084  -8.138 0.0000000000
100760  46.755  11.164  -9.306 0.0000000000
100761  45.726  10.604  -8.646 0.0000000000
100772  45.627  10.915  -9.592 0.0000000000
100773  40.067  10.208  -10.067 0.0000000000
100782  44.860  10.857  -10.235 0.0000000000
100783  45.136  11.369  -11.093 0.0000000000
100784  43.836  10.268  -10.126 0.0000000000
100785  40.264  10.334  -10.963 0.0000000000
100786  39.809  11.075  -10.517 0.0000000000
100791  44.307  11.149  -11.505 0.0000000000
100792  43.545  10.673  -11.936 0.0000000000
100793  40.300  10.316  -11.970 0.0000000000
100794  40.053  11.065  -11.587 0.0000000000
100800  43.427  10.977  -12.904 0.0000000000
100801  42.961  10.101  -12.407 0.0000000000
100802  40.042  10.355  -13.146 0.0000000000
100803  39.569  11.281  -13.736 0.0000000000
100809  42.917  10.984  -13.701 0.0000000000
100810  39.357  10.562  -14.571 0.0000000000
100812  42.031  10.232  -14.874 0.0000000000
100813  41.074  10.499  -15.533 0.0000000000
100814  38.862  10.716  -15.821 0.0000000000
100819  40.279  10.202  -15.963 0.0000000000
100820  39.096  10.513  -16.159 0.0000000000
100821  38.824  10.284  -16.076 0.0000000000
101478  49.083  12.010  -4.772 0.0000000000
101489  49.577  12.172  -7.531 0.0000000000
101490  48.663  11.480  -6.607 0.0000000000
101494  48.950  11.664  -9.071 0.0000000000
101495  48.804  11.565  -7.906 0.0000000000
101499  48.855  11.890  -10.048 0.0000000000
101500  47.790  11.319  -9.057 0.0000000000
101510  48.991  12.160  -10.034 0.0000000000
101511  46.990  11.494  -10.317 0.0000000000
101512  39.250  11.499  -9.883 0.0000000000
101522  47.642  12.376  -11.319 0.0000000000
101523  47.158  11.894  -11.228 0.0000000000
101524  45.987  11.429  -10.683 0.0000000000
101525  39.416  11.778  -10.570 0.0000000000
101526  38.893  12.181  -10.246 0.0000000000
101532  46.944  12.449  -11.774 0.0000000000
101533  46.118  12.483  -12.072 0.0000000000
101534  45.225  11.828  -11.862 0.0000000000
101535  44.219  11.519  -12.259 0.0000000000
101536  39.664  11.767  -11.344 0.0000000000
101542  45.036  12.334  -12.325 0.0000000000
101543  44.049  11.952  -12.786 0.0000000000
101544  39.685  11.822  -12.634 0.0000000000
101550  43.363  11.707  -13.343 0.0000000000
101551  42.638  11.717  -13.914 0.0000000000
101552  41.660  11.763  -14.556 0.0000000000
101553  39.048  12.189  -14.382 0.0000000000
101555  42.289  11.011  -14.416 0.0000000000
101556  41.268  11.063  -15.125 0.0000000000
101557  39.051  11.776  -15.635 0.0000000000
101558  38.966  11.696  -15.566 0.0000000000
101563  39.784  11.023  -15.800 0.0000000000
101564  38.903  10.965  -15.865 0.0000000000
102264  49.642  12.697  -5.697 0.0000000000
102282  49.903  12.672  -6.782 0.0000000000
102302  50.182  13.106  -7.926 0.0000000000
102303  49.907  12.713  -8.303 0.0000000000
102304  46.744  12.995  -8.001 0.0000000000
102318  49.459  12.522  -9.074 0.0000000000
102319  49.105  12.767  -9.544 0.0000000000
102320  47.902  13.143  -9.349 0.0000000000
102321  46.373  12.854  -8.756 0.0000000000
102330  47.975  13.047  -10.794 0.0000000000
102331  45.739  12.974  -9.498 0.0000000000
102332  44.678  12.932  -9.564 0.0000000000
102335  38.603  12.879  -10.769 0.0000000000
102343  47.648  12.970  -11.406 0.0000000000
102344  46.849  13.406  -11.002 0.0000000000
102345  45.443  13.457  -10.563 0.0000000000
102346  39.241  12.383  -11.071 0.0000000000
102347  37.780  13.271  -10.548 0.0000000000
102355  47.207  12.893  -11.794 0.0000000000
102356  46.668  13.039  -12.147 0.0000000000
102357  39.397  12.525  -12.046 0.0000000000
102358  38.964  13.110  -11.742 0.0000000000
102364  45.739  13.087  -12.365 0.0000000000
102365  44.571  12.991  -12.687 0.0000000000
102366  39.175  12.749  -13.362 0.0000000000
102370  43.739  12.442  -13.066 0.0000000000
102371  43.066  12.473  -13.473 0.0000000000
102372  42.107  12.507  -13.946 0.0000000000
102373  38.782  12.901  -14.717 0.0000000000
102378  40.862  12.535  -14.596 0.0000000000
102379  39.312  12.559  -15.221 0.0000000000
102380  38.805  12.839  -14.970 0.0000000000
103159  49.967  13.176  -8.294 0.0000000000
103160  49.195  13.648  -8.034 0.0000000000
103161  48.216  13.373  -8.350 0.0000000000
103172  49.487  13.082  -8.821 0.0000000000
103182  44.266  13.351  -10.204 0.0000000000
103194  46.878  13.283  -11.913 0.0000000000
103195  45.988  13.685  -11.717 0.0000000000
103196  44.891  13.939  -11.341 0.0000000000
103197  43.701  14.017  -10.940 0.0000000000
103199  38.358  13.599  -11.388 0.0000000000
103200  37.612  13.879  -11.086 0.0000000000
103206  46.067  13.522  -12.099 0.0000000000
103207  45.240  14.089  -12.068 0.0000000000
103208  44.360  14.426  -11.893 0.0000000000
103209  39.037  13.215  -12.679 0.0000000000
103210  38.541  14.068  -12.787 0.0000000000
103211  38.060  14.725  -12.457 0.0000000000
103217  45.163  13.790  -12.290 0.0000000000
103218  44.234  13.883  -12.540 0.0000000000
103219  43.315  14.029  -12.773 0.0000000000
103220  38.704  13.506  -13.901 0.0000000000
103221  38.533  14.142  -14.169 0.0000000000
103227  43.617  13.216  -12.994 0.0000000000
103228  42.664  13.323  -13.354 0.0000000000
103229  41.468  13.393  -13.855 0.0000000000
103230  40.545  13.992  -14.052 0.0000000000
103231  38.758  13.568  -14.574 0.0000000000
103232  38.672  14.228  -14.425 0.0000000000
103237  40.249  13.186  -14.573 0.0000000000
103238  39.303  13.449  -14.763 0.0000000000
103239  38.802  13.841  -14.595 0.0000000000
104108  43.588  14.585  -11.726 0.0000000000
104109  42.861  14.510  -11.254 0.0000000000
104120  44.498  14.299  -12.182 0.0000000000
104121  43.785  14.655  -12.071 0.0000000000
104122  43.014  14.890  -11.932 0.0000000000
104132  43.835  14.393  -12.326 0.0000000000
104133  42.968  14.721  -12.361 0.0000000000
104134  41.930  15.135  -12.726 0.0000000000
104135  38.042  15.076  -13.688 0.0000000000
104142  42.236  14.282  -13.133 0.0000000000
104143  41.322  14.697  -13.355 0.0000000000
104144  39.529  14.395  -14.350 0.0000000000
104145  38.864  14.942  -14.392 0.0000000000
104146  38.422  14.918  -14.280 0.0000000000
104986  42.231  15.224  -12.161 0.0000000000
104996  37.994  15.812  -14.276 0.0000000000
105003  40.917  15.530  -13.139 0.0000000000
124919  46.253  -13.861  -7.949 0.0000000000
124927  51.578  -19.216  -7.125 0.0000000000
124953  51.972  -39.097  -4.644 0.0000000000
124972  43.844  4.659  -10.198 0.0000000000
125023  46.217  11.901  -11.579 0.0000000000
125031  57.291  -32.143  -3.604 0.0000000000
125052  52.824  -19.513  -6.660 0.0000000000
125126  58.144  -30.025  -3.352 0.0000000000
125154  44.690  4.493  -10.598 0.0000000000
125155  45.956  4.524  -8.047 0.0000000000
125173  43.552  -53.366  -12.877 0.0000000000
125244  63.750  -13.893  0.886 0.0000000000
125269  53.009  -38.586  -3.197 0.0000000000
125274  60.884  -18.717  -1.111 0.0000000000
125287  46.736  4.554  -11.160 0.0000000000
125322  44.950  4.415  -11.478 0.0000000000
125323  46.300  4.592  -10.431 0.0000000000
125324  46.411  4.576  -9.036 0.0000000000
125325  47.356  4.693  -9.569 0.0000000000
125454  45.439  4.153  -13.177 0.0000000000
125492  53.842  -5.339  -12.472 0.0000000000
125523  45.216  4.339  -12.327 0.0000000000
125528  47.792  4.525  -10.202 0.0000000000
125670  46.138  3.671  -14.325 0.0000000000
125692  51.159  6.329  -5.945 0.0000000000
125727  49.045  4.880  -9.416 0.0000000000
125730  58.523  -30.838  -3.717 0.0000000000
125808  46.407  -44.308  -5.908 0.0000000000
125842  40.208  5.153  -15.754 0.0000000000
125877  58.656  -28.110  -8.094 0.0000000000
125979  56.396  -30.983  -2.851 0.0000000000
126021  47.224  -37.186  -6.514 0.0000000000
126101  48.306  12.346  -10.706 0.0000000000
126113  56.140  -23.110  -6.662 0.0000000000
126128  53.185  -38.657  -1.907 0.0000000000
126210  49.751  7.885  -4.054 0.0000000000
126251  43.858  4.497  -11.159 0.0000000000
126293  55.170  -32.274  -2.527 0.0000000000
126581  46.529  -12.842  -7.459 0.0000000000
126843  55.706  -11.443  -5.294 0.0000000000
126850  53.878  -44.066  -9.491 0.0000000000
126915  62.713  -26.025  -4.726 0.0000000000
126930  50.390  -39.198  -3.208 0.0000000000
126947  49.542  -7.451  -8.568 0.0000000000
126959  50.588  8.424  -3.162 0.0000000000
126963  48.178  -17.397  -6.475 0.0000000000
127002  54.640  -53.337  -8.056 0.0000000000
127007  43.646  10.464  -10.995 0.0000000000
127094  50.245  -41.343  -12.501 0.0000000000
127159  58.074  -25.020  -8.140 0.0000000000
127183  51.053  -39.439  -5.536 0.0000000000
127369  55.322  -47.531  -5.463 0.0000000000
127428  56.281  -37.701  -1.944 0.0000000000
127455  53.470  -33.884  -2.281 0.0000000000
127566  63.396  -16.652  -1.685 0.0000000000
127569  61.685  -14.421  -5.352 0.0000000000
127588  44.917  10.397  -8.824 0.0000000000
127653  45.641  -17.578  -7.715 0.0000000000
127679  48.167  4.918  -8.668 0.0000000000
127706  57.236  -29.244  -0.141 0.0000000000
127773  47.891  11.538  -10.012 0.0000000000
127832  52.633  -38.800  -0.749 0.0000000000
127853  46.645  10.800  -8.415 0.0000000000
127915  61.475  -30.362  -4.999 0.0000000000
127963  64.548  -30.257  -5.036 0.0000000000
128041  53.953  -38.477  -3.545 0.0000000000
128108  57.008  -25.824  -3.468 0.0000000000
128226  54.251  -27.710  -6.286 0.0000000000
128309  58.137  -27.812  -0.576 0.0000000000
128328  61.163  -20.851  -1.593 0.0000000000
128329  40.281  11.825  -15.262 0.0000000000
128343  49.793  5.590  -6.176 0.0000000000
128353  62.937  -19.095  -3.336 0.0000000000
128377  42.684  9.418  -12.041 0.0000000000
128643  52.084  -44.624  -8.865 0.0000000000
128691  47.239  -15.861  -8.463 0.0000000000
128714  38.878  11.568  -15.170 0.0000000000
128718  54.358  -36.875  -5.459 0.0000000000
128761  55.372  -10.705  -5.221 0.0000000000
128770  50.055  -35.639  -2.442 0.0000000000
128771  56.718  -28.349  -7.635 0.0000000000
128780  54.838  -19.289  -5.596 0.0000000000
128876  59.359  -12.991  -3.836 0.0000000000
128905  48.790  9.608  -2.626 0.0000000000
128928  59.391  -23.344  -8.290 0.0000000000
128941  60.686  -13.607  -7.822 0.0000000000
128967  44.843  -40.586  -9.668 0.0000000000
128980  44.438  10.356  -9.392 0.0000000000
129037  52.836  -15.289  -6.111 0.0000000000
129110  48.981  10.077  -3.409 0.0000000000
129111  61.426  -23.284  -2.249 0.0000000000
129126  62.197  -24.791  -4.664 0.0000000000
129339  45.260  -0.099  -15.426 0.0000000000
129468  46.965  -38.862  -11.765 0.0000000000
129521  59.755  -32.633  -5.264 0.0000000000
129556  46.164  -13.896  -8.531 0.0000000000
129607  48.203  11.936  -10.728 0.0000000000
129665  64.308  -19.693  -1.982 0.0000000000
129699  48.954  -45.355  -7.881 0.0000000000
129786  63.626  -23.903  -5.735 0.0000000000
129808  59.786  -29.173  -1.197 0.0000000000
129885  48.080  8.444  -4.291 0.0000000000
130030  54.940  -12.344  -2.754 0.0000000000
130037  60.991  -27.974  -1.648 0.0000000000
130045  54.218  -38.506  -4.763 0.0000000000
130148  50.105  -8.896  -11.680 0.0000000000
130155  50.563  -44.397  -9.555 0.0000000000
130171  50.533  -44.376  -14.584 0.0000000000
130252  53.541  -46.791  -4.459 0.0000000000
130276  64.528  -24.866  -2.928 0.0000000000
130296  46.097  -37.358  -4.150 0.0000000000
130313  46.732  -10.919  -9.195 0.0000000000
130388  60.293  -28.110  -3.717 0.0000000000
130402  46.106  -50.628  -15.203 0.0000000000
130433  50.132  -8.317  -12.099 0.0000000000
130441  61.699  -17.583  -6.591 0.0000000000
130444  52.950  -4.112  -14.160 0.0000000000
130552  54.100  -33.406  -2.358 0.0000000000
130747  61.284  -15.343  -8.283 0.0000000000
130797  54.251  -15.974  -4.348 0.0000000000
130878  57.646  -26.186  -8.027 0.0000000000
130884  55.693  -51.379  -5.625 0.0000000000
130934  56.755  -10.689  -5.434 0.0000000000
131091  52.752  -15.108  -5.133 0.0000000000
131100  54.706  -11.904  -4.782 0.0000000000
131119  48.048  -48.657  -8.301 0.0000000000
131176  58.755  -27.164  -3.313 0.0000000000
131189  58.678  -34.021  -5.565 0.0000000000
131215  49.327  12.041  -6.089 0.0000000000
131246  49.257  -9.845  -6.685 0.0000000000
131323  48.771  11.258  -3.827 0.0000000000
131332  41.600  1.647  -10.915 0.0000000000
131336  38.820  12.286  -15.256 0.0000000000
131359  43.229  9.648  -10.030 0.0000000000
131396  58.313  -30.292  -0.567 0.0000000000
131493  53.256  -38.760  -6.283 0.0000000000
131516  50.633  -10.110  -4.080 0.0000000000
131572  49.341  -17.780  -7.121 0.0000000000
131580  62.276  -27.175  -4.514 0.0000000000
131603  48.565  12.668  -10.288 0.0000000000
131607  54.391  -24.985  -5.650 0.0000000000
131614  49.899  -14.729  -8.187 0.0000000000
131620  40.466  14.802  -13.740 0.0000000000
131624  48.455  -3.566  -8.736 0.0000000000
131652  49.155  -13.669  -8.684 0.0000000000
131691  40.967  -53.704  -13.087 0.0000000000
131709  42.407  8.166  -12.797 0.0000000000
131713  47.626  0.347  -15.585 0.0000000000
131792  54.981  -17.042  -4.422 0.0000000000
131861  48.830  -44.304  -9.291 0.0000000000
132005  64.895  -25.242  -3.803 0.0000000000
132031  43.510  -16.943  -9.595 0.0000000000
132138  42.370  8.030  -11.870 0.0000000000
132139  52.562  6.957  -4.674 0.0000000000
132170  47.188  -38.513  -10.581 0.0000000000
132328  46.045  -36.885  -8.215 0.0000000000
132353  53.101  -15.281  -7.092 0.0000000000
132377  60.906  -32.297  -2.621 0.0000000000
132401  46.425  0.171  -15.511 0.0000000000
132406  55.116  -16.079  -4.175 0.0000000000
132431  46.543  -39.321  -8.583 0.0000000000
132442  53.116  -45.433  -11.967 0.0000000000
132474  47.982  10.877  -5.886 0.0000000000
132659  40.470  6.952  -10.606 0.0000000000
132750  49.134  -45.924  -5.009 0.0000000000
132906  53.224  -35.921  -3.584 0.0000000000
132909  46.890  -40.543  -9.662 0.0000000000
133071  39.845  15.350  -13.843 0.0000000000
133120  58.818  -14.130  -6.280 0.0000000000
133370  56.118  -15.813  -4.236 0.0000000000
133371  50.273  -45.754  -4.888 0.0000000000
133381  62.191  -16.614  -3.615 0.0000000000
133472  40.454  6.578  -11.406 0.0000000000
133548  51.401  -39.189  -0.602 0.0000000000
133663  57.056  -13.317  -2.925 0.0000000000
133725  51.105  -37.904  -6.477 0.0000000000
133735  51.607  -45.518  -5.635 0.0000000000
133748  45.519  -41.310  -10.601 0.0000000000
133911  44.469  -17.338  -8.521 0.0000000000
133966  46.579  -43.716  -7.345 0.0000000000
134038  63.102  -20.924  -6.834 0.0000000000
134048  55.815  -29.144  -2.446 0.0000000000
134126  51.090  -45.459  -3.812 0.0000000000
134156  47.431  3.600  -13.344 0.0000000000
134174  55.824  -51.992  -5.822 0.0000000000
134204  47.680  -2.223  -10.066 0.0000000000
134208  46.391  -0.865  -8.534 0.0000000000
134253  62.487  -29.428  -5.228 0.0000000000
134269  46.377  -43.028  -7.256 0.0000000000
134335  47.300  -37.769  -6.846 0.0000000000
134356  55.867  -22.292  -6.486 0.0000000000
134385  53.662  -21.338  -6.469 0.0000000000
134486  46.662  -12.010  -8.644 0.0000000000
134517  48.528  8.794  -2.444 0.0000000000
134535  55.927  -51.885  -6.244 0.0000000000
134700  55.291  -44.394  -8.438 0.0000000000
134755  42.488  8.852  -13.129 0.0000000000
134766  56.779  -36.387  -1.400 0.0000000000
134847  60.264  -23.224  -2.386 0.0000000000
134874  38.134  14.229  -11.804 0.0000000000
134898  46.521  -41.971  -6.225 0.0000000000
134906  50.106  12.792  -7.663 0.0000000000
134938  52.881  -17.140  -6.690 0.0000000000
135006  42.811  10.238  -13.335 0.0000000000
135101  63.024  -13.535  -1.683 0.0000000000
135116  65.012  -26.278  -5.273 0.0000000000
135129  48.002  -2.109  -15.195 0.0000000000
135202  49.928  -45.009  -14.857 0.0000000000
135205  48.222  5.399  -5.534 0.0000000000
135223  45.577  -40.277  -10.765 0.0000000000
135315  56.472  -25.673  -7.108 0.0000000000
135391  62.458  -17.458  -3.418 0.0000000000
135401  38.907  12.225  -15.382 0.0000000000
135498  46.278  -43.578  -5.657 0.0000000000
135552  42.106  -55.865  -14.606 0.0000000000
135628  46.496  -7.174  -11.435 0.0000000000
135656  47.808  7.386  -4.445 0.0000000000
135681  64.409  -21.685  -1.967 0.0000000000
135784  62.459  -23.215  -2.024 0.0000000000
135838  40.482  8.214  -11.215 0.0000000000
135872  52.417  -12.791  -4.577 0.0000000000
135888  51.500  -17.253  -7.409 0.0000000000
135909  43.153  4.729  -11.315 0.0000000000
135925  42.494  9.443  -14.004 0.0000000000
135985  61.110  -14.212  -8.025 0.0000000000
136024  62.419  -13.751  0.101 0.0000000000
136111  62.167  -24.065  -2.237 0.0000000000
136138  41.798  -55.532  -15.322 0.0000000000
136259  53.177  -25.003  -4.757 0.0000000000
136292  42.753  2.437  -15.484 0.0000000000
136297  63.026  -26.987  -2.499 0.0000000000
136303  39.296  7.217  -15.422 0.0000000000
136358  42.369  7.091  -10.513 0.0000000000
136462  42.492  6.345  -10.078 0.0000000000
136501  47.259  13.212  -10.002 0.0000000000
136528  61.626  -15.922  -8.386 0.0000000000
136612  42.328  7.021  -13.378 0.0000000000
136613  42.331  7.145  -11.429 0.0000000000
136793  40.369  4.214  -13.267 0.0000000000
136905  40.767  2.997  -10.382 0.0000000000
136922  49.626  8.734  -2.578 0.0000000000
136963  57.891  -29.093  -0.366 0.0000000000
137040  49.276  6.408  -2.439 0.0000000000
137289  55.435  -29.825  -2.330 0.0000000000
137306  46.088  4.011  -13.716 0.0000000000
137343  61.606  -13.105  -3.270 0.0000000000
137358  51.326  -45.524  -4.762 0.0000000000
137378  40.476  8.946  -11.089 0.0000000000
137397  63.519  -24.931  -2.419 0.0000000000
137533  62.066  -26.875  -2.121 0.0000000000
137616  48.195  -44.785  -13.703 0.0000000000
137626  47.544  -3.646  -6.967 0.0000000000
137800  56.228  -47.851  -7.827 0.0000000000
137834  40.395  7.866  -12.058 0.0000000000
137872  46.368  6.214  -4.974 0.0000000000
137925  46.404  -41.657  -7.287 0.0000000000
138052  47.994  -0.467  -15.511 0.0000000000
138141  43.525  -52.511  -9.733 0.0000000000
138332  46.428  -40.645  -7.807 0.0000000000
138337  64.978  -25.173  -4.450 0.0000000000
138354  47.243  3.301  -12.259 0.0000000000
138359  57.527  -32.063  -0.429 0.0000000000
138622  40.490  4.733  -11.602 0.0000000000
138650  47.532  -45.634  -5.915 0.0000000000
138682  54.520  -55.374  -7.616 0.0000000000
138874  53.416  -37.080  -5.310 0.0000000000
138893  40.497  5.053  -9.443 0.0000000000
138973  46.981  -44.556  -12.257 0.0000000000
139107  54.789  -10.726  -5.038 0.0000000000
139156  42.605  6.509  -9.263 0.0000000000
139376  38.392  15.665  -14.249 0.0000000000
139479  62.345  -33.025  -5.244 0.0000000000
139499  55.377  -38.191  -2.791 0.0000000000
139525  44.682  -37.875  -6.135 0.0000000000
139585  63.220  -14.182  -2.103 0.0000000000
139751  40.509  4.816  -10.245 0.0000000000
139883  47.152  -12.296  -9.436 0.0000000000
139946  49.691  -6.754  -8.862 0.0000000000
140065  49.071  -0.186  -15.552 0.0000000000
140148  56.664  -29.113  -2.670 0.0000000000
140226  53.459  -6.961  -11.277 0.0000000000
140244  58.430  -12.594  -6.544 0.0000000000
140252  57.054  -15.548  -4.545 0.0000000000
140452  55.200  -51.075  -7.602 0.0000000000
140454  62.918  -13.554  -1.023 0.0000000000
140633  50.224  8.408  -2.670 0.0000000000
140634  42.000  6.138  -15.426 0.0000000000
140650  46.910  -18.047  -9.091 0.0000000000
140664  62.109  -14.226  -4.242 0.0000000000
140706  53.202  -12.546  -4.484 0.0000000000
140774  44.507  6.144  -6.097 0.0000000000
140849  52.415  -10.429  -4.146 0.0000000000
140882  45.512  -37.731  -3.873 0.0000000000
140965  44.158  1.491  -15.520 0.0000000000
140971  52.401  -45.354  -5.546 0.0000000000
141020  42.433  5.940  -14.748 0.0000000000
141053  42.450  7.038  -9.785 0.0000000000
141068  56.100  -44.545  -8.702 0.0000000000
141076  61.260  -29.356  -1.848 0.0000000000
141092  49.540  -40.499  -12.292 0.0000000000
141169  61.980  -25.567  -4.381 0.0000000000
141250  53.559  -36.490  -4.444 0.0000000000
141292  56.463  -48.757  -5.743 0.0000000000
141321  46.696  4.668  -6.676 0.0000000000
141356  60.080  -26.976  -1.402 0.0000000000
141486  64.510  -25.983  -5.520 0.0000000000
141569  47.713  6.582  -4.633 0.0000000000
141650  47.735  2.400  -15.436 0.0000000000
141676  54.858  -10.539  -4.774 0.0000000000
141699  46.956  2.576  -9.403 0.0000000000
141726  46.442  1.914  -9.301 0.0000000000
141751  61.888  -30.688  -2.610 0.0000000000
141784  49.673  -46.541  -14.703 0.0000000000
142084  52.272  -38.539  -6.787 0.0000000000
142090  54.061  -32.771  -2.127 0.0000000000
142110  40.458  5.914  -11.423 0.0000000000
142137  46.625  -12.286  -7.810 0.0000000000
142268  61.244  -11.851  -6.363 0.0000000000
142399  56.239  -50.034  -7.087 0.0000000000
142459  47.592  -39.494  -11.111 0.0000000000
142473  40.249  7.579  -12.799 0.0000000000
142509  59.343  -26.627  -9.144 0.0000000000
142522  44.321  10.814  -10.757 0.0000000000
142620  58.013  -27.286  -0.608 0.0000000000
142628  60.866  -31.681  -5.346 0.0000000000
142667  49.297  -1.898  -12.525 0.0000000000
142712  50.383  5.240  -8.350 0.0000000000
142733  56.283  -35.880  -5.527 0.0000000000
142734  54.760  -33.687  -2.746 0.0000000000
142776  49.313  12.012  -9.546 0.0000000000
142788  42.482  5.794  -13.860 0.0000000000
142794  41.119  2.442  -15.197 0.0000000000
142826  49.320  -40.852  -11.710 0.0000000000
142858  56.452  -30.494  0.190 0.0000000000
142884  60.589  -21.556  -7.684 0.0000000000
142898  40.067  10.987  -12.536 0.0000000000
142989  54.602  -9.149  -12.100 0.0000000000
143073  48.470  -43.382  -13.272 0.0000000000
143109  56.149  -33.384  -3.460 0.0000000000
143165  40.595  4.340  -15.570 0.0000000000
143276  40.522  4.241  -9.676 0.0000000000
143290  45.106  3.401  -14.879 0.0000000000
143313  46.365  -43.488  -6.514 0.0000000000
143360  61.560  -12.629  -5.877 0.0000000000
143585  46.080  0.623  -9.808 0.0000000000
143591  47.294  -45.374  -6.401 0.0000000000
143627  45.389  -3.489  -10.226 0.0000000000
143700  51.431  -10.254  -3.859 0.0000000000
143709  48.537  -46.964  -10.158 0.0000000000
143742  52.454  4.867  -8.206 0.0000000000
143767  53.409  -21.803  -6.372 0.0000000000
143769  46.334  -8.276  -8.047 0.0000000000
143836  53.298  -13.934  -8.705 0.0000000000
143837  60.694  -31.504  -2.102 0.0000000000
143895  44.245  9.043  -7.341 0.0000000000
144049  43.232  -52.952  -10.368 0.0000000000
144063  58.734  -30.900  -0.813 0.0000000000
144092  47.186  -6.966  -12.946 0.0000000000
144385  57.136  -25.178  -4.928 0.0000000000
144388  45.333  -38.033  -9.888 0.0000000000
144395  55.564  -52.607  -5.603 0.0000000000
144442  53.323  -38.674  -1.106 0.0000000000
144467  52.630  -38.794  -4.303 0.0000000000
144534  48.103  4.848  -7.713 0.0000000000
144556  54.290  -6.106  -12.531 0.0000000000
144559  38.959  8.879  -16.189 0.0000000000
144569  41.484  6.349  -15.749 0.0000000000
144584  46.577  -37.761  -11.206 0.0000000000
144649  50.312  -11.535  -6.143 0.0000000000
144699  47.701  -4.892  -6.511 0.0000000000
144785  42.102  9.412  -14.977 0.0000000000
144790  40.227  4.750  -13.710 0.0000000000
144847  63.880  -14.068  0.732 0.0000000000
144882  54.285  -27.032  -5.947 0.0000000000
144894  64.329  -21.778  -2.690 0.0000000000
144962  59.407  -26.578  -3.468 0.0000000000
144983  62.725  -26.380  -2.378 0.0000000000
144985  40.202  7.017  -13.100 0.0000000000
145048  45.302  -37.349  -5.988 0.0000000000
145184  40.064  -55.637  -14.393 0.0000000000
145207  47.411  0.347  -12.764 0.0000000000
145211  44.968  5.033  -6.918 0.0000000000
145232  49.510  12.081  -8.753 0.0000000000
145270  61.687  -31.685  -2.932 0.0000000000
145353  51.764  -8.024  -10.016 0.0000000000
145361  54.502  -16.591  -4.460 0.0000000000
145374  57.437  -32.796  -0.529 0.0000000000
145404  45.883  -19.697  -9.599 0.0000000000
145460  56.663  -31.036  0.074 0.0000000000
145485  41.285  1.704  -14.266 0.0000000000
145487  40.558  3.899  -11.741 0.0000000000
145511  46.856  -6.261  -13.293 0.0000000000
145536  47.236  10.966  -8.274 0.0000000000
145583  61.782  -29.889  -2.300 0.0000000000
145584  45.375  4.527  -10.225 0.0000000000
145610  55.757  -38.082  -2.128 0.0000000000
145644  46.468  -13.572  -6.984 0.0000000000
145677  54.776  -36.289  -4.793 0.0000000000
145687  54.722  -51.523  -5.163 0.0000000000
145716  54.806  -20.018  -6.043 0.0000000000
145875  63.106  -24.320  -2.256 0.0000000000
146096  41.716  1.498  -11.632 0.0000000000
146106  47.262  4.367  -11.126 0.0000000000
146118  54.125  -12.301  -9.931 0.0000000000
146216  58.713  -25.524  -3.553 0.0000000000
146217  58.271  -21.583  -7.030 0.0000000000
146252  61.812  -16.038  -7.803 0.0000000000
146314  58.460  -13.025  -3.629 0.0000000000
146316  48.403  -47.134  -15.580 0.0000000000
146450  51.740  -8.851  -9.693 0.0000000000
146452  53.153  -10.509  -4.234 0.0000000000
146582  44.590  -1.499  -14.912 0.0000000000
146607  64.674  -27.037  -3.700 0.0000000000
146676  49.207  9.977  -3.033 0.0000000000
146702  59.148  -34.443  -2.325 0.0000000000
146783  49.711  -39.401  -1.844 0.0000000000
146784  40.826  -56.390  -15.637 0.0000000000
146793  49.124  6.363  -4.867 0.0000000000
146849  47.878  -49.162  -8.167 0.0000000000
146856  57.247  -14.512  -4.888 0.0000000000
146862  47.069  3.079  -11.439 0.0000000000
146918  58.609  -23.737  -5.618 0.0000000000
146920  52.433  -7.195  -10.620 0.0000000000
147146  50.258  -11.157  -7.178 0.0000000000
147317  62.236  -20.342  -8.127 0.0000000000
147327  39.553  7.149  -14.539 0.0000000000
147330  54.937  -53.641  -7.342 0.0000000000
147370  54.580  -43.593  -11.126 0.0000000000
147375  46.438  -6.740  -9.761 0.0000000000
147394  47.949  -48.203  -8.529 0.0000000000
147481  46.863  -48.930  -8.293 0.0000000000
147485  57.604  -26.014  -3.339 0.0000000000
147565  58.100  -35.945  -2.302 0.0000000000
147591  55.170  -14.176  -4.243 0.0000000000
147622  45.294  12.636  -8.385 0.0000000000
147914  41.434  14.091  -13.568 0.0000000000
147931  55.719  -50.102  -5.582 0.0000000000
147932  46.374  -6.288  -10.154 0.0000000000
147961  54.274  -5.906  -13.126 0.0000000000
148121  47.947  8.084  -2.326 0.0000000000
148283  46.448  -41.831  -6.743 0.0000000000
148382  42.549  10.388  -14.087 0.0000000000
148438  44.449  6.795  -6.068 0.0000000000
148444  54.740  -34.338  -3.091 0.0000000000
148495  48.803  2.189  -15.269 0.0000000000
148513  56.736  -37.131  -1.797 0.0000000000
148536  42.737  -52.421  -14.630 0.0000000000
148582  42.974  -54.276  -13.050 0.0000000000
148649  55.259  -11.629  -5.087 0.0000000000
148676  57.713  -22.425  -7.149 0.0000000000
148793  56.254  -36.426  -1.082 0.0000000000
148894  63.539  -22.570  -6.316 0.0000000000
149013  38.347  14.536  -13.904 0.0000000000
149018  49.690  -39.654  -5.697 0.0000000000
149127  48.050  13.100  -10.214 0.0000000000
149185  42.198  0.594  -14.257 0.0000000000
149188  49.874  -17.624  -7.343 0.0000000000
149204  53.067  -38.662  -6.574 0.0000000000
149228  41.037  2.470  -10.000 0.0000000000
149302  46.965  -12.640  -9.227 0.0000000000
149361  51.082  -44.150  -10.056 0.0000000000
149522  48.256  -14.878  -8.219 0.0000000000
149741  46.570  -5.632  -13.548 0.0000000000
149894  56.432  -34.261  -0.426 0.0000000000
149913  45.589  -36.982  -6.585 0.0000000000
149948  55.737  -30.387  -6.784 0.0000000000
149949  42.478  0.574  -10.062 0.0000000000
149954  58.976  -22.844  -8.149 0.0000000000
149975  46.584  -20.042  -9.229 0.0000000000
150002  57.348  -37.182  -4.120 0.0000000000
150014  57.353  -12.804  -3.402 0.0000000000
150124  45.809  -49.936  -8.229 0.0000000000
150319  57.428  -36.952  -2.592 0.0000000000
150331  54.219  -17.831  -5.172 0.0000000000
150343  46.750  -9.154  -10.213 0.0000000000
150406  48.711  11.992  -10.449 0.0000000000
150444  61.170  -26.392  -3.872 0.0000000000
150545  54.311  -11.737  -10.190 0.0000000000
150634  55.234  -27.289  -6.516 0.0000000000
150734  48.267  -44.523  -8.734 0.0000000000
150795  57.505  -30.019  -3.119 0.0000000000
150802  49.438  -9.051  -11.537 0.0000000000
150850  52.748  -45.922  -3.525 0.0000000000
150868  54.526  -13.078  -4.449 0.0000000000
150908  48.285  -7.588  -12.488 0.0000000000
150912  52.330  -35.094  -2.606 0.0000000000
150984  55.165  -29.162  -2.245 0.0000000000
150995  46.746  -12.032  -9.272 0.0000000000
151002  50.965  -2.157  -14.997 0.0000000000
151152  62.896  -19.638  -1.406 0.0000000000
