#!ascii label  , from subject sub-05 vox2ras=TkReg
3133
40077  -29.815  -43.280  -9.404 0.5000000000
41135  -30.829  -43.434  -9.824 0.5000000000
42106  -29.868  -42.390  -9.106 0.4000000060
42123  -30.565  -42.774  -9.589 0.5000000000
42107  -30.704  -42.011  -9.456 0.5000000000
43078  -30.597  -41.230  -9.234 0.5000000000
65151  -33.383  -18.002  -5.770 0.5000000000
66099  -34.416  -18.034  -5.838 0.4000000060
66117  -35.912  -17.439  -6.462 0.4000000060
155850  -36.119  -17.445  -5.699 0.4000000060
67037  -37.044  -16.328  -6.295 0.6000000238
66101  -36.550  -17.122  -5.864 0.5000000000
67983  -37.597  -15.466  -6.359 0.5000000000
67971  -37.792  -16.072  -5.383 0.5000000000
67984  -37.962  -14.817  -6.377 0.4000000060
145120  -38.390  -15.625  -4.992 0.5000000000
67972  -38.276  -15.283  -5.718 0.5000000000
69896  -38.613  -13.622  -6.154 0.4000000060
149496  -30.490  -45.601  -9.935 0.5000000000
40091  -30.876  -44.229  -9.907 0.4000000060
41136  -31.031  -43.456  -9.832 0.5000000000
40078  -30.931  -44.398  -9.339 0.5000000000
41123  -31.181  -43.089  -9.360 0.5000000000
42108  -31.233  -41.740  -9.247 0.5000000000
44064  -31.074  -40.605  -9.288 0.5000000000
153074  -30.928  -39.351  -8.963 0.5000000000
66112  -30.311  -17.898  -6.083 0.5000000000
65161  -32.057  -18.401  -6.526 0.5000000000
65163  -33.733  -18.342  -6.640 0.5000000000
66130  -35.094  -17.434  -7.346 0.5000000000
138709  -36.285  -16.128  -7.212 0.6000000238
145370  -40.639  -10.142  -4.642 0.3000000119
68891  -37.883  -14.038  -6.605 0.4000000060
72596  -40.589  -10.771  -4.801 0.3000000119
69898  -39.870  -12.887  -5.239 0.4000000060
69897  -39.255  -13.110  -5.724 0.3000000119
70819  -40.230  -12.207  -5.112 0.4000000060
40090  -30.356  -44.114  -9.836 0.5000000000
42124  -31.061  -42.052  -9.554 0.5000000000
141950  -31.037  -42.747  -9.729 0.5000000000
45042  -30.631  -39.852  -8.866 0.5000000000
67049  -35.699  -16.793  -7.314 0.6000000238
72581  -41.838  -10.697  -3.751 0.3000000119
71669  -40.770  -11.705  -4.657 0.3000000119
25870  -41.729  -58.176  -6.589 0.3000000119
26908  -41.641  -57.235  -6.937 0.3000000119
136718  -42.593  -57.859  -7.940 0.4000000060
26923  -42.663  -57.270  -8.556 0.4000000060
26924  -43.220  -57.648  -9.237 0.4000000060
142675  -43.636  -57.980  -9.850 0.4000000060
26938  -43.395  -57.174  -10.147 0.4000000060
25924  -43.879  -57.893  -10.693 0.4000000060
28080  -43.362  -56.317  -12.283 0.4000000060
26882  -41.270  -57.638  -6.267 0.3000000119
28015  -41.376  -56.230  -6.888 0.3000000119
26909  -42.208  -57.244  -7.739 0.4000000060
28032  -42.275  -56.663  -8.220 0.4000000060
28045  -42.538  -56.373  -8.965 0.4000000060
28057  -42.930  -56.408  -9.895 0.4000000060
28070  -43.253  -56.383  -10.946 0.4000000060
28069  -42.787  -55.807  -10.516 0.4000000060
30016  -41.813  -54.682  -12.852 0.4000000060
29048  -42.379  -55.106  -12.457 0.4000000060
28965  -39.811  -55.295  -4.805 0.3000000119
135658  -40.316  -54.751  -5.465 0.3000000119
29956  -40.682  -54.327  -6.043 0.3000000119
29004  -41.664  -55.654  -7.591 0.4000000060
29971  -41.533  -54.757  -7.545 0.4000000060
29005  -42.079  -55.983  -8.286 0.4000000060
29017  -42.275  -55.578  -8.963 0.4000000060
151448  -42.399  -55.302  -10.044 0.4000000060
29042  -42.504  -55.185  -11.147 0.4000000060
30952  -41.265  -53.505  -10.775 0.4000000060
30008  -42.047  -54.601  -11.840 0.4000000060
32907  -40.040  -51.640  -11.033 0.4000000060
31918  -40.542  -52.418  -10.591 0.4000000060
30962  -41.062  -53.543  -12.024 0.4000000060
29918  -39.279  -54.361  -3.961 0.3000000119
139626  -39.439  -56.098  -4.318 0.3000000119
147731  -39.851  -54.323  -4.801 0.3000000119
155376  -41.158  -53.661  -6.873 0.3000000119
29983  -41.661  -54.385  -8.357 0.3000000119
29984  -42.026  -54.850  -9.304 0.4000000060
137362  -41.655  -54.108  -9.068 0.4000000060
133513  -40.432  -52.021  -9.669 0.4000000060
30943  -41.303  -53.482  -9.481 0.4000000060
29998  -41.683  -54.143  -10.016 0.4000000060
155250  -40.052  -51.385  -9.932 0.4000000060
32906  -39.678  -50.866  -10.753 0.4000000060
30874  -39.592  -53.519  -4.385 0.3000000119
29945  -40.374  -53.946  -5.547 0.3000000119
31867  -40.462  -52.340  -5.775 0.3000000119
138558  -40.737  -52.854  -6.251 0.4000000060
30914  -41.071  -53.032  -6.945 0.4000000060
31892  -40.849  -52.295  -7.379 0.4000000060
30929  -41.416  -53.643  -8.454 0.4000000060
35785  -39.432  -48.786  -7.507 0.3000000119
33873  -40.057  -50.914  -8.217 0.4000000060
156077  -41.116  -53.069  -8.686 0.4000000060
33872  -39.662  -50.183  -8.819 0.3000000119
32895  -39.825  -50.862  -9.422 0.4000000060
147594  -40.272  -51.540  -8.848 0.4000000060
34836  -39.304  -49.377  -9.652 0.4000000060
31809  -38.304  -52.196  -1.186 0.3000000119
147244  -38.509  -52.242  -2.133 0.3000000119
32806  -38.517  -51.397  -0.843 0.3000000119
30862  -39.015  -53.444  -3.511 0.3000000119
31827  -38.658  -52.888  -2.752 0.3000000119
31841  -39.430  -52.740  -4.063 0.3000000119
145672  -39.662  -52.059  -4.463 0.3000000119
32846  -39.581  -51.210  -4.322 0.3000000119
31854  -39.979  -52.703  -4.947 0.3000000119
32858  -40.085  -51.628  -5.203 0.3000000119
33855  -40.294  -50.928  -6.408 0.3000000119
32859  -40.455  -51.573  -6.078 0.3000000119
33854  -39.982  -50.300  -6.687 0.3000000119
31877  -40.722  -52.258  -6.554 0.3000000119
33863  -39.829  -50.250  -7.626 0.3000000119
32873  -40.567  -51.581  -6.878 0.4000000060
139946  -39.187  -48.023  -8.021 0.3000000119
137670  -38.957  -48.059  -9.041 0.4000000060
36868  -38.654  -47.754  -10.042 0.4000000060
132326  -38.525  -51.519  -1.704 0.3000000119
149275  -38.697  -51.612  -2.456 0.3000000119
34765  -38.806  -50.330  -1.907 0.3000000119
142895  -39.272  -52.013  -3.734 0.3000000119
33814  -39.382  -50.529  -3.784 0.3000000119
35771  -39.666  -48.891  -5.102 0.3000000119
134060  -39.920  -50.797  -5.053 0.3000000119
139530  -39.537  -48.175  -6.032 0.3000000119
34807  -39.825  -49.641  -6.075 0.3000000119
33840  -40.178  -50.875  -5.694 0.3000000119
36841  -39.401  -47.360  -6.396 0.3000000119
34818  -39.683  -49.566  -7.039 0.3000000119
36848  -39.199  -47.285  -7.443 0.3000000119
37948  -38.956  -46.496  -7.896 0.3000000119
36857  -38.872  -47.282  -8.744 0.3000000119
37961  -38.671  -46.393  -9.016 0.3000000119
36879  -38.179  -47.416  -11.089 0.4000000060
34747  -38.910  -50.101  -1.231 0.3000000119
34733  -39.796  -49.552  -0.462 0.3000000119
134545  -39.073  -50.213  -2.824 0.3000000119
134339  -39.322  -49.112  -2.825 0.3000000119
152312  -40.548  -48.306  -0.707 0.3000000119
36775  -40.899  -47.123  -1.199 0.3000000119
36791  -39.688  -47.365  -2.725 0.3000000119
36776  -41.567  -47.340  -1.108 0.3000000119
139680  -39.554  -47.003  -5.055 0.3000000119
36820  -39.577  -47.629  -4.760 0.3000000119
35757  -39.583  -48.434  -4.440 0.3000000119
37929  -39.452  -46.590  -5.749 0.3000000119
141923  -39.592  -48.277  -5.256 0.3000000119
37938  -39.268  -46.512  -6.823 0.3000000119
37947  -38.772  -45.827  -8.288 0.3000000119
36856  -38.526  -46.958  -10.014 0.4000000060
156931  -37.931  -46.276  -10.927 0.4000000060
37981  -37.253  -46.686  -11.290 0.5000000000
135303  -39.337  -48.935  -1.645 0.3000000119
34748  -39.558  -49.099  -0.883 0.3000000119
35728  -39.497  -48.157  -2.143 0.3000000119
36774  -40.075  -47.387  -1.604 0.3000000119
150641  -39.520  -48.985  -3.867 0.3000000119
37901  -39.758  -46.560  -3.355 0.3000000119
38936  -42.226  -46.070  -1.698 0.3000000119
37885  -42.818  -46.526  -1.797 0.3000000119
139717  -39.615  -46.884  -4.353 0.3000000119
36808  -39.600  -47.515  -3.856 0.3000000119
38957  -43.196  -45.461  -2.529 0.3000000119
37902  -43.854  -45.940  -3.022 0.3000000119
40068  -38.863  -44.331  -7.826 0.3000000119
39028  -39.077  -45.638  -7.312 0.3000000119
40030  -44.194  -44.622  -4.791 0.3000000119
154806  -38.500  -44.890  -8.948 0.3000000119
40094  -38.193  -44.702  -9.808 0.3000000119
39052  -37.974  -45.525  -10.628 0.3000000119
39072  -36.901  -44.719  -11.436 0.4000000060
39061  -36.742  -45.096  -11.237 0.5000000000
37883  -40.109  -46.602  -2.260 0.3000000119
37867  -40.578  -46.659  -1.647 0.3000000119
37868  -41.098  -46.283  -1.599 0.3000000119
156618  -39.694  -46.206  -4.135 0.3000000119
38953  -40.202  -45.865  -2.686 0.3000000119
38954  -40.778  -45.405  -2.345 0.3000000119
38955  -41.496  -45.066  -2.251 0.3000000119
39003  -39.530  -45.638  -5.348 0.3000000119
38956  -42.347  -45.180  -2.226 0.3000000119
39014  -39.280  -45.072  -6.628 0.3000000119
38973  -42.998  -44.768  -2.721 0.3000000119
41046  -43.333  -43.666  -3.965 0.3000000119
40040  -43.814  -43.875  -4.701 0.3000000119
43053  -43.101  -41.452  -6.630 0.3000000119
42082  -43.438  -42.171  -6.129 0.3000000119
41125  -38.532  -43.303  -8.900 0.3000000119
138451  -38.177  -43.853  -9.638 0.3000000119
40093  -37.677  -44.031  -10.610 0.3000000119
40103  -37.188  -44.296  -11.351 0.3000000119
40010  -40.021  -44.870  -3.803 0.3000000119
40011  -40.645  -44.383  -3.159 0.3000000119
144560  -39.463  -44.909  -5.870 0.3000000119
40027  -39.739  -44.649  -4.842 0.3000000119
38988  -39.702  -45.563  -4.440 0.3000000119
41062  -40.019  -43.627  -4.805 0.3000000119
41063  -40.650  -43.148  -4.148 0.3000000119
41044  -41.175  -43.557  -3.367 0.3000000119
39998  -41.408  -44.300  -2.728 0.3000000119
141824  -39.184  -43.925  -7.181 0.3000000119
40052  -39.382  -44.344  -6.492 0.3000000119
40039  -39.645  -44.019  -5.649 0.3000000119
41078  -39.884  -43.161  -5.478 0.3000000119
42068  -40.381  -42.345  -5.287 0.3000000119
42055  -41.556  -42.273  -4.420 0.3000000119
41030  -41.969  -43.782  -2.913 0.3000000119
41113  -38.878  -43.625  -7.961 0.3000000119
44011  -41.821  -40.771  -6.207 0.3000000119
43025  -41.799  -41.754  -4.891 0.3000000119
44041  -41.429  -40.024  -7.293 0.3000000119
43052  -42.408  -41.002  -6.306 0.3000000119
43036  -42.769  -41.586  -5.800 0.3000000119
44056  -41.595  -39.732  -8.113 0.3000000119
44042  -42.163  -40.298  -7.613 0.3000000119
42126  -36.967  -42.692  -11.357 0.4000000060
44057  -42.333  -40.261  -8.602 0.3000000119
147498  -36.747  -42.880  -11.268 0.4000000060
44092  -42.769  -39.637  -12.625 0.3000000119
41156  -36.729  -43.523  -11.283 0.3000000119
41147  -36.510  -43.547  -11.034 0.4000000060
44093  -43.537  -39.407  -13.214 0.3000000119
40092  -36.490  -44.415  -10.705 0.5000000000
39040  -36.429  -45.479  -9.306 0.5000000000
41114  -39.252  -43.075  -7.245 0.3000000119
42080  -39.606  -42.482  -6.589 0.3000000119
43067  -39.557  -41.196  -7.432 0.3000000119
44023  -40.196  -40.769  -6.880 0.3000000119
44040  -40.693  -40.055  -7.166 0.3000000119
42127  -37.737  -42.921  -10.227 0.4000000060
45032  -40.887  -39.502  -7.857 0.3000000119
45066  -41.235  -39.109  -9.718 0.3000000119
154812  -36.767  -41.987  -11.275 0.4000000060
136121  -36.306  -41.909  -11.049 0.5000000000
45067  -41.925  -39.671  -10.255 0.3000000119
45080  -42.010  -39.650  -11.324 0.4000000060
45089  -42.124  -38.366  -12.254 0.4000000060
42125  -36.398  -42.771  -10.699 0.5000000000
41137  -36.422  -43.675  -10.048 0.6000000238
45097  -42.999  -38.547  -12.750 0.3000000119
41124  -36.440  -43.770  -8.930 0.6000000238
40067  -36.531  -44.295  -8.049 0.6000000238
43082  -38.654  -41.498  -8.822 0.3000000119
43083  -39.160  -40.715  -8.326 0.3000000119
44054  -38.834  -39.849  -9.152 0.3000000119
42110  -38.540  -42.351  -8.942 0.3000000119
44055  -39.625  -39.698  -8.357 0.3000000119
45047  -40.397  -39.135  -8.509 0.3000000119
45988  -39.938  -38.718  -9.170 0.4000000060
43094  -37.195  -41.776  -11.001 0.4000000060
45065  -40.501  -38.788  -9.346 0.4000000060
46015  -40.445  -37.683  -11.401 0.4000000060
44065  -36.159  -40.329  -10.712 0.5000000000
46004  -40.696  -38.552  -10.527 0.4000000060
46960  -41.412  -37.057  -11.795 0.4000000060
46962  -42.985  -37.163  -11.755 0.4000000060
43080  -36.475  -41.105  -9.499 0.5000000000
154151  -36.500  -42.045  -9.070 0.6000000238
142653  -41.399  -39.078  -10.907 0.4000000060
46032  -41.998  -37.596  -12.138 0.4000000060
46026  -43.515  -37.599  -12.163 0.4000000060
46018  -43.452  -37.790  -11.283 0.4000000060
42109  -36.691  -42.530  -8.246 0.6000000238
46027  -44.096  -38.067  -12.536 0.3000000119
46019  -44.039  -38.190  -11.682 0.4000000060
41111  -36.602  -43.371  -8.191 0.6000000238
41092  -36.779  -43.716  -7.472 0.6000000238
40050  -36.813  -44.315  -7.063 0.6999999881
132609  -38.453  -40.818  -9.347 0.3000000119
45063  -38.362  -39.062  -10.326 0.3000000119
46002  -38.199  -38.144  -11.093 0.3000000119
44066  -37.707  -40.977  -10.245 0.3000000119
44076  -37.114  -40.529  -11.119 0.3000000119
45064  -39.246  -38.413  -10.221 0.3000000119
46014  -38.828  -37.413  -11.181 0.4000000060
44083  -36.423  -40.418  -11.254 0.5000000000
136570  -39.754  -37.282  -11.316 0.4000000060
47997  -41.111  -36.282  -11.398 0.4000000060
45044  -36.342  -39.561  -10.484 0.5000000000
46954  -42.386  -36.807  -11.165 0.4000000060
44052  -36.505  -40.151  -9.711 0.5000000000
44053  -36.932  -40.323  -8.716 0.6000000238
46017  -43.052  -37.407  -10.817 0.4000000060
45069  -44.630  -39.438  -9.718 0.4000000060
42094  -37.158  -42.162  -7.449 0.6000000238
137766  -44.492  -39.117  -10.991 0.4000000060
45070  -45.669  -39.732  -9.432 0.4000000060
41093  -37.122  -43.573  -6.804 0.6999999881
39002  -37.182  -45.346  -5.613 0.6999999881
39013  -36.896  -45.039  -6.478 0.6999999881
46012  -36.777  -38.589  -11.186 0.4000000060
45079  -37.342  -38.693  -11.208 0.4000000060
46951  -38.207  -36.801  -11.166 0.4000000060
47989  -38.432  -35.993  -10.941 0.4000000060
46000  -36.386  -38.963  -11.118 0.4000000060
46942  -37.375  -37.307  -10.860 0.4000000060
140798  -38.954  -36.174  -11.206 0.4000000060
46935  -37.350  -37.425  -10.300 0.4000000060
46959  -39.915  -36.102  -11.287 0.4000000060
135719  -40.614  -35.678  -10.638 0.4000000060
47985  -41.764  -36.280  -10.940 0.4000000060
46945  -41.937  -36.625  -10.288 0.4000000060
46005  -42.540  -37.423  -10.144 0.4000000060
141770  -42.732  -38.174  -9.127 0.4000000060
44038  -37.416  -40.530  -7.744 0.6000000238
141095  -43.352  -38.667  -9.054 0.4000000060
45050  -44.506  -39.425  -8.600 0.4000000060
43065  -37.313  -41.324  -7.543 0.6000000238
43048  -37.581  -41.650  -6.688 0.6999999881
42079  -37.424  -42.657  -6.533 0.6999999881
45991  -46.525  -38.913  -8.225 0.4000000060
42065  -37.754  -42.760  -5.516 0.6999999881
37928  -37.149  -46.157  -5.221 0.6999999881
47982  -38.071  -35.853  -10.395 0.4000000060
45986  -37.081  -38.360  -9.855 0.4000000060
47976  -37.989  -35.942  -9.583 0.4000000060
47983  -40.382  -35.444  -9.886 0.4000000060
45972  -37.584  -38.739  -8.550 0.6000000238
46944  -41.510  -36.489  -9.485 0.4000000060
45012  -37.887  -39.935  -7.136 0.6999999881
45989  -42.505  -38.140  -8.120 0.4000000060
44022  -38.205  -40.164  -6.244 0.6999999881
45033  -43.688  -39.031  -7.733 0.4000000060
43049  -38.103  -41.045  -6.030 0.6999999881
45035  -45.144  -39.390  -7.801 0.4000000060
45016  -44.846  -39.116  -7.056 0.4000000060
42066  -38.183  -42.121  -4.880 0.6999999881
45977  -46.795  -38.282  -7.930 0.4000000060
41061  -37.685  -43.482  -5.148 0.6999999881
40026  -37.633  -44.784  -4.103 0.6999999881
47979  -47.793  -36.809  -8.784 0.4000000060
49003  -48.392  -35.624  -9.840 0.4000000060
47963  -38.254  -36.146  -7.852 0.4000000060
134795  -38.088  -36.206  -8.751 0.4000000060
48996  -38.799  -34.955  -9.227 0.4000000060
48997  -39.517  -34.993  -9.602 0.4000000060
45030  -38.016  -39.044  -7.481 0.6999999881
46905  -38.284  -37.202  -7.176 0.5000000000
47978  -40.905  -35.921  -9.199 0.4000000060
45013  -38.279  -39.277  -6.528 0.6999999881
46924  -41.889  -37.384  -7.876 0.4000000060
45014  -43.177  -38.656  -7.270 0.4000000060
45001  -38.444  -39.464  -5.557 0.6999999881
46907  -42.591  -37.816  -6.225 0.4000000060
45946  -44.113  -38.370  -5.629 0.4000000060
44002  -38.517  -40.592  -4.347 0.6999999881
45960  -44.534  -38.722  -6.334 0.4000000060
43032  -38.308  -41.263  -5.102 0.6999999881
46909  -45.700  -38.081  -6.244 0.4000000060
45976  -46.245  -38.558  -7.469 0.4000000060
47950  -46.548  -37.176  -6.876 0.4000000060
153467  -37.887  -43.533  -4.367 0.6999999881
150544  -47.392  -36.655  -8.100 0.4000000060
41042  -37.873  -44.008  -3.721 0.6999999881
48998  -47.575  -35.937  -8.353 0.4000000060
49896  -47.884  -34.009  -9.557 0.4000000060
48987  -38.647  -35.421  -7.549 0.4000000060
136789  -38.846  -34.996  -8.348 0.4000000060
47977  -40.189  -35.204  -8.864 0.4000000060
46890  -38.400  -36.901  -6.251 0.6000000238
136724  -38.382  -36.154  -6.889 0.5000000000
48975  -40.837  -35.415  -7.084 0.5000000000
137432  -41.336  -36.167  -7.219 0.4000000060
46933  -30.786  -37.757  -8.522 0.4000000060
46934  -31.202  -37.176  -8.503 0.5000000000
143487  -38.405  -37.749  -6.328 0.6000000238
46906  -41.837  -37.118  -6.862 0.4000000060
45936  -38.534  -38.659  -4.851 0.6000000238
46892  -43.603  -37.833  -5.176 0.4000000060
44994  -38.539  -39.688  -4.598 0.6000000238
146423  -45.064  -37.700  -5.068 0.4000000060
132658  -38.582  -39.893  -3.560 0.6999999881
45947  -45.008  -38.260  -5.668 0.4000000060
138360  -38.565  -40.865  -3.394 0.6999999881
46895  -46.137  -37.413  -6.186 0.4000000060
41029  -38.156  -42.942  -2.712 0.6999999881
48977  -47.143  -35.447  -7.096 0.4000000060
49889  -47.471  -34.546  -8.063 0.4000000060
51525  -47.462  -32.715  -9.302 0.4000000060
156350  -47.143  -31.719  -10.475 0.4000000060
48974  -40.008  -35.113  -6.843 0.5000000000
48960  -38.731  -35.820  -5.628 0.6000000238
48973  -39.280  -35.361  -6.198 0.5000000000
136995  -40.917  -35.342  -6.195 0.5000000000
47960  -30.244  -36.324  -7.789 0.3000000119
47972  -30.539  -37.111  -8.239 0.4000000060
47973  -30.874  -36.165  -8.394 0.5000000000
45931  -38.531  -38.294  -3.849 0.6000000238
47935  -38.484  -36.621  -5.537 0.6000000238
47948  -41.561  -36.040  -6.337 0.4000000060
135133  -38.561  -39.077  -3.375 0.6000000238
47938  -42.985  -37.096  -4.909 0.5000000000
44972  -38.226  -39.481  -1.732 0.6999999881
44983  -38.511  -39.468  -2.579 0.6000000238
46880  -44.759  -37.326  -4.549 0.4000000060
140190  -38.072  -40.278  -1.594 0.8000000119
133726  -38.529  -40.402  -2.661 0.6999999881
46881  -45.437  -37.131  -4.851 0.4000000060
47939  -46.037  -36.886  -5.473 0.4000000060
48976  -46.769  -35.789  -6.364 0.4000000060
49880  -47.322  -34.476  -7.277 0.4000000060
50726  -47.426  -33.112  -8.446 0.4000000060
52414  -47.209  -31.872  -9.186 0.4000000060
53310  -46.133  -30.723  -10.662 0.4000000060
48946  -39.039  -35.807  -4.650 0.6000000238
48947  -39.722  -35.486  -4.867 0.6000000238
48962  -40.182  -35.337  -5.673 0.5000000000
48985  -30.499  -35.490  -7.967 0.4000000060
48992  -30.990  -35.224  -8.391 0.4000000060
45925  -38.512  -38.545  -2.901 0.6000000238
46872  -38.499  -37.142  -4.060 0.6000000238
47923  -42.704  -36.117  -4.561 0.5000000000
153341  -31.427  -35.660  -8.370 0.5000000000
45913  -37.888  -38.671  -1.420 0.6999999881
47937  -42.161  -36.194  -5.375 0.5000000000
47975  -31.991  -35.618  -8.135 0.5000000000
46845  -37.006  -37.167  -0.741 0.6999999881
43958  -37.586  -39.551  -1.150 0.6999999881
47924  -43.554  -36.625  -4.198 0.5000000000
49888  -32.417  -34.267  -7.536 0.6999999881
49893  -32.338  -34.091  -8.036 0.6000000238
133535  -35.920  -38.043  -0.511 0.6999999881
142227  -36.844  -37.967  -0.643 0.6999999881
44960  -37.000  -39.285  -0.718 0.6999999881
47914  -45.479  -35.945  -3.789 0.5000000000
51512  -32.855  -32.223  -7.093 0.6999999881
49878  -32.437  -34.512  -6.567 0.6999999881
44959  -36.345  -39.468  -0.675 0.6999999881
47926  -45.153  -36.696  -4.153 0.4000000060
45901  -35.216  -38.384  -0.706 0.6999999881
43956  -36.247  -40.117  -0.827 0.8000000119
131553  -46.486  -35.457  -4.985 0.4000000060
154404  -46.720  -35.358  -5.777 0.4000000060
49879  -47.042  -34.906  -6.406 0.4000000060
133375  -47.380  -32.989  -7.602 0.4000000060
52411  -47.197  -31.688  -8.433 0.4000000060
53303  -46.422  -30.584  -9.779 0.4000000060
134170  -39.718  -35.536  -4.025 0.6000000238
48948  -40.633  -35.320  -4.525 0.6000000238
48949  -41.608  -35.287  -4.423 0.6000000238
48950  -42.398  -35.423  -4.201 0.5000000000
49877  -30.323  -34.107  -7.299 0.4000000060
143437  -30.817  -33.870  -8.017 0.4000000060
49891  -31.217  -34.448  -8.338 0.6999999881
132463  -38.423  -36.151  -2.150 0.6999999881
47905  -38.533  -36.851  -3.216 0.6000000238
48929  -39.123  -35.758  -3.387 0.6000000238
48932  -42.079  -34.941  -3.680 0.5000000000
49892  -32.081  -34.198  -8.327 0.6999999881
48905  -37.083  -36.259  -0.815 0.6999999881
48915  -37.502  -35.432  -1.177 0.6999999881
138978  -37.839  -37.131  -1.505 0.6999999881
46865  -38.389  -37.304  -2.528 0.6999999881
48933  -42.848  -35.120  -3.563 0.5000000000
48951  -43.212  -35.829  -3.892 0.5000000000
51522  -32.295  -32.987  -8.222 0.6999999881
145169  -37.538  -37.764  -1.096 0.6999999881
48936  -45.109  -35.517  -3.170 0.5000000000
51517  -32.620  -32.636  -7.887 0.6999999881
48903  -35.691  -35.408  -0.737 0.6999999881
47890  -36.401  -36.720  -0.616 0.6999999881
48937  -45.794  -35.167  -3.453 0.4000000060
51511  -32.592  -33.049  -7.008 0.6999999881
48902  -34.794  -35.980  -0.884 0.6999999881
47888  -34.955  -36.859  -0.741 0.6999999881
51464  -35.816  -32.548  -1.821 0.6000000238
49822  -34.577  -34.639  -1.439 0.6000000238
47898  -34.356  -36.680  -1.260 0.6999999881
48952  -46.138  -35.444  -4.154 0.4000000060
156148  -46.808  -34.132  -4.786 0.4000000060
52400  -33.312  -31.420  -6.960 0.6999999881
50678  -35.190  -32.874  -1.927 0.6000000238
49872  -46.864  -34.584  -5.475 0.4000000060
50677  -34.460  -33.304  -2.298 0.6000000238
50709  -47.246  -32.877  -5.854 0.4000000060
52405  -47.339  -31.576  -6.971 0.4000000060
131443  -47.249  -31.463  -7.677 0.4000000060
53298  -46.826  -30.407  -8.800 0.4000000060
54252  -45.104  -29.643  -10.571 0.4000000060
48931  -41.260  -35.032  -3.677 0.6000000238
51510  -30.263  -32.097  -6.903 0.6000000238
50714  -30.485  -33.117  -7.306 0.6000000238
50723  -31.260  -33.149  -8.127 0.6999999881
49825  -38.057  -34.635  -1.464 0.6000000238
49832  -38.746  -34.898  -1.926 0.6999999881
49833  -39.458  -34.515  -2.188 0.6999999881
49846  -39.978  -34.907  -2.779 0.6000000238
48914  -37.177  -34.642  -1.074 0.6000000238
139652  -38.292  -33.890  -1.509 0.6000000238
48916  -38.228  -35.480  -1.685 0.6999999881
50724  -31.931  -33.383  -8.401 0.6999999881
49823  -36.305  -34.601  -0.899 0.6000000238
48924  -44.750  -35.010  -2.702 0.5000000000
132791  -32.503  -32.120  -8.235 0.6999999881
50663  -35.829  -33.111  -1.478 0.6000000238
136280  -35.964  -33.833  -1.119 0.6000000238
49851  -45.431  -34.785  -2.819 0.4000000060
53284  -33.671  -30.598  -7.933 0.6999999881
150597  -33.041  -31.611  -8.028 0.6999999881
48913  -34.905  -35.178  -0.976 0.6999999881
53291  -34.275  -29.701  -8.515 0.6999999881
50690  -46.589  -33.472  -3.608 0.4000000060
50700  -46.895  -33.415  -4.572 0.4000000060
52367  -35.796  -31.639  -2.611 0.6000000238
52388  -47.064  -31.888  -4.534 0.4000000060
52396  -47.271  -31.834  -5.579 0.4000000060
53276  -33.872  -30.718  -6.486 0.6999999881
52395  -34.167  -30.829  -5.460 0.6999999881
52385  -34.254  -31.293  -4.596 0.6999999881
51487  -34.347  -32.226  -3.376 0.6000000238
52401  -47.352  -31.301  -6.346 0.4000000060
145365  -47.267  -30.092  -7.390 0.4000000060
53292  -47.168  -30.629  -7.857 0.4000000060
55184  -46.589  -28.688  -9.051 0.4000000060
139994  -45.811  -29.222  -9.764 0.4000000060
55193  -45.747  -28.359  -9.731 0.3000000119
49847  -40.808  -34.697  -2.964 0.6000000238
52399  -29.949  -31.248  -6.589 0.5000000000
52352  -39.191  -31.862  -1.814 0.6000000238
50666  -38.834  -33.421  -1.629 0.6000000238
49826  -38.850  -34.166  -1.750 0.6000000238
49834  -40.301  -34.263  -2.422 0.6000000238
49836  -42.006  -34.052  -2.624 0.6000000238
147245  -42.694  -34.008  -2.571 0.6000000238
52403  -30.665  -31.340  -7.314 0.6000000238
51516  -31.035  -32.265  -7.753 0.5000000000
51466  -37.628  -32.556  -1.558 0.6000000238
143008  -36.794  -33.920  -1.132 0.6000000238
50665  -38.029  -33.275  -1.472 0.6000000238
50682  -43.188  -33.645  -2.230 0.5000000000
49837  -43.400  -34.322  -2.637 0.4000000060
49838  -44.283  -34.405  -2.429 0.5000000000
51521  -31.887  -32.453  -8.354 0.6999999881
148279  -43.873  -33.878  -2.194 0.5000000000
147057  -45.223  -33.635  -2.035 0.4000000060
49840  -45.670  -33.987  -2.517 0.4000000060
53295  -32.641  -30.632  -8.455 0.8000000119
52369  -37.621  -31.347  -2.209 0.6000000238
51483  -46.206  -32.564  -2.430 0.4000000060
50685  -46.225  -33.417  -2.795 0.4000000060
53297  -33.752  -29.997  -8.623 0.6999999881
51481  -35.434  -32.250  -2.333 0.6000000238
52377  -36.268  -31.034  -2.981 0.6000000238
144064  -46.778  -31.953  -3.626 0.4000000060
54227  -34.914  -29.420  -8.069 0.6999999881
52376  -35.463  -31.256  -3.328 0.6000000238
53271  -47.279  -30.318  -5.332 0.4000000060
145897  -47.317  -31.002  -5.707 0.4000000060
53285  -34.354  -30.034  -7.295 0.6999999881
54199  -35.027  -29.627  -6.702 0.6999999881
53267  -34.773  -30.530  -4.950 0.6999999881
53269  -36.412  -30.046  -4.275 0.6999999881
54204  -47.347  -29.645  -5.830 0.4000000060
54216  -47.350  -29.893  -6.691 0.4000000060
54200  -35.781  -29.299  -6.271 0.6999999881
55156  -47.497  -28.282  -6.935 0.4000000060
140006  -47.432  -27.136  -7.756 0.3000000119
55185  -47.072  -28.249  -8.469 0.4000000060
57409  -46.708  -26.979  -8.873 0.4000000060
56242  -46.632  -27.846  -9.016 0.3000000119
52353  -40.263  -31.509  -1.957 0.6000000238
52354  -41.190  -31.600  -1.876 0.6000000238
51470  -41.605  -32.353  -1.808 0.6000000238
51471  -42.458  -32.340  -1.675 0.6000000238
148004  -43.483  -32.247  -1.417 0.5000000000
53283  -30.246  -30.434  -6.827 0.6000000238
53289  -31.112  -30.611  -7.573 0.6000000238
52371  -39.495  -30.998  -2.223 0.6000000238
53234  -40.908  -30.875  -2.143 0.6000000238
51472  -44.540  -32.434  -1.356 0.5000000000
53290  -31.900  -30.716  -8.258 0.6999999881
52370  -38.548  -31.192  -2.194 0.6000000238
52358  -45.075  -31.667  -1.164 0.5000000000
157140  -45.349  -33.144  -1.844 0.4000000060
53296  -33.263  -30.310  -8.539 0.6999999881
54235  -32.304  -30.144  -8.352 0.6999999881
53247  -37.137  -30.848  -2.753 0.6000000238
53248  -38.046  -30.689  -2.695 0.6000000238
51473  -46.224  -31.486  -2.157 0.5000000000
54237  -33.602  -29.614  -8.747 0.8000000119
151239  -33.233  -29.392  -8.636 0.8000000119
53253  -46.506  -30.584  -2.689 0.4000000060
51489  -46.523  -32.011  -2.871 0.4000000060
54238  -34.278  -29.198  -8.960 0.8000000119
54172  -38.205  -29.705  -3.940 0.6000000238
53260  -46.776  -30.471  -3.500 0.4000000060
153394  -34.771  -29.114  -8.888 0.6999999881
54184  -37.287  -29.850  -4.065 0.6999999881
60232  -46.392  -24.016  -4.918 0.5000000000
59364  -46.436  -24.748  -4.492 0.5000000000
57342  -46.962  -26.427  -4.679 0.5000000000
56199  -46.931  -27.735  -4.346 0.4000000060
54189  -47.192  -29.371  -4.826 0.4000000060
55151  -36.077  -28.400  -8.510 0.6999999881
54214  -35.609  -29.079  -7.631 0.6999999881
54183  -36.047  -29.597  -5.152 0.6999999881
131605  -36.945  -29.445  -4.925 0.6999999881
61279  -46.183  -23.129  -4.896 0.5000000000
155099  -46.815  -25.195  -5.061 0.5000000000
58412  -47.389  -25.975  -5.953 0.4000000060
57365  -47.341  -26.728  -5.421 0.4000000060
55115  -47.354  -28.714  -5.524 0.4000000060
146922  -45.755  -21.347  -6.864 0.4000000060
60249  -46.547  -23.744  -5.721 0.5000000000
142251  -46.827  -24.081  -6.579 0.4000000060
59390  -46.999  -24.540  -7.314 0.4000000060
58424  -47.331  -25.970  -7.666 0.4000000060
56224  -47.522  -27.467  -6.628 0.4000000060
143495  -45.451  -20.964  -7.601 0.4000000060
61309  -46.208  -22.552  -6.622 0.4000000060
60260  -46.626  -23.726  -7.389 0.4000000060
58423  -47.015  -25.160  -8.007 0.4000000060
58427  -46.764  -25.991  -8.662 0.4000000060
53235  -41.615  -30.916  -1.844 0.6000000238
52355  -41.988  -31.638  -1.698 0.6000000238
54212  -30.131  -29.496  -6.565 0.5000000000
53250  -39.872  -30.319  -2.641 0.6000000238
53252  -41.348  -30.213  -2.183 0.6000000238
141085  -41.997  -30.208  -1.687 0.6000000238
53217  -43.482  -30.464  -0.804 0.5000000000
53218  -44.326  -30.283  -0.614 0.5000000000
52356  -43.526  -31.316  -1.091 0.5000000000
54224  -30.772  -29.914  -7.175 0.6000000238
54225  -31.583  -29.899  -7.757 0.6999999881
54173  -39.515  -29.897  -3.188 0.6000000238
53249  -38.969  -30.505  -2.669 0.6000000238
54134  -44.584  -29.499  -0.564 0.5000000000
53219  -45.062  -30.225  -0.725 0.5000000000
135669  -31.699  -29.220  -7.481 0.6000000238
53258  -37.649  -30.293  -3.345 0.6000000238
53259  -38.567  -30.121  -3.261 0.6000000238
54150  -45.707  -29.327  -1.422 0.5000000000
53237  -45.649  -30.142  -1.309 0.5000000000
55166  -33.082  -28.886  -8.400 0.8000000119
58361  -46.108  -25.917  -3.202 0.5000000000
139038  -45.653  -28.097  -1.560 0.5000000000
140315  -46.323  -29.191  -2.359 0.5000000000
53238  -46.190  -30.442  -1.955 0.5000000000
55167  -33.810  -28.442  -8.616 0.8000000119
54185  -38.863  -29.273  -4.688 0.6000000238
61278  -45.798  -22.307  -4.448 0.5000000000
59334  -45.058  -24.241  -2.432 0.5000000000
59347  -46.006  -24.572  -3.707 0.5000000000
57327  -46.268  -26.701  -3.121 0.5000000000
56184  -46.348  -27.536  -2.915 0.5000000000
143597  -46.621  -28.059  -3.546 0.4000000060
55168  -34.505  -28.551  -8.981 0.8000000119
139853  -37.891  -29.349  -4.775 0.6999999881
60218  -45.684  -23.840  -3.532 0.5000000000
60219  -46.111  -23.896  -4.239 0.5000000000
133448  -46.516  -26.309  -3.901 0.5000000000
56190  -46.573  -27.205  -3.685 0.5000000000
55170  -36.428  -27.909  -8.758 0.8000000119
55133  -37.287  -28.516  -6.956 0.6999999881
54202  -37.576  -28.901  -5.735 0.6999999881
133516  -45.523  -21.570  -4.044 0.5000000000
146740  -45.771  -21.528  -4.832 0.4000000060
54215  -36.381  -28.729  -7.239 0.6999999881
153160  -45.731  -21.041  -6.065 0.4000000060
144466  -42.318  -30.943  -1.519 0.5000000000
55130  -29.532  -28.742  -5.980 0.5000000000
54167  -41.063  -29.569  -2.627 0.6000000238
54148  -41.616  -29.371  -1.947 0.6000000238
54133  -43.702  -29.521  -0.554 0.5000000000
55148  -30.464  -28.786  -6.343 0.5000000000
55061  -43.327  -28.637  -0.568 0.5000000000
141559  -44.454  -27.959  -0.616 0.5000000000
132853  -29.995  -27.250  -5.355 0.5000000000
133493  -30.115  -28.100  -5.755 0.5000000000
55149  -31.393  -28.704  -6.729 0.5000000000
54174  -40.194  -29.232  -3.876 0.6000000238
55087  -40.771  -29.025  -3.308 0.6000000238
57301  -44.261  -26.433  -0.859 0.5000000000
56172  -45.472  -27.259  -1.607 0.5000000000
56160  -45.178  -27.975  -1.014 0.5000000000
54186  -39.739  -29.107  -4.612 0.6000000238
55098  -40.535  -28.509  -4.137 0.6000000238
59333  -44.537  -24.003  -1.958 0.5000000000
142102  -44.636  -24.836  -1.789 0.5000000000
58347  -45.128  -25.660  -1.898 0.5000000000
56183  -45.940  -27.002  -2.413 0.5000000000
56220  -33.458  -27.801  -6.742 0.6999999881
55111  -39.465  -28.770  -5.365 0.6000000238
150392  -45.814  -25.169  -3.153 0.5000000000
58360  -45.631  -25.734  -2.583 0.5000000000
56221  -34.455  -27.628  -7.451 0.6999999881
54203  -38.569  -28.852  -5.571 0.6999999881
61267  -45.451  -22.356  -3.615 0.5000000000
136368  -35.180  -27.721  -8.532 0.6999999881
63262  -45.598  -20.095  -4.889 0.4000000060
55182  -35.326  -28.103  -8.977 0.8000000119
55152  -36.937  -28.175  -8.198 0.6999999881
63275  -45.639  -20.093  -5.869 0.5000000000
134527  -45.574  -19.136  -6.124 0.5000000000
56230  -35.946  -27.625  -8.677 0.6999999881
55171  -37.192  -27.621  -8.415 0.8000000119
64223  -45.504  -19.711  -6.763 0.4000000060
63286  -45.584  -20.533  -6.775 0.5000000000
135089  -44.228  -17.183  -10.251 0.4000000060
66161  -43.607  -17.162  -11.309 0.5000000000
67089  -43.560  -15.790  -12.017 0.5000000000
146362  -43.250  -18.083  -12.120 0.5000000000
66170  -43.324  -17.241  -11.999 0.5000000000
67092  -44.016  -15.786  -12.756 0.5000000000
55073  -41.966  -28.678  -1.396 0.6000000238
55060  -42.537  -28.446  -0.838 0.5000000000
55088  -41.185  -28.853  -2.625 0.6000000238
55072  -41.490  -28.410  -1.858 0.6000000238
56170  -41.773  -27.720  -1.228 0.6000000238
56158  -42.459  -27.530  -0.705 0.5000000000
56159  -43.976  -27.196  -0.581 0.5000000000
56171  -44.757  -27.189  -0.935 0.5000000000
57356  -30.758  -26.866  -5.157 0.5000000000
55131  -30.855  -28.280  -5.989 0.5000000000
137437  -32.134  -28.370  -6.771 0.6999999881
56181  -40.696  -27.404  -3.001 0.6000000238
56182  -41.099  -27.908  -2.376 0.6000000238
57313  -41.443  -26.707  -1.224 0.6000000238
59318  -43.925  -24.216  -1.460 0.5000000000
58335  -43.836  -25.792  -0.851 0.5000000000
57355  -29.955  -26.304  -5.198 0.5000000000
56210  -32.153  -27.364  -5.377 0.6000000238
55113  -40.334  -28.327  -4.973 0.6000000238
58345  -43.860  -25.068  -1.130 0.5000000000
56219  -32.562  -27.915  -6.227 0.6999999881
57330  -40.530  -26.837  -3.670 0.6000000238
61249  -44.987  -22.412  -2.805 0.5000000000
56212  -34.009  -27.439  -5.856 0.6999999881
57341  -40.476  -27.139  -4.698 0.6000000238
62222  -45.132  -21.586  -3.238 0.5000000000
63254  -45.372  -20.112  -4.072 0.6000000238
63247  -44.966  -20.119  -3.350 0.4000000060
65145  -45.479  -18.602  -4.667 0.5000000000
55134  -38.284  -28.404  -6.671 0.6999999881
55135  -39.219  -28.336  -6.334 0.6999999881
55153  -37.823  -27.950  -7.773 0.6999999881
64202  -45.598  -19.301  -5.248 0.5000000000
68027  -45.114  -15.089  -9.082 0.4000000060
68935  -44.200  -14.681  -10.763 0.4000000060
57379  -38.521  -26.738  -7.569 0.6999999881
68034  -44.218  -15.437  -10.677 0.4000000060
57377  -37.032  -26.624  -7.178 0.6999999881
150616  -43.843  -15.836  -11.352 0.4000000060
150507  -36.296  -26.851  -6.924 0.6999999881
66173  -43.672  -17.267  -12.395 0.5000000000
66174  -44.572  -17.280  -12.985 0.5000000000
145731  -45.663  -15.700  -13.706 0.5000000000
56157  -41.972  -26.966  -0.799 0.5000000000
57299  -42.549  -26.744  -0.628 0.5000000000
57312  -40.776  -26.367  -1.776 0.6000000238
58344  -41.193  -25.826  -1.262 0.5000000000
58334  -43.080  -25.444  -0.732 0.5000000000
133117  -30.759  -26.163  -5.035 0.6000000238
57357  -31.567  -26.503  -4.976 0.6000000238
57325  -40.544  -26.423  -2.651 0.6000000238
59306  -43.114  -24.508  -1.009 0.5000000000
58368  -40.399  -25.907  -3.542 0.5000000000
58359  -40.418  -25.497  -2.606 0.5000000000
61232  -44.317  -22.519  -2.112 0.5000000000
62221  -44.479  -21.551  -2.465 0.5000000000
57358  -32.573  -26.642  -4.932 0.6999999881
134448  -40.432  -26.349  -4.313 0.6000000238
134562  -44.312  -20.736  -2.453 0.6000000238
64187  -45.110  -19.395  -3.694 0.5000000000
57359  -33.566  -26.757  -4.992 0.6999999881
57381  -39.873  -27.035  -6.461 0.6999999881
146781  -45.585  -14.882  -6.554 0.5000000000
69945  -45.301  -13.583  -8.628 0.4000000060
56213  -34.891  -27.260  -6.046 0.6999999881
57380  -39.317  -26.750  -7.033 0.6999999881
58418  -38.698  -26.100  -6.994 0.6999999881
66091  -45.527  -17.803  -4.907 0.5000000000
142056  -45.621  -16.131  -7.020 0.5000000000
68001  -45.596  -15.360  -7.152 0.4000000060
68929  -45.020  -14.317  -9.302 0.4000000060
69957  -44.574  -14.150  -10.073 0.4000000060
57396  -37.819  -26.901  -8.119 0.6999999881
69971  -43.702  -13.649  -11.650 0.4000000060
135440  -43.609  -13.284  -12.483 0.4000000060
57340  -35.035  -26.581  -5.136 0.6999999881
144993  -37.435  -25.354  -5.514 0.6999999881
68941  -43.794  -14.461  -11.537 0.4000000060
69977  -45.092  -13.157  -13.526 0.4000000060
58405  -35.906  -26.232  -5.214 0.6999999881
58406  -36.618  -25.808  -5.325 0.6999999881
69973  -43.995  -14.134  -13.004 0.4000000060
69978  -46.071  -13.986  -14.057 0.4000000060
146936  -47.095  -14.499  -14.476 0.4000000060
67095  -45.752  -16.287  -13.590 0.5000000000
68949  -47.428  -14.861  -14.285 0.5000000000
59316  -41.477  -24.442  -1.185 0.5000000000
59317  -42.308  -24.018  -1.045 0.5000000000
58343  -40.628  -25.389  -1.791 0.5000000000
60176  -41.596  -23.576  -1.299 0.5000000000
60177  -42.286  -23.316  -1.230 0.5000000000
62206  -43.743  -21.811  -1.844 0.5000000000
58402  -31.171  -25.514  -5.078 0.6000000238
58403  -32.137  -25.539  -4.915 0.6000000238
59332  -40.422  -24.603  -2.365 0.5000000000
61231  -43.518  -22.652  -1.623 0.5000000000
155174  -32.954  -25.933  -4.774 0.6999999881
59345  -40.319  -24.832  -3.566 0.5000000000
63229  -43.880  -20.200  -2.190 0.6000000238
64186  -44.612  -19.406  -3.030 0.5000000000
58385  -40.345  -25.525  -4.667 0.6000000238
58410  -40.199  -25.856  -5.625 0.6999999881
66080  -45.195  -17.905  -4.077 0.5000000000
149572  -45.507  -13.867  -7.791 0.4000000060
58382  -33.625  -25.750  -4.751 0.6999999881
57362  -39.844  -26.286  -6.358 0.8000000119
67028  -45.520  -16.036  -5.343 0.5000000000
67975  -45.423  -15.312  -5.394 0.5000000000
156770  -44.380  -12.683  -10.398 0.4000000060
151463  -44.086  -13.131  -10.966 0.4000000060
70888  -43.493  -12.412  -12.285 0.4000000060
57360  -34.371  -26.977  -5.305 0.6999999881
60248  -39.414  -22.977  -5.317 0.6000000238
70894  -44.281  -12.170  -13.193 0.4000000060
57378  -37.937  -26.461  -7.422 0.6999999881
149545  -38.376  -24.933  -5.706 0.6999999881
59381  -38.522  -24.151  -5.554 0.6000000238
61293  -39.339  -22.217  -5.235 0.6000000238
70895  -45.554  -12.302  -13.709 0.4000000060
151194  -36.053  -25.548  -4.894 0.6999999881
59379  -36.635  -24.974  -4.943 0.6000000238
59380  -37.560  -24.544  -5.341 0.6999999881
61291  -37.866  -22.822  -5.444 0.6000000238
61292  -38.709  -22.512  -5.429 0.6000000238
70896  -46.733  -12.469  -14.373 0.4000000060
58384  -35.327  -25.645  -4.757 0.6999999881
62251  -38.021  -21.877  -5.561 0.6000000238
62252  -38.597  -21.265  -5.459 0.6000000238
68950  -48.199  -14.201  -14.708 0.5000000000
63274  -38.128  -20.150  -6.028 0.6000000238
63260  -38.517  -20.617  -5.576 0.6000000238
152731  -47.185  -15.412  -13.967 0.5000000000
68946  -47.102  -15.312  -13.159 0.5000000000
144320  -42.960  -21.976  -1.523 0.6000000238
60242  -30.345  -23.860  -5.692 0.5000000000
60175  -40.985  -23.837  -1.536 0.5000000000
144686  -42.102  -22.038  -1.426 0.6000000238
63217  -43.219  -20.431  -1.828 0.6000000238
59377  -32.303  -24.518  -5.225 0.6000000238
131371  -32.964  -24.355  -5.201 0.6000000238
61228  -40.646  -22.668  -2.173 0.6000000238
62204  -41.199  -22.093  -1.724 0.6000000238
64172  -44.023  -19.451  -2.466 0.5000000000
66064  -44.056  -18.133  -2.910 0.5000000000
65134  -44.730  -18.564  -3.392 0.5000000000
60243  -31.749  -23.816  -5.580 0.6000000238
60244  -32.556  -23.730  -5.515 0.6000000238
60217  -40.367  -23.057  -2.830 0.6000000238
61248  -40.403  -22.355  -2.804 0.6000000238
67014  -44.266  -16.771  -3.569 0.5000000000
68881  -45.258  -14.114  -5.609 0.5000000000
69933  -45.481  -13.144  -7.623 0.4000000060
70878  -45.002  -12.972  -9.252 0.4000000060
149240  -34.345  -23.824  -5.152 0.6999999881
141716  -33.723  -23.238  -5.558 0.6000000238
150318  -40.076  -24.187  -5.177 0.6999999881
61266  -40.269  -22.583  -3.568 0.6000000238
67015  -44.943  -16.977  -3.973 0.5000000000
67965  -45.089  -15.504  -4.681 0.5000000000
68894  -45.525  -14.213  -6.347 0.5000000000
136666  -44.418  -12.046  -10.211 0.4000000060
71753  -43.483  -11.973  -11.796 0.4000000060
71755  -44.189  -11.047  -13.161 0.4000000060
138434  -39.184  -24.662  -5.780 0.6999999881
61276  -39.864  -22.593  -4.952 0.6999999881
64194  -39.864  -19.726  -4.274 0.6999999881
67013  -43.570  -16.688  -3.418 0.5000000000
67964  -44.321  -15.390  -4.192 0.5000000000
71757  -45.265  -11.383  -13.561 0.4000000060
61306  -35.269  -22.242  -5.895 0.6000000238
63252  -39.444  -20.233  -4.815 0.6000000238
150176  -39.856  -19.043  -4.430 0.6999999881
132642  -46.282  -11.628  -14.025 0.4000000060
135856  -35.229  -24.193  -4.853 0.6999999881
138913  -36.323  -23.520  -5.168 0.6000000238
134960  -37.014  -23.199  -5.322 0.6000000238
63261  -39.034  -20.758  -5.206 0.6000000238
64201  -39.437  -19.417  -4.930 0.6000000238
140112  -39.951  -17.216  -5.420 0.6000000238
144959  -47.580  -11.687  -14.443 0.4000000060
142797  -36.223  -22.722  -5.467 0.6000000238
61290  -37.094  -22.308  -5.587 0.6000000238
157200  -38.999  -17.981  -6.134 0.6000000238
66102  -39.775  -16.600  -6.135 0.6000000238
71760  -48.572  -12.457  -14.755 0.4000000060
153542  -38.650  -17.903  -6.614 0.6000000238
66119  -39.265  -16.682  -6.711 0.6000000238
135543  -48.474  -13.682  -13.576 0.5000000000
69981  -49.232  -13.220  -14.611 0.4000000060
68943  -47.589  -14.369  -13.059 0.5000000000
69965  -47.146  -13.500  -11.059 0.5000000000
63216  -42.426  -20.722  -1.667 0.6000000238
62218  -40.643  -21.818  -2.377 0.6000000238
63215  -41.708  -20.679  -1.781 0.6000000238
64170  -42.438  -19.443  -2.041 0.6000000238
66063  -43.341  -17.954  -2.757 0.5000000000
60255  -31.026  -23.221  -6.031 0.6000000238
63227  -40.812  -20.286  -2.628 0.6000000238
155735  -42.898  -18.424  -2.478 0.5000000000
70823  -45.060  -12.669  -6.013 0.5000000000
71731  -45.241  -11.766  -8.076 0.4000000060
61286  -33.008  -23.120  -5.767 0.6000000238
61287  -33.616  -22.652  -5.933 0.6000000238
65131  -40.914  -18.555  -3.340 0.6000000238
66076  -42.057  -17.227  -3.317 0.5000000000
156834  -42.558  -15.354  -4.350 0.5000000000
68867  -43.027  -14.707  -4.529 0.5000000000
68868  -43.907  -14.660  -4.422 0.5000000000
70866  -44.923  -11.944  -9.138 0.4000000060
71746  -43.165  -11.068  -11.870 0.4000000060
71752  -43.482  -11.501  -12.521 0.4000000060
137934  -40.282  -20.816  -3.390 0.6999999881
66075  -41.084  -17.709  -3.666 0.5000000000
67012  -42.798  -16.594  -3.479 0.5000000000
67958  -43.982  -16.044  -3.709 0.5000000000
72689  -45.768  -9.946  -13.354 0.4000000060
68892  -40.924  -14.832  -6.129 0.6000000238
72694  -46.472  -10.720  -13.801 0.4000000060
62266  -36.499  -21.087  -6.535 0.6000000238
63285  -36.921  -19.920  -7.317 0.6000000238
67985  -40.319  -15.305  -6.485 0.6000000238
72695  -47.957  -10.908  -13.967 0.4000000060
58383  -34.421  -25.635  -4.700 0.6999999881
64210  -37.663  -19.592  -6.700 0.6000000238
70897  -49.566  -12.621  -14.105 0.4000000060
72696  -49.190  -11.437  -13.591 0.4000000060
64222  -38.058  -18.636  -6.892 0.6000000238
66118  -38.741  -17.162  -7.026 0.6000000238
69972  -47.746  -13.443  -12.254 0.5000000000
70890  -49.165  -12.547  -12.806 0.4000000060
69966  -47.439  -12.728  -10.322 0.5000000000
70854  -47.507  -12.556  -7.745 0.4000000060
63228  -41.411  -20.316  -2.062 0.6000000238
65118  -42.202  -18.709  -2.439 0.5000000000
71686  -43.860  -11.790  -5.833 0.5000000000
70839  -44.644  -11.919  -6.126 0.5000000000
71704  -44.892  -11.495  -6.681 0.5000000000
131400  -44.791  -10.950  -8.998 0.4000000060
62263  -33.934  -21.703  -6.820 0.6000000238
62272  -35.155  -21.065  -7.381 0.6000000238
64185  -41.424  -18.824  -2.747 0.6000000238
68879  -42.498  -14.158  -5.166 0.5000000000
69901  -43.909  -13.253  -5.163 0.5000000000
70822  -44.310  -12.555  -5.590 0.5000000000
71739  -44.376  -11.232  -9.991 0.4000000060
72681  -42.882  -10.364  -12.201 0.4000000060
72687  -43.456  -10.424  -12.716 0.4000000060
61305  -34.254  -22.210  -6.252 0.6000000238
151268  -41.643  -15.879  -4.557 0.5000000000
72688  -44.494  -10.161  -13.196 0.4000000060
62273  -35.937  -20.802  -7.256 0.6000000238
150195  -36.556  -20.475  -7.054 0.6000000238
64221  -37.267  -19.132  -7.565 0.6000000238
154320  -40.165  -13.986  -7.278 0.6000000238
72683  -50.321  -11.005  -12.125 0.4000000060
66132  -38.206  -16.921  -7.852 0.6000000238
68905  -39.615  -14.600  -7.561 0.6000000238
71756  -50.025  -11.716  -13.042 0.4000000060
65179  -38.164  -17.757  -7.394 0.6000000238
67051  -38.924  -16.379  -7.343 0.6000000238
67999  -39.165  -15.533  -7.610 0.6000000238
70891  -49.777  -11.708  -11.793 0.4000000060
70884  -48.585  -11.826  -10.697 0.4000000060
71721  -48.298  -11.011  -7.482 0.3000000119
132598  -48.119  -12.532  -11.463 0.5000000000
70879  -47.783  -11.994  -9.706 0.4000000060
71687  -48.566  -11.674  -5.717 0.3000000119
72630  -44.381  -10.293  -7.004 0.5000000000
72644  -44.612  -10.414  -7.674 0.5000000000
72663  -43.381  -9.980  -10.772 0.5000000000
73720  -42.440  -9.385  -12.049 0.5000000000
71685  -42.981  -11.822  -5.886 0.5000000000
71701  -42.542  -11.168  -6.260 0.6000000238
72672  -42.812  -10.175  -11.747 0.4000000060
74770  -43.471  -8.998  -12.600 0.5000000000
74771  -44.490  -9.008  -12.661 0.4000000060
63284  -36.270  -20.255  -7.844 0.6000000238
64234  -36.899  -18.765  -8.404 0.6000000238
69917  -41.382  -13.210  -6.379 0.6000000238
73729  -45.065  -9.447  -12.951 0.4000000060
73730  -46.218  -9.548  -12.846 0.4000000060
64220  -36.586  -19.573  -8.188 0.6000000238
66141  -37.534  -17.125  -8.592 0.6000000238
68893  -41.170  -14.065  -6.295 0.6999999881
72674  -49.830  -10.472  -11.434 0.3000000119
68012  -37.764  -15.831  -8.974 0.6000000238
70852  -40.252  -12.691  -7.355 0.6000000238
72666  -50.469  -10.262  -10.283 0.3000000119
67061  -37.927  -16.394  -8.524 0.6000000238
68013  -38.271  -15.323  -8.675 0.6000000238
70851  -39.686  -13.013  -7.755 0.6000000238
71754  -50.274  -11.267  -11.962 0.4000000060
68014  -38.875  -14.980  -8.192 0.6000000238
68915  -39.069  -14.226  -8.252 0.6000000238
70865  -38.960  -12.587  -8.283 0.6000000238
145041  -49.551  -11.004  -9.998 0.3000000119
71733  -48.938  -10.640  -8.653 0.3000000119
72631  -48.793  -10.262  -6.997 0.3000000119
72613  -48.733  -10.639  -5.943 0.3000000119
71688  -49.124  -11.268  -5.174 0.3000000119
135316  -43.124  -9.841  -6.567 0.6000000238
73669  -43.837  -9.634  -7.054 0.5000000000
74755  -42.430  -8.760  -10.901 0.5000000000
73713  -42.659  -9.370  -11.367 0.5000000000
146555  -41.861  -11.548  -6.383 0.6000000238
72628  -42.328  -10.281  -6.470 0.6000000238
140918  -44.869  -8.146  -11.399 0.4000000060
73721  -45.474  -8.974  -12.380 0.4000000060
65192  -36.536  -18.314  -9.082 0.6000000238
66140  -36.832  -17.353  -9.225 0.6000000238
70837  -41.477  -12.241  -6.501 0.6000000238
73722  -46.565  -9.434  -12.041 0.3000000119
73723  -47.955  -10.154  -11.608 0.3000000119
67060  -37.346  -16.529  -9.150 0.6000000238
68926  -37.059  -14.302  -9.648 0.6000000238
68025  -37.630  -15.025  -9.318 0.6000000238
70877  -37.288  -12.814  -9.377 0.6000000238
71717  -39.060  -11.633  -7.954 0.6000000238
69956  -37.906  -13.391  -9.131 0.6000000238
72665  -50.676  -10.063  -9.990 0.3000000119
69943  -38.473  -13.854  -8.732 0.6000000238
71729  -38.185  -11.894  -8.576 0.6000000238
71741  -49.874  -10.490  -9.631 0.3000000119
143127  -49.303  -9.690  -6.519 0.3000000119
72614  -49.424  -10.169  -5.427 0.3000000119
148616  -50.003  -10.266  -4.831 0.3000000119
151779  -42.496  -8.575  -7.183 0.6000000238
74736  -42.746  -8.333  -8.932 0.6000000238
73695  -43.356  -8.898  -9.047 0.5000000000
74754  -41.760  -7.984  -11.047 0.5000000000
75693  -42.571  -7.820  -11.830 0.4000000060
74710  -40.902  -8.868  -6.875 0.6000000238
74711  -41.817  -8.669  -6.910 0.6000000238
74757  -44.636  -7.702  -10.902 0.4000000060
74758  -45.567  -8.272  -10.718 0.4000000060
73680  -40.146  -9.371  -7.074 0.6000000238
153581  -46.384  -8.822  -10.664 0.4000000060
73706  -47.480  -9.318  -10.211 0.3000000119
132466  -36.712  -15.014  -9.690 0.6000000238
72643  -40.032  -10.354  -7.220 0.6000000238
73707  -49.297  -9.605  -10.186 0.3000000119
69955  -37.195  -13.580  -9.531 0.6000000238
73679  -39.350  -9.752  -7.423 0.6000000238
74739  -50.691  -9.153  -9.003 0.3000000119
71716  -38.284  -10.981  -8.303 0.6000000238
73698  -50.952  -9.417  -9.746 0.3000000119
71728  -37.175  -11.245  -9.060 0.6000000238
72652  -37.413  -10.226  -8.594 0.6000000238
74696  -50.455  -8.372  -6.477 0.3000000119
73653  -51.212  -9.092  -5.047 0.3000000119
74722  -41.853  -7.854  -7.755 0.6000000238
74735  -42.013  -7.657  -8.899 0.5000000000
76618  -42.559  -6.726  -10.804 0.5000000000
135493  -43.390  -7.251  -11.116 0.4000000060
134585  -44.550  -7.294  -10.199 0.4000000060
74721  -41.231  -8.085  -7.346 0.6000000238
136298  -45.358  -7.443  -9.356 0.4000000060
74748  -46.336  -8.088  -9.261 0.4000000060
74720  -40.502  -7.922  -7.395 0.6000000238
141276  -46.415  -8.551  -9.984 0.4000000060
74738  -48.844  -8.727  -8.824 0.3000000119
144454  -36.407  -13.006  -9.655 0.6000000238
152325  -39.502  -8.809  -7.354 0.6000000238
136782  -48.795  -7.980  -8.016 0.3000000119
70875  -35.543  -12.418  -9.655 0.6000000238
70876  -36.448  -12.019  -9.534 0.6000000238
73678  -38.658  -9.086  -7.619 0.6000000238
146593  -50.810  -8.726  -9.242 0.3000000119
138708  -38.049  -8.514  -7.939 0.6000000238
72662  -35.939  -10.991  -9.601 0.6000000238
72651  -36.349  -10.315  -9.329 0.6000000238
73693  -36.482  -9.198  -9.006 0.6000000238
75671  -40.999  -6.533  -9.685 0.6000000238
131590  -42.380  -6.130  -9.735 0.4000000060
76619  -42.979  -6.419  -9.969 0.4000000060
75680  -43.718  -6.805  -10.185 0.4000000060
152405  -44.572  -7.011  -9.517 0.4000000060
75651  -39.966  -6.993  -7.939 0.5000000000
75652  -40.811  -7.191  -8.205 0.5000000000
75655  -47.806  -7.416  -7.475 0.4000000060
75650  -39.112  -7.038  -7.890 0.5000000000
74724  -48.143  -8.095  -8.089 0.3000000119
76575  -49.675  -7.211  -7.875 0.3000000119
71737  -34.720  -11.164  -9.435 0.6000000238
74718  -37.810  -7.696  -8.204 0.5000000000
132617  -35.088  -10.487  -9.591 0.6000000238
72661  -35.486  -9.649  -9.523 0.6000000238
134173  -36.834  -7.379  -8.634 0.6000000238
73704  -35.095  -8.901  -9.552 0.6000000238
73692  -35.592  -8.710  -9.422 0.6000000238
74733  -36.015  -7.808  -9.244 0.6000000238
75647  -35.009  -7.529  -8.858 0.5000000000
76586  -35.476  -6.980  -8.911 0.5000000000
77515  -41.700  -5.602  -8.260 0.4000000060
76610  -42.269  -5.907  -8.955 0.3000000119
76591  -43.357  -6.356  -7.880 0.4000000060
76593  -45.214  -6.628  -7.552 0.4000000060
75673  -45.111  -6.946  -8.614 0.3000000119
76609  -39.797  -5.588  -9.172 0.5000000000
131936  -40.545  -5.815  -9.550 0.4000000060
76572  -46.324  -6.220  -6.626 0.3000000119
139430  -47.107  -6.250  -6.617 0.3000000119
131416  -46.974  -7.475  -7.893 0.3000000119
76589  -38.465  -6.259  -8.486 0.5000000000
77480  -48.340  -5.427  -6.056 0.3000000119
77495  -47.861  -6.030  -6.358 0.3000000119
76607  -37.782  -5.514  -8.492 0.5000000000
76574  -48.715  -6.913  -6.970 0.3000000119
76606  -36.731  -5.962  -8.564 0.5000000000
77517  -51.146  -6.459  -9.861 0.3000000119
75668  -36.197  -6.724  -8.897 0.5000000000
75667  -35.497  -7.203  -9.110 0.5000000000
141545  -42.791  -5.844  -6.377 0.3000000119
76569  -42.556  -6.007  -7.508 0.3000000119
150556  -43.409  -6.232  -6.905 0.3000000119
76570  -44.346  -6.420  -6.983 0.3000000119
77489  -40.503  -4.726  -6.914 0.3000000119
77514  -40.832  -5.180  -8.175 0.4000000060
76571  -45.430  -6.320  -6.671 0.3000000119
148305  -46.814  -4.993  -5.750 0.3000000119
77488  -39.683  -4.317  -6.822 0.3000000119
77479  -47.543  -5.170  -5.893 0.3000000119
77526  -37.666  -4.977  -8.332 0.4000000060
77481  -49.152  -5.344  -6.198 0.3000000119
78343  -49.958  -5.187  -6.617 0.3000000119
77511  -37.061  -5.207  -8.171 0.5000000000
78359  -50.890  -4.943  -8.684 0.3000000119
76588  -36.492  -5.617  -8.043 0.5000000000
78360  -51.277  -5.401  -9.991 0.3000000119
75636  -36.004  -7.071  -7.554 0.4000000060
76566  -36.127  -6.274  -7.841 0.5000000000
77475  -43.143  -5.416  -5.496 0.3000000119
77476  -44.216  -5.467  -5.491 0.3000000119
77473  -40.961  -4.708  -5.984 0.3000000119
77490  -41.636  -5.469  -6.921 0.3000000119
77477  -45.193  -5.356  -5.595 0.3000000119
77478  -46.086  -5.175  -5.723 0.3000000119
78342  -40.101  -4.073  -5.670 0.3000000119
79133  -48.702  -3.531  -5.414 0.3000000119
148013  -48.294  -4.575  -5.671 0.3000000119
77487  -38.857  -4.365  -6.506 0.3000000119
78326  -39.509  -4.239  -6.044 0.3000000119
78334  -49.349  -4.389  -5.851 0.3000000119
78335  -50.048  -4.289  -6.262 0.3000000119
77470  -38.579  -5.071  -6.180 0.3000000119
77486  -38.050  -4.800  -6.990 0.4000000060
79974  -50.658  -2.845  -6.917 0.3000000119
76568  -37.720  -5.573  -6.680 0.4000000060
154533  -51.226  -3.426  -9.557 0.3000000119
75637  -36.661  -6.857  -7.001 0.4000000060
76556  -37.516  -6.611  -6.413 0.4000000060
137002  -51.688  -3.598  -9.861 0.3000000119
79162  -52.237  -4.125  -10.118 0.3000000119
78328  -42.337  -4.389  -4.869 0.3000000119
77474  -41.980  -5.107  -5.701 0.3000000119
78329  -43.563  -4.647  -4.880 0.3000000119
78322  -45.102  -3.904  -4.886 0.3000000119
79130  -45.983  -3.898  -5.170 0.3000000119
79131  -46.821  -3.874  -5.296 0.3000000119
78327  -41.015  -3.837  -5.064 0.3000000119
79961  -46.966  -2.533  -5.112 0.3000000119
142741  -47.996  -2.195  -5.174 0.3000000119
79963  -48.571  -2.695  -5.271 0.3000000119
77466  -39.940  -4.029  -4.785 0.3000000119
77472  -39.922  -3.809  -5.162 0.3000000119
79964  -49.325  -2.740  -5.482 0.3000000119
135163  -50.371  -2.017  -6.430 0.3000000119
76557  -38.345  -6.179  -5.919 0.4000000060
133237  -50.630  -2.010  -7.574 0.3000000119
80859  -50.797  -1.731  -8.707 0.3000000119
75628  -38.211  -7.430  -5.692 0.4000000060
79986  -51.198  -2.685  -9.277 0.3000000119
81716  -51.641  -1.160  -8.577 0.3000000119
80871  -52.159  -2.039  -8.888 0.3000000119
81703  -53.920  -1.212  -7.820 0.3000000119
134736  -43.866  -2.805  -4.348 0.3000000119
79124  -44.639  -3.069  -4.633 0.3000000119
79125  -45.528  -3.198  -4.910 0.3000000119
79955  -45.907  -2.529  -5.002 0.3000000119
79123  -43.131  -2.905  -4.057 0.3000000119
80833  -46.135  -1.794  -5.076 0.3000000119
81673  -46.217  -0.916  -5.185 0.3000000119
79114  -41.375  -3.260  -3.901 0.3000000119
79122  -42.166  -3.022  -3.893 0.3000000119
80834  -47.217  -1.544  -5.144 0.3000000119
80835  -48.296  -1.340  -5.252 0.3000000119
80847  -50.039  -1.166  -6.195 0.3000000119
77455  -40.560  -3.782  -4.371 0.3000000119
82583  -48.270  0.209  -5.532 0.3000000119
82584  -49.178  0.029  -5.883 0.3000000119
76548  -39.500  -6.255  -4.969 0.4000000060
81687  -49.755  -0.342  -6.517 0.3000000119
75629  -38.974  -6.786  -5.310 0.4000000060
81700  -50.150  -0.354  -8.183 0.3000000119
81714  -50.446  -0.305  -8.351 0.3000000119
75612  -39.627  -7.196  -4.818 0.4000000060
81701  -52.279  -0.332  -8.075 0.3000000119
74678  -39.747  -8.181  -4.766 0.4000000060
81702  -53.396  -0.321  -7.703 0.3000000119
82608  -53.997  0.558  -7.474 0.3000000119
80823  -44.426  -1.550  -4.643 0.3000000119
80832  -45.132  -1.202  -5.064 0.3000000119
79952  -43.386  -2.218  -3.933 0.3000000119
143020  -43.742  -1.628  -4.167 0.3000000119
135556  -46.356  -0.150  -5.352 0.3000000119
79116  -42.677  -2.669  -3.531 0.3000000119
78303  -41.637  -3.531  -3.323 0.3000000119
83552  -49.114  1.104  -7.134 0.3000000119
82619  -49.722  0.785  -8.269 0.3000000119
83582  -50.044  1.040  -8.407 0.3000000119
83583  -50.832  1.019  -8.231 0.3000000119
82606  -51.746  0.512  -8.047 0.3000000119
83565  -52.533  1.275  -7.670 0.3000000119
74679  -40.540  -8.549  -4.442 0.3000000119
82607  -52.906  0.496  -7.664 0.3000000119
84536  -54.637  2.068  -7.581 0.3000000119
84537  -55.540  2.190  -7.610 0.3000000119
81655  -43.864  -0.362  -3.701 0.3000000119
81663  -44.186  -0.623  -4.790 0.3000000119
81671  -43.936  0.225  -5.034 0.3000000119
83537  -44.766  1.224  -6.010 0.3000000119
82582  -47.203  0.403  -5.473 0.3000000119
80815  -43.461  -1.586  -3.008 0.3000000119
80816  -43.742  -1.022  -3.395 0.3000000119
83539  -46.948  1.134  -5.717 0.3000000119
83540  -47.919  0.989  -5.731 0.3000000119
84518  -46.738  2.289  -6.543 0.3000000119
83551  -48.401  1.458  -6.524 0.3000000119
84532  -48.277  2.342  -7.984 0.3000000119
84533  -48.913  1.847  -8.301 0.3000000119
132818  -49.443  2.317  -8.463 0.3000000119
84550  -51.371  1.979  -7.991 0.3000000119
84534  -52.301  2.030  -7.723 0.3000000119
85441  -51.586  3.534  -8.125 0.3000000119
132747  -53.028  1.888  -7.590 0.3000000119
84535  -53.758  2.024  -7.590 0.3000000119
85443  -53.651  3.548  -8.051 0.3000000119
85444  -54.614  3.483  -8.162 0.3000000119
84553  -55.889  2.966  -8.047 0.3000000119
82549  -44.469  0.048  -3.101 0.3000000119
139267  -43.929  0.213  -3.902 0.3000000119
82580  -43.848  0.909  -5.239 0.3000000119
82581  -44.262  0.672  -5.526 0.3000000119
81642  -44.702  -0.672  -1.951 0.3000000119
81643  -44.877  -0.169  -2.327 0.3000000119
83517  -45.092  1.652  -3.595 0.3000000119
83528  -44.361  2.072  -4.516 0.3000000119
84490  -43.775  2.024  -5.460 0.3000000119
83549  -45.599  1.811  -6.276 0.3000000119
80801  -43.967  -1.869  -1.834 0.3000000119
84519  -47.931  2.167  -6.937 0.3000000119
150830  -43.099  -3.341  -1.174 0.3000000119
150035  -49.172  3.064  -8.514 0.3000000119
84549  -50.301  1.848  -8.324 0.3000000119
85440  -50.720  3.428  -8.271 0.3000000119
156439  -52.094  4.836  -8.318 0.3000000119
152676  -53.747  4.748  -8.478 0.3000000119
83493  -45.969  1.931  -2.088 0.3000000119
83485  -45.270  1.480  -0.928 0.3000000119
84454  -45.708  2.120  -1.426 0.3000000119
82531  -44.495  0.706  -0.471 0.3000000119
81635  -44.657  -0.455  -1.144 0.3000000119
82544  -45.077  -0.003  -1.682 0.3000000119
82545  -45.243  0.515  -2.331 0.3000000119
79917  -43.271  -2.547  -0.643 0.3000000119
80790  -43.843  -1.849  -1.023 0.3000000119
66077  -43.040  -17.261  -3.075 0.5000000000
141553  -40.510  -17.429  -4.526 0.6999999881
67011  -42.076  -16.461  -3.800 0.5000000000
67974  -40.800  -15.914  -5.418 0.6000000238
61288  -34.423  -22.875  -5.615 0.6000000238
57395  -37.311  -26.941  -8.224 0.6999999881
24878  -41.318  -58.992  -5.560 0.3000000119
25852  -41.288  -58.297  -5.935 0.3000000119
24896  -42.388  -58.829  -6.835 0.3000000119
26894  -42.201  -58.012  -7.300 0.3000000119
25900  -43.073  -58.131  -8.494 0.4000000060
24935  -44.164  -58.734  -10.102 0.4000000060
26950  -44.162  -57.820  -11.788 0.4000000060
26960  -44.284  -57.859  -13.071 0.4000000060
26959  -43.808  -57.061  -12.670 0.4000000060
28089  -43.207  -56.457  -13.575 0.4000000060
28096  -42.459  -56.261  -14.122 0.4000000060
30025  -41.249  -54.596  -13.169 0.4000000060
29063  -42.127  -55.732  -13.928 0.4000000060
30961  -40.425  -53.214  -12.416 0.4000000060
35806  -38.403  -48.337  -11.145 0.4000000060
34734  -40.399  -49.382  -0.368 0.3000000119
35698  -41.385  -48.629  -0.627 0.3000000119
36777  -42.355  -47.753  -1.232 0.3000000119
36878  -37.725  -47.431  -11.259 0.5000000000
38975  -44.275  -45.695  -3.836 0.3000000119
38989  -44.122  -45.025  -4.125 0.3000000119
35805  -37.177  -48.272  -10.618 0.5000000000
146306  -36.663  -45.801  -10.961 0.5000000000
45107  -44.725  -39.085  -13.556 0.3000000119
46035  -44.279  -38.439  -13.123 0.3000000119
153613  -45.239  -39.320  -12.605 0.3000000119
135287  -36.591  -45.057  -7.405 0.6000000238
45082  -45.813  -40.027  -10.881 0.4000000060
142980  -36.622  -45.771  -6.958 0.6000000238
144619  -45.958  -39.948  -10.040 0.4000000060
46020  -47.993  -38.906  -9.873 0.4000000060
45992  -47.132  -38.471  -8.513 0.4000000060
47986  -48.322  -36.540  -9.556 0.4000000060
49006  -48.878  -35.522  -10.706 0.4000000060
45983  -30.513  -38.967  -8.573 0.4000000060
45984  -31.008  -38.818  -8.852 0.5000000000
45985  -31.315  -38.862  -8.588 0.5000000000
38970  -37.512  -45.584  -3.450 0.6999999881
50734  -47.994  -32.811  -11.016 0.4000000060
39996  -37.529  -44.445  -2.226 0.6999999881
52419  -47.476  -32.103  -10.872 0.4000000060
47974  -31.570  -36.317  -8.306 0.5000000000
47962  -32.047  -36.315  -7.777 0.5000000000
48971  -32.389  -35.346  -6.743 0.6000000238
48986  -32.269  -35.514  -7.581 0.6000000238
133712  -32.418  -35.141  -5.970 0.8000000119
42996  -37.503  -41.768  -1.520 0.8000000119
42024  -38.201  -42.270  -2.366 0.6999999881
43972  -36.657  -40.800  -1.000 0.8000000119
39987  -37.164  -44.304  -1.719 0.6999999881
148195  -46.076  -30.422  -11.924 0.4000000060
149653  -37.294  -41.161  -1.257 0.8000000119
50706  -32.537  -33.607  -5.986 0.8000000119
44971  -34.900  -39.051  -0.988 0.8000000119
43971  -35.661  -40.610  -1.134 0.8000000119
147661  -44.789  -29.873  -11.076 0.4000000060
138084  -33.088  -31.993  -6.197 0.6999999881
46854  -34.010  -37.164  -1.623 0.8000000119
52394  -33.588  -31.474  -5.615 0.6999999881
50699  -33.128  -33.299  -4.353 0.6999999881
48911  -33.755  -35.837  -1.965 0.8000000119
51486  -33.660  -32.624  -3.921 0.6999999881
50676  -33.775  -33.735  -2.791 0.6000000238
136505  -43.866  -27.492  -10.747 0.3000000119
61313  -46.236  -22.846  -7.418 0.4000000060
58431  -45.926  -25.726  -9.417 0.4000000060
57418  -45.900  -26.521  -9.518 0.4000000060
57417  -44.859  -27.055  -10.256 0.3000000119
62283  -45.261  -21.602  -8.511 0.4000000060
145590  -45.430  -22.480  -8.825 0.4000000060
60265  -46.042  -23.816  -8.797 0.4000000060
134805  -46.394  -25.068  -8.905 0.4000000060
133250  -45.304  -20.056  -7.588 0.4000000060
63314  -43.263  -20.210  -10.484 0.4000000060
64248  -43.052  -19.358  -10.858 0.5000000000
156685  -45.376  -19.473  -7.315 0.5000000000
67075  -44.676  -16.555  -9.593 0.4000000060
66162  -43.643  -17.879  -10.782 0.5000000000
135084  -42.696  -19.272  -11.757 0.5000000000
64253  -42.622  -19.927  -12.045 0.4000000060
137523  -43.883  -17.867  -12.563 0.5000000000
66133  -45.522  -17.673  -6.990 0.5000000000
67052  -45.585  -16.958  -7.028 0.5000000000
67062  -45.108  -16.944  -8.704 0.4000000060
66175  -45.506  -17.568  -13.094 0.5000000000
68041  -46.607  -15.917  -13.535 0.5000000000
139673  -46.663  -15.168  -11.656 0.5000000000
68936  -46.732  -14.430  -10.798 0.5000000000
60241  -29.428  -23.742  -5.788 0.5000000000
69960  -47.202  -13.085  -9.232 0.5000000000
151999  -48.233  -12.862  -6.119 0.4000000060
61301  -30.561  -22.448  -6.408 0.6000000238
61302  -31.397  -22.385  -6.444 0.6000000238
60256  -32.099  -22.959  -6.052 0.6000000238
61303  -32.903  -22.469  -6.331 0.6000000238
70825  -49.053  -12.338  -5.105 0.3000000119
62270  -33.622  -21.286  -7.257 0.6000000238
63283  -34.693  -20.669  -8.005 0.6000000238
136072  -35.534  -20.512  -8.045 0.6000000238
71672  -50.378  -11.604  -4.558 0.3000000119
71674  -51.753  -11.311  -4.679 0.3000000119
64233  -36.234  -19.191  -8.919 0.6000000238
67074  -36.649  -16.500  -9.517 0.6000000238
68925  -36.176  -14.249  -9.707 0.6000000238
69953  -34.928  -13.016  -9.565 0.6000000238
71726  -34.282  -11.448  -9.051 0.6000000238
72650  -34.527  -9.847  -9.028 0.6000000238
73690  -34.694  -9.244  -9.267 0.6000000238
71727  -34.312  -11.039  -8.992 0.6000000238
141021  -34.893  -8.343  -8.612 0.5000000000
74717  -35.536  -7.842  -7.834 0.5000000000
74708  -36.518  -7.838  -6.932 0.4000000060
74693  -37.859  -8.271  -5.848 0.4000000060
74695  -39.182  -8.732  -5.183 0.4000000060
149431  -50.741  4.760  -8.428 0.3000000119
86359  -51.507  5.009  -8.385 0.3000000119
139260  -52.901  6.157  -8.610 0.3000000119
88073  -53.903  6.216  -8.854 0.3000000119
133461  -55.244  4.118  -8.692 0.3000000119
81621  -43.992  -0.934  -0.531 0.3000000119
79905  -42.745  -2.356  0.174 0.3000000119
49899  -48.392  -34.624  -10.232 0.4000000060
65220  -44.615  -18.091  -12.812 0.5000000000
26949  -43.685  -57.086  -11.370 0.4000000060
28979  -40.358  -55.580  -5.540 0.3000000119
28014  -40.825  -55.882  -6.218 0.3000000119
28992  -41.254  -55.296  -6.832 0.3000000119
156563  -42.314  -55.393  -9.443 0.4000000060
30901  -40.817  -53.599  -6.302 0.3000000119
29957  -41.143  -54.331  -6.732 0.3000000119
35807  -38.922  -48.538  -9.916 0.4000000060
30829  -38.259  -53.128  -1.724 0.3000000119
32888  -40.499  -51.602  -7.781 0.4000000060
150394  -39.447  -49.744  -3.813 0.3000000119
37982  -37.347  -45.979  -11.271 0.4000000060
38974  -43.651  -45.041  -3.308 0.3000000119
40012  -42.503  -44.284  -2.781 0.3000000119
42056  -42.183  -42.261  -4.451 0.3000000119
43084  -42.866  -40.815  -8.060 0.3000000119
44078  -42.459  -40.359  -10.751 0.3000000119
42054  -40.879  -42.489  -4.507 0.3000000119
42067  -39.841  -42.673  -5.943 0.3000000119
43024  -41.112  -41.881  -4.904 0.3000000119
44024  -40.806  -40.626  -6.527 0.3000000119
44101  -44.391  -39.738  -13.772 0.3000000119
42096  -39.356  -42.173  -7.342 0.3000000119
44039  -39.882  -40.230  -7.569 0.3000000119
43081  -36.975  -41.014  -8.313 0.6000000238
45092  -45.076  -39.425  -11.652 0.4000000060
41112  -36.975  -43.013  -7.436 0.6000000238
40051  -37.166  -44.208  -6.306 0.6999999881
44077  -37.397  -39.544  -10.963 0.3000000119
45053  -46.879  -39.179  -8.903 0.4000000060
145340  -37.649  -44.112  -4.688 0.6999999881
46950  -37.309  -37.578  -11.041 0.4000000060
45987  -37.682  -37.740  -9.014 0.4000000060
45049  -43.787  -39.121  -8.447 0.4000000060
45957  -38.309  -38.351  -6.872 0.6000000238
44009  -38.400  -40.374  -5.310 0.6999999881
134483  -38.467  -41.485  -4.123 0.6999999881
40009  -37.731  -44.656  -3.058 0.6999999881
46923  -41.480  -36.646  -7.696 0.4000000060
139892  -38.465  -37.628  -5.468 0.6000000238
47967  -47.268  -36.088  -7.640 0.4000000060
41043  -38.169  -43.148  -3.561 0.6999999881
49894  -47.585  -34.134  -8.706 0.4000000060
51527  -47.691  -32.770  -10.202 0.4000000060
46919  -30.228  -38.043  -8.166 0.3000000119
139495  -38.502  -37.766  -4.615 0.6000000238
43007  -38.355  -41.540  -2.342 0.6999999881
141405  -37.906  -43.723  -2.699 0.6999999881
141034  -38.501  -37.690  -3.166 0.6000000238
47925  -44.411  -36.795  -4.054 0.5000000000
43985  -38.364  -40.899  -2.010 0.6999999881
46856  -38.134  -37.788  -1.828 0.6999999881
43973  -37.446  -40.469  -1.192 0.6999999881
43974  -37.863  -41.045  -1.564 0.8000000119
46843  -35.706  -37.176  -0.566 0.6999999881
51513  -47.361  -32.933  -6.814 0.4000000060
48922  -39.255  -35.198  -2.570 0.6999999881
46855  -34.492  -37.399  -1.132 0.6999999881
52368  -36.670  -31.597  -2.226 0.6000000238
48920  -33.875  -35.004  -2.009 0.6999999881
47897  -33.819  -36.583  -1.828 0.6999999881
49830  -33.551  -34.543  -2.686 0.8000000119
51488  -35.034  -31.853  -2.947 0.6000000238
55209  -44.112  -28.727  -11.118 0.4000000060
55192  -44.789  -28.948  -10.503 0.3000000119
51469  -40.781  -32.318  -1.830 0.6000000238
50679  -40.714  -33.602  -2.161 0.6000000238
50669  -42.013  -32.982  -1.956 0.6999999881
51465  -36.611  -32.518  -1.617 0.6000000238
51497  -33.630  -32.015  -4.658 0.6999999881
53268  -35.567  -30.263  -4.561 0.6999999881
52386  -35.086  -30.890  -4.089 0.6999999881
137796  -33.345  -34.150  -3.263 0.8000000119
53256  -35.908  -30.630  -3.738 0.6999999881
50670  -42.904  -33.012  -1.849 0.4000000060
53270  -47.075  -30.318  -4.390 0.3000000119
55172  -47.404  -28.301  -7.790 0.3000000119
151238  -42.777  -31.593  -1.421 0.5000000000
52357  -44.289  -31.611  -1.042 0.5000000000
55165  -32.248  -28.808  -7.576 0.6999999881
54175  -46.563  -29.295  -2.964 0.4000000060
54188  -46.834  -29.543  -3.759 0.4000000060
61295  -46.242  -22.783  -5.870 0.4000000060
58411  -47.130  -25.171  -5.763 0.4000000060
131476  -46.814  -26.953  -4.268 0.4000000060
150783  -47.192  -28.437  -4.811 0.4000000060
58420  -47.450  -26.022  -6.765 0.4000000060
56217  -47.488  -27.345  -5.915 0.4000000060
59394  -46.563  -24.283  -8.251 0.4000000060
54132  -42.975  -29.182  -0.726 0.5000000000
54135  -45.265  -29.454  -0.873 0.5000000000
144980  -45.312  -25.005  -2.475 0.5000000000
57394  -36.528  -27.075  -8.109 0.8000000119
153178  -31.396  -27.306  -5.306 0.5000000000
55136  -40.003  -28.228  -5.810 0.6999999881
133391  -45.442  -18.997  -6.990 0.5000000000
68948  -46.112  -15.017  -14.017 0.5000000000
68944  -43.926  -14.858  -12.737 0.4000000060
138581  -43.203  -17.944  -11.713 0.5000000000
58401  -29.473  -25.445  -5.330 0.5000000000
58333  -42.294  -25.564  -0.713 0.5000000000
66120  -45.605  -17.354  -6.253 0.5000000000
57363  -40.272  -26.850  -5.733 0.6999999881
67076  -45.212  -15.983  -8.734 0.4000000060
68026  -44.650  -15.703  -9.796 0.4000000060
68015  -45.463  -15.210  -8.103 0.4000000060
58419  -39.274  -25.993  -6.752 0.8000000119
59376  -30.716  -24.687  -5.391 0.5000000000
66103  -45.587  -16.997  -5.304 0.5000000000
58408  -38.952  -25.414  -6.331 0.6000000238
70899  -48.869  -13.137  -15.024 0.4000000060
68947  -47.864  -14.635  -14.134 0.5000000000
157361  -31.065  -24.019  -5.563 0.5000000000
59361  -33.735  -24.703  -4.918 0.6999999881
151766  -40.298  -23.271  -3.630 0.6000000238
59382  -39.739  -24.610  -5.556 0.6999999881
62244  -39.694  -21.832  -4.800 0.6999999881
152118  -36.055  -24.191  -4.876 0.6000000238
65152  -39.038  -18.968  -5.515 0.6000000238
62250  -37.193  -21.421  -5.943 0.6000000238
68942  -47.015  -14.355  -11.916 0.5000000000
64171  -43.253  -19.575  -2.075 0.6000000238
69889  -44.279  -14.006  -4.857 0.5000000000
146084  -45.421  -12.859  -6.723 0.4000000060
61277  -40.069  -22.173  -4.287 0.6999999881
62245  -39.984  -21.347  -4.151 0.6999999881
65144  -40.279  -18.337  -4.224 0.6999999881
64195  -40.323  -19.158  -3.780 0.6999999881
61307  -36.312  -21.840  -5.919 0.6000000238
65153  -39.341  -18.092  -5.612 0.6000000238
67039  -40.268  -15.942  -6.074 0.6000000238
63273  -37.278  -20.510  -6.475 0.6000000238
68000  -39.834  -15.175  -7.061 0.6000000238
71720  -45.170  -11.565  -7.289 0.4000000060
69900  -42.934  -13.335  -5.333 0.5000000000
66090  -41.323  -16.858  -4.081 0.5000000000
73731  -47.411  -10.140  -12.580 0.4000000060
69916  -40.686  -13.673  -6.815 0.6000000238
72682  -49.023  -10.651  -12.281 0.4000000060
65178  -37.531  -18.296  -7.816 0.6000000238
70841  -47.696  -11.953  -7.176 0.4000000060
71702  -43.412  -11.115  -6.158 0.6000000238
71730  -45.004  -10.975  -8.018 0.4000000060
68878  -41.611  -14.458  -5.624 0.6999999881
70820  -42.298  -12.664  -5.908 0.6000000238
150837  -41.287  -15.239  -5.458 0.6000000238
155194  -47.959  -11.586  -6.835 0.3000000119
73696  -43.883  -9.446  -8.606 0.5000000000
73705  -43.448  -9.399  -9.898 0.5000000000
74763  -42.314  -8.523  -11.980 0.4000000060
74765  -44.444  -8.470  -12.151 0.4000000060
71699  -40.612  -11.960  -7.075 0.6000000238
73708  -50.424  -9.919  -9.613 0.3000000119
72626  -40.672  -10.933  -6.943 0.6000000238
71718  -39.913  -11.313  -7.420 0.6000000238
69944  -39.114  -13.449  -8.281 0.6000000238
137392  -38.431  -10.050  -7.885 0.6000000238
72645  -49.439  -10.006  -8.239 0.3000000119
72600  -51.280  -10.679  -4.653 0.3000000119
72627  -41.433  -10.531  -6.607 0.6000000238
70864  -38.064  -12.684  -8.859 0.6000000238
73684  -50.708  -9.339  -9.331 0.3000000119
73670  -49.854  -9.366  -7.954 0.3000000119
74745  -41.898  -7.734  -10.058 0.6000000238
157704  -40.178  -8.596  -7.200 0.6000000238
74749  -47.831  -8.993  -9.327 0.4000000060
73697  -50.131  -9.162  -9.937 0.3000000119
73685  -50.794  -9.125  -9.028 0.3000000119
73694  -37.727  -9.271  -8.244 0.6000000238
74712  -50.440  -8.440  -7.426 0.3000000119
75678  -41.420  -6.772  -10.395 0.5000000000
75686  -41.576  -6.815  -10.692 0.5000000000
75654  -46.051  -6.969  -7.825 0.4000000060
75649  -38.360  -7.144  -8.121 0.5000000000
149147  -41.663  -5.961  -9.900 0.4000000060
77528  -41.083  -5.631  -9.382 0.4000000060
76592  -44.235  -6.600  -8.204 0.4000000060
76573  -47.789  -6.785  -6.907 0.3000000119
76608  -38.921  -5.517  -8.746 0.5000000000
77498  -50.443  -5.997  -8.010 0.3000000119
153869  -40.093  -5.104  -9.035 0.4000000060
78358  -39.435  -4.662  -8.364 0.4000000060
145211  -38.495  -4.974  -8.543 0.4000000060
79132  -47.687  -3.793  -5.343 0.3000000119
78341  -39.063  -4.150  -6.983 0.3000000119
78340  -38.493  -4.448  -7.379 0.3000000119
78344  -50.516  -4.881  -7.400 0.3000000119
79985  -50.847  -2.849  -8.598 0.3000000119
137471  -53.151  -1.853  -8.266 0.3000000119
78330  -44.646  -4.673  -5.080 0.3000000119
131685  -40.303  -3.634  -4.889 0.3000000119
79965  -50.158  -2.776  -5.978 0.3000000119
77465  -39.679  -5.191  -4.872 0.3000000119
79993  -51.625  -2.681  -9.368 0.3000000119
80836  -49.251  -1.269  -5.520 0.3000000119
80869  -50.826  -1.090  -8.621 0.3000000119
150313  -54.595  0.928  -7.424 0.3000000119
81672  -44.876  -0.259  -5.307 0.3000000119
79107  -41.556  -3.264  -3.644 0.3000000119
79947  -43.120  -2.161  -3.234 0.3000000119
81662  -43.851  -0.115  -4.404 0.3000000119
83538  -46.026  1.286  -5.909 0.3000000119
79939  -43.425  -2.235  -2.448 0.3000000119
85429  -54.112  2.769  -7.787 0.3000000119
82572  -43.886  0.648  -4.628 0.3000000119
83548  -44.189  1.990  -6.304 0.3000000119
79930  -43.521  -2.505  -1.499 0.3000000119
85438  -48.617  3.440  -8.461 0.3000000119
85439  -49.890  3.265  -8.420 0.3000000119
85442  -52.606  3.704  -8.048 0.3000000119
86360  -52.599  4.642  -8.276 0.3000000119
86362  -54.204  4.281  -8.434 0.3000000119
85445  -56.039  3.611  -8.569 0.3000000119
83503  -45.517  1.391  -2.664 0.3000000119
85367  -45.338  3.022  -4.198 0.3000000119
79085  -42.803  -3.126  -0.171 0.3000000119
78280  -42.862  -4.581  -0.464 0.3000000119
141202  -52.183  6.240  -8.542 0.3000000119
80779  -43.303  -1.721  -0.231 0.3000000119
28095  -42.052  -56.136  -14.182 0.4000000060
42023  -37.868  -43.026  -2.140 0.6999999881
44982  -34.228  -38.660  -1.637 0.8000000119
48919  -33.311  -35.495  -2.738 0.8000000119
150942  -42.618  -20.920  -11.034 0.4000000060
73676  -34.895  -9.347  -8.468 0.5000000000
148258  -44.638  -18.670  -9.075 0.4000000060
64241  -43.986  -19.438  -9.806 0.4000000060
65212  -49.244  -17.893  -10.346 0.3000000119
66164  -47.397  -17.468  -10.347 0.4000000060
66166  -50.047  -17.148  -9.974 0.3000000119
65221  -45.534  -18.430  -12.768 0.4000000060
66171  -46.417  -17.519  -12.106 0.4000000060
143304  -46.261  -17.177  -12.857 0.4000000060
67079  -49.495  -16.699  -8.986 0.3000000119
67077  -47.483  -16.232  -9.485 0.4000000060
66154  -47.968  -17.042  -9.628 0.3000000119
66142  -44.940  -17.769  -8.814 0.3000000119
151423  -46.567  -16.136  -11.262 0.4000000060
67085  -46.795  -16.121  -10.332 0.4000000060
68908  -47.942  -14.728  -7.754 0.3000000119
68035  -46.628  -15.337  -10.668 0.4000000060
156429  -49.686  -15.375  -5.676 0.3000000119
67987  -48.593  -14.934  -6.931 0.3000000119
68930  -46.795  -14.659  -9.865 0.4000000060
157602  -49.389  -14.442  -5.307 0.3000000119
68882  -48.943  -13.961  -5.506 0.3000000119
69920  -48.333  -13.548  -6.230 0.3000000119
135753  -32.225  -22.094  -6.605 0.5000000000
69905  -49.338  -13.300  -4.951 0.3000000119
69934  -47.596  -13.402  -7.520 0.3000000119
143856  -30.901  -21.843  -6.563 0.5000000000
63279  -31.616  -19.854  -6.940 0.5000000000
63280  -32.339  -20.496  -7.135 0.5000000000
64218  -32.406  -19.700  -7.255 0.5000000000
63295  -34.229  -20.083  -8.262 0.5000000000
143791  -51.380  -12.948  -4.544 0.3000000119
69904  -48.695  -13.088  -5.541 0.3000000119
64231  -34.500  -19.358  -8.625 0.5000000000
67073  -35.768  -16.394  -9.591 0.5000000000
67047  -34.404  -16.345  -8.575 0.5000000000
68010  -34.383  -15.758  -8.903 0.5000000000
67071  -34.419  -16.316  -8.962 0.5000000000
68011  -34.382  -14.916  -8.883 0.4000000060
67996  -34.535  -15.717  -8.486 0.5000000000
66129  -34.364  -17.068  -8.073 0.5000000000
144357  -34.403  -14.196  -9.146 0.5000000000
68903  -34.677  -14.367  -8.318 0.4000000060
69942  -34.027  -12.992  -8.974 0.5000000000
141040  -35.200  -15.864  -7.823 0.4000000060
68904  -35.712  -13.991  -7.693 0.4000000060
135702  -34.151  -11.864  -8.881 0.5000000000
69928  -34.508  -13.282  -8.385 0.4000000060
156989  -37.062  -14.652  -7.054 0.4000000060
69929  -35.658  -12.981  -7.679 0.5000000000
69914  -36.885  -13.541  -7.204 0.4000000060
71714  -34.919  -11.411  -8.255 0.4000000060
69930  -36.750  -12.593  -7.252 0.5000000000
70849  -35.795  -12.102  -7.652 0.4000000060
70850  -36.708  -11.902  -7.249 0.4000000060
72641  -35.809  -9.870  -7.575 0.4000000060
71715  -36.160  -11.360  -7.471 0.3000000119
136945  -38.561  -12.798  -6.254 0.3000000119
70835  -38.087  -11.989  -6.456 0.3000000119
72624  -37.358  -10.525  -6.557 0.3000000119
73665  -37.498  -9.617  -6.300 0.3000000119
71698  -37.921  -11.116  -6.380 0.3000000119
70817  -38.863  -12.278  -6.059 0.3000000119
71682  -38.789  -11.351  -5.971 0.3000000119
74709  -37.297  -8.600  -6.320 0.3000000119
134199  -38.890  -10.462  -5.682 0.3000000119
72625  -38.145  -10.450  -6.113 0.3000000119
73649  -38.381  -9.722  -5.752 0.3000000119
73648  -38.016  -8.989  -5.816 0.3000000119
71683  -39.621  -11.481  -5.494 0.3000000119
72612  -39.720  -10.663  -5.339 0.3000000119
72595  -40.125  -9.954  -4.934 0.3000000119
73650  -39.257  -9.672  -5.331 0.3000000119
64208  -30.887  -19.048  -6.719 0.5000000000
63320  -49.783  -19.266  -11.952 0.3000000119
64262  -45.133  -19.302  -12.609 0.4000000060
65159  -30.231  -18.331  -6.370 0.4000000060
64209  -31.767  -19.015  -6.932 0.5000000000
65162  -32.979  -18.574  -6.768 0.4000000060
67048  -34.697  -16.477  -7.958 0.5000000000
67997  -35.810  -15.106  -7.654 0.5000000000
66143  -45.376  -17.505  -7.861 0.4000000060
66153  -44.398  -17.911  -9.756 0.4000000060
68023  -36.237  -15.721  -9.659 0.5000000000
63306  -44.244  -20.288  -9.395 0.4000000060
64260  -43.082  -19.601  -12.343 0.4000000060
68040  -46.572  -15.991  -12.388 0.4000000060
145320  -47.299  -13.822  -8.585 0.3000000119
62261  -31.556  -21.576  -6.669 0.5000000000
62269  -33.023  -21.004  -7.314 0.5000000000
63296  -35.081  -20.084  -8.585 0.5000000000
65191  -35.677  -18.538  -9.275 0.5000000000
135829  -35.682  -14.916  -9.627 0.5000000000
68924  -35.029  -14.025  -9.523 0.5000000000
70861  -34.100  -12.171  -9.027 0.5000000000
72640  -34.886  -10.382  -8.419 0.4000000060
73664  -36.432  -8.964  -7.032 0.3000000119
64250  -49.628  -18.172  -10.832 0.3000000119
64255  -47.682  -19.396  -11.283 0.4000000060
66165  -48.595  -17.570  -9.925 0.3000000119
66163  -46.656  -16.951  -11.024 0.4000000060
64263  -46.135  -19.179  -12.308 0.4000000060
65217  -47.033  -18.829  -11.407 0.4000000060
65211  -47.802  -18.217  -10.524 0.3000000119
63324  -43.631  -20.181  -12.482 0.4000000060
156973  -48.424  -15.786  -8.329 0.3000000119
67078  -48.469  -16.561  -9.104 0.3000000119
67063  -47.483  -15.605  -9.072 0.4000000060
147294  -49.139  -14.792  -5.862 0.3000000119
69935  -47.969  -14.019  -7.046 0.3000000119
69891  -50.865  -13.650  -4.508 0.3000000119
140331  -30.058  -20.660  -6.648 0.5000000000
63271  -30.647  -20.027  -6.727 0.5000000000
63272  -31.566  -20.727  -6.829 0.5000000000
65176  -33.377  -18.924  -7.632 0.5000000000
63281  -33.043  -20.279  -7.531 0.5000000000
64230  -33.752  -19.420  -8.137 0.5000000000
65202  -35.057  -17.746  -9.305 0.5000000000
139937  -34.429  -17.578  -8.927 0.5000000000
68022  -35.229  -15.636  -9.467 0.5000000000
141641  -34.134  -17.887  -8.437 0.5000000000
65177  -33.743  -18.358  -7.645 0.5000000000
68021  -34.516  -15.625  -9.081 0.4000000060
70848  -34.688  -12.365  -8.271 0.5000000000
138894  -36.754  -9.947  -6.841 0.3000000119
63325  -44.426  -20.653  -12.446 0.4000000060
134098  -32.494  -37.763  -4.841 0.6999999881
46864  -33.546  -37.305  -2.261 0.6999999881
47904  -33.395  -36.420  -2.484 0.6999999881
47910  -32.956  -36.299  -3.187 0.6999999881
46870  -32.766  -37.046  -3.558 0.6999999881
48927  -32.565  -35.520  -4.328 0.6999999881
47921  -32.438  -36.296  -4.942 0.6999999881
48928  -32.812  -35.556  -3.555 0.6999999881
49861  -32.715  -34.942  -3.916 0.6999999881
50698  -32.676  -33.877  -4.889 0.6999999881
49871  -32.491  -34.532  -5.493 0.6999999881
156288  -45.298  -24.442  -9.607 0.3000000119
59396  -44.411  -24.536  -10.191 0.3000000119
61322  -44.716  -23.075  -9.668 0.3000000119
60271  -42.592  -23.907  -11.096 0.3000000119
62292  -42.498  -22.411  -11.436 0.3000000119
60268  -43.789  -23.847  -10.423 0.3000000119
49862  -32.932  -34.175  -3.958 0.6999999881
60264  -45.724  -23.216  -8.887 0.3000000119
62288  -43.116  -22.146  -10.623 0.3000000119
142705  -42.551  -22.357  -11.695 0.3000000119
61326  -43.921  -22.784  -11.959 0.3000000119
61327  -45.491  -22.516  -11.780 0.3000000119
142951  -33.276  -32.642  -4.676 0.6000000238
50707  -32.827  -33.027  -5.188 0.6999999881
62289  -44.432  -22.238  -9.656 0.3000000119
62303  -43.264  -21.068  -12.342 0.3000000119
62304  -44.067  -21.391  -12.337 0.3000000119
139706  -44.631  -21.954  -12.075 0.3000000119
63313  -42.404  -21.237  -11.658 0.3000000119
63317  -46.608  -20.784  -11.923 0.3000000119
63299  -44.970  -20.665  -8.472 0.3000000119
63326  -45.611  -20.145  -12.336 0.3000000119
64235  -44.615  -19.486  -8.891 0.3000000119
139638  -34.922  -39.950  -1.354 0.6999999881
42994  -36.088  -41.480  -1.210 0.6999999881
155263  -34.411  -39.402  -1.658 0.6999999881
45944  -32.445  -38.398  -5.436 0.6999999881
150136  -33.866  -39.199  -2.276 0.6999999881
45930  -33.047  -37.862  -3.084 0.6999999881
46877  -32.526  -37.048  -4.371 0.6999999881
46889  -32.399  -37.636  -5.661 0.6999999881
48959  -32.367  -35.942  -6.036 0.6999999881
58430  -44.742  -26.116  -10.243 0.3000000119
59399  -43.738  -25.387  -10.578 0.3000000119
60274  -42.699  -24.090  -11.277 0.3000000119
145694  -42.971  -24.076  -11.579 0.3000000119
61328  -46.735  -22.289  -11.740 0.3000000119
62297  -46.028  -21.707  -11.884 0.3000000119
62298  -47.131  -21.510  -11.785 0.3000000119
63318  -47.625  -20.094  -11.587 0.3000000119
62294  -42.499  -21.464  -12.023 0.3000000119
60275  -42.747  -23.199  -11.756 0.3000000119
32904  -37.673  -51.027  -10.145 0.4000000060
33871  -37.355  -50.518  -9.320 0.4000000060
34835  -37.203  -49.684  -9.547 0.4000000060
33893  -38.204  -49.766  -11.659 0.4000000060
33862  -37.182  -50.869  -8.260 0.4000000060
37960  -36.443  -46.228  -8.704 0.5000000000
151134  -36.483  -47.074  -9.088 0.4000000060
35794  -36.746  -48.252  -9.536 0.4000000060
34846  -36.967  -48.922  -9.575 0.4000000060
34847  -37.372  -49.125  -10.578 0.4000000060
35784  -36.666  -48.714  -8.487 0.5000000000
33870  -37.061  -50.071  -8.526 0.4000000060
145583  -36.887  -50.367  -7.582 0.4000000060
36867  -36.524  -46.692  -9.789 0.4000000060
138957  -36.490  -47.139  -8.125 0.5000000000
149188  -36.622  -48.913  -7.242 0.5000000000
32886  -36.984  -51.187  -7.363 0.5000000000
141724  -36.566  -47.273  -7.103 0.5000000000
35777  -36.640  -48.139  -6.485 0.5000000000
33853  -36.753  -50.677  -6.632 0.5000000000
32857  -36.655  -51.608  -5.441 0.5000000000
31866  -36.598  -52.204  -5.032 0.5000000000
34817  -36.659  -49.155  -6.158 0.5000000000
36840  -36.681  -47.287  -6.300 0.6000000238
33839  -36.688  -50.970  -5.841 0.5000000000
34806  -36.713  -49.356  -5.253 0.5000000000
155444  -36.675  -50.114  -5.731 0.5000000000
33813  -36.427  -50.196  -3.297 0.6000000238
33824  -36.636  -50.872  -4.975 0.5000000000
33798  -35.998  -50.262  -2.499 0.5000000000
138509  -36.858  -46.766  -5.773 0.6000000238
35770  -36.755  -48.567  -5.438 0.6000000238
36832  -36.806  -47.661  -5.568 0.6000000238
137903  -36.640  -49.969  -4.454 0.5000000000
34764  -36.331  -49.545  -2.717 0.6000000238
34763  -35.815  -49.551  -2.163 0.5000000000
36788  -33.336  -47.092  -2.856 0.5000000000
34762  -34.403  -49.094  -1.873 0.5000000000
35726  -34.264  -48.196  -1.861 0.5000000000
149932  -33.695  -47.862  -2.330 0.5000000000
42078  -31.724  -42.232  -6.433 0.4000000060
37913  -37.081  -47.090  -4.754 0.6000000238
43047  -31.894  -41.497  -6.342 0.5000000000
156033  -37.229  -46.979  -3.814 0.6000000238
36818  -36.912  -48.078  -4.652 0.5000000000
41091  -31.737  -43.068  -5.994 0.5000000000
36819  -37.058  -47.666  -3.824 0.6000000238
36806  -36.850  -48.008  -2.934 0.6000000238
42064  -32.139  -42.150  -5.541 0.5000000000
35743  -36.594  -48.795  -2.854 0.6000000238
155205  -35.590  -48.062  -1.686 0.6000000238
145048  -36.178  -49.006  -2.319 0.5000000000
37898  -32.654  -46.497  -3.949 0.5000000000
35709  -34.989  -48.576  -1.628 0.5000000000
36789  -34.135  -47.190  -1.953 0.5000000000
36771  -34.831  -47.732  -1.580 0.5000000000
42077  -31.484  -42.688  -7.186 0.4000000060
43046  -31.601  -41.747  -7.389 0.5000000000
41110  -31.238  -43.215  -8.069 0.4000000060
44020  -32.021  -40.186  -6.676 0.5000000000
37914  -37.329  -46.316  -4.197 0.6000000238
37900  -37.341  -46.493  -3.219 0.6000000238
43022  -32.483  -41.645  -4.937 0.5000000000
36790  -36.669  -47.419  -2.280 0.6000000238
35727  -36.299  -48.249  -2.180 0.6000000238
37865  -35.739  -46.783  -1.504 0.6000000238
37899  -33.069  -46.157  -3.361 0.5000000000
36772  -35.438  -47.405  -1.548 0.6000000238
37880  -33.709  -46.247  -2.483 0.5000000000
38949  -34.006  -45.415  -2.251 0.5000000000
38969  -33.386  -45.389  -2.985 0.5000000000
139586  -31.557  -40.684  -8.304 0.4000000060
44037  -31.738  -40.121  -7.665 0.5000000000
42093  -31.386  -42.316  -8.556 0.4000000060
146256  -32.136  -38.822  -6.781 0.5000000000
150100  -32.353  -38.860  -6.000 0.5000000000
44008  -32.358  -40.273  -5.651 0.5000000000
132137  -32.590  -40.022  -4.845 0.5000000000
38933  -37.211  -44.987  -1.887 0.6000000238
38952  -37.294  -45.962  -2.551 0.6000000238
44000  -32.601  -40.863  -4.755 0.5000000000
42050  -32.535  -42.354  -4.685 0.5000000000
38932  -36.772  -45.425  -1.687 0.6000000238
38930  -35.493  -45.245  -1.435 0.6000000238
38968  -32.861  -45.297  -3.745 0.5000000000
38950  -34.690  -45.360  -1.679 0.5000000000
41040  -32.915  -43.999  -3.850 0.5000000000
41041  -33.390  -43.783  -3.205 0.5000000000
39994  -33.658  -44.634  -2.701 0.5000000000
45028  -31.912  -39.485  -7.209 0.5000000000
45935  -32.597  -38.558  -4.604 0.6000000238
44993  -32.718  -39.401  -4.382 0.5000000000
39986  -36.559  -44.291  -1.483 0.6000000238
138743  -36.157  -45.947  -1.476 0.6000000238
140010  -32.936  -40.947  -4.000 0.5000000000
143537  -32.630  -43.007  -4.425 0.5000000000
39985  -35.766  -44.416  -1.403 0.6000000238
42051  -32.885  -42.562  -4.036 0.5000000000
41028  -34.465  -43.830  -1.925 0.5000000000
41027  -33.907  -43.121  -2.520 0.5000000000
139210  -31.509  -40.023  -8.469 0.4000000060
154532  -32.248  -37.437  -6.559 0.4000000060
43079  -31.290  -40.987  -9.113 0.4000000060
135246  -32.634  -37.824  -3.999 0.6000000238
45929  -32.845  -38.687  -3.762 0.6000000238
41015  -35.248  -43.704  -1.535 0.6000000238
43996  -33.259  -40.464  -3.515 0.5000000000
144280  -33.197  -42.142  -3.624 0.5000000000
43006  -34.525  -41.488  -1.905 0.6000000238
137808  -33.615  -42.201  -2.957 0.5000000000
45027  -31.616  -39.465  -8.175 0.5000000000
47946  -32.243  -36.628  -6.802 0.4000000060
46921  -31.965  -37.199  -7.544 0.4000000060
46920  -31.597  -37.860  -8.176 0.4000000060
44989  -33.077  -39.593  -3.629 0.6000000238
43984  -33.731  -40.696  -2.801 0.5000000000
40025  -32.221  -44.562  -4.800 0.5000000000
41059  -32.521  -43.760  -4.481 0.5000000000
138252  -32.632  -45.855  -4.041 0.5000000000
45999  -31.080  -39.317  -8.950 0.4000000060
35814  -37.791  -48.142  -11.417 0.4000000060
37937  -36.657  -46.558  -6.618 0.6000000238
42011  -37.086  -42.548  -1.442 0.6000000238
42010  -36.327  -42.271  -1.345 0.6000000238
42993  -35.268  -41.415  -1.475 0.6000000238
136408  -34.959  -42.156  -1.653 0.6000000238
42009  -35.635  -42.820  -1.460 0.6000000238
44970  -34.190  -40.105  -2.132 0.6000000238
136228  -33.302  -38.908  -2.985 0.6000000238
45956  -32.303  -38.215  -6.274 0.5000000000
149535  -36.695  -49.805  -6.861 0.5000000000
32845  -36.541  -51.663  -4.514 0.5000000000
145440  -36.638  -49.333  -3.574 0.6000000238
138457  -36.841  -48.484  -3.723 0.6000000238
151189  -32.093  -40.810  -6.258 0.5000000000
36807  -37.137  -47.248  -3.027 0.6000000238
37881  -34.421  -46.211  -1.814 0.5000000000
37866  -36.460  -46.749  -1.797 0.6000000238
38951  -36.884  -46.089  -1.905 0.6000000238
39995  -34.262  -44.632  -2.049 0.5000000000
41016  -36.143  -43.625  -1.386 0.6000000238
39984  -34.950  -44.538  -1.580 0.6000000238
42022  -34.687  -42.975  -1.800 0.6000000238
43005  -33.922  -41.479  -2.577 0.5000000000
45083  -46.693  -40.029  -10.275 0.3000000119
44079  -46.438  -40.260  -11.118 0.3000000119
45093  -47.899  -39.950  -11.039 0.3000000119
45085  -48.255  -39.292  -10.580 0.3000000119
44088  -48.232  -40.233  -11.786 0.3000000119
45095  -49.224  -38.913  -11.460 0.3000000119
46036  -49.795  -38.108  -11.848 0.3000000119
46009  -47.978  -38.191  -9.458 0.3000000119
46022  -48.800  -37.959  -10.485 0.3000000119
46029  -49.250  -38.023  -11.089 0.3000000119
48002  -50.033  -36.246  -12.260 0.3000000119
47993  -48.765  -36.402  -10.291 0.3000000119
149441  -49.397  -36.808  -11.104 0.3000000119
140904  -47.518  -30.282  -12.665 0.3000000119
53322  -46.758  -30.514  -12.450 0.3000000119
54273  -46.940  -29.826  -12.344 0.3000000119
54268  -45.300  -29.780  -11.678 0.3000000119
55212  -45.981  -28.469  -11.776 0.3000000119
54272  -46.100  -30.083  -12.120 0.3000000119
55210  -44.729  -28.967  -11.539 0.3000000119
146117  -36.814  -51.607  -6.445 0.4000000060
141302  -47.364  -40.506  -12.238 0.3000000119
44097  -48.933  -40.190  -12.434 0.3000000119
31875  -36.719  -52.375  -5.822 0.4000000060
45103  -50.280  -39.152  -13.051 0.3000000119
46969  -50.363  -37.693  -12.567 0.3000000119
49009  -49.248  -35.069  -11.508 0.3000000119
158041  -48.917  -34.392  -11.492 0.3000000119
52433  -47.336  -31.484  -12.672 0.3000000119
52437  -47.793  -31.581  -13.165 0.3000000119
52438  -48.282  -31.976  -13.409 0.3000000119
53324  -48.424  -30.357  -12.993 0.3000000119
55220  -48.628  -28.784  -12.233 0.3000000119
146839  -47.152  -27.791  -11.810 0.3000000119
45102  -49.611  -39.252  -12.279 0.3000000119
48003  -50.434  -36.791  -12.775 0.3000000119
154557  -33.536  -53.243  -12.417 0.4000000060
31939  -33.129  -52.548  -12.339 0.3000000119
30958  -32.805  -52.621  -11.379 0.3000000119
31926  -32.481  -52.008  -10.948 0.3000000119
33811  -32.876  -50.339  -3.442 0.4000000060
142969  -33.245  -49.999  -2.840 0.4000000060
152038  -33.038  -51.506  -3.411 0.4000000060
31824  -33.550  -52.638  -3.002 0.4000000060
36804  -32.657  -48.080  -3.777 0.4000000060
35742  -33.136  -48.119  -3.000 0.4000000060
34779  -33.187  -49.105  -2.860 0.4000000060
35725  -33.714  -48.666  -2.302 0.4000000060
34761  -33.796  -49.580  -2.264 0.4000000060
142289  -35.030  -50.733  -2.017 0.4000000060
33797  -35.377  -50.179  -2.047 0.4000000060
31825  -34.240  -52.273  -2.551 0.4000000060
31826  -35.097  -52.403  -2.600 0.4000000060
39025  -30.793  -45.541  -7.371 0.3000000119
146459  -32.361  -46.896  -4.383 0.4000000060
34746  -35.179  -49.408  -1.793 0.4000000060
144744  -31.086  -43.898  -7.624 0.3000000119
40079  -31.100  -43.819  -8.730 0.3000000119
32819  -35.654  -51.744  -2.709 0.4000000060
33781  -34.605  -50.070  -1.926 0.4000000060
40037  -31.755  -44.612  -5.492 0.4000000060
140678  -33.071  -52.866  -3.552 0.4000000060
34778  -32.708  -49.527  -3.649 0.4000000060
32833  -33.502  -51.828  -2.889 0.4000000060
32817  -34.027  -51.328  -2.423 0.4000000060
26969  -43.604  -57.232  -13.899 0.3000000119
151467  -42.926  -56.820  -14.313 0.3000000119
28087  -41.723  -56.006  -13.979 0.3000000119
29055  -40.944  -54.680  -13.236 0.3000000119
30014  -40.360  -54.072  -12.832 0.3000000119
29040  -39.568  -54.920  -10.969 0.3000000119
29031  -39.397  -55.359  -9.918 0.3000000119
29015  -39.253  -55.778  -9.035 0.3000000119
30005  -38.756  -53.808  -10.515 0.3000000119
29996  -38.616  -54.340  -9.620 0.3000000119
29970  -38.292  -54.533  -8.745 0.3000000119
31906  -38.041  -52.750  -9.592 0.3000000119
30928  -38.271  -53.632  -9.445 0.3000000119
29982  -37.918  -53.857  -8.528 0.3000000119
31916  -37.780  -51.956  -9.580 0.3000000119
31891  -37.293  -52.565  -7.686 0.3000000119
30970  -40.377  -53.477  -12.643 0.3000000119
32887  -37.235  -51.686  -7.996 0.3000000119
31905  -37.508  -52.170  -8.542 0.3000000119
28086  -41.114  -55.410  -13.408 0.3000000119
24879  -41.829  -58.918  -6.167 0.3000000119
25901  -43.607  -58.444  -9.195 0.4000000060
26937  -42.924  -56.976  -9.351 0.4000000060
26976  -42.149  -56.466  -14.276 0.4000000060
26977  -42.485  -56.895  -14.380 0.4000000060
26978  -43.123  -57.511  -14.660 0.3000000119
27998  -40.941  -56.845  -6.162 0.3000000119
28031  -41.858  -56.499  -7.616 0.4000000060
28079  -42.894  -55.721  -11.747 0.4000000060
28088  -42.688  -55.708  -13.254 0.4000000060
28948  -39.289  -55.240  -4.048 0.3000000119
28991  -40.759  -55.025  -6.141 0.3000000119
29016  -41.890  -55.184  -8.341 0.4000000060
29030  -38.827  -55.026  -9.326 0.3000000119
29032  -42.549  -55.814  -9.606 0.4000000060
29056  -41.632  -55.480  -13.646 0.4000000060
29057  -41.978  -55.172  -13.417 0.4000000060
29997  -39.075  -54.602  -10.237 0.3000000119
30007  -41.640  -54.090  -11.283 0.4000000060
30015  -41.416  -54.178  -12.500 0.4000000060
30023  -40.215  -53.440  -12.669 0.3000000119
30024  -40.621  -53.975  -12.853 0.3000000119
30875  -40.059  -53.527  -5.062 0.3000000119
30888  -40.446  -53.150  -5.639 0.3000000119
30913  -37.534  -53.475  -7.926 0.3000000119
30915  -41.365  -53.807  -7.516 0.4000000060
30927  -37.833  -53.196  -8.756 0.3000000119
30942  -40.922  -53.032  -10.317 0.4000000060
30948  -32.479  -52.946  -10.409 0.3000000119
30951  -40.662  -52.893  -11.502 0.4000000060
30971  -40.786  -53.802  -12.718 0.4000000060
31837  -33.042  -52.176  -3.498 0.4000000060
31840  -39.036  -52.651  -3.405 0.3000000119
31893  -41.180  -53.008  -7.863 0.4000000060
31907  -40.757  -52.346  -8.470 0.4000000060
31908  -40.836  -52.761  -9.468 0.4000000060
31928  -40.207  -52.229  -11.618 0.4000000060
32818  -34.910  -51.502  -2.267 0.4000000060
32821  -38.722  -50.938  -2.250 0.3000000119
32822  -39.057  -51.234  -3.203 0.3000000119
32835  -38.834  -52.114  -2.961 0.3000000119
32894  -37.457  -51.379  -8.933 0.4000000060
33765  -38.902  -50.655  -0.569 0.3000000119
33782  -38.655  -50.796  -1.396 0.3000000119
33796  -33.874  -50.467  -2.336 0.4000000060
33812  -33.306  -50.926  -2.950 0.4000000060
33825  -39.672  -50.283  -4.548 0.3000000119
33864  -40.243  -50.933  -7.218 0.4000000060
33882  -39.490  -50.170  -10.208 0.4000000060
34732  -39.287  -49.856  -0.740 0.3000000119
34766  -39.022  -49.675  -1.928 0.3000000119
34780  -39.662  -49.403  -4.684 0.3000000119
34792  -39.735  -49.390  -5.390 0.3000000119
34825  -36.764  -49.559  -7.898 0.5000000000
34826  -39.520  -49.480  -8.161 0.3000000119
34834  -36.901  -49.402  -8.772 0.4000000060
34848  -38.373  -49.123  -11.508 0.4000000060
34859  -37.833  -49.196  -11.474 0.4000000060
35696  -40.143  -48.710  -0.650 0.3000000119
35697  -40.713  -48.681  -0.547 0.3000000119
35710  -35.711  -48.826  -1.894 0.5000000000
35711  -39.790  -48.309  -1.161 0.3000000119
35712  -40.421  -47.951  -0.920 0.3000000119
35741  -32.785  -48.698  -3.496 0.4000000060
35744  -39.520  -48.240  -3.326 0.3000000119
35756  -36.782  -48.969  -4.515 0.5000000000
35778  -39.650  -48.891  -5.705 0.3000000119
35795  -39.234  -48.700  -8.677 0.4000000060
36758  -40.976  -47.948  -0.745 0.3000000119
36759  -41.647  -48.012  -0.859 0.3000000119
36773  -36.094  -47.471  -1.741 0.6000000238
36792  -42.816  -47.206  -1.611 0.3000000119
36805  -32.762  -47.293  -3.686 0.5000000000
36833  -39.519  -47.519  -5.532 0.3000000119
36877  -37.273  -47.388  -11.093 0.5000000000
37864  -35.221  -46.089  -1.476 0.6000000238
37869  -41.586  -46.548  -1.449 0.3000000119
37870  -42.213  -46.859  -1.423 0.3000000119
37882  -37.031  -46.686  -2.408 0.6000000238
37884  -40.649  -46.044  -1.980 0.3000000119
37886  -43.378  -46.265  -2.337 0.3000000119
37915  -39.581  -46.322  -4.859 0.3000000119
37946  -36.513  -46.440  -7.516 0.5000000000
37971  -36.489  -46.031  -10.046 0.5000000000
37972  -38.358  -46.237  -10.136 0.4000000060
37980  -36.788  -46.578  -10.890 0.5000000000
38931  -36.272  -45.042  -1.447 0.6000000238
38934  -41.158  -45.700  -1.926 0.3000000119
38935  -41.653  -45.780  -1.787 0.3000000119
38971  -39.900  -45.684  -3.561 0.3000000119
38972  -40.349  -45.133  -2.975 0.3000000119
38987  -37.399  -45.498  -4.650 0.6999999881
39001  -36.861  -45.921  -6.120 0.6000000238
39026  -36.488  -45.735  -7.747 0.6000000238
39027  -38.723  -45.043  -8.182 0.3000000119
39041  -38.494  -45.519  -9.259 0.3000000119
39050  -30.694  -44.944  -9.951 0.4000000060
39051  -36.483  -45.258  -10.320 0.5000000000
39062  -36.971  -45.269  -11.466 0.4000000060
39063  -37.291  -45.122  -11.313 0.4000000060
39997  -40.912  -44.805  -2.606 0.3000000119
39999  -41.966  -44.460  -2.509 0.3000000119
40007  -32.666  -44.574  -4.131 0.5000000000
40008  -33.144  -44.604  -3.466 0.5000000000
40013  -43.184  -44.218  -3.276 0.3000000119
40028  -40.275  -43.981  -3.965 0.3000000119
40029  -43.751  -44.381  -3.992 0.3000000119
40038  -37.429  -44.760  -5.106 0.6999999881
40041  -44.195  -44.122  -5.525 0.3000000119
40066  -30.872  -44.598  -7.838 0.3000000119
40069  -39.090  -44.736  -7.251 0.3000000119
40080  -36.419  -44.600  -9.354 0.5000000000
40081  -38.565  -44.263  -8.717 0.3000000119
40102  -36.721  -44.253  -11.273 0.4000000060
40104  -37.676  -44.763  -10.848 0.3000000119
40110  -36.900  -44.198  -11.423 0.3000000119
41017  -36.968  -43.509  -1.503 0.6000000238
41018  -37.543  -43.696  -1.918 0.6999999881
41045  -42.633  -43.539  -3.450 0.3000000119
41060  -32.933  -43.322  -3.908 0.5000000000
41076  -32.003  -43.841  -5.270 0.4000000060
41077  -37.432  -43.470  -5.993 0.6999999881
41079  -40.324  -42.914  -4.811 0.3000000119
41094  -39.540  -43.397  -6.377 0.3000000119
41138  -37.243  -43.517  -11.247 0.4000000060
41148  -36.923  -43.534  -11.419 0.4000000060
42012  -37.747  -42.405  -1.801 0.6999999881
42021  -34.249  -42.233  -2.214 0.6000000238
42036  -33.322  -42.853  -3.404 0.5000000000
42037  -38.368  -42.495  -3.082 0.6999999881
42038  -41.375  -42.803  -3.927 0.3000000119
42039  -41.949  -43.112  -3.516 0.3000000119
42052  -38.038  -42.904  -4.598 0.6999999881
42053  -38.362  -42.320  -3.885 0.6999999881
42069  -42.440  -41.864  -5.068 0.3000000119
42070  -43.443  -42.689  -5.356 0.3000000119
42081  -40.077  -41.950  -6.010 0.3000000119
42095  -38.937  -42.743  -8.055 0.3000000119
42138  -36.542  -42.718  -11.136 0.3000000119
42139  -36.494  -41.965  -11.187 0.4000000060
42995  -36.847  -41.690  -1.251 0.6000000238
42997  -38.079  -41.662  -1.881 0.8000000119
43017  -33.359  -41.384  -3.409 0.5000000000
43023  -32.822  -41.702  -4.196 0.5000000000
43030  -32.301  -41.202  -5.564 0.5000000000
43031  -37.885  -41.922  -5.804 0.6999999881
43033  -40.753  -41.571  -5.558 0.3000000119
43034  -41.400  -41.462  -5.352 0.3000000119
43035  -42.001  -41.253  -5.580 0.3000000119
43050  -39.826  -41.612  -6.708 0.3000000119
43051  -40.484  -41.224  -6.250 0.3000000119
43064  -31.478  -41.428  -8.479 0.4000000060
43066  -39.030  -41.803  -8.107 0.3000000119
43068  -42.682  -40.849  -7.112 0.3000000119
43069  -43.295  -41.426  -7.537 0.3000000119
43092  -31.019  -41.295  -9.474 0.5000000000
43093  -36.052  -41.149  -10.907 0.5000000000
43095  -38.035  -41.729  -9.731 0.3000000119
43104  -36.201  -41.268  -11.131 0.5000000000
43105  -36.634  -41.327  -11.262 0.4000000060
43113  -36.244  -41.073  -11.191 0.4000000060
43957  -36.922  -39.961  -0.827 0.8000000119
43970  -34.765  -40.751  -1.647 0.6000000238
44001  -32.841  -40.235  -4.182 0.5000000000
44010  -41.239  -40.955  -5.946 0.3000000119
44019  -31.758  -40.887  -7.169 0.5000000000
44021  -37.738  -40.780  -6.872 0.6000000238
44025  -41.341  -40.455  -6.614 0.3000000119
44026  -41.993  -40.476  -6.776 0.3000000119
44050  -30.828  -40.579  -9.240 0.5000000000
44051  -31.276  -40.290  -8.993 0.4000000060
44067  -37.994  -40.098  -10.181 0.3000000119
44068  -41.799  -39.671  -9.148 0.3000000119
44069  -42.446  -40.304  -9.666 0.3000000119
44080  -47.190  -40.224  -10.934 0.3000000119
44084  -42.447  -40.324  -11.878 0.3000000119
44085  -45.882  -40.031  -11.934 0.3000000119
44086  -46.787  -40.382  -11.697 0.3000000119
44087  -47.526  -40.311  -11.491 0.3000000119
44958  -35.610  -39.698  -0.859 0.8000000119
44981  -33.554  -39.831  -2.902 0.6000000238
45000  -32.480  -39.296  -5.298 0.6999999881
45011  -32.247  -39.497  -6.253 0.5000000000
45015  -44.038  -39.046  -7.029 0.4000000060
45029  -37.487  -39.687  -8.111 0.6000000238
45031  -40.250  -39.525  -7.925 0.3000000119
45034  -44.338  -39.291  -7.736 0.4000000060
45036  -45.897  -39.230  -7.958 0.4000000060
45043  -31.259  -39.643  -8.829 0.5000000000
45045  -36.892  -39.381  -9.374 0.5000000000
45046  -39.447  -39.109  -9.179 0.3000000119
45048  -41.066  -39.229  -8.682 0.3000000119
45051  -45.387  -39.573  -8.648 0.4000000060
45052  -46.216  -39.438  -8.698 0.4000000060
45060  -31.024  -39.923  -9.158 0.4000000060
45061  -36.221  -39.005  -10.993 0.4000000060
45062  -36.541  -38.861  -10.501 0.5000000000
45068  -43.848  -39.016  -9.395 0.4000000060
45071  -46.483  -39.654  -9.449 0.4000000060
45072  -47.246  -39.435  -9.611 0.4000000060
45077  -36.201  -39.466  -11.137 0.4000000060
45078  -37.071  -39.609  -11.327 0.3000000119
45081  -45.223  -39.674  -10.431 0.4000000060
45084  -47.580  -39.675  -10.358 0.3000000119
45088  -36.308  -39.755  -11.232 0.5000000000
45090  -42.237  -39.295  -12.226 0.4000000060
45091  -44.621  -38.685  -12.698 0.4000000060
45094  -48.558  -39.513  -11.238 0.3000000119
45098  -43.774  -38.493  -13.119 0.3000000119
45099  -44.913  -38.976  -13.270 0.3000000119
45100  -45.645  -39.619  -13.094 0.3000000119
45101  -48.928  -39.670  -11.807 0.3000000119
45106  -44.188  -38.899  -13.398 0.3000000119
45108  -45.321  -39.463  -13.760 0.3000000119
45902  -35.712  -38.920  -0.616 0.6999999881
45903  -36.551  -38.732  -0.597 0.6999999881
45904  -37.290  -38.675  -0.846 0.6999999881
45911  -34.042  -37.832  -1.642 0.8000000119
45912  -34.625  -38.175  -1.065 0.8000000119
45914  -38.356  -38.671  -2.092 0.6999999881
45924  -33.634  -38.291  -2.304 0.6999999881
45945  -38.439  -38.544  -5.925 0.6999999881
45958  -42.988  -38.375  -6.488 0.4000000060
45959  -43.679  -38.626  -6.372 0.4000000060
45961  -45.264  -38.639  -6.535 0.4000000060
45962  -45.816  -38.452  -6.855 0.4000000060
45970  -31.779  -38.754  -7.763 0.5000000000
45971  -32.031  -38.053  -7.225 0.4000000060
45973  -38.084  -38.063  -7.871 0.5000000000
45974  -42.421  -38.018  -7.106 0.4000000060
45975  -45.543  -38.941  -7.263 0.4000000060
45990  -43.192  -38.680  -8.279 0.4000000060
46001  -36.707  -38.226  -10.994 0.4000000060
46003  -39.857  -38.179  -10.433 0.4000000060
46006  -43.223  -38.204  -10.079 0.4000000060
46007  -43.914  -38.673  -10.522 0.4000000060
46008  -47.503  -38.707  -9.199 0.3000000119
46013  -37.619  -37.809  -11.199 0.4000000060
46016  -41.250  -38.227  -11.710 0.4000000060
46021  -48.394  -38.067  -9.915 0.3000000119
46025  -36.405  -39.270  -11.233 0.4000000060
46028  -48.788  -38.727  -10.846 0.3000000119
46033  -42.768  -37.650  -12.389 0.4000000060
46034  -43.578  -37.887  -12.645 0.3000000119
46037  -50.178  -38.509  -12.536 0.3000000119
46842  -35.123  -37.672  -0.697 0.6999999881
46844  -36.399  -37.413  -0.576 0.6999999881
46871  -33.115  -36.985  -2.910 0.6999999881
46878  -38.459  -37.086  -4.888 0.6000000238
46879  -43.949  -37.384  -4.528 0.4000000060
46891  -42.942  -37.670  -5.527 0.4000000060
46893  -44.446  -37.865  -5.048 0.4000000060
46894  -45.578  -37.593  -5.561 0.4000000060
46908  -43.304  -38.211  -5.818 0.4000000060
46910  -46.239  -37.952  -6.815 0.4000000060
46922  -38.077  -37.036  -8.317 0.4000000060
46925  -46.697  -37.757  -7.443 0.4000000060
46926  -47.248  -37.553  -8.144 0.4000000060
46936  -37.792  -36.762  -9.413 0.4000000060
46937  -41.444  -36.618  -8.546 0.4000000060
46938  -42.031  -37.325  -9.089 0.4000000060
46943  -37.682  -36.577  -10.362 0.4000000060
46946  -47.678  -37.857  -8.908 0.4000000060
46947  -48.171  -37.439  -9.434 0.4000000060
46952  -39.313  -36.635  -11.336 0.4000000060
46953  -40.371  -36.713  -11.503 0.4000000060
46955  -48.624  -37.252  -10.056 0.3000000119
46956  -49.136  -37.151  -10.717 0.3000000119
46961  -42.463  -36.981  -11.729 0.4000000060
46963  -49.553  -37.269  -11.357 0.3000000119
46966  -42.267  -37.078  -12.184 0.4000000060
46967  -43.033  -37.290  -12.158 0.4000000060
46968  -50.042  -37.091  -11.987 0.3000000119
47889  -35.614  -36.346  -0.630 0.6999999881
47899  -37.453  -36.917  -1.100 0.6999999881
47900  -37.829  -36.302  -1.474 0.6999999881
47909  -32.610  -36.288  -3.955 0.6999999881
47911  -38.755  -36.269  -3.886 0.6000000238
47912  -44.024  -36.182  -3.606 0.5000000000
47913  -44.777  -36.191  -3.590 0.5000000000
47922  -38.617  -36.373  -4.790 0.6000000238
47927  -45.917  -36.290  -4.648 0.4000000060
47934  -32.371  -36.844  -5.828 0.6999999881
47936  -41.559  -35.638  -5.667 0.5000000000
47947  -38.471  -36.162  -6.166 0.6000000238
47949  -42.309  -37.036  -5.836 0.5000000000
47951  -46.846  -36.329  -6.975 0.4000000060
47961  -31.673  -36.947  -8.123 0.4000000060
47964  -40.110  -35.056  -7.830 0.4000000060
47965  -40.898  -35.759  -8.058 0.4000000060
47966  -46.996  -36.920  -7.527 0.4000000060
47981  -37.823  -36.664  -10.865 0.4000000060
47984  -41.217  -35.980  -10.322 0.4000000060
47990  -39.320  -35.679  -10.977 0.4000000060
47991  -40.371  -35.767  -11.025 0.4000000060
47992  -41.231  -35.987  -11.039 0.4000000060
47994  -49.216  -36.356  -10.905 0.3000000119
47998  -41.852  -36.513  -11.369 0.4000000060
47999  -49.610  -36.468  -11.519 0.3000000119
48904  -36.707  -35.374  -0.805 0.6000000238
48912  -34.334  -35.449  -1.434 0.6999999881
48921  -38.784  -35.585  -2.380 0.6999999881
48923  -43.987  -34.977  -2.845 0.5000000000
48930  -39.656  -35.376  -3.219 0.6000000238
48934  -43.638  -35.438  -3.348 0.5000000000
48935  -44.414  -35.580  -3.197 0.5000000000
48945  -32.451  -35.356  -5.194 0.6999999881
48961  -39.289  -35.533  -5.434 0.6000000238
48963  -41.175  -35.383  -5.305 0.5000000000
48964  -41.966  -35.565  -4.972 0.5000000000
48965  -46.434  -36.100  -5.548 0.4000000060
48972  -38.682  -35.647  -6.559 0.5000000000
48988  -39.322  -34.945  -7.681 0.4000000060
48989  -47.411  -35.252  -7.844 0.4000000060
48993  -31.745  -35.004  -8.347 0.5000000000
48994  -32.263  -34.808  -7.983 0.6000000238
48995  -38.405  -35.481  -8.709 0.4000000060
49000  -38.784  -35.256  -10.299 0.4000000060
49001  -39.804  -35.371  -10.486 0.4000000060
49002  -47.940  -35.793  -9.064 0.4000000060
49007  -49.338  -35.820  -11.279 0.3000000119
49014  -50.330  -35.897  -13.069 0.3000000119
49814  -35.395  -34.529  -1.009 0.6000000238
49824  -37.604  -33.931  -1.305 0.6000000238
49831  -34.161  -34.133  -2.073 0.6999999881
49835  -41.184  -34.134  -2.560 0.6000000238
49839  -45.031  -34.340  -2.322 0.4000000060
49845  -33.073  -34.810  -3.346 0.6999999881
49848  -41.664  -34.570  -3.045 0.6000000238
49849  -42.565  -34.532  -3.032 0.4000000060
49850  -43.289  -34.842  -3.116 0.5000000000
49852  -46.165  -34.310  -3.221 0.4000000060
49873  -47.239  -33.854  -6.362 0.4000000060
49887  -30.636  -34.673  -8.001 0.4000000060
50662  -35.034  -33.717  -1.496 0.6000000238
50664  -37.192  -33.240  -1.357 0.6000000238
50667  -39.709  -33.695  -1.930 0.6000000238
50668  -41.180  -33.001  -1.928 0.6000000238
50671  -43.923  -33.213  -1.731 0.5000000000
50672  -44.886  -33.174  -1.650 0.4000000060
50680  -41.578  -33.549  -2.257 0.6999999881
50681  -42.387  -33.530  -2.265 0.4000000060
50683  -44.563  -33.787  -2.026 0.4000000060
50684  -45.731  -33.224  -2.194 0.4000000060
50688  -33.460  -33.482  -3.544 0.8000000119
50689  -34.015  -32.951  -3.065 0.6000000238
50708  -47.063  -33.664  -5.382 0.4000000060
50715  -32.485  -33.774  -7.012 0.6999999881
50716  -47.370  -33.606  -7.202 0.4000000060
50721  -32.465  -33.515  -7.822 0.6999999881
50725  -32.268  -33.650  -8.178 0.6999999881
50728  -47.735  -33.322  -9.691 0.4000000060
50730  -48.137  -33.556  -10.382 0.4000000060
50735  -48.726  -33.674  -11.909 0.3000000119
51467  -38.535  -32.609  -1.623 0.6000000238
51468  -39.446  -32.823  -1.701 0.6000000238
51480  -34.713  -32.542  -2.624 0.6000000238
51482  -36.051  -32.079  -2.070 0.6000000238
51498  -34.076  -31.917  -4.025 0.6999999881
51499  -46.873  -32.680  -4.068 0.4000000060
51500  -47.116  -32.639  -4.967 0.4000000060
51505  -32.763  -32.668  -6.099 0.8000000119
51506  -33.172  -32.290  -5.371 0.6999999881
51518  -47.348  -32.219  -7.265 0.4000000060
51523  -47.311  -32.297  -7.994 0.4000000060
51532  -47.771  -32.330  -11.613 0.3000000119
51545  -47.870  -32.041  -13.101 0.3000000119
52336  -44.123  -30.944  -0.778 0.5000000000
52337  -44.758  -30.944  -0.817 0.5000000000
52350  -37.313  -31.937  -1.776 0.6000000238
52351  -38.120  -31.881  -1.783 0.6000000238
52359  -45.629  -31.503  -1.509 0.5000000000
52372  -40.245  -30.771  -2.289 0.6000000238
52375  -34.691  -31.545  -3.695 0.6999999881
52378  -46.651  -31.284  -3.120 0.4000000060
52387  -46.980  -31.164  -4.004 0.4000000060
52404  -31.527  -31.486  -8.060 0.6999999881
52407  -32.290  -31.481  -8.366 0.8000000119
52408  -32.900  -31.170  -8.329 0.6999999881
52409  -33.330  -30.683  -8.317 0.6999999881
52410  -46.920  -31.148  -9.028 0.4000000060
52418  -46.852  -31.351  -10.002 0.4000000060
52425  -46.765  -31.351  -11.081 0.4000000060
52426  -47.298  -31.740  -11.817 0.4000000060
52432  -46.611  -31.108  -12.026 0.3000000119
53216  -43.027  -29.799  -0.815 0.5000000000
53236  -42.690  -30.317  -1.208 0.5000000000
53251  -40.673  -30.224  -2.505 0.6000000238
53257  -36.761  -30.448  -3.492 0.6000000238
53277  -34.530  -30.239  -5.984 0.6999999881
53278  -35.237  -29.879  -5.515 0.6999999881
53279  -47.351  -30.500  -6.171 0.4000000060
53286  -47.315  -30.787  -7.015 0.4000000060
53302  -45.549  -30.194  -10.565 0.4000000060
53309  -45.160  -30.041  -11.399 0.3000000119
53323  -47.405  -30.993  -13.019 0.3000000119
53327  -48.282  -31.297  -13.365 0.3000000119
54149  -42.397  -29.439  -1.230 0.5000000000
54151  -46.107  -29.625  -1.861 0.5000000000
54166  -40.382  -29.657  -2.990 0.6000000238
54168  -46.409  -29.844  -2.468 0.4000000060
54187  -40.235  -28.804  -4.570 0.6000000238
54201  -36.616  -29.027  -5.957 0.6999999881
54213  -30.990  -29.333  -7.005 0.6000000238
54226  -32.427  -29.463  -8.205 0.6999999881
54228  -35.324  -28.733  -8.745 0.6999999881
54236  -32.923  -29.937  -8.625 0.8000000119
54239  -35.004  -28.595  -8.991 0.8000000119
54240  -46.664  -29.543  -8.970 0.4000000060
54241  -47.119  -29.828  -8.091 0.4000000060
54253  -46.056  -29.945  -9.758 0.4000000060
54261  -44.165  -28.997  -11.075 0.4000000060
54262  -44.366  -29.263  -11.088 0.4000000060
54267  -44.516  -29.380  -11.216 0.4000000060
54274  -48.063  -29.573  -12.422 0.3000000119
55062  -44.118  -28.723  -0.472 0.5000000000
55063  -44.918  -28.722  -0.687 0.5000000000
55074  -45.476  -28.709  -1.210 0.5000000000
55075  -46.014  -28.748  -1.870 0.5000000000
55089  -46.403  -28.483  -2.722 0.4000000060
55099  -46.661  -28.798  -3.432 0.4000000060
55112  -40.027  -28.658  -5.085 0.6000000238
55114  -46.903  -28.651  -4.126 0.4000000060
55132  -31.614  -27.972  -5.905 0.5000000000
55137  -47.417  -28.993  -6.396 0.4000000060
55150  -32.985  -28.295  -7.541 0.6999999881
55154  -38.708  -27.807  -7.289 0.6999999881
55155  -39.523  -27.628  -6.739 0.6999999881
55169  -35.690  -28.170  -8.952 0.8000000119
55181  -33.783  -28.995  -8.939 0.8000000119
55183  -36.045  -27.902  -8.888 0.8000000119
55199  -44.032  -28.641  -10.943 0.3000000119
55211  -45.951  -29.430  -11.995 0.3000000119
56169  -40.788  -27.070  -2.242 0.6000000238
56173  -46.021  -27.844  -2.150 0.5000000000
56189  -40.628  -27.746  -3.946 0.6000000238
56198  -40.542  -27.945  -4.681 0.6000000238
56200  -47.340  -27.734  -5.251 0.4000000060
56208  -29.165  -27.747  -5.561 0.5000000000
56209  -30.800  -27.638  -5.532 0.5000000000
56211  -33.081  -27.429  -5.569 0.6999999881
56214  -35.727  -26.871  -5.993 0.6999999881
56215  -40.097  -27.555  -6.100 0.6999999881
56216  -40.375  -27.729  -5.390 0.6999999881
56222  -35.587  -27.283  -7.480 0.6999999881
56223  -38.850  -27.269  -7.439 0.6999999881
56228  -33.802  -27.971  -7.962 0.6999999881
56229  -34.504  -28.010  -8.700 0.8000000119
56231  -36.687  -27.502  -8.546 0.6999999881
56232  -37.375  -27.196  -8.344 0.6999999881
56233  -38.039  -27.290  -8.029 0.6999999881
56234  -47.485  -27.580  -7.423 0.3000000119
56243  -47.263  -27.524  -8.227 0.3000000119
56255  -44.631  -28.016  -10.439 0.3000000119
56256  -45.820  -27.436  -9.633 0.3000000119
56269  -43.757  -28.038  -10.935 0.3000000119
56278  -44.000  -28.025  -11.251 0.4000000060
56279  -44.861  -27.927  -11.565 0.3000000119
57298  -41.898  -26.170  -0.773 0.5000000000
57300  -43.383  -26.413  -0.626 0.5000000000
57314  -44.960  -26.425  -1.405 0.5000000000
57326  -45.522  -26.388  -2.073 0.5000000000
57339  -34.216  -26.386  -4.873 0.6999999881
57343  -47.148  -27.107  -4.774 0.4000000060
57361  -37.299  -26.088  -6.153 0.6999999881
57364  -47.114  -25.845  -5.214 0.5000000000
57382  -47.493  -26.716  -6.296 0.4000000060
57397  -47.484  -26.789  -7.229 0.4000000060
57410  -47.293  -26.708  -8.101 0.3000000119
57421  -43.448  -27.160  -10.953 0.3000000119
58332  -41.655  -25.316  -0.945 0.5000000000
58346  -44.462  -25.694  -1.302 0.5000000000
58386  -46.671  -25.646  -4.520 0.5000000000
58404  -32.942  -25.112  -4.911 0.6999999881
58407  -38.223  -25.682  -6.356 0.6999999881
58409  -39.645  -25.377  -6.021 0.8000000119
59305  -42.304  -24.860  -0.839 0.5000000000
59315  -40.762  -24.487  -1.652 0.5000000000
59346  -45.546  -24.441  -3.042 0.5000000000
59362  -34.757  -24.774  -4.749 0.6999999881
59363  -40.275  -24.644  -4.709 0.6999999881
59378  -35.693  -24.903  -4.741 0.6999999881
59383  -40.111  -24.992  -5.373 0.8000000119
59384  -46.707  -24.562  -5.321 0.5000000000
59386  -46.918  -24.466  -5.972 0.4000000060
59387  -47.157  -24.816  -6.517 0.4000000060
59391  -47.301  -25.303  -7.118 0.4000000060
59397  -42.703  -24.786  -11.101 0.3000000119
59398  -42.889  -24.753  -10.865 0.3000000119
60178  -43.150  -23.535  -1.313 0.5000000000
60179  -44.100  -23.368  -1.753 0.5000000000
60199  -40.547  -23.645  -2.079 0.5000000000
60200  -44.837  -23.358  -2.443 0.5000000000
60229  -40.019  -23.377  -5.079 0.6999999881
60230  -40.180  -22.965  -4.407 0.6999999881
60231  -45.795  -23.110  -3.984 0.5000000000
60245  -36.893  -24.067  -5.092 0.6000000238
60246  -37.746  -23.702  -5.370 0.6000000238
60247  -38.654  -23.331  -5.477 0.6000000238
60257  -46.470  -23.268  -6.593 0.4000000060
60269  -45.236  -23.872  -9.548 0.3000000119
61229  -41.761  -22.793  -1.384 0.6000000238
61230  -42.640  -22.716  -1.378 0.5000000000
61289  -35.409  -23.356  -5.251 0.6999999881
61294  -46.016  -22.176  -5.277 0.5000000000
61304  -33.551  -22.173  -6.467 0.6000000238
61308  -45.997  -21.905  -6.177 0.4000000060
61312  -45.974  -22.065  -7.083 0.4000000060
61318  -45.958  -22.825  -8.234 0.4000000060
61319  -46.273  -23.436  -8.162 0.4000000060
61323  -42.589  -23.181  -11.371 0.3000000119
61324  -42.552  -23.038  -11.149 0.3000000119
62205  -43.139  -21.221  -1.676 0.6000000238
62219  -41.109  -21.068  -2.035 0.6000000238
62220  -43.817  -20.988  -2.036 0.6000000238
62236  -40.277  -21.728  -3.301 0.6000000238
62237  -44.808  -20.823  -2.960 0.4000000060
62238  -45.267  -20.837  -3.676 0.6000000238
62246  -45.561  -20.828  -4.463 0.4000000060
62253  -39.199  -21.507  -5.171 0.6000000238
62262  -32.302  -21.272  -6.881 0.5000000000
62264  -34.756  -21.610  -6.699 0.6000000238
62265  -35.651  -21.427  -6.588 0.6000000238
62271  -34.331  -21.216  -7.378 0.6000000238
62274  -45.676  -21.625  -7.574 0.4000000060
62291  -42.394  -21.882  -11.702 0.3000000119
62295  -43.095  -22.082  -12.155 0.3000000119
62296  -45.277  -21.126  -12.198 0.3000000119
63230  -44.470  -20.116  -2.699 0.6000000238
63246  -40.325  -19.973  -3.525 0.6999999881
63253  -39.907  -20.523  -4.158 0.6999999881
63259  -37.943  -20.973  -5.806 0.6000000238
63282  -33.786  -20.712  -7.751 0.5000000000
63294  -33.568  -20.034  -7.936 0.5000000000
63297  -35.916  -19.942  -8.610 0.6000000238
63298  -44.882  -19.919  -8.418 0.4000000060
63307  -44.316  -21.309  -9.519 0.4000000060
63323  -42.743  -20.509  -12.223 0.4000000060
64155  -42.014  -20.077  -1.818 0.6000000238
64156  -42.676  -20.024  -1.816 0.6000000238
64169  -41.550  -19.540  -2.325 0.6000000238
64184  -40.838  -19.356  -2.987 0.6000000238
64196  -45.431  -19.385  -4.426 0.5000000000
64200  -38.861  -19.911  -5.457 0.6000000238
64207  -29.910  -18.965  -6.570 0.4000000060
64211  -38.408  -19.284  -6.101 0.6000000238
64219  -33.123  -19.550  -7.587 0.5000000000
64232  -35.382  -19.359  -8.986 0.5000000000
64247  -42.581  -20.259  -11.512 0.4000000060
64249  -48.355  -18.781  -10.795 0.4000000060
64254  -46.813  -19.774  -11.803 0.3000000119
64261  -44.093  -19.395  -12.578 0.4000000060
65119  -43.528  -18.741  -2.496 0.6000000238
65120  -44.200  -18.832  -2.796 0.5000000000
65132  -41.693  -18.119  -2.965 0.6000000238
65133  -42.545  -17.926  -2.781 0.5000000000
65135  -45.242  -18.766  -4.020 0.5000000000
65143  -39.605  -18.626  -4.942 0.6000000238
65154  -45.577  -18.471  -5.493 0.5000000000
65160  -31.095  -18.222  -6.416 0.5000000000
65164  -38.742  -18.487  -6.128 0.6000000238
65165  -39.260  -17.388  -6.239 0.6000000238
65166  -45.535  -18.242  -6.413 0.5000000000
65175  -32.555  -18.997  -7.170 0.5000000000
65180  -45.400  -18.306  -7.410 0.5000000000
65189  -33.969  -18.664  -8.320 0.5000000000
65190  -34.628  -18.443  -8.965 0.5000000000
65193  -37.195  -17.935  -8.591 0.6000000238
65194  -45.172  -18.281  -8.221 0.5000000000
65203  -36.012  -17.739  -9.468 0.5000000000
65204  -43.839  -18.638  -10.263 0.5000000000
65210  -43.081  -18.598  -11.301 0.5000000000
65216  -46.319  -18.311  -12.208 0.4000000060
65219  -43.652  -18.668  -12.463 0.5000000000
66078  -43.824  -17.376  -3.141 0.5000000000
66079  -44.521  -17.595  -3.462 0.5000000000
66100  -35.511  -17.634  -5.546 0.4000000060
66113  -30.858  -17.691  -5.884 0.5000000000
66115  -34.277  -18.126  -7.273 0.5000000000
66116  -35.148  -17.911  -6.516 0.5000000000
66131  -37.701  -17.593  -8.050 0.6000000238
66139  -34.369  -17.037  -8.613 0.5000000000
66150  -34.582  -16.994  -9.127 0.5000000000
66151  -35.397  -17.060  -9.471 0.5000000000
66152  -36.207  -17.046  -9.548 0.5000000000
66155  -49.156  -17.054  -9.435 0.3000000119
66156  -50.217  -16.966  -9.507 0.3000000119
66172  -46.812  -17.905  -11.266 0.4000000060
66176  -46.054  -17.706  -12.910 0.4000000060
66177  -45.583  -16.890  -13.366 0.5000000000
66178  -46.065  -17.074  -13.275 0.5000000000
67018  -40.716  -16.609  -4.913 0.6999999881
67019  -42.636  -15.933  -3.903 0.5000000000
67020  -44.675  -16.154  -4.043 0.5000000000
67021  -45.269  -16.448  -4.584 0.5000000000
67026  -37.038  -16.775  -5.220 0.5000000000
67027  -40.301  -16.462  -5.603 0.6000000238
67036  -36.384  -16.793  -6.669 0.4000000060
67038  -39.636  -15.930  -6.774 0.6000000238
67040  -45.636  -16.505  -6.173 0.5000000000
67050  -38.514  -16.102  -8.007 0.6000000238
67064  -48.026  -15.997  -8.792 0.3000000119
67065  -49.574  -16.497  -8.390 0.3000000119
67072  -34.846  -16.323  -9.296 0.4000000060
67083  -43.574  -16.469  -11.754 0.5000000000
67084  -44.125  -16.321  -10.703 0.4000000060
67086  -47.165  -16.752  -10.131 0.4000000060
67090  -46.445  -16.771  -12.142 0.4000000060
67091  -43.621  -16.526  -12.205 0.5000000000
67093  -46.368  -16.616  -13.113 0.4000000060
67094  -44.798  -16.504  -13.252 0.5000000000
67096  -46.184  -16.406  -13.493 0.5000000000
67957  -43.334  -16.127  -3.666 0.5000000000
67962  -38.551  -15.432  -4.399 0.5000000000
67963  -43.444  -15.432  -4.033 0.5000000000
67973  -40.715  -15.436  -5.927 0.6000000238
67982  -36.860  -15.544  -6.985 0.6000000238
67986  -45.610  -15.569  -6.183 0.5000000000
67998  -38.617  -15.557  -8.194 0.6000000238
68002  -48.468  -15.409  -7.803 0.3000000119
68016  -47.815  -15.319  -8.433 0.4000000060
68024  -37.122  -15.798  -9.514 0.6000000238
68028  -46.960  -15.482  -9.689 0.4000000060
68029  -47.207  -14.963  -9.074 0.4000000060
68039  -43.838  -15.206  -11.435 0.4000000060
68042  -46.561  -15.738  -13.806 0.5000000000
68866  -42.071  -14.937  -4.930 0.5000000000
68869  -44.633  -14.720  -4.673 0.5000000000
68870  -45.185  -14.744  -5.152 0.5000000000
68871  -50.368  -14.314  -4.663 0.3000000119
68876  -38.545  -14.513  -5.927 0.4000000060
68880  -44.854  -14.181  -5.094 0.5000000000
68883  -49.629  -14.094  -4.891 0.3000000119
68884  -49.857  -14.873  -5.083 0.3000000119
68895  -48.557  -14.275  -6.320 0.3000000119
68906  -40.394  -14.515  -6.805 0.6000000238
68907  -45.570  -14.518  -7.329 0.5000000000
68913  -34.168  -13.850  -8.872 0.4000000060
68914  -38.372  -14.612  -8.756 0.6000000238
68916  -45.384  -14.435  -8.417 0.4000000060
68917  -47.468  -14.527  -8.466 0.4000000060
68923  -34.760  -14.860  -9.258 0.5000000000
68927  -37.798  -14.141  -9.260 0.6000000238
68928  -44.594  -14.897  -9.940 0.4000000060
68931  -47.073  -14.130  -9.178 0.4000000060
68940  -43.621  -15.053  -12.157 0.4000000060
68945  -44.686  -15.100  -13.353 0.5000000000
68951  -48.045  -14.230  -14.831 0.5000000000
69888  -43.498  -13.982  -4.836 0.5000000000
69890  -50.057  -13.512  -4.601 0.3000000119
69899  -41.933  -13.626  -5.752 0.6999999881
69902  -44.758  -13.430  -5.428 0.5000000000
69903  -45.357  -13.455  -6.108 0.5000000000
69915  -37.775  -12.968  -6.690 0.3000000119
69918  -45.560  -13.659  -6.952 0.5000000000
69919  -47.765  -12.955  -6.829 0.3000000119
69931  -39.666  -13.776  -7.727 0.6000000238
69932  -40.243  -13.343  -7.325 0.6000000238
69941  -34.323  -13.444  -9.187 0.5000000000
69946  -47.367  -13.214  -8.255 0.3000000119
69954  -35.816  -13.497  -9.692 0.6000000238
69958  -44.904  -13.686  -9.475 0.4000000060
69959  -46.915  -13.738  -10.030 0.5000000000
69964  -44.166  -13.910  -10.859 0.4000000060
69970  -43.638  -14.244  -12.309 0.4000000060
69974  -48.748  -13.738  -14.539 0.5000000000
69975  -49.464  -13.087  -13.981 0.4000000060
69976  -44.083  -13.238  -13.111 0.4000000060
69979  -47.225  -13.584  -14.616 0.4000000060
69980  -48.741  -13.596  -14.885 0.4000000060
69982  -48.370  -13.575  -15.001 0.4000000060
70818  -39.466  -12.240  -5.622 0.4000000060
70821  -43.415  -12.533  -5.544 0.5000000000
70824  -48.502  -12.430  -5.718 0.4000000060
70834  -37.345  -12.147  -6.901 0.5000000000
70836  -40.780  -12.863  -6.903 0.6000000238
70838  -42.209  -11.905  -6.195 0.6000000238
70840  -45.194  -12.098  -6.644 0.5000000000
70842  -48.050  -12.131  -6.358 0.3000000119
70853  -45.384  -12.315  -7.401 0.4000000060
70862  -34.141  -12.535  -8.798 0.5000000000
70863  -37.459  -12.142  -9.089 0.6000000238
70867  -45.307  -12.615  -8.341 0.4000000060
70868  -47.512  -12.193  -8.723 0.4000000060
70874  -34.588  -12.041  -9.395 0.6000000238
70883  -43.992  -12.359  -11.032 0.4000000060
70889  -43.612  -12.806  -11.714 0.4000000060
70892  -43.740  -12.511  -12.762 0.4000000060
70893  -49.801  -12.218  -13.421 0.4000000060
70898  -47.984  -12.813  -14.897 0.4000000060
70900  -49.218  -13.125  -14.765 0.4000000060
71670  -41.349  -11.211  -4.267 0.3000000119
71671  -49.683  -11.867  -4.692 0.3000000119
71673  -51.130  -11.462  -4.567 0.3000000119
71684  -40.227  -11.375  -5.157 0.3000000119
71697  -37.187  -11.372  -6.845 0.4000000060
71700  -41.306  -11.384  -6.640 0.6000000238
71703  -44.301  -11.081  -6.399 0.5000000000
71705  -48.307  -11.202  -6.508 0.3000000119
71719  -44.824  -10.925  -7.123 0.5000000000
71732  -48.511  -11.291  -9.247 0.4000000060
71738  -35.300  -11.481  -9.614 0.6000000238
71740  -48.908  -11.425  -10.083 0.4000000060
71742  -50.114  -10.622  -10.167 0.3000000119
71747  -43.848  -11.563  -11.005 0.4000000060
71748  -50.021  -11.125  -10.833 0.3000000119
71758  -48.813  -11.794  -14.354 0.4000000060
71759  -49.591  -12.094  -14.010 0.4000000060
71761  -49.222  -12.645  -14.564 0.4000000060
72597  -41.202  -10.354  -4.349 0.3000000119
72598  -49.774  -10.971  -4.750 0.3000000119
72599  -50.513  -10.800  -4.634 0.3000000119
72601  -52.061  -10.740  -4.812 0.3000000119
72615  -52.676  -10.953  -5.149 0.3000000119
72623  -36.549  -10.642  -7.156 0.3000000119
72629  -43.720  -10.397  -6.508 0.6000000238
72642  -39.188  -10.705  -7.648 0.6000000238
72649  -34.648  -10.369  -9.246 0.6000000238
72653  -44.426  -10.150  -8.646 0.4000000060
72654  -50.395  -9.796  -9.436 0.3000000119
72660  -34.872  -9.518  -9.490 0.6000000238
72664  -44.121  -10.374  -9.832 0.4000000060
72673  -43.627  -10.724  -10.907 0.4000000060
72675  -50.175  -10.812  -10.895 0.3000000119
72690  -47.002  -10.229  -13.347 0.4000000060
72691  -48.367  -10.760  -13.145 0.4000000060
72692  -49.741  -11.164  -12.833 0.4000000060
72693  -45.200  -10.610  -13.446 0.4000000060
73632  -39.887  -9.101  -4.814 0.3000000119
73666  -40.799  -9.926  -6.786 0.6000000238
73667  -41.638  -9.603  -6.647 0.6000000238
73668  -42.467  -9.328  -6.688 0.6000000238
73671  -50.229  -8.833  -7.689 0.3000000119
73677  -35.456  -8.871  -7.835 0.3000000119
73681  -43.178  -9.012  -7.081 0.6000000238
73682  -43.571  -8.993  -7.969 0.5000000000
73683  -44.229  -9.779  -7.769 0.5000000000
73691  -34.567  -8.836  -8.988 0.6000000238
73712  -42.244  -8.571  -11.625 0.4000000060
73714  -47.043  -9.434  -11.071 0.3000000119
73715  -48.642  -9.945  -10.816 0.3000000119
73716  -50.264  -9.919  -10.762 0.3000000119
73727  -42.893  -9.687  -12.440 0.5000000000
73728  -43.854  -9.635  -12.878 0.4000000060
74694  -38.489  -8.425  -5.493 0.4000000060
74719  -38.789  -8.035  -7.652 0.6000000238
74723  -42.754  -8.307  -7.858 0.6000000238
74726  -51.084  -8.630  -8.916 0.3000000119
74732  -34.723  -8.473  -9.207 0.6000000238
74734  -37.153  -8.322  -8.509 0.6000000238
74737  -47.303  -8.169  -8.551 0.4000000060
74743  -34.887  -8.386  -9.360 0.6000000238
74744  -35.204  -8.073  -9.357 0.6000000238
74746  -42.626  -8.495  -10.000 0.5000000000
74747  -45.465  -7.858  -10.056 0.4000000060
74756  -43.797  -7.863  -11.738 0.4000000060
74762  -41.925  -7.888  -11.564 0.4000000060
74764  -43.035  -8.396  -12.283 0.4000000060
74766  -45.771  -8.689  -11.507 0.4000000060
74769  -42.626  -9.028  -12.283 0.5000000000
75627  -37.358  -7.654  -6.313 0.4000000060
75638  -48.725  -7.482  -7.532 0.3000000119
75639  -49.474  -7.577  -8.025 0.3000000119
75648  -35.589  -6.877  -8.338 0.4000000060
75653  -41.270  -7.194  -9.037 0.6000000238
75666  -34.942  -7.764  -9.132 0.5000000000
75669  -37.377  -6.558  -8.528 0.5000000000
75670  -40.175  -6.273  -9.158 0.4000000060
75672  -41.365  -7.157  -10.016 0.5000000000
75679  -41.522  -7.220  -10.708 0.5000000000
75687  -41.648  -7.289  -11.138 0.5000000000
75688  -42.124  -7.218  -11.379 0.5000000000
76558  -39.079  -5.626  -5.459 0.4000000060
76567  -36.879  -5.941  -7.293 0.4000000060
76587  -35.996  -6.254  -8.478 0.5000000000
76590  -39.381  -6.181  -8.725 0.5000000000
76594  -46.841  -6.763  -7.216 0.3000000119
76605  -35.976  -6.434  -8.773 0.5000000000
76611  -43.242  -6.355  -8.986 0.4000000060
76612  -44.014  -6.667  -9.250 0.4000000060
76617  -41.852  -6.400  -10.446 0.4000000060
76627  -41.788  -6.810  -11.023 0.5000000000
77471  -39.425  -4.470  -5.585 0.3000000119
77485  -37.263  -5.233  -7.574 0.4000000060
77491  -43.811  -6.053  -6.113 0.3000000119
77492  -44.805  -6.027  -6.057 0.3000000119
77493  -45.755  -5.814  -6.113 0.3000000119
77494  -46.781  -5.632  -6.165 0.3000000119
77496  -48.958  -6.234  -6.561 0.3000000119
77497  -49.923  -6.433  -7.524 0.3000000119
77510  -36.547  -5.792  -8.358 0.5000000000
77512  -37.737  -4.789  -7.852 0.3000000119
77513  -39.998  -4.595  -7.951 0.3000000119
77525  -37.108  -5.398  -8.387 0.5000000000
77527  -39.318  -5.026  -8.812 0.4000000060
78312  -41.085  -3.416  -3.842 0.3000000119
78317  -40.316  -3.663  -4.782 0.3000000119
78318  -40.794  -3.573  -4.435 0.3000000119
78319  -41.603  -3.437  -4.309 0.3000000119
78320  -42.768  -3.605  -4.341 0.3000000119
78321  -44.001  -3.696  -4.559 0.3000000119
78331  -45.581  -4.603  -5.325 0.3000000119
78332  -46.421  -4.507  -5.479 0.3000000119
78333  -47.258  -4.476  -5.561 0.3000000119
78357  -38.908  -4.373  -7.820 0.4000000060
78368  -38.321  -4.619  -8.123 0.4000000060
78369  -38.890  -4.694  -8.405 0.4000000060
79086  -42.775  -3.846  -0.449 0.3000000119
79108  -41.990  -3.227  -3.113 0.3000000119
79115  -41.994  -3.081  -3.533 0.3000000119
79126  -46.403  -3.236  -5.110 0.3000000119
79134  -49.721  -3.546  -5.782 0.3000000119
79135  -50.375  -3.661  -6.507 0.3000000119
79144  -50.770  -3.851  -7.638 0.3000000119
79153  -51.021  -4.072  -9.152 0.3000000119
79154  -51.554  -4.411  -10.181 0.3000000119
79938  -42.574  -2.728  -2.893 0.3000000119
79953  -44.165  -2.254  -4.426 0.3000000119
79954  -45.006  -2.421  -4.783 0.3000000119
79962  -47.864  -3.018  -5.187 0.3000000119
79994  -52.208  -3.058  -9.465 0.3000000119
79995  -52.998  -2.607  -8.577 0.3000000119
80802  -44.344  -1.234  -1.452 0.3000000119
80810  -44.142  -1.292  -2.398 0.3000000119
80821  -43.545  -1.558  -3.681 0.3000000119
80822  -43.735  -0.906  -4.156 0.3000000119
80824  -45.337  -1.910  -4.921 0.3000000119
80837  -49.765  -1.973  -5.687 0.3000000119
80848  -50.451  -1.432  -6.998 0.3000000119
80870  -51.210  -1.932  -9.012 0.3000000119
81650  -44.289  -0.580  -2.810 0.3000000119
81674  -47.512  -0.535  -5.270 0.3000000119
81675  -48.695  -0.567  -5.464 0.3000000119
81676  -49.442  -0.644  -5.806 0.3000000119
81688  -50.222  -0.757  -7.413 0.3000000119
81699  -49.832  -0.046  -7.629 0.3000000119
81715  -51.169  -0.387  -8.470 0.3000000119
82538  -44.299  -0.010  -0.467 0.3000000119
82539  -44.913  0.279  -0.945 0.3000000119
82540  -45.309  0.713  -1.382 0.3000000119
82558  -44.583  0.795  -3.513 0.3000000119
82593  -48.806  0.751  -6.126 0.3000000119
82594  -49.459  0.407  -6.782 0.3000000119
82604  -49.537  0.592  -7.882 0.3000000119
82605  -49.938  0.164  -8.214 0.3000000119
82609  -54.912  0.472  -7.424 0.3000000119
82620  -50.210  0.434  -8.342 0.3000000119
82621  -50.796  0.205  -8.380 0.3000000119
83484  -44.726  1.238  -0.538 0.3000000119
83492  -45.638  1.315  -1.807 0.3000000119
83527  -43.771  1.389  -5.026 0.3000000119
83536  -43.880  1.450  -5.688 0.3000000119
83550  -47.498  1.640  -6.140 0.3000000119
83562  -48.651  1.713  -7.710 0.3000000119
83563  -49.220  1.215  -8.114 0.3000000119
83564  -51.751  1.367  -7.902 0.3000000119
83566  -53.426  1.278  -7.526 0.3000000119
83567  -54.274  1.365  -7.477 0.3000000119
83568  -55.117  1.313  -7.434 0.3000000119
83581  -49.543  1.438  -8.359 0.3000000119
84506  -43.744  2.109  -5.944 0.3000000119
84517  -45.209  2.440  -6.709 0.3000000119
84531  -47.363  2.806  -7.415 0.3000000119
84548  -48.689  2.587  -8.359 0.3000000119
84551  -52.005  2.798  -7.903 0.3000000119
84552  -55.032  2.797  -7.861 0.3000000119
85428  -53.067  2.698  -7.750 0.3000000119
86361  -53.342  4.359  -8.269 0.3000000119
86363  -56.192  4.287  -9.039 0.3000000119
87234  -52.310  5.435  -8.430 0.3000000119
87235  -53.292  5.243  -8.493 0.3000000119
87236  -54.235  5.114  -8.738 0.3000000119
87237  -55.127  4.929  -9.040 0.3000000119
131880  -45.451  -16.563  -7.853 0.4000000060
131905  -39.185  -29.556  -3.885 0.6000000238
132242  -41.169  -27.262  -1.719 0.6000000238
132987  -39.422  -34.877  -8.590 0.4000000060
133092  -29.199  -26.771  -5.321 0.5000000000
133107  -38.565  -39.133  -4.038 0.6000000238
133138  -39.704  -7.907  -7.473 0.6000000238
133189  -42.423  -42.821  -3.980 0.3000000119
133430  -42.789  -45.858  -2.041 0.3000000119
133542  -36.491  -26.467  -5.969 0.6999999881
133572  -39.458  -23.867  -5.471 0.6000000238
133578  -32.421  -37.115  -5.101 0.6999999881
133659  -40.277  -23.863  -4.281 0.6000000238
133724  -39.391  -4.371  -7.584 0.3000000119
133815  -36.447  -45.232  -8.365 0.5000000000
134307  -42.098  -54.699  -10.552 0.4000000060
134374  -35.915  -39.682  -10.999 0.5000000000
134385  -38.221  -36.882  -1.988 0.6999999881
134478  -36.326  -41.989  -10.210 0.5000000000
134668  -37.709  -46.783  -11.161 0.4000000060
134781  -36.329  -36.008  -0.656 0.6999999881
134802  -34.921  -46.914  -1.516 0.5000000000
134807  -47.875  -11.535  -8.151 0.4000000060
134881  -34.179  -36.103  -1.456 0.6999999881
135076  -40.583  -21.121  -2.670 0.6000000238
135113  -50.058  -11.740  -12.664 0.4000000060
135211  -42.990  -27.984  -0.555 0.5000000000
135561  -44.605  -19.929  -12.535 0.4000000060
135605  -47.154  -3.299  -5.200 0.3000000119
135614  -47.561  -14.004  -7.909 0.3000000119
135631  -50.952  -8.737  -8.886 0.3000000119
135681  -51.046  2.728  -8.116 0.3000000119
135693  -40.323  -32.991  -1.841 0.6000000238
135773  -39.045  -7.824  -5.188 0.4000000060
135888  -42.525  -21.666  -11.201 0.3000000119
135918  -47.332  -32.086  -9.988 0.4000000060
135997  -46.154  -7.505  -8.564 0.3000000119
136172  -46.284  -25.378  -3.816 0.5000000000
136182  -36.500  -50.947  -3.910 0.5000000000
136417  -44.915  -14.127  -13.488 0.4000000060
136478  -45.023  0.868  -0.791 0.3000000119
136491  -43.323  -23.046  -10.554 0.3000000119
136545  -45.342  -30.920  -1.114 0.5000000000
136736  -41.884  -10.989  -6.442 0.6000000238
136837  -44.487  -38.597  -12.011 0.4000000060
136897  -35.632  -10.744  -7.725 0.4000000060
136908  -38.655  -9.120  -5.492 0.3000000119
137008  -37.565  -52.809  -8.343 0.3000000119
137066  -35.530  -50.917  -2.362 0.4000000060
137164  -51.142  4.181  -8.303 0.3000000119
137182  -31.154  -38.144  -8.604 0.5000000000
137187  -34.223  -40.893  -2.225 0.6000000238
137262  -40.798  -28.321  -3.274 0.6000000238
137302  -39.753  -12.211  -7.613 0.6000000238
137476  -33.075  -21.707  -6.817 0.5000000000
137591  -36.702  -47.462  -10.092 0.4000000060
137668  -39.882  -50.099  -5.371 0.3000000119
137855  -43.333  -21.095  -10.398 0.4000000060
137991  -38.017  -48.012  -11.442 0.5000000000
138032  -39.360  -45.729  -6.279 0.3000000119
138212  -41.072  -25.079  -1.324 0.5000000000
138371  -44.552  -13.321  -10.103 0.4000000060
138551  -48.816  -16.282  -8.585 0.3000000119
138625  -47.325  -32.335  -8.637 0.4000000060
138954  -30.626  -44.741  -9.985 0.5000000000
139098  -43.167  -27.306  -0.549 0.5000000000
139117  -45.294  -25.072  -9.721 0.4000000060
139136  -45.983  -6.549  -7.169 0.3000000119
139220  -46.665  1.643  -6.060 0.3000000119
139229  -41.005  -23.089  -1.630 0.5000000000
139316  -47.492  -28.093  -6.088 0.4000000060
139529  -39.398  -48.081  -6.946 0.3000000119
139711  -40.295  -23.870  -3.023 0.6000000238
139734  -43.667  -27.968  -0.498 0.5000000000
139776  -38.742  -36.181  -2.974 0.6000000238
140069  -30.829  -21.083  -6.672 0.5000000000
140071  -30.782  -38.343  -8.612 0.4000000060
140136  -47.136  -28.976  -8.287 0.4000000060
140175  -40.086  -50.359  -6.031 0.3000000119
140236  -50.327  4.087  -8.394 0.3000000119
140243  -46.553  -34.783  -4.521 0.4000000060
140311  -49.412  3.984  -8.473 0.3000000119
140620  -36.437  -42.882  -9.327 0.6000000238
140632  -44.575  -58.664  -12.127 0.4000000060
140682  -34.503  -50.827  -2.160 0.4000000060
140890  -46.471  -36.639  -6.241 0.4000000060
140896  -40.373  -35.186  -3.509 0.6000000238
140942  -48.914  -2.023  -5.299 0.3000000119
141163  -32.592  -34.723  -4.593 0.6999999881
141339  -39.526  -21.038  -4.724 0.6999999881
141813  -32.280  -43.036  -5.047 0.5000000000
141953  -33.919  -43.998  -2.446 0.5000000000
142075  -45.489  -14.790  -5.826 0.5000000000
142237  -49.973  -9.657  -5.179 0.3000000119
142379  -37.447  -45.219  -2.485 0.6999999881
142432  -45.380  -23.150  -3.206 0.5000000000
142474  -40.390  -26.328  -5.050 0.6000000238
142746  -45.846  -30.912  -1.578 0.5000000000
142749  -46.334  -23.096  -11.664 0.3000000119
142795  -41.280  -6.273  -10.084 0.4000000060
143080  -47.342  -32.115  -6.497 0.4000000060
143126  -36.551  -48.013  -7.684 0.5000000000
143536  -41.770  -21.321  -1.628 0.6000000238
143553  -36.832  -44.828  -1.615 0.6000000238
143567  -36.919  -45.905  -11.318 0.5000000000
143827  -55.385  3.385  -8.262 0.3000000119
144024  -38.516  -13.200  -8.659 0.6000000238
144112  -30.327  -25.470  -5.234 0.5000000000
144262  -52.766  -1.140  -8.183 0.3000000119
144273  -50.486  -0.877  -8.387 0.3000000119
144276  -45.348  -17.202  -4.532 0.5000000000
144295  -47.380  -28.825  -11.992 0.3000000119
144420  -47.931  -34.877  -9.330 0.4000000060
144723  -34.130  -17.660  -8.099 0.5000000000
144835  -51.934  4.313  -8.228 0.3000000119
144851  -36.158  -40.344  -11.137 0.5000000000
144866  -39.584  -48.867  -6.507 0.3000000119
144885  -34.674  -8.060  -9.023 0.5000000000
145081  -48.591  -34.043  -11.013 0.4000000060
145352  -38.501  -41.094  -2.665 0.6999999881
145382  -35.665  -42.028  -1.423 0.6000000238
145527  -38.799  -21.871  -5.402 0.6000000238
145628  -47.630  -35.083  -8.578 0.4000000060
145785  -36.560  -47.791  -8.825 0.4000000060
145850  -36.471  -42.964  -1.412 0.6000000238
145932  -36.808  -41.707  -8.308 0.6000000238
146053  -46.607  -34.175  -4.046 0.4000000060
146614  -37.425  -44.120  -5.541 0.6999999881
146886  -46.074  -13.102  -14.056 0.4000000060
146900  -38.497  -41.735  -3.087 0.6999999881
146921  -47.202  -31.078  -4.946 0.4000000060
146923  -45.709  -20.845  -5.264 0.4000000060
147017  -44.946  -15.901  -13.405 0.5000000000
147094  -42.866  -19.032  -12.084 0.5000000000
147104  -46.634  -29.943  -3.067 0.4000000060
147442  -43.717  2.480  -5.900 0.3000000119
147568  -42.630  -26.067  -0.630 0.5000000000
147805  -47.431  -33.808  -7.881 0.4000000060
147830  -45.809  -22.214  -7.922 0.4000000060
147929  -44.606  -18.766  -12.697 0.4000000060
147968  -31.429  -33.801  -8.318 0.6999999881
148095  -38.425  -40.134  -2.031 0.6999999881
148292  -45.934  -24.392  -9.157 0.4000000060
148573  -45.955  -30.600  -11.422 0.4000000060
149014  -38.363  -35.412  -9.679 0.4000000060
149172  -34.164  -11.662  -8.971 0.5000000000
149281  -39.884  -17.925  -4.925 0.6000000238
149400  -38.387  -38.005  -2.481 0.6999999881
149513  -50.270  2.725  -8.334 0.3000000119
149769  -36.477  -33.324  -1.321 0.6000000238
149887  -45.175  -19.147  -7.981 0.4000000060
149989  -44.184  1.308  -4.307 0.3000000119
150082  -31.521  -24.672  -5.280 0.6000000238
150117  -37.647  -48.663  -11.287 0.4000000060
150167  -50.441  -1.324  -7.990 0.3000000119
150564  -45.584  -17.769  -5.654 0.5000000000
150674  -44.692  -17.277  -9.397 0.3000000119
150742  -45.846  -21.495  -5.513 0.4000000060
150745  -32.385  -34.908  -7.327 0.6000000238
150798  -44.658  -12.607  -9.785 0.4000000060
150868  -47.072  -31.066  -8.311 0.4000000060
150876  -46.559  -32.696  -3.200 0.4000000060
150894  -42.880  -18.599  -11.910 0.5000000000
150977  -39.115  -35.183  -6.960 0.5000000000
151114  -38.175  -46.736  -10.812 0.4000000060
151165  -45.504  -15.851  -7.770 0.5000000000
151374  -34.242  -12.721  -9.180 0.5000000000
151812  -46.302  -34.808  -3.829 0.4000000060
151861  -37.460  -43.052  -1.729 0.6999999881
151916  -40.015  -32.306  -1.771 0.6000000238
151947  -37.180  -45.558  -2.039 0.6000000238
152555  -48.811  -34.739  -10.973 0.3000000119
152663  -37.745  -52.584  -8.915 0.3000000119
152791  -45.049  -11.394  -8.523 0.4000000060
153253  -38.232  -15.850  -8.488 0.6000000238
153364  -43.501  -23.492  -11.775 0.3000000119
153541  -31.060  -43.766  -9.677 0.5000000000
153641  -45.340  -30.302  -11.081 0.4000000060
153662  -45.541  -32.438  -1.694 0.4000000060
153735  -39.949  -39.137  -8.514 0.3000000119
153760  -39.188  -49.510  -1.234 0.3000000119
153918  -45.779  0.594  -5.622 0.3000000119
154155  -41.934  -36.759  -11.663 0.4000000060
154249  -41.917  -42.604  -3.993 0.3000000119
154254  -42.450  -20.745  -11.966 0.3000000119
154265  -44.063  -16.662  -12.708 0.5000000000
154282  -34.819  -8.868  -9.413 0.6000000238
154383  -41.703  -38.994  -11.784 0.4000000060
154486  -48.469  -38.605  -10.335 0.3000000119
154584  -34.777  -15.175  -8.287 0.4000000060
154645  -39.255  -10.984  -5.637 0.3000000119
154877  -47.362  -29.213  -7.361 0.4000000060
154999  -39.551  -54.815  -4.403 0.3000000119
155064  -45.333  -23.808  -2.922 0.5000000000
155129  -42.871  -18.939  -2.225 0.6000000238
155161  -33.358  -23.802  -5.345 0.6000000238
155465  -47.584  -33.474  -9.120 0.4000000060
155485  -37.978  -48.722  -11.614 0.4000000060
155654  -47.328  -25.446  -6.409 0.4000000060
155752  -42.480  -21.449  -1.546 0.6000000238
155834  -43.770  -1.755  -2.428 0.3000000119
156014  -40.512  -25.909  -2.118 0.5000000000
156055  -42.948  -30.942  -1.212 0.5000000000
156122  -37.006  -44.742  -11.492 0.4000000060
156139  -55.628  4.552  -9.051 0.3000000119
156463  -32.298  -35.968  -7.009 0.6000000238
156680  -47.111  -33.149  -5.196 0.4000000060
156752  -35.695  -12.976  -9.678 0.6000000238
156831  -36.564  -13.736  -9.674 0.6000000238
157217  -43.035  -10.547  -6.335 0.6000000238
157290  -54.681  4.610  -8.725 0.3000000119
157457  -35.634  -10.389  -9.560 0.6000000238
157490  -31.161  -42.389  -9.444 0.5000000000
157577  -46.585  -15.634  -11.437 0.4000000060
157596  -47.588  -20.831  -11.744 0.3000000119
157611  -43.027  -42.118  -5.359 0.3000000119
157784  -38.993  -26.369  -7.172 0.6999999881
157821  -38.473  -36.656  -2.578 0.6999999881
157862  -37.232  -44.698  -5.842 0.6999999881
158070  -32.958  -46.754  -3.468 0.5000000000
158075  -45.904  -26.336  -2.680 0.5000000000
158115  -31.618  -41.182  -7.824 0.4000000060
158282  -46.767  -30.950  -12.500 0.3000000119
158312  -41.372  -27.828  -1.763 0.6000000238
