#!ascii label  , from subject sub-05 vox2ras=TkReg
2414
27572  32.964  -57.608  -0.562 0.6000000238
149692  31.369  -57.487  1.485 0.5000000000
29658  34.032  -55.428  -0.881 0.6999999881
29670  34.692  -55.318  -1.351 0.6000000238
30633  35.991  -55.233  -2.254 0.6000000238
31675  36.390  -53.967  -1.979 0.6000000238
147008  32.483  -56.455  0.318 0.6999999881
28656  33.735  -56.276  -0.876 0.6000000238
150050  34.338  -55.968  -1.297 0.5000000000
28668  34.977  -56.141  -1.814 0.5000000000
29681  35.744  -55.918  -2.317 0.5000000000
29680  36.500  -55.612  -2.770 0.6000000238
131359  37.200  -53.993  -2.545 0.6000000238
28648  32.050  -56.799  0.713 0.5000000000
28647  32.416  -57.227  0.167 0.5000000000
27589  33.714  -57.267  -1.176 0.6000000238
140630  38.010  -54.059  -3.249 0.6000000238
25445  30.235  -58.942  2.363 0.5000000000
26464  29.724  -58.843  3.437 0.5000000000
32792  36.259  -52.218  -1.022 0.6000000238
32816  37.067  -52.425  -1.585 0.6999999881
30589  33.217  -54.243  0.259 0.6000000238
31657  33.918  -53.861  -0.269 0.6999999881
31676  35.217  -53.576  -1.086 0.6000000238
32817  36.120  -53.162  -1.428 0.6000000238
31692  37.088  -53.200  -2.033 0.6000000238
29645  32.516  -55.579  0.501 0.6000000238
29659  33.494  -55.562  -0.465 0.6999999881
143538  38.110  -53.019  -2.671 0.6000000238
28634  31.530  -56.670  1.454 0.5000000000
29627  32.021  -55.079  1.277 0.5000000000
31706  38.625  -53.138  -3.388 0.6000000238
146757  30.994  -57.875  1.883 0.5000000000
137890  38.953  -52.784  -4.096 0.6000000238
27541  30.647  -57.581  2.570 0.5000000000
31747  39.258  -53.004  -5.282 0.6000000238
33996  38.182  -50.618  -6.868 0.6999999881
140933  39.054  -52.495  -6.168 0.6000000238
34005  38.313  -50.695  -7.646 0.6999999881
33995  38.931  -51.620  -7.349 0.6000000238
34004  38.944  -51.466  -7.982 0.6000000238
32889  36.825  -51.916  -7.515 0.6000000238
144150  37.840  -51.216  -8.067 0.6000000238
139586  32.315  -52.283  -2.753 0.5000000000
33924  30.908  -51.935  -0.094 0.6999999881
32837  31.830  -52.491  -2.090 0.6000000238
32777  30.425  -52.489  0.464 0.8000000119
31658  30.805  -53.163  -0.562 0.6999999881
33921  37.318  -50.817  -0.901 0.6000000238
33920  38.291  -50.714  -1.657 0.6999999881
31639  33.963  -53.018  0.286 0.6999999881
31656  34.578  -53.205  -0.431 0.6999999881
131472  35.626  -51.844  -0.364 0.6000000238
32835  37.781  -52.473  -2.106 0.6999999881
33949  38.605  -51.066  -2.240 0.6999999881
31641  32.881  -53.622  1.150 0.6000000238
32776  33.964  -52.488  0.906 0.6000000238
34969  38.247  -50.777  -2.828 0.8000000119
30557  32.079  -53.959  2.649 0.5000000000
30568  32.240  -54.165  1.695 0.5000000000
33964  37.693  -51.524  -4.086 0.8000000119
32849  38.691  -52.041  -3.616 0.6000000238
30558  31.619  -54.506  3.161 0.5000000000
30569  31.688  -54.687  2.213 0.5000000000
33965  36.959  -50.861  -5.115 0.8000000119
132771  38.332  -52.003  -4.414 0.6000000238
27514  30.183  -57.164  4.233 0.5000000000
33997  37.543  -50.420  -6.196 0.8000000119
34990  37.776  -49.611  -6.938 0.8000000119
33982  38.375  -51.926  -5.887 0.6999999881
34999  36.779  -49.573  -7.375 0.6999999881
35974  37.680  -49.477  -7.139 0.6999999881
34993  35.266  -49.949  -6.325 0.6999999881
34992  36.220  -49.658  -7.106 0.6999999881
35003  37.921  -50.186  -7.578 0.6999999881
34983  34.468  -50.275  -5.518 0.6000000238
34007  36.395  -50.435  -7.304 0.6000000238
34006  36.978  -50.912  -7.673 0.6000000238
34972  33.375  -50.672  -4.193 0.6999999881
33984  34.293  -51.736  -5.191 0.6999999881
140889  35.008  -51.727  -5.909 0.6000000238
33950  32.118  -51.647  -2.376 0.6999999881
33966  33.172  -52.118  -3.917 0.6000000238
32818  31.468  -52.304  -1.359 0.8000000119
33937  31.695  -51.685  -1.645 0.8000000119
32851  32.706  -52.588  -3.339 0.6000000238
33910  30.846  -51.193  0.443 0.8999999762
32760  29.372  -52.596  1.518 0.6999999881
33897  30.303  -51.305  1.348 0.8000000119
32778  29.851  -53.004  0.885 0.6999999881
34931  38.080  -49.917  -1.214 0.6000000238
34940  38.490  -49.961  -1.859 0.6999999881
35937  37.826  -49.096  -1.602 0.6999999881
33922  36.200  -51.023  -0.299 0.6000000238
35938  36.180  -49.270  -1.954 0.6000000238
34909  35.074  -50.388  1.764 0.4000000060
33908  35.189  -51.317  0.543 0.6000000238
34921  35.933  -50.451  0.271 0.6000000238
34956  37.796  -50.269  -2.581 0.6999999881
33909  34.316  -51.874  1.410 0.6000000238
34957  36.365  -50.289  -3.130 0.8000000119
155626  33.496  -52.657  2.991 0.4000000060
32742  33.207  -52.900  2.601 0.5000000000
149646  33.668  -52.481  1.648 0.6000000238
34971  35.963  -50.117  -3.801 0.8000000119
30546  32.171  -54.001  3.525 0.5000000000
34982  36.518  -50.130  -4.932 0.8000000119
30547  31.725  -54.515  3.992 0.4000000060
144165  37.018  -48.346  -6.608 0.8000000119
29601  30.803  -55.704  4.167 0.5000000000
35984  36.868  -48.839  -7.212 0.8000000119
36928  33.789  -48.393  -4.894 0.8000000119
35976  36.018  -48.922  -6.858 0.6999999881
36940  36.998  -48.402  -6.719 0.8000000119
146729  33.639  -49.907  -4.597 0.8000000119
35977  34.885  -49.201  -5.911 0.6999999881
34958  32.607  -49.910  -3.028 0.8999999762
34973  32.870  -50.745  -3.454 0.8999999762
146728  34.143  -49.837  -5.174 0.6999999881
140117  32.384  -50.841  -2.669 0.8999999762
155955  34.195  -51.013  -5.142 0.6999999881
33967  32.652  -51.664  -3.193 0.6000000238
33923  31.263  -51.111  -0.358 0.8999999762
133702  31.591  -50.998  -1.142 0.8999999762
33879  27.891  -51.318  2.267 0.8000000119
33899  27.384  -51.625  1.820 0.8000000119
32743  28.718  -52.143  2.025 0.8000000119
32744  27.981  -52.001  2.171 0.8000000119
34912  29.678  -51.013  2.128 0.8000000119
32759  30.047  -52.196  1.172 0.6999999881
36898  38.095  -48.599  -1.169 0.6999999881
36900  35.368  -48.613  -1.783 0.6000000238
35928  37.883  -49.212  -0.706 0.6000000238
35915  38.131  -48.496  -0.934 0.5000000000
36911  34.845  -48.310  -2.463 0.6999999881
134912  35.379  -48.805  2.012 0.4000000060
36877  35.950  -48.895  0.955 0.5000000000
35917  36.686  -49.520  0.127 0.6000000238
35950  35.699  -49.692  -2.914 0.6999999881
34887  35.164  -50.202  2.683 0.5000000000
35959  35.609  -49.411  -3.877 0.6999999881
34863  35.990  -50.172  3.475 0.5000000000
34888  34.906  -51.030  2.831 0.6000000238
138507  36.311  -51.163  3.568 0.4000000060
141584  35.561  -51.088  3.365 0.4000000060
38914  36.405  -46.126  -6.228 0.8000000119
36925  36.734  -48.122  -5.812 0.8000000119
31597  34.565  -53.418  3.838 0.4000000060
37949  36.330  -47.272  -6.515 0.8000000119
36934  36.779  -47.932  -6.464 0.8000000119
35965  37.089  -48.877  -6.094 0.8000000119
30533  31.929  -54.662  4.465 0.3000000119
37941  33.458  -47.720  -4.578 0.8000000119
37940  34.291  -47.456  -5.413 0.8000000119
36936  35.784  -48.039  -6.571 0.8000000119
141672  33.017  -47.959  -3.865 0.8000000119
36927  34.691  -48.222  -5.735 0.8000000119
36902  32.149  -48.673  -1.915 0.8999999762
35960  32.945  -49.205  -3.657 0.8999999762
36903  31.881  -48.951  -1.272 0.8999999762
139893  32.128  -50.117  -2.182 0.8999999762
35940  31.687  -49.548  -0.982 0.8999999762
34942  31.765  -50.220  -1.429 0.8999999762
34933  31.470  -50.275  -0.598 0.8999999762
143282  27.169  -50.214  1.972 0.8000000119
34913  26.975  -50.825  1.571 0.8000000119
34922  31.168  -50.473  0.141 0.8999999762
34923  30.785  -50.472  0.990 0.8999999762
33878  28.435  -51.372  2.330 0.8000000119
34911  30.282  -50.429  1.851 0.8000000119
36887  37.985  -48.090  -0.963 0.6000000238
36899  37.208  -48.407  -1.374 0.6000000238
37918  34.759  -47.311  -1.373 0.6000000238
37894  37.865  -47.254  -0.028 0.6000000238
37874  35.636  -47.604  2.434 0.4000000060
37873  36.094  -47.422  1.539 0.4000000060
36860  36.634  -47.998  0.767 0.4000000060
35916  37.510  -48.492  -0.103 0.5000000000
37932  35.218  -47.556  -3.626 0.6999999881
36838  35.478  -48.333  2.628 0.4000000060
156720  35.835  -47.703  -4.552 0.6999999881
37841  36.510  -47.731  3.572 0.5000000000
37842  35.896  -47.776  3.288 0.4000000060
37931  36.293  -46.492  -5.194 0.6999999881
37840  37.423  -47.794  3.762 0.5000000000
145966  36.064  -45.354  -6.093 0.8000000119
38905  36.565  -46.466  -6.156 0.8000000119
38897  33.131  -46.383  -4.117 0.8000000119
38915  36.055  -45.994  -6.335 0.8000000119
37934  32.664  -47.799  -3.145 0.8000000119
37920  31.957  -48.226  -1.222 0.8999999762
36912  32.470  -48.598  -2.702 0.8999999762
140382  31.748  -48.087  -0.538 0.8999999762
35918  31.195  -49.744  0.490 0.8999999762
35919  30.775  -49.603  1.529 1.0000000000
35907  27.052  -49.500  1.992 0.8000000119
35887  30.148  -49.725  2.364 1.0000000000
35890  27.733  -49.883  2.514 0.8000000119
34889  29.692  -50.312  2.402 1.0000000000
34890  28.988  -50.648  2.578 0.8000000119
35889  28.546  -49.840  2.838 0.8000000119
37908  35.272  -47.178  -0.861 0.6000000238
142578  34.547  -44.707  -2.142 0.6000000238
38875  37.320  -46.816  -0.610 0.6000000238
40903  35.015  -44.548  -3.273 0.6999999881
39799  36.523  -45.281  2.359 0.4000000060
144591  36.527  -46.860  1.364 0.4000000060
37895  37.071  -47.342  0.672 0.4000000060
152162  36.012  -46.621  3.051 0.4000000060
38895  36.230  -45.570  -5.088 0.6999999881
138704  37.432  -46.164  3.844 0.5000000000
40825  36.980  -44.684  3.332 0.4000000060
39870  36.145  -44.853  -5.412 0.8000000119
38907  34.874  -45.712  -5.652 0.8000000119
152948  35.906  -44.341  -5.519 0.8000000119
133277  32.833  -46.012  -3.361 0.8000000119
139595  33.630  -45.753  -4.871 0.8000000119
142164  32.444  -46.009  -1.874 0.8000000119
38898  32.749  -46.859  -3.239 0.8000000119
37926  32.423  -47.349  -2.318 0.8999999762
143306  31.572  -48.344  -0.029 0.8999999762
37896  31.700  -47.580  0.049 0.8999999762
35906  31.215  -49.074  0.928 1.0000000000
36862  31.039  -48.708  1.583 1.0000000000
138835  29.946  -49.144  2.784 1.0000000000
132030  27.498  -49.105  2.497 0.8000000119
134250  26.701  -49.998  1.266 0.8000000119
36841  29.479  -48.835  3.129 1.0000000000
36842  28.234  -48.909  3.009 0.8000000119
35865  28.904  -49.145  3.134 0.8000000119
39844  36.284  -46.110  -0.552 0.6000000238
37907  36.527  -47.289  -0.798 0.6000000238
144779  34.818  -44.923  -0.693 0.6000000238
39863  35.495  -45.263  -4.021 0.6999999881
41942  35.787  -43.492  -4.772 0.6999999881
39816  37.170  -45.453  1.217 0.4000000060
38845  37.689  -46.303  0.438 0.5000000000
38863  37.993  -46.805  0.054 0.5000000000
40902  35.835  -44.217  -4.620 0.8000000119
41956  35.702  -43.343  -5.089 0.8000000119
40843  36.649  -44.698  2.850 0.4000000060
40916  35.958  -44.132  -5.375 0.8000000119
41855  37.587  -43.460  3.218 0.4000000060
40842  36.973  -44.003  2.930 0.4000000060
39864  33.358  -45.060  -4.555 0.8000000119
39872  34.277  -44.985  -5.258 0.8000000119
151067  33.125  -45.700  -4.111 0.8000000119
39854  32.637  -45.492  -2.623 0.8000000119
38878  32.016  -46.754  -0.509 0.8999999762
38865  32.105  -45.957  -0.142 0.8000000119
37875  31.530  -47.436  1.104 1.0000000000
146080  31.264  -48.032  1.580 1.0000000000
38848  31.610  -46.544  1.621 1.0000000000
36839  30.842  -48.210  2.265 1.0000000000
38817  28.696  -46.781  3.659 1.0000000000
36843  27.572  -48.516  2.633 0.8999999762
35908  26.645  -49.104  1.237 0.8000000119
37877  26.859  -47.663  1.636 0.8999999762
37846  28.300  -47.420  3.314 1.0000000000
140618  27.485  -46.630  2.607 1.0000000000
135457  27.172  -47.061  2.128 1.0000000000
134661  28.381  -45.933  3.598 1.0000000000
145694  28.538  -45.026  3.792 1.0000000000
39784  27.842  -45.198  3.142 1.0000000000
40846  27.632  -43.998  2.407 1.0000000000
42911  28.644  -42.774  3.837 1.0000000000
41858  27.897  -43.555  2.929 1.0000000000
40886  34.610  -44.275  -1.415 0.6999999881
40892  34.723  -44.007  -2.532 0.6999999881
42997  35.025  -42.795  -2.633 0.6999999881
40878  35.904  -44.406  -0.483 0.6000000238
40879  35.032  -44.255  -0.609 0.6000000238
41943  35.387  -43.731  -3.714 0.6999999881
39842  38.177  -45.979  -0.418 0.6000000238
40868  37.610  -44.840  0.862 0.5000000000
44157  34.906  -41.794  -5.347 0.8000000119
42946  37.599  -42.900  1.727 0.4000000060
41966  35.146  -43.075  -5.304 0.8000000119
41958  33.562  -43.538  -4.754 0.8000000119
40904  33.115  -44.326  -3.975 0.8000000119
138668  32.614  -44.708  -2.266 0.8000000119
40893  32.822  -43.966  -2.862 0.8000000119
39846  32.331  -45.260  -0.744 0.6999999881
39850  32.458  -45.347  -1.660 0.8000000119
38866  31.818  -46.681  0.482 0.8999999762
39834  32.209  -45.174  0.147 0.8000000119
39817  32.133  -45.016  1.011 1.0000000000
39818  31.834  -45.592  1.708 1.0000000000
38831  31.117  -46.797  2.682 1.0000000000
134815  31.486  -45.985  2.520 1.0000000000
40826  31.373  -44.707  3.553 1.0000000000
38815  30.374  -46.928  3.431 1.0000000000
39780  30.873  -45.371  3.715 1.0000000000
145081  30.318  -46.057  3.797 1.0000000000
40810  29.417  -44.084  4.358 1.0000000000
39783  29.002  -45.578  4.082 1.0000000000
138623  27.130  -46.143  1.929 1.0000000000
38849  26.841  -46.823  1.314 1.0000000000
41840  29.038  -43.479  4.228 1.0000000000
147073  27.617  -45.979  2.857 1.0000000000
40859  27.365  -44.567  1.856 1.0000000000
148665  27.643  -43.119  2.177 1.0000000000
44032  28.355  -42.011  3.309 1.0000000000
42939  27.825  -42.212  2.440 1.0000000000
42980  34.916  -42.820  -1.614 0.6999999881
43018  35.399  -42.237  -3.555 0.6999999881
41898  36.855  -43.627  -0.798 0.5000000000
42966  35.025  -42.932  -1.003 0.6999999881
43032  35.582  -42.635  -4.726 0.6999999881
40877  36.928  -44.634  -0.781 0.6000000238
40875  38.849  -45.015  -0.705 0.5000000000
40876  38.206  -45.449  -1.030 0.5000000000
44145  34.038  -42.108  -5.174 0.8000000119
43034  33.486  -42.610  -4.584 0.8000000119
44133  33.360  -41.981  -3.982 0.6999999881
43020  33.189  -42.620  -3.480 0.8000000119
148045  32.628  -44.093  -1.961 0.8000000119
41923  32.758  -43.327  -2.023 0.8000000119
40880  32.390  -44.420  -0.454 0.6999999881
144363  32.526  -43.869  -1.251 0.6999999881
40858  32.318  -44.097  1.160 0.8999999762
147643  32.627  -42.539  0.987 0.8000000119
44051  32.875  -41.887  2.114 0.8000000119
45086  33.383  -40.503  2.578 0.8000000119
40845  32.025  -44.817  1.893 0.8999999762
41879  32.438  -43.174  1.710 0.8000000119
42938  32.559  -42.582  2.453 0.8000000119
148329  31.812  -44.753  2.795 1.0000000000
41872  32.267  -43.329  2.797 0.8999999762
156995  32.342  -42.705  3.219 0.8999999762
44029  32.996  -41.066  3.392 0.8000000119
41873  31.861  -44.047  3.233 0.8999999762
149228  31.408  -44.015  3.858 1.0000000000
39762  30.074  -44.969  4.275 1.0000000000
39782  29.688  -45.701  4.102 1.0000000000
42910  29.382  -42.741  4.334 1.0000000000
44012  28.940  -42.063  4.000 1.0000000000
42947  27.542  -42.353  1.561 1.0000000000
144265  29.966  -41.199  4.470 1.0000000000
148814  28.714  -41.636  3.690 1.0000000000
44043  27.631  -41.590  1.852 1.0000000000
44031  29.119  -41.292  4.030 1.0000000000
45074  28.819  -40.427  3.621 1.0000000000
46069  28.117  -39.643  2.628 1.0000000000
44077  35.727  -41.927  -0.889 0.6999999881
44098  35.515  -41.392  -1.618 0.6999999881
44114  35.445  -40.947  -2.651 0.6999999881
141586  35.543  -40.883  -4.013 0.6999999881
45194  35.470  -41.140  -4.956 0.6999999881
42963  36.874  -42.790  -0.843 0.6000000238
44156  35.261  -41.295  -5.248 0.6999999881
41908  37.809  -44.618  -1.305 0.5000000000
153801  34.088  -40.640  -5.200 0.6999999881
39841  38.833  -45.173  -1.180 0.5000000000
45195  33.761  -40.778  -4.909 0.8000000119
130844  33.448  -41.063  -3.843 0.6999999881
42981  33.123  -41.978  -2.187 0.6999999881
139865  33.248  -41.920  -3.068 0.6999999881
42982  32.865  -42.481  -1.554 0.6999999881
42967  32.703  -42.633  -0.817 0.6999999881
40869  32.417  -43.827  0.165 0.6999999881
41902  32.533  -43.054  -0.250 0.6999999881
147351  32.865  -41.890  1.207 0.8000000119
46093  33.540  -39.667  1.060 0.8000000119
146580  33.759  -38.933  1.431 0.8000000119
45099  33.442  -40.281  1.593 0.8000000119
46068  33.625  -39.666  2.026 0.8000000119
137485  33.629  -39.672  3.024 0.8000000119
42926  32.148  -42.338  3.798 1.0000000000
44030  32.431  -41.510  3.910 0.8999999762
46040  33.365  -39.457  3.806 0.8000000119
44008  32.125  -41.101  4.274 1.0000000000
46041  32.800  -39.862  4.228 0.8000000119
40807  31.144  -43.455  4.235 1.0000000000
42927  31.598  -42.684  4.128 1.0000000000
152718  30.594  -43.203  4.454 1.0000000000
44010  30.512  -41.869  4.545 1.0000000000
46025  30.078  -39.401  4.505 1.0000000000
151423  27.527  -41.074  1.371 1.0000000000
44052  27.451  -41.685  1.022 1.0000000000
45056  29.434  -39.882  4.112 1.0000000000
47007  29.263  -38.061  3.909 1.0000000000
46043  28.743  -39.497  3.455 1.0000000000
45088  27.757  -40.186  2.146 1.0000000000
47940  28.904  -37.358  3.488 1.0000000000
45148  35.751  -40.357  -1.987 0.6999999881
45162  35.631  -39.908  -3.393 0.6999999881
46190  35.203  -39.479  -5.447 0.6000000238
46202  34.853  -39.758  -5.572 0.6000000238
46192  34.043  -39.184  -4.973 0.6000000238
136080  33.694  -40.134  -4.489 0.6999999881
45163  33.488  -40.555  -2.926 0.6999999881
150325  33.556  -40.220  -3.573 0.6999999881
45133  33.369  -40.701  -1.304 0.6999999881
44099  33.131  -41.648  -1.462 0.6999999881
46113  33.470  -39.736  0.157 0.8000000119
44079  32.872  -41.977  -0.112 0.6999999881
44061  33.099  -41.352  0.436 0.8000000119
47950  34.083  -38.149  1.788 0.8000000119
157121  34.156  -38.308  2.572 0.8000000119
47006  33.563  -38.758  3.927 0.8000000119
46022  32.311  -39.317  4.565 0.8000000119
151927  33.274  -38.418  4.351 0.8000000119
45054  31.197  -40.367  4.625 1.0000000000
46023  31.506  -39.558  4.697 1.0000000000
46993  32.615  -38.345  4.679 0.6999999881
47927  31.853  -37.696  5.082 0.8999999762
46995  30.801  -38.872  4.785 1.0000000000
46996  29.929  -38.527  4.519 1.0000000000
47929  30.192  -37.147  4.714 1.0000000000
45118  27.455  -40.920  0.528 1.0000000000
150205  29.827  -37.759  4.477 1.0000000000
47939  29.445  -37.052  4.095 1.0000000000
47018  27.823  -38.876  2.161 1.0000000000
46070  27.627  -39.585  1.801 1.0000000000
45100  27.517  -40.335  1.364 1.0000000000
47017  28.357  -38.827  2.882 1.0000000000
46176  35.608  -39.195  -4.823 0.6999999881
47095  33.951  -38.605  -4.107 0.6000000238
47078  33.838  -38.932  -2.967 0.6999999881
46127  33.486  -39.814  -0.760 0.6999999881
143474  33.702  -39.210  -2.085 0.6999999881
138309  33.323  -40.566  -0.210 0.6999999881
138449  33.578  -39.007  -0.398 0.8000000119
137533  33.614  -38.957  0.489 0.6999999881
47971  34.014  -37.575  1.028 0.6999999881
136798  34.532  -37.067  3.101 0.6999999881
47937  34.229  -37.598  3.606 0.6999999881
47925  33.903  -37.305  4.285 0.6999999881
48935  33.336  -36.078  5.104 0.8000000119
48950  33.332  -36.924  4.777 0.6999999881
134270  31.155  -38.115  5.011 0.8999999762
47928  30.995  -37.262  5.157 1.0000000000
48938  31.276  -36.375  5.256 1.0000000000
131636  27.440  -39.006  0.733 1.0000000000
48952  29.945  -36.362  4.480 1.0000000000
47972  27.667  -38.046  1.741 1.0000000000
47951  28.512  -37.220  2.962 1.0000000000
47108  35.486  -38.209  -5.450 0.6000000238
47119  35.030  -38.562  -5.711 0.6000000238
47109  34.667  -38.413  -5.494 0.6000000238
49089  34.832  -36.368  -5.329 0.6000000238
47110  34.238  -38.272  -4.992 0.6000000238
48061  34.216  -37.651  -4.373 0.6000000238
48046  34.085  -38.003  -3.217 0.6000000238
47060  33.897  -38.353  -2.063 0.6000000238
138450  33.642  -39.081  -1.290 0.6000000238
48009  33.878  -37.317  -0.748 0.6999999881
47992  33.880  -37.260  0.195 0.6999999881
49003  34.319  -36.205  0.989 0.6999999881
48980  34.560  -36.615  2.192 0.6999999881
50024  34.890  -35.737  2.339 0.6999999881
142057  34.760  -36.382  3.110 0.6999999881
50001  34.710  -36.102  3.898 0.6999999881
58973  42.074  -25.661  -0.289 0.3000000119
49971  33.960  -35.586  4.968 0.6999999881
143174  34.476  -35.728  4.456 0.6999999881
60029  42.225  -24.999  -1.775 0.3000000119
49970  34.015  -34.948  5.223 0.8000000119
42999  28.257  -42.340  -3.154 0.8999999762
48937  31.972  -36.347  5.354 1.0000000000
45150  27.761  -40.998  -1.447 1.0000000000
46114  27.457  -39.517  0.196 1.0000000000
45134  27.520  -40.320  -0.442 1.0000000000
49985  30.387  -35.693  4.722 1.0000000000
145124  28.824  -36.463  3.299 1.0000000000
48962  29.437  -36.224  3.952 1.0000000000
47952  28.101  -37.550  2.417 1.0000000000
137075  27.530  -38.899  1.400 1.0000000000
48981  28.223  -36.725  2.483 1.0000000000
48082  36.011  -35.871  -5.857 0.6000000238
48083  35.116  -36.670  -5.685 0.6000000238
49076  35.914  -35.427  -4.882 0.6000000238
50090  35.331  -35.657  -4.722 0.6000000238
141150  35.780  -36.216  -2.829 0.6000000238
49043  35.056  -35.661  -2.432 0.6999999881
49044  34.664  -35.888  -2.068 0.6999999881
49064  34.333  -36.634  -2.373 0.6000000238
49045  34.208  -36.430  -1.458 0.6999999881
50036  42.785  -35.346  1.446 0.3000000119
50020  42.433  -34.777  2.001 0.3000000119
49033  34.075  -36.312  -0.624 0.6999999881
154548  34.313  -35.528  0.147 0.6999999881
157351  34.622  -35.725  1.495 0.6999999881
58960  41.818  -26.423  0.339 0.3000000119
58974  41.452  -26.321  -0.742 0.4000000060
60030  41.794  -25.619  -1.257 0.4000000060
58982  41.365  -26.466  -1.901 0.4000000060
43021  28.031  -42.410  -3.682 0.6999999881
137335  27.995  -41.719  -3.708 0.6999999881
60071  42.112  -25.568  -6.413 0.3000000119
60040  42.190  -25.178  -2.895 0.3000000119
50946  34.459  -34.459  5.128 0.6999999881
44117  28.176  -41.536  -3.433 0.8999999762
60060  42.286  -25.482  -5.541 0.3000000119
60050  41.768  -25.951  -3.505 0.3000000119
49972  32.549  -35.733  5.371 0.8000000119
45164  28.227  -40.863  -2.694 0.8999999762
60061  41.867  -26.011  -4.716 0.3000000119
58989  41.392  -26.671  -3.032 0.3000000119
50932  32.431  -34.799  5.431 0.8000000119
144148  31.691  -34.468  5.283 1.0000000000
47039  27.480  -38.725  0.048 1.0000000000
50948  30.166  -34.959  4.417 1.0000000000
48982  27.723  -37.039  1.784 1.0000000000
47025  27.451  -38.310  0.862 1.0000000000
50949  29.637  -35.043  3.891 1.0000000000
50003  28.745  -35.531  2.980 1.0000000000
50025  28.364  -35.415  2.311 1.0000000000
50980  28.857  -34.349  2.572 1.0000000000
49042  36.330  -36.788  -1.831 0.6999999881
49030  36.173  -36.425  -0.917 0.6999999881
49016  41.198  -36.713  0.769 0.3000000119
48998  41.727  -36.226  1.302 0.4000000060
157307  34.987  -35.231  -1.604 0.6999999881
50063  34.989  -34.816  -1.091 0.6999999881
145317  34.342  -35.443  -0.533 0.6999999881
50021  41.569  -34.990  2.365 0.4000000060
51004  34.885  -34.418  0.178 0.6999999881
51935  42.697  -33.029  2.408 0.3000000119
50975  41.132  -34.496  2.659 0.5000000000
51012  35.986  -33.818  -0.106 0.6999999881
51003  35.357  -34.104  0.762 0.6999999881
52925  41.964  -32.438  2.760 0.5000000000
50993  35.504  -34.293  1.835 0.6999999881
55906  42.105  -29.010  1.991 0.4000000060
54898  40.714  -30.615  2.007 0.6000000238
56938  40.850  -28.938  1.222 0.5000000000
50979  35.655  -34.455  2.956 0.6999999881
57939  42.145  -27.014  1.025 0.3000000119
50964  35.459  -34.588  3.870 0.6999999881
59009  39.230  -27.460  -4.647 0.4000000060
57955  40.755  -28.005  -1.099 0.4000000060
50945  35.009  -34.598  4.568 0.6999999881
44134  27.270  -41.766  -3.598 0.6999999881
153259  39.917  -27.039  -6.075 0.4000000060
57954  41.130  -27.108  -0.304 0.4000000060
43000  26.977  -42.327  -3.533 0.6000000238
60080  41.383  -26.236  -6.590 0.3000000119
59017  41.227  -27.059  -6.066 0.3000000119
58014  40.284  -27.317  -6.083 0.4000000060
57975  41.021  -27.395  -2.571 0.4000000060
57967  40.764  -28.121  -2.157 0.4000000060
51897  34.375  -33.746  5.355 0.6999999881
52904  35.793  -32.581  4.892 0.6999999881
57998  40.273  -28.388  -5.049 0.4000000060
57986  40.996  -27.647  -3.692 0.4000000060
139164  40.580  -28.947  -2.717 0.4000000060
51898  33.508  -33.521  5.491 0.8000000119
59008  41.370  -27.041  -5.324 0.3000000119
58998  41.422  -26.879  -4.202 0.3000000119
57987  40.496  -28.583  -4.216 0.4000000060
46128  27.607  -39.340  -0.927 1.0000000000
140441  32.952  -32.928  5.469 0.8999999762
153237  31.180  -34.184  4.974 1.0000000000
49005  27.917  -36.061  1.866 1.0000000000
51927  29.397  -33.896  3.042 1.0000000000
50966  29.181  -34.794  3.252 1.0000000000
50965  29.899  -34.248  3.853 1.0000000000
50981  28.453  -34.750  2.122 1.0000000000
50043  27.676  -35.628  1.026 1.0000000000
51942  29.038  -33.591  2.193 1.0000000000
51957  28.600  -33.773  1.419 1.0000000000
48024  37.054  -37.207  -1.860 0.6000000238
47990  38.309  -37.343  0.254 0.6000000238
47991  37.530  -37.200  0.034 0.6000000238
49018  36.959  -36.648  0.082 0.6999999881
47968  39.672  -37.037  1.099 0.5000000000
47969  38.703  -37.095  1.058 0.6000000238
49019  36.259  -35.630  -0.463 0.6999999881
50037  41.222  -35.691  2.057 0.5000000000
48977  40.318  -35.823  2.278 0.4000000060
50062  35.531  -34.580  -0.597 0.6999999881
51014  35.037  -34.426  -0.493 0.6999999881
50022  39.618  -35.434  2.443 0.6000000238
50052  36.944  -34.802  0.053 0.6999999881
50976  40.494  -34.329  2.731 0.6000000238
153066  36.183  -34.234  -0.351 0.6999999881
52926  41.091  -32.997  2.780 0.6000000238
142053  41.073  -32.152  2.692 0.6000000238
51965  36.545  -33.543  0.247 0.6999999881
51954  36.369  -33.274  0.880 0.6999999881
55908  41.106  -29.951  2.102 0.5000000000
54915  40.410  -30.833  1.062 0.6000000238
53926  39.855  -32.130  0.927 0.6000000238
51940  36.356  -33.161  1.891 0.6000000238
58991  38.770  -27.115  -2.827 0.4000000060
57941  40.862  -27.976  0.027 0.4000000060
140225  40.600  -29.607  0.592 0.4000000060
53941  40.167  -31.654  0.319 0.5000000000
53942  39.843  -32.062  -0.052 0.6000000238
51941  35.984  -33.764  2.439 0.6999999881
58999  39.203  -26.708  -4.166 0.4000000060
149428  40.585  -29.631  -0.315 0.5000000000
51925  35.879  -33.793  3.663 0.6999999881
57999  39.543  -28.076  -5.100 0.4000000060
57988  38.781  -28.100  -3.330 0.5000000000
135141  40.644  -29.031  -0.866 0.4000000060
136713  40.466  -29.668  -1.809 0.4000000060
51910  36.225  -32.928  4.080 0.6999999881
44116  28.196  -40.669  -3.444 0.8999999762
146526  28.044  -41.006  -3.665 0.6999999881
57997  40.879  -27.783  -4.777 0.4000000060
55984  40.046  -29.904  -2.958 0.4000000060
52891  34.555  -32.536  5.466 0.6999999881
51896  35.016  -33.067  5.320 0.6999999881
57004  40.073  -29.057  -4.361 0.4000000060
151798  28.067  -39.478  -2.073 0.8999999762
52894  32.284  -32.766  5.280 0.8999999762
47051  27.604  -38.394  -0.829 0.8999999762
49006  27.539  -36.484  1.079 1.0000000000
130379  27.480  -37.792  0.012 1.0000000000
51913  31.078  -33.556  4.706 1.0000000000
136556  27.472  -36.847  0.226 1.0000000000
51926  29.998  -33.370  3.471 1.0000000000
49021  27.536  -35.990  0.300 1.0000000000
137027  30.222  -32.610  3.103 1.0000000000
54919  31.008  -30.766  1.055 0.8999999762
53928  31.011  -31.116  2.061 1.0000000000
52930  29.426  -32.882  1.997 1.0000000000
51967  28.663  -33.340  0.610 1.0000000000
50055  27.902  -34.851  0.814 1.0000000000
52943  30.363  -31.627  1.530 1.0000000000
151335  29.610  -32.119  0.569 1.0000000000
52952  29.177  -32.648  0.602 0.8999999762
53945  30.449  -31.294  0.559 1.0000000000
53946  29.916  -31.690  0.128 0.8999999762
49001  38.399  -36.457  1.440 0.6000000238
49002  37.690  -36.195  1.060 0.6999999881
50039  37.617  -35.397  0.885 0.6999999881
151066  39.463  -34.787  2.478 0.6999999881
51953  38.424  -34.084  0.997 0.6999999881
51938  40.368  -33.570  2.656 0.6000000238
51939  39.629  -33.497  2.222 0.6000000238
51001  37.669  -34.273  0.428 0.6999999881
51952  39.005  -33.464  1.115 0.6999999881
51963  38.289  -33.393  0.401 0.6000000238
51962  39.055  -32.895  0.295 0.6000000238
52950  37.923  -32.948  0.285 0.6000000238
61085  39.717  -25.439  -3.654 0.3000000119
144429  40.504  -31.945  2.329 0.6000000238
52939  40.046  -32.169  1.891 0.6000000238
52942  36.842  -32.712  1.319 0.6000000238
58983  38.665  -26.849  -1.791 0.4000000060
60043  38.896  -26.258  -2.378 0.4000000060
53961  40.084  -31.601  -0.551 0.6000000238
53944  38.408  -32.291  0.265 0.6000000238
53962  39.849  -31.775  -0.470 0.5000000000
52928  36.751  -32.525  2.406 0.6000000238
54954  40.032  -31.214  -1.106 0.4000000060
52915  36.645  -32.349  3.451 0.6000000238
57977  38.632  -27.833  -2.279 0.5000000000
54974  39.965  -30.721  -1.935 0.4000000060
55970  40.193  -30.228  -2.215 0.4000000060
146012  36.855  -31.702  3.731 0.6000000238
56976  38.592  -28.679  -1.772 0.5000000000
55985  39.903  -29.862  -3.119 0.4000000060
53887  35.934  -31.850  5.095 0.6000000238
145245  38.968  -29.633  -2.341 0.4000000060
55972  39.387  -30.285  -1.953 0.4000000060
46161  28.341  -39.966  -2.930 0.8999999762
53876  33.628  -31.600  5.404 0.8999999762
52892  33.726  -32.520  5.494 0.8000000119
47061  28.345  -38.320  -2.588 0.8999999762
48026  27.919  -38.007  -1.646 0.8999999762
49047  28.079  -36.691  -1.686 0.8999999762
48010  27.599  -37.117  -0.693 0.8999999762
132343  30.482  -32.874  3.796 1.0000000000
53914  30.550  -31.839  2.630 1.0000000000
50056  27.688  -35.298  0.325 1.0000000000
138359  28.452  -33.745  -0.269 0.8999999762
54936  30.915  -30.701  0.088 1.0000000000
53964  30.421  -31.226  -0.356 1.0000000000
137933  29.435  -32.262  -0.153 0.8999999762
55965  31.939  -29.633  -0.833 1.0000000000
54975  31.473  -30.165  -1.350 0.8999999762
50992  38.291  -34.879  1.437 0.6999999881
147241  40.251  -24.865  -4.176 0.3000000119
60042  39.275  -25.787  -2.915 0.3000000119
60032  38.766  -25.979  -1.396 0.3000000119
53927  37.972  -31.546  0.814 0.6000000238
57956  38.549  -27.397  -0.225 0.5000000000
58961  38.588  -26.705  0.590 0.4000000060
53943  38.654  -31.696  0.077 0.5000000000
54934  38.861  -31.032  -0.256 0.5000000000
54916  38.322  -30.911  0.692 0.5000000000
53912  37.127  -31.787  2.838 0.5000000000
57968  38.562  -27.589  -1.179 0.5000000000
54955  39.323  -30.667  -1.128 0.5000000000
54900  37.792  -30.615  2.291 0.5000000000
56939  38.516  -28.260  1.319 0.5000000000
55952  38.561  -29.932  0.006 0.5000000000
52903  36.411  -31.989  4.427 0.6000000238
56951  38.483  -28.820  0.366 0.5000000000
135504  38.582  -29.533  -0.557 0.5000000000
53874  35.705  -31.337  5.282 0.6999999881
56919  38.276  -28.402  2.806 0.5000000000
55909  38.296  -29.198  2.259 0.5000000000
54857  35.332  -30.744  5.373 0.6000000238
52905  32.396  -32.038  5.124 0.8999999762
153395  31.504  -32.530  4.640 0.8999999762
141953  31.597  -32.974  4.958 0.8999999762
53889  31.815  -31.265  4.138 0.8999999762
141809  31.459  -30.517  1.681 0.8999999762
54902  31.558  -30.661  2.490 0.8999999762
53913  31.160  -31.367  3.003 0.8999999762
52917  30.859  -32.131  3.623 1.0000000000
51006  27.982  -34.621  -0.202 0.8999999762
50066  27.764  -35.468  -0.461 0.8999999762
52959  28.876  -32.935  -0.273 0.8999999762
54935  31.422  -30.303  0.394 0.8000000119
55953  32.425  -29.180  -0.406 0.6999999881
51015  28.517  -34.223  -1.241 0.8999999762
53979  30.422  -31.265  -1.404 0.8999999762
142919  29.368  -32.572  -1.301 0.8999999762
62113  40.700  -24.132  -3.753 0.3000000119
61076  39.642  -24.982  -2.403 0.3000000119
61075  40.163  -24.347  -2.203 0.4000000060
61066  39.761  -24.270  -1.572 0.3000000119
61067  38.931  -25.119  -0.914 0.3000000119
130436  38.684  -25.238  0.013 0.4000000060
145674  38.632  -25.962  0.091 0.4000000060
148988  37.532  -31.452  1.835 0.6000000238
57930  38.538  -27.329  1.485 0.5000000000
57917  38.348  -27.043  2.401 0.4000000060
54899  38.201  -30.090  1.630 0.5000000000
53897  37.224  -31.158  3.548 0.5000000000
142407  38.455  -27.860  2.181 0.5000000000
55934  38.396  -29.252  1.215 0.5000000000
54881  37.201  -30.622  4.069 0.5000000000
55890  37.718  -29.486  3.484 0.5000000000
54869  36.701  -30.425  4.656 0.5000000000
55873  37.387  -29.039  4.083 0.5000000000
54856  36.062  -30.624  5.203 0.5000000000
56881  36.979  -28.621  4.349 0.5000000000
55875  36.021  -29.272  5.026 0.6000000238
54858  34.408  -30.932  5.407 0.6000000238
56884  34.744  -28.617  4.662 0.6999999881
54870  33.131  -30.348  4.724 0.6999999881
142917  32.838  -31.335  5.111 0.6999999881
55877  33.609  -29.489  4.500 0.6999999881
55878  32.544  -30.204  3.930 0.8000000119
54871  32.397  -30.900  4.474 0.8000000119
50065  28.258  -35.004  -1.288 0.8999999762
54882  32.176  -30.224  2.986 0.8999999762
54883  31.660  -30.937  3.397 0.8999999762
55935  32.247  -29.519  0.969 0.6999999881
51972  29.294  -33.224  -2.199 0.8999999762
53980  29.924  -31.918  -2.001 0.8999999762
55964  32.411  -29.149  -1.330 1.0000000000
62092  40.312  -23.706  -1.689 0.3000000119
61056  38.818  -24.554  -0.194 0.4000000060
62083  39.747  -23.493  -1.048 0.3000000119
60008  38.551  -25.563  0.989 0.4000000060
132835  38.732  -23.745  0.067 0.3000000119
58951  38.462  -26.374  1.732 0.4000000060
59995  38.233  -25.502  2.027 0.4000000060
61028  38.218  -24.711  1.533 0.4000000060
57896  37.891  -27.873  3.406 0.4000000060
58944  38.093  -26.238  2.602 0.4000000060
59985  37.585  -25.438  2.697 0.4000000060
57897  37.333  -27.463  3.769 0.4000000060
143976  37.243  -26.776  3.581 0.4000000060
57881  35.980  -27.800  4.484 0.5000000000
56882  36.377  -28.576  4.630 0.5000000000
55891  33.360  -29.032  3.524 0.6000000238
55892  32.754  -29.614  3.260 0.8000000119
54901  32.001  -29.945  1.853 0.6999999881
56953  32.782  -28.695  0.038 0.6999999881
54976  30.963  -30.699  -1.950 0.8999999762
136161  30.554  -31.409  -2.638 0.8999999762
55973  32.368  -29.160  -2.319 0.8999999762
55988  31.982  -29.678  -2.686 0.8000000119
54989  31.560  -30.185  -2.414 0.8000000119
56995  32.611  -28.516  -2.888 0.6999999881
57989  33.024  -26.942  -3.221 0.8000000119
63081  40.851  -22.274  -1.224 0.3000000119
157116  39.238  -23.343  -0.524 0.3000000119
61029  37.634  -24.197  1.866 0.3000000119
62056  38.130  -23.764  1.067 0.4000000060
59996  37.845  -24.878  2.166 0.4000000060
61019  37.267  -24.623  2.438 0.4000000060
59986  36.782  -25.075  2.919 0.5000000000
57898  36.506  -27.057  3.992 0.5000000000
58929  34.796  -26.858  3.396 0.5000000000
58945  34.874  -26.163  2.906 0.5000000000
57899  35.423  -27.172  4.065 0.5000000000
134826  34.269  -27.435  3.093 0.5000000000
56902  33.934  -28.141  3.408 0.5000000000
55911  32.977  -29.103  2.694 0.6999999881
56921  32.912  -28.910  1.920 0.6999999881
56952  33.217  -28.260  0.515 0.6999999881
57943  33.457  -27.690  0.145 0.6999999881
56963  33.152  -28.180  -0.343 0.6999999881
57957  33.385  -27.597  -0.666 0.6999999881
56978  32.723  -28.585  -1.808 0.8000000119
58984  33.463  -26.577  -1.830 0.6999999881
63080  41.516  -22.137  -1.783 0.3000000119
63070  40.171  -22.117  -0.817 0.3000000119
64021  40.688  -21.540  -0.741 0.4000000060
62084  38.860  -22.819  -0.216 0.3000000119
62073  37.761  -22.877  0.809 0.4000000060
62042  37.002  -23.883  2.106 0.4000000060
59987  35.841  -25.010  2.757 0.4000000060
61021  35.781  -24.351  2.178 0.3000000119
59988  35.033  -25.544  2.462 0.5000000000
57919  34.284  -26.933  2.394 0.6000000238
61030  35.158  -24.406  1.453 0.3000000119
59998  34.658  -25.569  1.736 0.5000000000
61031  34.636  -25.150  1.166 0.4000000060
57920  33.807  -27.777  2.395 0.6999999881
57931  33.794  -27.417  1.541 0.6999999881
131092  34.289  -26.087  1.014 0.6000000238
147235  33.537  -27.755  0.868 0.6999999881
143352  32.511  -29.350  1.592 0.6999999881
58963  33.793  -27.031  0.676 0.6999999881
58962  33.878  -26.305  -0.088 0.6000000238
63058  38.324  -22.334  0.087 0.3000000119
62058  36.721  -23.222  1.622 0.3000000119
62044  35.740  -23.847  1.729 0.3000000119
63059  37.653  -22.055  0.325 0.3000000119
63045  36.464  -22.569  1.050 0.3000000119
63061  36.256  -21.956  0.285 0.3000000119
61043  35.316  -23.675  1.031 0.3000000119
135358  35.664  -22.712  0.575 0.4000000060
60009  34.332  -25.453  0.281 0.5000000000
61044  34.674  -24.493  0.457 0.5000000000
62074  34.931  -23.548  0.055 0.5000000000
154269  34.350  -24.995  -0.324 0.6000000238
149787  34.107  -25.578  -0.491 0.6000000238
65989  42.253  -19.144  -0.689 0.4000000060
64947  40.825  -20.752  -0.353 0.3000000119
64022  39.604  -21.655  -0.559 0.3000000119
64948  40.090  -21.101  -0.359 0.3000000119
64005  38.432  -21.424  -0.496 0.3000000119
64949  39.229  -20.949  -0.433 0.3000000119
63060  36.941  -21.936  0.474 0.3000000119
64006  37.651  -21.272  -0.598 0.3000000119
64008  36.233  -21.584  -0.397 0.3000000119
62085  35.146  -22.773  -0.379 0.4000000060
63072  35.691  -21.896  -0.521 0.4000000060
61057  34.477  -24.257  -0.628 0.6000000238
62086  34.669  -23.321  -0.978 0.4000000060
63073  35.013  -22.336  -1.289 0.4000000060
61068  34.191  -23.932  -1.833 0.5000000000
60022  34.061  -25.053  -1.239 0.6000000238
60053  33.055  -25.527  -3.741 0.6999999881
145544  32.526  -27.804  -3.779 0.8000000119
67938  41.965  -18.162  -0.115 0.4000000060
65965  41.264  -19.598  0.270 0.3000000119
146376  40.615  -19.834  0.647 0.3000000119
64926  39.686  -20.546  0.128 0.3000000119
64950  38.304  -20.549  -0.628 0.3000000119
64025  37.140  -20.421  -1.364 0.4000000060
63083  35.547  -21.286  -1.978 0.4000000060
63084  34.821  -21.911  -2.268 0.4000000060
142037  34.502  -22.817  -2.013 0.4000000060
63094  34.337  -22.070  -3.129 0.4000000060
60034  33.637  -25.674  -2.075 0.6000000238
62093  34.008  -23.087  -2.903 0.4000000060
60044  33.455  -25.274  -3.045 0.6999999881
62103  33.609  -23.234  -3.745 0.4000000060
63095  33.686  -22.314  -4.073 0.4000000060
61086  33.202  -24.675  -3.846 0.6000000238
62114  33.028  -22.772  -4.786 0.5000000000
61087  32.660  -24.773  -4.391 0.6000000238
59002  32.536  -26.503  -4.113 0.6999999881
60054  32.497  -25.658  -4.304 0.6999999881
135087  41.808  -17.495  0.009 0.3000000119
65966  40.932  -19.143  0.956 0.3000000119
65967  39.978  -20.075  0.857 0.3000000119
64908  39.284  -20.160  0.876 0.3000000119
64928  38.071  -20.046  -0.529 0.3000000119
152755  37.331  -20.130  -1.196 0.4000000060
64033  36.208  -20.352  -2.090 0.3000000119
66003  36.452  -19.787  -1.687 0.3000000119
64034  35.497  -20.411  -2.691 0.3000000119
64962  35.590  -20.029  -2.598 0.3000000119
64035  34.872  -20.981  -3.200 0.3000000119
155384  34.274  -20.483  -3.765 0.3000000119
63103  33.866  -21.133  -4.259 0.3000000119
64975  33.552  -20.448  -4.265 0.3000000119
63104  33.039  -21.571  -4.912 0.3000000119
64976  32.929  -20.474  -4.562 0.4000000060
63113  32.485  -22.001  -5.101 0.5000000000
61094  32.070  -24.028  -4.834 0.5000000000
60064  31.931  -25.341  -4.593 0.5000000000
67910  41.161  -17.432  1.237 0.3000000119
66939  40.538  -18.751  1.651 0.3000000119
65947  39.587  -19.725  1.529 0.3000000119
64909  38.428  -19.984  0.846 0.3000000119
66004  35.643  -19.657  -2.139 0.3000000119
66015  35.095  -19.725  -2.694 0.3000000119
66016  34.411  -19.693  -2.997 0.3000000119
64971  33.037  -20.127  -3.914 0.3000000119
63105  31.893  -21.583  -4.729 0.4000000060
63115  31.837  -22.601  -4.909 0.5000000000
62116  31.586  -22.991  -4.511 0.5000000000
61095  31.705  -24.584  -4.491 0.5000000000
68834  40.748  -17.008  1.908 0.3000000119
67911  40.693  -17.911  1.826 0.3000000119
66922  40.154  -18.375  2.324 0.3000000119
65926  39.153  -19.483  2.200 0.3000000119
65948  38.371  -19.656  2.018 0.3000000119
65992  36.579  -19.584  -0.989 0.3000000119
65970  35.588  -19.333  -0.209 0.3000000119
65994  34.819  -19.343  -1.562 0.3000000119
64043  32.488  -20.808  -4.397 0.4000000060
63096  32.018  -21.476  -3.744 0.4000000060
62105  31.450  -23.474  -3.854 0.4000000060
61079  31.397  -24.398  -3.294 0.4000000060
61088  31.356  -24.141  -4.215 0.5000000000
60045  30.968  -25.252  -3.648 0.4000000060
135993  40.574  -15.272  0.378 0.3000000119
143596  40.824  -15.794  1.074 0.3000000119
67899  39.757  -17.965  2.951 0.3000000119
65927  38.526  -19.090  2.883 0.3000000119
65949  37.513  -19.600  1.607 0.3000000119
65969  36.511  -19.452  0.060 0.3000000119
65951  35.521  -19.355  0.873 0.3000000119
65995  34.215  -19.411  -1.895 0.3000000119
64952  33.749  -19.694  -1.861 0.3000000119
64963  33.386  -19.914  -2.866 0.3000000119
64036  32.711  -20.641  -3.106 0.4000000060
62095  32.107  -22.543  -2.657 0.3000000119
69808  40.615  -16.028  1.846 0.3000000119
68819  40.344  -16.608  2.559 0.3000000119
68800  39.955  -16.267  3.215 0.3000000119
67898  40.309  -17.508  2.483 0.3000000119
66904  39.054  -18.349  3.310 0.3000000119
155073  38.294  -18.473  3.487 0.3000000119
157208  37.601  -18.784  3.287 0.3000000119
65928  37.563  -19.319  2.567 0.3000000119
131000  36.594  -19.277  2.215 0.3000000119
66924  36.711  -18.894  2.991 0.3000000119
64951  34.176  -19.579  -1.082 0.3000000119
69794  39.994  -14.792  2.584 0.3000000119
68820  39.935  -17.114  3.109 0.3000000119
69771  39.858  -15.361  3.459 0.3000000119
68801  39.568  -16.740  3.696 0.3000000119
67859  39.019  -17.110  4.149 0.3000000119
65930  35.569  -19.281  1.984 0.3000000119
65971  34.809  -19.489  0.537 0.3000000119
64929  34.268  -19.916  0.107 0.3000000119
70757  39.809  -14.520  3.391 0.3000000119
70738  39.655  -14.572  4.227 0.3000000119
68778  39.297  -16.324  4.271 0.3000000119
69750  39.529  -15.516  4.264 0.4000000060
68779  38.638  -16.587  4.655 0.3000000119
67884  37.566  -18.050  3.914 0.3000000119
66905  36.815  -18.441  3.549 0.3000000119
69738  38.661  -15.324  5.395 0.4000000060
69737  39.335  -14.974  4.911 0.4000000060
68780  37.812  -16.770  4.947 0.4000000060
70726  39.486  -14.114  5.043 0.3000000119
70727  38.954  -14.506  5.538 0.4000000060
37844  29.483  -47.643  3.506 1.0000000000
144428  29.060  -46.185  3.973 1.0000000000
36822  29.006  -48.365  3.379 0.8999999762
56964  32.764  -28.635  -0.842 0.6999999881
56994  32.993  -27.942  -2.204 0.8000000119
58992  33.272  -26.244  -2.897 0.8000000119
57978  33.177  -27.166  -2.498 0.6999999881
156425  34.618  -53.944  -0.818 0.6000000238
140213  35.718  -53.974  -1.560 0.6000000238
131779  38.661  -51.429  -2.822 0.6000000238
28616  31.079  -56.168  2.361 0.5000000000
29612  30.810  -55.836  3.256 0.5000000000
34941  31.902  -50.915  -1.921 0.8999999762
148651  35.283  -50.673  1.024 0.5000000000
145812  33.982  -52.733  3.424 0.4000000060
33862  34.960  -51.352  3.156 0.5000000000
31583  33.680  -53.485  3.839 0.4000000060
36926  36.063  -48.412  -4.742 0.6999999881
35968  33.425  -49.197  -4.386 0.8999999762
37925  34.630  -47.285  -2.466 0.6999999881
137865  35.487  -49.840  3.154 0.5000000000
142457  36.831  -49.865  3.598 0.5000000000
39875  36.108  -45.050  -5.744 0.8000000119
30531  33.331  -54.139  4.320 0.4000000060
145259  34.890  -46.572  -5.784 0.8000000119
38896  35.403  -46.375  -3.917 0.6999999881
38811  36.948  -46.967  3.765 0.4000000060
38883  32.269  -46.793  -1.529 0.8000000119
36864  26.979  -48.579  1.991 0.8000000119
143718  35.518  -45.160  -0.495 0.6000000238
40857  36.807  -44.470  2.022 0.4000000060
140515  37.563  -44.826  3.716 0.4000000060
41957  34.484  -43.646  -5.271 0.8000000119
37843  30.049  -47.696  3.345 1.0000000000
41878  37.360  -43.828  1.538 0.5000000000
39833  38.181  -45.827  0.093 0.5000000000
38818  27.976  -46.686  3.224 1.0000000000
41899  36.091  -43.548  -0.534 0.6999999881
38814  30.976  -46.119  3.290 1.0000000000
154684  29.866  -47.277  3.566 1.0000000000
44042  28.008  -41.394  2.637 1.0000000000
133460  28.499  -41.205  3.371 1.0000000000
42957  32.641  -42.541  0.233 0.8000000119
45055  30.260  -40.334  4.517 1.0000000000
47005  34.049  -38.383  3.301 0.8000000119
44009  31.565  -41.088  4.468 1.0000000000
152465  31.070  -42.518  4.443 1.0000000000
47038  33.678  -38.177  -0.093 0.6999999881
47911  32.159  -36.992  5.220 0.8000000119
49974  30.943  -35.792  5.152 1.0000000000
49986  29.777  -35.642  4.212 1.0000000000
50091  35.035  -35.857  -3.818 0.6000000238
149087  34.023  -37.404  -1.665 0.6999999881
138177  42.855  -28.885  1.783 0.4000000060
44101  28.101  -41.657  -2.420 1.0000000000
140634  27.889  -40.179  -1.750 1.0000000000
57940  41.425  -27.291  0.697 0.4000000060
150589  29.637  -33.109  2.704 1.0000000000
157179  42.307  -31.011  2.559 0.4000000060
56937  41.527  -28.508  1.572 0.5000000000
54897  41.560  -30.605  2.477 0.5000000000
57018  39.159  -28.300  -4.296 0.4000000060
57005  39.427  -28.927  -4.220 0.4000000060
51956  29.040  -33.060  1.383 1.0000000000
54953  40.203  -31.074  -1.011 0.5000000000
55974  31.961  -29.636  -1.811 0.8000000119
57942  38.546  -27.802  0.520 0.5000000000
55910  38.012  -29.816  2.695 0.5000000000
55861  35.668  -29.999  5.257 0.5000000000
54859  33.587  -30.840  5.245 0.6999999881
151938  34.614  -29.691  5.167 0.6000000238
57882  35.108  -27.898  4.450 0.5000000000
56901  34.447  -28.143  4.167 0.5000000000
58928  35.699  -26.325  3.566 0.5000000000
56977  33.101  -28.091  -1.238 0.6999999881
60023  33.799  -26.020  -1.097 0.6999999881
60033  33.782  -24.768  -2.376 0.6000000238
65991  37.348  -19.766  -0.715 0.3000000119
31764  36.069  -52.552  -6.661 0.5000000000
31749  35.336  -52.599  -5.977 0.5000000000
33985  33.669  -51.448  -4.532 0.5000000000
31763  37.811  -53.566  -7.676 0.5000000000
31748  35.849  -53.533  -6.025 0.5000000000
31772  39.918  -53.619  -8.290 0.5000000000
32899  37.771  -52.286  -8.023 0.5000000000
136538  36.780  -52.994  -7.109 0.5000000000
31762  40.162  -53.612  -8.011 0.5000000000
29710  39.580  -54.870  -5.729 0.4000000060
32887  39.838  -52.923  -7.632 0.5000000000
30656  39.082  -54.263  -4.737 0.4000000060
32878  39.640  -53.033  -6.524 0.5000000000
136405  37.707  -54.964  -3.505 0.5000000000
31727  39.179  -53.440  -4.716 0.5000000000
38889  27.931  -45.929  -3.449 0.6999999881
37927  27.905  -46.878  -3.689 0.6999999881
38885  26.825  -46.810  -1.236 0.8000000119
37910  26.606  -47.301  -0.199 0.8000000119
140737  26.644  -47.594  -0.946 0.8000000119
37897  26.636  -47.438  0.766 0.8999999762
38880  26.737  -46.512  -0.377 0.8999999762
38879  26.971  -45.921  -1.049 0.8999999762
39836  26.830  -45.824  0.044 0.8999999762
154797  26.920  -45.522  0.648 0.8999999762
40894  28.132  -44.412  -3.309 0.6000000238
39855  27.990  -45.145  -3.262 0.8000000119
39847  27.112  -45.145  -0.774 0.8999999762
135812  27.056  -44.969  0.285 0.8999999762
144510  27.208  -44.396  1.007 0.8999999762
139341  27.419  -43.812  1.581 0.8999999762
48058  38.225  -36.625  -5.477 0.5000000000
47093  36.861  -38.021  -4.173 0.5000000000
47107  36.382  -37.264  -5.460 0.5000000000
46159  36.620  -39.306  -2.407 0.6000000238
47076  36.397  -38.800  -3.196 0.5000000000
47094  36.185  -38.354  -4.363 0.5000000000
45147  36.453  -40.417  -1.499 0.6000000238
40906  28.153  -43.752  -3.895 0.6000000238
134980  28.176  -43.653  -2.949 0.8999999762
157463  27.347  -44.006  -0.788 0.8999999762
39851  27.443  -45.170  -2.007 0.8999999762
40881  27.223  -44.527  -0.518 0.8999999762
144877  27.361  -43.221  0.336 0.8999999762
41880  27.433  -43.103  1.203 0.8999999762
49074  37.772  -35.371  -5.336 0.5000000000
141714  37.164  -35.661  -4.481 0.5000000000
49073  38.594  -35.494  -5.123 0.5000000000
49087  37.264  -35.506  -5.671 0.5000000000
49088  36.453  -35.524  -5.730 0.5000000000
49085  38.941  -35.645  -5.445 0.5000000000
48073  37.839  -35.597  -5.774 0.5000000000
41911  28.026  -42.998  -2.488 0.8999999762
41924  28.150  -43.042  -3.601 0.6999999881
41903  27.612  -43.588  -1.586 0.8999999762
144391  27.619  -43.010  -1.332 0.8999999762
42968  27.467  -42.578  -0.485 0.8999999762
42958  27.421  -42.444  0.645 0.8999999762
48022  38.605  -37.280  -1.976 0.5000000000
49061  36.825  -36.543  -3.064 0.5000000000
154114  39.407  -36.902  -2.860 0.5000000000
49059  39.642  -36.364  -3.893 0.5000000000
42983  27.825  -42.396  -1.840 0.8999999762
44080  27.591  -41.761  -1.060 0.8999999762
145945  27.519  -41.151  -0.427 0.8999999762
48044  37.801  -36.901  -2.636 0.5000000000
48005  40.007  -37.363  -0.823 0.5000000000
48006  38.967  -37.462  -0.761 0.5000000000
48042  39.631  -37.255  -1.872 0.5000000000
47988  40.471  -37.143  0.216 0.4000000060
45183  27.756  -40.413  -3.747 0.6000000238
46180  27.165  -39.616  -3.737 0.6000000238
46179  28.005  -39.772  -3.897 0.8000000119
138596  27.854  -38.917  -4.001 0.6999999881
47098  26.851  -38.547  -3.685 0.6999999881
48063  27.027  -37.639  -3.724 0.6999999881
48048  26.284  -37.132  -3.130 0.6999999881
139755  28.332  -38.181  -3.931 0.8000000119
138137  28.351  -39.357  -3.402 0.8000000119
47097  27.764  -38.098  -4.100 0.6999999881
48078  27.815  -37.321  -4.139 0.6999999881
49080  27.197  -36.844  -3.717 0.6999999881
49079  27.972  -36.605  -4.195 0.6999999881
50094  27.472  -36.078  -3.777 0.6999999881
139723  28.530  -37.086  -3.411 0.8000000119
49078  28.458  -36.699  -3.918 0.8000000119
48025  28.334  -37.447  -2.426 0.8000000119
132526  28.579  -35.300  -4.026 0.6999999881
50092  28.524  -35.921  -3.894 0.6999999881
51032  29.020  -34.873  -3.393 0.8000000119
49046  28.526  -36.102  -2.545 0.8000000119
51031  29.340  -34.157  -3.768 0.6999999881
51980  29.581  -33.504  -3.285 0.8000000119
134625  29.639  -32.916  -4.092 0.6000000238
51020  28.703  -34.685  -2.163 0.8000000119
51981  29.118  -34.028  -2.524 0.8000000119
52978  30.121  -32.333  -4.071 0.6000000238
156231  30.296  -31.835  -4.234 0.6000000238
54003  29.986  -31.436  -4.375 0.6000000238
53993  30.200  -32.216  -3.315 0.8000000119
53992  30.648  -31.578  -3.854 0.6000000238
55006  31.497  -30.185  -4.061 0.6000000238
52966  29.728  -32.746  -2.673 0.8000000119
56004  31.442  -29.761  -4.287 0.6000000238
54990  31.160  -30.821  -3.161 0.6999999881
55997  31.935  -29.501  -3.995 0.6000000238
58000  32.341  -27.116  -4.192 0.6999999881
57021  31.113  -28.889  -4.396 0.6000000238
57020  31.907  -28.761  -4.300 0.6000000238
58001  31.615  -26.994  -4.468 0.6000000238
54998  31.703  -30.096  -3.487 0.6999999881
55987  32.224  -29.291  -3.281 0.6999999881
28714  36.767  -56.377  -3.328 0.4000000060
30643  38.368  -54.650  -3.990 0.5000000000
136124  38.761  -53.702  -3.963 0.5000000000
32896  39.698  -52.832  -8.081 0.5000000000
31774  38.622  -52.729  -8.262 0.5000000000
39819  27.094  -45.269  1.280 0.8999999762
47987  41.462  -36.971  -0.169 0.3000000119
48047  28.483  -37.865  -3.376 0.8000000119
30693  39.223  -53.738  -8.311 0.5000000000
31746  40.129  -53.681  -7.210 0.5000000000
38884  27.313  -45.976  -2.193 0.8000000119
47092  37.595  -37.885  -4.192 0.5000000000
48062  28.406  -37.429  -3.919 0.8000000119
49090  28.243  -37.028  -4.131 0.6999999881
50071  28.617  -35.355  -2.394 0.8000000119
156129  29.234  -34.027  -4.116 0.6999999881
147629  29.487  -33.570  -3.975 0.6999999881
42955  38.606  -43.153  0.282 0.4000000060
42954  39.006  -42.155  0.137 0.4000000060
41897  39.151  -44.271  -0.598 0.4000000060
42962  39.382  -43.252  -0.534 0.4000000060
41907  38.395  -44.402  -1.706 0.5000000000
42976  39.918  -43.247  -1.176 0.4000000060
44094  40.268  -42.232  -1.260 0.4000000060
44095  37.616  -41.554  -1.494 0.5000000000
44096  36.794  -41.212  -1.129 0.5000000000
41919  39.403  -44.269  -2.618 0.5000000000
40890  39.780  -44.474  -2.587 0.4000000060
40891  39.413  -44.460  -2.259 0.4000000060
142296  40.680  -42.688  -1.876 0.4000000060
42975  40.368  -43.408  -1.722 0.4000000060
41896  39.632  -44.139  -1.239 0.4000000060
44093  40.813  -41.530  -1.841 0.4000000060
45161  37.651  -39.888  -1.999 0.5000000000
42995  38.794  -43.501  -2.460 0.5000000000
41940  40.629  -44.279  -3.734 0.4000000060
42992  41.130  -43.769  -2.984 0.4000000060
43044  42.510  -44.142  -5.617 0.4000000060
43030  42.390  -43.225  -4.619 0.4000000060
44111  41.084  -42.621  -2.397 0.4000000060
43029  43.073  -42.634  -5.144 0.4000000060
44129  42.744  -41.853  -4.399 0.4000000060
45160  38.388  -40.626  -2.294 0.5000000000
44112  38.806  -42.164  -2.577 0.5000000000
44131  39.520  -42.538  -3.405 0.4000000060
44151  46.642  -41.773  -5.681 0.3000000119
43017  40.024  -43.823  -3.689 0.4000000060
43040  47.047  -42.649  -6.438 0.3000000119
41955  41.054  -44.518  -4.822 0.4000000060
131391  47.338  -43.739  -7.120 0.3000000119
41972  46.033  -44.233  -7.538 0.3000000119
137936  44.555  -44.074  -7.612 0.3000000119
41974  43.630  -44.303  -7.155 0.3000000119
41963  42.751  -44.388  -6.526 0.4000000060
41953  42.010  -44.715  -5.971 0.4000000060
43015  41.643  -43.749  -3.888 0.4000000060
40931  45.232  -44.420  -7.281 0.3000000119
41973  44.544  -44.375  -7.157 0.3000000119
43043  43.409  -43.508  -5.954 0.4000000060
46157  38.165  -39.473  -2.548 0.4000000060
46156  38.995  -39.928  -2.952 0.4000000060
44130  40.115  -42.627  -4.234 0.4000000060
140701  39.729  -41.601  -3.703 0.4000000060
44139  47.214  -41.236  -4.865 0.3000000119
45201  45.213  -40.735  -5.594 0.3000000119
44163  46.076  -42.335  -6.565 0.3000000119
44164  45.207  -42.001  -6.883 0.3000000119
44170  43.646  -42.919  -7.644 0.3000000119
44167  42.831  -42.259  -7.325 0.4000000060
149426  41.984  -44.383  -6.576 0.4000000060
40915  41.511  -44.538  -5.686 0.4000000060
150913  45.598  -42.786  -7.307 0.3000000119
43058  44.317  -43.333  -7.717 0.3000000119
44171  43.179  -43.602  -7.479 0.3000000119
47074  37.799  -38.673  -3.137 0.4000000060
46187  43.602  -39.073  -5.200 0.3000000119
46199  42.611  -39.058  -5.941 0.3000000119
45216  41.899  -40.410  -6.329 0.4000000060
46200  41.612  -39.269  -5.870 0.4000000060
45192  40.690  -40.521  -4.986 0.4000000060
45193  40.101  -39.880  -4.282 0.4000000060
45191  44.769  -40.077  -5.164 0.3000000119
46197  43.991  -39.701  -5.652 0.3000000119
46206  42.982  -39.840  -6.494 0.3000000119
44155  41.051  -41.824  -5.597 0.4000000060
44143  40.490  -41.833  -4.847 0.4000000060
45202  44.378  -40.409  -6.074 0.3000000119
45214  43.321  -40.837  -6.926 0.3000000119
44168  42.106  -41.620  -6.664 0.4000000060
44154  41.573  -42.542  -6.359 0.4000000060
146183  40.623  -43.052  -5.104 0.4000000060
45212  44.780  -41.174  -6.462 0.3000000119
153447  41.831  -43.713  -6.667 0.4000000060
43045  41.164  -43.269  -5.833 0.4000000060
49058  40.004  -36.247  -4.540 0.4000000060
48070  40.093  -36.497  -5.373 0.4000000060
48071  39.474  -36.182  -5.465 0.4000000060
47091  38.428  -37.890  -4.280 0.4000000060
48068  41.942  -37.470  -4.928 0.3000000119
48081  40.654  -36.811  -5.254 0.4000000060
46189  39.942  -38.604  -4.623 0.4000000060
47090  39.228  -38.088  -4.394 0.4000000060
47116  42.153  -38.166  -5.477 0.4000000060
143674  41.132  -38.398  -5.565 0.4000000060
46188  40.497  -39.258  -4.911 0.4000000060
46174  39.447  -39.249  -3.736 0.4000000060
51040  28.353  -34.645  -4.027 0.6000000238
50085  26.804  -35.453  -3.142 0.6000000238
138152  29.860  -32.234  -4.308 0.5000000000
134226  28.847  -34.017  -4.219 0.5000000000
54004  29.218  -31.676  -4.155 0.5000000000
55008  30.200  -30.336  -4.280 0.5000000000
56005  30.755  -29.649  -4.359 0.5000000000
130955  31.146  -27.791  -4.423 0.5000000000
59011  31.183  -26.164  -4.400 0.4000000060
64890  34.770  -19.791  1.997 0.3000000119
138995  34.499  -20.657  2.141 0.3000000119
63046  34.155  -21.820  1.839 0.3000000119
67861  37.067  -17.351  4.595 0.3000000119
66887  36.347  -17.947  4.058 0.3000000119
65931  35.088  -19.428  2.380 0.3000000119
65912  35.100  -19.395  3.236 0.3000000119
143769  34.629  -20.813  3.111 0.3000000119
63973  34.448  -21.660  2.899 0.3000000119
68766  37.468  -16.293  5.440 0.3000000119
155198  36.218  -17.532  4.658 0.3000000119
66906  35.673  -18.284  4.008 0.3000000119
65879  35.393  -18.672  4.585 0.3000000119
65894  35.155  -19.444  4.171 0.3000000119
156184  35.283  -18.852  5.326 0.3000000119
145028  34.961  -20.163  4.690 0.3000000119
63020  34.389  -22.403  3.604 0.3000000119
152279  34.461  -22.325  4.361 0.3000000119
70728  38.210  -14.852  5.975 0.3000000119
69740  37.037  -15.862  5.926 0.3000000119
67862  35.847  -17.490  5.166 0.3000000119
68768  36.067  -16.899  5.688 0.3000000119
66872  35.455  -18.194  5.407 0.3000000119
67850  35.637  -17.440  5.959 0.3000000119
65880  35.112  -19.528  5.231 0.3000000119
63939  34.787  -20.974  4.748 0.3000000119
63002  34.582  -21.853  4.911 0.3000000119
70711  38.522  -14.051  6.165 0.3000000119
69721  37.411  -15.165  6.294 0.3000000119
69722  36.642  -15.478  6.544 0.3000000119
68755  35.759  -16.692  6.469 0.3000000119
67839  35.341  -17.355  6.896 0.3000000119
66873  35.139  -18.998  6.114 0.3000000119
145877  34.963  -18.695  6.972 0.3000000119
71620  38.024  -13.506  6.793 0.3000000119
70704  37.230  -13.947  7.119 0.3000000119
69711  36.243  -15.075  7.178 0.3000000119
68741  35.273  -16.482  7.437 0.3000000119
71610  37.431  -13.201  7.342 0.3000000119
71611  36.704  -13.528  7.596 0.3000000119
71594  36.190  -13.105  8.121 0.3000000119
70706  35.803  -14.618  7.732 0.3000000119
72537  36.893  -12.772  7.758 0.3000000119
72519  36.393  -12.435  8.223 0.3000000119
73441  36.989  -11.119  8.257 0.3000000119
44110  41.605  -42.327  -3.143 0.4000000060
137604  38.397  -41.993  0.964 0.4000000060
44059  39.377  -41.274  -0.007 0.4000000060
45144  41.369  -40.592  -2.192 0.4000000060
44074  40.326  -40.946  -1.016 0.4000000060
44142  43.373  -41.680  -4.594 0.4000000060
151605  43.014  -41.143  -4.147 0.4000000060
45158  41.822  -40.951  -3.006 0.4000000060
43039  48.001  -42.902  -6.343 0.3000000119
41971  47.442  -44.656  -7.152 0.3000000119
40933  46.609  -44.530  -7.297 0.3000000119
40923  46.241  -44.737  -6.955 0.3000000119
43041  45.185  -43.407  -5.815 0.3000000119
43042  44.239  -43.207  -5.961 0.3000000119
44150  47.646  -41.942  -5.528 0.3000000119
45189  46.687  -40.578  -4.353 0.3000000119
46186  44.345  -39.431  -4.759 0.3000000119
46184  46.161  -40.011  -3.843 0.3000000119
131009  41.025  -37.093  -2.772 0.4000000060
48040  41.510  -37.134  -3.388 0.4000000060
48069  41.171  -36.910  -4.932 0.4000000060
47089  42.540  -37.624  -4.144 0.3000000119
47103  43.306  -38.519  -4.832 0.3000000119
48041  40.192  -36.857  -3.113 0.4000000060
49066  26.510  -36.308  -3.075 0.6000000238
71619  38.788  -13.271  6.238 0.3000000119
72542  38.423  -12.658  6.781 0.3000000119
72536  37.706  -12.411  7.418 0.3000000119
73457  37.691  -11.433  7.625 0.3000000119
74415  37.648  -10.401  7.778 0.3000000119
45188  47.651  -40.606  -4.305 0.3000000119
41888  38.571  -44.335  0.054 0.4000000060
146528  37.586  -43.589  -1.315 0.5000000000
43016  40.588  -43.969  -4.493 0.4000000060
44152  45.656  -41.492  -6.013 0.3000000119
47105  39.849  -37.232  -5.369 0.4000000060
64853  34.826  -20.491  5.489 0.3000000119
69723  35.948  -15.882  6.880 0.3000000119
69712  35.528  -15.469  7.614 0.3000000119
75408  37.387  -9.519  8.076 0.3000000119
42945  37.967  -42.001  1.925 0.3000000119
44049  38.571  -41.237  1.632 0.3000000119
31626  28.432  -53.499  1.500 0.6000000238
32762  27.601  -52.461  1.714 0.6999999881
142851  26.826  -52.988  0.874 0.6999999881
45115  39.443  -40.387  0.706 0.3000000119
31596  35.460  -53.430  3.773 0.3000000119
33861  37.390  -51.594  3.553 0.3000000119
34943  26.516  -50.207  -1.070 0.6999999881
41854  38.292  -43.212  3.546 0.3000000119
33925  26.505  -51.426  0.175 0.6999999881
32779  26.609  -52.260  0.563 0.6999999881
44028  38.744  -41.837  3.278 0.3000000119
45098  38.989  -40.638  2.076 0.3000000119
33911  26.720  -51.548  1.120 0.6999999881
45085  39.555  -40.231  2.390 0.3000000119
46110  41.489  -39.233  0.757 0.3000000119
46092  40.845  -39.362  1.523 0.3000000119
46112  40.016  -39.662  1.128 0.3000000119
46123  42.621  -39.378  -0.690 0.3000000119
46137  42.319  -39.583  -1.595 0.3000000119
156662  41.151  -39.626  -0.938 0.3000000119
34861  37.684  -50.049  3.561 0.3000000119
37839  38.127  -47.056  3.867 0.4000000060
41853  39.156  -43.360  3.790 0.3000000119
39776  38.480  -44.702  3.926 0.3000000119
34934  26.477  -50.547  -0.139 0.6999999881
139326  26.572  -50.737  0.781 0.6999999881
140611  39.483  -41.683  3.490 0.3000000119
45084  40.213  -40.023  2.744 0.3000000119
46065  41.384  -39.482  2.147 0.3000000119
46125  40.497  -39.850  -0.470 0.3000000119
46122  43.544  -39.464  -0.469 0.3000000119
36818  37.890  -48.636  3.654 0.4000000060
35941  26.566  -49.241  -1.346 0.6999999881
142687  40.367  -45.798  3.424 0.3000000119
151905  38.775  -45.496  3.956 0.3000000119
141492  40.505  -42.852  3.562 0.3000000119
137734  40.027  -43.525  3.692 0.3000000119
35930  26.487  -49.586  -0.254 0.6999999881
45069  41.411  -40.372  3.115 0.3000000119
140928  26.516  -50.071  0.457 0.6999999881
45157  42.550  -40.364  -3.041 0.3000000119
46138  41.552  -39.799  -1.630 0.3000000119
45143  43.729  -39.896  -2.035 0.3000000119
46154  42.835  -39.796  -2.309 0.3000000119
146476  26.514  -48.788  -0.604 0.6999999881
40822  40.425  -44.223  3.550 0.3000000119
144162  26.534  -47.971  0.302 0.6999999881
41870  41.778  -43.610  3.048 0.3000000119
42921  40.889  -42.044  3.512 0.3000000119
35920  26.526  -49.503  0.599 0.6999999881
44127  44.532  -40.918  -3.321 0.3000000119
40821  41.383  -44.382  3.114 0.3000000119
36865  26.607  -48.251  1.066 0.6999999881
45178  43.127  -40.635  -3.595 0.3000000119
155525  41.634  -37.239  -2.465 0.3000000119
139343  30.453  -53.743  -0.219 0.5000000000
31643  26.842  -53.755  0.582 0.6999999881
30570  28.788  -54.213  1.163 0.6000000238
30592  28.253  -54.830  0.890 0.6000000238
31625  29.196  -53.427  1.305 0.6000000238
130396  26.626  -50.680  -1.939 0.6999999881
34960  26.614  -49.908  -1.855 0.6999999881
34860  38.637  -50.208  3.311 0.3000000119
35953  26.794  -49.311  -2.347 0.6999999881
141841  38.898  -48.804  3.398 0.4000000060
37928  27.102  -47.786  -2.484 0.6999999881
37837  40.024  -47.471  3.257 0.4000000060
38810  39.257  -46.824  3.640 0.4000000060
37921  27.249  -46.818  -2.408 0.6999999881
154436  40.917  -45.602  3.204 0.3000000119
38808  41.168  -46.227  2.917 0.3000000119
38828  41.999  -46.538  2.280 0.3000000119
42936  38.138  -42.142  2.830 0.3000000119
36904  26.648  -48.235  -1.342 0.6999999881
31627  27.842  -53.390  1.511 0.6000000238
147559  41.957  -44.843  2.624 0.3000000119
36836  40.236  -48.273  2.880 0.3000000119
30671  34.948  -53.449  -5.333 0.5000000000
31708  32.749  -53.417  -3.381 0.5000000000
30645  32.804  -54.222  -3.380 0.5000000000
32879  34.553  -52.598  -5.291 0.4000000060
28693  25.648  -56.682  -2.134 0.4000000060
28739  23.939  -56.616  -4.107 0.5000000000
32850  33.209  -52.986  -3.911 0.4000000060
32864  33.794  -52.544  -4.570 0.5000000000
31693  31.801  -53.452  -2.206 0.5000000000
28751  22.838  -56.733  -6.235 0.4000000060
28752  22.445  -57.285  -7.099 0.4000000060
28718  24.578  -56.692  -3.357 0.5000000000
31678  30.837  -53.836  -0.919 0.4000000060
28769  22.349  -57.364  -8.417 0.4000000060
27700  21.349  -58.432  -8.811 0.4000000060
29717  23.395  -55.993  -5.789 0.4000000060
29693  24.292  -55.967  -3.760 0.5000000000
29716  23.874  -55.696  -4.842 0.4000000060
28674  25.965  -56.250  -1.625 0.5000000000
29662  26.839  -55.565  -0.309 0.4000000060
30591  29.743  -54.024  0.515 0.5000000000
29647  28.460  -55.552  0.441 0.4000000060
152144  27.364  -55.801  -0.004 0.4000000060
29646  29.071  -54.945  0.622 0.4000000060
28775  21.475  -58.025  -9.029 0.4000000060
31770  20.523  -54.228  -6.347 0.4000000060
29728  23.767  -56.027  -7.331 0.4000000060
31768  22.355  -54.086  -6.665 0.4000000060
29715  24.669  -55.162  -4.202 0.5000000000
30661  24.776  -54.961  -5.807 0.4000000060
30685  24.287  -54.358  -7.541 0.4000000060
29692  24.913  -55.784  -3.043 0.5000000000
148063  25.992  -53.097  -7.238 0.4000000060
142867  25.104  -53.160  -6.968 0.4000000060
30637  25.641  -55.137  -2.556 0.5000000000
30636  26.145  -54.518  -2.060 0.5000000000
34011  26.323  -52.260  -6.755 0.4000000060
34002  25.725  -51.664  -6.162 0.4000000060
29682  25.964  -55.395  -1.728 0.5000000000
30623  26.304  -54.717  -1.158 0.6000000238
30613  26.578  -54.927  -0.385 0.6000000238
30593  27.417  -54.522  0.758 0.5000000000
30687  20.779  -55.083  -7.043 0.4000000060
138068  21.569  -54.553  -6.810 0.4000000060
28768  23.222  -56.469  -8.132 0.4000000060
148867  23.381  -54.603  -7.451 0.4000000060
30660  25.547  -54.479  -5.083 0.5000000000
30647  25.474  -54.733  -3.618 0.5000000000
32901  26.419  -53.856  -7.511 0.4000000060
31767  24.897  -54.013  -7.541 0.4000000060
30646  26.141  -54.274  -3.110 0.5000000000
135149  26.397  -53.846  -1.485 0.5000000000
35002  26.591  -51.335  -6.445 0.4000000060
31659  26.496  -53.980  -0.417 0.6000000238
30699  22.018  -55.579  -7.688 0.4000000060
144982  24.500  -55.648  -7.764 0.4000000060
30698  23.366  -55.604  -7.961 0.4000000060
30697  24.358  -55.353  -7.984 0.4000000060
30694  26.135  -54.388  -7.492 0.4000000060
30659  26.319  -54.056  -4.444 0.5000000000
152048  26.880  -53.795  -7.332 0.4000000060
32900  27.117  -53.388  -7.335 0.4000000060
34009  28.068  -52.089  -6.943 0.4000000060
132640  26.533  -53.042  0.070 0.6000000238
136147  26.470  -53.067  -0.937 0.6000000238
32819  26.559  -53.074  -1.959 0.6000000238
29749  21.636  -56.595  -8.276 0.4000000060
29748  22.846  -56.572  -8.277 0.4000000060
29737  24.617  -55.439  -7.752 0.4000000060
30696  25.139  -54.972  -8.039 0.4000000060
30673  25.920  -54.649  -6.778 0.5000000000
30683  26.706  -54.190  -7.199 0.5000000000
30672  26.602  -54.108  -5.986 0.5000000000
31751  27.425  -53.659  -6.601 0.5000000000
31710  26.805  -53.451  -3.789 0.5000000000
31731  27.192  -53.566  -5.301 0.5000000000
31730  27.965  -53.131  -6.058 0.5000000000
31765  27.543  -53.286  -7.170 0.4000000060
32838  26.748  -53.083  -2.863 0.6000000238
32880  28.281  -52.038  -6.781 0.5000000000
34008  28.306  -51.345  -6.517 0.4000000060
32796  26.480  -52.216  -0.427 0.6000000238
133315  26.541  -52.277  -1.495 0.6000000238
32853  27.153  -52.684  -3.601 0.6000000238
31709  27.548  -52.924  -4.811 0.5000000000
134927  28.330  -52.435  -6.536 0.5000000000
135759  26.766  -52.443  -2.550 0.6000000238
32852  27.671  -52.140  -4.431 0.6000000238
32865  28.194  -52.400  -5.560 0.5000000000
33952  26.691  -51.594  -2.189 0.6000000238
136858  26.483  -51.277  -0.996 0.6000000238
136362  28.261  -47.408  -4.567 0.5000000000
36921  27.852  -48.483  -3.951 0.6000000238
36930  28.417  -48.366  -4.924 0.5000000000
35952  27.322  -49.369  -3.300 0.6000000238
35962  28.059  -49.399  -4.424 0.6000000238
34985  28.454  -49.990  -5.348 0.5000000000
34994  28.626  -50.122  -5.966 0.5000000000
33969  27.161  -51.866  -3.295 0.6000000238
33987  28.240  -51.562  -5.199 0.5000000000
34001  28.587  -51.805  -6.000 0.5000000000
35000  28.502  -50.670  -6.188 0.5000000000
35985  28.267  -50.320  -6.305 0.5000000000
132374  27.660  -47.824  -3.495 0.5000000000
154730  28.283  -46.658  -4.638 0.5000000000
36913  27.189  -48.588  -2.918 0.6000000238
34986  27.981  -50.323  -4.482 0.6000000238
33986  28.602  -50.920  -5.853 0.5000000000
34959  26.902  -50.091  -2.666 0.6000000238
34974  27.454  -50.231  -3.633 0.6000000238
30635  31.834  -54.315  -2.342 0.4000000060
30611  30.335  -54.443  -0.371 0.4000000060
31677  31.323  -53.099  -1.370 0.5000000000
134635  31.348  -54.016  -1.648 0.4000000060
33951  27.026  -50.955  -2.971 0.6000000238
31728  34.222  -53.401  -4.743 0.5000000000
29691  32.836  -55.042  -3.359 0.5000000000
30658  33.835  -54.080  -4.298 0.5000000000
30634  32.333  -54.658  -2.892 0.5000000000
29683  25.480  -56.013  -2.225 0.5000000000
28760  23.312  -56.605  -7.829 0.4000000060
29738  24.088  -56.054  -8.020 0.4000000060
32895  24.266  -53.318  -6.758 0.4000000060
32894  25.381  -52.340  -6.462 0.4000000060
29747  23.943  -55.990  -8.099 0.4000000060
30674  25.244  -55.179  -7.533 0.4000000060
33968  27.640  -51.142  -4.140 0.6000000238
31769  21.359  -53.805  -6.129 0.3000000119
132604  24.565  -52.461  -6.120 0.3000000119
31752  23.245  -53.537  -6.563 0.3000000119
34003  25.057  -51.758  -5.644 0.3000000119
32882  23.738  -52.655  -5.604 0.3000000119
32881  24.460  -52.065  -5.238 0.3000000119
32866  24.036  -52.117  -4.496 0.3000000119
26451  29.998  -57.968  3.827 0.5000000000
26463  30.305  -58.184  2.987 0.5000000000
26475  31.384  -58.159  1.190 0.5000000000
27529  30.363  -57.347  3.369 0.5000000000
27553  31.020  -57.080  2.095 0.5000000000
27564  31.832  -57.541  0.762 0.5000000000
27621  25.678  -57.284  -2.516 0.4000000060
27691  22.032  -58.069  -8.644 0.4000000060
27699  21.818  -58.020  -8.968 0.4000000060
28601  30.482  -56.482  3.758 0.5000000000
28617  30.661  -56.716  2.882 0.5000000000
28633  31.989  -56.031  0.973 0.5000000000
28646  33.025  -56.111  -0.211 0.6999999881
28657  33.273  -56.848  -0.579 0.6000000238
28658  32.817  -56.860  -0.193 0.6999999881
28669  34.314  -56.689  -1.495 0.5000000000
28717  25.165  -56.699  -2.666 0.5000000000
28761  22.638  -57.314  -8.199 0.4000000060
28770  21.997  -57.492  -8.690 0.4000000060
29589  32.201  -54.938  4.859 0.3000000119
29590  31.490  -55.127  4.530 0.3000000119
29600  31.223  -55.099  3.653 0.4000000060
29611  31.245  -55.259  2.736 0.5000000000
29628  31.515  -55.611  1.810 0.5000000000
29644  33.051  -55.150  0.043 0.6999999881
29648  27.740  -55.344  0.477 0.4000000060
29649  27.063  -55.143  0.186 0.4000000060
29669  35.402  -55.290  -1.825 0.6000000238
29673  26.380  -55.655  -0.955 0.4000000060
29689  37.228  -55.623  -3.362 0.4000000060
29727  24.236  -55.512  -6.626 0.4000000060
30530  34.255  -54.115  4.231 0.4000000060
30532  32.439  -54.338  4.303 0.3000000119
30571  28.006  -54.116  1.339 0.6000000238
30572  27.420  -53.747  1.187 0.6999999881
30590  32.586  -54.602  0.770 0.6000000238
30594  26.783  -54.480  0.190 0.5000000000
30609  34.337  -54.636  -0.846 0.6999999881
30610  33.649  -54.802  -0.388 0.6999999881
30619  35.845  -54.622  -1.901 0.6000000238
30620  35.106  -54.480  -1.361 0.6000000238
30631  37.171  -54.839  -2.969 0.5000000000
30632  36.496  -54.721  -2.414 0.6000000238
30669  40.232  -54.565  -6.934 0.5000000000
30680  40.344  -54.313  -7.760 0.5000000000
30684  25.452  -54.812  -7.779 0.4000000060
30686  22.540  -54.842  -7.360 0.4000000060
30695  25.704  -54.508  -7.689 0.4000000060
31584  32.869  -53.666  3.788 0.5000000000
31598  33.262  -53.112  3.274 0.4000000060
31611  32.636  -53.440  3.039 0.5000000000
31624  32.633  -53.430  2.182 0.5000000000
31628  27.345  -53.053  1.353 0.6999999881
31640  33.470  -52.963  1.035 0.6000000238
31642  30.374  -53.200  0.182 0.6999999881
31655  35.360  -52.708  -0.712 0.6999999881
31691  38.743  -52.300  -3.176 0.6000000238
31694  26.455  -53.705  -2.518 0.6000000238
31707  33.284  -53.784  -3.839 0.5000000000
31726  39.654  -53.787  -5.810 0.4000000060
31729  33.650  -53.372  -4.291 0.5000000000
31750  27.918  -53.206  -6.908 0.4000000060
31766  27.355  -53.648  -7.094 0.4000000060
31773  39.346  -52.723  -8.290 0.5000000000
32725  36.337  -52.031  3.585 0.3000000119
32726  35.355  -51.888  3.455 0.4000000060
32727  34.532  -52.063  3.227 0.4000000060
32741  33.890  -52.216  2.551 0.5000000000
32761  28.128  -52.771  1.791 0.8000000119
32763  27.005  -52.337  1.310 0.6999999881
32793  34.645  -52.305  0.205 0.6999999881
32794  31.114  -52.484  -0.749 0.6999999881
32795  30.728  -52.655  -0.166 0.6999999881
32815  38.028  -51.703  -1.857 0.6999999881
32834  38.468  -51.933  -2.486 0.6999999881
32836  32.278  -53.011  -2.782 0.5000000000
32863  38.768  -52.527  -4.813 0.6000000238
32888  39.462  -52.153  -7.910 0.6000000238
32890  35.928  -51.585  -6.818 0.5000000000
32891  28.042  -52.676  -7.033 0.4000000060
32892  27.618  -52.828  -7.198 0.4000000060
32893  26.865  -52.949  -7.328 0.4000000060
32897  39.341  -52.107  -8.078 0.5000000000
32898  38.765  -51.763  -8.205 0.5000000000
33876  34.531  -51.635  2.899 0.5000000000
33877  29.065  -51.416  2.271 0.8000000119
33895  34.826  -51.096  1.599 0.4000000060
33896  34.505  -51.452  2.334 0.6000000238
33898  29.541  -51.785  1.778 0.8000000119
33963  38.558  -51.377  -3.149 0.8000000119
33983  37.632  -51.367  -5.466 0.6999999881
33998  35.510  -50.738  -6.562 0.6999999881
33999  34.729  -50.936  -5.769 0.6000000238
34000  28.491  -51.542  -6.401 0.5000000000
34010  27.379  -52.154  -6.955 0.4000000060
34012  38.333  -50.855  -7.888 0.6999999881
34013  37.788  -50.431  -7.797 0.6999999881
34862  37.017  -50.619  3.622 0.3000000119
34891  28.161  -50.653  2.508 0.8000000119
34892  27.561  -50.769  2.168 0.8000000119
34910  34.851  -50.837  2.298 0.5000000000
34932  37.063  -50.154  -0.432 0.6000000238
34954  38.607  -50.470  -2.103 0.6999999881
34955  38.544  -50.265  -2.147 0.6999999881
34968  38.576  -50.810  -2.402 0.6999999881
34970  36.767  -50.858  -3.787 0.8000000119
34984  33.898  -50.546  -4.840 0.6999999881
34991  37.307  -49.685  -6.180 0.8000000119
34997  38.016  -50.085  -7.212 0.6999999881
34998  37.636  -49.898  -7.484 0.6999999881
35001  27.759  -51.051  -6.595 0.4000000060
35861  38.314  -49.432  3.491 0.3000000119
35862  37.312  -49.276  3.626 0.5000000000
35863  36.416  -49.232  3.520 0.5000000000
35864  35.788  -49.205  3.308 0.5000000000
35886  35.386  -49.188  2.842 0.5000000000
35888  29.359  -49.674  2.808 0.8000000119
35905  35.256  -49.570  1.891 0.4000000060
35927  38.120  -49.221  -1.379 0.6999999881
35929  31.462  -49.559  -0.273 0.8999999762
35939  31.959  -49.474  -1.693 0.8999999762
35948  38.313  -49.699  -1.909 0.6999999881
35949  37.140  -49.775  -2.293 0.6999999881
35951  32.303  -49.324  -2.405 0.8999999762
35961  32.602  -49.123  -3.034 0.8999999762
35966  36.273  -49.278  -4.832 0.6999999881
35967  34.046  -49.148  -5.102 0.6999999881
35970  28.432  -49.110  -5.274 0.5000000000
35975  37.442  -48.981  -6.879 0.8000000119
35978  28.462  -49.792  -6.055 0.5000000000
35982  37.741  -49.738  -7.306 0.6999999881
35983  37.502  -49.293  -7.133 0.6999999881
36817  39.463  -48.182  3.310 0.4000000060
36819  36.121  -48.458  3.444 0.5000000000
36820  35.679  -48.441  3.161 0.4000000060
36821  29.635  -48.202  3.314 1.0000000000
36823  27.938  -48.041  2.992 0.8999999762
36840  30.186  -48.412  2.958 1.0000000000
36861  35.698  -48.146  1.685 0.4000000060
36863  30.512  -48.983  2.301 1.0000000000
36875  37.844  -47.943  -0.511 0.6000000238
36876  37.638  -47.815  0.128 0.5000000000
36878  31.421  -48.309  0.780 1.0000000000
36879  26.505  -48.760  0.278 0.6999999881
36888  37.346  -47.783  -1.062 0.6000000238
36889  31.665  -48.811  -0.592 0.8999999762
36890  26.538  -48.111  -0.412 0.6999999881
36901  34.775  -48.008  -1.766 0.6000000238
36910  35.285  -49.020  -2.407 0.6999999881
36914  26.753  -48.634  -2.078 0.6999999881
36918  35.255  -48.692  -3.493 0.6999999881
36919  33.207  -48.506  -4.142 0.8999999762
36920  32.794  -48.530  -3.435 0.8999999762
36935  36.446  -48.206  -6.874 0.8000000119
37838  39.101  -47.521  3.554 0.4000000060
37845  28.927  -47.538  3.568 1.0000000000
37854  42.048  -47.312  2.062 0.3000000119
37856  40.790  -47.705  2.694 0.3000000119
37857  35.615  -47.858  3.032 0.4000000060
37858  31.239  -47.453  2.056 1.0000000000
37859  30.640  -47.594  2.846 1.0000000000
37860  27.666  -47.290  2.820 1.0000000000
37876  27.321  -47.860  2.395 0.8999999762
37906  37.712  -47.490  -0.530 0.6000000238
37909  31.958  -47.496  -0.881 0.8999999762
37917  35.679  -47.898  -1.167 0.6000000238
37919  32.179  -47.562  -1.555 0.8999999762
37922  26.820  -47.461  -1.659 0.6999999881
37933  33.080  -47.239  -4.003 0.8000000119
37938  36.611  -47.310  -6.301 0.8000000119
37939  36.564  -47.279  -5.673 0.6999999881
37948  36.611  -47.633  -6.415 0.8000000119
37950  35.601  -47.067  -6.309 0.8000000119
38809  40.214  -46.597  3.352 0.4000000060
38812  36.533  -46.178  3.398 0.4000000060
38813  35.762  -47.252  3.011 0.4000000060
38816  29.542  -46.780  3.774 1.0000000000
38829  40.730  -47.038  2.957 0.3000000119
38830  36.220  -46.006  2.737 0.4000000060
38846  36.609  -46.150  1.589 0.4000000060
38847  35.923  -46.782  2.316 0.4000000060
38864  37.376  -46.762  0.608 0.4000000060
38867  26.846  -46.029  0.946 0.8999999762
38868  26.703  -46.655  0.427 0.8999999762
38874  37.955  -46.896  -0.170 0.6000000238
38876  35.662  -46.641  -0.647 0.6000000238
38877  34.813  -46.603  -0.896 0.6000000238
38882  34.493  -46.507  -1.811 0.6000000238
38887  34.721  -46.220  -2.874 0.6999999881
38888  32.550  -46.411  -2.498 0.8000000119
38906  36.467  -45.610  -5.975 0.8000000119
38908  33.746  -46.691  -5.025 0.8000000119
38913  36.438  -46.798  -6.311 0.8000000119
39763  29.371  -44.867  4.256 1.0000000000
39774  40.613  -45.012  3.406 0.3000000119
39775  39.612  -45.141  3.769 0.3000000119
39777  37.904  -45.420  3.916 0.3000000119
39778  37.046  -45.375  3.603 0.4000000060
39779  36.562  -45.314  3.143 0.4000000060
39781  30.347  -45.331  4.057 1.0000000000
39797  42.116  -45.586  2.397 0.3000000119
39798  41.380  -45.292  2.953 0.3000000119
39800  31.415  -45.405  3.124 1.0000000000
39801  27.394  -45.295  2.287 1.0000000000
39832  38.409  -45.430  -0.605 0.5000000000
39835  31.946  -45.828  0.793 1.0000000000
39843  37.862  -46.408  -0.451 0.6000000238
39845  34.984  -45.797  -0.607 0.6000000238
39849  34.532  -45.191  -1.313 0.6000000238
39853  34.568  -45.500  -2.347 0.6000000238
39865  32.932  -45.230  -3.609 0.8000000119
39871  35.549  -44.880  -5.645 0.8000000119
40808  30.741  -44.516  4.144 1.0000000000
40809  30.038  -44.321  4.443 1.0000000000
40823  38.580  -43.888  3.813 0.3000000119
40824  37.714  -44.080  3.570 0.4000000060
40827  28.746  -44.221  4.020 1.0000000000
40828  28.029  -44.309  3.268 1.0000000000
40844  32.168  -44.056  2.280 0.8999999762
40867  38.439  -45.126  -0.036 0.5000000000
40874  39.206  -44.784  -1.316 0.4000000060
40883  39.664  -44.503  -2.019 0.4000000060
40884  39.082  -44.748  -1.729 0.4000000060
40885  38.614  -44.995  -1.391 0.5000000000
40887  32.480  -44.612  -1.392 0.6999999881
40889  40.005  -44.494  -2.569 0.4000000060
40901  40.110  -44.462  -2.979 0.4000000060
40905  32.787  -44.747  -3.067 0.8000000119
40914  41.612  -44.632  -5.661 0.4000000060
40917  34.955  -44.280  -5.437 0.8000000119
40918  33.810  -44.309  -5.022 0.8000000119
40924  41.831  -44.631  -6.062 0.4000000060
40925  35.592  -43.768  -5.340 0.8000000119
40930  45.880  -44.441  -7.334 0.3000000119
40932  44.515  -44.264  -7.390 0.3000000119
40934  45.055  -44.269  -7.487 0.3000000119
41838  30.513  -43.818  4.415 1.0000000000
41839  29.884  -43.488  4.512 1.0000000000
41852  41.538  -42.795  3.305 0.3000000119
41856  31.832  -43.237  3.670 0.8999999762
41857  28.379  -43.531  3.596 1.0000000000
41871  37.354  -43.287  2.525 0.4000000060
41889  37.952  -44.332  0.618 0.5000000000
41890  32.479  -43.198  0.663 0.6999999881
41891  27.409  -43.423  -0.560 0.8999999762
41900  35.342  -43.529  -0.649 0.6000000238
41901  34.818  -43.503  -1.130 0.6999999881
41905  40.210  -44.239  -2.230 0.4000000060
41906  40.028  -44.028  -1.668 0.4000000060
41909  34.692  -43.448  -1.949 0.6999999881
41910  32.621  -43.159  -1.079 0.6999999881
41917  40.983  -44.298  -3.588 0.4000000060
41918  40.467  -44.318  -2.938 0.4000000060
41920  38.902  -44.337  -2.223 0.5000000000
41921  34.983  -43.391  -2.902 0.6999999881
41922  32.977  -43.182  -2.933 0.8000000119
41939  41.199  -44.439  -4.452 0.4000000060
41941  39.927  -44.389  -3.093 0.4000000060
41944  33.146  -43.382  -3.790 0.8000000119
41954  41.461  -44.578  -5.269 0.4000000060
41962  43.824  -44.216  -6.785 0.3000000119
41964  41.529  -44.227  -6.122 0.4000000060
41965  40.959  -44.160  -5.286 0.4000000060
41975  42.458  -44.385  -6.631 0.4000000060
41976  45.279  -44.174  -7.606 0.3000000119
41977  43.977  -44.170  -7.408 0.3000000119
41978  43.251  -44.225  -7.279 0.3000000119
42908  31.778  -41.866  4.270 1.0000000000
42909  30.213  -42.649  4.527 1.0000000000
42922  39.970  -42.229  3.675 0.3000000119
42923  39.078  -42.525  3.631 0.3000000119
42924  38.388  -42.500  3.328 0.3000000119
42925  37.827  -42.812  3.089 0.4000000060
42928  28.066  -42.857  3.071 1.0000000000
42937  37.739  -42.595  2.478 0.3000000119
42956  37.910  -43.479  0.865 0.5000000000
42964  36.215  -42.699  -0.643 0.6999999881
42965  35.543  -42.762  -0.722 0.6999999881
42977  38.197  -42.400  -1.912 0.5000000000
42978  37.406  -42.383  -1.246 0.6000000238
42979  35.238  -42.275  -1.307 0.6999999881
42993  40.699  -43.606  -2.323 0.4000000060
42994  39.409  -43.623  -3.013 0.5000000000
42996  35.188  -41.970  -2.296 0.6999999881
42998  33.023  -42.590  -2.528 0.6999999881
43014  42.153  -42.277  -3.835 0.4000000060
43019  35.456  -43.014  -3.781 0.6999999881
43022  27.856  -42.393  -3.740 0.6999999881
43031  41.801  -44.504  -4.971 0.4000000060
43033  34.133  -42.915  -5.171 0.8000000119
43046  35.422  -42.528  -5.141 0.8000000119
43052  48.126  -43.826  -6.933 0.3000000119
43053  46.348  -43.414  -7.288 0.3000000119
43054  44.889  -42.748  -7.584 0.3000000119
43055  44.203  -42.435  -7.581 0.3000000119
43056  42.448  -43.897  -7.126 0.4000000060
43057  45.473  -43.613  -7.597 0.3000000119
43059  43.811  -43.869  -7.565 0.3000000119
44011  29.676  -41.969  4.395 1.0000000000
44025  41.296  -41.158  3.406 0.3000000119
44026  40.315  -41.428  3.507 0.3000000119
44027  39.177  -41.112  3.148 0.3000000119
44038  39.160  -40.727  2.669 0.3000000119
44039  38.616  -41.325  2.553 0.3000000119
44040  33.090  -41.320  2.595 0.8000000119
44041  32.701  -41.941  3.138 0.8999999762
44050  33.190  -41.105  1.607 0.8000000119
44060  38.872  -41.209  0.777 0.3000000119
44062  32.818  -42.056  0.525 0.8000000119
44063  27.449  -41.754  0.075 0.8999999762
44075  39.880  -41.434  -0.644 0.4000000060
44076  36.407  -41.919  -0.831 0.6000000238
44078  33.133  -41.394  -0.579 0.6999999881
44092  41.332  -41.572  -2.510 0.4000000060
44097  35.986  -41.113  -1.169 0.6999999881
44100  32.877  -42.089  -0.819 0.6999999881
44113  38.133  -41.414  -1.903 0.5000000000
44115  33.347  -41.197  -2.406 0.6999999881
44128  43.760  -41.031  -4.002 0.3000000119
44132  35.541  -41.715  -4.415 0.6999999881
44144  35.438  -41.863  -5.014 0.6999999881
44146  33.624  -41.623  -4.746 0.8000000119
44153  43.786  -42.350  -5.255 0.3000000119
44158  34.162  -41.203  -5.242 0.6999999881
44165  44.458  -41.750  -7.196 0.3000000119
44166  43.750  -41.750  -7.382 0.3000000119
45053  32.070  -40.307  4.486 1.0000000000
45070  40.506  -40.597  3.244 0.3000000119
45071  39.675  -40.541  3.011 0.3000000119
45072  33.205  -40.235  3.596 0.8000000119
45073  32.635  -40.693  4.066 0.8999999762
45087  28.181  -40.527  2.800 1.0000000000
45097  39.468  -40.133  1.632 0.3000000119
45116  39.032  -40.664  1.400 0.3000000119
45117  33.366  -40.450  0.760 0.8000000119
45132  39.849  -40.538  -0.217 0.3000000119
45145  40.865  -40.263  -1.441 0.4000000060
45146  37.430  -40.609  -1.594 0.5000000000
45149  33.487  -40.426  -2.174 0.6999999881
45155  44.372  -40.448  -2.571 0.3000000119
45156  43.404  -40.194  -2.860 0.3000000119
45159  39.234  -41.189  -3.019 0.5000000000
45177  43.835  -40.560  -3.322 0.3000000119
45179  42.456  -41.163  -3.677 0.4000000060
45180  40.148  -41.160  -4.251 0.4000000060
45181  39.639  -40.507  -3.618 0.4000000060
45182  28.063  -40.413  -3.741 0.8999999762
45190  45.678  -40.394  -4.688 0.3000000119
45200  46.166  -41.031  -5.161 0.3000000119
45203  43.623  -40.131  -6.395 0.3000000119
45204  41.588  -41.300  -6.182 0.4000000060
45205  41.341  -40.409  -5.737 0.4000000060
45206  35.219  -40.560  -5.331 0.6999999881
45207  34.540  -40.557  -5.385 0.6999999881
45208  34.205  -40.051  -5.200 0.6000000238
45213  44.033  -40.924  -6.826 0.3000000119
45215  42.603  -40.667  -6.740 0.3000000119
46021  33.011  -39.045  4.324 0.8000000119
46024  30.776  -39.717  4.659 1.0000000000
46042  29.363  -39.014  4.052 1.0000000000
46066  40.801  -39.669  2.373 0.3000000119
46067  40.081  -39.695  2.002 0.3000000119
46091  41.779  -39.313  1.615 0.3000000119
46094  27.444  -39.580  1.025 1.0000000000
46111  40.654  -39.443  0.521 0.3000000119
46124  41.253  -39.361  -0.160 0.3000000119
46126  40.036  -39.874  0.324 0.3000000119
46135  43.891  -39.700  -1.271 0.3000000119
46136  43.170  -39.556  -1.426 0.3000000119
46139  36.929  -39.792  -1.802 0.5000000000
46140  35.992  -39.477  -2.604 0.6999999881
46141  33.558  -39.837  -1.675 0.6999999881
46142  28.376  -39.111  -2.765 0.8999999762
46155  42.006  -40.026  -2.407 0.3000000119
46158  37.318  -39.271  -2.395 0.5000000000
46160  33.620  -39.817  -2.717 0.6999999881
46173  44.716  -39.148  -3.895 0.3000000119
46175  38.663  -38.835  -3.343 0.4000000060
46177  33.709  -39.490  -3.846 0.6999999881
46178  28.169  -39.919  -3.649 0.8000000119
46185  45.213  -39.727  -4.310 0.3000000119
46191  34.618  -39.231  -5.466 0.6000000238
46198  43.252  -39.366  -5.969 0.3000000119
46201  40.997  -39.303  -5.444 0.4000000060
46207  42.316  -39.602  -6.278 0.3000000119
46992  33.295  -37.767  4.542 0.8000000119
46994  31.725  -38.669  4.831 0.8999999762
47016  33.916  -38.908  2.510 0.8000000119
47024  33.821  -38.198  0.798 0.6999999881
47050  33.742  -38.241  -1.007 0.6999999881
47062  27.962  -38.776  -1.808 0.8999999762
47075  37.038  -38.629  -3.048 0.5000000000
47077  35.875  -39.028  -3.522 0.6999999881
47079  28.424  -38.660  -3.412 0.8000000119
47088  43.365  -38.175  -4.035 0.3000000119
47096  28.163  -39.027  -3.855 0.8000000119
47104  42.704  -38.052  -4.890 0.3000000119
47106  39.063  -36.714  -5.409 0.4000000060
47115  42.931  -38.657  -5.469 0.3000000119
47117  41.510  -38.190  -5.595 0.4000000060
47118  40.725  -37.370  -5.399 0.4000000060
47120  34.992  -37.607  -5.754 0.6000000238
47912  31.636  -36.933  5.260 0.8999999762
47926  32.663  -37.389  4.934 0.8000000119
47938  33.768  -38.073  4.074 0.8000000119
47949  34.348  -37.666  2.615 0.8000000119
47967  40.461  -36.807  1.119 0.5000000000
47970  34.262  -37.222  1.574 0.8000000119
47989  39.334  -37.356  0.264 0.5000000000
47993  27.462  -37.414  1.004 1.0000000000
48007  37.954  -37.453  -0.706 0.6000000238
48008  36.975  -37.267  -0.830 0.6999999881
48019  42.046  -37.222  -1.765 0.3000000119
48021  40.548  -37.213  -1.882 0.4000000060
48023  37.651  -37.365  -1.520 0.6000000238
48043  38.820  -36.361  -3.687 0.5000000000
48045  34.311  -36.882  -3.535 0.6000000238
48056  41.750  -37.200  -4.231 0.4000000060
48057  40.743  -36.686  -3.929 0.4000000060
48059  37.296  -36.787  -5.473 0.5000000000
48060  34.450  -36.798  -4.690 0.6000000238
48064  26.207  -37.852  -3.261 0.6999999881
48072  38.667  -35.735  -5.637 0.5000000000
48074  36.765  -35.836  -5.749 0.5000000000
48075  35.513  -36.879  -5.721 0.6000000238
48076  34.600  -37.387  -5.370 0.6000000238
48077  28.200  -37.743  -4.138 0.6999999881
48080  41.321  -37.390  -5.294 0.3000000119
48936  32.671  -36.581  5.185 0.8000000119
48949  34.062  -36.397  4.523 0.6999999881
48951  30.607  -36.442  4.974 1.0000000000
48961  34.431  -36.852  3.811 0.6999999881
48978  39.596  -36.107  2.144 0.6000000238
48979  38.935  -35.975  2.092 0.6000000238
48999  40.020  -36.514  1.721 0.6000000238
49000  39.187  -36.593  1.666 0.6000000238
49004  34.090  -36.908  0.782 0.6999999881
49017  37.805  -36.845  0.763 0.6000000238
49020  34.113  -36.247  0.147 0.6999999881
49031  35.424  -35.906  -1.841 0.6999999881
49032  34.482  -35.563  -1.246 0.6999999881
49034  27.654  -36.301  -0.593 0.8999999762
49060  37.887  -35.910  -4.152 0.5000000000
49062  35.356  -35.827  -3.774 0.6000000238
49063  34.735  -36.120  -3.144 0.6000000238
49065  28.601  -36.360  -3.461 0.8000000119
49072  40.431  -36.447  -4.937 0.4000000060
49075  37.066  -35.391  -5.138 0.5000000000
49077  34.769  -36.066  -4.429 0.6000000238
49084  39.671  -35.953  -5.267 0.4000000060
49086  38.217  -35.482  -5.607 0.5000000000
49092  35.584  -36.022  -5.747 0.6000000238
49093  35.239  -36.099  -5.603 0.6000000238
49973  31.647  -35.486  5.334 1.0000000000
49984  34.509  -35.127  4.756 0.6999999881
50000  35.037  -35.323  4.066 0.6999999881
50002  29.263  -35.613  3.601 1.0000000000
50023  35.285  -35.032  2.519 0.6999999881
50035  43.150  -34.841  1.496 0.3000000119
50038  38.290  -35.726  1.598 0.6999999881
50040  34.967  -34.872  1.343 0.6999999881
50041  34.542  -35.193  0.602 0.6999999881
50042  28.070  -35.189  1.607 1.0000000000
50053  36.402  -35.025  -0.350 0.6999999881
50054  34.587  -34.841  -0.291 0.6999999881
50064  34.755  -34.917  -0.946 0.6999999881
50070  34.948  -35.318  -1.664 0.6999999881
50072  28.131  -35.806  -1.465 0.8999999762
50083  35.041  -35.791  -2.720 0.6999999881
50084  28.740  -35.650  -3.424 0.8000000119
50093  28.225  -35.947  -4.115 0.6999999881
50099  36.090  -35.579  -5.771 0.5000000000
50100  35.787  -35.523  -5.447 0.6000000238
50101  35.117  -35.802  -5.221 0.6000000238
50102  28.310  -36.452  -4.081 0.6999999881
50106  35.609  -35.738  -5.603 0.6000000238
50930  33.802  -34.366  5.389 0.6999999881
50931  33.096  -34.310  5.473 0.8000000119
50933  30.920  -34.968  4.995 1.0000000000
50947  30.602  -34.229  4.542 1.0000000000
50967  28.684  -34.954  2.669 1.0000000000
50974  41.791  -34.241  2.544 0.4000000060
50977  39.785  -34.205  2.575 0.6000000238
50978  38.882  -35.195  2.164 0.6999999881
50991  39.011  -34.308  2.011 0.6999999881
50994  28.304  -34.476  1.454 1.0000000000
51002  36.807  -33.929  -0.113 0.6999999881
51005  28.259  -34.109  0.646 1.0000000000
51013  35.365  -33.991  -0.043 0.6999999881
51039  29.013  -34.645  -4.067 0.6999999881
51041  27.818  -35.325  -3.949 0.6999999881
51899  32.422  -33.708  5.409 0.8999999762
51900  31.637  -33.686  5.163 0.8999999762
51911  35.594  -33.408  4.635 0.6999999881
51912  35.007  -33.903  5.023 0.6999999881
51914  30.486  -33.497  4.154 1.0000000000
51924  36.383  -33.118  3.058 0.6999999881
51936  41.869  -33.401  2.698 0.5000000000
51937  41.099  -33.819  2.771 0.6000000238
51943  28.605  -34.174  1.987 1.0000000000
51955  35.855  -33.686  1.319 0.6999999881
51964  37.355  -33.539  0.222 0.6999999881
51966  35.868  -33.689  0.430 0.6999999881
51973  28.846  -33.401  -1.259 0.8999999762
51997  29.256  -33.490  -4.199 0.5000000000
52890  35.257  -32.102  5.359 0.6999999881
52893  32.941  -32.185  5.379 0.8999999762
52906  31.875  -32.316  4.886 0.8999999762
52907  31.034  -32.786  4.365 0.8999999762
52916  31.488  -32.021  4.342 0.8999999762
52924  42.792  -32.289  2.417 0.3000000119
52927  40.301  -32.699  2.416 0.6000000238
52929  29.956  -32.385  2.222 1.0000000000
52940  39.573  -32.786  1.448 0.6000000238
52941  37.538  -32.271  0.859 0.6000000238
52944  29.629  -32.334  1.321 1.0000000000
52949  39.340  -32.330  -0.030 0.6000000238
52951  37.054  -33.044  0.491 0.6000000238
52979  29.817  -32.939  -3.737 0.6999999881
52986  29.247  -32.665  -4.243 0.5000000000
53875  34.434  -31.849  5.480 0.8000000119
53886  36.308  -31.243  4.925 0.6000000238
53888  32.126  -31.642  4.710 0.8999999762
53898  31.388  -31.549  3.731 1.0000000000
53908  42.524  -31.661  2.528 0.5000000000
53909  41.741  -31.548  2.687 0.6000000238
53910  40.898  -31.343  2.450 0.5000000000
53911  37.464  -31.095  2.779 0.5000000000
53925  40.299  -31.495  1.652 0.6000000238
53929  29.973  -31.776  0.829 1.0000000000
53963  39.360  -31.783  -0.384 0.5000000000
53965  29.857  -31.772  -0.814 0.8999999762
54002  30.653  -31.206  -4.251 0.6000000238
54868  37.309  -29.899  4.131 0.5000000000
54880  37.561  -30.394  3.314 0.5000000000
54896  42.484  -30.341  2.359 0.4000000060
54917  37.954  -30.901  1.461 0.5000000000
54918  31.681  -30.112  1.014 0.6999999881
54933  40.354  -31.117  -0.107 0.5000000000
54956  31.452  -30.199  -0.381 1.0000000000
54957  30.909  -30.668  -0.861 1.0000000000
54973  40.042  -30.769  -1.765 0.4000000060
54988  40.005  -30.322  -2.427 0.4000000060
54999  31.197  -30.819  -3.986 0.6000000238
55007  31.084  -30.460  -4.298 0.6000000238
55862  34.869  -30.110  5.320 0.6000000238
55863  34.046  -30.055  5.188 0.6999999881
55874  36.746  -29.388  4.602 0.5000000000
55876  35.146  -29.330  5.126 0.6000000238
55889  38.144  -29.123  3.005 0.5000000000
55907  41.326  -29.285  1.853 0.5000000000
55912  32.549  -29.512  2.359 0.6999999881
55932  42.666  -29.606  2.084 0.4000000060
55933  40.723  -29.877  1.445 0.6000000238
55951  40.477  -30.420  -0.329 0.5000000000
55954  31.936  -29.694  0.162 0.8000000119
55963  40.425  -30.245  -1.277 0.5000000000
55971  39.715  -30.170  -2.561 0.4000000060
55986  39.302  -29.549  -3.109 0.4000000060
55995  39.884  -29.116  -4.331 0.4000000060
55996  39.619  -29.376  -3.758 0.4000000060
56883  35.581  -28.552  4.796 0.5000000000
56885  33.991  -28.716  4.255 0.5000000000
56899  37.828  -28.670  3.500 0.5000000000
56900  37.380  -28.237  3.946 0.5000000000
56920  33.385  -28.534  2.540 0.6999999881
56936  42.325  -28.303  1.658 0.4000000060
56940  33.388  -28.249  1.503 0.6999999881
56941  32.776  -28.862  0.967 0.6999999881
56949  41.046  -28.093  1.015 0.5000000000
56950  40.708  -28.802  0.376 0.4000000060
56962  38.510  -28.445  -0.576 0.5000000000
56975  40.615  -28.909  -1.888 0.4000000060
56992  40.272  -29.321  -3.500 0.4000000060
56993  38.759  -28.865  -2.809 0.5000000000
57006  39.054  -28.948  -3.689 0.4000000060
57007  32.352  -28.622  -3.770 0.8000000119
57016  39.973  -28.786  -4.785 0.4000000060
57017  39.680  -28.658  -4.725 0.4000000060
57019  32.144  -27.908  -4.271 0.6999999881
57026  39.951  -28.336  -5.237 0.4000000060
57880  36.798  -27.934  4.256 0.5000000000
57900  34.624  -27.554  3.831 0.5000000000
57918  37.886  -27.003  3.185 0.4000000060
57929  41.777  -27.715  1.336 0.3000000119
57966  41.020  -27.199  -1.465 0.4000000060
57969  33.296  -27.406  -1.552 0.6999999881
57976  40.698  -28.375  -3.178 0.4000000060
57979  32.837  -27.692  -3.144 0.6999999881
57990  32.720  -27.093  -3.708 0.8000000119
58006  40.804  -27.642  -5.550 0.3000000119
58007  40.300  -27.793  -5.624 0.4000000060
58008  39.875  -27.640  -5.677 0.4000000060
58013  40.709  -27.406  -6.008 0.4000000060
58015  40.248  -26.820  -6.301 0.4000000060
58926  37.481  -26.207  3.195 0.4000000060
58927  36.739  -26.242  3.546 0.4000000060
58952  34.127  -26.741  1.500 0.5000000000
58975  38.616  -26.583  -0.628 0.4000000060
58976  33.560  -26.850  -0.888 0.6999999881
59000  38.940  -27.364  -3.805 0.4000000060
59001  32.887  -26.354  -3.689 0.6999999881
59010  31.985  -26.188  -4.509 0.6000000238
59018  39.628  -26.943  -5.680 0.4000000060
59023  40.763  -26.950  -6.384 0.4000000060
59973  37.004  -25.664  3.228 0.5000000000
59974  36.289  -25.618  3.268 0.5000000000
59997  35.108  -24.963  2.007 0.3000000119
60031  39.121  -25.477  -1.934 0.3000000119
60041  41.727  -25.760  -2.369 0.3000000119
60065  31.419  -25.481  -4.393 0.4000000060
60072  41.765  -26.322  -5.895 0.3000000119
60074  39.921  -26.360  -6.139 0.4000000060
60079  41.829  -25.247  -7.046 0.3000000119
61020  36.527  -24.432  2.465 0.4000000060
61042  38.543  -24.579  0.609 0.4000000060
61077  33.559  -24.550  -3.225 0.6999999881
61078  31.755  -23.633  -2.772 0.4000000060
61084  40.226  -24.648  -3.089 0.3000000119
61093  32.790  -23.846  -4.583 0.5000000000
61100  42.625  -24.868  -6.032 0.3000000119
62043  36.336  -23.792  2.010 0.3000000119
62057  37.386  -23.394  1.528 0.4000000060
62059  36.023  -23.214  1.490 0.3000000119
62072  38.365  -23.090  0.415 0.3000000119
62094  33.803  -23.959  -2.981 0.4000000060
62104  31.571  -22.454  -4.007 0.4000000060
62115  31.710  -22.241  -4.778 0.5000000000
62121  32.197  -22.907  -5.068 0.5000000000
62122  31.834  -23.456  -4.731 0.5000000000
63044  37.101  -22.616  1.101 0.3000000119
63071  39.049  -21.937  -0.490 0.3000000119
63082  40.294  -22.901  -1.173 0.3000000119
63114  31.999  -21.988  -5.082 0.4000000060
63956  34.614  -21.498  3.922 0.3000000119
64007  36.819  -21.371  -0.448 0.3000000119
64023  38.819  -21.096  -0.570 0.3000000119
64024  38.024  -20.632  -0.852 0.3000000119
64026  36.444  -21.061  -1.375 0.4000000060
64042  34.920  -20.203  -3.182 0.3000000119
64051  33.111  -20.836  -4.799 0.3000000119
64052  32.515  -21.238  -4.931 0.5000000000
64864  34.847  -20.303  3.800 0.3000000119
64874  34.781  -19.960  2.760 0.3000000119
64925  40.354  -20.421  0.166 0.3000000119
64927  38.875  -20.430  -0.091 0.3000000119
64946  41.526  -20.193  -0.413 0.4000000060
64961  36.462  -20.031  -1.912 0.3000000119
64969  34.886  -19.907  -3.056 0.3000000119
64970  34.156  -20.023  -3.612 0.3000000119
65910  35.959  -18.543  3.419 0.3000000119
65911  35.454  -18.825  3.687 0.3000000119
65929  35.944  -18.937  2.705 0.3000000119
65946  40.279  -19.483  1.342 0.3000000119
65950  36.512  -19.426  1.234 0.3000000119
65968  37.474  -19.674  0.361 0.3000000119
65990  41.844  -19.374  -0.250 0.4000000060
65993  35.662  -19.424  -1.236 0.3000000119
66005  34.660  -19.473  -2.347 0.3000000119
66006  33.973  -19.528  -2.592 0.3000000119
66017  33.689  -19.868  -3.407 0.3000000119
66863  35.277  -18.131  6.449 0.3000000119
66888  35.701  -17.943  4.578 0.3000000119
66923  39.457  -18.769  2.666 0.3000000119
66938  41.115  -18.324  1.148 0.3000000119
66940  39.910  -19.162  2.037 0.3000000119
66949  41.576  -18.757  0.364 0.3000000119
66965  42.048  -18.784  -0.301 0.4000000060
67840  34.928  -18.013  7.329 0.3000000119
67849  36.431  -17.078  5.092 0.3000000119
67860  38.174  -17.327  4.409 0.3000000119
67882  39.360  -17.539  3.539 0.3000000119
67883  38.603  -17.835  3.831 0.3000000119
68754  36.343  -16.224  6.164 0.3000000119
68765  38.299  -16.111  5.231 0.4000000060
68767  36.703  -16.526  5.557 0.3000000119
68781  37.064  -16.794  5.110 0.3000000119
68833  41.050  -16.534  1.214 0.3000000119
68863  41.768  -16.946  -0.378 0.3000000119
69739  37.855  -15.610  5.728 0.3000000119
69751  39.013  -15.815  4.811 0.3000000119
69793  40.209  -15.728  2.625 0.3000000119
69832  41.427  -16.258  -0.287 0.3000000119
70705  36.501  -14.293  7.397 0.3000000119
70712  37.727  -14.380  6.554 0.3000000119
70713  36.952  -14.719  6.851 0.3000000119
70787  40.282  -15.283  1.995 0.3000000119
71612  36.019  -13.857  7.878 0.3000000119
71630  39.475  -13.294  5.197 0.3000000119
72535  38.369  -11.786  7.064 0.3000000119
73458  36.997  -11.982  7.957 0.3000000119
74416  36.869  -10.198  8.465 0.3000000119
76364  37.184  -8.743  8.224 0.3000000119
130480  35.612  -49.932  0.945 0.5000000000
131201  34.909  -52.686  3.579 0.4000000060
131505  31.363  -51.757  -0.893 0.8000000119
131718  36.232  -35.772  -4.135 0.5000000000
132226  44.898  -43.684  -7.723 0.3000000119
133275  42.096  -35.541  1.724 0.3000000119
133334  42.068  -38.789  -5.899 0.3000000119
133481  45.330  -44.390  -6.806 0.3000000119
133507  35.483  -40.295  -4.926 0.6999999881
133581  35.407  -35.250  -1.158 0.6999999881
134114  40.848  -36.341  1.593 0.5000000000
134316  38.074  -46.507  -0.075 0.5000000000
134647  40.960  -43.577  3.403 0.3000000119
134724  42.119  -42.875  -6.935 0.4000000060
134801  34.355  -29.295  4.868 0.6999999881
135051  36.998  -35.850  0.388 0.6999999881
135090  42.436  -25.004  -0.819 0.3000000119
135431  39.981  -29.487  -3.695 0.4000000060
135480  40.690  -35.080  2.597 0.4000000060
135687  33.611  -27.122  -0.160 0.6000000238
135757  39.376  -26.794  -4.964 0.4000000060
135974  36.311  -45.641  -6.104 0.8000000119
136401  28.773  -35.240  -3.862 0.6999999881
136894  30.525  -51.840  0.684 0.8000000119
137052  36.828  -31.204  4.286 0.5000000000
137229  38.407  -30.230  0.624 0.5000000000
137699  32.464  -29.198  0.336 0.6999999881
137803  39.681  -16.048  3.803 0.3000000119
138046  28.403  -36.032  2.588 1.0000000000
138294  41.804  -39.428  -0.834 0.3000000119
138506  38.472  -46.167  3.911 0.4000000060
138521  41.868  -29.741  2.290 0.4000000060
138605  32.082  -30.684  3.828 0.8000000119
138609  38.003  -42.645  1.143 0.4000000060
138661  36.306  -46.562  -6.380 0.8000000119
138833  32.302  -53.849  -2.856 0.5000000000
138840  41.380  -47.129  2.529 0.3000000119
138843  31.423  -48.971  0.208 0.8999999762
138883  39.640  -42.264  -0.605 0.4000000060
138898  39.692  -31.457  -0.764 0.5000000000
139030  27.621  -37.736  -0.879 0.8999999762
139073  40.008  -34.854  2.715 0.6000000238
139136  42.062  -39.250  0.036 0.3000000119
139184  35.796  -52.705  3.628 0.4000000060
139214  33.463  -53.522  0.473 0.6000000238
139272  39.471  -46.033  3.716 0.3000000119
139298  39.464  -44.202  3.824 0.3000000119
139385  40.156  -36.888  -5.445 0.4000000060
139701  39.579  -22.604  -0.672 0.3000000119
139747  33.318  -35.126  5.357 0.8000000119
139918  37.141  -45.636  -0.704 0.6000000238
140032  27.500  -44.360  -1.677 0.8999999762
140055  30.612  -58.250  2.286 0.5000000000
140224  37.155  -50.212  -7.616 0.6000000238
140316  33.137  -51.347  -3.842 0.6000000238
140981  35.487  -19.061  2.908 0.3000000119
141296  39.438  -32.522  0.392 0.6000000238
141309  36.214  -47.062  3.356 0.4000000060
141433  30.480  -37.967  4.822 1.0000000000
141624  38.491  -48.005  3.617 0.4000000060
142153  33.380  -23.874  -3.904 0.6000000238
142176  40.353  -29.617  -2.590 0.4000000060
142303  38.748  -32.797  0.225 0.6000000238
142473  36.891  -48.506  3.659 0.5000000000
142483  32.482  -43.661  -0.564 0.6999999881
142593  32.218  -47.990  -1.860 0.8999999762
142778  28.846  -38.682  3.504 1.0000000000
142850  31.328  -50.013  -0.077 0.8999999762
142983  38.020  -50.835  3.462 0.3000000119
143006  40.887  -40.048  2.915 0.3000000119
143036  27.266  -44.051  0.127 0.8999999762
143131  39.713  -42.902  3.702 0.3000000119
143222  35.054  -31.400  5.440 0.6999999881
143447  34.259  -33.090  5.485 0.6999999881
143643  28.522  -48.075  3.288 0.8999999762
143896  32.274  -46.020  -1.061 0.6999999881
143931  27.512  -41.094  -3.642 0.6999999881
144319  35.078  -35.651  3.238 0.6999999881
144465  35.427  -34.079  4.398 0.6999999881
144578  32.378  -48.091  -2.372 0.8999999762
144731  32.129  -24.854  -4.636 0.5000000000
144738  38.752  -29.622  -1.423 0.5000000000
144768  34.493  -26.157  2.008 0.5000000000
144870  28.567  -37.997  3.099 1.0000000000
145034  30.804  -41.104  4.579 1.0000000000
145201  27.706  -40.848  2.043 1.0000000000
145613  34.869  -41.100  -5.425 0.6999999881
145717  40.564  -38.064  -5.354 0.4000000060
145735  39.457  -52.417  -7.199 0.5000000000
146171  34.773  -19.373  -0.527 0.3000000119
146298  34.555  -45.944  -1.254 0.6000000238
146353  39.342  -24.807  -1.512 0.4000000060
146717  38.249  -43.516  -1.846 0.5000000000
146730  33.140  -49.948  -3.883 0.8000000119
146955  36.568  -52.844  3.603 0.3000000119
147396  28.772  -52.902  1.656 0.6999999881
148286  31.685  -29.298  -4.280 0.6000000238
148542  28.259  -44.706  -3.879 0.6000000238
148614  34.138  -37.456  -2.524 0.6000000238
148699  27.727  -52.927  1.615 0.6999999881
148771  38.433  -28.582  1.983 0.5000000000
148862  35.398  -41.504  -3.335 0.6999999881
148898  27.072  -53.406  1.047 0.6999999881
149580  41.108  -36.806  -4.354 0.4000000060
149652  37.234  -51.594  -1.258 0.6000000238
149675  33.169  -52.947  1.816 0.6000000238
149860  36.513  -35.517  -5.760 0.5000000000
150026  40.925  -20.186  0.093 0.3000000119
150104  38.242  -27.611  2.864 0.4000000060
150105  28.501  -36.739  -2.731 0.8000000119
150197  33.032  -29.700  4.022 0.8000000119
150275  44.636  -43.981  -6.596 0.3000000119
150316  40.490  -30.355  0.578 0.5000000000
150519  28.085  -38.261  2.451 1.0000000000
150609  35.537  -25.677  3.073 0.5000000000
150703  41.375  -44.544  -5.371 0.4000000060
150892  33.367  -20.177  -4.015 0.3000000119
151024  29.500  -40.621  4.210 1.0000000000
151058  34.708  -42.491  -5.305 0.8000000119
151212  36.293  -39.836  -1.955 0.6000000238
151580  27.445  -40.136  0.555 1.0000000000
151675  39.361  -35.753  -4.885 0.5000000000
151678  37.152  -32.128  1.857 0.6000000238
152008  27.857  -37.393  -1.446 0.8999999762
152020  33.737  -39.052  3.345 0.8000000119
152041  28.280  -50.797  -5.016 0.6000000238
152266  25.716  -53.828  -7.564 0.4000000060
152759  38.706  -25.757  -0.569 0.3000000119
152829  39.789  -41.015  3.352 0.3000000119
152858  27.318  -43.713  0.862 0.8999999762
152891  35.309  -50.591  3.137 0.5000000000
153370  38.971  -19.884  1.576 0.3000000119
153578  41.976  -41.605  -3.426 0.4000000060
153610  37.927  -12.961  7.133 0.3000000119
153780  31.194  -41.709  4.508 1.0000000000
154151  35.851  -51.524  3.514 0.4000000060
154230  28.456  -40.019  3.143 1.0000000000
154275  40.472  -24.457  -4.528 0.3000000119
154339  36.498  -51.523  -0.744 0.6000000238
154398  26.017  -54.676  -7.375 0.4000000060
154481  28.144  -38.384  -4.111 0.8000000119
154579  32.586  -28.178  -3.442 0.6999999881
154771  40.044  -44.642  3.670 0.3000000119
155002  41.485  -43.459  -6.296 0.4000000060
155104  27.611  -44.666  2.605 1.0000000000
155247  46.828  -44.113  -7.385 0.3000000119
155313  37.000  -43.841  2.256 0.4000000060
155813  36.274  -29.936  5.024 0.5000000000
155867  31.726  -45.323  2.428 1.0000000000
156091  39.492  -27.412  -5.269 0.4000000060
156145  31.956  -33.268  5.267 0.8999999762
156422  35.547  -34.117  -0.321 0.6999999881
156438  37.378  -36.424  0.640 0.6999999881
156656  39.244  -32.952  0.672 0.6000000238
156981  39.242  -24.170  -0.791 0.4000000060
157067  35.349  -35.042  3.355 0.6999999881
157094  33.453  -52.608  2.174 0.5000000000
157266  40.123  -21.630  -0.612 0.3000000119
157291  40.155  -35.283  2.589 0.6000000238
157357  32.709  -42.449  -0.365 0.6999999881
157382  32.670  -42.415  1.681 0.8000000119
157466  32.307  -44.517  0.406 0.8000000119
