#!ascii label  , from subject sub-01 vox2ras=TkReg
2441
38553  -39.135  -34.518  -4.077 0.5000000000
38566  -39.742  -33.976  -4.330 0.5000000000
38565  -38.793  -33.848  -5.055 0.4000000060
39450  -39.569  -33.239  -5.097 0.5000000000
40454  -39.327  -32.443  -5.376 0.5000000000
40464  -39.073  -31.614  -5.160 0.5000000000
53726  -29.408  -17.962  0.397 0.5000000000
128824  -29.767  -17.387  0.226 0.4000000060
55663  -30.647  -16.461  -0.167 0.4000000060
55662  -29.435  -16.383  -0.136 0.4000000060
55676  -30.906  -15.779  -0.451 0.6000000238
55675  -29.962  -15.509  -0.398 0.5000000000
56674  -32.669  -14.911  -0.588 0.5000000000
57592  -30.920  -14.366  -0.678 0.5000000000
57593  -31.683  -14.246  -0.756 0.4000000060
124945  -33.180  -13.785  -0.643 0.4000000060
58466  -30.793  -13.626  -0.361 0.5000000000
57595  -33.982  -14.016  -0.423 0.4000000060
117449  -39.891  -35.500  -3.239 0.5000000000
38554  -39.840  -34.706  -3.691 0.4000000060
39451  -40.528  -33.484  -4.613 0.5000000000
40456  -41.022  -32.787  -5.064 0.5000000000
40455  -40.167  -32.665  -5.248 0.5000000000
40465  -39.913  -31.779  -5.432 0.5000000000
41464  -39.584  -30.935  -5.157 0.5000000000
52774  -29.211  -19.524  0.889 0.5000000000
52775  -29.846  -18.800  0.788 0.5000000000
53727  -30.270  -18.060  0.556 0.5000000000
54755  -30.471  -17.257  0.224 0.5000000000
56663  -31.505  -16.338  -0.042 0.6000000238
61023  -36.747  -9.843  1.957 0.3000000119
57594  -33.381  -14.495  -0.472 0.4000000060
61028  -36.259  -10.234  1.250 0.3000000119
115758  -35.178  -11.671  0.222 0.4000000060
58464  -34.969  -13.062  -0.162 0.3000000119
60194  -35.740  -11.465  0.792 0.4000000060
37608  -39.227  -35.133  -3.564 0.5000000000
54756  -31.292  -17.082  0.373 0.6000000238
61926  -36.396  -9.364  1.209 0.3000000119
126443  -40.194  -52.144  -8.520 0.3000000119
21938  -40.713  -51.689  -8.922 0.3000000119
20994  -41.116  -52.381  -9.280 0.4000000060
21944  -41.454  -51.690  -9.433 0.4000000060
20995  -41.751  -52.583  -9.726 0.4000000060
21945  -42.275  -51.744  -9.927 0.4000000060
22904  -42.523  -50.765  -9.686 0.4000000060
20996  -42.484  -52.815  -10.275 0.4000000060
118537  -44.074  -50.340  -9.755 0.4000000060
22906  -44.882  -50.500  -9.921 0.4000000060
21937  -40.017  -51.278  -8.363 0.3000000119
119616  -40.630  -50.864  -8.729 0.3000000119
23834  -41.445  -49.475  -8.682 0.4000000060
21939  -41.226  -50.894  -9.149 0.4000000060
22895  -41.837  -50.174  -9.245 0.4000000060
22903  -41.844  -51.012  -9.515 0.4000000060
22896  -42.764  -49.920  -9.403 0.4000000060
22905  -43.369  -50.538  -9.779 0.4000000060
23846  -44.419  -49.762  -9.483 0.4000000060
23838  -46.573  -49.177  -9.053 0.4000000060
119719  -45.641  -49.165  -9.134 0.4000000060
25693  -41.082  -47.820  -7.131 0.3000000119
25694  -41.974  -47.613  -7.246 0.3000000119
24775  -41.871  -48.736  -8.397 0.4000000060
24776  -42.733  -48.597  -8.537 0.4000000060
23835  -42.287  -49.334  -8.908 0.4000000060
24777  -43.604  -48.500  -8.640 0.4000000060
24778  -44.464  -48.500  -8.714 0.4000000060
120840  -44.802  -49.120  -9.175 0.4000000060
25686  -47.126  -47.245  -7.161 0.4000000060
24779  -45.903  -48.553  -8.651 0.4000000060
27660  -48.912  -46.113  -7.310 0.4000000060
26655  -47.493  -46.732  -6.967 0.4000000060
25700  -47.732  -47.907  -7.750 0.4000000060
25679  -40.710  -47.480  -6.360 0.3000000119
24752  -40.195  -48.121  -6.970 0.3000000119
25680  -41.629  -47.270  -6.477 0.3000000119
25695  -42.890  -47.495  -7.307 0.3000000119
24761  -43.241  -47.876  -8.089 0.3000000119
24762  -44.163  -47.834  -8.171 0.4000000060
25698  -45.716  -47.485  -7.439 0.4000000060
113851  -46.963  -46.254  -6.613 0.4000000060
25685  -46.201  -47.125  -6.897 0.4000000060
24764  -46.194  -47.927  -8.148 0.4000000060
116704  -48.267  -45.405  -7.282 0.4000000060
111108  -49.302  -44.223  -7.635 0.4000000060
25674  -41.282  -46.920  -5.714 0.3000000119
25675  -42.195  -46.784  -5.814 0.3000000119
25681  -42.541  -47.118  -6.560 0.3000000119
26650  -43.101  -46.677  -5.881 0.3000000119
26651  -43.992  -46.659  -5.924 0.4000000060
25683  -44.370  -47.008  -6.644 0.4000000060
25684  -45.291  -47.035  -6.719 0.4000000060
25697  -44.755  -47.443  -7.397 0.4000000060
29722  -46.435  -43.043  -7.117 0.3000000119
123910  -46.388  -44.602  -6.571 0.4000000060
26653  -45.803  -46.579  -6.297 0.4000000060
29723  -47.273  -42.847  -7.451 0.3000000119
28707  -47.369  -45.023  -7.047 0.4000000060
27658  -46.774  -45.585  -6.527 0.4000000060
29724  -48.119  -43.516  -7.624 0.4000000060
27619  -41.980  -45.131  -2.129 0.3000000119
27640  -42.048  -45.674  -3.200 0.3000000119
29683  -42.963  -43.935  -1.674 0.3000000119
26641  -41.020  -46.643  -4.922 0.3000000119
26624  -42.138  -45.915  -3.811 0.3000000119
26635  -42.365  -46.191  -4.482 0.3000000119
26636  -43.094  -46.089  -4.538 0.3000000119
28686  -44.310  -44.447  -4.222 0.3000000119
26644  -43.668  -46.361  -5.136 0.3000000119
27651  -44.423  -45.359  -4.507 0.3000000119
27655  -45.417  -45.110  -5.421 0.3000000119
115775  -44.386  -46.366  -5.403 0.3000000119
28706  -45.694  -43.901  -6.320 0.3000000119
26652  -44.914  -46.574  -5.928 0.3000000119
115265  -46.257  -43.736  -6.822 0.3000000119
28697  -45.717  -44.632  -5.957 0.4000000060
30709  -47.566  -41.883  -7.390 0.3000000119
109804  -48.083  -42.607  -7.620 0.4000000060
31692  -49.087  -40.900  -7.234 0.4000000060
30711  -49.680  -41.801  -7.618 0.4000000060
28657  -42.955  -44.557  -2.206 0.3000000119
27631  -42.910  -45.083  -2.752 0.3000000119
29695  -43.337  -43.931  -2.300 0.3000000119
27649  -42.721  -45.885  -4.036 0.3000000119
28672  -43.804  -44.530  -3.465 0.3000000119
29717  -44.675  -43.238  -5.292 0.3000000119
29713  -44.348  -43.398  -4.491 0.3000000119
124513  -45.698  -41.621  -6.264 0.3000000119
29718  -45.197  -43.066  -6.111 0.3000000119
27652  -44.839  -44.799  -4.882 0.3000000119
32706  -46.684  -40.799  -6.346 0.3000000119
30707  -45.840  -42.381  -6.669 0.3000000119
31690  -47.086  -41.272  -6.950 0.3000000119
31691  -48.015  -40.942  -7.079 0.3000000119
32708  -48.755  -40.546  -6.649 0.3000000119
32709  -49.848  -40.530  -6.493 0.3000000119
118951  -50.994  -40.583  -6.527 0.4000000060
30674  -43.371  -43.050  -1.853 0.3000000119
30655  -43.287  -42.331  -1.122 0.3000000119
29705  -43.681  -43.857  -2.978 0.3000000119
30686  -43.751  -42.427  -2.590 0.3000000119
110489  -44.080  -40.846  -0.932 0.3000000119
32658  -44.574  -40.710  -1.553 0.3000000119
30695  -43.827  -42.988  -3.207 0.3000000119
30687  -44.062  -42.035  -3.391 0.3000000119
109888  -45.705  -40.728  -0.883 0.3000000119
122922  -46.233  -40.489  -4.921 0.3000000119
31684  -45.175  -41.024  -4.974 0.3000000119
30700  -44.477  -42.379  -4.790 0.3000000119
32698  -46.438  -40.570  -5.593 0.3000000119
31687  -45.421  -41.325  -5.665 0.3000000119
109177  -48.178  -40.432  -5.179 0.3000000119
32707  -48.048  -40.445  -6.223 0.3000000119
32701  -50.490  -40.455  -5.171 0.3000000119
33703  -51.444  -39.966  -4.683 0.4000000060
34694  -51.835  -39.563  -5.952 0.5000000000
31659  -44.122  -41.072  -1.759 0.3000000119
124006  -44.180  -41.339  -2.670 0.3000000119
32672  -44.682  -40.705  -2.262 0.3000000119
111088  -44.327  -41.873  -4.106 0.3000000119
32683  -45.410  -40.620  -3.662 0.3000000119
31643  -46.753  -41.379  -0.785 0.3000000119
32691  -46.463  -40.517  -4.178 0.3000000119
31681  -45.059  -40.833  -4.297 0.3000000119
118831  -47.610  -42.028  -1.231 0.3000000119
111479  -46.998  -40.395  -5.002 0.3000000119
30657  -48.672  -43.515  -1.022 0.3000000119
32688  -50.838  -39.743  -3.417 0.3000000119
30642  -50.881  -43.001  -0.546 0.3000000119
123717  -49.461  -40.526  -4.870 0.3000000119
32677  -50.928  -39.910  -3.046 0.3000000119
32695  -51.230  -40.047  -4.267 0.3000000119
34692  -50.627  -38.803  -5.120 0.4000000060
108834  -45.385  -40.594  -2.702 0.3000000119
106382  -46.179  -40.721  -2.323 0.3000000119
32660  -46.372  -40.939  -1.562 0.3000000119
32684  -46.229  -40.629  -3.190 0.3000000119
122963  -46.894  -41.120  -2.123 0.3000000119
32692  -47.737  -40.579  -4.293 0.3000000119
31660  -47.266  -41.524  -1.669 0.3000000119
32693  -49.080  -40.644  -4.230 0.3000000119
30675  -48.782  -42.974  -1.577 0.3000000119
30676  -49.171  -42.785  -1.677 0.3000000119
31646  -50.121  -42.612  -0.785 0.3000000119
32613  -51.003  -40.049  1.168 0.3000000119
32631  -50.679  -40.617  0.565 0.3000000119
33699  -50.314  -39.510  -2.779 0.3000000119
34682  -50.596  -39.465  -3.444 0.3000000119
34686  -50.580  -39.201  -4.259 0.3000000119
32674  -48.141  -41.203  -3.042 0.3000000119
31673  -48.724  -41.592  -2.517 0.3000000119
32686  -48.647  -40.829  -3.576 0.3000000119
32675  -49.429  -40.957  -2.911 0.3000000119
32685  -47.333  -40.752  -3.541 0.3000000119
31674  -49.724  -41.103  -2.259 0.3000000119
31663  -49.619  -41.533  -1.696 0.3000000119
31672  -47.687  -41.485  -2.379 0.3000000119
33694  -50.644  -39.980  -2.408 0.3000000119
32676  -50.609  -40.178  -2.636 0.3000000119
32661  -50.266  -40.327  -1.891 0.3000000119
33681  -49.971  -40.207  -0.980 0.3000000119
32647  -50.135  -40.702  -0.413 0.3000000119
31645  -49.807  -41.940  -1.032 0.3000000119
33693  -49.770  -39.499  -2.071 0.3000000119
33655  -49.737  -39.624  0.772 0.3000000119
32630  -50.214  -40.235  0.353 0.3000000119
34608  -49.210  -38.985  1.198 0.3000000119
33656  -50.338  -39.833  1.012 0.3000000119
34609  -49.906  -38.513  1.573 0.3000000119
33640  -49.944  -39.262  1.250 0.3000000119
34681  -49.297  -38.848  -3.453 0.4000000060
34610  -50.725  -38.124  1.805 0.3000000119
34680  -47.976  -38.503  -3.480 0.4000000060
36643  -50.709  -36.083  1.078 0.3000000119
34684  -48.267  -38.375  -4.228 0.3000000119
34690  -48.530  -38.218  -4.862 0.4000000060
37571  -51.023  -35.032  -0.049 0.3000000119
35720  -48.237  -37.706  -5.558 0.5000000000
35721  -48.805  -37.611  -6.042 0.5000000000
109579  -50.305  -39.957  -1.758 0.3000000119
33668  -49.246  -39.628  -0.314 0.3000000119
33654  -49.069  -39.400  0.498 0.3000000119
34676  -48.926  -38.988  -2.805 0.4000000060
126021  -49.257  -38.382  1.513 0.3000000119
35641  -49.392  -37.768  1.670 0.3000000119
34674  -46.638  -38.406  -2.559 0.4000000060
34679  -46.880  -38.276  -3.354 0.5000000000
35642  -50.218  -37.304  1.686 0.3000000119
36642  -49.991  -36.377  1.343 0.4000000060
37558  -49.912  -35.410  0.717 0.4000000060
124139  -47.057  -38.031  -4.252 0.5000000000
35716  -47.634  -37.848  -4.980 0.6000000238
37570  -50.386  -34.720  0.100 0.3000000119
121809  -47.399  -37.175  -5.683 0.6000000238
36721  -48.128  -36.918  -6.295 0.6000000238
33679  -48.479  -39.197  -1.587 0.3000000119
33667  -48.315  -39.302  -0.675 0.3000000119
34625  -47.427  -38.781  0.588 0.3000000119
33653  -48.212  -39.231  0.191 0.3000000119
34626  -48.285  -38.925  0.893 0.3000000119
110394  -48.523  -38.276  1.452 0.3000000119
35640  -48.469  -37.312  1.648 0.4000000060
34675  -47.692  -38.616  -2.750 0.4000000060
121121  -48.365  -36.517  1.603 0.4000000060
34673  -45.752  -38.138  -2.366 0.5000000000
36641  -49.195  -36.731  1.555 0.4000000060
120129  -48.683  -35.891  1.384 0.4000000060
38510  -48.845  -34.758  1.315 0.4000000060
34678  -46.025  -37.970  -3.147 0.5000000000
35715  -46.177  -37.367  -4.415 0.6000000238
117759  -49.312  -35.863  1.191 0.4000000060
37557  -49.166  -35.167  0.991 0.4000000060
38511  -49.355  -34.395  0.954 0.4000000060
38501  -48.998  -34.111  1.673 0.4000000060
109067  -46.722  -37.336  -5.093 0.6000000238
37569  -49.851  -34.573  0.465 0.3000000119
39396  -49.608  -33.687  1.360 0.4000000060
36714  -45.975  -36.598  -4.966 0.6000000238
37628  -47.206  -35.860  -6.128 0.6000000238
37622  -46.817  -35.515  -5.889 0.6999999881
34642  -47.342  -38.923  -1.105 0.3000000119
115021  -47.340  -38.993  -0.169 0.3000000119
114038  -46.935  -37.981  1.386 0.3000000119
34659  -47.465  -38.767  -2.006 0.3000000119
34641  -46.389  -38.652  -0.545 0.3000000119
34607  -47.541  -38.428  1.176 0.3000000119
34658  -46.357  -38.528  -1.639 0.5000000000
35625  -47.715  -36.841  1.748 0.4000000060
125518  -47.946  -35.960  1.718 0.4000000060
34657  -45.528  -38.210  -1.698 0.5000000000
38500  -48.388  -34.634  2.046 0.4000000060
35696  -45.032  -37.787  -2.103 0.5000000000
108751  -45.279  -37.546  -2.914 0.6000000238
39385  -49.381  -33.432  2.234 0.4000000060
36704  -45.328  -36.457  -4.217 0.6000000238
39386  -50.035  -33.024  2.019 0.4000000060
39375  -49.832  -32.811  2.811 0.4000000060
37621  -46.211  -35.610  -5.458 0.6999999881
127544  -47.323  -34.356  -5.996 0.6999999881
38578  -48.638  -34.818  -6.609 0.6999999881
34624  -46.007  -38.478  0.275 0.4000000060
34606  -46.628  -38.390  0.921 0.4000000060
35638  -46.184  -37.844  1.380 0.4000000060
35623  -45.793  -37.261  1.860 0.4000000060
34640  -45.486  -38.358  -0.431 0.4000000060
34623  -45.251  -38.212  0.288 0.4000000060
35624  -46.801  -37.239  1.744 0.4000000060
34639  -44.758  -38.027  -0.326 0.4000000060
36628  -47.142  -36.388  2.086 0.4000000060
37542  -47.420  -35.654  2.348 0.4000000060
37543  -47.984  -35.295  1.981 0.4000000060
38499  -47.719  -34.960  2.635 0.4000000060
38487  -48.123  -34.264  3.011 0.4000000060
35695  -44.570  -37.111  -2.582 0.6000000238
39384  -48.731  -33.814  2.555 0.4000000060
40372  -49.662  -32.569  3.592 0.4000000060
36693  -44.316  -36.195  -2.957 0.6000000238
36703  -44.764  -36.098  -3.701 0.6999999881
37613  -45.054  -35.521  -4.179 0.6999999881
40359  -50.183  -32.038  4.077 0.4000000060
38569  -45.385  -34.908  -4.570 0.6999999881
39456  -47.283  -33.658  -5.693 0.6999999881
35637  -45.346  -37.694  1.391 0.4000000060
34656  -44.972  -38.029  -1.194 0.4000000060
35636  -44.528  -37.549  1.362 0.4000000060
37541  -46.644  -35.948  2.703 0.4000000060
35681  -44.351  -37.386  -1.723 0.6000000238
35657  -43.581  -37.292  0.392 0.5000000000
37529  -47.039  -35.327  3.117 0.4000000060
36683  -43.959  -36.627  -2.125 0.6999999881
38486  -47.431  -34.656  3.483 0.4000000060
36692  -43.813  -35.864  -2.351 0.6999999881
39359  -48.286  -33.255  4.248 0.4000000060
37602  -44.075  -35.205  -2.780 0.6999999881
40358  -49.447  -32.303  4.354 0.4000000060
40357  -48.711  -32.603  4.653 0.4000000060
38556  -44.462  -34.319  -3.162 0.6999999881
41361  -49.929  -31.692  4.791 0.4000000060
39454  -45.619  -33.995  -4.465 0.6999999881
113193  -46.763  -33.142  -5.163 0.6999999881
41349  -50.554  -31.015  5.192 0.4000000060
42351  -50.901  -30.016  5.675 0.4000000060
35635  -43.741  -37.325  1.194 0.4000000060
35621  -43.999  -37.244  1.946 0.4000000060
35622  -44.869  -37.298  1.961 0.4000000060
36619  -45.765  -36.179  2.978 0.4000000060
35680  -43.689  -36.943  -1.289 0.6999999881
36640  -43.071  -36.833  0.875 0.5000000000
37528  -46.215  -35.594  3.450 0.4000000060
36671  -42.805  -36.095  -0.249 0.6999999881
38485  -46.664  -35.008  3.888 0.4000000060
39358  -47.571  -33.652  4.639 0.4000000060
37595  -43.262  -35.112  -1.451 0.6999999881
38456  -46.789  -34.044  5.013 0.4000000060
39343  -47.267  -33.364  5.384 0.4000000060
38546  -43.973  -34.326  -2.451 0.6999999881
39344  -47.998  -32.966  5.004 0.4000000060
40339  -48.427  -32.339  5.432 0.4000000060
40340  -49.178  -31.995  5.122 0.4000000060
41347  -48.812  -31.665  5.911 0.4000000060
39438  -45.048  -33.669  -3.682 0.6999999881
41348  -49.643  -31.301  5.599 0.4000000060
114706  -46.197  -33.128  -4.618 0.6999999881
42339  -50.276  -29.723  6.190 0.4000000060
43329  -50.676  -29.108  6.046 0.4000000060
36617  -43.855  -36.351  3.190 0.4000000060
36618  -44.827  -36.344  3.167 0.4000000060
37527  -45.302  -35.782  3.683 0.4000000060
36639  -42.691  -36.192  1.406 0.6000000238
114315  -42.946  -36.383  2.196 0.5000000000
37526  -44.359  -35.851  3.793 0.5000000000
37513  -44.864  -35.393  4.379 0.4000000060
114074  -39.176  -29.357  -4.508 0.4000000060
44332  -39.657  -28.722  -4.770 0.5000000000
37568  -42.523  -35.522  0.793 0.6000000238
38455  -45.941  -34.310  5.305 0.4000000060
38531  -43.021  -34.595  -0.839 0.6000000238
39342  -46.440  -33.684  5.694 0.4000000060
38540  -43.547  -34.142  -1.647 0.6000000238
39330  -46.928  -33.038  6.091 0.4000000060
39431  -44.110  -33.336  -2.196 0.6999999881
40338  -47.681  -32.684  5.749 0.4000000060
41331  -48.289  -31.388  6.653 0.4000000060
40444  -45.408  -32.284  -3.715 0.6999999881
41332  -49.138  -30.805  6.442 0.4000000060
43318  -49.238  -29.150  6.784 0.4000000060
111677  -49.223  -27.829  6.251 0.4000000060
45189  -48.989  -27.455  5.626 0.4000000060
37525  -43.530  -35.725  3.729 0.5000000000
37540  -42.605  -35.771  2.235 0.6000000238
36616  -43.003  -36.080  2.989 0.5000000000
37512  -43.991  -35.367  4.450 0.5000000000
42430  -38.093  -29.995  -3.642 0.3000000119
43402  -38.533  -29.229  -3.974 0.4000000060
44331  -38.980  -28.404  -4.346 0.5000000000
38530  -42.749  -33.989  -0.059 0.6000000238
37555  -42.443  -35.218  1.477 0.6000000238
38469  -45.407  -34.845  4.848 0.4000000060
39419  -43.347  -33.347  -0.784 0.6000000238
39341  -45.608  -33.896  5.948 0.5000000000
113536  -43.089  -31.954  -1.226 0.6999999881
39430  -43.740  -33.123  -1.512 0.6000000238
39329  -46.122  -33.324  6.379 0.4000000060
41426  -43.398  -31.880  -1.790 0.8000000119
40427  -43.484  -32.467  -1.247 0.6999999881
40313  -47.028  -32.014  7.123 0.4000000060
41330  -47.665  -31.819  6.757 0.4000000060
41317  -48.331  -30.656  7.097 0.4000000060
42337  -48.887  -29.963  6.972 0.4000000060
44255  -48.834  -28.410  6.739 0.4000000060
106303  -48.446  -27.307  4.971 0.4000000060
45200  -48.857  -27.303  3.843 0.4000000060
122186  -42.388  -33.947  2.186 0.6000000238
38484  -42.571  -34.737  3.521 0.6000000238
37510  -42.812  -34.875  4.063 0.5000000000
37511  -43.287  -35.129  4.292 0.5000000000
126558  -38.432  -28.483  -3.752 0.4000000060
44326  -38.611  -27.722  -3.915 0.4000000060
39418  -43.041  -32.937  0.018 0.6000000238
39395  -42.486  -33.183  1.787 0.6000000238
38467  -43.671  -34.659  5.089 0.5000000000
45267  -39.208  -27.337  -4.438 0.5000000000
40426  -42.422  -31.886  -1.056 0.6999999881
40418  -43.095  -32.392  -0.583 0.6999999881
38454  -45.092  -34.429  5.511 0.5000000000
41424  -41.654  -31.463  -1.700 0.6999999881
41425  -42.557  -31.624  -1.922 0.6999999881
39327  -44.494  -33.560  6.604 0.5000000000
114705  -40.346  -25.492  -4.983 0.6999999881
46234  -39.753  -26.454  -4.725 0.6000000238
42420  -41.639  -30.378  -2.964 0.6999999881
41432  -41.823  -31.151  -2.400 0.6999999881
41433  -42.415  -31.141  -2.821 0.6999999881
107575  -45.336  -33.033  7.066 0.5000000000
48282  -40.662  -23.761  -4.850 0.6999999881
47251  -40.989  -24.433  -5.232 0.6999999881
40322  -45.827  -32.905  6.981 0.4000000060
42421  -42.537  -30.337  -3.523 0.6999999881
42431  -43.455  -30.557  -3.831 0.8000000119
41315  -46.615  -31.531  7.700 0.4000000060
41316  -47.548  -31.260  7.319 0.4000000060
42325  -47.659  -30.414  7.554 0.4000000060
114760  -48.193  -28.394  7.001 0.4000000060
111162  -48.133  -27.480  5.764 0.4000000060
45199  -47.828  -27.430  4.208 0.4000000060
39383  -42.359  -33.339  2.582 0.6000000238
39372  -42.346  -33.735  3.450 0.6000000238
38466  -42.903  -34.413  4.669 0.6000000238
44325  -38.113  -27.993  -3.321 0.4000000060
45264  -38.297  -27.150  -3.510 0.4000000060
45265  -38.726  -27.012  -3.983 0.6999999881
122838  -42.079  -32.411  0.780 0.6999999881
119979  -42.375  -32.725  1.235 0.6000000238
39339  -42.516  -33.700  5.053 0.5000000000
118512  -39.064  -26.441  -4.233 0.6999999881
41423  -40.828  -31.132  -1.463 0.6999999881
122298  -40.598  -31.391  -0.733 0.6999999881
40416  -41.822  -32.179  0.120 0.6999999881
40417  -42.570  -32.608  0.391 0.6999999881
38451  -43.110  -33.978  5.438 0.5000000000
38452  -43.695  -34.002  5.840 0.5000000000
46233  -38.860  -25.685  -3.963 0.6999999881
41416  -41.488  -31.800  -0.779 0.6999999881
39317  -44.109  -33.170  7.105 0.5000000000
115024  -39.514  -25.633  -4.474 0.6999999881
43395  -40.530  -29.315  -2.397 0.6999999881
42408  -41.148  -30.767  -2.243 0.6999999881
40299  -44.901  -32.169  7.960 0.4000000060
47250  -40.075  -24.690  -4.711 0.6999999881
43396  -41.221  -29.333  -3.052 0.6999999881
43397  -41.882  -29.569  -3.489 0.6999999881
126983  -39.545  -28.062  -1.495 0.6000000238
45255  -40.439  -27.752  -2.474 0.6000000238
44322  -41.487  -28.426  -3.337 0.6999999881
41314  -45.654  -31.774  8.015 0.4000000060
41302  -46.191  -31.027  8.182 0.4000000060
50116  -40.599  -22.356  -3.893 0.6999999881
42324  -46.963  -30.814  7.880 0.4000000060
114763  -40.367  -26.937  -2.435 0.6000000238
43293  -46.874  -29.251  7.793 0.4000000060
108901  -46.891  -28.454  7.335 0.4000000060
44254  -47.572  -28.100  6.898 0.4000000060
45188  -47.469  -27.432  5.302 0.4000000060
45209  -47.520  -27.576  2.357 0.4000000060
39356  -42.006  -33.196  4.617 0.6000000238
45258  -37.293  -27.572  -2.231 0.6000000238
45259  -37.776  -27.340  -2.946 0.6000000238
46229  -37.980  -26.488  -3.202 0.6999999881
41404  -39.587  -31.389  0.752 0.6000000238
40409  -40.813  -32.240  1.298 0.6999999881
40401  -41.330  -32.439  2.042 0.6999999881
122006  -41.746  -32.619  2.683 0.6000000238
42398  -40.109  -30.729  -1.024 0.6000000238
41415  -39.943  -31.265  -0.144 0.6000000238
41406  -40.848  -31.865  -0.097 0.6999999881
46230  -38.529  -26.413  -3.717 0.6999999881
42406  -39.713  -29.867  -1.227 0.6000000238
127942  -43.279  -33.294  6.599 0.5000000000
47249  -39.264  -24.836  -4.210 0.6999999881
47246  -38.650  -24.992  -3.758 0.6999999881
43383  -39.495  -28.863  -1.264 0.6000000238
43384  -40.008  -29.352  -1.796 0.6000000238
40309  -43.713  -32.601  7.569 0.4000000060
49276  -40.353  -23.215  -4.531 0.6999999881
48281  -39.786  -23.894  -4.479 0.6999999881
44313  -40.055  -28.484  -2.054 0.6999999881
107966  -39.762  -22.243  -3.902 0.6999999881
41300  -44.745  -31.527  8.322 0.4000000060
41301  -45.371  -31.019  8.408 0.4000000060
121910  -39.665  -26.704  -1.833 0.6000000238
42306  -44.869  -30.262  8.495 0.4000000060
42307  -45.824  -30.392  8.334 0.4000000060
49270  -40.984  -22.748  -3.741 0.6999999881
49265  -40.581  -23.061  -2.864 0.6999999881
48276  -40.698  -24.250  -2.815 0.6999999881
46221  -40.178  -26.024  -2.332 0.6000000238
109203  -46.169  -28.753  7.681 0.4000000060
45179  -46.347  -27.490  5.779 0.4000000060
45198  -46.727  -27.429  4.605 0.4000000060
124230  -46.073  -27.323  3.900 0.4000000060
111305  -47.138  -27.511  3.493 0.4000000060
46165  -46.390  -27.350  2.952 0.3000000119
39382  -42.127  -32.916  2.993 0.6000000238
118711  -37.024  -26.901  -1.889 0.5000000000
42388  -38.689  -30.259  0.903 0.6000000238
41395  -39.992  -31.856  1.315 0.6000000238
40371  -41.423  -32.786  4.182 0.6000000238
46225  -37.505  -26.683  -2.592 0.6000000238
47241  -37.656  -25.729  -2.847 0.5000000000
43365  -38.888  -29.923  0.105 0.6000000238
42397  -39.467  -30.363  -0.456 0.6000000238
42389  -39.203  -30.725  0.360 0.6000000238
40356  -41.396  -32.786  5.014 0.5000000000
39338  -42.078  -33.137  5.400 0.4000000060
127559  -42.631  -33.480  5.669 0.5000000000
116353  -38.271  -25.679  -3.462 0.6999999881
40337  -41.491  -32.708  5.809 0.5000000000
39325  -42.279  -33.001  6.163 0.4000000060
39315  -42.835  -33.011  6.704 0.4000000060
47245  -38.097  -24.711  -3.272 0.8000000119
115848  -39.041  -28.721  -0.586 0.6000000238
40308  -42.799  -32.506  7.395 0.4000000060
40297  -43.283  -31.881  8.104 0.4000000060
49272  -38.939  -22.662  -3.657 0.6999999881
45243  -39.296  -27.347  -1.279 0.6000000238
119793  -44.271  -30.943  8.530 0.4000000060
50115  -40.055  -21.861  -3.632 0.6999999881
46211  -39.017  -26.458  -1.129 0.6000000238
117144  -44.968  -29.475  8.290 0.4000000060
44231  -45.432  -29.019  8.008 0.4000000060
50110  -40.373  -22.064  -3.280 0.6999999881
50102  -40.165  -22.258  -2.582 0.6999999881
48272  -39.954  -24.110  -2.218 0.6999999881
112219  -38.858  -25.491  -1.124 0.6999999881
126629  -44.915  -28.626  7.759 0.4000000060
125987  -46.014  -27.777  6.581 0.4000000060
49264  -39.749  -23.147  -2.009 0.6999999881
107818  -44.619  -27.554  6.630 0.4000000060
46146  -44.797  -26.973  4.869 0.3000000119
45187  -45.711  -27.297  4.795 0.4000000060
47182  -44.622  -26.223  2.641 0.4000000060
128242  -45.553  -27.051  3.355 0.3000000119
42379  -38.564  -30.531  1.738 0.6000000238
41393  -38.920  -31.287  1.986 0.6000000238
41372  -39.376  -31.823  3.317 0.6000000238
40354  -39.859  -32.186  4.135 0.6000000238
40335  -39.953  -32.186  5.104 0.5000000000
125375  -37.237  -26.178  -2.258 0.6000000238
43356  -38.385  -29.668  1.554 0.6000000238
40336  -40.711  -32.445  5.471 0.5000000000
121521  -37.518  -24.903  -2.664 0.6999999881
43372  -38.752  -29.074  -0.010 0.6000000238
40306  -40.373  -31.734  6.729 0.5000000000
40320  -40.878  -32.311  6.269 0.4000000060
111271  -41.988  -32.178  7.415 0.4000000060
48279  -38.927  -23.961  -3.882 0.6999999881
48275  -37.629  -23.954  -2.750 0.6999999881
45242  -38.634  -27.234  -0.427 0.6000000238
115569  -38.660  -28.214  -0.144 0.6000000238
41312  -41.542  -31.601  7.730 0.5000000000
41313  -42.353  -31.802  7.898 0.5000000000
48278  -38.298  -23.639  -3.349 0.8000000119
41298  -41.951  -31.172  8.246 0.4000000060
119061  -43.357  -31.011  8.509 0.4000000060
50114  -39.444  -21.722  -3.431 0.8000000119
46210  -38.382  -26.099  -0.304 0.6000000238
42304  -43.018  -30.208  8.524 0.4000000060
50989  -39.703  -21.421  -3.185 0.6999999881
114378  -42.278  -25.968  7.219 0.5000000000
46128  -41.840  -26.596  7.470 0.5000000000
107162  -43.041  -27.596  7.310 0.5000000000
43289  -42.678  -29.549  8.407 0.4000000060
43290  -43.405  -29.653  8.432 0.4000000060
50109  -39.935  -21.550  -2.718 0.6999999881
50101  -39.741  -22.036  -2.019 0.6999999881
48271  -39.406  -24.109  -1.648 0.6999999881
48267  -38.873  -24.564  -1.173 0.6999999881
117311  -42.369  -25.150  7.237 0.5000000000
46129  -42.716  -26.735  7.093 0.5000000000
120483  -43.364  -27.162  6.837 0.4000000060
44245  -43.413  -28.209  7.615 0.4000000060
44246  -44.160  -28.568  7.787 0.4000000060
106995  -43.322  -24.065  6.265 0.4000000060
47146  -42.814  -25.791  6.782 0.5000000000
47156  -43.305  -25.593  6.189 0.4000000060
46144  -43.591  -26.150  5.719 0.4000000060
46145  -43.967  -26.419  5.068 0.4000000060
46138  -44.509  -27.081  5.761 0.4000000060
49179  -43.665  -23.301  5.694 0.4000000060
48188  -43.561  -24.323  5.423 0.4000000060
47164  -43.579  -25.391  5.292 0.4000000060
47170  -43.802  -25.708  4.242 0.4000000060
46151  -44.338  -26.454  4.111 0.4000000060
42371  -38.504  -30.809  2.438 0.6000000238
41384  -38.767  -31.328  2.841 0.6000000238
47236  -36.422  -25.167  -1.450 0.5000000000
111256  -38.290  -28.830  1.346 0.6000000238
43349  -38.225  -29.935  2.519 0.6000000238
43342  -38.016  -29.832  3.511 0.6000000238
41359  -38.743  -31.319  4.542 0.5000000000
41344  -38.939  -31.374  5.221 0.5000000000
41360  -39.328  -31.776  4.781 0.5000000000
47240  -37.141  -25.460  -2.179 0.6000000238
125415  -38.185  -28.151  1.181 0.6000000238
44294  -38.443  -28.562  0.599 0.6000000238
42349  -38.949  -31.081  5.887 0.5000000000
41329  -39.620  -31.406  6.356 0.5000000000
111341  -37.067  -24.575  -2.156 0.6000000238
121811  -38.190  -26.796  0.316 0.6000000238
45233  -38.260  -27.624  0.589 0.6000000238
42322  -40.395  -30.520  7.726 0.5000000000
41311  -40.715  -31.359  7.469 0.5000000000
49268  -37.389  -23.042  -2.471 0.8000000119
44243  -41.003  -28.188  7.879 0.5000000000
43307  -40.215  -29.552  7.788 0.5000000000
42323  -41.161  -30.877  8.071 0.5000000000
49269  -38.041  -22.867  -3.068 0.8000000119
47144  -40.632  -25.716  7.925 0.5000000000
46126  -39.804  -26.851  7.679 0.5000000000
45168  -41.256  -27.309  7.694 0.5000000000
43287  -40.917  -29.180  8.117 0.5000000000
42302  -40.955  -30.048  8.251 0.5000000000
43288  -41.757  -29.578  8.358 0.4000000060
50108  -38.528  -21.755  -3.067 0.8000000119
114071  -38.369  -25.029  -0.477 0.6999999881
46127  -41.031  -26.448  7.743 0.5000000000
45169  -42.147  -27.508  7.547 0.5000000000
44228  -41.540  -28.828  8.127 0.5000000000
50972  -39.399  -21.161  -2.070 0.8000000119
49258  -39.067  -23.639  -1.313 0.6999999881
48266  -38.483  -24.013  -0.642 0.6999999881
47131  -41.067  -24.960  7.975 0.5000000000
48162  -42.503  -24.154  7.339 0.4000000060
128315  -39.315  -22.770  -1.500 0.6999999881
48163  -43.012  -23.912  6.866 0.4000000060
41371  -38.693  -31.310  3.688 0.5000000000
47235  -35.515  -25.293  -0.762 0.5000000000
44288  -38.034  -28.223  1.863 0.6000000238
44275  -37.950  -29.056  3.042 0.6000000238
42348  -38.490  -30.806  5.191 0.5000000000
106571  -38.032  -30.008  5.031 0.5000000000
117647  -38.516  -30.163  6.000 0.5000000000
48264  -33.977  -24.503  -0.859 0.5000000000
48265  -34.892  -24.375  -0.820 0.5000000000
46186  -37.914  -26.865  1.152 0.6000000238
45224  -37.978  -27.592  1.491 0.6000000238
43305  -38.932  -28.833  7.041 0.5000000000
43306  -39.541  -29.274  7.376 0.5000000000
42321  -39.677  -30.149  7.317 0.5000000000
46185  -37.672  -26.571  1.872 0.6000000238
46125  -39.055  -26.576  7.572 0.5000000000
44240  -38.829  -27.977  7.145 0.5000000000
44241  -39.556  -28.421  7.456 0.5000000000
50106  -37.219  -22.238  -2.235 0.6999999881
47216  -37.997  -25.427  0.208 0.6000000238
111803  -40.156  -27.745  7.669 0.5000000000
44242  -40.280  -28.689  7.758 0.5000000000
50107  -37.852  -21.442  -2.450 0.6999999881
50983  -38.591  -20.981  -2.444 0.6999999881
48148  -41.910  -23.856  7.897 0.4000000060
50984  -39.220  -21.208  -2.918 0.8000000119
50095  -39.215  -21.915  -1.382 0.6999999881
49164  -42.377  -23.423  7.689 0.5000000000
50016  -42.592  -22.686  7.812 0.5000000000
122683  -38.600  -20.592  -1.908 0.6999999881
49165  -42.849  -23.321  7.257 0.4000000060
49172  -43.309  -23.236  6.624 0.5000000000
51772  -45.326  -20.501  5.458 0.4000000060
52739  -45.786  -20.119  4.697 0.5000000000
52740  -46.267  -19.343  4.158 0.5000000000
51806  -45.966  -20.795  2.265 0.5000000000
51783  -46.068  -20.117  3.717 0.5000000000
43341  -37.789  -29.093  3.885 0.6000000238
43335  -37.903  -29.735  4.269 0.5000000000
45216  -37.805  -27.632  2.264 0.6000000238
44274  -37.730  -28.394  3.485 0.6000000238
44268  -37.649  -28.421  4.332 0.6000000238
43334  -37.778  -29.207  4.726 0.5000000000
43328  -38.035  -29.336  5.581 0.5000000000
43315  -38.461  -29.204  6.378 0.5000000000
49255  -34.166  -23.522  -1.250 0.5000000000
48269  -35.774  -24.264  -1.112 0.5000000000
48270  -36.517  -24.060  -1.677 0.6999999881
45215  -37.670  -27.014  2.478 0.6000000238
44281  -37.648  -27.585  3.227 0.6000000238
45196  -37.556  -27.631  4.262 0.6000000238
46135  -38.139  -26.898  6.829 0.5000000000
125243  -38.012  -28.727  5.960 0.5000000000
49262  -36.012  -23.432  -1.405 0.6000000238
46198  -37.704  -26.168  1.308 0.6000000238
45177  -38.232  -27.585  6.668 0.5000000000
50098  -35.888  -22.494  -1.456 0.6999999881
47206  -37.510  -25.835  1.886 0.6000000238
47143  -39.662  -25.883  7.896 0.5000000000
124914  -36.659  -22.174  -1.813 0.6999999881
47215  -37.629  -25.338  1.036 0.6000000238
128121  -40.774  -24.554  8.191 0.5000000000
108062  -40.493  -24.030  8.377 0.4000000060
49152  -41.283  -23.499  8.325 0.5000000000
49246  -38.238  -23.207  -0.182 0.6999999881
48252  -37.872  -24.395  0.217 0.6999999881
49153  -41.975  -23.117  8.149 0.5000000000
51754  -44.324  -19.990  7.563 0.4000000060
52711  -45.101  -18.920  7.059 0.4000000060
50085  -38.304  -22.236  0.267 0.6999999881
51765  -45.242  -19.961  6.178 0.4000000060
109319  -38.634  -20.301  -0.442 0.6999999881
121589  -45.618  -19.814  5.446 0.4000000060
51838  -38.353  -20.281  -1.311 0.6999999881
51794  -46.237  -20.067  2.756 0.5000000000
114055  -46.337  -20.000  1.768 0.5000000000
52749  -46.370  -19.310  3.221 0.5000000000
118598  -37.612  -28.029  4.982 0.5000000000
44261  -37.747  -28.629  5.256 0.5000000000
123833  -37.541  -26.805  3.097 0.6000000238
113663  -37.476  -27.008  4.567 0.5000000000
44251  -37.787  -28.004  5.862 0.5000000000
112898  -33.760  -23.004  -1.338 0.6000000238
128556  -34.329  -22.908  -1.328 0.6000000238
46173  -37.505  -26.330  2.565 0.6000000238
45176  -37.689  -27.055  6.149 0.5000000000
50093  -34.916  -22.452  -1.178 0.6000000238
47194  -37.299  -25.533  2.651 0.5000000000
47169  -37.068  -25.554  4.212 0.5000000000
46124  -38.358  -26.367  7.247 0.5000000000
47129  -39.105  -24.916  8.160 0.5000000000
48242  -37.294  -24.963  1.909 0.6000000238
47130  -40.184  -24.942  8.220 0.5000000000
48146  -39.675  -24.321  8.409 0.6000000238
49151  -40.446  -23.000  8.720 0.5000000000
50099  -36.443  -21.702  -1.549 0.6999999881
49232  -37.416  -23.284  1.451 0.6999999881
51739  -42.583  -20.581  8.822 0.5000000000
52695  -43.575  -19.210  8.649 0.4000000060
50100  -37.192  -21.483  -1.925 0.6999999881
49245  -37.710  -23.334  0.631 0.6999999881
50965  -38.449  -21.261  0.949 0.6999999881
50004  -41.376  -22.661  8.566 0.5000000000
50871  -42.885  -21.293  8.274 0.5000000000
52696  -44.186  -19.211  8.129 0.4000000060
52710  -44.685  -19.104  7.533 0.4000000060
50977  -37.940  -20.634  -1.927 0.6999999881
50094  -38.736  -22.021  -0.592 0.6999999881
53664  -44.946  -18.369  7.394 0.4000000060
54697  -45.597  -17.632  6.414 0.4000000060
50971  -37.064  -20.637  -0.817 0.6999999881
51827  -38.568  -19.929  0.322 0.6999999881
52721  -45.359  -19.086  6.489 0.4000000060
54709  -45.980  -17.670  5.592 0.4000000060
51831  -38.251  -19.921  -0.593 0.6999999881
53684  -46.066  -18.472  5.306 0.4000000060
54710  -46.294  -17.671  4.734 0.4000000060
54718  -46.436  -17.676  3.787 0.4000000060
52759  -46.435  -19.189  2.233 0.5000000000
114639  -46.476  -17.822  3.013 0.5000000000
46150  -37.329  -26.354  4.406 0.5000000000
46143  -37.416  -26.672  5.275 0.5000000000
47163  -37.149  -25.793  5.258 0.5000000000
122587  -37.423  -26.315  6.022 0.5000000000
48160  -38.321  -25.007  7.786 0.5000000000
50092  -34.106  -22.557  -1.120 0.6000000238
106690  -36.824  -24.866  4.034 0.5000000000
46134  -37.791  -26.304  6.681 0.5000000000
50083  -34.869  -21.952  -0.669 0.6999999881
48214  -36.846  -24.371  3.476 0.5000000000
48145  -38.358  -24.303  8.123 0.6000000238
49150  -39.690  -23.599  8.628 0.5000000000
106284  -36.984  -23.790  2.832 0.6000000238
111811  -37.129  -24.035  2.037 0.6999999881
51726  -42.598  -19.818  9.157 0.4000000060
119515  -35.660  -21.827  -1.207 0.6999999881
49986  -40.759  -22.059  9.070 0.5000000000
50850  -41.016  -21.188  9.391 0.5000000000
53648  -43.942  -18.476  8.531 0.4000000060
53649  -44.494  -18.444  7.991 0.4000000060
54685  -45.208  -17.658  7.166 0.4000000060
50970  -36.434  -21.335  -1.175 0.6999999881
50939  -38.330  -21.084  2.857 0.6000000238
117568  -45.399  -16.887  6.845 0.4000000060
115031  -38.717  -20.939  -0.135 0.6999999881
50966  -38.731  -20.097  0.614 0.6999999881
50940  -39.022  -20.083  2.451 0.6000000238
50927  -39.024  -20.024  3.108 0.6000000238
55620  -45.767  -16.738  5.842 0.4000000060
51825  -37.655  -20.019  -0.244 0.6999999881
51826  -38.354  -19.739  0.375 0.6000000238
52776  -38.754  -19.697  1.109 0.6999999881
51805  -39.149  -19.343  2.174 0.6000000238
51792  -39.352  -19.224  2.923 0.6000000238
55621  -46.159  -16.972  5.024 0.4000000060
52758  -39.623  -18.792  2.650 0.6000000238
125699  -39.765  -18.945  3.082 0.6000000238
54724  -46.325  -16.877  2.834 0.5000000000
52748  -38.777  -18.874  3.171 0.6000000238
51781  -39.613  -19.075  3.389 0.6000000238
113807  -46.399  -17.587  2.209 0.5000000000
110669  -46.341  -17.483  1.380 0.5000000000
47154  -37.341  -25.647  6.347 0.6000000238
50081  -32.679  -22.649  -0.194 0.5000000000
48175  -37.210  -24.867  6.747 0.6000000238
48159  -37.661  -24.488  7.548 0.6000000238
50082  -33.917  -22.329  -0.323 0.6000000238
48186  -36.661  -24.261  5.271 0.6000000238
48187  -36.867  -24.989  5.787 0.6000000238
114279  -38.979  -23.232  8.739 0.5000000000
50003  -39.577  -22.898  8.892 0.5000000000
124027  -33.245  -22.481  0.036 0.6000000238
50962  -34.569  -21.834  0.458 0.6000000238
48196  -36.681  -24.160  4.306 0.6000000238
49187  -36.680  -23.520  4.772 0.6000000238
50849  -40.160  -21.388  9.510 0.5000000000
52680  -41.486  -19.445  9.825 0.5000000000
53640  -42.577  -18.533  9.507 0.4000000060
53641  -43.317  -18.502  9.059 0.4000000060
128006  -35.935  -21.279  0.809 0.6999999881
49204  -37.156  -22.969  2.933 0.6999999881
49203  -36.886  -22.860  4.207 0.6000000238
49985  -39.860  -22.235  9.214 0.5000000000
51724  -41.212  -20.293  9.653 0.5000000000
52681  -42.241  -19.286  9.518 0.5000000000
119528  -44.258  -17.732  8.362 0.4000000060
54684  -44.736  -17.718  7.783 0.4000000060
55605  -45.095  -16.209  7.284 0.4000000060
50952  -38.406  -21.166  1.994 0.6999999881
50917  -38.247  -20.425  4.455 0.6999999881
50848  -39.290  -21.520  9.515 0.5000000000
51723  -40.399  -20.525  9.797 0.5000000000
55611  -45.424  -16.050  6.447 0.4000000060
50951  -36.377  -20.845  1.257 0.6000000238
50907  -37.895  -20.370  5.291 0.6999999881
123722  -45.658  -15.726  5.500 0.4000000060
50964  -36.553  -20.848  0.194 0.6999999881
51816  -38.405  -19.584  1.266 0.6000000238
52766  -39.053  -19.325  1.833 0.6000000238
51780  -39.413  -19.208  3.683 0.6000000238
51770  -38.885  -19.270  4.638 0.6000000238
117926  -37.917  -19.235  6.302 0.6000000238
55629  -45.998  -16.114  4.802 0.4000000060
51804  -37.243  -20.136  1.973 0.6000000238
123843  -38.601  -19.242  2.294 0.6000000238
113310  -38.653  -18.761  4.776 0.6000000238
52729  -38.362  -18.444  5.740 0.6000000238
56624  -45.956  -15.534  3.825 0.4000000060
52738  -38.615  -18.723  4.413 0.6000000238
53693  -38.286  -18.337  5.452 0.6000000238
115022  -46.007  -16.025  2.200 0.5000000000
55634  -45.972  -15.902  3.023 0.4000000060
54733  -46.260  -16.727  1.839 0.5000000000
55652  -45.643  -16.240  1.824 0.5000000000
49171  -37.039  -24.168  7.017 0.6000000238
49178  -36.642  -23.480  5.665 0.6000000238
48174  -36.771  -24.230  6.239 0.6000000238
49163  -37.244  -23.672  7.539 0.6000000238
50002  -38.397  -22.880  8.741 0.5000000000
50015  -37.390  -23.175  8.032 0.5000000000
52671  -41.120  -18.834  10.187 0.5000000000
112062  -42.981  -17.803  9.398 0.4000000060
50068  -33.712  -22.084  0.735 0.6000000238
50949  -34.346  -21.610  1.455 0.6000000238
120791  -36.755  -22.506  5.895 0.6000000238
50906  -37.109  -21.447  5.981 0.6000000238
50868  -37.433  -21.598  8.579 0.5000000000
52679  -37.925  -19.716  9.630 0.5000000000
51716  -38.437  -20.126  9.817 0.5000000000
51717  -39.097  -20.044  10.071 0.5000000000
119551  -43.648  -17.743  8.887 0.4000000060
54672  -44.003  -16.871  8.656 0.4000000060
55604  -44.589  -16.289  8.044 0.4000000060
50040  -37.398  -21.746  4.289 0.6999999881
50894  -36.966  -21.265  6.834 0.5000000000
50846  -37.816  -21.373  9.066 0.5000000000
112535  -38.792  -20.773  9.722 0.5000000000
56598  -45.127  -15.408  6.909 0.4000000060
50938  -35.937  -20.890  2.104 0.6000000238
53647  -37.335  -18.505  8.109 0.6000000238
56609  -45.373  -15.209  6.011 0.4000000060
116264  -36.408  -20.353  2.670 0.6000000238
51790  -36.223  -20.063  3.329 0.6000000238
53663  -37.720  -18.197  7.145 0.6000000238
127171  -45.556  -14.976  5.188 0.4000000060
118178  -36.002  -21.419  -0.648 0.6999999881
52747  -37.353  -19.278  3.862 0.6000000238
56616  -45.741  -15.218  4.561 0.4000000060
56639  -46.547  -15.603  2.470 0.5000000000
56640  -47.702  -15.415  2.342 0.4000000060
49170  -36.755  -23.390  6.737 0.6000000238
50014  -36.977  -22.905  7.549 0.5000000000
111820  -39.750  -18.165  10.493 0.5000000000
53629  -40.426  -18.545  10.387 0.5000000000
53630  -41.215  -17.968  10.297 0.5000000000
54666  -42.682  -17.194  9.592 0.4000000060
50936  -34.100  -21.286  2.148 0.6000000238
51802  -34.602  -20.779  2.700 0.6000000238
50023  -36.762  -22.333  6.800 0.6000000238
52667  -37.903  -18.913  9.802 0.5000000000
52669  -39.433  -19.082  10.355 0.5000000000
54667  -43.299  -17.063  9.235 0.4000000060
56582  -44.017  -15.894  8.638 0.4000000060
56583  -44.427  -15.343  8.138 0.4000000060
50937  -34.973  -21.233  2.173 0.6000000238
106328  -37.505  -19.957  9.081 0.5000000000
56597  -44.800  -15.606  7.583 0.4000000060
51803  -35.504  -20.654  2.748 0.6000000238
52746  -35.914  -19.636  4.011 0.6000000238
116949  -37.544  -17.672  7.707 0.6000000238
118142  -45.426  -13.877  4.577 0.4000000060
53692  -37.476  -18.255  5.216 0.6000000238
54696  -37.906  -17.415  6.736 0.6000000238
57556  -45.650  -14.508  4.216 0.4000000060
53682  -37.857  -17.817  5.677 0.6000000238
54708  -38.020  -17.597  6.080 0.6000000238
57557  -45.798  -14.600  3.928 0.4000000060
57558  -46.532  -14.370  3.432 0.4000000060
58435  -47.184  -13.623  3.711 0.3000000119
55642  -46.104  -15.725  2.681 0.5000000000
57571  -47.037  -14.898  2.849 0.4000000060
58445  -48.829  -13.956  2.952 0.3000000119
54655  -40.941  -17.031  10.450 0.5000000000
121136  -41.588  -17.219  10.205 0.5000000000
56573  -42.981  -15.601  9.519 0.5000000000
56574  -43.396  -14.906  9.228 0.5000000000
116795  -38.955  -18.099  10.473 0.5000000000
55572  -39.094  -16.586  10.573 0.6000000238
124148  -43.572  -15.545  9.059 0.4000000060
110458  -43.899  -15.071  8.684 0.5000000000
57489  -44.280  -14.447  8.223 0.4000000060
51789  -35.071  -20.227  3.391 0.6000000238
120107  -34.987  -19.577  3.839 0.6000000238
53627  -37.854  -18.104  9.934 0.6000000238
57507  -44.746  -14.737  7.416 0.4000000060
58364  -44.892  -14.023  6.821 0.4000000060
52736  -35.373  -19.021  4.362 0.6000000238
116338  -37.348  -17.997  8.672 0.6999999881
58400  -45.219  -13.049  5.088 0.3000000119
54717  -35.540  -17.868  5.048 0.6000000238
55593  -37.279  -16.628  8.987 0.6000000238
113719  -45.283  -13.237  4.692 0.3000000119
53691  -36.029  -18.461  4.994 0.6000000238
53681  -36.609  -17.835  5.435 0.6000000238
109247  -37.757  -16.832  7.350 0.6000000238
58418  -45.466  -13.837  4.665 0.4000000060
54707  -37.129  -17.333  5.837 0.6000000238
118978  -37.792  -16.159  7.107 0.6000000238
58434  -46.059  -13.691  3.793 0.3000000119
59347  -47.738  -12.743  4.002 0.3000000119
59348  -48.748  -12.069  3.988 0.3000000119
118407  -48.797  -12.759  3.661 0.3000000119
56556  -40.608  -15.161  10.535 0.6000000238
55574  -40.761  -16.100  10.506 0.5000000000
56558  -42.348  -15.249  9.907 0.5000000000
57475  -42.811  -14.747  9.664 0.5000000000
117881  -38.581  -17.323  10.441 0.6000000238
56555  -39.751  -15.736  10.614 0.6000000238
58346  -44.054  -13.576  8.465 0.4000000060
58363  -44.565  -13.663  7.566 0.4000000060
52744  -34.246  -19.619  3.363 0.6000000238
52745  -34.615  -19.133  3.868 0.6000000238
55571  -38.139  -16.540  10.356 0.6000000238
58382  -44.871  -13.384  6.679 0.3000000119
108573  -45.032  -12.905  6.039 0.3000000119
53690  -35.218  -18.381  4.602 0.6000000238
54716  -34.751  -17.741  4.390 0.6000000238
55618  -35.749  -16.687  5.448 0.6000000238
55603  -37.513  -16.179  8.078 0.6000000238
54706  -36.000  -17.274  5.505 0.6000000238
117233  -45.319  -12.367  4.668 0.3000000119
55619  -36.530  -16.637  5.959 0.6000000238
55610  -37.296  -16.330  6.535 0.6000000238
59346  -45.615  -12.917  4.084 0.3000000119
119682  -47.808  -11.771  4.438 0.3000000119
108103  -48.919  -11.197  4.337 0.3000000119
57454  -41.220  -14.445  10.447 0.6000000238
56557  -41.553  -15.419  10.295 0.5000000000
58338  -42.331  -13.579  10.020 0.5000000000
58339  -42.962  -13.503  9.624 0.4000000060
109025  -39.118  -14.916  10.606 0.6000000238
107722  -39.915  -14.884  10.598 0.6000000238
60103  -44.078  -11.976  8.538 0.4000000060
59278  -44.338  -12.771  8.074 0.4000000060
120154  -38.245  -14.872  10.416 0.6000000238
59288  -44.752  -11.804  6.999 0.4000000060
59305  -44.732  -12.643  7.040 0.3000000119
54723  -34.226  -17.998  3.789 0.6000000238
56553  -37.674  -15.033  10.027 0.6000000238
110167  -44.967  -12.060  6.158 0.3000000119
55628  -35.209  -17.036  4.921 0.6000000238
115952  -37.392  -15.077  9.249 0.6000000238
60994  -45.306  -10.543  4.918 0.3000000119
56596  -37.633  -15.400  7.373 0.6000000238
60160  -45.629  -11.622  4.486 0.3000000119
56615  -36.429  -15.355  6.072 0.6000000238
56608  -37.208  -15.531  6.638 0.6000000238
60996  -47.255  -10.259  4.839 0.3000000119
106989  -48.599  -10.330  4.746 0.3000000119
57453  -40.409  -14.324  10.573 0.6000000238
58309  -40.928  -13.556  10.546 0.5000000000
59262  -42.601  -12.858  9.867 0.5000000000
59263  -43.234  -12.798  9.441 0.4000000060
59277  -43.772  -12.755  8.829 0.4000000060
57452  -39.625  -14.235  10.598 0.6000000238
60083  -44.018  -11.032  8.913 0.4000000060
60104  -44.372  -11.398  8.221 0.4000000060
57451  -38.710  -14.039  10.497 0.6000000238
60119  -44.642  -11.261  7.512 0.4000000060
109462  -45.076  -11.117  5.596 0.3000000119
55627  -34.658  -16.911  4.233 0.6000000238
58337  -37.759  -13.511  9.725 0.6000000238
60964  -45.130  -10.287  6.253 0.3000000119
56622  -34.947  -16.149  4.323 0.6000000238
111515  -35.398  -16.287  5.072 0.6000000238
57487  -37.485  -14.388  8.555 0.6000000238
112113  -45.345  -9.858  5.118 0.3000000119
57506  -37.590  -14.572  7.601 0.6000000238
56614  -35.932  -15.970  5.644 0.6000000238
121924  -36.852  -14.845  6.400 0.6000000238
59225  -40.452  -12.859  10.586 0.6000000238
60051  -42.035  -11.267  10.312 0.4000000060
60081  -42.785  -11.542  9.863 0.4000000060
60893  -43.298  -10.910  9.588 0.4000000060
60082  -43.469  -11.898  9.297 0.4000000060
58306  -38.819  -13.007  10.428 0.5000000000
113285  -39.676  -12.922  10.576 0.5000000000
128767  -45.070  -9.836  7.168 0.4000000060
58305  -38.101  -12.792  9.955 0.5000000000
61803  -45.263  -9.367  6.531 0.3000000119
59276  -37.707  -12.809  9.248 0.5000000000
62738  -45.369  -8.827  5.752 0.3000000119
56628  -35.149  -15.283  3.876 0.6000000238
58362  -37.652  -13.622  7.794 0.5000000000
56623  -35.493  -15.435  4.796 0.6000000238
57526  -36.005  -15.194  5.465 0.6000000238
109152  -37.658  -13.263  7.025 0.6000000238
57539  -36.383  -13.953  5.068 0.6000000238
57527  -36.461  -14.526  5.753 0.6000000238
58381  -37.379  -13.396  6.430 0.6000000238
58399  -37.350  -12.893  5.903 0.5000000000
60871  -40.628  -10.764  10.531 0.4000000060
60872  -41.413  -10.597  10.452 0.3000000119
60873  -42.184  -10.319  10.286 0.4000000060
60894  -43.745  -10.179  9.359 0.3000000119
60049  -39.519  -11.637  10.468 0.5000000000
110516  -44.072  -8.718  9.214 0.3000000119
62697  -44.710  -8.461  8.451 0.3000000119
60917  -44.783  -9.926  7.987 0.3000000119
59261  -38.061  -12.070  9.459 0.5000000000
63570  -45.177  -7.303  7.840 0.3000000119
61788  -44.542  -9.302  8.577 0.3000000119
125149  -37.822  -12.233  8.746 0.5000000000
62718  -45.357  -8.515  6.770 0.3000000119
60102  -37.922  -12.082  7.969 0.5000000000
106527  -45.449  -7.186  4.521 0.3000000119
59287  -37.783  -12.721  7.432 0.5000000000
59304  -37.679  -12.584  6.552 0.5000000000
61753  -40.611  -9.479  10.395 0.3000000119
61754  -41.481  -9.722  10.410 0.3000000119
61755  -42.318  -9.484  10.223 0.3000000119
61768  -42.921  -9.253  9.921 0.3000000119
60891  -39.280  -9.531  9.771 0.3000000119
107352  -39.843  -10.864  10.476 0.4000000060
61769  -43.525  -9.401  9.553 0.3000000119
63552  -44.300  -7.822  8.938 0.3000000119
61767  -38.737  -9.895  9.263 0.3000000119
60915  -38.333  -10.770  8.274 0.4000000060
62698  -45.186  -8.126  7.701 0.3000000119
63593  -45.407  -7.645  6.902 0.3000000119
60118  -38.174  -11.320  7.702 0.5000000000
107073  -45.312  -6.803  4.676 0.3000000119
112030  -37.997  -11.930  7.106 0.5000000000
64480  -45.288  -6.670  4.174 0.3000000119
59319  -37.539  -12.188  5.707 0.4000000060
60135  -37.898  -11.672  6.297 0.5000000000
62663  -40.855  -8.669  10.254 0.3000000119
126435  -41.370  -8.371  10.202 0.3000000119
63533  -41.870  -8.142  10.109 0.3000000119
62677  -39.464  -8.595  9.407 0.3000000119
61752  -39.871  -9.648  10.283 0.3000000119
63550  -42.703  -7.844  9.782 0.3000000119
63551  -43.616  -7.895  9.425 0.3000000119
62676  -38.877  -9.244  9.012 0.3000000119
63569  -44.573  -7.107  8.591 0.3000000119
64416  -45.004  -6.495  8.107 0.3000000119
61802  -38.580  -9.658  7.427 0.3000000119
111615  -38.771  -9.096  8.157 0.3000000119
64433  -45.420  -6.699  7.062 0.3000000119
64454  -45.446  -6.322  5.966 0.3000000119
60935  -38.391  -10.515  7.530 0.4000000060
65295  -45.442  -5.458  6.223 0.3000000119
65313  -45.287  -5.800  5.005 0.3000000119
60934  -38.222  -11.104  6.867 0.4000000060
65353  -45.031  -5.387  3.482 0.3000000119
60146  -37.755  -11.381  5.499 0.4000000060
60962  -38.128  -10.818  6.056 0.4000000060
65354  -45.335  -5.425  3.302 0.3000000119
63548  -40.440  -7.324  9.580 0.3000000119
62662  -39.989  -8.972  10.103 0.3000000119
117306  -41.181  -6.917  9.692 0.3000000119
63549  -41.885  -7.343  9.872 0.3000000119
64400  -42.599  -6.951  9.654 0.3000000119
124024  -43.232  -7.276  9.516 0.3000000119
63547  -39.762  -7.699  9.290 0.3000000119
65246  -43.378  -5.900  9.233 0.3000000119
65247  -43.916  -5.219  8.748 0.3000000119
66114  -44.641  -4.803  8.107 0.3000000119
106728  -38.787  -8.806  7.309 0.3000000119
62716  -38.999  -8.359  8.051 0.3000000119
65271  -45.254  -5.255  7.344 0.3000000119
66145  -45.441  -3.964  6.062 0.3000000119
60963  -38.401  -10.229  6.685 0.4000000060
106619  -45.370  -4.114  4.986 0.3000000119
114905  -45.059  -4.182  4.001 0.3000000119
60980  -37.927  -10.593  5.242 0.4000000060
107606  -44.886  -4.594  3.290 0.3000000119
113074  -44.868  -3.344  2.762 0.3000000119
66220  -45.179  -4.287  2.749 0.3000000119
67925  -47.530  -2.938  2.720 0.3000000119
64398  -40.529  -6.507  9.378 0.3000000119
111257  -41.206  -6.063  9.514 0.3000000119
64399  -41.905  -6.487  9.667 0.3000000119
65245  -42.628  -6.161  9.504 0.3000000119
64397  -39.945  -6.925  9.131 0.3000000119
66100  -42.431  -4.746  9.192 0.3000000119
66112  -43.234  -4.485  8.870 0.3000000119
63592  -39.340  -7.136  7.874 0.3000000119
63568  -39.520  -7.344  8.648 0.3000000119
66113  -43.991  -4.310  8.470 0.3000000119
66124  -44.560  -4.058  7.974 0.3000000119
124947  -45.278  -3.846  6.954 0.3000000119
63591  -39.057  -7.876  7.263 0.3000000119
66971  -44.961  -3.248  7.300 0.3000000119
66986  -45.295  -3.202  6.607 0.3000000119
110285  -38.510  -9.021  5.953 0.4000000060
67008  -45.431  -3.260  5.654 0.3000000119
60981  -38.315  -9.850  5.796 0.4000000060
67027  -45.326  -3.378  4.553 0.3000000119
61860  -37.959  -9.786  4.873 0.4000000060
67066  -45.185  -3.528  2.525 0.3000000119
60993  -37.586  -10.532  4.325 0.4000000060
67067  -46.341  -3.245  2.437 0.3000000119
67941  -46.791  -2.494  2.224 0.3000000119
120876  -41.192  -5.357  9.329 0.3000000119
65244  -41.942  -5.559  9.469 0.3000000119
65242  -40.069  -6.261  8.967 0.3000000119
65243  -40.517  -5.660  9.112 0.3000000119
67827  -43.181  -2.825  8.344 0.3000000119
65259  -39.850  -5.714  8.409 0.3000000119
67839  -44.408  -2.746  7.643 0.3000000119
64431  -39.223  -6.966  6.991 0.3000000119
67857  -45.286  -2.484  6.327 0.3000000119
68686  -45.465  -1.659  5.004 0.3000000119
67908  -45.293  -2.591  4.129 0.3000000119
67924  -44.837  -2.583  2.933 0.3000000119
67939  -44.935  -2.705  2.403 0.3000000119
68736  -45.138  -2.073  1.929 0.3000000119
61904  -37.367  -9.447  3.310 0.3000000119
68737  -46.066  -2.011  1.797 0.3000000119
68755  -47.812  -1.060  1.741 0.3000000119
69554  -48.764  -0.838  1.967 0.3000000119
65260  -40.287  -5.071  8.615 0.3000000119
66110  -41.096  -4.112  8.809 0.3000000119
66948  -41.863  -4.011  8.938 0.3000000119
68638  -42.913  -2.083  8.125 0.3000000119
67828  -43.884  -3.093  8.148 0.3000000119
65270  -39.536  -5.430  7.474 0.3000000119
66108  -39.877  -4.840  8.066 0.3000000119
68649  -44.358  -1.892  7.383 0.3000000119
123618  -44.706  -1.401  6.872 0.3000000119
128185  -44.233  -0.255  6.763 0.3000000119
122557  -44.958  -1.966  6.810 0.3000000119
69484  -45.220  -0.768  5.713 0.3000000119
118465  -45.422  -0.856  4.623 0.3000000119
69531  -45.277  -1.009  3.584 0.3000000119
68735  -44.883  -1.866  2.258 0.3000000119
68752  -44.941  -1.485  1.835 0.3000000119
69571  -45.117  -0.895  1.592 0.3000000119
68753  -45.538  -1.437  1.637 0.3000000119
68754  -46.662  -1.271  1.599 0.3000000119
69573  -47.216  -0.526  1.452 0.3000000119
69574  -48.248  -0.342  1.567 0.3000000119
69575  -49.152  -0.130  1.651 0.3000000119
66957  -40.119  -3.666  7.795 0.3000000119
123734  -40.526  -2.981  7.910 0.3000000119
67825  -41.768  -2.665  8.367 0.3000000119
67826  -42.465  -2.670  8.396 0.3000000119
66123  -39.643  -4.395  7.200 0.3000000119
67836  -40.694  -2.211  7.597 0.3000000119
113790  -41.867  -1.292  7.785 0.3000000119
69467  -43.151  -0.745  7.501 0.3000000119
66144  -39.268  -4.528  6.167 0.3000000119
69483  -44.738  -0.800  6.537 0.3000000119
65312  -38.629  -5.490  5.328 0.3000000119
114471  -45.389  -0.189  4.113 0.3000000119
68722  -44.940  -1.704  2.968 0.3000000119
125360  -44.965  -0.436  2.446 0.3000000119
70431  -45.348  -0.051  1.257 0.3000000119
70433  -47.637  0.703  1.048 0.3000000119
106471  -39.691  -2.035  6.075 0.3000000119
67007  -39.312  -3.317  5.727 0.3000000119
108910  -39.424  -2.645  5.703 0.3000000119
67006  -38.902  -3.717  5.109 0.3000000119
66163  -39.191  -3.989  5.727 0.3000000119
66985  -39.480  -3.765  6.382 0.3000000119
109143  -39.783  -3.506  7.045 0.3000000119
65328  -38.345  -5.126  4.579 0.3000000119
66162  -38.807  -4.598  5.342 0.3000000119
49983  -37.954  -22.208  8.898 0.5000000000
51762  -37.456  -20.156  6.515 0.6999999881
51738  -37.440  -20.797  8.740 0.5000000000
52709  -37.355  -19.099  7.647 0.6000000238
50950  -35.357  -21.410  1.301 0.6000000238
120491  -38.923  -20.947  -1.122 0.6999999881
20062  -39.387  -54.170  -7.596 0.3000000119
20073  -39.992  -54.025  -8.204 0.3000000119
20074  -40.604  -53.766  -8.766 0.3000000119
20991  -40.628  -52.697  -8.868 0.3000000119
20090  -41.247  -53.389  -9.369 0.4000000060
20091  -41.962  -53.583  -10.042 0.4000000060
21001  -43.241  -52.930  -10.783 0.4000000060
21956  -43.738  -52.115  -10.673 0.4000000060
21947  -44.183  -51.151  -10.297 0.4000000060
21948  -45.355  -51.271  -10.526 0.4000000060
22897  -46.259  -49.833  -9.523 0.4000000060
24765  -47.683  -48.521  -8.366 0.4000000060
23839  -47.616  -49.164  -8.983 0.4000000060
121014  -48.527  -46.767  -7.232 0.4000000060
30712  -50.936  -41.841  -7.607 0.4000000060
31642  -43.390  -41.489  -0.427 0.3000000119
32644  -44.428  -40.620  -0.414 0.3000000119
32646  -45.947  -40.906  -0.031 0.3000000119
32710  -51.867  -40.489  -6.568 0.5000000000
30659  -50.239  -44.270  -1.429 0.3000000119
34698  -51.411  -38.737  -6.323 0.5000000000
34697  -50.758  -38.540  -5.930 0.5000000000
38532  -50.906  -33.884  -0.666 0.3000000119
38521  -50.358  -34.114  -0.116 0.3000000119
40403  -51.480  -32.835  0.376 0.3000000119
37629  -47.898  -35.860  -6.416 0.6000000238
40388  -50.805  -32.644  2.005 0.4000000060
37630  -48.993  -35.996  -6.750 0.6000000238
40374  -51.176  -32.152  2.918 0.4000000060
41374  -51.678  -31.612  3.428 0.4000000060
41362  -50.575  -31.534  4.492 0.4000000060
42360  -51.338  -30.564  4.997 0.4000000060
42352  -51.695  -29.819  5.245 0.4000000060
110088  -38.892  -30.832  -4.682 0.4000000060
42439  -39.382  -30.171  -4.761 0.5000000000
43410  -39.791  -29.516  -4.937 0.5000000000
111666  -47.304  -31.846  -5.234 0.6999999881
45191  -50.411  -27.823  5.776 0.4000000060
117105  -46.652  -31.829  -4.759 0.6999999881
125897  -49.590  -27.320  5.240 0.4000000060
122646  -39.592  -27.984  -4.703 0.5000000000
44333  -40.160  -28.129  -5.061 0.5000000000
46235  -40.607  -26.351  -5.247 0.6000000238
45268  -40.001  -27.293  -4.944 0.6000000238
110728  -41.323  -25.231  -5.451 0.8000000119
41450  -44.761  -31.258  -3.761 0.8000000119
40443  -44.860  -32.319  -3.186 0.6999999881
42432  -44.254  -30.667  -4.114 0.8000000119
41451  -45.434  -31.264  -4.147 0.6999999881
126618  -49.097  -27.262  2.945 0.4000000060
41449  -44.015  -31.252  -3.426 0.8000000119
43403  -42.474  -29.432  -3.830 0.8000000119
43405  -43.874  -29.883  -4.388 0.8000000119
45218  -48.503  -27.476  1.700 0.4000000060
49278  -41.414  -23.307  -4.631 0.6999999881
115270  -42.764  -27.898  -4.179 0.8000000119
49275  -41.493  -23.242  -4.270 0.6999999881
48277  -41.385  -24.463  -3.398 0.6999999881
45261  -42.209  -26.655  -3.782 0.8000000119
47242  -40.765  -25.257  -2.790 0.6999999881
46226  -40.960  -26.156  -2.892 0.6000000238
46174  -46.625  -27.134  1.232 0.3000000119
49188  -43.776  -23.765  4.770 0.4000000060
125033  -44.366  -25.465  2.560 0.4000000060
47195  -45.141  -26.248  1.800 0.4000000060
47207  -45.997  -26.307  0.763 0.3000000119
125429  -44.110  -23.305  4.377 0.4000000060
49189  -43.960  -24.055  3.823 0.4000000060
48215  -44.142  -24.626  3.022 0.4000000060
46163  -44.128  -25.950  3.325 0.4000000060
50031  -44.160  -22.469  5.448 0.4000000060
112104  -45.223  -22.217  2.841 0.4000000060
50928  -45.367  -21.562  3.533 0.5000000000
50024  -43.796  -22.327  6.361 0.5000000000
51771  -44.827  -20.885  6.056 0.4000000060
51782  -45.563  -20.861  4.111 0.5000000000
119723  -45.577  -21.477  2.632 0.5000000000
50942  -46.082  -20.930  1.285 0.4000000060
50005  -43.065  -21.918  7.743 0.5000000000
50882  -43.461  -21.185  7.752 0.5000000000
51764  -44.622  -20.466  6.792 0.4000000060
52767  -46.472  -19.035  1.207 0.5000000000
54758  -46.405  -17.577  0.852 0.5000000000
54746  -46.454  -17.150  0.925 0.5000000000
50090  -32.161  -22.993  -0.731 0.5000000000
55653  -46.732  -16.621  1.377 0.5000000000
57572  -48.256  -14.717  2.700 0.4000000060
50079  -31.366  -22.330  0.612 0.6000000238
50066  -32.103  -22.094  1.160 0.6000000238
50067  -32.882  -22.292  0.854 0.6000000238
50948  -33.517  -21.703  1.515 0.6000000238
50935  -33.309  -21.228  2.096 0.6000000238
51801  -33.789  -20.701  2.535 0.6000000238
51788  -34.228  -20.280  2.980 0.6000000238
110784  -49.540  -12.247  3.574 0.3000000119
107274  -50.177  -11.586  3.566 0.3000000119
52757  -33.541  -19.974  2.762 0.6000000238
53698  -34.005  -18.690  3.483 0.6000000238
55633  -34.188  -17.139  3.599 0.6000000238
109970  -34.497  -16.415  3.716 0.6000000238
56627  -34.699  -15.666  3.381 0.6000000238
114896  -35.565  -14.568  3.983 0.6000000238
57538  -35.963  -14.584  4.909 0.6000000238
57555  -35.193  -14.743  2.953 0.6000000238
58416  -36.120  -13.860  4.232 0.5000000000
59318  -37.088  -12.699  5.177 0.5000000000
59334  -37.355  -11.859  4.783 0.4000000060
125489  -37.389  -11.276  4.255 0.4000000060
61008  -37.315  -10.206  3.424 0.4000000060
123929  -44.946  0.233  2.176 0.3000000119
108736  -44.973  0.224  1.456 0.3000000119
70444  -46.740  0.862  0.837 0.3000000119
71277  -47.458  1.483  0.648 0.3000000119
70434  -48.595  0.444  1.278 0.3000000119
67026  -38.556  -3.286  4.274 0.3000000119
66176  -37.931  -4.793  3.665 0.3000000119
44262  -51.044  -28.338  5.698 0.4000000060
119838  -46.387  -19.924  0.765 0.5000000000
21946  -43.147  -51.381  -10.180 0.4000000060
24758  -40.654  -48.504  -7.624 0.3000000119
23823  -41.058  -48.899  -8.212 0.3000000119
24759  -41.478  -48.234  -7.809 0.3000000119
23837  -43.981  -49.089  -9.152 0.4000000060
24760  -42.334  -48.011  -7.981 0.3000000119
29725  -49.209  -42.972  -7.801 0.4000000060
26623  -41.359  -45.966  -3.454 0.3000000119
27656  -46.002  -45.375  -6.011 0.4000000060
30696  -44.132  -42.708  -3.964 0.3000000119
33704  -51.780  -39.961  -5.485 0.4000000060
30658  -49.216  -43.713  -1.352 0.3000000119
31661  -48.208  -42.165  -1.895 0.3000000119
33641  -50.653  -39.160  1.481 0.3000000119
116910  -50.774  -36.774  1.531 0.3000000119
121614  -50.002  -40.850  -1.114 0.3000000119
33669  -49.783  -39.978  0.051 0.3000000119
37585  -51.413  -34.673  -0.522 0.3000000119
33680  -49.550  -39.638  -1.226 0.3000000119
35707  -44.921  -36.819  -3.397 0.6000000238
39398  -50.662  -33.485  0.160 0.4000000060
37620  -45.556  -35.652  -4.855 0.6000000238
38571  -46.709  -34.687  -5.702 0.6999999881
41373  -51.007  -31.717  3.850 0.4000000060
39455  -46.380  -33.885  -5.140 0.6999999881
34605  -45.722  -38.146  0.889 0.4000000060
35658  -44.250  -37.659  0.685 0.4000000060
39360  -48.950  -32.867  3.877 0.4000000060
36657  -43.088  -36.725  0.051 0.6000000238
37601  -43.602  -35.125  -2.103 0.6999999881
126409  -44.282  -33.813  -2.685 0.6999999881
40458  -46.711  -32.460  -4.893 0.6999999881
37514  -45.795  -35.258  4.184 0.4000000060
37583  -42.610  -35.254  -0.056 0.6000000238
42338  -49.632  -29.898  6.527 0.4000000060
125644  -45.111  -32.877  -3.481 0.6999999881
43319  -49.965  -29.110  6.436 0.4000000060
45182  -49.849  -27.939  6.155 0.4000000060
42438  -38.730  -30.057  -4.268 0.3000000119
38520  -42.497  -34.573  0.724 0.6000000238
40435  -44.382  -32.373  -2.546 0.6999999881
40457  -46.064  -32.250  -4.308 0.6999999881
39407  -42.651  -33.325  0.828 0.6000000238
39328  -45.289  -33.444  6.613 0.5000000000
122072  -42.459  -32.231  -0.297 0.6999999881
122266  -43.094  -31.543  -2.434 0.6999999881
41435  -44.524  -31.754  -3.113 0.8000000119
42419  -40.932  -30.020  -2.578 0.6999999881
44248  -47.650  -28.792  7.383 0.4000000060
122439  -41.807  -32.429  1.372 0.6999999881
42407  -40.403  -30.195  -1.887 0.6000000238
44327  -42.136  -28.709  -3.765 0.6999999881
44302  -39.098  -28.065  -0.870 0.6000000238
45260  -41.256  -27.265  -3.119 0.6999999881
118152  -42.137  -27.622  -3.755 0.6999999881
46189  -48.591  -27.386  0.690 0.4000000060
46175  -46.747  -27.412  2.041 0.3000000119
41394  -39.385  -31.464  1.419 0.6000000238
40400  -40.375  -32.204  1.992 0.6000000238
40386  -40.820  -32.432  2.818 0.6999999881
43373  -39.217  -29.464  -0.589 0.6000000238
49271  -41.272  -23.512  -3.567 0.6999999881
47237  -39.429  -24.886  -1.673 0.6999999881
47238  -40.038  -25.085  -2.268 0.6999999881
127500  -41.404  -25.311  -3.291 0.8000000119
46220  -39.506  -25.791  -1.731 0.6999999881
40355  -40.658  -32.504  4.607 0.4000000060
42305  -43.853  -30.244  8.545 0.3000000119
43291  -44.186  -29.434  8.317 0.3000000119
107237  -45.364  -27.499  6.220 0.3000000119
45197  -45.168  -26.982  4.063 0.3000000119
114092  -39.173  -31.712  4.090 0.5000000000
41346  -40.092  -32.037  5.951 0.5000000000
48274  -37.061  -23.761  -2.188 0.6999999881
42303  -41.745  -30.433  8.372 0.4000000060
47155  -42.971  -24.783  6.696 0.4000000060
46136  -43.356  -26.495  6.402 0.4000000060
44244  -42.672  -28.232  7.756 0.4000000060
123955  -43.259  -28.922  8.134 0.4000000060
47145  -41.596  -25.625  7.612 0.5000000000
46137  -43.856  -26.657  5.841 0.4000000060
45170  -43.895  -27.738  7.136 0.4000000060
48198  -43.698  -24.711  4.486 0.4000000060
42359  -38.241  -30.554  4.208 0.5000000000
42336  -39.256  -30.618  6.624 0.5000000000
49263  -36.687  -23.035  -1.874 0.6999999881
45166  -39.333  -27.449  7.463 0.5000000000
50978  -38.725  -20.607  -1.465 0.8000000119
49256  -35.103  -23.295  -1.236 0.5000000000
50017  -43.240  -22.548  7.175 0.5000000000
51832  -38.479  -20.149  -0.728 0.6999999881
53694  -46.435  -18.538  3.583 0.5000000000
53685  -46.325  -18.521  4.469 0.4000000060
51793  -45.775  -20.809  3.179 0.5000000000
49254  -33.269  -23.633  -1.217 0.5000000000
45186  -37.550  -27.417  5.196 0.5000000000
115664  -42.451  -21.942  8.289 0.5000000000
48251  -37.429  -24.253  1.197 0.6999999881
50883  -44.023  -20.892  7.276 0.4000000060
52720  -44.930  -19.610  6.964 0.4000000060
51753  -43.772  -20.533  7.806 0.4000000060
50084  -37.815  -22.522  0.986 0.8000000119
50091  -33.133  -22.795  -1.054 0.5000000000
50870  -42.289  -21.328  8.673 0.5000000000
51817  -38.860  -19.644  1.373 0.6000000238
55630  -46.313  -16.629  4.005 0.4000000060
50963  -35.503  -21.507  0.234 0.6999999881
48213  -36.862  -23.428  3.619 0.6000000238
50063  -37.594  -22.162  2.512 0.6999999881
50926  -38.291  -20.763  3.630 0.6999999881
51815  -37.525  -20.096  0.773 0.6000000238
110351  -39.198  -18.909  4.081 0.6000000238
51791  -37.453  -19.609  2.951 0.6000000238
54745  -46.303  -16.935  1.368 0.5000000000
50080  -32.087  -22.540  0.257 0.5000000000
48144  -37.775  -23.717  8.068 0.6000000238
52670  -40.568  -19.543  10.139 0.5000000000
53639  -41.792  -18.637  9.890 0.4000000060
50053  -37.400  -22.167  3.430 0.6999999881
50895  -37.495  -20.515  6.016 0.6999999881
50030  -37.291  -21.533  5.126 0.6999999881
52719  -37.832  -18.749  6.669 0.6000000238
53672  -38.214  -17.947  6.206 0.6000000238
53631  -42.137  -17.748  9.859 0.4000000060
50867  -36.999  -21.464  7.887 0.5000000000
52668  -38.477  -19.431  10.070 0.5000000000
113761  -37.058  -20.676  7.995 0.5000000000
51751  -37.068  -20.707  7.280 0.6000000238
58383  -45.151  -13.686  5.846 0.4000000060
125071  -37.368  -18.689  8.840 0.6999999881
113547  -45.310  -13.618  4.664 0.4000000060
52737  -36.785  -18.886  4.614 0.6000000238
55573  -40.097  -16.758  10.587 0.6000000238
54656  -42.156  -16.859  9.931 0.4000000060
111725  -37.570  -19.174  9.263 0.6999999881
54652  -38.277  -17.896  10.276 0.6000000238
52694  -37.316  -19.257  8.570 0.6000000238
107945  -37.810  -16.743  6.811 0.6000000238
58436  -48.327  -13.443  3.510 0.3000000119
55575  -41.536  -16.447  10.264 0.5000000000
55576  -42.239  -16.013  9.923 0.5000000000
58345  -43.514  -13.519  9.128 0.4000000060
55587  -37.556  -16.472  9.741 0.6000000238
60147  -45.099  -11.840  5.021 0.3000000119
60159  -45.208  -11.935  4.846 0.3000000119
124963  -37.521  -15.651  9.693 0.6000000238
56572  -37.302  -15.880  9.061 0.6000000238
54695  -37.535  -17.003  6.320 0.6000000238
56581  -37.500  -15.249  8.297 0.6000000238
125352  -46.616  -13.037  3.940 0.3000000119
60162  -49.920  -11.041  3.910 0.3000000119
56554  -38.546  -15.691  10.496 0.6000000238
110349  -37.812  -15.789  10.182 0.6000000238
116145  -36.568  -15.958  6.218 0.6000000238
60161  -46.852  -11.259  4.650 0.3000000119
58310  -41.658  -13.690  10.330 0.6000000238
121133  -38.181  -13.499  10.208 0.6000000238
60136  -44.903  -11.152  6.591 0.4000000060
60982  -45.207  -10.435  5.289 0.3000000119
60995  -45.847  -10.621  4.615 0.3000000119
57516  -37.423  -14.744  6.869 0.6000000238
59226  -41.177  -12.786  10.496 0.5000000000
59227  -41.880  -12.905  10.279 0.5000000000
122289  -44.314  -10.109  8.761 0.4000000060
58344  -37.514  -13.551  8.904 0.5000000000
108902  -41.140  -11.387  10.512 0.4000000060
60050  -40.317  -11.490  10.572 0.4000000060
60892  -42.672  -10.811  10.035 0.4000000060
61789  -45.095  -9.083  7.646 0.3000000119
60048  -38.673  -11.987  10.205 0.5000000000
63624  -45.389  -7.570  4.954 0.3000000119
63609  -45.426  -8.025  5.849 0.3000000119
60869  -38.998  -10.982  10.162 0.4000000060
127296  -38.661  -10.782  9.691 0.4000000060
113554  -38.455  -10.606  9.135 0.4000000060
64402  -43.877  -7.058  9.194 0.3000000119
61787  -38.554  -9.952  8.405 0.3000000119
66178  -45.039  -5.076  4.154 0.3000000119
67050  -46.013  -4.041  2.622 0.3000000119
63532  -41.107  -7.826  9.994 0.3000000119
62696  -39.309  -8.049  8.740 0.3000000119
61830  -38.570  -9.349  6.587 0.3000000119
66204  -44.925  -4.822  2.983 0.3000000119
66125  -45.089  -4.378  7.459 0.3000000119
107136  -44.874  -3.610  3.322 0.3000000119
67942  -47.933  -2.242  2.472 0.3000000119
66111  -42.606  -3.901  8.822 0.3000000119
64432  -39.445  -6.316  7.695 0.3000000119
66098  -40.803  -4.848  8.999 0.3000000119
67838  -43.695  -2.340  7.935 0.3000000119
64453  -39.269  -6.114  6.814 0.3000000119
67824  -41.061  -2.761  8.205 0.3000000119
68647  -42.620  -1.350  7.839 0.3000000119
69468  -44.073  -0.910  7.219 0.3000000119
122317  -38.997  -5.162  5.877 0.3000000119
70398  -45.258  0.678  4.496 0.3000000119
128057  -45.198  -0.472  3.244 0.3000000119
69572  -45.993  -0.722  1.351 0.3000000119
70432  -46.616  0.143  1.162 0.3000000119
70435  -49.462  0.507  1.390 0.3000000119
66969  -40.128  -2.879  7.312 0.3000000119
67837  -41.450  -2.022  7.980 0.3000000119
68646  -41.142  -1.346  7.513 0.3000000119
65327  -37.856  -5.652  3.820 0.3000000119
71276  -46.234  1.381  0.510 0.3000000119
66177  -38.459  -4.246  4.441 0.3000000119
120255  -46.915  -50.381  -9.963 0.4000000060
115233  -45.132  -31.750  -3.583 0.6999999881
44328  -42.914  -28.762  -4.229 0.8000000119
46231  -42.669  -25.794  -4.237 0.8000000119
50941  -45.456  -22.132  1.987 0.4000000060
50908  -44.439  -21.702  5.845 0.4000000060
50919  -45.062  -21.632  4.503 0.4000000060
52793  -49.373  -20.867  -3.901 0.3000000119
52789  -47.211  -19.816  -2.075 0.4000000060
52791  -50.397  -20.433  -3.087 0.3000000119
51828  -46.456  -19.979  -0.178 0.4000000060
52783  -46.523  -19.345  -0.797 0.4000000060
52777  -46.421  -18.895  0.120 0.4000000060
53743  -50.814  -19.735  -2.258 0.3000000119
53737  -48.083  -18.601  -1.039 0.4000000060
53735  -46.553  -18.713  -0.420 0.4000000060
53736  -46.916  -18.631  -0.822 0.4000000060
108485  -47.837  -17.511  0.278 0.3000000119
126933  -46.580  -18.234  -0.190 0.4000000060
55668  -49.519  -16.861  0.623 0.3000000119
54760  -49.058  -17.487  0.197 0.3000000119
55666  -47.184  -16.995  0.787 0.4000000060
54759  -46.682  -17.660  0.363 0.4000000060
55656  -50.007  -16.232  0.971 0.3000000119
56654  -49.380  -15.711  1.573 0.3000000119
56653  -48.277  -15.854  1.748 0.3000000119
118225  -32.783  -21.678  1.588 0.5000000000
57582  -49.851  -15.000  1.884 0.3000000119
50947  -31.211  -21.615  1.296 0.5000000000
51812  -30.654  -20.684  1.430 0.5000000000
51813  -31.482  -20.699  1.626 0.5000000000
50934  -32.676  -21.077  1.986 0.5000000000
57574  -50.309  -14.324  2.234 0.3000000119
56641  -48.806  -15.199  2.125 0.3000000119
51814  -32.181  -20.317  1.939 0.5000000000
53708  -33.373  -18.361  2.810 0.5000000000
53716  -31.614  -18.504  1.428 0.5000000000
121393  -32.488  -17.478  1.583 0.5000000000
53717  -32.280  -18.226  1.794 0.5000000000
54744  -33.050  -16.965  1.829 0.4000000060
54742  -31.867  -17.539  1.071 0.5000000000
53728  -31.098  -17.917  0.742 0.5000000000
55640  -33.641  -16.916  2.691 0.5000000000
54743  -32.430  -16.861  1.039 0.4000000060
56637  -33.707  -15.959  1.853 0.5000000000
54757  -31.883  -16.811  0.541 0.4000000060
55665  -33.009  -16.189  0.935 0.4000000060
56638  -34.543  -15.356  2.357 0.5000000000
56664  -32.823  -15.607  0.051 0.4000000060
56651  -34.311  -15.032  1.331 0.5000000000
56650  -33.560  -15.420  0.735 0.4000000060
57569  -35.480  -14.067  2.257 0.4000000060
109398  -34.852  -14.287  0.912 0.5000000000
57580  -35.003  -14.561  1.853 0.4000000060
56665  -34.074  -14.650  0.300 0.3000000119
57581  -35.416  -13.866  1.443 0.4000000060
58433  -36.432  -13.117  3.677 0.4000000060
58443  -35.856  -13.420  2.024 0.3000000119
122684  -34.690  -13.892  0.067 0.3000000119
58457  -35.716  -13.167  1.145 0.3000000119
58444  -36.293  -12.931  2.660 0.3000000119
59345  -36.665  -12.337  3.262 0.3000000119
59358  -36.114  -12.670  1.715 0.3000000119
58465  -35.467  -12.944  0.450 0.3000000119
59368  -35.734  -12.332  0.807 0.3000000119
60157  -37.089  -11.770  3.809 0.3000000119
59359  -36.478  -12.125  2.323 0.3000000119
60171  -36.803  -11.531  2.911 0.3000000119
60172  -37.211  -11.010  3.540 0.3000000119
60195  -36.184  -11.041  1.316 0.3000000119
123032  -36.538  -10.624  1.808 0.3000000119
60187  -36.544  -11.314  2.037 0.3000000119
61007  -36.889  -10.635  2.606 0.3000000119
51811  -29.772  -20.522  1.192 0.5000000000
128772  -51.213  -22.279  -5.025 0.3000000119
51833  -46.556  -20.284  -1.085 0.4000000060
51824  -28.966  -20.550  0.906 0.4000000060
52764  -30.208  -19.710  1.242 0.5000000000
55664  -32.273  -16.245  0.282 0.5000000000
50896  -43.644  -21.718  7.146 0.4000000060
114229  -45.367  -20.889  4.856 0.4000000060
50042  -44.886  -22.337  3.713 0.4000000060
50897  -44.244  -21.349  6.592 0.3000000119
51818  -46.291  -20.856  0.300 0.4000000060
55654  -47.752  -16.468  1.324 0.3000000119
109791  -32.097  -21.307  1.632 0.5000000000
51800  -33.040  -20.558  2.334 0.5000000000
114992  -33.521  -19.194  2.933 0.5000000000
54722  -33.737  -17.779  3.191 0.5000000000
55641  -34.161  -16.204  2.944 0.5000000000
112389  -35.825  -13.781  3.108 0.4000000060
59333  -36.874  -12.504  4.227 0.3000000119
52794  -50.750  -21.247  -4.257 0.3000000119
52792  -47.938  -20.631  -3.096 0.4000000060
52790  -48.448  -19.949  -2.624 0.3000000119
52784  -46.733  -19.220  -1.220 0.4000000060
52788  -46.762  -19.851  -1.607 0.4000000060
116616  -47.226  -20.394  -2.360 0.4000000060
117628  -46.449  -20.874  -0.488 0.4000000060
54765  -48.590  -18.043  -0.395 0.3000000119
53742  -49.106  -19.395  -1.908 0.3000000119
54764  -47.313  -18.032  -0.339 0.4000000060
55655  -48.892  -16.360  1.223 0.3000000119
55667  -48.368  -16.917  0.754 0.3000000119
50946  -30.215  -21.385  1.130 0.5000000000
52765  -31.052  -19.922  1.523 0.5000000000
127883  -31.590  -20.116  1.699 0.5000000000
52756  -32.809  -19.785  2.400 0.5000000000
114971  -32.176  -19.201  1.985 0.5000000000
53707  -32.847  -18.903  2.451 0.5000000000
54732  -33.310  -17.591  2.556 0.5000000000
124729  -31.568  -19.477  1.653 0.5000000000
53715  -30.796  -18.890  1.175 0.5000000000
54731  -32.839  -17.908  2.223 0.4000000060
57590  -35.277  -13.583  0.595 0.3000000119
50973  -46.688  -21.475  -1.369 0.4000000060
46238  -42.750  -25.669  -6.075 0.6999999881
45266  -43.169  -26.527  -4.500 0.6999999881
46236  -44.045  -25.426  -5.580 0.6999999881
47253  -43.979  -24.985  -5.835 0.6999999881
47255  -42.686  -24.585  -5.419 0.6999999881
114764  -42.425  -24.955  -5.682 0.6999999881
47244  -42.603  -24.991  -4.387 0.6999999881
47252  -43.415  -24.962  -5.694 0.6999999881
114337  -42.186  -24.017  -5.141 0.6999999881
47254  -41.953  -24.333  -5.377 0.6999999881
48229  -44.520  -24.594  2.278 0.3000000119
122393  -45.073  -24.461  1.473 0.3000000119
49222  -44.766  -23.696  2.223 0.3000000119
49233  -45.572  -24.226  0.669 0.3000000119
50070  -45.498  -23.028  1.094 0.3000000119
127308  -45.175  -23.624  1.546 0.3000000119
47243  -42.099  -24.645  -3.927 0.6999999881
47247  -42.553  -24.318  -4.933 0.6999999881
49205  -44.380  -23.830  3.012 0.3000000119
50064  -45.114  -22.903  2.116 0.3000000119
50071  -45.952  -22.722  0.198 0.3000000119
50096  -47.096  -23.127  -1.691 0.3000000119
48280  -41.879  -23.861  -4.214 0.6000000238
48283  -41.894  -23.668  -4.758 0.6999999881
114843  -44.414  -23.159  3.755 0.3000000119
49206  -44.752  -22.983  2.951 0.3000000119
50967  -46.366  -22.037  -0.467 0.3000000119
119765  -47.476  -22.323  -2.701 0.3000000119
50954  -45.716  -21.929  1.200 0.3000000119
51840  -47.708  -21.280  -3.212 0.3000000119
50041  -44.467  -22.540  4.571 0.3000000119
51839  -46.935  -20.781  -2.085 0.3000000119
50918  -44.623  -21.910  5.156 0.3000000119
44329  -43.727  -28.909  -4.573 0.6999999881
43406  -44.572  -30.034  -4.574 0.6999999881
44335  -44.625  -27.954  -5.150 0.6999999881
45273  -43.056  -26.527  -6.356 0.6999999881
44334  -43.732  -27.603  -4.704 0.6999999881
45271  -44.755  -26.679  -5.629 0.6999999881
47256  -43.444  -24.935  -5.913 0.6999999881
45272  -41.994  -26.965  -5.916 0.6999999881
45270  -44.146  -26.281  -5.295 0.6999999881
46237  -41.646  -26.080  -5.685 0.6999999881
48243  -45.884  -25.399  0.451 0.3000000119
50086  -46.124  -24.042  -0.152 0.3000000119
115367  -46.801  -24.081  -1.144 0.3000000119
50979  -48.444  -23.659  -3.636 0.3000000119
50986  -48.536  -22.583  -4.219 0.3000000119
51841  -48.812  -21.661  -4.387 0.3000000119
48230  -45.009  -25.382  1.560 0.3000000119
50955  -46.034  -21.637  0.555 0.3000000119
30720  -52.987  -42.373  -8.801 0.4000000060
32720  -52.873  -40.760  -8.921 0.4000000060
32715  -52.989  -41.008  -8.446 0.4000000060
30717  -52.525  -42.697  -8.077 0.4000000060
33722  -52.326  -39.684  -9.210 0.4000000060
36722  -49.017  -37.061  -6.540 0.5000000000
35725  -51.472  -37.906  -7.419 0.4000000060
34699  -52.082  -38.990  -7.019 0.4000000060
34706  -52.551  -38.943  -8.000 0.4000000060
32712  -52.753  -41.113  -7.828 0.4000000060
36725  -51.119  -36.866  -7.636 0.5000000000
34713  -52.319  -38.266  -8.784 0.4000000060
110975  -52.108  -38.757  -9.226 0.4000000060
35724  -50.623  -37.823  -6.838 0.4000000060
36724  -49.923  -36.777  -7.126 0.5000000000
36733  -51.730  -37.061  -8.385 0.5000000000
34717  -51.864  -37.744  -9.226 0.5000000000
119531  -49.998  -35.695  -7.274 0.5000000000
114892  -50.925  -35.800  -7.676 0.5000000000
35738  -51.826  -36.781  -9.077 0.5000000000
35736  -50.690  -37.103  -9.342 0.5000000000
35734  -49.709  -37.148  -8.847 0.5000000000
37637  -51.260  -35.022  -8.033 0.5000000000
37632  -50.683  -34.913  -7.583 0.6000000238
36739  -51.377  -36.367  -9.295 0.5000000000
38592  -51.100  -34.320  -8.559 0.5000000000
118535  -51.285  -35.651  -9.234 0.5000000000
125608  -49.708  -34.853  -8.703 0.6000000238
36736  -50.606  -36.151  -9.223 0.5000000000
38589  -48.001  -34.028  -8.367 0.5000000000
115327  -47.985  -34.083  -6.251 0.6000000238
38582  -51.030  -34.200  -7.901 0.6000000238
38579  -49.778  -34.002  -6.965 0.6000000238
38593  -50.852  -34.221  -8.722 0.5000000000
37640  -50.763  -34.738  -9.024 0.6000000238
38590  -49.172  -33.578  -8.454 0.6000000238
39474  -48.261  -33.140  -8.369 0.5000000000
40475  -45.503  -32.692  -7.397 0.5000000000
114112  -45.865  -33.510  -7.774 0.5000000000
116764  -46.715  -33.041  -8.042 0.5000000000
40476  -46.269  -32.461  -7.702 0.5000000000
41466  -41.769  -30.835  -5.708 0.4000000060
39468  -50.498  -33.450  -7.659 0.6000000238
107589  -42.231  -29.873  -5.926 0.5000000000
39465  -49.730  -33.042  -6.852 0.6000000238
39469  -50.984  -33.818  -8.171 0.5000000000
41470  -42.651  -30.729  -6.051 0.5000000000
40473  -49.939  -32.409  -7.403 0.6000000238
40478  -49.895  -32.248  -7.678 0.6000000238
40481  -49.570  -32.140  -7.939 0.6000000238
117742  -48.416  -32.385  -8.260 0.6000000238
39475  -49.339  -32.600  -8.243 0.5000000000
40474  -44.809  -32.719  -6.997 0.5000000000
118394  -47.597  -32.681  -8.224 0.5000000000
117652  -46.699  -31.411  -7.673 0.5000000000
41478  -47.717  -31.084  -7.796 0.5000000000
110877  -41.049  -31.422  -5.520 0.4000000060
125543  -41.017  -30.676  -5.543 0.5000000000
40466  -41.401  -32.178  -5.409 0.4000000060
42446  -41.382  -29.968  -5.624 0.5000000000
40469  -48.531  -32.882  -6.192 0.6000000238
40460  -48.152  -31.889  -5.805 0.6000000238
42449  -43.081  -29.784  -6.373 0.5000000000
125918  -49.325  -31.076  -7.002 0.6000000238
41482  -49.093  -31.420  -7.633 0.6000000238
42457  -48.790  -30.768  -7.336 0.6000000238
41475  -45.244  -31.869  -7.151 0.5000000000
113122  -48.234  -30.357  -7.427 0.6000000238
41476  -45.975  -30.845  -7.445 0.5000000000
42452  -45.468  -29.966  -7.273 0.5000000000
42445  -40.633  -30.129  -5.425 0.5000000000
120577  -40.658  -32.088  -5.420 0.4000000060
44340  -41.413  -28.166  -5.691 0.5000000000
44341  -42.359  -27.856  -6.158 0.5000000000
43418  -42.742  -28.801  -6.293 0.5000000000
44345  -43.477  -27.446  -6.538 0.5000000000
41459  -46.998  -31.206  -5.112 0.6000000238
43421  -43.869  -28.572  -6.716 0.5000000000
41471  -43.548  -30.731  -6.433 0.5000000000
42442  -47.335  -30.481  -5.587 0.6000000238
43425  -47.659  -29.143  -7.070 0.6000000238
41472  -44.928  -31.025  -7.035 0.5000000000
42456  -47.915  -29.498  -7.091 0.5000000000
42451  -44.477  -30.169  -6.844 0.5000000000
43423  -45.202  -29.067  -7.211 0.5000000000
42454  -46.547  -29.465  -7.437 0.5000000000
43416  -40.887  -29.198  -5.501 0.5000000000
42440  -45.834  -30.559  -4.750 0.6000000238
42447  -47.886  -29.905  -6.423 0.6000000238
44346  -44.768  -27.038  -6.712 0.5000000000
42450  -43.830  -29.732  -6.638 0.5000000000
43420  -47.460  -29.133  -6.666 0.6000000238
43422  -44.451  -29.136  -6.905 0.5000000000
43429  -47.306  -28.564  -7.106 0.5000000000
123223  -45.999  -28.949  -7.415 0.5000000000
43428  -46.809  -28.275  -7.193 0.5000000000
41465  -40.354  -30.973  -5.430 0.4000000060
128064  -40.476  -31.567  -5.461 0.4000000060
46241  -44.201  -25.175  -6.049 0.6000000238
45276  -44.269  -26.019  -6.402 0.6000000238
44337  -46.257  -28.570  -5.869 0.6000000238
43426  -45.165  -27.935  -7.110 0.5000000000
44343  -46.113  -27.500  -6.493 0.6000000238
45279  -46.075  -27.132  -7.050 0.5000000000
43415  -40.290  -29.620  -5.261 0.5000000000
45269  -40.880  -27.373  -5.451 0.4000000060
44339  -40.681  -28.384  -5.388 0.4000000060
44338  -40.228  -28.935  -5.163 0.4000000060
46240  -44.304  -25.181  -6.024 0.6000000238
45277  -45.122  -26.552  -6.417 0.6000000238
44350  -45.749  -27.041  -7.018 0.5000000000
44347  -45.795  -26.964  -6.743 0.5000000000
126635  -44.233  -31.144  -6.663 0.5000000000
42444  -39.989  -30.236  -5.204 0.4000000060
31695  -52.217  -41.070  -7.393 0.4000000060
118516  -49.761  -34.921  -7.100 0.6000000238
40459  -47.440  -32.647  -5.466 0.6000000238
42433  -45.035  -30.621  -4.396 0.6000000238
43411  -44.548  -29.169  -4.842 0.6000000238
44336  -45.432  -28.302  -5.511 0.6000000238
43412  -45.370  -29.621  -5.075 0.6000000238
44342  -45.382  -27.111  -5.913 0.6000000238
45275  -45.164  -26.483  -6.421 0.6000000238
36738  -51.846  -36.670  -8.899 0.5000000000
37641  -51.353  -34.961  -8.627 0.5000000000
36735  -49.318  -36.347  -8.608 0.5000000000
39476  -50.323  -33.283  -8.278 0.6000000238
39473  -50.507  -33.024  -7.966 0.6000000238
43417  -41.821  -29.006  -5.822 0.5000000000
41469  -49.573  -31.597  -6.977 0.6000000238
41477  -47.323  -30.122  -7.517 0.5000000000
42448  -48.569  -30.540  -6.621 0.6000000238
124745  -48.606  -31.200  -6.265 0.6000000238
43414  -47.158  -29.734  -5.881 0.6000000238
43424  -47.235  -28.418  -7.065 0.6000000238
44344  -46.759  -27.900  -6.888 0.6000000238
44349  -46.774  -27.926  -7.100 0.6000000238
44348  -46.243  -27.284  -7.154 0.5000000000
40389  -51.728  -32.214  2.059 0.3000000119
40402  -51.117  -32.777  1.156 0.3000000119
40390  -52.441  -32.036  1.565 0.3000000119
41387  -52.613  -31.649  2.447 0.3000000119
40404  -53.035  -31.887  1.076 0.3000000119
41388  -53.416  -31.337  2.304 0.3000000119
42372  -53.751  -30.758  2.790 0.3000000119
41363  -51.778  -31.108  4.076 0.3000000119
109683  -52.431  -31.250  3.368 0.3000000119
41375  -53.122  -31.156  2.937 0.3000000119
42367  -53.239  -30.510  3.589 0.3000000119
42361  -52.029  -30.371  4.652 0.3000000119
41364  -52.483  -30.640  4.047 0.3000000119
47185  -49.677  -26.644  3.531 0.3000000119
46152  -49.451  -27.028  3.558 0.3000000119
47183  -48.823  -26.399  2.497 0.3000000119
46177  -48.966  -27.239  2.225 0.3000000119
122917  -48.987  -27.188  1.504 0.3000000119
47196  -49.092  -27.135  2.251 0.3000000119
47208  -48.987  -27.226  0.285 0.3000000119
34716  -50.878  -37.985  -9.430 0.4000000060
113512  -52.306  -32.364  0.644 0.3000000119
107100  -53.682  -31.671  0.823 0.3000000119
117450  -49.916  -38.824  -9.386 0.4000000060
41397  -54.426  -31.276  1.194 0.3000000119
42373  -54.503  -30.408  2.551 0.3000000119
42353  -52.293  -29.635  4.945 0.3000000119
44263  -51.718  -28.564  5.422 0.3000000119
45201  -50.134  -27.105  4.853 0.3000000119
45202  -50.948  -26.974  4.680 0.3000000119
47172  -50.197  -26.084  3.775 0.3000000119
48217  -48.441  -25.268  3.447 0.3000000119
48231  -48.832  -26.645  1.326 0.3000000119
110294  -53.652  -31.500  1.581 0.3000000119
42368  -54.129  -30.094  3.315 0.3000000119
28685  -38.964  -44.261  -4.924 0.4000000060
29711  -39.525  -43.781  -4.455 0.3000000119
30698  -40.601  -42.791  -4.406 0.3000000119
30694  -40.957  -42.125  -3.986 0.3000000119
107969  -44.749  -35.112  -7.600 0.4000000060
37634  -45.481  -35.067  -7.779 0.4000000060
36728  -44.408  -36.742  -7.522 0.4000000060
36729  -45.446  -36.605  -7.480 0.4000000060
39467  -44.382  -33.527  -6.881 0.4000000060
39470  -45.053  -33.560  -7.373 0.4000000060
38585  -45.274  -34.372  -7.671 0.4000000060
38586  -46.000  -34.390  -7.938 0.4000000060
37636  -47.030  -35.122  -7.970 0.4000000060
37638  -47.821  -34.876  -8.237 0.4000000060
36730  -46.372  -36.537  -7.540 0.4000000060
36731  -47.285  -36.483  -7.704 0.4000000060
39453  -41.925  -34.291  -4.582 0.3000000119
40472  -44.114  -32.637  -6.545 0.4000000060
39472  -47.269  -33.540  -8.249 0.4000000060
39462  -41.840  -32.848  -5.165 0.3000000119
39452  -41.489  -33.475  -4.698 0.3000000119
118392  -47.622  -35.677  -7.946 0.4000000060
39471  -46.491  -33.805  -8.068 0.4000000060
41467  -43.074  -31.561  -6.093 0.4000000060
35729  -45.110  -37.505  -7.449 0.4000000060
38584  -44.580  -34.363  -7.312 0.4000000060
115697  -45.845  -35.754  -7.649 0.4000000060
22907  -46.011  -50.613  -10.078 0.3000000119
22899  -48.090  -49.717  -9.623 0.3000000119
24767  -49.218  -48.371  -8.354 0.3000000119
123154  -49.743  -47.870  -8.066 0.3000000119
26674  -50.729  -46.542  -8.660 0.3000000119
113622  -49.990  -46.335  -9.282 0.3000000119
27682  -49.629  -45.391  -9.528 0.3000000119
28749  -50.743  -44.863  -9.268 0.3000000119
29744  -49.893  -43.752  -9.617 0.3000000119
29745  -52.219  -43.839  -8.851 0.3000000119
29752  -51.571  -43.376  -9.393 0.3000000119
30732  -50.880  -42.698  -9.528 0.3000000119
31710  -52.617  -41.221  -9.209 0.3000000119
31711  -51.073  -42.025  -9.503 0.3000000119
25688  -49.236  -47.426  -7.561 0.3000000119
32727  -51.994  -40.342  -9.403 0.3000000119
31709  -51.550  -41.199  -9.471 0.3000000119
24782  -49.493  -48.410  -8.753 0.3000000119
20990  -40.063  -52.951  -8.387 0.3000000119
21955  -42.947  -52.187  -10.414 0.4000000060
21957  -44.766  -52.038  -11.061 0.3000000119
22893  -40.293  -50.341  -8.380 0.3000000119
22894  -40.996  -50.188  -8.812 0.4000000060
22898  -47.226  -49.799  -9.534 0.4000000060
23824  -48.303  -48.896  -8.740 0.3000000119
23833  -40.671  -49.604  -8.366 0.3000000119
23836  -43.140  -49.177  -9.054 0.4000000060
23840  -48.417  -49.250  -9.203 0.3000000119
23845  -43.603  -49.780  -9.446 0.4000000060
23847  -45.309  -49.829  -9.527 0.4000000060
24763  -45.178  -47.943  -8.266 0.4000000060
24766  -48.543  -48.485  -8.287 0.4000000060
24780  -46.810  -48.563  -8.521 0.4000000060
24781  -48.964  -48.917  -8.915 0.3000000119
25682  -43.456  -47.032  -6.612 0.4000000060
25687  -48.154  -47.371  -7.381 0.4000000060
25696  -43.813  -47.436  -7.352 0.3000000119
25699  -46.668  -47.591  -7.541 0.4000000060
25701  -48.879  -48.025  -7.798 0.4000000060
26634  -41.594  -46.275  -4.306 0.3000000119
26637  -43.810  -45.863  -4.454 0.3000000119
26642  -41.877  -46.545  -5.052 0.3000000119
26643  -42.731  -46.441  -5.140 0.3000000119
26645  -44.857  -46.165  -5.313 0.3000000119
26646  -45.537  -46.000  -5.594 0.4000000060
26647  -46.289  -46.132  -6.201 0.4000000060
26654  -46.619  -46.691  -6.672 0.4000000060
26656  -49.637  -46.856  -7.432 0.3000000119
27620  -42.546  -44.951  -2.280 0.3000000119
27629  -41.648  -45.551  -2.692 0.3000000119
27630  -42.326  -45.337  -2.724 0.3000000119
27641  -43.354  -45.182  -3.340 0.3000000119
27642  -43.891  -45.250  -3.920 0.3000000119
27650  -43.268  -45.670  -3.946 0.3000000119
27654  -44.942  -45.611  -5.051 0.3000000119
27659  -47.737  -46.000  -6.948 0.4000000060
27683  -50.799  -45.832  -8.968 0.3000000119
28671  -43.349  -44.570  -2.812 0.3000000119
28695  -44.614  -43.997  -4.896 0.3000000119
28696  -45.135  -44.117  -5.554 0.3000000119
28708  -48.187  -44.556  -7.452 0.4000000060
29706  -44.030  -43.662  -3.703 0.3000000119
29721  -45.825  -43.227  -6.670 0.3000000119
29746  -52.628  -42.808  -9.175 0.3000000119
29751  -51.323  -44.074  -9.300 0.3000000119
29753  -51.826  -42.759  -9.441 0.3000000119
30656  -48.132  -42.737  -1.178 0.3000000119
30703  -44.832  -42.494  -5.546 0.3000000119
30704  -45.225  -42.090  -6.003 0.3000000119
30708  -46.707  -42.129  -7.151 0.3000000119
30710  -48.541  -41.797  -7.542 0.4000000060
30728  -52.904  -42.809  -8.931 0.4000000060
30729  -52.880  -42.197  -9.083 0.3000000119
30731  -50.413  -43.143  -9.569 0.3000000119
30733  -52.213  -42.059  -9.388 0.3000000119
31658  -43.686  -41.470  -1.218 0.3000000119
31662  -48.972  -42.133  -1.978 0.3000000119
31671  -43.693  -41.911  -1.866 0.3000000119
31680  -44.575  -41.102  -3.695 0.3000000119
31683  -44.710  -41.417  -4.547 0.3000000119
31686  -44.892  -41.737  -5.298 0.3000000119
31689  -46.304  -41.493  -6.643 0.3000000119
31693  -50.195  -40.917  -7.277 0.4000000060
31694  -51.329  -40.995  -7.266 0.5000000000
31698  -52.648  -41.891  -7.952 0.4000000060
31702  -53.001  -41.604  -8.887 0.4000000060
32645  -45.068  -40.531  -0.259 0.3000000119
32659  -45.359  -40.593  -1.747 0.3000000119
32673  -47.021  -40.954  -2.761 0.3000000119
32682  -44.813  -40.711  -3.008 0.3000000119
32687  -50.040  -40.617  -3.408 0.3000000119
32690  -45.651  -40.631  -4.555 0.3000000119
32694  -50.367  -40.454  -4.111 0.3000000119
32697  -45.772  -40.754  -5.307 0.3000000119
32699  -47.242  -40.420  -5.835 0.3000000119
32700  -49.075  -40.439  -5.792 0.3000000119
32702  -51.556  -40.172  -5.420 0.4000000060
32703  -51.970  -40.118  -6.009 0.4000000060
32705  -45.972  -40.981  -6.048 0.3000000119
32711  -52.264  -40.392  -7.036 0.4000000060
32728  -52.579  -40.392  -9.153 0.4000000060
33692  -48.452  -38.994  -2.270 0.4000000060
33701  -51.106  -39.912  -3.837 0.3000000119
33710  -52.790  -39.687  -8.024 0.4000000060
33711  -52.799  -40.373  -7.823 0.4000000060
33716  -52.609  -39.323  -8.701 0.4000000060
33717  -52.870  -40.195  -8.505 0.4000000060
33721  -51.449  -39.411  -9.448 0.3000000119
33723  -52.702  -40.065  -8.965 0.4000000060
34604  -44.964  -37.905  0.843 0.4000000060
34622  -44.663  -37.934  0.293 0.4000000060
34685  -49.477  -38.667  -4.196 0.3000000119
34687  -51.185  -39.603  -4.506 0.4000000060
34691  -49.397  -38.321  -5.204 0.4000000060
34693  -51.421  -39.437  -5.282 0.4000000060
35639  -47.646  -37.719  1.551 0.3000000119
35670  -43.573  -37.178  -0.429 0.6999999881
35671  -44.121  -37.685  -0.045 0.4000000060
35708  -45.615  -37.315  -3.788 0.6000000238
35709  -46.321  -37.816  -3.801 0.5000000000
35722  -49.782  -37.904  -6.228 0.5000000000
35726  -52.055  -37.945  -8.282 0.4000000060
35735  -52.059  -37.359  -8.918 0.4000000060
35737  -51.425  -37.132  -9.353 0.5000000000
36625  -44.389  -36.818  2.546 0.4000000060
36626  -45.317  -36.763  2.465 0.4000000060
36627  -46.250  -36.638  2.301 0.4000000060
36656  -42.699  -36.174  0.462 0.6000000238
36672  -43.203  -36.472  -0.745 0.6999999881
36682  -43.408  -36.013  -1.615 0.6999999881
36720  -47.417  -36.469  -6.089 0.6000000238
36732  -51.468  -35.933  -8.481 0.5000000000
36737  -51.572  -35.835  -9.010 0.5000000000
37524  -42.905  -35.388  3.615 0.5000000000
37556  -48.495  -35.298  1.505 0.4000000060
37559  -50.634  -35.407  0.479 0.3000000119
37584  -42.970  -35.621  -0.861 0.6999999881
37612  -44.541  -35.339  -3.499 0.6999999881
37635  -46.274  -35.047  -7.904 0.4000000060
37639  -48.895  -34.497  -8.500 0.6000000238
37642  -51.230  -34.949  -9.002 0.5000000000
38441  -44.203  -33.914  6.151 0.5000000000
38442  -44.822  -33.968  6.094 0.5000000000
38453  -44.312  -34.355  5.645 0.5000000000
38468  -44.516  -34.891  5.019 0.5000000000
38470  -46.290  -34.656  4.602 0.4000000060
38471  -47.123  -34.361  4.280 0.4000000060
38472  -47.854  -33.939  3.858 0.4000000060
38498  -42.421  -34.338  2.829 0.6000000238
38509  -42.418  -34.156  1.530 0.6000000238
38512  -49.907  -33.924  0.503 0.3000000119
38522  -50.830  -34.295  -0.502 0.3000000119
38557  -44.980  -34.615  -3.963 0.6999999881
38570  -45.888  -34.782  -5.135 0.6999999881
38577  -47.437  -35.033  -6.231 0.6999999881
38581  -50.489  -34.218  -7.470 0.6000000238
38587  -46.920  -34.406  -8.127 0.4000000060
38588  -51.200  -34.385  -8.275 0.5000000000
38591  -50.180  -34.095  -8.632 0.6000000238
39316  -43.413  -33.061  6.997 0.5000000000
39318  -44.845  -33.135  7.103 0.5000000000
39326  -43.748  -33.535  6.511 0.5000000000
39340  -43.088  -33.500  6.158 0.5000000000
39357  -42.372  -33.753  4.279 0.6000000238
39371  -42.040  -33.118  3.802 0.6000000238
39373  -48.522  -33.528  3.439 0.4000000060
39374  -49.167  -33.146  3.080 0.4000000060
39397  -50.336  -33.268  1.182 0.4000000060
39408  -51.237  -33.341  -0.391 0.3000000119
39437  -44.605  -33.235  -2.964 0.6999999881
39477  -50.846  -33.793  -8.353 0.5000000000
39478  -50.741  -33.855  -8.506 0.6000000238
40298  -44.195  -32.107  8.061 0.4000000060
40307  -41.274  -32.115  7.042 0.5000000000
40310  -44.518  -32.647  7.569 0.4000000060
40311  -45.347  -32.586  7.485 0.5000000000
40312  -46.212  -32.282  7.417 0.4000000060
40321  -41.608  -32.550  6.442 0.4000000060
40323  -46.584  -32.657  6.757 0.4000000060
40324  -47.344  -32.387  6.459 0.4000000060
40325  -48.060  -32.061  6.171 0.4000000060
40369  -40.115  -32.261  3.320 0.6000000238
40370  -40.730  -32.503  3.732 0.4000000060
40373  -50.401  -32.319  3.333 0.4000000060
40385  -39.899  -32.093  2.647 0.6000000238
40387  -42.171  -32.711  2.127 0.6000000238
40399  -39.619  -31.787  1.970 0.6000000238
40410  -41.266  -32.231  0.650 0.6999999881
40434  -43.898  -32.387  -1.881 0.6999999881
40470  -49.512  -32.255  -6.746 0.6000000238
40477  -47.149  -32.085  -7.951 0.5000000000
40479  -48.055  -31.806  -8.116 0.5000000000
40480  -48.876  -31.829  -8.027 0.6000000238
41299  -42.668  -31.343  8.302 0.5000000000
41310  -39.917  -31.026  7.134 0.5000000000
41345  -39.447  -31.673  5.574 0.5000000000
41385  -39.297  -31.667  2.548 0.6000000238
41386  -51.946  -31.789  2.869 0.4000000060
41389  -54.124  -31.044  2.062 0.3000000119
41396  -53.059  -31.702  1.830 0.3000000119
41405  -40.368  -31.832  0.601 0.6999999881
41434  -43.853  -31.722  -2.528 0.8000000119
41448  -43.178  -31.197  -3.163 0.8000000119
41458  -46.197  -31.364  -4.533 0.6999999881
41460  -47.911  -30.978  -5.741 0.6000000238
41468  -49.141  -31.037  -6.826 0.6000000238
41473  -48.934  -30.640  -7.075 0.6000000238
41474  -49.597  -31.701  -7.313 0.6000000238
41479  -49.251  -31.198  -7.282 0.6000000238
41480  -49.503  -31.732  -7.520 0.6000000238
41481  -48.507  -31.142  -7.733 0.6000000238
42308  -47.051  -30.068  7.953 0.4000000060
42326  -48.244  -29.973  7.345 0.4000000060
42350  -50.061  -30.490  5.982 0.4000000060
42362  -52.888  -29.859  4.460 0.3000000119
42366  -38.343  -30.680  3.187 0.6000000238
42380  -38.949  -31.016  1.156 0.6000000238
42441  -46.629  -30.547  -5.177 0.6000000238
42453  -48.332  -29.923  -7.054 0.6000000238
42455  -47.350  -28.998  -7.209 0.5000000000
43292  -45.596  -29.704  8.280 0.4000000060
43308  -47.677  -29.606  7.571 0.4000000060
43316  -39.042  -29.710  6.838 0.5000000000
43317  -48.438  -29.168  7.212 0.4000000060
43330  -51.374  -29.149  5.614 0.4000000060
43331  -52.054  -29.099  5.276 0.3000000119
43364  -38.549  -29.413  0.722 0.6000000238
43404  -43.090  -29.688  -4.129 0.8000000119
43413  -46.346  -29.673  -5.471 0.6000000238
43419  -46.923  -28.851  -6.352 0.6000000238
43427  -45.996  -28.055  -7.313 0.5000000000
44229  -42.291  -28.876  8.176 0.4000000060
44230  -44.740  -29.015  8.088 0.4000000060
44232  -46.096  -29.306  8.025 0.4000000060
44247  -45.477  -28.424  7.501 0.4000000060
44252  -38.366  -28.389  6.545 0.5000000000
44253  -46.753  -27.864  6.718 0.4000000060
44256  -49.554  -28.445  6.469 0.4000000060
44257  -50.261  -28.427  6.169 0.4000000060
44282  -37.865  -28.291  2.676 0.6000000238
44321  -40.790  -28.442  -2.767 0.6999999881
44351  -46.037  -27.296  -7.132 0.5000000000
44352  -46.571  -27.254  -7.243 0.5000000000
45165  -38.652  -27.147  7.217 0.5000000000
45167  -40.531  -27.052  7.720 0.5000000000
45171  -44.747  -28.105  7.314 0.4000000060
45172  -46.137  -28.178  7.158 0.4000000060
45178  -43.888  -27.155  6.386 0.4000000060
45180  -47.444  -27.616  6.204 0.4000000060
45181  -48.341  -27.814  6.408 0.4000000060
45190  -49.789  -27.536  5.640 0.4000000060
45217  -47.751  -27.544  1.335 0.3000000119
45254  -39.850  -27.558  -1.962 0.6000000238
45274  -44.642  -25.637  -6.022 0.6999999881
45278  -45.800  -27.004  -6.791 0.5000000000
46123  -37.847  -25.521  7.246 0.5000000000
46153  -50.027  -26.801  4.040 0.3000000119
46154  -50.596  -26.556  4.132 0.3000000119
46162  -37.341  -26.112  3.442 0.6000000238
46164  -45.613  -26.886  2.472 0.3000000119
46166  -49.279  -27.092  2.879 0.3000000119
46176  -48.925  -27.235  1.350 0.3000000119
46188  -47.957  -27.463  0.474 0.4000000060
46199  -37.933  -26.134  0.612 0.6000000238
46227  -41.883  -25.858  -3.616 0.8000000119
46239  -43.626  -25.489  -6.232 0.6999999881
47142  -38.704  -25.726  7.696 0.5000000000
47181  -37.052  -25.197  3.412 0.5000000000
47184  -49.287  -26.532  3.102 0.3000000119
47248  -43.335  -25.045  -5.131 0.6999999881
47257  -44.043  -25.009  -5.925 0.6999999881
48147  -41.264  -24.265  8.096 0.4000000060
48161  -41.818  -24.660  7.687 0.4000000060
48197  -36.776  -24.961  4.805 0.6000000238
48199  -43.887  -25.122  3.523 0.4000000060
48228  -37.070  -24.662  2.715 0.6000000238
48284  -41.518  -23.700  -5.025 0.6999999881
49149  -38.368  -23.541  8.455 0.6000000238
49180  -43.967  -23.050  4.959 0.4000000060
49221  -37.249  -23.120  2.238 0.8000000119
49223  -48.209  -25.581  1.271 0.3000000119
49257  -38.800  -22.966  -0.930 0.6999999881
49273  -39.681  -23.009  -4.233 0.6999999881
49274  -41.051  -22.810  -4.315 0.6999999881
49277  -40.952  -23.154  -4.635 0.6999999881
49984  -38.915  -22.391  9.142 0.5000000000
50001  -37.813  -23.015  8.459 0.5000000000
50029  -36.845  -22.634  4.977 0.6000000238
50069  -37.719  -22.293  1.668 0.8000000119
50103  -48.015  -24.205  -2.742 0.3000000119
50117  -40.400  -22.595  -4.214 0.6999999881
50847  -38.430  -21.500  9.347 0.5000000000
50851  -41.810  -20.910  9.178 0.5000000000
50869  -41.674  -21.802  8.786 0.5000000000
50881  -37.289  -22.407  8.226 0.5000000000
50909  -44.959  -21.257  5.337 0.4000000060
50953  -38.901  -20.115  1.672 0.6000000238
50976  -37.140  -20.946  -1.470 0.6999999881
50985  -39.567  -21.227  -2.775 0.6999999881
50992  -51.549  -22.142  -4.609 0.3000000119
51718  -39.830  -20.000  10.119 0.5000000000
51721  -37.996  -20.628  9.421 0.5000000000
51722  -39.603  -20.717  9.823 0.5000000000
51725  -42.002  -20.081  9.408 0.5000000000
51740  -43.295  -20.601  8.283 0.4000000060
51741  -43.750  -19.925  8.212 0.4000000060
51752  -37.323  -19.823  7.219 0.6999999881
51763  -38.302  -19.352  5.589 0.6000000238
51837  -37.818  -20.235  -1.228 0.6999999881
51843  -51.404  -21.896  -4.610 0.3000000119
52682  -42.946  -19.214  9.141 0.4000000060
52730  -45.670  -19.176  5.764 0.4000000060
52731  -46.032  -19.263  5.007 0.4000000060
53628  -38.409  -18.599  10.221 0.5000000000
53638  -37.557  -18.405  9.367 0.6000000238
53665  -45.345  -18.355  6.782 0.4000000060
53673  -45.689  -18.410  6.075 0.4000000060
53683  -38.279  -18.016  5.835 0.6000000238
53699  -34.648  -18.546  4.131 0.6000000238
53700  -46.464  -18.450  2.668 0.5000000000
53709  -46.440  -18.272  1.713 0.5000000000
53718  -46.354  -18.119  0.798 0.5000000000
53729  -46.411  -18.156  0.223 0.4000000060
53741  -47.499  -19.219  -1.627 0.4000000060
54653  -39.494  -17.435  10.549 0.5000000000
54654  -40.351  -17.652  10.496 0.5000000000
54665  -37.467  -17.451  9.393 0.6999999881
54671  -37.398  -17.135  8.386 0.6000000238
55588  -42.814  -16.497  9.555 0.4000000060
55589  -43.474  -16.247  9.136 0.4000000060
56629  -45.916  -15.204  3.476 0.4000000060
56652  -47.090  -15.992  1.819 0.5000000000
56672  -30.465  -14.877  -0.575 0.5000000000
56673  -31.720  -15.405  -0.556 0.6000000238
57450  -37.912  -14.199  10.166 0.6000000238
57455  -42.108  -14.460  10.105 0.5000000000
57474  -37.544  -14.287  9.501 0.6000000238
57476  -43.216  -14.178  9.408 0.5000000000
57488  -43.724  -14.286  8.854 0.5000000000
57515  -37.075  -14.162  6.378 0.6000000238
57517  -45.119  -14.588  6.435 0.4000000060
57528  -45.373  -14.389  5.415 0.4000000060
57540  -45.517  -14.383  4.484 0.4000000060
57559  -47.693  -14.191  3.243 0.3000000119
57570  -46.001  -15.059  3.002 0.4000000060
57573  -49.325  -14.492  2.451 0.3000000119
58307  -39.388  -13.570  10.567 0.6000000238
58308  -40.097  -13.591  10.608 0.6000000238
58398  -36.874  -13.540  5.658 0.5000000000
58417  -36.605  -13.259  4.677 0.5000000000
58437  -49.458  -13.122  3.220 0.3000000119
58447  -50.726  -13.599  2.481 0.3000000119
58469  -34.307  -13.430  -0.376 0.4000000060
59224  -39.330  -12.343  10.497 0.5000000000
59320  -45.207  -12.585  5.083 0.3000000119
59335  -45.275  -12.925  5.104 0.3000000119
59369  -36.175  -11.843  1.472 0.3000000119
59372  -34.556  -12.138  -0.187 0.4000000060
59373  -35.251  -12.441  0.145 0.3000000119
60080  -38.431  -11.293  9.602 0.4000000060
60158  -37.630  -11.138  4.835 0.4000000060
60173  -49.492  -11.621  3.850 0.3000000119
60174  -50.613  -10.955  3.678 0.3000000119
60870  -39.479  -10.230  10.231 0.4000000060
60890  -38.886  -10.316  9.749 0.4000000060
60916  -44.519  -10.707  8.169 0.4000000060
60936  -44.854  -10.525  7.289 0.4000000060
61770  -44.091  -9.540  9.158 0.3000000119
61887  -45.567  -9.346  4.908 0.3000000119
62664  -41.660  -8.880  10.311 0.3000000119
62665  -42.468  -8.701  10.059 0.3000000119
62678  -40.235  -8.159  9.823 0.3000000119
62679  -43.240  -8.637  9.683 0.3000000119
62695  -39.051  -8.653  8.697 0.3000000119
62717  -39.238  -7.749  8.116 0.3000000119
64401  -43.252  -6.630  9.415 0.3000000119
64414  -39.676  -6.598  8.510 0.3000000119
64415  -44.199  -6.261  8.827 0.3000000119
65261  -44.774  -5.660  8.202 0.3000000119
65294  -39.290  -5.263  6.573 0.3000000119
65329  -45.012  -6.106  3.957 0.3000000119
66099  -41.546  -4.750  9.196 0.3000000119
66101  -43.135  -5.152  9.155 0.3000000119
66109  -40.383  -4.315  8.408 0.3000000119
66164  -45.391  -4.835  5.506 0.3000000119
66203  -38.060  -3.955  3.471 0.3000000119
66205  -45.683  -4.767  2.896 0.3000000119
66958  -41.430  -3.384  8.575 0.3000000119
66959  -42.126  -3.301  8.648 0.3000000119
66960  -43.387  -3.648  8.526 0.3000000119
66961  -44.082  -3.694  8.243 0.3000000119
66970  -44.482  -3.429  7.825 0.3000000119
67049  -44.858  -4.089  2.884 0.3000000119
67840  -44.949  -2.565  7.070 0.3000000119
67855  -39.669  -2.884  6.460 0.3000000119
67882  -45.436  -2.479  5.334 0.3000000119
67940  -45.564  -2.707  2.145 0.3000000119
68637  -42.164  -1.980  8.150 0.3000000119
68648  -43.461  -1.529  7.702 0.3000000119
68663  -45.223  -1.610  6.153 0.3000000119
68712  -45.304  -1.745  3.843 0.3000000119
68738  -47.303  -1.767  1.992 0.3000000119
69540  -44.945  -1.121  2.674 0.3000000119
69553  -44.794  -1.077  1.987 0.3000000119
70409  -45.245  0.314  3.323 0.3000000119
70416  -44.923  -0.377  1.748 0.3000000119
70443  -45.710  0.693  0.814 0.3000000119
71246  -44.915  0.830  1.699 0.3000000119
71258  -44.978  0.726  0.903 0.3000000119
71260  -49.321  1.102  1.036 0.3000000119
106447  -44.486  -11.982  7.747 0.4000000060
107436  -45.391  -4.614  6.598 0.3000000119
107572  -50.099  -32.546  -7.998 0.6000000238
108085  -51.154  -31.156  4.539 0.4000000060
108166  -42.564  -35.298  2.933 0.6000000238
108195  -45.427  -5.946  6.857 0.3000000119
108346  -44.819  -40.565  -0.971 0.3000000119
108405  -47.916  -10.977  4.694 0.3000000119
108409  -41.560  -12.097  10.404 0.4000000060
108691  -42.122  -32.590  6.876 0.4000000060
108692  -44.550  -25.692  -6.110 0.6000000238
108787  -46.511  -12.214  4.311 0.3000000119
109304  -49.506  -43.413  -1.353 0.3000000119
109337  -38.118  -11.466  8.689 0.4000000060
109483  -42.545  -34.331  4.039 0.6000000238
109652  -45.425  -7.207  5.874 0.3000000119
109686  -38.134  -28.971  2.178 0.6000000238
109918  -48.338  -1.530  2.229 0.3000000119
109920  -49.792  -44.453  -1.346 0.3000000119
109974  -44.826  -7.755  8.342 0.3000000119
110353  -45.588  -33.028  -4.015 0.6999999881
110384  -47.712  0.091  1.325 0.3000000119
110523  -43.149  -19.901  8.725 0.4000000060
110954  -41.556  -32.699  3.364 0.6000000238
111080  -37.529  -13.962  7.005 0.6000000238
111200  -42.738  -3.259  8.576 0.3000000119
111224  -44.202  -37.590  -0.851 0.6000000238
111437  -50.484  -15.607  1.324 0.3000000119
111767  -43.397  -24.831  6.031 0.4000000060
112243  -46.725  -38.698  0.264 0.4000000060
112292  -45.166  -11.178  5.053 0.3000000119
112387  -43.278  -36.834  1.696 0.5000000000
112432  -44.979  -35.811  -7.604 0.4000000060
112530  -37.199  -19.958  8.250 0.5000000000
112602  -50.450  -32.574  2.629 0.4000000060
112789  -40.778  -12.130  10.563 0.6000000238
113212  -45.711  -38.395  -1.110 0.4000000060
113691  -42.391  -34.836  2.201 0.6000000238
113732  -42.980  -10.049  9.916 0.4000000060
113783  -42.303  -12.147  10.118 0.4000000060
113916  -51.467  -38.514  -9.418 0.5000000000
114226  -40.199  -10.169  10.465 0.4000000060
114369  -39.003  -24.018  8.478 0.5000000000
114429  -45.256  -6.008  7.566 0.3000000119
114592  -47.075  -43.909  -7.279 0.3000000119
114719  -41.737  -31.634  -5.587 0.4000000060
114989  -42.047  -22.464  8.354 0.5000000000
115163  -44.799  -26.598  3.307 0.3000000119
115192  -42.709  -45.573  -3.376 0.3000000119
115205  -48.985  -31.764  -6.451 0.6000000238
115208  -37.491  -26.926  3.818 0.6000000238
115359  -41.859  -28.251  7.880 0.5000000000
115455  -42.500  -30.722  8.451 0.4000000060
116121  -45.901  -31.884  -7.454 0.5000000000
117119  -39.101  -20.883  -2.288 0.8000000119
117255  -51.822  -32.431  1.183 0.3000000119
117280  -46.756  -36.405  -5.674 0.6000000238
117433  -45.740  -14.911  3.977 0.4000000060
117520  -31.509  -13.293  -0.444 0.5000000000
117573  -43.583  -43.271  -2.569 0.3000000119
117617  -43.533  -36.670  2.451 0.4000000060
117966  -36.888  -22.121  7.513 0.6000000238
118029  -46.724  -35.741  -7.716 0.4000000060
118238  -50.067  -35.476  -8.883 0.5000000000
118595  -40.005  -12.218  10.618 0.5000000000
118715  -44.953  -16.981  7.576 0.4000000060
118716  -44.531  -17.119  8.116 0.4000000060
119094  -37.877  -17.314  10.125 0.6000000238
119176  -50.761  -38.850  -9.472 0.4000000060
119919  -46.348  -29.857  8.155 0.4000000060
119961  -39.959  -21.466  -3.185 0.6999999881
120040  -40.726  -3.506  8.350 0.3000000119
120089  -52.642  -43.315  -8.826 0.3000000119
120231  -50.988  -35.320  -9.268 0.5000000000
120243  -45.639  -31.776  -4.023 0.6999999881
120788  -43.972  -31.515  8.372 0.4000000060
120862  -52.514  -39.733  -7.310 0.4000000060
120870  -40.319  -26.397  7.805 0.5000000000
121445  -50.087  -37.900  1.735 0.3000000119
121856  -37.768  -22.253  -2.700 0.6999999881
121962  -39.882  -28.989  7.613 0.5000000000
122040  -49.446  -27.165  4.638 0.4000000060
122133  -37.711  -12.831  8.340 0.5000000000
122209  -42.883  -12.244  9.726 0.4000000060
122236  -33.363  -15.085  -0.083 0.4000000060
122369  -48.940  -33.764  -6.562 0.6000000238
122499  -50.819  -40.467  -5.871 0.4000000060
122579  -33.184  -19.488  2.638 0.5000000000
122659  -45.352  -11.107  4.762 0.3000000119
122697  -45.405  -27.883  6.937 0.4000000060
122698  -52.363  -43.313  -9.166 0.3000000119
122844  -42.704  -5.492  9.355 0.3000000119
122865  -46.911  -26.496  -0.205 0.3000000119
123117  -42.332  -30.097  8.480 0.4000000060
123246  -37.216  -21.163  8.336 0.5000000000
123270  -50.466  -27.385  5.293 0.3000000119
123494  -45.736  -21.434  1.893 0.4000000060
123835  -52.178  -39.899  -6.297 0.5000000000
123945  -45.498  -10.025  4.873 0.3000000119
123970  -37.795  -27.135  1.854 0.6000000238
124212  -40.719  -27.568  7.734 0.5000000000
124273  -48.458  -30.207  -7.154 0.6000000238
124452  -46.494  -30.443  8.135 0.4000000060
124596  -37.767  -20.064  -0.796 0.6999999881
124694  -36.724  -23.520  4.224 0.6000000238
125031  -45.174  -48.629  -8.806 0.4000000060
125379  -47.380  -40.710  -6.536 0.3000000119
125691  -41.562  -27.827  7.738 0.5000000000
125857  -37.992  -15.353  10.338 0.6000000238
125916  -45.708  -36.970  -4.391 0.6000000238
126200  -51.970  -37.204  -8.764 0.5000000000
126639  -41.639  -29.037  -3.445 0.6999999881
126678  -45.321  -27.299  5.490 0.3000000119
126721  -40.871  -10.138  10.492 0.4000000060
126802  -42.841  -32.554  -0.106 0.6999999881
126886  -44.818  -30.952  8.499 0.4000000060
127006  -44.525  -31.881  -6.745 0.5000000000
127025  -41.415  -13.225  10.425 0.5000000000
127342  -37.623  -28.003  3.813 0.6000000238
127405  -44.917  -3.786  7.508 0.3000000119
127491  -45.106  -12.399  5.241 0.3000000119
127664  -48.396  -27.502  2.894 0.4000000060
127794  -51.570  -30.808  4.553 0.4000000060
127891  -43.688  -6.461  9.192 0.3000000119
127996  -47.014  -48.059  -8.073 0.4000000060
128228  -41.159  -9.175  10.398 0.3000000119
128261  -50.061  -47.312  -7.729 0.3000000119
128380  -39.958  -4.280  7.923 0.3000000119
128617  -42.694  -14.091  9.763 0.4000000060
128873  -44.385  -46.040  -4.906 0.3000000119
