#!ascii label  , from subject sub-01 vox2ras=TkReg aparc.a2009s=G_temporal_inf
2738
20856  -50.841  -52.238  0.609 0.0000000000
21765  -51.368  -51.647  3.867 0.0000000000
21766  -52.521  -51.603  3.881 0.0000000000
21767  -53.288  -51.327  3.922 0.0000000000
21781  -50.899  -51.950  3.058 0.0000000000
21782  -52.019  -51.823  3.090 0.0000000000
21783  -52.820  -51.570  3.180 0.0000000000
21798  -50.485  -52.163  2.208 0.0000000000
21799  -51.633  -51.981  2.018 0.0000000000
21800  -52.371  -51.631  2.315 0.0000000000
21801  -52.835  -51.249  2.487 0.0000000000
21815  -51.464  -51.891  1.058 0.0000000000
21816  -51.649  -51.399  0.963 0.0000000000
21836  -51.014  -51.855  0.182 0.0000000000
21859  -50.561  -51.596  -0.422 0.0000000000
22708  -50.855  -50.464  4.969 0.0000000000
22709  -52.784  -50.782  4.803 0.0000000000
22710  -53.499  -50.741  4.506 0.0000000000
22726  -50.532  -51.038  4.472 0.0000000000
22727  -51.904  -51.127  4.481 0.0000000000
22728  -52.938  -51.255  4.371 0.0000000000
22729  -53.678  -50.842  3.988 0.0000000000
22745  -53.375  -50.992  3.110 0.0000000000
22757  -50.927  -50.337  1.307 0.0000000000
22758  -51.895  -50.821  1.287 0.0000000000
22759  -52.370  -51.192  1.797 0.0000000000
22768  -49.563  -50.323  0.499 0.0000000000
22769  -50.691  -50.659  0.541 0.0000000000
22770  -51.467  -50.948  0.711 0.0000000000
22786  -50.392  -50.934  -0.240 0.0000000000
22787  -51.050  -51.291  0.240 0.0000000000
23669  -52.459  -49.993  5.207 0.0000000000
23670  -53.352  -50.386  4.965 0.0000000000
23671  -53.852  -49.971  4.987 0.0000000000
23672  -54.237  -49.599  4.979 0.0000000000
23689  -53.951  -50.122  4.435 0.0000000000
23711  -51.763  -49.566  2.578 0.0000000000
23712  -52.970  -50.083  2.720 0.0000000000
23713  -53.706  -50.231  3.569 0.0000000000
23723  -50.096  -49.680  2.131 0.0000000000
23724  -51.297  -50.013  1.972 0.0000000000
23725  -52.332  -50.515  2.023 0.0000000000
23726  -52.879  -50.876  2.337 0.0000000000
23735  -48.686  -49.725  1.313 0.0000000000
23736  -49.791  -50.000  1.373 0.0000000000
24612  -52.902  -49.117  5.469 0.0000000000
24613  -53.824  -49.503  5.333 0.0000000000
24614  -54.152  -49.252  5.314 0.0000000000
24615  -54.472  -48.940  5.162 0.0000000000
24630  -52.790  -48.423  3.571 0.0000000000
24631  -53.834  -48.667  3.917 0.0000000000
24632  -54.219  -49.244  4.541 0.0000000000
24653  -52.280  -49.040  3.154 0.0000000000
24654  -53.344  -49.327  3.396 0.0000000000
24655  -53.965  -49.588  3.940 0.0000000000
25558  -54.229  -48.072  6.108 0.0000000000
25559  -54.982  -47.719  6.217 0.0000000000
25560  -55.503  -47.259  6.152 0.0000000000
25562  -53.987  -48.889  5.675 0.0000000000
25563  -54.544  -48.430  5.687 0.0000000000
25564  -55.191  -47.809  5.754 0.0000000000
25581  -52.214  -47.686  3.994 0.0000000000
25582  -53.778  -47.854  4.151 0.0000000000
25583  -54.474  -48.301  4.614 0.0000000000
25584  -54.784  -48.254  5.342 0.0000000000
26490  -54.892  -46.584  7.100 0.0000000000
26491  -55.785  -46.426  6.909 0.0000000000
26492  -56.160  -46.188  6.716 0.0000000000
26499  -54.445  -47.206  6.582 0.0000000000
26500  -55.292  -46.998  6.565 0.0000000000
26501  -55.765  -46.689  6.422 0.0000000000
26514  -52.129  -46.361  4.776 0.0000000000
26515  -53.346  -46.434  4.697 0.0000000000
26516  -54.609  -46.586  4.947 0.0000000000
26517  -55.452  -46.979  5.568 0.0000000000
26543  -52.913  -47.173  4.292 0.0000000000
26544  -54.126  -47.284  4.467 0.0000000000
26545  -54.966  -47.570  5.020 0.0000000000
27519  -55.401  -45.874  7.462 0.0000000000
27520  -56.429  -45.607  7.211 0.0000000000
27521  -57.126  -44.727  7.311 0.0000000000
27531  -56.613  -45.499  6.890 0.0000000000
27552  -52.521  -45.739  5.193 0.0000000000
27553  -53.656  -45.796  5.158 0.0000000000
27554  -55.273  -46.280  5.450 0.0000000000
27555  -55.910  -46.285  6.139 0.0000000000
28514  -54.990  -44.418  8.277 0.0000000000
28515  -56.310  -44.334  8.166 0.0000000000
28516  -57.407  -44.009  8.064 0.0000000000
28529  -55.921  -45.120  7.857 0.0000000000
28530  -56.891  -44.708  7.663 0.0000000000
28531  -57.357  -44.263  7.683 0.0000000000
28551  -52.193  -44.419  5.968 0.0000000000
28552  -53.208  -44.417  5.900 0.0000000000
28553  -54.437  -44.516  5.927 0.0000000000
28554  -55.805  -44.650  6.316 0.0000000000
28555  -56.890  -44.897  6.820 0.0000000000
28556  -57.406  -44.067  7.461 0.0000000000
28577  -52.861  -45.085  5.531 0.0000000000
28578  -54.014  -45.164  5.495 0.0000000000
28579  -55.313  -45.515  5.709 0.0000000000
28580  -56.203  -45.501  6.414 0.0000000000
28619  -50.388  -45.268  -1.298 0.0000000000
28620  -50.988  -45.492  -1.563 0.0000000000
28621  -51.798  -45.798  -1.747 0.0000000000
28622  -52.639  -46.024  -1.832 0.0000000000
28623  -53.767  -45.972  -1.867 0.0000000000
28624  -54.619  -45.661  -1.664 0.0000000000
28625  -55.542  -45.330  -2.041 0.0000000000
28634  -54.195  -45.631  -2.224 0.0000000000
28635  -54.617  -45.630  -2.251 0.0000000000
28636  -55.877  -44.960  -2.800 0.0000000000
28646  -54.786  -45.447  -2.469 0.0000000000
28647  -55.346  -45.139  -2.688 0.0000000000
29539  -55.330  -43.667  8.461 0.0000000000
29540  -56.642  -43.586  8.343 0.0000000000
29541  -57.707  -43.417  8.196 0.0000000000
29556  -57.947  -43.560  8.043 0.0000000000
29579  -52.502  -43.694  6.283 0.0000000000
29580  -53.540  -43.692  6.273 0.0000000000
29581  -55.908  -43.793  6.547 0.0000000000
29582  -57.940  -43.320  7.754 0.0000000000
29632  -49.093  -44.201  0.268 0.0000000000
29633  -49.606  -44.336  0.612 0.0000000000
29634  -50.211  -44.714  0.420 0.0000000000
29635  -51.683  -45.283  -0.104 0.0000000000
29636  -52.487  -44.876  0.237 0.0000000000
29637  -53.576  -44.282  0.518 0.0000000000
29638  -54.722  -44.141  0.336 0.0000000000
29647  -49.830  -44.912  -0.546 0.0000000000
29648  -50.558  -45.426  -0.800 0.0000000000
29649  -51.285  -45.751  -1.069 0.0000000000
29650  -52.037  -45.915  -1.167 0.0000000000
29651  -53.031  -45.834  -0.993 0.0000000000
29652  -54.153  -45.456  -0.772 0.0000000000
29653  -55.235  -45.031  -0.784 0.0000000000
29654  -56.928  -44.062  -0.824 0.0000000000
29655  -57.228  -43.864  -1.432 0.0000000000
29665  -49.322  -44.337  -0.904 0.0000000000
29666  -49.978  -44.958  -1.284 0.0000000000
29667  -50.387  -45.100  -1.512 0.0000000000
29668  -50.820  -45.233  -1.693 0.0000000000
29669  -51.461  -45.535  -1.885 0.0000000000
29670  -52.414  -45.786  -2.115 0.0000000000
29671  -53.609  -45.547  -2.281 0.0000000000
29672  -56.568  -44.512  -2.087 0.0000000000
29673  -57.147  -43.843  -2.528 0.0000000000
29684  -54.658  -45.228  -2.567 0.0000000000
29685  -56.449  -44.319  -2.840 0.0000000000
30525  -54.506  -42.878  8.566 0.0000000000
30526  -56.935  -42.852  8.381 0.0000000000
30527  -57.987  -43.077  8.229 0.0000000000
30545  -58.112  -42.943  8.082 0.0000000000
30561  -52.827  -42.855  6.421 0.0000000000
30562  -53.929  -42.886  6.426 0.0000000000
30563  -55.326  -43.025  6.547 0.0000000000
30564  -57.030  -43.357  6.961 0.0000000000
30565  -57.858  -42.537  7.467 0.0000000000
30609  -49.475  -42.924  2.139 0.0000000000
30610  -50.334  -42.874  2.166 0.0000000000
30611  -51.270  -42.792  2.100 0.0000000000
30625  -49.209  -43.640  1.330 0.0000000000
30626  -49.894  -43.772  1.426 0.0000000000
30627  -50.739  -43.876  1.366 0.0000000000
30628  -52.812  -43.424  1.323 0.0000000000
30629  -53.552  -43.000  1.412 0.0000000000
30630  -55.236  -43.008  1.032 0.0000000000
30631  -56.241  -42.934  0.926 0.0000000000
30632  -57.073  -42.830  0.829 0.0000000000
30633  -57.565  -42.580  0.597 0.0000000000
30643  -51.714  -43.113  -0.519 0.0000000000
30644  -52.620  -43.113  -0.578 0.0000000000
30645  -55.776  -43.904  0.182 0.0000000000
30646  -56.680  -43.631  0.082 0.0000000000
30647  -57.374  -43.331  -0.226 0.0000000000
30659  -50.239  -44.270  -1.429 0.0000000000
30660  -51.104  -44.501  -1.561 0.0000000000
30661  -51.940  -44.664  -1.749 0.0000000000
30662  -53.001  -44.498  -1.716 0.0000000000
30663  -55.704  -43.956  -2.763 0.0000000000
30664  -56.563  -43.426  -3.040 0.0000000000
30665  -57.622  -43.253  -1.478 0.0000000000
30677  -55.396  -44.725  -2.771 0.0000000000
30678  -56.068  -44.443  -2.960 0.0000000000
30679  -56.847  -43.382  -3.152 0.0000000000
30680  -57.598  -42.991  -2.819 0.0000000000
31502  -56.220  -41.883  8.288 0.0000000000
31503  -57.705  -42.481  8.256 0.0000000000
31521  -57.393  -41.539  8.056 0.0000000000
31522  -57.932  -42.037  7.736 0.0000000000
31523  -58.558  -41.196  7.284 0.0000000000
31541  -53.724  -41.480  6.192 0.0000000000
31542  -55.066  -41.598  6.285 0.0000000000
31543  -56.799  -41.791  6.627 0.0000000000
31544  -58.074  -41.762  7.294 0.0000000000
31580  -51.412  -41.061  3.163 0.0000000000
31581  -52.272  -41.127  2.896 0.0000000000
31597  -50.859  -41.868  2.721 0.0000000000
31598  -53.691  -41.455  2.435 0.0000000000
31599  -55.141  -41.503  2.238 0.0000000000
31600  -56.206  -41.491  2.274 0.0000000000
31601  -57.388  -41.500  2.222 0.0000000000
31602  -57.997  -41.498  1.802 0.0000000000
31612  -53.183  -42.298  1.922 0.0000000000
31613  -54.757  -42.224  1.689 0.0000000000
31614  -55.714  -42.189  1.637 0.0000000000
31615  -56.742  -42.197  1.572 0.0000000000
31616  -57.490  -42.133  1.373 0.0000000000
31617  -58.308  -41.153  0.956 0.0000000000
31631  -52.313  -41.981  0.280 0.0000000000
31632  -54.725  -41.801  -0.477 0.0000000000
31633  -55.726  -41.589  -0.987 0.0000000000
31634  -57.841  -42.608  -0.256 0.0000000000
31635  -58.234  -41.829  -0.282 0.0000000000
31647  -54.067  -44.291  -1.905 0.0000000000
31648  -54.801  -43.253  -1.546 0.0000000000
31649  -55.726  -42.706  -1.804 0.0000000000
31650  -57.240  -42.540  -3.466 0.0000000000
31651  -58.031  -42.471  -1.646 0.0000000000
31652  -58.382  -41.616  -1.852 0.0000000000
31664  -57.557  -42.231  -3.557 0.0000000000
31665  -58.051  -42.234  -3.283 0.0000000000
32461  -54.750  -41.045  8.075 0.0000000000
32479  -55.938  -40.910  7.932 0.0000000000
32480  -56.774  -40.585  7.689 0.0000000000
32481  -58.052  -41.089  7.644 0.0000000000
32501  -53.138  -40.879  5.830 0.0000000000
32502  -54.187  -40.955  5.909 0.0000000000
32503  -55.510  -41.082  6.020 0.0000000000
32504  -57.138  -41.268  6.409 0.0000000000
32505  -58.647  -41.332  6.958 0.0000000000
32506  -59.108  -40.849  7.075 0.0000000000
32507  -59.267  -40.406  6.650 0.0000000000
32527  -53.587  -40.414  5.378 0.0000000000
32528  -54.593  -40.472  5.433 0.0000000000
32529  -55.799  -40.572  5.481 0.0000000000
32530  -57.291  -40.669  5.606 0.0000000000
32531  -58.928  -40.759  6.246 0.0000000000
32532  -59.351  -40.241  5.923 0.0000000000
32553  -53.131  -40.119  4.586 0.0000000000
32554  -54.019  -40.079  4.693 0.0000000000
32555  -55.979  -40.298  4.656 0.0000000000
32556  -58.000  -40.547  5.204 0.0000000000
32557  -58.849  -40.383  5.165 0.0000000000
32558  -59.182  -40.054  4.935 0.0000000000
32578  -52.711  -40.346  3.694 0.0000000000
32579  -53.169  -40.805  2.973 0.0000000000
32580  -55.193  -40.219  3.902 0.0000000000
32581  -56.261  -40.448  3.751 0.0000000000
32582  -57.574  -40.693  3.611 0.0000000000
32583  -58.586  -40.404  4.037 0.0000000000
32584  -58.985  -40.069  4.057 0.0000000000
32597  -54.482  -41.028  2.714 0.0000000000
32598  -55.458  -40.778  3.018 0.0000000000
32599  -56.727  -40.929  2.940 0.0000000000
32600  -58.122  -40.992  2.885 0.0000000000
32601  -58.484  -40.346  3.262 0.0000000000
32616  -53.609  -40.327  0.883 0.0000000000
32617  -54.431  -40.069  0.650 0.0000000000
32618  -58.315  -40.777  2.197 0.0000000000
32634  -52.912  -41.107  0.646 0.0000000000
32635  -54.334  -40.804  0.376 0.0000000000
32636  -55.237  -40.586  -0.050 0.0000000000
32637  -58.511  -40.942  -0.362 0.0000000000
32649  -56.357  -40.968  -1.383 0.0000000000
32650  -57.013  -41.845  -3.113 0.0000000000
32651  -58.576  -40.634  -1.962 0.0000000000
32662  -57.709  -41.672  -3.995 0.0000000000
32663  -58.039  -41.012  -4.515 0.0000000000
32664  -58.311  -41.352  -3.543 0.0000000000
32678  -58.050  -40.396  -4.518 0.0000000000
33581  -54.919  -39.344  7.403 0.0000000000
33582  -56.032  -39.606  7.388 0.0000000000
33583  -57.397  -40.011  7.429 0.0000000000
33584  -58.709  -40.658  7.332 0.0000000000
33590  -56.439  -39.130  7.125 0.0000000000
33591  -58.261  -39.640  7.129 0.0000000000
33592  -59.218  -40.096  6.943 0.0000000000
33593  -59.448  -39.835  6.331 0.0000000000
33602  -59.484  -39.600  5.646 0.0000000000
33612  -59.141  -39.432  4.545 0.0000000000
33622  -58.755  -39.647  3.409 0.0000000000
33632  -58.569  -39.909  2.447 0.0000000000
33645  -54.063  -39.412  1.095 0.0000000000
33646  -58.532  -40.095  1.295 0.0000000000
33657  -54.997  -39.360  0.543 0.0000000000
33658  -55.946  -39.777  -0.381 0.0000000000
33659  -56.441  -39.128  -0.880 0.0000000000
33660  -58.601  -39.905  -0.208 0.0000000000
33670  -56.710  -40.065  -1.649 0.0000000000
33671  -58.630  -39.611  -2.070 0.0000000000
33682  -57.297  -40.343  -3.172 0.0000000000
33683  -57.855  -40.226  -4.492 0.0000000000
33684  -58.412  -40.455  -3.741 0.0000000000
34551  -54.311  -38.589  7.205 0.0000000000
34558  -56.501  -38.390  6.752 0.0000000000
34559  -58.697  -38.951  6.622 0.0000000000
34560  -59.324  -39.288  6.405 0.0000000000
34567  -59.110  -38.372  6.099 0.0000000000
34576  -59.339  -38.795  5.479 0.0000000000
34585  -58.720  -38.861  3.518 0.0000000000
34614  -53.715  -38.760  1.372 0.0000000000
34615  -58.640  -39.098  0.877 0.0000000000
34627  -54.398  -38.594  1.074 0.0000000000
34628  -55.205  -38.385  0.513 0.0000000000
34629  -58.681  -38.858  -0.430 0.0000000000
34643  -56.031  -38.332  -0.342 0.0000000000
34644  -56.810  -38.587  -1.828 0.0000000000
34645  -58.643  -38.666  -1.883 0.0000000000
34660  -57.648  -39.175  -4.194 0.0000000000
34661  -58.033  -39.494  -4.673 0.0000000000
34662  -58.408  -39.430  -3.915 0.0000000000
35577  -54.268  -37.789  6.896 0.0000000000
35587  -54.940  -37.320  6.552 0.0000000000
35588  -55.880  -37.524  6.474 0.0000000000
35589  -56.951  -37.644  6.350 0.0000000000
35590  -58.088  -37.906  6.267 0.0000000000
35596  -57.295  -37.202  5.953 0.0000000000
35597  -58.188  -37.620  5.772 0.0000000000
35598  -58.709  -38.036  5.251 0.0000000000
35606  -57.326  -37.206  5.173 0.0000000000
35614  -57.191  -37.234  3.629 0.0000000000
35615  -58.103  -37.717  4.181 0.0000000000
35616  -58.846  -38.506  4.440 0.0000000000
35626  -57.150  -37.163  2.669 0.0000000000
35627  -58.356  -38.228  2.637 0.0000000000
35646  -53.792  -38.033  1.408 0.0000000000
35647  -58.090  -37.278  0.899 0.0000000000
35648  -58.539  -38.111  0.667 0.0000000000
35659  -53.931  -36.503  0.384 0.0000000000
35660  -54.545  -37.760  0.870 0.0000000000
35661  -55.405  -37.629  0.063 0.0000000000
35662  -58.587  -37.407  -0.030 0.0000000000
35672  -56.313  -37.727  -1.085 0.0000000000
35673  -57.180  -38.139  -3.106 0.0000000000
35674  -58.655  -37.766  -1.494 0.0000000000
35682  -58.254  -38.477  -4.393 0.0000000000
35683  -58.212  -38.773  -4.505 0.0000000000
35697  -57.961  -37.683  -4.928 0.0000000000
35698  -58.145  -37.807  -4.682 0.0000000000
36585  -54.653  -36.578  6.254 0.0000000000
36586  -55.393  -36.767  6.139 0.0000000000
36598  -54.829  -36.271  5.689 0.0000000000
36599  -56.293  -36.958  6.041 0.0000000000
36600  -56.450  -36.865  5.231 0.0000000000
36608  -54.851  -36.122  4.773 0.0000000000
36609  -55.626  -36.493  4.242 0.0000000000
36610  -56.678  -36.935  4.320 0.0000000000
36621  -56.247  -36.710  3.177 0.0000000000
36630  -56.576  -36.606  2.161 0.0000000000
36631  -57.475  -37.063  1.725 0.0000000000
36647  -56.881  -36.346  1.361 0.0000000000
36648  -57.565  -36.672  0.970 0.0000000000
36659  -52.289  -36.083  0.731 0.0000000000
36660  -53.186  -36.343  0.611 0.0000000000
36661  -54.604  -37.001  0.319 0.0000000000
36662  -57.314  -35.983  0.676 0.0000000000
36663  -58.173  -36.559  0.248 0.0000000000
36664  -58.634  -36.952  -0.624 0.0000000000
36673  -53.593  -35.858  -0.112 0.0000000000
36674  -54.452  -36.264  -0.314 0.0000000000
36675  -55.530  -36.883  -0.760 0.0000000000
36676  -56.511  -37.315  -2.012 0.0000000000
36677  -58.625  -37.058  -1.741 0.0000000000
36684  -55.053  -35.994  -1.250 0.0000000000
36685  -56.130  -36.603  -2.100 0.0000000000
36686  -57.280  -37.534  -3.941 0.0000000000
36687  -58.409  -36.740  -3.552 0.0000000000
36694  -56.571  -36.584  -3.460 0.0000000000
36695  -57.583  -37.240  -4.836 0.0000000000
36696  -57.979  -37.432  -5.121 0.0000000000
36697  -58.111  -37.055  -4.872 0.0000000000
36705  -57.569  -36.850  -5.006 0.0000000000
36706  -57.818  -36.980  -5.092 0.0000000000
36707  -57.771  -36.307  -4.891 0.0000000000
37571  -51.023  -35.032  -0.049 0.0000000000
37572  -51.864  -35.330  0.038 0.0000000000
37573  -52.728  -35.588  0.002 0.0000000000
37574  -57.116  -35.137  0.467 0.0000000000
37575  -57.921  -35.639  0.077 0.0000000000
37576  -58.592  -36.181  -0.698 0.0000000000
37585  -51.413  -34.673  -0.522 0.0000000000
37586  -52.148  -34.821  -0.643 0.0000000000
37587  -53.055  -35.101  -0.776 0.0000000000
37588  -54.043  -35.460  -0.896 0.0000000000
37589  -58.441  -35.331  -0.463 0.0000000000
37596  -54.569  -35.158  -1.756 0.0000000000
37597  -55.586  -35.802  -2.335 0.0000000000
37598  -58.530  -35.698  -2.401 0.0000000000
37603  -56.154  -35.771  -3.561 0.0000000000
37604  -56.776  -35.992  -4.779 0.0000000000
37605  -58.250  -36.029  -3.926 0.0000000000
37614  -57.358  -36.218  -5.042 0.0000000000
38521  -50.358  -34.114  -0.116 0.0000000000
38522  -50.830  -34.295  -0.502 0.0000000000
38523  -57.155  -34.342  0.523 0.0000000000
38524  -58.667  -33.921  -0.133 0.0000000000
38532  -50.906  -33.884  -0.666 0.0000000000
38533  -51.452  -34.116  -1.065 0.0000000000
38534  -52.416  -34.307  -1.338 0.0000000000
38535  -58.786  -34.714  -0.642 0.0000000000
38541  -52.863  -33.879  -1.858 0.0000000000
38542  -53.463  -34.575  -1.544 0.0000000000
38543  -55.158  -34.877  -2.794 0.0000000000
38544  -58.855  -34.739  -1.518 0.0000000000
38547  -54.512  -33.909  -2.850 0.0000000000
38548  -55.290  -34.267  -3.477 0.0000000000
38549  -55.964  -35.010  -4.107 0.0000000000
38550  -58.449  -34.738  -2.833 0.0000000000
38558  -55.854  -34.115  -4.395 0.0000000000
38559  -56.755  -35.030  -5.072 0.0000000000
38560  -57.262  -35.370  -5.134 0.0000000000
38561  -57.883  -35.211  -4.421 0.0000000000
38572  -56.987  -34.445  -5.332 0.0000000000
39386  -50.035  -33.024  2.019 0.0000000000
39397  -50.336  -33.268  1.182 0.0000000000
39398  -50.662  -33.485  0.160 0.0000000000
39401  -57.130  -33.086  1.106 0.0000000000
39408  -51.237  -33.341  -0.391 0.0000000000
39409  -51.591  -33.561  -0.988 0.0000000000
39411  -57.753  -33.641  0.479 0.0000000000
39412  -59.264  -33.290  -0.320 0.0000000000
39413  -59.549  -33.229  -1.091 0.0000000000
39420  -52.183  -33.700  -1.433 0.0000000000
39421  -59.231  -34.014  -0.880 0.0000000000
39424  -52.879  -33.257  -1.874 0.0000000000
39425  -53.546  -33.566  -2.329 0.0000000000
39426  -59.079  -33.857  -1.708 0.0000000000
39432  -53.534  -32.851  -2.368 0.0000000000
39433  -54.187  -33.070  -2.919 0.0000000000
39434  -55.053  -33.489  -3.529 0.0000000000
39435  -58.719  -33.549  -2.736 0.0000000000
39439  -54.846  -32.635  -3.546 0.0000000000
39440  -55.624  -33.105  -4.327 0.0000000000
39441  -56.579  -33.642  -5.106 0.0000000000
39442  -57.679  -33.423  -4.644 0.0000000000
39443  -58.097  -34.078  -3.868 0.0000000000
39457  -57.074  -33.393  -5.316 0.0000000000
40373  -50.401  -32.319  3.333 0.0000000000
40374  -51.176  -32.152  2.918 0.0000000000
40388  -50.805  -32.644  2.005 0.0000000000
40389  -51.728  -32.214  2.059 0.0000000000
40390  -52.441  -32.036  1.565 0.0000000000
40402  -51.117  -32.777  1.156 0.0000000000
40403  -51.480  -32.835  0.376 0.0000000000
40404  -53.035  -31.887  1.076 0.0000000000
40406  -57.567  -32.340  1.514 0.0000000000
40411  -51.947  -32.840  -0.354 0.0000000000
40412  -58.041  -32.726  0.885 0.0000000000
40413  -58.992  -32.285  0.805 0.0000000000
40414  -59.802  -32.016  0.235 0.0000000000
40419  -52.427  -32.950  -1.267 0.0000000000
40420  -53.154  -32.366  -1.104 0.0000000000
40421  -53.553  -32.166  -1.476 0.0000000000
40422  -59.704  -32.606  -0.472 0.0000000000
40428  -53.128  -32.657  -1.817 0.0000000000
40429  -53.740  -32.264  -2.149 0.0000000000
40430  -59.367  -32.958  -1.963 0.0000000000
40431  -59.803  -32.386  -1.323 0.0000000000
40436  -54.201  -32.385  -2.854 0.0000000000
40437  -58.935  -32.563  -3.057 0.0000000000
40438  -59.515  -31.979  -2.352 0.0000000000
40445  -55.411  -32.291  -4.209 0.0000000000
40446  -56.127  -32.483  -4.945 0.0000000000
40447  -57.557  -32.579  -4.956 0.0000000000
40448  -58.302  -32.140  -4.289 0.0000000000
40461  -56.740  -32.674  -5.311 0.0000000000
40462  -57.094  -32.154  -5.351 0.0000000000
40463  -57.623  -31.513  -5.168 0.0000000000
41363  -51.778  -31.108  4.076 0.0000000000
41364  -52.483  -30.640  4.047 0.0000000000
41373  -51.007  -31.717  3.850 0.0000000000
41374  -51.678  -31.612  3.428 0.0000000000
41375  -53.122  -31.156  2.937 0.0000000000
41379  -58.154  -30.906  3.263 0.0000000000
41386  -51.946  -31.789  2.869 0.0000000000
41387  -52.613  -31.649  2.447 0.0000000000
41388  -53.416  -31.337  2.304 0.0000000000
41389  -54.124  -31.044  2.062 0.0000000000
41390  -57.680  -31.442  2.597 0.0000000000
41391  -58.699  -31.118  2.420 0.0000000000
41396  -53.059  -31.702  1.830 0.0000000000
41397  -54.426  -31.276  1.194 0.0000000000
41398  -55.126  -30.838  1.175 0.0000000000
41399  -58.080  -31.707  1.899 0.0000000000
41400  -58.979  -31.569  1.534 0.0000000000
41401  -59.345  -30.997  1.912 0.0000000000
41407  -53.052  -32.178  -0.078 0.0000000000
41408  -54.158  -31.607  0.218 0.0000000000
41409  -55.096  -31.162  0.408 0.0000000000
41410  -59.549  -31.656  0.923 0.0000000000
41411  -59.728  -31.098  1.304 0.0000000000
41417  -53.775  -31.882  -0.738 0.0000000000
41418  -54.732  -31.475  -0.583 0.0000000000
41419  -60.111  -31.849  -0.678 0.0000000000
41427  -54.141  -31.784  -1.516 0.0000000000
41428  -54.913  -31.397  -1.673 0.0000000000
41429  -60.001  -31.448  -1.637 0.0000000000
41436  -54.397  -31.749  -2.455 0.0000000000
41437  -55.109  -31.241  -2.798 0.0000000000
41438  -55.611  -31.014  -3.917 0.0000000000
41439  -59.007  -31.442  -3.650 0.0000000000
41440  -59.574  -30.855  -2.890 0.0000000000
41452  -55.825  -31.622  -4.530 0.0000000000
41453  -58.299  -30.833  -4.863 0.0000000000
41454  -58.887  -30.144  -4.346 0.0000000000
41461  -56.670  -31.599  -5.235 0.0000000000
41462  -57.154  -31.164  -5.405 0.0000000000
41463  -57.546  -30.479  -5.319 0.0000000000
42352  -51.695  -29.819  5.245 0.0000000000
42353  -52.293  -29.635  4.945 0.0000000000
42356  -57.836  -30.393  5.291 0.0000000000
42357  -58.678  -30.225  4.853 0.0000000000
42360  -51.338  -30.564  4.997 0.0000000000
42361  -52.029  -30.371  4.652 0.0000000000
42362  -52.888  -29.859  4.460 0.0000000000
42363  -57.153  -30.634  4.715 0.0000000000
42364  -58.041  -30.505  4.592 0.0000000000
42367  -53.239  -30.510  3.589 0.0000000000
42368  -54.129  -30.094  3.315 0.0000000000
42369  -57.622  -30.758  4.013 0.0000000000
42370  -58.675  -30.363  4.014 0.0000000000
42372  -53.751  -30.758  2.790 0.0000000000
42373  -54.503  -30.408  2.551 0.0000000000
42374  -55.249  -30.073  2.280 0.0000000000
42375  -58.940  -30.549  3.106 0.0000000000
42376  -59.339  -30.557  2.391 0.0000000000
42381  -54.813  -30.668  1.803 0.0000000000
42382  -55.502  -30.340  1.551 0.0000000000
42383  -56.179  -30.032  1.208 0.0000000000
42384  -59.731  -30.468  1.680 0.0000000000
42390  -55.708  -30.566  0.815 0.0000000000
42391  -56.378  -30.228  0.466 0.0000000000
42392  -57.005  -29.821  0.026 0.0000000000
42393  -60.168  -30.420  0.827 0.0000000000
42399  -55.861  -30.771  -0.076 0.0000000000
42400  -56.332  -30.587  -1.146 0.0000000000
42401  -57.110  -30.054  -0.865 0.0000000000
42409  -55.657  -30.952  -1.970 0.0000000000
42410  -56.438  -30.507  -2.538 0.0000000000
42411  -57.131  -30.133  -1.981 0.0000000000
42412  -60.105  -30.399  -2.028 0.0000000000
42422  -55.795  -30.812  -3.079 0.0000000000
42423  -56.477  -30.384  -4.100 0.0000000000
42424  -57.336  -29.743  -4.891 0.0000000000
42425  -59.558  -29.584  -3.514 0.0000000000
42434  -56.433  -30.811  -4.842 0.0000000000
42435  -57.451  -29.898  -5.195 0.0000000000
42436  -58.061  -29.753  -5.117 0.0000000000
42437  -58.562  -29.050  -4.551 0.0000000000
42443  -57.021  -30.518  -5.353 0.0000000000
43297  -58.465  -29.552  7.560 0.0000000000
43298  -59.652  -29.618  7.737 0.0000000000
43299  -60.520  -29.639  7.973 0.0000000000
43300  -61.003  -29.493  7.970 0.0000000000
43312  -58.191  -29.863  6.808 0.0000000000
43313  -59.343  -29.727  6.960 0.0000000000
43314  -60.230  -29.475  7.589 0.0000000000
43323  -57.879  -30.217  6.066 0.0000000000
43324  -58.887  -30.008  6.258 0.0000000000
43325  -59.763  -29.528  6.983 0.0000000000
43331  -52.054  -29.099  5.276 0.0000000000
43332  -58.733  -30.148  5.575 0.0000000000
43336  -52.720  -29.037  4.946 0.0000000000
43337  -53.453  -28.982  4.583 0.0000000000
43338  -54.159  -28.849  4.212 0.0000000000
43343  -53.756  -29.629  4.029 0.0000000000
43344  -54.467  -29.335  3.676 0.0000000000
43345  -55.120  -28.951  3.416 0.0000000000
43346  -59.089  -29.899  4.082 0.0000000000
43350  -54.878  -29.708  3.006 0.0000000000
43351  -55.675  -29.219  2.660 0.0000000000
43352  -56.309  -29.086  2.090 0.0000000000
43353  -59.400  -30.116  2.866 0.0000000000
43354  -59.672  -29.964  2.141 0.0000000000
43357  -55.909  -29.716  1.893 0.0000000000
43358  -56.539  -29.372  1.484 0.0000000000
43359  -57.074  -28.985  1.061 0.0000000000
43360  -59.926  -29.813  1.348 0.0000000000
43366  -56.775  -29.615  0.789 0.0000000000
43367  -57.455  -28.990  0.294 0.0000000000
43368  -60.143  -29.581  0.514 0.0000000000
43374  -57.610  -29.309  -0.668 0.0000000000
43375  -58.227  -28.434  -1.773 0.0000000000
43376  -60.254  -29.225  -0.464 0.0000000000
43385  -57.729  -29.489  -1.751 0.0000000000
43386  -58.267  -28.804  -3.097 0.0000000000
43387  -60.291  -28.794  -1.726 0.0000000000
43398  -57.919  -29.166  -4.370 0.0000000000
43399  -58.699  -28.376  -4.333 0.0000000000
43400  -59.852  -28.259  -3.251 0.0000000000
43407  -58.134  -29.335  -4.718 0.0000000000
43408  -58.606  -28.099  -4.437 0.0000000000
43409  -59.202  -28.429  -4.213 0.0000000000
44217  -60.479  -28.972  9.078 0.0000000000
44235  -59.937  -29.386  8.386 0.0000000000
44236  -60.930  -29.424  8.393 0.0000000000
44237  -61.412  -29.132  8.483 0.0000000000
44249  -60.514  -29.253  7.547 0.0000000000
44258  -59.326  -29.435  6.351 0.0000000000
44259  -59.823  -28.781  6.867 0.0000000000
44263  -51.718  -28.564  5.422 0.0000000000
44264  -52.319  -28.387  5.125 0.0000000000
44265  -59.132  -29.907  5.880 0.0000000000
44269  -53.044  -28.247  4.759 0.0000000000
44270  -53.809  -28.197  4.427 0.0000000000
44271  -54.457  -28.179  4.071 0.0000000000
44272  -58.775  -29.124  4.503 0.0000000000
44276  -55.033  -28.199  3.647 0.0000000000
44277  -55.672  -28.292  3.110 0.0000000000
44278  -58.812  -28.904  3.569 0.0000000000
44283  -56.276  -28.390  2.421 0.0000000000
44284  -56.841  -28.430  1.625 0.0000000000
44285  -59.060  -28.691  2.560 0.0000000000
44286  -59.518  -29.109  1.703 0.0000000000
44289  -57.385  -28.150  0.777 0.0000000000
44290  -59.635  -28.284  0.812 0.0000000000
44295  -57.737  -27.895  -0.127 0.0000000000
44296  -59.970  -28.669  0.122 0.0000000000
44303  -58.066  -27.562  -1.205 0.0000000000
44304  -58.287  -27.210  -2.349 0.0000000000
44305  -60.238  -28.129  -0.987 0.0000000000
44314  -58.523  -27.438  -3.528 0.0000000000
44315  -60.186  -27.640  -2.381 0.0000000000
44323  -58.968  -27.371  -4.251 0.0000000000
44324  -59.606  -27.286  -3.507 0.0000000000
44330  -59.032  -27.424  -4.298 0.0000000000
45173  -60.456  -27.850  7.424 0.0000000000
45174  -61.289  -28.926  7.980 0.0000000000
45183  -59.058  -27.922  6.099 0.0000000000
45184  -59.743  -27.411  6.678 0.0000000000
45192  -51.754  -27.919  5.278 0.0000000000
45193  -59.306  -26.317  5.282 0.0000000000
45194  -59.629  -26.583  6.141 0.0000000000
45200  -48.857  -27.303  3.843 0.0000000000
45201  -50.134  -27.105  4.853 0.0000000000
45202  -50.948  -26.974  4.680 0.0000000000
45203  -51.693  -27.253  4.821 0.0000000000
45204  -53.369  -27.458  4.424 0.0000000000
45205  -54.152  -27.471  4.094 0.0000000000
45206  -58.779  -26.664  4.196 0.0000000000
45209  -47.520  -27.576  2.357 0.0000000000
45210  -54.745  -27.605  3.771 0.0000000000
45211  -55.407  -27.314  3.279 0.0000000000
45212  -58.707  -26.906  3.262 0.0000000000
45217  -47.751  -27.544  1.335 0.0000000000
45218  -48.503  -27.476  1.700 0.0000000000
45219  -56.148  -27.456  2.600 0.0000000000
45220  -56.630  -27.602  1.955 0.0000000000
45221  -58.882  -27.293  2.358 0.0000000000
45225  -57.011  -27.125  1.017 0.0000000000
45226  -57.384  -27.197  0.153 0.0000000000
45227  -59.263  -27.879  1.554 0.0000000000
45228  -59.605  -27.211  0.699 0.0000000000
45234  -57.464  -26.697  -0.915 0.0000000000
45235  -59.965  -27.367  -0.247 0.0000000000
45244  -57.791  -26.329  -2.103 0.0000000000
45245  -58.324  -26.378  -3.078 0.0000000000
45246  -60.220  -26.890  -1.611 0.0000000000
45256  -58.856  -26.590  -3.897 0.0000000000
45257  -59.603  -26.473  -3.088 0.0000000000
45262  -59.006  -26.855  -4.136 0.0000000000
45263  -59.069  -26.727  -4.091 0.0000000000
46130  -60.760  -26.370  7.357 0.0000000000
46131  -61.065  -25.792  7.681 0.0000000000
46139  -60.441  -26.097  6.687 0.0000000000
46140  -61.146  -24.968  6.844 0.0000000000
46147  -60.610  -25.405  5.775 0.0000000000
46152  -49.451  -27.028  3.558 0.0000000000
46153  -50.027  -26.801  4.040 0.0000000000
46154  -50.596  -26.556  4.132 0.0000000000
46155  -51.616  -26.522  4.296 0.0000000000
46156  -52.215  -26.821  4.430 0.0000000000
46157  -52.886  -26.722  4.280 0.0000000000
46158  -53.720  -26.548  3.923 0.0000000000
46159  -59.984  -25.443  4.277 0.0000000000
46164  -45.613  -26.886  2.472 0.0000000000
46165  -46.390  -27.350  2.952 0.0000000000
46166  -49.279  -27.092  2.879 0.0000000000
46167  -54.229  -25.845  3.445 0.0000000000
46168  -54.646  -26.706  3.559 0.0000000000
46169  -55.295  -26.325  3.007 0.0000000000
46170  -59.458  -25.747  3.363 0.0000000000
46174  -46.625  -27.134  1.232 0.0000000000
46175  -46.747  -27.412  2.041 0.0000000000
46176  -48.925  -27.235  1.350 0.0000000000
46177  -48.966  -27.239  2.225 0.0000000000
46178  -55.328  -25.454  2.154 0.0000000000
46179  -59.306  -26.037  2.427 0.0000000000
46180  -60.100  -25.170  1.734 0.0000000000
46187  -47.537  -27.179  0.006 0.0000000000
46188  -47.957  -27.463  0.474 0.0000000000
46189  -48.591  -27.386  0.690 0.0000000000
46190  -55.420  -24.912  1.024 0.0000000000
46191  -55.860  -25.389  0.650 0.0000000000
46192  -59.513  -26.364  1.342 0.0000000000
46200  -48.663  -27.324  -0.293 0.0000000000
46201  -56.652  -25.245  -0.868 0.0000000000
46202  -56.710  -26.019  -0.443 0.0000000000
46203  -59.975  -25.957  -0.037 0.0000000000
46212  -56.962  -25.195  -1.224 0.0000000000
46213  -57.936  -25.899  -2.583 0.0000000000
46214  -59.702  -25.692  -2.068 0.0000000000
46222  -58.002  -25.561  -2.362 0.0000000000
46223  -58.497  -25.934  -3.252 0.0000000000
46224  -59.046  -25.783  -3.185 0.0000000000
46228  -58.898  -26.289  -3.807 0.0000000000
46232  -58.973  -26.604  -4.054 0.0000000000
47152  -61.155  -24.738  7.293 0.0000000000
47157  -56.116  -24.997  6.606 0.0000000000
47160  -61.113  -24.815  6.080 0.0000000000
47165  -61.133  -24.345  5.316 0.0000000000
47166  -61.144  -24.213  6.074 0.0000000000
47171  -49.407  -25.622  3.694 0.0000000000
47172  -50.197  -26.084  3.775 0.0000000000
47173  -50.687  -25.713  4.009 0.0000000000
47174  -51.421  -25.557  4.049 0.0000000000
47175  -53.087  -25.980  3.898 0.0000000000
47176  -60.667  -24.456  3.495 0.0000000000
47177  -61.000  -24.294  4.441 0.0000000000
47182  -44.622  -26.223  2.641 0.0000000000
47183  -48.823  -26.399  2.497 0.0000000000
47184  -49.287  -26.532  3.102 0.0000000000
47185  -49.677  -26.644  3.531 0.0000000000
47186  -52.899  -25.147  3.669 0.0000000000
47187  -53.605  -25.475  3.534 0.0000000000
47188  -54.183  -24.801  2.907 0.0000000000
47189  -54.816  -25.618  2.976 0.0000000000
47195  -45.141  -26.248  1.800 0.0000000000
47196  -49.092  -27.135  2.251 0.0000000000
47197  -54.749  -24.635  2.096 0.0000000000
47198  -60.350  -24.783  2.551 0.0000000000
47207  -45.997  -26.307  0.763 0.0000000000
47208  -48.987  -27.226  0.285 0.0000000000
47209  -55.843  -24.779  0.274 0.0000000000
47210  -60.186  -25.013  0.829 0.0000000000
47217  -47.165  -26.204  -0.700 0.0000000000
47218  -48.514  -27.132  -1.093 0.0000000000
47219  -49.209  -27.205  -0.917 0.0000000000
47220  -56.430  -24.913  -0.568 0.0000000000
47221  -57.572  -24.804  -1.044 0.0000000000
47222  -59.214  -24.658  -0.507 0.0000000000
47232  -57.559  -25.292  -1.665 0.0000000000
47233  -58.451  -25.086  -1.720 0.0000000000
47234  -59.486  -25.169  -1.391 0.0000000000
47239  -58.839  -25.445  -2.520 0.0000000000
48152  -59.985  -24.242  7.997 0.0000000000
48153  -60.687  -24.173  8.026 0.0000000000
48169  -59.846  -24.336  7.262 0.0000000000
48170  -60.883  -24.099  7.305 0.0000000000
48171  -61.075  -24.376  7.512 0.0000000000
48176  -53.917  -23.936  6.471 0.0000000000
48177  -54.766  -24.084  6.106 0.0000000000
48178  -55.580  -24.498  6.136 0.0000000000
48179  -56.451  -24.443  5.799 0.0000000000
48180  -57.744  -24.770  6.335 0.0000000000
48181  -59.158  -24.469  6.513 0.0000000000
48182  -60.998  -23.935  6.477 0.0000000000
48183  -61.056  -24.218  6.854 0.0000000000
48189  -55.583  -23.844  5.521 0.0000000000
48190  -57.479  -24.197  5.257 0.0000000000
48191  -58.750  -24.284  5.613 0.0000000000
48192  -60.548  -23.799  5.052 0.0000000000
48193  -61.141  -23.969  5.527 0.0000000000
48200  -47.808  -24.198  3.911 0.0000000000
48201  -48.622  -24.489  4.176 0.0000000000
48202  -49.880  -24.826  4.250 0.0000000000
48203  -51.447  -24.499  4.069 0.0000000000
48204  -52.132  -23.846  3.715 0.0000000000
48205  -57.395  -23.760  4.585 0.0000000000
48206  -58.829  -23.827  4.604 0.0000000000
48207  -60.588  -23.732  4.094 0.0000000000
48208  -61.178  -23.941  4.684 0.0000000000
48215  -44.142  -24.626  3.022 0.0000000000
48216  -47.811  -25.116  2.845 0.0000000000
48217  -48.441  -25.268  3.447 0.0000000000
48218  -52.757  -24.154  3.409 0.0000000000
48219  -53.428  -24.459  3.176 0.0000000000
48220  -53.872  -23.797  2.564 0.0000000000
48221  -60.997  -23.950  3.776 0.0000000000
48229  -44.520  -24.594  2.278 0.0000000000
48230  -45.009  -25.382  1.560 0.0000000000
48231  -48.832  -26.645  1.326 0.0000000000
48232  -54.374  -24.013  2.063 0.0000000000
48233  -54.871  -24.079  1.459 0.0000000000
48234  -59.889  -23.686  1.910 0.0000000000
48235  -60.507  -23.916  2.173 0.0000000000
48243  -45.884  -25.399  0.451 0.0000000000
48244  -49.274  -26.972  -0.414 0.0000000000
48245  -55.439  -24.363  0.978 0.0000000000
48246  -56.183  -24.298  0.490 0.0000000000
48247  -57.879  -24.070  0.649 0.0000000000
48248  -59.278  -23.874  1.120 0.0000000000
48249  -60.146  -23.968  1.371 0.0000000000
48253  -48.415  -26.557  -1.577 0.0000000000
48254  -49.323  -27.070  -1.373 0.0000000000
48255  -57.079  -24.510  -0.222 0.0000000000
48256  -58.363  -24.384  0.000 0.0000000000
48257  -59.485  -24.239  0.580 0.0000000000
48268  -49.416  -26.196  -3.018 0.0000000000
48273  -49.497  -26.031  -3.251 0.0000000000
49167  -52.352  -23.248  7.115 0.0000000000
49168  -53.092  -23.818  6.928 0.0000000000
49173  -52.926  -22.797  6.555 0.0000000000
49174  -53.627  -22.811  6.127 0.0000000000
49175  -54.278  -23.296  5.868 0.0000000000
49181  -54.254  -22.385  5.410 0.0000000000
49182  -54.902  -23.068  5.295 0.0000000000
49183  -55.635  -23.121  4.765 0.0000000000
49184  -56.431  -23.694  4.959 0.0000000000
49190  -47.610  -23.182  4.239 0.0000000000
49191  -48.186  -23.491  4.516 0.0000000000
49192  -49.163  -23.689  4.606 0.0000000000
49193  -50.068  -23.746  4.541 0.0000000000
49194  -51.528  -23.517  4.086 0.0000000000
49195  -52.299  -22.734  3.806 0.0000000000
49196  -55.608  -22.788  3.694 0.0000000000
49197  -56.651  -23.282  4.012 0.0000000000
49198  -57.850  -23.570  3.899 0.0000000000
49205  -44.380  -23.830  3.012 0.0000000000
49206  -44.752  -22.983  2.951 0.0000000000
49207  -47.453  -23.800  3.449 0.0000000000
49208  -52.697  -23.295  3.395 0.0000000000
49209  -53.342  -23.335  3.025 0.0000000000
49210  -54.120  -22.992  2.707 0.0000000000
49211  -54.941  -23.034  2.565 0.0000000000
49212  -56.129  -23.106  2.853 0.0000000000
49213  -58.108  -23.461  3.040 0.0000000000
49214  -59.261  -23.581  3.611 0.0000000000
49222  -44.766  -23.696  2.223 0.0000000000
49223  -48.209  -25.581  1.271 0.0000000000
49224  -54.376  -23.517  2.308 0.0000000000
49225  -54.771  -23.693  1.857 0.0000000000
49226  -56.191  -23.466  1.952 0.0000000000
49227  -57.453  -23.501  2.014 0.0000000000
49228  -59.016  -23.525  2.442 0.0000000000
49233  -45.572  -24.226  0.669 0.0000000000
49234  -48.946  -25.573  -0.586 0.0000000000
49235  -55.368  -23.874  1.279 0.0000000000
49236  -56.336  -23.740  1.264 0.0000000000
49237  -58.488  -23.674  1.552 0.0000000000
49247  -48.410  -25.955  -1.966 0.0000000000
49248  -49.390  -25.946  -1.723 0.0000000000
49249  -49.736  -25.682  -2.233 0.0000000000
49259  -47.864  -25.128  -2.221 0.0000000000
49260  -49.025  -26.313  -2.588 0.0000000000
49261  -49.794  -26.215  -2.668 0.0000000000
49266  -48.696  -25.734  -2.797 0.0000000000
49267  -49.819  -26.172  -2.967 0.0000000000
50020  -52.049  -21.418  6.631 0.0000000000
50021  -52.484  -22.143  6.593 0.0000000000
50025  -53.169  -21.807  6.120 0.0000000000
50026  -53.632  -21.668  5.507 0.0000000000
50032  -47.916  -21.916  4.967 0.0000000000
50033  -48.525  -21.920  5.206 0.0000000000
50034  -49.669  -21.641  5.289 0.0000000000
50035  -50.938  -21.460  5.091 0.0000000000
50036  -54.189  -21.739  4.878 0.0000000000
50037  -55.089  -22.465  4.346 0.0000000000
50043  -47.625  -22.222  4.447 0.0000000000
50044  -47.990  -22.594  4.812 0.0000000000
50045  -48.859  -22.720  4.990 0.0000000000
50046  -52.204  -21.884  4.394 0.0000000000
50047  -52.994  -21.753  4.157 0.0000000000
50048  -53.770  -21.816  4.109 0.0000000000
50049  -54.465  -22.065  4.172 0.0000000000
50054  -47.364  -22.692  3.760 0.0000000000
50055  -53.123  -22.488  3.514 0.0000000000
50056  -53.891  -22.426  3.369 0.0000000000
50057  -54.654  -22.532  3.394 0.0000000000
50064  -45.114  -22.903  2.116 0.0000000000
50070  -45.498  -23.028  1.094 0.0000000000
50071  -45.952  -22.722  0.198 0.0000000000
50072  -47.734  -23.456  0.983 0.0000000000
50086  -46.124  -24.042  -0.152 0.0000000000
50087  -48.512  -24.328  -0.391 0.0000000000
50088  -48.852  -24.123  -1.121 0.0000000000
50096  -47.096  -23.127  -1.691 0.0000000000
50097  -49.595  -24.295  -2.253 0.0000000000
50103  -48.015  -24.205  -2.742 0.0000000000
50104  -50.169  -25.292  -3.342 0.0000000000
50105  -50.552  -23.761  -4.322 0.0000000000
50111  -49.098  -25.239  -3.516 0.0000000000
50112  -49.883  -25.121  -3.755 0.0000000000
50113  -50.339  -23.570  -5.000 0.0000000000
50886  -51.368  -21.088  6.934 0.0000000000
50898  -51.578  -19.947  6.462 0.0000000000
50899  -52.262  -20.125  6.096 0.0000000000
50900  -52.772  -20.920  6.064 0.0000000000
50901  -53.110  -21.164  5.734 0.0000000000
50910  -48.246  -21.333  5.195 0.0000000000
50911  -49.007  -21.085  5.441 0.0000000000
50912  -50.742  -20.710  5.405 0.0000000000
50913  -51.745  -20.478  5.447 0.0000000000
50914  -52.859  -20.790  5.568 0.0000000000
50915  -53.205  -21.102  5.321 0.0000000000
50920  -47.803  -21.427  4.747 0.0000000000
50921  -52.015  -21.165  4.940 0.0000000000
50922  -52.852  -21.051  4.896 0.0000000000
50923  -53.538  -21.338  4.795 0.0000000000
50929  -47.497  -21.577  4.003 0.0000000000
50941  -45.456  -22.132  1.987 0.0000000000
50942  -46.082  -20.930  1.285 0.0000000000
50943  -47.634  -21.293  2.997 0.0000000000
50954  -45.716  -21.929  1.200 0.0000000000
50955  -46.034  -21.637  0.555 0.0000000000
50956  -47.567  -22.164  2.211 0.0000000000
50957  -48.371  -21.525  0.718 0.0000000000
50967  -46.366  -22.037  -0.467 0.0000000000
50968  -48.231  -22.818  0.213 0.0000000000
50969  -48.850  -22.274  -0.738 0.0000000000
50973  -46.688  -21.475  -1.369 0.0000000000
50974  -49.736  -22.421  -2.074 0.0000000000
50975  -51.218  -21.839  -2.956 0.0000000000
50979  -48.444  -23.659  -3.636 0.0000000000
50980  -50.394  -23.426  -3.486 0.0000000000
50981  -51.202  -22.648  -4.213 0.0000000000
50982  -51.639  -21.601  -3.424 0.0000000000
50986  -48.536  -22.583  -4.219 0.0000000000
50987  -51.140  -22.566  -4.841 0.0000000000
50988  -51.693  -21.992  -4.235 0.0000000000
50990  -49.765  -22.842  -5.155 0.0000000000
50991  -50.698  -22.663  -5.206 0.0000000000
50992  -51.549  -22.142  -4.609 0.0000000000
51756  -51.124  -19.515  6.571 0.0000000000
51766  -51.580  -19.482  6.011 0.0000000000
51773  -48.130  -20.713  5.100 0.0000000000
51774  -48.694  -19.952  5.374 0.0000000000
51775  -49.615  -19.989  5.619 0.0000000000
51776  -51.265  -19.624  5.794 0.0000000000
51777  -52.161  -19.979  5.926 0.0000000000
51783  -46.068  -20.117  3.717 0.0000000000
51784  -47.839  -20.718  4.523 0.0000000000
51793  -45.775  -20.809  3.179 0.0000000000
51794  -46.237  -20.067  2.756 0.0000000000
51795  -47.762  -20.595  3.683 0.0000000000
51806  -45.966  -20.795  2.265 0.0000000000
51807  -48.035  -20.402  2.714 0.0000000000
51808  -48.597  -20.535  1.164 0.0000000000
51818  -46.291  -20.856  0.300 0.0000000000
51819  -48.009  -21.106  1.884 0.0000000000
51828  -46.456  -19.979  -0.178 0.0000000000
51829  -49.891  -20.499  -0.466 0.0000000000
51830  -51.179  -20.392  -1.185 0.0000000000
51833  -46.556  -20.284  -1.085 0.0000000000
51834  -49.753  -21.369  -1.169 0.0000000000
51835  -51.739  -20.998  -2.301 0.0000000000
51836  -51.691  -20.928  -2.183 0.0000000000
51839  -46.935  -20.781  -2.085 0.0000000000
51840  -47.708  -21.280  -3.212 0.0000000000
51841  -48.812  -21.661  -4.387 0.0000000000
51842  -50.337  -21.946  -5.099 0.0000000000
51843  -51.404  -21.896  -4.610 0.0000000000
51844  -51.695  -21.940  -4.167 0.0000000000
52713  -50.709  -19.135  6.843 0.0000000000
52722  -50.360  -18.589  6.894 0.0000000000
52723  -51.018  -19.106  6.192 0.0000000000
52732  -48.247  -19.975  4.936 0.0000000000
52733  -50.195  -18.671  6.331 0.0000000000
52734  -50.749  -19.142  5.940 0.0000000000
52741  -48.357  -19.206  4.637 0.0000000000
52749  -46.370  -19.310  3.221 0.0000000000
52750  -48.056  -19.909  4.221 0.0000000000
52751  -48.308  -19.149  3.874 0.0000000000
52759  -46.435  -19.189  2.233 0.0000000000
52760  -48.168  -19.794  3.321 0.0000000000
52761  -48.493  -19.602  2.436 0.0000000000
52767  -46.472  -19.035  1.207 0.0000000000
52768  -48.851  -19.680  1.532 0.0000000000
52769  -49.608  -19.400  0.865 0.0000000000
52777  -46.421  -18.895  0.120 0.0000000000
52778  -49.269  -20.087  0.580 0.0000000000
52779  -50.176  -19.847  -0.048 0.0000000000
52780  -51.373  -19.881  -0.694 0.0000000000
52781  -52.784  -19.963  -1.389 0.0000000000
52782  -53.980  -19.758  -1.652 0.0000000000
52783  -46.523  -19.345  -0.797 0.0000000000
52784  -46.733  -19.220  -1.220 0.0000000000
52785  -52.389  -20.476  -1.806 0.0000000000
52786  -53.557  -20.044  -2.206 0.0000000000
52787  -54.444  -19.547  -2.088 0.0000000000
52788  -46.762  -19.851  -1.607 0.0000000000
52789  -47.211  -19.816  -2.075 0.0000000000
52790  -48.448  -19.949  -2.624 0.0000000000
52791  -50.397  -20.433  -3.087 0.0000000000
52792  -47.938  -20.631  -3.096 0.0000000000
52793  -49.373  -20.867  -3.901 0.0000000000
52794  -50.750  -21.247  -4.257 0.0000000000
52795  -51.535  -21.473  -3.758 0.0000000000
53674  -50.056  -18.150  6.734 0.0000000000
53686  -49.079  -17.855  5.684 0.0000000000
53687  -49.652  -17.967  6.288 0.0000000000
53694  -46.435  -18.538  3.583 0.0000000000
53700  -46.464  -18.450  2.668 0.0000000000
53701  -48.576  -18.517  3.432 0.0000000000
53709  -46.440  -18.272  1.713 0.0000000000
53710  -48.808  -18.793  2.487 0.0000000000
53711  -49.507  -18.278  2.006 0.0000000000
53718  -46.354  -18.119  0.798 0.0000000000
53719  -49.230  -18.983  1.655 0.0000000000
53720  -50.182  -18.749  0.989 0.0000000000
53721  -51.381  -18.518  0.633 0.0000000000
53722  -52.816  -18.466  0.208 0.0000000000
53729  -46.411  -18.156  0.223 0.0000000000
53730  -50.456  -19.393  0.282 0.0000000000
53731  -51.399  -19.273  -0.083 0.0000000000
53732  -52.694  -19.225  -0.488 0.0000000000
53733  -54.556  -19.324  -1.662 0.0000000000
53734  -54.649  -19.253  -2.068 0.0000000000
53735  -46.553  -18.713  -0.420 0.0000000000
53736  -46.916  -18.631  -0.822 0.0000000000
53737  -48.083  -18.601  -1.039 0.0000000000
53738  -49.550  -18.740  -1.258 0.0000000000
53739  -50.975  -18.955  -1.555 0.0000000000
53740  -52.182  -18.891  -1.792 0.0000000000
53741  -47.499  -19.219  -1.627 0.0000000000
53742  -49.106  -19.395  -1.908 0.0000000000
53743  -50.814  -19.735  -2.258 0.0000000000
53744  -52.390  -19.795  -2.352 0.0000000000
53745  -53.533  -19.472  -2.263 0.0000000000
53746  -54.630  -19.232  -2.146 0.0000000000
54711  -48.803  -17.568  5.177 0.0000000000
54719  -48.531  -18.304  4.457 0.0000000000
54724  -46.325  -16.877  2.834 0.0000000000
54725  -48.703  -17.800  3.735 0.0000000000
54726  -49.151  -17.217  3.426 0.0000000000
54733  -46.260  -16.727  1.839 0.0000000000
54734  -48.970  -17.955  2.896 0.0000000000
54735  -49.825  -17.444  2.483 0.0000000000
54736  -51.521  -17.239  1.744 0.0000000000
54737  -52.684  -17.321  1.293 0.0000000000
54745  -46.303  -16.935  1.368 0.0000000000
54746  -46.454  -17.150  0.925 0.0000000000
54747  -50.432  -17.977  1.563 0.0000000000
54748  -51.433  -17.820  1.234 0.0000000000
54749  -52.319  -17.706  1.008 0.0000000000
54750  -55.263  -18.161  -0.713 0.0000000000
54758  -46.405  -17.577  0.852 0.0000000000
54759  -46.682  -17.660  0.363 0.0000000000
54760  -49.058  -17.487  0.197 0.0000000000
54761  -50.213  -17.462  -0.039 0.0000000000
54762  -54.546  -18.890  -0.893 0.0000000000
54763  -54.654  -18.878  -1.595 0.0000000000
54764  -47.313  -18.032  -0.339 0.0000000000
54765  -48.590  -18.043  -0.395 0.0000000000
54766  -49.856  -18.124  -0.553 0.0000000000
54767  -51.041  -18.159  -0.863 0.0000000000
54768  -53.177  -18.598  -1.803 0.0000000000
54769  -54.679  -19.023  -2.049 0.0000000000
54770  -54.321  -19.126  -2.201 0.0000000000
55634  -45.972  -15.902  3.023 0.0000000000
55635  -48.819  -17.163  4.438 0.0000000000
55642  -46.104  -15.725  2.681 0.0000000000
55643  -49.771  -16.757  3.115 0.0000000000
55644  -50.672  -16.790  2.535 0.0000000000
55645  -51.800  -16.678  2.131 0.0000000000
55646  -52.994  -16.781  1.648 0.0000000000
55647  -54.530  -17.084  1.148 0.0000000000
55648  -56.179  -17.226  0.653 0.0000000000
55652  -45.643  -16.240  1.824 0.0000000000
55653  -46.732  -16.621  1.377 0.0000000000
55654  -47.752  -16.468  1.324 0.0000000000
55655  -48.892  -16.360  1.223 0.0000000000
55656  -50.007  -16.232  0.971 0.0000000000
55657  -54.259  -17.628  0.550 0.0000000000
55658  -55.843  -17.592  -0.021 0.0000000000
55659  -56.534  -17.178  -0.070 0.0000000000
55666  -47.184  -16.995  0.787 0.0000000000
55667  -48.368  -16.917  0.754 0.0000000000
55668  -49.519  -16.861  0.623 0.0000000000
55669  -50.713  -16.845  0.331 0.0000000000
55670  -52.112  -16.864  -0.294 0.0000000000
55671  -53.913  -17.245  -0.993 0.0000000000
55672  -55.233  -17.888  -1.200 0.0000000000
55673  -56.400  -17.076  -0.294 0.0000000000
55677  -51.439  -17.497  -0.458 0.0000000000
55678  -53.034  -17.727  -1.247 0.0000000000
55679  -54.493  -18.329  -1.601 0.0000000000
56624  -45.956  -15.534  3.825 0.0000000000
56629  -45.916  -15.204  3.476 0.0000000000
56632  -53.427  -15.547  2.797 0.0000000000
56633  -56.840  -16.172  1.959 0.0000000000
56634  -57.096  -15.350  2.396 0.0000000000
56639  -46.547  -15.603  2.470 0.0000000000
56640  -47.702  -15.415  2.342 0.0000000000
56641  -48.806  -15.199  2.125 0.0000000000
56643  -53.241  -16.241  2.182 0.0000000000
56644  -54.768  -16.418  1.818 0.0000000000
56645  -56.958  -16.753  0.496 0.0000000000
56646  -57.147  -16.379  1.454 0.0000000000
56652  -47.090  -15.992  1.819 0.0000000000
56653  -48.277  -15.854  1.748 0.0000000000
56654  -49.380  -15.711  1.573 0.0000000000
56655  -51.668  -15.538  0.946 0.0000000000
56656  -53.061  -15.599  0.461 0.0000000000
56657  -54.328  -15.760  0.099 0.0000000000
56658  -55.013  -15.364  0.492 0.0000000000
56659  -56.821  -16.880  0.179 0.0000000000
56660  -57.151  -16.821  0.812 0.0000000000
56666  -51.243  -16.212  0.623 0.0000000000
56667  -52.758  -16.301  -0.003 0.0000000000
56668  -54.669  -16.723  -0.585 0.0000000000
56669  -55.610  -16.563  -0.373 0.0000000000
56670  -56.193  -16.482  -0.089 0.0000000000
57545  -54.717  -14.802  3.484 0.0000000000
57546  -55.940  -14.779  3.465 0.0000000000
57547  -56.932  -14.733  3.459 0.0000000000
57548  -57.539  -14.548  3.634 0.0000000000
57549  -57.878  -14.440  3.661 0.0000000000
57556  -45.650  -14.508  4.216 0.0000000000
57557  -45.798  -14.600  3.928 0.0000000000
57558  -46.532  -14.370  3.432 0.0000000000
57559  -47.693  -14.191  3.243 0.0000000000
57563  -53.548  -14.851  3.488 0.0000000000
57564  -56.134  -15.416  2.800 0.0000000000
57565  -57.528  -14.829  3.168 0.0000000000
57570  -46.001  -15.059  3.002 0.0000000000
57571  -47.037  -14.898  2.849 0.0000000000
57572  -48.256  -14.717  2.700 0.0000000000
57573  -49.325  -14.492  2.451 0.0000000000
57574  -50.309  -14.324  2.234 0.0000000000
57575  -51.311  -14.154  1.988 0.0000000000
57576  -57.338  -14.979  2.713 0.0000000000
57582  -49.851  -15.000  1.884 0.0000000000
57583  -50.899  -14.881  1.653 0.0000000000
57584  -52.041  -14.827  1.363 0.0000000000
57585  -53.367  -14.872  0.976 0.0000000000
57586  -56.272  -15.781  0.587 0.0000000000
57587  -57.015  -16.133  0.905 0.0000000000
58354  -59.186  -14.464  8.118 0.0000000000
58372  -59.114  -14.234  7.589 0.0000000000
58373  -59.714  -13.779  7.099 0.0000000000
58388  -59.074  -13.682  5.635 0.0000000000
58389  -59.616  -13.707  6.443 0.0000000000
58390  -60.232  -13.506  6.165 0.0000000000
58407  -58.209  -13.822  5.061 0.0000000000
58408  -59.752  -13.631  5.446 0.0000000000
58409  -60.257  -13.339  5.742 0.0000000000
58418  -45.466  -13.837  4.665 0.0000000000
58423  -56.660  -14.047  4.331 0.0000000000
58424  -57.836  -14.346  4.152 0.0000000000
58425  -58.662  -14.253  4.057 0.0000000000
58426  -59.304  -14.060  4.657 0.0000000000
58434  -46.059  -13.691  3.793 0.0000000000
58435  -47.184  -13.623  3.711 0.0000000000
58436  -48.327  -13.443  3.510 0.0000000000
58437  -49.458  -13.122  3.220 0.0000000000
58438  -57.597  -14.520  3.370 0.0000000000
58439  -58.113  -14.331  3.740 0.0000000000
58445  -48.829  -13.956  2.952 0.0000000000
58446  -49.815  -13.782  2.695 0.0000000000
58447  -50.726  -13.599  2.481 0.0000000000
58448  -51.752  -13.339  2.325 0.0000000000
58449  -52.968  -13.162  2.151 0.0000000000
58450  -54.184  -13.173  2.062 0.0000000000
58451  -54.993  -13.411  2.007 0.0000000000
58452  -56.577  -14.483  2.265 0.0000000000
58453  -57.065  -14.036  2.842 0.0000000000
58458  -52.474  -14.044  1.747 0.0000000000
58459  -53.851  -14.095  1.522 0.0000000000
58460  -55.117  -14.385  1.431 0.0000000000
58461  -56.200  -14.827  1.522 0.0000000000
59279  -59.032  -13.874  8.880 0.0000000000
59280  -59.672  -13.652  7.716 0.0000000000
59310  -60.642  -12.990  6.027 0.0000000000
59320  -45.207  -12.585  5.083 0.0000000000
59325  -59.823  -13.385  5.232 0.0000000000
59326  -60.350  -12.712  5.607 0.0000000000
59335  -45.275  -12.925  5.104 0.0000000000
59336  -58.975  -13.924  4.169 0.0000000000
59337  -59.259  -13.306  4.659 0.0000000000
59338  -59.717  -12.534  5.109 0.0000000000
59346  -45.615  -12.917  4.084 0.0000000000
59347  -47.738  -12.743  4.002 0.0000000000
59348  -48.748  -12.069  3.988 0.0000000000
59349  -50.395  -12.336  3.197 0.0000000000
59350  -50.904  -11.515  3.358 0.0000000000
59351  -51.739  -11.583  3.211 0.0000000000
59352  -56.384  -12.789  3.140 0.0000000000
59353  -57.549  -13.832  3.426 0.0000000000
59354  -58.447  -13.941  3.858 0.0000000000
59360  -50.276  -13.139  2.847 0.0000000000
59361  -52.128  -12.402  2.701 0.0000000000
59362  -53.430  -12.394  2.498 0.0000000000
59363  -54.356  -12.478  2.408 0.0000000000
59364  -54.923  -12.743  2.341 0.0000000000
59365  -55.865  -13.276  2.533 0.0000000000
60042  -59.823  -11.590  11.333 0.0000000000
60058  -59.363  -12.424  10.709 0.0000000000
60059  -59.328  -11.457  10.174 0.0000000000
60084  -59.243  -11.343  8.882 0.0000000000
60105  -59.264  -12.605  8.655 0.0000000000
60106  -60.007  -12.734  7.519 0.0000000000
60120  -60.607  -12.076  6.971 0.0000000000
60121  -60.834  -11.258  6.514 0.0000000000
60137  -60.697  -12.333  6.345 0.0000000000
60138  -60.729  -11.851  5.984 0.0000000000
60148  -59.352  -11.621  5.086 0.0000000000
60149  -60.212  -11.738  5.499 0.0000000000
60159  -45.208  -11.935  4.846 0.0000000000
60160  -45.629  -11.622  4.486 0.0000000000
60161  -46.852  -11.259  4.650 0.0000000000
60162  -49.920  -11.041  3.910 0.0000000000
60163  -57.392  -11.870  4.168 0.0000000000
60164  -58.425  -12.882  4.224 0.0000000000
60165  -59.011  -12.367  4.694 0.0000000000
60173  -49.492  -11.621  3.850 0.0000000000
60174  -50.613  -10.955  3.678 0.0000000000
60175  -53.243  -11.206  3.230 0.0000000000
60176  -54.091  -11.315  3.081 0.0000000000
60177  -54.836  -11.345  3.009 0.0000000000
60178  -55.647  -11.529  3.192 0.0000000000
60179  -56.541  -11.795  3.650 0.0000000000
60180  -57.457  -12.870  3.699 0.0000000000
60188  -52.785  -11.751  3.001 0.0000000000
60189  -53.827  -11.870  2.792 0.0000000000
60190  -54.476  -12.010  2.678 0.0000000000
60191  -55.231  -12.212  2.708 0.0000000000
60874  -59.584  -10.534  10.597 0.0000000000
60895  -59.561  -10.108  9.125 0.0000000000
60918  -60.164  -10.457  8.092 0.0000000000
60919  -61.019  -9.622  7.322 0.0000000000
60937  -60.736  -10.823  7.177 0.0000000000
60938  -61.042  -10.013  6.740 0.0000000000
60965  -60.802  -10.538  6.280 0.0000000000
60982  -45.207  -10.435  5.289 0.0000000000
60983  -56.901  -10.456  4.758 0.0000000000
60984  -57.635  -10.720  5.091 0.0000000000
60985  -58.743  -10.844  5.252 0.0000000000
60986  -59.956  -10.862  5.484 0.0000000000
60994  -45.306  -10.543  4.918 0.0000000000
60995  -45.847  -10.621  4.615 0.0000000000
60996  -47.255  -10.259  4.839 0.0000000000
60997  -49.645  -10.448  4.327 0.0000000000
60998  -50.334  -9.987  4.208 0.0000000000
60999  -56.783  -11.050  4.060 0.0000000000
61000  -57.349  -11.082  4.501 0.0000000000
61001  -58.248  -11.574  4.661 0.0000000000
61009  -50.830  -10.368  3.838 0.0000000000
61010  -52.799  -10.436  3.433 0.0000000000
61011  -53.677  -10.571  3.320 0.0000000000
61012  -54.517  -10.484  3.242 0.0000000000
61013  -55.376  -10.586  3.260 0.0000000000
61014  -56.138  -10.774  3.580 0.0000000000
61756  -59.839  -9.642  11.016 0.0000000000
61771  -59.716  -9.187  9.743 0.0000000000
61790  -60.517  -8.722  8.668 0.0000000000
61791  -61.184  -8.572  7.610 0.0000000000
61804  -61.330  -8.946  6.957 0.0000000000
61831  -45.294  -9.639  5.600 0.0000000000
61833  -56.655  -9.588  6.222 0.0000000000
61834  -58.584  -9.623  6.212 0.0000000000
61835  -60.581  -10.020  6.015 0.0000000000
61836  -61.203  -8.578  6.840 0.0000000000
61862  -45.426  -9.057  5.188 0.0000000000
61863  -47.919  -8.740  5.122 0.0000000000
61864  -56.420  -9.836  5.286 0.0000000000
61865  -58.042  -10.235  5.687 0.0000000000
61866  -59.383  -10.159  5.734 0.0000000000
61887  -45.567  -9.346  4.908 0.0000000000
61888  -46.102  -9.714  4.711 0.0000000000
61889  -47.106  -9.274  4.918 0.0000000000
61890  -48.223  -9.514  5.022 0.0000000000
61891  -49.403  -9.597  4.779 0.0000000000
61892  -51.391  -9.027  4.049 0.0000000000
61893  -56.566  -9.830  4.224 0.0000000000
61905  -50.991  -9.613  4.050 0.0000000000
61906  -51.731  -9.523  3.769 0.0000000000
61907  -52.441  -9.770  3.554 0.0000000000
61908  -53.456  -9.645  3.400 0.0000000000
61909  -54.488  -9.632  3.259 0.0000000000
61910  -56.369  -9.281  3.582 0.0000000000
62680  -60.559  -7.931  9.218 0.0000000000
62681  -61.070  -6.700  8.506 0.0000000000
62704  -61.265  -7.503  8.184 0.0000000000
62723  -60.137  -7.887  7.089 0.0000000000
62724  -61.113  -7.770  7.191 0.0000000000
62725  -61.242  -8.003  7.337 0.0000000000
62743  -57.768  -9.176  6.747 0.0000000000
62744  -59.303  -8.828  6.643 0.0000000000
62745  -60.699  -8.517  6.649 0.0000000000
62758  -45.434  -8.280  5.123 0.0000000000
62759  -48.640  -8.274  5.224 0.0000000000
62760  -49.395  -7.864  5.219 0.0000000000
62763  -56.218  -8.676  4.371 0.0000000000
62781  -45.548  -8.498  4.920 0.0000000000
62782  -45.645  -8.042  4.703 0.0000000000
62783  -46.248  -8.006  4.622 0.0000000000
62784  -48.795  -8.961  5.129 0.0000000000
62785  -49.537  -8.717  5.044 0.0000000000
62786  -50.914  -8.761  4.323 0.0000000000
62787  -51.404  -8.308  4.169 0.0000000000
62788  -56.455  -8.594  3.535 0.0000000000
62810  -51.849  -8.675  3.866 0.0000000000
62811  -52.559  -8.964  3.582 0.0000000000
62812  -53.523  -8.660  3.372 0.0000000000
62813  -54.502  -8.194  3.008 0.0000000000
62814  -55.306  -8.885  2.983 0.0000000000
62815  -56.463  -8.467  3.120 0.0000000000
62825  -55.740  -8.102  2.735 0.0000000000
63559  -59.377  -6.373  8.907 0.0000000000
63576  -60.029  -6.552  8.228 0.0000000000
63577  -60.945  -6.497  8.318 0.0000000000
63578  -61.190  -7.112  7.838 0.0000000000
63596  -59.087  -7.468  7.713 0.0000000000
63597  -60.783  -6.988  7.634 0.0000000000
63625  -47.489  -7.901  5.009 0.0000000000
63626  -48.454  -7.554  5.201 0.0000000000
63627  -48.990  -6.900  5.208 0.0000000000
63628  -55.961  -8.063  4.424 0.0000000000
63641  -45.502  -7.748  4.807 0.0000000000
63642  -45.525  -7.358  4.479 0.0000000000
63643  -46.436  -7.298  4.457 0.0000000000
63644  -47.691  -7.024  4.917 0.0000000000
63645  -50.117  -7.436  5.026 0.0000000000
63646  -50.847  -7.918  4.517 0.0000000000
63647  -51.392  -7.410  4.293 0.0000000000
63648  -56.565  -7.980  3.605 0.0000000000
63666  -51.909  -7.915  3.916 0.0000000000
63667  -52.631  -7.642  3.599 0.0000000000
63668  -53.473  -7.895  3.353 0.0000000000
63669  -54.032  -7.362  3.085 0.0000000000
63670  -56.813  -7.813  3.071 0.0000000000
63679  -55.063  -7.435  2.716 0.0000000000
63680  -56.111  -7.494  2.653 0.0000000000
63681  -56.668  -7.845  2.859 0.0000000000
64407  -60.092  -6.236  9.365 0.0000000000
64408  -60.757  -6.353  8.907 0.0000000000
64418  -60.446  -6.303  8.751 0.0000000000
64469  -55.847  -6.700  4.441 0.0000000000
64470  -56.469  -7.360  4.076 0.0000000000
64480  -45.288  -6.670  4.174 0.0000000000
64481  -45.600  -6.744  3.967 0.0000000000
64482  -46.775  -6.512  4.274 0.0000000000
64483  -50.022  -6.435  4.982 0.0000000000
64484  -50.956  -6.548  4.540 0.0000000000
64485  -52.152  -6.307  3.935 0.0000000000
64486  -57.240  -7.083  3.158 0.0000000000
64506  -45.174  -6.091  3.738 0.0000000000
64507  -52.060  -7.134  3.909 0.0000000000
64508  -52.739  -6.811  3.576 0.0000000000
64509  -53.530  -6.673  3.286 0.0000000000
64510  -54.405  -6.700  2.884 0.0000000000
64511  -57.628  -6.585  2.892 0.0000000000
64519  -55.586  -6.667  2.646 0.0000000000
64520  -56.508  -6.234  2.595 0.0000000000
64521  -56.971  -7.038  2.665 0.0000000000
65315  -55.711  -5.788  4.557 0.0000000000
65316  -57.061  -6.322  3.794 0.0000000000
65330  -45.968  -6.041  3.606 0.0000000000
65331  -47.216  -5.669  4.118 0.0000000000
65332  -48.378  -5.417  4.580 0.0000000000
65333  -49.528  -5.368  4.785 0.0000000000
65334  -50.510  -5.712  4.668 0.0000000000
65335  -51.421  -5.838  4.362 0.0000000000
65336  -52.147  -5.423  3.980 0.0000000000
65337  -57.989  -6.117  3.029 0.0000000000
65353  -45.031  -5.387  3.482 0.0000000000
65354  -45.335  -5.425  3.302 0.0000000000
65355  -46.420  -5.215  3.409 0.0000000000
65356  -52.941  -5.891  3.523 0.0000000000
65357  -53.868  -5.992  3.140 0.0000000000
65358  -54.636  -6.073  2.826 0.0000000000
65359  -58.171  -5.838  2.898 0.0000000000
65360  -58.540  -5.370  2.962 0.0000000000
65371  -55.354  -5.597  2.721 0.0000000000
65372  -56.802  -5.389  2.593 0.0000000000
65373  -58.085  -5.534  2.642 0.0000000000
65374  -58.537  -5.230  2.848 0.0000000000
65383  -58.358  -5.115  2.644 0.0000000000
66166  -55.420  -4.783  4.767 0.0000000000
66167  -56.804  -5.167  4.252 0.0000000000
66168  -57.896  -4.394  4.009 0.0000000000
66179  -47.773  -4.735  3.998 0.0000000000
66180  -48.755  -4.076  4.159 0.0000000000
66181  -49.666  -4.426  4.518 0.0000000000
66182  -50.630  -4.440  4.467 0.0000000000
66183  -51.478  -4.921  4.315 0.0000000000
66184  -52.088  -4.640  4.004 0.0000000000
66185  -58.049  -5.415  3.445 0.0000000000
66204  -44.925  -4.822  2.983 0.0000000000
66205  -45.683  -4.767  2.896 0.0000000000
66206  -46.853  -4.390  3.212 0.0000000000
66207  -47.927  -3.892  3.590 0.0000000000
66208  -52.771  -4.900  3.666 0.0000000000
66209  -53.413  -4.301  3.448 0.0000000000
66210  -54.443  -4.677  3.020 0.0000000000
66211  -58.763  -4.649  2.944 0.0000000000
66220  -45.179  -4.287  2.749 0.0000000000
66221  -55.164  -3.945  2.872 0.0000000000
66222  -56.572  -4.258  2.667 0.0000000000
66223  -57.811  -4.880  2.506 0.0000000000
66224  -58.524  -4.614  2.717 0.0000000000
67010  -55.723  -3.286  4.839 0.0000000000
67011  -56.949  -3.391  4.456 0.0000000000
67012  -58.151  -3.389  4.048 0.0000000000
67028  -48.748  -3.352  3.701 0.0000000000
67029  -49.650  -3.563  4.203 0.0000000000
67030  -50.552  -3.665  4.295 0.0000000000
67031  -51.485  -3.994  4.188 0.0000000000
67032  -58.606  -4.085  3.362 0.0000000000
67049  -44.858  -4.089  2.884 0.0000000000
67050  -46.013  -4.041  2.622 0.0000000000
67051  -47.167  -3.639  2.948 0.0000000000
67052  -49.464  -2.792  3.655 0.0000000000
67053  -50.320  -2.965  3.974 0.0000000000
67054  -51.817  -3.153  3.878 0.0000000000
67055  -52.647  -3.000  3.665 0.0000000000
67056  -54.093  -3.574  3.254 0.0000000000
67057  -58.692  -3.730  2.971 0.0000000000
67066  -45.185  -3.528  2.525 0.0000000000
67067  -46.341  -3.245  2.437 0.0000000000
67068  -54.889  -3.178  3.004 0.0000000000
67069  -55.881  -3.314  2.808 0.0000000000
67070  -57.230  -3.419  2.608 0.0000000000
67071  -58.392  -3.692  2.724 0.0000000000
67883  -55.233  -2.599  5.099 0.0000000000
67884  -56.225  -2.599  4.737 0.0000000000
67885  -57.447  -2.603  4.401 0.0000000000
67886  -58.245  -2.646  4.043 0.0000000000
67909  -58.485  -3.173  3.476 0.0000000000
67924  -44.837  -2.583  2.933 0.0000000000
67925  -47.530  -2.938  2.720 0.0000000000
67926  -48.563  -2.649  3.123 0.0000000000
67927  -49.356  -2.109  3.106 0.0000000000
67928  -50.124  -2.250  3.533 0.0000000000
67929  -51.080  -2.451  3.746 0.0000000000
67930  -52.058  -2.317  3.644 0.0000000000
67931  -53.451  -2.846  3.470 0.0000000000
67932  -54.309  -2.558  3.234 0.0000000000
67933  -58.488  -2.794  3.117 0.0000000000
67939  -44.935  -2.705  2.403 0.0000000000
67940  -45.564  -2.707  2.145 0.0000000000
67941  -46.791  -2.494  2.224 0.0000000000
67942  -47.933  -2.242  2.472 0.0000000000
67943  -48.730  -1.989  2.668 0.0000000000
67944  -55.308  -2.555  2.946 0.0000000000
67945  -56.493  -2.569  2.737 0.0000000000
67946  -57.786  -2.649  2.651 0.0000000000
67947  -58.386  -2.791  2.926 0.0000000000
68687  -54.773  -1.941  5.266 0.0000000000
68688  -55.652  -1.903  4.977 0.0000000000
68689  -56.717  -1.869  4.635 0.0000000000
68690  -57.968  -1.797  4.260 0.0000000000
68722  -44.940  -1.704  2.968 0.0000000000
68723  -49.940  -1.677  3.080 0.0000000000
68724  -51.496  -1.655  3.439 0.0000000000
68725  -52.418  -1.428  3.380 0.0000000000
68726  -53.340  -1.511  3.336 0.0000000000
68727  -54.147  -1.683  3.239 0.0000000000
68728  -58.322  -1.737  3.140 0.0000000000
68735  -44.883  -1.866  2.258 0.0000000000
68736  -45.138  -2.073  1.929 0.0000000000
68737  -46.066  -2.011  1.797 0.0000000000
68738  -47.303  -1.767  1.992 0.0000000000
68739  -49.310  -1.400  2.543 0.0000000000
68740  -50.303  -1.058  2.745 0.0000000000
68741  -51.077  -0.553  2.728 0.0000000000
68742  -54.855  -1.942  3.094 0.0000000000
68743  -55.748  -1.817  2.867 0.0000000000
68744  -57.002  -1.769  2.678 0.0000000000
68745  -58.019  -1.781  2.798 0.0000000000
68752  -44.941  -1.485  1.835 0.0000000000
68753  -45.538  -1.437  1.637 0.0000000000
68754  -46.662  -1.271  1.599 0.0000000000
68755  -47.812  -1.060  1.741 0.0000000000
69511  -55.454  -0.565  4.835 0.0000000000
69512  -56.420  -0.459  4.607 0.0000000000
69513  -57.490  -0.374  4.359 0.0000000000
69532  -58.247  -0.337  3.946 0.0000000000
69533  -58.355  0.347  3.485 0.0000000000
69540  -44.945  -1.121  2.674 0.0000000000
69541  -52.369  -0.649  3.087 0.0000000000
69542  -53.068  -0.767  3.157 0.0000000000
69543  -53.926  -0.881  3.134 0.0000000000
69544  -54.931  -1.119  3.003 0.0000000000
69545  -58.517  -0.590  3.106 0.0000000000
69546  -58.590  0.144  3.083 0.0000000000
69553  -44.794  -1.077  1.987 0.0000000000
69554  -48.764  -0.838  1.967 0.0000000000
69555  -49.667  -0.597  2.155 0.0000000000
69556  -51.115  0.194  2.206 0.0000000000
69557  -51.883  -0.109  2.695 0.0000000000
69558  -52.776  -0.042  2.819 0.0000000000
69559  -53.607  -0.117  2.889 0.0000000000
69560  -56.107  -1.004  2.757 0.0000000000
69561  -57.335  -0.880  2.661 0.0000000000
69562  -58.241  -0.794  2.858 0.0000000000
69563  -58.465  0.072  2.889 0.0000000000
69571  -45.117  -0.895  1.592 0.0000000000
69572  -45.993  -0.722  1.351 0.0000000000
69573  -47.216  -0.526  1.452 0.0000000000
69574  -48.248  -0.342  1.567 0.0000000000
69575  -49.152  -0.130  1.651 0.0000000000
69576  -50.121  0.190  1.763 0.0000000000
69577  -58.186  0.809  2.723 0.0000000000
70381  -54.781  0.059  4.830 0.0000000000
70382  -55.797  0.214  4.624 0.0000000000
70383  -56.825  0.295  4.422 0.0000000000
70399  -57.791  0.313  4.106 0.0000000000
70409  -45.245  0.314  3.323 0.0000000000
70410  -58.511  0.710  3.086 0.0000000000
70416  -44.923  -0.377  1.748 0.0000000000
70417  -51.772  0.412  2.303 0.0000000000
70418  -52.435  0.675  2.263 0.0000000000
70419  -54.051  0.441  2.558 0.0000000000
70420  -54.528  -0.154  2.815 0.0000000000
70421  -56.348  -0.044  2.556 0.0000000000
70422  -57.651  0.124  2.572 0.0000000000
70423  -58.511  0.707  2.976 0.0000000000
70431  -45.348  -0.051  1.257 0.0000000000
70432  -46.616  0.143  1.162 0.0000000000
70433  -47.637  0.703  1.048 0.0000000000
70434  -48.595  0.444  1.278 0.0000000000
70435  -49.462  0.507  1.390 0.0000000000
70436  -51.709  0.852  1.889 0.0000000000
70437  -57.445  1.080  2.458 0.0000000000
70443  -45.710  0.693  0.814 0.0000000000
70444  -46.740  0.862  0.837 0.0000000000
71197  -54.372  0.936  4.683 0.0000000000
71198  -55.792  1.758  4.429 0.0000000000
71199  -56.262  1.011  4.424 0.0000000000
71200  -57.239  1.031  4.134 0.0000000000
71221  -54.024  1.732  4.592 0.0000000000
71222  -54.867  1.705  4.524 0.0000000000
71223  -56.783  1.833  4.167 0.0000000000
71224  -57.693  1.770  3.610 0.0000000000
71225  -58.297  1.149  3.256 0.0000000000
71239  -45.140  1.047  2.832 0.0000000000
71240  -58.140  1.924  3.099 0.0000000000
71246  -44.915  0.830  1.699 0.0000000000
71247  -53.262  1.405  1.762 0.0000000000
71248  -54.216  1.250  2.036 0.0000000000
71249  -55.170  1.185  2.195 0.0000000000
71250  -56.001  0.894  2.359 0.0000000000
71251  -56.811  0.694  2.412 0.0000000000
71252  -58.420  1.281  3.022 0.0000000000
71258  -44.978  0.726  0.903 0.0000000000
71259  -48.462  1.240  0.863 0.0000000000
71260  -49.321  1.102  1.036 0.0000000000
71261  -50.897  1.623  0.966 0.0000000000
71262  -51.682  1.533  1.264 0.0000000000
71263  -52.422  1.447  1.548 0.0000000000
71264  -54.043  2.183  1.212 0.0000000000
71265  -55.886  1.685  2.000 0.0000000000
71266  -56.634  1.375  2.268 0.0000000000
71267  -57.895  1.552  2.652 0.0000000000
71268  -58.338  1.263  2.912 0.0000000000
71275  -45.272  1.300  0.544 0.0000000000
71276  -46.234  1.381  0.510 0.0000000000
71277  -47.458  1.483  0.648 0.0000000000
71278  -48.391  1.984  0.514 0.0000000000
71279  -49.223  1.820  0.638 0.0000000000
71280  -50.056  1.704  0.764 0.0000000000
72055  -56.369  2.636  4.306 0.0000000000
72070  -53.735  2.532  4.552 0.0000000000
72071  -54.539  2.448  4.516 0.0000000000
72072  -55.382  2.472  4.461 0.0000000000
72073  -57.216  2.758  3.873 0.0000000000
72074  -57.712  2.699  3.350 0.0000000000
72091  -57.945  2.558  3.062 0.0000000000
72099  -44.979  1.679  2.363 0.0000000000
72100  -58.117  1.966  2.935 0.0000000000
72106  -44.702  2.412  1.143 0.0000000000
72107  -50.850  2.420  0.469 0.0000000000
72108  -51.851  2.405  0.589 0.0000000000
72109  -52.900  2.772  0.468 0.0000000000
72110  -53.812  2.941  0.524 0.0000000000
72111  -55.254  2.871  1.337 0.0000000000
72112  -56.026  2.409  1.774 0.0000000000
72113  -56.844  2.339  2.129 0.0000000000
72114  -57.577  2.261  2.532 0.0000000000
72124  -44.706  2.625  0.205 0.0000000000
72125  -44.889  1.822  0.364 0.0000000000
72126  -45.605  2.079  0.119 0.0000000000
72127  -47.466  2.767  0.149 0.0000000000
72128  -48.278  2.710  0.264 0.0000000000
72129  -49.091  2.585  0.321 0.0000000000
72130  -49.954  2.476  0.369 0.0000000000
72131  -51.676  3.247  0.116 0.0000000000
72132  -52.543  3.309  0.166 0.0000000000
72133  -53.206  3.348  0.321 0.0000000000
72880  -55.473  3.970  4.590 0.0000000000
72881  -55.952  3.315  4.450 0.0000000000
72882  -57.016  3.692  4.198 0.0000000000
72904  -53.504  3.381  4.574 0.0000000000
72905  -54.396  3.249  4.549 0.0000000000
72906  -55.081  3.067  4.511 0.0000000000
72907  -57.400  3.549  3.709 0.0000000000
72927  -57.369  3.995  3.603 0.0000000000
72928  -57.648  3.228  3.239 0.0000000000
72941  -56.306  3.912  2.596 0.0000000000
72942  -57.489  3.522  3.003 0.0000000000
72943  -57.769  2.774  2.866 0.0000000000
72949  -44.566  3.451  1.252 0.0000000000
72950  -53.548  3.470  0.565 0.0000000000
72951  -56.244  3.094  2.011 0.0000000000
72952  -57.170  2.936  2.416 0.0000000000
72960  -44.535  3.435  0.103 0.0000000000
72961  -44.875  3.021  -0.420 0.0000000000
72962  -45.472  3.065  -0.446 0.0000000000
72963  -47.303  3.340  -0.216 0.0000000000
72964  -48.062  3.366  -0.067 0.0000000000
72965  -48.901  3.325  -0.014 0.0000000000
72966  -51.641  4.190  -0.259 0.0000000000
72967  -52.889  3.946  0.105 0.0000000000
72975  -44.708  3.595  -0.595 0.0000000000
72976  -45.033  3.578  -0.932 0.0000000000
72977  -46.645  3.793  -0.683 0.0000000000
72978  -47.766  4.018  -0.538 0.0000000000
72979  -48.662  4.046  -0.417 0.0000000000
72980  -49.571  4.052  -0.379 0.0000000000
72981  -50.552  4.101  -0.342 0.0000000000
73729  -52.756  5.039  4.816 0.0000000000
73730  -54.302  5.254  4.905 0.0000000000
73731  -55.644  5.091  4.768 0.0000000000
73732  -56.558  4.903  4.506 0.0000000000
73733  -56.520  4.138  4.444 0.0000000000
73752  -53.239  4.255  4.650 0.0000000000
73753  -54.374  4.178  4.660 0.0000000000
73754  -57.047  5.301  4.131 0.0000000000
73755  -57.165  4.630  4.170 0.0000000000
73772  -57.081  5.209  3.937 0.0000000000
73773  -57.280  4.710  3.933 0.0000000000
73787  -53.189  4.479  1.905 0.0000000000
73788  -54.095  4.366  2.321 0.0000000000
73789  -55.320  4.310  2.616 0.0000000000
73790  -56.571  4.822  3.384 0.0000000000
73791  -57.154  4.283  3.426 0.0000000000
73798  -44.393  4.283  0.852 0.0000000000
73799  -53.072  4.179  0.683 0.0000000000
73800  -53.713  3.878  1.251 0.0000000000
73801  -54.433  3.659  1.584 0.0000000000
73810  -44.412  4.132  -0.205 0.0000000000
73811  -51.277  5.033  -0.531 0.0000000000
73812  -52.055  5.164  -0.234 0.0000000000
73813  -52.513  4.652  0.145 0.0000000000
73820  -44.730  4.192  -1.127 0.0000000000
73821  -45.325  4.335  -1.396 0.0000000000
73822  -46.403  4.734  -1.424 0.0000000000
73823  -48.414  4.827  -0.784 0.0000000000
73824  -49.301  4.833  -0.601 0.0000000000
73825  -50.282  4.917  -0.580 0.0000000000
73835  -45.749  5.065  -1.875 0.0000000000
73839  -32.823  4.306  -4.047 0.0000000000
73841  -35.298  4.292  -4.052 0.0000000000
73842  -33.980  4.229  -4.181 0.0000000000
74601  -53.380  5.892  5.158 0.0000000000
74602  -54.721  6.229  5.292 0.0000000000
74603  -55.953  6.222  5.064 0.0000000000
74604  -56.522  5.806  4.465 0.0000000000
74617  -56.454  6.172  4.411 0.0000000000
74618  -56.856  5.720  4.155 0.0000000000
74632  -54.503  6.021  3.573 0.0000000000
74633  -56.065  5.972  3.783 0.0000000000
74634  -56.731  5.638  3.907 0.0000000000
74650  -51.767  5.581  1.993 0.0000000000
74651  -52.606  5.159  2.499 0.0000000000
74652  -53.543  5.030  2.957 0.0000000000
74653  -54.847  5.080  3.209 0.0000000000
74654  -56.020  5.206  3.421 0.0000000000
74662  -51.922  5.633  0.561 0.0000000000
74663  -52.434  4.915  1.070 0.0000000000
74671  -43.844  5.424  -0.438 0.0000000000
74672  -44.175  4.918  0.351 0.0000000000
74673  -51.467  6.245  -0.377 0.0000000000
74674  -51.872  6.018  -0.140 0.0000000000
74675  -52.183  5.332  0.096 0.0000000000
74681  -43.913  5.622  -1.705 0.0000000000
74682  -44.406  4.983  -1.418 0.0000000000
74683  -45.032  4.900  -1.850 0.0000000000
74684  -47.389  5.674  -1.630 0.0000000000
74685  -48.209  5.709  -1.205 0.0000000000
74686  -49.013  5.602  -0.736 0.0000000000
74687  -50.005  5.685  -0.563 0.0000000000
74688  -51.000  5.756  -0.608 0.0000000000
74689  -51.612  5.718  -0.400 0.0000000000
74698  -44.170  6.041  -2.532 0.0000000000
74699  -44.707  5.566  -2.377 0.0000000000
74700  -45.596  5.710  -2.458 0.0000000000
74701  -46.537  5.719  -2.066 0.0000000000
74705  -32.468  5.531  -4.623 0.0000000000
74708  -32.676  4.979  -4.367 0.0000000000
74709  -33.549  4.910  -4.603 0.0000000000
74710  -34.795  5.010  -4.650 0.0000000000
74711  -35.708  5.331  -4.441 0.0000000000
74712  -32.971  5.631  -5.128 0.0000000000
74713  -34.341  5.699  -5.163 0.0000000000
75482  -51.472  6.447  5.465 0.0000000000
75483  -53.089  7.219  5.518 0.0000000000
75484  -54.453  7.642  5.528 0.0000000000
75494  -53.951  6.722  5.420 0.0000000000
75495  -55.474  7.008  5.328 0.0000000000
75496  -55.758  7.808  5.195 0.0000000000
75510  -55.993  7.712  4.766 0.0000000000
75525  -53.248  6.699  3.638 0.0000000000
75526  -55.125  7.334  3.990 0.0000000000
75541  -51.024  6.501  1.936 0.0000000000
75542  -51.841  6.135  3.169 0.0000000000
75543  -52.813  5.668  3.246 0.0000000000
75554  -51.241  7.369  0.265 0.0000000000
75555  -51.573  6.340  0.508 0.0000000000
75565  -48.686  6.575  -0.311 0.0000000000
75566  -50.012  6.956  0.015 0.0000000000
75567  -51.478  6.784  -0.206 0.0000000000
75574  -43.472  6.369  -2.102 0.0000000000
75575  -47.099  6.264  -1.758 0.0000000000
75576  -47.968  6.160  -1.245 0.0000000000
75577  -48.676  6.075  -0.878 0.0000000000
75578  -49.550  6.222  -0.472 0.0000000000
75579  -50.861  6.545  -0.412 0.0000000000
75589  -44.121  6.667  -3.068 0.0000000000
75590  -44.780  6.301  -2.964 0.0000000000
75591  -45.534  6.571  -2.796 0.0000000000
75592  -46.377  6.381  -2.298 0.0000000000
75596  -44.071  7.289  -3.348 0.0000000000
75597  -44.752  7.084  -3.212 0.0000000000
75598  -32.397  5.579  -4.429 0.0000000000
75600  -36.208  5.939  -3.855 0.0000000000
75601  -32.145  5.996  -4.883 0.0000000000
75602  -35.374  5.891  -4.966 0.0000000000
75603  -35.897  6.172  -4.527 0.0000000000
75604  -32.169  6.638  -5.391 0.0000000000
75605  -32.607  6.585  -5.800 0.0000000000
75606  -33.916  6.397  -5.771 0.0000000000
75607  -35.135  6.660  -5.584 0.0000000000
75608  -35.788  6.775  -5.032 0.0000000000
75609  -33.608  7.158  -6.328 0.0000000000
75610  -34.667  7.106  -6.117 0.0000000000
76370  -51.367  7.520  5.761 0.0000000000
76371  -52.410  7.744  5.662 0.0000000000
76372  -54.017  8.471  5.609 0.0000000000
76373  -55.088  8.431  5.413 0.0000000000
76383  -55.690  8.387  5.058 0.0000000000
76396  -55.775  8.350  4.930 0.0000000000
76409  -52.804  7.484  3.715 0.0000000000
76410  -53.991  7.802  3.928 0.0000000000
76411  -55.278  8.216  4.461 0.0000000000
76421  -50.603  7.596  1.691 0.0000000000
76422  -51.071  7.199  3.071 0.0000000000
76423  -52.069  6.966  3.542 0.0000000000
76431  -50.583  8.097  0.328 0.0000000000
76442  -46.982  7.522  0.076 0.0000000000
76443  -48.016  7.344  0.288 0.0000000000
76444  -49.269  7.493  0.325 0.0000000000
76445  -50.318  7.771  0.236 0.0000000000
76446  -50.729  8.181  0.319 0.0000000000
76456  -42.890  6.964  -2.006 0.0000000000
76457  -45.842  7.585  -1.369 0.0000000000
76458  -46.554  7.185  -0.990 0.0000000000
76459  -47.432  6.724  -0.826 0.0000000000
76468  -42.710  7.479  -2.521 0.0000000000
76469  -43.384  7.172  -3.022 0.0000000000
76470  -44.724  7.756  -3.002 0.0000000000
76471  -45.424  7.341  -2.597 0.0000000000
76472  -46.215  7.005  -2.156 0.0000000000
76477  -42.878  7.958  -3.329 0.0000000000
76478  -44.217  7.587  -3.330 0.0000000000
76481  -36.223  7.080  -4.222 0.0000000000
76482  -32.068  6.491  -5.011 0.0000000000
76484  -36.172  7.706  -5.118 0.0000000000
76485  -32.057  7.395  -5.875 0.0000000000
76486  -32.069  7.410  -6.127 0.0000000000
76487  -35.440  7.629  -6.106 0.0000000000
76488  -31.739  8.049  -6.530 0.0000000000
76489  -31.900  7.942  -6.777 0.0000000000
76490  -33.176  7.986  -6.858 0.0000000000
76491  -34.641  7.827  -6.546 0.0000000000
77219  -50.072  8.491  6.284 0.0000000000
77220  -50.994  8.456  6.002 0.0000000000
77221  -52.596  9.237  5.925 0.0000000000
77222  -53.583  9.229  5.735 0.0000000000
77223  -54.524  9.115  5.506 0.0000000000
77241  -55.155  9.014  5.256 0.0000000000
77253  -55.384  8.978  5.001 0.0000000000
77265  -51.956  8.866  3.766 0.0000000000
77266  -53.005  8.306  3.883 0.0000000000
77267  -54.292  8.767  4.235 0.0000000000
77268  -55.228  9.020  4.772 0.0000000000
77277  -50.604  8.172  2.698 0.0000000000
77278  -51.187  8.138  3.400 0.0000000000
77279  -51.950  7.786  3.652 0.0000000000
77285  -50.533  8.552  1.349 0.0000000000
77294  -45.837  8.630  0.175 0.0000000000
77295  -46.646  8.377  0.386 0.0000000000
77296  -47.628  8.198  0.586 0.0000000000
77297  -48.825  8.225  0.561 0.0000000000
77298  -50.045  8.442  0.409 0.0000000000
77299  -50.491  8.642  0.634 0.0000000000
77310  -44.789  8.636  -1.084 0.0000000000
77311  -45.473  8.267  -0.640 0.0000000000
77312  -46.177  7.887  -0.246 0.0000000000
77326  -42.192  8.028  -2.311 0.0000000000
77327  -43.888  8.789  -2.956 0.0000000000
77328  -44.530  8.438  -2.482 0.0000000000
77329  -45.203  8.041  -1.968 0.0000000000
77334  -42.097  9.385  -3.547 0.0000000000
77335  -42.793  8.821  -3.415 0.0000000000
77336  -43.591  7.885  -3.415 0.0000000000
77337  -44.113  8.154  -3.330 0.0000000000
77339  -37.132  9.302  -4.721 0.0000000000
77340  -42.238  9.596  -3.568 0.0000000000
77341  -32.155  8.097  -5.624 0.0000000000
77343  -36.589  8.712  -5.362 0.0000000000
77344  -36.974  9.634  -5.639 0.0000000000
77345  -31.552  8.214  -6.774 0.0000000000
77346  -36.452  9.070  -6.166 0.0000000000
77347  -31.401  8.520  -7.034 0.0000000000
77348  -31.966  8.516  -7.235 0.0000000000
77349  -34.461  8.599  -6.905 0.0000000000
77350  -35.678  8.571  -6.544 0.0000000000
77351  -36.107  9.332  -6.465 0.0000000000
78075  -49.862  9.182  6.201 0.0000000000
78076  -50.591  9.971  5.839 0.0000000000
78077  -52.348  9.922  6.002 0.0000000000
78078  -53.236  10.133  5.858 0.0000000000
78079  -54.103  9.845  5.585 0.0000000000
78080  -54.672  9.554  5.356 0.0000000000
78097  -49.549  9.883  5.723 0.0000000000
78098  -54.918  9.625  5.126 0.0000000000
78110  -54.957  9.708  4.960 0.0000000000
78121  -51.312  11.218  3.493 0.0000000000
78122  -51.503  9.932  3.624 0.0000000000
78123  -52.656  10.044  4.038 0.0000000000
78124  -53.614  10.192  4.377 0.0000000000
78125  -54.432  9.787  4.607 0.0000000000
78137  -50.337  9.882  1.222 0.0000000000
78138  -50.644  9.792  3.072 0.0000000000
78139  -50.878  8.929  3.304 0.0000000000
78146  -50.255  9.696  0.523 0.0000000000
78147  -50.466  9.187  1.209 0.0000000000
78152  -44.932  9.699  0.300 0.0000000000
78153  -45.649  9.402  0.411 0.0000000000
78154  -46.399  9.192  0.543 0.0000000000
78155  -47.358  9.064  0.660 0.0000000000
78156  -48.550  8.988  0.628 0.0000000000
78157  -49.708  9.045  0.500 0.0000000000
78158  -50.330  9.114  0.548 0.0000000000
78165  -43.729  9.621  -0.917 0.0000000000
78166  -44.465  9.319  -0.447 0.0000000000
78167  -45.132  8.948  -0.087 0.0000000000
78175  -40.307  9.480  -2.913 0.0000000000
78176  -41.460  9.326  -3.357 0.0000000000
78177  -42.865  9.794  -2.845 0.0000000000
78178  -43.550  9.394  -2.377 0.0000000000
78179  -44.205  9.082  -1.773 0.0000000000
78181  -38.056  9.548  -3.386 0.0000000000
78182  -38.970  9.832  -3.576 0.0000000000
78183  -39.880  9.973  -3.758 0.0000000000
78184  -40.912  10.016  -3.919 0.0000000000
78185  -41.747  9.898  -3.805 0.0000000000
78186  -42.602  9.461  -3.423 0.0000000000
78187  -43.223  9.126  -3.287 0.0000000000
78190  -37.913  9.913  -4.360 0.0000000000
78191  -38.812  10.318  -4.131 0.0000000000
78192  -39.496  10.355  -4.009 0.0000000000
78193  -40.097  10.476  -3.924 0.0000000000
78194  -31.654  8.692  -6.432 0.0000000000
78196  -31.178  9.204  -7.285 0.0000000000
78197  -31.647  9.699  -6.399 0.0000000000
78198  -35.892  9.876  -6.455 0.0000000000
78199  -36.594  9.762  -6.071 0.0000000000
78200  -37.127  10.212  -5.525 0.0000000000
78201  -31.128  9.289  -7.413 0.0000000000
78202  -32.292  9.219  -7.489 0.0000000000
78203  -33.940  9.157  -7.166 0.0000000000
78204  -35.272  9.235  -6.812 0.0000000000
78873  -51.282  10.891  5.647 0.0000000000
78874  -51.640  10.199  5.925 0.0000000000
78875  -52.659  10.786  5.877 0.0000000000
78876  -53.844  10.641  5.548 0.0000000000
78877  -54.408  10.167  5.318 0.0000000000
78889  -49.490  10.771  5.135 0.0000000000
78890  -50.476  10.846  5.427 0.0000000000
78891  -54.088  10.878  5.217 0.0000000000
78909  -48.917  11.102  4.743 0.0000000000
78910  -54.170  10.913  5.021 0.0000000000
78911  -54.563  10.290  5.046 0.0000000000
78917  -52.387  11.065  4.021 0.0000000000
78918  -54.101  10.706  4.798 0.0000000000
78919  -54.542  10.318  4.949 0.0000000000
78929  -50.032  11.003  1.923 0.0000000000
78930  -50.676  11.956  3.023 0.0000000000
78935  -50.337  10.443  0.401 0.0000000000
78941  -44.082  10.757  0.385 0.0000000000
78942  -44.917  10.627  0.534 0.0000000000
78943  -45.639  10.181  0.572 0.0000000000
78944  -46.569  10.608  0.554 0.0000000000
78945  -47.924  10.557  0.425 0.0000000000
78946  -49.660  9.700  0.431 0.0000000000
78947  -50.333  10.485  0.169 0.0000000000
78955  -42.000  10.720  -1.514 0.0000000000
78956  -43.281  10.478  -0.287 0.0000000000
78957  -44.158  10.013  0.066 0.0000000000
78964  -41.147  10.626  -3.465 0.0000000000
78965  -41.601  10.690  -2.643 0.0000000000
78966  -42.264  10.317  -2.909 0.0000000000
78967  -42.656  10.297  -1.614 0.0000000000
78969  -39.969  10.916  -3.916 0.0000000000
78970  -40.687  10.470  -3.843 0.0000000000
78971  -41.765  10.244  -3.670 0.0000000000
78972  -42.254  9.922  -3.606 0.0000000000
78975  -37.536  10.201  -5.060 0.0000000000
78976  -38.322  10.742  -4.466 0.0000000000
78977  -39.372  10.776  -4.152 0.0000000000
78978  -32.411  10.933  -5.530 0.0000000000
78979  -37.054  10.691  -5.243 0.0000000000
78980  -37.612  10.643  -4.908 0.0000000000
78981  -30.830  10.584  -7.435 0.0000000000
78982  -33.360  10.660  -7.055 0.0000000000
78983  -34.807  10.543  -6.201 0.0000000000
78984  -36.642  10.255  -5.850 0.0000000000
78985  -30.511  10.500  -7.971 0.0000000000
78986  -30.932  9.984  -8.060 0.0000000000
78987  -34.299  9.799  -6.935 0.0000000000
79680  -52.171  11.459  5.694 0.0000000000
79681  -53.010  11.678  5.573 0.0000000000
79682  -53.571  11.395  5.389 0.0000000000
79687  -50.490  11.774  5.076 0.0000000000
79688  -51.508  12.130  5.339 0.0000000000
79689  -52.550  12.566  5.246 0.0000000000
79690  -53.187  12.131  5.188 0.0000000000
79691  -53.684  11.562  5.073 0.0000000000
79705  -47.942  11.839  4.209 0.0000000000
79706  -48.938  11.917  4.390 0.0000000000
79707  -49.826  11.942  4.700 0.0000000000
79708  -52.495  12.913  4.633 0.0000000000
79709  -53.188  12.225  4.948 0.0000000000
79710  -53.716  11.510  4.918 0.0000000000
79727  -51.909  12.864  3.870 0.0000000000
79728  -53.028  11.952  4.599 0.0000000000
79739  -50.284  12.338  2.448 0.0000000000
79740  -51.260  13.371  3.627 0.0000000000
79744  -50.236  11.290  0.859 0.0000000000
79750  -42.926  11.514  0.160 0.0000000000
79751  -43.736  11.433  0.421 0.0000000000
79752  -44.632  11.482  0.544 0.0000000000
79753  -45.458  11.469  0.549 0.0000000000
79754  -47.494  11.317  0.264 0.0000000000
79755  -49.120  11.114  -0.149 0.0000000000
79756  -50.455  11.075  -0.366 0.0000000000
79757  -50.498  11.020  -0.231 0.0000000000
79767  -40.243  11.846  -1.170 0.0000000000
79768  -40.901  11.805  -0.789 0.0000000000
79769  -41.598  11.835  -0.422 0.0000000000
79770  -42.441  10.949  -0.506 0.0000000000
79777  -38.867  12.050  -1.916 0.0000000000
79778  -39.641  11.762  -1.736 0.0000000000
79779  -40.783  11.177  -1.976 0.0000000000
79780  -41.404  11.181  -1.209 0.0000000000
79782  -37.867  11.852  -3.095 0.0000000000
79783  -38.649  11.567  -2.945 0.0000000000
79784  -39.432  11.355  -2.916 0.0000000000
79785  -40.312  11.118  -3.059 0.0000000000
79788  -36.752  11.787  -3.936 0.0000000000
79789  -37.654  11.460  -3.958 0.0000000000
79790  -38.628  11.160  -4.132 0.0000000000
79791  -39.326  11.111  -3.898 0.0000000000
79792  -31.247  11.534  -6.833 0.0000000000
79794  -34.701  11.796  -5.474 0.0000000000
79795  -35.521  11.642  -4.889 0.0000000000
79796  -36.452  11.353  -4.634 0.0000000000
79797  -37.403  11.140  -4.665 0.0000000000
79798  -38.098  11.047  -4.607 0.0000000000
79799  -30.482  11.228  -7.879 0.0000000000
79800  -34.073  11.353  -6.228 0.0000000000
79801  -35.173  11.110  -5.519 0.0000000000
79802  -36.187  10.861  -5.319 0.0000000000
79803  -30.625  11.486  -8.059 0.0000000000
79804  -30.883  11.935  -8.332 0.0000000000
79805  -32.444  11.494  -7.531 0.0000000000
80532  -52.021  13.308  5.038 0.0000000000
80548  -47.807  12.678  3.858 0.0000000000
80549  -48.941  12.949  4.051 0.0000000000
80550  -50.111  13.192  4.390 0.0000000000
80551  -51.663  13.612  4.474 0.0000000000
80552  -52.096  13.441  4.676 0.0000000000
80569  -48.652  13.769  3.747 0.0000000000
80570  -50.148  14.239  3.897 0.0000000000
80571  -50.703  14.237  3.750 0.0000000000
80572  -51.380  13.957  4.027 0.0000000000
80573  -51.815  13.567  4.236 0.0000000000
80580  -50.622  13.799  3.176 0.0000000000
80586  -50.495  12.217  -0.453 0.0000000000
80595  -42.720  12.383  0.182 0.0000000000
80596  -43.481  12.321  0.374 0.0000000000
80597  -44.376  12.305  0.465 0.0000000000
80598  -45.269  12.217  0.455 0.0000000000
80599  -46.966  12.039  0.142 0.0000000000
80600  -48.573  11.823  -0.447 0.0000000000
80601  -50.445  11.717  -1.045 0.0000000000
80602  -50.703  12.141  -1.166 0.0000000000
80612  -39.822  12.567  -0.962 0.0000000000
80613  -40.528  12.571  -0.652 0.0000000000
80614  -41.302  12.586  -0.384 0.0000000000
80615  -42.038  12.512  -0.097 0.0000000000
80616  -47.801  12.613  -0.576 0.0000000000
80617  -49.708  12.436  -1.463 0.0000000000
80618  -50.539  12.662  -1.516 0.0000000000
80619  -50.547  12.664  -1.451 0.0000000000
80624  -38.154  12.586  -2.177 0.0000000000
80625  -38.764  13.000  -1.513 0.0000000000
80626  -39.270  12.574  -1.338 0.0000000000
80628  -36.896  12.998  -3.054 0.0000000000
80629  -37.419  12.797  -2.666 0.0000000000
80632  -35.817  12.859  -4.255 0.0000000000
80633  -36.428  12.727  -3.641 0.0000000000
80634  -37.098  12.234  -3.288 0.0000000000
80637  -35.052  12.491  -5.059 0.0000000000
80638  -35.960  12.144  -4.279 0.0000000000
80641  -31.577  12.561  -8.299 0.0000000000
81411  -45.784  13.750  3.444 0.0000000000
81412  -46.814  13.956  3.489 0.0000000000
81413  -48.030  14.385  3.546 0.0000000000
81414  -49.401  14.844  3.512 0.0000000000
81415  -50.224  14.764  3.392 0.0000000000
81423  -50.369  14.453  2.978 0.0000000000
81429  -49.657  13.639  1.309 0.0000000000
81439  -43.206  13.051  0.182 0.0000000000
81440  -44.062  13.054  0.276 0.0000000000
81441  -45.018  12.969  0.247 0.0000000000
81442  -46.195  12.722  0.055 0.0000000000
81446  -40.176  13.265  -0.714 0.0000000000
81447  -40.945  13.349  -0.511 0.0000000000
81448  -41.908  13.409  -0.276 0.0000000000
81449  -42.844  13.641  -0.185 0.0000000000
81450  -43.712  13.694  -0.126 0.0000000000
81451  -44.654  13.661  -0.161 0.0000000000
81452  -45.738  13.527  -0.359 0.0000000000
81453  -47.125  13.398  -0.788 0.0000000000
81454  -50.244  13.113  -2.054 0.0000000000
81455  -50.489  13.045  -1.834 0.0000000000
81461  -38.372  13.505  -1.841 0.0000000000
81462  -38.880  13.795  -1.565 0.0000000000
81463  -39.503  13.427  -1.114 0.0000000000
81464  -40.496  13.878  -0.774 0.0000000000
81465  -48.167  13.977  -1.873 0.0000000000
81466  -49.609  13.861  -2.330 0.0000000000
81467  -50.101  13.551  -2.092 0.0000000000
81469  -37.194  13.588  -2.807 0.0000000000
81470  -37.803  13.569  -2.282 0.0000000000
81471  -38.419  14.317  -2.087 0.0000000000
81474  -36.103  13.513  -3.929 0.0000000000
81475  -36.658  13.575  -3.322 0.0000000000
81478  -35.417  13.433  -4.713 0.0000000000
81481  -34.183  13.474  -6.241 0.0000000000
82180  -45.439  14.574  3.214 0.0000000000
82181  -46.236  14.597  3.311 0.0000000000
82182  -47.188  14.829  3.401 0.0000000000
82183  -48.188  15.186  3.419 0.0000000000
82184  -49.835  15.347  3.188 0.0000000000
82198  -44.346  14.979  2.859 0.0000000000
82199  -45.184  15.310  2.897 0.0000000000
82209  -49.535  14.825  1.698 0.0000000000
82216  -49.647  14.316  -0.894 0.0000000000
82217  -49.677  13.707  -0.139 0.0000000000
82220  -41.382  14.226  -0.701 0.0000000000
82221  -42.415  14.277  -0.557 0.0000000000
82222  -43.349  14.323  -0.538 0.0000000000
82223  -44.290  14.313  -0.600 0.0000000000
82224  -45.337  14.238  -0.798 0.0000000000
82225  -46.592  14.097  -1.214 0.0000000000
82226  -50.296  13.466  -1.724 0.0000000000
82230  -39.393  14.193  -1.438 0.0000000000
82231  -40.639  14.545  -1.130 0.0000000000
82232  -42.092  14.948  -1.025 0.0000000000
82233  -43.013  14.950  -1.013 0.0000000000
82234  -43.959  14.926  -1.109 0.0000000000
82235  -44.983  14.830  -1.357 0.0000000000
82236  -46.203  14.745  -1.743 0.0000000000
82237  -47.637  14.616  -2.360 0.0000000000
82238  -48.971  14.616  -2.729 0.0000000000
82239  -49.401  14.489  -2.483 0.0000000000
82242  -36.998  14.120  -3.108 0.0000000000
82243  -37.562  14.250  -2.671 0.0000000000
82244  -39.200  14.706  -1.848 0.0000000000
82245  -48.419  15.147  -3.156 0.0000000000
82248  -35.853  14.065  -4.298 0.0000000000
82249  -36.486  14.303  -3.684 0.0000000000
82250  -37.194  14.702  -3.250 0.0000000000
82253  -35.273  14.222  -5.165 0.0000000000
82254  -36.040  14.735  -4.450 0.0000000000
82896  -45.860  15.139  3.087 0.0000000000
82897  -46.597  15.381  3.169 0.0000000000
82898  -47.583  15.673  3.229 0.0000000000
82899  -48.632  15.955  3.222 0.0000000000
82912  -44.533  15.796  2.610 0.0000000000
82913  -46.028  15.842  2.872 0.0000000000
82914  -46.998  16.256  2.929 0.0000000000
82915  -48.076  16.534  2.937 0.0000000000
82916  -48.915  16.586  2.936 0.0000000000
82917  -49.441  16.034  2.634 0.0000000000
82926  -49.452  15.710  1.954 0.0000000000
82934  -49.066  15.222  -0.345 0.0000000000
82940  -49.305  14.858  -2.452 0.0000000000
82945  -39.944  14.748  -1.518 0.0000000000
82946  -40.808  15.372  -1.722 0.0000000000
82947  -41.831  15.540  -1.650 0.0000000000
82948  -42.752  15.548  -1.641 0.0000000000
82949  -43.687  15.503  -1.716 0.0000000000
82950  -44.704  15.406  -1.938 0.0000000000
82951  -45.888  15.277  -2.394 0.0000000000
82952  -47.279  15.178  -3.023 0.0000000000
82953  -49.000  14.981  -2.948 0.0000000000
82954  -49.051  15.035  -2.916 0.0000000000
82959  -37.966  14.941  -2.834 0.0000000000
82960  -38.829  15.182  -2.463 0.0000000000
82961  -39.804  15.445  -2.178 0.0000000000
82962  -40.723  16.001  -2.547 0.0000000000
82963  -41.612  16.062  -2.392 0.0000000000
82964  -42.566  16.082  -2.393 0.0000000000
82965  -43.494  16.002  -2.448 0.0000000000
82966  -45.618  15.594  -3.135 0.0000000000
82967  -46.874  15.590  -3.749 0.0000000000
82968  -47.782  15.751  -3.619 0.0000000000
82969  -48.524  15.291  -3.145 0.0000000000
82970  -48.549  15.664  -2.950 0.0000000000
82974  -36.740  15.096  -3.880 0.0000000000
82975  -37.525  15.329  -3.552 0.0000000000
82976  -38.457  15.669  -3.344 0.0000000000
82977  -39.359  15.827  -2.942 0.0000000000
82978  -47.164  16.166  -4.442 0.0000000000
82982  -36.412  15.473  -4.777 0.0000000000
82983  -37.286  15.965  -4.854 0.0000000000
82984  -37.847  15.861  -4.125 0.0000000000
83612  -49.194  16.400  2.782 0.0000000000
83619  -43.859  16.193  2.380 0.0000000000
83620  -44.686  16.718  2.327 0.0000000000
83621  -46.353  16.793  2.619 0.0000000000
83622  -47.523  17.330  2.571 0.0000000000
83623  -48.473  17.205  2.531 0.0000000000
83624  -48.975  16.903  2.475 0.0000000000
83625  -49.259  16.387  2.212 0.0000000000
83633  -42.977  17.069  1.819 0.0000000000
83634  -43.882  16.993  2.024 0.0000000000
83635  -48.990  16.927  1.685 0.0000000000
83636  -49.105  16.006  1.168 0.0000000000
83642  -48.782  16.468  0.322 0.0000000000
83648  -48.051  17.394  -0.444 0.0000000000
83649  -48.485  16.401  -0.874 0.0000000000
83653  -48.288  16.424  -1.909 0.0000000000
83654  -48.838  15.554  -2.273 0.0000000000
83659  -40.073  16.001  -2.831 0.0000000000
83660  -40.648  16.273  -3.233 0.0000000000
83661  -41.528  16.353  -3.374 0.0000000000
83662  -42.365  16.324  -3.146 0.0000000000
83663  -44.266  16.050  -3.326 0.0000000000
83664  -45.338  15.848  -3.928 0.0000000000
83665  -46.508  15.873  -4.492 0.0000000000
83666  -47.436  16.466  -4.004 0.0000000000
83671  -39.236  16.124  -3.719 0.0000000000
83672  -40.050  16.268  -3.651 0.0000000000
83673  -40.955  16.417  -3.960 0.0000000000
83674  -42.775  16.379  -4.320 0.0000000000
83675  -44.900  16.051  -4.552 0.0000000000
83676  -46.200  16.303  -5.315 0.0000000000
83677  -46.863  16.530  -5.022 0.0000000000
83678  -47.092  16.751  -4.726 0.0000000000
83681  -38.253  16.242  -5.017 0.0000000000
83682  -38.743  16.171  -4.278 0.0000000000
83683  -39.733  16.367  -4.640 0.0000000000
83684  -41.352  16.469  -4.862 0.0000000000
83685  -42.381  16.426  -5.199 0.0000000000
83686  -43.778  16.324  -5.935 0.0000000000
83687  -45.505  16.312  -5.672 0.0000000000
83688  -45.972  16.830  -6.063 0.0000000000
83689  -46.429  16.925  -5.451 0.0000000000
83690  -46.975  16.914  -4.973 0.0000000000
83693  -37.723  16.286  -5.954 0.0000000000
83694  -38.921  16.425  -6.070 0.0000000000
83695  -39.805  16.463  -5.773 0.0000000000
83696  -41.640  16.489  -6.768 0.0000000000
83697  -42.688  16.467  -6.884 0.0000000000
83698  -43.683  16.507  -6.903 0.0000000000
83699  -44.636  16.726  -6.817 0.0000000000
83700  -45.370  17.043  -6.439 0.0000000000
83701  -45.983  17.031  -6.102 0.0000000000
83706  -39.308  16.530  -7.246 0.0000000000
83707  -40.333  16.608  -7.655 0.0000000000
83708  -41.410  16.632  -7.593 0.0000000000
83709  -42.400  16.686  -7.562 0.0000000000
83710  -43.343  16.746  -7.476 0.0000000000
83711  -44.130  16.882  -7.265 0.0000000000
83712  -44.726  17.081  -7.034 0.0000000000
83718  -41.233  16.953  -8.098 0.0000000000
83719  -42.044  16.925  -7.940 0.0000000000
83720  -42.901  17.153  -7.876 0.0000000000
83721  -43.700  17.070  -7.621 0.0000000000
84317  -45.656  17.307  2.327 0.0000000000
84318  -46.729  17.854  2.332 0.0000000000
84319  -48.154  18.068  2.231 0.0000000000
84320  -48.630  17.578  2.064 0.0000000000
84327  -42.589  17.766  1.598 0.0000000000
84328  -43.622  17.835  1.675 0.0000000000
84329  -44.846  17.865  1.887 0.0000000000
84330  -46.123  18.423  1.963 0.0000000000
84331  -47.160  18.813  1.993 0.0000000000
84332  -48.231  18.296  1.740 0.0000000000
84340  -48.211  18.096  0.835 0.0000000000
84341  -48.601  17.546  1.243 0.0000000000
84350  -47.412  17.827  -0.637 0.0000000000
84351  -48.472  17.276  0.269 0.0000000000
84357  -45.646  17.631  -2.376 0.0000000000
84358  -46.534  17.455  -2.212 0.0000000000
84359  -47.310  17.230  -1.951 0.0000000000
84360  -47.820  17.054  -1.584 0.0000000000
84365  -44.945  17.620  -3.833 0.0000000000
84366  -45.910  17.443  -3.773 0.0000000000
84367  -46.720  17.291  -3.654 0.0000000000
84368  -47.318  17.031  -3.417 0.0000000000
84369  -47.959  16.526  -2.915 0.0000000000
84373  -45.164  17.509  -5.175 0.0000000000
84374  -46.133  17.289  -5.118 0.0000000000
84375  -46.869  17.098  -4.788 0.0000000000
84376  -47.174  17.001  -4.499 0.0000000000
84380  -45.075  17.360  -6.220 0.0000000000
84381  -45.915  17.151  -6.001 0.0000000000
84384  -43.868  17.807  -7.076 0.0000000000
84385  -44.665  17.326  -6.883 0.0000000000
84387  -43.462  17.593  -7.557 0.0000000000
84388  -44.180  17.276  -7.297 0.0000000000
84392  -42.017  17.486  -8.120 0.0000000000
85036  -47.804  18.772  1.962 0.0000000000
85041  -43.201  18.656  1.392 0.0000000000
85042  -44.427  18.884  1.464 0.0000000000
85043  -45.648  19.177  1.558 0.0000000000
85044  -47.267  19.254  1.513 0.0000000000
85048  -47.273  19.385  0.950 0.0000000000
85049  -47.757  18.822  1.335 0.0000000000
85056  -46.323  19.184  -0.168 0.0000000000
85057  -47.019  18.881  0.163 0.0000000000
85058  -47.658  18.499  0.448 0.0000000000
85063  -44.379  18.744  -1.822 0.0000000000
85064  -45.027  18.431  -1.512 0.0000000000
85065  -45.843  18.207  -1.185 0.0000000000
85066  -46.682  18.047  -0.907 0.0000000000
85076  -43.948  18.333  -2.605 0.0000000000
85077  -44.804  17.839  -2.548 0.0000000000
85089  -43.052  18.281  -3.879 0.0000000000
85090  -43.997  17.921  -3.829 0.0000000000
85099  -42.083  18.444  -5.128 0.0000000000
85100  -43.090  18.182  -5.071 0.0000000000
85101  -44.100  17.792  -5.101 0.0000000000
85108  -42.148  18.514  -6.427 0.0000000000
85109  -43.095  18.217  -6.289 0.0000000000
85110  -44.085  17.779  -6.289 0.0000000000
85115  -42.072  18.450  -7.433 0.0000000000
85116  -42.980  18.183  -7.277 0.0000000000
85122  -42.619  17.927  -7.820 0.0000000000
85789  -42.670  19.350  1.078 0.0000000000
85790  -44.026  19.824  1.059 0.0000000000
85791  -45.413  20.099  1.213 0.0000000000
85792  -46.269  20.140  1.175 0.0000000000
85796  -45.221  20.811  0.680 0.0000000000
85797  -46.244  20.391  1.020 0.0000000000
85798  -46.780  19.851  1.155 0.0000000000
85803  -45.501  20.587  -0.167 0.0000000000
85804  -46.065  20.197  0.362 0.0000000000
85805  -46.665  19.805  0.706 0.0000000000
85817  -44.847  19.612  -1.070 0.0000000000
85818  -45.566  19.417  -0.539 0.0000000000
86602  -45.551  20.775  0.614 0.0000000000
106365  -50.259  -8.332  4.808 0.0000000000
106424  -53.144  2.195  1.045 0.0000000000
106425  -53.720  -41.430  0.280 0.0000000000
106527  -45.449  -7.186  4.521 0.0000000000
106555  -54.275  -8.987  3.227 0.0000000000
106609  -56.155  -25.226  -0.277 0.0000000000
106697  -60.377  -30.000  0.016 0.0000000000
106711  -61.035  -9.438  6.596 0.0000000000
106740  -51.309  -10.827  3.553 0.0000000000
106950  -52.304  -25.964  3.993 0.0000000000
106989  -48.599  -10.330  4.746 0.0000000000
107004  -60.073  -31.242  0.574 0.0000000000
107048  -60.020  -24.916  -0.303 0.0000000000
107100  -53.682  -31.671  0.823 0.0000000000
107145  -60.342  -30.997  -0.893 0.0000000000
107164  -57.577  -6.237  2.688 0.0000000000
107244  -51.901  -10.291  3.576 0.0000000000
107274  -50.177  -11.586  3.566 0.0000000000
107291  -59.299  -14.052  4.655 0.0000000000
107294  -50.086  -22.696  4.854 0.0000000000
107366  -41.924  16.483  -5.872 0.0000000000
107382  -52.136  7.056  5.533 0.0000000000
107421  -52.259  -11.028  3.379 0.0000000000
107424  -50.304  -9.194  4.524 0.0000000000
107461  -50.870  -23.175  4.419 0.0000000000
107485  -50.736  -24.140  4.330 0.0000000000
107491  -37.206  8.767  -3.454 0.0000000000
107526  -56.368  -26.555  1.670 0.0000000000
107557  -49.358  -26.677  -1.564 0.0000000000
107601  -56.278  -4.139  4.571 0.0000000000
107676  -59.881  -11.645  7.902 0.0000000000
107696  -42.902  16.413  -6.179 0.0000000000
107890  -51.077  -27.583  5.336 0.0000000000
107948  -52.877  -8.273  3.518 0.0000000000
107951  -40.613  16.491  -6.701 0.0000000000
108085  -51.154  -31.156  4.539 0.0000000000
108103  -48.919  -11.197  4.337 0.0000000000
108115  -54.884  -31.770  -3.562 0.0000000000
108130  -55.405  -0.404  2.739 0.0000000000
108193  -49.016  15.445  -1.358 0.0000000000
108269  -57.832  -4.175  2.525 0.0000000000
108294  -55.819  -26.485  2.490 0.0000000000
108299  -54.408  3.127  0.879 0.0000000000
108349  -55.571  -36.566  5.390 0.0000000000
108371  -54.931  -40.158  4.713 0.0000000000
108405  -47.916  -10.977  4.694 0.0000000000
108412  -53.660  -40.232  3.739 0.0000000000
108429  -45.382  16.272  2.608 0.0000000000
108455  -58.587  -27.814  4.970 0.0000000000
108485  -47.837  -17.511  0.278 0.0000000000
108490  -58.746  -35.512  -1.237 0.0000000000
108504  -51.066  -26.302  4.145 0.0000000000
108566  -54.754  -40.171  7.713 0.0000000000
108654  -42.235  8.730  -3.249 0.0000000000
108659  -59.837  -29.143  0.928 0.0000000000
108681  -50.793  -24.959  4.205 0.0000000000
108736  -44.973  0.224  1.456 0.0000000000
108787  -46.511  -12.214  4.311 0.0000000000
108798  -40.775  16.475  -5.567 0.0000000000
109335  -51.308  -22.168  4.619 0.0000000000
109365  -49.790  3.275  0.010 0.0000000000
109473  -39.788  16.490  -6.684 0.0000000000
109556  -50.658  -1.687  3.332 0.0000000000
109683  -52.431  -31.250  3.368 0.0000000000
109687  -55.313  -9.736  3.237 0.0000000000
109689  -58.682  -8.408  7.170 0.0000000000
109866  -52.122  5.715  5.127 0.0000000000
109886  -60.101  -29.351  -2.472 0.0000000000
109914  -55.994  -9.880  3.418 0.0000000000
109918  -48.338  -1.530  2.229 0.0000000000
109920  -49.792  -44.453  -1.346 0.0000000000
109941  -54.324  -5.489  2.984 0.0000000000
110006  -49.536  -19.111  5.742 0.0000000000
110010  -57.951  -34.668  0.032 0.0000000000
110134  -47.417  13.357  3.654 0.0000000000
110176  -57.972  -41.551  -4.195 0.0000000000
110200  -50.692  -7.147  4.673 0.0000000000
110242  -61.091  -27.438  7.995 0.0000000000
110294  -53.652  -31.500  1.581 0.0000000000
110384  -47.712  0.091  1.325 0.0000000000
110454  -57.136  -39.548  -2.646 0.0000000000
110487  -60.375  -23.741  2.943 0.0000000000
110550  -60.054  -24.414  0.629 0.0000000000
110571  -52.912  -41.602  2.465 0.0000000000
110618  -51.766  -43.961  1.165 0.0000000000
110669  -46.341  -17.483  1.380 0.0000000000
110674  -60.052  -9.335  6.178 0.0000000000
110762  -54.283  -43.083  1.199 0.0000000000
110784  -49.540  -12.247  3.574 0.0000000000
110806  -60.350  -7.415  9.780 0.0000000000
110856  -57.388  -24.564  5.875 0.0000000000
111015  -39.087  16.363  -5.130 0.0000000000
111029  -50.519  11.568  -0.713 0.0000000000
111305  -47.138  -27.511  3.493 0.0000000000
111331  -50.732  3.259  0.052 0.0000000000
111346  -52.371  4.422  -0.095 0.0000000000
111378  -36.607  8.253  -4.360 0.0000000000
111437  -50.484  -15.607  1.324 0.0000000000
111525  -52.326  -8.282  3.686 0.0000000000
111596  -58.585  -36.399  -2.003 0.0000000000
111623  -50.439  9.022  2.545 0.0000000000
111673  -50.405  10.529  2.629 0.0000000000
111735  -52.943  8.488  5.742 0.0000000000
111746  -56.043  -1.199  4.793 0.0000000000
111817  -58.382  -1.122  3.640 0.0000000000
111862  -51.620  -41.806  2.584 0.0000000000
111881  -50.925  0.884  1.563 0.0000000000
111908  -52.393  2.064  0.951 0.0000000000
111953  -59.229  -29.649  3.208 0.0000000000
112096  -56.531  -10.156  3.869 0.0000000000
112103  -47.484  -24.419  2.437 0.0000000000
112104  -45.223  -22.217  2.841 0.0000000000
112113  -45.345  -9.858  5.118 0.0000000000
112156  -51.961  8.444  5.868 0.0000000000
112193  -49.314  -18.460  5.783 0.0000000000
112292  -45.166  -11.178  5.053 0.0000000000
112302  -53.596  -5.192  3.315 0.0000000000
112352  -56.402  -9.294  4.291 0.0000000000
112357  -57.048  -10.161  5.610 0.0000000000
112398  -51.080  -3.235  4.081 0.0000000000
112413  -58.677  -29.178  8.298 0.0000000000
112439  -56.990  3.569  2.649 0.0000000000
112470  -53.686  -42.822  -0.674 0.0000000000
112528  -57.918  -41.983  0.785 0.0000000000
112591  -47.501  4.805  -1.104 0.0000000000
112602  -50.450  -32.574  2.629 0.0000000000
112655  -55.497  -31.107  -0.893 0.0000000000
112708  -51.712  -0.907  3.137 0.0000000000
112754  -53.993  3.446  0.904 0.0000000000
112866  -57.131  -1.115  4.512 0.0000000000
112874  -58.532  -27.824  3.942 0.0000000000
112875  -36.420  6.973  -3.247 0.0000000000
112935  -55.886  -17.353  -0.390 0.0000000000
113074  -44.868  -3.344  2.762 0.0000000000
113083  -60.406  -24.298  1.761 0.0000000000
113135  -31.466  10.742  -7.977 0.0000000000
113152  -54.545  2.802  0.946 0.0000000000
113158  -54.399  -41.906  8.408 0.0000000000
113172  -50.777  9.240  6.053 0.0000000000
113323  -52.392  13.185  4.947 0.0000000000
113335  -53.312  9.312  4.104 0.0000000000
113493  -36.099  8.168  -5.942 0.0000000000
113512  -52.306  -32.364  0.644 0.0000000000
113523  -48.885  13.197  -1.656 0.0000000000
113527  -51.120  7.588  -0.092 0.0000000000
113539  -50.114  0.992  1.259 0.0000000000
113560  -55.155  -1.263  5.073 0.0000000000
113573  -44.858  2.265  1.995 0.0000000000
113576  -60.600  -9.436  8.122 0.0000000000
113661  -41.309  10.183  -3.885 0.0000000000
113690  -55.586  -13.699  2.125 0.0000000000
113719  -45.283  -13.237  4.692 0.0000000000
113746  -47.709  2.206  0.389 0.0000000000
113780  -58.671  -38.105  -0.542 0.0000000000
113807  -46.399  -17.587  2.209 0.0000000000
113953  -56.975  -23.360  2.649 0.0000000000
114004  -46.070  -8.784  4.699 0.0000000000
114055  -46.337  -20.000  1.768 0.0000000000
114101  -59.861  -8.462  10.179 0.0000000000
114104  -57.151  -41.000  -2.894 0.0000000000
114105  -46.547  -25.224  -0.455 0.0000000000
114131  -57.097  -40.435  4.549 0.0000000000
114360  -48.300  9.773  0.555 0.0000000000
114413  -57.202  -29.973  -3.457 0.0000000000
114494  -53.749  -18.087  0.255 0.0000000000
114556  -49.851  12.968  1.603 0.0000000000
114600  -57.389  -34.395  -5.006 0.0000000000
114639  -46.476  -17.822  3.013 0.0000000000
114678  -56.471  -42.219  -2.320 0.0000000000
114711  -35.880  10.446  -5.890 0.0000000000
114788  -53.328  10.975  4.473 0.0000000000
114793  -53.329  11.014  5.713 0.0000000000
114800  -52.166  -24.871  3.832 0.0000000000
114822  -53.709  -37.146  1.043 0.0000000000
114887  -58.576  -13.670  6.685 0.0000000000
114985  -47.818  -24.701  1.129 0.0000000000
115022  -46.007  -16.025  2.200 0.0000000000
115092  -60.754  -24.025  2.787 0.0000000000
115129  -55.307  0.343  2.536 0.0000000000
115144  -36.064  4.946  -4.025 0.0000000000
115163  -44.799  -26.598  3.307 0.0000000000
115237  -53.371  0.613  2.426 0.0000000000
115249  -57.413  -37.289  4.445 0.0000000000
115310  -54.107  -34.337  -2.162 0.0000000000
115325  -58.618  -39.068  2.576 0.0000000000
115367  -46.801  -24.081  -1.144 0.0000000000
115373  -50.073  14.968  2.794 0.0000000000
115378  -46.751  6.651  -1.720 0.0000000000
115405  -55.044  2.133  1.526 0.0000000000
115505  -58.110  -40.529  4.469 0.0000000000
115734  -56.234  7.083  4.911 0.0000000000
115755  -55.627  -40.123  7.629 0.0000000000
115963  -55.278  0.938  4.567 0.0000000000
115980  -55.306  3.363  1.764 0.0000000000
115996  -52.912  -2.208  3.517 0.0000000000
116103  -60.361  -13.151  6.714 0.0000000000
116114  -58.677  -37.932  -3.271 0.0000000000
116126  -53.054  -42.006  0.120 0.0000000000
116209  -57.826  -37.575  2.361 0.0000000000
116269  -55.813  -9.216  5.244 0.0000000000
116304  -46.445  13.082  3.624 0.0000000000
116439  -58.567  -38.509  -3.095 0.0000000000
116544  -51.687  9.246  6.012 0.0000000000
116616  -47.226  -20.394  -2.360 0.0000000000
116692  -60.359  -30.689  -0.063 0.0000000000
116733  -52.723  12.733  4.984 0.0000000000
116794  -37.126  15.566  -4.166 0.0000000000
116833  -58.324  -32.106  1.329 0.0000000000
116845  -44.269  4.674  -0.601 0.0000000000
116871  -51.096  13.937  4.224 0.0000000000
116873  -47.060  9.869  0.630 0.0000000000
116887  -44.325  16.212  -5.118 0.0000000000
117055  -56.504  1.930  2.020 0.0000000000
117217  -52.331  3.887  -0.079 0.0000000000
117233  -45.319  -12.367  4.668 0.0000000000
117255  -51.822  -32.431  1.183 0.0000000000
117368  -57.842  -37.674  3.148 0.0000000000
117379  -57.698  -40.970  -4.223 0.0000000000
117433  -45.740  -14.911  3.977 0.0000000000
117471  -46.218  9.861  0.604 0.0000000000
117539  -48.992  -20.933  0.078 0.0000000000
117563  -58.662  -27.912  3.138 0.0000000000
117591  -36.610  7.787  -3.558 0.0000000000
117628  -46.449  -20.874  -0.488 0.0000000000
117633  -55.403  -23.408  2.041 0.0000000000
117681  -57.178  1.780  2.286 0.0000000000
117696  -49.447  -23.992  -4.567 0.0000000000
117739  -48.110  15.827  -3.428 0.0000000000
117843  -45.962  20.658  1.011 0.0000000000
117940  -41.332  14.925  -1.202 0.0000000000
117974  -60.724  -6.657  9.209 0.0000000000
117984  -30.634  9.871  -7.763 0.0000000000
118019  -58.737  -6.908  8.404 0.0000000000
118039  -50.997  -45.018  0.211 0.0000000000
118100  -52.495  -3.935  3.790 0.0000000000
118142  -45.426  -13.877  4.577 0.0000000000
118235  -57.586  -38.578  6.692 0.0000000000
118258  -58.472  -0.309  3.387 0.0000000000
118289  -51.689  -22.615  7.232 0.0000000000
118295  -49.693  15.545  2.697 0.0000000000
118407  -48.797  -12.759  3.661 0.0000000000
118489  -46.841  2.119  0.308 0.0000000000
118572  -58.411  -2.238  3.593 0.0000000000
118579  -50.461  11.681  0.115 0.0000000000
118654  -44.999  2.417  -0.167 0.0000000000
118729  -56.190  -42.383  6.645 0.0000000000
118770  -57.930  0.910  3.711 0.0000000000
118811  -45.140  16.549  -6.217 0.0000000000
118851  -53.435  -49.895  5.201 0.0000000000
118918  -43.492  6.106  -0.901 0.0000000000
118952  -52.463  -20.615  5.480 0.0000000000
119039  -33.492  12.293  -6.652 0.0000000000
119049  -49.248  -26.349  -0.741 0.0000000000
119104  -54.485  -42.189  6.406 0.0000000000
119105  -53.242  -42.077  6.384 0.0000000000
119216  -45.751  10.880  0.583 0.0000000000
119236  -57.022  -15.532  1.834 0.0000000000
119254  -49.769  14.412  -1.929 0.0000000000
119300  -42.248  11.752  -0.105 0.0000000000
119301  -54.481  -40.464  3.423 0.0000000000
119565  -49.448  10.427  0.184 0.0000000000
119610  -56.063  6.832  4.332 0.0000000000
119643  -30.724  10.934  -8.146 0.0000000000
119682  -47.808  -11.771  4.438 0.0000000000
119723  -45.577  -21.477  2.632 0.0000000000
119765  -47.476  -22.323  -2.701 0.0000000000
119838  -46.387  -19.924  0.765 0.0000000000
119904  -56.261  -44.594  -0.865 0.0000000000
119975  -56.470  -16.631  1.398 0.0000000000
119983  -44.796  14.612  3.112 0.0000000000
120017  -30.673  9.852  -7.799 0.0000000000
120025  -42.529  13.021  0.031 0.0000000000
120055  -51.666  -48.226  3.673 0.0000000000
120155  -53.950  -42.235  1.807 0.0000000000
120177  -32.258  6.000  -5.176 0.0000000000
120246  -58.520  -38.564  1.728 0.0000000000
120305  -47.421  -22.169  3.195 0.0000000000
120362  -53.153  -47.913  3.884 0.0000000000
120407  -51.160  -49.827  5.338 0.0000000000
120456  -43.481  16.245  -3.533 0.0000000000
120505  -54.622  -45.875  5.284 0.0000000000
120529  -59.273  -29.722  6.485 0.0000000000
120538  -59.096  -13.180  9.943 0.0000000000
120550  -49.990  -20.605  5.517 0.0000000000
120552  -51.094  13.111  4.846 0.0000000000
120556  -49.135  15.449  3.360 0.0000000000
120566  -51.833  -50.462  4.953 0.0000000000
120567  -48.645  -20.675  5.351 0.0000000000
120575  -54.751  -43.738  6.327 0.0000000000
120645  -46.646  19.385  1.532 0.0000000000
120648  -59.558  -39.113  6.082 0.0000000000
120699  -50.446  -0.365  2.313 0.0000000000
120728  -46.537  2.845  -0.099 0.0000000000
120773  -60.890  -9.121  6.443 0.0000000000
120903  -55.085  -15.671  2.577 0.0000000000
121012  -59.197  -12.294  9.757 0.0000000000
121066  -54.555  -19.327  -2.154 0.0000000000
121111  -48.458  -19.171  3.093 0.0000000000
121148  -58.823  -24.118  0.614 0.0000000000
121261  -58.719  -4.249  2.863 0.0000000000
121264  -59.734  -28.912  -3.394 0.0000000000
121289  -59.333  -32.694  0.164 0.0000000000
121315  -59.174  -30.169  3.498 0.0000000000
121441  -52.530  -20.441  5.802 0.0000000000
121463  -50.855  -5.169  4.526 0.0000000000
121505  -57.317  -30.337  5.716 0.0000000000
121515  -58.602  -4.837  3.239 0.0000000000
121579  -59.409  -29.568  2.516 0.0000000000
121605  -58.320  -33.111  -3.764 0.0000000000
121657  -60.036  -25.413  -1.008 0.0000000000
121702  -48.662  -19.095  5.281 0.0000000000
121801  -39.969  14.106  -1.078 0.0000000000
121810  -52.635  6.483  5.359 0.0000000000
121820  -44.446  15.781  -2.645 0.0000000000
121859  -50.358  -10.558  3.947 0.0000000000
121878  -53.621  -2.159  3.397 0.0000000000
121911  -56.182  -8.474  2.900 0.0000000000
121992  -35.749  7.379  -5.585 0.0000000000
122040  -49.446  -27.165  4.638 0.0000000000
122057  -56.030  -9.066  3.131 0.0000000000
122136  -56.901  -36.569  -4.517 0.0000000000
122167  -48.014  -6.214  4.774 0.0000000000
122229  -58.978  -29.301  5.512 0.0000000000
122279  -51.966  -51.604  1.596 0.0000000000
122365  -57.328  -31.949  2.077 0.0000000000
122393  -45.073  -24.461  1.473 0.0000000000
122397  -56.878  -24.796  6.296 0.0000000000
122414  -54.315  -19.540  -2.184 0.0000000000
122422  -47.346  -23.298  2.558 0.0000000000
122478  -55.786  -25.724  1.623 0.0000000000
122492  -57.883  -28.520  -0.581 0.0000000000
122526  -54.422  -40.081  4.076 0.0000000000
122584  -40.544  16.427  -4.514 0.0000000000
122652  -58.706  -33.100  0.327 0.0000000000
122656  -51.298  -10.149  3.757 0.0000000000
122659  -45.352  -11.107  4.762 0.0000000000
122663  -47.587  18.301  2.233 0.0000000000
122831  -51.617  -6.683  4.232 0.0000000000
122865  -46.911  -26.496  -0.205 0.0000000000
122868  -50.302  9.649  2.367 0.0000000000
122902  -47.884  -22.101  1.266 0.0000000000
122917  -48.987  -27.188  1.504 0.0000000000
122920  -52.264  -42.394  2.086 0.0000000000
123058  -46.985  -8.552  4.898 0.0000000000
123064  -58.187  -37.780  1.687 0.0000000000
123075  -53.204  -3.539  3.537 0.0000000000
123270  -50.466  -27.385  5.293 0.0000000000
123296  -48.710  -18.317  5.200 0.0000000000
123301  -49.174  14.912  0.658 0.0000000000
123330  -60.374  -29.962  -1.035 0.0000000000
123348  -54.628  0.610  2.446 0.0000000000
123494  -45.736  -21.434  1.893 0.0000000000
123623  -58.601  -39.319  1.807 0.0000000000
123679  -52.073  -18.090  -1.255 0.0000000000
123693  -51.633  -22.705  4.221 0.0000000000
123702  -50.721  -17.422  1.947 0.0000000000
123759  -55.132  -3.902  5.004 0.0000000000
123804  -52.165  5.590  2.906 0.0000000000
123850  -49.376  15.973  3.059 0.0000000000
123872  -54.629  -22.246  4.843 0.0000000000
123929  -44.946  0.233  2.176 0.0000000000
123945  -45.498  -10.025  4.873 0.0000000000
123972  -59.069  -29.961  5.010 0.0000000000
124035  -52.209  -16.236  2.433 0.0000000000
124089  -51.239  -12.082  3.057 0.0000000000
124144  -57.182  -23.790  1.127 0.0000000000
124185  -56.371  6.379  4.698 0.0000000000
124248  -32.536  9.860  -7.567 0.0000000000
124285  -46.326  11.437  0.452 0.0000000000
124322  -52.479  -27.539  4.758 0.0000000000
124379  -57.116  -23.337  3.319 0.0000000000
124407  -60.675  -25.096  4.994 0.0000000000
124414  -45.656  3.862  -1.001 0.0000000000
124439  -56.738  -44.222  6.768 0.0000000000
124454  -57.501  -9.792  6.125 0.0000000000
124485  -60.183  -26.181  -0.994 0.0000000000
124491  -56.937  -30.118  -5.137 0.0000000000
124581  -56.559  -30.328  -0.256 0.0000000000
124593  -41.763  16.450  -4.302 0.0000000000
124615  -49.004  -6.026  5.012 0.0000000000
124659  -57.197  -7.263  2.891 0.0000000000
124696  -56.993  -44.931  7.355 0.0000000000
124790  -56.002  7.890  4.967 0.0000000000
124804  -55.755  -38.931  0.056 0.0000000000
124827  -50.776  -20.932  -1.569 0.0000000000
124837  -60.608  -10.972  5.800 0.0000000000
124851  -53.337  7.889  5.621 0.0000000000
124852  -51.062  -12.786  2.730 0.0000000000
124954  -58.024  -0.950  4.219 0.0000000000
125033  -44.366  -25.465  2.560 0.0000000000
125060  -54.378  -41.660  2.178 0.0000000000
125178  -51.502  -21.886  7.073 0.0000000000
125187  -51.075  -52.191  1.353 0.0000000000
125247  -54.653  -28.703  3.839 0.0000000000
125274  -57.958  -37.534  4.989 0.0000000000
125285  -54.037  -18.487  -1.864 0.0000000000
125286  -49.982  -26.076  -2.664 0.0000000000
125290  -57.308  -25.623  -1.574 0.0000000000
125332  -61.013  -7.058  8.887 0.0000000000
125352  -46.616  -13.037  3.940 0.0000000000
125360  -44.965  -0.436  2.446 0.0000000000
125404  -33.190  8.681  -7.220 0.0000000000
125531  -53.342  -45.778  -2.115 0.0000000000
125565  -58.430  -38.191  3.557 0.0000000000
125584  -55.352  -38.444  6.964 0.0000000000
125652  -57.117  -16.593  1.113 0.0000000000
125823  -53.414  -34.085  -2.027 0.0000000000
125880  -58.149  -41.017  -4.412 0.0000000000
125905  -60.516  -23.893  5.845 0.0000000000
125928  -48.502  -18.735  4.917 0.0000000000
126042  -51.048  -1.145  3.138 0.0000000000
126152  -49.948  12.369  1.753 0.0000000000
126191  -59.000  -30.099  4.542 0.0000000000
126230  -53.947  -19.243  -0.920 0.0000000000
126452  -53.269  -7.264  3.398 0.0000000000
126457  -55.112  -24.562  1.418 0.0000000000
126517  -53.881  -40.715  3.029 0.0000000000
126555  -48.809  -19.242  2.028 0.0000000000
126618  -49.097  -27.262  2.945 0.0000000000
126647  -50.108  -3.989  4.446 0.0000000000
126675  -50.237  -4.999  4.657 0.0000000000
126811  -57.590  -41.057  2.882 0.0000000000
126896  -55.174  -45.318  -2.562 0.0000000000
126928  -58.504  -40.503  0.521 0.0000000000
126933  -46.580  -18.234  -0.190 0.0000000000
126951  -55.331  -31.167  -0.233 0.0000000000
126974  -43.236  16.495  2.168 0.0000000000
127162  -46.957  12.596  3.777 0.0000000000
127189  -40.017  13.683  -0.875 0.0000000000
127261  -57.987  -13.292  6.049 0.0000000000
127298  -51.385  -19.247  6.162 0.0000000000
127300  -48.800  -4.761  4.480 0.0000000000
127308  -45.175  -23.624  1.546 0.0000000000
127330  -44.799  1.495  1.179 0.0000000000
127339  -48.986  10.102  5.456 0.0000000000
127390  -54.958  -44.342  -2.460 0.0000000000
127569  -48.395  -20.238  1.961 0.0000000000
127610  -55.589  -4.756  2.758 0.0000000000
127614  -48.033  -3.279  3.255 0.0000000000
127663  -56.570  2.708  2.054 0.0000000000
127664  -48.396  -27.502  2.894 0.0000000000
127668  -43.531  8.500  -3.375 0.0000000000
127687  -56.072  -23.192  4.403 0.0000000000
127745  -55.714  -46.809  6.050 0.0000000000
127794  -51.570  -30.808  4.553 0.0000000000
127809  -41.908  11.269  -0.640 0.0000000000
127866  -47.161  -25.255  -1.205 0.0000000000
127894  -55.736  -43.076  8.531 0.0000000000
127912  -57.978  -32.825  -4.405 0.0000000000
127915  -52.122  13.364  4.376 0.0000000000
127952  -54.022  -10.104  3.329 0.0000000000
128000  -56.410  -26.026  0.502 0.0000000000
128057  -45.198  -0.472  3.244 0.0000000000
128076  -40.193  11.452  -1.885 0.0000000000
128124  -60.238  -31.389  -0.127 0.0000000000
128141  -55.520  -42.503  8.478 0.0000000000
128146  -57.196  -39.164  7.042 0.0000000000
128191  -50.404  9.471  0.769 0.0000000000
128205  -38.959  14.264  -1.703 0.0000000000
128242  -45.553  -27.051  3.355 0.0000000000
128273  -33.386  9.492  -7.347 0.0000000000
128300  -43.191  9.884  -1.623 0.0000000000
128312  -48.703  14.979  3.496 0.0000000000
128351  -44.910  1.284  0.663 0.0000000000
128376  -50.212  12.843  -0.311 0.0000000000
128517  -58.509  -37.225  -3.046 0.0000000000
128523  -57.380  4.255  3.957 0.0000000000
128536  -59.267  -23.520  3.029 0.0000000000
128587  -46.005  12.032  0.409 0.0000000000
128591  -52.342  12.131  4.095 0.0000000000
128681  -54.763  -0.716  5.061 0.0000000000
128708  -57.712  -29.592  -2.896 0.0000000000
128760  -45.171  5.981  -2.822 0.0000000000
128772  -51.213  -22.279  -5.025 0.0000000000
128806  -32.532  7.418  -6.390 0.0000000000
128933  -54.919  -3.224  5.174 0.0000000000
