#!ascii label  , from subject sub-01 vox2ras=TkReg aparc.a2009s=G_temporal_inf
2707
24475  40.011  -51.797  -9.372 0.0000000000
24486  40.281  -52.182  -10.165 0.0000000000
24487  39.500  -52.046  -10.235 0.0000000000
24501  41.599  -52.055  -10.965 0.0000000000
24502  40.583  -52.567  -11.128 0.0000000000
24503  39.797  -52.362  -10.800 0.0000000000
24504  39.488  -52.059  -10.563 0.0000000000
24513  41.829  -53.138  -12.727 0.0000000000
24514  40.826  -52.960  -12.083 0.0000000000
24515  40.165  -52.506  -11.435 0.0000000000
24521  44.363  -52.708  -13.657 0.0000000000
24522  43.010  -53.214  -13.546 0.0000000000
24523  41.364  -53.024  -12.776 0.0000000000
24529  43.734  -52.949  -14.223 0.0000000000
24530  43.066  -53.278  -14.031 0.0000000000
24531  42.621  -53.014  -14.135 0.0000000000
24537  43.214  -52.759  -14.445 0.0000000000
24538  42.974  -52.290  -14.548 0.0000000000
25399  40.019  -50.257  -6.005 0.0000000000
25400  38.832  -50.228  -6.253 0.0000000000
25407  40.659  -50.341  -6.406 0.0000000000
25408  39.410  -50.559  -6.815 0.0000000000
25409  38.146  -50.410  -7.320 0.0000000000
25416  40.087  -50.786  -7.287 0.0000000000
25417  38.659  -50.848  -7.899 0.0000000000
25418  37.831  -50.389  -8.174 0.0000000000
25426  48.207  -51.015  -9.092 0.0000000000
25427  40.952  -51.172  -8.469 0.0000000000
25428  39.578  -51.315  -8.444 0.0000000000
25429  38.364  -50.822  -8.863 0.0000000000
25430  37.824  -50.297  -8.456 0.0000000000
25440  47.729  -51.062  -9.534 0.0000000000
25441  41.120  -51.851  -10.085 0.0000000000
25442  39.176  -51.590  -10.216 0.0000000000
25454  48.110  -51.159  -9.656 0.0000000000
25455  47.797  -51.275  -10.229 0.0000000000
25456  47.278  -51.246  -10.376 0.0000000000
25457  39.531  -52.031  -10.798 0.0000000000
25465  47.408  -51.378  -10.897 0.0000000000
25466  46.914  -51.485  -11.098 0.0000000000
25467  46.288  -51.715  -11.983 0.0000000000
25468  45.206  -51.980  -12.563 0.0000000000
25469  43.155  -52.534  -12.652 0.0000000000
25470  42.287  -52.295  -11.833 0.0000000000
25471  40.588  -52.712  -12.107 0.0000000000
25472  39.984  -52.020  -11.473 0.0000000000
25477  46.862  -51.526  -11.618 0.0000000000
25478  46.131  -51.791  -12.547 0.0000000000
25479  45.270  -52.106  -13.498 0.0000000000
25480  44.171  -52.694  -13.317 0.0000000000
25481  41.905  -52.862  -13.520 0.0000000000
25482  41.210  -52.478  -12.803 0.0000000000
25489  44.488  -52.214  -14.349 0.0000000000
25490  42.527  -51.967  -14.158 0.0000000000
25497  44.296  -51.079  -15.036 0.0000000000
25498  43.794  -51.756  -14.874 0.0000000000
25499  43.389  -51.715  -14.786 0.0000000000
25500  43.124  -51.055  -14.703 0.0000000000
26319  39.991  -49.282  -3.958 0.0000000000
26320  38.804  -49.212  -4.005 0.0000000000
26327  40.988  -49.256  -4.234 0.0000000000
26328  39.243  -49.562  -4.638 0.0000000000
26329  38.258  -49.391  -4.747 0.0000000000
26330  37.446  -49.227  -5.324 0.0000000000
26341  41.244  -49.302  -4.977 0.0000000000
26342  40.903  -49.870  -5.600 0.0000000000
26343  39.815  -49.884  -5.305 0.0000000000
26344  38.269  -49.718  -5.575 0.0000000000
26345  37.013  -49.230  -6.257 0.0000000000
26352  49.253  -49.994  -6.990 0.0000000000
26353  48.893  -50.011  -6.755 0.0000000000
26354  41.177  -49.921  -6.209 0.0000000000
26355  37.546  -49.830  -6.889 0.0000000000
26356  36.936  -49.158  -7.167 0.0000000000
26362  48.916  -50.309  -7.350 0.0000000000
26363  48.372  -50.142  -7.492 0.0000000000
26364  41.390  -50.182  -7.592 0.0000000000
26365  37.477  -49.877  -8.008 0.0000000000
26366  37.229  -49.305  -7.594 0.0000000000
26372  49.228  -50.216  -7.857 0.0000000000
26373  48.702  -50.644  -8.569 0.0000000000
26374  48.102  -50.644  -8.509 0.0000000000
26375  47.308  -50.297  -8.987 0.0000000000
26376  41.509  -50.358  -8.454 0.0000000000
26377  38.313  -50.545  -8.928 0.0000000000
26382  49.325  -50.020  -8.823 0.0000000000
26383  48.685  -50.607  -9.435 0.0000000000
26384  46.948  -50.692  -9.853 0.0000000000
26385  42.079  -50.510  -10.096 0.0000000000
26386  39.193  -51.384  -10.353 0.0000000000
26387  39.214  -49.954  -9.429 0.0000000000
26393  48.338  -50.827  -10.204 0.0000000000
26394  48.009  -50.931  -10.871 0.0000000000
26395  46.659  -51.079  -10.639 0.0000000000
26396  45.818  -50.269  -11.122 0.0000000000
26397  42.665  -50.608  -11.107 0.0000000000
26398  39.668  -51.191  -10.835 0.0000000000
26404  48.379  -49.890  -10.844 0.0000000000
26405  47.535  -50.782  -11.560 0.0000000000
26406  46.463  -51.382  -11.306 0.0000000000
26407  45.674  -51.243  -11.767 0.0000000000
26408  44.393  -50.581  -12.006 0.0000000000
26409  43.451  -50.736  -11.827 0.0000000000
26410  40.812  -51.294  -12.072 0.0000000000
26411  40.386  -50.745  -11.347 0.0000000000
26415  46.777  -50.907  -12.480 0.0000000000
26416  42.030  -51.320  -13.385 0.0000000000
26420  45.890  -50.790  -13.692 0.0000000000
26421  45.159  -49.882  -14.909 0.0000000000
26422  42.672  -50.323  -14.132 0.0000000000
26426  44.400  -49.908  -15.468 0.0000000000
26427  43.875  -50.140  -15.548 0.0000000000
26428  43.635  -50.527  -15.181 0.0000000000
27254  40.817  -48.307  -2.296 0.0000000000
27264  41.271  -48.392  -2.979 0.0000000000
27265  39.809  -48.387  -2.387 0.0000000000
27266  38.706  -48.405  -2.626 0.0000000000
27267  37.556  -48.318  -2.949 0.0000000000
27284  40.751  -48.908  -3.457 0.0000000000
27285  39.573  -48.806  -3.209 0.0000000000
27286  38.228  -48.747  -3.450 0.0000000000
27287  37.216  -48.478  -3.805 0.0000000000
27288  36.465  -48.269  -4.641 0.0000000000
27294  50.391  -49.171  -5.064 0.0000000000
27295  49.872  -49.210  -5.040 0.0000000000
27296  41.378  -48.814  -4.454 0.0000000000
27297  37.519  -48.909  -4.483 0.0000000000
27298  36.595  -48.551  -5.607 0.0000000000
27299  36.033  -47.890  -5.328 0.0000000000
27309  49.666  -49.360  -5.655 0.0000000000
27310  49.171  -49.194  -5.474 0.0000000000
27311  48.359  -48.898  -5.932 0.0000000000
27312  41.467  -48.587  -5.200 0.0000000000
27313  36.696  -48.459  -6.560 0.0000000000
27314  36.147  -47.787  -5.989 0.0000000000
27323  50.024  -49.287  -6.046 0.0000000000
27324  49.410  -49.717  -6.304 0.0000000000
27325  48.985  -49.642  -6.067 0.0000000000
27326  48.221  -49.453  -6.659 0.0000000000
27327  41.494  -48.696  -6.113 0.0000000000
27328  37.653  -48.737  -7.493 0.0000000000
27329  36.938  -48.655  -7.131 0.0000000000
27330  36.659  -47.989  -6.550 0.0000000000
27338  50.119  -48.926  -7.039 0.0000000000
27339  49.754  -49.516  -7.434 0.0000000000
27340  47.692  -49.448  -7.365 0.0000000000
27341  47.075  -48.744  -7.814 0.0000000000
27342  41.603  -49.009  -7.443 0.0000000000
27343  37.683  -49.733  -8.137 0.0000000000
27350  50.243  -48.638  -7.953 0.0000000000
27351  49.804  -49.352  -8.309 0.0000000000
27352  47.561  -49.861  -8.082 0.0000000000
27353  46.839  -49.010  -8.673 0.0000000000
27354  42.128  -48.604  -8.892 0.0000000000
27355  41.697  -49.359  -8.258 0.0000000000
27356  40.029  -48.634  -8.986 0.0000000000
27357  38.937  -49.476  -8.560 0.0000000000
27363  49.248  -49.516  -9.672 0.0000000000
27364  48.796  -50.005  -10.163 0.0000000000
27365  46.547  -49.292  -9.536 0.0000000000
27366  45.390  -48.327  -10.233 0.0000000000
27367  43.098  -48.391  -10.147 0.0000000000
27368  42.451  -48.981  -9.733 0.0000000000
27369  41.859  -49.737  -9.119 0.0000000000
27370  40.257  -49.021  -9.820 0.0000000000
27376  48.848  -48.828  -10.444 0.0000000000
27377  46.095  -49.480  -10.402 0.0000000000
27378  45.219  -48.979  -10.867 0.0000000000
27379  44.380  -48.786  -10.948 0.0000000000
27380  43.558  -48.845  -10.795 0.0000000000
27381  42.831  -49.335  -10.551 0.0000000000
27385  48.282  -48.672  -11.106 0.0000000000
27386  47.831  -49.293  -11.611 0.0000000000
27387  44.829  -49.697  -11.430 0.0000000000
27388  43.956  -49.509  -11.416 0.0000000000
27389  41.320  -48.245  -12.068 0.0000000000
27390  41.016  -49.515  -11.593 0.0000000000
27395  47.203  -49.523  -12.448 0.0000000000
27396  46.430  -49.272  -13.623 0.0000000000
27397  42.287  -48.251  -13.665 0.0000000000
27398  41.522  -49.477  -12.362 0.0000000000
27402  45.507  -49.049  -14.894 0.0000000000
27403  43.343  -48.774  -15.276 0.0000000000
27404  42.712  -49.022  -14.378 0.0000000000
27410  44.763  -47.823  -16.061 0.0000000000
27411  44.456  -48.755  -15.988 0.0000000000
27412  43.870  -48.891  -16.157 0.0000000000
27413  43.718  -49.280  -15.801 0.0000000000
27414  43.255  -49.725  -15.053 0.0000000000
28257  41.111  -47.573  -0.571 0.0000000000
28258  39.947  -47.429  -0.685 0.0000000000
28259  38.855  -47.236  -0.695 0.0000000000
28260  37.963  -47.123  -0.750 0.0000000000
28261  37.020  -47.002  -0.764 0.0000000000
28267  41.778  -47.541  -1.459 0.0000000000
28268  41.209  -47.989  -1.802 0.0000000000
28269  40.157  -47.972  -1.629 0.0000000000
28270  38.435  -47.555  -1.377 0.0000000000
28271  37.454  -47.476  -1.530 0.0000000000
28272  35.527  -46.862  -2.534 0.0000000000
28276  51.395  -48.614  -3.599 0.0000000000
28277  50.512  -48.349  -3.679 0.0000000000
28278  41.559  -47.965  -2.414 0.0000000000
28279  39.060  -48.005  -1.884 0.0000000000
28280  38.031  -47.924  -2.127 0.0000000000
28281  36.918  -47.767  -2.481 0.0000000000
28282  35.853  -47.303  -3.023 0.0000000000
28283  35.121  -46.638  -3.352 0.0000000000
28298  52.581  -48.355  -3.367 0.0000000000
28299  51.864  -48.555  -3.797 0.0000000000
28300  51.037  -48.991  -4.245 0.0000000000
28301  50.007  -48.486  -4.084 0.0000000000
28302  41.576  -47.991  -3.505 0.0000000000
28303  36.384  -47.886  -3.680 0.0000000000
28304  35.776  -47.564  -4.740 0.0000000000
28305  35.343  -47.110  -4.113 0.0000000000
28315  51.366  -48.830  -4.443 0.0000000000
28316  50.906  -49.071  -4.633 0.0000000000
28317  50.471  -49.119  -4.644 0.0000000000
28318  49.575  -48.653  -4.612 0.0000000000
28319  41.414  -47.431  -5.267 0.0000000000
28320  35.773  -47.347  -5.313 0.0000000000
28321  35.409  -47.083  -4.812 0.0000000000
28328  50.451  -48.590  -5.755 0.0000000000
28329  48.409  -48.285  -5.379 0.0000000000
28330  47.651  -47.905  -5.893 0.0000000000
28331  41.478  -47.918  -5.875 0.0000000000
28332  37.375  -47.450  -6.161 0.0000000000
28333  36.521  -47.519  -5.982 0.0000000000
28342  50.287  -48.268  -6.628 0.0000000000
28344  41.542  -47.858  -6.595 0.0000000000
28345  38.716  -47.948  -6.929 0.0000000000
28346  37.454  -48.072  -6.845 0.0000000000
28354  50.438  -47.878  -7.612 0.0000000000
28355  47.353  -48.592  -7.017 0.0000000000
28358  41.654  -47.996  -7.348 0.0000000000
28359  40.143  -47.182  -7.995 0.0000000000
28360  39.484  -47.786  -7.393 0.0000000000
28368  50.456  -47.592  -8.572 0.0000000000
28369  50.153  -48.485  -8.668 0.0000000000
28370  46.459  -47.882  -8.353 0.0000000000
28373  42.387  -47.651  -8.655 0.0000000000
28374  41.824  -48.284  -8.101 0.0000000000
28375  40.327  -47.441  -8.779 0.0000000000
28376  39.791  -48.217  -8.174 0.0000000000
28383  50.288  -47.050  -9.276 0.0000000000
28384  50.062  -47.909  -9.280 0.0000000000
28385  46.244  -48.148  -9.212 0.0000000000
28386  45.522  -47.687  -9.589 0.0000000000
28387  44.603  -47.615  -9.896 0.0000000000
28388  43.546  -47.644  -9.737 0.0000000000
28389  42.703  -47.985  -9.435 0.0000000000
28390  40.472  -47.738  -9.637 0.0000000000
28397  49.496  -48.329  -9.840 0.0000000000
28398  49.027  -47.720  -10.346 0.0000000000
28399  44.716  -48.296  -10.486 0.0000000000
28400  43.952  -48.147  -10.409 0.0000000000
28401  40.657  -48.026  -10.492 0.0000000000
28407  48.391  -47.725  -10.883 0.0000000000
28408  47.782  -47.805  -11.588 0.0000000000
28409  41.422  -47.369  -12.421 0.0000000000
28410  40.751  -46.992  -11.311 0.0000000000
28415  47.374  -48.234  -12.290 0.0000000000
28416  46.842  -48.299  -13.216 0.0000000000
28417  43.765  -47.434  -14.516 0.0000000000
28418  42.838  -47.634  -13.817 0.0000000000
28419  41.951  -47.454  -13.050 0.0000000000
28423  46.433  -47.502  -14.462 0.0000000000
28424  43.496  -48.088  -15.072 0.0000000000
28425  42.917  -48.341  -14.421 0.0000000000
28434  45.292  -47.092  -15.998 0.0000000000
28435  44.491  -47.115  -16.006 0.0000000000
28436  43.875  -48.370  -16.139 0.0000000000
29279  38.456  -46.694  0.493 0.0000000000
29295  39.185  -46.925  0.033 0.0000000000
29296  38.418  -46.858  -0.180 0.0000000000
29297  37.648  -46.664  0.038 0.0000000000
29298  36.107  -46.704  -0.830 0.0000000000
29299  35.301  -46.364  -0.937 0.0000000000
29300  34.550  -46.010  -1.242 0.0000000000
29310  42.094  -46.955  -1.960 0.0000000000
29311  35.544  -46.649  -1.728 0.0000000000
29312  34.892  -46.358  -2.610 0.0000000000
29313  34.364  -45.909  -2.266 0.0000000000
29321  52.225  -48.509  -3.154 0.0000000000
29322  51.159  -47.826  -2.810 0.0000000000
29323  50.235  -46.789  -2.713 0.0000000000
29324  41.781  -47.014  -2.656 0.0000000000
29325  34.548  -45.969  -3.128 0.0000000000
29340  52.641  -48.162  -3.723 0.0000000000
29341  51.970  -48.158  -4.246 0.0000000000
29342  51.205  -47.260  -4.645 0.0000000000
29343  49.867  -47.040  -3.212 0.0000000000
29344  49.487  -47.318  -3.733 0.0000000000
29345  41.464  -46.908  -3.680 0.0000000000
29346  35.055  -46.386  -3.874 0.0000000000
29358  51.129  -48.084  -4.989 0.0000000000
29359  49.034  -47.561  -4.303 0.0000000000
29360  48.072  -46.765  -4.647 0.0000000000
29361  41.349  -46.921  -4.621 0.0000000000
29362  37.800  -46.376  -4.899 0.0000000000
29363  35.801  -46.683  -4.943 0.0000000000
29364  35.329  -46.613  -4.421 0.0000000000
29371  50.980  -48.861  -5.059 0.0000000000
29373  48.608  -47.840  -4.844 0.0000000000
29374  47.648  -47.177  -5.326 0.0000000000
29377  38.379  -46.690  -5.503 0.0000000000
29378  37.097  -46.946  -5.585 0.0000000000
29379  36.202  -47.127  -5.558 0.0000000000
29393  39.288  -46.530  -5.994 0.0000000000
29394  38.568  -47.342  -6.272 0.0000000000
29408  39.955  -46.780  -7.384 0.0000000000
29420  40.291  -46.296  -8.668 0.0000000000
29429  50.531  -46.495  -8.878 0.0000000000
29430  50.090  -46.261  -9.463 0.0000000000
29433  40.430  -46.567  -9.630 0.0000000000
29440  48.622  -46.702  -10.556 0.0000000000
29441  40.559  -46.837  -10.461 0.0000000000
29445  47.882  -45.982  -11.269 0.0000000000
29446  47.489  -46.770  -12.022 0.0000000000
29447  44.926  -46.275  -12.779 0.0000000000
29448  44.190  -46.480  -12.372 0.0000000000
29449  43.166  -46.320  -12.108 0.0000000000
29450  42.329  -46.434  -12.359 0.0000000000
29451  41.512  -46.063  -11.901 0.0000000000
29452  40.867  -46.145  -11.518 0.0000000000
29455  47.290  -46.424  -13.255 0.0000000000
29456  47.108  -47.328  -12.982 0.0000000000
29457  44.616  -46.355  -14.536 0.0000000000
29458  44.314  -46.851  -13.692 0.0000000000
29459  43.309  -46.946  -13.065 0.0000000000
29460  42.324  -46.975  -12.987 0.0000000000
29461  41.684  -46.755  -12.507 0.0000000000
29466  46.815  -46.148  -14.748 0.0000000000
29467  45.995  -46.558  -15.611 0.0000000000
29468  44.743  -46.157  -16.001 0.0000000000
29469  44.311  -46.979  -15.635 0.0000000000
29480  44.961  -46.188  -16.152 0.0000000000
30360  33.931  -45.750  -0.697 0.0000000000
30373  33.938  -45.653  -1.725 0.0000000000
30403  52.387  -47.118  -3.878 0.0000000000
30404  51.368  -46.477  -4.127 0.0000000000
30410  36.333  -45.531  -3.788 0.0000000000
30411  34.867  -45.806  -3.502 0.0000000000
30426  48.522  -46.424  -4.003 0.0000000000
30433  36.497  -46.047  -4.426 0.0000000000
30434  35.652  -46.126  -4.321 0.0000000000
30435  35.178  -46.144  -4.102 0.0000000000
30451  39.160  -45.870  -5.307 0.0000000000
30452  38.544  -46.019  -4.870 0.0000000000
30468  39.653  -45.531  -6.099 0.0000000000
30481  39.861  -44.803  -8.243 0.0000000000
30492  40.234  -45.502  -9.718 0.0000000000
30493  40.040  -45.155  -8.926 0.0000000000
30503  49.807  -45.341  -9.554 0.0000000000
30504  40.478  -45.817  -10.495 0.0000000000
30512  48.905  -44.943  -10.155 0.0000000000
30513  48.180  -45.069  -10.941 0.0000000000
30514  45.814  -44.974  -11.315 0.0000000000
30515  45.235  -45.395  -10.977 0.0000000000
30516  44.227  -45.493  -10.795 0.0000000000
30517  43.052  -45.346  -10.875 0.0000000000
30518  41.964  -45.112  -11.062 0.0000000000
30519  41.149  -45.079  -11.154 0.0000000000
30520  40.740  -45.540  -11.098 0.0000000000
30524  47.826  -45.222  -11.760 0.0000000000
30525  47.559  -45.790  -12.382 0.0000000000
30526  45.706  -45.114  -12.405 0.0000000000
30527  45.398  -45.629  -11.977 0.0000000000
30528  44.754  -45.939  -11.650 0.0000000000
30529  43.664  -45.932  -11.483 0.0000000000
30530  42.438  -45.753  -11.612 0.0000000000
30531  41.593  -45.482  -11.454 0.0000000000
30532  41.086  -45.606  -11.477 0.0000000000
30536  47.427  -45.645  -13.687 0.0000000000
30537  45.259  -45.791  -13.297 0.0000000000
30543  46.937  -45.504  -14.986 0.0000000000
30544  45.680  -45.622  -16.027 0.0000000000
30545  44.785  -45.283  -15.406 0.0000000000
30557  45.191  -44.817  -16.283 0.0000000000
30558  44.964  -45.177  -16.169 0.0000000000
30564  44.906  -44.656  -16.281 0.0000000000
31523  39.570  -44.007  -7.029 0.0000000000
31534  39.574  -44.055  -8.068 0.0000000000
31544  40.059  -44.631  -9.706 0.0000000000
31545  39.702  -44.145  -9.099 0.0000000000
31555  46.025  -44.064  -9.878 0.0000000000
31556  45.202  -44.411  -9.569 0.0000000000
31557  44.119  -44.506  -9.526 0.0000000000
31558  42.908  -44.294  -9.636 0.0000000000
31559  41.921  -44.204  -10.111 0.0000000000
31560  41.065  -43.766  -10.164 0.0000000000
31561  40.172  -43.901  -9.894 0.0000000000
31569  49.014  -43.931  -9.998 0.0000000000
31570  48.480  -44.211  -10.766 0.0000000000
31571  46.199  -44.291  -10.801 0.0000000000
31572  45.615  -44.718  -10.399 0.0000000000
31573  44.737  -44.997  -10.147 0.0000000000
31574  43.569  -44.917  -10.180 0.0000000000
31575  42.451  -44.714  -10.429 0.0000000000
31576  41.453  -44.578  -10.636 0.0000000000
31580  48.126  -44.531  -11.707 0.0000000000
31584  48.165  -44.144  -12.457 0.0000000000
31585  47.763  -44.899  -12.752 0.0000000000
31586  45.721  -44.373  -13.134 0.0000000000
31587  45.345  -45.149  -13.716 0.0000000000
31596  47.529  -44.942  -14.184 0.0000000000
31597  44.935  -44.296  -14.883 0.0000000000
31610  46.578  -44.828  -15.538 0.0000000000
31611  45.735  -44.288  -16.119 0.0000000000
31612  44.820  -44.323  -16.099 0.0000000000
31617  44.987  -44.146  -16.229 0.0000000000
32578  45.044  -42.934  -7.890 0.0000000000
32579  44.165  -43.147  -7.917 0.0000000000
32580  43.433  -42.667  -7.479 0.0000000000
32581  39.341  -43.263  -7.789 0.0000000000
32589  46.088  -42.876  -8.793 0.0000000000
32590  44.838  -43.468  -8.399 0.0000000000
32591  43.158  -43.239  -8.219 0.0000000000
32592  42.125  -43.098  -8.765 0.0000000000
32593  39.537  -43.305  -8.761 0.0000000000
32599  49.947  -43.788  -9.389 0.0000000000
32600  46.259  -43.272  -9.505 0.0000000000
32601  45.579  -43.658  -9.019 0.0000000000
32602  44.590  -44.020  -8.952 0.0000000000
32603  42.920  -43.699  -8.931 0.0000000000
32604  42.007  -43.681  -9.558 0.0000000000
32605  41.252  -43.042  -9.542 0.0000000000
32606  40.454  -43.170  -9.677 0.0000000000
32607  39.859  -43.399  -9.401 0.0000000000
32615  49.335  -43.162  -9.889 0.0000000000
32616  48.726  -43.109  -10.679 0.0000000000
32617  46.443  -43.437  -10.476 0.0000000000
32620  48.388  -43.708  -11.680 0.0000000000
32621  46.404  -43.807  -11.326 0.0000000000
32625  48.371  -43.471  -12.636 0.0000000000
32626  48.000  -44.120  -13.484 0.0000000000
32627  46.211  -43.512  -12.441 0.0000000000
32636  48.279  -43.342  -13.448 0.0000000000
32637  47.710  -43.507  -14.452 0.0000000000
32638  45.405  -43.456  -14.114 0.0000000000
32639  44.934  -43.470  -15.477 0.0000000000
32649  46.716  -43.950  -15.437 0.0000000000
32650  45.657  -43.619  -16.013 0.0000000000
32651  44.929  -43.551  -15.976 0.0000000000
32656  45.114  -43.458  -16.023 0.0000000000
33603  44.031  -42.128  -6.794 0.0000000000
33604  43.105  -42.083  -6.844 0.0000000000
33616  45.844  -42.056  -7.871 0.0000000000
33617  45.291  -42.327  -7.555 0.0000000000
33618  44.499  -42.558  -7.386 0.0000000000
33619  42.516  -42.361  -7.520 0.0000000000
33620  41.333  -41.814  -8.407 0.0000000000
33621  39.091  -42.419  -7.530 0.0000000000
33627  46.177  -42.164  -8.416 0.0000000000
33628  45.697  -42.593  -8.134 0.0000000000
33629  42.594  -42.805  -8.012 0.0000000000
33630  41.302  -42.429  -8.995 0.0000000000
33631  40.601  -42.024  -8.965 0.0000000000
33632  39.787  -41.759  -8.740 0.0000000000
33637  50.022  -42.716  -9.515 0.0000000000
33638  46.551  -42.545  -9.874 0.0000000000
33639  40.696  -42.605  -9.358 0.0000000000
33640  39.932  -42.614  -9.217 0.0000000000
33647  49.433  -42.319  -10.234 0.0000000000
33648  46.593  -42.537  -10.981 0.0000000000
33650  49.015  -42.041  -11.124 0.0000000000
33651  48.615  -42.778  -11.849 0.0000000000
33652  46.381  -42.520  -12.182 0.0000000000
33657  48.587  -42.706  -12.897 0.0000000000
33658  45.665  -42.493  -13.636 0.0000000000
33671  48.280  -42.745  -13.946 0.0000000000
33672  46.619  -43.067  -15.441 0.0000000000
33673  45.177  -42.665  -14.912 0.0000000000
33674  45.119  -43.049  -15.528 0.0000000000
33686  47.760  -41.892  -14.615 0.0000000000
33687  46.397  -42.023  -15.371 0.0000000000
33688  45.618  -42.917  -15.723 0.0000000000
33689  45.226  -43.016  -15.640 0.0000000000
34525  45.266  -41.153  -6.747 0.0000000000
34526  44.465  -41.438  -6.409 0.0000000000
34530  39.077  -41.427  -8.020 0.0000000000
34531  38.697  -41.116  -7.009 0.0000000000
34541  46.143  -41.488  -8.015 0.0000000000
34542  45.586  -41.634  -7.397 0.0000000000
34543  44.905  -41.927  -6.971 0.0000000000
34547  38.953  -40.554  -7.829 0.0000000000
34551  52.872  -41.070  -9.414 0.0000000000
34552  52.007  -41.400  -8.340 0.0000000000
34553  51.250  -41.920  -8.487 0.0000000000
34554  46.449  -41.562  -8.752 0.0000000000
34555  40.688  -41.173  -8.539 0.0000000000
34556  39.838  -40.909  -8.567 0.0000000000
34560  51.828  -41.407  -9.521 0.0000000000
34561  50.995  -41.371  -10.138 0.0000000000
34562  50.152  -41.909  -9.895 0.0000000000
34563  46.597  -41.676  -9.542 0.0000000000
34571  52.099  -40.935  -10.584 0.0000000000
34572  51.675  -40.667  -11.253 0.0000000000
34573  50.050  -41.423  -10.749 0.0000000000
34574  46.637  -41.738  -10.498 0.0000000000
34578  50.774  -40.821  -11.870 0.0000000000
34579  49.926  -41.083  -12.456 0.0000000000
34580  46.509  -41.735  -11.646 0.0000000000
34584  49.398  -41.359  -13.239 0.0000000000
34585  48.740  -42.032  -13.541 0.0000000000
34586  45.967  -41.517  -13.143 0.0000000000
34599  48.490  -41.086  -14.214 0.0000000000
34600  45.460  -41.676  -14.598 0.0000000000
34601  45.359  -42.379  -15.259 0.0000000000
34614  46.934  -41.035  -15.057 0.0000000000
34615  45.922  -41.144  -15.302 0.0000000000
34616  45.622  -41.418  -15.133 0.0000000000
35472  52.700  -40.279  -7.152 0.0000000000
35475  45.455  -40.257  -6.641 0.0000000000
35485  55.001  -39.947  -8.594 0.0000000000
35486  54.270  -40.348  -8.369 0.0000000000
35487  53.333  -40.680  -7.984 0.0000000000
35488  52.309  -40.852  -7.641 0.0000000000
35489  45.934  -40.725  -7.420 0.0000000000
35493  54.518  -40.205  -9.229 0.0000000000
35494  53.750  -40.682  -9.131 0.0000000000
35495  52.866  -41.026  -8.488 0.0000000000
35496  40.522  -40.294  -8.391 0.0000000000
35497  39.695  -40.228  -8.405 0.0000000000
35501  54.088  -40.239  -9.783 0.0000000000
35502  53.519  -40.447  -10.059 0.0000000000
35503  52.802  -40.713  -10.364 0.0000000000
35504  46.600  -40.994  -9.188 0.0000000000
35511  53.116  -40.143  -10.657 0.0000000000
35512  52.471  -40.265  -11.089 0.0000000000
35516  51.858  -40.184  -12.137 0.0000000000
35517  46.476  -40.229  -11.928 0.0000000000
35520  50.969  -40.125  -13.318 0.0000000000
35521  51.149  -40.417  -12.752 0.0000000000
35522  45.961  -40.544  -13.282 0.0000000000
35535  50.264  -39.826  -13.781 0.0000000000
35536  49.746  -40.562  -13.586 0.0000000000
35537  49.003  -40.186  -14.197 0.0000000000
35538  45.747  -40.258  -14.404 0.0000000000
35550  47.587  -40.268  -14.738 0.0000000000
35551  46.347  -40.289  -15.068 0.0000000000
35552  46.380  -39.631  -14.763 0.0000000000
36335  54.186  -39.490  -6.915 0.0000000000
36339  45.534  -39.383  -6.535 0.0000000000
36351  54.751  -39.825  -7.711 0.0000000000
36352  53.740  -40.089  -7.433 0.0000000000
36353  46.278  -39.315  -7.732 0.0000000000
36354  45.936  -39.776  -7.192 0.0000000000
36362  46.482  -39.708  -8.435 0.0000000000
36368  54.456  -39.920  -9.689 0.0000000000
36369  53.788  -40.008  -10.247 0.0000000000
36370  51.964  -39.554  -10.596 0.0000000000
36372  46.654  -39.413  -9.957 0.0000000000
36379  52.522  -40.100  -11.098 0.0000000000
36380  51.768  -39.737  -11.505 0.0000000000
36381  46.612  -39.620  -10.923 0.0000000000
36385  52.165  -40.154  -11.607 0.0000000000
36386  51.598  -40.268  -12.326 0.0000000000
36387  46.499  -39.405  -12.016 0.0000000000
36394  51.234  -39.645  -13.264 0.0000000000
36395  46.109  -39.552  -13.387 0.0000000000
36406  50.814  -39.286  -13.641 0.0000000000
36407  46.147  -39.420  -14.481 0.0000000000
36417  48.116  -39.472  -14.548 0.0000000000
36418  46.998  -38.968  -14.805 0.0000000000
36419  46.582  -38.908  -14.565 0.0000000000
37148  45.579  -38.518  -6.470 0.0000000000
37160  46.444  -38.028  -8.280 0.0000000000
37161  46.271  -38.523  -7.678 0.0000000000
37173  46.568  -38.298  -9.002 0.0000000000
37184  54.851  -39.333  -9.387 0.0000000000
37185  54.046  -39.442  -9.746 0.0000000000
37188  46.656  -38.477  -9.882 0.0000000000
37193  46.662  -38.237  -10.829 0.0000000000
37196  46.435  -38.731  -12.594 0.0000000000
37205  50.949  -38.896  -13.368 0.0000000000
37206  46.220  -38.642  -13.854 0.0000000000
37212  50.606  -38.457  -13.820 0.0000000000
37213  50.156  -39.046  -14.054 0.0000000000
37214  46.447  -38.634  -14.351 0.0000000000
37223  49.823  -38.239  -14.126 0.0000000000
37224  49.038  -38.877  -14.292 0.0000000000
37225  47.343  -38.153  -14.643 0.0000000000
37226  46.771  -38.168  -14.521 0.0000000000
38036  45.619  -37.525  -6.481 0.0000000000
38050  46.401  -37.145  -8.160 0.0000000000
38051  46.104  -37.278  -7.297 0.0000000000
38069  46.545  -37.500  -8.891 0.0000000000
38080  46.666  -37.004  -9.533 0.0000000000
38083  46.728  -37.478  -10.313 0.0000000000
38093  50.526  -37.459  -12.570 0.0000000000
38094  50.010  -37.853  -11.339 0.0000000000
38095  46.710  -37.560  -11.219 0.0000000000
38105  50.646  -37.832  -13.453 0.0000000000
38111  50.246  -37.583  -13.886 0.0000000000
38112  49.738  -36.755  -13.984 0.0000000000
38113  46.495  -37.865  -14.144 0.0000000000
38120  49.259  -37.429  -14.163 0.0000000000
38121  48.033  -37.217  -14.607 0.0000000000
38122  47.150  -37.397  -14.613 0.0000000000
38123  46.797  -37.500  -14.447 0.0000000000
39007  45.431  -36.699  -6.175 0.0000000000
39024  46.249  -36.411  -7.664 0.0000000000
39025  45.866  -36.594  -6.880 0.0000000000
39038  46.491  -36.184  -8.494 0.0000000000
39047  46.727  -36.050  -9.389 0.0000000000
39055  46.856  -36.477  -10.232 0.0000000000
39066  50.312  -36.332  -12.227 0.0000000000
39067  50.096  -36.892  -11.706 0.0000000000
39068  46.914  -36.230  -11.904 0.0000000000
39073  50.481  -36.523  -12.954 0.0000000000
39074  46.734  -36.323  -13.067 0.0000000000
39079  50.289  -36.854  -13.519 0.0000000000
39080  47.195  -35.883  -14.375 0.0000000000
39081  46.707  -36.437  -14.087 0.0000000000
39088  48.839  -36.756  -14.281 0.0000000000
39089  48.178  -36.437  -14.550 0.0000000000
39090  47.493  -36.572  -14.588 0.0000000000
39091  46.941  -36.829  -14.462 0.0000000000
40083  45.604  -35.908  -6.511 0.0000000000
40094  46.367  -35.518  -8.031 0.0000000000
40095  46.047  -35.717  -7.255 0.0000000000
40108  46.622  -35.334  -8.822 0.0000000000
40133  47.182  -34.866  -10.400 0.0000000000
40134  47.016  -35.629  -10.207 0.0000000000
40141  50.237  -35.620  -11.935 0.0000000000
40142  47.288  -34.828  -11.285 0.0000000000
40143  47.142  -35.465  -11.623 0.0000000000
40148  50.334  -35.701  -12.613 0.0000000000
40149  50.162  -35.000  -13.075 0.0000000000
40150  47.149  -34.783  -13.350 0.0000000000
40151  46.978  -35.511  -12.683 0.0000000000
40156  50.160  -35.896  -13.308 0.0000000000
40157  49.497  -35.230  -13.884 0.0000000000
40158  47.316  -34.756  -14.108 0.0000000000
40159  46.902  -35.506  -13.878 0.0000000000
40165  48.934  -36.005  -14.244 0.0000000000
40166  48.408  -35.085  -14.435 0.0000000000
40167  47.621  -34.999  -14.402 0.0000000000
41187  46.175  -34.903  -7.605 0.0000000000
41188  45.770  -35.059  -6.857 0.0000000000
41200  46.460  -34.637  -8.343 0.0000000000
41216  47.061  -34.112  -9.779 0.0000000000
41217  46.746  -34.624  -9.081 0.0000000000
41230  49.743  -34.509  -10.743 0.0000000000
41231  47.346  -34.175  -10.892 0.0000000000
41238  50.027  -34.322  -11.659 0.0000000000
41239  47.438  -33.646  -12.753 0.0000000000
41242  49.917  -34.126  -12.690 0.0000000000
41243  47.461  -33.952  -13.820 0.0000000000
41247  49.516  -34.329  -13.605 0.0000000000
41248  48.759  -34.406  -14.270 0.0000000000
41249  47.760  -34.170  -14.291 0.0000000000
41255  48.067  -34.421  -14.483 0.0000000000
42191  46.357  -33.793  -8.076 0.0000000000
42192  45.992  -33.273  -7.425 0.0000000000
42207  46.641  -33.262  -8.670 0.0000000000
42220  49.529  -33.348  -9.531 0.0000000000
42221  47.366  -33.397  -10.592 0.0000000000
42222  47.145  -33.178  -9.734 0.0000000000
42233  49.854  -33.750  -11.052 0.0000000000
42234  47.452  -33.526  -11.632 0.0000000000
42242  49.885  -33.580  -11.923 0.0000000000
42243  47.528  -32.887  -12.540 0.0000000000
42249  49.638  -33.222  -12.787 0.0000000000
42250  47.643  -33.036  -13.725 0.0000000000
42256  49.338  -33.540  -13.551 0.0000000000
42257  48.177  -33.803  -14.387 0.0000000000
42258  47.888  -33.235  -14.190 0.0000000000
43196  46.356  -32.878  -8.051 0.0000000000
43211  46.693  -32.428  -8.669 0.0000000000
43218  49.766  -32.621  -9.746 0.0000000000
43219  47.399  -32.535  -10.352 0.0000000000
43220  47.115  -32.406  -9.459 0.0000000000
43224  49.823  -33.015  -11.276 0.0000000000
43225  47.521  -32.729  -11.393 0.0000000000
43232  49.781  -32.355  -11.722 0.0000000000
43233  47.592  -32.081  -12.355 0.0000000000
43240  49.597  -32.427  -12.747 0.0000000000
43241  47.696  -32.273  -13.527 0.0000000000
43249  49.133  -32.629  -13.717 0.0000000000
43250  48.318  -32.483  -14.159 0.0000000000
43251  47.929  -32.519  -14.083 0.0000000000
44162  50.276  -31.251  -8.450 0.0000000000
44163  49.924  -31.966  -8.998 0.0000000000
44164  46.515  -31.621  -8.358 0.0000000000
44170  50.381  -31.235  -9.312 0.0000000000
44171  50.030  -31.919  -9.954 0.0000000000
44172  47.408  -31.571  -10.020 0.0000000000
44173  46.970  -31.664  -9.065 0.0000000000
44179  50.206  -31.104  -10.263 0.0000000000
44180  49.920  -31.929  -10.926 0.0000000000
44181  47.579  -31.851  -11.165 0.0000000000
44186  49.704  -31.536  -12.448 0.0000000000
44187  47.654  -31.225  -12.159 0.0000000000
44191  49.235  -31.772  -13.579 0.0000000000
44192  47.765  -31.503  -13.338 0.0000000000
44198  48.855  -31.269  -14.009 0.0000000000
44199  48.249  -31.766  -14.003 0.0000000000
45145  51.078  -30.084  -7.682 0.0000000000
45146  50.621  -30.660  -7.876 0.0000000000
45155  52.656  -30.255  -9.087 0.0000000000
45156  51.347  -30.404  -8.268 0.0000000000
45157  50.848  -30.794  -8.704 0.0000000000
45163  51.600  -30.463  -9.114 0.0000000000
45164  50.751  -30.346  -9.740 0.0000000000
45165  47.379  -30.569  -10.082 0.0000000000
45166  46.967  -30.270  -9.318 0.0000000000
45172  50.429  -30.350  -10.668 0.0000000000
45173  50.012  -30.976  -11.365 0.0000000000
45174  47.614  -30.919  -11.016 0.0000000000
45180  50.367  -29.937  -11.699 0.0000000000
45181  49.900  -30.541  -12.418 0.0000000000
45182  47.665  -30.311  -12.035 0.0000000000
45188  48.396  -30.295  -13.852 0.0000000000
45189  47.799  -30.692  -13.179 0.0000000000
45194  48.999  -30.345  -14.139 0.0000000000
45195  48.597  -30.998  -13.967 0.0000000000
45196  48.168  -31.075  -13.762 0.0000000000
46182  53.501  -29.623  -8.424 0.0000000000
46183  52.569  -29.579  -7.936 0.0000000000
46184  51.829  -29.881  -7.878 0.0000000000
46191  55.788  -29.416  -9.492 0.0000000000
46192  55.094  -29.715  -9.326 0.0000000000
46193  53.584  -30.080  -9.060 0.0000000000
46194  52.702  -30.013  -8.510 0.0000000000
46195  45.982  -29.089  -8.616 0.0000000000
46201  55.219  -29.519  -9.846 0.0000000000
46202  53.521  -29.769  -9.658 0.0000000000
46203  52.277  -29.786  -9.795 0.0000000000
46204  51.270  -29.801  -9.972 0.0000000000
46205  47.162  -29.630  -10.065 0.0000000000
46206  46.607  -29.349  -9.295 0.0000000000
46213  54.857  -29.237  -10.274 0.0000000000
46214  54.210  -29.363  -10.162 0.0000000000
46215  53.233  -29.153  -10.566 0.0000000000
46216  51.858  -29.272  -10.897 0.0000000000
46217  50.892  -29.790  -10.676 0.0000000000
46218  46.739  -28.619  -10.080 0.0000000000
46224  51.956  -28.723  -12.805 0.0000000000
46225  50.865  -29.346  -12.842 0.0000000000
46226  50.038  -29.886  -13.105 0.0000000000
46227  47.528  -29.278  -11.997 0.0000000000
46233  50.372  -29.121  -13.992 0.0000000000
46234  48.379  -29.258  -13.814 0.0000000000
46235  47.825  -29.758  -13.100 0.0000000000
46240  49.427  -29.364  -14.143 0.0000000000
46241  48.868  -29.665  -14.131 0.0000000000
47193  57.224  -28.862  -8.795 0.0000000000
47194  56.343  -29.033  -8.580 0.0000000000
47195  55.084  -28.898  -8.257 0.0000000000
47196  53.877  -28.875  -7.981 0.0000000000
47197  52.828  -28.915  -7.661 0.0000000000
47205  57.135  -28.951  -9.161 0.0000000000
47206  56.576  -29.277  -9.131 0.0000000000
47207  55.719  -29.503  -8.933 0.0000000000
47208  54.631  -29.533  -8.689 0.0000000000
47209  46.113  -28.300  -9.336 0.0000000000
47210  45.236  -28.012  -8.686 0.0000000000
47214  56.298  -29.151  -9.551 0.0000000000
47215  55.502  -29.227  -10.035 0.0000000000
47220  54.039  -29.207  -10.642 0.0000000000
47221  53.235  -28.638  -10.897 0.0000000000
47222  52.438  -28.607  -11.750 0.0000000000
47223  46.676  -27.835  -10.999 0.0000000000
47230  52.516  -28.301  -11.880 0.0000000000
47231  52.185  -28.321  -12.734 0.0000000000
47232  47.245  -28.011  -12.023 0.0000000000
47238  51.804  -28.178  -13.639 0.0000000000
47239  51.045  -28.303  -14.368 0.0000000000
47240  48.378  -28.216  -13.876 0.0000000000
47241  47.761  -28.669  -13.075 0.0000000000
47247  50.275  -27.775  -14.555 0.0000000000
47248  49.995  -28.538  -14.475 0.0000000000
47249  49.070  -28.845  -14.237 0.0000000000
48170  58.946  -27.254  -8.054 0.0000000000
48171  58.431  -27.570  -8.226 0.0000000000
48172  57.686  -28.151  -8.340 0.0000000000
48173  56.882  -28.462  -8.278 0.0000000000
48174  55.588  -28.028  -7.817 0.0000000000
48183  57.713  -28.347  -8.728 0.0000000000
48184  44.671  -26.923  -8.976 0.0000000000
48185  44.289  -27.360  -8.326 0.0000000000
48191  57.516  -28.347  -9.167 0.0000000000
48192  56.664  -28.684  -9.572 0.0000000000
48193  55.724  -28.897  -10.072 0.0000000000
48194  53.823  -27.833  -10.370 0.0000000000
48195  45.699  -26.564  -10.352 0.0000000000
48196  45.436  -27.211  -9.548 0.0000000000
48200  54.923  -29.021  -10.515 0.0000000000
48201  53.074  -28.160  -11.006 0.0000000000
48202  46.376  -27.079  -11.816 0.0000000000
48203  45.897  -26.816  -11.207 0.0000000000
48211  52.047  -27.872  -12.845 0.0000000000
48212  46.837  -26.874  -12.519 0.0000000000
48218  51.410  -27.493  -13.455 0.0000000000
48219  51.065  -27.652  -14.202 0.0000000000
48220  49.294  -27.145  -14.244 0.0000000000
48221  48.344  -27.257  -13.916 0.0000000000
48222  47.594  -27.521  -13.251 0.0000000000
48227  49.229  -27.928  -14.399 0.0000000000
49197  59.034  -27.005  -8.026 0.0000000000
49198  58.887  -27.244  -8.028 0.0000000000
49199  58.181  -27.521  -7.879 0.0000000000
49203  44.515  -26.404  -8.224 0.0000000000
49210  58.758  -27.259  -8.222 0.0000000000
49211  57.638  -27.528  -9.142 0.0000000000
49212  56.662  -27.595  -9.468 0.0000000000
49213  45.351  -26.167  -9.335 0.0000000000
49214  44.756  -26.527  -8.876 0.0000000000
49215  44.218  -26.782  -8.404 0.0000000000
49218  54.368  -27.107  -9.687 0.0000000000
49219  53.180  -26.565  -9.772 0.0000000000
49220  45.663  -26.200  -10.210 0.0000000000
49221  45.289  -26.524  -9.504 0.0000000000
49226  52.563  -27.048  -10.501 0.0000000000
49227  52.011  -27.325  -11.535 0.0000000000
49228  46.286  -25.968  -11.646 0.0000000000
49229  45.839  -26.214  -11.101 0.0000000000
49233  51.091  -26.572  -12.574 0.0000000000
49234  50.405  -25.545  -13.118 0.0000000000
49235  49.173  -25.984  -13.207 0.0000000000
49236  47.919  -26.157  -12.978 0.0000000000
49237  46.936  -26.336  -12.368 0.0000000000
49238  46.238  -26.441  -11.777 0.0000000000
49243  50.542  -26.614  -13.549 0.0000000000
49244  49.578  -26.474  -13.772 0.0000000000
49245  48.532  -26.578  -13.661 0.0000000000
49246  47.588  -26.698  -13.202 0.0000000000
50204  59.260  -26.041  -7.914 0.0000000000
50205  59.004  -26.743  -7.919 0.0000000000
50206  56.226  -26.272  -7.463 0.0000000000
50209  46.071  -25.475  -7.608 0.0000000000
50210  45.243  -25.943  -7.655 0.0000000000
50221  58.978  -26.795  -8.166 0.0000000000
50222  58.212  -26.890  -8.714 0.0000000000
50223  54.502  -25.251  -8.883 0.0000000000
50224  46.975  -25.253  -8.927 0.0000000000
50225  46.162  -25.682  -8.623 0.0000000000
50226  45.236  -26.053  -8.472 0.0000000000
50234  55.294  -26.465  -9.319 0.0000000000
50235  53.848  -25.953  -9.277 0.0000000000
50236  48.130  -25.195  -10.196 0.0000000000
50237  47.131  -25.546  -9.846 0.0000000000
50238  46.180  -25.834  -9.606 0.0000000000
50246  52.109  -25.884  -10.118 0.0000000000
50247  51.399  -25.028  -11.136 0.0000000000
50248  49.533  -24.774  -12.214 0.0000000000
50249  48.497  -25.499  -11.262 0.0000000000
50250  47.234  -25.735  -10.901 0.0000000000
50251  46.102  -25.911  -10.702 0.0000000000
50257  51.149  -24.208  -12.493 0.0000000000
50258  50.466  -24.606  -12.818 0.0000000000
50259  49.816  -24.930  -13.110 0.0000000000
50260  48.830  -25.715  -12.406 0.0000000000
50261  47.420  -25.875  -12.064 0.0000000000
50267  49.991  -25.522  -13.377 0.0000000000
51252  47.106  -23.882  -6.855 0.0000000000
51266  59.557  -24.454  -7.808 0.0000000000
51267  59.413  -24.977  -7.848 0.0000000000
51268  58.942  -25.667  -7.646 0.0000000000
51269  57.459  -25.348  -7.416 0.0000000000
51273  47.242  -24.203  -7.720 0.0000000000
51274  46.683  -24.666  -7.216 0.0000000000
51283  59.570  -25.058  -7.978 0.0000000000
51284  58.815  -24.839  -8.412 0.0000000000
51285  58.583  -25.955  -8.446 0.0000000000
51286  56.164  -24.645  -8.674 0.0000000000
51287  55.018  -24.476  -8.635 0.0000000000
51288  54.032  -24.349  -8.686 0.0000000000
51289  53.176  -23.649  -8.857 0.0000000000
51290  48.164  -24.045  -8.995 0.0000000000
51291  47.451  -24.481  -8.516 0.0000000000
51292  46.802  -24.955  -8.063 0.0000000000
51297  53.148  -24.806  -9.004 0.0000000000
51298  52.389  -23.855  -9.458 0.0000000000
51299  51.880  -23.224  -10.734 0.0000000000
51300  49.543  -23.870  -10.511 0.0000000000
51301  48.639  -24.405  -9.796 0.0000000000
51302  47.749  -24.794  -9.324 0.0000000000
51307  51.415  -23.672  -11.879 0.0000000000
51308  50.820  -23.418  -12.306 0.0000000000
51309  50.016  -23.964  -11.789 0.0000000000
51310  49.155  -24.766  -10.797 0.0000000000
51315  51.037  -23.749  -12.528 0.0000000000
51316  50.415  -24.176  -12.586 0.0000000000
52219  59.721  -23.769  -7.423 0.0000000000
52220  59.373  -23.844  -7.062 0.0000000000
52221  58.312  -23.813  -6.948 0.0000000000
52239  59.451  -24.400  -7.611 0.0000000000
52240  59.052  -24.666  -7.434 0.0000000000
52241  57.931  -24.557  -7.273 0.0000000000
52243  47.495  -23.474  -7.544 0.0000000000
52254  59.764  -23.822  -7.788 0.0000000000
52255  59.620  -24.359  -8.029 0.0000000000
52256  59.280  -24.159  -8.283 0.0000000000
52257  57.401  -23.802  -8.621 0.0000000000
52258  56.484  -23.963  -8.615 0.0000000000
52259  55.519  -23.739  -8.551 0.0000000000
52260  54.326  -23.435  -8.550 0.0000000000
52261  48.437  -23.296  -8.774 0.0000000000
52262  47.904  -23.011  -8.143 0.0000000000
52267  52.450  -22.869  -9.701 0.0000000000
52268  51.055  -22.788  -11.763 0.0000000000
52269  50.153  -23.065  -10.294 0.0000000000
52270  49.025  -23.601  -9.528 0.0000000000
52274  52.091  -22.208  -11.050 0.0000000000
52275  51.349  -22.813  -11.621 0.0000000000
52276  50.386  -23.372  -11.386 0.0000000000
52281  51.093  -23.286  -12.315 0.0000000000
53119  47.474  -22.669  -6.603 0.0000000000
53130  60.107  -23.015  -7.547 0.0000000000
53131  47.879  -22.210  -8.084 0.0000000000
53132  47.612  -22.800  -7.391 0.0000000000
53144  59.630  -23.633  -8.086 0.0000000000
53145  57.390  -22.757  -8.555 0.0000000000
53146  56.351  -22.202  -8.511 0.0000000000
53147  55.421  -22.207  -8.504 0.0000000000
53148  54.384  -22.320  -8.585 0.0000000000
53149  53.241  -22.462  -8.981 0.0000000000
53150  52.512  -22.037  -10.080 0.0000000000
53151  49.277  -22.827  -9.253 0.0000000000
53152  48.598  -22.535  -8.598 0.0000000000
53156  52.867  -21.485  -9.772 0.0000000000
53157  51.823  -21.775  -10.934 0.0000000000
53158  51.101  -22.249  -10.791 0.0000000000
53159  50.229  -22.247  -9.631 0.0000000000
53163  51.696  -22.260  -11.245 0.0000000000
54035  59.832  -22.040  -7.782 0.0000000000
54036  58.648  -21.799  -8.019 0.0000000000
54037  57.644  -21.544  -8.150 0.0000000000
54038  47.645  -21.576  -7.744 0.0000000000
54048  59.274  -22.649  -8.182 0.0000000000
54049  58.073  -22.216  -8.388 0.0000000000
54050  56.888  -21.697  -8.385 0.0000000000
54051  55.809  -21.487  -8.463 0.0000000000
54052  54.747  -21.337  -8.658 0.0000000000
54053  53.729  -21.549  -8.989 0.0000000000
54054  49.867  -21.622  -8.979 0.0000000000
54056  54.057  -20.827  -9.114 0.0000000000
54057  53.309  -20.811  -9.635 0.0000000000
54058  52.613  -21.027  -10.041 0.0000000000
54059  52.116  -21.241  -10.316 0.0000000000
54060  51.372  -21.406  -9.900 0.0000000000
54061  50.610  -21.624  -9.509 0.0000000000
55008  58.422  -20.552  -7.135 0.0000000000
55009  57.269  -20.465  -7.211 0.0000000000
55010  56.359  -20.237  -7.458 0.0000000000
55011  47.556  -20.834  -7.074 0.0000000000
55016  59.163  -21.214  -7.569 0.0000000000
55017  57.959  -21.091  -7.697 0.0000000000
55018  56.861  -20.937  -7.959 0.0000000000
55019  55.947  -20.338  -8.114 0.0000000000
55020  48.030  -21.525  -8.245 0.0000000000
55021  47.279  -20.718  -8.006 0.0000000000
55029  56.061  -20.903  -8.310 0.0000000000
55030  55.470  -20.209  -8.525 0.0000000000
55031  54.772  -20.333  -8.969 0.0000000000
55032  51.031  -20.134  -8.845 0.0000000000
55033  50.624  -20.981  -9.077 0.0000000000
55034  48.489  -20.869  -8.435 0.0000000000
55035  47.597  -20.449  -8.400 0.0000000000
55036  53.882  -20.168  -9.510 0.0000000000
55037  53.097  -20.304  -9.806 0.0000000000
55038  52.471  -20.563  -9.831 0.0000000000
55039  51.653  -20.708  -9.571 0.0000000000
56001  55.325  -19.233  -7.317 0.0000000000
56002  47.393  -19.944  -6.683 0.0000000000
56006  55.719  -19.757  -7.877 0.0000000000
56007  46.841  -20.222  -7.925 0.0000000000
56008  46.280  -19.763  -8.392 0.0000000000
56017  55.389  -19.475  -8.593 0.0000000000
56018  55.197  -19.670  -9.008 0.0000000000
56019  52.362  -19.256  -9.176 0.0000000000
56020  51.431  -19.226  -8.716 0.0000000000
56021  50.260  -19.532  -8.567 0.0000000000
56022  48.589  -19.207  -8.723 0.0000000000
56023  47.570  -19.721  -8.765 0.0000000000
56024  46.725  -19.949  -8.485 0.0000000000
56025  45.964  -19.591  -8.991 0.0000000000
56026  55.221  -18.993  -9.219 0.0000000000
56027  54.582  -19.565  -9.388 0.0000000000
56028  53.722  -19.568  -9.636 0.0000000000
56029  52.929  -19.674  -9.674 0.0000000000
56030  51.976  -19.927  -9.288 0.0000000000
56852  46.670  -19.589  -7.552 0.0000000000
56858  55.444  -19.030  -8.354 0.0000000000
56859  55.223  -18.589  -7.842 0.0000000000
56860  45.556  -19.409  -8.520 0.0000000000
56861  44.639  -19.067  -8.940 0.0000000000
56869  55.591  -18.412  -8.996 0.0000000000
56870  52.268  -18.545  -8.902 0.0000000000
56871  51.372  -18.235  -8.601 0.0000000000
56872  49.635  -18.687  -8.599 0.0000000000
56873  48.702  -18.459  -8.826 0.0000000000
56874  47.546  -18.961  -9.119 0.0000000000
56875  45.284  -19.362  -9.190 0.0000000000
56876  55.260  -18.262  -9.389 0.0000000000
56877  53.834  -18.399  -9.606 0.0000000000
56878  53.039  -18.848  -9.451 0.0000000000
57683  54.594  -18.023  -7.224 0.0000000000
57689  55.590  -18.279  -8.707 0.0000000000
57690  55.419  -17.738  -8.323 0.0000000000
57691  54.639  -17.328  -7.502 0.0000000000
57692  45.019  -19.005  -8.197 0.0000000000
57693  44.363  -18.512  -8.401 0.0000000000
57694  43.843  -17.878  -8.337 0.0000000000
57703  55.799  -17.716  -9.010 0.0000000000
57704  52.195  -17.622  -8.818 0.0000000000
57705  51.210  -17.296  -8.659 0.0000000000
57706  50.289  -17.119  -8.702 0.0000000000
57707  47.685  -17.528  -9.132 0.0000000000
57708  46.264  -18.386  -9.484 0.0000000000
57709  45.110  -19.035  -9.473 0.0000000000
57710  44.192  -18.440  -8.807 0.0000000000
57711  55.626  -17.786  -9.195 0.0000000000
57712  55.190  -17.623  -9.598 0.0000000000
57713  54.149  -17.510  -9.668 0.0000000000
57714  53.034  -17.082  -9.276 0.0000000000
58513  43.467  -16.460  -7.604 0.0000000000
58517  55.306  -16.873  -8.202 0.0000000000
58518  54.142  -16.578  -7.168 0.0000000000
58519  43.188  -17.115  -8.205 0.0000000000
58520  42.065  -15.969  -8.332 0.0000000000
58530  55.713  -17.234  -9.263 0.0000000000
58531  55.912  -17.102  -9.004 0.0000000000
58532  52.053  -16.681  -8.963 0.0000000000
58533  50.939  -16.361  -8.875 0.0000000000
58534  49.679  -16.619  -8.821 0.0000000000
58535  48.648  -16.608  -8.809 0.0000000000
58536  46.777  -17.186  -9.043 0.0000000000
58537  45.233  -17.986  -9.419 0.0000000000
58538  44.262  -18.007  -9.058 0.0000000000
58539  43.774  -17.615  -8.537 0.0000000000
58540  55.137  -16.805  -9.874 0.0000000000
58541  52.855  -16.210  -9.487 0.0000000000
58542  51.937  -15.835  -9.272 0.0000000000
59331  42.720  -15.688  -7.606 0.0000000000
59332  41.554  -15.328  -8.014 0.0000000000
59338  55.934  -15.386  -8.706 0.0000000000
59339  55.094  -15.972  -7.984 0.0000000000
59340  54.027  -15.548  -7.140 0.0000000000
59341  47.839  -15.187  -7.951 0.0000000000
59342  46.820  -15.462  -8.039 0.0000000000
59343  45.582  -15.840  -8.536 0.0000000000
59344  41.105  -15.348  -8.685 0.0000000000
59345  40.698  -15.090  -8.947 0.0000000000
59354  56.191  -15.602  -9.513 0.0000000000
59355  55.988  -16.304  -8.913 0.0000000000
59356  51.187  -15.629  -9.109 0.0000000000
59357  50.372  -15.804  -8.929 0.0000000000
59358  48.330  -15.875  -8.410 0.0000000000
59359  47.322  -16.136  -8.402 0.0000000000
59360  46.129  -16.575  -8.761 0.0000000000
59361  42.612  -16.355  -8.438 0.0000000000
59362  41.291  -15.443  -8.751 0.0000000000
59363  56.063  -15.626  -9.914 0.0000000000
59364  55.477  -15.926  -10.135 0.0000000000
59365  53.760  -15.170  -10.262 0.0000000000
59366  52.770  -15.422  -9.738 0.0000000000
59367  55.612  -15.017  -10.392 0.0000000000
59368  54.777  -15.370  -10.428 0.0000000000
60197  42.720  -13.976  -6.863 0.0000000000
60204  43.068  -14.660  -7.028 0.0000000000
60205  41.680  -14.466  -7.784 0.0000000000
60206  40.901  -13.881  -8.440 0.0000000000
60211  55.820  -14.233  -8.344 0.0000000000
60212  54.923  -14.996  -7.744 0.0000000000
60213  54.054  -14.570  -7.050 0.0000000000
60214  49.118  -14.089  -7.854 0.0000000000
60215  48.256  -14.261  -7.723 0.0000000000
60216  47.339  -14.474  -7.706 0.0000000000
60217  46.277  -14.724  -7.921 0.0000000000
60218  44.844  -15.032  -8.524 0.0000000000
60219  40.746  -14.922  -8.643 0.0000000000
60228  56.953  -13.782  -9.909 0.0000000000
60229  56.518  -14.676  -9.441 0.0000000000
60230  51.249  -14.450  -8.973 0.0000000000
60231  50.440  -14.603  -8.624 0.0000000000
60232  49.634  -14.756  -8.352 0.0000000000
60233  48.777  -14.962  -8.133 0.0000000000
60234  43.438  -14.771  -8.821 0.0000000000
60235  42.079  -14.481  -9.273 0.0000000000
60236  41.018  -14.773  -9.208 0.0000000000
60238  56.765  -13.656  -10.265 0.0000000000
60239  56.431  -14.736  -10.005 0.0000000000
60240  53.662  -14.279  -10.375 0.0000000000
60241  52.777  -14.649  -9.936 0.0000000000
60242  51.811  -15.052  -9.449 0.0000000000
60243  56.081  -14.144  -10.527 0.0000000000
60244  55.250  -14.232  -10.701 0.0000000000
60245  54.568  -14.644  -10.583 0.0000000000
61068  43.131  -13.296  -6.357 0.0000000000
61071  54.489  -12.788  -7.004 0.0000000000
61074  42.114  -13.533  -7.433 0.0000000000
61079  56.333  -13.091  -8.343 0.0000000000
61080  55.200  -13.393  -7.539 0.0000000000
61081  54.216  -13.682  -6.997 0.0000000000
61082  50.249  -13.146  -7.911 0.0000000000
61083  49.432  -13.242  -7.726 0.0000000000
61084  48.579  -13.369  -7.610 0.0000000000
61085  47.733  -13.564  -7.583 0.0000000000
61086  46.843  -13.754  -7.667 0.0000000000
61087  45.783  -13.915  -8.005 0.0000000000
61096  57.469  -12.865  -9.826 0.0000000000
61097  56.869  -13.649  -9.209 0.0000000000
61098  52.299  -13.426  -9.218 0.0000000000
61099  51.527  -13.660  -8.788 0.0000000000
61100  50.731  -13.810  -8.403 0.0000000000
61101  49.931  -13.939  -8.107 0.0000000000
61102  44.557  -13.915  -8.481 0.0000000000
61103  43.073  -13.706  -8.970 0.0000000000
61104  41.513  -13.621  -9.266 0.0000000000
61105  40.650  -14.386  -9.072 0.0000000000
61110  57.283  -13.051  -10.138 0.0000000000
61111  53.769  -13.497  -10.252 0.0000000000
61112  52.865  -13.879  -9.921 0.0000000000
61113  52.054  -14.187  -9.453 0.0000000000
61114  57.044  -12.802  -10.451 0.0000000000
61115  56.364  -13.380  -10.586 0.0000000000
61116  55.568  -13.544  -10.712 0.0000000000
61117  54.603  -13.847  -10.646 0.0000000000
62050  43.527  -12.559  -5.763 0.0000000000
62056  54.729  -11.833  -6.985 0.0000000000
62057  53.831  -12.365  -6.562 0.0000000000
62059  42.546  -12.564  -7.007 0.0000000000
62060  41.574  -13.031  -8.071 0.0000000000
62064  57.099  -12.018  -8.566 0.0000000000
62065  55.752  -12.251  -7.580 0.0000000000
62066  50.572  -12.404  -7.853 0.0000000000
62067  49.760  -12.425  -7.677 0.0000000000
62068  48.900  -12.503  -7.591 0.0000000000
62069  47.945  -12.635  -7.563 0.0000000000
62070  47.171  -12.494  -7.731 0.0000000000
62071  46.389  -12.944  -7.892 0.0000000000
62072  42.157  -12.285  -8.095 0.0000000000
62073  41.042  -13.099  -8.853 0.0000000000
62082  57.941  -11.700  -9.684 0.0000000000
62083  57.297  -12.735  -9.161 0.0000000000
62084  53.632  -11.849  -8.953 0.0000000000
62085  52.684  -12.586  -8.898 0.0000000000
62086  51.230  -12.429  -8.117 0.0000000000
62087  51.018  -13.060  -8.211 0.0000000000
62088  45.426  -12.249  -8.454 0.0000000000
62089  44.280  -12.969  -8.544 0.0000000000
62090  44.159  -12.085  -8.565 0.0000000000
62091  42.112  -12.478  -8.846 0.0000000000
62094  57.613  -12.157  -10.203 0.0000000000
62095  57.348  -11.920  -10.431 0.0000000000
62096  53.770  -12.697  -9.734 0.0000000000
62097  53.034  -13.246  -9.621 0.0000000000
62098  56.320  -12.738  -10.631 0.0000000000
63055  43.401  -11.750  -6.230 0.0000000000
63056  43.109  -11.268  -6.990 0.0000000000
63061  54.871  -10.781  -6.910 0.0000000000
63062  54.032  -11.643  -6.601 0.0000000000
63064  42.821  -11.433  -7.773 0.0000000000
63067  58.038  -10.794  -8.939 0.0000000000
63068  56.812  -11.253  -8.120 0.0000000000
63069  55.953  -11.045  -7.438 0.0000000000
63070  51.000  -11.749  -7.890 0.0000000000
63071  50.153  -11.661  -7.728 0.0000000000
63072  49.278  -11.686  -7.656 0.0000000000
63073  48.393  -11.772  -7.670 0.0000000000
63074  47.515  -11.865  -7.820 0.0000000000
63075  46.613  -12.041  -8.131 0.0000000000
63076  43.206  -10.950  -8.088 0.0000000000
63085  58.258  -10.597  -9.598 0.0000000000
63086  57.553  -9.957  -9.628 0.0000000000
63087  54.766  -10.981  -9.064 0.0000000000
63088  52.555  -11.574  -8.458 0.0000000000
63089  51.603  -11.164  -8.096 0.0000000000
63090  47.936  -11.141  -8.043 0.0000000000
63091  47.027  -11.284  -8.391 0.0000000000
63092  46.029  -11.389  -8.665 0.0000000000
63093  44.989  -11.396  -8.694 0.0000000000
63094  44.088  -11.408  -8.538 0.0000000000
63095  43.576  -11.098  -8.346 0.0000000000
63099  58.010  -11.167  -10.126 0.0000000000
63100  57.613  -11.059  -10.217 0.0000000000
63101  56.388  -11.974  -10.512 0.0000000000
63102  54.896  -11.949  -9.810 0.0000000000
63946  52.381  -10.236  -6.085 0.0000000000
63950  43.685  -10.862  -6.268 0.0000000000
63956  55.526  -9.491  -7.182 0.0000000000
63957  54.173  -10.202  -6.643 0.0000000000
63958  53.080  -10.709  -6.276 0.0000000000
63959  43.925  -10.016  -6.417 0.0000000000
63963  58.225  -9.545  -9.257 0.0000000000
63964  57.775  -8.710  -8.686 0.0000000000
63965  56.475  -9.768  -7.611 0.0000000000
63966  50.672  -10.941  -7.875 0.0000000000
63967  49.717  -10.925  -7.810 0.0000000000
63968  48.814  -11.025  -7.840 0.0000000000
63969  43.316  -10.077  -8.008 0.0000000000
63977  58.101  -9.147  -9.277 0.0000000000
63978  57.033  -8.741  -9.271 0.0000000000
63979  54.837  -9.779  -8.762 0.0000000000
63980  53.334  -10.075  -8.475 0.0000000000
63981  50.259  -10.112  -8.138 0.0000000000
63982  49.201  -10.308  -8.158 0.0000000000
63983  48.358  -10.521  -8.336 0.0000000000
63984  47.524  -10.575  -8.738 0.0000000000
63985  46.550  -10.678  -8.978 0.0000000000
63986  45.579  -10.700  -8.896 0.0000000000
63987  44.463  -10.679  -8.615 0.0000000000
63988  43.615  -10.358  -8.257 0.0000000000
63994  58.122  -10.224  -9.654 0.0000000000
63995  47.088  -10.115  -9.434 0.0000000000
64834  56.197  -8.259  -7.617 0.0000000000
64835  54.772  -8.990  -6.914 0.0000000000
64836  52.568  -9.230  -6.314 0.0000000000
64837  51.682  -8.755  -6.048 0.0000000000
64838  44.021  -9.200  -6.562 0.0000000000
64839  43.594  -8.950  -7.437 0.0000000000
64843  58.164  -8.873  -9.100 0.0000000000
64844  57.576  -8.453  -8.778 0.0000000000
64845  57.170  -7.976  -8.399 0.0000000000
64846  43.428  -9.332  -7.938 0.0000000000
64851  56.740  -7.725  -8.976 0.0000000000
64852  55.513  -7.654  -8.710 0.0000000000
64853  53.995  -8.977  -8.597 0.0000000000
64854  51.850  -9.319  -8.464 0.0000000000
64855  50.400  -9.311  -8.601 0.0000000000
64856  49.520  -9.581  -8.593 0.0000000000
64857  48.558  -9.849  -8.791 0.0000000000
64858  47.817  -10.014  -9.269 0.0000000000
64859  46.188  -9.986  -9.226 0.0000000000
64860  45.578  -9.253  -9.001 0.0000000000
64861  44.235  -9.866  -8.456 0.0000000000
64862  43.568  -9.659  -8.127 0.0000000000
64868  48.995  -9.260  -9.402 0.0000000000
64869  48.278  -9.510  -9.740 0.0000000000
64870  47.626  -9.575  -9.779 0.0000000000
64871  46.923  -9.509  -9.565 0.0000000000
64872  46.283  -9.198  -9.292 0.0000000000
64873  48.247  -9.118  -10.410 0.0000000000
65737  56.573  -7.403  -8.186 0.0000000000
65738  55.451  -7.531  -7.499 0.0000000000
65739  52.799  -8.082  -6.493 0.0000000000
65740  51.830  -7.716  -6.245 0.0000000000
65742  43.643  -8.252  -7.334 0.0000000000
65747  56.791  -7.655  -8.550 0.0000000000
65748  43.452  -8.562  -7.904 0.0000000000
65751  56.203  -7.304  -8.470 0.0000000000
65752  55.252  -6.814  -8.479 0.0000000000
65753  53.920  -6.975  -8.838 0.0000000000
65754  52.531  -8.266  -8.766 0.0000000000
65755  51.267  -8.915  -8.693 0.0000000000
65756  49.871  -8.929  -9.097 0.0000000000
65757  45.072  -8.535  -8.787 0.0000000000
65758  44.170  -8.626  -8.424 0.0000000000
65759  43.603  -8.930  -8.068 0.0000000000
65765  51.596  -8.070  -9.258 0.0000000000
65766  50.455  -8.437  -9.602 0.0000000000
65767  49.529  -8.765  -9.987 0.0000000000
65768  48.790  -9.097  -10.414 0.0000000000
65769  47.389  -8.979  -9.976 0.0000000000
65770  46.676  -8.717  -9.529 0.0000000000
65771  45.937  -8.554  -9.166 0.0000000000
65773  50.231  -8.447  -10.580 0.0000000000
65774  49.414  -8.844  -11.020 0.0000000000
65775  48.898  -8.988  -10.991 0.0000000000
65776  50.121  -8.554  -11.664 0.0000000000
65777  49.451  -8.639  -11.442 0.0000000000
66617  51.061  -7.304  -5.850 0.0000000000
66625  54.220  -7.156  -7.112 0.0000000000
66626  53.051  -6.863  -6.718 0.0000000000
66628  43.722  -7.536  -7.153 0.0000000000
66635  56.337  -7.254  -8.156 0.0000000000
66636  55.664  -6.566  -8.060 0.0000000000
66637  43.399  -7.785  -7.858 0.0000000000
66642  54.866  -5.944  -8.356 0.0000000000
66643  53.915  -6.086  -8.876 0.0000000000
66644  52.908  -7.062  -9.113 0.0000000000
66645  44.384  -7.742  -8.682 0.0000000000
66646  43.578  -7.990  -8.156 0.0000000000
66650  53.219  -5.925  -9.163 0.0000000000
66651  52.361  -6.890  -9.726 0.0000000000
66652  51.274  -7.756  -10.111 0.0000000000
66653  47.027  -8.212  -9.819 0.0000000000
66654  46.366  -7.938  -9.437 0.0000000000
66655  45.483  -7.840  -9.078 0.0000000000
66656  45.047  -7.201  -9.093 0.0000000000
66659  51.984  -6.906  -10.811 0.0000000000
66660  51.058  -7.905  -11.211 0.0000000000
66661  48.645  -8.642  -11.099 0.0000000000
66662  47.721  -8.217  -10.456 0.0000000000
66663  46.851  -7.365  -9.971 0.0000000000
66664  51.732  -7.371  -11.887 0.0000000000
66665  50.936  -8.203  -12.403 0.0000000000
66666  50.121  -8.374  -12.292 0.0000000000
66667  49.081  -8.240  -11.755 0.0000000000
66668  48.236  -7.708  -11.132 0.0000000000
66669  51.829  -7.731  -12.853 0.0000000000
66670  51.152  -8.041  -13.092 0.0000000000
66671  50.859  -7.673  -13.447 0.0000000000
66672  50.144  -7.855  -12.934 0.0000000000
66673  52.089  -7.612  -13.389 0.0000000000
66674  51.860  -7.575  -13.647 0.0000000000
67489  51.202  -6.258  -6.046 0.0000000000
67498  54.287  -6.010  -7.466 0.0000000000
67499  53.190  -5.694  -7.173 0.0000000000
67500  52.067  -5.564  -6.638 0.0000000000
67501  51.233  -5.339  -6.285 0.0000000000
67509  55.094  -5.850  -8.018 0.0000000000
67510  54.861  -5.570  -7.993 0.0000000000
67511  54.207  -5.362  -7.796 0.0000000000
67512  43.136  -6.542  -7.943 0.0000000000
67517  54.788  -5.574  -8.067 0.0000000000
67518  54.171  -5.484  -8.382 0.0000000000
67519  44.107  -6.789  -8.991 0.0000000000
67520  43.299  -6.646  -8.511 0.0000000000
67525  52.347  -6.203  -9.753 0.0000000000
67526  52.008  -6.013  -10.464 0.0000000000
67527  45.913  -7.208  -9.443 0.0000000000
67528  45.268  -6.567  -9.441 0.0000000000
67529  43.443  -6.056  -9.121 0.0000000000
67533  51.957  -6.509  -11.179 0.0000000000
67534  51.855  -6.315  -11.314 0.0000000000
67535  46.999  -6.445  -10.502 0.0000000000
67536  46.204  -6.526  -9.866 0.0000000000
67537  45.582  -5.875  -9.882 0.0000000000
67538  52.148  -6.978  -12.098 0.0000000000
67539  51.915  -6.479  -12.094 0.0000000000
67540  48.595  -7.214  -11.796 0.0000000000
67541  47.784  -6.755  -11.161 0.0000000000
67542  52.480  -7.177  -13.002 0.0000000000
67543  52.225  -6.317  -12.629 0.0000000000
67544  49.994  -6.936  -13.369 0.0000000000
67545  49.091  -6.803  -12.600 0.0000000000
67546  53.211  -6.360  -14.429 0.0000000000
67547  52.850  -7.121  -13.914 0.0000000000
67548  52.393  -7.050  -14.259 0.0000000000
67549  51.094  -7.058  -13.915 0.0000000000
67550  53.049  -6.576  -14.465 0.0000000000
68349  52.735  -5.194  -7.325 0.0000000000
68350  51.903  -4.907  -6.995 0.0000000000
68351  50.952  -4.832  -6.528 0.0000000000
68359  54.376  -5.272  -8.030 0.0000000000
68360  53.628  -5.102  -7.800 0.0000000000
68361  52.845  -4.938  -7.747 0.0000000000
68362  51.838  -4.817  -7.660 0.0000000000
68368  53.277  -5.530  -8.736 0.0000000000
68369  51.243  -5.115  -8.632 0.0000000000
68370  43.004  -5.968  -8.581 0.0000000000
68374  52.264  -5.587  -9.321 0.0000000000
68375  51.183  -5.598  -9.856 0.0000000000
68376  50.118  -5.179  -9.303 0.0000000000
68377  44.530  -5.948  -9.501 0.0000000000
68378  43.809  -5.316  -9.664 0.0000000000
68383  50.958  -5.768  -11.395 0.0000000000
68384  50.213  -5.357  -10.423 0.0000000000
68385  46.711  -5.570  -10.861 0.0000000000
68386  45.880  -5.271  -10.498 0.0000000000
68387  44.894  -5.234  -10.080 0.0000000000
68389  50.961  -5.535  -12.098 0.0000000000
68390  50.050  -5.099  -11.256 0.0000000000
68391  48.018  -6.100  -11.905 0.0000000000
68392  47.172  -5.317  -11.636 0.0000000000
68393  46.283  -4.666  -11.322 0.0000000000
68394  52.775  -6.582  -13.448 0.0000000000
68395  49.213  -6.066  -13.155 0.0000000000
68396  48.465  -5.681  -12.702 0.0000000000
68397  47.672  -5.135  -12.372 0.0000000000
68398  53.438  -5.831  -14.548 0.0000000000
68399  53.200  -6.443  -14.085 0.0000000000
68400  51.422  -6.203  -14.480 0.0000000000
68401  49.969  -5.866  -13.819 0.0000000000
68402  48.818  -5.219  -13.338 0.0000000000
68403  53.551  -5.871  -14.820 0.0000000000
68404  52.738  -6.225  -14.848 0.0000000000
68405  53.263  -5.440  -15.316 0.0000000000
69312  50.763  -4.701  -7.576 0.0000000000
69321  42.743  -4.611  -9.289 0.0000000000
69322  42.884  -4.177  -9.871 0.0000000000
69328  43.228  -4.692  -9.778 0.0000000000
69335  45.218  -4.522  -10.763 0.0000000000
69336  44.169  -4.569  -10.271 0.0000000000
69337  43.483  -4.015  -10.335 0.0000000000
69340  49.465  -4.405  -11.231 0.0000000000
69341  48.854  -3.914  -10.934 0.0000000000
69342  46.979  -4.498  -12.100 0.0000000000
69343  46.383  -3.898  -11.910 0.0000000000
69344  45.568  -3.875  -11.393 0.0000000000
69345  51.852  -5.552  -12.936 0.0000000000
69346  49.988  -4.555  -11.835 0.0000000000
69347  48.144  -4.894  -12.891 0.0000000000
69348  47.519  -4.215  -12.778 0.0000000000
69349  46.901  -3.861  -12.421 0.0000000000
69350  53.486  -5.029  -14.582 0.0000000000
69351  52.868  -5.586  -13.831 0.0000000000
69352  51.656  -4.618  -13.305 0.0000000000
69353  49.261  -4.566  -14.015 0.0000000000
69354  48.278  -4.293  -13.377 0.0000000000
69355  53.789  -5.384  -14.969 0.0000000000
69356  51.934  -5.448  -15.131 0.0000000000
69357  50.516  -5.147  -14.544 0.0000000000
69358  53.842  -5.214  -15.065 0.0000000000
69359  53.536  -4.463  -15.500 0.0000000000
69360  52.577  -4.625  -15.597 0.0000000000
70247  42.717  -4.175  -8.729 0.0000000000
70248  42.589  -3.769  -9.570 0.0000000000
70259  44.465  -3.756  -10.899 0.0000000000
70260  42.821  -3.622  -10.311 0.0000000000
70261  42.411  -3.223  -10.263 0.0000000000
70266  49.351  -3.766  -11.630 0.0000000000
70267  45.962  -3.274  -11.825 0.0000000000
70268  44.132  -3.025  -11.251 0.0000000000
70269  43.291  -2.914  -11.190 0.0000000000
70270  50.739  -3.739  -13.010 0.0000000000
70271  49.951  -3.776  -12.322 0.0000000000
70272  47.138  -3.390  -12.825 0.0000000000
70273  46.568  -3.323  -12.354 0.0000000000
70274  53.055  -4.016  -14.641 0.0000000000
70275  51.784  -3.756  -13.815 0.0000000000
70276  48.483  -3.548  -13.927 0.0000000000
70277  47.732  -3.474  -13.352 0.0000000000
70278  53.627  -4.393  -15.444 0.0000000000
70279  53.443  -3.413  -15.352 0.0000000000
70280  51.094  -4.526  -15.184 0.0000000000
70281  49.345  -3.639  -14.534 0.0000000000
70282  48.750  -2.778  -14.518 0.0000000000
70283  53.810  -3.728  -15.948 0.0000000000
70284  53.319  -3.774  -16.140 0.0000000000
70285  51.766  -3.771  -15.788 0.0000000000
70286  50.841  -2.936  -15.768 0.0000000000
71115  42.273  -3.043  -9.722 0.0000000000
71120  42.571  -3.001  -10.862 0.0000000000
71121  42.019  -2.673  -10.644 0.0000000000
71125  49.372  -2.904  -12.152 0.0000000000
71126  48.756  -3.111  -11.394 0.0000000000
71127  48.278  -2.399  -11.233 0.0000000000
71128  45.670  -2.694  -11.853 0.0000000000
71129  44.801  -2.553  -11.546 0.0000000000
71130  43.699  -2.442  -11.467 0.0000000000
71131  42.843  -2.628  -11.319 0.0000000000
71132  42.220  -2.441  -11.301 0.0000000000
71133  50.856  -2.785  -13.532 0.0000000000
71134  49.845  -2.306  -12.885 0.0000000000
71135  49.120  -2.000  -12.324 0.0000000000
71136  46.811  -2.677  -12.765 0.0000000000
71137  46.255  -2.272  -12.306 0.0000000000
71138  45.520  -2.031  -11.888 0.0000000000
71139  52.374  -2.896  -14.549 0.0000000000
71140  51.450  -2.080  -14.217 0.0000000000
71141  47.926  -2.614  -13.859 0.0000000000
71142  47.302  -2.190  -13.411 0.0000000000
71143  53.318  -2.283  -16.113 0.0000000000
71144  53.221  -2.520  -15.547 0.0000000000
71145  49.163  -2.073  -15.162 0.0000000000
71146  48.400  -1.907  -14.580 0.0000000000
71147  52.996  -2.230  -16.355 0.0000000000
71148  52.436  -2.816  -16.351 0.0000000000
71149  51.077  -2.013  -16.285 0.0000000000
71150  50.049  -2.225  -15.636 0.0000000000
71151  51.911  -1.814  -16.497 0.0000000000
71944  41.701  -2.057  -10.633 0.0000000000
71951  41.779  -1.980  -11.288 0.0000000000
71952  41.398  -1.413  -11.186 0.0000000000
71957  48.288  -1.016  -11.711 0.0000000000
71958  47.863  -1.564  -11.165 0.0000000000
71959  45.426  -1.242  -11.775 0.0000000000
71960  44.598  -1.834  -11.620 0.0000000000
71961  43.616  -1.691  -11.630 0.0000000000
71962  42.796  -2.157  -11.623 0.0000000000
71963  42.134  -1.774  -11.713 0.0000000000
71964  41.591  -1.311  -11.848 0.0000000000
71968  49.563  -1.423  -12.949 0.0000000000
71969  48.834  -1.218  -12.328 0.0000000000
71970  46.265  -1.439  -12.359 0.0000000000
71971  50.506  -1.722  -13.595 0.0000000000
71972  47.270  -1.422  -13.506 0.0000000000
71973  46.795  -1.889  -12.921 0.0000000000
71974  52.635  -1.415  -15.683 0.0000000000
71975  52.323  -1.961  -14.901 0.0000000000
71976  48.829  -1.388  -15.205 0.0000000000
71977  48.300  -0.971  -14.772 0.0000000000
71978  47.778  -1.666  -14.055 0.0000000000
71979  52.977  -1.699  -16.187 0.0000000000
71980  52.887  -1.410  -16.012 0.0000000000
71981  51.166  -1.037  -16.542 0.0000000000
71982  49.830  -1.251  -15.916 0.0000000000
71983  48.919  -0.805  -15.496 0.0000000000
71984  52.538  -1.555  -16.396 0.0000000000
71985  51.987  -0.956  -16.543 0.0000000000
72774  41.070  -0.938  -12.059 0.0000000000
72778  48.031  -0.268  -11.523 0.0000000000
72780  46.046  -0.620  -12.077 0.0000000000
72781  45.380  -0.501  -11.607 0.0000000000
72782  43.330  -1.005  -11.659 0.0000000000
72783  42.184  -1.040  -12.020 0.0000000000
72784  41.410  -0.747  -12.194 0.0000000000
72788  49.203  -0.588  -12.866 0.0000000000
72789  48.551  -0.430  -12.176 0.0000000000
72790  46.613  -0.662  -12.772 0.0000000000
72791  51.476  -1.143  -14.567 0.0000000000
72792  50.187  -0.676  -13.712 0.0000000000
72793  47.143  -0.675  -13.467 0.0000000000
72794  51.857  -0.304  -15.500 0.0000000000
72795  50.326  0.319  -14.217 0.0000000000
72796  48.644  -0.182  -15.422 0.0000000000
72797  48.023  -0.139  -14.730 0.0000000000
72798  52.498  -1.075  -16.235 0.0000000000
72799  52.279  -0.539  -16.093 0.0000000000
72800  50.472  -0.261  -16.500 0.0000000000
72801  49.461  -0.253  -16.016 0.0000000000
72802  51.980  -0.320  -16.335 0.0000000000
72803  51.418  -0.178  -16.560 0.0000000000
72804  50.876  0.542  -16.600 0.0000000000
73670  40.516  0.368  -11.247 0.0000000000
73676  45.279  0.937  -11.160 0.0000000000
73677  44.472  0.732  -10.938 0.0000000000
73678  43.630  0.524  -11.100 0.0000000000
73679  42.821  0.314  -11.446 0.0000000000
73680  40.728  -0.471  -11.993 0.0000000000
73681  40.499  0.276  -12.391 0.0000000000
73686  48.274  0.372  -11.877 0.0000000000
73688  45.853  0.236  -11.760 0.0000000000
73689  44.951  0.060  -11.244 0.0000000000
73690  44.015  -0.145  -11.300 0.0000000000
73691  42.933  -0.344  -11.574 0.0000000000
73692  41.817  -0.230  -12.212 0.0000000000
73693  40.952  -0.190  -12.455 0.0000000000
73694  40.692  0.591  -12.725 0.0000000000
73699  49.489  0.103  -13.374 0.0000000000
73700  48.841  1.004  -12.915 0.0000000000
73701  46.469  0.674  -12.557 0.0000000000
73702  49.570  0.963  -13.691 0.0000000000
73703  47.291  0.755  -13.934 0.0000000000
73704  46.876  0.133  -13.265 0.0000000000
73705  51.686  0.472  -16.040 0.0000000000
73706  50.530  1.233  -14.748 0.0000000000
73707  48.385  0.537  -15.359 0.0000000000
73708  47.767  0.629  -14.690 0.0000000000
73709  50.260  1.117  -16.515 0.0000000000
73710  49.244  0.562  -16.025 0.0000000000
73711  51.456  0.467  -16.330 0.0000000000
73712  51.024  1.121  -16.505 0.0000000000
74578  44.793  1.558  -10.685 0.0000000000
74579  44.039  1.340  -10.603 0.0000000000
74580  43.261  1.109  -10.871 0.0000000000
74581  42.336  0.746  -11.625 0.0000000000
74582  41.963  1.444  -11.667 0.0000000000
74583  40.012  0.839  -12.099 0.0000000000
74587  48.095  1.318  -11.550 0.0000000000
74588  46.063  1.234  -11.835 0.0000000000
74589  45.520  1.851  -11.169 0.0000000000
74590  41.262  0.617  -12.605 0.0000000000
74591  40.314  0.841  -12.868 0.0000000000
74592  39.916  1.173  -12.966 0.0000000000
74597  48.510  1.640  -12.344 0.0000000000
74598  46.594  1.597  -12.826 0.0000000000
74599  40.653  1.022  -12.952 0.0000000000
74602  49.843  1.847  -14.267 0.0000000000
74603  49.084  1.859  -13.290 0.0000000000
74604  47.527  1.363  -14.537 0.0000000000
74605  50.545  2.091  -15.357 0.0000000000
74606  48.150  1.355  -15.377 0.0000000000
74607  51.162  1.273  -16.212 0.0000000000
74608  49.925  1.844  -16.392 0.0000000000
74609  49.003  1.712  -16.027 0.0000000000
74610  48.464  2.257  -15.733 0.0000000000
75412  43.660  2.876  -9.807 0.0000000000
75413  42.946  2.718  -9.950 0.0000000000
75414  42.212  2.691  -10.452 0.0000000000
75425  45.031  2.523  -10.508 0.0000000000
75426  44.270  2.715  -10.035 0.0000000000
75427  43.621  2.071  -10.279 0.0000000000
75428  42.827  1.667  -10.732 0.0000000000
75429  41.775  2.207  -11.468 0.0000000000
75434  48.518  2.761  -11.505 0.0000000000
75436  46.196  2.130  -11.953 0.0000000000
75437  45.744  2.755  -11.290 0.0000000000
75438  40.676  1.598  -13.010 0.0000000000
75439  40.290  1.962  -13.293 0.0000000000
75440  39.564  1.767  -12.723 0.0000000000
75444  48.665  2.606  -12.459 0.0000000000
75445  40.173  1.296  -13.107 0.0000000000
75446  39.883  1.899  -13.299 0.0000000000
75449  49.985  2.748  -14.682 0.0000000000
75450  49.213  2.764  -13.540 0.0000000000
75451  47.319  2.629  -14.578 0.0000000000
75452  46.921  2.339  -13.615 0.0000000000
75454  50.776  2.184  -16.015 0.0000000000
75455  50.405  2.754  -15.721 0.0000000000
75456  49.505  2.498  -16.154 0.0000000000
75457  48.933  3.132  -15.889 0.0000000000
75458  47.886  2.862  -15.422 0.0000000000
76242  44.110  3.449  -9.656 0.0000000000
76243  43.432  3.480  -9.484 0.0000000000
76244  42.876  3.577  -9.394 0.0000000000
76245  42.338  3.349  -9.736 0.0000000000
76257  53.552  3.377  -11.473 0.0000000000
76258  51.535  3.509  -11.207 0.0000000000
76259  49.491  3.540  -11.199 0.0000000000
76260  45.400  3.457  -10.701 0.0000000000
76261  44.761  3.410  -10.099 0.0000000000
76262  41.613  3.114  -10.812 0.0000000000
76263  40.995  3.330  -11.778 0.0000000000
76271  51.336  4.049  -11.552 0.0000000000
76272  46.377  3.750  -12.508 0.0000000000
76273  45.934  3.636  -11.544 0.0000000000
76274  41.070  2.348  -12.441 0.0000000000
76275  40.633  2.736  -12.904 0.0000000000
76276  39.290  2.348  -13.156 0.0000000000
76277  38.912  2.948  -13.506 0.0000000000
76282  48.900  3.521  -12.071 0.0000000000
76283  46.638  3.073  -13.064 0.0000000000
76284  40.092  2.543  -13.588 0.0000000000
76285  39.434  2.973  -13.735 0.0000000000
76286  38.982  3.358  -14.265 0.0000000000
76291  49.483  3.532  -14.163 0.0000000000
76292  49.002  3.470  -13.036 0.0000000000
76293  47.343  3.440  -14.939 0.0000000000
76294  39.142  3.551  -14.380 0.0000000000
76295  39.030  3.773  -14.673 0.0000000000
76299  50.294  2.979  -15.920 0.0000000000
76300  49.997  3.495  -15.436 0.0000000000
76301  46.986  4.125  -14.275 0.0000000000
76302  49.818  3.592  -15.686 0.0000000000
76303  49.316  3.931  -15.732 0.0000000000
76304  48.179  3.697  -15.539 0.0000000000
77083  42.618  4.708  -8.706 0.0000000000
77084  42.027  4.519  -8.799 0.0000000000
77085  41.430  4.790  -8.876 0.0000000000
77086  40.787  5.056  -9.037 0.0000000000
77095  43.896  4.845  -9.146 0.0000000000
77096  43.218  4.213  -9.037 0.0000000000
77097  41.743  4.003  -9.504 0.0000000000
77098  41.030  4.470  -9.711 0.0000000000
77106  53.257  3.960  -11.658 0.0000000000
77107  45.072  4.821  -10.253 0.0000000000
77108  44.511  4.257  -9.720 0.0000000000
77109  41.199  3.829  -10.536 0.0000000000
77110  40.726  4.169  -11.030 0.0000000000
77111  40.243  4.625  -11.576 0.0000000000
77120  53.472  4.380  -11.970 0.0000000000
77121  52.026  4.439  -12.044 0.0000000000
77122  49.882  4.246  -11.804 0.0000000000
77123  46.086  4.499  -11.963 0.0000000000
77124  45.586  4.417  -10.943 0.0000000000
77125  40.512  3.545  -12.686 0.0000000000
77126  40.114  4.229  -13.076 0.0000000000
77135  52.724  4.620  -12.181 0.0000000000
77136  50.405  4.930  -12.334 0.0000000000
77137  49.266  4.283  -12.694 0.0000000000
77138  46.441  4.545  -13.026 0.0000000000
77139  40.012  3.282  -13.694 0.0000000000
77140  39.642  3.859  -14.120 0.0000000000
77141  38.325  3.655  -13.735 0.0000000000
77142  38.115  4.231  -14.588 0.0000000000
77147  49.351  4.727  -13.536 0.0000000000
77148  49.274  4.065  -13.594 0.0000000000
77149  46.660  4.944  -13.891 0.0000000000
77150  39.226  4.101  -14.700 0.0000000000
77151  38.776  3.879  -14.696 0.0000000000
77152  38.592  4.604  -15.215 0.0000000000
77157  49.437  5.054  -14.601 0.0000000000
77158  47.476  4.261  -15.172 0.0000000000
77159  47.090  4.925  -14.743 0.0000000000
77160  39.007  4.303  -15.024 0.0000000000
77164  49.433  4.771  -15.287 0.0000000000
77165  49.154  4.672  -15.536 0.0000000000
77166  48.366  4.487  -15.516 0.0000000000
77969  42.802  5.445  -8.557 0.0000000000
77970  41.961  5.237  -8.509 0.0000000000
77971  41.056  5.601  -8.561 0.0000000000
77972  40.267  5.630  -8.923 0.0000000000
77973  39.729  6.292  -8.812 0.0000000000
77979  53.637  4.027  -11.002 0.0000000000
77982  44.119  5.763  -9.288 0.0000000000
77983  43.496  5.598  -8.821 0.0000000000
77984  40.329  5.011  -9.981 0.0000000000
77985  39.687  5.770  -9.467 0.0000000000
77992  53.472  4.657  -11.513 0.0000000000
77993  52.289  5.058  -10.500 0.0000000000
77994  45.019  5.770  -10.379 0.0000000000
77995  44.561  5.226  -9.708 0.0000000000
77996  39.703  5.384  -10.609 0.0000000000
77998  53.532  5.574  -12.167 0.0000000000
77999  53.418  5.096  -12.189 0.0000000000
78000  45.760  5.261  -11.551 0.0000000000
78001  45.471  5.958  -11.189 0.0000000000
78002  39.597  4.971  -13.413 0.0000000000
78003  39.047  5.627  -13.327 0.0000000000
78010  52.566  5.019  -12.304 0.0000000000
78011  50.618  5.678  -12.760 0.0000000000
78012  46.138  5.362  -12.559 0.0000000000
78013  45.812  6.077  -12.019 0.0000000000
78014  39.465  4.612  -14.435 0.0000000000
78015  39.266  5.268  -14.424 0.0000000000
78022  49.708  6.126  -13.646 0.0000000000
78023  39.172  4.768  -15.060 0.0000000000
78024  37.857  4.961  -15.364 0.0000000000
78031  49.293  5.777  -14.935 0.0000000000
78032  47.249  5.480  -15.044 0.0000000000
78033  46.777  5.780  -14.520 0.0000000000
78034  38.786  4.906  -15.333 0.0000000000
78035  38.224  5.508  -15.787 0.0000000000
78036  37.489  5.711  -16.066 0.0000000000
78037  36.455  6.173  -15.933 0.0000000000
78041  49.157  5.242  -15.355 0.0000000000
78042  48.476  5.294  -15.461 0.0000000000
78043  47.741  5.593  -15.313 0.0000000000
78909  43.062  6.236  -8.606 0.0000000000
78910  42.349  6.057  -8.421 0.0000000000
78911  41.138  6.548  -8.401 0.0000000000
78912  40.371  6.326  -8.536 0.0000000000
78913  39.222  6.964  -8.805 0.0000000000
78921  44.243  6.534  -9.616 0.0000000000
78922  43.689  6.433  -9.048 0.0000000000
78923  39.279  6.378  -9.230 0.0000000000
78924  38.740  6.734  -9.467 0.0000000000
78931  53.076  5.129  -11.159 0.0000000000
78932  51.014  5.842  -10.461 0.0000000000
78934  45.136  6.623  -10.880 0.0000000000
78935  44.676  6.544  -10.230 0.0000000000
78936  39.134  6.052  -9.947 0.0000000000
78937  38.560  6.420  -10.510 0.0000000000
78938  37.787  6.975  -10.653 0.0000000000
78940  53.562  6.756  -12.767 0.0000000000
78941  53.545  6.147  -12.268 0.0000000000
78942  53.567  5.375  -11.838 0.0000000000
78943  52.057  6.044  -11.186 0.0000000000
78944  45.504  6.737  -11.640 0.0000000000
78945  38.486  6.191  -12.650 0.0000000000
78946  37.732  6.766  -11.811 0.0000000000
78949  53.621  6.996  -12.895 0.0000000000
78950  53.552  6.438  -12.627 0.0000000000
78951  52.410  5.856  -12.640 0.0000000000
78952  46.166  6.687  -13.406 0.0000000000
78953  45.813  6.902  -12.526 0.0000000000
78954  38.707  5.919  -14.117 0.0000000000
78955  37.945  6.538  -13.302 0.0000000000
78958  53.544  7.585  -13.041 0.0000000000
78959  53.387  7.080  -13.112 0.0000000000
78960  52.253  6.828  -13.227 0.0000000000
78961  50.683  6.484  -13.319 0.0000000000
78962  46.444  6.478  -14.117 0.0000000000
78963  38.694  5.492  -15.350 0.0000000000
78964  38.255  6.315  -15.065 0.0000000000
78969  49.064  6.610  -15.012 0.0000000000
78970  48.307  6.751  -15.249 0.0000000000
78971  47.414  6.197  -15.152 0.0000000000
78972  46.806  6.750  -14.723 0.0000000000
78973  38.156  6.049  -16.120 0.0000000000
78974  37.038  6.296  -16.217 0.0000000000
78975  35.858  6.779  -16.467 0.0000000000
78976  34.929  6.702  -16.456 0.0000000000
78980  48.870  5.940  -15.316 0.0000000000
78981  48.179  5.970  -15.384 0.0000000000
78982  36.221  6.735  -16.318 0.0000000000
78983  35.526  6.956  -16.793 0.0000000000
78984  33.255  6.882  -16.257 0.0000000000
78985  31.892  6.880  -15.771 0.0000000000
79772  43.168  7.064  -8.835 0.0000000000
79773  42.364  7.538  -8.688 0.0000000000
79774  41.372  7.397  -8.471 0.0000000000
79775  40.396  7.198  -8.452 0.0000000000
79776  39.664  7.331  -8.586 0.0000000000
79785  44.369  7.104  -10.050 0.0000000000
79786  43.825  7.320  -9.555 0.0000000000
79787  43.130  7.920  -9.319 0.0000000000
79788  38.559  7.485  -9.149 0.0000000000
79789  37.984  7.837  -9.429 0.0000000000
79797  49.978  6.952  -10.710 0.0000000000
79799  45.151  7.385  -11.331 0.0000000000
79800  44.721  7.256  -10.648 0.0000000000
79801  44.256  7.775  -10.335 0.0000000000
79802  38.103  7.210  -9.763 0.0000000000
79803  37.441  7.797  -10.003 0.0000000000
79804  36.855  8.122  -10.519 0.0000000000
79807  53.439  7.016  -12.453 0.0000000000
79808  53.117  6.467  -11.786 0.0000000000
79809  51.269  7.219  -11.388 0.0000000000
79810  45.503  7.409  -11.973 0.0000000000
79811  37.160  7.455  -11.017 0.0000000000
79812  36.456  7.950  -11.414 0.0000000000
79813  35.929  8.151  -12.096 0.0000000000
79816  53.591  7.479  -12.971 0.0000000000
79817  46.047  7.381  -13.230 0.0000000000
79818  37.134  7.198  -12.278 0.0000000000
79819  36.468  7.564  -12.727 0.0000000000
79820  35.783  7.897  -13.112 0.0000000000
79823  52.457  7.886  -13.460 0.0000000000
79824  50.634  7.648  -13.917 0.0000000000
79825  46.165  8.163  -13.464 0.0000000000
79826  37.334  6.944  -13.890 0.0000000000
79827  36.618  7.366  -14.235 0.0000000000
79828  35.858  7.653  -14.571 0.0000000000
79829  35.067  7.789  -15.012 0.0000000000
79831  49.964  8.669  -14.615 0.0000000000
79832  49.059  7.752  -14.951 0.0000000000
79833  47.717  7.726  -15.238 0.0000000000
79834  46.882  7.630  -14.946 0.0000000000
79835  37.494  6.669  -15.582 0.0000000000
79836  36.900  6.669  -16.093 0.0000000000
79837  36.027  7.283  -16.069 0.0000000000
79838  35.043  7.379  -16.341 0.0000000000
79839  28.931  7.249  -15.194 0.0000000000
79840  34.872  6.988  -17.032 0.0000000000
79841  33.946  7.109  -16.623 0.0000000000
79842  32.787  7.401  -16.227 0.0000000000
79843  31.376  7.520  -15.848 0.0000000000
79844  29.875  7.432  -15.565 0.0000000000
80594  41.628  8.205  -8.818 0.0000000000
80595  40.737  8.060  -8.610 0.0000000000
80596  39.859  7.934  -8.588 0.0000000000
80597  39.135  7.766  -8.767 0.0000000000
80605  43.075  8.740  -9.949 0.0000000000
80606  42.399  8.424  -9.328 0.0000000000
80607  41.054  8.758  -9.077 0.0000000000
80608  40.188  8.686  -8.883 0.0000000000
80609  39.308  8.538  -8.914 0.0000000000
80610  38.436  8.310  -9.176 0.0000000000
80611  37.745  8.338  -9.566 0.0000000000
80619  49.637  8.892  -11.163 0.0000000000
80622  44.188  8.587  -10.734 0.0000000000
80623  43.686  8.234  -10.066 0.0000000000
80624  37.167  8.686  -10.019 0.0000000000
80625  36.484  8.706  -10.691 0.0000000000
80628  53.213  8.165  -12.687 0.0000000000
80629  51.982  9.003  -12.302 0.0000000000
80630  50.937  8.386  -11.582 0.0000000000
80631  45.275  8.170  -11.800 0.0000000000
80632  44.703  8.022  -11.041 0.0000000000
80633  35.908  8.695  -11.408 0.0000000000
80634  35.333  8.660  -12.315 0.0000000000
80637  53.545  7.928  -13.043 0.0000000000
80638  53.342  8.337  -13.071 0.0000000000
80639  52.852  9.119  -12.916 0.0000000000
80640  46.215  8.887  -13.113 0.0000000000
80641  45.776  8.555  -12.534 0.0000000000
80642  34.584  8.920  -12.980 0.0000000000
80645  53.210  8.343  -13.188 0.0000000000
80646  50.695  9.490  -14.200 0.0000000000
80647  35.106  8.282  -13.578 0.0000000000
80648  34.364  8.506  -14.106 0.0000000000
80649  33.641  8.564  -14.818 0.0000000000
80651  29.045  9.001  -15.401 0.0000000000
80652  49.394  9.514  -14.938 0.0000000000
80653  48.064  8.639  -15.309 0.0000000000
80654  47.091  8.547  -15.163 0.0000000000
80655  46.594  8.320  -14.532 0.0000000000
80656  34.009  7.606  -16.221 0.0000000000
80657  32.679  8.505  -15.571 0.0000000000
80658  28.889  8.096  -15.369 0.0000000000
80659  33.172  7.577  -16.246 0.0000000000
80660  29.700  9.116  -16.043 0.0000000000
80661  28.936  9.466  -16.074 0.0000000000
80662  28.870  9.255  -15.794 0.0000000000
80663  28.713  9.677  -16.042 0.0000000000
81303  42.387  9.297  -10.068 0.0000000000
81304  41.466  9.370  -9.773 0.0000000000
81305  40.617  9.328  -9.471 0.0000000000
81306  39.724  9.302  -9.321 0.0000000000
81307  37.914  8.990  -9.557 0.0000000000
81315  50.185  10.145  -11.328 0.0000000000
81316  48.865  9.583  -10.720 0.0000000000
81318  44.228  9.555  -11.024 0.0000000000
81319  43.562  9.892  -10.810 0.0000000000
81320  42.910  10.128  -10.715 0.0000000000
81321  41.987  10.208  -10.618 0.0000000000
81322  41.104  9.845  -10.130 0.0000000000
81323  38.363  9.800  -9.861 0.0000000000
81324  37.483  9.531  -10.085 0.0000000000
81325  36.803  9.279  -10.406 0.0000000000
81330  51.378  10.111  -12.025 0.0000000000
81331  45.361  9.070  -11.879 0.0000000000
81332  44.752  8.867  -11.319 0.0000000000
81333  35.549  9.260  -11.600 0.0000000000
81336  52.228  9.831  -12.973 0.0000000000
81337  52.079  9.827  -12.684 0.0000000000
81338  46.552  9.608  -13.303 0.0000000000
81339  45.957  9.294  -12.466 0.0000000000
81340  34.986  9.524  -12.213 0.0000000000
81341  34.436  9.559  -12.872 0.0000000000
81343  51.794  9.773  -13.470 0.0000000000
81344  47.174  10.050  -14.870 0.0000000000
81345  46.491  8.962  -13.967 0.0000000000
81346  33.905  9.256  -13.604 0.0000000000
81347  29.807  8.754  -14.366 0.0000000000
81348  28.912  10.059  -15.683 0.0000000000
81349  49.713  10.204  -14.664 0.0000000000
81350  48.602  10.339  -15.098 0.0000000000
81351  47.440  9.545  -15.198 0.0000000000
81352  46.828  9.218  -14.838 0.0000000000
81353  33.097  9.412  -14.387 0.0000000000
81354  32.094  9.743  -15.085 0.0000000000
81355  30.588  10.313  -15.903 0.0000000000
81356  28.727  9.670  -15.970 0.0000000000
81357  31.296  9.088  -15.750 0.0000000000
81358  30.057  9.605  -16.129 0.0000000000
81359  29.188  9.910  -16.268 0.0000000000
81360  28.698  9.791  -16.067 0.0000000000
81986  40.318  9.926  -9.976 0.0000000000
81987  39.343  9.926  -9.842 0.0000000000
81995  49.338  10.658  -10.795 0.0000000000
81996  48.733  11.154  -10.331 0.0000000000
81997  44.572  10.270  -11.092 0.0000000000
81998  44.024  10.486  -10.851 0.0000000000
81999  43.316  10.666  -10.824 0.0000000000
82000  42.610  10.943  -11.086 0.0000000000
82001  41.174  10.453  -10.839 0.0000000000
82002  40.153  10.479  -10.733 0.0000000000
82003  39.012  10.491  -10.494 0.0000000000
82004  37.974  10.365  -10.456 0.0000000000
82005  37.033  10.029  -10.624 0.0000000000
82011  51.096  11.021  -11.738 0.0000000000
82012  50.266  11.080  -11.225 0.0000000000
82013  46.566  10.709  -12.050 0.0000000000
82014  45.740  10.311  -11.633 0.0000000000
82015  45.011  9.782  -11.429 0.0000000000
82016  41.906  11.143  -11.433 0.0000000000
82017  39.916  10.980  -11.571 0.0000000000
82018  38.681  10.981  -11.201 0.0000000000
82019  37.595  10.849  -11.115 0.0000000000
82020  36.567  10.500  -11.250 0.0000000000
82021  35.651  10.017  -11.554 0.0000000000
82025  51.556  10.662  -12.504 0.0000000000
82026  47.556  11.107  -13.815 0.0000000000
82027  46.914  10.453  -13.012 0.0000000000
82028  46.210  9.982  -12.351 0.0000000000
82029  36.067  11.002  -12.003 0.0000000000
82030  35.270  10.381  -12.113 0.0000000000
82031  34.685  10.265  -12.579 0.0000000000
82033  51.477  10.602  -13.145 0.0000000000
82034  50.612  10.419  -13.991 0.0000000000
82035  47.670  10.822  -14.724 0.0000000000
82036  47.104  10.280  -14.094 0.0000000000
82037  34.083  10.113  -13.175 0.0000000000
82038  33.497  9.927  -13.714 0.0000000000
82039  29.408  10.689  -14.961 0.0000000000
82040  49.318  11.082  -14.556 0.0000000000
82041  48.194  11.159  -14.894 0.0000000000
82042  47.738  10.405  -15.075 0.0000000000
82043  32.898  10.274  -14.339 0.0000000000
82044  31.845  10.732  -15.189 0.0000000000
82045  28.770  10.959  -16.104 0.0000000000
82046  28.726  10.265  -16.183 0.0000000000
82047  30.587  11.332  -16.080 0.0000000000
82048  29.435  11.534  -16.406 0.0000000000
82720  45.463  11.979  -10.159 0.0000000000
82721  44.642  11.831  -9.936 0.0000000000
82722  43.943  11.780  -9.885 0.0000000000
82723  43.336  11.803  -10.001 0.0000000000
82730  49.866  11.664  -10.814 0.0000000000
82731  49.052  11.956  -10.303 0.0000000000
82732  46.406  11.667  -11.069 0.0000000000
82733  45.723  11.451  -10.725 0.0000000000
82734  44.298  11.261  -10.481 0.0000000000
82735  43.688  11.237  -10.549 0.0000000000
82736  42.895  11.407  -10.772 0.0000000000
82737  42.158  11.627  -11.334 0.0000000000
82743  51.211  11.547  -12.055 0.0000000000
82744  50.750  11.730  -11.484 0.0000000000
82745  47.588  12.220  -12.410 0.0000000000
82746  46.895  11.500  -11.726 0.0000000000
82747  46.092  11.015  -11.288 0.0000000000
82748  41.732  11.781  -11.938 0.0000000000
82749  41.328  11.909  -12.489 0.0000000000
82750  40.681  11.643  -12.622 0.0000000000
82751  39.609  11.380  -12.271 0.0000000000
82752  38.406  11.392  -11.977 0.0000000000
82753  37.229  11.303  -11.859 0.0000000000
82757  51.162  11.365  -12.726 0.0000000000
82758  50.303  11.946  -13.223 0.0000000000
82759  47.908  12.109  -13.581 0.0000000000
82760  47.299  11.311  -12.718 0.0000000000
82761  41.062  12.227  -12.944 0.0000000000
82762  40.626  12.282  -13.343 0.0000000000
82763  39.616  11.838  -13.175 0.0000000000
82764  38.167  11.800  -12.878 0.0000000000
82765  36.910  11.746  -12.678 0.0000000000
82766  35.258  11.048  -12.524 0.0000000000
82767  34.542  10.990  -13.050 0.0000000000
82768  31.447  11.739  -13.354 0.0000000000
82769  30.302  11.193  -14.240 0.0000000000
82770  50.483  11.243  -13.636 0.0000000000
82771  49.549  11.748  -13.984 0.0000000000
82772  48.610  11.843  -14.337 0.0000000000
82773  48.104  11.625  -14.350 0.0000000000
82774  40.209  12.504  -14.010 0.0000000000
82775  39.319  12.301  -14.240 0.0000000000
82776  37.832  12.132  -13.768 0.0000000000
82777  36.511  12.111  -13.522 0.0000000000
82778  35.404  11.760  -13.240 0.0000000000
82779  34.511  11.734  -13.681 0.0000000000
82780  33.707  10.808  -13.730 0.0000000000
82781  30.202  11.998  -14.619 0.0000000000
82782  29.262  11.580  -15.589 0.0000000000
82783  33.647  11.786  -14.266 0.0000000000
82784  32.818  11.201  -14.581 0.0000000000
82785  31.610  11.773  -15.596 0.0000000000
82786  29.284  12.135  -15.890 0.0000000000
82787  29.136  11.807  -16.343 0.0000000000
82788  30.162  12.231  -16.592 0.0000000000
82789  29.542  12.402  -16.521 0.0000000000
83470  48.407  13.131  -9.020 0.0000000000
83473  43.755  12.699  -8.727 0.0000000000
83474  42.942  12.448  -8.722 0.0000000000
83475  42.198  12.240  -9.022 0.0000000000
83476  41.297  12.453  -9.198 0.0000000000
83477  40.330  12.753  -9.323 0.0000000000
83483  50.024  13.400  -10.259 0.0000000000
83484  48.925  12.683  -9.811 0.0000000000
83486  46.039  12.841  -9.988 0.0000000000
83487  45.084  12.492  -9.547 0.0000000000
83488  44.225  12.299  -9.324 0.0000000000
83489  43.485  12.184  -9.266 0.0000000000
83490  42.719  11.960  -10.127 0.0000000000
83491  42.077  12.183  -10.300 0.0000000000
83492  41.324  12.498  -10.478 0.0000000000
83493  40.565  12.785  -10.472 0.0000000000
83498  50.513  13.173  -10.945 0.0000000000
83499  49.909  12.540  -10.544 0.0000000000
83500  47.346  13.376  -11.334 0.0000000000
83501  46.251  12.151  -10.591 0.0000000000
83502  42.386  11.941  -10.934 0.0000000000
83503  41.868  12.229  -11.431 0.0000000000
83504  41.223  12.718  -11.671 0.0000000000
83509  50.890  11.954  -12.399 0.0000000000
83510  50.408  13.025  -11.857 0.0000000000
83511  47.755  13.182  -12.216 0.0000000000
83512  47.070  12.374  -11.341 0.0000000000
83513  41.607  12.302  -12.154 0.0000000000
83514  41.290  12.561  -12.594 0.0000000000
83518  50.040  12.650  -12.772 0.0000000000
83519  48.493  13.407  -13.116 0.0000000000
83520  48.093  13.007  -13.152 0.0000000000
83521  40.979  12.766  -13.248 0.0000000000
83522  40.546  12.880  -14.004 0.0000000000
83524  31.949  12.444  -13.095 0.0000000000
83525  49.204  12.454  -13.797 0.0000000000
83526  48.415  12.536  -13.724 0.0000000000
83527  40.116  12.877  -14.713 0.0000000000
83528  39.438  12.832  -15.290 0.0000000000
83529  37.582  12.397  -14.701 0.0000000000
83530  36.351  12.443  -14.517 0.0000000000
83531  35.322  12.286  -13.970 0.0000000000
83532  31.019  12.512  -14.162 0.0000000000
83533  39.670  13.103  -15.239 0.0000000000
83534  39.191  13.181  -15.797 0.0000000000
83535  38.595  12.767  -15.650 0.0000000000
83536  37.505  12.719  -15.661 0.0000000000
83537  35.451  12.670  -14.869 0.0000000000
83538  34.481  12.403  -14.432 0.0000000000
83539  32.050  12.513  -15.735 0.0000000000
83540  29.754  12.699  -15.759 0.0000000000
83541  29.416  12.331  -16.435 0.0000000000
83542  38.219  13.116  -16.014 0.0000000000
83543  37.087  13.075  -16.130 0.0000000000
83544  35.892  13.027  -15.914 0.0000000000
83545  34.371  12.961  -15.491 0.0000000000
83546  32.637  13.065  -16.014 0.0000000000
83547  29.727  12.782  -16.692 0.0000000000
84245  47.434  13.828  -6.589 0.0000000000
84255  48.511  14.088  -7.843 0.0000000000
84256  47.712  13.609  -7.467 0.0000000000
84258  42.760  13.772  -7.783 0.0000000000
84259  41.836  13.577  -7.710 0.0000000000
84260  40.972  13.474  -7.833 0.0000000000
84261  40.275  13.508  -8.050 0.0000000000
84262  39.667  13.614  -8.326 0.0000000000
84267  49.738  14.309  -9.127 0.0000000000
84268  48.893  13.868  -8.680 0.0000000000
84269  48.047  13.403  -8.271 0.0000000000
84270  44.898  13.775  -8.766 0.0000000000
84271  44.088  13.486  -8.443 0.0000000000
84272  43.247  13.204  -8.260 0.0000000000
84273  42.380  12.913  -8.208 0.0000000000
84274  41.490  12.810  -8.341 0.0000000000
84275  40.665  12.920  -8.489 0.0000000000
84276  39.491  13.170  -8.954 0.0000000000
84277  38.810  13.541  -9.369 0.0000000000
84283  50.243  14.357  -9.936 0.0000000000
84284  49.391  13.622  -9.457 0.0000000000
84285  46.121  13.806  -9.730 0.0000000000
84286  45.389  13.283  -9.326 0.0000000000
84287  44.585  12.950  -8.925 0.0000000000
84288  39.622  13.016  -9.855 0.0000000000
84293  50.422  13.992  -10.773 0.0000000000
84294  47.488  14.185  -11.419 0.0000000000
84295  46.847  13.748  -10.574 0.0000000000
84296  40.260  13.114  -11.133 0.0000000000
84297  39.056  13.390  -10.462 0.0000000000
84301  50.119  13.857  -11.751 0.0000000000
84302  47.841  14.082  -12.150 0.0000000000
84303  40.808  13.110  -12.504 0.0000000000
84304  39.877  13.525  -12.690 0.0000000000
84308  49.396  13.635  -12.729 0.0000000000
84309  48.596  14.256  -12.753 0.0000000000
84310  48.217  13.843  -12.741 0.0000000000
84311  40.630  13.117  -13.643 0.0000000000
84312  39.883  13.510  -13.902 0.0000000000
84315  31.627  12.976  -13.705 0.0000000000
84316  40.272  13.041  -14.559 0.0000000000
84317  39.699  13.313  -14.974 0.0000000000
84320  30.883  13.147  -14.821 0.0000000000
84321  39.503  13.123  -15.744 0.0000000000
84322  38.903  13.149  -16.000 0.0000000000
84323  29.966  13.249  -16.313 0.0000000000
84324  37.214  13.419  -16.251 0.0000000000
84325  36.362  13.489  -16.480 0.0000000000
84326  35.158  13.450  -16.530 0.0000000000
84327  33.461  13.487  -16.585 0.0000000000
84328  31.397  13.536  -17.157 0.0000000000
84329  29.987  13.455  -17.139 0.0000000000
84330  36.332  13.834  -16.771 0.0000000000
84331  35.706  13.857  -17.058 0.0000000000
85049  48.567  14.975  -6.515 0.0000000000
85050  47.843  14.542  -6.114 0.0000000000
85058  49.797  15.462  -7.645 0.0000000000
85059  48.942  14.788  -7.355 0.0000000000
85060  48.106  14.324  -6.998 0.0000000000
85061  43.965  14.883  -7.770 0.0000000000
85062  42.288  14.423  -7.392 0.0000000000
85063  41.253  14.451  -7.387 0.0000000000
85064  40.553  13.992  -7.666 0.0000000000
85065  39.963  14.115  -7.834 0.0000000000
85073  49.589  14.701  -8.331 0.0000000000
85074  45.306  14.709  -8.772 0.0000000000
85075  44.427  14.362  -8.295 0.0000000000
85076  43.611  14.049  -7.986 0.0000000000
85077  39.361  14.252  -8.218 0.0000000000
85078  38.768  14.233  -8.701 0.0000000000
85084  50.285  15.124  -9.357 0.0000000000
85085  46.671  14.603  -10.221 0.0000000000
85086  46.045  14.601  -9.480 0.0000000000
85087  38.309  14.347  -9.321 0.0000000000
85088  37.913  14.536  -9.871 0.0000000000
85093  50.243  14.865  -10.784 0.0000000000
85094  47.934  14.918  -12.013 0.0000000000
85095  47.360  14.759  -11.055 0.0000000000
85096  38.269  13.897  -10.097 0.0000000000
85097  37.768  14.438  -10.582 0.0000000000
85102  49.875  14.603  -11.574 0.0000000000
85103  49.235  15.143  -12.131 0.0000000000
85104  48.602  15.057  -12.403 0.0000000000
85105  38.565  13.831  -11.285 0.0000000000
85106  37.617  14.513  -11.611 0.0000000000
85113  49.305  14.506  -12.365 0.0000000000
85114  37.718  14.447  -12.620 0.0000000000
85118  37.746  14.272  -14.623 0.0000000000
85122  38.933  13.532  -15.308 0.0000000000
85123  38.250  13.678  -15.638 0.0000000000
85128  37.882  13.408  -16.010 0.0000000000
85129  36.912  13.890  -16.412 0.0000000000
85789  48.736  16.108  -5.436 0.0000000000
85790  48.289  15.270  -5.701 0.0000000000
85793  49.928  16.135  -6.913 0.0000000000
85794  49.065  15.706  -6.211 0.0000000000
85795  43.086  15.986  -6.939 0.0000000000
85796  42.299  15.794  -6.909 0.0000000000
85803  50.304  16.252  -7.869 0.0000000000
85804  44.991  16.102  -7.807 0.0000000000
85805  44.240  15.700  -7.545 0.0000000000
85806  43.499  15.411  -7.339 0.0000000000
85807  41.995  15.063  -7.126 0.0000000000
85808  41.479  15.534  -7.105 0.0000000000
85809  40.626  15.272  -7.422 0.0000000000
85810  39.805  14.933  -7.811 0.0000000000
85817  46.260  16.151  -9.077 0.0000000000
85818  45.499  15.673  -8.528 0.0000000000
85819  44.733  15.234  -8.099 0.0000000000
85820  39.063  14.941  -8.329 0.0000000000
85821  38.543  14.904  -8.820 0.0000000000
85828  50.087  16.120  -9.790 0.0000000000
85829  47.507  16.413  -10.544 0.0000000000
85830  46.744  15.892  -9.880 0.0000000000
85831  46.048  15.370  -9.267 0.0000000000
85832  38.141  15.260  -9.397 0.0000000000
85833  37.623  15.145  -10.121 0.0000000000
85838  49.664  15.788  -10.976 0.0000000000
85839  48.717  16.298  -11.545 0.0000000000
85840  47.933  16.168  -11.379 0.0000000000
85841  47.221  15.533  -10.664 0.0000000000
85842  37.278  15.136  -10.871 0.0000000000
85849  49.607  15.266  -11.533 0.0000000000
85850  49.012  15.725  -12.025 0.0000000000
85851  48.325  15.685  -11.933 0.0000000000
86474  49.950  17.470  -6.023 0.0000000000
86475  49.200  17.003  -5.333 0.0000000000
86478  50.197  16.985  -6.636 0.0000000000
86479  49.583  16.538  -6.032 0.0000000000
86480  44.389  17.511  -6.922 0.0000000000
86481  43.537  16.791  -6.848 0.0000000000
86482  42.652  16.555  -6.787 0.0000000000
86485  50.333  17.007  -7.486 0.0000000000
86486  46.256  17.301  -8.043 0.0000000000
86487  45.289  17.092  -7.486 0.0000000000
86488  44.366  16.544  -7.246 0.0000000000
86489  43.747  16.105  -7.150 0.0000000000
86490  41.846  16.405  -6.885 0.0000000000
86491  40.942  16.320  -7.290 0.0000000000
86492  40.057  15.868  -7.708 0.0000000000
86498  47.506  17.366  -9.350 0.0000000000
86499  46.639  16.903  -8.802 0.0000000000
86500  45.798  16.507  -8.262 0.0000000000
86501  40.277  16.826  -7.872 0.0000000000
86502  39.570  16.350  -8.296 0.0000000000
86503  38.833  15.747  -8.712 0.0000000000
86511  49.604  17.062  -9.756 0.0000000000
86512  48.805  17.311  -10.323 0.0000000000
86513  47.905  17.124  -10.221 0.0000000000
86514  47.058  16.638  -9.663 0.0000000000
86515  39.195  16.824  -9.086 0.0000000000
86516  38.500  16.295  -9.520 0.0000000000
86521  49.327  16.675  -10.672 0.0000000000
86522  48.304  16.793  -10.956 0.0000000000
86524  37.589  16.002  -10.521 0.0000000000
87099  50.274  17.734  -6.900 0.0000000000
87100  45.245  17.962  -7.131 0.0000000000
87101  43.569  17.574  -6.752 0.0000000000
87102  42.882  17.307  -6.728 0.0000000000
87103  42.220  17.044  -6.802 0.0000000000
87106  50.145  17.737  -7.875 0.0000000000
87107  49.534  18.430  -8.323 0.0000000000
87108  47.593  18.471  -8.328 0.0000000000
87109  46.022  17.979  -7.528 0.0000000000
87110  42.229  17.822  -7.019 0.0000000000
87111  41.618  17.108  -7.083 0.0000000000
87112  40.990  17.339  -7.574 0.0000000000
87115  49.780  17.810  -8.708 0.0000000000
87116  49.072  18.201  -9.235 0.0000000000
87117  48.077  18.123  -9.057 0.0000000000
87118  47.110  17.663  -8.556 0.0000000000
87119  40.630  17.799  -8.372 0.0000000000
87120  39.923  17.318  -8.710 0.0000000000
87126  49.598  17.576  -9.272 0.0000000000
87127  49.143  17.651  -9.741 0.0000000000
87128  48.436  17.680  -9.712 0.0000000000
87754  49.939  18.553  -6.194 0.0000000000
87755  49.578  19.408  -6.864 0.0000000000
87757  45.833  18.913  -7.237 0.0000000000
87758  44.795  18.514  -6.924 0.0000000000
87759  43.921  18.270  -6.773 0.0000000000
87760  43.088  18.094  -6.808 0.0000000000
87763  49.932  18.530  -7.324 0.0000000000
87764  49.197  19.166  -7.859 0.0000000000
87765  48.219  19.312  -8.029 0.0000000000
87767  42.573  18.780  -7.296 0.0000000000
87768  41.835  18.613  -7.689 0.0000000000
87769  41.234  18.271  -8.040 0.0000000000
87772  48.629  18.717  -8.563 0.0000000000
107611  38.685  -51.069  -9.608 0.0000000000
107641  51.340  -39.446  -12.980 0.0000000000
107647  39.017  5.795  -12.020 0.0000000000
107766  36.658  -46.525  0.139 0.0000000000
107788  46.428  -30.059  -8.601 0.0000000000
107809  54.459  -15.953  -10.137 0.0000000000
107840  37.841  6.073  -16.289 0.0000000000
107854  44.751  -17.042  -9.124 0.0000000000
107865  52.537  -9.737  -8.405 0.0000000000
107877  51.799  -12.075  -8.293 0.0000000000
107931  42.989  -5.376  -9.226 0.0000000000
107932  43.397  -15.950  -8.787 0.0000000000
108005  41.440  -51.007  -9.167 0.0000000000
108026  49.941  -35.191  -11.296 0.0000000000
108032  41.343  -48.615  -3.776 0.0000000000
108111  46.096  -19.185  -9.396 0.0000000000
108244  43.777  -17.058  -8.841 0.0000000000
108257  47.125  -18.441  -9.341 0.0000000000
108258  48.205  -18.006  -9.094 0.0000000000
108309  55.012  -28.109  -10.105 0.0000000000
108366  49.946  3.245  -16.052 0.0000000000
108370  40.813  -51.636  -9.400 0.0000000000
108432  56.132  -10.049  -9.332 0.0000000000
108492  53.935  -7.938  -8.674 0.0000000000
108586  53.682  -5.056  -8.137 0.0000000000
108592  49.605  4.258  -14.671 0.0000000000
108620  45.582  -40.910  -14.167 0.0000000000
108659  48.563  -38.109  -14.388 0.0000000000
108725  53.423  -9.710  -6.484 0.0000000000
108737  49.588  -33.937  -10.158 0.0000000000
108757  43.245  -7.231  -8.134 0.0000000000
108762  45.157  -9.968  -8.803 0.0000000000
108765  53.888  -16.563  -9.763 0.0000000000
108873  51.610  -40.023  -12.895 0.0000000000
108954  42.903  -5.130  -8.544 0.0000000000
109005  55.766  -8.359  -8.961 0.0000000000
109055  52.016  -6.591  -6.416 0.0000000000
109083  41.337  -49.366  -5.749 0.0000000000
109281  55.753  -25.463  -8.861 0.0000000000
109323  49.374  -17.665  -8.764 0.0000000000
109357  53.490  -10.878  -8.566 0.0000000000
109484  57.152  -25.674  -8.790 0.0000000000
109498  28.884  10.899  -16.261 0.0000000000
109527  51.146  1.391  -15.796 0.0000000000
109535  37.616  6.232  -16.274 0.0000000000
109578  39.416  -42.545  -8.461 0.0000000000
109680  47.494  -29.951  -10.970 0.0000000000
109681  54.120  -28.747  -10.621 0.0000000000
109761  40.897  -47.781  -1.215 0.0000000000
109883  48.979  -41.889  -12.252 0.0000000000
109908  49.410  -20.195  -8.562 0.0000000000
110013  46.136  -27.536  -10.211 0.0000000000
110017  50.754  -4.609  -12.522 0.0000000000
110027  29.215  8.460  -15.637 0.0000000000
110160  35.665  -46.350  -0.025 0.0000000000
110255  50.337  15.802  -8.653 0.0000000000
110261  47.240  -28.910  -10.942 0.0000000000
110320  49.754  -33.205  -10.418 0.0000000000
110398  52.670  -5.037  -8.356 0.0000000000
110421  53.546  -15.833  -9.887 0.0000000000
110506  39.710  5.149  -11.950 0.0000000000
110569  43.469  -9.695  -7.456 0.0000000000
110592  45.871  -40.440  -14.958 0.0000000000
110601  49.749  -32.953  -12.062 0.0000000000
110606  37.310  -49.580  -7.573 0.0000000000
110666  53.572  4.810  -11.638 0.0000000000
110677  44.971  11.323  -10.500 0.0000000000
110753  44.033  -47.962  -16.286 0.0000000000
110818  49.968  -36.095  -11.453 0.0000000000
110861  49.674  -49.540  -6.686 0.0000000000
110882  42.304  -53.084  -13.531 0.0000000000
110931  41.658  -47.691  -3.028 0.0000000000
110976  51.179  -29.320  -11.718 0.0000000000
111000  45.602  -40.904  -14.783 0.0000000000
111041  53.867  -8.489  -6.718 0.0000000000
111047  42.153  -15.385  -9.037 0.0000000000
111195  47.534  -7.253  -10.602 0.0000000000
111221  39.838  -46.163  -6.785 0.0000000000
111231  39.413  -47.150  -6.678 0.0000000000
111316  43.344  -7.182  -7.731 0.0000000000
111361  47.362  -6.003  -11.176 0.0000000000
111367  48.457  0.907  -12.263 0.0000000000
111374  48.560  -33.191  -14.160 0.0000000000
111397  41.926  -42.451  -8.244 0.0000000000
111414  29.991  12.866  -16.984 0.0000000000
111476  38.648  13.996  -12.631 0.0000000000
111485  51.769  -12.898  -8.558 0.0000000000
111637  45.606  -42.166  -15.387 0.0000000000
111866  41.422  -49.517  -6.633 0.0000000000
111889  58.488  -27.026  -7.759 0.0000000000
111922  55.859  -16.363  -9.448 0.0000000000
111964  54.459  -18.841  -9.586 0.0000000000
111969  50.086  -3.070  -12.754 0.0000000000
111971  47.351  -2.860  -13.261 0.0000000000
112000  38.314  6.425  -11.482 0.0000000000
112028  46.841  -36.826  -11.108 0.0000000000
112038  44.026  -47.650  -16.093 0.0000000000
112071  49.355  -4.640  -10.589 0.0000000000
112095  48.750  -31.956  -14.014 0.0000000000
112113  45.615  9.681  -11.895 0.0000000000
112289  43.635  -53.122  -13.827 0.0000000000
112330  57.435  -24.790  -8.645 0.0000000000
112338  45.231  -52.202  -12.894 0.0000000000
112391  46.489  -43.184  -11.433 0.0000000000
112405  41.720  -48.197  -12.875 0.0000000000
112432  50.850  -38.919  -12.070 0.0000000000
112444  46.261  -2.845  -12.223 0.0000000000
112500  44.171  -11.238  -5.310 0.0000000000
112548  46.586  -38.842  -11.410 0.0000000000
112578  46.383  -41.016  -12.180 0.0000000000
112741  49.831  -36.134  -13.781 0.0000000000
112762  50.993  -9.591  -8.381 0.0000000000
112803  41.782  -47.572  -2.054 0.0000000000
112878  42.132  -49.483  -13.298 0.0000000000
112936  45.409  -28.951  -8.076 0.0000000000
112954  46.384  7.348  -14.138 0.0000000000
112978  46.349  -32.191  -8.051 0.0000000000
113007  40.023  13.112  -8.582 0.0000000000
113013  39.441  15.561  -8.129 0.0000000000
113084  55.601  -27.837  -9.745 0.0000000000
113098  36.674  7.190  -15.488 0.0000000000
113124  47.939  -38.711  -14.582 0.0000000000
113160  47.883  -35.785  -14.553 0.0000000000
113267  38.792  9.178  -9.347 0.0000000000
113315  50.356  -3.700  -15.158 0.0000000000
113336  52.757  -25.589  -9.493 0.0000000000
113348  57.390  -10.103  -8.321 0.0000000000
113349  46.985  3.222  -13.978 0.0000000000
113387  56.844  -27.542  -7.733 0.0000000000
113402  48.680  -50.470  -7.918 0.0000000000
113413  31.256  10.983  -13.334 0.0000000000
113431  46.678  -33.987  -8.870 0.0000000000
113443  46.690  -37.158  -12.218 0.0000000000
113532  55.374  -20.812  -8.550 0.0000000000
113570  53.819  -3.270  -15.978 0.0000000000
113621  49.667  -2.910  -15.105 0.0000000000
113630  46.561  -37.123  -13.556 0.0000000000
113725  46.573  -41.008  -11.126 0.0000000000
113766  43.590  -17.446  -7.904 0.0000000000
113793  42.718  15.208  -7.177 0.0000000000
113795  39.514  -50.422  -10.183 0.0000000000
113862  41.251  1.519  -12.555 0.0000000000
113929  42.909  12.131  -9.335 0.0000000000
113955  40.778  -49.603  -4.901 0.0000000000
113962  49.284  -45.988  -10.031 0.0000000000
113985  45.750  7.773  -12.591 0.0000000000
114013  58.206  -26.351  -7.573 0.0000000000
114214  41.113  -46.737  -11.980 0.0000000000
114246  47.630  -22.154  -7.165 0.0000000000
114253  41.560  17.820  -7.415 0.0000000000
114290  50.230  -34.967  -12.211 0.0000000000
114364  45.944  -34.190  -7.297 0.0000000000
114374  44.038  -51.620  -12.480 0.0000000000
114398  46.282  -40.049  -7.807 0.0000000000
114410  41.538  -48.629  -6.820 0.0000000000
114517  46.636  -38.929  -10.555 0.0000000000
114544  49.649  -47.126  -9.882 0.0000000000
114594  53.624  -3.070  -16.185 0.0000000000
114627  46.942  18.908  -7.715 0.0000000000
114741  34.394  7.965  -15.418 0.0000000000
114752  46.903  -35.091  -9.597 0.0000000000
114924  46.625  -37.753  -9.519 0.0000000000
114928  45.968  -38.946  -7.089 0.0000000000
114970  46.464  -38.845  -8.362 0.0000000000
115011  34.794  -46.071  -0.249 0.0000000000
115012  42.919  -12.753  -8.776 0.0000000000
115099  46.730  -30.916  -8.744 0.0000000000
115124  40.473  -49.531  -10.746 0.0000000000
115255  54.480  -29.708  -9.662 0.0000000000
115283  43.883  -43.648  -8.536 0.0000000000
115305  49.631  5.432  -13.153 0.0000000000
115317  46.590  -39.156  -9.142 0.0000000000
115322  43.454  -3.363  -10.820 0.0000000000
115403  46.004  -48.469  -9.859 0.0000000000
115467  53.593  -19.071  -9.623 0.0000000000
115496  29.270  10.459  -16.347 0.0000000000
115588  46.496  -37.923  -13.056 0.0000000000
115600  50.845  12.248  -11.872 0.0000000000
115843  50.528  12.404  -11.187 0.0000000000
115884  53.095  -18.004  -9.263 0.0000000000
115911  55.026  -12.920  -10.584 0.0000000000
115943  47.313  -34.285  -12.821 0.0000000000
115987  33.395  12.502  -14.994 0.0000000000
116040  28.856  10.349  -16.293 0.0000000000
116091  46.833  0.926  -13.317 0.0000000000
116094  48.988  8.804  -15.137 0.0000000000
116108  47.357  7.017  -15.144 0.0000000000
116123  37.517  -50.040  -7.701 0.0000000000
116164  46.560  -36.775  -8.891 0.0000000000
116314  49.645  4.180  -15.363 0.0000000000
116338  52.184  8.950  -13.551 0.0000000000
116420  47.102  1.494  -13.755 0.0000000000
116426  52.140  -21.678  -10.631 0.0000000000
116518  38.747  -50.978  -9.876 0.0000000000
116541  46.679  3.828  -13.421 0.0000000000
116583  51.231  0.555  -15.278 0.0000000000
116586  40.958  -48.210  -11.317 0.0000000000
116650  50.873  -15.175  -9.039 0.0000000000
116804  41.520  -47.979  -4.313 0.0000000000
116838  42.725  -11.832  -7.234 0.0000000000
116892  39.838  6.810  -8.567 0.0000000000
116930  44.722  -9.252  -8.606 0.0000000000
117006  44.558  5.967  -9.802 0.0000000000
117144  53.056  -39.915  -10.664 0.0000000000
117196  43.253  -10.599  -7.438 0.0000000000
117244  51.135  -25.559  -11.950 0.0000000000
117257  46.670  -40.866  -10.044 0.0000000000
117268  30.649  6.868  -15.525 0.0000000000
117326  42.751  -1.582  -11.774 0.0000000000
117613  47.253  -13.056  -7.615 0.0000000000
117659  30.871  12.985  -16.884 0.0000000000
117777  52.479  7.715  -11.987 0.0000000000
117787  56.211  -23.052  -8.562 0.0000000000
117791  48.795  1.070  -15.806 0.0000000000
117894  47.662  -0.820  -14.103 0.0000000000
117942  49.763  -48.956  -9.131 0.0000000000
117953  41.935  6.721  -8.380 0.0000000000
118000  47.549  -22.000  -6.278 0.0000000000
118029  45.114  -3.184  -11.457 0.0000000000
118030  49.949  7.902  -11.132 0.0000000000
118053  39.770  13.413  -11.643 0.0000000000
118430  50.775  -25.071  -12.724 0.0000000000
118471  51.163  8.615  -13.936 0.0000000000
118551  46.343  5.790  -13.538 0.0000000000
118564  46.720  12.862  -10.706 0.0000000000
118678  42.603  6.738  -8.527 0.0000000000
118690  51.603  -26.268  -10.926 0.0000000000
118738  58.684  -23.142  -8.454 0.0000000000
118743  43.865  4.047  -9.346 0.0000000000
118770  46.598  -38.078  -11.844 0.0000000000
118807  47.639  4.995  -15.282 0.0000000000
118836  49.417  1.267  -16.222 0.0000000000
118905  47.938  10.003  -15.252 0.0000000000
118925  58.304  -23.696  -8.550 0.0000000000
118985  47.689  -48.511  -6.386 0.0000000000
119001  38.590  14.043  -13.925 0.0000000000
119044  48.368  9.486  -15.245 0.0000000000
119053  40.426  14.545  -7.590 0.0000000000
119094  44.498  -0.902  -11.498 0.0000000000
119101  47.462  -0.022  -14.045 0.0000000000
119124  43.234  4.940  -8.755 0.0000000000
119190  45.423  5.243  -10.815 0.0000000000
119226  45.031  -51.132  -14.509 0.0000000000
119312  43.630  9.061  -10.560 0.0000000000
119320  41.130  -50.314  -6.898 0.0000000000
119330  31.897  8.085  -15.998 0.0000000000
119349  50.073  0.381  -16.475 0.0000000000
119372  46.627  -40.135  -9.311 0.0000000000
119389  50.827  -42.141  -9.226 0.0000000000
119525  56.786  -26.550  -9.140 0.0000000000
119559  36.481  12.746  -15.494 0.0000000000
119581  48.803  0.245  -12.666 0.0000000000
119590  38.836  -48.774  -7.803 0.0000000000
119604  50.161  -15.251  -8.764 0.0000000000
119625  34.529  6.997  -16.940 0.0000000000
119667  47.794  -16.662  -8.756 0.0000000000
119670  49.841  -32.555  -10.585 0.0000000000
119773  46.607  -40.370  -10.779 0.0000000000
119785  49.582  -44.537  -9.623 0.0000000000
119810  46.054  6.172  -12.796 0.0000000000
119836  50.411  -17.945  -8.580 0.0000000000
119842  45.861  -48.098  -15.033 0.0000000000
119898  47.414  -23.226  -6.908 0.0000000000
119922  48.519  -1.777  -11.776 0.0000000000
119947  46.435  -42.290  -9.075 0.0000000000
119950  45.992  -38.115  -7.090 0.0000000000
119957  40.800  -50.831  -7.661 0.0000000000
119965  30.659  10.234  -13.670 0.0000000000
120005  47.744  -23.739  -8.282 0.0000000000
120012  46.305  2.956  -12.144 0.0000000000
120059  39.138  13.702  -8.658 0.0000000000
120119  30.480  8.253  -15.842 0.0000000000
120174  52.400  -10.621  -8.323 0.0000000000
120184  42.477  4.049  -9.090 0.0000000000
120205  47.671  2.049  -15.078 0.0000000000
120340  50.174  -27.114  -14.178 0.0000000000
120435  39.858  -44.972  -7.188 0.0000000000
120594  46.897  -39.669  -14.899 0.0000000000
120631  53.671  -11.170  -6.451 0.0000000000
120814  50.803  9.368  -11.664 0.0000000000
120910  48.516  -45.697  -10.549 0.0000000000
120927  47.231  -34.852  -12.251 0.0000000000
121009  39.277  -47.617  -1.257 0.0000000000
121043  48.953  13.097  -13.481 0.0000000000
121111  46.410  -0.054  -12.458 0.0000000000
121116  58.107  -27.724  -8.656 0.0000000000
121120  47.470  -44.326  -14.621 0.0000000000
121135  51.893  -24.614  -10.010 0.0000000000
121188  36.329  -47.187  -1.823 0.0000000000
121206  43.157  14.607  -7.532 0.0000000000
121236  44.362  2.041  -10.363 0.0000000000
121246  42.833  -11.779  -8.211 0.0000000000
121288  47.921  -46.942  -11.205 0.0000000000
121451  42.402  2.127  -10.775 0.0000000000
121463  46.643  -40.081  -10.154 0.0000000000
121616  36.736  -46.520  -5.022 0.0000000000
121684  46.167  -44.398  -11.812 0.0000000000
121689  49.394  -30.732  -13.539 0.0000000000
121771  43.660  -44.062  -9.077 0.0000000000
121866  45.551  14.022  -9.199 0.0000000000
122146  49.596  -41.431  -11.608 0.0000000000
122266  46.545  15.192  -9.888 0.0000000000
122267  47.772  15.512  -11.525 0.0000000000
122303  46.666  -37.151  -14.245 0.0000000000
122402  50.734  1.731  -16.313 0.0000000000
122440  47.363  -34.227  -11.903 0.0000000000
122526  41.917  -42.046  -7.728 0.0000000000
122587  57.514  -26.824  -7.575 0.0000000000
122588  46.272  -37.827  -7.677 0.0000000000
122593  43.612  -7.255  -8.477 0.0000000000
122636  49.246  15.384  -6.906 0.0000000000
122657  49.390  -15.699  -8.640 0.0000000000
122660  49.650  6.881  -14.211 0.0000000000
122794  52.853  -8.927  -8.536 0.0000000000
122808  51.544  -48.319  -4.561 0.0000000000
122834  56.264  -11.026  -9.770 0.0000000000
122881  39.700  1.396  -12.187 0.0000000000
122914  40.226  -49.543  -4.564 0.0000000000
122921  44.008  -9.273  -8.327 0.0000000000
122941  45.213  10.712  -11.059 0.0000000000
122942  54.800  -14.173  -7.478 0.0000000000
123094  35.234  6.976  -17.067 0.0000000000
123102  28.767  9.959  -16.178 0.0000000000
123120  45.499  -43.130  -8.413 0.0000000000
123195  46.366  -42.759  -9.294 0.0000000000
123297  48.740  -17.260  -8.938 0.0000000000
123318  46.648  -19.556  -9.042 0.0000000000
123323  49.402  -7.825  -12.335 0.0000000000
123438  48.505  -19.998  -8.575 0.0000000000
123447  39.228  -40.052  -8.098 0.0000000000
123472  46.818  -46.829  -14.182 0.0000000000
123511  41.227  -52.885  -11.829 0.0000000000
123610  50.125  16.950  -8.686 0.0000000000
123623  48.827  -21.706  -8.535 0.0000000000
123654  51.404  -28.663  -13.721 0.0000000000
123690  49.587  -20.955  -8.632 0.0000000000
123700  38.816  -41.835  -7.018 0.0000000000
123763  47.794  -0.808  -11.242 0.0000000000
123767  47.146  -31.007  -9.396 0.0000000000
123775  55.146  -22.948  -8.494 0.0000000000
123841  46.812  9.620  -14.318 0.0000000000
123963  46.902  -32.971  -9.134 0.0000000000
124043  39.676  -44.666  -6.324 0.0000000000
124134  50.627  -18.730  -8.541 0.0000000000
124161  47.025  -35.994  -10.955 0.0000000000
124217  43.259  -11.880  -8.433 0.0000000000
124289  52.021  -30.269  -8.575 0.0000000000
124340  51.062  -21.858  -10.160 0.0000000000
124372  49.353  -22.191  -8.925 0.0000000000
124430  44.399  -16.266  -8.840 0.0000000000
124448  50.660  -8.720  -8.976 0.0000000000
124511  30.705  12.495  -16.533 0.0000000000
124574  57.018  -25.959  -7.473 0.0000000000
124584  49.529  4.181  -15.463 0.0000000000
124639  49.505  2.288  -13.925 0.0000000000
124797  48.228  14.488  -12.504 0.0000000000
124845  46.430  -40.672  -8.405 0.0000000000
124964  41.595  -50.755  -12.711 0.0000000000
125084  29.668  9.664  -14.522 0.0000000000
125093  48.062  -10.257  -8.767 0.0000000000
125126  51.257  -4.682  -7.022 0.0000000000
125183  43.128  9.440  -10.460 0.0000000000
125446  35.467  -45.754  -3.870 0.0000000000
125453  54.612  -18.106  -9.622 0.0000000000
125467  43.306  -49.618  -11.154 0.0000000000
125490  40.132  -45.782  -7.852 0.0000000000
125514  46.842  -1.238  -13.032 0.0000000000
125535  50.276  15.259  -10.173 0.0000000000
125536  37.919  15.861  -9.908 0.0000000000
125563  36.175  9.487  -10.953 0.0000000000
125570  47.628  -21.570  -6.877 0.0000000000
125574  32.757  11.991  -14.876 0.0000000000
125613  51.076  -0.206  -14.634 0.0000000000
125675  38.628  12.446  -14.830 0.0000000000
125689  50.266  -40.683  -13.078 0.0000000000
125740  51.261  -5.828  -10.747 0.0000000000
125779  44.504  -18.714  -9.203 0.0000000000
125823  48.900  -33.811  -14.111 0.0000000000
125827  50.356  2.497  -16.173 0.0000000000
125849  37.368  -46.026  -4.472 0.0000000000
125944  41.768  8.798  -9.396 0.0000000000
125960  35.977  11.588  -12.702 0.0000000000
126018  40.504  -48.608  -2.830 0.0000000000
126035  50.924  -38.504  -13.004 0.0000000000
126237  39.204  5.743  -10.959 0.0000000000
126280  40.607  -44.724  -10.521 0.0000000000
126302  54.933  -39.847  -9.212 0.0000000000
126516  52.817  9.085  -13.127 0.0000000000
126566  41.077  -47.404  -11.861 0.0000000000
126569  46.757  18.009  -7.971 0.0000000000
126609  53.340  -39.604  -10.066 0.0000000000
126682  45.358  -13.188  -8.313 0.0000000000
126867  39.009  -51.514  -9.631 0.0000000000
126891  55.385  -6.226  -7.912 0.0000000000
126957  49.163  -48.770  -5.017 0.0000000000
126980  49.535  -29.829  -13.881 0.0000000000
127014  51.205  -23.661  -12.389 0.0000000000
127074  52.011  -21.889  -11.255 0.0000000000
127216  45.105  4.066  -10.283 0.0000000000
127225  56.812  -8.718  -7.845 0.0000000000
127237  49.469  4.881  -12.866 0.0000000000
127276  40.226  11.732  -12.934 0.0000000000
127391  46.540  2.412  -12.721 0.0000000000
127434  46.436  -48.248  -14.004 0.0000000000
127512  39.268  -42.037  -8.258 0.0000000000
127734  49.842  -31.752  -11.592 0.0000000000
127879  46.696  4.346  -13.654 0.0000000000
127896  51.422  -26.451  -11.610 0.0000000000
127964  47.433  -42.633  -14.826 0.0000000000
127969  49.828  -32.512  -11.127 0.0000000000
128158  38.797  -48.349  -7.342 0.0000000000
128215  51.893  0.044  -16.192 0.0000000000
128403  48.002  -50.304  -11.242 0.0000000000
128435  49.387  -39.528  -14.186 0.0000000000
128559  52.057  -29.023  -11.943 0.0000000000
128562  43.976  -8.591  -6.721 0.0000000000
128626  43.059  -5.801  -8.035 0.0000000000
128638  50.561  -37.125  -13.206 0.0000000000
128668  49.316  -19.494  -8.582 0.0000000000
128712  46.319  -5.914  -10.275 0.0000000000
128769  30.692  8.795  -15.871 0.0000000000
128784  41.686  6.016  -8.389 0.0000000000
128807  46.404  5.154  -13.252 0.0000000000
128858  30.858  11.496  -13.771 0.0000000000
128941  47.179  -35.355  -10.859 0.0000000000
128972  49.143  0.548  -13.150 0.0000000000
129007  37.232  -46.539  0.550 0.0000000000
129025  50.023  -4.302  -14.640 0.0000000000
129103  48.314  2.104  -11.740 0.0000000000
129143  59.537  -24.813  -8.024 0.0000000000
129167  43.178  -11.405  -8.246 0.0000000000
129170  48.789  -2.433  -11.783 0.0000000000
129172  34.947  -46.273  -1.751 0.0000000000
129210  39.362  -40.783  -8.260 0.0000000000
129254  46.261  -34.371  -7.837 0.0000000000
129266  54.441  -28.599  -10.495 0.0000000000
129296  47.415  -47.472  -12.161 0.0000000000
129353  35.856  12.199  -13.723 0.0000000000
129436  41.041  -0.880  -11.384 0.0000000000
129440  46.859  -38.563  -14.655 0.0000000000
129490  46.877  -33.514  -9.232 0.0000000000
129563  52.829  3.624  -11.705 0.0000000000
129573  44.006  -11.948  -5.262 0.0000000000
129577  50.196  -20.347  -8.654 0.0000000000
129587  52.185  -40.205  -11.586 0.0000000000
129595  51.416  -10.212  -8.191 0.0000000000
129615  54.641  -28.971  -10.486 0.0000000000
129644  47.675  -21.128  -8.149 0.0000000000
129668  47.228  -35.259  -14.248 0.0000000000
129692  40.203  -46.484  -7.959 0.0000000000
129704  54.307  -29.901  -9.018 0.0000000000
129768  50.951  -39.756  -13.517 0.0000000000
129866  40.608  -46.202  -11.050 0.0000000000
129901  41.136  11.203  -11.818 0.0000000000
129927  50.621  -47.785  -3.183 0.0000000000
129931  56.053  -6.920  -8.041 0.0000000000
130013  52.578  -4.606  -14.026 0.0000000000
130029  47.325  1.971  -14.299 0.0000000000
130172  50.770  -39.100  -11.204 0.0000000000
130199  44.585  10.794  -10.811 0.0000000000
