#!ascii label  , from subject sub-03 vox2ras=TkReg coords=white rater=tiger surface-annotate=0.1.0
2349
10702  -30.884  -73.443  6.110 1.0000000000
10713  -30.992  -73.726  5.264 1.0000000000
10722  -31.181  -73.619  4.368 1.0000000000
10733  -31.319  -73.593  3.728 1.0000000000
10734  -31.962  -74.002  3.474 1.0000000000
10744  -31.218  -73.278  3.118 1.0000000000
10745  -31.976  -73.459  2.714 1.0000000000
11389  -31.318  -72.754  6.447 1.0000000000
11390  -31.585  -72.345  5.681 1.0000000000
11404  -31.060  -72.966  4.745 1.0000000000
11414  -31.009  -73.020  3.699 1.0000000000
11421  -30.928  -72.793  2.957 1.0000000000
11430  -31.165  -72.937  2.464 1.0000000000
11431  -31.700  -72.995  2.115 1.0000000000
11432  -32.750  -73.053  2.241 1.0000000000
11443  -31.193  -72.504  1.706 1.0000000000
11444  -32.132  -72.679  1.609 1.0000000000
11445  -33.393  -72.468  1.795 1.0000000000
11446  -34.463  -72.281  1.863 1.0000000000
11459  -31.564  -72.233  0.958 1.0000000000
12087  -32.225  -71.688  6.077 1.0000000000
12100  -31.415  -72.247  4.793 1.0000000000
12101  -31.989  -71.691  5.213 1.0000000000
12108  -31.142  -72.511  4.124 1.0000000000
12109  -31.502  -71.750  4.229 1.0000000000
12120  -31.157  -71.519  3.102 1.0000000000
12134  -30.851  -72.321  2.429 1.0000000000
12145  -30.939  -72.027  0.967 1.0000000000
12146  -32.774  -72.102  1.131 1.0000000000
12147  -33.943  -71.795  1.333 1.0000000000
12148  -35.017  -71.583  1.372 1.0000000000
12165  -30.812  -71.336  -0.465 1.0000000000
12166  -31.270  -71.715  0.151 1.0000000000
12167  -32.262  -71.809  0.345 1.0000000000
12168  -33.389  -71.502  0.627 1.0000000000
12169  -34.379  -71.219  0.801 1.0000000000
12184  -31.920  -71.559  -0.478 1.0000000000
12185  -32.962  -71.234  -0.164 1.0000000000
12199  -30.736  -71.180  -1.062 1.0000000000
12200  -30.946  -71.306  -1.202 1.0000000000
12201  -31.580  -71.288  -1.255 1.0000000000
12788  -32.612  -71.085  5.770 1.0000000000
12800  -32.418  -70.929  4.741 1.0000000000
12801  -32.982  -70.100  4.765 1.0000000000
12814  -31.759  -71.091  3.792 1.0000000000
12827  -30.972  -71.323  2.324 1.0000000000
12828  -31.800  -70.489  3.090 1.0000000000
12842  -30.835  -71.135  1.554 1.0000000000
12855  -30.626  -70.882  -0.060 1.0000000000
12856  -30.731  -70.939  0.800 1.0000000000
12857  -33.917  -70.939  0.157 1.0000000000
12858  -34.701  -70.723  0.287 1.0000000000
12859  -35.613  -70.556  0.276 1.0000000000
12869  -30.596  -70.901  -0.923 1.0000000000
12870  -32.598  -70.975  -1.036 1.0000000000
12871  -33.713  -70.630  -0.658 1.0000000000
12872  -34.747  -70.325  -0.475 1.0000000000
12873  -35.661  -69.987  -0.678 1.0000000000
12883  -30.671  -70.901  -1.697 1.0000000000
12884  -31.143  -71.011  -2.054 1.0000000000
12885  -32.141  -70.776  -2.084 1.0000000000
12886  -33.239  -70.441  -1.699 1.0000000000
12887  -34.181  -70.158  -1.441 1.0000000000
12888  -34.949  -69.916  -1.287 1.0000000000
12892  -30.355  -70.359  -3.036 1.0000000000
12893  -31.061  -70.695  -2.844 1.0000000000
12894  -32.919  -70.143  -2.742 1.0000000000
12895  -33.731  -69.972  -2.289 1.0000000000
12900  -31.181  -70.168  -3.342 1.0000000000
13527  -32.527  -70.315  4.025 1.0000000000
13536  -32.639  -69.573  3.521 1.0000000000
13545  -31.437  -70.333  2.154 1.0000000000
13546  -32.274  -69.458  2.658 1.0000000000
13561  -31.269  -70.162  1.308 1.0000000000
13562  -31.822  -69.524  1.891 1.0000000000
13570  -30.618  -70.268  -0.780 1.0000000000
13571  -31.059  -69.874  0.275 1.0000000000
13576  -30.953  -69.157  -0.648 1.0000000000
13577  -36.495  -69.656  -1.125 1.0000000000
13589  -29.866  -69.804  -2.442 1.0000000000
13590  -35.518  -69.588  -1.706 1.0000000000
13599  -29.320  -69.242  -2.882 1.0000000000
13600  -29.741  -69.906  -2.946 1.0000000000
13601  -32.845  -69.598  -3.444 1.0000000000
13602  -34.572  -69.653  -2.343 1.0000000000
13603  -36.713  -68.709  -3.146 1.0000000000
13612  -29.450  -69.304  -3.116 1.0000000000
13613  -29.888  -69.806  -3.200 1.0000000000
13614  -30.558  -69.718  -3.447 1.0000000000
13615  -32.061  -69.569  -3.566 1.0000000000
13616  -33.648  -69.060  -3.940 1.0000000000
13617  -34.598  -69.109  -3.719 1.0000000000
14370  -31.794  -68.967  1.180 1.0000000000
14371  -32.305  -68.745  2.104 1.0000000000
14377  -31.453  -68.598  0.179 1.0000000000
14385  -30.466  -68.519  -1.183 1.0000000000
14394  -29.608  -68.810  -2.129 1.0000000000
14397  -28.904  -68.283  -3.211 1.0000000000
14398  -29.003  -68.672  -3.067 1.0000000000
14399  -35.593  -68.868  -3.545 1.0000000000
14400  -37.852  -68.452  -3.429 1.0000000000
14404  -29.350  -68.503  -3.372 1.0000000000
14405  -29.986  -69.164  -3.466 1.0000000000
14406  -30.903  -68.952  -3.648 1.0000000000
14407  -32.037  -68.834  -3.725 1.0000000000
14408  -33.133  -68.759  -3.843 1.0000000000
14409  -34.470  -68.515  -4.225 1.0000000000
14410  -35.156  -68.447  -4.318 1.0000000000
14411  -35.949  -68.342  -4.262 1.0000000000
14412  -36.852  -68.071  -4.283 1.0000000000
14413  -38.653  -68.070  -4.159 1.0000000000
14414  -39.684  -68.117  -4.326 1.0000000000
14421  -35.144  -68.027  -4.558 1.0000000000
14422  -35.587  -68.025  -4.607 1.0000000000
14423  -36.194  -67.760  -4.667 1.0000000000
14424  -37.825  -67.595  -4.660 1.0000000000
14425  -38.939  -67.388  -4.926 1.0000000000
14426  -39.874  -67.302  -5.109 1.0000000000
14427  -40.790  -67.633  -4.930 1.0000000000
15145  -32.276  -67.996  1.701 1.0000000000
15157  -29.444  -67.376  -1.220 1.0000000000
15158  -30.516  -67.652  -0.679 1.0000000000
15159  -31.293  -67.675  0.072 1.0000000000
15168  -28.478  -67.496  -2.524 1.0000000000
15169  -29.031  -67.885  -2.034 1.0000000000
15170  -29.882  -68.008  -1.479 1.0000000000
15175  -28.683  -68.062  -3.074 1.0000000000
15176  -28.891  -68.415  -2.755 1.0000000000
15177  -32.972  -67.815  -3.259 1.0000000000
15178  -33.847  -67.751  -3.564 1.0000000000
15179  -34.832  -67.373  -3.924 1.0000000000
15183  -28.930  -67.851  -3.351 1.0000000000
15184  -29.647  -67.687  -3.599 1.0000000000
15185  -30.553  -67.560  -3.617 1.0000000000
15186  -31.176  -68.244  -3.631 1.0000000000
15188  -33.495  -68.343  -3.855 1.0000000000
15189  -34.455  -68.085  -4.274 1.0000000000
15190  -35.424  -67.557  -4.508 1.0000000000
15195  -35.844  -67.599  -4.666 1.0000000000
15196  -36.523  -67.192  -4.932 1.0000000000
15197  -37.419  -66.883  -5.182 1.0000000000
15198  -39.381  -66.516  -5.276 1.0000000000
15199  -40.557  -66.782  -5.255 1.0000000000
15897  -29.888  -66.044  0.864 1.0000000000
15905  -28.274  -66.173  -0.408 1.0000000000
15906  -29.355  -66.381  0.029 1.0000000000
15911  -28.049  -66.470  -1.333 1.0000000000
15912  -28.823  -66.747  -0.864 1.0000000000
15914  -33.740  -66.181  -0.744 1.0000000000
15923  -28.085  -66.832  -2.005 1.0000000000
15924  -28.483  -67.136  -1.708 1.0000000000
15925  -32.345  -65.961  -1.628 1.0000000000
15926  -33.222  -66.493  -1.415 1.0000000000
15927  -34.057  -66.649  -1.517 1.0000000000
15928  -35.003  -66.460  -1.853 1.0000000000
15929  -39.352  -66.161  -2.620 1.0000000000
15930  -39.601  -66.496  -1.648 1.0000000000
15931  -40.729  -66.783  -0.712 1.0000000000
15933  -28.185  -66.795  -2.515 1.0000000000
15934  -28.584  -66.598  -3.095 1.0000000000
15935  -31.685  -66.982  -3.109 1.0000000000
15936  -32.495  -67.204  -2.694 1.0000000000
15937  -33.369  -67.159  -2.355 1.0000000000
15938  -34.374  -67.109  -2.660 1.0000000000
15939  -35.295  -66.655  -3.075 1.0000000000
15940  -36.129  -66.106  -3.500 1.0000000000
15941  -40.167  -66.593  -2.773 1.0000000000
15942  -28.542  -67.348  -3.102 1.0000000000
15943  -29.097  -67.112  -3.477 1.0000000000
15944  -30.013  -66.878  -3.650 1.0000000000
15945  -30.896  -66.824  -3.510 1.0000000000
15946  -32.166  -67.705  -3.336 1.0000000000
15947  -35.667  -66.805  -4.219 1.0000000000
15948  -36.367  -66.345  -4.316 1.0000000000
15949  -36.916  -66.287  -4.733 1.0000000000
15950  -39.597  -65.798  -3.864 1.0000000000
15951  -40.600  -66.185  -4.503 1.0000000000
15953  -36.202  -66.941  -4.829 1.0000000000
15954  -37.572  -66.325  -5.035 1.0000000000
15955  -38.316  -66.353  -5.210 1.0000000000
15956  -39.508  -65.887  -4.753 1.0000000000
15957  -41.214  -66.514  -5.021 1.0000000000
16620  -28.249  -64.942  7.145 1.0000000000
16626  -28.112  -64.922  6.223 1.0000000000
16633  -28.096  -65.047  5.349 1.0000000000
16640  -28.144  -65.100  4.458 1.0000000000
16641  -29.068  -65.373  4.850 1.0000000000
16646  -27.624  -64.765  3.172 1.0000000000
16647  -29.140  -65.394  4.023 1.0000000000
16655  -27.496  -64.786  2.513 1.0000000000
16656  -27.941  -65.135  2.466 1.0000000000
16657  -28.862  -65.413  2.395 1.0000000000
16671  -27.477  -64.998  1.770 1.0000000000
16672  -28.167  -65.417  1.393 1.0000000000
16673  -29.353  -65.669  1.521 1.0000000000
16680  -27.345  -65.132  0.801 1.0000000000
16681  -27.819  -65.599  0.197 1.0000000000
16682  -28.803  -65.854  0.591 1.0000000000
16683  -32.960  -64.848  0.038 1.0000000000
16684  -33.836  -65.351  0.339 1.0000000000
16685  -34.807  -65.549  0.183 1.0000000000
16686  -35.816  -65.322  0.134 1.0000000000
16687  -36.737  -65.011  -0.074 1.0000000000
16690  -27.196  -65.188  -0.191 1.0000000000
16691  -27.625  -65.823  -0.825 1.0000000000
16692  -32.489  -65.173  -0.843 1.0000000000
16693  -33.334  -65.599  -0.298 1.0000000000
16694  -34.102  -65.825  -0.187 1.0000000000
16695  -35.467  -65.636  -0.469 1.0000000000
16696  -36.288  -65.356  -0.781 1.0000000000
16697  -37.187  -65.059  -1.076 1.0000000000
16698  -37.969  -65.113  -1.135 1.0000000000
16699  -38.741  -65.484  -1.002 1.0000000000
16700  -39.575  -65.475  -0.550 1.0000000000
16701  -40.993  -65.921  -0.409 1.0000000000
16702  -42.133  -65.466  -0.479 1.0000000000
16710  -27.266  -65.295  -1.044 1.0000000000
16711  -27.802  -66.137  -1.739 1.0000000000
16712  -31.603  -65.555  -2.542 1.0000000000
16713  -32.973  -65.942  -0.872 1.0000000000
16714  -34.693  -66.075  -0.762 1.0000000000
16715  -35.679  -65.790  -1.325 1.0000000000
16716  -36.651  -65.388  -1.959 1.0000000000
16717  -37.508  -65.230  -2.076 1.0000000000
16718  -38.197  -65.435  -2.244 1.0000000000
16719  -38.899  -65.992  -1.875 1.0000000000
16720  -40.043  -66.294  -0.749 1.0000000000
16721  -28.130  -66.048  -2.500 1.0000000000
16722  -28.976  -65.733  -3.044 1.0000000000
16723  -30.105  -65.400  -3.297 1.0000000000
16724  -31.275  -66.159  -3.121 1.0000000000
16725  -32.000  -66.452  -2.476 1.0000000000
16726  -36.588  -65.584  -2.956 1.0000000000
16727  -36.906  -65.682  -3.872 1.0000000000
16728  -37.772  -65.274  -2.920 1.0000000000
16729  -38.271  -65.389  -3.447 1.0000000000
16730  -38.834  -65.667  -3.075 1.0000000000
16731  -29.503  -66.273  -3.453 1.0000000000
16732  -30.486  -66.085  -3.479 1.0000000000
16733  -37.600  -65.748  -4.548 1.0000000000
16734  -38.276  -65.500  -4.324 1.0000000000
16735  -38.916  -65.534  -4.141 1.0000000000
16736  -38.271  -65.830  -4.978 1.0000000000
17359  -27.406  -64.056  5.782 1.0000000000
17360  -27.789  -64.277  6.536 1.0000000000
17366  -27.313  -64.169  5.326 1.0000000000
17367  -27.565  -64.470  5.713 1.0000000000
17372  -27.252  -64.120  4.692 1.0000000000
17373  -27.533  -64.590  4.959 1.0000000000
17378  -27.289  -64.358  2.935 1.0000000000
17379  -27.561  -64.614  4.016 1.0000000000
17387  -27.193  -64.458  2.079 1.0000000000
17388  -35.222  -64.314  2.084 1.0000000000
17389  -35.964  -64.287  2.142 1.0000000000
17390  -36.811  -64.108  2.167 1.0000000000
17401  -26.556  -63.997  0.674 1.0000000000
17402  -27.003  -64.557  1.213 1.0000000000
17403  -34.000  -64.366  1.456 1.0000000000
17404  -34.830  -64.662  1.530 1.0000000000
17405  -35.670  -64.683  1.518 1.0000000000
17406  -36.512  -64.553  1.484 1.0000000000
17407  -37.350  -64.365  1.397 1.0000000000
17408  -38.983  -64.061  0.906 1.0000000000
17409  -39.747  -63.889  0.620 1.0000000000
17411  -26.431  -64.054  0.069 1.0000000000
17412  -26.805  -64.619  0.340 1.0000000000
17413  -32.796  -64.029  0.298 1.0000000000
17414  -33.482  -64.601  0.771 1.0000000000
17415  -34.369  -65.023  0.925 1.0000000000
17416  -35.290  -65.118  0.902 1.0000000000
17417  -36.199  -64.953  0.807 1.0000000000
17418  -37.759  -64.515  0.703 1.0000000000
17419  -38.436  -64.483  0.400 1.0000000000
17420  -39.206  -64.417  0.244 1.0000000000
17421  -39.978  -64.280  0.114 1.0000000000
17423  -26.466  -63.750  -0.285 1.0000000000
17424  -26.800  -64.539  -0.426 1.0000000000
17425  -32.458  -64.234  -0.590 1.0000000000
17426  -37.716  -64.785  -0.157 1.0000000000
17427  -38.559  -64.851  -0.302 1.0000000000
17428  -39.351  -64.846  -0.271 1.0000000000
17429  -40.187  -64.684  -0.234 1.0000000000
17430  -41.524  -64.623  -0.490 1.0000000000
17431  -42.403  -64.326  -0.668 1.0000000000
17432  -43.179  -64.455  -0.824 1.0000000000
17437  -26.814  -64.035  -0.725 1.0000000000
17438  -27.166  -64.549  -1.136 1.0000000000
17439  -27.723  -65.210  -1.859 1.0000000000
17440  -28.702  -64.473  -2.245 1.0000000000
17441  -31.886  -64.913  -1.933 1.0000000000
17442  -44.127  -64.049  -1.225 1.0000000000
17446  -28.506  -65.283  -2.524 1.0000000000
17447  -29.503  -64.839  -2.824 1.0000000000
17448  -30.737  -64.413  -2.991 1.0000000000
17449  -31.399  -64.519  -2.742 1.0000000000
17450  -31.855  -63.675  -2.359 1.0000000000
18060  -27.656  -63.879  6.335 1.0000000000
18066  -27.537  -63.691  5.634 1.0000000000
18072  -27.266  -63.965  5.327 1.0000000000
18073  -27.464  -63.611  4.949 1.0000000000
18081  -27.558  -63.604  3.893 1.0000000000
18091  -27.052  -63.565  1.753 1.0000000000
18092  -33.904  -62.937  2.140 1.0000000000
18093  -34.520  -64.103  2.026 1.0000000000
18094  -34.962  -63.841  2.449 1.0000000000
18095  -36.140  -63.716  2.731 1.0000000000
18096  -37.120  -63.437  2.888 1.0000000000
18097  -38.182  -63.298  2.563 1.0000000000
18098  -39.115  -63.115  2.172 1.0000000000
18103  -47.050  -63.166  2.484 1.0000000000
18104  -47.814  -62.885  2.297 1.0000000000
18106  -26.572  -63.370  0.933 1.0000000000
18107  -26.846  -64.018  1.515 1.0000000000
18108  -33.902  -63.647  1.837 1.0000000000
18109  -37.722  -63.887  2.023 1.0000000000
18110  -38.640  -63.692  1.699 1.0000000000
18111  -39.475  -63.519  1.349 1.0000000000
18112  -40.246  -63.364  0.983 1.0000000000
18114  -26.216  -63.240  0.152 1.0000000000
18115  -32.838  -63.245  0.303 1.0000000000
18116  -33.293  -63.722  1.097 1.0000000000
18117  -40.472  -63.724  0.324 1.0000000000
18118  -42.014  -63.285  -0.256 1.0000000000
18120  -26.779  -63.324  -0.592 1.0000000000
18121  -27.584  -63.282  -1.019 1.0000000000
18122  -32.547  -63.296  -0.590 1.0000000000
18123  -40.706  -64.035  -0.132 1.0000000000
18124  -41.422  -63.886  -0.371 1.0000000000
18125  -42.188  -63.818  -0.587 1.0000000000
18126  -44.163  -63.321  -1.246 1.0000000000
18127  -47.974  -63.104  -0.875 1.0000000000
18129  -27.203  -63.854  -1.052 1.0000000000
18130  -30.141  -63.160  -2.196 1.0000000000
18131  -32.284  -63.416  -1.620 1.0000000000
18132  -44.840  -63.523  -1.420 1.0000000000
18133  -46.209  -63.136  -1.642 1.0000000000
18134  -47.147  -63.158  -1.446 1.0000000000
18135  -29.880  -63.954  -2.538 1.0000000000
18136  -30.914  -63.461  -2.709 1.0000000000
18137  -31.498  -63.598  -2.659 1.0000000000
18743  -28.164  -63.231  6.008 1.0000000000
18753  -28.075  -63.004  5.239 1.0000000000
18754  -28.921  -62.477  5.593 1.0000000000
18762  -28.161  -62.909  4.341 1.0000000000
18763  -28.853  -62.282  4.723 1.0000000000
18771  -27.754  -63.119  2.932 1.0000000000
18772  -28.289  -62.653  3.375 1.0000000000
18773  -28.859  -62.223  3.824 1.0000000000
18774  -34.985  -62.429  3.210 1.0000000000
18775  -35.680  -62.435  3.435 1.0000000000
18776  -36.500  -62.264  3.563 1.0000000000
18777  -38.149  -62.092  3.454 1.0000000000
18778  -39.020  -61.876  3.202 1.0000000000
18779  -39.830  -61.627  2.871 1.0000000000
18783  -44.545  -62.392  3.197 1.0000000000
18784  -45.505  -62.218  3.206 1.0000000000
18788  -26.773  -62.725  1.259 1.0000000000
18789  -27.459  -62.902  2.053 1.0000000000
18790  -28.095  -62.287  2.469 1.0000000000
18791  -34.507  -62.703  2.703 1.0000000000
18792  -35.259  -63.250  2.984 1.0000000000
18793  -36.252  -63.050  3.339 1.0000000000
18794  -37.736  -62.776  3.237 1.0000000000
18795  -38.658  -62.621  2.926 1.0000000000
18796  -40.342  -62.199  2.207 1.0000000000
18798  -46.380  -62.038  3.167 1.0000000000
18799  -47.682  -62.006  2.512 1.0000000000
18800  -26.356  -62.601  0.598 1.0000000000
18801  -33.565  -62.356  1.478 1.0000000000
18802  -34.057  -62.119  2.228 1.0000000000
18803  -39.939  -62.897  1.751 1.0000000000
18804  -40.832  -62.708  1.310 1.0000000000
18805  -41.745  -62.199  1.207 1.0000000000
18807  -26.362  -62.058  0.483 1.0000000000
18808  -32.877  -62.283  -0.577 1.0000000000
18809  -33.151  -62.757  0.778 1.0000000000
18810  -41.487  -62.942  0.486 1.0000000000
18811  -42.282  -62.616  0.299 1.0000000000
18812  -43.086  -62.302  0.135 1.0000000000
18813  -48.559  -62.237  0.072 1.0000000000
18814  -26.383  -62.518  -0.106 1.0000000000
18815  -27.201  -62.623  -0.565 1.0000000000
18816  -28.009  -62.712  -0.861 1.0000000000
18817  -28.730  -62.387  -0.912 1.0000000000
18818  -32.588  -62.432  -1.728 1.0000000000
18819  -42.833  -62.905  -0.418 1.0000000000
18820  -43.626  -62.606  -0.597 1.0000000000
18821  -44.247  -62.822  -1.138 1.0000000000
18822  -45.041  -62.447  -1.316 1.0000000000
18823  -48.018  -62.109  -1.094 1.0000000000
18824  -28.469  -63.111  -1.322 1.0000000000
18825  -29.436  -62.762  -1.517 1.0000000000
18826  -30.429  -62.468  -1.823 1.0000000000
18827  -32.208  -62.677  -2.340 1.0000000000
18828  -44.876  -62.928  -1.458 1.0000000000
18829  -45.747  -62.540  -1.585 1.0000000000
18830  -46.656  -62.443  -1.672 1.0000000000
18831  -47.592  -61.592  -1.512 1.0000000000
18832  -48.084  -61.243  -1.259 1.0000000000
18833  -30.985  -62.848  -2.460 1.0000000000
18834  -31.675  -62.960  -2.629 1.0000000000
18835  -31.971  -63.011  -2.633 1.0000000000
19497  -40.967  -61.229  4.881 1.0000000000
19505  -41.552  -61.664  4.430 1.0000000000
19506  -42.407  -61.384  4.256 1.0000000000
19507  -43.324  -61.196  4.108 1.0000000000
19508  -44.321  -61.036  4.038 1.0000000000
19513  -28.962  -61.726  2.976 1.0000000000
19515  -35.235  -61.768  3.327 1.0000000000
19516  -36.015  -61.672  3.548 1.0000000000
19517  -36.922  -61.424  3.641 1.0000000000
19518  -38.428  -61.338  3.533 1.0000000000
19519  -39.303  -61.082  3.379 1.0000000000
19520  -40.050  -60.806  3.100 1.0000000000
19523  -44.900  -61.622  3.593 1.0000000000
19524  -45.815  -61.512  3.510 1.0000000000
19525  -46.572  -61.394  3.314 1.0000000000
19526  -47.328  -61.210  2.880 1.0000000000
19528  -27.000  -62.080  1.442 1.0000000000
19529  -27.560  -61.631  1.761 1.0000000000
19530  -28.283  -61.458  2.225 1.0000000000
19531  -34.601  -61.902  2.893 1.0000000000
19532  -40.582  -61.381  2.582 1.0000000000
19533  -41.282  -61.081  2.366 1.0000000000
19534  -47.037  -61.817  2.994 1.0000000000
19535  -48.105  -61.371  2.130 1.0000000000
19536  -26.416  -61.877  0.983 1.0000000000
19537  -33.842  -61.305  1.296 1.0000000000
19538  -34.365  -61.401  2.262 1.0000000000
19539  -41.092  -61.883  1.939 1.0000000000
19540  -41.662  -61.501  1.836 1.0000000000
19541  -42.169  -61.486  1.530 1.0000000000
19542  -42.864  -60.937  1.513 1.0000000000
19543  -48.465  -61.347  1.234 1.0000000000
19544  -26.427  -61.300  0.854 1.0000000000
19545  -33.339  -61.765  0.329 1.0000000000
19546  -42.592  -61.906  0.928 1.0000000000
19547  -43.404  -61.564  0.750 1.0000000000
19548  -44.710  -61.558  -0.131 1.0000000000
19549  -45.699  -60.878  -0.293 1.0000000000
19550  -48.599  -61.090  0.300 1.0000000000
19551  -26.586  -61.592  0.394 1.0000000000
19552  -26.978  -61.833  -0.142 1.0000000000
19553  -28.669  -61.670  -0.378 1.0000000000
19554  -29.686  -61.956  -0.992 1.0000000000
19555  -30.269  -61.387  -0.764 1.0000000000
19556  -32.030  -61.028  -1.952 1.0000000000
19557  -33.368  -61.256  -1.091 1.0000000000
19558  -43.878  -61.979  -0.030 1.0000000000
19559  -44.441  -62.264  -0.794 1.0000000000
19560  -46.171  -61.444  -1.252 1.0000000000
19561  -47.572  -60.589  -1.429 1.0000000000
19562  -48.086  -60.486  -1.346 1.0000000000
19563  -48.461  -60.864  -0.655 1.0000000000
19564  -30.751  -61.801  -1.519 1.0000000000
19565  -32.465  -61.606  -2.241 1.0000000000
19566  -32.697  -61.717  -2.167 1.0000000000
19567  -33.388  -60.789  -2.122 1.0000000000
19568  -46.506  -61.827  -1.616 1.0000000000
19569  -47.234  -61.301  -1.594 1.0000000000
19570  -47.759  -60.989  -1.518 1.0000000000
19571  -32.188  -62.440  -2.394 1.0000000000
20279  -40.019  -60.645  5.806 1.0000000000
20288  -40.462  -60.903  5.409 1.0000000000
20289  -41.261  -60.483  5.222 1.0000000000
20290  -42.202  -60.141  5.045 1.0000000000
20298  -41.827  -60.889  4.686 1.0000000000
20299  -42.762  -60.656  4.561 1.0000000000
20300  -43.718  -60.498  4.458 1.0000000000
20301  -44.663  -60.242  4.361 1.0000000000
20302  -45.465  -60.192  4.055 1.0000000000
20306  -28.734  -60.797  2.368 1.0000000000
20307  -29.721  -60.719  3.063 1.0000000000
20309  -35.611  -61.176  3.271 1.0000000000
20310  -36.280  -60.906  3.402 1.0000000000
20311  -37.058  -60.513  3.426 1.0000000000
20312  -38.629  -60.507  3.461 1.0000000000
20313  -39.492  -60.281  3.273 1.0000000000
20314  -40.150  -60.095  3.091 1.0000000000
20315  -45.356  -60.871  3.908 1.0000000000
20316  -46.050  -60.450  3.709 1.0000000000
20317  -46.669  -60.779  3.363 1.0000000000
20318  -47.189  -60.492  3.023 1.0000000000
20319  -26.604  -61.069  1.217 1.0000000000
20320  -27.462  -60.567  1.709 1.0000000000
20321  -34.946  -61.036  2.775 1.0000000000
20322  -35.699  -60.497  2.875 1.0000000000
20323  -36.448  -60.149  2.990 1.0000000000
20324  -37.108  -59.889  3.025 1.0000000000
20325  -40.706  -60.496  2.791 1.0000000000
20326  -41.385  -60.147  2.554 1.0000000000
20327  -41.965  -59.888  2.324 1.0000000000
20328  -47.792  -60.554  2.422 1.0000000000
20329  -48.355  -60.577  1.599 1.0000000000
20330  -26.802  -60.083  1.100 1.0000000000
20331  -34.476  -60.602  1.763 1.0000000000
20332  -35.135  -60.058  2.148 1.0000000000
20333  -42.004  -60.751  2.071 1.0000000000
20334  -42.579  -60.032  2.048 1.0000000000
20335  -43.347  -59.935  1.699 1.0000000000
20336  -44.027  -59.819  1.400 1.0000000000
20337  -48.620  -60.449  0.696 1.0000000000
20338  -26.486  -60.707  0.952 1.0000000000
20339  -26.741  -60.382  0.877 1.0000000000
20340  -27.345  -60.038  0.601 1.0000000000
20341  -28.537  -59.922  0.395 1.0000000000
20342  -29.767  -59.952  0.328 1.0000000000
20343  -33.664  -60.831  -0.077 1.0000000000
20344  -34.320  -59.546  -0.144 1.0000000000
20345  -43.909  -60.654  1.156 1.0000000000
20346  -44.682  -60.044  1.047 1.0000000000
20347  -45.505  -60.042  0.485 1.0000000000
20348  -46.457  -59.908  -0.276 1.0000000000
20349  -48.654  -60.167  -0.187 1.0000000000
20350  -26.552  -60.957  0.734 1.0000000000
20351  -27.011  -60.978  0.360 1.0000000000
20352  -28.299  -60.838  0.190 1.0000000000
20353  -29.461  -61.194  -0.229 1.0000000000
20354  -30.354  -60.706  -0.253 1.0000000000
20355  -31.456  -60.485  -1.018 1.0000000000
20356  -33.760  -60.404  -1.366 1.0000000000
20357  -34.119  -59.638  -1.362 1.0000000000
20358  -47.475  -59.796  -1.080 1.0000000000
20359  -48.039  -59.756  -1.329 1.0000000000
20360  -48.333  -59.856  -0.952 1.0000000000
20361  -32.406  -60.315  -1.867 1.0000000000
20362  -33.132  -60.268  -2.325 1.0000000000
20363  -33.442  -60.321  -2.232 1.0000000000
21063  -39.980  -59.376  6.672 1.0000000000
21064  -40.692  -59.453  6.172 1.0000000000
21075  -40.638  -60.190  5.721 1.0000000000
21084  -43.179  -60.002  4.874 1.0000000000
21085  -44.375  -59.450  4.574 1.0000000000
21086  -45.188  -59.567  4.205 1.0000000000
21089  -27.608  -58.943  2.155 1.0000000000
21090  -28.778  -59.297  2.480 1.0000000000
21091  -29.787  -59.688  2.837 1.0000000000
21092  -37.889  -60.004  3.221 1.0000000000
21093  -38.865  -59.788  3.097 1.0000000000
21094  -39.698  -59.600  2.908 1.0000000000
21095  -45.990  -59.688  3.728 1.0000000000
21096  -46.691  -59.324  3.283 1.0000000000
21097  -47.422  -59.704  2.761 1.0000000000
21098  -27.222  -59.464  1.581 1.0000000000
21099  -35.918  -59.718  2.345 1.0000000000
21100  -36.703  -59.531  2.475 1.0000000000
21101  -37.462  -59.466  2.541 1.0000000000
21102  -38.261  -59.421  2.526 1.0000000000
21103  -39.050  -59.279  2.389 1.0000000000
21104  -40.555  -59.479  2.664 1.0000000000
21105  -41.412  -59.085  2.266 1.0000000000
21106  -42.183  -59.325  2.108 1.0000000000
21107  -48.091  -58.953  2.219 1.0000000000
21108  -48.553  -59.059  1.386 1.0000000000
21109  -27.096  -59.172  1.247 1.0000000000
21110  -34.662  -59.577  1.091 1.0000000000
21111  -35.411  -59.079  1.517 1.0000000000
21112  -42.794  -59.147  1.823 1.0000000000
21113  -43.686  -58.962  1.394 1.0000000000
21114  -44.425  -59.387  1.162 1.0000000000
21115  -48.741  -59.090  0.497 1.0000000000
21116  -27.005  -59.351  0.986 1.0000000000
21117  -27.739  -59.173  0.635 1.0000000000
21118  -29.007  -59.193  0.515 1.0000000000
21119  -30.265  -59.244  0.460 1.0000000000
21120  -31.477  -59.163  0.024 1.0000000000
21121  -34.356  -58.837  -1.024 1.0000000000
21122  -45.148  -59.391  0.757 1.0000000000
21123  -46.044  -59.273  0.178 1.0000000000
21124  -47.071  -59.039  -0.574 1.0000000000
21125  -48.582  -59.222  -0.372 1.0000000000
21126  -30.941  -59.958  -0.024 1.0000000000
21127  -31.979  -59.703  -0.983 1.0000000000
21128  -32.843  -59.497  -1.945 1.0000000000
21129  -33.769  -59.966  -2.010 1.0000000000
21130  -34.075  -59.148  -1.847 1.0000000000
21131  -47.929  -59.023  -1.092 1.0000000000
21132  -48.195  -59.094  -0.983 1.0000000000
21133  -33.612  -59.544  -2.116 1.0000000000
21134  -33.908  -58.644  -1.852 1.0000000000
21856  -41.102  -58.143  6.628 1.0000000000
21866  -41.613  -58.077  6.275 1.0000000000
21867  -42.029  -58.286  5.882 1.0000000000
21868  -42.623  -58.553  5.494 1.0000000000
21877  -43.235  -58.832  5.178 1.0000000000
21878  -43.933  -58.632  4.739 1.0000000000
21879  -44.812  -58.795  4.298 1.0000000000
21883  -27.352  -58.187  2.186 1.0000000000
21884  -28.252  -58.409  2.579 1.0000000000
21885  -29.485  -58.739  2.892 1.0000000000
21886  -45.688  -58.849  3.772 1.0000000000
21887  -46.512  -58.596  3.332 1.0000000000
21890  -27.187  -58.516  1.703 1.0000000000
21891  -37.061  -58.988  2.044 1.0000000000
21892  -37.804  -59.044  1.969 1.0000000000
21893  -38.499  -59.000  1.806 1.0000000000
21894  -39.128  -58.859  1.489 1.0000000000
21895  -40.579  -58.826  2.088 1.0000000000
21896  -42.018  -58.699  1.700 1.0000000000
21897  -48.154  -58.184  2.285 1.0000000000
21898  -48.545  -58.287  1.686 1.0000000000
21899  -27.102  -58.590  1.296 1.0000000000
21900  -35.020  -58.207  0.772 1.0000000000
21901  -36.690  -58.339  1.730 1.0000000000
21902  -37.418  -58.472  1.764 1.0000000000
21903  -38.130  -58.574  1.608 1.0000000000
21904  -39.365  -58.374  0.667 1.0000000000
21905  -39.929  -58.645  1.210 1.0000000000
21906  -41.037  -58.512  1.450 1.0000000000
21907  -42.787  -58.462  1.241 1.0000000000
21908  -44.563  -58.672  0.812 1.0000000000
21909  -48.778  -58.372  0.897 1.0000000000
21910  -27.330  -58.542  0.923 1.0000000000
21911  -28.271  -58.466  0.655 1.0000000000
21912  -29.526  -58.500  0.662 1.0000000000
21913  -30.756  -58.529  0.638 1.0000000000
21914  -31.966  -58.365  0.199 1.0000000000
21915  -32.947  -57.800  -0.653 1.0000000000
21916  -34.485  -57.884  -0.516 1.0000000000
21917  -39.830  -58.089  -0.408 1.0000000000
21918  -42.635  -58.039  0.469 1.0000000000
21919  -43.667  -58.076  0.499 1.0000000000
21920  -45.528  -58.592  0.324 1.0000000000
21921  -46.499  -58.410  -0.297 1.0000000000
21922  -48.652  -58.449  0.094 1.0000000000
21923  -32.589  -58.730  -1.105 1.0000000000
21924  -33.486  -58.180  -1.444 1.0000000000
21925  -33.955  -57.952  -1.457 1.0000000000
21926  -34.120  -58.269  -1.462 1.0000000000
21927  -40.481  -58.114  -0.741 1.0000000000
21928  -46.831  -57.471  -0.549 1.0000000000
21929  -47.539  -58.262  -0.697 1.0000000000
21930  -48.050  -58.402  -0.814 1.0000000000
21931  -48.338  -58.465  -0.530 1.0000000000
21932  -33.347  -58.876  -1.851 1.0000000000
22703  -42.512  -57.760  5.523 1.0000000000
22704  -43.182  -58.094  5.106 1.0000000000
22709  -27.266  -56.559  3.110 1.0000000000
22710  -28.358  -56.977  3.451 1.0000000000
22711  -29.596  -57.210  3.740 1.0000000000
22715  -43.801  -57.625  4.580 1.0000000000
22716  -44.602  -57.190  4.004 1.0000000000
22717  -45.169  -58.023  3.884 1.0000000000
22720  -27.583  -57.483  2.638 1.0000000000
22721  -28.949  -57.837  3.132 1.0000000000
22722  -45.575  -57.118  3.582 1.0000000000
22723  -46.649  -56.899  3.310 1.0000000000
22724  -48.047  -57.421  2.523 1.0000000000
22728  -27.076  -57.730  2.020 1.0000000000
22729  -36.780  -56.984  2.306 1.0000000000
22730  -37.605  -57.094  2.230 1.0000000000
22731  -38.400  -57.338  1.758 1.0000000000
22732  -27.283  -57.506  1.490 1.0000000000
22733  -28.245  -57.214  1.139 1.0000000000
22734  -29.451  -57.147  1.132 1.0000000000
22735  -30.603  -57.160  1.241 1.0000000000
22736  -31.692  -57.117  1.235 1.0000000000
22737  -34.620  -56.772  0.698 1.0000000000
22738  -35.409  -57.310  1.311 1.0000000000
22739  -36.337  -57.596  1.764 1.0000000000
22740  -37.103  -57.757  1.850 1.0000000000
22741  -37.777  -57.974  1.669 1.0000000000
22742  -38.695  -58.162  1.171 1.0000000000
22743  -48.719  -57.580  1.307 1.0000000000
22744  -27.229  -58.128  1.224 1.0000000000
22745  -27.728  -57.913  0.892 1.0000000000
22746  -28.823  -57.807  0.808 1.0000000000
22747  -30.049  -57.822  0.899 1.0000000000
22748  -31.238  -57.827  0.912 1.0000000000
22749  -33.373  -57.132  -0.204 1.0000000000
22750  -33.981  -56.914  -0.560 1.0000000000
22751  -34.295  -57.037  -0.331 1.0000000000
22752  -34.804  -57.404  0.434 1.0000000000
22753  -39.443  -57.894  0.192 1.0000000000
22754  -41.762  -57.964  -0.273 1.0000000000
22755  -42.930  -57.641  -0.433 1.0000000000
22756  -44.032  -57.325  -0.643 1.0000000000
22757  -44.820  -57.893  0.104 1.0000000000
22758  -45.821  -57.717  -0.298 1.0000000000
22759  -48.382  -56.892  0.286 1.0000000000
22760  -48.620  -57.344  0.623 1.0000000000
22761  -33.765  -57.456  -1.020 1.0000000000
22762  -34.089  -57.461  -1.038 1.0000000000
22763  -39.864  -57.205  -1.663 1.0000000000
22764  -41.368  -57.749  -1.328 1.0000000000
22765  -43.052  -57.233  -1.270 1.0000000000
22766  -43.796  -56.751  -1.203 1.0000000000
22767  -44.751  -56.783  -0.806 1.0000000000
22768  -45.733  -56.952  -0.631 1.0000000000
22769  -47.758  -57.675  -0.612 1.0000000000
22770  -48.132  -57.891  -0.546 1.0000000000
22771  -48.444  -57.715  -0.081 1.0000000000
22772  -40.412  -57.402  -1.996 1.0000000000
22773  -41.176  -57.436  -2.065 1.0000000000
22774  -42.169  -57.261  -1.757 1.0000000000
22775  -42.977  -56.911  -1.604 1.0000000000
23523  -27.965  -56.209  3.826 1.0000000000
23524  -29.004  -56.431  4.058 1.0000000000
23525  -30.075  -56.535  4.328 1.0000000000
23528  -43.939  -55.874  4.217 1.0000000000
23529  -44.552  -56.167  3.904 1.0000000000
23532  -36.863  -56.240  2.983 1.0000000000
23533  -45.194  -56.474  3.699 1.0000000000
23534  -46.070  -56.252  3.576 1.0000000000
23535  -47.346  -55.768  3.473 1.0000000000
23536  -48.082  -55.596  3.068 1.0000000000
23537  -48.320  -56.352  2.526 1.0000000000
23541  -27.037  -56.813  2.350 1.0000000000
23542  -34.290  -55.974  1.939 1.0000000000
23543  -35.060  -56.121  2.208 1.0000000000
23544  -35.979  -56.427  2.552 1.0000000000
23545  -37.581  -56.304  2.770 1.0000000000
23546  -38.214  -56.489  2.389 1.0000000000
23547  -48.551  -56.261  2.075 1.0000000000
23548  -26.982  -56.770  1.957 1.0000000000
23549  -27.672  -56.600  1.535 1.0000000000
23550  -28.904  -56.459  1.329 1.0000000000
23551  -30.054  -56.439  1.370 1.0000000000
23552  -31.116  -56.435  1.493 1.0000000000
23553  -32.142  -56.445  1.533 1.0000000000
23554  -33.155  -56.407  1.333 1.0000000000
23555  -34.050  -56.353  1.004 1.0000000000
23556  -35.276  -56.640  1.679 1.0000000000
23557  -35.970  -57.028  1.970 1.0000000000
23558  -38.841  -56.497  1.841 1.0000000000
23559  -48.589  -56.699  1.307 1.0000000000
23560  -32.788  -56.935  0.882 1.0000000000
23561  -33.709  -56.662  0.301 1.0000000000
23562  -34.130  -56.696  0.050 1.0000000000
23563  -39.486  -56.768  0.272 1.0000000000
23564  -47.394  -56.445  -0.305 1.0000000000
23565  -48.002  -56.473  0.026 1.0000000000
23566  -48.252  -56.183  0.813 1.0000000000
23567  -39.600  -56.616  -0.985 1.0000000000
23568  -43.225  -56.414  -1.438 1.0000000000
23569  -44.575  -56.342  -0.835 1.0000000000
23570  -45.448  -56.406  -0.700 1.0000000000
23571  -46.493  -56.547  -0.560 1.0000000000
23572  -48.014  -57.122  -0.389 1.0000000000
23573  -39.684  -56.333  -1.916 1.0000000000
23574  -40.105  -56.767  -2.288 1.0000000000
23575  -40.953  -56.874  -2.517 1.0000000000
23576  -42.483  -56.665  -1.925 1.0000000000
23577  -39.884  -56.021  -2.320 1.0000000000
23578  -40.473  -56.067  -2.556 1.0000000000
23579  -41.148  -56.020  -2.569 1.0000000000
24326  -29.620  -55.046  5.056 1.0000000000
24327  -30.488  -55.781  4.950 1.0000000000
24335  -26.475  -55.239  3.424 1.0000000000
24336  -27.120  -55.776  3.592 1.0000000000
24337  -27.842  -55.540  4.222 1.0000000000
24338  -28.705  -55.289  4.607 1.0000000000
24340  -43.752  -55.325  4.535 1.0000000000
24341  -44.777  -55.399  4.297 1.0000000000
24342  -46.154  -55.068  4.383 1.0000000000
24343  -47.222  -54.536  4.389 1.0000000000
24344  -47.579  -54.297  4.131 1.0000000000
24347  -26.351  -55.431  3.003 1.0000000000
24348  -26.656  -56.000  2.972 1.0000000000
24349  -34.126  -55.198  3.350 1.0000000000
24350  -35.040  -55.315  3.528 1.0000000000
24351  -35.884  -55.399  3.605 1.0000000000
24352  -36.654  -55.508  3.503 1.0000000000
24353  -37.964  -54.987  3.271 1.0000000000
24354  -46.631  -55.458  3.883 1.0000000000
24355  -47.796  -54.861  3.600 1.0000000000
24359  -26.640  -55.370  2.616 1.0000000000
24360  -26.737  -56.083  2.546 1.0000000000
24361  -32.116  -55.331  2.253 1.0000000000
24362  -32.852  -55.432  2.433 1.0000000000
24363  -33.758  -55.541  2.579 1.0000000000
24364  -34.629  -55.669  2.770 1.0000000000
24365  -35.471  -55.829  3.016 1.0000000000
24366  -36.197  -55.902  3.196 1.0000000000
24367  -37.394  -55.648  3.260 1.0000000000
24368  -38.090  -55.782  2.871 1.0000000000
24369  -39.059  -55.768  1.840 1.0000000000
24370  -48.094  -55.245  2.377 1.0000000000
24371  -48.279  -55.661  2.508 1.0000000000
24374  -27.211  -55.815  1.967 1.0000000000
24375  -28.446  -55.743  1.547 1.0000000000
24376  -29.563  -55.726  1.478 1.0000000000
24377  -30.552  -55.674  1.583 1.0000000000
24378  -32.549  -55.873  1.901 1.0000000000
24379  -33.473  -55.925  1.863 1.0000000000
24380  -39.401  -55.752  1.018 1.0000000000
24381  -44.346  -55.154  0.876 1.0000000000
24382  -45.531  -55.198  0.641 1.0000000000
24383  -47.138  -55.339  0.835 1.0000000000
24384  -47.941  -55.548  1.359 1.0000000000
24385  -48.419  -55.883  1.789 1.0000000000
24387  -39.498  -55.785  -0.062 1.0000000000
24388  -42.921  -55.390  -0.619 1.0000000000
24389  -43.577  -55.570  -0.461 1.0000000000
24390  -44.892  -55.514  -0.098 1.0000000000
24391  -45.788  -55.613  -0.191 1.0000000000
24392  -46.690  -55.793  -0.163 1.0000000000
24393  -39.501  -55.644  -1.211 1.0000000000
24394  -41.973  -55.378  -1.837 1.0000000000
24395  -42.336  -55.114  -0.947 1.0000000000
24396  -43.483  -55.925  -1.092 1.0000000000
24397  -45.195  -55.957  -0.604 1.0000000000
24398  -45.932  -56.011  -0.562 1.0000000000
24399  -39.618  -55.297  -2.069 1.0000000000
24400  -41.510  -55.498  -2.331 1.0000000000
24401  -42.653  -55.882  -1.565 1.0000000000
24402  -40.070  -55.281  -2.490 1.0000000000
24403  -40.973  -55.061  -2.628 1.0000000000
25062  -44.383  -53.617  6.288 1.0000000000
25063  -45.702  -53.477  6.315 1.0000000000
25064  -46.469  -52.688  6.727 1.0000000000
25068  -26.924  -54.249  4.412 1.0000000000
25069  -28.259  -53.969  4.934 1.0000000000
25070  -30.202  -54.450  5.507 1.0000000000
25073  -44.416  -54.235  5.504 1.0000000000
25074  -45.722  -54.092  5.585 1.0000000000
25075  -46.742  -53.185  6.049 1.0000000000
25076  -47.162  -53.416  5.249 1.0000000000
25080  -26.253  -54.550  3.880 1.0000000000
25081  -26.980  -55.089  4.077 1.0000000000
25082  -27.911  -54.823  4.566 1.0000000000
25083  -28.788  -54.661  4.884 1.0000000000
25084  -34.162  -54.124  4.537 1.0000000000
25085  -35.139  -54.178  4.633 1.0000000000
25086  -36.032  -54.209  4.514 1.0000000000
25087  -36.831  -54.240  4.175 1.0000000000
25088  -44.547  -54.722  4.824 1.0000000000
25089  -45.804  -54.581  4.879 1.0000000000
25090  -46.966  -54.192  4.947 1.0000000000
25091  -47.402  -53.804  4.659 1.0000000000
25095  -26.195  -54.707  3.380 1.0000000000
25096  -32.705  -54.316  3.462 1.0000000000
25097  -33.631  -54.581  3.811 1.0000000000
25098  -34.609  -54.749  4.055 1.0000000000
25099  -35.533  -54.817  4.119 1.0000000000
25100  -36.368  -54.863  3.989 1.0000000000
25101  -37.558  -54.249  3.696 1.0000000000
25102  -43.096  -53.940  2.918 1.0000000000
25103  -44.200  -53.708  3.262 1.0000000000
25104  -45.094  -53.814  3.230 1.0000000000
25105  -46.456  -53.301  4.031 1.0000000000
25106  -47.465  -53.900  4.338 1.0000000000
25107  -47.816  -54.637  2.995 1.0000000000
25110  -26.200  -54.925  2.973 1.0000000000
25111  -26.718  -54.581  2.585 1.0000000000
25112  -27.764  -54.204  2.130 1.0000000000
25113  -30.967  -54.150  2.084 1.0000000000
25114  -32.222  -54.745  2.730 1.0000000000
25115  -33.173  -55.022  3.097 1.0000000000
25116  -38.616  -55.215  2.551 1.0000000000
25117  -42.308  -54.169  2.134 1.0000000000
25118  -43.989  -54.285  2.492 1.0000000000
25119  -45.067  -54.339  2.458 1.0000000000
25120  -46.166  -54.358  2.467 1.0000000000
25121  -47.257  -54.418  2.711 1.0000000000
25122  -47.583  -54.944  1.965 1.0000000000
25125  -27.316  -54.971  2.213 1.0000000000
25126  -28.321  -54.852  1.757 1.0000000000
25127  -29.473  -54.397  1.626 1.0000000000
25128  -30.302  -54.198  1.734 1.0000000000
25129  -30.821  -54.897  1.844 1.0000000000
25130  -38.692  -54.345  2.349 1.0000000000
25131  -39.122  -55.027  1.682 1.0000000000
25132  -41.937  -54.173  1.454 1.0000000000
25133  -42.564  -54.587  1.318 1.0000000000
25134  -43.525  -54.759  1.536 1.0000000000
25135  -45.302  -54.758  1.595 1.0000000000
25136  -46.523  -54.858  1.464 1.0000000000
25140  -39.024  -54.257  1.319 1.0000000000
25141  -42.011  -54.400  0.671 1.0000000000
25142  -42.435  -54.881  0.042 1.0000000000
25143  -39.340  -54.723  -1.248 1.0000000000
25144  -41.842  -54.650  -1.340 1.0000000000
25145  -39.446  -54.402  -1.859 1.0000000000
25146  -41.329  -53.801  -2.340 1.0000000000
25147  -39.860  -54.417  -2.387 1.0000000000
25148  -40.434  -54.562  -2.605 1.0000000000
25149  -41.000  -54.048  -2.682 1.0000000000
25797  -45.089  -52.198  8.077 1.0000000000
25798  -45.839  -52.110  7.724 1.0000000000
25799  -46.297  -51.879  7.377 1.0000000000
25809  -45.908  -52.683  7.124 1.0000000000
25810  -46.548  -52.176  7.052 1.0000000000
25814  -26.311  -53.625  4.346 1.0000000000
25815  -27.242  -53.402  4.711 1.0000000000
25816  -28.267  -53.017  5.147 1.0000000000
25817  -29.192  -53.393  5.371 1.0000000000
25819  -34.344  -52.962  5.249 1.0000000000
25820  -35.000  -52.814  5.296 1.0000000000
25821  -46.876  -52.713  5.602 1.0000000000
25825  -25.775  -53.347  4.065 1.0000000000
25826  -32.942  -53.122  4.497 1.0000000000
25827  -33.786  -53.411  4.857 1.0000000000
25828  -34.700  -53.511  5.027 1.0000000000
25829  -35.634  -53.389  4.955 1.0000000000
25830  -36.474  -53.516  4.554 1.0000000000
25831  -37.213  -53.508  4.073 1.0000000000
25833  -43.610  -52.735  4.395 1.0000000000
25834  -45.042  -52.582  4.623 1.0000000000
25835  -46.340  -52.643  4.815 1.0000000000
25836  -47.075  -52.925  4.962 1.0000000000
25837  -47.257  -53.398  4.888 1.0000000000
25841  -25.849  -54.047  3.850 1.0000000000
25842  -31.659  -53.067  3.284 1.0000000000
25843  -32.395  -53.538  3.752 1.0000000000
25844  -33.210  -53.907  4.219 1.0000000000
25845  -37.838  -53.527  3.415 1.0000000000
25846  -38.205  -54.225  3.140 1.0000000000
25848  -42.661  -53.375  3.595 1.0000000000
25849  -43.916  -53.252  3.762 1.0000000000
25850  -45.185  -53.140  3.918 1.0000000000
25851  -47.247  -53.565  4.364 1.0000000000
25855  -26.126  -54.126  3.244 1.0000000000
25856  -27.009  -53.690  2.527 1.0000000000
25857  -28.212  -53.332  2.118 1.0000000000
25858  -29.237  -53.025  1.838 1.0000000000
25859  -30.486  -53.468  1.971 1.0000000000
25860  -31.142  -53.427  2.520 1.0000000000
25861  -31.880  -53.919  3.065 1.0000000000
25862  -37.696  -52.341  2.641 1.0000000000
25863  -38.321  -53.554  2.660 1.0000000000
25866  -46.934  -53.861  3.469 1.0000000000
25870  -28.856  -53.866  1.765 1.0000000000
25871  -29.787  -53.582  1.696 1.0000000000
25872  -38.613  -53.549  1.709 1.0000000000
25879  -38.828  -53.669  0.676 1.0000000000
25880  -39.132  -54.191  -0.225 1.0000000000
25881  -41.632  -53.305  -0.420 1.0000000000
25884  -38.632  -53.217  -0.354 1.0000000000
25885  -39.107  -53.883  -1.205 1.0000000000
25886  -41.779  -52.869  -1.492 1.0000000000
25887  -39.447  -53.708  -1.977 1.0000000000
25888  -41.580  -52.984  -2.212 1.0000000000
25889  -40.074  -53.536  -2.502 1.0000000000
25890  -40.844  -53.378  -2.674 1.0000000000
25891  -41.274  -53.321  -2.519 1.0000000000
26584  -45.263  -50.908  8.967 1.0000000000
26595  -44.994  -51.644  8.795 1.0000000000
26596  -45.666  -51.378  7.954 1.0000000000
26603  -45.377  -51.348  6.701 1.0000000000
26604  -46.129  -51.657  7.316 1.0000000000
26605  -46.566  -51.934  6.958 1.0000000000
26608  -26.284  -52.954  4.428 1.0000000000
26609  -27.306  -52.560  4.832 1.0000000000
26610  -28.328  -52.170  5.199 1.0000000000
26611  -29.171  -52.553  5.443 1.0000000000
26613  -34.467  -52.443  5.345 1.0000000000
26616  -43.575  -51.683  5.777 1.0000000000
26617  -44.509  -51.096  6.822 1.0000000000
26618  -46.268  -51.778  6.515 1.0000000000
26619  -46.694  -52.158  6.252 1.0000000000
26624  -25.769  -52.620  4.139 1.0000000000
26625  -33.647  -52.583  5.138 1.0000000000
26626  -35.624  -52.508  5.095 1.0000000000
26627  -36.227  -52.215  4.706 1.0000000000
26628  -36.781  -52.788  4.399 1.0000000000
26631  -43.237  -52.336  4.912 1.0000000000
26632  -44.824  -51.941  5.457 1.0000000000
26633  -46.246  -52.155  5.586 1.0000000000
26637  -25.768  -53.335  3.812 1.0000000000
26638  -30.987  -52.383  2.767 1.0000000000
26639  -31.607  -52.225  3.600 1.0000000000
26640  -36.823  -52.014  4.119 1.0000000000
26641  -37.436  -52.685  3.619 1.0000000000
26647  -25.860  -52.459  3.669 1.0000000000
26648  -26.837  -52.169  2.917 1.0000000000
26649  -28.050  -51.923  2.403 1.0000000000
26650  -29.508  -52.241  1.964 1.0000000000
26651  -30.225  -52.036  2.222 1.0000000000
26652  -38.181  -52.870  2.115 1.0000000000
26657  -37.765  -52.194  1.622 1.0000000000
26658  -38.281  -52.802  0.913 1.0000000000
26659  -41.089  -52.338  1.315 1.0000000000
26660  -41.443  -53.099  0.558 1.0000000000
26662  -37.734  -52.045  0.708 1.0000000000
26663  -38.007  -52.253  -0.201 1.0000000000
26664  -41.744  -52.443  -0.550 1.0000000000
26668  -38.438  -52.600  -0.942 1.0000000000
26669  -38.912  -53.132  -1.396 1.0000000000
26672  -38.957  -52.320  -1.629 1.0000000000
26673  -39.591  -52.892  -2.130 1.0000000000
26674  -41.925  -51.958  -2.098 1.0000000000
26675  -40.536  -52.734  -2.536 1.0000000000
26676  -41.412  -52.598  -2.458 1.0000000000
27365  -43.941  -50.591  8.034 1.0000000000
27366  -45.381  -50.842  8.364 1.0000000000
27377  -44.402  -50.789  7.428 1.0000000000
27378  -45.571  -51.057  7.651 1.0000000000
27384  -26.249  -52.049  4.457 1.0000000000
27385  -27.413  -51.699  4.911 1.0000000000
27386  -28.488  -51.275  5.290 1.0000000000
27387  -29.487  -51.270  5.601 1.0000000000
27388  -34.181  -51.836  5.372 1.0000000000
27389  -34.971  -52.086  5.339 1.0000000000
27396  -25.667  -51.940  4.029 1.0000000000
27397  -32.787  -52.299  4.690 1.0000000000
27398  -33.718  -50.983  5.226 1.0000000000
27399  -34.752  -51.272  5.213 1.0000000000
27400  -35.566  -51.713  4.998 1.0000000000
27401  -36.167  -51.481  4.445 1.0000000000
27407  -25.630  -51.791  3.973 1.0000000000
27408  -30.603  -50.845  2.938 1.0000000000
27409  -31.104  -51.539  3.249 1.0000000000
27410  -31.707  -51.428  4.107 1.0000000000
27411  -36.605  -51.320  3.697 1.0000000000
27412  -37.204  -51.814  3.229 1.0000000000
27419  -27.519  -51.265  2.731 1.0000000000
27420  -28.710  -51.086  2.374 1.0000000000
27421  -29.575  -51.463  2.198 1.0000000000
27422  -30.587  -51.583  2.669 1.0000000000
27423  -36.794  -51.148  2.735 1.0000000000
27424  -37.305  -51.649  2.196 1.0000000000
27430  -36.797  -51.038  1.727 1.0000000000
27431  -37.287  -51.544  1.171 1.0000000000
27432  -40.989  -51.285  1.478 1.0000000000
27433  -41.547  -51.299  0.541 1.0000000000
27437  -36.736  -50.914  0.716 1.0000000000
27438  -37.344  -51.485  0.087 1.0000000000
27439  -38.154  -51.828  -1.102 1.0000000000
27440  -42.069  -51.334  -0.639 1.0000000000
27444  -37.544  -51.172  -0.757 1.0000000000
27445  -42.215  -51.125  -1.720 1.0000000000
27448  -39.153  -51.387  -1.716 1.0000000000
27449  -40.110  -51.916  -2.225 1.0000000000
27450  -41.275  -51.315  -2.318 1.0000000000
27451  -42.027  -51.131  -2.153 1.0000000000
27452  -41.119  -52.078  -2.493 1.0000000000
27453  -41.706  -51.820  -2.314 1.0000000000
28155  -45.000  -50.676  8.957 1.0000000000
28170  -26.651  -49.586  5.202 1.0000000000
28182  -26.042  -50.198  4.621 1.0000000000
28183  -27.125  -50.315  5.033 1.0000000000
28184  -28.164  -50.394  5.291 1.0000000000
28185  -29.123  -50.513  5.529 1.0000000000
28193  -25.545  -50.365  4.175 1.0000000000
28194  -25.566  -51.126  4.002 1.0000000000
28195  -32.921  -50.357  4.974 1.0000000000
28196  -33.633  -50.154  5.000 1.0000000000
28197  -34.473  -50.323  4.902 1.0000000000
28198  -35.461  -50.828  4.660 1.0000000000
28199  -36.117  -50.870  4.067 1.0000000000
28208  -25.481  -50.450  4.039 1.0000000000
28209  -25.590  -51.011  3.898 1.0000000000
28210  -31.202  -50.688  3.732 1.0000000000
28211  -32.006  -50.544  4.541 1.0000000000
28212  -35.719  -50.265  3.822 1.0000000000
28213  -36.276  -50.654  3.253 1.0000000000
28219  -25.732  -50.422  3.788 1.0000000000
28220  -26.196  -50.701  3.514 1.0000000000
28221  -28.114  -50.553  2.687 1.0000000000
28222  -29.543  -50.612  2.417 1.0000000000
28223  -30.119  -50.262  2.638 1.0000000000
28224  -35.775  -49.946  2.712 1.0000000000
28225  -36.342  -50.531  2.266 1.0000000000
28231  -35.953  -50.047  1.813 1.0000000000
28232  -36.296  -50.433  1.330 1.0000000000
28233  -40.976  -50.299  1.716 1.0000000000
28234  -41.522  -50.372  0.899 1.0000000000
28240  -36.287  -49.864  -0.165 1.0000000000
28241  -36.798  -50.577  -0.277 1.0000000000
28242  -41.941  -50.421  -0.088 1.0000000000
28247  -36.820  -49.613  -0.724 1.0000000000
28248  -37.501  -50.317  -0.978 1.0000000000
28249  -38.354  -50.792  -1.357 1.0000000000
28250  -42.196  -50.431  -1.151 1.0000000000
28254  -38.276  -49.968  -1.317 1.0000000000
28255  -39.464  -50.539  -1.686 1.0000000000
28256  -40.453  -49.859  -1.686 1.0000000000
28257  -41.610  -50.347  -1.997 1.0000000000
28258  -42.133  -50.528  -1.838 1.0000000000
29069  -25.345  -48.895  5.150 1.0000000000
29070  -26.171  -48.945  5.374 1.0000000000
29071  -27.281  -48.915  5.527 1.0000000000
29072  -28.319  -48.925  5.684 1.0000000000
29073  -29.260  -49.028  5.938 1.0000000000
29081  -25.224  -49.012  4.878 1.0000000000
29082  -25.881  -49.421  5.126 1.0000000000
29083  -27.744  -49.628  5.385 1.0000000000
29084  -28.740  -49.699  5.565 1.0000000000
29093  -25.531  -49.757  4.294 1.0000000000
29094  -31.707  -48.990  4.463 1.0000000000
29095  -33.173  -49.564  4.853 1.0000000000
29096  -34.650  -49.520  4.376 1.0000000000
29097  -35.147  -50.051  4.361 1.0000000000
29103  -25.693  -49.758  3.874 1.0000000000
29104  -26.687  -49.335  3.507 1.0000000000
29105  -27.773  -49.101  3.220 1.0000000000
29106  -28.842  -49.172  2.941 1.0000000000
29107  -29.656  -49.024  2.985 1.0000000000
29108  -30.605  -49.885  3.311 1.0000000000
29109  -30.882  -49.050  3.832 1.0000000000
29110  -32.306  -49.692  4.688 1.0000000000
29111  -34.694  -48.941  3.919 1.0000000000
29112  -35.217  -49.486  3.590 1.0000000000
29118  -26.442  -50.081  3.480 1.0000000000
29119  -27.285  -49.761  3.231 1.0000000000
29120  -28.072  -49.845  2.904 1.0000000000
29121  -29.552  -49.763  2.698 1.0000000000
29122  -35.276  -49.114  2.527 1.0000000000
29123  -41.007  -49.382  1.995 1.0000000000
29127  -35.587  -49.473  1.776 1.0000000000
29128  -35.798  -49.812  1.061 1.0000000000
29129  -41.340  -49.624  1.176 1.0000000000
29130  -41.655  -49.810  0.393 1.0000000000
29135  -35.437  -49.050  0.956 1.0000000000
29136  -35.832  -49.404  0.257 1.0000000000
29137  -41.350  -49.405  0.004 1.0000000000
29138  -41.875  -49.817  -0.616 1.0000000000
29144  -36.196  -49.328  -0.302 1.0000000000
29145  -41.476  -49.408  -1.044 1.0000000000
29146  -41.902  -49.936  -1.480 1.0000000000
29150  -37.814  -49.435  -1.224 1.0000000000
29151  -38.857  -49.211  -1.489 1.0000000000
29152  -39.913  -49.063  -1.545 1.0000000000
29153  -41.272  -49.574  -1.519 1.0000000000
29953  -25.542  -48.379  5.463 1.0000000000
29954  -26.717  -48.281  5.685 1.0000000000
29955  -27.800  -48.252  5.889 1.0000000000
29956  -28.818  -48.230  6.240 1.0000000000
29967  -24.828  -48.436  5.069 1.0000000000
29976  -25.060  -48.805  4.910 1.0000000000
29977  -31.129  -48.299  4.147 1.0000000000
29978  -32.078  -48.152  4.487 1.0000000000
29979  -33.056  -48.049  4.487 1.0000000000
29980  -33.828  -48.073  4.262 1.0000000000
29987  -25.398  -49.101  4.285 1.0000000000
29988  -25.917  -48.909  3.933 1.0000000000
29989  -27.028  -48.523  3.568 1.0000000000
29990  -28.252  -48.256  3.381 1.0000000000
29991  -29.231  -48.379  3.252 1.0000000000
29992  -29.887  -48.400  3.276 1.0000000000
29993  -30.423  -48.375  3.580 1.0000000000
29994  -34.388  -48.173  3.790 1.0000000000
29995  -34.886  -48.643  3.211 1.0000000000
30001  -34.731  -47.930  3.075 1.0000000000
30002  -35.058  -48.169  2.227 1.0000000000
30004  -40.656  -48.684  2.332 1.0000000000
30007  -35.304  -48.110  1.105 1.0000000000
30008  -40.521  -48.461  1.921 1.0000000000
30009  -41.088  -49.049  1.226 1.0000000000
30016  -35.610  -48.531  0.313 1.0000000000
30017  -40.384  -48.416  -0.602 1.0000000000
30018  -40.788  -48.974  0.095 1.0000000000
30022  -36.454  -48.799  -0.589 1.0000000000
30023  -37.443  -48.617  -1.153 1.0000000000
30024  -40.329  -48.405  -1.280 1.0000000000
30025  -40.941  -48.947  -0.813 1.0000000000
30026  -38.618  -47.904  -1.633 1.0000000000
30027  -39.504  -48.206  -1.617 1.0000000000
30028  -40.240  -48.520  -1.386 1.0000000000
30029  -40.860  -49.022  -1.272 1.0000000000
30781  -25.107  -47.128  6.205 1.0000000000
30782  -26.604  -46.995  6.458 1.0000000000
30783  -27.995  -46.930  6.797 1.0000000000
30784  -29.087  -46.983  7.134 1.0000000000
30794  -25.988  -47.704  5.925 1.0000000000
30795  -27.267  -47.622  6.173 1.0000000000
30796  -28.169  -47.701  6.360 1.0000000000
30807  -24.540  -47.542  5.280 1.0000000000
30814  -25.023  -47.752  4.699 1.0000000000
30815  -27.609  -47.066  3.966 1.0000000000
30816  -28.586  -47.077  3.861 1.0000000000
30817  -29.407  -47.219  3.786 1.0000000000
30818  -30.060  -47.401  3.733 1.0000000000
30819  -31.392  -47.534  4.308 1.0000000000
30820  -32.511  -47.181  4.470 1.0000000000
30821  -33.493  -47.215  4.314 1.0000000000
30822  -34.088  -47.277  4.016 1.0000000000
30828  -25.242  -48.586  4.636 1.0000000000
30829  -26.127  -48.115  4.116 1.0000000000
30830  -27.316  -47.727  3.738 1.0000000000
30831  -28.919  -47.696  3.533 1.0000000000
30832  -29.610  -47.836  3.490 1.0000000000
30833  -30.090  -47.929  3.518 1.0000000000
30834  -30.561  -47.757  3.875 1.0000000000
30835  -34.507  -47.318  3.450 1.0000000000
30836  -39.303  -47.141  3.082 1.0000000000
30841  -34.921  -47.365  2.598 1.0000000000
30842  -35.191  -47.375  1.694 1.0000000000
30843  -39.098  -47.620  1.995 1.0000000000
30844  -40.066  -47.575  2.986 1.0000000000
30851  -35.364  -47.272  0.966 1.0000000000
30852  -39.106  -47.469  0.648 1.0000000000
30853  -39.619  -48.143  1.232 1.0000000000
30858  -35.599  -47.531  0.310 1.0000000000
30859  -39.642  -46.982  -0.800 1.0000000000
30860  -39.762  -47.923  -0.084 1.0000000000
30861  -36.031  -48.106  -0.346 1.0000000000
30862  -36.689  -47.415  -0.853 1.0000000000
30863  -37.743  -47.562  -1.424 1.0000000000
30864  -39.650  -46.614  -1.651 1.0000000000
30865  -39.884  -47.493  -1.335 1.0000000000
30866  -38.882  -47.177  -1.850 1.0000000000
30867  -39.489  -47.235  -1.785 1.0000000000
30868  -39.797  -47.650  -1.480 1.0000000000
31540  -24.230  -46.468  6.330 1.0000000000
31541  -25.781  -46.315  6.767 1.0000000000
31542  -27.833  -46.187  7.284 1.0000000000
31543  -28.622  -46.298  7.455 1.0000000000
31544  -29.478  -46.394  7.672 1.0000000000
31558  -24.045  -47.135  6.010 1.0000000000
31567  -24.109  -46.823  5.678 1.0000000000
31573  -24.462  -47.009  5.185 1.0000000000
31574  -25.442  -46.880  4.608 1.0000000000
31575  -26.794  -46.602  4.410 1.0000000000
31576  -28.086  -46.419  4.387 1.0000000000
31577  -29.136  -46.576  4.242 1.0000000000
31578  -30.069  -46.654  4.187 1.0000000000
31579  -31.595  -46.742  4.473 1.0000000000
31580  -32.417  -46.286  4.661 1.0000000000
31581  -33.218  -46.310  4.558 1.0000000000
31582  -33.921  -46.376  4.279 1.0000000000
31589  -34.394  -46.498  3.814 1.0000000000
31595  -34.842  -46.651  3.050 1.0000000000
31596  -35.141  -46.705  2.170 1.0000000000
31597  -38.500  -46.996  2.311 1.0000000000
31602  -35.330  -46.649  1.321 1.0000000000
31603  -37.919  -46.335  1.991 1.0000000000
31604  -38.482  -46.922  1.316 1.0000000000
31606  -35.506  -46.668  0.587 1.0000000000
31607  -38.355  -46.104  0.763 1.0000000000
31608  -39.041  -46.569  0.076 1.0000000000
31609  -35.780  -46.691  -0.081 1.0000000000
31610  -36.464  -46.562  -0.817 1.0000000000
31611  -37.594  -46.710  -1.501 1.0000000000
31612  -39.515  -45.998  -1.334 1.0000000000
31613  -37.478  -45.874  -1.601 1.0000000000
31614  -38.905  -45.945  -2.146 1.0000000000
31615  -39.478  -45.989  -1.951 1.0000000000
31616  -39.602  -46.788  -1.718 1.0000000000
32188  -24.397  -45.217  7.059 1.0000000000
32189  -26.151  -45.046  7.536 1.0000000000
32190  -27.509  -45.026  7.852 1.0000000000
32203  -25.612  -45.641  7.166 1.0000000000
32204  -26.963  -45.733  7.359 1.0000000000
32205  -28.137  -45.642  7.686 1.0000000000
32206  -29.027  -45.709  7.948 1.0000000000
32217  -23.615  -46.288  5.999 1.0000000000
32223  -23.989  -46.417  5.608 1.0000000000
32224  -24.625  -45.720  5.280 1.0000000000
32225  -26.347  -45.401  5.211 1.0000000000
32226  -28.217  -44.821  5.572 1.0000000000
32227  -29.203  -45.153  5.388 1.0000000000
32228  -30.286  -45.089  5.351 1.0000000000
32229  -31.229  -45.041  5.332 1.0000000000
32230  -32.024  -44.973  5.265 1.0000000000
32237  -24.830  -46.332  4.788 1.0000000000
32238  -25.806  -46.161  4.785 1.0000000000
32239  -27.157  -45.925  4.821 1.0000000000
32240  -28.218  -45.622  5.093 1.0000000000
32241  -29.718  -45.896  4.777 1.0000000000
32242  -30.644  -45.854  4.835 1.0000000000
32243  -31.668  -45.846  4.870 1.0000000000
32244  -32.762  -45.412  4.961 1.0000000000
32245  -33.682  -45.490  4.591 1.0000000000
32246  -34.330  -45.635  4.145 1.0000000000
32253  -34.802  -45.856  3.401 1.0000000000
32259  -35.115  -46.106  2.627 1.0000000000
32260  -35.305  -45.979  1.841 1.0000000000
32261  -37.586  -45.625  2.309 1.0000000000
32265  -35.399  -45.827  0.911 1.0000000000
32266  -37.829  -45.381  1.236 1.0000000000
32267  -35.480  -45.343  0.265 1.0000000000
32268  -38.715  -45.268  -0.040 1.0000000000
32269  -39.351  -45.291  -1.077 1.0000000000
32270  -35.964  -45.254  -0.609 1.0000000000
32271  -37.135  -45.135  -1.592 1.0000000000
32272  -39.414  -45.147  -1.875 1.0000000000
32273  -38.494  -45.028  -2.209 1.0000000000
32274  -39.240  -45.024  -2.174 1.0000000000
32876  -26.845  -44.337  7.917 1.0000000000
32889  -23.765  -44.445  7.002 1.0000000000
32901  -23.376  -45.051  6.235 1.0000000000
32909  -23.926  -44.924  5.754 1.0000000000
32910  -25.631  -44.712  5.538 1.0000000000
32911  -27.151  -44.648  5.605 1.0000000000
32912  -28.918  -44.192  5.772 1.0000000000
32913  -29.880  -44.287  5.651 1.0000000000
32914  -30.803  -44.273  5.555 1.0000000000
32915  -31.710  -44.160  5.415 1.0000000000
32916  -32.487  -44.411  5.164 1.0000000000
32926  -33.283  -44.551  4.800 1.0000000000
32927  -34.108  -44.711  4.329 1.0000000000
32934  -34.295  -44.115  3.624 1.0000000000
32935  -34.686  -44.977  3.639 1.0000000000
32942  -35.048  -44.569  1.827 1.0000000000
32943  -35.295  -45.298  1.577 1.0000000000
32944  -37.363  -44.882  2.084 1.0000000000
32947  -34.825  -43.947  1.116 1.0000000000
32948  -35.264  -44.816  0.847 1.0000000000
32949  -38.353  -44.563  0.168 1.0000000000
32950  -35.211  -43.997  0.187 1.0000000000
32951  -39.174  -44.591  -1.258 1.0000000000
32952  -35.806  -44.302  -0.676 1.0000000000
32953  -36.769  -44.422  -1.523 1.0000000000
32954  -39.167  -43.935  -1.929 1.0000000000
32955  -39.240  -44.421  -2.148 1.0000000000
32956  -38.039  -44.337  -2.263 1.0000000000
32957  -38.986  -44.290  -2.375 1.0000000000
33554  -23.727  -43.022  7.180 1.0000000000
33555  -24.751  -43.517  7.533 1.0000000000
33556  -26.254  -43.538  7.946 1.0000000000
33557  -27.494  -43.687  8.278 1.0000000000
33570  -23.541  -43.218  6.914 1.0000000000
33571  -23.655  -43.767  7.030 1.0000000000
33585  -23.634  -43.280  6.735 1.0000000000
33586  -23.611  -44.217  6.647 1.0000000000
33594  -23.804  -44.096  6.299 1.0000000000
33595  -25.526  -43.212  5.989 1.0000000000
33596  -26.618  -43.794  5.896 1.0000000000
33597  -27.646  -43.072  5.727 1.0000000000
33598  -29.388  -43.344  5.548 1.0000000000
33599  -30.276  -43.493  5.473 1.0000000000
33605  -31.593  -43.225  5.003 1.0000000000
33606  -32.596  -43.676  4.834 1.0000000000
33607  -33.473  -43.670  4.173 1.0000000000
33612  -32.489  -42.980  4.180 1.0000000000
33613  -33.773  -43.322  3.164 1.0000000000
33618  -33.961  -43.214  2.224 1.0000000000
33619  -34.728  -44.409  2.796 1.0000000000
33620  -36.803  -43.667  2.735 1.0000000000
33621  -37.237  -43.979  1.759 1.0000000000
33625  -33.407  -42.545  1.641 1.0000000000
33626  -34.246  -43.195  1.366 1.0000000000
33627  -36.900  -43.164  1.963 1.0000000000
33628  -37.481  -43.226  0.895 1.0000000000
33629  -34.618  -43.244  0.564 1.0000000000
33630  -38.300  -43.140  -0.469 1.0000000000
33631  -35.123  -43.160  -0.231 1.0000000000
33632  -35.841  -42.990  -1.094 1.0000000000
33633  -36.551  -43.560  -1.536 1.0000000000
33634  -38.894  -43.127  -1.932 1.0000000000
33635  -39.013  -43.780  -2.220 1.0000000000
33636  -36.830  -42.743  -1.859 1.0000000000
33637  -37.989  -42.864  -2.411 1.0000000000
33638  -38.648  -42.890  -2.182 1.0000000000
34379  -23.821  -42.344  7.281 1.0000000000
34380  -24.946  -42.652  7.690 1.0000000000
34381  -26.971  -42.192  8.366 1.0000000000
34394  -23.499  -42.413  6.965 1.0000000000
34406  -23.526  -42.402  6.894 1.0000000000
34412  -23.882  -41.997  6.485 1.0000000000
34413  -24.585  -42.110  6.164 1.0000000000
34414  -25.717  -42.263  5.804 1.0000000000
34415  -26.758  -42.769  5.770 1.0000000000
34416  -28.161  -42.238  5.137 1.0000000000
34417  -28.806  -42.252  4.825 1.0000000000
34418  -29.653  -42.733  5.136 1.0000000000
34419  -30.412  -42.825  5.054 1.0000000000
34423  -28.528  -41.910  4.785 1.0000000000
34424  -29.079  -41.856  4.213 1.0000000000
34425  -30.230  -42.322  3.968 1.0000000000
34426  -31.471  -42.618  4.148 1.0000000000
34432  -29.509  -41.389  2.765 1.0000000000
34433  -30.166  -42.099  3.064 1.0000000000
34434  -31.552  -42.378  3.143 1.0000000000
34435  -32.887  -42.780  3.314 1.0000000000
34441  -30.402  -41.699  2.489 1.0000000000
34442  -31.986  -42.091  2.050 1.0000000000
34443  -33.261  -42.731  2.471 1.0000000000
34444  -36.662  -42.312  2.182 1.0000000000
34447  -31.636  -41.283  1.402 1.0000000000
34448  -32.845  -41.871  1.193 1.0000000000
34449  -33.890  -42.511  0.854 1.0000000000
34450  -37.047  -41.947  0.988 1.0000000000
34451  -37.751  -42.422  0.071 1.0000000000
34455  -33.651  -41.649  0.374 1.0000000000
34456  -34.498  -42.501  0.086 1.0000000000
34457  -37.611  -41.652  -0.106 1.0000000000
34458  -38.225  -41.756  -1.240 1.0000000000
34462  -35.305  -42.391  -0.725 1.0000000000
34463  -36.337  -42.194  -1.601 1.0000000000
34464  -38.521  -41.992  -2.161 1.0000000000
34468  -37.570  -41.995  -2.305 1.0000000000
34469  -38.302  -41.909  -2.313 1.0000000000
35122  -23.554  -41.618  7.132 1.0000000000
35123  -24.586  -41.808  7.618 1.0000000000
35124  -25.922  -41.860  8.069 1.0000000000
35125  -26.925  -41.387  8.350 1.0000000000
35126  -28.333  -40.994  8.547 1.0000000000
35147  -23.431  -41.672  6.998 1.0000000000
35148  -28.514  -41.234  5.775 1.0000000000
35149  -29.072  -41.344  5.596 1.0000000000
35155  -23.647  -41.474  6.672 1.0000000000
35156  -24.434  -41.328  6.130 1.0000000000
35157  -25.392  -41.123  5.770 1.0000000000
35158  -26.193  -41.469  5.607 1.0000000000
35159  -28.074  -41.674  5.242 1.0000000000
35160  -28.681  -41.793  4.846 1.0000000000
35161  -29.343  -41.558  4.502 1.0000000000
35162  -29.681  -41.168  4.133 1.0000000000
35168  -29.221  -41.450  3.461 1.0000000000
35175  -29.192  -41.170  2.986 1.0000000000
35182  -29.814  -41.136  2.372 1.0000000000
35183  -30.627  -41.270  1.939 1.0000000000
35192  -30.236  -40.774  2.074 1.0000000000
35193  -30.873  -40.582  1.644 1.0000000000
35194  -36.656  -41.367  1.813 1.0000000000
35201  -31.552  -40.570  1.177 1.0000000000
35202  -32.426  -41.064  0.854 1.0000000000
35203  -37.156  -40.999  0.384 1.0000000000
35204  -37.900  -41.009  -1.144 1.0000000000
35211  -34.729  -41.689  -0.485 1.0000000000
35212  -35.801  -41.576  -1.363 1.0000000000
35213  -38.335  -41.086  -2.139 1.0000000000
35218  -37.045  -41.315  -2.224 1.0000000000
35219  -38.030  -41.148  -2.413 1.0000000000
35220  -38.291  -41.235  -2.215 1.0000000000
35831  -28.906  -40.325  8.518 1.0000000000
35846  -26.942  -40.520  8.214 1.0000000000
35847  -27.976  -40.334  8.392 1.0000000000
35858  -23.508  -40.616  7.044 1.0000000000
35868  -23.523  -40.659  6.904 1.0000000000
35869  -28.536  -40.361  6.286 1.0000000000
35870  -29.295  -40.808  6.209 1.0000000000
35871  -31.972  -40.417  5.979 1.0000000000
35878  -23.850  -40.453  6.334 1.0000000000
35879  -24.724  -40.456  5.890 1.0000000000
35880  -26.020  -40.771  5.713 1.0000000000
35881  -27.008  -40.644  5.848 1.0000000000
35882  -27.782  -40.936  5.897 1.0000000000
35883  -30.204  -41.236  5.360 1.0000000000
35884  -31.210  -41.036  5.223 1.0000000000
35885  -32.269  -40.591  5.345 1.0000000000
35886  -32.878  -40.407  5.070 1.0000000000
35892  -29.285  -40.984  3.152 1.0000000000
35893  -30.462  -40.858  3.979 1.0000000000
35894  -31.952  -40.778  4.663 1.0000000000
35895  -32.559  -40.432  4.128 1.0000000000
35903  -29.361  -40.988  2.726 1.0000000000
35904  -29.914  -40.702  2.891 1.0000000000
35916  -30.005  -40.756  2.395 1.0000000000
35917  -30.853  -40.279  2.429 1.0000000000
35931  -30.790  -40.213  1.854 1.0000000000
35932  -31.283  -39.918  1.313 1.0000000000
35933  -36.626  -40.507  1.501 1.0000000000
35943  -32.009  -40.140  0.803 1.0000000000
35944  -33.108  -40.569  0.336 1.0000000000
35945  -37.628  -40.197  -1.121 1.0000000000
35946  -38.139  -40.390  -2.180 1.0000000000
35953  -33.748  -39.744  -0.264 1.0000000000
35954  -34.197  -40.843  -0.352 1.0000000000
35955  -35.352  -40.851  -1.199 1.0000000000
35956  -37.787  -39.694  -2.112 1.0000000000
35960  -36.467  -39.840  -1.970 1.0000000000
35961  -37.530  -39.409  -2.139 1.0000000000
35962  -38.150  -40.645  -2.243 1.0000000000
36653  -28.564  -39.592  8.297 1.0000000000
36666  -24.558  -39.533  7.356 1.0000000000
36667  -25.422  -39.829  7.604 1.0000000000
36668  -26.396  -39.742  7.787 1.0000000000
36669  -28.202  -38.731  7.860 1.0000000000
36679  -23.674  -39.625  7.032 1.0000000000
36695  -23.541  -39.628  6.707 1.0000000000
36696  -28.521  -39.368  6.240 1.0000000000
36697  -29.512  -39.752  6.342 1.0000000000
36698  -30.554  -39.728  6.357 1.0000000000
36699  -31.519  -39.727  6.332 1.0000000000
36700  -32.457  -39.580  6.379 1.0000000000
36701  -33.271  -39.405  6.275 1.0000000000
36702  -33.843  -39.128  6.165 1.0000000000
36710  -23.623  -39.471  6.406 1.0000000000
36711  -23.915  -39.486  5.893 1.0000000000
36712  -25.222  -39.627  5.719 1.0000000000
36713  -26.522  -39.330  5.845 1.0000000000
36714  -27.508  -39.961  6.250 1.0000000000
36715  -32.822  -40.102  5.807 1.0000000000
36716  -33.561  -39.684  5.546 1.0000000000
36717  -34.238  -38.981  5.605 1.0000000000
36727  -33.415  -39.991  4.523 1.0000000000
36728  -34.066  -39.341  4.746 1.0000000000
36741  -32.027  -40.266  3.248 1.0000000000
36742  -32.958  -39.907  3.399 1.0000000000
36743  -33.739  -39.486  3.931 1.0000000000
36754  -31.412  -39.593  1.826 1.0000000000
36755  -32.479  -39.312  2.360 1.0000000000
36768  -36.602  -39.623  1.031 1.0000000000
36779  -31.826  -39.204  0.850 1.0000000000
36780  -32.639  -38.880  0.290 1.0000000000
36781  -37.264  -39.264  -0.925 1.0000000000
36786  -33.756  -38.641  -0.436 1.0000000000
36787  -35.242  -39.139  -1.333 1.0000000000
36788  -37.388  -38.848  -1.974 1.0000000000
36791  -36.134  -38.266  -1.929 1.0000000000
36792  -36.759  -38.880  -2.149 1.0000000000
36793  -37.066  -38.372  -2.016 1.0000000000
37655  -23.998  -38.894  6.972 1.0000000000
37656  -25.424  -39.018  7.382 1.0000000000
37657  -26.866  -38.901  7.587 1.0000000000
37664  -23.629  -38.265  6.366 1.0000000000
37665  -24.599  -38.198  6.874 1.0000000000
37666  -26.025  -38.161  7.185 1.0000000000
37667  -33.444  -38.222  7.144 1.0000000000
37668  -34.174  -38.148  7.016 1.0000000000
37683  -23.506  -38.095  5.929 1.0000000000
37684  -29.277  -38.776  6.086 1.0000000000
37685  -30.151  -38.678  6.144 1.0000000000
37686  -31.881  -38.745  6.589 1.0000000000
37687  -32.920  -38.854  6.760 1.0000000000
37688  -33.683  -38.738  6.645 1.0000000000
37689  -34.276  -38.574  6.371 1.0000000000
37699  -23.503  -38.603  5.962 1.0000000000
37700  -24.176  -38.489  5.560 1.0000000000
37701  -27.612  -38.955  5.941 1.0000000000
37702  -28.567  -38.329  5.735 1.0000000000
37703  -29.452  -38.011  5.742 1.0000000000
37704  -34.827  -38.170  5.611 1.0000000000
37717  -24.191  -37.744  5.247 1.0000000000
37718  -25.143  -37.861  5.112 1.0000000000
37719  -34.523  -38.570  4.740 1.0000000000
37725  -33.530  -39.120  3.054 1.0000000000
37726  -34.197  -38.842  3.843 1.0000000000
37732  -31.998  -38.916  1.449 1.0000000000
37733  -32.961  -38.573  2.044 1.0000000000
37734  -34.029  -38.190  2.789 1.0000000000
37743  -32.347  -38.134  1.149 1.0000000000
37748  -32.002  -38.658  0.951 1.0000000000
37749  -32.252  -38.474  0.641 1.0000000000
37750  -37.095  -38.365  -1.166 1.0000000000
37755  -32.667  -37.879  0.102 1.0000000000
37756  -33.789  -37.701  -0.608 1.0000000000
37757  -37.040  -38.107  -1.868 1.0000000000
37759  -35.202  -37.641  -1.441 1.0000000000
37760  -36.251  -37.563  -2.037 1.0000000000
37761  -36.682  -37.710  -1.799 1.0000000000
38546  -27.361  -38.033  7.405 1.0000000000
38553  -24.141  -37.707  6.354 1.0000000000
38554  -25.207  -37.567  6.651 1.0000000000
38555  -26.568  -37.419  6.911 1.0000000000
38557  -33.122  -37.507  7.420 1.0000000000
38558  -33.966  -37.602  7.474 1.0000000000
38559  -34.652  -37.438  7.260 1.0000000000
38568  -23.865  -37.545  5.874 1.0000000000
38570  -30.125  -37.634  5.827 1.0000000000
38571  -30.709  -37.174  6.032 1.0000000000
38572  -31.559  -37.653  6.563 1.0000000000
38573  -32.538  -38.073  7.006 1.0000000000
38574  -34.775  -37.893  6.611 1.0000000000
38575  -35.273  -37.215  6.854 1.0000000000
38577  -23.982  -37.540  5.608 1.0000000000
38578  -24.295  -37.045  5.346 1.0000000000
38579  -26.084  -37.456  4.807 1.0000000000
38580  -27.174  -37.525  4.961 1.0000000000
38581  -28.162  -37.552  5.214 1.0000000000
38582  -29.415  -37.185  5.411 1.0000000000
38583  -35.318  -37.454  5.998 1.0000000000
38590  -24.464  -36.864  5.051 1.0000000000
38591  -26.501  -36.678  4.399 1.0000000000
38592  -27.696  -36.817  4.564 1.0000000000
38593  -34.910  -37.872  4.609 1.0000000000
38594  -35.297  -37.418  5.020 1.0000000000
38603  -35.084  -37.225  3.928 1.0000000000
38613  -33.236  -37.760  1.676 1.0000000000
38614  -34.097  -37.145  2.138 1.0000000000
38623  -32.448  -37.933  0.625 1.0000000000
38624  -32.624  -37.403  0.795 1.0000000000
38625  -33.591  -36.294  1.193 1.0000000000
38626  -36.584  -37.341  1.056 1.0000000000
38635  -32.589  -37.133  0.189 1.0000000000
38636  -36.642  -37.123  -0.425 1.0000000000
38641  -32.807  -36.861  -0.198 1.0000000000
38642  -34.158  -36.787  -0.934 1.0000000000
38643  -36.718  -37.492  -1.595 1.0000000000
38646  -35.537  -37.079  -1.633 1.0000000000
38647  -36.177  -36.828  -1.748 1.0000000000
38648  -36.355  -36.927  -1.595 1.0000000000
39355  -34.433  -36.086  8.135 1.0000000000
39356  -34.979  -36.188  7.954 1.0000000000
39362  -32.888  -36.686  7.557 1.0000000000
39363  -33.624  -36.214  8.012 1.0000000000
39364  -34.401  -36.785  7.760 1.0000000000
39365  -35.169  -36.677  7.475 1.0000000000
39375  -30.513  -36.371  5.713 1.0000000000
39376  -31.291  -36.564  6.361 1.0000000000
39377  -32.077  -36.218  7.041 1.0000000000
39378  -35.604  -36.624  7.003 1.0000000000
39379  -35.959  -36.231  6.703 1.0000000000
39387  -28.656  -36.916  4.949 1.0000000000
39388  -29.231  -36.347  4.872 1.0000000000
39389  -29.981  -36.722  5.488 1.0000000000
39390  -35.701  -36.729  6.222 1.0000000000
39391  -36.204  -36.066  5.936 1.0000000000
39395  -28.223  -35.992  4.221 1.0000000000
39396  -28.952  -35.548  4.370 1.0000000000
39397  -35.589  -36.592  4.501 1.0000000000
39398  -35.864  -36.434  5.360 1.0000000000
39408  -26.501  -35.445  3.756 1.0000000000
39409  -34.808  -36.756  2.969 1.0000000000
39410  -35.307  -36.495  3.557 1.0000000000
39424  -34.485  -36.389  2.149 1.0000000000
39425  -35.166  -36.023  2.754 1.0000000000
39437  -32.763  -36.653  0.421 1.0000000000
39438  -36.686  -36.420  0.567 1.0000000000
39444  -32.627  -36.270  -0.034 1.0000000000
39445  -36.642  -35.807  -0.659 1.0000000000
39447  -33.018  -35.933  -0.417 1.0000000000
39448  -34.078  -35.778  -1.118 1.0000000000
39449  -36.265  -35.925  -1.533 1.0000000000
39452  -35.332  -35.856  -1.603 1.0000000000
39453  -36.141  -35.930  -1.649 1.0000000000
40167  -34.102  -35.486  8.356 1.0000000000
40168  -34.855  -35.584  8.282 1.0000000000
40169  -35.474  -35.632  7.972 1.0000000000
40175  -32.745  -35.844  7.647 1.0000000000
40176  -33.272  -35.337  8.125 1.0000000000
40177  -35.725  -36.040  7.378 1.0000000000
40178  -36.128  -35.288  7.601 1.0000000000
40186  -31.455  -35.610  6.425 1.0000000000
40187  -32.082  -35.368  7.093 1.0000000000
40188  -36.387  -35.562  6.774 1.0000000000
40198  -29.848  -35.649  5.005 1.0000000000
40199  -30.749  -35.703  5.749 1.0000000000
40200  -31.000  -34.851  5.818 1.0000000000
40201  -36.651  -35.331  5.705 1.0000000000
40211  -28.262  -35.009  3.691 1.0000000000
40212  -29.061  -34.771  4.152 1.0000000000
40213  -29.811  -34.603  4.608 1.0000000000
40214  -36.178  -35.811  4.762 1.0000000000
40224  -27.364  -35.246  3.562 1.0000000000
40225  -35.689  -35.917  3.700 1.0000000000
40226  -36.244  -35.196  3.690 1.0000000000
40238  -34.496  -35.744  1.670 1.0000000000
40239  -35.943  -34.926  2.715 1.0000000000
40248  -33.549  -35.379  0.525 1.0000000000
40249  -34.642  -35.006  1.198 1.0000000000
40250  -36.938  -35.439  0.495 1.0000000000
40255  -32.791  -35.838  0.159 1.0000000000
40256  -33.242  -34.973  -0.278 1.0000000000
40257  -36.841  -34.901  -0.467 1.0000000000
40258  -37.374  -34.474  0.294 1.0000000000
40260  -32.868  -35.518  -0.096 1.0000000000
40261  -33.390  -35.037  -0.660 1.0000000000
40262  -36.399  -34.777  -1.631 1.0000000000
40265  -34.454  -34.835  -1.442 1.0000000000
40266  -35.418  -34.371  -1.919 1.0000000000
40267  -36.103  -35.055  -1.852 1.0000000000
41045  -33.743  -34.701  8.390 1.0000000000
41046  -34.645  -34.781  8.472 1.0000000000
41047  -35.424  -34.431  8.415 1.0000000000
41048  -36.143  -34.139  8.258 1.0000000000
41052  -32.972  -34.550  7.965 1.0000000000
41053  -35.864  -34.891  8.116 1.0000000000
41054  -36.465  -34.549  7.741 1.0000000000
41055  -37.154  -34.108  7.121 1.0000000000
41059  -31.479  -34.107  6.178 1.0000000000
41060  -32.215  -34.488  7.122 1.0000000000
41061  -36.947  -34.798  6.477 1.0000000000
41062  -37.397  -34.157  6.243 1.0000000000
41073  -30.400  -34.380  5.099 1.0000000000
41074  -30.995  -33.446  5.498 1.0000000000
41075  -37.146  -34.607  5.566 1.0000000000
41092  -28.362  -34.185  3.606 1.0000000000
41093  -29.149  -33.849  3.955 1.0000000000
41094  -29.896  -33.952  4.516 1.0000000000
41095  -36.735  -34.969  4.712 1.0000000000
41096  -37.307  -34.218  4.678 1.0000000000
41102  -36.542  -34.497  3.166 1.0000000000
41103  -37.156  -34.051  3.656 1.0000000000
41108  -35.532  -34.635  1.818 1.0000000000
41109  -36.253  -34.300  2.335 1.0000000000
41117  -33.901  -34.544  0.136 1.0000000000
41118  -35.012  -34.299  0.754 1.0000000000
41119  -35.988  -33.868  1.416 1.0000000000
41120  -38.362  -33.986  0.908 1.0000000000
41121  -39.704  -33.749  0.333 1.0000000000
41126  -33.782  -34.268  -0.767 1.0000000000
41127  -34.403  -33.848  -0.319 1.0000000000
41128  -37.037  -33.977  -0.973 1.0000000000
41129  -37.894  -33.522  -0.237 1.0000000000
41130  -38.878  -33.227  0.051 1.0000000000
41132  -33.804  -34.289  -1.044 1.0000000000
41133  -36.547  -33.520  -2.247 1.0000000000
41134  -37.314  -32.995  -1.875 1.0000000000
41137  -34.584  -33.879  -1.604 1.0000000000
41138  -35.481  -33.459  -2.186 1.0000000000
41139  -36.213  -32.984  -2.530 1.0000000000
41900  -34.817  -33.911  8.583 1.0000000000
41901  -35.575  -33.612  8.522 1.0000000000
41902  -36.405  -33.192  8.305 1.0000000000
41903  -36.922  -32.406  8.156 1.0000000000
41907  -32.758  -33.736  7.519 1.0000000000
41908  -33.465  -33.886  8.231 1.0000000000
41909  -36.732  -33.866  7.867 1.0000000000
41915  -31.587  -33.330  6.018 1.0000000000
41916  -32.109  -33.571  6.660 1.0000000000
41917  -37.781  -33.513  6.022 1.0000000000
41931  -30.379  -33.663  4.918 1.0000000000
41932  -37.813  -33.541  5.108 1.0000000000
41933  -38.184  -32.917  5.468 1.0000000000
41947  -28.938  -33.155  3.914 1.0000000000
41948  -29.637  -33.320  4.360 1.0000000000
41949  -37.684  -33.533  4.231 1.0000000000
41950  -38.167  -32.958  4.619 1.0000000000
41955  -36.902  -33.800  2.701 1.0000000000
41956  -37.578  -33.360  3.359 1.0000000000
41957  -38.081  -32.598  3.150 1.0000000000
41963  -36.815  -33.341  1.772 1.0000000000
41964  -37.524  -32.953  2.442 1.0000000000
41968  -35.391  -33.517  0.232 1.0000000000
41969  -36.376  -32.891  0.496 1.0000000000
41970  -37.457  -32.268  1.230 1.0000000000
41971  -40.692  -33.687  -0.788 1.0000000000
41976  -34.421  -33.585  -1.211 1.0000000000
41977  -35.002  -33.197  -0.866 1.0000000000
41978  -38.339  -32.578  -1.014 1.0000000000
41979  -39.550  -32.636  -0.890 1.0000000000
41980  -41.007  -33.245  -1.085 1.0000000000
41982  -34.887  -33.328  -1.718 1.0000000000
41983  -35.138  -32.928  -1.768 1.0000000000
41984  -36.707  -32.455  -2.686 1.0000000000
41985  -37.559  -31.859  -2.486 1.0000000000
41986  -38.897  -31.648  -1.775 1.0000000000
41989  -35.683  -32.609  -2.367 1.0000000000
41990  -36.366  -32.189  -2.697 1.0000000000
42681  -33.892  -32.379  8.181 1.0000000000
42682  -34.666  -32.524  8.588 1.0000000000
42683  -35.555  -32.685  8.641 1.0000000000
42684  -36.284  -32.374  8.501 1.0000000000
42686  -32.610  -32.920  6.915 1.0000000000
42687  -33.304  -32.937  7.744 1.0000000000
42688  -37.456  -32.308  7.640 1.0000000000
42689  -37.895  -31.739  7.264 1.0000000000
42697  -32.014  -32.800  6.200 1.0000000000
42698  -33.031  -32.178  6.990 1.0000000000
42699  -37.829  -32.586  7.031 1.0000000000
42700  -38.236  -32.041  6.503 1.0000000000
42712  -29.244  -31.988  4.719 1.0000000000
42713  -30.038  -31.964  4.776 1.0000000000
42714  -31.325  -32.706  5.576 1.0000000000
42715  -31.983  -32.015  5.745 1.0000000000
42716  -38.390  -32.191  5.730 1.0000000000
42723  -28.856  -32.720  4.290 1.0000000000
42724  -29.425  -32.661  4.403 1.0000000000
42725  -38.411  -32.286  4.910 1.0000000000
42730  -38.374  -32.241  3.953 1.0000000000
42734  -38.110  -32.014  2.235 1.0000000000
42743  -36.116  -32.109  -0.954 1.0000000000
42745  -40.118  -32.149  -1.448 1.0000000000
42746  -40.362  -32.185  -1.289 1.0000000000
42750  -35.509  -32.480  -1.540 1.0000000000
42751  -36.037  -31.728  -2.204 1.0000000000
42752  -39.636  -31.434  -1.682 1.0000000000
42756  -35.715  -32.241  -2.223 1.0000000000
42757  -36.221  -31.821  -2.616 1.0000000000
42758  -36.945  -31.485  -2.797 1.0000000000
42759  -38.013  -31.021  -2.826 1.0000000000
43431  -35.267  -31.276  8.695 1.0000000000
43432  -36.078  -31.080  8.691 1.0000000000
43433  -36.867  -30.955  8.439 1.0000000000
43443  -33.580  -31.685  7.531 1.0000000000
43444  -33.906  -30.911  7.797 1.0000000000
43445  -37.313  -31.620  8.021 1.0000000000
43446  -38.083  -30.833  7.238 1.0000000000
43456  -32.686  -31.715  6.222 1.0000000000
43457  -38.477  -31.383  5.941 1.0000000000
43471  -29.735  -31.137  4.940 1.0000000000
43472  -30.723  -31.251  5.111 1.0000000000
43473  -31.729  -31.314  5.343 1.0000000000
43474  -32.418  -31.348  5.684 1.0000000000
43475  -32.995  -30.997  6.007 1.0000000000
43476  -38.551  -31.489  5.098 1.0000000000
43484  -38.594  -30.746  4.245 1.0000000000
43488  -38.535  -31.159  3.561 1.0000000000
43492  -38.355  -31.027  2.037 1.0000000000
43493  -40.742  -31.557  1.082 1.0000000000
43499  -38.328  -30.024  -0.108 1.0000000000
43500  -40.600  -31.380  -0.048 1.0000000000
43503  -36.654  -31.169  -1.783 1.0000000000
43504  -37.487  -30.656  -1.040 1.0000000000
43505  -39.516  -30.490  -1.309 1.0000000000
43506  -40.322  -31.529  -1.061 1.0000000000
43509  -36.788  -31.191  -2.596 1.0000000000
43510  -37.386  -30.447  -2.264 1.0000000000
43511  -38.915  -30.982  -2.450 1.0000000000
43512  -39.248  -30.851  -2.117 1.0000000000
43515  -37.531  -30.674  -2.751 1.0000000000
43516  -38.346  -30.494  -2.562 1.0000000000
44238  -34.646  -30.686  8.461 1.0000000000
44239  -35.493  -30.427  8.677 1.0000000000
44240  -36.355  -30.253  8.614 1.0000000000
44241  -37.151  -30.167  8.329 1.0000000000
44259  -33.621  -30.394  7.201 1.0000000000
44260  -34.074  -30.097  7.950 1.0000000000
44261  -37.805  -30.058  7.692 1.0000000000
44262  -38.317  -29.850  6.859 1.0000000000
44273  -33.369  -30.370  6.323 1.0000000000
44274  -38.439  -30.573  6.298 1.0000000000
44288  -29.873  -30.309  5.043 1.0000000000
44289  -30.734  -30.269  4.927 1.0000000000
44290  -31.470  -30.651  5.022 1.0000000000
44291  -32.537  -30.739  5.258 1.0000000000
44292  -33.136  -30.354  5.362 1.0000000000
44293  -38.597  -30.392  5.153 1.0000000000
44301  -32.470  -30.240  4.726 1.0000000000
44302  -38.572  -29.533  3.914 1.0000000000
44307  -38.637  -28.524  2.747 1.0000000000
44312  -38.646  -28.841  1.975 1.0000000000
44313  -39.207  -28.467  1.661 1.0000000000
44314  -39.770  -29.325  1.377 1.0000000000
44319  -38.815  -29.159  0.393 1.0000000000
44320  -39.192  -28.975  0.782 1.0000000000
44321  -39.786  -29.950  0.453 1.0000000000
44326  -38.702  -29.527  -0.603 1.0000000000
44327  -39.227  -29.564  -0.308 1.0000000000
44328  -39.915  -30.548  -0.430 1.0000000000
44332  -37.996  -29.876  -1.514 1.0000000000
44333  -38.375  -29.880  -1.730 1.0000000000
44334  -38.793  -30.149  -1.993 1.0000000000
44338  -37.932  -30.051  -2.351 1.0000000000
45095  -34.845  -29.832  8.527 1.0000000000
45096  -35.721  -29.472  8.672 1.0000000000
45097  -36.684  -29.431  8.521 1.0000000000
45111  -33.626  -29.589  7.086 1.0000000000
45112  -34.243  -29.257  8.130 1.0000000000
45113  -37.448  -29.357  8.114 1.0000000000
45114  -38.065  -29.179  7.402 1.0000000000
45131  -33.396  -29.701  5.807 1.0000000000
45132  -38.415  -28.844  6.513 1.0000000000
45147  -31.485  -29.988  4.751 1.0000000000
45148  -32.978  -30.189  4.764 1.0000000000
45149  -33.254  -29.763  4.650 1.0000000000
45156  -31.330  -29.243  4.558 1.0000000000
45157  -32.413  -29.697  4.299 1.0000000000
45158  -33.034  -29.799  4.211 1.0000000000
45159  -38.606  -28.273  3.529 1.0000000000
45162  -38.921  -27.775  2.709 1.0000000000
45163  -39.185  -27.941  2.411 1.0000000000
45164  -40.048  -28.802  2.482 1.0000000000
45167  -38.946  -28.658  1.153 1.0000000000
45171  -38.949  -29.063  0.333 1.0000000000
46032  -34.591  -28.408  8.368 1.0000000000
46033  -35.445  -28.604  8.648 1.0000000000
46034  -36.247  -28.676  8.647 1.0000000000
46035  -37.061  -28.633  8.423 1.0000000000
46047  -33.836  -28.601  7.555 1.0000000000
46048  -34.045  -27.782  7.880 1.0000000000
46049  -37.720  -28.505  7.857 1.0000000000
46050  -38.259  -28.247  7.068 1.0000000000
46069  -33.496  -28.809  6.462 1.0000000000
46070  -38.506  -27.798  6.055 1.0000000000
46088  -33.448  -29.071  5.269 1.0000000000
46089  -38.702  -27.337  4.910 1.0000000000
46098  -30.059  -27.996  4.668 1.0000000000
46099  -31.122  -28.362  4.385 1.0000000000
46100  -32.221  -29.083  3.865 1.0000000000
46101  -33.019  -29.385  3.490 1.0000000000
46102  -33.256  -29.319  3.780 1.0000000000
46103  -38.882  -27.145  3.923 1.0000000000
46104  -39.098  -27.171  3.451 1.0000000000
46105  -39.849  -27.454  3.663 1.0000000000
46109  -32.907  -28.989  2.785 1.0000000000
46110  -33.091  -28.725  2.157 1.0000000000
46111  -38.878  -27.446  3.381 1.0000000000
46112  -39.140  -27.521  3.046 1.0000000000
46113  -39.654  -27.895  2.962 1.0000000000
46864  -34.614  -27.574  8.377 1.0000000000
46865  -35.285  -27.336  8.683 1.0000000000
46866  -36.110  -27.231  8.782 1.0000000000
46867  -37.369  -27.819  8.264 1.0000000000
46882  -33.853  -27.063  7.469 1.0000000000
46883  -37.989  -27.616  7.559 1.0000000000
46884  -38.403  -27.222  6.580 1.0000000000
46901  -33.407  -27.167  5.620 1.0000000000
46902  -38.729  -26.794  5.433 1.0000000000
46919  -33.461  -28.472  4.632 1.0000000000
46920  -38.992  -26.757  4.510 1.0000000000
46921  -39.524  -26.849  4.419 1.0000000000
46922  -40.028  -27.044  4.342 1.0000000000
46929  -29.767  -27.323  4.542 1.0000000000
46930  -30.752  -27.446  4.084 1.0000000000
46931  -31.899  -28.382  3.431 1.0000000000
46932  -33.449  -28.557  3.336 1.0000000000
46933  -39.297  -27.007  3.903 1.0000000000
46937  -31.653  -27.724  2.779 1.0000000000
46938  -32.697  -28.502  2.217 1.0000000000
46939  -33.219  -28.349  1.858 1.0000000000
46944  -32.348  -27.925  1.363 1.0000000000
47706  -34.514  -26.670  8.265 1.0000000000
47707  -35.498  -26.538  8.729 1.0000000000
47708  -36.372  -26.425  8.718 1.0000000000
47709  -36.929  -27.116  8.571 1.0000000000
47727  -33.604  -26.452  6.618 1.0000000000
47728  -37.652  -26.980  8.031 1.0000000000
47729  -38.233  -26.704  7.184 1.0000000000
47746  -38.720  -26.221  6.037 1.0000000000
47747  -39.301  -25.887  5.573 1.0000000000
47760  -38.990  -26.351  5.189 1.0000000000
47761  -39.404  -26.464  5.014 1.0000000000
47762  -40.126  -26.683  5.085 1.0000000000
47772  -29.906  -26.782  4.167 1.0000000000
47773  -33.434  -27.450  4.323 1.0000000000
47785  -30.521  -26.739  3.263 1.0000000000
47786  -33.515  -27.659  2.959 1.0000000000
47795  -31.378  -27.295  2.034 1.0000000000
47796  -32.832  -27.882  1.102 1.0000000000
47800  -31.334  -27.364  0.687 1.0000000000
47801  -32.021  -27.510  0.496 1.0000000000
48636  -34.759  -24.985  8.246 1.0000000000
48637  -35.450  -25.032  8.612 1.0000000000
48638  -36.578  -25.607  8.619 1.0000000000
48639  -37.256  -26.190  8.350 1.0000000000
48655  -34.356  -25.675  7.902 1.0000000000
48656  -37.925  -25.446  7.697 1.0000000000
48657  -39.034  -24.861  6.486 1.0000000000
48679  -38.886  -25.521  6.200 1.0000000000
48680  -39.492  -25.328  6.079 1.0000000000
48681  -40.214  -25.187  6.291 1.0000000000
48705  -29.810  -26.151  2.476 1.0000000000
48717  -30.207  -26.723  0.960 1.0000000000
49527  -35.957  -24.266  8.667 1.0000000000
49528  -36.758  -24.706  8.508 1.0000000000
49542  -37.610  -24.664  8.032 1.0000000000
49543  -38.439  -24.567  7.275 1.0000000000
49544  -39.238  -24.137  6.810 1.0000000000
49564  -39.753  -24.632  6.444 1.0000000000
50305  -36.223  -23.335  8.582 1.0000000000
50306  -37.736  -23.228  8.063 1.0000000000
50321  -38.045  -23.903  7.775 1.0000000000
50322  -38.480  -23.219  7.578 1.0000000000
98656  -39.984  -60.088  6.203 1.0000000000
98699  -27.240  -41.395  5.495 1.0000000000
98777  -25.791  -51.155  4.250 1.0000000000
98799  -30.029  -52.815  1.854 1.0000000000
98864  -30.141  -51.108  2.419 1.0000000000
98866  -36.944  -40.131  0.256 1.0000000000
98888  -27.791  -41.696  8.518 1.0000000000
99030  -41.608  -53.822  -1.835 1.0000000000
99063  -23.459  -45.083  6.471 1.0000000000
99218  -29.347  -54.211  5.270 1.0000000000
99266  -44.289  -55.881  -0.694 1.0000000000
99341  -31.008  -31.982  5.265 1.0000000000
99360  -44.384  -54.681  1.800 1.0000000000
99390  -46.748  -60.615  -1.067 1.0000000000
99406  -30.971  -65.292  -3.193 1.0000000000
99422  -47.619  -55.890  0.332 1.0000000000
99448  -45.288  -61.834  -0.976 1.0000000000
99471  -25.193  -36.818  4.721 1.0000000000
99629  -36.113  -69.227  -2.342 1.0000000000
99792  -29.257  -42.058  3.994 1.0000000000
99932  -28.950  -51.812  2.110 1.0000000000
100036  -38.536  -28.306  5.572 1.0000000000
100114  -36.652  -38.730  0.458 1.0000000000
100142  -42.930  -63.739  -0.806 1.0000000000
100192  -31.377  -69.423  -3.601 1.0000000000
100357  -41.689  -53.929  -0.874 1.0000000000
100363  -46.171  -62.815  2.741 1.0000000000
100381  -29.414  -41.628  3.189 1.0000000000
100385  -26.278  -51.433  3.393 1.0000000000
100618  -40.876  -58.316  0.374 1.0000000000
100674  -34.613  -38.007  3.835 1.0000000000
100689  -26.621  -51.083  4.664 1.0000000000
100728  -38.920  -29.769  -1.232 1.0000000000
100872  -35.677  -35.477  3.024 1.0000000000
100889  -47.066  -57.679  3.057 1.0000000000
100920  -33.685  -69.570  -3.228 1.0000000000
100930  -35.574  -36.931  5.425 1.0000000000
100946  -37.190  -65.328  -2.947 1.0000000000
100954  -36.650  -37.919  0.079 1.0000000000
100964  -33.613  -36.990  7.698 1.0000000000
100997  -34.571  -43.814  2.029 1.0000000000
101047  -36.647  -34.876  7.198 1.0000000000
101113  -25.657  -52.610  3.995 1.0000000000
101145  -24.395  -42.989  6.235 1.0000000000
101155  -30.378  -32.811  4.890 1.0000000000
101165  -30.707  -47.102  4.142 1.0000000000
101343  -35.287  -35.097  8.315 1.0000000000
101508  -38.735  -58.635  1.292 1.0000000000
101521  -32.370  -57.584  0.497 1.0000000000
101556  -37.000  -37.879  -1.015 1.0000000000
101590  -34.995  -25.766  8.558 1.0000000000
101654  -33.412  -30.984  6.878 1.0000000000
101667  -27.091  -58.016  1.638 1.0000000000
101685  -33.520  -63.130  1.548 1.0000000000
101690  -29.507  -65.490  3.197 1.0000000000
101832  -40.087  -57.770  -1.281 1.0000000000
101851  -41.826  -56.240  -2.316 1.0000000000
101885  -37.556  -34.969  1.260 1.0000000000
102011  -31.094  -73.031  5.626 1.0000000000
102024  -27.108  -36.020  3.944 1.0000000000
102041  -30.990  -72.292  3.387 1.0000000000
102109  -30.462  -55.077  5.393 1.0000000000
102145  -40.519  -65.180  -0.404 1.0000000000
102161  -36.608  -27.919  8.603 1.0000000000
102180  -36.973  -23.242  8.413 1.0000000000
102217  -25.858  -40.463  7.862 1.0000000000
102334  -42.062  -51.868  -1.452 1.0000000000
102418  -34.944  -33.205  8.648 1.0000000000
102458  -46.688  -53.874  5.456 1.0000000000
102484  -48.532  -62.134  0.742 1.0000000000
102489  -41.406  -58.753  6.170 1.0000000000
102496  -28.866  -50.138  2.593 1.0000000000
102539  -24.868  -47.678  5.527 1.0000000000
102541  -27.488  -52.780  2.469 1.0000000000
102921  -35.278  -69.317  -2.773 1.0000000000
102942  -24.593  -45.915  6.809 1.0000000000
102953  -46.644  -52.269  6.544 1.0000000000
102966  -38.407  -31.666  2.940 1.0000000000
102981  -41.173  -63.514  0.041 1.0000000000
103014  -23.511  -45.718  5.914 1.0000000000
103147  -27.289  -63.807  2.859 1.0000000000
103210  -34.150  -34.112  8.516 1.0000000000
103219  -38.700  -23.802  7.275 1.0000000000
103340  -43.037  -54.424  2.126 1.0000000000
103384  -43.578  -59.389  4.918 1.0000000000
103398  -35.819  -31.853  8.699 1.0000000000
103440  -39.379  -55.029  -0.452 1.0000000000
103476  -33.957  -49.529  4.744 1.0000000000
103507  -31.812  -67.864  0.864 1.0000000000
103521  -27.903  -62.121  -0.488 1.0000000000
103526  -36.090  -34.034  -2.211 1.0000000000
103564  -27.607  -40.978  8.450 1.0000000000
103707  -37.668  -40.367  -2.346 1.0000000000
103819  -24.542  -40.340  7.499 1.0000000000
103926  -44.640  -52.938  7.215 1.0000000000
104036  -40.327  -66.313  -5.012 1.0000000000
104126  -38.524  -31.638  4.391 1.0000000000
104279  -28.486  -43.174  5.641 1.0000000000
104351  -32.245  -37.160  7.043 1.0000000000
104356  -34.220  -48.836  4.342 1.0000000000
104428  -25.184  -44.314  7.511 1.0000000000
104474  -31.338  -40.575  3.559 1.0000000000
104500  -29.102  -63.578  -1.887 1.0000000000
104512  -40.026  -26.077  5.508 1.0000000000
104613  -30.246  -49.026  3.215 1.0000000000
104662  -30.030  -54.972  1.589 1.0000000000
104711  -29.148  -60.098  2.487 1.0000000000
104720  -38.592  -28.052  4.464 1.0000000000
104737  -31.517  -54.849  2.223 1.0000000000
104803  -38.530  -29.375  5.695 1.0000000000
104908  -27.142  -42.963  8.320 1.0000000000
105017  -37.752  -60.860  3.602 1.0000000000
105137  -40.316  -48.590  0.652 1.0000000000
105174  -34.950  -40.129  -1.017 1.0000000000
105175  -35.640  -45.986  0.127 1.0000000000
105248  -47.391  -58.563  2.779 1.0000000000
105294  -38.570  -29.174  4.580 1.0000000000
105303  -34.830  -38.316  -1.154 1.0000000000
105306  -30.749  -72.004  1.594 1.0000000000
105376  -26.220  -41.077  8.155 1.0000000000
105384  -39.837  -59.007  2.246 1.0000000000
105458  -29.121  -51.855  5.453 1.0000000000
105475  -34.113  -60.319  0.626 1.0000000000
105533  -32.649  -51.337  4.823 1.0000000000
105632  -39.310  -54.887  0.604 1.0000000000
105641  -30.426  -70.359  -1.693 1.0000000000
105656  -47.058  -62.441  2.744 1.0000000000
105682  -36.193  -52.878  4.836 1.0000000000
105695  -30.244  -68.350  -3.616 1.0000000000
105741  -39.520  -62.408  2.538 1.0000000000
105759  -46.212  -59.143  3.542 1.0000000000
105802  -38.469  -42.471  -1.296 1.0000000000
105839  -47.494  -55.189  4.093 1.0000000000
105943  -33.392  -26.623  4.125 1.0000000000
106038  -30.874  -40.741  6.082 1.0000000000
106076  -41.551  -59.593  5.613 1.0000000000
106078  -32.648  -48.879  4.661 1.0000000000
106127  -27.867  -41.826  5.173 1.0000000000
106131  -34.646  -56.368  1.464 1.0000000000
106145  -35.829  -27.967  8.731 1.0000000000
106160  -30.278  -70.365  -2.459 1.0000000000
106213  -36.789  -48.127  -0.847 1.0000000000
106234  -41.886  -58.234  0.951 1.0000000000
106267  -43.809  -56.647  4.336 1.0000000000
106273  -39.416  -46.588  -1.999 1.0000000000
106279  -48.029  -54.980  3.117 1.0000000000
106305  -33.611  -27.911  7.011 1.0000000000
106323  -38.934  -28.155  2.003 1.0000000000
106406  -31.578  -39.501  1.316 1.0000000000
106477  -37.521  -30.837  7.972 1.0000000000
106482  -38.443  -46.600  3.061 1.0000000000
106561  -28.007  -43.035  8.499 1.0000000000
106570  -35.127  -71.011  0.791 1.0000000000
106656  -28.627  -52.501  2.096 1.0000000000
106682  -23.666  -45.783  6.408 1.0000000000
106751  -33.511  -48.823  4.590 1.0000000000
106780  -30.771  -71.466  0.436 1.0000000000
106804  -39.723  -57.570  -0.797 1.0000000000
106900  -48.595  -62.945  0.404 1.0000000000
106920  -31.406  -49.807  4.228 1.0000000000
106942  -33.135  -60.960  -2.327 1.0000000000
106976  -37.231  -25.345  8.323 1.0000000000
107048  -35.916  -65.936  -2.427 1.0000000000
107095  -35.816  -58.164  1.412 1.0000000000
107112  -36.619  -23.906  8.501 1.0000000000
107191  -39.304  -66.027  -1.126 1.0000000000
107360  -38.425  -25.871  6.951 1.0000000000
107408  -37.238  -33.139  7.613 1.0000000000
107409  -36.569  -31.718  8.466 1.0000000000
107518  -28.065  -59.856  2.140 1.0000000000
107524  -48.375  -61.787  -0.578 1.0000000000
107545  -27.058  -64.035  2.295 1.0000000000
107682  -35.432  -44.766  0.005 1.0000000000
107716  -38.624  -43.620  -2.380 1.0000000000
107734  -27.921  -43.993  5.946 1.0000000000
107738  -48.695  -57.892  0.541 1.0000000000
107747  -40.644  -49.154  -1.422 1.0000000000
107856  -46.088  -57.892  3.471 1.0000000000
107879  -25.325  -41.631  5.840 1.0000000000
107993  -37.290  -23.948  8.260 1.0000000000
108000  -39.203  -49.909  -1.528 1.0000000000
108004  -27.540  -42.190  5.342 1.0000000000
108025  -36.563  -36.656  -1.260 1.0000000000
108267  -40.970  -32.719  -0.974 1.0000000000
108317  -37.150  -54.939  3.725 1.0000000000
108320  -32.640  -35.126  7.664 1.0000000000
108330  -37.040  -44.446  2.819 1.0000000000
108380  -26.317  -53.129  3.113 1.0000000000
108449  -38.613  -46.787  -1.881 1.0000000000
108472  -30.062  -40.494  6.278 1.0000000000
108528  -35.135  -31.991  8.730 1.0000000000
108541  -40.623  -58.762  6.655 1.0000000000
108668  -31.618  -61.595  -1.969 1.0000000000
108678  -26.401  -47.312  4.207 1.0000000000
108688  -29.423  -55.812  4.553 1.0000000000
108765  -48.580  -61.619  -0.011 1.0000000000
108786  -38.792  -43.828  -0.925 1.0000000000
108800  -27.731  -61.476  -0.072 1.0000000000
108812  -41.724  -57.017  -2.265 1.0000000000
108847  -44.466  -58.080  4.341 1.0000000000
108907  -46.886  -61.164  -1.549 1.0000000000
108952  -38.165  -64.204  1.201 1.0000000000
109054  -37.646  -43.746  -2.184 1.0000000000
109085  -36.795  -34.605  3.950 1.0000000000
109115  -39.913  -25.620  5.808 1.0000000000
109120  -38.890  -65.910  -5.082 1.0000000000
109220  -24.920  -44.038  5.833 1.0000000000
109371  -43.442  -63.192  -0.877 1.0000000000
109401  -37.670  -65.400  -3.707 1.0000000000
109419  -38.543  -29.859  3.150 1.0000000000
109428  -31.043  -43.576  5.384 1.0000000000
109517  -35.306  -48.771  1.670 1.0000000000
109528  -33.412  -28.091  5.954 1.0000000000
109609  -47.710  -56.603  2.984 1.0000000000
109682  -43.940  -59.933  4.687 1.0000000000
109714  -26.580  -38.333  5.395 1.0000000000
109858  -36.480  -45.798  -1.003 1.0000000000
109919  -35.110  -36.477  -1.493 1.0000000000
109932  -48.626  -59.797  1.057 1.0000000000
109951  -35.989  -46.068  -0.435 1.0000000000
110050  -46.110  -61.002  3.617 1.0000000000
110146  -35.808  -25.754  8.754 1.0000000000
110162  -33.452  -26.354  5.899 1.0000000000
110170  -25.267  -41.132  7.799 1.0000000000
110252  -27.307  -64.204  3.722 1.0000000000
110278  -40.345  -50.838  -2.008 1.0000000000
110361  -26.452  -40.094  6.014 1.0000000000
110363  -28.307  -65.176  3.410 1.0000000000
110397  -45.449  -55.810  3.818 1.0000000000
110414  -41.671  -53.898  0.167 1.0000000000
110591  -30.319  -69.530  -1.561 1.0000000000
110652  -47.423  -62.352  -1.461 1.0000000000
110702  -37.920  -26.252  7.698 1.0000000000
110755  -30.468  -30.703  4.995 1.0000000000
110762  -39.061  -45.821  -0.327 1.0000000000
110797  -23.497  -38.771  6.340 1.0000000000
110872  -36.226  -50.203  0.452 1.0000000000
110877  -48.309  -62.372  1.794 1.0000000000
110982  -35.115  -45.300  2.573 1.0000000000
111004  -42.068  -58.914  5.729 1.0000000000
111040  -48.216  -59.802  1.961 1.0000000000
111090  -24.154  -41.116  7.467 1.0000000000
111132  -36.277  -58.988  1.887 1.0000000000
111164  -27.577  -50.960  5.009 1.0000000000
111200  -34.569  -37.432  3.145 1.0000000000
111222  -30.699  -70.705  -2.474 1.0000000000
111268  -30.907  -46.470  4.496 1.0000000000
111324  -27.038  -57.443  1.912 1.0000000000
111335  -37.909  -43.888  0.466 1.0000000000
111356  -28.897  -45.951  4.769 1.0000000000
111398  -39.145  -57.208  1.113 1.0000000000
111402  -41.496  -54.653  -2.152 1.0000000000
111437  -46.681  -60.095  3.369 1.0000000000
111511  -35.602  -35.201  -1.761 1.0000000000
111521  -38.349  -66.903  -5.266 1.0000000000
111607  -23.554  -39.013  6.608 1.0000000000
111619  -48.661  -56.952  2.027 1.0000000000
111748  -47.503  -53.807  3.605 1.0000000000
111756  -29.850  -41.154  5.881 1.0000000000
111770  -34.637  -58.783  0.188 1.0000000000
111824  -38.435  -48.681  -1.472 1.0000000000
112125  -37.691  -61.579  3.614 1.0000000000
112139  -44.792  -60.749  0.573 1.0000000000
112142  -29.644  -49.822  5.841 1.0000000000
112158  -36.964  -62.776  3.405 1.0000000000
112194  -37.311  -62.170  3.572 1.0000000000
112271  -40.106  -48.016  2.322 1.0000000000
112358  -33.389  -26.296  5.169 1.0000000000
112399  -30.054  -49.562  2.849 1.0000000000
112413  -32.709  -66.727  -2.005 1.0000000000
112477  -38.571  -29.606  1.229 1.0000000000
112544  -35.279  -35.312  2.221 1.0000000000
112585  -27.499  -39.638  8.066 1.0000000000
112597  -43.163  -55.121  0.460 1.0000000000
112598  -37.645  -33.336  6.788 1.0000000000
112636  -25.583  -49.573  4.554 1.0000000000
112710  -33.006  -28.413  1.700 1.0000000000
112737  -39.265  -56.360  1.270 1.0000000000
112749  -27.159  -50.513  3.103 1.0000000000
112755  -25.618  -43.124  7.822 1.0000000000
112771  -37.059  -64.706  0.695 1.0000000000
112778  -37.648  -44.546  1.178 1.0000000000
112783  -35.164  -27.984  8.629 1.0000000000
112789  -41.542  -52.129  0.257 1.0000000000
112859  -41.963  -54.521  -0.324 1.0000000000
112997  -33.078  -61.558  -1.951 1.0000000000
113016  -26.906  -41.921  5.455 1.0000000000
113044  -42.650  -59.356  5.306 1.0000000000
113159  -32.591  -39.690  0.439 1.0000000000
113201  -30.558  -52.820  2.258 1.0000000000
113225  -38.308  -30.032  -2.273 1.0000000000
113272  -38.489  -30.359  2.474 1.0000000000
113385  -38.802  -65.680  -4.746 1.0000000000
113393  -40.002  -58.431  0.170 1.0000000000
113504  -31.295  -71.642  3.612 1.0000000000
113508  -38.013  -40.129  -2.228 1.0000000000
113543  -23.854  -42.559  6.524 1.0000000000
113547  -29.209  -55.122  1.564 1.0000000000
113568  -45.042  -57.228  -0.521 1.0000000000
113633  -30.764  -71.589  1.082 1.0000000000
113680  -40.857  -63.267  0.592 1.0000000000
113754  -36.102  -25.088  8.727 1.0000000000
113862  -34.972  -29.109  8.571 1.0000000000
113898  -36.009  -47.273  -0.348 1.0000000000
113946  -40.915  -64.409  -0.327 1.0000000000
113947  -27.905  -64.022  -1.563 1.0000000000
114009  -39.878  -31.376  -1.549 1.0000000000
114041  -33.373  -51.814  5.153 1.0000000000
114079  -24.743  -48.310  5.024 1.0000000000
114136  -36.904  -66.776  -5.021 1.0000000000
114137  -38.075  -32.790  6.277 1.0000000000
114187  -46.758  -52.509  5.570 1.0000000000
114264  -32.479  -32.327  6.386 1.0000000000
114265  -34.327  -43.753  2.836 1.0000000000
114277  -28.578  -55.861  4.293 1.0000000000
114300  -30.029  -51.304  5.812 1.0000000000
114341  -44.136  -61.339  0.529 1.0000000000
114348  -31.552  -62.280  -2.314 1.0000000000
114420  -33.516  -27.304  6.554 1.0000000000
114482  -47.636  -54.444  3.706 1.0000000000
114577  -23.432  -45.582  6.172 1.0000000000
114590  -30.914  -38.122  6.246 1.0000000000
114678  -32.796  -69.138  -3.774 1.0000000000
114777  -30.372  -35.054  5.256 1.0000000000
114829  -47.058  -61.860  -1.686 1.0000000000
114834  -34.136  -33.271  8.476 1.0000000000
114899  -30.855  -34.098  5.509 1.0000000000
114924  -47.364  -57.009  -0.540 1.0000000000
114928  -23.666  -38.004  5.697 1.0000000000
115053  -31.937  -39.862  2.601 1.0000000000
115183  -33.093  -28.958  2.795 1.0000000000
115221  -37.521  -34.016  5.536 1.0000000000
115275  -35.598  -43.640  -0.650 1.0000000000
115280  -43.624  -54.771  4.895 1.0000000000
115282  -44.040  -55.462  -0.012 1.0000000000
115284  -27.680  -38.159  5.484 1.0000000000
115303  -40.620  -57.748  -1.550 1.0000000000
115324  -36.896  -67.462  -4.821 1.0000000000
115327  -33.138  -31.491  6.686 1.0000000000
115336  -45.956  -53.910  3.132 1.0000000000
115357  -42.711  -63.377  -0.598 1.0000000000
115390  -31.030  -39.000  6.371 1.0000000000
115464  -38.029  -32.978  3.887 1.0000000000
115472  -29.315  -60.534  0.178 1.0000000000
115488  -34.288  -70.630  -0.149 1.0000000000
115524  -36.632  -42.974  2.783 1.0000000000
115550  -45.726  -62.040  -1.472 1.0000000000
115569  -28.191  -47.521  3.652 1.0000000000
115575  -43.880  -56.273  -1.072 1.0000000000
115589  -42.277  -57.565  -1.080 1.0000000000
115700  -31.386  -67.575  -3.489 1.0000000000
115721  -48.411  -62.634  -0.374 1.0000000000
115805  -31.631  -34.893  6.532 1.0000000000
115833  -31.086  -61.181  -1.201 1.0000000000
115843  -27.671  -42.456  8.480 1.0000000000
115869  -45.432  -63.124  -1.591 1.0000000000
115928  -43.577  -63.685  -1.041 1.0000000000
116125  -40.432  -53.987  -2.634 1.0000000000
116285  -32.208  -52.747  4.021 1.0000000000
116363  -48.717  -59.730  0.292 1.0000000000
116442  -33.869  -68.557  -4.047 1.0000000000
116459  -27.126  -46.388  6.915 1.0000000000
116550  -31.223  -71.494  -0.655 1.0000000000
116566  -34.424  -31.631  8.396 1.0000000000
116742  -31.550  -55.646  1.838 1.0000000000
116788  -34.477  -63.440  2.397 1.0000000000
116801  -33.422  -29.246  4.476 1.0000000000
116880  -42.495  -54.760  0.654 1.0000000000
116885  -35.257  -57.738  1.027 1.0000000000
116897  -39.118  -54.217  0.591 1.0000000000
116928  -34.218  -27.260  8.048 1.0000000000
116932  -34.902  -58.873  0.945 1.0000000000
117018  -32.789  -60.858  -2.347 1.0000000000
117057  -33.137  -61.205  -2.237 1.0000000000
117119  -37.510  -33.779  6.559 1.0000000000
117143  -25.513  -38.747  5.503 1.0000000000
117203  -37.703  -31.271  7.653 1.0000000000
117367  -24.162  -44.027  7.267 1.0000000000
117374  -34.221  -33.839  -1.242 1.0000000000
117395  -33.452  -32.288  7.602 1.0000000000
117425  -33.301  -28.585  2.457 1.0000000000
117477  -35.316  -36.138  7.726 1.0000000000
117524  -38.401  -54.695  2.897 1.0000000000
117560  -33.567  -34.664  -0.671 1.0000000000
117681  -31.515  -54.228  2.514 1.0000000000
117737  -40.399  -58.465  0.790 1.0000000000
117745  -35.919  -48.860  -0.183 1.0000000000
117751  -26.210  -42.730  8.066 1.0000000000
117768  -32.181  -43.845  5.198 1.0000000000
118028  -36.614  -36.493  -0.420 1.0000000000
118054  -31.053  -68.266  -0.473 1.0000000000
118092  -32.872  -35.382  0.009 1.0000000000
118095  -27.619  -62.256  1.927 1.0000000000
118096  -34.005  -60.137  -0.482 1.0000000000
118359  -28.894  -37.595  5.409 1.0000000000
118371  -26.520  -36.135  4.025 1.0000000000
118445  -25.985  -54.009  4.119 1.0000000000
118472  -46.335  -55.330  0.442 1.0000000000
118530  -38.592  -55.938  2.370 1.0000000000
118574  -36.491  -33.860  2.093 1.0000000000
118598  -35.646  -32.846  -0.458 1.0000000000
118603  -31.941  -70.335  -3.042 1.0000000000
118607  -32.133  -43.151  4.626 1.0000000000
118653  -32.145  -52.038  4.272 1.0000000000
118688  -32.142  -64.326  -1.452 1.0000000000
118727  -26.329  -63.186  -0.215 1.0000000000
118763  -27.495  -45.288  5.299 1.0000000000
118765  -41.377  -49.481  0.749 1.0000000000
118775  -26.228  -62.577  0.201 1.0000000000
118810  -27.420  -64.483  3.492 1.0000000000
118884  -37.231  -56.636  2.598 1.0000000000
118885  -33.183  -37.017  1.252 1.0000000000
118929  -37.724  -51.709  -0.503 1.0000000000
119073  -37.104  -42.647  1.272 1.0000000000
119106  -38.574  -25.237  6.890 1.0000000000
119199  -38.285  -31.345  6.666 1.0000000000
119203  -31.526  -70.748  -2.539 1.0000000000
119233  -41.195  -54.357  -2.477 1.0000000000
119259  -37.980  -52.965  2.936 1.0000000000
119390  -27.534  -41.730  5.331 1.0000000000
119464  -48.544  -57.672  2.029 1.0000000000
119506  -24.513  -43.555  6.021 1.0000000000
119553  -23.450  -41.214  7.049 1.0000000000
119609  -40.302  -30.413  0.983 1.0000000000
119631  -25.382  -49.216  4.680 1.0000000000
119688  -28.770  -47.503  6.656 1.0000000000
119737  -35.487  -63.895  2.499 1.0000000000
119752  -36.499  -40.769  -1.941 1.0000000000
119755  -30.697  -26.688  2.045 1.0000000000
119768  -31.883  -68.175  -3.585 1.0000000000
