#!ascii label  , from subject sub-11 vox2ras=TkReg aparc.a2009s=G_temporal_inf
2434
29111  -49.211  -49.671  16.319 0.0000000000
30004  -47.631  -49.344  16.681 0.0000000000
30005  -48.384  -49.502  16.457 0.0000000000
30006  -50.118  -49.823  16.146 0.0000000000
30020  -48.727  -49.098  15.798 0.0000000000
30021  -49.595  -49.321  15.565 0.0000000000
30022  -50.528  -49.572  15.356 0.0000000000
30023  -51.477  -49.867  15.153 0.0000000000
30024  -52.477  -50.202  14.892 0.0000000000
30035  -49.949  -49.125  14.605 0.0000000000
30036  -51.015  -49.533  14.567 0.0000000000
30037  -52.021  -49.873  14.343 0.0000000000
30038  -53.103  -50.049  14.048 0.0000000000
30039  -53.809  -49.908  13.958 0.0000000000
30050  -50.302  -49.167  12.921 0.0000000000
30051  -51.423  -49.594  13.151 0.0000000000
30052  -52.521  -49.886  13.371 0.0000000000
30053  -53.589  -49.652  13.149 0.0000000000
30064  -50.487  -49.401  11.734 0.0000000000
30065  -51.203  -49.599  12.362 0.0000000000
30066  -52.341  -49.955  12.233 0.0000000000
30067  -53.125  -50.043  11.662 0.0000000000
30068  -53.441  -49.627  12.301 0.0000000000
30081  -50.239  -49.452  10.694 0.0000000000
30082  -51.289  -49.961  10.751 0.0000000000
30083  -53.137  -50.144  10.701 0.0000000000
30084  -53.399  -49.711  11.411 0.0000000000
30091  -51.085  -50.024  9.664 0.0000000000
30092  -52.092  -50.348  9.255 0.0000000000
30093  -53.093  -50.108  10.005 0.0000000000
30094  -53.348  -49.804  10.708 0.0000000000
30103  -51.973  -49.444  7.984 0.0000000000
30104  -52.192  -50.032  8.707 0.0000000000
30105  -52.541  -50.169  9.417 0.0000000000
30998  -46.478  -48.515  16.534 0.0000000000
30999  -47.197  -48.699  16.325 0.0000000000
31000  -47.938  -48.856  16.062 0.0000000000
31012  -46.774  -48.214  15.929 0.0000000000
31013  -47.374  -48.323  15.595 0.0000000000
31014  -48.151  -48.535  15.296 0.0000000000
31015  -48.987  -48.786  14.982 0.0000000000
31024  -47.480  -48.041  14.735 0.0000000000
31025  -48.273  -48.344  14.414 0.0000000000
31026  -49.107  -48.608  14.070 0.0000000000
31035  -47.546  -47.937  13.765 0.0000000000
31036  -48.291  -48.302  13.431 0.0000000000
31037  -49.169  -48.623  13.035 0.0000000000
31038  -53.745  -49.085  12.899 0.0000000000
31045  -47.586  -47.944  12.764 0.0000000000
31046  -48.081  -48.144  11.978 0.0000000000
31047  -48.815  -48.554  12.070 0.0000000000
31048  -53.662  -49.049  12.042 0.0000000000
31060  -48.830  -48.399  11.408 0.0000000000
31061  -49.469  -48.824  10.737 0.0000000000
31062  -53.564  -49.091  11.213 0.0000000000
31072  -50.057  -49.345  10.004 0.0000000000
31073  -53.259  -49.342  10.314 0.0000000000
31081  -50.480  -49.203  9.122 0.0000000000
31082  -52.148  -49.487  8.225 0.0000000000
31083  -52.657  -49.782  9.294 0.0000000000
31095  -51.898  -48.873  7.279 0.0000000000
31096  -52.039  -48.832  7.226 0.0000000000
31097  -52.124  -48.457  6.818 0.0000000000
31105  -52.035  -48.475  6.786 0.0000000000
31954  -46.106  -47.885  15.969 0.0000000000
31965  -45.528  -47.368  15.114 0.0000000000
31976  -45.263  -47.126  14.138 0.0000000000
31977  -45.913  -47.362  14.145 0.0000000000
31978  -46.758  -47.628  14.034 0.0000000000
31986  -45.515  -47.035  13.556 0.0000000000
31987  -46.144  -47.256  13.342 0.0000000000
31988  -46.885  -47.553  13.169 0.0000000000
31989  -53.582  -47.976  12.743 0.0000000000
31996  -46.475  -47.175  12.860 0.0000000000
31997  -47.078  -47.429  12.711 0.0000000000
31998  -47.527  -47.544  12.298 0.0000000000
31999  -53.142  -47.897  11.059 0.0000000000
32000  -53.560  -48.254  11.821 0.0000000000
32010  -48.099  -47.501  11.809 0.0000000000
32011  -48.745  -47.401  11.239 0.0000000000
32020  -49.357  -47.565  10.494 0.0000000000
32021  -52.282  -47.842  9.371 0.0000000000
32022  -52.714  -48.511  9.834 0.0000000000
32033  -49.933  -47.981  9.576 0.0000000000
32034  -50.500  -48.270  8.562 0.0000000000
32035  -52.281  -48.455  8.092 0.0000000000
32036  -52.477  -48.978  8.865 0.0000000000
32048  -51.168  -48.394  7.566 0.0000000000
32049  -52.288  -48.147  6.950 0.0000000000
32058  -51.747  -48.270  6.845 0.0000000000
32059  -52.002  -47.923  6.471 0.0000000000
32060  -52.103  -48.121  6.628 0.0000000000
32071  -52.114  -47.493  6.369 0.0000000000
32800  -44.788  -46.912  14.575 0.0000000000
32813  -44.380  -46.355  14.352 0.0000000000
32814  -44.977  -46.727  13.925 0.0000000000
32824  -45.876  -46.963  13.120 0.0000000000
32825  -46.469  -46.484  12.964 0.0000000000
32834  -47.007  -46.967  12.509 0.0000000000
32835  -47.739  -46.787  12.192 0.0000000000
32837  -53.358  -47.293  12.125 0.0000000000
32850  -48.478  -46.586  11.732 0.0000000000
32860  -49.785  -46.875  10.008 0.0000000000
32861  -51.854  -46.755  9.951 0.0000000000
32862  -52.266  -47.265  10.372 0.0000000000
32873  -50.211  -47.308  9.196 0.0000000000
32874  -50.553  -47.199  8.241 0.0000000000
32875  -52.110  -47.323  9.058 0.0000000000
32884  -50.927  -46.520  7.337 0.0000000000
32885  -52.320  -47.279  8.164 0.0000000000
32886  -52.595  -47.016  7.141 0.0000000000
32897  -51.612  -47.419  6.620 0.0000000000
32898  -52.070  -47.025  6.154 0.0000000000
32899  -52.326  -47.385  6.499 0.0000000000
33670  -44.699  -46.062  13.970 0.0000000000
33679  -45.439  -46.502  13.536 0.0000000000
33688  -47.391  -46.050  12.696 0.0000000000
33689  -48.178  -45.805  12.307 0.0000000000
33703  -48.823  -45.570  11.707 0.0000000000
33704  -49.387  -45.283  11.050 0.0000000000
33715  -49.783  -45.811  10.273 0.0000000000
33724  -50.186  -45.159  9.581 0.0000000000
33725  -50.428  -44.898  8.743 0.0000000000
33726  -51.915  -46.416  9.302 0.0000000000
33727  -51.839  -45.531  9.417 0.0000000000
33740  -50.655  -45.260  7.840 0.0000000000
33751  -51.203  -45.680  6.836 0.0000000000
33752  -51.800  -46.132  6.014 0.0000000000
33753  -52.813  -46.425  6.409 0.0000000000
33761  -52.238  -46.312  5.894 0.0000000000
33762  -53.287  -45.801  6.094 0.0000000000
33768  -52.569  -45.837  5.776 0.0000000000
33769  -53.143  -45.825  5.906 0.0000000000
34612  -46.125  -44.736  13.922 0.0000000000
34613  -46.938  -45.176  13.315 0.0000000000
34623  -47.798  -44.997  12.773 0.0000000000
34624  -48.470  -44.825  12.256 0.0000000000
34636  -49.034  -44.613  11.640 0.0000000000
34637  -49.496  -44.391  10.908 0.0000000000
34647  -49.898  -44.272  10.103 0.0000000000
34661  -50.261  -44.207  9.266 0.0000000000
34662  -50.524  -44.197  8.283 0.0000000000
34664  -52.185  -44.943  8.889 0.0000000000
34679  -52.872  -45.266  7.740 0.0000000000
34680  -53.694  -44.803  7.314 0.0000000000
34694  -50.928  -44.635  7.268 0.0000000000
34695  -51.535  -45.070  6.269 0.0000000000
34696  -53.367  -45.638  6.709 0.0000000000
34697  -53.849  -45.077  6.480 0.0000000000
34698  -54.421  -44.383  6.999 0.0000000000
34702  -52.173  -44.916  5.726 0.0000000000
34703  -53.627  -45.255  6.033 0.0000000000
34704  -54.191  -44.425  6.397 0.0000000000
34708  -53.079  -45.168  5.700 0.0000000000
35530  -48.331  -43.397  12.504 0.0000000000
35544  -48.746  -43.106  11.968 0.0000000000
35545  -49.266  -42.842  11.201 0.0000000000
35560  -49.698  -42.615  10.191 0.0000000000
35562  -51.996  -42.910  9.967 0.0000000000
35574  -49.994  -43.472  9.766 0.0000000000
35575  -50.299  -43.438  8.974 0.0000000000
35576  -52.069  -44.168  9.332 0.0000000000
35577  -52.396  -43.461  9.267 0.0000000000
35588  -50.544  -43.318  8.227 0.0000000000
35589  -52.815  -44.209  8.398 0.0000000000
35590  -53.900  -43.893  7.824 0.0000000000
35591  -54.662  -43.549  7.474 0.0000000000
35600  -50.874  -43.249  7.527 0.0000000000
35601  -51.228  -44.009  6.844 0.0000000000
35602  -54.755  -43.906  6.856 0.0000000000
35606  -51.849  -43.793  6.259 0.0000000000
35607  -52.879  -44.124  5.739 0.0000000000
35608  -53.718  -44.580  5.871 0.0000000000
35609  -54.643  -43.650  6.513 0.0000000000
36355  -48.810  -42.190  11.794 0.0000000000
36369  -52.320  -42.254  9.978 0.0000000000
36380  -50.043  -42.233  9.439 0.0000000000
36381  -50.320  -42.735  8.841 0.0000000000
36382  -52.863  -42.631  9.239 0.0000000000
36383  -53.592  -42.071  9.025 0.0000000000
36393  -50.613  -42.601  8.159 0.0000000000
36394  -53.160  -43.365  8.605 0.0000000000
36395  -53.981  -42.879  8.385 0.0000000000
36396  -54.950  -42.736  7.907 0.0000000000
36397  -55.212  -42.076  8.162 0.0000000000
36403  -51.072  -42.572  7.474 0.0000000000
36404  -51.678  -42.763  6.791 0.0000000000
36405  -55.153  -43.214  7.063 0.0000000000
36406  -55.408  -42.371  7.563 0.0000000000
36410  -52.479  -43.085  6.259 0.0000000000
36411  -53.498  -43.324  5.960 0.0000000000
36412  -54.358  -43.174  6.153 0.0000000000
36413  -55.331  -42.431  6.737 0.0000000000
37251  -48.851  -41.267  11.592 0.0000000000
37263  -49.684  -41.541  10.042 0.0000000000
37264  -52.249  -41.680  10.433 0.0000000000
37265  -52.861  -41.015  10.089 0.0000000000
37272  -50.087  -41.636  9.357 0.0000000000
37273  -50.340  -41.319  8.928 0.0000000000
37274  -52.899  -41.777  9.637 0.0000000000
37275  -53.781  -41.254  9.335 0.0000000000
37276  -54.648  -41.207  8.909 0.0000000000
37284  -50.761  -41.739  8.147 0.0000000000
37285  -51.262  -40.942  7.909 0.0000000000
37286  -54.504  -41.962  8.598 0.0000000000
37287  -55.114  -41.534  8.514 0.0000000000
37288  -55.667  -41.572  8.079 0.0000000000
37296  -51.491  -41.822  7.377 0.0000000000
37297  -52.121  -40.915  7.241 0.0000000000
37298  -55.734  -41.901  7.255 0.0000000000
37303  -52.294  -42.057  6.724 0.0000000000
37304  -54.222  -41.888  6.147 0.0000000000
37305  -55.034  -41.889  6.140 0.0000000000
37306  -55.615  -41.628  6.581 0.0000000000
38104  -48.865  -40.394  11.458 0.0000000000
38105  -49.251  -40.036  10.856 0.0000000000
38115  -49.616  -40.547  10.205 0.0000000000
38116  -52.793  -40.251  10.600 0.0000000000
38117  -53.587  -40.369  9.869 0.0000000000
38127  -49.973  -40.984  9.553 0.0000000000
38128  -50.330  -40.539  9.170 0.0000000000
38129  -54.455  -40.544  9.329 0.0000000000
38130  -55.302  -40.792  8.787 0.0000000000
38131  -55.786  -39.967  8.891 0.0000000000
38141  -50.742  -39.992  8.829 0.0000000000
38142  -51.129  -40.257  8.347 0.0000000000
38143  -56.022  -40.658  8.317 0.0000000000
38144  -56.218  -39.898  8.446 0.0000000000
38148  -51.640  -40.104  7.869 0.0000000000
38149  -52.234  -39.939  7.436 0.0000000000
38150  -56.086  -41.125  7.324 0.0000000000
38151  -56.356  -40.236  7.731 0.0000000000
38156  -52.870  -40.209  6.880 0.0000000000
38157  -55.230  -41.197  5.935 0.0000000000
38158  -55.911  -40.904  6.336 0.0000000000
38159  -56.279  -40.457  6.891 0.0000000000
38167  -55.531  -40.490  5.662 0.0000000000
38985  -49.223  -39.224  10.946 0.0000000000
38987  -53.291  -38.838  10.770 0.0000000000
38997  -49.637  -39.583  10.340 0.0000000000
38999  -53.482  -39.578  10.350 0.0000000000
39007  -50.373  -39.697  9.394 0.0000000000
39008  -55.075  -39.933  9.287 0.0000000000
39009  -55.527  -39.259  9.287 0.0000000000
39017  -50.764  -39.192  9.063 0.0000000000
39018  -51.303  -39.324  8.473 0.0000000000
39019  -56.156  -39.145  8.829 0.0000000000
39020  -56.482  -39.395  8.049 0.0000000000
39025  -51.969  -39.205  7.808 0.0000000000
39026  -52.624  -39.267  7.246 0.0000000000
39027  -56.452  -39.705  7.097 0.0000000000
39031  -53.396  -39.396  6.541 0.0000000000
39032  -54.191  -39.896  5.925 0.0000000000
39033  -54.774  -40.528  5.649 0.0000000000
39034  -56.151  -40.099  6.079 0.0000000000
39043  -44.295  -39.440  4.405 0.0000000000
39044  -54.790  -39.794  5.158 0.0000000000
39045  -55.800  -39.954  5.319 0.0000000000
39051  -44.699  -39.496  3.929 0.0000000000
39052  -44.902  -39.616  4.076 0.0000000000
39053  -45.396  -39.481  3.423 0.0000000000
39057  -46.180  -39.674  2.939 0.0000000000
39058  -47.127  -39.649  2.430 0.0000000000
39059  -47.862  -39.321  2.943 0.0000000000
39065  -45.820  -39.556  2.853 0.0000000000
39066  -46.490  -39.571  2.425 0.0000000000
39067  -47.166  -39.661  2.018 0.0000000000
39068  -48.206  -39.616  2.145 0.0000000000
39069  -49.740  -39.656  1.208 0.0000000000
39073  -47.853  -39.494  1.556 0.0000000000
39074  -48.753  -39.424  0.913 0.0000000000
39075  -49.392  -39.661  0.998 0.0000000000
39076  -50.628  -39.643  1.035 0.0000000000
39077  -49.701  -39.464  0.784 0.0000000000
39078  -50.518  -39.466  0.824 0.0000000000
39874  -49.598  -37.971  10.537 0.0000000000
39875  -53.737  -38.165  10.526 0.0000000000
39876  -54.425  -38.147  10.070 0.0000000000
39883  -50.066  -38.063  10.020 0.0000000000
39884  -50.389  -38.711  9.606 0.0000000000
39885  -55.054  -38.543  9.606 0.0000000000
39886  -55.607  -37.982  9.320 0.0000000000
39894  -51.019  -38.177  8.931 0.0000000000
39895  -51.715  -38.287  8.178 0.0000000000
39896  -56.139  -38.236  8.901 0.0000000000
39897  -56.469  -38.516  8.276 0.0000000000
39902  -42.148  -39.192  6.207 0.0000000000
39903  -43.043  -39.170  6.353 0.0000000000
39904  -52.338  -38.385  7.528 0.0000000000
39905  -52.885  -38.582  6.975 0.0000000000
39906  -56.543  -38.813  7.392 0.0000000000
39911  -42.787  -39.367  5.661 0.0000000000
39912  -43.601  -39.332  5.833 0.0000000000
39913  -44.225  -39.329  5.478 0.0000000000
39914  -53.366  -38.358  6.302 0.0000000000
39915  -54.112  -39.190  5.710 0.0000000000
39916  -56.406  -39.186  6.405 0.0000000000
39925  -42.277  -39.184  5.734 0.0000000000
39926  -42.834  -39.295  5.293 0.0000000000
39927  -43.564  -39.469  4.988 0.0000000000
39928  -44.493  -39.474  4.788 0.0000000000
39929  -45.485  -39.252  4.726 0.0000000000
39930  -46.551  -38.731  4.727 0.0000000000
39931  -54.673  -39.286  4.559 0.0000000000
39932  -55.198  -39.558  4.257 0.0000000000
39933  -55.708  -39.502  4.779 0.0000000000
39934  -56.132  -39.469  5.471 0.0000000000
39939  -43.270  -39.301  4.849 0.0000000000
39940  -44.025  -39.355  4.447 0.0000000000
39941  -45.920  -39.528  3.791 0.0000000000
39942  -46.929  -39.014  4.089 0.0000000000
39943  -47.818  -38.635  3.858 0.0000000000
39944  -54.844  -39.255  3.046 0.0000000000
39945  -55.107  -39.346  3.413 0.0000000000
39946  -55.664  -39.089  4.083 0.0000000000
39947  -56.136  -38.884  5.019 0.0000000000
39952  -44.517  -39.242  3.802 0.0000000000
39953  -45.249  -39.383  3.162 0.0000000000
39954  -46.910  -39.481  3.300 0.0000000000
39955  -48.832  -39.118  2.688 0.0000000000
39956  -49.925  -38.933  2.462 0.0000000000
39957  -53.406  -39.243  1.927 0.0000000000
39958  -54.326  -38.894  2.570 0.0000000000
39959  -54.998  -39.197  2.937 0.0000000000
39960  -55.376  -39.029  3.382 0.0000000000
39964  -45.948  -39.300  2.327 0.0000000000
39965  -49.292  -39.526  1.890 0.0000000000
39966  -50.421  -39.473  1.610 0.0000000000
39967  -52.490  -39.365  1.567 0.0000000000
39970  -46.917  -39.359  1.745 0.0000000000
39971  -47.851  -39.015  1.030 0.0000000000
39972  -51.389  -39.450  0.906 0.0000000000
39973  -52.365  -39.393  1.026 0.0000000000
39974  -53.051  -38.910  1.011 0.0000000000
39975  -53.611  -39.074  1.675 0.0000000000
39976  -49.331  -38.851  0.520 0.0000000000
39977  -50.216  -38.971  0.507 0.0000000000
39978  -51.076  -39.071  0.584 0.0000000000
39979  -51.814  -39.147  0.735 0.0000000000
39980  -52.314  -38.860  0.732 0.0000000000
40783  -54.090  -37.506  10.236 0.0000000000
40792  -39.728  -37.787  8.143 0.0000000000
40793  -40.026  -38.172  8.208 0.0000000000
40794  -40.805  -38.159  8.439 0.0000000000
40795  -49.880  -37.243  10.047 0.0000000000
40796  -50.416  -37.614  9.535 0.0000000000
40797  -54.863  -37.631  9.681 0.0000000000
40798  -55.404  -37.383  9.276 0.0000000000
40805  -40.038  -38.212  7.679 0.0000000000
40806  -40.572  -38.450  7.729 0.0000000000
40807  -41.450  -38.424  7.945 0.0000000000
40808  -43.458  -37.837  7.830 0.0000000000
40809  -44.429  -37.627  7.592 0.0000000000
40810  -50.760  -37.001  8.918 0.0000000000
40811  -51.378  -37.306  8.307 0.0000000000
40812  -55.935  -37.470  8.914 0.0000000000
40813  -56.377  -37.643  8.364 0.0000000000
40817  -40.619  -38.444  7.310 0.0000000000
40818  -41.373  -38.838  7.016 0.0000000000
40819  -42.572  -38.809  6.983 0.0000000000
40820  -43.742  -38.376  7.086 0.0000000000
40821  -44.762  -37.981  6.944 0.0000000000
40822  -45.726  -37.463  6.927 0.0000000000
40823  -51.972  -37.488  7.644 0.0000000000
40824  -52.630  -37.656  6.905 0.0000000000
40825  -56.599  -37.906  7.612 0.0000000000
40828  -41.010  -38.575  6.775 0.0000000000
40829  -41.670  -38.964  6.282 0.0000000000
40830  -42.016  -38.744  5.720 0.0000000000
40831  -43.973  -38.738  6.529 0.0000000000
40832  -44.546  -38.764  6.203 0.0000000000
40833  -46.002  -37.873  6.271 0.0000000000
40834  -46.845  -37.428  6.081 0.0000000000
40835  -53.072  -37.504  5.951 0.0000000000
40836  -56.524  -38.282  6.664 0.0000000000
40845  -42.589  -39.093  5.246 0.0000000000
40846  -43.245  -38.618  4.830 0.0000000000
40847  -45.207  -38.795  5.678 0.0000000000
40848  -46.243  -38.351  5.528 0.0000000000
40849  -47.186  -37.796  5.368 0.0000000000
40850  -48.194  -37.295  5.181 0.0000000000
40851  -53.291  -37.642  4.869 0.0000000000
40852  -53.870  -38.391  5.228 0.0000000000
40853  -56.397  -37.876  5.785 0.0000000000
40858  -43.830  -38.985  4.312 0.0000000000
40859  -44.553  -38.267  3.841 0.0000000000
40860  -47.492  -38.188  4.638 0.0000000000
40861  -48.243  -37.818  4.468 0.0000000000
40862  -49.588  -37.487  4.019 0.0000000000
40863  -50.350  -37.158  4.184 0.0000000000
40864  -52.194  -37.566  3.763 0.0000000000
40865  -53.272  -38.006  3.732 0.0000000000
40866  -54.339  -38.790  3.823 0.0000000000
40867  -55.735  -38.224  3.949 0.0000000000
40868  -56.133  -38.137  4.738 0.0000000000
40871  -45.059  -38.613  3.201 0.0000000000
40872  -49.334  -38.300  3.327 0.0000000000
40873  -51.770  -38.162  2.953 0.0000000000
40874  -52.965  -38.596  2.762 0.0000000000
40875  -54.115  -38.940  2.745 0.0000000000
40876  -54.753  -38.741  2.628 0.0000000000
40877  -55.258  -38.298  3.183 0.0000000000
40882  -45.490  -38.822  2.623 0.0000000000
40883  -51.354  -39.074  2.143 0.0000000000
40884  -52.506  -39.136  2.170 0.0000000000
40885  -54.246  -38.372  1.974 0.0000000000
40889  -46.648  -37.672  1.567 0.0000000000
40890  -47.191  -38.364  1.290 0.0000000000
40891  -52.333  -37.929  0.587 0.0000000000
40892  -53.591  -38.393  1.394 0.0000000000
40893  -48.041  -37.823  0.589 0.0000000000
40894  -49.030  -37.822  0.401 0.0000000000
40895  -49.936  -38.035  0.375 0.0000000000
40896  -51.534  -38.322  0.474 0.0000000000
41739  -41.843  -37.759  8.653 0.0000000000
41742  -49.570  -35.966  9.206 0.0000000000
41743  -50.110  -36.662  9.432 0.0000000000
41744  -54.387  -36.877  9.820 0.0000000000
41745  -54.988  -36.985  9.415 0.0000000000
41751  -39.902  -37.519  7.698 0.0000000000
41752  -42.622  -37.730  8.361 0.0000000000
41756  -49.590  -35.771  8.464 0.0000000000
41757  -50.235  -36.236  8.713 0.0000000000
41758  -50.889  -36.491  8.198 0.0000000000
41759  -55.500  -36.806  8.989 0.0000000000
41760  -56.207  -36.712  8.378 0.0000000000
41765  -40.359  -38.056  7.139 0.0000000000
41766  -41.065  -37.687  6.677 0.0000000000
41767  -42.932  -36.348  6.596 0.0000000000
41768  -45.373  -37.056  7.687 0.0000000000
41769  -46.299  -36.738  7.381 0.0000000000
41770  -47.709  -36.141  7.273 0.0000000000
41771  -50.873  -36.197  7.435 0.0000000000
41772  -51.477  -36.748  7.646 0.0000000000
41773  -56.584  -37.010  7.721 0.0000000000
41778  -42.262  -37.584  5.883 0.0000000000
41779  -43.373  -36.819  5.854 0.0000000000
41780  -46.532  -37.094  6.735 0.0000000000
41781  -47.347  -36.680  6.603 0.0000000000
41782  -48.377  -36.250  6.608 0.0000000000
41783  -49.429  -36.184  6.241 0.0000000000
41784  -50.328  -36.160  6.311 0.0000000000
41785  -51.732  -36.555  6.336 0.0000000000
41786  -52.032  -36.857  7.047 0.0000000000
41787  -56.637  -37.296  6.863 0.0000000000
41797  -42.733  -38.094  5.339 0.0000000000
41798  -43.774  -37.339  5.217 0.0000000000
41799  -44.694  -36.685  5.045 0.0000000000
41800  -47.731  -36.937  5.918 0.0000000000
41801  -49.169  -36.672  5.346 0.0000000000
41802  -50.090  -36.400  5.569 0.0000000000
41803  -50.953  -36.327  5.873 0.0000000000
41804  -51.676  -36.665  5.360 0.0000000000
41805  -52.448  -36.978  5.646 0.0000000000
41806  -55.871  -36.241  4.830 0.0000000000
41807  -56.584  -36.487  6.134 0.0000000000
41812  -44.125  -37.832  4.521 0.0000000000
41813  -44.992  -37.070  4.276 0.0000000000
41814  -48.957  -37.287  4.634 0.0000000000
41815  -49.816  -36.831  4.757 0.0000000000
41816  -50.814  -36.666  4.889 0.0000000000
41817  -51.632  -36.979  4.558 0.0000000000
41818  -52.408  -37.192  4.689 0.0000000000
41819  -54.966  -36.794  3.583 0.0000000000
41820  -55.552  -37.162  4.061 0.0000000000
41821  -56.021  -37.265  4.688 0.0000000000
41826  -45.313  -37.417  3.442 0.0000000000
41827  -46.047  -36.446  2.797 0.0000000000
41828  -54.020  -36.781  2.457 0.0000000000
41829  -54.671  -37.553  2.785 0.0000000000
41834  -45.625  -37.810  2.649 0.0000000000
41835  -52.676  -36.471  1.596 0.0000000000
41840  -46.227  -37.035  1.998 0.0000000000
41841  -47.041  -36.379  1.176 0.0000000000
41842  -50.835  -36.501  0.656 0.0000000000
41843  -51.981  -36.703  0.880 0.0000000000
41844  -52.987  -37.568  1.035 0.0000000000
41845  -48.765  -36.688  0.276 0.0000000000
41846  -49.671  -36.971  0.293 0.0000000000
41847  -51.505  -37.304  0.490 0.0000000000
42700  -49.055  -35.613  8.924 0.0000000000
42702  -54.196  -35.544  9.367 0.0000000000
42717  -54.848  -35.352  8.848 0.0000000000
42718  -55.578  -36.003  8.623 0.0000000000
42719  -56.366  -35.710  8.035 0.0000000000
42727  -40.788  -36.826  7.303 0.0000000000
42729  -47.013  -36.149  7.737 0.0000000000
42730  -47.899  -35.667  8.132 0.0000000000
42731  -48.609  -35.782  7.492 0.0000000000
42732  -49.458  -35.732  7.707 0.0000000000
42733  -50.235  -35.925  7.933 0.0000000000
42734  -56.810  -35.434  7.309 0.0000000000
42738  -44.076  -35.877  6.463 0.0000000000
42739  -49.231  -35.854  7.013 0.0000000000
42740  -50.113  -35.882  7.046 0.0000000000
42741  -57.017  -35.294  6.591 0.0000000000
42751  -44.397  -36.282  5.764 0.0000000000
42752  -45.203  -35.802  5.494 0.0000000000
42753  -45.762  -35.376  5.140 0.0000000000
42754  -55.273  -35.440  4.696 0.0000000000
42755  -56.437  -35.835  5.613 0.0000000000
42761  -45.431  -36.084  4.750 0.0000000000
42762  -45.987  -35.392  4.437 0.0000000000
42763  -51.384  -34.895  4.066 0.0000000000
42764  -52.111  -35.100  3.832 0.0000000000
42765  -53.300  -35.232  3.853 0.0000000000
42766  -54.556  -35.657  4.071 0.0000000000
42767  -55.235  -36.216  4.247 0.0000000000
42773  -45.679  -36.282  3.873 0.0000000000
42774  -46.218  -35.403  3.476 0.0000000000
42775  -50.649  -35.073  3.367 0.0000000000
42776  -51.647  -35.358  3.073 0.0000000000
42777  -52.690  -35.427  3.235 0.0000000000
42778  -53.571  -35.793  3.150 0.0000000000
42779  -54.279  -36.257  3.304 0.0000000000
42784  -46.458  -35.135  2.395 0.0000000000
42785  -49.895  -35.100  2.664 0.0000000000
42786  -50.826  -35.592  2.186 0.0000000000
42787  -51.784  -36.032  1.739 0.0000000000
42788  -53.173  -36.131  2.368 0.0000000000
42791  -46.569  -35.749  1.765 0.0000000000
42792  -47.192  -35.099  0.858 0.0000000000
42793  -49.446  -35.364  0.624 0.0000000000
42794  -51.175  -36.133  1.277 0.0000000000
42795  -48.055  -34.596  0.179 0.0000000000
42796  -48.735  -34.883  0.266 0.0000000000
42797  -49.993  -36.033  0.520 0.0000000000
43651  -54.080  -34.794  9.163 0.0000000000
43659  -54.937  -34.404  8.591 0.0000000000
43660  -55.747  -35.083  8.318 0.0000000000
43661  -56.670  -34.600  7.622 0.0000000000
43672  -57.358  -34.440  7.002 0.0000000000
43673  -57.558  -33.496  6.718 0.0000000000
43677  -46.134  -34.210  6.104 0.0000000000
43678  -57.274  -34.142  6.371 0.0000000000
43689  -45.674  -35.013  5.795 0.0000000000
43690  -46.231  -34.643  5.147 0.0000000000
43691  -50.419  -34.177  4.951 0.0000000000
43692  -51.979  -34.189  5.262 0.0000000000
43693  -52.745  -34.224  5.093 0.0000000000
43694  -53.749  -34.334  4.896 0.0000000000
43695  -54.563  -34.842  4.658 0.0000000000
43696  -56.579  -34.159  5.640 0.0000000000
43697  -57.104  -33.825  5.877 0.0000000000
43704  -46.364  -34.645  4.168 0.0000000000
43705  -49.873  -34.244  4.414 0.0000000000
43706  -50.555  -34.586  4.284 0.0000000000
43707  -52.172  -34.649  4.557 0.0000000000
43708  -53.096  -34.705  4.454 0.0000000000
43709  -53.859  -34.984  4.267 0.0000000000
43714  -46.473  -34.485  3.156 0.0000000000
43715  -49.335  -34.509  2.881 0.0000000000
43716  -49.903  -34.668  3.631 0.0000000000
43721  -46.505  -34.106  2.047 0.0000000000
43722  -48.911  -34.144  2.136 0.0000000000
43723  -49.266  -34.790  1.638 0.0000000000
43724  -46.768  -34.558  1.409 0.0000000000
43725  -47.371  -34.019  0.578 0.0000000000
43726  -48.863  -34.386  0.499 0.0000000000
43727  -47.959  -33.729  0.235 0.0000000000
43728  -48.208  -33.336  0.375 0.0000000000
44578  -54.053  -33.945  8.971 0.0000000000
44584  -54.258  -33.136  8.830 0.0000000000
44585  -55.506  -33.647  8.329 0.0000000000
44586  -56.593  -33.489  7.766 0.0000000000
44596  -57.449  -33.612  7.143 0.0000000000
44597  -57.746  -32.968  6.974 0.0000000000
44604  -50.144  -33.237  6.011 0.0000000000
44605  -50.885  -33.324  6.258 0.0000000000
44606  -51.787  -33.260  6.380 0.0000000000
44607  -52.819  -33.232  6.195 0.0000000000
44608  -53.848  -33.169  5.955 0.0000000000
44609  -57.451  -32.734  6.398 0.0000000000
44621  -46.504  -33.723  5.454 0.0000000000
44622  -49.144  -33.067  4.834 0.0000000000
44623  -49.847  -33.695  5.198 0.0000000000
44624  -50.656  -33.802  5.582 0.0000000000
44625  -51.464  -33.810  5.740 0.0000000000
44626  -52.325  -33.753  5.727 0.0000000000
44627  -53.256  -33.746  5.531 0.0000000000
44628  -56.277  -33.488  5.620 0.0000000000
44629  -57.046  -33.159  5.754 0.0000000000
44630  -57.269  -33.231  6.071 0.0000000000
44637  -46.547  -33.880  3.903 0.0000000000
44638  -48.755  -32.907  3.673 0.0000000000
44639  -49.237  -33.729  4.238 0.0000000000
44645  -46.518  -33.626  2.878 0.0000000000
44646  -48.880  -33.741  3.047 0.0000000000
44650  -46.497  -33.346  1.919 0.0000000000
44651  -48.699  -33.366  1.778 0.0000000000
44652  -47.526  -32.977  0.500 0.0000000000
44653  -48.547  -33.033  0.776 0.0000000000
44654  -48.165  -32.680  0.490 0.0000000000
45557  -53.744  -32.430  9.271 0.0000000000
45563  -54.807  -32.362  8.722 0.0000000000
45564  -55.819  -32.372  8.376 0.0000000000
45572  -49.962  -32.024  6.977 0.0000000000
45573  -50.688  -32.236  7.178 0.0000000000
45574  -51.666  -32.365  7.198 0.0000000000
45575  -52.785  -32.121  7.156 0.0000000000
45576  -57.509  -32.746  7.222 0.0000000000
45577  -57.603  -32.178  6.813 0.0000000000
45586  -49.693  -32.491  6.239 0.0000000000
45587  -50.390  -32.697  6.605 0.0000000000
45588  -51.146  -32.816  6.781 0.0000000000
45589  -52.354  -32.746  6.744 0.0000000000
45590  -53.504  -32.523  6.561 0.0000000000
45591  -54.754  -32.470  6.156 0.0000000000
45592  -56.748  -32.018  5.898 0.0000000000
45593  -57.013  -32.076  5.977 0.0000000000
45594  -57.192  -32.213  6.155 0.0000000000
45603  -48.809  -32.201  4.278 0.0000000000
45604  -49.158  -32.417  5.379 0.0000000000
45605  -55.902  -32.739  5.745 0.0000000000
45606  -56.910  -32.531  5.782 0.0000000000
45607  -57.103  -32.541  5.946 0.0000000000
45610  -48.789  -31.877  2.944 0.0000000000
45615  -46.517  -32.079  3.254 0.0000000000
45617  -46.650  -32.641  1.392 0.0000000000
45618  -48.775  -31.930  1.796 0.0000000000
45619  -47.214  -32.158  0.866 0.0000000000
45620  -47.859  -32.138  0.628 0.0000000000
45621  -48.451  -32.128  0.949 0.0000000000
46476  -53.391  -30.677  10.095 0.0000000000
46483  -53.557  -31.501  9.634 0.0000000000
46484  -54.615  -31.566  9.093 0.0000000000
46493  -49.957  -30.802  7.881 0.0000000000
46494  -50.711  -31.103  8.082 0.0000000000
46495  -51.570  -31.250  8.008 0.0000000000
46496  -52.532  -30.940  7.932 0.0000000000
46497  -55.668  -31.601  8.626 0.0000000000
46498  -56.796  -31.624  8.164 0.0000000000
46499  -57.439  -30.865  8.065 0.0000000000
46500  -57.748  -29.857  7.780 0.0000000000
46509  -49.699  -31.246  7.251 0.0000000000
46510  -50.275  -31.537  7.527 0.0000000000
46511  -51.106  -31.748  7.665 0.0000000000
46512  -52.129  -31.669  7.614 0.0000000000
46513  -54.318  -31.022  7.190 0.0000000000
46514  -57.504  -31.592  7.423 0.0000000000
46515  -57.597  -31.154  6.913 0.0000000000
46525  -49.148  -31.176  5.833 0.0000000000
46526  -49.506  -31.648  6.543 0.0000000000
46527  -53.880  -31.768  6.953 0.0000000000
46528  -55.159  -31.498  6.500 0.0000000000
46529  -56.474  -31.484  6.146 0.0000000000
46530  -57.035  -31.491  6.196 0.0000000000
46531  -57.252  -31.691  6.362 0.0000000000
46543  -46.714  -31.729  5.865 0.0000000000
46544  -48.935  -31.506  4.890 0.0000000000
46545  -49.223  -31.886  5.854 0.0000000000
46550  -46.470  -31.146  3.225 0.0000000000
46551  -49.227  -30.982  2.769 0.0000000000
46555  -46.494  -31.564  2.514 0.0000000000
46556  -49.089  -31.255  2.030 0.0000000000
46557  -48.725  -31.417  1.468 0.0000000000
46558  -47.447  -31.554  1.035 0.0000000000
46559  -48.185  -31.485  0.988 0.0000000000
47295  -54.521  -30.718  9.505 0.0000000000
47296  -55.736  -29.894  9.324 0.0000000000
47297  -57.206  -28.928  8.853 0.0000000000
47304  -49.711  -30.009  8.190 0.0000000000
47305  -50.384  -30.346  8.442 0.0000000000
47306  -51.591  -30.539  8.443 0.0000000000
47307  -52.947  -30.183  8.243 0.0000000000
47308  -54.097  -29.789  7.867 0.0000000000
47309  -55.613  -30.775  8.941 0.0000000000
47310  -56.772  -29.976  8.694 0.0000000000
47311  -57.709  -29.342  8.208 0.0000000000
47318  -49.538  -30.420  7.474 0.0000000000
47319  -53.626  -30.573  7.671 0.0000000000
47320  -54.733  -30.238  7.363 0.0000000000
47321  -55.931  -29.989  7.009 0.0000000000
47322  -56.966  -29.907  6.805 0.0000000000
47323  -57.588  -30.274  7.259 0.0000000000
47330  -46.497  -30.250  6.590 0.0000000000
47331  -49.257  -30.315  5.679 0.0000000000
47332  -49.314  -30.831  6.677 0.0000000000
47333  -55.309  -30.667  6.880 0.0000000000
47334  -56.344  -30.738  6.480 0.0000000000
47335  -57.103  -30.729  6.495 0.0000000000
47336  -57.382  -30.904  6.666 0.0000000000
47346  -46.489  -30.082  5.718 0.0000000000
47347  -49.105  -30.798  5.005 0.0000000000
47348  -49.400  -30.318  4.550 0.0000000000
47353  -46.445  -29.939  4.707 0.0000000000
47354  -49.265  -30.722  3.826 0.0000000000
47355  -49.802  -30.004  3.530 0.0000000000
47360  -46.478  -30.579  3.995 0.0000000000
47361  -49.605  -30.228  2.716 0.0000000000
47362  -49.959  -29.595  2.728 0.0000000000
47363  -46.654  -30.879  2.319 0.0000000000
47364  -47.535  -30.457  1.816 0.0000000000
47365  -48.526  -30.835  1.462 0.0000000000
47366  -47.111  -31.062  1.508 0.0000000000
47367  -47.752  -31.039  1.249 0.0000000000
48087  -53.495  -29.261  10.748 0.0000000000
48088  -54.733  -28.767  10.332 0.0000000000
48098  -54.367  -29.777  9.988 0.0000000000
48099  -55.862  -28.965  9.639 0.0000000000
48100  -57.125  -28.078  9.256 0.0000000000
48101  -57.614  -28.045  8.590 0.0000000000
48112  -52.211  -29.674  8.753 0.0000000000
48113  -53.440  -29.347  8.405 0.0000000000
48114  -54.699  -28.944  8.013 0.0000000000
48115  -57.782  -28.561  8.162 0.0000000000
48116  -57.795  -29.107  7.912 0.0000000000
48124  -49.444  -29.596  7.733 0.0000000000
48125  -55.337  -29.416  7.493 0.0000000000
48126  -56.637  -29.167  7.263 0.0000000000
48127  -57.407  -29.251  7.405 0.0000000000
48128  -57.642  -29.481  7.603 0.0000000000
48136  -46.256  -29.365  6.431 0.0000000000
48137  -49.314  -29.968  6.828 0.0000000000
48138  -57.336  -29.917  6.879 0.0000000000
48147  -46.326  -29.231  5.336 0.0000000000
48148  -49.745  -29.703  4.609 0.0000000000
48151  -46.455  -29.229  4.527 0.0000000000
48152  -50.253  -29.401  3.343 0.0000000000
48153  -50.526  -29.013  3.207 0.0000000000
48158  -46.547  -29.756  3.730 0.0000000000
48159  -47.161  -29.357  3.061 0.0000000000
48160  -49.389  -29.826  2.252 0.0000000000
48161  -50.222  -29.095  2.769 0.0000000000
48162  -46.820  -30.087  2.713 0.0000000000
48163  -48.597  -30.099  1.900 0.0000000000
49087  -54.095  -27.747  11.292 0.0000000000
49098  -53.827  -28.410  11.019 0.0000000000
49099  -55.196  -27.752  10.553 0.0000000000
49100  -56.888  -27.242  9.575 0.0000000000
49110  -55.971  -28.194  9.912 0.0000000000
49111  -57.519  -27.287  8.843 0.0000000000
49119  -53.996  -28.491  8.524 0.0000000000
49120  -55.407  -28.023  8.099 0.0000000000
49121  -56.871  -27.596  7.873 0.0000000000
49129  -49.377  -28.406  7.395 0.0000000000
49130  -56.139  -28.492  7.607 0.0000000000
49131  -57.288  -28.403  7.655 0.0000000000
49132  -57.703  -28.743  7.888 0.0000000000
49141  -45.664  -27.810  6.572 0.0000000000
49142  -49.573  -28.674  6.437 0.0000000000
49148  -46.326  -28.561  4.956 0.0000000000
49149  -49.942  -29.004  5.250 0.0000000000
49150  -50.638  -28.601  4.570 0.0000000000
49155  -47.217  -27.962  4.010 0.0000000000
49156  -50.470  -29.148  3.941 0.0000000000
49157  -50.834  -28.540  3.462 0.0000000000
49161  -46.683  -28.779  4.033 0.0000000000
49162  -47.686  -28.639  3.253 0.0000000000
49163  -50.424  -28.640  2.936 0.0000000000
49985  -54.845  -27.035  11.130 0.0000000000
50000  -56.257  -26.711  10.246 0.0000000000
50001  -57.304  -26.302  9.259 0.0000000000
50017  -55.391  -26.641  8.654 0.0000000000
50018  -57.538  -26.608  9.012 0.0000000000
50019  -57.448  -26.633  8.847 0.0000000000
50026  -54.632  -27.593  8.611 0.0000000000
50027  -56.078  -27.098  8.224 0.0000000000
50028  -57.146  -26.809  8.420 0.0000000000
50033  -45.281  -26.799  7.266 0.0000000000
50044  -45.492  -26.931  6.428 0.0000000000
50045  -45.782  -27.495  5.823 0.0000000000
50046  -49.594  -27.911  6.777 0.0000000000
50047  -50.210  -27.315  6.213 0.0000000000
50055  -45.718  -26.767  5.773 0.0000000000
50056  -46.171  -27.119  5.271 0.0000000000
50057  -50.083  -28.226  5.776 0.0000000000
50058  -50.834  -27.894  5.149 0.0000000000
50059  -51.459  -27.675  4.628 0.0000000000
50063  -46.883  -27.188  4.629 0.0000000000
50064  -47.862  -27.203  3.982 0.0000000000
50065  -51.311  -28.214  4.060 0.0000000000
50066  -51.792  -27.741  3.749 0.0000000000
50067  -52.435  -27.295  3.597 0.0000000000
50071  -48.338  -28.060  3.365 0.0000000000
50072  -49.064  -27.638  3.380 0.0000000000
50073  -50.039  -28.070  2.916 0.0000000000
50074  -51.348  -28.015  3.271 0.0000000000
50075  -51.916  -27.447  2.978 0.0000000000
50076  -52.624  -27.146  2.946 0.0000000000
50859  -55.667  -26.276  10.847 0.0000000000
50860  -56.803  -25.748  9.888 0.0000000000
50875  -56.452  -25.673  8.794 0.0000000000
50876  -57.456  -26.218  8.961 0.0000000000
50881  -44.758  -26.243  8.532 0.0000000000
50882  -45.022  -26.199  7.648 0.0000000000
50884  -56.583  -26.380  8.480 0.0000000000
50885  -57.270  -26.139  8.788 0.0000000000
50889  -45.274  -26.166  6.770 0.0000000000
50891  -49.898  -26.465  6.924 0.0000000000
50899  -45.483  -26.137  6.023 0.0000000000
50900  -50.723  -26.466  6.144 0.0000000000
50901  -51.447  -26.532  5.551 0.0000000000
50908  -45.908  -26.178  5.569 0.0000000000
50909  -46.610  -26.279  5.128 0.0000000000
50910  -51.122  -27.164  5.428 0.0000000000
50911  -51.936  -27.104  4.726 0.0000000000
50912  -52.723  -26.637  4.436 0.0000000000
50916  -47.313  -26.589  4.589 0.0000000000
50917  -48.681  -26.757  3.800 0.0000000000
50918  -50.281  -26.498  3.230 0.0000000000
50919  -53.136  -26.796  3.385 0.0000000000
50920  -53.723  -26.189  3.471 0.0000000000
50923  -49.887  -27.277  3.241 0.0000000000
50924  -51.359  -26.766  2.782 0.0000000000
50925  -52.370  -26.717  2.595 0.0000000000
50926  -52.976  -26.771  2.725 0.0000000000
50927  -53.455  -26.382  2.813 0.0000000000
50928  -53.043  -26.260  2.460 0.0000000000
51723  -56.729  -25.111  9.427 0.0000000000
51737  -44.679  -24.767  9.376 0.0000000000
51740  -56.600  -24.887  9.277 0.0000000000
51751  -44.658  -25.577  8.974 0.0000000000
51752  -44.869  -25.586  8.141 0.0000000000
51757  -45.132  -25.524  7.222 0.0000000000
51767  -45.347  -25.445  6.353 0.0000000000
51768  -50.431  -25.686  6.718 0.0000000000
51769  -51.299  -25.794  6.016 0.0000000000
51777  -45.636  -25.398  5.810 0.0000000000
51778  -46.087  -25.425  5.481 0.0000000000
51779  -46.718  -25.427  5.249 0.0000000000
51780  -52.086  -26.164  5.332 0.0000000000
51781  -52.816  -25.702  5.048 0.0000000000
51782  -53.569  -25.287  4.773 0.0000000000
51786  -47.437  -25.828  4.776 0.0000000000
51787  -48.326  -25.950  4.235 0.0000000000
51788  -49.225  -26.178  3.718 0.0000000000
51789  -53.480  -26.140  4.204 0.0000000000
51790  -54.222  -25.576  3.991 0.0000000000
51792  -49.651  -25.445  3.675 0.0000000000
51793  -50.601  -25.706  3.165 0.0000000000
51794  -51.611  -25.795  2.668 0.0000000000
51795  -53.986  -25.723  3.105 0.0000000000
51796  -54.578  -25.073  3.630 0.0000000000
51797  -52.509  -25.954  2.396 0.0000000000
51798  -53.502  -25.897  2.574 0.0000000000
52658  -45.091  -24.263  8.621 0.0000000000
52671  -44.835  -25.024  8.597 0.0000000000
52672  -45.059  -24.899  7.795 0.0000000000
52677  -45.268  -24.785  6.806 0.0000000000
52687  -45.443  -24.705  6.032 0.0000000000
52688  -50.991  -24.956  6.530 0.0000000000
52689  -51.963  -25.084  5.838 0.0000000000
52690  -52.879  -24.767  5.465 0.0000000000
52698  -45.799  -24.670  5.665 0.0000000000
52699  -46.355  -24.704  5.425 0.0000000000
52700  -47.284  -24.839  5.123 0.0000000000
52701  -54.222  -24.803  4.618 0.0000000000
52702  -54.859  -24.329  4.486 0.0000000000
52705  -48.192  -24.576  4.690 0.0000000000
52706  -49.183  -24.452  4.198 0.0000000000
52707  -50.138  -24.683  3.596 0.0000000000
52708  -50.317  -23.971  3.682 0.0000000000
52709  -55.132  -24.525  3.967 0.0000000000
52710  -55.437  -23.967  3.926 0.0000000000
52711  -50.839  -24.288  3.289 0.0000000000
52712  -52.333  -24.537  2.653 0.0000000000
52713  -54.251  -25.027  3.004 0.0000000000
52714  -54.785  -24.503  3.533 0.0000000000
52715  -53.039  -25.335  2.368 0.0000000000
52716  -53.597  -24.731  2.658 0.0000000000
52717  -54.203  -24.310  3.058 0.0000000000
53554  -44.719  -24.015  10.032 0.0000000000
53555  -45.218  -23.457  9.340 0.0000000000
53572  -45.512  -23.285  6.983 0.0000000000
53582  -45.559  -23.193  6.181 0.0000000000
53584  -51.378  -23.578  6.713 0.0000000000
53585  -52.199  -24.004  6.098 0.0000000000
53592  -45.748  -23.362  5.775 0.0000000000
53593  -46.064  -23.877  5.529 0.0000000000
53594  -46.723  -23.271  5.397 0.0000000000
53595  -47.713  -23.031  5.287 0.0000000000
53596  -53.097  -23.954  5.632 0.0000000000
53597  -55.007  -23.648  4.895 0.0000000000
53598  -55.656  -23.349  4.706 0.0000000000
53605  -47.513  -23.916  5.184 0.0000000000
53606  -48.474  -23.706  4.828 0.0000000000
53607  -49.379  -23.515  4.432 0.0000000000
53608  -50.153  -23.439  4.033 0.0000000000
53609  -55.467  -23.881  4.279 0.0000000000
53610  -55.987  -23.215  4.379 0.0000000000
53611  -50.849  -23.543  3.535 0.0000000000
53612  -51.594  -23.930  3.080 0.0000000000
53613  -52.401  -23.758  2.964 0.0000000000
53614  -53.310  -23.822  2.921 0.0000000000
53615  -54.899  -23.895  3.514 0.0000000000
53616  -52.954  -24.410  2.593 0.0000000000
54445  -45.655  -22.580  8.882 0.0000000000
54452  -45.789  -22.436  7.617 0.0000000000
54460  -45.679  -22.616  6.421 0.0000000000
54469  -45.726  -22.771  5.895 0.0000000000
54470  -51.998  -23.056  6.500 0.0000000000
54471  -52.678  -22.593  6.263 0.0000000000
54472  -53.489  -22.326  5.927 0.0000000000
54482  -46.009  -22.581  5.653 0.0000000000
54483  -46.440  -22.498  5.499 0.0000000000
54484  -47.020  -22.536  5.346 0.0000000000
54485  -53.337  -23.179  5.748 0.0000000000
54486  -54.237  -23.059  5.468 0.0000000000
54487  -55.175  -22.979  5.211 0.0000000000
54488  -56.055  -22.799  5.078 0.0000000000
54489  -56.833  -22.484  4.780 0.0000000000
54490  -57.444  -22.311  4.989 0.0000000000
54498  -48.807  -22.747  5.029 0.0000000000
54499  -49.843  -22.817  4.482 0.0000000000
54500  -50.709  -22.905  3.990 0.0000000000
54501  -51.294  -22.423  4.058 0.0000000000
54502  -51.611  -23.101  3.430 0.0000000000
54503  -52.537  -23.044  3.280 0.0000000000
54504  -53.484  -23.002  3.304 0.0000000000
54505  -54.586  -23.114  3.469 0.0000000000
54506  -55.706  -23.250  3.887 0.0000000000
54507  -56.846  -22.384  4.558 0.0000000000
55367  -46.016  -21.684  8.588 0.0000000000
55368  -46.402  -20.841  8.038 0.0000000000
55376  -45.905  -21.870  6.576 0.0000000000
55377  -46.236  -21.069  6.796 0.0000000000
55387  -45.891  -22.129  5.898 0.0000000000
55388  -46.142  -21.289  5.914 0.0000000000
55390  -52.775  -21.589  6.488 0.0000000000
55391  -53.753  -21.510  6.113 0.0000000000
55392  -54.691  -21.454  5.821 0.0000000000
55399  -46.363  -21.697  5.554 0.0000000000
55400  -47.706  -22.019  5.319 0.0000000000
55401  -54.401  -22.249  5.655 0.0000000000
55402  -55.241  -22.320  5.461 0.0000000000
55403  -56.900  -22.223  5.196 0.0000000000
55404  -57.514  -22.302  5.037 0.0000000000
55405  -58.055  -21.974  5.095 0.0000000000
55414  -47.563  -20.060  4.978 0.0000000000
55415  -48.699  -21.878  5.224 0.0000000000
55416  -49.940  -21.445  4.928 0.0000000000
55417  -50.975  -21.511  4.543 0.0000000000
55418  -51.857  -21.972  4.098 0.0000000000
55419  -53.154  -21.574  3.964 0.0000000000
55420  -54.186  -21.517  3.919 0.0000000000
55421  -55.315  -21.429  3.980 0.0000000000
55422  -56.451  -21.752  4.141 0.0000000000
55423  -57.492  -21.952  4.606 0.0000000000
55424  -51.969  -22.557  3.652 0.0000000000
55425  -52.697  -22.276  3.661 0.0000000000
55426  -53.841  -22.284  3.624 0.0000000000
55427  -55.036  -22.354  3.713 0.0000000000
55428  -56.055  -22.379  3.948 0.0000000000
56241  -46.545  -20.009  8.040 0.0000000000
56249  -46.497  -20.217  7.128 0.0000000000
56261  -46.292  -20.406  6.023 0.0000000000
56262  -53.291  -20.771  6.519 0.0000000000
56263  -54.011  -20.842  6.259 0.0000000000
56264  -54.632  -20.543  6.174 0.0000000000
56265  -55.435  -20.405  5.997 0.0000000000
56268  -46.579  -20.500  5.468 0.0000000000
56269  -47.009  -21.015  5.188 0.0000000000
56270  -55.749  -21.908  5.507 0.0000000000
56271  -56.132  -21.276  5.643 0.0000000000
56272  -57.775  -22.003  5.181 0.0000000000
56273  -58.609  -21.599  5.219 0.0000000000
56274  -59.071  -21.489  5.030 0.0000000000
56275  -59.882  -21.038  4.989 0.0000000000
56285  -46.758  -19.548  5.131 0.0000000000
56286  -46.912  -20.057  5.094 0.0000000000
56287  -48.437  -19.624  4.882 0.0000000000
56288  -50.221  -20.623  4.950 0.0000000000
56289  -51.170  -20.517  4.698 0.0000000000
56290  -52.066  -20.294  4.540 0.0000000000
56291  -53.531  -20.819  4.242 0.0000000000
56292  -54.384  -20.813  4.200 0.0000000000
56293  -55.864  -20.903  4.168 0.0000000000
56294  -56.706  -21.020  4.257 0.0000000000
56295  -58.443  -21.597  4.788 0.0000000000
57088  -46.607  -19.283  7.511 0.0000000000
57103  -46.465  -19.579  6.282 0.0000000000
57105  -53.788  -20.027  6.546 0.0000000000
57106  -54.722  -19.606  6.410 0.0000000000
57107  -55.592  -19.740  6.184 0.0000000000
57108  -57.239  -19.899  5.966 0.0000000000
57109  -58.263  -19.788  5.982 0.0000000000
57110  -59.393  -20.208  5.697 0.0000000000
57111  -60.192  -20.312  5.335 0.0000000000
57119  -46.556  -19.704  5.486 0.0000000000
57120  -56.435  -20.469  5.844 0.0000000000
57121  -57.671  -21.168  5.581 0.0000000000
57122  -58.597  -20.823  5.614 0.0000000000
57123  -59.636  -21.070  5.198 0.0000000000
57124  -60.444  -20.520  5.005 0.0000000000
57125  -60.764  -19.862  5.016 0.0000000000
57133  -47.086  -19.346  4.835 0.0000000000
57134  -47.653  -19.206  4.725 0.0000000000
57135  -48.965  -18.997  4.759 0.0000000000
57136  -50.462  -19.732  4.915 0.0000000000
57137  -51.414  -19.626  4.744 0.0000000000
57138  -52.325  -19.454  4.610 0.0000000000
57139  -53.008  -20.027  4.479 0.0000000000
57140  -53.985  -20.118  4.385 0.0000000000
57141  -55.911  -20.134  4.324 0.0000000000
57142  -56.745  -20.204  4.336 0.0000000000
57143  -58.511  -20.765  4.554 0.0000000000
57144  -59.564  -20.612  4.747 0.0000000000
57145  -60.480  -20.345  5.070 0.0000000000
57960  -54.054  -18.244  6.941 0.0000000000
57970  -46.593  -18.684  6.545 0.0000000000
57971  -53.890  -19.068  6.749 0.0000000000
57972  -54.547  -18.753  6.644 0.0000000000
57973  -55.385  -18.896  6.440 0.0000000000
57974  -56.382  -18.798  6.315 0.0000000000
57975  -57.442  -18.844  6.222 0.0000000000
57976  -58.693  -19.039  6.182 0.0000000000
57977  -60.527  -18.956  5.686 0.0000000000
57988  -46.661  -18.469  4.998 0.0000000000
57989  -60.637  -19.786  5.254 0.0000000000
57990  -60.811  -19.350  5.146 0.0000000000
57994  -46.869  -18.701  4.821 0.0000000000
57995  -48.209  -18.542  4.507 0.0000000000
57996  -49.096  -18.232  4.501 0.0000000000
57997  -49.989  -18.094  4.653 0.0000000000
57998  -50.983  -17.987  4.688 0.0000000000
57999  -52.795  -18.621  4.586 0.0000000000
58000  -53.787  -18.176  4.478 0.0000000000
58001  -54.525  -18.727  4.457 0.0000000000
58002  -55.461  -18.389  4.380 0.0000000000
58003  -56.239  -19.233  4.391 0.0000000000
58004  -58.544  -19.575  4.451 0.0000000000
58005  -59.769  -19.474  4.633 0.0000000000
58006  -60.700  -19.413  4.953 0.0000000000
58007  -60.774  -19.221  4.954 0.0000000000
58016  -47.760  -17.729  4.340 0.0000000000
58859  -53.615  -17.714  7.499 0.0000000000
58860  -54.357  -17.480  7.190 0.0000000000
58861  -55.146  -17.278  6.912 0.0000000000
58872  -54.830  -18.075  6.732 0.0000000000
58873  -55.698  -17.983  6.580 0.0000000000
58874  -56.670  -17.911  6.459 0.0000000000
58875  -57.802  -17.936  6.406 0.0000000000
58876  -59.164  -18.064  6.379 0.0000000000
58877  -60.402  -18.072  6.210 0.0000000000
58878  -60.851  -17.906  5.985 0.0000000000
58889  -46.858  -17.874  4.704 0.0000000000
58890  -60.734  -18.699  5.400 0.0000000000
58895  -47.025  -17.306  4.494 0.0000000000
58896  -47.133  -17.899  4.550 0.0000000000
58897  -48.591  -17.517  4.232 0.0000000000
58898  -49.408  -17.384  4.261 0.0000000000
58899  -50.294  -17.269  4.370 0.0000000000
58900  -51.277  -17.126  4.433 0.0000000000
58901  -53.986  -17.337  4.296 0.0000000000
58902  -54.776  -17.657  4.301 0.0000000000
58903  -55.762  -17.409  4.131 0.0000000000
58904  -57.169  -17.491  4.154 0.0000000000
58905  -58.431  -18.125  4.372 0.0000000000
58906  -59.809  -18.182  4.618 0.0000000000
58907  -60.558  -18.515  4.907 0.0000000000
58908  -60.715  -18.565  5.249 0.0000000000
58916  -47.020  -16.559  4.264 0.0000000000
58917  -47.398  -17.068  4.315 0.0000000000
58918  -48.254  -16.654  3.992 0.0000000000
58919  -49.131  -16.604  3.919 0.0000000000
58920  -49.820  -16.656  4.019 0.0000000000
58921  -56.069  -16.578  3.720 0.0000000000
58922  -56.855  -16.633  3.815 0.0000000000
58923  -57.685  -16.869  4.053 0.0000000000
58924  -58.624  -17.181  4.300 0.0000000000
59782  -55.055  -16.011  7.944 0.0000000000
59783  -55.914  -15.769  7.726 0.0000000000
59791  -53.896  -16.943  7.794 0.0000000000
59792  -54.678  -16.719  7.504 0.0000000000
59793  -55.510  -16.520  7.270 0.0000000000
59794  -57.452  -16.200  7.037 0.0000000000
59795  -58.655  -16.084  7.074 0.0000000000
59796  -59.813  -15.990  7.099 0.0000000000
59804  -56.027  -17.132  6.731 0.0000000000
59805  -57.027  -17.038  6.633 0.0000000000
59806  -58.206  -17.005  6.618 0.0000000000
59807  -59.567  -17.004  6.646 0.0000000000
59808  -60.474  -16.903  6.452 0.0000000000
59809  -60.746  -16.701  6.245 0.0000000000
59821  -60.746  -17.630  5.662 0.0000000000
59828  -46.715  -15.829  4.287 0.0000000000
59829  -50.642  -16.407  4.019 0.0000000000
59830  -51.678  -16.278  4.052 0.0000000000
59831  -52.729  -16.389  4.105 0.0000000000
59832  -53.699  -16.600  4.071 0.0000000000
59833  -54.599  -16.771  4.016 0.0000000000
59834  -55.333  -16.894  3.966 0.0000000000
59835  -59.261  -16.917  4.429 0.0000000000
59836  -59.913  -16.743  4.726 0.0000000000
59837  -60.539  -17.764  5.124 0.0000000000
59842  -46.990  -15.801  3.972 0.0000000000
59843  -47.596  -16.038  3.906 0.0000000000
59844  -48.351  -15.706  3.744 0.0000000000
59845  -48.977  -15.761  3.678 0.0000000000
59846  -49.926  -15.702  3.708 0.0000000000
59847  -51.062  -15.565  3.833 0.0000000000
59848  -52.279  -15.490  3.861 0.0000000000
59849  -53.403  -15.749  3.769 0.0000000000
59850  -54.367  -16.026  3.678 0.0000000000
59851  -55.279  -16.276  3.661 0.0000000000
59852  -56.641  -16.017  3.574 0.0000000000
59853  -57.328  -16.098  3.703 0.0000000000
59854  -58.181  -16.320  3.971 0.0000000000
59855  -58.858  -15.806  4.077 0.0000000000
60704  -55.101  -14.911  9.199 0.0000000000
60712  -54.645  -15.577  8.678 0.0000000000
60713  -55.491  -15.345  8.476 0.0000000000
60714  -56.414  -15.098  8.333 0.0000000000
60715  -57.434  -14.825  8.299 0.0000000000
60722  -56.868  -15.563  7.620 0.0000000000
60723  -57.940  -15.372  7.618 0.0000000000
60724  -59.075  -15.196  7.640 0.0000000000
60725  -59.977  -15.103  7.543 0.0000000000
60726  -60.440  -15.041  7.244 0.0000000000
60736  -60.412  -15.839  6.867 0.0000000000
60737  -60.672  -15.435  6.533 0.0000000000
60749  -60.739  -16.202  5.816 0.0000000000
60757  -46.298  -14.775  4.379 0.0000000000
60758  -50.710  -14.947  3.824 0.0000000000
60759  -51.486  -15.070  3.901 0.0000000000
60760  -52.461  -15.091  3.890 0.0000000000
60761  -59.761  -15.659  4.565 0.0000000000
60762  -60.380  -15.271  5.175 0.0000000000
60767  -46.717  -15.059  3.962 0.0000000000
60768  -47.294  -15.147  3.738 0.0000000000
60769  -47.995  -15.095  3.584 0.0000000000
60770  -48.692  -15.062  3.580 0.0000000000
60771  -50.022  -14.987  3.677 0.0000000000
60772  -50.597  -15.119  3.750 0.0000000000
60773  -53.218  -15.153  3.715 0.0000000000
60774  -54.094  -15.329  3.560 0.0000000000
60775  -55.151  -15.527  3.454 0.0000000000
60776  -56.485  -15.544  3.453 0.0000000000
60777  -57.086  -15.475  3.491 0.0000000000
60778  -57.835  -15.584  3.647 0.0000000000
61633  -55.083  -13.803  10.180 0.0000000000
61650  -54.690  -14.454  9.835 0.0000000000
61651  -55.645  -14.145  9.775 0.0000000000
61652  -56.597  -13.989  9.615 0.0000000000
61653  -57.506  -13.686  9.550 0.0000000000
61654  -58.214  -13.434  9.391 0.0000000000
61662  -56.003  -14.674  9.057 0.0000000000
61663  -56.975  -14.407  8.987 0.0000000000
61664  -58.051  -14.101  9.100 0.0000000000
61665  -58.928  -13.747  8.919 0.0000000000
61666  -59.680  -13.845  8.328 0.0000000000
61673  -58.543  -14.561  8.355 0.0000000000
61674  -59.502  -14.391  8.197 0.0000000000
61675  -60.129  -14.389  7.760 0.0000000000
61676  -60.514  -14.482  7.127 0.0000000000
61686  -49.694  -13.891  6.134 0.0000000000
61687  -60.686  -14.463  6.341 0.0000000000
61697  -45.949  -13.948  4.411 0.0000000000
61698  -48.559  -14.048  4.511 0.0000000000
61699  -49.522  -14.421  5.214 0.0000000000
61700  -50.466  -14.341  5.718 0.0000000000
61701  -51.911  -14.589  5.192 0.0000000000
61702  -52.757  -14.466  5.089 0.0000000000
61703  -60.588  -14.323  5.501 0.0000000000
61712  -46.394  -14.172  4.016 0.0000000000
61713  -47.537  -13.790  3.707 0.0000000000
61714  -48.331  -14.101  3.813 0.0000000000
61715  -49.315  -14.535  3.962 0.0000000000
61716  -50.119  -14.836  3.824 0.0000000000
61717  -51.409  -14.874  4.186 0.0000000000
61718  -52.214  -14.865  4.177 0.0000000000
61719  -55.070  -14.472  3.738 0.0000000000
61720  -59.785  -14.794  4.397 0.0000000000
61721  -60.178  -14.185  4.596 0.0000000000
61726  -46.911  -14.473  3.713 0.0000000000
61727  -47.492  -14.397  3.613 0.0000000000
61728  -48.210  -14.463  3.633 0.0000000000
61729  -48.923  -14.650  3.641 0.0000000000
61730  -53.844  -14.942  3.629 0.0000000000
61731  -54.638  -14.938  3.486 0.0000000000
61732  -55.579  -14.938  3.390 0.0000000000
61733  -57.394  -14.539  3.414 0.0000000000
61734  -58.091  -14.348  3.424 0.0000000000
61735  -58.791  -14.171  3.535 0.0000000000
61736  -59.137  -14.887  3.911 0.0000000000
62575  -55.055  -13.160  10.451 0.0000000000
62576  -55.781  -13.372  10.271 0.0000000000
62577  -57.249  -12.830  10.047 0.0000000000
62607  -57.078  -13.311  9.975 0.0000000000
62608  -57.797  -13.119  9.768 0.0000000000
62609  -58.438  -13.111  9.338 0.0000000000
62629  -48.122  -13.234  6.792 0.0000000000
62630  -59.151  -13.425  8.570 0.0000000000
62631  -60.162  -13.819  7.670 0.0000000000
62632  -60.489  -13.749  6.748 0.0000000000
62640  -46.205  -13.162  5.656 0.0000000000
62641  -47.404  -13.505  5.913 0.0000000000
62642  -50.632  -13.404  6.287 0.0000000000
62643  -60.617  -13.511  5.891 0.0000000000
62651  -46.254  -13.512  4.306 0.0000000000
62652  -46.060  -13.156  4.695 0.0000000000
62653  -46.865  -13.203  4.742 0.0000000000
62654  -47.951  -13.639  5.212 0.0000000000
62655  -48.827  -14.009  5.726 0.0000000000
62656  -51.362  -14.168  5.880 0.0000000000
62657  -52.191  -13.988  5.811 0.0000000000
62658  -53.659  -14.241  4.857 0.0000000000
62659  -54.989  -13.263  5.085 0.0000000000
62660  -55.359  -12.596  5.084 0.0000000000
62661  -60.493  -13.370  4.918 0.0000000000
62668  -46.741  -13.376  4.087 0.0000000000
62669  -47.592  -13.537  4.109 0.0000000000
62670  -54.583  -13.962  4.585 0.0000000000
62671  -55.439  -13.724  4.324 0.0000000000
62672  -56.252  -13.483  4.088 0.0000000000
62673  -56.954  -13.127  3.918 0.0000000000
62674  -59.535  -14.108  3.886 0.0000000000
62675  -59.989  -13.326  4.022 0.0000000000
62678  -46.830  -13.793  3.746 0.0000000000
62679  -55.994  -14.307  3.556 0.0000000000
62680  -56.994  -13.937  3.434 0.0000000000
62681  -57.718  -13.150  3.508 0.0000000000
62682  -58.495  -13.014  3.344 0.0000000000
62683  -59.299  -13.383  3.524 0.0000000000
62684  -59.800  -12.558  3.619 0.0000000000
63500  -55.038  -12.320  10.565 0.0000000000
63501  -55.887  -12.539  10.434 0.0000000000
63502  -56.688  -12.416  10.164 0.0000000000
63528  -57.142  -12.496  9.893 0.0000000000
63529  -57.690  -12.823  9.708 0.0000000000
63542  -57.236  -12.344  9.437 0.0000000000
63543  -57.985  -12.692  9.168 0.0000000000
63544  -58.639  -12.917  8.868 0.0000000000
63551  -49.082  -11.769  7.044 0.0000000000
63552  -57.206  -12.324  8.365 0.0000000000
63553  -58.046  -12.646  8.091 0.0000000000
63554  -58.887  -12.952  7.907 0.0000000000
63555  -59.686  -13.306  7.638 0.0000000000
63556  -60.186  -13.341  6.997 0.0000000000
63560  -48.985  -12.612  6.879 0.0000000000
63561  -49.573  -12.198  6.747 0.0000000000
63562  -51.059  -12.671  6.259 0.0000000000
63563  -58.298  -12.403  6.966 0.0000000000
63564  -59.204  -12.677  6.917 0.0000000000
63565  -59.978  -12.716  6.625 0.0000000000
63566  -60.426  -12.780  6.168 0.0000000000
63574  -51.559  -13.337  6.140 0.0000000000
63575  -52.305  -13.051  5.970 0.0000000000
63576  -53.044  -12.383  5.687 0.0000000000
63577  -54.036  -13.273  5.437 0.0000000000
63578  -54.636  -12.648  5.344 0.0000000000
63579  -60.554  -12.523  5.303 0.0000000000
63584  -56.277  -12.595  4.586 0.0000000000
63585  -57.282  -12.346  4.131 0.0000000000
63586  -60.376  -12.471  4.326 0.0000000000
63590  -58.234  -12.335  3.600 0.0000000000
63591  -58.971  -12.230  3.341 0.0000000000
63592  -59.592  -11.947  3.441 0.0000000000
63593  -60.239  -11.560  3.860 0.0000000000
64345  -55.709  -11.308  10.144 0.0000000000
64346  -56.204  -11.831  10.229 0.0000000000
64363  -56.096  -11.443  9.607 0.0000000000
64364  -56.725  -11.954  9.802 0.0000000000
64377  -56.450  -11.775  8.821 0.0000000000
64383  -49.117  -10.890  7.023 0.0000000000
64386  -56.439  -11.883  7.551 0.0000000000
64387  -57.311  -12.183  7.280 0.0000000000
64391  -50.326  -12.244  6.456 0.0000000000
64392  -51.055  -11.898  6.137 0.0000000000
64394  -56.732  -11.539  6.718 0.0000000000
64395  -57.698  -11.631  6.488 0.0000000000
64396  -58.699  -11.654  6.296 0.0000000000
64397  -59.647  -11.859  6.242 0.0000000000
64398  -60.265  -11.967  6.057 0.0000000000
64401  -51.693  -11.656  5.814 0.0000000000
64402  -52.404  -11.475  5.520 0.0000000000
64403  -53.287  -11.206  5.213 0.0000000000
64404  -54.001  -12.102  5.463 0.0000000000
64405  -54.801  -11.904  5.231 0.0000000000
64406  -60.229  -11.089  5.657 0.0000000000
64407  -60.449  -11.759  5.509 0.0000000000
64412  -54.829  -11.100  4.807 0.0000000000
64413  -56.573  -11.608  4.515 0.0000000000
64414  -60.580  -11.617  4.757 0.0000000000
64419  -58.645  -11.660  3.541 0.0000000000
64420  -59.273  -11.413  3.415 0.0000000000
64421  -59.897  -11.058  3.470 0.0000000000
64422  -60.249  -10.579  3.790 0.0000000000
65226  -49.755  -10.755  6.554 0.0000000000
65227  -50.455  -11.159  6.272 0.0000000000
65228  -51.167  -11.182  5.881 0.0000000000
65233  -57.250  -10.827  6.089 0.0000000000
65234  -58.340  -10.811  5.897 0.0000000000
65239  -50.914  -10.477  5.712 0.0000000000
65240  -51.744  -10.784  5.434 0.0000000000
65241  -52.515  -10.756  5.132 0.0000000000
65243  -57.914  -9.842  5.670 0.0000000000
65244  -59.429  -10.878  5.823 0.0000000000
65245  -60.129  -10.132  5.464 0.0000000000
65246  -60.544  -10.125  5.010 0.0000000000
65251  -52.171  -10.151  4.844 0.0000000000
65252  -52.963  -10.322  4.697 0.0000000000
65253  -53.929  -10.520  4.634 0.0000000000
65254  -54.842  -10.308  4.412 0.0000000000
65255  -55.685  -10.879  4.565 0.0000000000
65256  -56.636  -10.595  4.266 0.0000000000
65257  -57.721  -11.363  4.019 0.0000000000
65258  -60.458  -9.994  4.301 0.0000000000
65267  -57.636  -10.127  3.796 0.0000000000
65268  -58.612  -10.827  3.590 0.0000000000
65269  -59.410  -10.517  3.433 0.0000000000
65270  -59.949  -10.187  3.514 0.0000000000
65271  -60.219  -9.897  3.780 0.0000000000
66026  -48.626  -10.002  7.237 0.0000000000
66027  -49.375  -10.114  6.663 0.0000000000
66034  -48.972  -9.364  6.658 0.0000000000
66035  -49.560  -9.549  6.290 0.0000000000
66036  -50.112  -10.135  6.134 0.0000000000
66047  -49.947  -9.276  5.787 0.0000000000
66048  -50.649  -9.656  5.470 0.0000000000
66049  -51.422  -9.939  5.142 0.0000000000
66053  -58.878  -9.060  5.510 0.0000000000
66054  -59.788  -9.226  5.376 0.0000000000
66055  -60.288  -9.467  5.148 0.0000000000
66056  -60.402  -9.360  4.770 0.0000000000
66062  -51.081  -9.243  4.794 0.0000000000
66063  -51.830  -9.482  4.533 0.0000000000
66064  -52.584  -9.643  4.375 0.0000000000
66065  -53.371  -9.755  4.264 0.0000000000
66066  -54.889  -9.681  4.034 0.0000000000
66067  -55.633  -10.033  4.175 0.0000000000
66068  -56.442  -9.684  3.855 0.0000000000
66069  -60.297  -9.319  4.108 0.0000000000
66074  -52.938  -9.216  3.899 0.0000000000
66075  -53.660  -9.244  3.768 0.0000000000
66076  -54.459  -9.196  3.667 0.0000000000
66077  -57.138  -9.306  3.622 0.0000000000
66078  -58.025  -9.227  3.468 0.0000000000
66079  -59.525  -9.607  3.472 0.0000000000
66080  -60.002  -9.393  3.687 0.0000000000
66830  -48.305  -9.065  7.133 0.0000000000
66841  -47.896  -8.316  6.856 0.0000000000
66842  -48.608  -8.591  6.491 0.0000000000
66843  -49.315  -8.880  6.139 0.0000000000
66854  -48.910  -8.171  5.837 0.0000000000
66855  -49.644  -8.519  5.482 0.0000000000
66856  -50.372  -8.890  5.166 0.0000000000
66861  -58.637  -8.254  5.355 0.0000000000
66862  -59.507  -8.386  5.244 0.0000000000
66863  -60.108  -8.681  5.036 0.0000000000
66872  -49.981  -8.171  4.786 0.0000000000
66873  -50.730  -8.546  4.455 0.0000000000
66874  -51.490  -8.827  4.214 0.0000000000
66875  -52.228  -9.055  4.033 0.0000000000
66876  -59.901  -8.165  4.601 0.0000000000
66877  -60.222  -8.786  4.545 0.0000000000
66883  -51.078  -8.221  3.787 0.0000000000
66884  -51.852  -8.496  3.602 0.0000000000
66885  -52.603  -8.701  3.522 0.0000000000
66886  -53.899  -8.659  3.250 0.0000000000
66887  -54.857  -8.617  3.248 0.0000000000
66888  -55.688  -8.534  3.255 0.0000000000
66889  -57.348  -8.597  3.348 0.0000000000
66890  -58.338  -8.363  3.279 0.0000000000
66891  -59.640  -8.722  3.653 0.0000000000
66892  -60.073  -8.636  4.012 0.0000000000
66898  -53.089  -8.434  3.038 0.0000000000
66899  -53.655  -8.222  2.655 0.0000000000
66900  -54.443  -8.181  2.700 0.0000000000
66901  -55.381  -8.080  2.789 0.0000000000
67626  -47.550  -7.734  6.537 0.0000000000
67627  -48.193  -7.856  6.229 0.0000000000
67638  -47.577  -7.168  5.872 0.0000000000
67639  -48.458  -7.448  5.503 0.0000000000
67640  -49.241  -7.770  5.153 0.0000000000
67646  -58.380  -7.507  5.148 0.0000000000
67647  -59.239  -7.595  5.095 0.0000000000
67648  -59.720  -7.977  4.956 0.0000000000
67656  -48.773  -7.112  4.750 0.0000000000
67657  -49.538  -7.452  4.394 0.0000000000
67658  -50.331  -7.823  4.085 0.0000000000
67661  -57.917  -6.903  4.908 0.0000000000
67662  -58.903  -6.862  4.839 0.0000000000
67663  -59.386  -7.396  4.643 0.0000000000
67670  -49.879  -7.211  3.615 0.0000000000
67671  -50.660  -7.600  3.357 0.0000000000
67672  -52.280  -8.200  2.976 0.0000000000
67673  -57.675  -7.821  3.044 0.0000000000
67674  -58.572  -7.507  3.279 0.0000000000
67675  -59.192  -7.222  3.709 0.0000000000
67676  -59.709  -7.784  3.993 0.0000000000
67683  -50.959  -7.331  1.991 0.0000000000
67684  -51.795  -7.727  2.306 0.0000000000
67685  -52.915  -7.988  2.253 0.0000000000
67686  -53.994  -7.794  2.012 0.0000000000
67687  -54.982  -7.653  2.189 0.0000000000
67688  -55.929  -7.467  2.343 0.0000000000
67689  -56.932  -7.056  2.455 0.0000000000
67690  -57.977  -6.925  2.878 0.0000000000
67691  -58.725  -6.772  3.473 0.0000000000
67696  -50.902  -7.202  1.020 0.0000000000
67697  -51.643  -7.454  1.380 0.0000000000
67698  -52.449  -7.629  1.518 0.0000000000
67699  -53.314  -7.619  1.425 0.0000000000
67700  -55.552  -7.099  1.693 0.0000000000
67701  -51.622  -7.345  0.424 0.0000000000
67702  -52.894  -7.450  0.747 0.0000000000
67703  -53.688  -7.309  0.661 0.0000000000
67704  -54.443  -7.064  0.733 0.0000000000
68417  -46.135  -6.415  5.355 0.0000000000
68418  -47.086  -6.437  5.140 0.0000000000
68419  -48.023  -6.768  5.071 0.0000000000
68428  -45.581  -6.093  4.919 0.0000000000
68429  -46.283  -6.037  4.642 0.0000000000
68430  -47.685  -6.299  4.445 0.0000000000
68431  -48.351  -6.606  4.413 0.0000000000
68432  -49.027  -6.752  3.920 0.0000000000
68436  -57.416  -6.302  4.667 0.0000000000
68437  -58.400  -6.099  4.476 0.0000000000
68438  -58.964  -6.587  4.387 0.0000000000
68439  -59.318  -7.028  4.183 0.0000000000
68443  -48.213  -6.236  3.797 0.0000000000
68444  -48.811  -6.300  3.130 0.0000000000
68445  -49.508  -6.699  3.171 0.0000000000
68446  -58.989  -6.506  3.915 0.0000000000
68451  -48.802  -6.081  1.597 0.0000000000
68452  -50.264  -7.041  2.725 0.0000000000
68453  -56.367  -6.751  1.982 0.0000000000
68454  -56.884  -5.872  1.928 0.0000000000
68455  -57.591  -6.068  2.550 0.0000000000
68456  -58.413  -5.933  3.463 0.0000000000
68458  -48.844  -6.187  0.596 0.0000000000
68459  -49.519  -6.458  1.176 0.0000000000
68460  -50.239  -6.847  1.674 0.0000000000
68461  -55.217  -6.735  0.977 0.0000000000
68462  -56.052  -6.339  1.308 0.0000000000
68463  -48.813  -6.320  -0.238 0.0000000000
68464  -49.440  -6.525  0.140 0.0000000000
68465  -50.833  -7.174  -0.070 0.0000000000
68466  -52.449  -7.301  0.027 0.0000000000
68467  -53.329  -7.120  -0.106 0.0000000000
68468  -54.145  -6.791  -0.054 0.0000000000
68469  -54.873  -6.393  0.194 0.0000000000
68470  -55.624  -5.936  0.540 0.0000000000
68471  -48.215  -6.055  -1.646 0.0000000000
68472  -48.332  -6.289  -0.952 0.0000000000
68473  -49.209  -6.574  -0.785 0.0000000000
68474  -50.762  -6.929  -1.137 0.0000000000
68475  -51.806  -7.086  -0.830 0.0000000000
68476  -52.920  -6.826  -0.970 0.0000000000
68477  -53.812  -6.457  -0.923 0.0000000000
68478  -54.554  -6.026  -0.674 0.0000000000
68479  -50.710  -6.506  -2.086 0.0000000000
68480  -51.639  -6.529  -1.933 0.0000000000
68481  -52.588  -6.417  -1.879 0.0000000000
68482  -53.462  -6.059  -1.811 0.0000000000
68483  -49.838  -6.335  -2.233 0.0000000000
68484  -51.170  -5.365  -3.378 0.0000000000
68485  -51.641  -5.796  -2.837 0.0000000000
68486  -52.356  -5.903  -2.533 0.0000000000
69249  -45.358  -5.739  4.188 0.0000000000
69250  -46.441  -5.654  3.796 0.0000000000
69251  -47.396  -5.845  3.778 0.0000000000
69255  -56.280  -5.188  4.286 0.0000000000
69256  -57.415  -5.063  4.245 0.0000000000
69257  -58.136  -5.286  4.166 0.0000000000
69258  -58.542  -5.865  4.107 0.0000000000
69262  -44.506  -5.557  3.484 0.0000000000
69263  -45.533  -5.475  3.148 0.0000000000
69264  -47.942  -5.770  2.964 0.0000000000
69265  -57.726  -4.643  3.937 0.0000000000
69266  -58.111  -5.116  3.853 0.0000000000
69267  -44.338  -5.415  2.129 0.0000000000
69268  -45.152  -5.408  2.150 0.0000000000
69269  -46.242  -5.413  2.390 0.0000000000
69270  -47.240  -5.480  2.254 0.0000000000
69271  -48.074  -5.674  1.948 0.0000000000
69272  -57.207  -4.777  2.178 0.0000000000
69273  -57.821  -5.051  3.060 0.0000000000
69274  -43.836  -5.292  1.759 0.0000000000
69275  -44.498  -5.386  1.227 0.0000000000
69276  -45.713  -5.443  1.168 0.0000000000
69277  -46.657  -5.437  1.570 0.0000000000
69278  -47.410  -5.544  1.273 0.0000000000
69279  -48.181  -5.780  0.942 0.0000000000
69280  -56.406  -5.276  1.106 0.0000000000
69281  -43.852  -5.212  1.016 0.0000000000
69282  -44.207  -5.199  0.350 0.0000000000
69283  -44.996  -5.402  0.223 0.0000000000
69284  -46.655  -5.525  0.622 0.0000000000
69285  -47.482  -5.708  0.259 0.0000000000
69286  -48.204  -6.037  -0.042 0.0000000000
69287  -55.178  -5.580  -0.220 0.0000000000
69288  -55.787  -5.140  0.227 0.0000000000
69289  -56.155  -4.492  0.594 0.0000000000
69290  -44.640  -5.107  -0.423 0.0000000000
69291  -45.347  -5.348  -0.653 0.0000000000
69292  -46.130  -5.572  -0.923 0.0000000000
69293  -46.959  -5.735  -1.147 0.0000000000
69294  -54.099  -5.615  -1.453 0.0000000000
69295  -54.719  -5.251  -0.942 0.0000000000
69296  -45.674  -5.242  -1.262 0.0000000000
69297  -46.455  -5.433  -1.480 0.0000000000
69298  -47.388  -5.681  -1.711 0.0000000000
69299  -48.139  -5.788  -2.114 0.0000000000
69300  -49.001  -5.984  -2.344 0.0000000000
69301  -53.004  -5.513  -2.413 0.0000000000
69302  -53.599  -5.224  -2.050 0.0000000000
69303  -54.162  -5.012  -1.568 0.0000000000
69304  -46.790  -5.249  -2.080 0.0000000000
69305  -47.719  -5.393  -2.387 0.0000000000
69306  -48.630  -5.493  -2.754 0.0000000000
69307  -50.165  -5.694  -3.115 0.0000000000
69308  -51.881  -5.044  -3.322 0.0000000000
69309  -52.470  -5.199  -2.905 0.0000000000
69310  -49.360  -5.030  -3.591 0.0000000000
69311  -50.195  -5.084  -3.722 0.0000000000
69312  -50.811  -5.091  -3.701 0.0000000000
69313  -51.263  -4.878  -3.624 0.0000000000
70055  -55.770  -4.506  3.958 0.0000000000
70056  -57.015  -4.417  4.012 0.0000000000
70059  -43.185  -4.959  3.196 0.0000000000
70060  -54.129  -3.493  3.692 0.0000000000
70061  -55.285  -3.653  3.555 0.0000000000
70062  -56.570  -3.745  3.564 0.0000000000
70063  -57.285  -4.015  3.580 0.0000000000
70064  -43.412  -4.986  2.149 0.0000000000
70065  -57.179  -3.723  2.383 0.0000000000
70066  -57.604  -4.462  3.505 0.0000000000
70067  -43.570  -5.016  1.358 0.0000000000
70068  -56.717  -4.132  1.453 0.0000000000
70069  -43.690  -4.804  0.574 0.0000000000
70070  -44.125  -4.861  -0.153 0.0000000000
70071  -50.362  -4.140  -0.342 0.0000000000
70072  -51.263  -4.235  -0.507 0.0000000000
70073  -55.146  -3.963  -0.237 0.0000000000
70074  -55.348  -4.787  -0.335 0.0000000000
70075  -56.251  -3.506  0.922 0.0000000000
70076  -43.878  -4.395  -0.168 0.0000000000
70077  -44.467  -4.590  -0.735 0.0000000000
70078  -45.015  -4.967  -1.058 0.0000000000
70079  -50.055  -4.131  -1.208 0.0000000000
70080  -50.991  -4.371  -1.575 0.0000000000
70081  -51.919  -4.459  -1.593 0.0000000000
70082  -52.841  -4.608  -1.699 0.0000000000
70083  -53.683  -4.687  -1.499 0.0000000000
70084  -54.703  -4.677  -0.869 0.0000000000
70085  -44.893  -4.337  -1.349 0.0000000000
70086  -45.383  -4.796  -1.486 0.0000000000
70087  -45.970  -4.994  -1.774 0.0000000000
70088  -50.531  -4.206  -2.256 0.0000000000
70089  -51.181  -4.439  -2.952 0.0000000000
70090  -52.356  -4.790  -2.603 0.0000000000
70091  -53.052  -4.960  -2.412 0.0000000000
70092  -45.505  -4.284  -2.004 0.0000000000
70093  -46.355  -4.547  -2.404 0.0000000000
70094  -47.316  -4.789  -2.783 0.0000000000
70095  -48.350  -4.951  -3.221 0.0000000000
70096  -50.541  -3.934  -3.355 0.0000000000
70097  -50.906  -4.573  -3.653 0.0000000000
70098  -51.718  -4.881  -3.270 0.0000000000
70099  -52.324  -5.027  -3.006 0.0000000000
70100  -46.922  -4.027  -3.211 0.0000000000
70101  -48.034  -4.280  -3.723 0.0000000000
70102  -49.226  -4.419  -4.156 0.0000000000
70103  -50.167  -4.431  -4.183 0.0000000000
70104  -50.699  -4.591  -3.859 0.0000000000
70105  -49.966  -3.792  -4.676 0.0000000000
70890  -55.023  -2.510  3.073 0.0000000000
70891  -56.207  -2.908  3.117 0.0000000000
70892  -56.965  -3.227  3.153 0.0000000000
70893  -57.303  -3.711  3.104 0.0000000000
70895  -43.011  -4.262  2.485 0.0000000000
70899  -56.493  -2.542  2.604 0.0000000000
70900  -56.886  -3.018  2.588 0.0000000000
70901  -42.919  -3.467  1.990 0.0000000000
70902  -43.254  -4.364  1.432 0.0000000000
70904  -49.368  -3.454  1.481 0.0000000000
70905  -50.420  -3.445  1.513 0.0000000000
70906  -51.419  -3.369  1.136 0.0000000000
70907  -52.454  -3.060  0.810 0.0000000000
70908  -55.359  -1.875  0.988 0.0000000000
70909  -43.417  -4.019  0.512 0.0000000000
70910  -48.819  -3.492  0.576 0.0000000000
70911  -49.836  -3.827  0.639 0.0000000000
70912  -50.770  -3.901  0.502 0.0000000000
70913  -51.694  -3.851  0.271 0.0000000000
70914  -52.471  -3.759  0.056 0.0000000000
70915  -53.903  -3.196  0.228 0.0000000000
70916  -54.824  -3.043  0.282 0.0000000000
70917  -55.619  -3.118  0.539 0.0000000000
70920  -43.694  -3.686  -0.140 0.0000000000
70921  -44.150  -4.048  -0.682 0.0000000000
70922  -48.747  -3.457  -0.517 0.0000000000
70923  -49.506  -3.868  -0.271 0.0000000000
70924  -52.199  -4.223  -0.648 0.0000000000
70925  -53.237  -4.070  -0.529 0.0000000000
70926  -54.256  -4.084  -0.565 0.0000000000
70927  -44.447  -3.639  -1.144 0.0000000000
70928  -48.987  -3.370  -1.595 0.0000000000
70929  -49.832  -3.826  -2.048 0.0000000000
70930  -45.989  -3.688  -2.714 0.0000000000
70931  -49.630  -3.308  -2.778 0.0000000000
70932  -46.632  -3.219  -3.585 0.0000000000
70933  -47.655  -3.523  -4.140 0.0000000000
70934  -49.004  -3.670  -4.716 0.0000000000
70935  -50.486  -3.988  -4.307 0.0000000000
70936  -48.392  -2.986  -4.927 0.0000000000
70937  -49.746  -3.258  -5.009 0.0000000000
71721  -53.527  -0.735  3.337 0.0000000000
71722  -53.912  -2.181  3.326 0.0000000000
71723  -55.299  -1.296  2.340 0.0000000000
71724  -55.952  -2.150  2.631 0.0000000000
71725  -42.723  -2.611  2.331 0.0000000000
71729  -50.754  -2.610  2.353 0.0000000000
71730  -51.831  -1.766  2.092 0.0000000000
71731  -55.301  -0.967  1.874 0.0000000000
71732  -56.042  -1.735  2.150 0.0000000000
71733  -56.485  -2.275  2.042 0.0000000000
71734  -43.092  -3.403  1.197 0.0000000000
71737  -51.289  -2.815  1.786 0.0000000000
71738  -52.130  -2.351  1.502 0.0000000000
71739  -53.074  -1.659  1.199 0.0000000000
71740  -53.937  -1.068  1.032 0.0000000000
71741  -54.641  -0.902  1.242 0.0000000000
71742  -55.878  -1.590  1.677 0.0000000000
71744  -43.340  -3.097  0.524 0.0000000000
71747  -53.470  -2.391  0.722 0.0000000000
71748  -54.409  -2.006  0.735 0.0000000000
71753  -43.679  -2.860  -0.117 0.0000000000
71754  -44.119  -2.789  -0.733 0.0000000000
71755  -47.555  -2.213  -0.338 0.0000000000
71756  -48.052  -3.002  0.070 0.0000000000
71757  -44.592  -2.749  -1.418 0.0000000000
71758  -45.090  -2.580  -2.066 0.0000000000
71759  -47.847  -2.098  -1.403 0.0000000000
71760  -48.664  -2.647  -2.192 0.0000000000
71761  -45.502  -3.057  -2.555 0.0000000000
71762  -46.027  -2.943  -3.144 0.0000000000
71763  -48.948  -2.141  -3.155 0.0000000000
71764  -50.183  -3.304  -3.998 0.0000000000
71765  -45.844  -2.346  -3.094 0.0000000000
71766  -46.458  -2.335  -3.827 0.0000000000
71767  -47.304  -2.738  -4.417 0.0000000000
71768  -49.761  -2.586  -4.185 0.0000000000
71769  -49.993  -3.213  -4.786 0.0000000000
71770  -47.122  -1.966  -4.666 0.0000000000
71771  -47.973  -2.296  -5.125 0.0000000000
71772  -48.969  -2.459  -5.370 0.0000000000
71773  -49.185  -1.873  -5.401 0.0000000000
72571  -52.117  0.286  2.819 0.0000000000
72573  -53.598  0.543  2.550 0.0000000000
72574  -54.364  -0.571  2.554 0.0000000000
72579  -51.475  -1.277  2.680 0.0000000000
72580  -52.561  -0.077  2.143 0.0000000000
72581  -53.279  0.676  2.030 0.0000000000
72582  -54.149  0.435  2.098 0.0000000000
72583  -54.687  -0.206  1.975 0.0000000000
72585  -42.828  -1.432  1.568 0.0000000000
72586  -42.991  -2.493  1.230 0.0000000000
72589  -52.693  -0.943  1.637 0.0000000000
72590  -53.502  -0.339  1.433 0.0000000000
72591  -54.143  -0.075  1.479 0.0000000000
72592  -54.675  -0.318  1.701 0.0000000000
72595  -43.188  -1.054  0.890 0.0000000000
72596  -43.308  -2.041  0.594 0.0000000000
72603  -43.792  -2.010  -0.165 0.0000000000
72604  -44.317  -1.894  -0.809 0.0000000000
72606  -47.140  -1.358  -0.243 0.0000000000
72610  -44.825  -1.813  -1.527 0.0000000000
72611  -45.302  -1.731  -2.189 0.0000000000
72612  -47.706  -1.271  -1.656 0.0000000000
72613  -48.232  -1.761  -2.278 0.0000000000
72614  -45.697  -1.650  -2.845 0.0000000000
72615  -48.026  -1.056  -2.349 0.0000000000
72616  -48.559  -1.316  -3.019 0.0000000000
72617  -46.132  -1.596  -3.537 0.0000000000
72618  -46.590  -1.472  -4.275 0.0000000000
72619  -49.339  -1.681  -3.979 0.0000000000
72620  -49.695  -2.225  -4.860 0.0000000000
72621  -47.679  -1.580  -5.251 0.0000000000
72622  -48.549  -1.809  -5.453 0.0000000000
72623  -48.274  -1.119  -5.596 0.0000000000
72624  -48.909  -1.387  -5.560 0.0000000000
72625  -49.146  -1.324  -5.454 0.0000000000
73374  -53.533  0.715  2.207 0.0000000000
73377  -52.969  0.975  2.481 0.0000000000
73378  -54.197  0.386  1.872 0.0000000000
73383  -53.687  0.468  1.789 0.0000000000
73388  -43.045  -0.177  1.098 0.0000000000
73389  -43.535  -0.544  0.454 0.0000000000
73395  -43.972  -1.103  -0.165 0.0000000000
73396  -44.546  -0.794  -0.846 0.0000000000
73400  -45.148  -0.907  -1.645 0.0000000000
73401  -45.548  -0.884  -2.397 0.0000000000
73402  -45.950  -0.863  -3.173 0.0000000000
73403  -47.773  -0.452  -1.955 0.0000000000
73404  -48.295  -0.481  -2.755 0.0000000000
73405  -46.334  -0.803  -3.969 0.0000000000
73406  -46.756  -0.776  -4.689 0.0000000000
73407  -48.915  -0.740  -3.690 0.0000000000
73408  -49.439  -1.193  -4.631 0.0000000000
73409  -47.389  -0.796  -5.316 0.0000000000
73410  -49.465  -0.762  -5.058 0.0000000000
73411  -47.312  -0.116  -5.461 0.0000000000
73412  -48.068  -0.273  -5.767 0.0000000000
73413  -48.897  -0.733  -5.656 0.0000000000
73414  -49.266  -0.795  -5.365 0.0000000000
74178  -42.973  0.698  1.073 0.0000000000
74179  -43.415  0.395  0.584 0.0000000000
74186  -43.710  0.891  0.184 0.0000000000
74187  -44.191  0.902  -0.313 0.0000000000
74188  -47.189  0.393  -0.583 0.0000000000
74193  -44.746  0.887  -0.853 0.0000000000
74194  -45.222  0.778  -1.465 0.0000000000
74195  -47.588  0.320  -1.482 0.0000000000
74199  -45.583  0.743  -2.168 0.0000000000
74200  -48.041  0.357  -2.356 0.0000000000
74201  -48.633  0.239  -3.281 0.0000000000
74202  -45.985  0.793  -2.962 0.0000000000
74203  -49.290  -0.077  -4.395 0.0000000000
74204  -49.404  0.873  -4.709 0.0000000000
74205  -46.550  0.028  -4.497 0.0000000000
74206  -49.287  0.756  -5.291 0.0000000000
74207  -46.890  0.342  -5.249 0.0000000000
74208  -47.458  0.450  -5.684 0.0000000000
74209  -48.253  0.555  -5.879 0.0000000000
74210  -48.935  0.654  -5.657 0.0000000000
74985  -43.221  1.386  0.648 0.0000000000
74986  -43.773  1.647  -0.026 0.0000000000
74990  -44.408  1.691  -0.610 0.0000000000
74991  -47.316  1.353  -0.569 0.0000000000
74995  -37.079  1.509  -2.023 0.0000000000
74996  -44.980  1.585  -1.235 0.0000000000
74997  -45.387  1.391  -1.766 0.0000000000
74998  -48.203  2.048  -2.066 0.0000000000
75004  -36.455  1.085  -3.420 0.0000000000
75005  -36.864  1.206  -2.779 0.0000000000
75006  -37.179  0.933  -3.145 0.0000000000
75007  -37.905  1.021  -3.640 0.0000000000
75008  -45.664  1.547  -2.384 0.0000000000
75009  -47.854  1.169  -1.862 0.0000000000
75010  -48.451  1.282  -2.760 0.0000000000
75014  -36.808  0.623  -3.707 0.0000000000
75015  -37.305  0.451  -3.948 0.0000000000
75016  -37.960  0.862  -4.354 0.0000000000
75017  -46.039  1.711  -3.189 0.0000000000
75018  -46.343  0.904  -3.854 0.0000000000
75019  -48.922  1.940  -3.397 0.0000000000
75020  -49.332  1.786  -4.216 0.0000000000
75021  -36.254  0.638  -4.358 0.0000000000
75022  -36.742  0.455  -4.456 0.0000000000
75023  -37.313  0.530  -4.543 0.0000000000
75024  -37.805  1.001  -4.949 0.0000000000
75025  -46.592  0.996  -4.855 0.0000000000
75026  -49.437  1.653  -4.968 0.0000000000
75027  -35.504  1.050  -5.707 0.0000000000
75028  -35.860  0.932  -5.674 0.0000000000
75029  -36.815  0.651  -5.146 0.0000000000
75030  -46.946  1.097  -5.519 0.0000000000
75031  -47.571  1.215  -5.887 0.0000000000
75032  -48.445  1.380  -5.804 0.0000000000
75033  -49.136  1.509  -5.420 0.0000000000
75034  -35.215  1.285  -6.175 0.0000000000
75817  -36.558  2.751  0.803 0.0000000000
75824  -35.812  2.958  0.341 0.0000000000
75825  -36.002  2.778  0.782 0.0000000000
75827  -43.269  2.400  0.280 0.0000000000
75832  -36.099  2.679  -0.632 0.0000000000
75833  -36.280  2.581  0.006 0.0000000000
75834  -36.947  2.549  0.104 0.0000000000
75835  -37.332  2.491  -0.749 0.0000000000
75836  -43.910  2.436  -0.422 0.0000000000
75837  -44.612  2.500  -1.165 0.0000000000
75838  -47.408  2.196  -0.449 0.0000000000
75842  -36.387  2.265  -1.562 0.0000000000
75843  -36.791  1.770  -1.806 0.0000000000
75844  -36.987  1.966  -1.251 0.0000000000
75845  -45.311  2.108  -1.782 0.0000000000
75846  -47.692  2.785  -0.934 0.0000000000
75847  -48.112  2.867  -1.587 0.0000000000
75852  -36.225  1.776  -3.115 0.0000000000
75853  -36.542  1.663  -2.472 0.0000000000
75854  -37.784  1.659  -2.705 0.0000000000
75855  -38.695  2.632  -2.484 0.0000000000
75856  -45.070  2.942  -1.974 0.0000000000
75857  -45.587  2.389  -2.558 0.0000000000
75858  -48.539  2.841  -2.373 0.0000000000
75862  -35.805  1.375  -4.137 0.0000000000
75863  -38.685  1.494  -4.141 0.0000000000
75864  -39.243  2.299  -3.668 0.0000000000
75865  -45.941  2.654  -4.546 0.0000000000
75866  -48.887  2.726  -3.108 0.0000000000
75867  -49.290  2.610  -3.796 0.0000000000
75869  -35.193  1.518  -5.466 0.0000000000
75870  -38.578  1.601  -4.784 0.0000000000
75871  -39.323  2.224  -4.606 0.0000000000
75872  -46.013  2.891  -5.429 0.0000000000
75873  -46.501  1.973  -5.280 0.0000000000
75874  -49.403  2.486  -4.507 0.0000000000
75876  -34.881  1.528  -6.368 0.0000000000
75877  -36.607  1.343  -5.704 0.0000000000
75878  -37.495  1.329  -5.379 0.0000000000
75879  -38.329  1.823  -5.259 0.0000000000
75880  -39.173  2.395  -5.142 0.0000000000
75881  -46.710  2.581  -5.765 0.0000000000
75882  -47.672  2.137  -5.914 0.0000000000
75883  -48.731  2.251  -5.586 0.0000000000
75884  -49.313  2.346  -5.101 0.0000000000
75886  -34.652  1.888  -6.719 0.0000000000
75887  -35.561  1.492  -6.218 0.0000000000
76681  -42.891  3.110  0.171 0.0000000000
76687  -35.811  3.419  -0.605 0.0000000000
76688  -37.667  2.999  0.045 0.0000000000
76689  -38.345  3.305  -0.484 0.0000000000
76690  -39.254  3.738  -0.871 0.0000000000
76691  -40.013  4.107  -1.243 0.0000000000
76692  -41.876  4.038  -0.178 0.0000000000
76693  -42.711  3.693  -0.339 0.0000000000
76694  -43.392  3.115  -0.336 0.0000000000
76695  -43.972  3.106  -0.842 0.0000000000
76696  -47.868  3.810  -1.039 0.0000000000
76700  -35.964  3.043  -1.461 0.0000000000
76701  -38.553  3.167  -1.390 0.0000000000
76702  -39.378  3.573  -1.826 0.0000000000
76703  -40.155  4.025  -2.211 0.0000000000
76704  -43.422  3.836  -1.078 0.0000000000
76705  -44.320  3.427  -1.520 0.0000000000
76706  -48.455  3.688  -2.064 0.0000000000
76710  -36.023  3.339  -2.414 0.0000000000
76711  -39.632  3.293  -2.904 0.0000000000
76712  -40.382  3.807  -3.264 0.0000000000
76713  -44.663  3.709  -2.366 0.0000000000
76714  -45.353  3.202  -2.845 0.0000000000
76715  -48.836  3.487  -2.904 0.0000000000
76720  -35.957  2.542  -3.291 0.0000000000
76721  -39.928  2.977  -4.103 0.0000000000
76722  -40.547  3.614  -4.427 0.0000000000
76723  -44.954  3.890  -3.235 0.0000000000
76724  -45.514  3.348  -3.789 0.0000000000
76725  -49.186  3.237  -3.491 0.0000000000
76726  -49.423  3.327  -4.104 0.0000000000
76729  -35.504  2.541  -4.376 0.0000000000
76730  -38.208  3.347  -5.231 0.0000000000
76731  -39.964  3.039  -5.069 0.0000000000
76732  -40.543  3.716  -5.181 0.0000000000
76733  -45.081  3.976  -4.161 0.0000000000
76734  -45.503  3.379  -4.839 0.0000000000
76735  -49.249  3.656  -4.620 0.0000000000
76739  -36.413  2.293  -6.036 0.0000000000
76740  -37.622  2.245  -5.540 0.0000000000
76741  -38.807  2.670  -5.355 0.0000000000
76742  -39.607  3.194  -5.312 0.0000000000
76743  -40.291  3.751  -5.388 0.0000000000
76744  -45.576  3.691  -5.569 0.0000000000
76745  -46.186  3.361  -5.821 0.0000000000
76746  -47.377  2.935  -5.887 0.0000000000
76747  -48.714  3.801  -5.239 0.0000000000
76748  -49.075  3.041  -5.186 0.0000000000
76752  -35.375  2.343  -6.710 0.0000000000
77544  -40.605  4.268  -0.634 0.0000000000
77545  -41.406  4.400  -0.827 0.0000000000
77546  -42.365  4.358  -1.094 0.0000000000
77547  -46.964  4.844  0.241 0.0000000000
77548  -47.434  4.457  -0.360 0.0000000000
77552  -35.923  3.952  -1.545 0.0000000000
77553  -40.838  4.405  -1.595 0.0000000000
77554  -41.653  4.537  -1.728 0.0000000000
77555  -43.062  4.436  -1.734 0.0000000000
77556  -43.898  4.213  -1.956 0.0000000000
77557  -47.715  4.764  -1.205 0.0000000000
77558  -48.256  4.535  -1.905 0.0000000000
77561  -41.717  4.537  -2.795 0.0000000000
77562  -42.444  4.624  -2.811 0.0000000000
77563  -43.211  4.588  -2.667 0.0000000000
77564  -44.221  4.331  -2.871 0.0000000000
77565  -48.370  5.049  -2.544 0.0000000000
77566  -48.708  4.372  -2.848 0.0000000000
77570  -41.060  4.183  -3.579 0.0000000000
77571  -41.664  4.388  -3.940 0.0000000000
77572  -42.554  4.620  -3.801 0.0000000000
77573  -43.738  4.586  -3.687 0.0000000000
77574  -44.518  4.306  -3.664 0.0000000000
77575  -49.200  3.893  -3.542 0.0000000000
77581  -37.637  4.437  -5.026 0.0000000000
77582  -38.683  4.300  -5.018 0.0000000000
77583  -41.134  4.053  -4.684 0.0000000000
77584  -41.805  4.423  -4.931 0.0000000000
77585  -42.557  4.606  -5.084 0.0000000000
77586  -43.363  4.642  -4.755 0.0000000000
77587  -44.383  4.400  -4.656 0.0000000000
77588  -48.960  4.506  -4.545 0.0000000000
77595  -36.780  4.394  -5.591 0.0000000000
77596  -39.163  3.421  -5.356 0.0000000000
77597  -39.792  4.076  -5.465 0.0000000000
77598  -40.740  4.469  -5.568 0.0000000000
77599  -42.038  4.654  -5.770 0.0000000000
77600  -43.057  4.770  -5.851 0.0000000000
77601  -44.783  4.360  -5.735 0.0000000000
77602  -46.480  4.889  -6.076 0.0000000000
77603  -47.587  4.865  -5.618 0.0000000000
77604  -48.379  4.497  -5.271 0.0000000000
77611  -43.969  4.837  -6.131 0.0000000000
77612  -44.799  4.840  -6.244 0.0000000000
77613  -45.572  5.085  -6.318 0.0000000000
78367  -45.743  5.660  -0.573 0.0000000000
78368  -47.211  5.081  -0.591 0.0000000000
78372  -46.093  5.846  -1.480 0.0000000000
78373  -46.726  6.010  -2.183 0.0000000000
78374  -47.361  5.321  -1.404 0.0000000000
78379  -47.345  6.169  -2.856 0.0000000000
78380  -48.059  5.677  -2.884 0.0000000000
78385  -48.357  5.762  -3.736 0.0000000000
78386  -48.602  5.176  -3.305 0.0000000000
78390  -38.207  5.375  -4.677 0.0000000000
78391  -39.195  5.222  -4.813 0.0000000000
78392  -40.166  5.107  -5.316 0.0000000000
78393  -40.953  5.309  -5.745 0.0000000000
78394  -48.186  5.991  -4.531 0.0000000000
78395  -48.700  5.281  -4.129 0.0000000000
78401  -37.243  5.532  -5.188 0.0000000000
78402  -41.603  4.825  -6.013 0.0000000000
78403  -42.423  4.979  -6.231 0.0000000000
78404  -43.267  5.165  -6.334 0.0000000000
78405  -47.212  5.771  -5.699 0.0000000000
78406  -47.949  5.773  -5.206 0.0000000000
78407  -48.436  5.245  -4.893 0.0000000000
78415  -43.538  5.779  -6.616 0.0000000000
78416  -44.097  5.304  -6.447 0.0000000000
78417  -44.912  5.508  -6.516 0.0000000000
78418  -46.358  5.783  -6.187 0.0000000000
79142  -44.946  6.007  -0.787 0.0000000000
79147  -44.278  6.460  -1.254 0.0000000000
79148  -45.291  6.193  -1.525 0.0000000000
79153  -43.767  6.966  -1.940 0.0000000000
79154  -44.920  6.658  -2.305 0.0000000000
79155  -45.948  6.301  -2.233 0.0000000000
79160  -47.022  6.680  -3.476 0.0000000000
79161  -47.834  6.339  -3.772 0.0000000000
79166  -37.939  6.191  -4.731 0.0000000000
79167  -38.731  6.202  -4.606 0.0000000000
79168  -39.624  6.131  -4.736 0.0000000000
79169  -40.362  6.005  -5.133 0.0000000000
79170  -47.352  6.925  -4.340 0.0000000000
79171  -47.730  6.577  -4.593 0.0000000000
79177  -38.248  6.952  -4.853 0.0000000000
79178  -41.650  5.649  -6.087 0.0000000000
79179  -46.921  6.589  -5.842 0.0000000000
79180  -47.624  6.509  -5.198 0.0000000000
79188  -42.316  5.996  -6.423 0.0000000000
79189  -43.089  6.353  -6.604 0.0000000000
79190  -43.945  6.678  -6.700 0.0000000000
79191  -44.864  7.053  -6.727 0.0000000000
79192  -45.315  6.414  -6.592 0.0000000000
79193  -46.196  6.618  -6.328 0.0000000000
79952  -43.284  7.568  -2.440 0.0000000000
79953  -44.198  7.225  -2.808 0.0000000000
79954  -45.094  7.084  -3.148 0.0000000000
79959  -43.700  7.775  -3.305 0.0000000000
79960  -44.684  7.557  -3.632 0.0000000000
79961  -45.732  7.405  -3.867 0.0000000000
79962  -46.671  7.224  -4.113 0.0000000000
79966  -39.161  7.038  -4.679 0.0000000000
79967  -40.062  6.925  -4.821 0.0000000000
79968  -45.417  8.003  -4.469 0.0000000000
79969  -46.379  7.830  -4.769 0.0000000000
79970  -47.045  7.530  -5.002 0.0000000000
79971  -47.452  7.011  -4.947 0.0000000000
79979  -38.627  7.756  -5.126 0.0000000000
79980  -39.579  7.931  -5.005 0.0000000000
79981  -40.552  7.626  -5.173 0.0000000000
79982  -41.962  7.719  -5.900 0.0000000000
79983  -47.129  7.186  -5.446 0.0000000000
79991  -42.606  7.042  -6.317 0.0000000000
79992  -43.588  7.526  -6.667 0.0000000000
79993  -44.433  7.566  -6.793 0.0000000000
79994  -45.228  8.124  -6.845 0.0000000000
79995  -46.663  7.369  -6.052 0.0000000000
80827  -42.869  8.151  -2.910 0.0000000000
80831  -42.530  8.807  -3.318 0.0000000000
80832  -43.321  8.432  -3.739 0.0000000000
80833  -44.306  8.155  -4.135 0.0000000000
80839  -43.975  8.877  -4.593 0.0000000000
80840  -45.165  8.720  -4.997 0.0000000000
80841  -46.074  8.474  -5.374 0.0000000000
80842  -46.554  8.056  -5.593 0.0000000000
80847  -40.296  8.527  -5.364 0.0000000000
80848  -41.168  8.236  -5.563 0.0000000000
80849  -45.772  9.246  -5.870 0.0000000000
80850  -46.128  8.723  -6.100 0.0000000000
80851  -46.455  8.118  -6.137 0.0000000000
80859  -41.959  8.794  -6.163 0.0000000000
80860  -42.885  8.949  -6.654 0.0000000000
80861  -43.619  8.646  -6.877 0.0000000000
80862  -44.548  8.540  -7.030 0.0000000000
80870  -45.029  9.563  -7.310 0.0000000000
80871  -45.523  9.663  -7.018 0.0000000000
81665  -42.189  9.663  -3.588 0.0000000000
81666  -42.953  9.159  -4.186 0.0000000000
81672  -42.752  10.073  -4.564 0.0000000000
81673  -43.718  9.694  -5.020 0.0000000000
81674  -44.864  9.491  -5.444 0.0000000000
81680  -40.166  9.194  -5.724 0.0000000000
81681  -40.943  9.082  -5.785 0.0000000000
81682  -44.667  10.312  -5.798 0.0000000000
81683  -45.437  9.978  -6.276 0.0000000000
81694  -41.505  9.716  -6.440 0.0000000000
81695  -43.539  9.536  -7.175 0.0000000000
81696  -45.487  10.246  -6.936 0.0000000000
81697  -45.684  9.493  -6.552 0.0000000000
81708  -43.330  10.511  -7.394 0.0000000000
81709  -44.499  10.296  -7.464 0.0000000000
81710  -45.195  10.343  -7.256 0.0000000000
82442  -41.870  10.404  -3.295 0.0000000000
82443  -42.127  10.606  -4.031 0.0000000000
82449  -42.682  11.251  -5.014 0.0000000000
82450  -43.631  10.635  -5.406 0.0000000000
82455  -43.873  11.657  -5.986 0.0000000000
82456  -45.132  10.725  -6.610 0.0000000000
82466  -45.151  10.980  -7.151 0.0000000000
82480  -44.092  11.499  -7.524 0.0000000000
82481  -44.519  11.681  -7.231 0.0000000000
83202  -41.939  11.170  -3.462 0.0000000000
83227  -44.056  12.431  -6.612 0.0000000000
83228  -44.653  11.640  -6.813 0.0000000000
83239  -44.162  12.685  -7.093 0.0000000000
83255  -43.942  12.511  -7.390 0.0000000000
112654  -49.551  -2.586  -5.111 0.0000000000
112893  -50.339  -42.046  8.807 0.0000000000
113020  -46.489  -27.934  4.723 0.0000000000
113171  -47.946  5.194  -1.983 0.0000000000
113497  -49.900  -35.405  1.696 0.0000000000
113586  -52.279  -35.797  2.373 0.0000000000
113588  -50.172  -6.836  0.584 0.0000000000
113753  -50.625  -37.396  0.374 0.0000000000
113756  -48.861  -33.879  1.024 0.0000000000
113889  -55.111  -33.038  8.486 0.0000000000
113926  -59.135  -12.775  3.357 0.0000000000
113969  -55.481  -34.509  5.198 0.0000000000
113991  -51.519  -39.482  1.289 0.0000000000
114058  -46.507  -34.059  4.705 0.0000000000
114279  -49.595  -33.056  5.639 0.0000000000
114338  -50.995  -7.540  2.719 0.0000000000
114386  -47.410  5.661  -2.160 0.0000000000
114415  -41.942  -36.488  6.996 0.0000000000
114423  -55.193  -1.015  1.539 0.0000000000
114441  -46.529  -18.997  5.539 0.0000000000
114521  -53.787  -40.445  6.278 0.0000000000
114535  -50.473  -37.947  3.260 0.0000000000
114570  -55.894  -31.990  5.960 0.0000000000
114650  -44.953  -35.459  6.213 0.0000000000
114652  -50.749  -28.134  2.934 0.0000000000
114804  -55.618  -11.769  4.884 0.0000000000
114864  -46.578  -18.127  5.676 0.0000000000
115022  -49.361  -15.079  3.577 0.0000000000
115042  -60.540  -10.916  5.133 0.0000000000
115048  -57.172  -25.744  9.055 0.0000000000
115056  -56.773  -36.289  7.096 0.0000000000
115093  -46.996  1.768  -5.789 0.0000000000
115140  -46.480  -32.813  2.551 0.0000000000
115214  -48.183  -2.873  -1.004 0.0000000000
115251  -49.316  -35.925  0.248 0.0000000000
115254  -42.070  9.227  -2.853 0.0000000000
115263  -49.008  -6.407  -1.560 0.0000000000
115282  -57.395  -19.749  4.372 0.0000000000
115299  -56.441  -18.133  4.303 0.0000000000
115318  -56.394  -8.876  3.478 0.0000000000
115391  -56.557  -36.242  7.719 0.0000000000
115402  -48.704  -39.591  1.455 0.0000000000
115408  -46.499  5.309  -0.094 0.0000000000
115498  -51.733  -18.749  4.717 0.0000000000
115585  -49.499  -38.803  10.627 0.0000000000
115615  -55.219  -19.386  4.421 0.0000000000
115616  -53.625  -19.225  4.496 0.0000000000
115639  -48.680  -32.714  2.434 0.0000000000
115661  -55.900  -34.258  8.153 0.0000000000
115666  -42.177  11.462  -4.180 0.0000000000
115738  -50.022  -6.848  -0.456 0.0000000000
115781  -46.589  -33.035  3.635 0.0000000000
115842  -53.650  -48.308  13.576 0.0000000000
115948  -47.365  -18.560  4.614 0.0000000000
116039  -57.025  -21.501  5.485 0.0000000000
116056  -46.624  -30.923  5.101 0.0000000000
116081  -54.185  -38.887  10.099 0.0000000000
116127  -45.887  -5.549  -0.052 0.0000000000
116186  -49.859  -6.692  -1.383 0.0000000000
116189  -41.076  4.289  -5.465 0.0000000000
116268  -59.143  -9.953  5.642 0.0000000000
116370  -50.665  -49.292  13.855 0.0000000000
116407  -42.769  -2.207  1.848 0.0000000000
116474  -46.970  -5.505  3.098 0.0000000000
116491  -58.990  -8.961  3.348 0.0000000000
116510  -45.668  4.229  -6.023 0.0000000000
116529  -51.571  -49.866  11.605 0.0000000000
116572  -50.717  -18.865  4.829 0.0000000000
116716  -48.384  -34.044  0.323 0.0000000000
116812  -49.420  -34.248  3.728 0.0000000000
116896  -60.190  -17.675  4.803 0.0000000000
116919  -44.644  -5.457  2.741 0.0000000000
117021  -59.212  -21.300  4.882 0.0000000000
117082  -51.442  -7.916  3.136 0.0000000000
117107  -46.760  -5.659  -0.404 0.0000000000
117120  -60.443  -16.618  5.228 0.0000000000
117177  -49.260  -30.596  1.987 0.0000000000
117188  -51.224  -34.353  4.979 0.0000000000
117276  -57.600  -20.998  4.418 0.0000000000
117297  -53.225  -8.850  3.498 0.0000000000
117310  -48.850  -35.593  8.279 0.0000000000
117321  -48.732  -37.954  3.964 0.0000000000
117409  -56.854  -31.166  6.280 0.0000000000
117414  -46.547  -30.458  3.175 0.0000000000
117591  -55.188  -33.714  5.439 0.0000000000
117750  -56.174  -2.444  1.310 0.0000000000
117772  -49.881  -38.771  10.186 0.0000000000
117773  -49.971  -40.168  9.741 0.0000000000
117774  -49.290  -40.937  10.838 0.0000000000
117775  -49.294  -41.885  10.932 0.0000000000
117889  -52.434  -50.259  10.927 0.0000000000
117902  -37.714  2.330  -1.667 0.0000000000
117937  -55.925  -33.017  8.194 0.0000000000
117975  -54.179  -9.759  4.147 0.0000000000
117986  -45.476  -2.315  -2.569 0.0000000000
118008  -48.652  -32.564  1.440 0.0000000000
118073  -46.002  -28.407  5.862 0.0000000000
118160  -46.783  -33.569  1.168 0.0000000000
118201  -55.979  -15.889  3.475 0.0000000000
118204  -47.360  -0.635  -0.990 0.0000000000
118214  -49.484  -19.739  5.003 0.0000000000
118240  -49.708  -12.978  6.558 0.0000000000
118320  -48.498  -35.566  0.170 0.0000000000
118386  -51.154  -47.628  7.250 0.0000000000
118435  -56.418  -16.345  7.106 0.0000000000
118452  -51.382  -49.192  8.068 0.0000000000
118513  -51.545  -24.783  2.851 0.0000000000
118569  -54.158  -14.578  3.912 0.0000000000
118638  -49.842  -48.891  13.737 0.0000000000
118651  -54.256  -16.255  8.223 0.0000000000
118737  -50.462  -45.861  8.557 0.0000000000
118742  -48.567  -36.589  5.830 0.0000000000
118813  -53.578  -37.231  1.682 0.0000000000
118935  -42.544  9.652  -6.798 0.0000000000
118961  -53.839  -42.430  6.127 0.0000000000
118982  -57.755  -5.604  4.447 0.0000000000
119026  -49.366  -29.149  7.129 0.0000000000
119028  -46.117  -21.594  7.546 0.0000000000
119111  -48.293  -48.308  12.577 0.0000000000
119229  -51.955  -50.434  10.006 0.0000000000
119297  -47.515  1.040  -1.147 0.0000000000
119317  -48.206  -21.046  5.200 0.0000000000
119375  -45.857  2.569  -3.460 0.0000000000
119385  -52.629  -50.378  9.968 0.0000000000
119458  -38.487  1.791  -3.359 0.0000000000
119521  -53.220  -31.352  7.453 0.0000000000
119579  -53.902  -35.509  3.733 0.0000000000
119592  -46.670  -6.828  5.916 0.0000000000
119688  -55.335  -39.910  5.101 0.0000000000
119719  -43.566  -1.350  0.336 0.0000000000
119773  -48.629  -6.043  2.424 0.0000000000
119800  -49.767  -18.943  4.825 0.0000000000
119815  -53.570  -24.558  5.180 0.0000000000
120039  -51.838  -21.164  4.392 0.0000000000
120052  -44.000  -0.004  -0.076 0.0000000000
120098  -45.290  -24.103  7.451 0.0000000000
120105  -46.468  -32.135  2.225 0.0000000000
120183  -50.070  -36.537  0.405 0.0000000000
120251  -56.163  -19.516  6.154 0.0000000000
120292  -35.877  3.765  -3.457 0.0000000000
120359  -55.668  -13.136  4.760 0.0000000000
120468  -52.347  -46.074  8.297 0.0000000000
120496  -51.175  -37.300  3.942 0.0000000000
120525  -50.410  -22.215  4.505 0.0000000000
120602  -46.790  -21.927  5.387 0.0000000000
120712  -53.356  -49.921  13.375 0.0000000000
120774  -51.103  -14.713  5.100 0.0000000000
120785  -57.906  -13.785  3.371 0.0000000000
120789  -46.922  -0.268  -5.079 0.0000000000
120883  -54.713  -42.514  6.266 0.0000000000
120899  -54.986  -20.313  4.310 0.0000000000
120983  -48.524  -33.719  0.520 0.0000000000
120998  -56.301  -37.268  5.325 0.0000000000
121039  -54.759  -36.243  9.261 0.0000000000
121129  -47.466  -1.532  -0.916 0.0000000000
121154  -43.912  4.619  -5.521 0.0000000000
121173  -48.986  -48.151  10.868 0.0000000000
121191  -55.437  -9.223  3.668 0.0000000000
121237  -51.664  -49.952  8.617 0.0000000000
121285  -49.122  -20.606  5.133 0.0000000000
121401  -50.715  -40.814  8.542 0.0000000000
121449  -52.210  -25.292  2.500 0.0000000000
121474  -49.712  -11.496  6.680 0.0000000000
121484  -49.252  -46.424  10.998 0.0000000000
121613  -60.727  -15.164  5.898 0.0000000000
121699  -45.026  -3.531  -1.867 0.0000000000
121760  -45.294  -38.173  6.455 0.0000000000
121777  -50.258  -14.724  4.646 0.0000000000
121795  -56.354  -38.751  5.831 0.0000000000
121893  -46.026  -45.845  13.423 0.0000000000
121981  -54.200  -33.751  5.387 0.0000000000
122038  -49.802  -24.001  3.978 0.0000000000
122083  -46.659  -32.416  4.397 0.0000000000
122088  -56.087  -35.201  5.300 0.0000000000
122201  -44.393  6.050  -6.667 0.0000000000
122290  -51.449  -24.333  6.456 0.0000000000
122444  -50.211  -46.330  9.372 0.0000000000
122476  -47.554  -5.911  -0.671 0.0000000000
122776  -55.629  -11.838  10.416 0.0000000000
122800  -48.930  -13.476  6.433 0.0000000000
122819  -53.188  -14.794  3.963 0.0000000000
122876  -56.578  -14.899  3.383 0.0000000000
122877  -57.441  -27.749  8.323 0.0000000000
122990  -55.771  -38.634  9.231 0.0000000000
123066  -48.230  3.004  -5.653 0.0000000000
123104  -48.487  -29.331  2.481 0.0000000000
123246  -36.025  4.386  -2.452 0.0000000000
123256  -44.011  -3.449  -0.601 0.0000000000
123261  -51.302  -43.266  6.954 0.0000000000
123341  -46.652  3.968  -5.989 0.0000000000
123367  -54.941  -39.432  3.632 0.0000000000
123472  -52.950  1.174  2.918 0.0000000000
123477  -46.724  -24.105  5.364 0.0000000000
123483  -40.954  6.508  -5.441 0.0000000000
123540  -53.042  -42.445  6.298 0.0000000000
123644  -46.795  -16.875  4.568 0.0000000000
123659  -48.767  0.003  -5.776 0.0000000000
123781  -52.023  -17.838  4.623 0.0000000000
123882  -42.230  -38.481  7.626 0.0000000000
123943  -50.371  -35.847  1.061 0.0000000000
123947  -48.253  -13.678  6.108 0.0000000000
123968  -46.681  -19.099  5.124 0.0000000000
124060  -46.635  -33.322  4.641 0.0000000000
124304  -51.010  -27.533  2.887 0.0000000000
124354  -56.545  -7.983  2.951 0.0000000000
124522  -53.180  -49.916  12.658 0.0000000000
124523  -38.914  8.412  -5.426 0.0000000000
124577  -56.710  -30.827  8.483 0.0000000000
124818  -56.450  -17.160  4.012 0.0000000000
124822  -47.490  -44.125  13.237 0.0000000000
124911  -49.593  -43.548  10.614 0.0000000000
124943  -47.486  3.085  -0.268 0.0000000000
124977  -48.581  2.171  -2.719 0.0000000000
124986  -46.648  -30.920  6.210 0.0000000000
125024  -36.188  2.366  -2.338 0.0000000000
125034  -56.312  -22.803  4.384 0.0000000000
125094  -58.321  -14.940  3.613 0.0000000000
125096  -52.054  -45.725  5.746 0.0000000000
125108  -49.046  4.596  -3.739 0.0000000000
125197  -45.353  -45.467  13.929 0.0000000000
125305  -45.771  -0.060  -2.682 0.0000000000
125336  -54.710  -7.337  1.488 0.0000000000
125352  -49.403  -1.596  -5.209 0.0000000000
125383  -45.417  -23.941  6.311 0.0000000000
125406  -46.657  5.476  -0.961 0.0000000000
125421  -49.175  -43.737  11.466 0.0000000000
125463  -49.514  -48.921  11.462 0.0000000000
125471  -46.629  -17.618  4.915 0.0000000000
125475  -46.140  -23.102  5.550 0.0000000000
125477  -45.409  -0.052  -1.885 0.0000000000
125478  -46.174  -0.031  -3.537 0.0000000000
125494  -53.042  -13.655  5.646 0.0000000000
125515  -49.048  1.019  -3.795 0.0000000000
125518  -46.632  6.403  -2.760 0.0000000000
125544  -48.747  -25.300  4.184 0.0000000000
125564  -56.864  -34.840  5.891 0.0000000000
125594  -52.569  -46.533  6.134 0.0000000000
125602  -48.666  -43.957  12.128 0.0000000000
125605  -48.134  -44.092  12.688 0.0000000000
125608  -36.208  3.327  -6.215 0.0000000000
125614  -47.740  -35.573  0.437 0.0000000000
125649  -45.800  8.788  -6.565 0.0000000000
125655  -58.616  -13.572  3.403 0.0000000000
125721  -51.530  -46.582  6.487 0.0000000000
125800  -47.678  3.765  -5.722 0.0000000000
125820  -56.793  -5.786  4.506 0.0000000000
125826  -44.944  0.023  -1.196 0.0000000000
125827  -49.149  -0.066  -5.540 0.0000000000
125828  -44.500  0.210  -0.629 0.0000000000
126008  -49.399  -0.031  -5.159 0.0000000000
126065  -56.581  -12.984  10.290 0.0000000000
126092  -47.893  -36.519  0.482 0.0000000000
126101  -46.004  6.784  -3.134 0.0000000000
126170  -60.534  -10.769  4.459 0.0000000000
126248  -47.681  1.929  -1.249 0.0000000000
126331  -47.005  -5.994  4.392 0.0000000000
126425  -51.445  -36.458  7.062 0.0000000000
126457  -51.520  -49.626  13.894 0.0000000000
126458  -37.102  3.396  -5.504 0.0000000000
126464  -49.442  -5.518  -3.119 0.0000000000
126554  -57.435  -18.605  4.349 0.0000000000
126629  -45.634  -24.101  5.809 0.0000000000
126730  -42.769  8.103  -6.414 0.0000000000
126774  -46.324  1.836  -4.145 0.0000000000
126790  -45.920  7.561  -6.522 0.0000000000
126816  -50.771  -43.845  7.615 0.0000000000
126859  -59.155  -8.070  3.470 0.0000000000
126876  -49.637  -48.550  10.120 0.0000000000
126918  -41.812  6.705  -5.911 0.0000000000
127049  -52.201  -7.459  0.850 0.0000000000
127083  -52.666  -35.045  4.028 0.0000000000
127084  -36.077  0.579  -5.101 0.0000000000
127144  -49.578  -28.504  2.840 0.0000000000
127165  -46.104  -27.903  5.307 0.0000000000
127207  -49.514  -22.111  4.924 0.0000000000
127237  -55.994  -15.371  3.387 0.0000000000
127311  -53.044  -17.439  4.434 0.0000000000
127326  -52.172  -17.020  4.422 0.0000000000
127427  -36.569  2.320  -0.950 0.0000000000
127442  -39.535  8.804  -5.559 0.0000000000
127453  -52.642  -23.342  6.050 0.0000000000
127464  -52.634  -20.929  4.300 0.0000000000
127525  -40.882  4.323  -2.562 0.0000000000
127563  -50.783  -14.820  4.112 0.0000000000
127752  -35.700  0.819  -5.026 0.0000000000
127757  -46.754  7.695  -5.657 0.0000000000
128242  -56.747  -3.054  1.792 0.0000000000
128322  -45.965  -38.295  2.087 0.0000000000
128378  -50.050  -39.413  9.868 0.0000000000
128411  -48.556  -38.692  0.634 0.0000000000
128448  -42.394  4.593  -2.102 0.0000000000
128454  -46.577  -31.484  4.172 0.0000000000
128459  -46.438  -38.735  1.763 0.0000000000
128567  -49.043  -31.020  1.705 0.0000000000
128590  -44.275  9.294  -7.271 0.0000000000
128635  -53.028  -39.244  1.424 0.0000000000
128741  -53.178  0.174  1.728 0.0000000000
128889  -46.705  -31.670  1.611 0.0000000000
128989  -57.626  -15.014  3.478 0.0000000000
128990  -58.734  -9.883  3.473 0.0000000000
128999  -47.917  -26.450  4.287 0.0000000000
129014  -47.174  -13.395  6.607 0.0000000000
129043  -49.384  -3.773  -1.088 0.0000000000
129278  -41.517  -38.291  6.237 0.0000000000
129336  -48.938  -31.437  3.735 0.0000000000
129351  -54.271  -39.745  9.732 0.0000000000
129352  -54.843  -39.267  9.596 0.0000000000
129364  -45.654  5.845  -6.448 0.0000000000
129442  -48.512  -38.656  3.394 0.0000000000
129538  -49.536  -27.231  7.250 0.0000000000
129572  -49.518  -29.182  2.550 0.0000000000
129838  -54.148  -43.939  5.992 0.0000000000
129902  -49.134  -21.433  5.163 0.0000000000
130247  -47.668  -5.950  -1.266 0.0000000000
130302  -52.905  -46.138  7.132 0.0000000000
130325  -47.692  -29.805  2.324 0.0000000000
130376  -46.688  -32.693  5.511 0.0000000000
130407  -54.603  -34.254  5.065 0.0000000000
130449  -46.614  -47.746  15.120 0.0000000000
130487  -52.402  -21.630  4.108 0.0000000000
130535  -44.830  10.973  -7.370 0.0000000000
130584  -49.463  -29.475  6.037 0.0000000000
130618  -51.650  -12.476  6.057 0.0000000000
130629  -49.363  4.055  -4.092 0.0000000000
130665  -54.114  -23.642  3.191 0.0000000000
130671  -56.292  -36.612  5.314 0.0000000000
130714  -36.763  2.351  -0.556 0.0000000000
130737  -58.016  -8.928  5.488 0.0000000000
130794  -49.548  -14.809  3.676 0.0000000000
130799  -42.928  -0.771  1.328 0.0000000000
130877  -49.746  -44.965  10.402 0.0000000000
130893  -49.616  -48.897  12.265 0.0000000000
130976  -42.879  -2.822  1.714 0.0000000000
131048  -57.423  -5.423  2.412 0.0000000000
131125  -55.737  -4.093  0.200 0.0000000000
131190  -42.749  5.532  -6.458 0.0000000000
131199  -47.762  -39.657  1.907 0.0000000000
131606  -50.705  -6.018  -2.794 0.0000000000
131657  -54.054  -23.942  5.180 0.0000000000
131663  -54.945  -43.047  6.503 0.0000000000
131911  -46.972  -36.531  7.132 0.0000000000
132111  -54.729  -33.645  8.620 0.0000000000
132126  -43.846  -5.378  2.733 0.0000000000
132207  -50.929  -36.193  6.695 0.0000000000
132232  -45.465  -23.365  8.186 0.0000000000
132370  -50.004  -39.660  0.955 0.0000000000
132443  -46.844  3.268  -5.942 0.0000000000
132455  -55.292  -21.079  5.813 0.0000000000
132456  -53.086  -3.331  0.294 0.0000000000
132462  -59.878  -19.292  5.956 0.0000000000
132547  -51.708  -32.810  6.794 0.0000000000
132600  -49.491  -2.777  -3.279 0.0000000000
132656  -53.726  -25.404  2.664 0.0000000000
132720  -50.090  -42.877  9.438 0.0000000000
132756  -56.764  -32.469  7.845 0.0000000000
132818  -52.406  -37.010  6.411 0.0000000000
132936  -51.719  -4.590  -2.518 0.0000000000
132984  -44.542  11.039  -6.159 0.0000000000
133019  -46.325  -5.475  3.134 0.0000000000
133089  -54.306  -32.062  6.577 0.0000000000
133175  -46.702  -31.847  5.027 0.0000000000
133186  -45.460  -3.674  -2.275 0.0000000000
133213  -37.135  1.975  -1.393 0.0000000000
133289  -57.504  -30.121  8.231 0.0000000000
133344  -45.350  9.007  -7.061 0.0000000000
133348  -54.718  -24.896  4.098 0.0000000000
133383  -47.344  -37.321  1.027 0.0000000000
133520  -48.771  -28.711  2.812 0.0000000000
133580  -53.648  -4.989  -2.006 0.0000000000
133592  -41.292  7.375  -5.516 0.0000000000
133604  -54.759  -33.182  5.727 0.0000000000
133658  -47.982  -25.283  4.598 0.0000000000
133817  -52.936  -19.340  4.548 0.0000000000
133863  -54.256  -4.669  -1.184 0.0000000000
133926  -41.258  4.484  -2.141 0.0000000000
133942  -49.354  3.004  -4.717 0.0000000000
133984  -54.168  -11.339  5.094 0.0000000000
134034  -54.638  -1.683  2.828 0.0000000000
134036  -56.829  -18.901  4.376 0.0000000000
134080  -51.629  -35.679  2.352 0.0000000000
134099  -45.918  -46.552  13.223 0.0000000000
134251  -57.532  -4.253  2.903 0.0000000000
134274  -57.635  -30.619  7.426 0.0000000000
134283  -56.933  -6.454  2.215 0.0000000000
134309  -45.506  5.886  -1.109 0.0000000000
134321  -44.924  -24.127  9.372 0.0000000000
134508  -48.301  -20.322  5.054 0.0000000000
134618  -37.968  2.909  -1.069 0.0000000000
134633  -47.488  3.831  -0.097 0.0000000000
134894  -55.753  -4.656  0.131 0.0000000000
134930  -54.445  -19.560  4.433 0.0000000000
134938  -39.917  4.022  -0.480 0.0000000000
135068  -54.376  -41.256  6.069 0.0000000000
135090  -41.857  -37.244  6.383 0.0000000000
135147  -59.688  -13.665  8.160 0.0000000000
135257  -42.138  5.286  -6.309 0.0000000000
135338  -51.675  -44.434  6.214 0.0000000000
135400  -53.617  -44.030  5.807 0.0000000000
135416  -49.430  -6.463  2.316 0.0000000000
135606  -60.408  -10.538  5.286 0.0000000000
135635  -53.271  -41.417  6.466 0.0000000000
135683  -45.070  3.935  -5.086 0.0000000000
135775  -50.699  -38.367  0.416 0.0000000000
135939  -57.180  -15.037  3.419 0.0000000000
135970  -57.258  -7.473  2.789 0.0000000000
135996  -52.211  -12.203  5.824 0.0000000000
136053  -56.760  -35.570  6.100 0.0000000000
136126  -56.346  -13.552  10.025 0.0000000000
136138  -50.883  -25.033  3.095 0.0000000000
136177  -54.020  -7.463  1.261 0.0000000000
136194  -44.497  -4.205  -1.013 0.0000000000
136200  -49.307  -3.019  -5.195 0.0000000000
136213  -46.861  5.666  -1.638 0.0000000000
136283  -48.436  -48.009  11.432 0.0000000000
136314  -47.067  -1.322  -4.862 0.0000000000
136338  -58.918  -12.205  6.576 0.0000000000
