#!ascii label  , from subject sub-11 vox2ras=TkReg aparc.a2009s=G_temporal_inf
2860
18837  43.438  -62.421  4.445 0.0000000000
18838  42.869  -62.990  4.504 0.0000000000
18852  43.012  -62.951  3.962 0.0000000000
18853  42.440  -63.354  3.944 0.0000000000
18862  42.573  -62.575  3.218 0.0000000000
18863  41.191  -61.733  2.721 0.0000000000
19794  44.609  -61.087  5.424 0.0000000000
19811  44.168  -61.851  4.982 0.0000000000
19812  43.488  -62.244  4.872 0.0000000000
19821  44.504  -61.262  4.871 0.0000000000
19822  43.993  -61.589  4.108 0.0000000000
19823  43.263  -62.138  3.521 0.0000000000
19834  43.333  -60.857  2.896 0.0000000000
19835  42.603  -61.379  2.609 0.0000000000
19836  41.925  -61.722  2.542 0.0000000000
20731  45.444  -60.068  6.666 0.0000000000
20744  45.025  -60.626  6.132 0.0000000000
20745  44.559  -60.678  5.810 0.0000000000
20746  43.536  -60.391  5.430 0.0000000000
20761  45.293  -60.253  6.246 0.0000000000
20762  44.983  -60.598  5.402 0.0000000000
20763  44.176  -61.467  5.278 0.0000000000
20764  43.144  -61.357  5.126 0.0000000000
20777  44.555  -60.309  4.280 0.0000000000
20778  43.960  -60.192  3.371 0.0000000000
20780  39.399  -59.215  3.427 0.0000000000
20787  43.237  -59.508  2.447 0.0000000000
20788  42.546  -60.166  2.291 0.0000000000
20789  41.942  -60.575  2.269 0.0000000000
20790  40.670  -60.504  2.704 0.0000000000
20791  40.258  -59.607  2.866 0.0000000000
21656  46.228  -58.530  8.617 0.0000000000
21667  46.208  -59.063  8.005 0.0000000000
21668  45.998  -58.810  8.442 0.0000000000
21669  45.826  -59.354  7.697 0.0000000000
21679  46.234  -59.232  7.404 0.0000000000
21680  45.871  -59.646  7.290 0.0000000000
21681  45.560  -59.781  7.062 0.0000000000
21697  44.907  -60.021  6.514 0.0000000000
21698  43.791  -59.496  5.812 0.0000000000
21715  45.402  -59.634  5.623 0.0000000000
21716  44.887  -59.406  4.498 0.0000000000
21726  44.347  -59.233  3.473 0.0000000000
21727  43.836  -59.107  2.824 0.0000000000
21728  39.551  -58.107  3.476 0.0000000000
21729  38.839  -58.284  3.961 0.0000000000
21734  44.154  -58.378  2.953 0.0000000000
21735  43.527  -58.555  2.623 0.0000000000
21736  42.811  -58.668  2.367 0.0000000000
21737  41.222  -58.826  2.475 0.0000000000
21738  40.331  -58.741  2.869 0.0000000000
22564  45.746  -57.611  9.575 0.0000000000
22576  46.110  -58.096  9.203 0.0000000000
22577  45.716  -57.815  9.404 0.0000000000
22588  46.566  -58.482  8.267 0.0000000000
22589  45.984  -58.348  8.992 0.0000000000
22590  45.457  -58.121  8.829 0.0000000000
22602  46.625  -58.523  7.735 0.0000000000
22603  44.991  -59.164  7.238 0.0000000000
22621  46.359  -58.369  6.667 0.0000000000
22639  45.299  -58.274  4.710 0.0000000000
22640  44.692  -58.316  3.662 0.0000000000
22641  39.040  -57.487  4.072 0.0000000000
22649  45.114  -57.343  3.751 0.0000000000
22650  44.541  -57.536  3.214 0.0000000000
22651  41.015  -57.513  3.147 0.0000000000
22652  40.262  -57.809  3.228 0.0000000000
22658  43.970  -57.739  2.852 0.0000000000
22659  43.244  -57.921  2.657 0.0000000000
22660  42.394  -58.013  2.586 0.0000000000
22661  41.529  -58.109  2.660 0.0000000000
23451  45.046  -56.655  10.595 0.0000000000
23452  44.725  -56.439  10.719 0.0000000000
23461  45.485  -57.109  9.976 0.0000000000
23462  45.283  -57.130  10.017 0.0000000000
23463  44.650  -56.816  10.115 0.0000000000
23476  46.579  -58.056  8.658 0.0000000000
23477  46.219  -57.413  9.297 0.0000000000
23478  45.101  -57.457  9.540 0.0000000000
23488  46.924  -57.867  8.006 0.0000000000
23504  46.804  -57.484  7.171 0.0000000000
23519  46.544  -56.768  5.956 0.0000000000
23520  45.881  -57.575  5.410 0.0000000000
23533  46.105  -56.514  4.785 0.0000000000
23534  39.895  -56.547  4.107 0.0000000000
23535  39.238  -56.761  4.307 0.0000000000
23536  38.619  -56.906  4.628 0.0000000000
23548  45.681  -56.328  3.827 0.0000000000
23549  45.040  -56.668  3.303 0.0000000000
23550  43.386  -56.229  3.287 0.0000000000
23551  42.439  -56.384  3.460 0.0000000000
23552  41.393  -56.513  3.623 0.0000000000
23553  40.426  -56.980  3.609 0.0000000000
23554  39.684  -57.285  3.745 0.0000000000
23562  44.460  -56.875  3.127 0.0000000000
23563  43.773  -57.048  3.013 0.0000000000
23564  42.878  -57.202  3.003 0.0000000000
23565  41.915  -57.327  3.077 0.0000000000
24371  43.797  -55.438  12.096 0.0000000000
24382  44.112  -55.699  11.739 0.0000000000
24383  43.527  -55.424  11.815 0.0000000000
24388  45.071  -56.070  10.842 0.0000000000
24389  44.543  -56.132  11.090 0.0000000000
24390  44.136  -56.230  10.609 0.0000000000
24402  45.810  -56.495  9.679 0.0000000000
24417  46.786  -57.178  8.306 0.0000000000
24418  46.339  -56.274  8.688 0.0000000000
24431  46.694  -56.033  7.633 0.0000000000
24447  46.840  -55.631  6.605 0.0000000000
24460  46.849  -55.670  5.820 0.0000000000
24470  46.611  -55.736  5.025 0.0000000000
24481  46.694  -55.093  4.314 0.0000000000
24482  46.176  -55.296  3.590 0.0000000000
24483  45.438  -55.791  3.225 0.0000000000
24484  43.734  -55.432  3.242 0.0000000000
24494  45.724  -55.035  2.982 0.0000000000
24495  45.059  -55.374  2.828 0.0000000000
24496  44.331  -56.016  3.127 0.0000000000
25309  43.151  -54.440  13.642 0.0000000000
25310  42.797  -54.360  13.763 0.0000000000
25313  43.953  -54.695  12.573 0.0000000000
25314  43.463  -54.881  12.867 0.0000000000
25315  43.296  -55.051  12.561 0.0000000000
25316  42.722  -54.643  13.172 0.0000000000
25327  44.269  -55.113  12.001 0.0000000000
25328  43.848  -55.273  12.341 0.0000000000
25332  44.553  -55.560  11.320 0.0000000000
25347  45.449  -55.651  10.020 0.0000000000
25348  45.007  -54.767  10.449 0.0000000000
25364  45.763  -55.363  8.963 0.0000000000
25382  46.149  -55.170  7.979 0.0000000000
25396  46.530  -54.912  7.065 0.0000000000
25397  46.156  -53.833  6.590 0.0000000000
25407  46.953  -54.867  5.690 0.0000000000
25418  46.899  -54.478  4.450 0.0000000000
25431  46.665  -54.404  3.735 0.0000000000
25432  46.237  -54.621  3.181 0.0000000000
25441  46.460  -54.088  3.121 0.0000000000
25442  45.877  -54.292  2.617 0.0000000000
25443  45.033  -54.630  2.424 0.0000000000
25444  44.235  -54.423  2.504 0.0000000000
25447  45.361  -53.959  2.120 0.0000000000
25448  44.748  -53.999  1.988 0.0000000000
25449  44.128  -53.938  2.051 0.0000000000
26318  42.414  -53.476  14.624 0.0000000000
26319  41.954  -53.433  14.893 0.0000000000
26327  43.242  -53.894  13.898 0.0000000000
26328  42.874  -54.035  14.237 0.0000000000
26329  42.373  -53.856  14.278 0.0000000000
26336  44.016  -54.012  12.516 0.0000000000
26337  42.215  -54.117  13.644 0.0000000000
26349  44.298  -53.953  11.886 0.0000000000
26360  44.603  -54.393  11.225 0.0000000000
26374  45.367  -54.455  9.269 0.0000000000
26375  44.928  -53.500  9.493 0.0000000000
26392  45.630  -54.345  8.258 0.0000000000
26393  45.207  -53.472  8.510 0.0000000000
26409  45.535  -53.585  7.570 0.0000000000
26418  46.789  -54.086  5.700 0.0000000000
26419  46.334  -53.421  5.703 0.0000000000
26427  46.715  -53.569  5.014 0.0000000000
26437  46.859  -53.769  4.235 0.0000000000
26445  46.660  -53.609  3.460 0.0000000000
26450  46.389  -53.540  2.793 0.0000000000
26451  45.882  -53.458  2.129 0.0000000000
26454  45.192  -53.432  1.459 0.0000000000
26455  44.354  -53.627  1.454 0.0000000000
26456  43.691  -53.552  1.769 0.0000000000
26466  45.188  -52.820  0.926 0.0000000000
26467  44.422  -53.158  0.717 0.0000000000
26468  43.374  -53.036  0.142 0.0000000000
26469  41.136  -53.282  -0.361 0.0000000000
26470  40.033  -53.466  -0.462 0.0000000000
26471  38.930  -53.561  -0.564 0.0000000000
26472  37.930  -53.406  -0.622 0.0000000000
26473  37.238  -53.163  -0.607 0.0000000000
26481  42.428  -53.181  -0.795 0.0000000000
26482  41.505  -53.477  -0.995 0.0000000000
26483  40.538  -53.632  -1.171 0.0000000000
26484  39.529  -53.672  -1.261 0.0000000000
26485  38.555  -53.492  -1.247 0.0000000000
26486  37.696  -53.220  -1.137 0.0000000000
26489  41.645  -53.316  -1.383 0.0000000000
26490  40.950  -53.334  -1.792 0.0000000000
26491  40.082  -53.547  -1.691 0.0000000000
26492  39.101  -53.480  -1.658 0.0000000000
26493  38.301  -53.214  -1.557 0.0000000000
26494  37.645  -52.984  -1.363 0.0000000000
27341  42.443  -52.734  14.683 0.0000000000
27342  42.034  -53.062  15.172 0.0000000000
27351  43.399  -53.269  13.534 0.0000000000
27352  43.004  -53.232  14.175 0.0000000000
27361  44.037  -53.214  12.221 0.0000000000
27362  43.648  -52.547  12.669 0.0000000000
27374  44.304  -52.805  11.365 0.0000000000
27375  43.980  -52.178  11.693 0.0000000000
27390  44.430  -52.611  10.547 0.0000000000
27391  44.186  -51.930  10.889 0.0000000000
27403  44.541  -52.611  9.724 0.0000000000
27416  44.652  -52.556  8.734 0.0000000000
27429  45.001  -52.811  7.782 0.0000000000
27438  45.400  -52.965  6.915 0.0000000000
27439  45.105  -52.487  6.375 0.0000000000
27447  45.185  -52.351  5.606 0.0000000000
27458  46.583  -53.154  4.418 0.0000000000
27459  46.192  -52.616  4.110 0.0000000000
27460  45.267  -52.117  4.595 0.0000000000
27469  46.622  -53.090  3.733 0.0000000000
27470  46.292  -52.481  3.210 0.0000000000
27476  46.578  -53.052  3.133 0.0000000000
27477  46.324  -52.824  2.496 0.0000000000
27481  38.389  -52.400  1.897 0.0000000000
27482  37.358  -52.519  1.732 0.0000000000
27483  36.423  -52.367  1.444 0.0000000000
27486  45.836  -52.556  1.571 0.0000000000
27489  39.976  -52.499  1.354 0.0000000000
27490  38.877  -52.780  1.183 0.0000000000
27491  37.785  -53.006  1.016 0.0000000000
27492  36.875  -52.855  0.795 0.0000000000
27493  36.201  -52.394  0.600 0.0000000000
27494  35.853  -51.855  0.571 0.0000000000
27503  45.419  -52.264  0.859 0.0000000000
27504  44.797  -52.428  0.298 0.0000000000
27505  44.007  -52.804  -0.025 0.0000000000
27506  41.619  -52.802  0.726 0.0000000000
27507  40.556  -52.869  0.533 0.0000000000
27508  39.438  -53.132  0.388 0.0000000000
27509  38.330  -53.318  0.257 0.0000000000
27510  37.354  -53.247  0.090 0.0000000000
27511  36.675  -52.827  -0.111 0.0000000000
27512  36.228  -52.273  0.113 0.0000000000
27516  44.109  -52.207  -0.524 0.0000000000
27517  43.267  -52.864  -0.652 0.0000000000
27518  42.473  -53.023  -1.280 0.0000000000
27519  37.058  -52.946  -0.840 0.0000000000
27520  36.616  -52.427  -0.329 0.0000000000
27523  41.744  -53.037  -1.745 0.0000000000
27524  41.086  -52.931  -2.080 0.0000000000
27525  39.460  -53.286  -1.915 0.0000000000
27526  38.802  -53.083  -1.879 0.0000000000
27527  38.219  -52.879  -1.715 0.0000000000
27528  40.643  -52.258  -2.294 0.0000000000
27529  40.207  -53.063  -2.138 0.0000000000
27530  39.348  -52.740  -2.131 0.0000000000
27531  38.776  -52.488  -1.942 0.0000000000
28319  43.274  -52.500  13.419 0.0000000000
28352  44.230  -51.881  10.055 0.0000000000
28361  44.265  -52.017  9.302 0.0000000000
28362  43.698  -51.484  9.395 0.0000000000
28363  42.984  -51.134  9.002 0.0000000000
28375  44.045  -51.835  8.578 0.0000000000
28376  43.342  -51.394  8.416 0.0000000000
28388  44.372  -52.157  7.832 0.0000000000
28389  43.735  -51.650  7.758 0.0000000000
28390  43.067  -51.227  7.549 0.0000000000
28400  44.436  -51.951  6.196 0.0000000000
28401  43.637  -51.456  6.419 0.0000000000
28402  43.018  -51.080  6.732 0.0000000000
28414  44.571  -51.840  5.309 0.0000000000
28415  43.846  -51.426  5.569 0.0000000000
28427  45.728  -52.127  3.732 0.0000000000
28428  45.030  -51.611  3.768 0.0000000000
28429  44.224  -51.379  4.584 0.0000000000
28440  45.724  -51.767  3.039 0.0000000000
28441  44.965  -51.207  3.010 0.0000000000
28449  45.568  -51.315  2.221 0.0000000000
28453  36.919  -52.113  2.417 0.0000000000
28454  36.070  -51.861  1.955 0.0000000000
28455  35.670  -51.510  1.382 0.0000000000
28463  45.614  -51.161  1.403 0.0000000000
28464  35.846  -52.068  1.124 0.0000000000
28473  45.312  -51.708  0.476 0.0000000000
28474  37.405  -51.883  -0.695 0.0000000000
28475  36.593  -51.960  -0.347 0.0000000000
28476  36.108  -51.935  0.059 0.0000000000
28481  45.172  -51.065  0.073 0.0000000000
28482  44.838  -51.746  -0.073 0.0000000000
28483  38.508  -51.838  -1.566 0.0000000000
28484  37.895  -52.211  -1.301 0.0000000000
28485  37.235  -52.543  -0.927 0.0000000000
28488  43.800  -51.367  -1.119 0.0000000000
28489  42.726  -51.381  -1.760 0.0000000000
28490  41.673  -52.163  -2.032 0.0000000000
28491  38.904  -51.790  -1.926 0.0000000000
28492  38.344  -52.383  -1.700 0.0000000000
28493  37.839  -52.712  -1.462 0.0000000000
28494  41.777  -51.187  -2.152 0.0000000000
28495  40.975  -51.348  -2.369 0.0000000000
28496  40.067  -51.480  -2.405 0.0000000000
28497  39.385  -51.806  -2.182 0.0000000000
29263  42.540  -50.838  8.182 0.0000000000
29274  42.459  -50.702  7.173 0.0000000000
29275  41.835  -50.268  7.605 0.0000000000
29285  43.136  -50.963  5.918 0.0000000000
29286  42.498  -50.559  6.310 0.0000000000
29287  41.881  -50.155  6.753 0.0000000000
29299  43.331  -50.838  5.053 0.0000000000
29300  42.629  -50.396  5.474 0.0000000000
29309  44.282  -51.006  3.656 0.0000000000
29310  43.533  -50.633  4.182 0.0000000000
29311  42.806  -50.193  4.637 0.0000000000
29316  44.372  -50.699  3.030 0.0000000000
29317  43.747  -50.371  3.394 0.0000000000
29322  45.254  -50.643  1.691 0.0000000000
29323  44.847  -50.683  2.420 0.0000000000
29324  44.109  -50.169  2.677 0.0000000000
29334  45.378  -50.513  1.001 0.0000000000
29335  38.869  -50.575  0.694 0.0000000000
29336  37.797  -50.774  0.711 0.0000000000
29337  36.651  -50.721  0.582 0.0000000000
29338  35.975  -50.760  0.561 0.0000000000
29339  35.659  -50.951  0.893 0.0000000000
29344  39.106  -50.932  -0.234 0.0000000000
29345  38.208  -51.320  0.035 0.0000000000
29346  37.057  -51.412  0.067 0.0000000000
29347  36.270  -51.427  0.228 0.0000000000
29348  35.912  -51.483  0.433 0.0000000000
29352  45.179  -50.322  0.271 0.0000000000
29353  44.881  -50.543  -0.326 0.0000000000
29354  39.145  -51.127  -1.505 0.0000000000
29355  38.399  -51.604  -0.909 0.0000000000
29358  44.375  -50.453  -0.921 0.0000000000
29359  43.601  -50.401  -1.532 0.0000000000
29360  42.832  -50.262  -1.960 0.0000000000
29361  39.459  -51.016  -2.098 0.0000000000
29362  42.044  -50.473  -2.187 0.0000000000
29363  41.223  -49.874  -2.426 0.0000000000
29364  40.393  -50.508  -2.401 0.0000000000
29365  39.759  -50.975  -2.293 0.0000000000
30173  40.908  -49.092  6.935 0.0000000000
30185  41.993  -49.990  5.923 0.0000000000
30186  41.614  -49.298  5.638 0.0000000000
30195  42.425  -49.434  4.324 0.0000000000
30196  41.820  -48.990  4.843 0.0000000000
30201  43.051  -49.922  3.827 0.0000000000
30202  42.703  -49.059  3.475 0.0000000000
30206  44.627  -50.069  1.944 0.0000000000
30207  43.833  -49.427  2.240 0.0000000000
30208  43.180  -49.045  2.771 0.0000000000
30220  45.011  -50.119  1.309 0.0000000000
30221  44.495  -49.450  1.326 0.0000000000
30222  43.807  -48.887  1.637 0.0000000000
30232  45.041  -49.872  0.712 0.0000000000
30233  44.673  -49.197  0.438 0.0000000000
30234  39.640  -50.136  0.382 0.0000000000
30238  44.941  -49.635  0.097 0.0000000000
30239  44.679  -49.007  -0.419 0.0000000000
30240  40.119  -49.460  -0.251 0.0000000000
30241  39.659  -50.237  -0.835 0.0000000000
30245  44.255  -49.488  -1.340 0.0000000000
30246  43.342  -49.498  -1.961 0.0000000000
30247  40.215  -49.219  -2.089 0.0000000000
30248  39.706  -50.191  -1.934 0.0000000000
30249  42.766  -48.619  -2.361 0.0000000000
30250  42.267  -49.581  -2.269 0.0000000000
30251  41.383  -48.876  -2.465 0.0000000000
30252  40.510  -49.485  -2.327 0.0000000000
30253  39.934  -50.221  -2.195 0.0000000000
31196  41.098  -48.846  6.171 0.0000000000
31209  41.348  -48.543  5.412 0.0000000000
31217  42.104  -48.625  4.123 0.0000000000
31218  41.559  -48.087  4.663 0.0000000000
31223  42.278  -48.159  3.480 0.0000000000
31224  41.873  -47.919  4.002 0.0000000000
31235  43.275  -48.644  2.206 0.0000000000
31236  42.776  -47.907  2.203 0.0000000000
31250  44.120  -48.692  0.926 0.0000000000
31251  43.341  -48.159  1.444 0.0000000000
31252  42.801  -47.337  1.641 0.0000000000
31260  44.348  -48.482  0.072 0.0000000000
31261  40.389  -48.639  0.193 0.0000000000
31265  44.370  -48.172  -0.782 0.0000000000
31266  40.279  -48.570  -1.173 0.0000000000
31270  44.381  -48.595  -1.278 0.0000000000
31271  43.895  -48.650  -1.933 0.0000000000
31272  40.368  -48.244  -2.061 0.0000000000
31273  40.632  -48.548  -2.313 0.0000000000
32122  41.211  -47.238  4.908 0.0000000000
32132  41.608  -47.277  4.250 0.0000000000
32142  42.381  -47.489  2.896 0.0000000000
32143  41.961  -47.339  3.593 0.0000000000
32159  42.558  -47.196  2.265 0.0000000000
32171  43.196  -47.408  0.942 0.0000000000
32179  43.969  -47.736  -0.236 0.0000000000
32180  43.704  -48.008  0.566 0.0000000000
32181  40.485  -47.835  -0.458 0.0000000000
32184  44.209  -47.328  -1.078 0.0000000000
32185  40.391  -47.656  -1.564 0.0000000000
32189  44.264  -47.744  -1.573 0.0000000000
32190  44.185  -48.026  -1.886 0.0000000000
32191  40.487  -47.466  -2.103 0.0000000000
32192  44.181  -47.441  -2.040 0.0000000000
32193  43.701  -47.779  -2.261 0.0000000000
32194  42.540  -47.747  -2.498 0.0000000000
32195  41.490  -47.621  -2.528 0.0000000000
32196  40.735  -47.683  -2.346 0.0000000000
33087  41.375  -46.487  4.551 0.0000000000
33101  42.124  -46.625  3.201 0.0000000000
33102  41.733  -46.525  3.854 0.0000000000
33118  42.389  -46.752  2.621 0.0000000000
33127  42.587  -46.453  1.915 0.0000000000
33133  43.450  -46.051  -0.156 0.0000000000
33134  43.225  -46.716  0.488 0.0000000000
33139  44.031  -46.407  -1.170 0.0000000000
33140  40.606  -46.409  -0.282 0.0000000000
33144  44.268  -46.807  -1.861 0.0000000000
33145  40.479  -46.298  -1.426 0.0000000000
33146  43.964  -46.810  -2.280 0.0000000000
33147  42.963  -46.502  -2.554 0.0000000000
33148  41.715  -46.305  -2.555 0.0000000000
33149  40.845  -46.208  -2.400 0.0000000000
33150  40.506  -46.218  -2.101 0.0000000000
34035  41.567  -45.743  4.224 0.0000000000
34047  42.319  -45.305  2.864 0.0000000000
34048  41.972  -45.722  3.448 0.0000000000
34063  42.576  -45.316  2.013 0.0000000000
34081  43.384  -45.107  0.150 0.0000000000
34082  40.636  -45.676  0.430 0.0000000000
34087  43.866  -45.372  -0.927 0.0000000000
34088  40.566  -45.666  -0.794 0.0000000000
34093  44.393  -45.703  -1.845 0.0000000000
34094  40.453  -45.591  -1.795 0.0000000000
34095  44.306  -45.852  -2.081 0.0000000000
34096  43.743  -45.854  -2.439 0.0000000000
34097  42.482  -45.686  -2.583 0.0000000000
34098  40.637  -45.537  -2.239 0.0000000000
35015  42.128  -44.835  3.350 0.0000000000
35016  41.738  -45.012  3.950 0.0000000000
35025  42.468  -44.586  2.675 0.0000000000
35033  43.269  -43.963  1.235 0.0000000000
35034  42.811  -44.302  1.914 0.0000000000
35042  43.960  -44.373  -0.494 0.0000000000
35043  43.503  -44.251  0.473 0.0000000000
35044  40.676  -44.660  0.594 0.0000000000
35047  44.884  -44.084  -1.600 0.0000000000
35048  44.642  -44.108  -1.034 0.0000000000
35052  44.956  -43.960  -1.895 0.0000000000
35053  44.631  -44.828  -2.022 0.0000000000
35054  40.518  -44.966  -1.264 0.0000000000
35055  44.949  -43.684  -2.054 0.0000000000
35056  44.646  -44.358  -2.136 0.0000000000
35057  43.179  -44.915  -2.572 0.0000000000
35058  42.045  -44.215  -2.582 0.0000000000
35059  41.047  -44.124  -2.453 0.0000000000
35060  40.669  -44.176  -2.172 0.0000000000
36040  45.501  -42.780  0.742 0.0000000000
36041  43.796  -43.350  1.352 0.0000000000
36042  40.686  -43.130  0.845 0.0000000000
36048  46.938  -42.901  -0.297 0.0000000000
36049  45.631  -43.098  -0.132 0.0000000000
36050  43.984  -43.787  0.175 0.0000000000
36051  40.756  -43.743  0.237 0.0000000000
36056  46.115  -43.111  -0.843 0.0000000000
36057  45.215  -43.607  -0.928 0.0000000000
36058  44.612  -43.682  -0.328 0.0000000000
36059  40.684  -43.523  -0.815 0.0000000000
36062  47.166  -42.819  -0.820 0.0000000000
36063  46.114  -43.022  -1.183 0.0000000000
36064  45.409  -43.425  -1.423 0.0000000000
36065  40.660  -43.448  -1.778 0.0000000000
36066  46.711  -42.740  -1.187 0.0000000000
36067  45.929  -42.830  -1.474 0.0000000000
36068  45.321  -43.312  -1.725 0.0000000000
36069  43.721  -43.382  -2.475 0.0000000000
36070  42.493  -43.328  -2.534 0.0000000000
36071  41.458  -43.368  -2.460 0.0000000000
36072  40.863  -43.440  -2.249 0.0000000000
37092  40.282  -42.123  2.137 0.0000000000
37098  49.415  -42.346  0.056 0.0000000000
37099  47.748  -42.217  0.718 0.0000000000
37100  46.430  -42.678  0.465 0.0000000000
37101  45.913  -42.379  1.291 0.0000000000
37102  45.024  -42.614  1.439 0.0000000000
37103  44.316  -42.897  1.548 0.0000000000
37104  40.493  -42.605  1.467 0.0000000000
37110  49.438  -42.300  -0.104 0.0000000000
37111  48.738  -42.655  -0.009 0.0000000000
37112  40.681  -42.317  0.650 0.0000000000
37115  49.406  -42.163  -0.390 0.0000000000
37116  48.830  -42.476  -0.407 0.0000000000
37117  48.034  -42.791  -0.343 0.0000000000
37118  40.842  -42.897  -0.028 0.0000000000
37119  49.502  -41.853  -0.622 0.0000000000
37120  49.071  -42.168  -0.688 0.0000000000
37121  47.515  -42.506  -1.159 0.0000000000
37122  45.966  -42.316  -1.639 0.0000000000
37123  40.968  -42.257  -1.913 0.0000000000
37124  40.794  -42.540  -1.152 0.0000000000
37125  45.324  -42.989  -1.890 0.0000000000
37126  44.003  -42.340  -2.232 0.0000000000
37127  42.909  -42.508  -2.418 0.0000000000
37128  41.833  -42.484  -2.422 0.0000000000
37129  41.124  -42.738  -2.263 0.0000000000
37130  40.805  -42.864  -1.970 0.0000000000
38020  40.216  -41.202  2.008 0.0000000000
38022  50.511  -41.455  0.072 0.0000000000
38023  49.784  -41.821  0.272 0.0000000000
38024  48.883  -41.605  0.664 0.0000000000
38025  47.989  -41.548  1.012 0.0000000000
38026  47.078  -41.625  1.388 0.0000000000
38027  46.207  -41.791  1.723 0.0000000000
38028  40.493  -41.743  1.322 0.0000000000
38029  50.389  -41.515  -0.077 0.0000000000
38030  49.914  -41.861  0.151 0.0000000000
38031  40.733  -41.393  0.350 0.0000000000
38032  50.042  -41.468  -0.453 0.0000000000
38033  49.854  -41.924  -0.237 0.0000000000
38034  40.885  -41.608  -0.693 0.0000000000
38035  48.880  -41.923  -1.032 0.0000000000
38036  47.971  -41.986  -1.354 0.0000000000
38037  46.313  -41.652  -1.612 0.0000000000
38038  45.481  -41.677  -1.765 0.0000000000
38039  44.971  -40.980  -1.705 0.0000000000
38040  41.308  -41.654  -1.850 0.0000000000
38041  40.990  -41.815  -1.440 0.0000000000
38042  45.050  -42.411  -2.003 0.0000000000
38043  44.584  -41.640  -1.919 0.0000000000
38044  43.107  -41.702  -2.236 0.0000000000
38045  42.347  -41.881  -2.329 0.0000000000
38046  41.761  -41.682  -2.176 0.0000000000
38937  50.523  -40.313  1.007 0.0000000000
38938  49.314  -40.239  1.158 0.0000000000
38939  48.240  -39.807  1.498 0.0000000000
38942  40.226  -40.272  1.891 0.0000000000
38943  39.819  -40.657  2.655 0.0000000000
38944  50.935  -40.754  0.381 0.0000000000
38945  50.185  -41.041  0.570 0.0000000000
38946  48.390  -40.729  1.201 0.0000000000
38947  47.337  -40.707  1.614 0.0000000000
38948  40.589  -39.962  1.117 0.0000000000
38949  50.918  -40.958  0.036 0.0000000000
38950  41.238  -39.936  -0.304 0.0000000000
38951  40.794  -40.411  0.397 0.0000000000
38952  50.664  -40.997  -0.258 0.0000000000
38953  49.978  -40.769  -0.699 0.0000000000
38954  48.823  -40.361  -1.027 0.0000000000
38955  41.374  -40.407  -1.050 0.0000000000
38956  40.973  -40.792  -0.432 0.0000000000
38957  49.198  -41.203  -1.042 0.0000000000
38958  48.352  -41.231  -1.283 0.0000000000
38959  45.106  -40.291  -1.561 0.0000000000
38960  43.466  -40.142  -1.722 0.0000000000
38961  42.564  -40.307  -1.725 0.0000000000
38962  41.731  -40.886  -1.719 0.0000000000
38963  41.130  -41.146  -1.275 0.0000000000
38964  44.135  -40.812  -1.770 0.0000000000
38965  43.229  -40.922  -1.970 0.0000000000
38966  42.404  -41.196  -2.095 0.0000000000
39882  51.787  -39.530  1.305 0.0000000000
39883  50.850  -39.594  1.381 0.0000000000
39884  48.832  -39.337  1.511 0.0000000000
39888  40.448  -39.455  1.788 0.0000000000
39889  39.887  -39.644  2.619 0.0000000000
39890  51.385  -40.152  0.869 0.0000000000
39891  40.904  -39.272  1.048 0.0000000000
39892  51.932  -39.830  0.815 0.0000000000
39893  51.412  -40.338  0.345 0.0000000000
39894  41.460  -39.124  0.221 0.0000000000
39895  40.949  -39.714  0.483 0.0000000000
39896  51.703  -39.847  0.316 0.0000000000
39897  51.234  -40.448  -0.053 0.0000000000
39898  50.668  -40.247  -0.444 0.0000000000
39899  49.640  -39.783  -0.707 0.0000000000
39900  48.519  -39.259  -0.794 0.0000000000
39901  42.497  -38.936  -0.967 0.0000000000
39902  41.861  -39.410  -0.764 0.0000000000
39903  47.898  -39.678  -1.031 0.0000000000
39904  47.014  -39.525  -1.214 0.0000000000
39905  46.074  -39.405  -1.337 0.0000000000
39906  45.121  -39.397  -1.480 0.0000000000
39907  43.670  -39.353  -1.542 0.0000000000
39908  42.480  -39.522  -1.342 0.0000000000
39909  41.889  -40.038  -1.328 0.0000000000
40842  52.649  -38.207  2.252 0.0000000000
40852  52.019  -38.899  1.922 0.0000000000
40853  51.071  -38.828  1.746 0.0000000000
40856  40.973  -38.284  2.362 0.0000000000
40857  40.341  -38.884  2.384 0.0000000000
40858  52.864  -38.577  1.730 0.0000000000
40859  52.392  -39.222  1.279 0.0000000000
40860  41.942  -38.129  1.328 0.0000000000
40861  41.388  -38.681  1.073 0.0000000000
40862  40.837  -38.801  1.694 0.0000000000
40863  52.779  -38.754  1.278 0.0000000000
40864  52.274  -39.328  0.748 0.0000000000
40865  42.028  -38.400  0.516 0.0000000000
40866  51.855  -39.147  0.221 0.0000000000
40867  51.286  -39.693  -0.178 0.0000000000
40868  50.319  -39.203  -0.435 0.0000000000
40869  49.193  -38.691  -0.550 0.0000000000
40870  48.042  -38.131  -0.604 0.0000000000
40871  46.811  -37.854  -0.806 0.0000000000
40872  42.969  -38.307  -0.821 0.0000000000
40873  42.221  -38.675  -0.325 0.0000000000
40874  47.456  -38.864  -0.905 0.0000000000
40875  46.474  -38.703  -1.121 0.0000000000
40876  45.590  -38.610  -1.312 0.0000000000
40877  44.739  -38.491  -1.413 0.0000000000
40878  43.884  -38.515  -1.399 0.0000000000
41893  53.752  -37.367  2.621 0.0000000000
41894  52.930  -37.805  2.494 0.0000000000
41895  52.403  -37.501  2.691 0.0000000000
41896  50.636  -37.119  2.615 0.0000000000
41897  49.516  -36.956  2.595 0.0000000000
41902  42.000  -37.284  3.214 0.0000000000
41911  53.693  -37.673  2.240 0.0000000000
41912  53.369  -38.055  2.158 0.0000000000
41913  51.270  -38.104  2.176 0.0000000000
41914  50.049  -37.927  2.063 0.0000000000
41917  42.266  -37.382  2.574 0.0000000000
41918  41.506  -37.689  2.807 0.0000000000
41919  40.818  -37.933  3.097 0.0000000000
41921  53.529  -37.733  1.782 0.0000000000
41922  53.280  -38.237  1.772 0.0000000000
41923  43.031  -37.326  1.094 0.0000000000
41924  42.530  -37.506  1.700 0.0000000000
41925  41.760  -37.900  2.083 0.0000000000
41926  53.129  -38.021  1.203 0.0000000000
41927  51.614  -38.076  0.312 0.0000000000
41928  50.482  -37.460  0.182 0.0000000000
41929  43.183  -37.388  0.372 0.0000000000
41930  42.546  -37.779  0.824 0.0000000000
41931  50.955  -38.625  -0.093 0.0000000000
41932  49.725  -37.931  -0.197 0.0000000000
41933  48.794  -36.867  -0.156 0.0000000000
41934  47.392  -37.142  -0.564 0.0000000000
41935  45.848  -37.184  -0.862 0.0000000000
41936  44.968  -36.961  -0.960 0.0000000000
41937  44.152  -37.225  -0.793 0.0000000000
41938  43.399  -37.588  -0.450 0.0000000000
41939  42.679  -37.982  -0.014 0.0000000000
41940  45.979  -38.002  -1.120 0.0000000000
41941  45.224  -37.789  -1.204 0.0000000000
41942  44.420  -37.765  -1.215 0.0000000000
41943  43.687  -37.910  -1.105 0.0000000000
42955  53.877  -36.316  3.619 0.0000000000
42956  52.968  -36.316  3.652 0.0000000000
42957  52.021  -36.199  3.624 0.0000000000
42977  54.503  -36.128  3.491 0.0000000000
42978  54.260  -36.812  3.100 0.0000000000
42979  52.834  -37.032  3.098 0.0000000000
42980  51.581  -36.791  3.025 0.0000000000
42981  49.927  -36.406  3.097 0.0000000000
42985  43.248  -36.293  3.543 0.0000000000
42986  42.705  -36.806  3.197 0.0000000000
43000  54.478  -36.434  3.163 0.0000000000
43001  54.121  -37.082  2.729 0.0000000000
43002  44.153  -35.994  2.301 0.0000000000
43003  43.545  -36.365  2.835 0.0000000000
43004  42.989  -36.940  2.323 0.0000000000
43013  54.357  -36.629  2.808 0.0000000000
43014  53.996  -37.057  2.327 0.0000000000
43015  53.459  -36.934  1.686 0.0000000000
43016  52.519  -36.493  1.300 0.0000000000
43017  44.278  -36.067  1.337 0.0000000000
43018  43.627  -36.760  0.921 0.0000000000
43019  43.178  -37.037  1.603 0.0000000000
43021  53.046  -37.424  1.343 0.0000000000
43022  52.285  -37.421  0.802 0.0000000000
43023  51.079  -36.837  0.505 0.0000000000
43024  50.081  -36.367  0.337 0.0000000000
43025  49.187  -36.020  0.165 0.0000000000
43026  44.381  -36.213  0.344 0.0000000000
43027  43.852  -36.891  -0.069 0.0000000000
43028  49.627  -36.924  0.098 0.0000000000
43029  47.831  -36.469  -0.329 0.0000000000
43030  46.953  -36.272  -0.488 0.0000000000
43031  46.024  -36.256  -0.608 0.0000000000
43032  44.614  -36.501  -0.430 0.0000000000
43972  54.373  -35.026  4.514 0.0000000000
43973  53.256  -35.144  4.678 0.0000000000
43974  51.666  -35.038  5.051 0.0000000000
43975  50.914  -35.098  5.079 0.0000000000
43976  50.043  -35.134  5.052 0.0000000000
43987  54.775  -35.671  3.920 0.0000000000
43988  54.094  -35.738  4.103 0.0000000000
43989  53.129  -35.735  4.137 0.0000000000
43990  51.531  -35.511  4.334 0.0000000000
43991  50.565  -35.481  4.323 0.0000000000
43992  49.722  -35.512  4.265 0.0000000000
43999  54.772  -35.737  3.618 0.0000000000
44000  51.068  -35.976  3.637 0.0000000000
44001  50.212  -35.894  3.651 0.0000000000
44002  49.459  -35.935  3.613 0.0000000000
44004  44.535  -35.194  3.620 0.0000000000
44005  43.868  -35.818  3.473 0.0000000000
44011  54.678  -35.934  3.309 0.0000000000
44012  54.267  -35.761  2.713 0.0000000000
44013  53.316  -35.296  2.186 0.0000000000
44014  45.597  -34.711  1.860 0.0000000000
44015  44.462  -35.564  2.858 0.0000000000
44025  53.806  -36.381  2.241 0.0000000000
44026  52.922  -35.844  1.707 0.0000000000
44027  51.903  -35.173  1.344 0.0000000000
44028  50.957  -34.962  0.911 0.0000000000
44029  45.475  -34.949  1.023 0.0000000000
44030  44.874  -35.379  1.848 0.0000000000
44034  51.511  -36.088  0.945 0.0000000000
44035  50.566  -35.717  0.628 0.0000000000
44036  49.696  -35.337  0.421 0.0000000000
44037  47.873  -35.027  0.021 0.0000000000
44038  47.079  -34.753  0.054 0.0000000000
44039  46.185  -34.908  0.031 0.0000000000
44040  45.533  -35.181  0.268 0.0000000000
44041  44.902  -35.516  0.711 0.0000000000
44044  48.296  -35.791  -0.037 0.0000000000
44045  47.419  -35.585  -0.224 0.0000000000
44046  46.533  -35.482  -0.292 0.0000000000
44047  45.734  -35.560  -0.273 0.0000000000
44048  45.015  -35.741  -0.116 0.0000000000
44863  50.205  -34.130  8.047 0.0000000000
44886  51.205  -34.135  7.277 0.0000000000
44887  50.500  -34.308  7.357 0.0000000000
44888  49.711  -34.419  7.449 0.0000000000
44901  52.781  -34.171  6.002 0.0000000000
44902  51.831  -34.269  6.490 0.0000000000
44903  50.908  -34.484  6.599 0.0000000000
44904  50.039  -34.585  6.638 0.0000000000
44911  55.533  -34.325  4.384 0.0000000000
44912  55.011  -34.575  4.600 0.0000000000
44913  53.512  -34.057  5.656 0.0000000000
44914  52.347  -34.696  5.402 0.0000000000
44915  51.341  -34.701  5.752 0.0000000000
44916  50.459  -34.775  5.831 0.0000000000
44917  49.574  -34.847  5.810 0.0000000000
44923  55.271  -35.143  4.069 0.0000000000
44930  55.576  -34.541  4.113 0.0000000000
44931  55.139  -35.237  3.838 0.0000000000
44932  45.719  -34.341  3.411 0.0000000000
44933  45.056  -34.674  3.735 0.0000000000
44941  55.282  -34.390  3.722 0.0000000000
44942  54.597  -34.934  3.212 0.0000000000
44943  53.727  -34.595  2.576 0.0000000000
44944  52.761  -34.275  2.029 0.0000000000
44945  46.322  -34.144  2.648 0.0000000000
44946  45.810  -34.468  2.527 0.0000000000
44947  45.179  -34.916  2.859 0.0000000000
44956  51.998  -34.124  1.544 0.0000000000
44957  51.241  -34.089  1.198 0.0000000000
44958  47.449  -33.708  1.226 0.0000000000
44959  46.695  -34.055  1.151 0.0000000000
44960  46.053  -34.458  1.115 0.0000000000
44965  50.409  -34.096  0.842 0.0000000000
44966  49.472  -34.293  0.577 0.0000000000
44967  48.584  -34.141  0.500 0.0000000000
44968  47.253  -34.100  0.603 0.0000000000
44969  46.522  -34.443  0.539 0.0000000000
44970  45.940  -34.723  0.533 0.0000000000
45833  51.153  -33.470  8.234 0.0000000000
45834  50.572  -33.701  8.448 0.0000000000
45850  53.010  -33.088  6.787 0.0000000000
45851  52.339  -33.162  7.359 0.0000000000
45852  50.835  -33.952  7.886 0.0000000000
45859  55.628  -33.296  5.237 0.0000000000
45860  54.645  -33.184  5.658 0.0000000000
45861  53.234  -33.634  6.211 0.0000000000
45862  52.481  -33.702  6.735 0.0000000000
45863  51.809  -33.751  7.287 0.0000000000
45870  55.761  -33.736  4.741 0.0000000000
45871  54.968  -33.916  5.150 0.0000000000
45872  54.044  -33.671  5.646 0.0000000000
45882  55.829  -33.782  4.422 0.0000000000
45892  55.751  -33.681  4.026 0.0000000000
45893  55.029  -33.201  3.492 0.0000000000
45894  48.225  -33.268  2.930 0.0000000000
45895  47.469  -33.551  3.125 0.0000000000
45906  54.212  -33.755  3.003 0.0000000000
45907  53.161  -33.576  2.306 0.0000000000
45908  52.340  -33.407  1.739 0.0000000000
45909  49.002  -32.958  1.599 0.0000000000
45910  48.490  -33.156  2.046 0.0000000000
45911  47.663  -33.511  2.164 0.0000000000
45912  46.853  -33.871  1.925 0.0000000000
45919  51.597  -33.341  1.401 0.0000000000
45920  50.717  -33.279  1.124 0.0000000000
45921  49.305  -33.108  1.108 0.0000000000
45922  48.401  -33.369  1.300 0.0000000000
45928  49.808  -33.469  0.860 0.0000000000
45929  48.909  -33.600  0.783 0.0000000000
45930  48.046  -33.797  0.730 0.0000000000
46854  51.102  -32.505  8.973 0.0000000000
46874  51.497  -32.753  8.441 0.0000000000
46875  50.883  -33.164  8.770 0.0000000000
46886  52.844  -32.475  7.295 0.0000000000
46887  52.169  -32.545  7.876 0.0000000000
46888  51.716  -33.265  7.865 0.0000000000
46896  56.189  -31.733  5.790 0.0000000000
46897  55.987  -32.590  5.424 0.0000000000
46898  54.405  -32.534  6.196 0.0000000000
46899  53.571  -32.458  6.732 0.0000000000
46917  56.657  -32.253  5.143 0.0000000000
46918  56.234  -33.114  4.890 0.0000000000
46934  56.624  -32.329  4.881 0.0000000000
46935  56.086  -32.967  4.525 0.0000000000
46936  50.308  -32.120  3.699 0.0000000000
46937  49.813  -32.337  4.209 0.0000000000
46953  56.319  -31.913  4.227 0.0000000000
46954  55.654  -32.368  3.767 0.0000000000
46955  54.767  -32.142  3.150 0.0000000000
46956  49.983  -32.383  2.881 0.0000000000
46957  49.556  -32.531  3.616 0.0000000000
46958  48.740  -32.951  3.750 0.0000000000
46969  53.975  -32.043  2.570 0.0000000000
46970  52.753  -32.809  2.040 0.0000000000
46971  51.831  -32.231  1.794 0.0000000000
46972  51.015  -32.291  1.849 0.0000000000
46973  50.170  -32.421  2.045 0.0000000000
46974  49.207  -32.747  2.505 0.0000000000
46982  51.314  -32.753  1.446 0.0000000000
46983  50.498  -32.698  1.430 0.0000000000
46984  49.692  -32.747  1.527 0.0000000000
47824  51.366  -31.713  9.034 0.0000000000
47839  51.943  -31.847  8.421 0.0000000000
47840  51.882  -30.997  8.761 0.0000000000
47847  53.568  -31.260  7.376 0.0000000000
47848  52.754  -31.689  7.748 0.0000000000
47864  57.151  -31.070  5.358 0.0000000000
47865  56.840  -31.600  5.387 0.0000000000
47866  54.348  -30.863  7.081 0.0000000000
47867  54.211  -31.737  6.704 0.0000000000
47868  49.833  -31.482  5.851 0.0000000000
47886  56.993  -31.731  5.047 0.0000000000
47887  49.455  -32.149  5.424 0.0000000000
47895  57.136  -31.034  4.829 0.0000000000
47896  56.758  -31.493  4.574 0.0000000000
47897  51.506  -31.272  3.969 0.0000000000
47898  50.839  -31.552  4.352 0.0000000000
47899  50.057  -31.986  4.821 0.0000000000
47905  56.773  -30.771  4.274 0.0000000000
47906  56.380  -30.946  3.880 0.0000000000
47907  55.842  -31.226  3.550 0.0000000000
47908  55.244  -31.461  3.271 0.0000000000
47909  53.082  -31.191  2.737 0.0000000000
47910  52.078  -31.309  3.127 0.0000000000
47911  51.146  -31.672  3.323 0.0000000000
47918  55.346  -30.814  3.227 0.0000000000
47919  54.607  -31.344  2.929 0.0000000000
47920  54.062  -31.084  2.736 0.0000000000
47921  52.411  -31.743  2.295 0.0000000000
47922  51.534  -31.841  2.387 0.0000000000
47923  50.687  -32.086  2.634 0.0000000000
48722  53.066  -30.145  8.161 0.0000000000
48723  52.517  -30.978  8.290 0.0000000000
48729  55.270  -29.769  7.104 0.0000000000
48730  54.449  -30.054  7.377 0.0000000000
48731  53.704  -30.471  7.600 0.0000000000
48732  53.112  -30.904  7.849 0.0000000000
48745  57.333  -30.246  5.863 0.0000000000
48746  56.729  -30.996  5.961 0.0000000000
48747  55.861  -30.480  6.534 0.0000000000
48748  55.000  -30.458  6.894 0.0000000000
48749  50.448  -30.100  6.272 0.0000000000
48759  57.454  -30.400  5.130 0.0000000000
48760  51.573  -30.122  5.340 0.0000000000
48761  50.911  -30.492  5.646 0.0000000000
48767  57.086  -30.265  4.385 0.0000000000
48768  53.342  -30.154  3.950 0.0000000000
48769  52.551  -30.272  4.360 0.0000000000
48770  52.032  -30.804  4.091 0.0000000000
48771  51.363  -30.879  4.827 0.0000000000
48776  56.547  -30.216  3.796 0.0000000000
48777  55.965  -30.349  3.451 0.0000000000
48778  55.393  -30.371  3.292 0.0000000000
48779  54.625  -30.507  3.162 0.0000000000
48780  53.702  -30.616  3.191 0.0000000000
48781  52.791  -30.717  3.528 0.0000000000
49633  51.465  -29.024  9.380 0.0000000000
49649  53.337  -29.249  8.259 0.0000000000
49650  52.648  -29.460  8.578 0.0000000000
49651  51.966  -29.642  8.949 0.0000000000
49659  56.543  -28.804  6.972 0.0000000000
49660  55.628  -28.924  7.303 0.0000000000
49661  54.623  -29.091  7.644 0.0000000000
49662  53.822  -29.649  7.820 0.0000000000
49675  57.674  -29.293  6.051 0.0000000000
49676  57.055  -29.510  6.456 0.0000000000
49677  56.159  -29.608  6.772 0.0000000000
49678  50.545  -29.202  6.424 0.0000000000
49690  57.687  -29.720  5.466 0.0000000000
49691  52.519  -29.075  5.204 0.0000000000
49692  51.781  -29.308  5.548 0.0000000000
49693  51.102  -29.656  5.935 0.0000000000
49699  57.510  -29.509  4.603 0.0000000000
49700  54.640  -29.305  3.888 0.0000000000
49701  53.741  -29.455  4.243 0.0000000000
49702  52.919  -29.604  4.603 0.0000000000
49703  52.215  -29.808  5.006 0.0000000000
49708  57.201  -28.923  3.978 0.0000000000
49709  56.344  -29.718  3.613 0.0000000000
49710  55.877  -29.833  3.421 0.0000000000
49711  55.135  -29.907  3.371 0.0000000000
49712  54.216  -29.999  3.562 0.0000000000
50614  52.085  -27.811  9.246 0.0000000000
50633  53.593  -28.573  8.334 0.0000000000
50634  52.731  -28.045  8.875 0.0000000000
50635  52.239  -28.736  8.970 0.0000000000
50648  56.958  -27.989  7.104 0.0000000000
50649  56.075  -28.065  7.436 0.0000000000
50650  54.281  -28.158  8.177 0.0000000000
50651  53.916  -28.946  8.042 0.0000000000
50662  58.024  -27.667  6.379 0.0000000000
50663  57.903  -28.409  6.197 0.0000000000
50664  57.343  -28.670  6.599 0.0000000000
50665  50.519  -28.298  6.422 0.0000000000
50680  58.221  -27.923  5.841 0.0000000000
50681  58.005  -28.830  5.410 0.0000000000
50682  52.794  -28.245  5.264 0.0000000000
50683  51.256  -28.658  6.043 0.0000000000
50694  58.200  -27.935  5.041 0.0000000000
50695  57.740  -28.532  4.466 0.0000000000
50696  54.967  -28.463  4.165 0.0000000000
50697  53.534  -28.074  4.943 0.0000000000
50698  53.262  -28.869  4.830 0.0000000000
50703  57.453  -28.186  4.028 0.0000000000
50704  57.047  -28.378  3.795 0.0000000000
50705  56.338  -29.174  3.615 0.0000000000
50706  55.572  -29.227  3.618 0.0000000000
51597  52.200  -26.765  9.360 0.0000000000
51598  51.414  -27.286  9.604 0.0000000000
51611  55.120  -26.694  8.207 0.0000000000
51612  54.267  -27.030  8.471 0.0000000000
51613  52.865  -27.216  9.030 0.0000000000
51629  57.432  -27.263  7.063 0.0000000000
51630  56.550  -27.256  7.511 0.0000000000
51631  55.649  -27.321  7.868 0.0000000000
51645  58.310  -27.236  6.113 0.0000000000
51646  57.975  -27.131  6.609 0.0000000000
51647  51.028  -27.776  6.101 0.0000000000
51648  50.407  -27.563  6.307 0.0000000000
51649  49.853  -27.844  6.599 0.0000000000
51659  58.373  -27.385  5.549 0.0000000000
51660  53.098  -27.363  5.159 0.0000000000
51661  52.245  -27.506  5.500 0.0000000000
51662  51.488  -27.200  5.728 0.0000000000
51663  50.737  -27.039  5.974 0.0000000000
51675  58.355  -27.103  4.893 0.0000000000
51676  57.966  -27.649  4.339 0.0000000000
51677  55.939  -28.219  3.845 0.0000000000
51678  55.160  -27.618  4.281 0.0000000000
51679  54.289  -27.703  4.633 0.0000000000
51691  58.171  -26.682  4.225 0.0000000000
51692  57.586  -27.272  3.898 0.0000000000
51693  57.129  -27.385  3.728 0.0000000000
51694  56.482  -27.296  3.816 0.0000000000
52437  52.274  -25.993  9.366 0.0000000000
52438  51.456  -26.243  9.654 0.0000000000
52446  54.562  -26.272  8.379 0.0000000000
52447  53.884  -26.233  8.646 0.0000000000
52448  53.024  -26.162  9.067 0.0000000000
52459  56.941  -26.604  7.343 0.0000000000
52460  55.993  -26.499  7.787 0.0000000000
52461  55.167  -26.065  8.095 0.0000000000
52475  58.184  -26.607  6.241 0.0000000000
52476  57.649  -26.614  6.837 0.0000000000
52477  57.171  -26.115  6.991 0.0000000000
52478  49.869  -27.001  6.249 0.0000000000
52479  48.914  -26.863  6.233 0.0000000000
52486  58.428  -26.722  5.587 0.0000000000
52487  52.061  -26.574  5.259 0.0000000000
52488  51.148  -26.430  5.452 0.0000000000
52489  50.278  -26.365  5.605 0.0000000000
52490  49.353  -26.377  5.634 0.0000000000
52491  48.395  -26.465  5.525 0.0000000000
52492  47.395  -26.569  5.279 0.0000000000
52493  46.610  -26.508  5.090 0.0000000000
52501  58.485  -26.211  4.817 0.0000000000
52502  55.693  -27.190  4.088 0.0000000000
52503  54.808  -26.767  4.303 0.0000000000
52504  53.911  -26.046  4.204 0.0000000000
52505  52.317  -25.909  4.598 0.0000000000
52506  51.549  -25.855  4.801 0.0000000000
52507  48.785  -26.068  4.855 0.0000000000
52508  47.847  -26.334  4.573 0.0000000000
52509  47.049  -26.383  4.378 0.0000000000
52510  46.540  -26.188  4.586 0.0000000000
52525  57.979  -26.182  3.678 0.0000000000
52526  57.463  -26.382  3.586 0.0000000000
52527  56.899  -26.394  3.504 0.0000000000
52528  55.872  -26.308  3.688 0.0000000000
52529  54.838  -25.829  3.577 0.0000000000
52530  54.005  -25.454  3.056 0.0000000000
53292  52.499  -25.590  9.124 0.0000000000
53293  51.886  -25.469  9.366 0.0000000000
53301  54.239  -25.790  8.251 0.0000000000
53302  52.892  -25.445  8.704 0.0000000000
53303  52.188  -25.073  8.989 0.0000000000
53309  56.521  -26.151  7.419 0.0000000000
53310  55.843  -25.918  7.634 0.0000000000
53311  55.030  -25.737  7.727 0.0000000000
53312  53.697  -25.389  7.798 0.0000000000
53313  52.999  -25.185  8.017 0.0000000000
53326  57.857  -26.071  6.389 0.0000000000
53327  57.240  -25.642  6.382 0.0000000000
53328  55.641  -25.562  7.009 0.0000000000
53329  54.756  -25.392  6.965 0.0000000000
53330  53.938  -25.229  6.955 0.0000000000
53342  58.414  -25.303  4.534 0.0000000000
53343  58.200  -25.153  5.124 0.0000000000
53344  57.448  -25.064  5.553 0.0000000000
53345  50.641  -25.793  4.907 0.0000000000
53346  49.713  -25.838  4.945 0.0000000000
53347  46.043  -25.706  5.074 0.0000000000
53351  58.441  -25.113  3.957 0.0000000000
53352  52.969  -25.590  3.673 0.0000000000
53353  51.925  -25.462  3.824 0.0000000000
53354  51.005  -25.426  4.031 0.0000000000
53355  50.051  -25.508  4.054 0.0000000000
53356  49.022  -25.773  3.963 0.0000000000
53357  47.545  -26.098  3.639 0.0000000000
53358  46.951  -26.084  3.891 0.0000000000
53359  46.530  -25.531  4.368 0.0000000000
53366  57.693  -25.586  3.377 0.0000000000
53367  57.191  -25.576  3.202 0.0000000000
53368  56.454  -25.480  3.005 0.0000000000
53369  55.550  -25.449  2.830 0.0000000000
53370  54.771  -25.372  2.399 0.0000000000
53371  53.290  -25.531  1.911 0.0000000000
53372  52.309  -25.491  2.298 0.0000000000
53373  51.302  -25.416  2.695 0.0000000000
53374  50.444  -25.414  3.045 0.0000000000
53375  49.402  -25.540  2.647 0.0000000000
53376  47.870  -25.818  2.906 0.0000000000
53377  47.352  -25.864  3.387 0.0000000000
53378  46.965  -25.410  3.697 0.0000000000
53385  57.839  -25.084  3.272 0.0000000000
53386  57.437  -25.015  2.995 0.0000000000
53387  56.834  -24.920  2.582 0.0000000000
53388  55.945  -24.934  2.163 0.0000000000
53389  54.399  -25.246  0.777 0.0000000000
53390  53.481  -25.654  0.654 0.0000000000
53391  52.587  -25.837  0.721 0.0000000000
53392  51.604  -25.809  0.985 0.0000000000
53393  50.528  -25.559  1.477 0.0000000000
53394  49.707  -25.367  1.455 0.0000000000
53395  48.681  -25.450  2.283 0.0000000000
53407  54.095  -25.123  0.496 0.0000000000
53408  53.547  -25.396  0.394 0.0000000000
53409  52.803  -25.594  0.317 0.0000000000
53410  51.919  -25.731  0.266 0.0000000000
53411  51.108  -25.631  0.430 0.0000000000
53412  50.449  -25.468  0.725 0.0000000000
54192  52.333  -24.894  8.341 0.0000000000
54201  53.149  -25.008  7.129 0.0000000000
54202  52.428  -24.715  7.451 0.0000000000
54212  56.366  -25.205  6.071 0.0000000000
54213  55.283  -25.062  6.211 0.0000000000
54214  54.419  -24.869  6.213 0.0000000000
54215  53.504  -24.531  6.144 0.0000000000
54216  52.607  -24.396  6.522 0.0000000000
54227  58.247  -24.713  4.434 0.0000000000
54228  57.803  -24.481  4.741 0.0000000000
54229  56.831  -24.264  4.994 0.0000000000
54230  55.747  -24.421  5.430 0.0000000000
54231  54.315  -24.092  5.492 0.0000000000
54232  46.206  -24.777  4.962 0.0000000000
54236  58.335  -24.649  4.025 0.0000000000
54237  57.984  -24.053  4.031 0.0000000000
54238  46.621  -24.553  4.294 0.0000000000
54241  58.161  -24.812  3.577 0.0000000000
54242  57.965  -24.229  3.542 0.0000000000
54243  48.080  -25.413  2.461 0.0000000000
54244  47.516  -25.264  3.040 0.0000000000
54258  57.716  -24.569  3.107 0.0000000000
54259  57.229  -24.396  2.605 0.0000000000
54260  56.351  -24.359  2.031 0.0000000000
54261  55.282  -24.798  1.337 0.0000000000
54262  49.208  -25.197  1.472 0.0000000000
54263  48.534  -25.052  1.914 0.0000000000
54264  47.925  -24.720  2.491 0.0000000000
54275  55.533  -24.356  1.535 0.0000000000
54276  54.835  -24.917  0.850 0.0000000000
54277  53.196  -25.296  0.257 0.0000000000
54278  52.119  -25.332  0.170 0.0000000000
54279  51.317  -25.400  0.091 0.0000000000
54280  49.958  -25.072  0.714 0.0000000000
54281  49.148  -24.576  1.257 0.0000000000
55177  52.878  -23.887  5.809 0.0000000000
55187  56.783  -23.308  4.266 0.0000000000
55188  56.041  -23.512  4.680 0.0000000000
55189  54.564  -23.016  4.896 0.0000000000
55190  53.612  -23.496  5.397 0.0000000000
55191  52.810  -23.014  5.454 0.0000000000
55196  57.290  -23.339  3.689 0.0000000000
55197  46.741  -23.558  4.205 0.0000000000
55204  57.618  -23.904  2.914 0.0000000000
55205  57.359  -23.262  3.033 0.0000000000
55206  47.853  -23.732  2.771 0.0000000000
55207  47.071  -24.391  3.642 0.0000000000
55220  57.074  -23.652  2.523 0.0000000000
55221  55.505  -23.382  2.154 0.0000000000
55222  54.637  -23.351  2.208 0.0000000000
55223  53.032  -23.748  1.869 0.0000000000
55224  52.032  -23.729  1.860 0.0000000000
55225  48.424  -24.175  1.983 0.0000000000
55231  54.671  -24.357  1.239 0.0000000000
55232  53.676  -24.623  0.804 0.0000000000
55233  52.665  -24.658  0.662 0.0000000000
55234  51.203  -23.544  1.267 0.0000000000
55235  50.683  -24.669  0.341 0.0000000000
55236  49.844  -23.967  0.687 0.0000000000
55237  49.024  -23.517  1.442 0.0000000000
56084  52.792  -21.769  5.266 0.0000000000
56097  56.228  -22.702  4.163 0.0000000000
56098  55.549  -22.679  4.454 0.0000000000
56099  55.011  -21.806  4.343 0.0000000000
56100  53.870  -22.151  4.908 0.0000000000
56101  46.404  -22.266  4.807 0.0000000000
56109  56.565  -22.717  3.754 0.0000000000
56110  55.795  -22.056  3.915 0.0000000000
56111  46.730  -22.512  4.148 0.0000000000
56118  56.936  -22.877  3.301 0.0000000000
56119  56.323  -22.496  3.407 0.0000000000
56120  55.506  -21.894  3.690 0.0000000000
56121  48.187  -22.116  2.901 0.0000000000
56122  47.293  -23.355  3.533 0.0000000000
56128  56.851  -22.922  2.828 0.0000000000
56129  56.120  -22.574  2.854 0.0000000000
56130  55.056  -22.221  3.055 0.0000000000
56131  53.854  -22.914  2.698 0.0000000000
56132  52.613  -22.739  2.861 0.0000000000
56133  51.638  -22.696  2.545 0.0000000000
56134  49.597  -22.778  1.107 0.0000000000
56135  48.917  -22.441  1.959 0.0000000000
56142  50.805  -23.575  0.832 0.0000000000
56143  50.306  -22.972  0.751 0.0000000000
56144  50.836  -22.872  1.214 0.0000000000
56145  50.704  -22.557  1.002 0.0000000000
56146  50.412  -22.070  0.757 0.0000000000
56909  53.268  -20.686  4.903 0.0000000000
56910  52.190  -20.919  5.321 0.0000000000
56919  54.431  -20.976  4.261 0.0000000000
56920  53.743  -21.039  4.731 0.0000000000
56932  54.970  -21.251  3.979 0.0000000000
56933  54.356  -20.625  4.023 0.0000000000
56934  46.445  -21.605  4.419 0.0000000000
56940  54.740  -21.121  3.859 0.0000000000
56941  54.179  -20.571  3.897 0.0000000000
56942  51.885  -20.418  3.315 0.0000000000
56943  48.242  -21.259  3.098 0.0000000000
56944  47.601  -21.464  3.542 0.0000000000
56945  46.818  -21.621  3.927 0.0000000000
56952  53.841  -21.456  3.452 0.0000000000
56953  52.327  -21.570  3.270 0.0000000000
56954  51.357  -21.676  2.615 0.0000000000
56955  49.493  -21.795  1.507 0.0000000000
56956  48.842  -21.488  2.383 0.0000000000
56962  51.104  -22.484  1.890 0.0000000000
56963  49.898  -21.989  0.893 0.0000000000
56964  50.977  -22.103  1.058 0.0000000000
56965  50.781  -21.827  0.722 0.0000000000
57706  52.223  -20.053  5.201 0.0000000000
57714  53.872  -20.304  4.272 0.0000000000
57715  53.077  -20.057  4.747 0.0000000000
57724  53.844  -20.205  4.069 0.0000000000
57725  53.343  -19.838  4.221 0.0000000000
57726  46.179  -20.985  4.544 0.0000000000
57727  45.932  -20.422  4.413 0.0000000000
57731  53.487  -20.291  3.789 0.0000000000
57732  47.844  -20.663  3.522 0.0000000000
57733  46.971  -20.845  3.879 0.0000000000
57734  46.337  -20.964  4.184 0.0000000000
57739  51.286  -20.790  1.851 0.0000000000
57740  49.500  -20.801  1.786 0.0000000000
57741  48.635  -20.641  2.829 0.0000000000
57750  51.205  -21.515  1.237 0.0000000000
57751  50.569  -19.774  0.476 0.0000000000
57752  51.150  -21.299  0.757 0.0000000000
57753  50.796  -20.976  0.476 0.0000000000
57754  50.368  -21.486  0.731 0.0000000000
58487  51.700  -19.704  5.307 0.0000000000
58498  52.546  -19.451  4.718 0.0000000000
58499  51.538  -19.048  5.194 0.0000000000
58510  52.739  -19.382  4.096 0.0000000000
58511  51.945  -18.765  4.491 0.0000000000
58512  45.563  -19.793  4.559 0.0000000000
58513  45.063  -19.130  4.654 0.0000000000
58519  52.034  -18.939  3.855 0.0000000000
58520  47.175  -19.948  3.837 0.0000000000
58521  46.191  -19.580  3.962 0.0000000000
58522  45.660  -19.808  4.301 0.0000000000
58523  45.073  -19.149  4.300 0.0000000000
58527  49.415  -19.079  2.233 0.0000000000
58528  49.091  -19.878  2.499 0.0000000000
58537  52.225  -19.243  0.658 0.0000000000
58538  51.825  -20.065  1.107 0.0000000000
58539  49.893  -19.827  1.260 0.0000000000
58544  51.471  -20.295  0.660 0.0000000000
59353  51.535  -18.091  4.537 0.0000000000
59354  44.403  -18.578  4.269 0.0000000000
59355  43.831  -17.970  4.465 0.0000000000
59361  51.697  -18.298  3.842 0.0000000000
59362  48.150  -17.893  3.504 0.0000000000
59363  47.282  -18.372  3.751 0.0000000000
59364  46.076  -18.774  3.873 0.0000000000
59365  45.030  -18.819  3.837 0.0000000000
59366  44.357  -18.666  3.974 0.0000000000
59367  43.579  -18.115  3.656 0.0000000000
59372  51.589  -18.812  2.265 0.0000000000
59373  49.560  -18.245  2.136 0.0000000000
59374  48.835  -18.411  2.996 0.0000000000
59381  52.648  -18.678  0.711 0.0000000000
59382  52.331  -19.285  1.107 0.0000000000
59383  50.633  -18.616  0.396 0.0000000000
59384  50.103  -19.038  1.067 0.0000000000
59390  52.540  -18.616  0.490 0.0000000000
59391  51.358  -19.165  0.220 0.0000000000
60215  43.337  -17.220  5.024 0.0000000000
60225  42.884  -17.525  3.709 0.0000000000
60226  41.734  -17.303  2.831 0.0000000000
60233  51.415  -17.275  3.394 0.0000000000
60234  48.269  -17.097  3.444 0.0000000000
60235  47.402  -17.408  3.668 0.0000000000
60236  46.429  -17.782  3.751 0.0000000000
60237  45.251  -18.159  3.657 0.0000000000
60238  43.063  -18.175  2.913 0.0000000000
60239  42.302  -17.763  2.821 0.0000000000
60240  41.326  -17.417  2.364 0.0000000000
60244  52.315  -17.691  1.683 0.0000000000
60245  51.665  -17.901  2.457 0.0000000000
60246  49.636  -17.375  2.169 0.0000000000
60247  48.957  -17.633  2.971 0.0000000000
60248  42.870  -17.656  2.403 0.0000000000
60249  41.930  -17.581  2.378 0.0000000000
60255  53.575  -17.759  0.354 0.0000000000
60256  53.066  -17.950  0.876 0.0000000000
60257  52.367  -18.578  1.395 0.0000000000
60258  50.645  -17.652  0.538 0.0000000000
60259  50.170  -17.986  1.208 0.0000000000
60267  52.962  -18.148  0.435 0.0000000000
60268  51.943  -17.972  0.136 0.0000000000
60269  51.176  -18.199  0.194 0.0000000000
60270  53.604  -17.703  0.254 0.0000000000
60271  52.785  -17.941  0.191 0.0000000000
60272  52.497  -18.337  0.318 0.0000000000
61104  59.027  -16.726  7.356 0.0000000000
61105  58.856  -16.877  7.164 0.0000000000
61106  57.996  -16.800  6.906 0.0000000000
61120  58.688  -16.181  6.713 0.0000000000
61130  43.110  -16.464  5.268 0.0000000000
61143  42.612  -16.822  3.958 0.0000000000
61154  48.413  -16.314  3.385 0.0000000000
61155  47.595  -16.565  3.600 0.0000000000
61156  46.721  -16.836  3.675 0.0000000000
61157  46.128  -16.207  3.497 0.0000000000
61158  44.186  -17.746  3.051 0.0000000000
61159  40.919  -17.077  2.250 0.0000000000
61165  49.716  -16.544  2.238 0.0000000000
61166  49.073  -16.830  2.975 0.0000000000
61167  45.018  -16.444  3.082 0.0000000000
61168  42.039  -17.009  1.596 0.0000000000
61169  41.004  -17.122  1.840 0.0000000000
61170  41.353  -16.044  0.687 0.0000000000
61173  53.968  -16.934  0.626 0.0000000000
61174  53.169  -17.445  1.136 0.0000000000
61175  50.237  -17.083  1.384 0.0000000000
61176  41.390  -15.425  0.193 0.0000000000
61183  55.347  -16.628  -0.249 0.0000000000
61184  54.338  -17.579  0.042 0.0000000000
61185  51.174  -17.305  0.260 0.0000000000
61186  50.714  -16.745  0.766 0.0000000000
61192  54.878  -16.991  -0.255 0.0000000000
61193  54.179  -17.456  -0.107 0.0000000000
61194  53.032  -17.357  -0.070 0.0000000000
61195  52.078  -17.195  0.056 0.0000000000
62004  59.007  -16.281  7.741 0.0000000000
62017  59.241  -15.937  7.088 0.0000000000
62018  59.149  -16.318  6.952 0.0000000000
62019  56.527  -16.179  7.037 0.0000000000
62033  59.147  -15.669  6.729 0.0000000000
62034  57.587  -15.844  6.516 0.0000000000
62060  42.727  -16.168  4.317 0.0000000000
62061  41.778  -16.626  3.015 0.0000000000
62073  48.548  -15.559  3.352 0.0000000000
62074  47.330  -15.241  3.492 0.0000000000
62075  46.421  -15.278  3.307 0.0000000000
62076  45.616  -15.618  3.087 0.0000000000
62077  42.235  -15.873  3.419 0.0000000000
62078  41.216  -16.264  2.335 0.0000000000
62090  50.290  -15.422  1.943 0.0000000000
62091  44.708  -15.450  2.290 0.0000000000
62092  43.636  -15.190  1.032 0.0000000000
62093  42.506  -15.862  0.801 0.0000000000
62094  40.933  -16.283  1.380 0.0000000000
62095  41.184  -15.501  0.492 0.0000000000
62099  54.386  -15.935  0.825 0.0000000000
62101  51.279  -15.290  0.846 0.0000000000
62102  50.777  -15.834  1.140 0.0000000000
62103  50.278  -16.239  1.616 0.0000000000
62104  42.831  -14.978  0.090 0.0000000000
62105  42.042  -15.246  0.009 0.0000000000
62106  41.740  -15.247  -0.035 0.0000000000
62107  41.208  -15.280  -0.019 0.0000000000
62111  56.471  -15.516  -0.514 0.0000000000
62112  55.930  -16.081  -0.435 0.0000000000
62113  55.236  -16.423  0.198 0.0000000000
62114  54.825  -17.080  0.062 0.0000000000
62115  52.322  -16.323  -0.084 0.0000000000
62116  51.861  -15.413  0.267 0.0000000000
62117  41.744  -14.868  -0.173 0.0000000000
62118  41.356  -15.051  -0.160 0.0000000000
62124  56.228  -15.835  -0.965 0.0000000000
62125  55.586  -16.415  -0.900 0.0000000000
62126  54.877  -16.331  -0.998 0.0000000000
62127  53.397  -16.518  -0.312 0.0000000000
62128  55.978  -15.870  -1.286 0.0000000000
62129  55.416  -15.790  -1.376 0.0000000000
62918  58.354  -15.159  8.102 0.0000000000
62933  59.300  -15.109  6.959 0.0000000000
62934  58.894  -14.485  7.379 0.0000000000
62945  59.145  -14.952  6.562 0.0000000000
62946  58.518  -15.163  6.204 0.0000000000
62947  56.981  -14.992  6.171 0.0000000000
62948  55.844  -14.823  6.364 0.0000000000
62961  59.136  -14.354  6.082 0.0000000000
62962  58.553  -14.302  5.682 0.0000000000
62963  57.413  -14.399  5.638 0.0000000000
62964  56.135  -14.319  5.826 0.0000000000
62991  48.719  -14.660  3.308 0.0000000000
62992  47.679  -14.564  3.397 0.0000000000
62993  46.899  -14.611  3.257 0.0000000000
62994  46.243  -14.562  2.826 0.0000000000
62995  45.556  -14.825  2.515 0.0000000000
62996  44.002  -14.061  3.288 0.0000000000
62997  42.020  -15.440  2.594 0.0000000000
62998  41.347  -15.449  1.518 0.0000000000
63009  54.367  -14.677  1.542 0.0000000000
63012  50.268  -14.577  2.279 0.0000000000
63013  49.575  -14.117  2.888 0.0000000000
63014  45.648  -13.922  1.801 0.0000000000
63015  44.547  -14.281  1.147 0.0000000000
63016  41.839  -14.681  0.561 0.0000000000
63017  41.129  -15.324  0.789 0.0000000000
63018  41.035  -15.132  -0.031 0.0000000000
63022  56.750  -14.201  0.731 0.0000000000
63023  55.881  -14.558  0.904 0.0000000000
63024  51.283  -14.349  1.340 0.0000000000
63025  50.713  -14.257  1.884 0.0000000000
63026  43.964  -13.657  0.525 0.0000000000
63027  43.381  -14.236  0.290 0.0000000000
63028  42.351  -14.421  -0.082 0.0000000000
63029  41.411  -14.816  -0.076 0.0000000000
63033  56.927  -14.806  -0.180 0.0000000000
63034  56.201  -15.330  0.171 0.0000000000
63035  55.279  -15.320  0.692 0.0000000000
63036  53.016  -14.476  -0.223 0.0000000000
63037  52.254  -14.600  0.284 0.0000000000
63038  51.909  -13.970  0.876 0.0000000000
63044  56.791  -15.104  -0.862 0.0000000000
63045  54.673  -15.227  -1.232 0.0000000000
63046  53.784  -15.578  -0.656 0.0000000000
63047  52.674  -15.424  -0.213 0.0000000000
63053  56.363  -15.280  -1.276 0.0000000000
63860  57.922  -13.946  7.935 0.0000000000
63877  59.242  -14.083  6.782 0.0000000000
63878  58.627  -13.376  7.380 0.0000000000
63879  57.628  -12.894  7.790 0.0000000000
63887  59.375  -13.412  6.240 0.0000000000
63896  59.093  -13.664  5.480 0.0000000000
63897  57.835  -13.816  5.074 0.0000000000
63898  56.440  -13.792  5.219 0.0000000000
63910  59.031  -12.963  4.246 0.0000000000
63911  56.889  -13.441  4.382 0.0000000000
63912  55.552  -13.446  4.571 0.0000000000
63923  58.826  -12.748  3.394 0.0000000000
63924  57.957  -13.002  2.915 0.0000000000
63925  56.956  -13.165  3.322 0.0000000000
63926  55.836  -13.252  3.610 0.0000000000
63930  48.771  -13.698  3.155 0.0000000000
63931  47.934  -13.799  3.237 0.0000000000
63932  47.122  -13.967  3.043 0.0000000000
63933  46.507  -14.134  2.706 0.0000000000
63934  44.911  -12.837  2.382 0.0000000000
63935  44.046  -13.552  1.664 0.0000000000
63936  42.736  -14.531  1.905 0.0000000000
63945  57.132  -13.178  2.474 0.0000000000
63946  56.108  -13.305  2.535 0.0000000000
63947  54.570  -13.810  2.262 0.0000000000
63950  50.280  -13.634  2.410 0.0000000000
63951  48.132  -13.003  2.747 0.0000000000
63952  47.235  -13.334  2.541 0.0000000000
63953  46.422  -13.542  2.125 0.0000000000
63954  43.917  -13.617  0.598 0.0000000000
63955  42.975  -14.024  0.537 0.0000000000
63960  58.051  -13.069  0.934 0.0000000000
63961  55.986  -13.793  1.570 0.0000000000
63962  55.194  -14.243  1.514 0.0000000000
63963  52.159  -13.064  1.020 0.0000000000
63964  51.474  -13.399  1.497 0.0000000000
63965  50.923  -13.707  1.860 0.0000000000
63966  45.579  -13.014  0.748 0.0000000000
63967  44.787  -13.438  0.717 0.0000000000
63968  43.281  -13.984  0.295 0.0000000000
63971  57.833  -13.397  -0.060 0.0000000000
63972  57.489  -13.926  0.279 0.0000000000
63973  53.341  -13.461  -0.091 0.0000000000
63974  52.584  -13.703  0.406 0.0000000000
63977  57.479  -13.444  -0.898 0.0000000000
63978  57.354  -14.250  -0.562 0.0000000000
63979  54.717  -13.990  -1.224 0.0000000000
63980  53.889  -14.295  -0.718 0.0000000000
63985  56.878  -14.301  -1.251 0.0000000000
63986  56.150  -14.571  -1.597 0.0000000000
63987  55.381  -14.794  -1.550 0.0000000000
64819  59.050  -12.856  6.899 0.0000000000
64820  58.270  -12.421  7.330 0.0000000000
64830  59.282  -12.445  6.321 0.0000000000
64831  58.719  -12.012  6.844 0.0000000000
64840  59.293  -11.776  4.901 0.0000000000
64841  59.400  -12.189  5.481 0.0000000000
64850  59.330  -11.831  4.378 0.0000000000
64851  59.380  -12.385  4.651 0.0000000000
64860  59.287  -12.341  3.888 0.0000000000
64861  45.339  -12.241  2.351 0.0000000000
64871  58.827  -12.178  2.198 0.0000000000
64872  58.626  -12.603  2.519 0.0000000000
64873  50.118  -12.160  2.217 0.0000000000
64874  49.375  -12.358  2.419 0.0000000000
64875  47.932  -12.328  2.068 0.0000000000
64876  47.165  -12.697  1.875 0.0000000000
64877  46.480  -13.005  1.507 0.0000000000
64878  45.409  -12.150  1.045 0.0000000000
64879  44.631  -12.812  1.059 0.0000000000
64882  58.743  -11.647  1.835 0.0000000000
64883  58.480  -12.312  1.400 0.0000000000
64884  52.342  -12.170  0.960 0.0000000000
64885  51.553  -12.393  1.515 0.0000000000
64886  50.783  -12.864  2.080 0.0000000000
64887  47.853  -11.810  1.402 0.0000000000
64888  47.067  -12.231  1.135 0.0000000000
64889  46.201  -12.427  0.731 0.0000000000
64890  45.759  -12.244  0.672 0.0000000000
64891  44.733  -13.087  0.708 0.0000000000
64896  58.178  -12.513  0.490 0.0000000000
64897  53.568  -12.455  -0.105 0.0000000000
64898  52.858  -12.768  0.490 0.0000000000
64899  46.113  -11.986  0.364 0.0000000000
64902  57.812  -12.588  -0.409 0.0000000000
64903  54.833  -12.836  -1.197 0.0000000000
64904  54.117  -13.167  -0.642 0.0000000000
64909  57.321  -12.462  -1.131 0.0000000000
64910  56.857  -13.145  -1.483 0.0000000000
64911  56.058  -12.755  -1.761 0.0000000000
64912  55.539  -13.559  -1.587 0.0000000000
65675  57.749  -11.777  7.158 0.0000000000
65692  58.919  -11.681  6.127 0.0000000000
65693  58.020  -11.550  6.459 0.0000000000
65706  58.972  -11.531  5.286 0.0000000000
65707  58.254  -11.405  5.625 0.0000000000
65719  59.042  -11.439  4.528 0.0000000000
65720  58.456  -11.258  4.757 0.0000000000
65721  57.545  -11.278  4.991 0.0000000000
65732  59.231  -11.596  3.800 0.0000000000
65733  58.654  -11.058  3.837 0.0000000000
65734  57.803  -10.992  4.157 0.0000000000
65747  59.037  -11.683  2.484 0.0000000000
65748  49.405  -11.739  1.996 0.0000000000
65749  48.652  -11.986  2.081 0.0000000000
65750  45.696  -11.181  1.572 0.0000000000
65756  58.428  -11.645  0.986 0.0000000000
65757  51.143  -11.509  1.471 0.0000000000
65758  49.361  -11.271  1.509 0.0000000000
65759  48.685  -11.489  1.518 0.0000000000
65760  46.872  -11.790  0.498 0.0000000000
65761  45.808  -11.386  0.729 0.0000000000
65765  57.978  -11.606  0.043 0.0000000000
65766  53.000  -11.832  0.364 0.0000000000
65767  52.331  -11.344  0.670 0.0000000000
65768  51.600  -10.986  0.933 0.0000000000
65769  47.926  -11.248  0.676 0.0000000000
65770  46.989  -11.229  -0.050 0.0000000000
65771  46.350  -11.511  0.236 0.0000000000
65772  45.954  -11.809  0.415 0.0000000000
65776  57.567  -11.882  -0.707 0.0000000000
65777  54.422  -11.154  -1.228 0.0000000000
65778  53.662  -11.474  -0.375 0.0000000000
65779  52.943  -10.944  0.003 0.0000000000
65782  57.171  -11.661  -1.199 0.0000000000
65783  56.586  -11.977  -1.648 0.0000000000
65784  55.812  -11.736  -1.859 0.0000000000
65785  55.200  -11.421  -1.766 0.0000000000
66568  58.527  -10.833  3.046 0.0000000000
66569  57.943  -10.698  3.328 0.0000000000
66570  57.019  -10.860  3.562 0.0000000000
66575  45.377  -10.690  2.857 0.0000000000
66586  58.741  -11.015  2.404 0.0000000000
66587  57.984  -10.485  2.451 0.0000000000
66588  56.863  -10.233  2.172 0.0000000000
66593  45.463  -10.204  2.278 0.0000000000
66603  58.352  -10.810  1.547 0.0000000000
66604  57.060  -9.765  1.342 0.0000000000
66605  56.068  -9.844  1.575 0.0000000000
66607  50.698  -10.791  1.080 0.0000000000
66608  49.622  -10.737  1.021 0.0000000000
66609  48.853  -11.047  1.089 0.0000000000
66610  45.775  -10.589  1.287 0.0000000000
66613  57.691  -10.581  0.092 0.0000000000
66614  57.218  -9.662  0.358 0.0000000000
66615  52.124  -10.580  0.266 0.0000000000
66616  51.241  -10.354  0.406 0.0000000000
66617  50.224  -10.190  0.341 0.0000000000
66618  49.301  -10.327  0.277 0.0000000000
66619  47.727  -10.717  -0.097 0.0000000000
66620  47.044  -10.713  -0.399 0.0000000000
66621  46.576  -10.882  -0.076 0.0000000000
66622  46.079  -11.035  0.422 0.0000000000
66626  57.455  -11.120  -0.716 0.0000000000
66627  57.199  -10.173  -0.681 0.0000000000
66628  53.554  -10.580  -0.807 0.0000000000
66629  52.666  -10.206  -0.524 0.0000000000
66630  51.769  -9.960  -0.289 0.0000000000
66631  47.482  -10.105  -0.698 0.0000000000
66633  56.758  -10.915  -1.514 0.0000000000
66634  55.565  -10.766  -2.129 0.0000000000
66635  54.869  -10.602  -2.053 0.0000000000
66636  54.115  -10.223  -1.689 0.0000000000
66637  53.246  -9.854  -1.353 0.0000000000
66641  56.144  -10.412  -2.133 0.0000000000
66642  55.574  -10.004  -2.449 0.0000000000
67408  56.447  -9.362  0.923 0.0000000000
67409  55.561  -9.366  1.068 0.0000000000
67413  45.460  -9.655  1.821 0.0000000000
67414  44.990  -8.908  1.921 0.0000000000
67417  56.633  -9.133  0.271 0.0000000000
67418  56.036  -8.941  0.508 0.0000000000
67419  55.326  -8.884  0.612 0.0000000000
67420  50.920  -9.794  -0.171 0.0000000000
67421  50.195  -9.682  -0.270 0.0000000000
67422  49.474  -9.893  -0.198 0.0000000000
67423  48.535  -10.201  -0.280 0.0000000000
67424  46.312  -10.151  0.132 0.0000000000
67425  45.899  -9.964  0.966 0.0000000000
67428  56.822  -9.320  -0.457 0.0000000000
67429  56.387  -8.717  -0.173 0.0000000000
67430  52.231  -9.527  -1.116 0.0000000000
67431  51.375  -9.515  -0.718 0.0000000000
67432  50.633  -9.349  -0.720 0.0000000000
67433  49.649  -9.338  -0.705 0.0000000000
67434  48.243  -9.758  -0.818 0.0000000000
67435  46.955  -9.474  -1.024 0.0000000000
67436  46.764  -10.180  -0.479 0.0000000000
67439  56.578  -9.744  -1.484 0.0000000000
67440  54.602  -9.848  -2.440 0.0000000000
67441  53.783  -9.550  -2.247 0.0000000000
67442  52.921  -9.257  -1.928 0.0000000000
67443  51.355  -9.038  -1.305 0.0000000000
67444  47.729  -9.284  -1.236 0.0000000000
67448  56.109  -9.699  -2.242 0.0000000000
67449  55.664  -9.287  -2.575 0.0000000000
67450  55.070  -9.573  -2.770 0.0000000000
67451  54.374  -9.084  -3.015 0.0000000000
67452  53.432  -8.876  -2.713 0.0000000000
68294  45.263  -8.563  1.245 0.0000000000
68295  44.493  -8.357  1.659 0.0000000000
68302  55.680  -8.433  0.126 0.0000000000
68303  54.652  -8.403  0.441 0.0000000000
68304  53.456  -8.002  0.552 0.0000000000
68305  46.404  -9.154  -0.236 0.0000000000
68306  45.640  -8.321  0.453 0.0000000000
68307  44.791  -7.887  0.983 0.0000000000
68308  41.749  -8.364  1.238 0.0000000000
68309  41.114  -8.442  0.457 0.0000000000
68310  40.710  -8.364  0.707 0.0000000000
68313  56.499  -8.788  -1.061 0.0000000000
68314  56.060  -8.154  -0.601 0.0000000000
68315  55.327  -7.811  -0.262 0.0000000000
68316  50.303  -8.860  -1.134 0.0000000000
68317  49.355  -8.806  -1.161 0.0000000000
68318  48.707  -9.290  -1.005 0.0000000000
68319  47.129  -8.709  -1.533 0.0000000000
68320  46.595  -8.598  -1.044 0.0000000000
68321  46.016  -8.071  -0.373 0.0000000000
68322  40.578  -8.584  -0.420 0.0000000000
68323  40.096  -8.741  -0.577 0.0000000000
68327  56.234  -8.983  -1.924 0.0000000000
68328  56.116  -8.176  -1.498 0.0000000000
68329  52.618  -8.667  -2.304 0.0000000000
68330  51.811  -8.501  -1.908 0.0000000000
68331  50.875  -8.393  -1.631 0.0000000000
68332  49.934  -8.256  -1.429 0.0000000000
68333  48.494  -8.733  -1.411 0.0000000000
68334  46.729  -8.189  -1.687 0.0000000000
68335  40.168  -8.903  -1.110 0.0000000000
68336  39.966  -8.969  -1.252 0.0000000000
68340  55.778  -8.427  -2.375 0.0000000000
68341  54.591  -8.188  -3.333 0.0000000000
68342  53.821  -8.296  -3.319 0.0000000000
68343  53.033  -8.202  -3.013 0.0000000000
68344  52.249  -8.015  -2.535 0.0000000000
68345  39.600  -9.066  -2.965 0.0000000000
68346  39.876  -9.005  -2.086 0.0000000000
69235  43.841  -7.874  1.397 0.0000000000
69236  42.787  -8.025  1.381 0.0000000000
69243  54.462  -7.525  0.002 0.0000000000
69244  53.775  -7.193  0.132 0.0000000000
69245  53.008  -7.164  0.430 0.0000000000
69246  52.274  -6.994  0.723 0.0000000000
69247  45.154  -7.425  0.128 0.0000000000
69248  44.179  -7.357  0.633 0.0000000000
69249  43.338  -7.568  0.872 0.0000000000
69250  42.331  -7.797  0.576 0.0000000000
69251  40.224  -8.273  0.113 0.0000000000
69252  39.867  -7.765  -0.111 0.0000000000
69255  55.758  -7.499  -1.046 0.0000000000
69256  55.066  -7.093  -0.694 0.0000000000
69257  54.310  -6.771  -0.404 0.0000000000
69258  46.215  -7.808  -1.187 0.0000000000
69259  45.061  -6.904  -0.621 0.0000000000
69260  44.332  -6.868  -0.117 0.0000000000
69261  43.404  -7.120  0.189 0.0000000000
69262  42.561  -7.217  -0.382 0.0000000000
69263  41.506  -8.014  -0.224 0.0000000000
69264  39.869  -8.543  -0.637 0.0000000000
69268  55.719  -7.538  -1.946 0.0000000000
69269  55.345  -6.879  -1.536 0.0000000000
69270  51.387  -7.839  -2.163 0.0000000000
69271  50.488  -7.647  -1.840 0.0000000000
69272  49.465  -7.527  -1.668 0.0000000000
69273  47.714  -7.732  -2.219 0.0000000000
69274  47.037  -7.975  -2.205 0.0000000000
69275  46.391  -7.584  -1.986 0.0000000000
69276  45.648  -7.070  -1.427 0.0000000000
69277  41.812  -7.515  -0.914 0.0000000000
69278  40.976  -8.412  -1.021 0.0000000000
69279  39.591  -8.586  -1.579 0.0000000000
69283  55.308  -7.825  -2.821 0.0000000000
69284  54.764  -7.184  -3.174 0.0000000000
69285  53.424  -7.533  -3.446 0.0000000000
69286  52.675  -7.437  -3.187 0.0000000000
69287  51.890  -7.243  -2.738 0.0000000000
69288  51.067  -7.024  -2.380 0.0000000000
69289  47.912  -6.827  -2.454 0.0000000000
69290  47.137  -7.218  -2.716 0.0000000000
69291  46.531  -7.187  -2.607 0.0000000000
69292  45.930  -6.977  -2.249 0.0000000000
69293  40.638  -8.311  -2.444 0.0000000000
69294  40.043  -9.007  -2.315 0.0000000000
69295  39.341  -8.977  -2.807 0.0000000000
69296  38.702  -9.100  -3.445 0.0000000000
69299  54.094  -7.476  -3.537 0.0000000000
69300  53.677  -6.858  -3.585 0.0000000000
69301  53.108  -6.728  -3.588 0.0000000000
69302  40.429  -7.971  -3.478 0.0000000000
69303  39.561  -9.031  -3.643 0.0000000000
69304  38.798  -9.508  -3.847 0.0000000000
69305  37.931  -9.655  -4.289 0.0000000000
69309  38.755  -9.458  -4.559 0.0000000000
69310  37.815  -9.629  -5.466 0.0000000000
69311  37.256  -9.646  -5.474 0.0000000000
69312  36.730  -9.216  -6.057 0.0000000000
69313  37.129  -9.503  -6.033 0.0000000000
70142  51.283  -6.426  1.438 0.0000000000
70143  50.829  -6.077  1.880 0.0000000000
70153  53.556  -6.513  -0.082 0.0000000000
70154  52.751  -6.340  0.260 0.0000000000
70155  51.869  -6.247  0.731 0.0000000000
70160  54.764  -6.378  -1.133 0.0000000000
70161  54.076  -5.986  -0.726 0.0000000000
70162  53.285  -5.719  -0.402 0.0000000000
70163  44.944  -6.640  -1.224 0.0000000000
70164  44.463  -6.652  -0.783 0.0000000000
70165  43.593  -6.661  -0.733 0.0000000000
70170  55.219  -6.929  -2.403 0.0000000000
70171  54.881  -6.229  -1.984 0.0000000000
70172  54.334  -5.699  -1.555 0.0000000000
70173  50.227  -6.778  -2.070 0.0000000000
70174  49.423  -6.676  -1.951 0.0000000000
70175  48.616  -7.182  -1.968 0.0000000000
70176  45.120  -6.500  -2.046 0.0000000000
70177  44.303  -6.484  -1.440 0.0000000000
70178  43.525  -6.485  -1.639 0.0000000000
70179  42.579  -6.819  -1.397 0.0000000000
70180  39.396  -7.340  -1.449 0.0000000000
70183  54.600  -6.334  -2.768 0.0000000000
70184  53.989  -5.692  -3.113 0.0000000000
70185  52.395  -6.566  -3.311 0.0000000000
70186  51.634  -6.357  -2.943 0.0000000000
70187  50.901  -6.046  -2.626 0.0000000000
70188  50.004  -5.705  -2.364 0.0000000000
70189  48.854  -6.224  -2.155 0.0000000000
70190  46.567  -6.666  -3.178 0.0000000000
70191  45.777  -6.591  -2.961 0.0000000000
70192  44.120  -6.306  -2.394 0.0000000000
70193  43.048  -6.454  -2.326 0.0000000000
70194  42.201  -6.847  -2.269 0.0000000000
70195  41.416  -7.668  -1.779 0.0000000000
70196  39.019  -8.341  -2.431 0.0000000000
70197  38.326  -8.130  -3.417 0.0000000000
70201  54.171  -6.554  -3.420 0.0000000000
70202  53.485  -5.957  -3.574 0.0000000000
70203  52.884  -5.951  -3.653 0.0000000000
70204  52.246  -5.524  -3.438 0.0000000000
70205  46.638  -6.093  -3.575 0.0000000000
70206  46.012  -6.218  -3.702 0.0000000000
70207  45.228  -6.083  -3.557 0.0000000000
70208  44.384  -6.108  -3.350 0.0000000000
70209  43.493  -6.243  -3.167 0.0000000000
70210  42.439  -6.552  -3.111 0.0000000000
70211  41.469  -7.340  -2.700 0.0000000000
70212  37.185  -8.797  -4.710 0.0000000000
70215  41.106  -6.834  -3.950 0.0000000000
70216  39.847  -7.940  -4.190 0.0000000000
70217  38.744  -8.516  -5.147 0.0000000000
70218  36.499  -8.952  -5.635 0.0000000000
70219  37.731  -8.797  -6.015 0.0000000000
70220  36.793  -8.691  -6.259 0.0000000000
70221  36.094  -8.027  -6.267 0.0000000000
70222  35.605  -7.003  -6.492 0.0000000000
70223  36.363  -7.410  -6.557 0.0000000000
70224  35.698  -7.110  -6.620 0.0000000000
71034  51.182  -5.789  1.111 0.0000000000
71035  50.533  -5.571  1.489 0.0000000000
71036  49.970  -5.432  1.806 0.0000000000
71048  52.474  -5.497  -0.045 0.0000000000
71049  51.655  -5.313  0.303 0.0000000000
71050  50.868  -5.214  0.622 0.0000000000
71051  49.991  -5.158  1.002 0.0000000000
71052  49.076  -5.030  1.076 0.0000000000
71061  53.710  -5.257  -1.175 0.0000000000
71062  52.984  -4.900  -0.854 0.0000000000
71063  52.158  -4.660  -0.576 0.0000000000
71069  54.275  -5.624  -2.390 0.0000000000
71070  53.875  -5.030  -2.001 0.0000000000
71071  53.311  -4.576  -1.741 0.0000000000
71072  39.426  -5.994  -1.243 0.0000000000
71074  53.684  -5.014  -2.744 0.0000000000
71075  51.088  -4.750  -3.039 0.0000000000
71076  50.222  -4.294  -2.817 0.0000000000
71077  48.540  -4.914  -2.696 0.0000000000
71078  47.793  -5.242  -2.994 0.0000000000
71079  39.087  -6.790  -2.206 0.0000000000
71080  38.651  -6.025  -2.843 0.0000000000
71084  53.359  -5.055  -3.283 0.0000000000
71085  52.938  -5.180  -3.575 0.0000000000
71086  47.070  -5.501  -3.597 0.0000000000
71087  46.321  -5.505  -4.130 0.0000000000
71088  45.533  -5.689  -4.224 0.0000000000
71089  44.687  -5.771  -4.090 0.0000000000
71090  43.834  -5.920  -3.896 0.0000000000
71091  43.212  -5.705  -4.301 0.0000000000
71092  42.262  -6.223  -3.965 0.0000000000
71093  37.700  -6.899  -3.918 0.0000000000
71094  45.812  -5.030  -4.814 0.0000000000
71095  45.038  -5.243  -4.794 0.0000000000
71096  44.111  -5.418  -4.586 0.0000000000
71097  41.709  -5.821  -4.504 0.0000000000
71098  39.679  -6.911  -4.748 0.0000000000
71099  36.604  -7.507  -5.206 0.0000000000
71100  41.233  -5.273  -5.084 0.0000000000
71101  40.174  -5.670  -5.137 0.0000000000
71102  37.482  -7.322  -6.227 0.0000000000
71103  35.541  -6.408  -6.561 0.0000000000
71104  37.143  -6.168  -6.645 0.0000000000
71105  35.989  -6.492  -7.239 0.0000000000
71106  35.408  -6.425  -7.106 0.0000000000
71938  51.286  -4.634  -0.278 0.0000000000
71939  50.446  -4.661  0.004 0.0000000000
71940  49.576  -4.587  0.237 0.0000000000
71941  48.669  -4.512  0.443 0.0000000000
71953  52.618  -4.128  -1.566 0.0000000000
71954  51.695  -3.785  -1.340 0.0000000000
71955  50.124  -3.872  -0.694 0.0000000000
71956  49.202  -3.948  -0.378 0.0000000000
71957  48.312  -3.890  -0.187 0.0000000000
71963  53.395  -4.570  -2.411 0.0000000000
71964  52.901  -4.076  -2.447 0.0000000000
71965  52.196  -3.528  -2.423 0.0000000000
71966  39.194  -5.207  -1.813 0.0000000000
71970  53.142  -4.423  -2.959 0.0000000000
71971  52.473  -3.928  -3.038 0.0000000000
71972  52.445  -4.529  -3.398 0.0000000000
71973  51.168  -3.435  -3.119 0.0000000000
71974  50.283  -3.127  -3.021 0.0000000000
71975  49.207  -2.969  -3.164 0.0000000000
71976  48.414  -4.175  -3.046 0.0000000000
71977  38.813  -4.761  -2.452 0.0000000000
71981  52.893  -4.538  -3.293 0.0000000000
71982  48.117  -3.441  -3.444 0.0000000000
71983  47.580  -4.539  -3.459 0.0000000000
71984  46.917  -4.714  -3.987 0.0000000000
71985  38.313  -4.969  -3.378 0.0000000000
71986  37.750  -4.610  -4.205 0.0000000000
71987  46.379  -4.621  -4.651 0.0000000000
71988  45.996  -4.188  -5.345 0.0000000000
71989  45.366  -4.474  -5.448 0.0000000000
71990  44.485  -4.763  -5.355 0.0000000000
71991  43.349  -5.040  -5.088 0.0000000000
71992  42.234  -5.076  -5.101 0.0000000000
71993  37.512  -5.839  -4.334 0.0000000000
71994  36.881  -5.740  -5.063 0.0000000000
71995  45.639  -3.443  -6.050 0.0000000000
71996  44.910  -3.900  -6.149 0.0000000000
71997  43.946  -4.236  -5.987 0.0000000000
71998  42.827  -4.332  -5.833 0.0000000000
71999  41.759  -4.468  -5.722 0.0000000000
72000  40.740  -4.655  -5.659 0.0000000000
72001  39.657  -5.019  -5.730 0.0000000000
72002  38.431  -5.655  -6.097 0.0000000000
72003  36.241  -5.357  -5.794 0.0000000000
72004  41.262  -3.944  -6.244 0.0000000000
72005  40.327  -3.887  -6.362 0.0000000000
72006  39.171  -4.374  -6.326 0.0000000000
72007  38.026  -4.879  -6.595 0.0000000000
72008  36.808  -5.334  -7.169 0.0000000000
72009  35.404  -5.422  -7.318 0.0000000000
72010  35.266  -4.635  -7.751 0.0000000000
72011  35.736  -5.620  -7.490 0.0000000000
72012  35.418  -4.850  -7.659 0.0000000000
72806  47.434  -3.798  -0.015 0.0000000000
72815  50.877  -3.288  -1.499 0.0000000000
72816  50.228  -3.058  -1.485 0.0000000000
72817  48.946  -3.223  -0.993 0.0000000000
72818  48.002  -3.165  -0.811 0.0000000000
72819  46.085  -2.842  -0.682 0.0000000000
72828  50.556  -2.661  -2.271 0.0000000000
72829  49.721  -2.541  -1.781 0.0000000000
72830  48.744  -2.444  -1.659 0.0000000000
72831  47.703  -2.383  -1.561 0.0000000000
72832  46.766  -2.551  -1.232 0.0000000000
72838  51.645  -3.362  -2.917 0.0000000000
72839  50.845  -2.862  -2.842 0.0000000000
72840  49.972  -2.618  -2.830 0.0000000000
72843  49.154  -2.200  -3.061 0.0000000000
72844  48.560  -2.535  -3.368 0.0000000000
72845  47.632  -2.694  -3.852 0.0000000000
72846  46.930  -3.788  -4.352 0.0000000000
72848  37.703  -3.647  -4.306 0.0000000000
72849  46.741  -2.703  -4.827 0.0000000000
72850  46.220  -3.125  -5.635 0.0000000000
72851  37.096  -3.899  -5.180 0.0000000000
72852  46.412  -2.262  -5.656 0.0000000000
72853  45.975  -2.274  -6.417 0.0000000000
72854  45.135  -2.674  -6.870 0.0000000000
72855  44.401  -3.427  -6.650 0.0000000000
72856  43.507  -3.476  -6.687 0.0000000000
72857  42.274  -3.472  -6.634 0.0000000000
72858  36.145  -4.353  -6.093 0.0000000000
72859  35.272  -4.609  -7.037 0.0000000000
72860  45.278  -1.689  -7.057 0.0000000000
72861  44.756  -2.011  -7.457 0.0000000000
72862  44.239  -2.575  -7.267 0.0000000000
72863  43.240  -2.472  -7.406 0.0000000000
72864  41.288  -3.120  -6.907 0.0000000000
72865  39.606  -3.386  -6.850 0.0000000000
72866  38.644  -3.840  -6.811 0.0000000000
72867  37.690  -4.303  -7.032 0.0000000000
72868  34.910  -4.045  -7.676 0.0000000000
72869  39.010  -3.044  -7.179 0.0000000000
72870  38.085  -3.432  -7.232 0.0000000000
72871  35.610  -4.164  -8.041 0.0000000000
72872  34.869  -4.091  -7.989 0.0000000000
72873  34.392  -3.401  -8.124 0.0000000000
72874  34.954  -3.959  -8.138 0.0000000000
73710  46.087  -2.392  -1.522 0.0000000000
73711  45.415  -2.708  -0.870 0.0000000000
73723  49.945  -2.456  -2.519 0.0000000000
73724  49.259  -2.151  -2.464 0.0000000000
73725  48.475  -1.891  -2.412 0.0000000000
73726  47.069  -2.020  -1.956 0.0000000000
73727  45.041  -2.586  -1.516 0.0000000000
73728  42.675  -2.291  -1.098 0.0000000000
73729  42.279  -2.217  -1.851 0.0000000000
73735  49.419  -2.267  -2.827 0.0000000000
73736  48.813  -1.787  -3.007 0.0000000000
73737  47.388  -1.528  -2.731 0.0000000000
73738  46.591  -1.841  -2.441 0.0000000000
73739  45.502  -2.098  -3.118 0.0000000000
73740  44.691  -2.510  -2.380 0.0000000000
73741  43.634  -2.605  -2.544 0.0000000000
73742  42.548  -2.484  -2.753 0.0000000000
73743  41.785  -2.026  -2.557 0.0000000000
73745  48.409  -1.980  -3.348 0.0000000000
73746  47.782  -1.889  -3.670 0.0000000000
73747  45.627  -1.756  -3.992 0.0000000000
73748  44.576  -2.356  -3.499 0.0000000000
73749  43.430  -2.561  -3.622 0.0000000000
73750  42.516  -2.462  -3.926 0.0000000000
73751  41.503  -1.799  -3.363 0.0000000000
73754  47.232  -1.923  -4.280 0.0000000000
73755  46.672  -1.869  -5.038 0.0000000000
73756  45.177  -1.805  -4.660 0.0000000000
73757  44.589  -1.723  -5.405 0.0000000000
73758  43.431  -2.228  -4.883 0.0000000000
73759  42.489  -2.215  -4.929 0.0000000000
73760  41.765  -2.084  -4.334 0.0000000000
73761  37.523  -2.872  -4.538 0.0000000000
73762  46.246  -1.750  -5.829 0.0000000000
73763  45.803  -1.680  -6.430 0.0000000000
73764  44.010  -1.537  -6.146 0.0000000000
73765  43.034  -1.749  -5.930 0.0000000000
73766  42.023  -1.822  -5.706 0.0000000000
73767  36.932  -3.099  -5.373 0.0000000000
73768  36.068  -3.354  -6.195 0.0000000000
73769  44.488  -1.433  -7.327 0.0000000000
73770  43.905  -1.783  -7.608 0.0000000000
73771  43.178  -1.712  -7.571 0.0000000000
73772  42.201  -2.301  -7.444 0.0000000000
73773  40.788  -2.200  -7.426 0.0000000000
73774  39.847  -2.416  -7.334 0.0000000000
73775  35.183  -3.485  -6.957 0.0000000000
73776  34.669  -3.359  -7.533 0.0000000000
73777  44.042  -1.386  -7.386 0.0000000000
73778  43.590  -1.494  -7.424 0.0000000000
73779  43.213  -1.547  -7.417 0.0000000000
73780  42.562  -1.626  -7.398 0.0000000000
73781  40.625  -1.662  -7.331 0.0000000000
73782  38.693  -2.468  -7.395 0.0000000000
73783  36.764  -3.144  -7.828 0.0000000000
73784  35.786  -3.198  -8.239 0.0000000000
73785  34.410  -3.520  -8.005 0.0000000000
73786  33.952  -2.841  -8.199 0.0000000000
73787  33.560  -2.224  -8.428 0.0000000000
73788  34.963  -3.266  -8.383 0.0000000000
73789  34.532  -2.863  -8.462 0.0000000000
73790  33.952  -2.694  -8.403 0.0000000000
74621  42.150  -1.829  -1.179 0.0000000000
74622  41.831  -1.776  -1.808 0.0000000000
74628  48.051  -1.645  -3.299 0.0000000000
74629  47.508  -1.486  -3.320 0.0000000000
74630  46.904  -1.408  -3.227 0.0000000000
74631  46.243  -1.758  -2.956 0.0000000000
74632  41.060  -1.060  -3.098 0.0000000000
74637  47.408  -1.628  -3.771 0.0000000000
74638  46.914  -1.456  -4.032 0.0000000000
74639  46.361  -1.548  -3.738 0.0000000000
74640  40.556  -0.732  -3.997 0.0000000000
74642  46.931  -1.639  -4.384 0.0000000000
74643  46.452  -1.635  -4.979 0.0000000000
74644  46.179  -1.479  -4.801 0.0000000000
74645  45.539  -1.449  -5.759 0.0000000000
74646  41.230  -1.566  -5.290 0.0000000000
74647  40.582  -1.112  -4.975 0.0000000000
74648  37.165  -1.500  -4.748 0.0000000000
74649  45.995  -1.502  -5.832 0.0000000000
74650  45.393  -1.515  -6.563 0.0000000000
74651  44.893  -1.341  -6.519 0.0000000000
74652  43.631  -1.286  -6.843 0.0000000000
74653  42.816  -1.324  -6.892 0.0000000000
74654  41.667  -1.425  -6.543 0.0000000000
74655  40.705  -1.208  -6.169 0.0000000000
74656  44.789  -1.339  -7.117 0.0000000000
74657  44.301  -1.336  -7.313 0.0000000000
74658  43.771  -1.347  -7.320 0.0000000000
74659  43.137  -1.453  -7.331 0.0000000000
74660  42.306  -1.377  -7.142 0.0000000000
74661  40.724  -1.228  -6.993 0.0000000000
74662  38.979  -0.999  -7.153 0.0000000000
74663  35.785  -1.698  -6.345 0.0000000000
74664  34.134  -2.722  -7.698 0.0000000000
74665  33.826  -1.727  -7.567 0.0000000000
74666  39.500  -1.668  -7.358 0.0000000000
74667  37.818  -2.244  -7.599 0.0000000000
74668  36.875  -1.970  -7.951 0.0000000000
74669  35.513  -2.298  -8.459 0.0000000000
74670  33.449  -2.274  -8.097 0.0000000000
74671  33.149  -1.644  -8.430 0.0000000000
74672  34.433  -2.086  -8.748 0.0000000000
74673  33.646  -2.116  -8.693 0.0000000000
74674  33.074  -1.607  -8.870 0.0000000000
75472  41.483  -0.429  -1.519 0.0000000000
75477  40.668  -0.149  -3.191 0.0000000000
75487  39.779  -0.095  -4.957 0.0000000000
75489  36.945  -0.542  -4.646 0.0000000000
75490  40.108  -0.697  -5.508 0.0000000000
75491  39.550  -0.340  -5.822 0.0000000000
75492  36.300  -0.217  -5.530 0.0000000000
75493  40.009  -0.906  -6.430 0.0000000000
75494  39.370  -0.647  -6.624 0.0000000000
75495  38.200  -0.445  -7.093 0.0000000000
75496  35.935  -0.965  -6.170 0.0000000000
75497  35.515  -0.371  -6.342 0.0000000000
75498  34.594  -0.615  -7.047 0.0000000000
75499  38.015  -1.274  -7.471 0.0000000000
75500  37.354  -0.681  -7.574 0.0000000000
75501  36.387  -1.044  -8.154 0.0000000000
75502  33.557  -0.827  -7.599 0.0000000000
75503  32.771  -0.912  -8.294 0.0000000000
75504  32.255  -0.468  -8.731 0.0000000000
75505  35.457  -1.331  -8.568 0.0000000000
75506  34.847  -0.985  -8.811 0.0000000000
75507  33.855  -1.340  -9.076 0.0000000000
75508  32.526  -0.946  -8.868 0.0000000000
75509  32.017  -0.333  -8.969 0.0000000000
75510  33.100  -1.066  -9.178 0.0000000000
75511  32.597  -1.003  -9.037 0.0000000000
75512  32.153  -0.450  -9.063 0.0000000000
76319  41.420  0.565  -1.744 0.0000000000
76320  40.991  0.573  -2.593 0.0000000000
76325  40.455  0.666  -3.330 0.0000000000
76326  40.010  0.804  -3.868 0.0000000000
76332  40.157  0.087  -4.046 0.0000000000
76333  39.668  0.621  -4.476 0.0000000000
76335  36.643  0.339  -4.689 0.0000000000
76336  39.228  0.463  -5.296 0.0000000000
76337  36.249  0.600  -5.245 0.0000000000
76338  35.767  0.484  -5.843 0.0000000000
76339  38.951  -0.026  -6.128 0.0000000000
76340  37.868  0.947  -6.421 0.0000000000
76341  35.073  0.379  -6.523 0.0000000000
76342  34.267  0.263  -7.192 0.0000000000
76343  37.326  1.078  -6.812 0.0000000000
76344  36.885  0.898  -7.280 0.0000000000
76345  33.221  0.074  -7.694 0.0000000000
76346  32.411  0.041  -8.353 0.0000000000
76347  31.857  0.128  -8.855 0.0000000000
76348  36.250  0.778  -7.846 0.0000000000
76349  35.551  0.752  -8.389 0.0000000000
76350  34.784  0.750  -8.839 0.0000000000
76351  31.683  0.269  -9.031 0.0000000000
76352  31.664  0.662  -9.197 0.0000000000
76353  33.912  -0.240  -9.254 0.0000000000
76354  32.776  -0.415  -9.301 0.0000000000
76355  32.213  0.339  -9.333 0.0000000000
77193  41.335  1.368  -2.195 0.0000000000
77194  40.806  1.337  -2.861 0.0000000000
77201  40.243  1.371  -3.503 0.0000000000
77202  39.714  1.323  -4.074 0.0000000000
77208  39.292  1.191  -4.679 0.0000000000
77209  38.988  1.815  -4.788 0.0000000000
77211  35.990  1.871  -4.835 0.0000000000
77213  38.889  1.195  -5.168 0.0000000000
77214  38.530  1.786  -5.342 0.0000000000
77215  36.377  1.125  -4.707 0.0000000000
77216  35.894  1.196  -5.376 0.0000000000
77217  38.001  1.750  -5.914 0.0000000000
77218  37.476  1.780  -6.475 0.0000000000
77219  35.353  1.194  -6.031 0.0000000000
77220  34.677  1.170  -6.634 0.0000000000
77221  36.962  1.731  -6.977 0.0000000000
77222  36.469  1.651  -7.523 0.0000000000
77223  33.902  1.127  -7.283 0.0000000000
77224  32.867  0.979  -7.827 0.0000000000
77225  31.935  0.869  -8.510 0.0000000000
77226  35.906  1.595  -8.057 0.0000000000
77227  35.285  1.566  -8.556 0.0000000000
77228  34.604  1.535  -9.006 0.0000000000
77229  31.427  0.919  -8.950 0.0000000000
77230  31.315  1.149  -9.069 0.0000000000
77231  33.847  1.413  -9.399 0.0000000000
77232  32.836  1.211  -9.520 0.0000000000
77233  31.849  1.086  -9.391 0.0000000000
78027  41.845  2.850  -1.712 0.0000000000
78032  41.688  2.695  -2.237 0.0000000000
78033  41.221  2.120  -2.604 0.0000000000
78038  41.503  2.944  -2.786 0.0000000000
78039  40.802  2.557  -3.241 0.0000000000
78045  39.322  2.412  -4.442 0.0000000000
78046  38.760  2.567  -4.957 0.0000000000
78051  38.209  2.670  -5.539 0.0000000000
78052  35.537  2.561  -5.004 0.0000000000
78053  35.042  2.571  -5.653 0.0000000000
78054  37.678  2.702  -6.172 0.0000000000
78055  37.194  2.649  -6.786 0.0000000000
78056  35.480  1.885  -5.526 0.0000000000
78057  34.946  1.914  -6.143 0.0000000000
78058  33.894  2.851  -6.626 0.0000000000
78059  36.709  2.529  -7.330 0.0000000000
78060  36.240  2.455  -7.884 0.0000000000
78061  34.294  1.969  -6.709 0.0000000000
78062  33.488  1.986  -7.331 0.0000000000
78063  32.466  1.864  -8.011 0.0000000000
78064  35.691  2.407  -8.389 0.0000000000
78065  35.038  2.313  -8.825 0.0000000000
78066  34.357  2.235  -9.260 0.0000000000
78067  31.339  1.717  -8.708 0.0000000000
78068  31.019  2.258  -9.245 0.0000000000
78069  30.821  2.719  -9.180 0.0000000000
78070  33.459  2.111  -9.494 0.0000000000
78071  32.329  1.871  -9.525 0.0000000000
78072  30.768  1.957  -9.110 0.0000000000
78841  41.968  3.603  -1.591 0.0000000000
78847  42.269  4.166  -2.151 0.0000000000
78848  42.021  3.417  -2.361 0.0000000000
78854  42.377  4.080  -2.874 0.0000000000
78855  41.929  3.600  -3.096 0.0000000000
78856  41.146  3.269  -3.397 0.0000000000
78857  40.323  3.032  -3.768 0.0000000000
78863  41.537  3.834  -3.638 0.0000000000
78864  40.737  3.738  -3.971 0.0000000000
78865  39.896  3.551  -4.324 0.0000000000
78866  39.225  3.177  -4.645 0.0000000000
78872  39.355  4.022  -4.945 0.0000000000
78873  38.659  3.464  -5.252 0.0000000000
78874  35.093  3.202  -5.137 0.0000000000
78875  34.483  3.259  -5.792 0.0000000000
78876  33.857  3.632  -6.176 0.0000000000
78877  38.058  3.616  -5.933 0.0000000000
78878  37.569  3.594  -6.694 0.0000000000
78879  33.285  3.575  -6.753 0.0000000000
78880  32.531  3.553  -7.451 0.0000000000
78881  37.085  3.422  -7.343 0.0000000000
78882  36.615  3.158  -7.776 0.0000000000
78883  33.039  2.809  -7.409 0.0000000000
78884  32.085  2.717  -8.138 0.0000000000
78885  31.631  3.474  -8.212 0.0000000000
78886  37.002  3.864  -8.098 0.0000000000
78887  36.259  3.317  -8.421 0.0000000000
78888  35.495  3.100  -8.850 0.0000000000
78889  34.840  2.903  -9.161 0.0000000000
78890  31.153  2.601  -8.664 0.0000000000
78891  30.699  3.154  -8.901 0.0000000000
78892  30.592  3.494  -9.112 0.0000000000
78893  36.047  3.871  -9.154 0.0000000000
78894  35.143  3.725  -9.387 0.0000000000
78895  34.111  3.087  -9.454 0.0000000000
78896  32.199  3.409  -9.651 0.0000000000
78897  30.959  3.072  -9.359 0.0000000000
79692  42.496  4.703  -2.707 0.0000000000
79693  42.121  4.973  -1.937 0.0000000000
79699  42.558  4.601  -3.304 0.0000000000
79700  42.263  4.280  -3.585 0.0000000000
79707  42.849  4.949  -3.968 0.0000000000
79708  41.436  4.387  -4.277 0.0000000000
79709  40.266  4.311  -4.617 0.0000000000
79717  41.961  5.026  -4.955 0.0000000000
79718  40.800  4.985  -5.124 0.0000000000
79719  39.760  4.800  -5.400 0.0000000000
79720  38.769  4.443  -5.795 0.0000000000
79722  32.905  4.786  -6.036 0.0000000000
79723  38.757  4.966  -6.761 0.0000000000
79724  38.121  4.363  -6.624 0.0000000000
79725  33.410  4.190  -6.142 0.0000000000
79726  32.760  4.247  -6.728 0.0000000000
79727  32.268  4.977  -6.639 0.0000000000
79728  39.000  5.148  -7.683 0.0000000000
79729  38.501  4.926  -8.317 0.0000000000
79730  37.688  4.314  -7.535 0.0000000000
79731  32.047  4.303  -7.452 0.0000000000
79732  37.621  4.556  -8.612 0.0000000000
79733  36.834  4.198  -8.904 0.0000000000
79734  31.195  4.331  -8.270 0.0000000000
79735  30.448  4.059  -8.965 0.0000000000
79736  37.431  4.918  -9.461 0.0000000000
79737  36.559  4.676  -9.557 0.0000000000
79738  35.152  4.670  -9.792 0.0000000000
79739  34.382  4.961  -9.992 0.0000000000
79740  32.825  4.337  -9.899 0.0000000000
79741  31.642  4.110  -9.823 0.0000000000
79742  30.744  4.109  -9.603 0.0000000000
79743  30.420  4.412  -9.436 0.0000000000
79744  34.385  5.648  -10.349 0.0000000000
79745  33.528  5.255  -10.252 0.0000000000
79746  32.324  5.037  -10.300 0.0000000000
79747  31.136  4.849  -10.231 0.0000000000
79748  30.287  4.860  -10.037 0.0000000000
80522  42.752  5.096  -3.348 0.0000000000
80527  43.075  5.558  -3.970 0.0000000000
80535  43.409  6.172  -4.617 0.0000000000
80536  43.189  5.628  -4.670 0.0000000000
80537  42.763  5.262  -4.774 0.0000000000
80544  43.572  6.214  -5.401 0.0000000000
80545  43.218  5.755  -5.453 0.0000000000
80546  42.514  5.518  -5.659 0.0000000000
80547  41.441  5.435  -5.850 0.0000000000
80548  40.368  5.357  -6.025 0.0000000000
80550  32.445  5.473  -5.811 0.0000000000
80551  32.057  6.204  -5.439 0.0000000000
80554  43.597  6.218  -6.020 0.0000000000
80555  43.088  5.996  -6.343 0.0000000000
80556  42.161  5.784  -6.688 0.0000000000
80557  41.093  5.601  -6.920 0.0000000000
80558  40.123  5.415  -7.064 0.0000000000
80559  31.716  5.832  -6.451 0.0000000000
80560  42.854  6.452  -7.479 0.0000000000
80561  41.750  6.052  -7.775 0.0000000000
80562  40.714  5.692  -8.104 0.0000000000
80563  39.818  5.318  -7.985 0.0000000000
80564  39.331  5.270  -8.466 0.0000000000
80565  31.088  5.709  -7.541 0.0000000000
80566  30.501  5.832  -8.235 0.0000000000
80567  41.315  6.321  -8.670 0.0000000000
80568  40.691  5.982  -8.926 0.0000000000
80569  40.040  5.599  -8.893 0.0000000000
80570  39.194  5.418  -9.198 0.0000000000
80571  38.317  5.150  -9.351 0.0000000000
80572  30.610  5.027  -8.533 0.0000000000
80573  29.964  5.573  -9.180 0.0000000000
80574  29.383  5.993  -9.937 0.0000000000
80575  40.360  6.134  -9.333 0.0000000000
80576  39.755  6.054  -9.622 0.0000000000
80577  38.866  5.938  -9.928 0.0000000000
80578  37.983  5.597  -9.969 0.0000000000
80579  37.081  5.456  -10.011 0.0000000000
80580  36.039  5.281  -10.078 0.0000000000
80581  35.107  5.497  -10.245 0.0000000000
80582  29.907  5.216  -9.851 0.0000000000
80583  29.516  5.967  -10.299 0.0000000000
80584  38.271  6.152  -10.217 0.0000000000
80585  37.589  6.100  -10.318 0.0000000000
80586  36.707  6.065  -10.402 0.0000000000
80587  35.761  6.099  -10.475 0.0000000000
80588  34.865  6.187  -10.487 0.0000000000
80589  33.977  6.140  -10.508 0.0000000000
80590  32.966  5.969  -10.576 0.0000000000
80591  31.822  5.754  -10.630 0.0000000000
80592  30.613  5.647  -10.610 0.0000000000
80593  29.859  6.117  -10.753 0.0000000000
81367  42.723  5.802  -3.349 0.0000000000
81368  42.282  5.636  -2.576 0.0000000000
81373  43.015  6.276  -3.843 0.0000000000
81379  43.843  6.957  -5.413 0.0000000000
81380  43.290  6.911  -4.428 0.0000000000
81386  44.293  7.415  -7.044 0.0000000000
81387  43.991  6.756  -6.192 0.0000000000
81388  31.789  6.783  -5.005 0.0000000000
81392  43.707  6.634  -6.800 0.0000000000
81393  31.164  6.558  -6.789 0.0000000000
81394  30.749  7.046  -7.045 0.0000000000
81395  43.650  7.231  -7.644 0.0000000000
81396  42.946  7.066  -8.170 0.0000000000
81397  42.194  6.681  -8.415 0.0000000000
81398  30.677  6.454  -7.579 0.0000000000
81399  42.363  7.357  -8.539 0.0000000000
81400  41.582  7.022  -9.057 0.0000000000
81401  40.862  6.589  -9.259 0.0000000000
81402  30.156  6.433  -8.412 0.0000000000
81403  29.513  6.459  -9.298 0.0000000000
81404  40.244  6.773  -9.667 0.0000000000
81405  39.403  6.890  -10.033 0.0000000000
81406  38.664  6.611  -10.216 0.0000000000
81407  28.864  6.811  -10.126 0.0000000000
81408  38.026  6.720  -10.357 0.0000000000
81409  37.236  6.690  -10.411 0.0000000000
81410  36.349  6.696  -10.434 0.0000000000
81411  35.408  6.722  -10.396 0.0000000000
81412  34.477  6.737  -10.375 0.0000000000
81413  33.502  6.676  -10.417 0.0000000000
81414  32.447  6.609  -10.556 0.0000000000
81415  31.367  6.488  -10.823 0.0000000000
81416  29.809  6.858  -11.158 0.0000000000
81417  29.290  6.583  -10.786 0.0000000000
81418  28.779  7.001  -10.773 0.0000000000
81419  28.991  7.110  -11.218 0.0000000000
82227  42.270  7.599  -3.484 0.0000000000
82228  41.767  7.601  -2.916 0.0000000000
82232  43.527  7.785  -4.938 0.0000000000
82233  42.840  7.663  -4.153 0.0000000000
82234  39.249  8.108  -4.812 0.0000000000
82235  37.744  7.568  -4.912 0.0000000000
82236  36.864  7.594  -4.860 0.0000000000
82237  36.036  7.690  -4.891 0.0000000000
82238  31.457  7.484  -4.964 0.0000000000
82242  44.495  8.247  -6.607 0.0000000000
82243  44.192  8.032  -5.823 0.0000000000
82244  39.528  7.707  -5.515 0.0000000000
82245  38.919  7.395  -5.963 0.0000000000
82246  38.053  7.392  -5.770 0.0000000000
82247  36.390  7.452  -5.728 0.0000000000
82248  35.676  7.581  -5.544 0.0000000000
82249  35.019  7.644  -5.841 0.0000000000
82250  31.005  7.313  -6.389 0.0000000000
82251  30.794  8.011  -6.109 0.0000000000
82255  44.501  8.264  -7.187 0.0000000000
82256  41.154  7.861  -7.511 0.0000000000
82257  40.509  7.863  -6.204 0.0000000000
82258  39.248  7.434  -6.881 0.0000000000
82259  38.404  7.376  -6.709 0.0000000000
82260  37.450  7.364  -6.647 0.0000000000
82261  36.489  7.364  -6.863 0.0000000000
82262  35.654  7.441  -6.356 0.0000000000
82263  34.223  7.870  -6.103 0.0000000000
82264  33.864  7.709  -6.861 0.0000000000
82265  30.541  7.758  -6.977 0.0000000000
82266  44.325  8.665  -7.471 0.0000000000
82267  44.131  8.069  -7.707 0.0000000000
82268  43.269  7.705  -8.083 0.0000000000
82269  41.516  7.709  -8.487 0.0000000000
82270  40.519  7.639  -8.503 0.0000000000
82271  39.569  7.574  -8.080 0.0000000000
82272  38.812  7.604  -8.633 0.0000000000
82273  37.205  7.461  -7.847 0.0000000000
82274  36.415  7.420  -7.967 0.0000000000
82275  35.575  7.385  -7.504 0.0000000000
82276  34.283  7.446  -7.595 0.0000000000
82277  33.385  7.649  -7.636 0.0000000000
82278  32.853  7.743  -7.916 0.0000000000
82279  29.975  7.815  -7.869 0.0000000000
82280  41.550  7.432  -8.780 0.0000000000
82281  40.667  7.452  -9.115 0.0000000000
82282  39.681  7.525  -9.256 0.0000000000
82283  38.695  7.511  -9.591 0.0000000000
82284  37.918  7.613  -8.893 0.0000000000
82285  36.954  7.582  -8.948 0.0000000000
82286  34.914  7.382  -8.415 0.0000000000
82287  33.017  7.543  -8.442 0.0000000000
82288  32.369  7.928  -8.293 0.0000000000
82289  31.828  7.947  -8.942 0.0000000000
82290  29.751  7.131  -8.534 0.0000000000
82291  40.791  7.203  -9.307 0.0000000000
82292  39.990  7.259  -9.571 0.0000000000
82293  38.519  7.218  -10.081 0.0000000000
82294  37.648  7.459  -9.859 0.0000000000
82295  36.514  7.398  -9.757 0.0000000000
82296  35.456  7.339  -9.613 0.0000000000
82297  34.439  7.297  -9.503 0.0000000000
82298  33.408  7.323  -9.406 0.0000000000
82299  32.372  7.515  -9.365 0.0000000000
82300  31.486  7.799  -9.757 0.0000000000
82301  30.827  7.632  -10.629 0.0000000000
82302  28.330  7.594  -10.712 0.0000000000
82303  37.696  7.143  -10.231 0.0000000000
82304  36.936  7.141  -10.208 0.0000000000
82305  35.957  7.092  -10.202 0.0000000000
82306  34.968  7.078  -10.166 0.0000000000
82307  33.992  7.084  -10.148 0.0000000000
82308  32.965  7.079  -10.197 0.0000000000
82309  31.772  7.164  -10.481 0.0000000000
82310  30.050  7.475  -11.164 0.0000000000
82311  29.383  7.386  -11.304 0.0000000000
82312  28.805  7.688  -11.371 0.0000000000
82313  28.446  7.608  -11.157 0.0000000000
83089  42.442  8.248  -3.880 0.0000000000
83090  41.839  8.383  -3.268 0.0000000000
83091  38.604  8.836  -3.862 0.0000000000
83092  37.813  8.586  -3.633 0.0000000000
83093  36.928  8.529  -3.524 0.0000000000
83094  36.061  8.650  -3.560 0.0000000000
83100  43.736  8.844  -5.407 0.0000000000
83101  43.007  8.519  -4.528 0.0000000000
83102  40.513  9.345  -5.353 0.0000000000
83103  39.701  8.795  -4.718 0.0000000000
83104  38.349  8.088  -4.340 0.0000000000
83105  37.355  7.976  -4.177 0.0000000000
83106  36.479  8.050  -4.175 0.0000000000
83107  35.611  8.235  -4.309 0.0000000000
83108  34.768  8.489  -4.633 0.0000000000
83110  30.832  8.893  -5.000 0.0000000000
83115  44.583  8.870  -6.888 0.0000000000
83116  42.152  9.204  -6.577 0.0000000000
83117  41.042  8.688  -5.984 0.0000000000
83118  40.103  8.316  -5.339 0.0000000000
83119  35.256  7.860  -5.050 0.0000000000
83120  34.523  8.140  -5.382 0.0000000000
83121  33.904  8.438  -5.679 0.0000000000
83122  31.019  8.185  -5.358 0.0000000000
83123  30.609  8.822  -5.858 0.0000000000
83127  44.492  8.943  -7.219 0.0000000000
83128  43.232  8.669  -7.675 0.0000000000
83129  42.560  8.830  -7.141 0.0000000000
83130  41.593  8.413  -6.756 0.0000000000
83131  33.451  8.412  -6.284 0.0000000000
83132  32.826  8.690  -6.784 0.0000000000
83133  30.502  8.425  -6.550 0.0000000000
83134  44.268  9.239  -7.379 0.0000000000
83135  44.082  8.752  -7.695 0.0000000000
83136  43.640  8.412  -7.833 0.0000000000
83137  33.205  8.051  -6.960 0.0000000000
83138  32.709  8.156  -7.471 0.0000000000
83139  32.097  8.694  -7.761 0.0000000000
83140  30.180  8.468  -7.258 0.0000000000
83141  29.590  8.495  -8.040 0.0000000000
83142  42.582  7.973  -8.262 0.0000000000
83143  31.719  8.508  -8.447 0.0000000000
83146  31.324  8.416  -9.151 0.0000000000
83147  30.785  8.345  -9.969 0.0000000000
83148  28.533  7.741  -9.778 0.0000000000
83151  30.129  8.184  -10.907 0.0000000000
83152  28.644  8.302  -11.447 0.0000000000
83155  29.389  7.918  -11.361 0.0000000000
83906  37.778  9.890  -2.675 0.0000000000
83907  36.935  9.758  -2.452 0.0000000000
83908  36.153  9.812  -2.477 0.0000000000
83909  35.425  10.021  -2.655 0.0000000000
83913  42.425  9.041  -4.035 0.0000000000
83914  41.809  9.377  -3.389 0.0000000000
83915  38.951  10.076  -3.796 0.0000000000
83916  38.274  9.392  -3.327 0.0000000000
83917  37.373  9.149  -3.010 0.0000000000
83918  36.533  9.160  -2.957 0.0000000000
83919  35.735  9.343  -3.058 0.0000000000
83926  44.019  9.995  -5.809 0.0000000000
83927  43.207  9.548  -4.887 0.0000000000
83928  39.913  9.592  -4.775 0.0000000000
83929  39.277  9.366  -4.215 0.0000000000
83930  35.110  8.988  -3.772 0.0000000000
83931  34.289  9.282  -4.420 0.0000000000
83938  44.447  9.501  -7.035 0.0000000000
83939  44.208  10.162  -6.521 0.0000000000
83940  41.523  9.797  -6.105 0.0000000000
83941  34.043  8.830  -5.102 0.0000000000
83942  33.462  9.114  -5.649 0.0000000000
83943  30.567  9.452  -5.380 0.0000000000
83948  44.149  10.012  -7.043 0.0000000000
83949  42.669  10.317  -6.528 0.0000000000
83952  30.282  9.058  -6.667 0.0000000000
83953  29.969  9.654  -6.885 0.0000000000
83956  43.980  9.203  -7.596 0.0000000000
83959  29.816  9.123  -7.396 0.0000000000
84695  38.102  10.684  -2.745 0.0000000000
84696  37.316  10.593  -2.151 0.0000000000
84697  36.482  10.390  -2.037 0.0000000000
84704  42.990  11.190  -5.011 0.0000000000
84705  42.258  11.098  -4.116 0.0000000000
84706  39.228  11.000  -4.316 0.0000000000
84707  38.675  10.832  -3.526 0.0000000000
84715  43.943  10.840  -6.046 0.0000000000
84716  43.416  10.569  -5.346 0.0000000000
84717  40.287  10.199  -5.213 0.0000000000
84718  39.687  10.373  -4.681 0.0000000000
84723  41.972  10.969  -6.300 0.0000000000
84724  40.967  10.490  -5.811 0.0000000000
84725  40.396  11.116  -5.629 0.0000000000
84728  30.406  10.180  -5.283 0.0000000000
84731  43.861  10.731  -6.314 0.0000000000
84732  43.611  10.636  -6.517 0.0000000000
84733  42.985  11.299  -6.354 0.0000000000
84736  30.287  9.778  -6.108 0.0000000000
85517  42.668  11.739  -4.811 0.0000000000
85518  42.006  11.891  -4.071 0.0000000000
85528  43.610  11.301  -6.068 0.0000000000
85529  43.075  11.735  -5.683 0.0000000000
85530  42.491  12.256  -5.140 0.0000000000
85541  43.102  11.645  -6.105 0.0000000000
85542  42.158  11.936  -6.217 0.0000000000
85543  41.001  12.092  -6.250 0.0000000000
85551  43.554  11.210  -6.190 0.0000000000
86376  41.839  12.550  -4.496 0.0000000000
86386  42.458  12.165  -5.856 0.0000000000
86387  41.972  12.688  -5.409 0.0000000000
86395  41.488  12.603  -6.074 0.0000000000
87192  41.455  13.097  -4.822 0.0000000000
87204  41.371  13.023  -5.625 0.0000000000
114581  46.224  -34.266  1.849 0.0000000000
114651  33.175  -1.647  -7.979 0.0000000000
114704  48.487  -42.360  -0.930 0.0000000000
114843  44.209  -18.285  3.614 0.0000000000
114856  44.300  -1.208  -7.000 0.0000000000
114863  46.906  -33.798  2.816 0.0000000000
114949  57.798  -10.232  0.945 0.0000000000
115090  56.360  -23.479  2.247 0.0000000000
115094  41.011  -59.660  2.460 0.0000000000
115128  33.884  7.377  -8.460 0.0000000000
115212  41.446  -1.314  -6.953 0.0000000000
115236  48.291  -25.906  3.098 0.0000000000
115287  49.300  -13.118  2.794 0.0000000000
115457  55.152  -8.825  -3.048 0.0000000000
115468  41.468  -1.232  -2.189 0.0000000000
115605  34.794  7.490  -6.815 0.0000000000
115620  45.777  -58.751  5.845 0.0000000000
115760  45.469  -19.364  3.989 0.0000000000
115824  47.681  -8.468  -1.764 0.0000000000
115910  39.275  7.314  -9.755 0.0000000000
116077  35.107  -4.468  -7.938 0.0000000000
116179  55.065  -13.354  2.917 0.0000000000
116238  52.033  -28.460  5.588 0.0000000000
116343  46.990  -42.051  -1.491 0.0000000000
116359  56.718  -28.333  3.738 0.0000000000
116416  43.960  -2.641  -1.493 0.0000000000
116438  56.491  -25.780  7.020 0.0000000000
116576  47.906  -34.403  0.324 0.0000000000
116654  48.483  -8.031  -1.746 0.0000000000
116804  40.149  7.564  -7.157 0.0000000000
116820  53.463  -25.550  8.337 0.0000000000
116860  48.649  -10.684  0.461 0.0000000000
116941  40.435  -8.696  -1.728 0.0000000000
116948  45.729  -52.948  6.060 0.0000000000
116991  43.222  -53.148  0.936 0.0000000000
117051  43.108  -14.957  3.512 0.0000000000
117053  47.128  -41.208  -1.485 0.0000000000
117303  39.637  -7.639  -0.713 0.0000000000
117356  43.121  -38.922  -1.346 0.0000000000
117506  55.175  -28.161  7.761 0.0000000000
117517  44.132  -55.906  11.392 0.0000000000
117542  35.089  9.659  -3.218 0.0000000000
117636  45.951  -54.342  7.458 0.0000000000
117656  40.166  -8.771  -2.996 0.0000000000
117679  42.974  -2.533  -1.772 0.0000000000
117780  55.208  -32.089  6.058 0.0000000000
117816  51.456  -17.641  4.082 0.0000000000
117846  44.934  -6.270  -2.868 0.0000000000
117848  44.271  -45.078  -2.284 0.0000000000
117905  46.086  -52.048  2.382 0.0000000000
117919  35.075  -2.567  -6.924 0.0000000000
117963  45.898  -40.867  -1.569 0.0000000000
117970  49.766  -39.443  1.415 0.0000000000
117981  51.391  -18.964  2.950 0.0000000000
117986  59.060  -11.276  3.100 0.0000000000
118117  48.206  -5.814  -2.564 0.0000000000
118135  59.173  -12.126  3.010 0.0000000000
118234  40.511  -40.822  1.194 0.0000000000
118312  50.172  -11.417  1.685 0.0000000000
118328  46.910  -19.155  3.868 0.0000000000
118346  54.071  -28.668  4.490 0.0000000000
118361  53.786  -33.089  6.224 0.0000000000
118439  38.036  -9.992  -4.794 0.0000000000
118487  39.913  -1.153  -7.082 0.0000000000
118627  53.509  -25.824  8.633 0.0000000000
118706  52.307  -30.267  8.611 0.0000000000
118710  40.681  -6.297  -4.521 0.0000000000
118737  47.406  -22.316  3.558 0.0000000000
118763  50.896  -4.047  -0.734 0.0000000000
118822  41.380  -60.666  2.430 0.0000000000
118879  41.346  -49.687  7.205 0.0000000000
118939  44.556  -51.229  -0.502 0.0000000000
118979  43.809  -41.489  -2.014 0.0000000000
119024  56.127  -11.183  -1.988 0.0000000000
119048  43.034  -39.624  -1.579 0.0000000000
119073  50.792  -12.041  1.890 0.0000000000
119115  50.229  -20.714  0.793 0.0000000000
119145  31.078  1.563  -9.089 0.0000000000
119194  39.453  5.145  -6.301 0.0000000000
119205  49.431  -5.327  1.643 0.0000000000
119337  54.310  -12.131  -0.741 0.0000000000
119426  44.196  -2.266  -4.365 0.0000000000
119428  46.638  -42.492  -1.375 0.0000000000
119429  52.440  -38.592  0.708 0.0000000000
119582  50.759  -14.967  1.537 0.0000000000
119639  54.251  -34.310  5.146 0.0000000000
119721  42.198  -49.728  5.125 0.0000000000
119736  42.319  -53.106  -0.037 0.0000000000
119763  57.675  -10.195  1.705 0.0000000000
119828  43.404  -49.678  3.059 0.0000000000
119845  35.992  -2.392  -6.248 0.0000000000
119859  46.959  -54.976  5.032 0.0000000000
119917  45.583  -57.158  4.436 0.0000000000
119920  53.333  -31.733  2.397 0.0000000000
119927  39.714  2.883  -4.170 0.0000000000
119993  46.899  -56.828  7.411 0.0000000000
120036  53.402  -34.549  5.240 0.0000000000
120057  42.201  8.242  -7.785 0.0000000000
120266  50.559  -23.807  0.634 0.0000000000
120358  42.514  -52.907  1.028 0.0000000000
120403  47.648  -40.361  -1.279 0.0000000000
120413  44.352  -55.077  2.901 0.0000000000
120463  45.682  -17.199  3.555 0.0000000000
120539  43.637  -36.532  1.904 0.0000000000
120550  30.250  4.772  -9.286 0.0000000000
120575  52.995  -28.654  8.583 0.0000000000
120598  28.281  8.078  -11.357 0.0000000000
120649  49.701  -15.016  2.699 0.0000000000
120843  58.400  -12.580  1.802 0.0000000000
120869  46.449  -3.770  -5.000 0.0000000000
120879  51.370  -30.822  9.250 0.0000000000
120959  34.344  4.110  -9.651 0.0000000000
120984  51.376  -3.045  -2.388 0.0000000000
120986  38.779  -0.391  -6.726 0.0000000000
121190  46.578  -40.220  -1.407 0.0000000000
121208  37.565  0.295  -7.072 0.0000000000
121218  44.337  -39.939  -1.609 0.0000000000
121271  35.932  -6.835  -5.931 0.0000000000
121358  55.406  -12.365  -1.611 0.0000000000
121363  35.825  -0.231  -8.345 0.0000000000
121387  46.363  -23.717  4.961 0.0000000000
121460  44.065  -51.827  7.059 0.0000000000
121783  51.270  -24.616  0.282 0.0000000000
121796  47.420  -3.882  -3.806 0.0000000000
121922  50.736  -25.380  0.305 0.0000000000
121949  46.042  -52.847  5.082 0.0000000000
122056  48.229  -26.120  3.970 0.0000000000
122096  36.497  -1.314  -5.593 0.0000000000
122131  46.832  -56.443  6.630 0.0000000000
122286  40.599  -47.216  0.187 0.0000000000
122311  43.202  -52.372  -1.227 0.0000000000
122318  31.491  6.829  -5.809 0.0000000000
122356  45.743  -40.032  -1.461 0.0000000000
122473  51.379  -29.978  9.339 0.0000000000
122481  52.972  -26.436  4.809 0.0000000000
122553  41.329  11.422  -6.176 0.0000000000
122559  46.234  -20.313  4.027 0.0000000000
122580  46.862  -42.291  1.036 0.0000000000
122596  45.533  -11.460  2.490 0.0000000000
122711  48.233  -19.891  3.384 0.0000000000
122828  49.337  -41.108  0.784 0.0000000000
123018  49.181  -5.174  -2.482 0.0000000000
123083  38.365  4.776  -7.342 0.0000000000
123092  43.485  -51.458  7.095 0.0000000000
123176  51.530  -5.488  -3.124 0.0000000000
123208  55.149  -32.713  5.684 0.0000000000
123311  41.794  -59.584  2.242 0.0000000000
123439  41.453  -49.518  6.430 0.0000000000
123451  44.566  -43.247  0.690 0.0000000000
123461  44.665  -43.169  -2.230 0.0000000000
123499  50.588  -31.244  5.306 0.0000000000
123532  51.353  -16.274  0.363 0.0000000000
123557  55.691  -16.125  0.057 0.0000000000
123620  56.877  -13.469  1.712 0.0000000000
123684  29.321  7.811  -8.731 0.0000000000
123686  40.417  -38.427  2.874 0.0000000000
123734  53.544  -32.834  2.494 0.0000000000
123742  49.290  -32.561  4.619 0.0000000000
123763  44.784  -49.772  -0.502 0.0000000000
123868  42.944  -44.772  1.080 0.0000000000
123884  49.323  -4.049  -2.810 0.0000000000
124011  59.456  -12.979  5.724 0.0000000000
124164  55.119  -25.153  1.623 0.0000000000
124180  41.101  -48.162  -2.522 0.0000000000
124231  58.608  -13.433  4.720 0.0000000000
124242  30.353  7.126  -7.720 0.0000000000
124254  42.884  -45.858  0.926 0.0000000000
124279  43.669  -46.941  -0.332 0.0000000000
124363  47.013  -15.978  3.612 0.0000000000
124419  34.994  -1.522  -6.854 0.0000000000
124436  42.533  10.171  -4.285 0.0000000000
124479  41.644  -1.481  -7.216 0.0000000000
124480  50.220  -34.842  0.638 0.0000000000
124483  46.590  -36.923  -0.672 0.0000000000
124536  44.717  -52.366  7.030 0.0000000000
124542  53.014  -19.597  3.993 0.0000000000
124590  45.276  -36.216  -0.561 0.0000000000
124616  44.482  -43.838  -2.309 0.0000000000
124669  42.015  -58.741  2.323 0.0000000000
124812  58.158  -10.926  0.702 0.0000000000
124815  52.522  -34.893  1.744 0.0000000000
124842  59.331  -13.026  5.029 0.0000000000
124887  48.366  -23.115  2.391 0.0000000000
124917  51.899  -3.909  -3.276 0.0000000000
125184  44.676  -53.499  10.387 0.0000000000
125201  58.325  -25.936  5.539 0.0000000000
125209  55.247  -31.214  6.473 0.0000000000
125264  40.489  -47.041  -0.979 0.0000000000
125430  48.654  -42.285  0.373 0.0000000000
125523  44.332  -39.115  -1.514 0.0000000000
125593  53.706  -36.881  3.224 0.0000000000
125648  51.454  -18.119  3.160 0.0000000000
125691  38.647  -1.685  -7.440 0.0000000000
125734  57.861  -13.063  1.897 0.0000000000
125735  31.607  5.059  -7.371 0.0000000000
125756  30.742  7.027  -10.988 0.0000000000
125913  41.828  -48.194  -2.511 0.0000000000
125933  45.903  -9.195  0.682 0.0000000000
125948  48.092  -1.532  -2.902 0.0000000000
126038  50.001  -12.803  2.471 0.0000000000
126112  51.359  -28.172  9.515 0.0000000000
126120  49.065  -38.515  1.765 0.0000000000
126125  41.717  -1.230  -1.314 0.0000000000
126291  56.874  -29.619  3.919 0.0000000000
126307  43.127  -44.046  -2.581 0.0000000000
126330  52.353  -35.761  4.061 0.0000000000
126538  53.372  -31.916  7.186 0.0000000000
126801  39.682  11.236  -5.107 0.0000000000
126814  42.130  -47.049  -2.551 0.0000000000
126858  45.669  -2.248  -2.285 0.0000000000
126899  40.651  -45.070  -0.292 0.0000000000
126950  36.743  -2.259  -5.468 0.0000000000
126977  41.184  -0.298  -2.367 0.0000000000
126993  40.620  -43.892  1.161 0.0000000000
127001  33.296  0.502  -9.435 0.0000000000
127009  51.886  -4.736  -3.396 0.0000000000
127071  41.341  -42.152  -2.180 0.0000000000
127106  38.337  0.196  -6.548 0.0000000000
127175  41.098  -46.943  -2.492 0.0000000000
127182  35.810  4.425  -9.600 0.0000000000
127208  40.657  -44.364  -0.513 0.0000000000
127264  51.779  -24.535  0.610 0.0000000000
127272  53.464  -27.791  8.606 0.0000000000
127287  44.458  -44.731  -1.502 0.0000000000
127289  45.489  -51.046  0.731 0.0000000000
127311  41.255  -45.466  -2.522 0.0000000000
127319  35.448  -5.630  -6.778 0.0000000000
127371  48.707  -34.956  0.258 0.0000000000
127378  34.141  0.806  -9.257 0.0000000000
127414  40.540  -44.225  -1.568 0.0000000000
127441  43.274  -2.531  -1.054 0.0000000000
127444  32.882  2.787  -9.571 0.0000000000
127449  44.023  -44.318  -2.468 0.0000000000
127462  38.079  7.472  -7.717 0.0000000000
127508  40.423  -46.911  -1.888 0.0000000000
127514  46.956  -3.152  -0.584 0.0000000000
127536  46.986  -54.284  4.989 0.0000000000
127629  42.221  6.712  -3.029 0.0000000000
127713  32.431  8.917  -7.219 0.0000000000
127718  39.662  7.520  -6.250 0.0000000000
127796  54.264  -32.755  2.933 0.0000000000
127889  36.747  0.024  -7.674 0.0000000000
127891  39.422  1.790  -4.333 0.0000000000
127895  52.581  -32.249  2.002 0.0000000000
127940  44.403  9.162  -6.354 0.0000000000
127968  40.010  -49.395  -1.544 0.0000000000
128008  50.012  -32.966  1.080 0.0000000000
128071  51.735  -37.658  2.521 0.0000000000
128104  51.787  -18.746  0.224 0.0000000000
128111  46.521  -22.958  4.662 0.0000000000
128180  51.748  -19.427  3.381 0.0000000000
128328  45.674  -51.724  1.128 0.0000000000
128372  56.698  -29.166  3.759 0.0000000000
128541  40.793  -44.836  -2.360 0.0000000000
128588  40.513  -2.880  -7.120 0.0000000000
128601  47.829  -15.807  3.540 0.0000000000
128666  56.327  -13.685  -1.625 0.0000000000
128668  40.644  -46.888  -2.226 0.0000000000
128670  44.915  -56.150  3.085 0.0000000000
128691  42.850  -46.749  1.173 0.0000000000
128736  38.646  7.610  -5.137 0.0000000000
128773  40.491  -44.902  -2.034 0.0000000000
128820  50.649  -36.414  3.198 0.0000000000
128849  41.551  -1.890  -7.489 0.0000000000
128870  51.434  -20.846  0.927 0.0000000000
128899  58.052  -13.221  3.937 0.0000000000
128958  43.093  -54.753  13.244 0.0000000000
128959  41.059  -1.478  -4.162 0.0000000000
128979  42.343  -46.022  2.705 0.0000000000
129078  31.620  2.419  -9.529 0.0000000000
129132  52.064  -32.757  1.620 0.0000000000
129242  49.650  -3.336  -1.071 0.0000000000
129264  53.514  -26.840  8.775 0.0000000000
129370  51.416  -19.887  2.502 0.0000000000
129375  40.618  1.906  -3.195 0.0000000000
129416  43.862  -53.340  1.000 0.0000000000
129523  52.343  -35.298  4.632 0.0000000000
129553  55.171  -23.718  5.079 0.0000000000
129579  48.609  -19.145  3.147 0.0000000000
129592  38.830  -6.749  -5.482 0.0000000000
129596  45.730  -11.830  0.670 0.0000000000
129597  48.778  -37.776  -0.374 0.0000000000
129614  39.942  2.180  -3.762 0.0000000000
129662  44.287  7.480  -6.383 0.0000000000
129719  29.134  6.477  -10.367 0.0000000000
129754  51.525  -19.526  1.993 0.0000000000
129757  56.481  -15.441  6.577 0.0000000000
129839  46.751  -54.646  6.295 0.0000000000
129954  53.968  -23.801  1.722 0.0000000000
129956  58.361  -25.762  4.086 0.0000000000
129988  33.389  3.714  -9.655 0.0000000000
130133  41.626  2.108  -1.884 0.0000000000
130396  43.661  -53.981  13.118 0.0000000000
130412  33.719  4.480  -9.853 0.0000000000
130503  47.822  -22.892  3.067 0.0000000000
130560  43.762  -43.683  0.760 0.0000000000
130593  35.962  7.425  -8.728 0.0000000000
130683  40.474  -8.495  -0.016 0.0000000000
130850  43.454  9.666  -7.126 0.0000000000
130870  39.877  -52.290  -2.306 0.0000000000
130890  43.519  11.243  -5.739 0.0000000000
130920  41.404  -7.065  -3.377 0.0000000000
131027  42.371  4.727  -4.264 0.0000000000
131041  41.953  -2.292  -3.349 0.0000000000
131102  37.297  -2.266  -4.787 0.0000000000
131183  38.807  7.482  -7.588 0.0000000000
131202  42.013  -45.007  -2.583 0.0000000000
131205  54.908  -27.457  8.148 0.0000000000
131235  47.302  -6.303  -3.095 0.0000000000
131237  30.478  6.456  -10.940 0.0000000000
131390  31.183  7.585  -5.723 0.0000000000
131489  36.662  -4.275  -7.541 0.0000000000
131580  50.340  -30.827  5.985 0.0000000000
131587  39.032  8.580  -4.340 0.0000000000
131681  41.126  -8.458  1.095 0.0000000000
131729  37.213  7.423  -5.643 0.0000000000
131883  51.998  -38.265  2.247 0.0000000000
131893  49.165  -16.060  2.974 0.0000000000
131967  55.906  -15.349  -1.537 0.0000000000
131987  57.442  -23.825  4.330 0.0000000000
132078  40.912  -53.499  -1.454 0.0000000000
132158  47.659  -42.693  0.244 0.0000000000
132181  47.506  -24.276  3.108 0.0000000000
132198  29.908  5.496  -10.306 0.0000000000
132342  45.365  -58.706  7.982 0.0000000000
132490  41.311  -44.729  -2.515 0.0000000000
132545  41.837  -62.868  3.210 0.0000000000
132574  45.331  -56.537  10.346 0.0000000000
132643  56.720  -30.211  6.340 0.0000000000
132989  53.800  -26.929  4.786 0.0000000000
133026  53.208  -32.307  2.262 0.0000000000
133052  42.410  -52.514  -1.612 0.0000000000
133057  42.732  -48.408  2.835 0.0000000000
133075  46.187  -26.286  5.147 0.0000000000
133133  49.143  -8.267  -1.426 0.0000000000
133147  57.621  -27.903  6.699 0.0000000000
133183  54.857  -11.965  -1.340 0.0000000000
133188  29.184  7.170  -9.327 0.0000000000
133208  57.785  -27.467  6.695 0.0000000000
133289  57.230  -10.571  2.880 0.0000000000
133335  48.674  -12.518  2.498 0.0000000000
133349  57.656  -23.710  3.442 0.0000000000
133355  45.836  -59.636  6.660 0.0000000000
133602  51.620  -27.919  5.830 0.0000000000
133640  54.325  -16.733  -0.488 0.0000000000
133698  34.940  -0.069  -8.759 0.0000000000
133709  45.629  -7.432  -0.673 0.0000000000
133734  51.689  -14.725  0.683 0.0000000000
133748  54.946  -24.484  5.661 0.0000000000
133756  47.742  -19.156  3.669 0.0000000000
133816  49.749  -15.783  2.398 0.0000000000
133828  34.563  2.537  -6.194 0.0000000000
133832  39.396  5.272  -7.162 0.0000000000
133839  54.000  -31.541  2.638 0.0000000000
133848  48.111  -42.644  -0.737 0.0000000000
133880  37.216  -4.551  -4.880 0.0000000000
133968  46.353  -33.993  3.381 0.0000000000
133970  41.265  -2.401  -7.352 0.0000000000
134033  45.664  -43.146  -1.489 0.0000000000
134110  51.331  -33.738  7.739 0.0000000000
134134  49.223  -15.409  3.048 0.0000000000
134143  45.529  -9.203  1.378 0.0000000000
134201  49.911  -21.325  1.030 0.0000000000
134209  40.015  -9.062  -1.687 0.0000000000
134217  37.640  -3.060  -7.515 0.0000000000
134251  40.828  -58.200  2.808 0.0000000000
134272  43.556  -16.545  2.072 0.0000000000
134399  48.161  -37.265  -0.420 0.0000000000
134457  48.135  -18.563  3.525 0.0000000000
134472  38.404  10.146  -3.133 0.0000000000
134521  51.936  -30.379  4.745 0.0000000000
134526  38.526  0.854  -5.809 0.0000000000
134529  42.463  -59.304  2.228 0.0000000000
134712  59.082  -15.406  7.354 0.0000000000
134840  55.340  -13.621  2.179 0.0000000000
134940  49.248  -42.128  0.304 0.0000000000
134971  42.552  -5.565  -4.578 0.0000000000
135067  57.482  -13.524  1.065 0.0000000000
135083  41.543  -15.210  -0.083 0.0000000000
135145  45.422  -54.829  2.688 0.0000000000
135223  48.250  -42.565  0.270 0.0000000000
135234  31.159  5.057  -7.936 0.0000000000
135554  52.198  -9.014  -1.722 0.0000000000
135596  53.661  -27.512  4.907 0.0000000000
135707  44.597  -49.195  -0.889 0.0000000000
135744  40.220  -0.513  -4.695 0.0000000000
135809  43.066  -6.113  -3.710 0.0000000000
135830  44.479  7.803  -6.862 0.0000000000
135874  41.453  -1.538  -2.783 0.0000000000
135878  51.781  -28.440  9.278 0.0000000000
135907  34.892  7.408  -7.561 0.0000000000
135909  40.495  -43.312  1.562 0.0000000000
135926  40.842  -48.109  5.921 0.0000000000
135954  40.820  -42.136  -0.150 0.0000000000
135974  50.220  -19.555  0.753 0.0000000000
136013  51.784  -30.345  8.964 0.0000000000
136014  43.161  -47.190  -2.480 0.0000000000
136057  48.038  -15.169  3.487 0.0000000000
136131  45.487  -36.618  -0.740 0.0000000000
136247  41.365  -38.374  1.707 0.0000000000
136302  41.565  -39.918  -0.898 0.0000000000
136303  46.466  -12.116  0.587 0.0000000000
136367  56.703  -28.876  3.730 0.0000000000
136392  47.794  -1.771  -2.358 0.0000000000
136624  36.866  7.383  -6.193 0.0000000000
136699  48.911  -9.684  -0.584 0.0000000000
136743  50.131  -38.822  1.657 0.0000000000
136813  57.825  -13.510  4.546 0.0000000000
136816  51.468  -32.220  8.723 0.0000000000
136908  52.597  -26.929  5.273 0.0000000000
136966  41.269  -50.639  -2.365 0.0000000000
136973  34.395  -0.689  -9.024 0.0000000000
137004  40.784  -7.889  -3.009 0.0000000000
137027  31.458  1.647  -9.334 0.0000000000
137035  40.203  -48.812  -1.889 0.0000000000
137087  44.508  -53.394  11.059 0.0000000000
137192  45.852  -51.733  1.737 0.0000000000
137259  44.307  -60.909  4.166 0.0000000000
137299  56.039  -31.130  6.207 0.0000000000
137386  43.526  -47.367  0.302 0.0000000000
137438  41.148  -47.849  5.297 0.0000000000
137516  54.165  -25.468  1.550 0.0000000000
137542  46.288  -55.772  4.262 0.0000000000
137595  51.836  -11.659  1.183 0.0000000000
137677  55.131  -10.155  -2.433 0.0000000000
137704  41.535  -60.068  2.315 0.0000000000
137718  44.022  -35.960  2.892 0.0000000000
137719  38.793  9.402  -3.766 0.0000000000
137721  50.391  -2.655  -2.665 0.0000000000
137877  58.151  -25.405  3.609 0.0000000000
137890  47.796  -40.201  1.541 0.0000000000
137904  43.645  -55.159  12.472 0.0000000000
138053  54.343  -25.523  7.630 0.0000000000
138061  57.895  -25.599  5.826 0.0000000000
138118  43.409  -38.394  -1.196 0.0000000000
138201  54.867  -30.809  3.052 0.0000000000
138213  54.648  -25.324  1.388 0.0000000000
138231  44.628  -40.513  -1.642 0.0000000000
138259  42.725  7.015  -3.760 0.0000000000
