#!ascii label , from subject sub-02 vox2ras=TkReg lh ROI=FG coords=white drawn-with=delineation-helper-0.1.0
2242
11448  -29.904  -71.807  -9.923 0.0000000000
12296  -27.437  -70.552  -5.649 0.0000000000
12309  -28.894  -71.381  -7.977 0.0000000000
12320  -30.051  -71.489  -9.379 0.0000000000
12322  -24.834  -70.729  -8.515 0.0000000000
12323  -26.394  -71.230  -9.765 0.0000000000
12324  -27.736  -70.513  -10.026 0.0000000000
12325  -29.275  -71.452  -10.340 0.0000000000
12326  -30.156  -71.213  -10.116 0.0000000000
12327  -27.803  -71.339  -10.241 0.0000000000
13142  -24.518  -69.510  -3.705 0.0000000000
13154  -27.503  -69.944  -4.746 0.0000000000
13155  -28.067  -69.469  -4.994 0.0000000000
13164  -22.913  -69.177  -5.842 0.0000000000
13165  -23.883  -69.744  -6.131 0.0000000000
13166  -27.841  -69.940  -5.642 0.0000000000
13167  -28.680  -69.758  -6.123 0.0000000000
13168  -29.869  -69.570  -6.604 0.0000000000
13180  -22.932  -69.213  -6.748 0.0000000000
13181  -24.008  -69.848  -6.926 0.0000000000
13182  -28.449  -70.507  -6.852 0.0000000000
13183  -29.900  -70.314  -7.536 0.0000000000
13184  -30.799  -69.933  -7.943 0.0000000000
13185  -31.325  -69.375  -8.241 0.0000000000
13188  -23.635  -69.331  -7.490 0.0000000000
13189  -24.351  -69.331  -8.217 0.0000000000
13190  -30.576  -70.375  -8.943 0.0000000000
13191  -31.010  -69.782  -8.794 0.0000000000
13192  -31.264  -69.240  -9.002 0.0000000000
13193  -24.420  -70.023  -8.043 0.0000000000
13194  -25.059  -69.973  -8.694 0.0000000000
13195  -27.161  -69.602  -9.460 0.0000000000
13196  -29.091  -70.265  -10.206 0.0000000000
13957  -24.448  -68.384  -2.782 0.0000000000
13970  -22.757  -68.193  -4.417 0.0000000000
13971  -23.963  -68.621  -3.713 0.0000000000
13984  -21.866  -67.808  -4.955 0.0000000000
13985  -22.250  -68.479  -5.380 0.0000000000
13987  -29.348  -68.455  -4.713 0.0000000000
13988  -30.349  -68.210  -5.216 0.0000000000
13999  -21.709  -68.031  -5.785 0.0000000000
14000  -22.157  -68.638  -6.326 0.0000000000
14001  -28.983  -69.109  -5.378 0.0000000000
14002  -30.068  -68.890  -5.838 0.0000000000
14003  -31.066  -68.645  -6.316 0.0000000000
14004  -31.931  -68.316  -6.829 0.0000000000
14010  -21.967  -68.034  -6.564 0.0000000000
14011  -22.589  -68.677  -7.131 0.0000000000
14012  -23.631  -68.621  -7.758 0.0000000000
14013  -30.924  -69.323  -7.064 0.0000000000
14014  -31.659  -68.827  -7.520 0.0000000000
14015  -32.084  -68.297  -7.722 0.0000000000
14016  -24.730  -68.735  -8.221 0.0000000000
14017  -26.997  -68.289  -8.606 0.0000000000
14018  -28.448  -68.386  -9.144 0.0000000000
14019  -29.582  -68.194  -9.220 0.0000000000
14020  -31.709  -68.585  -8.378 0.0000000000
14021  -25.615  -69.212  -8.767 0.0000000000
14022  -27.885  -69.056  -9.457 0.0000000000
14023  -29.988  -69.199  -9.699 0.0000000000
14024  -30.662  -68.871  -9.377 0.0000000000
14797  -24.735  -67.865  -2.079 0.0000000000
14806  -24.043  -67.415  -2.823 0.0000000000
14817  -22.493  -66.799  -4.022 0.0000000000
14818  -22.505  -67.425  -4.209 0.0000000000
14819  -23.443  -67.826  -3.560 0.0000000000
14829  -21.976  -66.996  -4.687 0.0000000000
14831  -30.721  -67.570  -4.694 0.0000000000
14832  -31.656  -67.381  -5.190 0.0000000000
14836  -21.753  -67.567  -5.900 0.0000000000
14837  -32.195  -67.737  -6.252 0.0000000000
14838  -22.273  -67.267  -6.242 0.0000000000
14839  -22.902  -67.868  -7.171 0.0000000000
14840  -25.565  -67.228  -7.147 0.0000000000
14841  -26.693  -67.096  -7.247 0.0000000000
14842  -32.388  -67.835  -7.281 0.0000000000
14843  -32.742  -67.290  -6.771 0.0000000000
14844  -26.202  -67.763  -7.804 0.0000000000
14845  -27.707  -66.932  -7.520 0.0000000000
14846  -29.569  -67.416  -8.663 0.0000000000
14847  -30.697  -67.555  -8.763 0.0000000000
14848  -31.722  -67.698  -8.500 0.0000000000
14849  -32.214  -67.873  -7.972 0.0000000000
14850  -30.418  -68.073  -9.159 0.0000000000
14851  -31.232  -68.416  -9.011 0.0000000000
15625  -24.572  -66.899  -2.086 0.0000000000
15639  -22.999  -66.327  -3.560 0.0000000000
15640  -23.736  -66.573  -2.845 0.0000000000
15652  -22.489  -66.324  -4.218 0.0000000000
15654  -31.587  -66.438  -3.725 0.0000000000
15655  -32.425  -66.228  -4.202 0.0000000000
15660  -22.317  -66.361  -4.733 0.0000000000
15661  -31.147  -66.986  -4.214 0.0000000000
15662  -32.034  -66.786  -4.706 0.0000000000
15663  -32.898  -66.567  -5.241 0.0000000000
15664  -33.668  -66.267  -5.784 0.0000000000
15666  -21.940  -66.862  -5.392 0.0000000000
15667  -22.723  -66.444  -5.636 0.0000000000
15668  -24.602  -66.053  -5.872 0.0000000000
15669  -25.736  -66.098  -5.887 0.0000000000
15670  -26.735  -66.055  -5.928 0.0000000000
15671  -32.564  -67.169  -5.748 0.0000000000
15672  -33.185  -66.759  -6.275 0.0000000000
15673  -23.638  -66.783  -6.359 0.0000000000
15674  -25.059  -66.669  -6.485 0.0000000000
15675  -26.190  -66.632  -6.505 0.0000000000
15676  -28.109  -66.289  -7.009 0.0000000000
15677  -29.148  -66.169  -7.367 0.0000000000
15678  -30.426  -66.182  -7.768 0.0000000000
15679  -31.329  -66.037  -7.738 0.0000000000
15680  -32.952  -66.755  -7.040 0.0000000000
15681  -33.506  -66.202  -6.616 0.0000000000
15682  -28.733  -66.795  -7.865 0.0000000000
15683  -29.872  -66.775  -8.210 0.0000000000
15684  -31.590  -66.754  -8.144 0.0000000000
15685  -32.301  -67.203  -8.010 0.0000000000
15686  -32.538  -67.300  -7.499 0.0000000000
16454  -24.685  -65.443  -1.695 0.0000000000
16455  -25.197  -65.962  -1.105 0.0000000000
16458  -32.646  -64.688  -2.072 0.0000000000
16465  -23.464  -65.738  -2.965 0.0000000000
16466  -24.002  -65.144  -2.388 0.0000000000
16468  -32.318  -65.324  -2.683 0.0000000000
16474  -22.672  -65.872  -4.323 0.0000000000
16475  -22.903  -65.567  -3.801 0.0000000000
16476  -31.984  -65.884  -3.247 0.0000000000
16477  -32.784  -65.658  -3.685 0.0000000000
16478  -33.634  -65.483  -4.138 0.0000000000
16480  -22.780  -65.757  -4.708 0.0000000000
16481  -23.127  -65.261  -4.647 0.0000000000
16482  -23.622  -64.977  -4.831 0.0000000000
16483  -33.279  -66.038  -4.696 0.0000000000
16484  -34.075  -65.777  -5.198 0.0000000000
16485  -34.609  -65.380  -5.496 0.0000000000
16486  -23.142  -65.681  -5.134 0.0000000000
16487  -24.121  -65.432  -5.358 0.0000000000
16488  -25.230  -65.418  -5.432 0.0000000000
16489  -26.273  -65.432  -5.429 0.0000000000
16490  -27.221  -65.394  -5.489 0.0000000000
16491  -28.135  -65.283  -5.690 0.0000000000
16492  -29.042  -65.092  -6.028 0.0000000000
16493  -29.963  -64.904  -6.465 0.0000000000
16494  -34.170  -65.666  -6.145 0.0000000000
16495  -34.780  -65.076  -5.956 0.0000000000
16496  -27.658  -65.893  -6.147 0.0000000000
16497  -28.581  -65.687  -6.498 0.0000000000
16498  -29.566  -65.513  -6.905 0.0000000000
16499  -30.616  -65.450  -7.229 0.0000000000
16500  -31.668  -65.566  -7.406 0.0000000000
16501  -32.156  -66.416  -7.767 0.0000000000
16502  -32.631  -66.787  -7.581 0.0000000000
17247  -24.412  -64.476  -1.734 0.0000000000
17256  -23.211  -64.911  -3.193 0.0000000000
17257  -23.678  -64.507  -2.478 0.0000000000
17258  -33.482  -64.490  -2.561 0.0000000000
17259  -34.215  -64.359  -2.997 0.0000000000
17260  -22.886  -65.276  -4.290 0.0000000000
17261  -22.923  -64.790  -3.850 0.0000000000
17262  -33.131  -65.084  -3.125 0.0000000000
17263  -33.957  -64.883  -3.573 0.0000000000
17264  -34.935  -64.687  -3.956 0.0000000000
17265  -35.882  -64.567  -4.720 0.0000000000
17266  -23.167  -64.653  -4.277 0.0000000000
17267  -24.029  -64.244  -4.619 0.0000000000
17268  -25.243  -64.074  -4.665 0.0000000000
17269  -26.303  -64.091  -4.580 0.0000000000
17270  -27.184  -64.222  -4.501 0.0000000000
17271  -28.044  -64.370  -4.454 0.0000000000
17272  -29.023  -64.310  -4.643 0.0000000000
17273  -30.057  -63.960  -5.072 0.0000000000
17274  -34.467  -65.281  -4.613 0.0000000000
17275  -35.263  -65.014  -5.201 0.0000000000
17276  -36.001  -64.466  -5.414 0.0000000000
17277  -24.667  -64.783  -5.015 0.0000000000
17278  -25.775  -64.758  -4.992 0.0000000000
17279  -26.750  -64.792  -4.958 0.0000000000
17280  -27.655  -64.821  -5.001 0.0000000000
17281  -28.580  -64.762  -5.191 0.0000000000
17282  -29.516  -64.553  -5.565 0.0000000000
17283  -30.403  -64.376  -6.094 0.0000000000
17284  -31.830  -64.140  -6.598 0.0000000000
17285  -32.647  -63.809  -6.572 0.0000000000
17286  -35.402  -64.606  -5.854 0.0000000000
17287  -36.028  -64.102  -5.779 0.0000000000
17288  -30.930  -64.874  -6.847 0.0000000000
17289  -31.896  -64.914  -7.027 0.0000000000
17290  -33.424  -64.622  -6.770 0.0000000000
17291  -34.185  -64.989  -6.491 0.0000000000
17292  -34.658  -64.454  -6.327 0.0000000000
17966  -20.969  -63.956  5.556 0.0000000000
17967  -22.085  -64.088  5.224 0.0000000000
17978  -20.324  -63.146  5.407 0.0000000000
17979  -20.989  -63.472  4.930 0.0000000000
17980  -22.872  -63.835  4.719 0.0000000000
17994  -21.987  -63.318  4.263 0.0000000000
17995  -23.247  -63.393  3.983 0.0000000000
18035  -23.567  -62.992  -1.160 0.0000000000
18040  -23.761  -63.966  -2.182 0.0000000000
18042  -34.501  -63.246  -1.599 0.0000000000
18043  -35.408  -63.152  -2.153 0.0000000000
18044  -22.338  -63.229  -3.427 0.0000000000
18045  -23.021  -64.175  -3.040 0.0000000000
18046  -28.973  -63.388  -2.641 0.0000000000
18047  -29.872  -63.084  -2.860 0.0000000000
18049  -34.896  -63.873  -2.817 0.0000000000
18050  -35.898  -63.587  -3.194 0.0000000000
18051  -36.923  -63.294  -3.600 0.0000000000
18052  -27.727  -63.279  -3.319 0.0000000000
18053  -28.669  -63.640  -3.260 0.0000000000
18054  -29.596  -63.450  -3.422 0.0000000000
18055  -30.224  -63.054  -3.623 0.0000000000
18056  -35.639  -64.223  -3.810 0.0000000000
18057  -36.523  -64.016  -4.401 0.0000000000
18058  -37.487  -63.486  -4.709 0.0000000000
18059  -38.264  -63.016  -4.940 0.0000000000
18060  -23.387  -63.783  -4.196 0.0000000000
18061  -24.632  -63.458  -4.368 0.0000000000
18062  -25.893  -63.277  -4.244 0.0000000000
18063  -26.799  -63.535  -4.130 0.0000000000
18064  -27.532  -63.768  -3.956 0.0000000000
18065  -28.372  -63.972  -3.859 0.0000000000
18066  -29.361  -63.830  -4.061 0.0000000000
18067  -30.810  -63.287  -5.190 0.0000000000
18068  -31.512  -62.600  -5.380 0.0000000000
18069  -36.664  -64.001  -5.433 0.0000000000
18070  -37.566  -63.332  -5.318 0.0000000000
18071  -30.943  -63.870  -5.967 0.0000000000
18072  -31.609  -63.370  -6.071 0.0000000000
18073  -33.069  -63.119  -6.298 0.0000000000
18074  -34.120  -63.457  -6.356 0.0000000000
18075  -35.200  -63.931  -6.225 0.0000000000
18076  -36.736  -63.548  -5.667 0.0000000000
18077  -33.718  -64.055  -6.584 0.0000000000
18761  -20.448  -62.970  5.957 0.0000000000
18762  -21.006  -62.353  5.767 0.0000000000
18763  -22.330  -61.933  5.773 0.0000000000
18777  -20.171  -62.730  4.937 0.0000000000
18778  -20.642  -62.793  4.247 0.0000000000
18785  -20.187  -62.007  3.179 0.0000000000
18786  -20.350  -62.257  3.776 0.0000000000
18787  -22.263  -62.888  3.514 0.0000000000
18788  -23.617  -63.069  3.190 0.0000000000
18792  -20.249  -62.079  2.356 0.0000000000
18793  -20.862  -62.388  2.805 0.0000000000
18794  -21.948  -62.564  2.872 0.0000000000
18795  -23.002  -62.650  2.633 0.0000000000
18796  -23.965  -62.926  2.336 0.0000000000
18798  -19.558  -61.954  0.701 0.0000000000
18799  -20.450  -62.122  1.265 0.0000000000
18800  -21.274  -62.266  1.689 0.0000000000
18801  -22.316  -62.422  2.013 0.0000000000
18802  -23.377  -62.631  1.780 0.0000000000
18810  -19.152  -61.745  -0.276 0.0000000000
18811  -20.502  -62.197  0.104 0.0000000000
18812  -21.366  -62.300  0.582 0.0000000000
18813  -23.601  -62.700  0.920 0.0000000000
18820  -19.749  -61.898  -1.133 0.0000000000
18821  -20.354  -62.238  -1.026 0.0000000000
18822  -21.221  -62.394  -0.592 0.0000000000
18823  -21.886  -62.605  -1.250 0.0000000000
18824  -22.889  -62.648  -0.658 0.0000000000
18826  -28.953  -62.590  -0.907 0.0000000000
18827  -29.894  -62.327  -0.964 0.0000000000
18830  -20.187  -62.127  -1.961 0.0000000000
18831  -20.854  -62.479  -1.931 0.0000000000
18832  -21.493  -62.751  -2.488 0.0000000000
18833  -22.530  -62.891  -1.810 0.0000000000
18834  -28.614  -62.750  -1.572 0.0000000000
18835  -29.569  -62.655  -1.557 0.0000000000
18836  -30.272  -62.257  -1.620 0.0000000000
18839  -37.562  -62.192  -1.737 0.0000000000
18840  -38.274  -62.066  -2.781 0.0000000000
18841  -20.554  -62.184  -2.680 0.0000000000
18842  -21.610  -62.665  -3.250 0.0000000000
18843  -22.052  -63.193  -2.925 0.0000000000
18844  -27.600  -62.356  -2.429 0.0000000000
18845  -28.341  -62.902  -2.162 0.0000000000
18846  -29.300  -63.014  -2.110 0.0000000000
18847  -30.239  -62.523  -2.329 0.0000000000
18848  -30.972  -61.872  -2.977 0.0000000000
18849  -37.185  -62.648  -2.705 0.0000000000
18850  -22.243  -62.757  -3.711 0.0000000000
18851  -22.797  -63.190  -3.919 0.0000000000
18852  -24.785  -62.116  -3.787 0.0000000000
18853  -25.808  -62.010  -3.583 0.0000000000
18854  -26.563  -62.179  -3.351 0.0000000000
18855  -27.110  -62.604  -3.272 0.0000000000
18856  -28.077  -63.086  -2.728 0.0000000000
18857  -30.548  -62.528  -3.347 0.0000000000
18858  -31.195  -61.897  -4.043 0.0000000000
18859  -31.803  -61.770  -5.014 0.0000000000
18860  -38.150  -62.771  -3.950 0.0000000000
18861  -38.976  -62.264  -4.804 0.0000000000
18862  -24.051  -62.919  -4.099 0.0000000000
18863  -25.252  -62.702  -3.990 0.0000000000
18864  -26.621  -62.865  -3.728 0.0000000000
18865  -27.155  -63.190  -3.660 0.0000000000
18866  -30.793  -62.696  -4.365 0.0000000000
18867  -32.787  -61.676  -5.495 0.0000000000
18868  -38.408  -62.678  -5.182 0.0000000000
18869  -32.425  -62.337  -5.803 0.0000000000
18870  -33.434  -62.466  -6.035 0.0000000000
18871  -34.552  -62.823  -6.110 0.0000000000
18872  -35.727  -63.291  -5.971 0.0000000000
18873  -37.422  -63.022  -5.607 0.0000000000
18874  -38.146  -62.651  -5.378 0.0000000000
19605  -20.392  -62.276  5.084 0.0000000000
19606  -21.478  -61.790  5.267 0.0000000000
19617  -20.394  -62.265  4.383 0.0000000000
19618  -20.832  -61.734  4.675 0.0000000000
19619  -22.280  -61.298  4.731 0.0000000000
19622  -20.306  -61.863  3.106 0.0000000000
19623  -20.344  -62.072  3.729 0.0000000000
19624  -20.625  -61.688  4.060 0.0000000000
19628  -16.724  -60.803  1.417 0.0000000000
19629  -17.478  -61.089  1.551 0.0000000000
19630  -18.553  -61.280  1.666 0.0000000000
19631  -19.581  -61.478  1.951 0.0000000000
19632  -20.155  -61.803  2.559 0.0000000000
19634  -16.535  -60.923  1.150 0.0000000000
19635  -17.083  -61.208  1.240 0.0000000000
19636  -17.949  -61.429  1.288 0.0000000000
19637  -18.927  -61.632  1.436 0.0000000000
19638  -19.754  -61.832  1.862 0.0000000000
19639  -28.546  -61.510  1.240 0.0000000000
19640  -29.547  -61.520  1.233 0.0000000000
19641  -30.495  -61.177  0.977 0.0000000000
19648  -16.550  -60.876  0.737 0.0000000000
19649  -16.875  -61.184  0.798 0.0000000000
19650  -17.528  -61.387  0.660 0.0000000000
19651  -18.477  -61.669  0.615 0.0000000000
19652  -28.046  -61.626  0.237 0.0000000000
19653  -28.970  -62.015  0.511 0.0000000000
19654  -29.962  -61.798  0.425 0.0000000000
19655  -30.792  -61.341  0.161 0.0000000000
19658  -17.180  -61.103  0.284 0.0000000000
19659  -18.225  -61.354  -0.175 0.0000000000
19660  -27.681  -61.601  -0.730 0.0000000000
19661  -28.486  -62.177  -0.340 0.0000000000
19662  -29.433  -62.249  -0.240 0.0000000000
19663  -30.345  -61.835  -0.407 0.0000000000
19664  -31.159  -61.242  -0.667 0.0000000000
19666  -19.234  -61.485  -0.952 0.0000000000
19667  -19.930  -61.677  -1.770 0.0000000000
19668  -27.370  -61.549  -1.458 0.0000000000
19669  -28.010  -62.210  -1.195 0.0000000000
19670  -30.662  -61.797  -1.237 0.0000000000
19671  -31.304  -61.252  -1.669 0.0000000000
19672  -31.868  -60.745  -2.153 0.0000000000
19675  -20.286  -61.889  -2.422 0.0000000000
19676  -20.554  -61.791  -2.826 0.0000000000
19677  -21.035  -62.032  -3.236 0.0000000000
19678  -26.739  -61.392  -2.456 0.0000000000
19679  -27.208  -61.645  -2.083 0.0000000000
19680  -27.821  -62.282  -1.866 0.0000000000
19681  -30.830  -61.811  -2.080 0.0000000000
19682  -31.406  -61.261  -2.588 0.0000000000
19683  -31.954  -60.768  -3.069 0.0000000000
19684  -38.793  -61.370  -2.835 0.0000000000
19685  -39.262  -61.199  -3.685 0.0000000000
19686  -21.933  -62.096  -3.581 0.0000000000
19687  -23.028  -61.963  -3.716 0.0000000000
19688  -24.307  -61.545  -3.575 0.0000000000
19689  -25.397  -61.386  -3.350 0.0000000000
19690  -26.326  -61.456  -2.997 0.0000000000
19691  -27.042  -61.936  -2.812 0.0000000000
19692  -31.546  -61.294  -3.491 0.0000000000
19693  -32.121  -60.865  -3.946 0.0000000000
19694  -32.822  -60.605  -4.419 0.0000000000
19695  -39.002  -61.921  -3.754 0.0000000000
19696  -39.510  -61.318  -4.563 0.0000000000
19697  -32.351  -61.133  -4.788 0.0000000000
19698  -33.205  -61.037  -5.200 0.0000000000
19699  -34.193  -61.089  -5.438 0.0000000000
19700  -35.362  -61.234  -5.580 0.0000000000
19701  -38.848  -62.107  -5.224 0.0000000000
19702  -39.408  -61.379  -5.066 0.0000000000
19703  -33.813  -61.803  -5.730 0.0000000000
19704  -34.984  -62.102  -5.839 0.0000000000
19705  -36.427  -62.514  -5.800 0.0000000000
19706  -37.660  -62.285  -5.604 0.0000000000
19707  -39.109  -61.386  -5.264 0.0000000000
19708  -39.555  -60.741  -5.094 0.0000000000
20450  -22.648  -60.392  3.656 0.0000000000
20455  -20.391  -61.011  2.860 0.0000000000
20456  -20.588  -61.479  3.441 0.0000000000
20457  -21.448  -60.809  3.589 0.0000000000
20460  -16.430  -60.413  1.395 0.0000000000
20461  -17.140  -60.598  1.702 0.0000000000
20462  -18.122  -60.706  1.753 0.0000000000
20463  -19.254  -61.100  1.999 0.0000000000
20464  -20.045  -61.454  2.458 0.0000000000
20465  -21.275  -60.428  2.944 0.0000000000
20466  -27.915  -60.294  2.500 0.0000000000
20467  -28.692  -60.427  2.542 0.0000000000
20468  -29.586  -60.294  2.398 0.0000000000
20472  -16.367  -60.541  1.285 0.0000000000
20473  -27.517  -60.455  1.817 0.0000000000
20474  -28.186  -60.923  1.946 0.0000000000
20475  -29.116  -61.095  2.009 0.0000000000
20476  -30.082  -60.801  1.764 0.0000000000
20477  -30.961  -60.374  1.345 0.0000000000
20484  -16.039  -60.405  0.905 0.0000000000
20485  -26.794  -60.283  0.139 0.0000000000
20486  -27.532  -60.929  0.950 0.0000000000
20487  -31.298  -60.695  0.513 0.0000000000
20488  -31.975  -60.074  0.228 0.0000000000
20490  -16.784  -60.646  0.374 0.0000000000
20491  -17.686  -61.013  -0.266 0.0000000000
20492  -18.683  -61.054  -0.827 0.0000000000
20493  -26.714  -60.447  -0.822 0.0000000000
20494  -27.113  -61.044  -1.146 0.0000000000
20495  -31.682  -60.643  -0.284 0.0000000000
20496  -32.368  -60.055  -0.677 0.0000000000
20499  -19.553  -61.092  -1.490 0.0000000000
20500  -20.270  -61.332  -2.322 0.0000000000
20501  -20.806  -60.609  -2.331 0.0000000000
20502  -21.661  -60.382  -2.455 0.0000000000
20503  -26.666  -60.709  -1.528 0.0000000000
20504  -26.991  -61.187  -1.672 0.0000000000
20505  -31.818  -60.714  -1.190 0.0000000000
20506  -32.396  -60.261  -1.678 0.0000000000
20507  -33.020  -59.844  -2.089 0.0000000000
20509  -20.924  -61.263  -2.888 0.0000000000
20510  -21.948  -61.139  -3.154 0.0000000000
20511  -23.290  -60.565  -2.907 0.0000000000
20512  -24.401  -60.269  -2.761 0.0000000000
20513  -25.326  -60.278  -2.576 0.0000000000
20514  -26.331  -60.948  -2.431 0.0000000000
20515  -26.714  -61.058  -2.026 0.0000000000
20516  -32.474  -60.341  -2.599 0.0000000000
20517  -33.161  -59.957  -3.013 0.0000000000
20518  -38.935  -60.679  -3.168 0.0000000000
20519  -39.520  -60.418  -4.304 0.0000000000
20520  -22.778  -61.354  -3.395 0.0000000000
20521  -23.823  -61.015  -3.300 0.0000000000
20522  -24.918  -60.791  -3.119 0.0000000000
20523  -25.775  -60.838  -2.819 0.0000000000
20524  -32.608  -60.419  -3.515 0.0000000000
20525  -33.326  -60.094  -3.984 0.0000000000
20526  -34.186  -59.820  -4.405 0.0000000000
20527  -39.698  -60.568  -4.956 0.0000000000
20528  -33.643  -60.426  -4.840 0.0000000000
20529  -34.608  -60.333  -5.135 0.0000000000
20530  -35.725  -60.272  -5.332 0.0000000000
20531  -36.984  -60.206  -5.416 0.0000000000
20532  -39.064  -60.414  -5.305 0.0000000000
20533  -36.663  -61.291  -5.579 0.0000000000
20534  -38.076  -61.145  -5.512 0.0000000000
21253  -22.321  -59.980  3.035 0.0000000000
21256  -27.827  -59.194  3.262 0.0000000000
21257  -28.614  -59.014  3.294 0.0000000000
21258  -29.208  -58.362  3.236 0.0000000000
21267  -16.333  -59.979  1.506 0.0000000000
21268  -17.240  -59.766  1.695 0.0000000000
21269  -18.534  -59.576  1.795 0.0000000000
21270  -19.654  -59.495  1.862 0.0000000000
21271  -20.929  -59.940  2.384 0.0000000000
21272  -21.913  -59.452  2.534 0.0000000000
21274  -27.148  -59.300  2.837 0.0000000000
21275  -28.288  -59.792  3.001 0.0000000000
21276  -29.078  -59.714  2.893 0.0000000000
21277  -29.853  -59.436  2.609 0.0000000000
21285  -16.012  -60.075  1.262 0.0000000000
21286  -15.990  -59.518  1.311 0.0000000000
21287  -26.603  -59.315  2.012 0.0000000000
21288  -27.246  -59.897  2.257 0.0000000000
21289  -30.496  -59.805  2.006 0.0000000000
21290  -31.316  -59.365  1.304 0.0000000000
21298  -16.219  -60.372  0.839 0.0000000000
21299  -16.107  -59.770  0.740 0.0000000000
21300  -26.297  -59.662  0.392 0.0000000000
21301  -26.820  -59.967  1.238 0.0000000000
21302  -31.926  -59.321  0.582 0.0000000000
21303  -32.461  -59.340  -0.066 0.0000000000
21307  -17.490  -59.926  -0.030 0.0000000000
21308  -18.729  -59.577  -0.668 0.0000000000
21309  -25.580  -59.381  -0.760 0.0000000000
21310  -26.212  -59.813  -0.422 0.0000000000
21311  -32.986  -59.293  -0.722 0.0000000000
21315  -19.787  -59.377  -1.080 0.0000000000
21316  -21.276  -59.769  -1.872 0.0000000000
21317  -22.304  -59.480  -1.894 0.0000000000
21318  -23.286  -59.236  -1.881 0.0000000000
21319  -24.160  -59.168  -1.724 0.0000000000
21320  -25.363  -59.528  -1.472 0.0000000000
21321  -26.121  -60.023  -1.336 0.0000000000
21322  -32.867  -59.745  -1.315 0.0000000000
21323  -33.550  -59.126  -1.459 0.0000000000
21324  -34.266  -58.564  -2.069 0.0000000000
21327  -38.402  -60.186  -2.651 0.0000000000
21328  -22.755  -60.062  -2.440 0.0000000000
21329  -23.844  -59.748  -2.346 0.0000000000
21330  -24.850  -59.658  -2.133 0.0000000000
21331  -25.702  -60.026  -2.033 0.0000000000
21332  -26.283  -60.518  -1.981 0.0000000000
21333  -33.788  -59.393  -2.440 0.0000000000
21334  -34.582  -58.895  -2.901 0.0000000000
21335  -38.047  -59.114  -2.993 0.0000000000
21336  -39.000  -59.658  -3.672 0.0000000000
21337  -39.553  -59.706  -4.842 0.0000000000
21338  -33.965  -59.575  -3.416 0.0000000000
21339  -34.881  -59.160  -3.860 0.0000000000
21340  -35.763  -58.635  -4.593 0.0000000000
21341  -39.304  -58.863  -4.577 0.0000000000
21342  -39.399  -58.880  -4.969 0.0000000000
21343  -35.156  -59.546  -4.825 0.0000000000
21344  -36.307  -59.338  -5.150 0.0000000000
21345  -37.605  -59.241  -5.361 0.0000000000
21346  -38.818  -59.314  -5.311 0.0000000000
21347  -39.483  -59.726  -5.037 0.0000000000
22046  -27.263  -58.509  3.300 0.0000000000
22047  -28.006  -58.478  3.525 0.0000000000
22048  -28.582  -58.241  3.470 0.0000000000
22057  -16.430  -59.010  1.547 0.0000000000
22058  -17.631  -58.544  1.928 0.0000000000
22059  -19.173  -58.584  1.901 0.0000000000
22060  -20.281  -58.590  1.927 0.0000000000
22061  -22.328  -58.426  2.474 0.0000000000
22063  -26.597  -58.668  2.596 0.0000000000
22064  -29.948  -58.517  2.680 0.0000000000
22069  -15.909  -58.448  1.199 0.0000000000
22070  -25.630  -58.254  1.352 0.0000000000
22071  -26.055  -58.074  2.177 0.0000000000
22072  -30.641  -58.216  1.927 0.0000000000
22073  -31.235  -58.357  1.320 0.0000000000
22081  -15.843  -58.713  0.947 0.0000000000
22082  -25.340  -58.489  0.503 0.0000000000
22083  -26.017  -59.102  1.061 0.0000000000
22084  -31.743  -58.483  0.742 0.0000000000
22085  -32.305  -58.510  0.215 0.0000000000
22092  -16.692  -58.871  0.376 0.0000000000
22093  -18.069  -58.794  -0.200 0.0000000000
22094  -19.310  -58.601  -0.584 0.0000000000
22095  -20.379  -58.443  -0.827 0.0000000000
22096  -22.309  -58.176  -0.900 0.0000000000
22097  -23.155  -58.078  -0.834 0.0000000000
22098  -23.870  -58.154  -0.627 0.0000000000
22099  -24.494  -58.388  -0.438 0.0000000000
22100  -25.097  -58.761  -0.244 0.0000000000
22101  -25.715  -59.202  0.054 0.0000000000
22102  -32.832  -58.525  -0.340 0.0000000000
22103  -33.359  -58.540  -0.837 0.0000000000
22109  -20.796  -59.129  -1.375 0.0000000000
22110  -21.821  -58.871  -1.435 0.0000000000
22111  -22.778  -58.664  -1.439 0.0000000000
22112  -23.619  -58.628  -1.305 0.0000000000
22113  -24.344  -58.729  -1.100 0.0000000000
22114  -24.950  -59.002  -0.925 0.0000000000
22115  -33.832  -57.945  -1.393 0.0000000000
22116  -34.496  -57.625  -2.215 0.0000000000
22117  -35.998  -58.567  -1.240 0.0000000000
22118  -36.644  -58.710  -1.804 0.0000000000
22120  -35.903  -56.945  -4.125 0.0000000000
22121  -37.339  -58.407  -2.486 0.0000000000
22122  -38.335  -57.977  -3.330 0.0000000000
22123  -35.392  -58.149  -3.555 0.0000000000
22124  -36.306  -57.612  -4.718 0.0000000000
22125  -37.420  -57.198  -5.195 0.0000000000
22126  -39.067  -57.752  -4.305 0.0000000000
22127  -39.272  -57.917  -4.953 0.0000000000
22128  -37.175  -58.259  -5.174 0.0000000000
22129  -38.493  -57.393  -5.318 0.0000000000
22130  -39.148  -58.336  -5.134 0.0000000000
22841  -16.836  -56.795  2.494 0.0000000000
22842  -18.137  -56.928  2.563 0.0000000000
22843  -19.313  -56.995  2.428 0.0000000000
22846  -27.108  -57.749  3.455 0.0000000000
22847  -27.632  -57.929  3.578 0.0000000000
22848  -28.175  -57.746  3.652 0.0000000000
22849  -28.914  -57.527  3.462 0.0000000000
22856  -16.363  -57.648  1.940 0.0000000000
22857  -18.660  -57.714  2.184 0.0000000000
22858  -20.832  -57.719  2.158 0.0000000000
22859  -21.776  -57.638  2.375 0.0000000000
22860  -25.505  -57.383  1.699 0.0000000000
22861  -26.087  -57.452  2.495 0.0000000000
22862  -29.663  -57.669  2.895 0.0000000000
22863  -30.232  -57.725  2.338 0.0000000000
22869  -15.774  -56.955  1.570 0.0000000000
22870  -24.492  -57.193  0.514 0.0000000000
22871  -25.048  -57.717  0.860 0.0000000000
22872  -30.553  -57.296  1.630 0.0000000000
22873  -31.007  -57.636  1.280 0.0000000000
22878  -15.615  -57.694  1.048 0.0000000000
22879  -16.423  -57.202  0.511 0.0000000000
22880  -17.828  -57.241  0.006 0.0000000000
22881  -24.704  -58.026  0.187 0.0000000000
22882  -30.850  -56.935  0.721 0.0000000000
22883  -31.463  -57.539  0.592 0.0000000000
22884  -32.048  -57.837  0.273 0.0000000000
22889  -17.229  -57.979  0.084 0.0000000000
22890  -18.668  -57.860  -0.199 0.0000000000
22891  -19.890  -57.698  -0.414 0.0000000000
22892  -20.953  -57.624  -0.549 0.0000000000
22893  -22.720  -57.476  -0.538 0.0000000000
22894  -23.412  -57.450  -0.349 0.0000000000
22895  -24.071  -57.526  -0.047 0.0000000000
22896  -31.839  -57.056  -0.251 0.0000000000
22897  -32.497  -57.716  -0.258 0.0000000000
22898  -33.162  -57.717  -0.734 0.0000000000
22899  -35.095  -57.517  -0.416 0.0000000000
22900  -35.718  -57.599  -1.110 0.0000000000
22905  -32.467  -56.683  -0.990 0.0000000000
22906  -33.364  -57.090  -1.318 0.0000000000
22907  -34.043  -56.930  -1.880 0.0000000000
22908  -36.670  -57.662  -1.985 0.0000000000
22912  -34.712  -56.657  -2.730 0.0000000000
22913  -35.433  -56.239  -3.730 0.0000000000
22914  -37.877  -57.178  -2.882 0.0000000000
22915  -38.699  -56.888  -3.848 0.0000000000
22917  -36.441  -55.776  -4.488 0.0000000000
22918  -37.001  -56.457  -4.969 0.0000000000
22919  -39.009  -56.870  -4.823 0.0000000000
22920  -39.032  -57.345  -5.107 0.0000000000
22921  -38.114  -56.458  -5.184 0.0000000000
22922  -38.736  -56.747  -5.134 0.0000000000
23632  -16.173  -55.928  2.577 0.0000000000
23633  -17.551  -56.011  2.922 0.0000000000
23634  -18.785  -56.377  2.737 0.0000000000
23635  -20.699  -56.165  2.665 0.0000000000
23636  -21.586  -56.082  2.875 0.0000000000
23637  -22.434  -56.085  3.367 0.0000000000
23639  -26.194  -56.213  3.142 0.0000000000
23640  -26.873  -56.453  3.687 0.0000000000
23641  -27.543  -57.088  3.781 0.0000000000
23642  -28.166  -56.349  3.954 0.0000000000
23650  -15.568  -55.997  2.060 0.0000000000
23651  -20.314  -56.937  2.374 0.0000000000
23652  -21.250  -56.851  2.466 0.0000000000
23653  -22.109  -56.775  2.723 0.0000000000
23654  -25.813  -56.766  2.432 0.0000000000
23655  -26.559  -57.122  3.244 0.0000000000
23656  -29.779  -56.188  2.185 0.0000000000
23663  -15.562  -56.167  1.536 0.0000000000
23664  -25.168  -56.490  1.670 0.0000000000
23665  -30.257  -56.406  1.153 0.0000000000
23667  -34.640  -55.964  0.667 0.0000000000
23672  -16.243  -56.251  0.840 0.0000000000
23673  -17.647  -56.458  0.263 0.0000000000
23674  -21.150  -56.104  0.004 0.0000000000
23675  -22.204  -56.221  0.023 0.0000000000
23676  -23.066  -56.127  0.197 0.0000000000
23677  -23.705  -56.167  0.435 0.0000000000
23678  -24.409  -56.257  0.899 0.0000000000
23679  -30.513  -56.243  -0.050 0.0000000000
23680  -31.116  -56.655  -0.208 0.0000000000
23681  -35.352  -55.848  -0.119 0.0000000000
23688  -19.130  -56.837  -0.128 0.0000000000
23689  -20.494  -56.850  -0.253 0.0000000000
23690  -21.518  -56.871  -0.310 0.0000000000
23691  -22.922  -56.794  -0.198 0.0000000000
23692  -23.540  -56.792  0.070 0.0000000000
23693  -24.036  -56.765  0.340 0.0000000000
23694  -30.907  -56.093  -0.705 0.0000000000
23695  -31.491  -56.345  -0.813 0.0000000000
23702  -31.890  -56.063  -1.212 0.0000000000
23703  -32.576  -56.007  -1.564 0.0000000000
23704  -34.090  -55.911  -2.470 0.0000000000
23705  -36.566  -56.295  -1.605 0.0000000000
23706  -37.144  -55.408  -2.565 0.0000000000
23711  -34.975  -55.526  -3.282 0.0000000000
23712  -35.854  -55.094  -4.064 0.0000000000
23713  -37.670  -55.521  -3.664 0.0000000000
23714  -38.404  -56.157  -4.348 0.0000000000
23717  -37.627  -55.624  -4.696 0.0000000000
23718  -38.540  -56.227  -5.016 0.0000000000
24484  -27.224  -55.152  4.121 0.0000000000
24485  -28.070  -55.376  4.153 0.0000000000
24491  -16.616  -55.086  2.955 0.0000000000
24492  -18.441  -54.597  3.420 0.0000000000
24493  -19.588  -54.889  3.320 0.0000000000
24494  -21.017  -55.448  3.065 0.0000000000
24495  -21.795  -55.414  3.450 0.0000000000
24496  -22.425  -55.430  3.848 0.0000000000
24498  -25.794  -55.292  3.088 0.0000000000
24499  -26.653  -55.680  3.714 0.0000000000
24500  -27.461  -56.037  4.008 0.0000000000
24501  -28.771  -55.139  3.774 0.0000000000
24502  -29.300  -55.035  3.099 0.0000000000
24510  -15.752  -55.025  2.287 0.0000000000
24511  -24.622  -54.957  1.900 0.0000000000
24512  -25.484  -55.957  2.415 0.0000000000
24513  -29.575  -55.395  2.163 0.0000000000
24520  -15.490  -55.467  1.867 0.0000000000
24521  -23.661  -54.988  0.870 0.0000000000
24522  -24.236  -55.335  1.209 0.0000000000
24523  -24.843  -55.699  1.709 0.0000000000
24524  -29.785  -55.647  1.164 0.0000000000
24525  -34.104  -55.039  1.664 0.0000000000
24526  -34.606  -55.175  1.041 0.0000000000
24533  -15.977  -55.469  1.378 0.0000000000
24534  -17.442  -55.480  0.739 0.0000000000
24535  -18.892  -55.048  0.543 0.0000000000
24536  -20.686  -55.336  0.225 0.0000000000
24537  -21.695  -55.335  0.244 0.0000000000
24538  -22.612  -55.381  0.339 0.0000000000
24539  -23.330  -55.490  0.505 0.0000000000
24540  -23.865  -55.630  0.733 0.0000000000
24541  -29.760  -55.054  -0.327 0.0000000000
24542  -29.983  -55.709  0.170 0.0000000000
24543  -35.220  -55.124  0.346 0.0000000000
24544  -35.794  -54.937  -0.477 0.0000000000
24552  -29.936  -54.916  -0.543 0.0000000000
24553  -30.354  -55.537  -0.564 0.0000000000
24554  -31.068  -55.676  -0.888 0.0000000000
24559  -31.642  -55.794  -1.113 0.0000000000
24560  -32.416  -55.601  -1.449 0.0000000000
24561  -33.408  -55.493  -2.038 0.0000000000
24562  -36.221  -54.651  -1.487 0.0000000000
24563  -36.642  -54.771  -2.507 0.0000000000
24567  -34.506  -55.065  -2.829 0.0000000000
24568  -35.385  -54.784  -3.495 0.0000000000
24569  -36.998  -54.832  -3.422 0.0000000000
24572  -35.916  -54.589  -3.861 0.0000000000
24573  -36.437  -54.627  -4.069 0.0000000000
24574  -37.104  -54.854  -4.107 0.0000000000
25450  -18.219  -53.481  3.606 0.0000000000
25451  -20.176  -54.357  3.603 0.0000000000
25452  -20.701  -53.839  4.041 0.0000000000
25453  -21.677  -54.100  4.213 0.0000000000
25454  -22.516  -54.402  4.462 0.0000000000
25456  -26.926  -54.478  4.154 0.0000000000
25457  -27.656  -54.400  4.296 0.0000000000
25458  -28.455  -54.529  4.093 0.0000000000
25466  -16.418  -54.304  2.693 0.0000000000
25467  -17.280  -54.317  3.195 0.0000000000
25468  -21.172  -54.685  3.616 0.0000000000
25469  -22.072  -54.848  4.010 0.0000000000
25470  -25.698  -54.361  3.347 0.0000000000
25471  -26.430  -54.845  3.764 0.0000000000
25472  -28.973  -53.935  3.823 0.0000000000
25473  -29.353  -54.190  3.042 0.0000000000
25475  -33.497  -53.984  2.744 0.0000000000
25481  -15.942  -54.248  2.219 0.0000000000
25482  -16.742  -53.840  2.505 0.0000000000
25483  -24.469  -54.209  2.155 0.0000000000
25484  -25.101  -54.653  2.621 0.0000000000
25485  -29.488  -54.585  2.069 0.0000000000
25488  -34.330  -54.244  1.773 0.0000000000
25497  -15.801  -54.757  1.896 0.0000000000
25498  -16.601  -54.059  1.839 0.0000000000
25499  -19.541  -53.865  1.048 0.0000000000
25500  -20.614  -53.912  0.749 0.0000000000
25501  -21.502  -53.863  0.697 0.0000000000
25502  -22.766  -53.960  0.896 0.0000000000
25503  -23.417  -54.262  1.119 0.0000000000
25504  -24.055  -54.580  1.440 0.0000000000
25505  -29.550  -54.945  1.035 0.0000000000
25506  -34.631  -54.529  1.289 0.0000000000
25507  -35.487  -53.611  0.267 0.0000000000
25515  -16.596  -54.813  1.382 0.0000000000
25516  -17.768  -54.555  1.084 0.0000000000
25517  -20.008  -54.634  0.519 0.0000000000
25518  -21.151  -54.577  0.437 0.0000000000
25519  -22.164  -54.494  0.526 0.0000000000
25520  -23.028  -54.730  0.612 0.0000000000
25521  -29.395  -54.634  -0.010 0.0000000000
25522  -35.115  -54.431  0.710 0.0000000000
25523  -35.587  -54.336  -0.051 0.0000000000
25528  -29.485  -54.398  -0.448 0.0000000000
25529  -29.728  -54.474  -0.490 0.0000000000
25530  -30.639  -55.074  -0.804 0.0000000000
25531  -31.782  -54.646  -0.946 0.0000000000
25532  -35.730  -53.876  -1.537 0.0000000000
25537  -31.661  -55.371  -1.113 0.0000000000
25538  -32.646  -54.964  -1.514 0.0000000000
25539  -33.249  -55.097  -1.888 0.0000000000
25540  -34.636  -54.040  -2.432 0.0000000000
25541  -36.062  -54.211  -2.445 0.0000000000
25545  -34.099  -54.740  -2.400 0.0000000000
25546  -35.092  -54.443  -2.993 0.0000000000
25547  -35.678  -54.293  -3.114 0.0000000000
25548  -36.341  -54.479  -3.339 0.0000000000
25553  -35.713  -54.526  -3.522 0.0000000000
25554  -36.129  -54.497  -3.751 0.0000000000
25555  -36.618  -54.564  -3.870 0.0000000000
26365  -18.333  -52.576  3.839 0.0000000000
26366  -19.009  -52.851  4.114 0.0000000000
26367  -20.114  -53.112  4.301 0.0000000000
26368  -21.249  -53.250  4.451 0.0000000000
26369  -22.252  -53.639  4.571 0.0000000000
26370  -23.047  -53.973  4.822 0.0000000000
26371  -27.092  -53.097  4.424 0.0000000000
26372  -27.578  -53.645  4.396 0.0000000000
26373  -28.296  -53.697  4.308 0.0000000000
26384  -17.835  -52.980  3.400 0.0000000000
26385  -24.816  -52.969  3.107 0.0000000000
26386  -25.675  -53.412  3.593 0.0000000000
26387  -26.356  -54.068  3.888 0.0000000000
26388  -28.902  -53.283  3.996 0.0000000000
26389  -29.320  -53.328  3.239 0.0000000000
26391  -33.471  -53.231  3.041 0.0000000000
26401  -17.534  -53.008  3.015 0.0000000000
26402  -23.669  -53.000  1.937 0.0000000000
26403  -24.315  -53.398  2.391 0.0000000000
26404  -24.985  -53.837  2.889 0.0000000000
26405  -29.424  -53.728  2.142 0.0000000000
26406  -34.072  -53.302  2.433 0.0000000000
26407  -34.569  -53.432  1.843 0.0000000000
26417  -17.477  -53.375  2.280 0.0000000000
26418  -18.925  -53.181  1.809 0.0000000000
26419  -20.177  -53.245  1.203 0.0000000000
26420  -21.708  -53.167  0.968 0.0000000000
26421  -22.524  -53.098  1.157 0.0000000000
26422  -23.234  -53.448  1.334 0.0000000000
26423  -23.855  -53.817  1.703 0.0000000000
26424  -29.314  -54.117  0.701 0.0000000000
26425  -35.182  -52.714  1.320 0.0000000000
26426  -35.443  -52.818  0.554 0.0000000000
26432  -22.168  -53.710  0.804 0.0000000000
26433  -29.052  -53.990  -0.490 0.0000000000
26434  -30.823  -53.559  -0.343 0.0000000000
26435  -31.934  -53.233  -0.061 0.0000000000
26436  -35.470  -52.860  -0.315 0.0000000000
26441  -29.136  -53.860  -0.683 0.0000000000
26442  -29.649  -53.878  -0.640 0.0000000000
26443  -30.577  -54.348  -0.613 0.0000000000
26444  -32.526  -53.713  -0.689 0.0000000000
26445  -33.744  -53.291  -1.077 0.0000000000
26446  -35.362  -53.141  -1.211 0.0000000000
26450  -33.126  -54.191  -1.388 0.0000000000
26451  -34.254  -53.685  -1.816 0.0000000000
26452  -35.004  -53.443  -2.133 0.0000000000
26453  -35.379  -53.694  -2.189 0.0000000000
26458  -35.210  -53.955  -2.636 0.0000000000
27342  -18.784  -51.468  4.195 0.0000000000
27343  -19.747  -51.779  4.467 0.0000000000
27344  -22.725  -52.355  4.809 0.0000000000
27356  -18.399  -51.915  3.998 0.0000000000
27357  -18.818  -52.160  4.235 0.0000000000
27358  -20.514  -52.531  4.479 0.0000000000
27359  -21.353  -52.525  4.556 0.0000000000
27360  -22.071  -52.850  4.632 0.0000000000
27361  -22.868  -53.190  4.845 0.0000000000
27362  -26.897  -52.240  4.463 0.0000000000
27363  -27.767  -52.527  4.540 0.0000000000
27364  -28.448  -52.883  4.334 0.0000000000
27374  -18.245  -52.493  3.599 0.0000000000
27375  -24.644  -52.076  3.214 0.0000000000
27376  -25.434  -52.455  3.627 0.0000000000
27377  -26.220  -52.763  4.093 0.0000000000
27378  -29.114  -52.576  3.808 0.0000000000
27379  -29.409  -52.902  2.436 0.0000000000
27380  -32.807  -52.379  3.856 0.0000000000
27381  -33.448  -52.466  3.314 0.0000000000
27390  -18.340  -52.323  3.291 0.0000000000
27391  -19.092  -52.148  2.561 0.0000000000
27392  -20.258  -51.975  2.022 0.0000000000
27393  -23.486  -52.163  2.185 0.0000000000
27394  -24.146  -52.543  2.586 0.0000000000
27395  -34.127  -52.514  2.664 0.0000000000
27401  -18.207  -52.711  2.620 0.0000000000
27402  -19.776  -52.664  1.868 0.0000000000
27403  -20.925  -52.640  1.341 0.0000000000
27404  -21.917  -52.452  1.332 0.0000000000
27405  -23.093  -52.628  1.583 0.0000000000
27406  -28.789  -52.672  0.370 0.0000000000
27407  -35.268  -51.682  1.316 0.0000000000
27408  -35.410  -52.008  0.724 0.0000000000
27412  -28.498  -52.086  -0.231 0.0000000000
27413  -28.650  -52.806  -0.647 0.0000000000
27414  -30.194  -53.096  -0.550 0.0000000000
27415  -31.281  -52.709  0.161 0.0000000000
27416  -32.493  -52.391  0.348 0.0000000000
27417  -33.862  -51.959  -0.044 0.0000000000
27418  -35.376  -52.131  0.027 0.0000000000
27422  -28.607  -52.154  -1.066 0.0000000000
27423  -28.792  -52.783  -1.064 0.0000000000
27424  -29.055  -53.175  -1.034 0.0000000000
27425  -33.166  -52.846  -0.329 0.0000000000
27426  -34.366  -52.479  -0.701 0.0000000000
27427  -34.986  -52.375  -0.798 0.0000000000
27428  -35.165  -52.471  -0.670 0.0000000000
27434  -28.584  -51.407  -1.140 0.0000000000
27435  -34.782  -52.960  -1.442 0.0000000000
27436  -35.079  -52.988  -1.475 0.0000000000
28297  -19.417  -50.872  4.351 0.0000000000
28298  -20.511  -50.997  4.523 0.0000000000
28299  -21.635  -51.181  4.624 0.0000000000
28300  -22.582  -51.458  4.776 0.0000000000
28307  -18.846  -50.826  4.041 0.0000000000
28308  -20.959  -51.852  4.546 0.0000000000
28309  -21.904  -52.044  4.635 0.0000000000
28310  -26.763  -51.409  4.465 0.0000000000
28311  -27.707  -51.711  4.573 0.0000000000
28312  -29.115  -51.633  3.906 0.0000000000
28313  -29.083  -50.717  3.961 0.0000000000
28316  -33.140  -51.068  4.109 0.0000000000
28325  -18.474  -51.773  3.836 0.0000000000
28326  -18.807  -50.931  3.883 0.0000000000
28327  -24.470  -51.180  3.294 0.0000000000
28328  -25.266  -51.574  3.672 0.0000000000
28329  -26.031  -51.930  4.146 0.0000000000
28330  -29.399  -51.127  3.193 0.0000000000
28332  -34.677  -50.847  2.401 0.0000000000
28339  -18.893  -51.591  3.347 0.0000000000
28340  -20.622  -51.106  2.264 0.0000000000
28341  -21.700  -51.061  2.054 0.0000000000
28342  -22.582  -50.970  2.200 0.0000000000
28343  -23.316  -51.289  2.400 0.0000000000
28344  -23.954  -51.659  2.757 0.0000000000
28345  -29.368  -51.472  2.132 0.0000000000
28346  -34.131  -51.705  2.960 0.0000000000
28347  -34.785  -51.671  2.164 0.0000000000
28349  -21.320  -51.824  1.742 0.0000000000
28350  -22.219  -51.733  1.723 0.0000000000
28351  -22.900  -51.849  1.890 0.0000000000
28352  -28.534  -51.247  0.254 0.0000000000
28353  -28.910  -51.799  0.928 0.0000000000
28354  -32.396  -50.960  1.128 0.0000000000
28355  -33.929  -50.614  0.818 0.0000000000
28356  -34.844  -50.620  0.709 0.0000000000
28357  -35.170  -50.927  0.744 0.0000000000
28358  -35.351  -51.476  0.770 0.0000000000
28361  -28.451  -51.562  -0.614 0.0000000000
28362  -30.275  -51.561  -0.616 0.0000000000
28363  -31.777  -51.845  0.678 0.0000000000
28364  -33.152  -51.510  0.663 0.0000000000
28365  -34.466  -51.194  0.310 0.0000000000
28366  -35.029  -51.220  0.266 0.0000000000
28367  -35.236  -51.491  0.357 0.0000000000
28373  -28.965  -52.245  -1.347 0.0000000000
28374  -29.559  -51.599  -1.290 0.0000000000
28375  -34.831  -51.750  -0.251 0.0000000000
28376  -35.097  -51.815  -0.195 0.0000000000
28384  -29.104  -51.577  -1.436 0.0000000000
29215  -20.124  -50.155  4.468 0.0000000000
29216  -21.334  -50.163  4.608 0.0000000000
29217  -22.382  -50.541  4.753 0.0000000000
29218  -23.319  -50.770  5.044 0.0000000000
29229  -19.346  -50.158  4.157 0.0000000000
29230  -26.638  -50.607  4.450 0.0000000000
29231  -27.611  -50.852  4.566 0.0000000000
29232  -28.493  -50.179  4.393 0.0000000000
29234  -33.644  -50.408  3.903 0.0000000000
29244  -19.132  -50.214  3.977 0.0000000000
29245  -23.674  -49.936  3.028 0.0000000000
29246  -24.346  -50.313  3.342 0.0000000000
29247  -25.123  -50.710  3.712 0.0000000000
29248  -25.887  -51.093  4.180 0.0000000000
29249  -29.105  -49.936  3.886 0.0000000000
29250  -29.375  -50.254  3.327 0.0000000000
29251  -34.128  -50.083  3.393 0.0000000000
29252  -34.512  -50.111  2.651 0.0000000000
29254  -19.405  -50.048  3.582 0.0000000000
29255  -20.127  -50.271  2.761 0.0000000000
29256  -21.226  -50.331  2.332 0.0000000000
29257  -22.559  -50.034  2.450 0.0000000000
29258  -23.186  -50.405  2.576 0.0000000000
29259  -23.783  -50.782  2.919 0.0000000000
29260  -29.392  -50.583  2.432 0.0000000000
29261  -34.810  -50.117  1.787 0.0000000000
29264  -28.611  -50.359  0.643 0.0000000000
29265  -29.017  -50.892  1.365 0.0000000000
29266  -31.790  -50.258  1.233 0.0000000000
29267  -33.146  -50.101  1.449 0.0000000000
29268  -34.447  -50.090  1.197 0.0000000000
29269  -34.928  -50.293  1.172 0.0000000000
29277  -28.469  -50.753  -0.501 0.0000000000
29278  -30.571  -50.798  -0.375 0.0000000000
29279  -31.160  -51.190  0.562 0.0000000000
29288  -28.711  -50.832  -1.208 0.0000000000
29289  -30.185  -50.760  -1.186 0.0000000000
29296  -28.959  -51.208  -1.447 0.0000000000
29297  -29.614  -50.842  -1.377 0.0000000000
30061  -23.924  -49.019  5.340 0.0000000000
30073  -19.858  -49.424  4.308 0.0000000000
30074  -20.716  -49.386  4.547 0.0000000000
30075  -21.583  -49.271  4.688 0.0000000000
30076  -22.297  -49.632  4.778 0.0000000000
30077  -23.070  -49.265  5.026 0.0000000000
30090  -19.456  -49.480  4.020 0.0000000000
30091  -25.856  -49.346  4.271 0.0000000000
30092  -27.048  -49.300  4.552 0.0000000000
30093  -28.088  -49.329  4.495 0.0000000000
30094  -28.893  -49.265  4.089 0.0000000000
30100  -19.608  -49.169  3.720 0.0000000000
30101  -23.610  -49.142  3.089 0.0000000000
30102  -24.265  -49.489  3.375 0.0000000000
30103  -25.004  -49.860  3.750 0.0000000000
30104  -29.314  -49.342  3.328 0.0000000000
30105  -33.774  -49.629  3.971 0.0000000000
30106  -34.299  -49.447  2.986 0.0000000000
30109  -19.948  -49.324  3.085 0.0000000000
30110  -20.843  -49.490  2.560 0.0000000000
30111  -21.824  -49.689  2.402 0.0000000000
30112  -22.455  -49.200  2.581 0.0000000000
30113  -23.104  -49.568  2.718 0.0000000000
30114  -28.900  -49.120  1.693 0.0000000000
30115  -29.280  -49.349  2.481 0.0000000000
30116  -34.175  -49.081  2.015 0.0000000000
30117  -34.506  -49.523  2.145 0.0000000000
30125  -28.653  -49.636  0.966 0.0000000000
30126  -29.120  -49.954  1.775 0.0000000000
30127  -31.389  -49.418  1.031 0.0000000000
30128  -32.416  -49.426  1.651 0.0000000000
30129  -33.880  -49.427  1.654 0.0000000000
30130  -34.534  -49.787  1.620 0.0000000000
30140  -28.482  -49.820  0.063 0.0000000000
30141  -30.831  -50.070  -1.051 0.0000000000
30142  -30.956  -50.218  0.366 0.0000000000
30150  -28.689  -50.127  -0.887 0.0000000000
30151  -29.365  -49.646  -1.238 0.0000000000
30152  -30.686  -49.929  -1.404 0.0000000000
30153  -31.644  -49.146  -1.897 0.0000000000
30159  -29.168  -50.503  -1.372 0.0000000000
30160  -31.343  -49.318  -1.722 0.0000000000
30161  -31.998  -49.014  -2.146 0.0000000000
30914  -22.995  -47.830  5.312 0.0000000000
30915  -23.833  -48.084  5.449 0.0000000000
30916  -24.655  -48.436  5.619 0.0000000000
30928  -20.028  -48.119  4.278 0.0000000000
30929  -20.638  -47.979  4.603 0.0000000000
30930  -21.423  -47.830  4.916 0.0000000000
30931  -22.267  -48.562  4.949 0.0000000000
30939  -19.744  -48.215  4.028 0.0000000000
30940  -25.508  -48.387  4.170 0.0000000000
30941  -26.623  -48.533  4.490 0.0000000000
30942  -27.711  -48.594  4.507 0.0000000000
30943  -33.742  -48.261  4.288 0.0000000000
30947  -19.750  -48.325  3.762 0.0000000000
30948  -23.505  -48.387  3.119 0.0000000000
30949  -24.251  -48.651  3.450 0.0000000000
30950  -28.337  -47.949  4.231 0.0000000000
30951  -28.955  -48.361  3.642 0.0000000000
30952  -33.999  -48.733  3.475 0.0000000000
30953  -34.153  -48.916  2.584 0.0000000000
30962  -19.949  -48.515  3.281 0.0000000000
30963  -20.495  -48.670  2.804 0.0000000000
30964  -21.540  -48.742  2.584 0.0000000000
30965  -22.394  -48.402  2.699 0.0000000000
30966  -23.028  -48.812  2.808 0.0000000000
30967  -29.191  -48.620  2.671 0.0000000000
30968  -32.911  -47.874  2.422 0.0000000000
30969  -33.777  -48.455  2.540 0.0000000000
30979  -28.748  -48.339  1.633 0.0000000000
30980  -31.517  -48.481  0.487 0.0000000000
30981  -31.848  -47.986  1.596 0.0000000000
30989  -28.650  -48.324  0.719 0.0000000000
30990  -28.972  -48.168  -0.142 0.0000000000
30991  -32.334  -48.561  -1.495 0.0000000000
31000  -28.692  -49.123  -0.267 0.0000000000
31001  -29.550  -48.726  -1.008 0.0000000000
31002  -30.759  -48.383  -1.548 0.0000000000
31003  -32.359  -48.775  -2.107 0.0000000000
31010  -30.521  -49.211  -1.586 0.0000000000
31011  -31.852  -49.020  -2.084 0.0000000000
31795  -26.457  -47.111  7.175 0.0000000000
31807  -22.797  -47.114  5.427 0.0000000000
31808  -23.657  -47.106  5.568 0.0000000000
31809  -24.561  -47.528  5.716 0.0000000000
31810  -25.328  -47.940  6.022 0.0000000000
31823  -20.160  -47.408  4.358 0.0000000000
31824  -20.778  -47.204  4.791 0.0000000000
31825  -21.489  -47.112  5.121 0.0000000000
31826  -22.186  -47.520  5.207 0.0000000000
31832  -19.864  -47.664  4.089 0.0000000000
31833  -24.717  -47.073  3.909 0.0000000000
31834  -26.413  -47.702  4.436 0.0000000000
31835  -27.431  -47.837  4.480 0.0000000000
31836  -33.597  -47.065  3.735 0.0000000000
31844  -19.797  -47.627  3.913 0.0000000000
31845  -21.740  -47.026  2.912 0.0000000000
31846  -22.451  -47.664  2.868 0.0000000000
31847  -23.248  -47.572  3.146 0.0000000000
31848  -23.886  -47.141  3.513 0.0000000000
31849  -27.354  -46.448  4.155 0.0000000000
31850  -27.963  -47.182  4.258 0.0000000000
31851  -28.534  -47.376  3.716 0.0000000000
31852  -33.466  -47.169  3.150 0.0000000000
31863  -20.025  -47.706  3.465 0.0000000000
31864  -20.439  -47.568  3.061 0.0000000000
31865  -20.913  -47.162  2.944 0.0000000000
31866  -21.661  -47.823  2.746 0.0000000000
31867  -28.832  -47.603  2.696 0.0000000000
31868  -32.058  -46.991  1.672 0.0000000000
31869  -32.973  -47.188  2.646 0.0000000000
31876  -28.617  -47.560  1.459 0.0000000000
31877  -31.883  -47.479  0.517 0.0000000000
31886  -28.731  -47.547  0.600 0.0000000000
31887  -29.420  -47.372  -0.316 0.0000000000
31888  -33.172  -47.219  -0.969 0.0000000000
31889  -33.278  -46.943  -1.232 0.0000000000
31898  -30.666  -47.461  -1.190 0.0000000000
31899  -32.347  -48.042  -1.787 0.0000000000
31900  -32.884  -47.698  -1.480 0.0000000000
32664  -27.668  -46.480  8.516 0.0000000000
32665  -28.331  -46.125  8.894 0.0000000000
32673  -25.281  -47.056  6.181 0.0000000000
32674  -25.922  -46.651  6.723 0.0000000000
32675  -26.371  -46.272  7.363 0.0000000000
32676  -26.935  -46.666  7.975 0.0000000000
32691  -22.120  -46.624  5.369 0.0000000000
32692  -23.039  -46.442  5.552 0.0000000000
32693  -24.540  -46.623  5.870 0.0000000000
32703  -20.253  -46.618  4.420 0.0000000000
32704  -21.039  -46.365  5.049 0.0000000000
32709  -19.915  -47.033  4.058 0.0000000000
32710  -19.993  -46.117  4.017 0.0000000000
32711  -25.174  -45.996  4.061 0.0000000000
32712  -25.623  -46.621  4.225 0.0000000000
32713  -26.416  -46.831  4.364 0.0000000000
32723  -19.968  -46.951  3.838 0.0000000000
32724  -20.180  -46.273  3.769 0.0000000000
32725  -21.900  -46.232  3.181 0.0000000000
32726  -22.574  -46.907  3.104 0.0000000000
32727  -23.368  -46.679  3.399 0.0000000000
32728  -24.202  -46.357  3.741 0.0000000000
32729  -26.320  -45.895  4.111 0.0000000000
32730  -27.839  -46.067  3.494 0.0000000000
32731  -28.385  -46.691  3.127 0.0000000000
32732  -33.372  -46.343  3.393 0.0000000000
32740  -20.305  -47.024  3.384 0.0000000000
32741  -20.584  -46.526  3.347 0.0000000000
32742  -21.097  -46.369  3.163 0.0000000000
32743  -27.974  -45.943  2.522 0.0000000000
32744  -28.346  -46.720  1.925 0.0000000000
32745  -32.486  -46.353  2.248 0.0000000000
32746  -33.099  -46.635  2.875 0.0000000000
32754  -28.410  -46.382  0.982 0.0000000000
32755  -32.482  -46.689  0.005 0.0000000000
32756  -32.374  -46.034  0.661 0.0000000000
32765  -29.053  -46.711  0.299 0.0000000000
32766  -30.215  -46.651  -0.615 0.0000000000
32767  -31.064  -45.950  -0.641 0.0000000000
32768  -33.117  -46.508  -0.834 0.0000000000
32775  -31.932  -46.756  -1.431 0.0000000000
32776  -33.112  -46.967  -1.444 0.0000000000
33502  -27.816  -45.795  8.403 0.0000000000
33503  -28.567  -45.653  8.559 0.0000000000
33517  -25.259  -46.111  6.375 0.0000000000
33518  -25.905  -45.960  6.911 0.0000000000
33519  -26.293  -45.555  7.225 0.0000000000
33520  -27.327  -45.518  7.927 0.0000000000
33521  -28.092  -45.400  7.924 0.0000000000
33540  -21.795  -45.774  5.377 0.0000000000
33541  -22.524  -45.312  5.546 0.0000000000
33542  -23.241  -45.686  5.637 0.0000000000
33543  -24.539  -45.896  5.996 0.0000000000
33544  -25.651  -45.323  6.643 0.0000000000
33545  -26.227  -44.958  6.889 0.0000000000
33546  -26.817  -44.812  6.840 0.0000000000
33547  -27.593  -45.081  7.202 0.0000000000
33554  -20.591  -45.180  4.655 0.0000000000
33555  -21.004  -45.475  5.091 0.0000000000
33564  -20.214  -45.183  4.116 0.0000000000
33572  -21.235  -45.417  3.380 0.0000000000
33573  -22.201  -45.401  3.371 0.0000000000
33574  -23.083  -45.187  3.500 0.0000000000
33575  -24.542  -45.346  3.761 0.0000000000
33576  -25.582  -45.073  3.689 0.0000000000
33577  -26.637  -45.156  3.439 0.0000000000
33578  -27.412  -45.399  3.044 0.0000000000
33579  -33.520  -45.576  3.775 0.0000000000
33587  -20.570  -44.783  3.707 0.0000000000
33588  -26.935  -44.763  2.536 0.0000000000
33589  -27.516  -45.249  1.972 0.0000000000
33590  -28.056  -45.853  1.498 0.0000000000
33591  -32.486  -45.538  1.765 0.0000000000
33592  -32.866  -45.908  2.717 0.0000000000
33600  -27.946  -45.051  1.101 0.0000000000
33601  -32.559  -45.011  1.467 0.0000000000
33602  -32.924  -45.002  2.480 0.0000000000
33610  -29.017  -45.914  0.409 0.0000000000
33611  -30.113  -45.336  0.108 0.0000000000
33612  -32.601  -45.734  -0.464 0.0000000000
33613  -32.733  -45.948  -0.320 0.0000000000
33619  -32.615  -46.068  -1.098 0.0000000000
33620  -33.201  -46.414  -1.025 0.0000000000
34345  -28.619  -45.123  7.158 0.0000000000
34360  -21.655  -44.903  5.365 0.0000000000
34361  -22.556  -44.582  5.533 0.0000000000
34362  -23.306  -44.950  5.671 0.0000000000
34363  -24.745  -44.667  5.978 0.0000000000
34364  -25.561  -44.679  6.301 0.0000000000
34365  -26.240  -44.580  6.410 0.0000000000
34366  -26.830  -44.538  6.265 0.0000000000
34375  -20.576  -44.582  4.534 0.0000000000
34376  -21.111  -44.125  5.051 0.0000000000
34377  -25.759  -44.194  5.948 0.0000000000
34378  -26.490  -44.245  5.848 0.0000000000
34379  -27.239  -44.366  5.701 0.0000000000
34391  -20.299  -44.358  4.057 0.0000000000
34392  -26.889  -43.945  5.171 0.0000000000
34393  -33.767  -44.718  3.982 0.0000000000
34403  -20.356  -44.094  3.968 0.0000000000
34404  -21.783  -44.790  3.417 0.0000000000
34405  -22.523  -44.547  3.425 0.0000000000
34406  -23.453  -44.279  3.408 0.0000000000
34407  -24.365  -44.561  3.502 0.0000000000
34408  -25.158  -44.249  3.186 0.0000000000
34409  -26.125  -44.487  2.934 0.0000000000
34418  -20.685  -43.835  3.719 0.0000000000
34419  -21.158  -44.430  3.495 0.0000000000
34420  -25.723  -43.843  2.399 0.0000000000
34421  -26.506  -44.139  2.061 0.0000000000
34422  -27.239  -44.476  1.637 0.0000000000
34423  -33.276  -44.182  2.737 0.0000000000
34433  -26.899  -43.747  1.459 0.0000000000
34434  -27.676  -44.025  1.104 0.0000000000
34435  -30.261  -44.223  1.209 0.0000000000
34436  -31.411  -44.425  1.026 0.0000000000
34437  -32.393  -44.670  1.500 0.0000000000
34438  -32.769  -44.408  2.200 0.0000000000
34444  -28.491  -44.494  0.861 0.0000000000
34445  -29.602  -44.632  0.697 0.0000000000
34446  -30.948  -44.727  0.420 0.0000000000
34447  -32.025  -44.969  0.204 0.0000000000
34448  -32.339  -45.357  0.518 0.0000000000
35170  -21.647  -43.396  5.141 0.0000000000
35171  -22.516  -43.834  5.439 0.0000000000
35172  -23.205  -43.528  5.406 0.0000000000
35173  -25.013  -44.122  5.863 0.0000000000
35184  -20.619  -43.809  4.444 0.0000000000
35185  -20.984  -43.262  4.693 0.0000000000
35186  -24.538  -43.530  5.463 0.0000000000
35187  -25.315  -43.697  5.503 0.0000000000
35188  -26.100  -43.807  5.388 0.0000000000
35204  -20.457  -43.512  4.079 0.0000000000
35205  -25.718  -43.360  4.781 0.0000000000
35206  -26.523  -43.518  4.610 0.0000000000
35207  -27.339  -43.619  4.394 0.0000000000
35216  -20.560  -43.166  3.951 0.0000000000
35217  -21.848  -44.019  3.402 0.0000000000
35218  -22.586  -43.521  3.273 0.0000000000
35219  -23.361  -43.384  3.079 0.0000000000
35220  -24.226  -43.672  3.025 0.0000000000
35221  -25.002  -43.569  2.608 0.0000000000
35222  -33.698  -44.018  3.301 0.0000000000
35223  -34.200  -43.310  3.368 0.0000000000
35231  -20.927  -43.005  3.670 0.0000000000
35232  -21.670  -43.045  3.389 0.0000000000
35233  -22.197  -42.597  3.191 0.0000000000
35234  -23.612  -42.735  2.641 0.0000000000
35235  -24.475  -42.922  2.396 0.0000000000
35236  -25.305  -43.147  2.052 0.0000000000
35237  -26.130  -43.479  1.776 0.0000000000
35238  -31.292  -43.151  2.330 0.0000000000
35239  -32.318  -43.274  2.446 0.0000000000
35240  -34.199  -42.770  2.988 0.0000000000
35248  -25.706  -42.698  1.621 0.0000000000
35249  -26.542  -43.002  1.379 0.0000000000
35250  -27.260  -43.194  1.106 0.0000000000
35251  -28.285  -43.769  0.987 0.0000000000
35252  -29.150  -43.918  1.181 0.0000000000
35253  -31.951  -44.060  1.731 0.0000000000
35254  -32.688  -43.945  2.194 0.0000000000
35255  -33.143  -43.825  2.548 0.0000000000
35974  -21.691  -42.691  4.860 0.0000000000
35975  -22.343  -43.071  5.185 0.0000000000
35987  -20.850  -42.565  4.235 0.0000000000
35988  -21.331  -42.094  4.338 0.0000000000
35989  -22.066  -42.288  4.726 0.0000000000
35990  -23.419  -42.582  4.845 0.0000000000
35991  -24.488  -42.309  4.349 0.0000000000
35992  -24.902  -43.139  4.920 0.0000000000
36009  -20.653  -42.688  4.033 0.0000000000
36010  -21.004  -42.026  4.007 0.0000000000
36011  -25.382  -42.668  4.222 0.0000000000
36012  -26.235  -42.975  4.019 0.0000000000
36017  -34.725  -42.867  3.779 0.0000000000
36025  -20.906  -42.278  3.926 0.0000000000
36026  -22.808  -42.572  2.934 0.0000000000
36029  -34.523  -42.628  3.234 0.0000000000
36039  -21.249  -42.395  3.617 0.0000000000
36040  -21.753  -42.155  3.325 0.0000000000
36041  -22.232  -41.915  2.895 0.0000000000
36042  -22.980  -41.544  2.602 0.0000000000
36043  -24.685  -42.120  1.868 0.0000000000
36044  -30.840  -42.123  2.467 0.0000000000
36045  -31.845  -42.421  2.620 0.0000000000
36046  -34.221  -42.291  2.850 0.0000000000
36047  -34.755  -42.105  3.074 0.0000000000
36056  -24.578  -40.950  1.596 0.0000000000
36057  -25.356  -41.841  1.516 0.0000000000
36058  -26.135  -42.104  1.333 0.0000000000
36059  -27.674  -42.399  0.981 0.0000000000
36060  -28.388  -41.711  1.231 0.0000000000
36061  -29.196  -42.287  1.616 0.0000000000
36062  -29.897  -41.658  2.112 0.0000000000
36067  -26.492  -41.392  1.064 0.0000000000
36068  -27.620  -41.194  0.912 0.0000000000
36897  -21.742  -41.560  4.219 0.0000000000
36898  -22.584  -41.803  4.420 0.0000000000
36899  -23.557  -41.961  4.382 0.0000000000
36900  -31.082  -40.733  4.637 0.0000000000
36912  -21.536  -41.458  3.926 0.0000000000
36913  -22.313  -40.944  3.844 0.0000000000
36914  -22.868  -41.011  3.715 0.0000000000
36915  -23.898  -41.263  3.742 0.0000000000
36916  -24.984  -41.766  3.711 0.0000000000
36917  -25.941  -42.247  3.493 0.0000000000
36918  -28.983  -40.950  3.456 0.0000000000
36932  -21.281  -42.022  3.676 0.0000000000
36933  -21.432  -41.618  3.839 0.0000000000
36934  -22.180  -41.079  3.480 0.0000000000
36935  -22.867  -40.416  2.943 0.0000000000
36936  -25.706  -40.626  2.831 0.0000000000
36937  -26.406  -41.644  2.984 0.0000000000
36938  -27.319  -41.585  2.870 0.0000000000
36939  -28.180  -41.317  3.120 0.0000000000
36950  -21.851  -41.444  3.442 0.0000000000
36951  -23.004  -40.534  2.713 0.0000000000
36952  -23.669  -40.878  2.116 0.0000000000
36953  -30.619  -40.938  2.366 0.0000000000
36954  -31.525  -41.360  2.581 0.0000000000
36955  -32.467  -41.740  2.669 0.0000000000
36956  -33.095  -41.052  2.625 0.0000000000
36957  -34.705  -41.655  2.778 0.0000000000
36958  -35.351  -41.440  2.854 0.0000000000
36959  -35.925  -41.103  2.742 0.0000000000
36967  -23.565  -39.910  2.414 0.0000000000
36968  -24.610  -39.868  1.503 0.0000000000
36969  -25.538  -40.905  1.286 0.0000000000
36970  -28.340  -40.224  1.101 0.0000000000
36971  -29.147  -41.044  1.596 0.0000000000
36972  -29.870  -40.426  1.909 0.0000000000
36978  -25.302  -39.685  1.183 0.0000000000
36979  -26.040  -40.218  0.889 0.0000000000
36980  -26.868  -40.774  0.773 0.0000000000
36981  -27.321  -39.976  0.710 0.0000000000
37801  -31.040  -39.678  4.798 0.0000000000
37802  -32.197  -39.951  5.542 0.0000000000
37811  -23.352  -40.261  3.126 0.0000000000
37812  -24.497  -40.491  3.152 0.0000000000
37813  -29.663  -40.407  3.854 0.0000000000
37814  -30.332  -39.913  4.384 0.0000000000
37825  -23.418  -40.029  2.659 0.0000000000
37826  -23.887  -39.579  2.508 0.0000000000
37827  -24.756  -39.475  2.475 0.0000000000
37828  -26.058  -39.609  2.532 0.0000000000
37829  -27.376  -40.358  2.821 0.0000000000
37830  -28.308  -40.380  3.232 0.0000000000
37839  -23.979  -39.377  2.212 0.0000000000
37840  -24.557  -38.837  1.834 0.0000000000
37841  -30.525  -39.724  1.960 0.0000000000
37842  -31.880  -39.440  2.213 0.0000000000
37843  -32.876  -39.521  2.355 0.0000000000
37844  -33.976  -39.806  2.323 0.0000000000
37845  -34.968  -40.252  2.098 0.0000000000
37846  -35.876  -40.819  2.410 0.0000000000
37847  -36.464  -40.673  2.329 0.0000000000
37848  -37.006  -40.556  2.180 0.0000000000
37855  -24.050  -39.263  1.891 0.0000000000
37856  -24.802  -38.953  1.466 0.0000000000
37857  -29.282  -39.727  1.402 0.0000000000
37858  -29.950  -39.355  1.551 0.0000000000
37859  -35.177  -39.432  1.729 0.0000000000
37860  -35.883  -40.203  1.831 0.0000000000
37861  -36.649  -40.510  2.026 0.0000000000
37862  -37.153  -40.419  1.581 0.0000000000
37863  -37.580  -40.377  1.578 0.0000000000
37867  -25.650  -38.931  0.821 0.0000000000
37868  -26.728  -38.707  0.581 0.0000000000
37869  -27.837  -38.915  0.696 0.0000000000
37870  -37.544  -40.550  1.035 0.0000000000
37874  -39.197  -43.173  -2.930 0.0000000000
37878  -40.038  -42.590  -3.190 0.0000000000
37879  -41.469  -41.379  -3.496 0.0000000000
37882  -39.466  -42.999  -3.199 0.0000000000
37883  -40.472  -42.077  -3.468 0.0000000000
37884  -41.739  -41.111  -3.782 0.0000000000
38603  -32.572  -39.331  5.941 0.0000000000
38611  -31.294  -38.875  4.833 0.0000000000
38612  -32.925  -38.747  6.145 0.0000000000
38619  -28.849  -38.845  3.481 0.0000000000
38620  -29.576  -39.055  3.893 0.0000000000
38621  -30.520  -38.664  4.226 0.0000000000
38622  -31.220  -38.160  4.097 0.0000000000
38629  -25.074  -38.780  2.104 0.0000000000
38630  -25.876  -38.428  2.090 0.0000000000
38631  -26.926  -38.871  2.549 0.0000000000
38632  -28.053  -39.200  3.124 0.0000000000
38641  -25.184  -38.457  1.662 0.0000000000
38642  -25.930  -38.021  1.630 0.0000000000
38643  -31.161  -38.931  1.789 0.0000000000
38644  -31.836  -38.408  1.982 0.0000000000
38645  -32.764  -38.438  2.287 0.0000000000
38646  -33.533  -38.827  2.303 0.0000000000
38647  -34.357  -39.048  2.074 0.0000000000
38659  -25.251  -38.410  1.289 0.0000000000
38660  -25.783  -37.976  1.213 0.0000000000
38661  -28.194  -38.040  0.793 0.0000000000
38662  -29.610  -38.575  1.303 0.0000000000
38663  -30.389  -38.639  1.527 0.0000000000
38664  -30.867  -38.132  1.673 0.0000000000
38665  -35.848  -39.533  1.423 0.0000000000
38666  -36.686  -40.192  1.597 0.0000000000
38667  -38.113  -40.665  1.011 0.0000000000
38668  -39.449  -39.771  1.061 0.0000000000
38676  -27.462  -38.164  0.648 0.0000000000
38677  -36.503  -39.568  1.123 0.0000000000
38678  -37.328  -40.566  1.144 0.0000000000
38679  -38.535  -40.775  0.298 0.0000000000
38680  -38.820  -41.523  -0.682 0.0000000000
38681  -41.711  -39.628  -0.907 0.0000000000
38686  -38.353  -41.578  -0.876 0.0000000000
38687  -38.719  -42.350  -2.084 0.0000000000
38688  -39.631  -42.419  -2.331 0.0000000000
38689  -41.259  -40.535  -1.818 0.0000000000
38692  -38.860  -42.949  -3.168 0.0000000000
38693  -41.316  -41.300  -2.754 0.0000000000
38694  -42.603  -40.536  -3.139 0.0000000000
38695  -42.978  -40.013  -3.327 0.0000000000
38698  -39.703  -42.250  -3.510 0.0000000000
38699  -41.052  -41.299  -3.827 0.0000000000
38700  -42.508  -40.426  -3.930 0.0000000000
38701  -42.800  -40.123  -3.727 0.0000000000
38704  -41.974  -40.656  -4.070 0.0000000000
39415  -33.541  -38.597  6.501 0.0000000000
39422  -31.815  -38.453  4.767 0.0000000000
39423  -33.138  -38.229  5.804 0.0000000000
39424  -33.833  -37.992  6.138 0.0000000000
39430  -29.211  -38.252  3.357 0.0000000000
39431  -29.863  -38.003  3.396 0.0000000000
39432  -31.910  -37.937  3.895 0.0000000000
39438  -26.645  -37.934  2.017 0.0000000000
39439  -28.571  -38.115  2.939 0.0000000000
39440  -29.269  -37.732  2.642 0.0000000000
39441  -30.084  -37.630  2.543 0.0000000000
39442  -31.546  -37.745  2.406 0.0000000000
39443  -32.124  -37.817  2.866 0.0000000000
39450  -27.394  -37.593  1.676 0.0000000000
39451  -29.367  -37.578  1.766 0.0000000000
39452  -30.434  -37.708  1.881 0.0000000000
39453  -31.248  -37.900  1.997 0.0000000000
39454  -32.229  -38.121  2.295 0.0000000000
39455  -33.472  -38.462  2.455 0.0000000000
39456  -34.491  -38.560  2.308 0.0000000000
39457  -35.107  -38.404  1.961 0.0000000000
39467  -26.488  -37.720  1.368 0.0000000000
39468  -27.108  -37.549  1.044 0.0000000000
39469  -30.011  -37.998  1.505 0.0000000000
39470  -34.878  -38.789  1.902 0.0000000000
39471  -35.323  -38.837  1.537 0.0000000000
39479  -26.365  -37.702  0.972 0.0000000000
39480  -26.827  -37.851  0.763 0.0000000000
39481  -35.806  -38.789  1.151 0.0000000000
39482  -36.326  -38.597  0.796 0.0000000000
39483  -37.203  -39.540  0.762 0.0000000000
39489  -36.797  -38.223  0.327 0.0000000000
39490  -37.475  -38.759  0.264 0.0000000000
39491  -37.917  -40.349  0.096 0.0000000000
39492  -38.179  -41.401  -1.176 0.0000000000
39493  -42.881  -39.281  -1.556 0.0000000000
39498  -38.457  -39.474  -0.569 0.0000000000
39499  -39.087  -39.453  -1.558 0.0000000000
39500  -42.931  -39.623  -2.480 0.0000000000
39506  -39.877  -39.793  -3.054 0.0000000000
39507  -40.500  -40.462  -3.808 0.0000000000
39508  -42.771  -39.224  -3.803 0.0000000000
39512  -41.633  -38.780  -4.291 0.0000000000
39513  -42.258  -39.584  -4.211 0.0000000000
39514  -42.681  -39.703  -3.957 0.0000000000
40306  -34.579  -37.745  6.416 0.0000000000
40308  -36.060  -37.090  6.345 0.0000000000
40313  -33.581  -37.975  5.318 0.0000000000
40314  -34.372  -37.834  5.579 0.0000000000
40315  -35.374  -37.559  5.761 0.0000000000
40316  -36.359  -37.204  5.522 0.0000000000
40325  -32.891  -38.010  4.936 0.0000000000
40326  -34.969  -37.904  4.756 0.0000000000
40327  -35.490  -37.846  3.756 0.0000000000
40328  -36.498  -37.360  4.036 0.0000000000
40335  -32.740  -37.942  3.768 0.0000000000
40336  -33.498  -38.036  3.400 0.0000000000
40337  -34.847  -38.125  3.055 0.0000000000
40338  -35.485  -37.867  2.718 0.0000000000
40339  -36.228  -37.451  3.120 0.0000000000
40345  -33.003  -38.062  2.707 0.0000000000
40346  -34.043  -38.280  2.759 0.0000000000
40347  -34.921  -38.276  2.436 0.0000000000
40348  -35.438  -37.957  1.977 0.0000000000
40349  -36.102  -37.472  2.205 0.0000000000
40358  -35.540  -38.277  1.493 0.0000000000
40359  -35.886  -37.804  1.392 0.0000000000
40368  -35.908  -38.182  1.057 0.0000000000
40373  -36.844  -37.436  -0.018 0.0000000000
40374  -37.156  -37.719  -0.238 0.0000000000
40375  -37.985  -38.454  -0.338 0.0000000000
40376  -42.831  -38.540  -1.846 0.0000000000
40382  -37.548  -37.080  -1.075 0.0000000000
40383  -38.843  -37.928  -1.119 0.0000000000
40384  -39.912  -37.547  -2.445 0.0000000000
40385  -42.921  -38.895  -3.061 0.0000000000
40391  -40.679  -37.886  -3.640 0.0000000000
40392  -41.371  -37.526  -4.207 0.0000000000
40393  -42.602  -37.996  -4.035 0.0000000000
40396  -42.033  -37.583  -4.351 0.0000000000
40397  -42.354  -38.546  -4.288 0.0000000000
40398  -42.545  -39.155  -4.098 0.0000000000
41278  -36.803  -36.900  2.294 0.0000000000
41289  -36.438  -37.226  1.400 0.0000000000
41290  -37.090  -36.538  1.576 0.0000000000
41301  -36.687  -36.953  0.603 0.0000000000
41302  -36.854  -36.541  -0.244 0.0000000000
41308  -36.902  -36.918  -0.745 0.0000000000
41309  -41.566  -36.297  -2.362 0.0000000000
41310  -42.283  -37.234  -1.284 0.0000000000
41316  -37.251  -36.219  -2.417 0.0000000000
41317  -38.968  -36.741  -2.021 0.0000000000
41318  -41.641  -36.431  -3.724 0.0000000000
41319  -42.367  -37.103  -2.814 0.0000000000
41324  -39.436  -35.742  -3.306 0.0000000000
41325  -41.589  -36.815  -4.048 0.0000000000
41326  -42.231  -37.097  -4.031 0.0000000000
42206  -37.640  -35.795  1.817 0.0000000000
42217  -37.266  -35.523  0.024 0.0000000000
42225  -36.647  -36.102  -1.065 0.0000000000
42226  -40.776  -35.553  -1.863 0.0000000000
42234  -35.752  -35.453  -2.731 0.0000000000
42235  -36.269  -36.061  -2.103 0.0000000000
42236  -41.056  -35.610  -3.571 0.0000000000
42241  -35.752  -35.383  -3.112 0.0000000000
42242  -36.268  -35.748  -2.920 0.0000000000
42243  -38.027  -35.333  -3.342 0.0000000000
42244  -39.857  -34.990  -4.027 0.0000000000
42245  -40.941  -35.842  -3.854 0.0000000000
42248  -36.608  -35.373  -3.258 0.0000000000
43088  -37.820  -35.024  1.148 0.0000000000
43100  -37.512  -34.488  0.313 0.0000000000
43110  -37.035  -34.710  -0.878 0.0000000000
43111  -39.843  -34.174  -0.230 0.0000000000
43117  -35.379  -34.745  -2.772 0.0000000000
43118  -36.092  -35.756  -1.953 0.0000000000
43119  -40.095  -34.297  -2.254 0.0000000000
43120  -40.564  -34.843  -3.025 0.0000000000
43124  -35.409  -35.005  -3.005 0.0000000000
43125  -40.095  -34.466  -4.059 0.0000000000
43126  -40.466  -34.998  -3.940 0.0000000000
43130  -35.601  -34.773  -3.244 0.0000000000
43131  -36.395  -35.014  -3.412 0.0000000000
43132  -37.771  -34.692  -3.611 0.0000000000
43133  -39.304  -34.469  -3.962 0.0000000000
43985  -37.274  -33.265  1.848 0.0000000000
43993  -37.600  -33.821  1.040 0.0000000000
44005  -37.216  -33.533  -0.020 0.0000000000
44018  -36.722  -33.455  -1.153 0.0000000000
44019  -39.546  -33.528  -0.630 0.0000000000
44024  -35.133  -33.600  -2.750 0.0000000000
44025  -36.114  -34.670  -1.914 0.0000000000
44026  -39.645  -33.611  -2.130 0.0000000000
44031  -35.045  -33.420  -3.172 0.0000000000
44032  -35.109  -34.207  -2.976 0.0000000000
44033  -39.514  -33.440  -3.490 0.0000000000
44037  -35.741  -33.762  -3.400 0.0000000000
44038  -37.158  -34.043  -3.652 0.0000000000
44039  -39.152  -33.251  -3.855 0.0000000000
44040  -39.752  -33.899  -4.000 0.0000000000
44950  -33.798  -32.337  1.241 0.0000000000
44962  -34.623  -32.330  1.037 0.0000000000
44963  -36.709  -32.682  0.805 0.0000000000
44975  -35.286  -32.152  0.000 0.0000000000
44976  -36.447  -32.567  -0.409 0.0000000000
44977  -39.015  -32.154  -0.297 0.0000000000
44990  -35.858  -32.539  -1.592 0.0000000000
44991  -39.174  -32.885  -1.097 0.0000000000
44995  -35.032  -32.251  -2.439 0.0000000000
44996  -38.747  -32.182  -1.459 0.0000000000
44997  -39.161  -32.781  -2.492 0.0000000000
45001  -34.817  -33.286  -3.281 0.0000000000
45002  -39.000  -32.644  -3.502 0.0000000000
45004  -34.867  -32.610  -3.067 0.0000000000
45005  -35.904  -32.498  -3.453 0.0000000000
45006  -37.482  -31.840  -3.675 0.0000000000
45007  -38.074  -31.563  -3.578 0.0000000000
45937  -31.026  -31.266  0.195 0.0000000000
45938  -31.139  -31.447  0.206 0.0000000000
45939  -32.458  -32.070  -0.205 0.0000000000
45940  -33.428  -32.178  -0.095 0.0000000000
45954  -31.057  -31.188  0.327 0.0000000000
45955  -32.079  -31.381  -0.890 0.0000000000
45956  -33.103  -31.809  -0.712 0.0000000000
45969  -32.310  -31.091  -1.162 0.0000000000
45970  -34.248  -31.316  -1.581 0.0000000000
45971  -38.647  -31.494  -0.685 0.0000000000
45975  -34.297  -31.186  -2.109 0.0000000000
45976  -38.354  -31.428  -1.798 0.0000000000
45980  -34.746  -31.378  -2.515 0.0000000000
45981  -38.186  -31.244  -3.159 0.0000000000
45982  -35.318  -31.502  -3.097 0.0000000000
45983  -36.457  -31.143  -3.475 0.0000000000
45984  -37.497  -30.899  -3.510 0.0000000000
45985  -37.776  -30.927  -3.402 0.0000000000
46865  -31.965  -29.815  1.147 0.0000000000
46866  -33.582  -29.058  0.909 0.0000000000
46880  -31.129  -31.011  0.350 0.0000000000
46881  -31.334  -30.864  0.106 0.0000000000
46882  -32.333  -30.363  -0.301 0.0000000000
46883  -33.940  -29.145  0.475 0.0000000000
46896  -32.092  -30.461  -0.955 0.0000000000
46897  -32.696  -29.923  -0.419 0.0000000000
46898  -38.763  -30.642  -0.121 0.0000000000
46911  -32.620  -30.288  -1.511 0.0000000000
46912  -38.163  -29.953  -1.017 0.0000000000
46917  -32.680  -27.907  -2.733 0.0000000000
46918  -32.402  -29.556  -2.124 0.0000000000
46919  -37.598  -29.098  -2.247 0.0000000000
46920  -37.893  -30.536  -1.972 0.0000000000
46925  -33.446  -28.073  -3.337 0.0000000000
46926  -33.453  -29.356  -2.802 0.0000000000
46927  -37.276  -29.226  -3.170 0.0000000000
46928  -37.650  -30.262  -3.106 0.0000000000
46930  -35.254  -30.223  -3.087 0.0000000000
46931  -36.500  -29.751  -3.464 0.0000000000
46932  -37.327  -30.083  -3.312 0.0000000000
47742  -34.974  -29.119  0.296 0.0000000000
47743  -36.695  -29.210  1.026 0.0000000000
47744  -37.730  -28.917  1.585 0.0000000000
47755  -33.515  -29.472  -0.482 0.0000000000
47756  -35.996  -28.811  -0.207 0.0000000000
47770  -32.919  -29.475  -1.288 0.0000000000
47771  -34.827  -28.590  -1.165 0.0000000000
47772  -38.783  -29.452  -0.269 0.0000000000
47773  -38.853  -28.206  -0.712 0.0000000000
47779  -32.349  -28.804  -2.149 0.0000000000
47780  -37.017  -27.529  -3.145 0.0000000000
47791  -33.522  -26.833  -3.378 0.0000000000
47792  -34.660  -27.528  -3.718 0.0000000000
47793  -35.954  -28.293  -3.694 0.0000000000
47794  -36.828  -28.758  -3.408 0.0000000000
48564  -38.445  -28.368  2.237 0.0000000000
48565  -38.941  -27.576  2.898 0.0000000000
48573  -37.263  -28.475  0.545 0.0000000000
48574  -38.113  -27.541  1.223 0.0000000000
48583  -36.093  -27.570  -1.275 0.0000000000
48584  -37.364  -27.064  -0.082 0.0000000000
48595  -33.752  -26.162  -2.697 0.0000000000
48596  -35.002  -26.724  -2.007 0.0000000000
48597  -38.123  -26.922  -1.804 0.0000000000
48598  -38.755  -26.645  -1.499 0.0000000000
48599  -40.798  -26.532  -1.846 0.0000000000
48605  -33.247  -26.446  -3.071 0.0000000000
48606  -33.841  -25.649  -3.320 0.0000000000
48607  -36.812  -25.009  -3.212 0.0000000000
48608  -37.390  -25.507  -2.720 0.0000000000
48615  -34.073  -25.469  -3.624 0.0000000000
48616  -35.848  -26.017  -3.833 0.0000000000
48617  -36.477  -26.007  -3.480 0.0000000000
48622  -34.367  -26.162  -3.820 0.0000000000
48623  -35.192  -26.733  -3.960 0.0000000000
48624  -36.388  -27.367  -3.592 0.0000000000
48625  -44.103  -27.784  -4.402 0.0000000000
49322  -38.948  -26.140  2.669 0.0000000000
49323  -39.348  -26.780  3.285 0.0000000000
49332  -38.485  -25.860  1.770 0.0000000000
49339  -36.542  -26.131  -1.342 0.0000000000
49340  -36.991  -25.264  -0.985 0.0000000000
49341  -37.812  -25.724  0.458 0.0000000000
49342  -39.585  -26.520  -1.441 0.0000000000
49343  -40.317  -26.474  -1.616 0.0000000000
49344  -44.446  -26.409  -1.711 0.0000000000
49345  -45.067  -26.740  -1.000 0.0000000000
49351  -35.813  -24.642  -2.359 0.0000000000
49352  -36.407  -24.526  -2.226 0.0000000000
49353  -37.513  -24.972  -2.648 0.0000000000
49354  -38.670  -24.393  -2.478 0.0000000000
49355  -40.077  -24.824  -2.521 0.0000000000
49356  -40.758  -25.372  -2.666 0.0000000000
49357  -41.261  -25.891  -2.764 0.0000000000
49358  -44.715  -26.370  -2.392 0.0000000000
49362  -34.775  -24.860  -3.843 0.0000000000
49363  -34.982  -24.667  -3.172 0.0000000000
49364  -35.877  -24.024  -3.240 0.0000000000
49365  -36.790  -24.438  -3.017 0.0000000000
49366  -41.500  -24.962  -3.225 0.0000000000
49367  -41.883  -25.292  -3.433 0.0000000000
49368  -42.929  -26.541  -3.762 0.0000000000
49369  -45.267  -27.492  -2.893 0.0000000000
49373  -34.634  -25.341  -4.062 0.0000000000
49374  -34.825  -25.030  -4.125 0.0000000000
49375  -35.209  -24.855  -4.006 0.0000000000
49376  -35.776  -24.458  -3.581 0.0000000000
49377  -43.016  -26.039  -3.816 0.0000000000
49378  -44.622  -26.823  -3.454 0.0000000000
49379  -45.077  -27.940  -3.850 0.0000000000
49381  -35.184  -25.845  -4.072 0.0000000000
49382  -43.483  -27.044  -3.983 0.0000000000
49383  -44.589  -27.885  -4.262 0.0000000000
50059  -39.190  -25.653  2.458 0.0000000000
50071  -38.407  -24.543  0.737 0.0000000000
50072  -38.891  -24.688  1.426 0.0000000000
50075  -42.898  -27.075  0.897 0.0000000000
50076  -44.865  -26.218  0.968 0.0000000000
50077  -45.111  -26.318  0.905 0.0000000000
50085  -36.621  -23.890  -1.803 0.0000000000
50086  -37.392  -24.256  -0.667 0.0000000000
50087  -40.527  -24.862  -1.120 0.0000000000
50088  -41.437  -25.229  -1.673 0.0000000000
50089  -42.831  -26.463  -0.752 0.0000000000
50090  -44.207  -26.708  -0.682 0.0000000000
50091  -44.929  -26.742  -0.232 0.0000000000
50096  -36.416  -23.408  -2.855 0.0000000000
50097  -36.922  -23.628  -3.237 0.0000000000
50098  -39.803  -23.429  -2.356 0.0000000000
50099  -40.560  -25.374  -2.408 0.0000000000
50100  -43.567  -25.528  -2.810 0.0000000000
50101  -43.740  -25.805  -3.318 0.0000000000
50105  -36.947  -22.796  -3.384 0.0000000000
50106  -37.541  -23.227  -3.018 0.0000000000
50107  -38.792  -22.929  -2.628 0.0000000000
50108  -42.007  -24.770  -3.326 0.0000000000
50109  -42.678  -25.088  -3.332 0.0000000000
50112  -35.110  -25.430  -4.178 0.0000000000
50113  -43.109  -25.704  -3.662 0.0000000000
50114  -43.918  -26.623  -3.877 0.0000000000
50116  -35.093  -25.338  -4.141 0.0000000000
50117  -43.493  -26.564  -3.880 0.0000000000
50853  -39.572  -25.317  1.968 0.0000000000
50863  -38.612  -23.638  -0.286 0.0000000000
50864  -39.205  -24.303  0.700 0.0000000000
50865  -40.060  -25.007  0.599 0.0000000000
50866  -44.474  -25.418  1.549 0.0000000000
50867  -45.071  -25.012  1.409 0.0000000000
50868  -45.468  -24.764  1.804 0.0000000000
50875  -36.977  -22.977  -1.963 0.0000000000
50876  -37.893  -22.623  -1.561 0.0000000000
50877  -38.753  -22.651  -1.690 0.0000000000
50878  -39.436  -23.565  -1.047 0.0000000000
50881  -38.908  -22.613  -2.261 0.0000000000
50885  -37.181  -22.879  -3.151 0.0000000000
50886  -37.169  -22.640  -3.115 0.0000000000
50887  -37.590  -22.608  -2.801 0.0000000000
50889  -35.134  -25.130  -4.138 0.0000000000
50890  -34.993  -25.111  -4.229 0.0000000000
51707  -43.728  -24.444  2.504 0.0000000000
51708  -45.521  -24.028  1.904 0.0000000000
51719  -44.131  -24.611  1.844 0.0000000000
51720  -44.561  -24.008  1.588 0.0000000000
51721  -45.167  -24.319  1.540 0.0000000000
51732  -37.998  -22.173  -2.217 0.0000000000
51735  -37.124  -22.449  -2.827 0.0000000000
51736  -37.412  -22.450  -2.410 0.0000000000
51740  -37.254  -22.434  -2.718 0.0000000000
52505  -43.473  -24.020  4.406 0.0000000000
52510  -43.572  -23.978  3.476 0.0000000000
52511  -45.924  -22.906  2.836 0.0000000000
52527  -43.687  -23.590  2.598 0.0000000000
52528  -45.451  -23.220  1.913 0.0000000000
52529  -45.983  -23.742  2.744 0.0000000000
52538  -43.973  -23.647  1.939 0.0000000000
52539  -44.548  -23.338  1.611 0.0000000000
52540  -45.133  -23.581  1.587 0.0000000000
53355  -43.434  -22.522  4.723 0.0000000000
53369  -43.541  -22.368  3.791 0.0000000000
53386  -43.591  -22.231  2.758 0.0000000000
53387  -45.441  -22.371  1.952 0.0000000000
53396  -43.770  -22.136  1.980 0.0000000000
53397  -44.376  -21.990  1.595 0.0000000000
53398  -45.017  -22.695  1.566 0.0000000000
54173  -43.403  -21.727  4.411 0.0000000000
54186  -43.455  -21.556  3.399 0.0000000000
54197  -43.521  -21.392  2.245 0.0000000000
54198  -45.538  -21.458  2.331 0.0000000000
54208  -43.849  -21.518  1.707 0.0000000000
54209  -44.417  -21.087  1.509 0.0000000000
55021  -43.290  -20.751  3.015 0.0000000000
55022  -45.451  -20.497  2.553 0.0000000000
55035  -43.358  -20.577  1.999 0.0000000000
55036  -45.352  -19.652  2.816 0.0000000000
55046  -43.828  -20.290  1.433 0.0000000000
55047  -44.541  -20.368  1.534 0.0000000000
55048  -44.950  -20.069  1.804 0.0000000000
55803  -42.694  -19.440  3.466 0.0000000000
55804  -43.070  -20.008  2.731 0.0000000000
55819  -42.753  -19.389  2.435 0.0000000000
55820  -43.193  -19.838  1.793 0.0000000000
55821  -44.802  -19.252  2.094 0.0000000000
55829  -42.916  -19.289  1.663 0.0000000000
55830  -43.501  -19.371  1.244 0.0000000000
55831  -44.280  -19.635  1.379 0.0000000000
56602  -42.411  -18.791  3.143 0.0000000000
56615  -42.508  -18.810  2.072 0.0000000000
56616  -44.293  -18.987  1.410 0.0000000000
56617  -44.699  -18.298  2.340 0.0000000000
56633  -42.869  -18.768  1.257 0.0000000000
56634  -43.394  -18.608  0.946 0.0000000000
56635  -43.940  -19.019  1.078 0.0000000000
57392  -42.020  -18.213  3.799 0.0000000000
57407  -41.696  -17.490  3.429 0.0000000000
57408  -42.123  -18.161  2.776 0.0000000000
57416  -41.816  -17.582  2.382 0.0000000000
57417  -42.302  -18.172  1.676 0.0000000000
57432  -41.978  -17.513  1.306 0.0000000000
57433  -42.710  -17.994  0.782 0.0000000000
57434  -43.696  -17.645  1.111 0.0000000000
57455  -42.225  -17.237  0.530 0.0000000000
57456  -42.826  -17.359  0.377 0.0000000000
58199  -41.004  -16.329  4.808 0.0000000000
58200  -41.373  -16.903  4.195 0.0000000000
58215  -41.397  -16.757  3.294 0.0000000000
58223  -41.471  -16.892  2.218 0.0000000000
58237  -41.611  -16.849  0.999 0.0000000000
58238  -43.322  -17.203  0.663 0.0000000000
58239  -43.951  -16.856  1.564 0.0000000000
58259  -41.876  -16.684  0.199 0.0000000000
58260  -42.295  -16.443  -0.146 0.0000000000
58261  -42.895  -16.757  0.198 0.0000000000
59077  -40.752  -15.502  4.624 0.0000000000
59078  -41.060  -16.115  3.926 0.0000000000
59093  -40.786  -15.203  3.613 0.0000000000
59094  -41.118  -16.059  2.893 0.0000000000
59102  -41.192  -16.140  1.745 0.0000000000
59113  -40.980  -15.444  1.336 0.0000000000
59114  -43.541  -16.224  0.935 0.0000000000
59132  -41.714  -16.068  -0.207 0.0000000000
59133  -42.133  -15.807  -0.476 0.0000000000
59134  -42.832  -16.074  0.005 0.0000000000
59149  -41.489  -15.370  -0.580 0.0000000000
59891  -40.478  -15.011  5.414 0.0000000000
59910  -40.577  -14.625  4.531 0.0000000000
59924  -40.666  -14.363  3.823 0.0000000000
59925  -40.789  -14.527  3.036 0.0000000000
59933  -40.847  -14.609  2.090 0.0000000000
59940  -40.819  -14.749  1.034 0.0000000000
59941  -44.156  -15.250  1.492 0.0000000000
59957  -40.858  -14.853  -0.134 0.0000000000
59958  -41.830  -15.164  -0.907 0.0000000000
59972  -41.019  -14.682  -1.090 0.0000000000
60710  -40.308  -14.105  5.204 0.0000000000
60732  -40.569  -13.622  4.352 0.0000000000
60733  -40.990  -13.393  3.531 0.0000000000
60748  -40.753  -13.938  3.512 0.0000000000
60758  -40.978  -13.881  1.891 0.0000000000
60767  -40.775  -14.025  0.828 0.0000000000
60778  -40.699  -14.068  -0.346 0.0000000000
60779  -42.455  -14.446  -0.700 0.0000000000
60780  -43.184  -13.499  -0.358 0.0000000000
60793  -40.234  -12.805  -1.915 0.0000000000
60794  -40.586  -13.550  -1.393 0.0000000000
60795  -41.080  -14.046  -1.644 0.0000000000
60806  -40.616  -13.224  -2.071 0.0000000000
61564  -41.848  -12.665  2.876 0.0000000000
61575  -41.448  -13.209  1.759 0.0000000000
61576  -42.324  -12.402  2.157 0.0000000000
61584  -40.919  -13.419  0.645 0.0000000000
61585  -41.626  -12.799  1.071 0.0000000000
61595  -41.652  -12.219  0.414 0.0000000000
61608  -40.238  -12.540  -1.422 0.0000000000
61609  -43.400  -12.738  -0.711 0.0000000000
61622  -40.143  -12.601  -2.162 0.0000000000
61623  -40.425  -12.578  -2.405 0.0000000000
61624  -41.070  -12.779  -2.465 0.0000000000
61625  -42.468  -12.495  -1.748 0.0000000000
61630  -40.495  -11.862  -2.756 0.0000000000
62373  -42.806  -11.980  1.422 0.0000000000
62384  -40.611  -12.086  -0.685 0.0000000000
62385  -41.702  -11.562  -0.184 0.0000000000
62386  -42.846  -11.583  0.618 0.0000000000
62396  -39.918  -12.222  -2.029 0.0000000000
62397  -40.082  -11.649  -1.659 0.0000000000
62398  -40.730  -11.383  -0.942 0.0000000000
62409  -39.979  -12.063  -2.400 0.0000000000
62410  -39.911  -11.513  -2.328 0.0000000000
62411  -41.715  -11.784  -2.634 0.0000000000
62412  -43.132  -11.548  -1.973 0.0000000000
62421  -40.721  -11.072  -3.262 0.0000000000
62422  -42.722  -10.840  -2.837 0.0000000000
96098  -23.838  -45.015  3.629 0.0000000000
96189  -27.157  -45.725  3.757 0.0000000000
96192  -19.403  -50.847  3.203 0.0000000000
96233  -34.419  -40.859  2.500 0.0000000000
96252  -38.448  -32.443  -3.711 0.0000000000
96418  -38.402  -58.432  -5.370 0.0000000000
96571  -40.244  -39.974  -0.104 0.0000000000
96593  -39.513  -41.566  -1.297 0.0000000000
96603  -28.822  -53.440  -0.177 0.0000000000
96668  -41.314  -13.480  -2.002 0.0000000000
96681  -24.105  -45.318  5.818 0.0000000000
96792  -30.186  -63.412  -4.250 0.0000000000
96821  -43.271  -17.915  0.742 0.0000000000
97003  -39.746  -25.934  2.859 0.0000000000
97031  -45.333  -25.506  1.551 0.0000000000
97156  -22.312  -40.902  2.984 0.0000000000
97190  -32.265  -29.938  0.319 0.0000000000
97251  -38.674  -32.046  -2.752 0.0000000000
97488  -33.331  -51.735  3.661 0.0000000000
97527  -35.601  -53.609  -0.648 0.0000000000
97602  -38.565  -40.789  0.300 0.0000000000
97631  -32.916  -30.502  -1.631 0.0000000000
97639  -27.464  -44.699  6.363 0.0000000000
97702  -30.640  -37.802  3.332 0.0000000000
97708  -40.914  -13.911  2.786 0.0000000000
97751  -32.183  -40.579  2.532 0.0000000000
97788  -20.415  -45.805  4.535 0.0000000000
97804  -33.499  -48.719  5.115 0.0000000000
97915  -26.809  -45.229  7.407 0.0000000000
97939  -33.375  -44.825  3.245 0.0000000000
97945  -29.218  -69.437  -9.840 0.0000000000
98017  -22.154  -62.445  -0.080 0.0000000000
98034  -19.576  -53.609  3.901 0.0000000000
98048  -45.052  -21.732  1.632 0.0000000000
98110  -30.777  -69.713  -9.369 0.0000000000
98130  -37.007  -63.950  -5.129 0.0000000000
98170  -37.275  -32.925  -3.725 0.0000000000
98345  -21.246  -42.760  4.669 0.0000000000
98363  -33.693  -47.416  4.352 0.0000000000
98392  -29.763  -47.968  -0.848 0.0000000000
98466  -41.312  -13.315  2.736 0.0000000000
98481  -28.337  -57.074  3.737 0.0000000000
98562  -41.138  -15.534  0.192 0.0000000000
98581  -21.887  -44.173  5.387 0.0000000000
98655  -28.408  -37.573  2.103 0.0000000000
98743  -34.017  -53.954  2.237 0.0000000000
98786  -18.873  -55.563  3.057 0.0000000000
98821  -22.220  -62.393  0.986 0.0000000000
98832  -38.848  -33.826  -3.964 0.0000000000
98864  -30.891  -37.615  2.481 0.0000000000
98868  -35.021  -53.696  1.152 0.0000000000
98906  -31.343  -68.025  -5.697 0.0000000000
98909  -19.829  -57.732  2.108 0.0000000000
98942  -19.650  -51.403  2.623 0.0000000000
98961  -20.987  -62.456  -2.884 0.0000000000
98964  -19.617  -52.507  4.370 0.0000000000
99033  -28.689  -55.820  3.742 0.0000000000
99056  -26.211  -70.031  -9.344 0.0000000000
99153  -24.126  -43.965  5.674 0.0000000000
99195  -28.510  -52.080  4.369 0.0000000000
99202  -26.901  -42.371  1.073 0.0000000000
99204  -34.480  -30.586  -2.641 0.0000000000
99225  -33.764  -47.841  3.506 0.0000000000
99251  -31.892  -39.040  5.415 0.0000000000
99279  -22.777  -46.071  3.355 0.0000000000
99310  -24.192  -63.631  -1.377 0.0000000000
99365  -32.467  -38.525  5.437 0.0000000000
99383  -24.043  -47.830  3.459 0.0000000000
99390  -27.169  -66.499  -6.672 0.0000000000
99457  -36.100  -55.574  -0.968 0.0000000000
99528  -29.909  -43.652  1.600 0.0000000000
99540  -43.246  -25.735  -2.170 0.0000000000
99542  -37.515  -27.154  -2.337 0.0000000000
99601  -20.242  -62.670  5.370 0.0000000000
99661  -20.076  -56.051  0.027 0.0000000000
99667  -43.615  -26.563  1.464 0.0000000000
99678  -41.265  -36.200  -0.819 0.0000000000
99850  -20.858  -47.980  2.792 0.0000000000
99853  -40.904  -15.320  2.452 0.0000000000
99859  -28.745  -38.771  1.028 0.0000000000
99871  -26.994  -53.862  4.283 0.0000000000
99896  -23.136  -67.060  -3.473 0.0000000000
99995  -15.963  -56.627  2.196 0.0000000000
100060  -31.786  -48.770  1.492 0.0000000000
100063  -31.298  -40.186  2.334 0.0000000000
100180  -38.535  -41.798  -2.620 0.0000000000
100233  -34.343  -38.066  3.810 0.0000000000
100291  -37.937  -35.090  2.081 0.0000000000
100315  -25.934  -60.494  -2.378 0.0000000000
100324  -23.103  -63.454  -2.287 0.0000000000
100365  -21.373  -58.305  -0.923 0.0000000000
100386  -40.680  -13.052  -0.284 0.0000000000
100462  -24.287  -70.105  -7.489 0.0000000000
100465  -31.525  -31.457  -0.390 0.0000000000
100494  -20.948  -44.871  5.031 0.0000000000
100524  -42.412  -25.291  -3.485 0.0000000000
100623  -20.551  -45.767  3.556 0.0000000000
100776  -33.648  -43.420  2.890 0.0000000000
100780  -23.642  -45.778  3.606 0.0000000000
100786  -40.614  -35.443  -0.561 0.0000000000
100828  -28.886  -53.362  -0.826 0.0000000000
100985  -34.029  -50.867  3.342 0.0000000000
100999  -27.296  -60.964  -0.295 0.0000000000
101018  -26.773  -45.820  7.825 0.0000000000
101027  -36.768  -36.495  -1.206 0.0000000000
101140  -17.201  -53.588  3.063 0.0000000000
101185  -42.091  -13.817  -1.400 0.0000000000
101355  -24.127  -42.844  4.951 0.0000000000
101363  -42.516  -40.089  -2.392 0.0000000000
101381  -36.756  -36.421  -1.503 0.0000000000
101385  -28.478  -67.480  -8.439 0.0000000000
101404  -19.981  -60.465  2.206 0.0000000000
101462  -35.121  -41.090  2.562 0.0000000000
101543  -27.644  -38.056  2.479 0.0000000000
101674  -28.503  -42.972  1.198 0.0000000000
101789  -31.563  -60.009  0.867 0.0000000000
101877  -33.296  -56.337  -1.751 0.0000000000
101931  -40.208  -34.782  -1.207 0.0000000000
101937  -31.174  -49.332  -0.345 0.0000000000
101946  -36.639  -55.291  -1.776 0.0000000000
102007  -30.932  -66.970  -8.388 0.0000000000
102022  -35.938  -37.605  4.786 0.0000000000
102056  -31.368  -37.699  3.160 0.0000000000
102090  -21.230  -43.670  3.508 0.0000000000
102106  -20.105  -55.544  2.948 0.0000000000
102235  -37.964  -40.728  0.946 0.0000000000
102340  -36.756  -55.055  -4.351 0.0000000000
102403  -23.624  -49.856  5.176 0.0000000000
102478  -36.816  -37.070  -0.230 0.0000000000
102582  -33.437  -30.366  -2.198 0.0000000000
102601  -29.705  -52.426  -0.957 0.0000000000
102706  -24.897  -49.061  3.779 0.0000000000
102794  -18.192  -53.864  1.473 0.0000000000
102831  -35.342  -31.760  -0.835 0.0000000000
102841  -33.424  -42.250  2.697 0.0000000000
102865  -22.710  -40.549  3.196 0.0000000000
102951  -29.316  -55.908  3.124 0.0000000000
102969  -35.088  -50.780  1.490 0.0000000000
102984  -31.440  -30.555  0.619 0.0000000000
103110  -33.202  -43.244  2.638 0.0000000000
103122  -24.763  -59.214  -1.470 0.0000000000
103132  -24.914  -56.985  1.085 0.0000000000
103145  -40.429  -35.427  -3.845 0.0000000000
103228  -26.949  -43.217  3.924 0.0000000000
103376  -27.366  -67.605  -8.091 0.0000000000
103403  -38.329  -30.853  -1.026 0.0000000000
103484  -37.302  -36.092  0.823 0.0000000000
103487  -30.815  -43.774  1.733 0.0000000000
103570  -38.635  -27.173  2.189 0.0000000000
103706  -27.659  -70.956  -6.750 0.0000000000
103806  -21.294  -58.738  2.140 0.0000000000
103835  -21.167  -48.619  4.701 0.0000000000
103888  -31.750  -45.341  -0.335 0.0000000000
103916  -29.406  -49.876  2.717 0.0000000000
103920  -32.951  -48.711  2.124 0.0000000000
103968  -20.990  -62.616  3.467 0.0000000000
103993  -30.849  -58.988  1.796 0.0000000000
104016  -21.738  -61.114  4.154 0.0000000000
104056  -30.768  -52.197  0.064 0.0000000000
104080  -24.293  -67.401  -7.115 0.0000000000
104084  -30.407  -59.027  2.265 0.0000000000
104097  -28.498  -51.191  4.397 0.0000000000
104101  -29.417  -52.110  2.957 0.0000000000
104112  -25.540  -47.439  4.219 0.0000000000
104140  -25.970  -38.060  0.849 0.0000000000
104170  -38.832  -58.637  -3.755 0.0000000000
104173  -42.826  -15.109  -0.077 0.0000000000
104268  -43.589  -23.040  3.157 0.0000000000
104277  -39.833  -34.090  -1.226 0.0000000000
104323  -23.858  -46.169  5.718 0.0000000000
104330  -40.717  -36.436  -3.816 0.0000000000
104398  -26.082  -62.566  -3.798 0.0000000000
104430  -41.848  -26.405  0.025 0.0000000000
104449  -33.552  -65.442  -6.717 0.0000000000
104550  -28.127  -46.695  3.859 0.0000000000
104591  -23.888  -42.045  2.305 0.0000000000
104608  -35.811  -54.257  -0.842 0.0000000000
104629  -29.260  -53.233  1.190 0.0000000000
104709  -40.156  -34.196  -3.597 0.0000000000
104714  -20.210  -45.201  3.970 0.0000000000
104754  -32.878  -28.986  1.246 0.0000000000
104804  -33.696  -48.984  4.384 0.0000000000
104844  -38.168  -28.562  -1.260 0.0000000000
104858  -41.645  -17.669  4.448 0.0000000000
104875  -44.302  -17.511  1.969 0.0000000000
104929  -24.383  -38.912  2.069 0.0000000000
104957  -43.768  -26.869  0.430 0.0000000000
105183  -24.794  -47.997  3.820 0.0000000000
105314  -33.500  -37.984  4.335 0.0000000000
105334  -28.514  -48.666  4.255 0.0000000000
105446  -28.611  -49.064  0.776 0.0000000000
105478  -30.074  -56.990  2.269 0.0000000000
105530  -23.630  -62.377  -3.890 0.0000000000
105538  -41.369  -16.185  0.601 0.0000000000
105585  -33.692  -54.488  -1.961 0.0000000000
105664  -22.966  -50.010  4.903 0.0000000000
105690  -25.795  -68.458  -8.315 0.0000000000
105743  -38.448  -32.024  -3.490 0.0000000000
105849  -29.357  -43.192  1.526 0.0000000000
105851  -43.716  -20.993  1.668 0.0000000000
105859  -19.597  -48.777  3.983 0.0000000000
105918  -41.860  -24.644  -2.852 0.0000000000
105921  -19.758  -48.771  4.146 0.0000000000
106061  -23.319  -44.239  5.607 0.0000000000
106072  -27.845  -53.170  4.481 0.0000000000
106153  -28.823  -45.207  0.564 0.0000000000
106154  -34.732  -52.569  1.996 0.0000000000
106171  -30.259  -70.299  -9.841 0.0000000000
106306  -31.185  -64.391  -6.554 0.0000000000
106373  -41.558  -40.155  -4.080 0.0000000000
106390  -19.220  -60.347  -1.097 0.0000000000
106395  -26.590  -57.953  2.972 0.0000000000
106480  -31.342  -56.009  -0.990 0.0000000000
106562  -22.548  -45.966  5.515 0.0000000000
106584  -29.800  -46.072  -0.106 0.0000000000
106618  -21.729  -67.481  -5.364 0.0000000000
106699  -20.335  -48.715  4.441 0.0000000000
106769  -19.733  -56.262  2.657 0.0000000000
106895  -33.836  -42.870  2.793 0.0000000000
106925  -35.148  -57.351  -3.076 0.0000000000
106968  -38.149  -56.301  -3.473 0.0000000000
107025  -24.930  -45.347  6.204 0.0000000000
107063  -20.640  -43.115  4.247 0.0000000000
107075  -22.536  -63.614  -3.239 0.0000000000
107118  -32.736  -64.778  -6.953 0.0000000000
107164  -23.563  -69.016  -4.694 0.0000000000
107176  -35.703  -27.271  -3.841 0.0000000000
107206  -43.533  -23.210  4.128 0.0000000000
107376  -32.685  -47.921  -0.916 0.0000000000
107384  -19.139  -60.351  1.858 0.0000000000
107408  -20.208  -60.261  -1.706 0.0000000000
107414  -28.543  -47.003  1.103 0.0000000000
107429  -35.567  -56.629  -0.658 0.0000000000
107524  -43.750  -22.897  2.297 0.0000000000
107686  -18.896  -55.861  0.204 0.0000000000
107743  -15.660  -56.843  1.113 0.0000000000
107775  -20.461  -54.983  3.281 0.0000000000
107786  -27.855  -43.310  0.949 0.0000000000
107814  -32.099  -44.755  0.914 0.0000000000
107910  -42.650  -37.825  -3.187 0.0000000000
107925  -37.833  -34.279  1.952 0.0000000000
107987  -37.528  -56.270  -2.616 0.0000000000
108024  -40.816  -38.765  -3.919 0.0000000000
108140  -26.494  -39.737  0.660 0.0000000000
108158  -38.800  -25.212  1.972 0.0000000000
108172  -44.165  -22.781  1.754 0.0000000000
108192  -35.440  -32.360  0.808 0.0000000000
108289  -42.495  -40.589  -3.676 0.0000000000
108354  -31.690  -40.387  5.099 0.0000000000
108372  -20.282  -48.064  3.031 0.0000000000
108457  -27.419  -50.035  4.554 0.0000000000
108475  -30.117  -42.921  2.061 0.0000000000
108493  -36.493  -64.293  -5.126 0.0000000000
108552  -23.963  -44.605  5.737 0.0000000000
108701  -28.826  -56.598  3.578 0.0000000000
108702  -21.886  -57.580  -0.573 0.0000000000
108802  -39.202  -41.798  -3.360 0.0000000000
108822  -32.693  -42.624  2.642 0.0000000000
108848  -28.917  -39.815  3.538 0.0000000000
108885  -22.300  -56.956  -0.335 0.0000000000
108901  -33.439  -27.913  -1.909 0.0000000000
109003  -27.466  -62.585  -2.890 0.0000000000
109141  -27.570  -37.769  0.843 0.0000000000
109371  -33.953  -41.511  2.646 0.0000000000
109401  -22.742  -64.039  -3.709 0.0000000000
109493  -43.489  -24.468  3.980 0.0000000000
109574  -23.221  -48.555  5.217 0.0000000000
109586  -41.063  -26.098  0.653 0.0000000000
109736  -27.218  -45.992  8.256 0.0000000000
109827  -18.357  -60.493  -0.624 0.0000000000
109853  -25.562  -41.408  3.248 0.0000000000
109879  -30.041  -71.018  -8.468 0.0000000000
109935  -32.332  -38.104  4.606 0.0000000000
109953  -22.976  -62.545  0.394 0.0000000000
110049  -31.765  -61.338  -4.275 0.0000000000
110293  -27.136  -41.698  0.915 0.0000000000
110345  -29.308  -52.370  1.721 0.0000000000
110384  -27.676  -59.758  2.871 0.0000000000
110438  -41.546  -14.581  -1.233 0.0000000000
110484  -30.119  -49.916  -1.505 0.0000000000
110514  -34.136  -37.957  4.769 0.0000000000
110530  -19.204  -54.195  3.615 0.0000000000
110588  -28.806  -51.743  -1.367 0.0000000000
110702  -22.566  -52.355  1.512 0.0000000000
110722  -43.916  -18.384  1.168 0.0000000000
110762  -28.188  -37.535  1.189 0.0000000000
110801  -24.634  -69.181  -3.039 0.0000000000
110838  -26.140  -58.698  1.846 0.0000000000
110839  -17.704  -55.114  3.189 0.0000000000
110938  -23.901  -39.981  1.820 0.0000000000
110952  -31.478  -53.936  -0.517 0.0000000000
111133  -15.873  -60.039  1.026 0.0000000000
111135  -23.759  -43.230  5.316 0.0000000000
111157  -33.214  -45.544  3.154 0.0000000000
111258  -32.208  -62.957  -6.119 0.0000000000
111445  -25.796  -50.268  4.187 0.0000000000
111617  -29.666  -55.205  0.319 0.0000000000
111705  -38.103  -60.050  -5.428 0.0000000000
111768  -18.956  -54.405  0.893 0.0000000000
111910  -33.929  -48.337  2.935 0.0000000000
111917  -38.511  -62.046  -5.424 0.0000000000
111935  -29.370  -59.037  3.024 0.0000000000
111962  -42.411  -16.910  0.166 0.0000000000
111964  -34.849  -28.899  -3.429 0.0000000000
111966  -25.235  -44.964  6.307 0.0000000000
111990  -33.606  -47.808  2.848 0.0000000000
112016  -32.928  -27.051  -2.754 0.0000000000
112224  -22.921  -42.766  5.038 0.0000000000
112282  -26.643  -40.873  2.746 0.0000000000
112297  -34.895  -32.182  -2.904 0.0000000000
112381  -37.737  -40.470  0.728 0.0000000000
112416  -26.533  -49.926  4.432 0.0000000000
112437  -42.500  -24.877  -3.176 0.0000000000
112489  -21.017  -53.342  0.908 0.0000000000
112590  -44.678  -24.644  1.509 0.0000000000
112611  -22.492  -66.207  -5.121 0.0000000000
112615  -25.151  -55.301  2.344 0.0000000000
112654  -24.161  -69.696  -5.206 0.0000000000
112763  -24.247  -65.989  -2.277 0.0000000000
112767  -31.270  -61.002  -0.049 0.0000000000
112779  -15.859  -59.503  1.081 0.0000000000
112800  -25.602  -70.611  -9.220 0.0000000000
112801  -16.131  -58.070  0.609 0.0000000000
112873  -35.914  -33.739  -2.104 0.0000000000
112975  -38.413  -33.205  -3.903 0.0000000000
113025  -24.823  -68.012  -7.743 0.0000000000
113190  -23.614  -66.046  -5.663 0.0000000000
113191  -41.593  -17.170  2.871 0.0000000000
113213  -29.060  -37.942  1.140 0.0000000000
113298  -39.332  -22.854  -2.037 0.0000000000
113309  -27.531  -61.863  -1.689 0.0000000000
113351  -24.822  -48.548  3.776 0.0000000000
113382  -43.107  -38.797  -1.018 0.0000000000
113403  -22.838  -62.613  -3.882 0.0000000000
113530  -26.618  -68.826  -8.956 0.0000000000
113620  -43.433  -15.409  0.714 0.0000000000
113751  -24.925  -44.784  3.607 0.0000000000
113802  -45.039  -20.862  1.704 0.0000000000
113955  -28.364  -45.719  0.873 0.0000000000
113956  -39.009  -31.469  0.152 0.0000000000
114013  -40.707  -15.817  5.307 0.0000000000
114045  -22.944  -62.510  1.228 0.0000000000
114068  -29.376  -52.725  3.147 0.0000000000
114071  -36.784  -27.910  -0.452 0.0000000000
114152  -22.023  -50.406  2.245 0.0000000000
114221  -19.839  -62.051  -0.364 0.0000000000
114355  -27.165  -47.163  4.436 0.0000000000
114394  -24.797  -66.210  -1.690 0.0000000000
114480  -30.377  -70.980  -9.478 0.0000000000
114531  -31.594  -39.579  5.174 0.0000000000
114563  -29.477  -56.823  3.009 0.0000000000
114617  -36.240  -63.028  -2.624 0.0000000000
114627  -41.047  -12.732  4.093 0.0000000000
114663  -26.438  -53.434  4.085 0.0000000000
114719  -39.829  -36.452  -2.987 0.0000000000
114725  -35.720  -35.286  -2.470 0.0000000000
114760  -36.667  -37.180  4.809 0.0000000000
114801  -36.864  -40.523  1.984 0.0000000000
114802  -19.335  -49.767  3.920 0.0000000000
114816  -22.953  -48.177  2.870 0.0000000000
114947  -23.804  -67.996  -7.539 0.0000000000
114976  -17.467  -57.526  2.285 0.0000000000
115005  -26.678  -70.693  -9.689 0.0000000000
115052  -32.396  -45.461  0.686 0.0000000000
115119  -36.577  -37.170  2.731 0.0000000000
115146  -22.925  -64.480  -3.553 0.0000000000
115304  -34.818  -58.145  -2.657 0.0000000000
115348  -29.034  -54.560  3.628 0.0000000000
115361  -31.296  -62.201  -4.733 0.0000000000
115393  -37.848  -23.486  -0.714 0.0000000000
115434  -33.662  -40.564  2.497 0.0000000000
115453  -36.390  -37.683  0.645 0.0000000000
115533  -19.000  -52.675  2.206 0.0000000000
115551  -20.494  -59.430  2.015 0.0000000000
115554  -36.452  -36.211  -1.666 0.0000000000
115623  -39.455  -59.672  -4.461 0.0000000000
115658  -32.784  -65.921  -7.255 0.0000000000
115684  -19.928  -50.897  2.667 0.0000000000
115788  -39.318  -26.118  2.953 0.0000000000
115804  -41.401  -12.829  3.452 0.0000000000
115874  -19.777  -55.376  0.260 0.0000000000
115938  -29.057  -55.474  3.468 0.0000000000
115992  -18.548  -51.390  4.012 0.0000000000
