#!ascii label  , from subject sub-06 vox2ras=TkReg aparc.a2009s=G_temporal_inf
2670
17612  -46.297  -57.441  15.520 0.0000000000
17613  -46.933  -57.436  15.654 0.0000000000
17620  -43.633  -57.061  14.773 0.0000000000
17621  -44.170  -57.202  14.864 0.0000000000
17622  -44.833  -57.300  14.837 0.0000000000
17623  -45.764  -57.350  14.761 0.0000000000
17624  -46.657  -57.391  14.903 0.0000000000
17630  -44.372  -57.066  14.677 0.0000000000
18350  -42.344  -56.231  23.377 0.0000000000
18370  -39.587  -56.626  20.542 0.0000000000
18385  -36.773  -56.662  19.323 0.0000000000
18386  -37.695  -56.804  19.725 0.0000000000
18387  -38.950  -56.954  19.949 0.0000000000
18388  -39.714  -56.792  20.064 0.0000000000
18399  -36.683  -56.539  18.795 0.0000000000
18400  -37.414  -56.936  18.935 0.0000000000
18401  -38.436  -57.118  19.191 0.0000000000
18402  -39.383  -57.025  19.426 0.0000000000
18403  -39.993  -56.637  19.699 0.0000000000
18409  -37.356  -56.713  18.383 0.0000000000
18410  -38.116  -57.078  18.405 0.0000000000
18411  -39.024  -57.214  18.583 0.0000000000
18412  -39.728  -56.868  18.782 0.0000000000
18420  -37.882  -56.622  17.663 0.0000000000
18421  -38.755  -57.137  17.754 0.0000000000
18422  -39.901  -57.170  17.060 0.0000000000
18423  -46.796  -57.082  17.099 0.0000000000
18424  -47.398  -57.029  17.282 0.0000000000
18425  -47.939  -56.767  17.257 0.0000000000
18431  -38.709  -56.878  16.979 0.0000000000
18432  -39.583  -57.042  16.497 0.0000000000
18433  -40.440  -57.136  16.167 0.0000000000
18434  -41.217  -57.094  15.426 0.0000000000
18435  -42.107  -57.136  15.096 0.0000000000
18436  -43.036  -57.103  15.206 0.0000000000
18437  -43.951  -56.941  15.442 0.0000000000
18438  -46.845  -57.310  16.420 0.0000000000
18439  -47.477  -57.164  16.262 0.0000000000
18440  -48.015  -56.666  16.047 0.0000000000
18448  -39.961  -57.000  15.778 0.0000000000
18449  -40.580  -56.975  15.421 0.0000000000
18450  -41.612  -57.062  14.959 0.0000000000
18451  -42.231  -57.021  14.857 0.0000000000
18452  -43.667  -57.218  14.931 0.0000000000
18453  -44.450  -57.296  15.092 0.0000000000
18454  -45.367  -57.355  15.289 0.0000000000
18455  -47.292  -57.227  15.186 0.0000000000
18456  -47.771  -56.621  14.765 0.0000000000
18465  -41.324  -56.726  14.787 0.0000000000
18466  -41.927  -56.654  14.679 0.0000000000
18467  -42.849  -56.748  14.657 0.0000000000
18468  -45.076  -57.111  14.608 0.0000000000
18469  -46.420  -57.069  14.446 0.0000000000
18470  -47.065  -56.921  14.385 0.0000000000
19231  -40.850  -55.803  24.127 0.0000000000
19232  -41.846  -56.275  23.506 0.0000000000
19240  -41.303  -56.176  22.941 0.0000000000
19241  -42.079  -56.182  22.920 0.0000000000
19255  -36.485  -55.348  21.686 0.0000000000
19256  -37.535  -55.364  21.763 0.0000000000
19257  -38.768  -55.595  21.885 0.0000000000
19258  -40.927  -56.176  21.750 0.0000000000
19259  -41.584  -56.065  22.366 0.0000000000
19280  -34.425  -55.471  21.342 0.0000000000
19281  -35.390  -55.681  21.223 0.0000000000
19282  -36.624  -55.981  20.831 0.0000000000
19283  -38.038  -56.067  21.090 0.0000000000
19284  -39.302  -56.346  21.169 0.0000000000
19285  -40.240  -56.369  21.148 0.0000000000
19286  -40.596  -56.156  21.160 0.0000000000
19300  -34.781  -55.722  20.624 0.0000000000
19301  -35.585  -56.110  20.273 0.0000000000
19302  -36.563  -56.498  19.946 0.0000000000
19303  -38.530  -56.599  20.496 0.0000000000
19304  -40.218  -56.411  20.522 0.0000000000
19311  -35.114  -55.901  19.953 0.0000000000
19312  -35.968  -56.293  19.458 0.0000000000
19313  -40.187  -56.220  19.007 0.0000000000
19314  -48.339  -55.933  18.897 0.0000000000
19319  -36.212  -56.027  18.688 0.0000000000
19320  -36.971  -56.266  18.137 0.0000000000
19321  -40.114  -56.684  17.891 0.0000000000
19322  -47.505  -56.274  18.512 0.0000000000
19323  -48.111  -56.271  18.827 0.0000000000
19334  -38.232  -56.039  16.910 0.0000000000
19335  -40.553  -56.924  16.859 0.0000000000
19336  -41.210  -56.395  16.880 0.0000000000
19337  -41.948  -56.174  16.535 0.0000000000
19338  -43.780  -55.566  16.760 0.0000000000
19339  -44.744  -55.562  16.994 0.0000000000
19340  -46.285  -56.544  17.256 0.0000000000
19341  -47.165  -56.753  17.819 0.0000000000
19342  -47.861  -56.720  18.126 0.0000000000
19343  -48.278  -56.263  18.142 0.0000000000
19357  -38.939  -56.354  16.340 0.0000000000
19358  -39.488  -56.570  15.862 0.0000000000
19359  -41.139  -57.058  16.220 0.0000000000
19360  -43.380  -56.499  16.042 0.0000000000
19361  -44.347  -56.342  16.288 0.0000000000
19362  -45.343  -56.354  16.660 0.0000000000
19363  -48.377  -56.089  16.815 0.0000000000
19374  -39.999  -56.250  15.306 0.0000000000
19375  -40.781  -56.497  14.898 0.0000000000
19376  -41.438  -55.884  14.652 0.0000000000
19377  -42.363  -55.883  14.547 0.0000000000
19378  -43.320  -55.905  14.548 0.0000000000
19379  -44.303  -55.911  14.557 0.0000000000
19380  -45.294  -55.979  14.483 0.0000000000
19381  -46.219  -56.037  14.278 0.0000000000
19382  -48.413  -55.931  15.405 0.0000000000
19390  -43.853  -56.658  14.597 0.0000000000
19391  -44.764  -56.684  14.521 0.0000000000
19392  -45.768  -56.796  14.394 0.0000000000
19393  -46.727  -56.506  14.147 0.0000000000
19394  -47.515  -56.030  13.832 0.0000000000
19395  -48.222  -55.784  14.012 0.0000000000
19405  -48.114  -55.256  13.327 0.0000000000
20190  -41.368  -55.738  21.911 0.0000000000
20219  -34.139  -55.358  20.799 0.0000000000
20220  -34.624  -55.498  20.315 0.0000000000
20221  -40.597  -55.716  20.687 0.0000000000
20227  -35.585  -55.679  19.329 0.0000000000
20228  -36.214  -55.101  18.822 0.0000000000
20230  -47.447  -54.694  19.568 0.0000000000
20231  -48.394  -55.428  19.500 0.0000000000
20232  -48.496  -55.456  19.292 0.0000000000
20242  -36.887  -55.374  18.232 0.0000000000
20243  -37.829  -54.476  18.004 0.0000000000
20244  -40.523  -55.497  18.336 0.0000000000
20245  -41.102  -54.673  18.039 0.0000000000
20246  -41.917  -54.305  17.749 0.0000000000
20247  -44.797  -54.381  18.023 0.0000000000
20248  -45.869  -55.022  18.161 0.0000000000
20249  -47.688  -55.688  19.140 0.0000000000
20250  -48.549  -55.473  18.405 0.0000000000
20266  -37.591  -55.655  17.597 0.0000000000
20267  -38.282  -55.013  17.206 0.0000000000
20268  -40.862  -55.925  17.549 0.0000000000
20269  -41.578  -55.311  17.314 0.0000000000
20270  -42.373  -54.969  17.195 0.0000000000
20271  -43.273  -54.816  17.254 0.0000000000
20272  -45.066  -55.033  17.588 0.0000000000
20273  -46.586  -55.997  18.004 0.0000000000
20274  -48.539  -55.541  17.413 0.0000000000
20285  -38.805  -55.333  16.542 0.0000000000
20286  -39.354  -55.652  15.869 0.0000000000
20287  -40.085  -54.971  15.610 0.0000000000
20288  -42.850  -55.714  16.603 0.0000000000
20289  -48.789  -55.097  16.192 0.0000000000
20290  -49.306  -54.356  15.253 0.0000000000
20305  -40.707  -55.475  15.071 0.0000000000
20306  -42.027  -54.925  14.943 0.0000000000
20307  -42.910  -54.925  14.956 0.0000000000
20308  -43.874  -54.963  14.984 0.0000000000
20309  -44.898  -55.023  15.021 0.0000000000
20310  -45.916  -55.106  14.865 0.0000000000
20311  -47.482  -54.894  13.646 0.0000000000
20312  -48.812  -55.160  14.693 0.0000000000
20318  -47.060  -55.722  13.874 0.0000000000
20319  -47.791  -55.358  13.444 0.0000000000
20320  -48.571  -55.101  13.627 0.0000000000
20321  -49.187  -54.551  14.012 0.0000000000
20331  -48.626  -54.456  13.180 0.0000000000
21101  -49.879  -54.563  21.079 0.0000000000
21102  -50.442  -54.370  21.272 0.0000000000
21103  -51.287  -54.040  21.377 0.0000000000
21109  -34.440  -54.799  20.306 0.0000000000
21112  -47.824  -54.266  20.149 0.0000000000
21113  -48.999  -54.966  20.261 0.0000000000
21114  -49.675  -54.614  20.533 0.0000000000
21115  -50.268  -54.548  20.888 0.0000000000
21116  -50.809  -54.323  21.081 0.0000000000
21121  -35.694  -54.665  19.375 0.0000000000
21122  -37.079  -54.287  18.683 0.0000000000
21129  -48.532  -55.130  19.859 0.0000000000
21130  -48.945  -55.229  19.792 0.0000000000
21149  -45.478  -54.065  18.627 0.0000000000
21150  -46.589  -54.781  18.902 0.0000000000
21151  -48.791  -55.073  19.075 0.0000000000
21163  -38.651  -54.059  17.578 0.0000000000
21166  -42.780  -54.122  17.730 0.0000000000
21167  -43.777  -54.129  17.864 0.0000000000
21168  -48.608  -54.425  17.966 0.0000000000
21174  -39.549  -54.454  16.431 0.0000000000
21175  -40.497  -53.969  16.214 0.0000000000
21176  -41.308  -53.612  16.096 0.0000000000
21177  -42.098  -53.373  16.062 0.0000000000
21178  -43.037  -53.192  16.166 0.0000000000
21179  -44.062  -53.329  16.121 0.0000000000
21180  -45.058  -53.458  16.139 0.0000000000
21181  -46.518  -53.268  15.865 0.0000000000
21182  -48.773  -53.970  17.119 0.0000000000
21183  -49.113  -54.120  16.345 0.0000000000
21195  -40.917  -54.443  15.537 0.0000000000
21196  -41.702  -54.164  15.521 0.0000000000
21197  -42.528  -54.041  15.497 0.0000000000
21198  -43.467  -54.023  15.502 0.0000000000
21199  -44.464  -54.095  15.529 0.0000000000
21200  -45.435  -54.172  15.524 0.0000000000
21201  -46.282  -54.148  15.386 0.0000000000
21202  -47.132  -53.904  14.794 0.0000000000
21203  -49.659  -53.745  14.599 0.0000000000
21216  -47.752  -54.032  13.491 0.0000000000
21217  -49.373  -53.916  13.496 0.0000000000
21227  -48.161  -54.624  13.134 0.0000000000
21228  -48.737  -53.868  12.886 0.0000000000
21229  -49.011  -53.740  12.766 0.0000000000
21239  -48.983  -53.377  12.597 0.0000000000
21998  -48.145  -53.777  20.625 0.0000000000
21999  -49.212  -54.426  20.804 0.0000000000
22000  -50.047  -54.398  20.312 0.0000000000
22001  -50.771  -54.170  20.772 0.0000000000
22002  -51.393  -53.886  21.062 0.0000000000
22043  -48.663  -53.836  18.435 0.0000000000
22059  -43.492  -51.978  17.066 0.0000000000
22060  -44.358  -51.985  17.066 0.0000000000
22061  -45.328  -52.014  17.044 0.0000000000
22062  -48.717  -52.838  17.487 0.0000000000
22063  -49.143  -52.381  16.768 0.0000000000
22076  -42.423  -52.659  16.592 0.0000000000
22077  -43.771  -52.584  16.609 0.0000000000
22078  -44.713  -52.694  16.623 0.0000000000
22079  -45.755  -52.794  16.509 0.0000000000
22080  -47.201  -52.725  15.443 0.0000000000
22081  -47.235  -51.706  15.896 0.0000000000
22082  -49.115  -53.233  16.663 0.0000000000
22083  -49.799  -52.495  15.990 0.0000000000
22096  -47.639  -53.133  14.319 0.0000000000
22097  -50.125  -52.855  15.002 0.0000000000
22098  -50.499  -52.046  14.976 0.0000000000
22113  -48.159  -52.765  13.595 0.0000000000
22114  -49.542  -53.249  13.207 0.0000000000
22115  -50.209  -52.550  13.941 0.0000000000
22125  -48.758  -53.093  12.658 0.0000000000
22126  -49.164  -53.143  12.584 0.0000000000
22127  -49.741  -52.655  13.062 0.0000000000
22136  -49.021  -52.841  12.419 0.0000000000
22949  -50.916  -52.126  20.512 0.0000000000
22964  -49.435  -53.150  19.563 0.0000000000
22965  -49.821  -52.799  19.973 0.0000000000
22994  -44.932  -51.321  17.494 0.0000000000
22995  -45.916  -51.248  17.320 0.0000000000
22996  -48.579  -52.479  18.363 0.0000000000
22997  -48.813  -51.867  17.401 0.0000000000
23005  -46.083  -52.004  16.875 0.0000000000
23006  -46.623  -51.464  16.674 0.0000000000
23007  -49.426  -51.647  16.517 0.0000000000
23024  -50.140  -51.616  15.726 0.0000000000
23025  -50.675  -51.217  15.137 0.0000000000
23041  -47.706  -52.024  14.800 0.0000000000
23042  -48.151  -51.803  13.998 0.0000000000
23043  -50.626  -51.593  14.225 0.0000000000
23058  -48.529  -52.089  13.061 0.0000000000
23059  -50.202  -51.909  13.205 0.0000000000
23076  -48.916  -52.181  12.309 0.0000000000
23077  -49.116  -52.103  12.262 0.0000000000
23078  -49.555  -51.999  12.481 0.0000000000
23902  -45.361  -50.533  17.771 0.0000000000
23903  -46.143  -50.305  17.490 0.0000000000
23915  -46.761  -50.010  16.913 0.0000000000
23916  -47.164  -50.673  16.277 0.0000000000
23917  -49.711  -50.847  16.229 0.0000000000
23918  -50.099  -50.218  15.928 0.0000000000
23934  -47.581  -50.076  15.478 0.0000000000
23935  -50.291  -50.860  15.666 0.0000000000
23936  -50.666  -50.400  15.342 0.0000000000
23959  -47.932  -50.452  14.634 0.0000000000
23960  -48.303  -51.080  13.686 0.0000000000
23961  -50.948  -50.646  14.474 0.0000000000
23976  -48.840  -50.812  11.981 0.0000000000
23977  -50.622  -51.108  13.433 0.0000000000
23993  -49.301  -50.688  11.489 0.0000000000
23994  -49.517  -51.204  11.880 0.0000000000
23995  -50.101  -50.695  11.687 0.0000000000
24012  -49.455  -50.121  10.952 0.0000000000
24013  -49.732  -50.421  11.193 0.0000000000
24797  -45.690  -49.678  17.962 0.0000000000
24798  -46.352  -49.454  17.480 0.0000000000
24809  -46.856  -49.161  16.793 0.0000000000
24810  -47.249  -49.661  16.201 0.0000000000
24811  -50.462  -49.615  15.646 0.0000000000
24819  -47.541  -49.314  15.550 0.0000000000
24820  -51.057  -49.783  14.995 0.0000000000
24838  -47.891  -49.444  14.741 0.0000000000
24839  -48.252  -50.076  13.791 0.0000000000
24840  -51.144  -49.860  14.143 0.0000000000
24841  -51.183  -49.206  13.735 0.0000000000
24859  -50.893  -49.903  13.193 0.0000000000
24877  -48.676  -49.338  11.909 0.0000000000
24878  -50.495  -50.030  12.035 0.0000000000
24892  -49.104  -49.619  10.862 0.0000000000
24893  -49.678  -49.556  10.577 0.0000000000
24894  -50.064  -50.019  10.940 0.0000000000
25673  -47.308  -48.757  16.056 0.0000000000
25675  -50.592  -48.138  15.656 0.0000000000
25683  -47.642  -48.693  15.267 0.0000000000
25684  -51.211  -49.091  14.589 0.0000000000
25685  -51.226  -48.225  15.000 0.0000000000
25703  -47.972  -48.508  14.524 0.0000000000
25704  -48.329  -48.192  13.600 0.0000000000
25705  -51.324  -48.480  14.186 0.0000000000
25720  -48.562  -47.552  12.886 0.0000000000
25721  -50.845  -49.259  12.757 0.0000000000
25722  -51.122  -48.575  13.395 0.0000000000
25736  -48.568  -48.438  12.434 0.0000000000
25737  -50.487  -49.230  11.485 0.0000000000
25745  -48.767  -48.819  11.244 0.0000000000
25746  -49.261  -48.952  10.366 0.0000000000
25747  -50.041  -49.207  10.368 0.0000000000
25755  -49.757  -48.707  10.037 0.0000000000
26517  -50.990  -47.461  15.372 0.0000000000
26518  -51.348  -47.510  14.915 0.0000000000
26528  -48.020  -47.662  14.511 0.0000000000
26529  -48.372  -47.201  13.862 0.0000000000
26530  -51.356  -47.862  14.473 0.0000000000
26545  -51.312  -47.917  13.850 0.0000000000
26554  -48.671  -47.921  11.789 0.0000000000
26555  -50.765  -48.199  12.052 0.0000000000
26556  -51.013  -47.998  13.071 0.0000000000
26562  -48.849  -48.300  10.743 0.0000000000
26563  -49.268  -48.105  9.913 0.0000000000
26564  -50.417  -48.507  10.734 0.0000000000
26572  -49.850  -47.977  9.497 0.0000000000
26580  -49.943  -47.370  9.055 0.0000000000
27327  -51.350  -46.755  15.094 0.0000000000
27348  -48.648  -46.575  13.134 0.0000000000
27349  -51.303  -46.643  13.573 0.0000000000
27362  -48.832  -46.491  12.041 0.0000000000
27363  -48.929  -46.494  11.090 0.0000000000
27364  -50.775  -47.504  11.594 0.0000000000
27372  -48.801  -47.365  11.085 0.0000000000
27373  -50.850  -46.809  11.265 0.0000000000
27382  -49.566  -47.388  9.343 0.0000000000
27383  -50.131  -47.170  8.955 0.0000000000
27392  -49.777  -46.835  8.853 0.0000000000
27393  -49.973  -46.787  8.682 0.0000000000
28225  -51.622  -45.716  14.079 0.0000000000
28237  -51.364  -45.904  13.230 0.0000000000
28251  -48.865  -45.731  12.752 0.0000000000
28252  -49.015  -45.775  11.749 0.0000000000
28253  -51.311  -45.590  12.610 0.0000000000
28261  -49.108  -45.855  10.638 0.0000000000
28262  -50.784  -46.643  10.381 0.0000000000
28263  -51.126  -45.770  11.570 0.0000000000
28272  -49.370  -46.470  9.479 0.0000000000
28273  -50.596  -46.547  9.403 0.0000000000
28274  -51.101  -45.657  10.323 0.0000000000
28284  -49.610  -46.052  8.778 0.0000000000
28285  -50.255  -46.473  8.627 0.0000000000
28286  -50.891  -45.631  9.052 0.0000000000
28293  -50.023  -46.154  8.283 0.0000000000
29166  -48.798  -44.934  13.293 0.0000000000
29167  -51.589  -45.155  13.288 0.0000000000
29168  -52.055  -44.316  13.222 0.0000000000
29184  -49.038  -45.018  12.376 0.0000000000
29185  -49.135  -45.172  11.544 0.0000000000
29186  -51.525  -44.831  12.372 0.0000000000
29187  -51.936  -44.119  12.028 0.0000000000
29197  -49.158  -44.538  11.913 0.0000000000
29198  -49.191  -44.770  11.010 0.0000000000
29199  -51.484  -44.762  11.285 0.0000000000
29209  -49.246  -45.266  9.758 0.0000000000
29210  -51.425  -44.637  8.981 0.0000000000
29220  -49.491  -45.108  8.696 0.0000000000
29221  -50.337  -45.864  8.246 0.0000000000
29222  -50.756  -45.224  8.133 0.0000000000
29230  -49.901  -45.648  8.098 0.0000000000
29231  -50.134  -45.351  7.779 0.0000000000
29232  -50.780  -44.265  7.185 0.0000000000
29238  -49.957  -44.859  7.463 0.0000000000
30017  -53.596  -43.186  14.140 0.0000000000
30027  -52.839  -43.726  13.721 0.0000000000
30028  -53.428  -43.279  12.972 0.0000000000
30041  -48.908  -43.009  12.546 0.0000000000
30042  -52.616  -43.683  12.583 0.0000000000
30043  -53.346  -43.278  11.888 0.0000000000
30050  -49.134  -43.766  11.671 0.0000000000
30051  -49.188  -44.110  10.484 0.0000000000
30052  -51.975  -44.075  10.940 0.0000000000
30053  -52.608  -43.656  11.500 0.0000000000
30054  -53.391  -43.256  10.893 0.0000000000
30065  -49.058  -43.121  10.947 0.0000000000
30066  -49.257  -44.383  9.505 0.0000000000
30067  -52.057  -43.998  9.830 0.0000000000
30068  -52.718  -43.585  10.471 0.0000000000
30078  -49.327  -43.981  8.699 0.0000000000
30079  -51.892  -43.811  8.868 0.0000000000
30080  -52.696  -43.294  9.596 0.0000000000
30085  -49.654  -44.146  7.608 0.0000000000
30086  -51.524  -43.553  7.881 0.0000000000
30093  -49.977  -44.137  6.938 0.0000000000
30094  -50.306  -43.836  6.781 0.0000000000
30095  -50.931  -43.597  6.845 0.0000000000
30921  -48.593  -42.231  13.101 0.0000000000
30922  -54.116  -42.822  13.195 0.0000000000
30923  -54.676  -42.454  13.300 0.0000000000
30924  -55.083  -42.181  13.946 0.0000000000
30940  -48.703  -42.175  12.241 0.0000000000
30941  -54.029  -42.887  12.172 0.0000000000
30942  -54.678  -42.531  12.408 0.0000000000
30943  -55.237  -42.169  12.783 0.0000000000
30953  -48.810  -42.243  11.351 0.0000000000
30954  -53.989  -42.889  11.208 0.0000000000
30955  -54.661  -42.546  11.401 0.0000000000
30956  -55.325  -42.232  11.660 0.0000000000
30968  -48.942  -42.424  10.398 0.0000000000
30969  -49.143  -43.432  9.905 0.0000000000
30970  -53.267  -42.697  9.963 0.0000000000
30971  -53.776  -42.794  10.523 0.0000000000
30972  -54.391  -42.414  10.782 0.0000000000
30980  -49.094  -42.654  9.249 0.0000000000
30981  -51.879  -42.549  8.463 0.0000000000
30982  -52.529  -42.561  9.352 0.0000000000
30989  -49.363  -43.182  8.108 0.0000000000
30990  -51.359  -42.716  7.172 0.0000000000
30998  -49.479  -42.555  7.460 0.0000000000
30999  -50.067  -43.259  6.555 0.0000000000
31000  -50.613  -42.941  6.416 0.0000000000
31005  -49.832  -42.528  6.565 0.0000000000
31006  -50.288  -42.408  6.202 0.0000000000
31007  -50.788  -42.087  6.001 0.0000000000
31814  -47.734  -40.993  13.944 0.0000000000
31815  -48.205  -41.562  13.549 0.0000000000
31816  -55.713  -41.720  13.292 0.0000000000
31817  -56.205  -41.195  13.900 0.0000000000
31833  -48.392  -41.439  12.710 0.0000000000
31834  -55.864  -41.842  12.104 0.0000000000
31835  -56.286  -41.316  12.583 0.0000000000
31848  -48.534  -41.410  11.811 0.0000000000
31849  -55.161  -42.146  10.938 0.0000000000
31850  -55.766  -41.765  11.243 0.0000000000
31851  -56.314  -41.331  11.534 0.0000000000
31862  -48.665  -41.515  10.878 0.0000000000
31863  -52.825  -41.715  10.017 0.0000000000
31864  -53.779  -42.195  10.434 0.0000000000
31865  -54.581  -41.842  10.661 0.0000000000
31866  -55.392  -41.524  10.844 0.0000000000
31871  -48.821  -41.675  9.929 0.0000000000
31872  -48.972  -41.692  9.051 0.0000000000
31873  -51.667  -41.678  8.191 0.0000000000
31874  -52.068  -41.617  9.182 0.0000000000
31880  -49.220  -41.664  8.177 0.0000000000
31881  -51.419  -41.773  7.034 0.0000000000
31889  -49.470  -41.731  7.158 0.0000000000
31890  -51.181  -41.670  6.092 0.0000000000
31897  -49.876  -41.760  6.259 0.0000000000
31898  -50.450  -41.586  5.865 0.0000000000
31899  -50.953  -41.306  5.706 0.0000000000
32695  -47.494  -40.307  13.634 0.0000000000
32696  -47.979  -40.805  13.172 0.0000000000
32697  -56.620  -40.670  13.120 0.0000000000
32698  -57.122  -40.188  12.521 0.0000000000
32710  -47.705  -40.034  12.874 0.0000000000
32711  -48.177  -40.553  12.252 0.0000000000
32712  -56.814  -40.834  11.883 0.0000000000
32713  -57.365  -40.162  11.301 0.0000000000
32724  -48.404  -40.664  11.280 0.0000000000
32725  -54.367  -40.802  10.857 0.0000000000
32726  -56.141  -41.185  11.016 0.0000000000
32727  -56.739  -40.681  11.149 0.0000000000
32736  -48.583  -40.821  10.349 0.0000000000
32737  -52.753  -40.625  10.524 0.0000000000
32738  -53.589  -41.362  10.592 0.0000000000
32743  -48.920  -40.921  8.837 0.0000000000
32744  -51.724  -40.727  8.981 0.0000000000
32745  -52.163  -40.690  9.852 0.0000000000
32751  -48.987  -40.121  8.660 0.0000000000
32752  -49.257  -40.890  7.931 0.0000000000
32753  -51.568  -40.893  7.906 0.0000000000
32761  -49.487  -40.931  6.887 0.0000000000
32762  -51.369  -40.753  6.027 0.0000000000
32770  -49.923  -40.923  6.028 0.0000000000
32771  -50.576  -40.687  5.586 0.0000000000
32772  -51.055  -40.508  5.469 0.0000000000
32776  -50.852  -40.121  5.281 0.0000000000
33604  -47.200  -39.463  13.400 0.0000000000
33613  -47.505  -39.285  12.565 0.0000000000
33614  -48.103  -39.849  11.558 0.0000000000
33625  -47.729  -39.161  11.836 0.0000000000
33626  -47.992  -39.041  10.999 0.0000000000
33627  -53.503  -39.750  11.193 0.0000000000
33628  -57.207  -40.128  10.758 0.0000000000
33629  -57.720  -39.630  10.739 0.0000000000
33639  -48.450  -39.261  10.112 0.0000000000
33640  -52.832  -39.806  10.941 0.0000000000
33645  -49.169  -39.202  8.540 0.0000000000
33646  -51.833  -39.855  9.597 0.0000000000
33647  -52.313  -39.845  10.380 0.0000000000
33653  -49.328  -40.083  7.713 0.0000000000
33654  -51.633  -39.955  8.550 0.0000000000
33662  -49.585  -40.117  6.716 0.0000000000
33663  -51.757  -39.775  6.688 0.0000000000
33669  -49.998  -40.079  5.900 0.0000000000
33670  -50.467  -39.873  5.374 0.0000000000
33671  -51.511  -39.977  5.698 0.0000000000
33672  -52.057  -39.430  6.120 0.0000000000
33675  -50.839  -39.590  5.009 0.0000000000
33676  -51.185  -39.764  5.154 0.0000000000
33677  -51.823  -39.362  5.442 0.0000000000
33683  -51.120  -39.322  4.833 0.0000000000
34534  -47.135  -38.679  12.877 0.0000000000
34543  -47.405  -38.581  12.205 0.0000000000
34551  -47.652  -38.413  11.543 0.0000000000
34552  -47.902  -38.214  10.987 0.0000000000
34556  -56.077  -38.814  11.103 0.0000000000
34557  -57.438  -39.489  10.592 0.0000000000
34568  -48.276  -38.380  10.411 0.0000000000
34570  -57.930  -39.242  10.454 0.0000000000
34577  -48.763  -38.559  9.537 0.0000000000
34578  -49.222  -38.325  8.863 0.0000000000
34579  -51.767  -39.095  9.146 0.0000000000
34588  -49.484  -38.487  8.096 0.0000000000
34589  -51.771  -39.187  7.934 0.0000000000
34590  -51.967  -38.362  8.711 0.0000000000
34599  -49.759  -38.626  7.222 0.0000000000
34600  -49.987  -38.763  6.447 0.0000000000
34607  -49.768  -39.366  6.580 0.0000000000
34608  -50.142  -39.311  5.826 0.0000000000
34609  -52.462  -38.898  5.920 0.0000000000
34610  -52.844  -38.407  5.603 0.0000000000
34613  -50.523  -39.164  5.179 0.0000000000
34614  -51.543  -39.238  4.968 0.0000000000
34615  -52.245  -38.809  5.085 0.0000000000
34616  -52.886  -38.193  5.008 0.0000000000
34621  -50.878  -39.008  4.742 0.0000000000
34622  -51.418  -38.731  4.682 0.0000000000
34623  -52.156  -38.254  4.518 0.0000000000
34624  -52.724  -37.830  4.490 0.0000000000
35455  -47.035  -37.369  12.524 0.0000000000
35463  -47.359  -37.817  11.966 0.0000000000
35464  -47.726  -37.610  11.355 0.0000000000
35469  -56.518  -38.198  10.975 0.0000000000
35481  -48.138  -37.574  10.742 0.0000000000
35483  -57.558  -38.750  10.415 0.0000000000
35495  -48.578  -37.619  10.079 0.0000000000
35496  -49.091  -37.638  9.395 0.0000000000
35503  -49.492  -37.672  8.625 0.0000000000
35504  -52.399  -37.557  8.325 0.0000000000
35514  -49.796  -37.816  7.760 0.0000000000
35515  -50.120  -38.041  6.891 0.0000000000
35516  -52.634  -37.864  7.241 0.0000000000
35517  -53.246  -37.414  6.641 0.0000000000
35525  -50.341  -38.410  5.848 0.0000000000
35526  -52.887  -38.221  6.331 0.0000000000
35527  -53.406  -37.783  5.669 0.0000000000
35530  -50.696  -38.454  4.943 0.0000000000
35531  -50.992  -37.856  4.620 0.0000000000
35532  -53.386  -37.650  4.800 0.0000000000
35538  -51.009  -38.425  4.600 0.0000000000
35539  -51.491  -37.927  4.389 0.0000000000
35540  -52.127  -37.602  4.066 0.0000000000
35541  -52.894  -37.384  4.063 0.0000000000
35546  -51.837  -37.255  3.939 0.0000000000
35547  -52.309  -37.016  3.590 0.0000000000
35548  -53.105  -36.849  3.483 0.0000000000
36405  -47.481  -36.822  11.876 0.0000000000
36406  -48.016  -36.818  11.163 0.0000000000
36420  -48.477  -36.799  10.527 0.0000000000
36421  -48.871  -35.995  10.325 0.0000000000
36439  -48.957  -36.816  9.871 0.0000000000
36440  -49.466  -36.860  9.168 0.0000000000
36452  -49.854  -36.968  8.298 0.0000000000
36453  -50.316  -36.303  7.946 0.0000000000
36454  -52.722  -36.685  8.503 0.0000000000
36455  -53.205  -36.213  7.877 0.0000000000
36464  -50.236  -37.186  7.434 0.0000000000
36465  -50.638  -36.528  7.072 0.0000000000
36466  -52.935  -37.020  7.548 0.0000000000
36467  -53.497  -36.549  6.978 0.0000000000
36472  -50.479  -37.418  6.477 0.0000000000
36473  -50.896  -36.739  6.106 0.0000000000
36474  -53.833  -36.945  6.111 0.0000000000
36475  -54.343  -36.434  5.678 0.0000000000
36479  -50.720  -37.651  5.437 0.0000000000
36480  -51.173  -36.949  4.989 0.0000000000
36481  -53.996  -37.160  5.239 0.0000000000
36482  -54.546  -36.545  4.731 0.0000000000
36487  -51.593  -36.776  4.155 0.0000000000
36488  -53.744  -37.104  4.313 0.0000000000
36489  -54.048  -36.557  3.704 0.0000000000
36494  -52.043  -36.623  3.549 0.0000000000
36495  -52.569  -36.412  3.151 0.0000000000
36496  -53.355  -36.216  2.814 0.0000000000
37331  -48.163  -35.297  11.515 0.0000000000
37343  -48.763  -35.072  10.806 0.0000000000
37344  -49.285  -35.269  10.026 0.0000000000
37359  -49.662  -35.452  9.431 0.0000000000
37360  -50.028  -35.261  8.998 0.0000000000
37374  -50.389  -35.451  8.369 0.0000000000
37382  -51.138  -35.055  7.241 0.0000000000
37383  -51.385  -35.194  6.484 0.0000000000
37384  -53.673  -35.706  7.375 0.0000000000
37385  -54.172  -35.177  6.955 0.0000000000
37389  -51.044  -35.866  6.749 0.0000000000
37390  -51.308  -36.009  5.839 0.0000000000
37391  -54.090  -36.035  6.462 0.0000000000
37395  -51.561  -36.044  4.870 0.0000000000
37396  -54.814  -35.804  5.446 0.0000000000
37397  -55.450  -35.285  5.008 0.0000000000
37401  -51.849  -36.031  3.911 0.0000000000
37402  -52.251  -35.202  3.762 0.0000000000
37403  -54.911  -36.164  3.998 0.0000000000
37404  -55.493  -35.570  4.183 0.0000000000
37411  -52.262  -35.969  3.175 0.0000000000
37412  -54.372  -36.027  3.178 0.0000000000
37413  -55.131  -35.738  3.510 0.0000000000
37417  -52.755  -35.817  2.624 0.0000000000
37418  -53.320  -35.523  2.213 0.0000000000
37419  -53.912  -35.721  2.472 0.0000000000
37420  -54.762  -35.518  2.719 0.0000000000
38272  -49.264  -34.408  10.290 0.0000000000
38286  -49.762  -34.679  9.509 0.0000000000
38287  -50.331  -34.700  8.775 0.0000000000
38299  -50.819  -34.754  8.014 0.0000000000
38300  -54.053  -34.097  8.247 0.0000000000
38309  -51.203  -34.394  7.516 0.0000000000
38310  -51.445  -34.477  6.929 0.0000000000
38311  -54.331  -34.391  7.365 0.0000000000
38316  -51.622  -35.211  5.663 0.0000000000
38317  -54.674  -34.666  6.552 0.0000000000
38318  -55.414  -33.582  6.141 0.0000000000
38322  -51.935  -34.277  5.590 0.0000000000
38323  -52.269  -34.345  4.526 0.0000000000
38324  -55.063  -34.974  5.799 0.0000000000
38325  -55.616  -34.313  5.407 0.0000000000
38329  -51.913  -35.191  4.733 0.0000000000
38330  -56.333  -34.457  3.641 0.0000000000
38336  -52.568  -35.247  2.844 0.0000000000
38337  -55.726  -35.153  3.363 0.0000000000
38342  -52.886  -35.256  2.231 0.0000000000
38343  -53.309  -34.934  1.758 0.0000000000
38344  -54.051  -35.206  1.803 0.0000000000
38345  -55.180  -34.880  2.257 0.0000000000
38346  -56.151  -34.455  2.800 0.0000000000
38348  -53.832  -34.448  1.262 0.0000000000
38349  -54.565  -34.459  1.351 0.0000000000
39159  -49.653  -33.798  9.802 0.0000000000
39160  -50.199  -33.956  9.144 0.0000000000
39173  -50.585  -33.304  8.590 0.0000000000
39184  -51.025  -33.911  7.976 0.0000000000
39185  -51.414  -33.789  7.311 0.0000000000
39186  -54.698  -33.130  7.605 0.0000000000
39187  -55.196  -32.980  6.838 0.0000000000
39195  -51.700  -33.888  6.545 0.0000000000
39196  -54.832  -33.812  6.901 0.0000000000
39201  -51.964  -33.268  6.024 0.0000000000
39202  -52.280  -33.501  5.111 0.0000000000
39203  -55.948  -33.387  5.426 0.0000000000
39204  -56.511  -33.216  4.713 0.0000000000
39208  -52.533  -32.882  4.624 0.0000000000
39209  -56.015  -34.714  4.415 0.0000000000
39210  -56.525  -33.878  4.145 0.0000000000
39215  -52.784  -33.292  3.531 0.0000000000
39216  -53.150  -33.312  2.378 0.0000000000
39217  -56.743  -33.830  3.313 0.0000000000
39218  -57.252  -33.206  2.850 0.0000000000
39224  -52.854  -34.420  2.426 0.0000000000
39225  -53.353  -34.117  1.554 0.0000000000
39226  -55.658  -34.210  1.819 0.0000000000
39227  -56.592  -33.768  2.367 0.0000000000
39229  -53.761  -33.760  0.823 0.0000000000
39230  -54.175  -33.906  0.702 0.0000000000
39231  -55.068  -33.867  0.926 0.0000000000
39232  -56.157  -33.553  1.436 0.0000000000
39233  -54.034  -33.182  0.280 0.0000000000
40003  -50.224  -32.480  8.998 0.0000000000
40017  -54.387  -32.392  9.009 0.0000000000
40026  -50.708  -32.392  8.269 0.0000000000
40027  -51.226  -32.212  7.451 0.0000000000
40028  -54.581  -32.620  8.171 0.0000000000
40029  -54.914  -32.404  7.472 0.0000000000
40038  -55.374  -32.164  6.720 0.0000000000
40041  -51.840  -32.329  6.280 0.0000000000
40042  -52.238  -32.661  5.494 0.0000000000
40043  -55.680  -32.748  6.078 0.0000000000
40044  -56.261  -32.550  5.360 0.0000000000
40048  -52.427  -32.051  5.020 0.0000000000
40049  -56.798  -32.393  4.606 0.0000000000
40050  -57.325  -32.141  3.983 0.0000000000
40055  -52.737  -32.188  4.142 0.0000000000
40056  -53.091  -32.334  3.192 0.0000000000
40057  -57.080  -33.054  3.876 0.0000000000
40058  -57.527  -32.452  3.218 0.0000000000
40064  -53.354  -32.401  2.218 0.0000000000
40065  -57.095  -33.150  1.910 0.0000000000
40066  -57.581  -32.526  2.370 0.0000000000
40069  -53.453  -33.239  1.402 0.0000000000
40070  -55.537  -33.197  0.596 0.0000000000
40071  -56.626  -32.864  1.065 0.0000000000
40072  -53.764  -32.447  0.357 0.0000000000
40073  -54.170  -32.291  -0.118 0.0000000000
40074  -54.759  -32.764  0.030 0.0000000000
40075  -55.989  -32.334  0.234 0.0000000000
40901  -50.300  -31.730  8.681 0.0000000000
40902  -54.442  -31.318  8.848 0.0000000000
40912  -50.703  -31.592  8.004 0.0000000000
40913  -51.053  -31.442  7.405 0.0000000000
40914  -54.647  -31.891  8.241 0.0000000000
40915  -55.012  -31.617  7.354 0.0000000000
40924  -51.463  -31.629  6.801 0.0000000000
40925  -55.441  -31.352  6.605 0.0000000000
40929  -51.811  -31.451  6.061 0.0000000000
40930  -52.143  -31.318  5.381 0.0000000000
40931  -55.911  -31.036  5.885 0.0000000000
40932  -56.465  -31.621  5.190 0.0000000000
40936  -52.492  -31.275  4.608 0.0000000000
40937  -56.783  -31.065  4.597 0.0000000000
40938  -57.236  -31.378  4.033 0.0000000000
40944  -52.895  -31.280  3.712 0.0000000000
40945  -53.254  -31.545  2.848 0.0000000000
40946  -57.599  -31.670  3.366 0.0000000000
40953  -53.460  -31.601  1.956 0.0000000000
40958  -53.602  -31.636  1.005 0.0000000000
40959  -57.702  -31.609  1.039 0.0000000000
40960  -53.824  -31.542  0.109 0.0000000000
40961  -54.292  -31.531  -0.331 0.0000000000
40962  -54.988  -31.808  -0.374 0.0000000000
40963  -56.863  -31.621  0.304 0.0000000000
40964  -57.539  -30.930  0.313 0.0000000000
40965  -54.674  -30.853  -0.596 0.0000000000
40966  -55.534  -30.910  -0.541 0.0000000000
41822  -50.264  -30.919  8.416 0.0000000000
41833  -50.675  -30.888  7.715 0.0000000000
41834  -51.091  -30.839  7.073 0.0000000000
41835  -54.628  -31.015  7.974 0.0000000000
41836  -55.024  -30.859  7.205 0.0000000000
41844  -50.660  -30.195  7.386 0.0000000000
41845  -51.053  -30.097  6.686 0.0000000000
41846  -54.832  -30.071  7.216 0.0000000000
41847  -55.386  -30.526  6.511 0.0000000000
41852  -51.755  -30.645  5.745 0.0000000000
41853  -52.105  -30.488  5.054 0.0000000000
41854  -55.751  -30.155  5.743 0.0000000000
41855  -56.317  -30.652  5.183 0.0000000000
41861  -56.612  -30.299  4.472 0.0000000000
41862  -57.428  -30.885  3.503 0.0000000000
41867  -52.876  -30.433  3.558 0.0000000000
41868  -53.129  -30.126  3.009 0.0000000000
41869  -57.006  -30.183  3.756 0.0000000000
41870  -57.507  -30.250  2.962 0.0000000000
41874  -53.435  -29.915  2.134 0.0000000000
41875  -57.976  -30.340  2.029 0.0000000000
41880  -53.681  -30.953  0.803 0.0000000000
41881  -58.245  -30.331  1.121 0.0000000000
41883  -53.847  -30.663  0.213 0.0000000000
41884  -54.193  -30.323  -0.304 0.0000000000
41885  -58.148  -30.146  0.326 0.0000000000
41886  -55.189  -30.260  -0.844 0.0000000000
41887  -56.048  -30.089  -0.787 0.0000000000
41888  -57.250  -30.202  -0.292 0.0000000000
42739  -49.955  -30.099  8.419 0.0000000000
42751  -50.226  -29.655  7.790 0.0000000000
42752  -54.337  -29.482  7.843 0.0000000000
42763  -50.583  -29.404  7.032 0.0000000000
42764  -51.079  -29.307  6.185 0.0000000000
42765  -54.612  -29.164  7.013 0.0000000000
42766  -55.212  -29.658  6.365 0.0000000000
42772  -51.615  -29.727  5.469 0.0000000000
42773  -52.030  -29.693  4.792 0.0000000000
42774  -55.529  -29.274  5.565 0.0000000000
42775  -56.101  -29.778  4.998 0.0000000000
42780  -51.701  -28.971  4.968 0.0000000000
42781  -52.254  -29.026  4.229 0.0000000000
42782  -55.822  -28.912  4.808 0.0000000000
42787  -52.757  -29.607  3.575 0.0000000000
42788  -53.146  -29.236  2.901 0.0000000000
42789  -56.972  -29.512  3.253 0.0000000000
42794  -53.460  -28.919  2.169 0.0000000000
42795  -57.455  -29.433  2.407 0.0000000000
42801  -53.694  -30.129  1.036 0.0000000000
42802  -53.920  -29.228  0.653 0.0000000000
42803  -58.102  -29.598  1.444 0.0000000000
42804  -58.397  -29.568  0.633 0.0000000000
42807  -53.927  -29.971  0.230 0.0000000000
42808  -54.242  -29.515  -0.281 0.0000000000
42809  -58.496  -29.411  0.047 0.0000000000
42810  -54.648  -29.915  -0.787 0.0000000000
42811  -55.205  -29.514  -1.087 0.0000000000
42812  -56.830  -29.388  -0.756 0.0000000000
42813  -57.927  -29.467  -0.311 0.0000000000
42814  -58.501  -28.631  -0.286 0.0000000000
43668  -50.549  -28.558  6.645 0.0000000000
43669  -50.989  -28.425  5.909 0.0000000000
43670  -54.461  -28.332  6.798 0.0000000000
43671  -54.980  -28.789  6.178 0.0000000000
43680  -51.388  -28.291  5.288 0.0000000000
43681  -54.767  -27.989  6.054 0.0000000000
43682  -55.294  -28.314  5.383 0.0000000000
43685  -51.807  -28.184  4.650 0.0000000000
43686  -52.381  -27.845  3.981 0.0000000000
43687  -55.612  -28.175  4.672 0.0000000000
43688  -56.011  -28.468  4.104 0.0000000000
43692  -52.752  -28.627  3.465 0.0000000000
43693  -53.225  -28.327  2.809 0.0000000000
43694  -56.561  -28.678  3.319 0.0000000000
43698  -53.619  -28.056  2.114 0.0000000000
43699  -57.060  -28.570  2.531 0.0000000000
43704  -53.775  -28.611  1.439 0.0000000000
43705  -54.083  -28.388  0.768 0.0000000000
43706  -57.683  -28.719  1.725 0.0000000000
43707  -58.439  -28.917  0.956 0.0000000000
43711  -54.302  -28.661  -0.078 0.0000000000
43712  -58.683  -28.841  0.256 0.0000000000
43713  -54.637  -29.036  -0.884 0.0000000000
43714  -55.305  -28.525  -1.206 0.0000000000
43715  -56.313  -28.554  -1.196 0.0000000000
43716  -57.432  -28.649  -0.800 0.0000000000
43717  -55.909  -27.761  -1.323 0.0000000000
43718  -56.837  -27.830  -1.281 0.0000000000
44579  -51.058  -27.711  5.673 0.0000000000
44580  -54.648  -27.265  6.078 0.0000000000
44589  -51.499  -27.555  5.096 0.0000000000
44590  -55.002  -27.552  5.559 0.0000000000
44591  -55.382  -27.441  4.919 0.0000000000
44595  -51.932  -27.430  4.565 0.0000000000
44596  -55.762  -27.680  4.212 0.0000000000
44597  -56.184  -27.855  3.574 0.0000000000
44602  -52.910  -27.818  3.303 0.0000000000
44603  -53.379  -27.401  2.740 0.0000000000
44604  -56.020  -27.115  3.785 0.0000000000
44608  -53.985  -27.839  1.367 0.0000000000
44609  -54.240  -27.052  1.422 0.0000000000
44610  -56.656  -27.852  2.869 0.0000000000
44611  -57.383  -27.733  2.070 0.0000000000
44615  -54.405  -27.734  0.431 0.0000000000
44616  -58.234  -28.108  1.290 0.0000000000
44617  -58.872  -27.678  0.821 0.0000000000
44621  -54.716  -28.123  -0.677 0.0000000000
44622  -54.883  -27.253  -0.265 0.0000000000
44623  -59.100  -28.011  0.079 0.0000000000
44624  -59.430  -27.193  0.412 0.0000000000
44625  -55.290  -27.583  -1.048 0.0000000000
44626  -55.809  -27.128  -1.262 0.0000000000
44627  -57.917  -27.856  -0.930 0.0000000000
44628  -58.794  -27.648  -0.455 0.0000000000
44629  -59.428  -27.213  -0.143 0.0000000000
44630  -56.427  -27.109  -1.392 0.0000000000
44631  -57.290  -27.099  -1.361 0.0000000000
44632  -58.220  -27.052  -1.073 0.0000000000
45486  -55.010  -26.773  5.489 0.0000000000
45487  -55.482  -26.572  4.801 0.0000000000
45495  -52.322  -26.866  4.254 0.0000000000
45496  -56.017  -26.329  4.131 0.0000000000
45501  -52.853  -26.995  3.504 0.0000000000
45502  -53.381  -26.584  3.033 0.0000000000
45503  -56.489  -26.594  3.390 0.0000000000
45504  -57.125  -26.163  2.901 0.0000000000
45508  -53.808  -26.780  2.318 0.0000000000
45509  -54.265  -26.275  1.978 0.0000000000
45510  -56.864  -27.031  2.731 0.0000000000
45511  -57.662  -26.695  2.219 0.0000000000
45512  -58.584  -26.445  1.798 0.0000000000
45517  -54.679  -26.405  1.173 0.0000000000
45518  -55.115  -26.500  0.299 0.0000000000
45519  -58.276  -27.264  1.553 0.0000000000
45520  -59.831  -26.477  0.924 0.0000000000
45524  -54.627  -26.978  0.594 0.0000000000
45525  -55.548  -26.689  -0.709 0.0000000000
45526  -59.857  -26.646  0.225 0.0000000000
45527  -60.186  -26.131  0.606 0.0000000000
45528  -56.214  -26.524  -1.253 0.0000000000
45529  -58.986  -26.855  -0.665 0.0000000000
45530  -59.565  -26.460  -0.340 0.0000000000
45531  -60.092  -25.976  0.016 0.0000000000
45532  -56.882  -26.405  -1.493 0.0000000000
45533  -57.623  -26.368  -1.422 0.0000000000
45534  -58.385  -26.297  -1.171 0.0000000000
46440  -53.019  -25.473  3.943 0.0000000000
46441  -55.713  -25.819  4.760 0.0000000000
46442  -56.295  -25.487  4.317 0.0000000000
46443  -56.984  -25.085  3.976 0.0000000000
46447  -52.770  -26.159  3.938 0.0000000000
46448  -53.330  -25.869  3.412 0.0000000000
46449  -53.863  -25.277  3.085 0.0000000000
46450  -56.664  -25.800  3.617 0.0000000000
46451  -57.444  -25.407  3.297 0.0000000000
46452  -59.156  -25.186  2.729 0.0000000000
46453  -60.441  -25.041  2.709 0.0000000000
46456  -53.788  -26.050  2.690 0.0000000000
46457  -54.315  -25.505  2.407 0.0000000000
46458  -58.122  -25.750  2.524 0.0000000000
46459  -59.121  -25.831  1.990 0.0000000000
46460  -59.968  -25.534  2.025 0.0000000000
46461  -60.816  -25.206  2.027 0.0000000000
46466  -54.725  -25.719  1.701 0.0000000000
46467  -55.223  -25.787  0.966 0.0000000000
46468  -59.341  -26.366  1.482 0.0000000000
46469  -59.806  -26.022  1.531 0.0000000000
46474  -56.338  -24.844  0.042 0.0000000000
46475  -60.450  -25.485  0.616 0.0000000000
46476  -55.808  -25.748  -0.007 0.0000000000
46477  -56.506  -25.311  -0.717 0.0000000000
46478  -58.496  -25.543  -1.248 0.0000000000
46479  -59.365  -25.484  -0.666 0.0000000000
46480  -56.731  -25.733  -1.348 0.0000000000
46481  -57.329  -25.695  -1.519 0.0000000000
46482  -57.881  -25.754  -1.474 0.0000000000
47308  -62.216  -24.364  5.069 0.0000000000
47309  -62.655  -24.079  5.081 0.0000000000
47329  -61.668  -24.543  4.374 0.0000000000
47330  -62.291  -24.305  4.414 0.0000000000
47337  -53.474  -24.210  4.009 0.0000000000
47338  -53.915  -24.464  3.458 0.0000000000
47339  -57.799  -24.782  3.746 0.0000000000
47340  -58.733  -24.716  3.583 0.0000000000
47341  -59.887  -24.721  3.474 0.0000000000
47342  -61.078  -24.737  3.554 0.0000000000
47343  -61.806  -24.535  3.653 0.0000000000
47348  -54.472  -24.557  2.796 0.0000000000
47349  -55.141  -24.136  2.303 0.0000000000
47350  -61.282  -24.820  2.852 0.0000000000
47351  -61.713  -24.369  2.917 0.0000000000
47357  -54.860  -24.975  2.092 0.0000000000
47358  -55.436  -24.488  1.693 0.0000000000
47359  -56.029  -23.863  1.304 0.0000000000
47360  -61.296  -24.656  2.152 0.0000000000
47361  -61.592  -24.028  2.132 0.0000000000
47365  -55.792  -24.865  0.891 0.0000000000
47366  -56.466  -24.018  0.482 0.0000000000
47367  -60.664  -24.476  0.582 0.0000000000
47368  -56.863  -24.289  -0.628 0.0000000000
47369  -57.492  -24.297  -1.452 0.0000000000
47370  -58.089  -24.011  -1.709 0.0000000000
47371  -59.417  -24.447  -0.716 0.0000000000
47372  -60.104  -25.046  -0.084 0.0000000000
47373  -56.958  -24.965  -1.263 0.0000000000
47374  -57.839  -24.983  -1.594 0.0000000000
48158  -62.821  -23.769  5.555 0.0000000000
48170  -62.535  -23.985  4.452 0.0000000000
48171  -62.779  -23.704  5.177 0.0000000000
48181  -53.925  -23.717  3.751 0.0000000000
48182  -54.383  -23.743  3.320 0.0000000000
48183  -62.175  -24.182  3.649 0.0000000000
48188  -54.890  -23.582  2.808 0.0000000000
48189  -55.488  -23.238  2.304 0.0000000000
48190  -61.813  -23.843  2.813 0.0000000000
48195  -56.007  -23.067  1.662 0.0000000000
48196  -56.428  -23.161  0.916 0.0000000000
48197  -61.217  -24.269  1.436 0.0000000000
48198  -61.437  -23.193  1.956 0.0000000000
48201  -56.790  -23.318  -0.035 0.0000000000
48202  -60.974  -23.535  0.883 0.0000000000
48203  -57.225  -23.362  -1.092 0.0000000000
48204  -57.743  -23.325  -1.613 0.0000000000
48205  -58.782  -23.770  -1.306 0.0000000000
48206  -59.589  -23.560  -0.616 0.0000000000
48207  -60.351  -23.485  0.113 0.0000000000
48208  -58.254  -23.138  -1.639 0.0000000000
49037  -61.791  -22.590  4.747 0.0000000000
49038  -62.787  -23.051  5.336 0.0000000000
49049  -61.483  -22.738  3.933 0.0000000000
49050  -62.377  -23.391  4.560 0.0000000000
49060  -54.093  -22.102  3.981 0.0000000000
49061  -54.741  -22.160  3.291 0.0000000000
49062  -61.256  -22.709  3.045 0.0000000000
49063  -62.018  -23.584  3.558 0.0000000000
49067  -55.184  -22.674  2.777 0.0000000000
49068  -55.756  -22.279  2.069 0.0000000000
49069  -61.188  -22.509  2.186 0.0000000000
49070  -61.566  -23.237  2.662 0.0000000000
49075  -56.241  -22.394  1.237 0.0000000000
49076  -56.512  -22.573  0.396 0.0000000000
49077  -61.167  -22.962  1.236 0.0000000000
49078  -56.803  -22.637  -0.625 0.0000000000
49079  -60.151  -21.705  -0.066 0.0000000000
49080  -60.656  -22.565  0.528 0.0000000000
49081  -57.293  -22.528  -1.365 0.0000000000
49082  -59.058  -22.857  -1.159 0.0000000000
49083  -59.893  -22.657  -0.382 0.0000000000
49084  -57.675  -22.016  -1.572 0.0000000000
49085  -58.424  -22.182  -1.488 0.0000000000
49902  -53.801  -21.118  4.160 0.0000000000
49903  -60.618  -22.068  4.329 0.0000000000
49914  -54.422  -21.313  3.523 0.0000000000
49915  -59.666  -21.548  3.933 0.0000000000
49916  -60.507  -22.091  3.521 0.0000000000
49921  -54.982  -21.303  2.817 0.0000000000
49922  -55.520  -21.406  2.080 0.0000000000
49923  -59.904  -21.526  2.996 0.0000000000
49924  -60.664  -21.982  2.616 0.0000000000
49928  -55.954  -21.730  1.351 0.0000000000
49929  -56.283  -22.005  0.725 0.0000000000
49930  -60.288  -21.294  2.045 0.0000000000
49931  -60.517  -21.378  1.255 0.0000000000
49932  -55.922  -21.627  0.468 0.0000000000
49933  -56.331  -21.985  -0.288 0.0000000000
49934  -59.580  -20.822  -0.452 0.0000000000
49935  -60.571  -21.703  0.694 0.0000000000
49936  -55.770  -21.407  -0.715 0.0000000000
49937  -56.611  -22.015  -1.071 0.0000000000
49938  -58.748  -21.248  -1.208 0.0000000000
49939  -57.031  -21.775  -1.393 0.0000000000
49940  -57.542  -21.431  -1.485 0.0000000000
49941  -58.082  -21.515  -1.511 0.0000000000
50794  -53.754  -20.411  3.835 0.0000000000
50807  -54.001  -20.115  3.196 0.0000000000
50808  -54.551  -20.615  2.931 0.0000000000
50809  -58.407  -20.485  3.707 0.0000000000
50810  -59.311  -21.076  3.237 0.0000000000
50816  -54.238  -20.084  2.045 0.0000000000
50817  -55.063  -20.701  2.035 0.0000000000
50818  -58.776  -20.468  2.914 0.0000000000
50819  -59.559  -20.807  2.388 0.0000000000
50824  -49.658  -20.773  -0.196 0.0000000000
50825  -50.363  -21.093  0.002 0.0000000000
50826  -51.411  -20.898  0.327 0.0000000000
50827  -52.414  -20.885  0.108 0.0000000000
50828  -53.547  -20.481  0.671 0.0000000000
50829  -54.661  -20.723  0.747 0.0000000000
50830  -55.491  -21.167  1.186 0.0000000000
50831  -59.939  -20.515  1.271 0.0000000000
50832  -60.221  -20.941  0.457 0.0000000000
50834  -50.382  -20.935  -0.286 0.0000000000
50835  -50.947  -21.149  -0.265 0.0000000000
50836  -51.670  -21.044  -0.265 0.0000000000
50837  -53.202  -20.836  -0.113 0.0000000000
50838  -53.943  -20.931  0.010 0.0000000000
50839  -55.142  -21.276  -0.016 0.0000000000
50840  -49.831  -20.715  -0.308 0.0000000000
50841  -51.146  -20.902  -0.481 0.0000000000
50842  -52.019  -20.561  -0.516 0.0000000000
50843  -53.200  -20.594  -0.393 0.0000000000
50844  -54.014  -20.732  -0.367 0.0000000000
50845  -54.888  -20.999  -0.582 0.0000000000
50846  -56.268  -20.839  -1.289 0.0000000000
50847  -57.302  -20.105  -1.076 0.0000000000
50848  -58.852  -20.492  -0.902 0.0000000000
50849  -59.255  -19.882  -0.358 0.0000000000
50850  -57.033  -21.075  -1.423 0.0000000000
50851  -58.016  -20.790  -1.340 0.0000000000
51860  -51.803  -19.050  3.297 0.0000000000
51861  -52.709  -19.388  3.387 0.0000000000
51862  -53.402  -19.849  3.684 0.0000000000
51863  -57.469  -19.607  3.618 0.0000000000
51864  -58.058  -20.006  3.211 0.0000000000
51872  -48.165  -19.867  0.421 0.0000000000
51873  -48.799  -19.973  0.982 0.0000000000
51874  -51.276  -19.507  2.266 0.0000000000
51875  -52.762  -19.559  2.245 0.0000000000
51876  -53.487  -19.696  2.771 0.0000000000
51877  -57.709  -19.255  2.669 0.0000000000
51878  -58.420  -19.615  2.271 0.0000000000
51879  -59.166  -20.014  1.814 0.0000000000
51883  -47.827  -19.809  -0.285 0.0000000000
51884  -48.717  -20.417  -0.092 0.0000000000
51885  -51.789  -19.944  1.580 0.0000000000
51886  -52.580  -20.282  1.069 0.0000000000
51887  -53.434  -19.829  1.811 0.0000000000
51888  -58.787  -19.171  1.321 0.0000000000
51889  -59.422  -19.603  0.841 0.0000000000
51891  -48.177  -19.926  -0.306 0.0000000000
51892  -49.157  -20.468  -0.223 0.0000000000
51893  -49.694  -20.357  -0.413 0.0000000000
51894  -50.527  -20.474  -0.502 0.0000000000
51895  -58.943  -18.997  0.528 0.0000000000
51896  -59.342  -19.443  0.184 0.0000000000
51897  -52.873  -20.308  -0.627 0.0000000000
51898  -53.726  -20.257  -0.744 0.0000000000
51899  -54.705  -20.318  -0.903 0.0000000000
51900  -56.322  -19.959  -1.000 0.0000000000
51901  -58.015  -19.187  -0.416 0.0000000000
51902  -58.869  -19.192  -0.151 0.0000000000
52916  -48.719  -18.597  2.527 0.0000000000
52920  -55.817  -17.648  3.443 0.0000000000
52921  -56.354  -18.386  3.515 0.0000000000
52922  -57.056  -18.879  3.086 0.0000000000
52931  -47.537  -19.415  0.369 0.0000000000
52932  -48.301  -19.366  1.423 0.0000000000
52933  -49.158  -19.311  2.053 0.0000000000
52934  -50.044  -19.152  2.541 0.0000000000
52935  -50.934  -18.960  2.943 0.0000000000
52936  -56.793  -18.089  2.573 0.0000000000
52937  -57.429  -18.417  2.214 0.0000000000
52938  -58.090  -18.761  1.776 0.0000000000
52943  -57.636  -18.097  1.425 0.0000000000
52944  -58.369  -18.474  0.984 0.0000000000
52945  -47.487  -19.489  -0.401 0.0000000000
52946  -47.846  -19.510  -0.469 0.0000000000
52947  -50.187  -19.629  -0.349 0.0000000000
52948  -51.212  -19.434  -0.308 0.0000000000
52949  -52.119  -19.160  -0.309 0.0000000000
52950  -52.996  -18.838  -0.295 0.0000000000
52951  -53.934  -18.553  -0.216 0.0000000000
52952  -54.939  -18.332  -0.046 0.0000000000
52953  -55.945  -18.164  0.114 0.0000000000
52954  -58.341  -18.647  0.280 0.0000000000
52955  -51.586  -20.155  -0.576 0.0000000000
52956  -52.509  -19.789  -0.602 0.0000000000
52957  -53.390  -19.577  -0.644 0.0000000000
52958  -54.314  -19.423  -0.692 0.0000000000
52959  -55.305  -19.152  -0.605 0.0000000000
52960  -56.409  -18.915  -0.450 0.0000000000
53919  -47.464  -17.708  2.151 0.0000000000
53922  -56.297  -17.673  2.832 0.0000000000
53931  -47.170  -18.675  0.851 0.0000000000
53932  -47.838  -18.657  1.786 0.0000000000
53933  -55.844  -17.040  2.598 0.0000000000
53934  -56.600  -17.441  2.146 0.0000000000
53935  -57.142  -17.791  1.905 0.0000000000
53942  -46.152  -18.307  -0.912 0.0000000000
53943  -46.868  -19.087  -0.486 0.0000000000
53944  -48.526  -17.652  0.413 0.0000000000
53945  -49.710  -17.715  0.803 0.0000000000
53946  -50.776  -17.687  0.966 0.0000000000
53947  -51.869  -17.667  0.872 0.0000000000
53948  -52.926  -17.395  1.022 0.0000000000
53949  -53.815  -17.133  1.158 0.0000000000
53950  -55.289  -16.912  1.319 0.0000000000
53951  -56.087  -17.154  1.340 0.0000000000
53952  -56.929  -17.528  1.320 0.0000000000
53953  -45.996  -17.914  -1.472 0.0000000000
53954  -46.366  -18.396  -0.906 0.0000000000
53955  -47.762  -18.836  -0.539 0.0000000000
53956  -48.761  -18.740  -0.166 0.0000000000
53957  -49.918  -18.690  0.163 0.0000000000
53958  -50.969  -18.555  0.257 0.0000000000
53959  -52.530  -18.200  0.320 0.0000000000
53960  -53.455  -17.886  0.439 0.0000000000
53961  -54.523  -17.515  0.663 0.0000000000
53962  -55.582  -17.490  0.694 0.0000000000
53963  -56.384  -17.525  0.779 0.0000000000
54843  -53.903  -16.071  5.095 0.0000000000
54844  -54.387  -16.524  4.513 0.0000000000
54845  -54.878  -16.914  3.902 0.0000000000
54852  -54.539  -16.250  3.589 0.0000000000
54853  -55.168  -16.549  3.080 0.0000000000
54859  -46.424  -16.845  1.095 0.0000000000
54860  -51.185  -16.131  2.185 0.0000000000
54861  -52.186  -16.166  2.181 0.0000000000
54862  -53.289  -16.184  2.140 0.0000000000
54863  -54.590  -16.130  2.767 0.0000000000
54864  -55.266  -16.544  2.424 0.0000000000
54873  -45.906  -16.769  0.205 0.0000000000
54874  -46.563  -18.056  0.596 0.0000000000
54875  -47.969  -16.975  0.495 0.0000000000
54876  -48.780  -16.374  1.368 0.0000000000
54877  -50.516  -16.858  1.628 0.0000000000
54878  -51.521  -16.880  1.642 0.0000000000
54879  -52.527  -16.835  1.605 0.0000000000
54880  -54.060  -16.504  1.737 0.0000000000
54881  -54.895  -16.414  1.946 0.0000000000
54882  -55.679  -16.752  1.889 0.0000000000
54883  -56.271  -17.129  1.851 0.0000000000
54884  -45.582  -16.759  -1.460 0.0000000000
54885  -45.675  -17.569  -1.144 0.0000000000
54886  -46.343  -17.854  -1.327 0.0000000000
54887  -47.216  -18.200  -0.738 0.0000000000
54888  -45.859  -17.296  -1.760 0.0000000000
54889  -45.955  -17.334  -1.811 0.0000000000
54890  -45.803  -16.702  -1.803 0.0000000000
55729  -53.577  -15.597  5.744 0.0000000000
55740  -53.523  -15.370  4.782 0.0000000000
55741  -54.037  -15.818  4.157 0.0000000000
55749  -53.044  -14.906  3.195 0.0000000000
55750  -53.554  -15.181  3.775 0.0000000000
55751  -54.136  -15.717  3.375 0.0000000000
55754  -46.361  -15.875  1.263 0.0000000000
55755  -46.819  -15.850  2.155 0.0000000000
55756  -50.259  -16.044  2.119 0.0000000000
55757  -50.833  -15.353  2.483 0.0000000000
55758  -51.789  -15.416  2.551 0.0000000000
55759  -52.770  -15.454  2.627 0.0000000000
55760  -53.732  -15.561  2.832 0.0000000000
55769  -45.942  -15.886  0.489 0.0000000000
55770  -47.408  -15.683  0.001 0.0000000000
55771  -48.165  -15.761  1.026 0.0000000000
55772  -49.098  -15.381  1.871 0.0000000000
55773  -45.414  -15.753  -0.977 0.0000000000
55774  -45.577  -16.399  -0.478 0.0000000000
55775  -46.637  -16.695  -1.101 0.0000000000
55776  -47.316  -16.911  -0.321 0.0000000000
55777  -45.663  -16.049  -1.603 0.0000000000
55778  -45.924  -16.716  -1.921 0.0000000000
55779  -46.181  -16.309  -1.766 0.0000000000
55780  -45.898  -16.060  -1.823 0.0000000000
56653  -53.502  -14.974  6.507 0.0000000000
56665  -52.778  -14.069  5.214 0.0000000000
56666  -53.191  -14.830  5.495 0.0000000000
56675  -52.655  -14.026  4.280 0.0000000000
56676  -53.111  -14.663  4.529 0.0000000000
56683  -51.800  -14.063  3.216 0.0000000000
56684  -52.511  -14.302  3.544 0.0000000000
56685  -53.028  -14.579  3.822 0.0000000000
56689  -46.673  -14.972  2.064 0.0000000000
56690  -49.534  -14.378  2.266 0.0000000000
56691  -50.474  -14.579  2.603 0.0000000000
56692  -51.378  -14.672  2.784 0.0000000000
56693  -52.269  -14.761  2.955 0.0000000000
56702  -46.255  -15.056  1.095 0.0000000000
56703  -48.022  -14.512  0.895 0.0000000000
56704  -48.718  -14.702  1.657 0.0000000000
56709  -45.528  -14.547  -0.685 0.0000000000
56710  -45.696  -15.319  0.041 0.0000000000
56711  -47.361  -14.774  -0.319 0.0000000000
56712  -46.031  -15.753  -1.846 0.0000000000
56713  -46.586  -15.162  -1.362 0.0000000000
56714  -45.783  -15.287  -1.668 0.0000000000
56715  -45.938  -15.273  -1.782 0.0000000000
56716  -46.245  -14.451  -1.675 0.0000000000
57548  -53.752  -13.696  7.254 0.0000000000
57567  -52.873  -12.827  6.111 0.0000000000
57568  -53.216  -13.399  6.556 0.0000000000
57584  -52.732  -13.419  5.754 0.0000000000
57585  -53.042  -14.187  6.089 0.0000000000
57595  -52.347  -13.237  4.848 0.0000000000
57602  -51.347  -13.328  3.271 0.0000000000
57603  -52.092  -13.452  3.829 0.0000000000
57609  -46.688  -13.188  2.590 0.0000000000
57610  -46.840  -14.079  2.766 0.0000000000
57611  -49.695  -13.262  2.342 0.0000000000
57612  -50.589  -13.260  2.814 0.0000000000
57613  -50.984  -13.955  2.880 0.0000000000
57619  -46.393  -13.240  1.385 0.0000000000
57620  -48.546  -13.050  1.054 0.0000000000
57621  -48.810  -13.715  1.664 0.0000000000
57628  -45.495  -13.546  -1.109 0.0000000000
57629  -45.809  -13.298  0.045 0.0000000000
57630  -47.185  -14.145  -1.006 0.0000000000
57631  -47.887  -13.747  0.228 0.0000000000
57632  -47.801  -13.348  -0.739 0.0000000000
57633  -45.732  -13.649  -1.539 0.0000000000
57634  -45.952  -13.666  -1.736 0.0000000000
57635  -47.122  -13.526  -1.333 0.0000000000
57636  -47.927  -13.003  -1.182 0.0000000000
58557  -53.664  -12.977  7.138 0.0000000000
58572  -53.393  -12.401  6.568 0.0000000000
58573  -54.057  -12.346  7.258 0.0000000000
58589  -52.525  -12.628  5.520 0.0000000000
58590  -52.883  -12.228  5.952 0.0000000000
58602  -51.733  -12.020  4.119 0.0000000000
58603  -52.138  -12.283  4.822 0.0000000000
58608  -50.945  -12.620  3.165 0.0000000000
58609  -51.565  -12.671  3.692 0.0000000000
58610  -51.966  -12.721  4.251 0.0000000000
58617  -49.643  -12.390  2.117 0.0000000000
58618  -50.302  -12.535  2.636 0.0000000000
58622  -46.284  -12.356  0.975 0.0000000000
58623  -49.221  -12.391  1.406 0.0000000000
58630  -45.588  -12.802  -0.642 0.0000000000
58631  -45.863  -12.421  0.036 0.0000000000
58632  -48.237  -13.041  0.081 0.0000000000
58633  -48.858  -12.478  0.508 0.0000000000
58634  -45.598  -12.706  -1.247 0.0000000000
58635  -50.092  -12.112  -1.225 0.0000000000
58636  -51.165  -12.219  -1.647 0.0000000000
58637  -51.792  -12.513  -1.932 0.0000000000
58638  -45.864  -12.890  -1.536 0.0000000000
58639  -46.381  -12.880  -1.603 0.0000000000
58640  -47.333  -12.803  -1.459 0.0000000000
58641  -48.457  -12.431  -1.261 0.0000000000
58642  -49.618  -12.111  -1.223 0.0000000000
58643  -50.952  -12.149  -1.820 0.0000000000
58644  -52.054  -12.532  -2.264 0.0000000000
58645  -52.446  -12.470  -2.386 0.0000000000
58646  -51.830  -12.413  -2.312 0.0000000000
58647  -52.420  -12.430  -2.480 0.0000000000
59517  -54.256  -10.913  6.233 0.0000000000
59518  -54.027  -11.574  6.686 0.0000000000
59533  -52.588  -11.748  5.344 0.0000000000
59534  -53.315  -11.570  5.989 0.0000000000
59548  -51.577  -11.314  3.767 0.0000000000
59549  -52.138  -11.421  4.529 0.0000000000
59556  -51.214  -11.936  3.475 0.0000000000
59562  -50.221  -11.707  2.385 0.0000000000
59563  -50.928  -11.245  3.022 0.0000000000
59570  -49.704  -11.872  1.745 0.0000000000
59571  -50.111  -11.248  1.611 0.0000000000
59578  -45.749  -11.378  -0.503 0.0000000000
59579  -46.035  -11.603  0.411 0.0000000000
59580  -49.475  -11.843  1.017 0.0000000000
59581  -50.051  -11.447  0.485 0.0000000000
59582  -50.859  -11.175  -0.054 0.0000000000
59587  -45.598  -11.901  -1.071 0.0000000000
59588  -49.499  -12.088  -0.162 0.0000000000
59589  -50.456  -11.940  -0.736 0.0000000000
59590  -51.339  -11.987  -1.152 0.0000000000
59591  -52.125  -12.078  -1.450 0.0000000000
59592  -52.957  -12.136  -1.770 0.0000000000
59593  -45.802  -12.047  -1.334 0.0000000000
59594  -46.201  -12.114  -1.564 0.0000000000
59595  -46.978  -12.121  -1.630 0.0000000000
59596  -47.993  -11.991  -1.512 0.0000000000
59597  -49.046  -11.857  -1.426 0.0000000000
59598  -50.150  -11.787  -1.608 0.0000000000
59599  -53.321  -12.467  -2.718 0.0000000000
59600  -54.169  -12.414  -2.846 0.0000000000
59601  -55.118  -12.193  -2.978 0.0000000000
59602  -51.053  -11.941  -2.160 0.0000000000
59603  -51.740  -11.952  -2.542 0.0000000000
59604  -52.483  -12.261  -2.797 0.0000000000
59605  -53.126  -12.472  -2.896 0.0000000000
59606  -54.497  -12.298  -3.255 0.0000000000
59607  -55.447  -12.070  -3.592 0.0000000000
59608  -56.229  -11.923  -3.956 0.0000000000
59609  -53.227  -12.109  -3.275 0.0000000000
59610  -53.908  -12.378  -3.243 0.0000000000
59611  -54.871  -12.048  -3.532 0.0000000000
59612  -55.970  -11.964  -3.853 0.0000000000
59613  -56.554  -11.704  -4.005 0.0000000000
60469  -52.981  -11.046  5.283 0.0000000000
60470  -53.689  -10.892  5.716 0.0000000000
60471  -54.371  -10.355  5.570 0.0000000000
60486  -51.971  -10.813  4.028 0.0000000000
60487  -52.572  -10.667  4.542 0.0000000000
60488  -53.491  -10.334  4.928 0.0000000000
60489  -54.208  -9.888  4.892 0.0000000000
60498  -51.564  -10.613  3.399 0.0000000000
60499  -52.224  -10.211  3.764 0.0000000000
60505  -50.537  -10.994  2.340 0.0000000000
60506  -51.119  -10.414  2.561 0.0000000000
60515  -50.611  -10.618  1.890 0.0000000000
60516  -51.112  -10.139  1.625 0.0000000000
60521  -50.601  -10.695  1.037 0.0000000000
60522  -51.761  -11.140  -0.447 0.0000000000
60523  -52.865  -9.977  0.133 0.0000000000
60529  -45.727  -11.266  -1.079 0.0000000000
60530  -52.703  -11.062  -0.704 0.0000000000
60531  -54.141  -10.966  -1.209 0.0000000000
60532  -55.053  -10.527  -1.219 0.0000000000
60533  -46.089  -11.201  -1.378 0.0000000000
60534  -46.871  -10.551  -1.572 0.0000000000
60535  -47.944  -10.414  -1.600 0.0000000000
60536  -48.904  -10.250  -1.628 0.0000000000
60537  -49.478  -11.129  -1.667 0.0000000000
60538  -50.429  -11.112  -1.985 0.0000000000
60539  -53.772  -11.978  -2.010 0.0000000000
60540  -54.654  -11.664  -2.087 0.0000000000
60541  -57.211  -10.779  -2.769 0.0000000000
60542  -58.073  -10.147  -2.021 0.0000000000
60543  -58.443  -10.153  -3.242 0.0000000000
60544  -51.308  -11.120  -2.377 0.0000000000
60545  -52.151  -11.234  -2.711 0.0000000000
60546  -53.194  -11.034  -3.310 0.0000000000
60547  -53.592  -10.485  -3.309 0.0000000000
60548  -57.019  -11.365  -3.813 0.0000000000
60549  -57.968  -10.578  -3.087 0.0000000000
60550  -53.934  -11.608  -3.601 0.0000000000
60551  -55.391  -11.565  -3.828 0.0000000000
60552  -56.451  -11.300  -4.142 0.0000000000
60553  -57.092  -11.136  -4.206 0.0000000000
60554  -57.786  -10.680  -3.850 0.0000000000
61385  -54.934  -9.818  5.138 0.0000000000
61400  -52.935  -9.872  4.160 0.0000000000
61401  -53.749  -9.675  4.342 0.0000000000
61402  -54.626  -9.534  4.324 0.0000000000
61403  -55.574  -9.563  4.647 0.0000000000
61412  -51.841  -9.898  3.020 0.0000000000
61413  -52.588  -9.613  3.373 0.0000000000
61414  -53.462  -9.378  3.589 0.0000000000
61415  -54.456  -9.199  3.436 0.0000000000
61416  -55.547  -9.340  3.773 0.0000000000
61417  -56.436  -9.316  3.651 0.0000000000
61418  -56.996  -9.281  3.180 0.0000000000
61425  -51.654  -9.719  2.176 0.0000000000
61426  -52.376  -9.415  2.552 0.0000000000
61427  -53.749  -9.003  2.757 0.0000000000
61428  -54.625  -8.908  2.525 0.0000000000
61429  -55.573  -8.961  2.310 0.0000000000
61430  -57.675  -9.206  2.595 0.0000000000
61436  -51.704  -9.787  1.380 0.0000000000
61437  -52.296  -9.413  1.647 0.0000000000
61438  -53.129  -9.009  1.999 0.0000000000
61439  -54.819  -8.853  1.521 0.0000000000
61440  -55.927  -8.964  1.445 0.0000000000
61441  -56.943  -9.265  1.325 0.0000000000
61442  -57.971  -9.445  1.060 0.0000000000
61443  -58.804  -9.276  1.015 0.0000000000
61448  -52.215  -9.778  0.794 0.0000000000
61449  -53.676  -9.551  0.307 0.0000000000
61450  -54.566  -9.197  0.516 0.0000000000
61451  -57.132  -9.342  0.564 0.0000000000
61452  -57.763  -9.493  0.190 0.0000000000
61453  -58.570  -9.422  0.260 0.0000000000
61459  -54.380  -9.880  -0.392 0.0000000000
61460  -56.090  -10.151  -1.283 0.0000000000
61461  -56.819  -9.492  -0.363 0.0000000000
61462  -58.097  -9.695  -0.774 0.0000000000
61463  -58.833  -9.323  -0.560 0.0000000000
61465  -46.587  -9.569  -1.610 0.0000000000
61466  -47.544  -9.545  -1.688 0.0000000000
61467  -49.255  -9.086  -1.777 0.0000000000
61468  -49.899  -10.123  -1.739 0.0000000000
61469  -52.223  -9.625  -2.326 0.0000000000
61470  -52.770  -9.762  -2.556 0.0000000000
61471  -56.455  -10.786  -2.230 0.0000000000
61472  -57.174  -10.115  -1.561 0.0000000000
61473  -58.817  -9.566  -2.526 0.0000000000
61474  -51.824  -10.224  -2.450 0.0000000000
61475  -52.626  -10.428  -2.775 0.0000000000
61476  -54.881  -9.781  -3.265 0.0000000000
61477  -55.826  -9.477  -3.508 0.0000000000
61478  -58.686  -9.642  -3.486 0.0000000000
61479  -54.504  -10.819  -3.643 0.0000000000
61480  -55.642  -10.649  -3.811 0.0000000000
61481  -56.715  -9.977  -4.335 0.0000000000
61482  -57.640  -10.295  -4.307 0.0000000000
61483  -57.538  -9.470  -4.582 0.0000000000
62316  -56.975  -9.252  3.932 0.0000000000
62325  -57.630  -8.907  3.428 0.0000000000
62326  -58.555  -8.023  3.074 0.0000000000
62334  -53.998  -8.851  1.993 0.0000000000
62335  -58.420  -9.166  1.852 0.0000000000
62336  -58.875  -8.518  2.163 0.0000000000
62345  -59.134  -8.878  1.335 0.0000000000
62346  -59.561  -8.357  0.968 0.0000000000
62357  -51.164  -8.395  -1.222 0.0000000000
62358  -51.837  -8.403  -1.182 0.0000000000
62359  -52.400  -8.541  -1.434 0.0000000000
62360  -53.098  -8.670  -1.679 0.0000000000
62361  -59.113  -8.944  -0.359 0.0000000000
62362  -59.171  -9.001  0.442 0.0000000000
62366  -47.241  -8.684  -1.909 0.0000000000
62367  -48.325  -8.532  -1.966 0.0000000000
62368  -49.619  -8.321  -1.755 0.0000000000
62369  -50.398  -8.473  -1.526 0.0000000000
62370  -51.831  -8.962  -1.797 0.0000000000
62371  -52.561  -9.231  -2.104 0.0000000000
62372  -53.927  -8.638  -1.809 0.0000000000
62373  -54.881  -8.342  -1.938 0.0000000000
62374  -58.930  -8.731  -2.023 0.0000000000
62375  -46.976  -8.009  -2.183 0.0000000000
62376  -47.863  -7.702  -2.302 0.0000000000
62377  -48.695  -7.503  -2.216 0.0000000000
62378  -49.206  -7.567  -2.017 0.0000000000
62379  -53.345  -9.511  -2.555 0.0000000000
62380  -54.330  -9.187  -2.533 0.0000000000
62381  -55.250  -8.884  -2.652 0.0000000000
62382  -55.976  -8.486  -2.915 0.0000000000
62383  -58.834  -8.840  -3.353 0.0000000000
62384  -56.564  -8.804  -3.945 0.0000000000
62385  -58.574  -9.282  -4.161 0.0000000000
62386  -57.211  -8.706  -4.657 0.0000000000
62387  -57.702  -8.401  -4.898 0.0000000000
62388  -58.181  -8.693  -4.784 0.0000000000
63216  -59.196  -7.494  2.251 0.0000000000
63224  -48.969  -7.155  1.403 0.0000000000
63225  -49.749  -7.115  1.509 0.0000000000
63226  -50.281  -7.264  1.260 0.0000000000
63227  -59.344  -8.221  1.610 0.0000000000
63228  -59.662  -7.573  1.361 0.0000000000
63234  -48.869  -7.356  0.243 0.0000000000
63235  -49.713  -7.492  0.767 0.0000000000
63236  -50.572  -7.588  0.650 0.0000000000
63237  -51.359  -7.596  0.478 0.0000000000
63238  -52.084  -7.560  0.267 0.0000000000
63239  -52.764  -7.424  0.110 0.0000000000
63240  -59.788  -7.671  0.810 0.0000000000
63244  -48.999  -7.223  -0.909 0.0000000000
63245  -49.662  -7.613  -0.995 0.0000000000
63246  -50.893  -7.954  -0.262 0.0000000000
63247  -51.613  -8.004  -0.442 0.0000000000
63248  -52.286  -8.003  -0.592 0.0000000000
63249  -53.072  -7.909  -0.737 0.0000000000
63250  -53.888  -7.283  -0.486 0.0000000000
63251  -59.073  -8.322  -0.770 0.0000000000
63252  -59.463  -8.222  0.273 0.0000000000
63260  -49.141  -7.263  -1.742 0.0000000000
63261  -49.701  -7.861  -1.555 0.0000000000
63262  -50.362  -8.026  -1.021 0.0000000000
63263  -53.672  -8.043  -1.166 0.0000000000
63264  -54.554  -7.528  -1.200 0.0000000000
63265  -55.504  -7.339  -1.874 0.0000000000
63266  -58.708  -7.779  -1.528 0.0000000000
63268  -47.201  -7.036  -2.530 0.0000000000
63269  -48.283  -6.706  -2.331 0.0000000000
63270  -48.920  -6.969  -2.133 0.0000000000
63271  -55.936  -7.757  -2.524 0.0000000000
63272  -56.410  -7.845  -3.345 0.0000000000
63273  -58.650  -7.886  -2.654 0.0000000000
63274  -56.918  -7.849  -4.557 0.0000000000
63275  -58.716  -7.837  -3.958 0.0000000000
63276  -57.468  -7.699  -5.069 0.0000000000
63277  -57.999  -7.723  -5.243 0.0000000000
63278  -58.416  -7.749  -4.791 0.0000000000
64138  -49.922  -6.020  2.262 0.0000000000
64140  -59.301  -6.507  2.494 0.0000000000
64145  -49.468  -6.666  2.034 0.0000000000
64146  -50.315  -6.651  1.745 0.0000000000
64147  -51.029  -7.101  1.253 0.0000000000
64148  -51.615  -6.437  1.305 0.0000000000
64149  -59.618  -6.691  1.755 0.0000000000
64161  -51.837  -7.089  0.901 0.0000000000
64162  -52.296  -6.431  0.930 0.0000000000
64163  -53.028  -6.551  0.508 0.0000000000
64164  -60.058  -6.798  0.957 0.0000000000
64175  -48.218  -6.721  -0.687 0.0000000000
64176  -53.777  -6.444  0.028 0.0000000000
64177  -54.452  -6.465  -0.575 0.0000000000
64178  -58.766  -7.058  -0.813 0.0000000000
64179  -59.558  -6.689  -0.175 0.0000000000
64187  -48.101  -5.997  -1.778 0.0000000000
64188  -48.591  -6.595  -1.872 0.0000000000
64189  -55.135  -6.444  -1.307 0.0000000000
64190  -55.692  -6.398  -2.148 0.0000000000
64191  -57.966  -6.053  -2.550 0.0000000000
64192  -58.308  -6.032  -1.343 0.0000000000
64196  -47.989  -5.934  -2.264 0.0000000000
64197  -56.103  -7.091  -2.704 0.0000000000
64198  -56.553  -6.928  -4.108 0.0000000000
64199  -58.368  -6.968  -3.317 0.0000000000
64200  -57.120  -6.928  -5.252 0.0000000000
64201  -58.208  -6.128  -4.196 0.0000000000
64202  -58.433  -6.947  -4.642 0.0000000000
64203  -57.664  -6.869  -5.449 0.0000000000
64204  -58.106  -6.876  -5.294 0.0000000000
64205  -57.777  -6.091  -5.716 0.0000000000
65132  -49.594  -5.286  2.470 0.0000000000
65133  -50.249  -5.379  2.188 0.0000000000
65134  -59.572  -5.906  2.165 0.0000000000
65148  -50.640  -5.884  1.942 0.0000000000
65149  -51.329  -5.727  1.583 0.0000000000
65150  -52.026  -5.715  1.199 0.0000000000
65151  -59.984  -5.867  1.413 0.0000000000
65152  -60.464  -5.009  0.935 0.0000000000
65164  -52.697  -5.709  0.794 0.0000000000
65165  -53.405  -5.623  0.333 0.0000000000
65166  -60.147  -6.297  0.264 0.0000000000
65167  -60.585  -5.345  0.117 0.0000000000
65178  -54.117  -5.580  -0.262 0.0000000000
65179  -54.778  -5.612  -0.963 0.0000000000
65180  -59.972  -5.725  -0.278 0.0000000000
65187  -55.357  -5.649  -1.788 0.0000000000
65188  -55.801  -5.750  -2.822 0.0000000000
65189  -57.697  -5.035  -1.916 0.0000000000
65197  -56.279  -5.963  -4.150 0.0000000000
65198  -57.673  -5.315  -3.417 0.0000000000
65200  -56.560  -5.294  -5.659 0.0000000000
65201  -56.820  -6.205  -5.481 0.0000000000
65202  -58.042  -5.439  -5.049 0.0000000000
65203  -57.210  -4.868  -6.048 0.0000000000
65204  -57.356  -5.618  -6.013 0.0000000000
65205  -57.787  -5.523  -5.755 0.0000000000
66094  -49.365  -4.478  2.548 0.0000000000
66095  -50.141  -4.615  2.175 0.0000000000
66096  -59.920  -4.907  2.108 0.0000000000
66097  -60.511  -3.755  2.424 0.0000000000
66102  -50.842  -5.032  1.845 0.0000000000
66103  -51.674  -4.890  1.318 0.0000000000
66104  -60.674  -3.795  1.461 0.0000000000
66109  -51.638  -3.966  0.986 0.0000000000
66110  -52.263  -4.441  0.765 0.0000000000
66111  -52.890  -4.912  0.549 0.0000000000
66112  -60.885  -3.959  0.350 0.0000000000
66117  -53.600  -4.640  -0.131 0.0000000000
66118  -54.390  -4.833  -0.797 0.0000000000
66119  -58.893  -4.964  -0.840 0.0000000000
66120  -60.132  -3.772  -0.870 0.0000000000
66121  -60.404  -4.621  -0.400 0.0000000000
66127  -54.991  -4.927  -1.557 0.0000000000
66128  -55.466  -5.043  -2.536 0.0000000000
66129  -57.523  -4.174  -2.160 0.0000000000
66130  -58.042  -4.175  -1.512 0.0000000000
66131  -59.137  -3.825  -1.204 0.0000000000
66137  -55.097  -4.270  -2.365 0.0000000000
66138  -55.514  -4.640  -3.432 0.0000000000
66139  -57.431  -4.482  -3.081 0.0000000000
66143  -55.816  -4.692  -5.002 0.0000000000
66144  -57.214  -4.284  -5.917 0.0000000000
66145  -57.618  -4.980  -5.722 0.0000000000
66146  -56.483  -4.446  -6.075 0.0000000000
66147  -57.532  -5.289  -6.007 0.0000000000
66973  -62.492  -1.712  4.168 0.0000000000
66991  -61.533  -2.491  3.299 0.0000000000
66992  -62.078  -1.521  3.585 0.0000000000
66998  -49.734  -3.865  2.217 0.0000000000
66999  -61.184  -2.587  1.985 0.0000000000
67005  -49.895  -3.349  1.842 0.0000000000
67006  -50.402  -3.855  1.759 0.0000000000
67007  -51.041  -4.271  1.515 0.0000000000
67008  -61.181  -2.638  1.023 0.0000000000
67011  -50.967  -3.472  1.166 0.0000000000
67012  -52.171  -3.719  0.488 0.0000000000
67013  -52.833  -4.040  0.248 0.0000000000
67014  -61.148  -2.696  0.185 0.0000000000
67015  -51.588  -3.085  0.464 0.0000000000
67016  -52.454  -3.147  -0.142 0.0000000000
67017  -53.315  -3.627  -0.476 0.0000000000
67018  -54.076  -4.026  -0.884 0.0000000000
67019  -60.705  -2.845  -0.916 0.0000000000
67024  -53.784  -3.258  -1.269 0.0000000000
67025  -54.476  -3.695  -1.718 0.0000000000
67026  -57.703  -3.452  -1.978 0.0000000000
67027  -58.682  -3.220  -1.605 0.0000000000
67028  -59.970  -2.865  -1.397 0.0000000000
67029  -60.595  -2.212  -1.191 0.0000000000
67034  -54.799  -3.524  -2.822 0.0000000000
67035  -55.347  -4.065  -3.829 0.0000000000
67036  -56.942  -2.688  -3.302 0.0000000000
67037  -57.211  -3.614  -3.009 0.0000000000
67041  -55.095  -3.432  -4.280 0.0000000000
67042  -55.678  -4.062  -5.519 0.0000000000
67043  -57.020  -3.583  -4.837 0.0000000000
67044  -57.408  -4.229  -4.727 0.0000000000
67045  -55.484  -3.378  -5.787 0.0000000000
67046  -56.297  -3.676  -6.219 0.0000000000
67047  -56.679  -3.590  -5.999 0.0000000000
67048  -56.163  -3.039  -6.390 0.0000000000
67784  -60.816  -1.836  4.769 0.0000000000
67785  -61.911  -1.531  4.766 0.0000000000
67799  -60.640  -1.522  3.933 0.0000000000
67800  -61.713  -1.253  4.022 0.0000000000
67801  -62.326  -1.426  4.141 0.0000000000
67818  -60.045  -1.576  3.244 0.0000000000
67819  -61.618  -1.765  2.795 0.0000000000
67827  -49.309  -3.141  2.210 0.0000000000
67835  -61.777  -1.271  3.332 0.0000000000
67840  -49.183  -2.236  1.646 0.0000000000
67841  -49.747  -2.818  1.665 0.0000000000
67842  -50.323  -3.051  1.425 0.0000000000
67848  -61.343  -1.773  1.838 0.0000000000
67853  -49.994  -2.352  1.113 0.0000000000
67854  -50.741  -2.661  0.750 0.0000000000
67855  -61.068  -1.971  -0.004 0.0000000000
67856  -51.625  -1.950  -0.618 0.0000000000
67857  -52.305  -2.343  -0.756 0.0000000000
67858  -53.025  -2.795  -0.955 0.0000000000
67859  -60.892  -2.084  -0.706 0.0000000000
67860  -52.073  -1.726  -1.217 0.0000000000
67861  -52.780  -2.091  -1.479 0.0000000000
67862  -53.514  -2.531  -1.749 0.0000000000
67863  -54.224  -2.995  -2.111 0.0000000000
67864  -58.360  -2.559  -2.088 0.0000000000
67865  -59.373  -2.250  -1.834 0.0000000000
67866  -60.146  -1.832  -1.519 0.0000000000
67867  -54.177  -2.144  -3.383 0.0000000000
67868  -54.515  -2.848  -3.180 0.0000000000
67869  -57.977  -1.786  -2.565 0.0000000000
67870  -59.027  -1.740  -2.205 0.0000000000
67871  -59.631  -1.368  -1.924 0.0000000000
67872  -54.472  -2.016  -4.685 0.0000000000
67873  -54.772  -2.783  -4.579 0.0000000000
67874  -56.604  -2.699  -4.752 0.0000000000
67875  -56.946  -1.677  -3.473 0.0000000000
67876  -55.204  -2.712  -6.029 0.0000000000
67877  -55.879  -3.112  -6.444 0.0000000000
67878  -56.408  -2.595  -5.868 0.0000000000
67879  -55.373  -2.352  -6.506 0.0000000000
67880  -55.849  -2.676  -6.544 0.0000000000
68654  -61.622  -1.218  3.523 0.0000000000
68655  -61.969  -1.209  3.563 0.0000000000
68666  -61.167  -1.220  3.215 0.0000000000
68667  -61.750  -1.255  3.331 0.0000000000
68682  -60.046  -1.379  1.596 0.0000000000
68683  -60.651  -1.329  2.501 0.0000000000
68684  -61.413  -1.427  2.821 0.0000000000
68690  -48.761  -1.372  1.173 0.0000000000
68696  -59.429  -1.366  0.710 0.0000000000
68701  -49.121  -0.993  0.327 0.0000000000
68702  -49.528  -1.655  0.772 0.0000000000
68708  -58.691  -1.231  0.084 0.0000000000
68709  -60.281  -1.333  0.098 0.0000000000
68710  -60.821  -1.591  0.509 0.0000000000
68713  -50.230  -1.168  -0.431 0.0000000000
68714  -50.917  -1.587  -0.481 0.0000000000
68718  -58.227  -0.928  -0.534 0.0000000000
68719  -59.297  -0.824  -0.710 0.0000000000
68720  -60.149  -1.088  -0.803 0.0000000000
68721  -60.678  -1.577  -0.345 0.0000000000
68722  -51.227  -0.767  -1.621 0.0000000000
68723  -52.453  -1.462  -1.903 0.0000000000
68724  -53.349  -1.832  -2.407 0.0000000000
68725  -59.942  -1.172  -1.456 0.0000000000
68726  -60.505  -1.590  -1.039 0.0000000000
68727  -51.969  -0.862  -2.163 0.0000000000
68728  -52.789  -1.067  -2.667 0.0000000000
68729  -58.301  -0.551  -3.015 0.0000000000
68730  -59.122  -0.996  -2.401 0.0000000000
68731  -53.671  -1.369  -3.549 0.0000000000
68732  -56.864  -0.799  -3.857 0.0000000000
68733  -54.144  -1.309  -4.725 0.0000000000
68734  -54.673  -1.886  -6.074 0.0000000000
68735  -56.280  -1.469  -5.316 0.0000000000
68736  -55.174  -1.875  -6.769 0.0000000000
68737  -55.521  -1.583  -6.627 0.0000000000
68738  -56.040  -2.264  -6.385 0.0000000000
68739  -55.087  -1.287  -7.028 0.0000000000
69619  -48.389  -0.660  0.698 0.0000000000
69625  -48.737  -0.381  -0.146 0.0000000000
69626  -49.542  -0.681  -0.462 0.0000000000
69631  -57.857  -0.534  -1.130 0.0000000000
69632  -58.908  -0.482  -1.344 0.0000000000
69633  -59.579  -0.751  -1.479 0.0000000000
69634  -49.749  -0.260  -1.203 0.0000000000
69635  -50.450  -0.471  -1.430 0.0000000000
69638  -56.273  -0.183  -1.556 0.0000000000
69639  -57.506  -0.042  -1.698 0.0000000000
69640  -59.157  -0.304  -2.024 0.0000000000
69641  -50.791  0.240  -2.446 0.0000000000
69642  -51.397  -0.282  -2.336 0.0000000000
69643  -52.226  -0.333  -2.935 0.0000000000
69644  -58.547  0.220  -3.044 0.0000000000
69645  -58.909  -0.332  -2.441 0.0000000000
69646  -59.469  -0.754  -1.982 0.0000000000
69647  -52.103  0.379  -3.555 0.0000000000
69648  -52.866  -0.143  -3.781 0.0000000000
69649  -53.554  -0.709  -4.165 0.0000000000
69650  -56.755  -0.092  -4.481 0.0000000000
69651  -58.000  0.340  -3.642 0.0000000000
69652  -53.394  -0.168  -4.594 0.0000000000
69653  -53.999  -0.812  -5.474 0.0000000000
69654  -54.145  -0.371  -7.150 0.0000000000
69655  -54.583  -1.116  -6.761 0.0000000000
69656  -55.745  -0.494  -6.187 0.0000000000
69657  -56.006  -1.087  -5.831 0.0000000000
69658  -54.226  -0.116  -7.440 0.0000000000
69659  -54.707  -0.549  -7.204 0.0000000000
69660  -55.262  -0.759  -6.934 0.0000000000
70461  -48.357  0.263  -0.566 0.0000000000
70462  -49.053  -0.063  -0.873 0.0000000000
70465  -47.976  0.866  -1.168 0.0000000000
70466  -48.712  0.916  -1.907 0.0000000000
70467  -49.309  0.336  -1.542 0.0000000000
70468  -50.139  0.157  -1.897 0.0000000000
70470  -54.813  0.463  -1.825 0.0000000000
70471  -55.862  0.367  -2.089 0.0000000000
70472  -57.165  0.474  -2.284 0.0000000000
70473  -58.704  0.067  -2.534 0.0000000000
70474  -49.545  0.700  -2.275 0.0000000000
70475  -50.214  0.591  -2.542 0.0000000000
70476  -54.384  1.098  -2.160 0.0000000000
70477  -55.387  0.949  -2.524 0.0000000000
70478  -56.663  1.018  -2.811 0.0000000000
70479  -57.986  0.987  -3.153 0.0000000000
70480  -50.702  0.808  -3.103 0.0000000000
70481  -51.395  0.744  -3.477 0.0000000000
70482  -58.139  0.823  -3.601 0.0000000000
70483  -51.817  0.994  -4.080 0.0000000000
70484  -52.768  0.518  -4.492 0.0000000000
70485  -53.521  0.060  -5.488 0.0000000000
70486  -57.265  0.934  -4.597 0.0000000000
70487  -57.921  0.845  -4.141 0.0000000000
70488  -53.039  0.823  -5.600 0.0000000000
70489  -53.577  0.227  -6.671 0.0000000000
70490  -55.581  0.137  -6.419 0.0000000000
70491  -56.352  0.817  -5.440 0.0000000000
70492  -53.884  0.195  -7.474 0.0000000000
70493  -54.490  0.015  -7.455 0.0000000000
70494  -55.071  0.174  -7.134 0.0000000000
70495  -54.101  0.318  -7.673 0.0000000000
71323  -47.435  1.525  -1.513 0.0000000000
71324  -48.031  1.318  -1.870 0.0000000000
71327  -47.622  1.725  -2.327 0.0000000000
71328  -48.344  1.471  -2.541 0.0000000000
71329  -49.097  1.244  -2.733 0.0000000000
71330  -49.871  1.060  -2.958 0.0000000000
71331  -53.950  1.768  -2.491 0.0000000000
71332  -54.891  1.587  -2.885 0.0000000000
71333  -56.042  1.545  -3.253 0.0000000000
71334  -57.307  1.560  -3.590 0.0000000000
71335  -57.941  1.318  -3.840 0.0000000000
71336  -47.912  1.937  -3.108 0.0000000000
71337  -48.664  1.730  -3.284 0.0000000000
71338  -49.432  1.577  -3.448 0.0000000000
71339  -50.220  1.422  -3.606 0.0000000000
71340  -51.007  1.264  -3.809 0.0000000000
71341  -55.477  2.172  -3.591 0.0000000000
71342  -56.656  2.162  -3.899 0.0000000000
71343  -57.405  1.792  -4.242 0.0000000000
71344  -57.873  1.259  -4.148 0.0000000000
71345  -49.760  1.952  -4.101 0.0000000000
71346  -50.575  1.824  -4.271 0.0000000000
71347  -51.425  1.639  -4.510 0.0000000000
71348  -52.312  1.326  -4.893 0.0000000000
71349  -57.213  1.574  -4.648 0.0000000000
71350  -51.858  1.990  -5.319 0.0000000000
71351  -52.586  1.530  -5.854 0.0000000000
71352  -53.113  0.990  -6.494 0.0000000000
71353  -55.769  1.279  -6.131 0.0000000000
71354  -56.720  1.829  -5.296 0.0000000000
71355  -52.785  1.506  -6.948 0.0000000000
71356  -53.410  0.837  -7.298 0.0000000000
71357  -54.541  0.633  -7.506 0.0000000000
71358  -55.122  1.171  -7.008 0.0000000000
71359  -53.098  1.546  -7.822 0.0000000000
71360  -53.722  0.819  -7.742 0.0000000000
71361  -54.086  1.055  -7.877 0.0000000000
72197  -46.948  2.079  -1.963 0.0000000000
72201  -32.840  1.494  -2.472 0.0000000000
72202  -33.304  1.301  -2.406 0.0000000000
72205  -46.365  2.665  -2.440 0.0000000000
72206  -47.175  2.266  -2.828 0.0000000000
72208  -53.519  2.444  -2.829 0.0000000000
72209  -54.407  2.254  -3.216 0.0000000000
72210  -32.607  1.871  -3.759 0.0000000000
72211  -32.585  1.957  -4.353 0.0000000000
72212  -46.670  2.731  -3.404 0.0000000000
72213  -47.489  2.445  -3.710 0.0000000000
72214  -48.239  2.199  -3.784 0.0000000000
72215  -48.972  2.089  -3.945 0.0000000000
72216  -53.931  2.898  -3.567 0.0000000000
72217  -54.912  2.757  -3.961 0.0000000000
72218  -56.006  2.655  -4.312 0.0000000000
72219  -56.788  2.363  -4.515 0.0000000000
72220  -32.166  2.143  -5.099 0.0000000000
72221  -46.882  2.873  -4.238 0.0000000000
72222  -47.605  2.707  -4.476 0.0000000000
72223  -48.400  2.545  -4.482 0.0000000000
72224  -49.294  2.457  -4.620 0.0000000000
72225  -50.131  2.364  -4.770 0.0000000000
72226  -51.005  2.270  -4.959 0.0000000000
72227  -55.401  3.223  -4.711 0.0000000000
72228  -56.305  2.858  -5.056 0.0000000000
72229  -56.956  2.209  -4.876 0.0000000000
72230  -32.031  2.225  -5.202 0.0000000000
72231  -32.106  2.400  -5.459 0.0000000000
72232  -47.918  3.073  -5.227 0.0000000000
72233  -48.833  2.930  -5.201 0.0000000000
72234  -49.687  2.870  -5.333 0.0000000000
72235  -50.540  2.782  -5.531 0.0000000000
72236  -51.396  2.579  -5.832 0.0000000000
72237  -52.198  2.192  -6.304 0.0000000000
72238  -56.305  2.396  -5.498 0.0000000000
72239  -50.927  3.155  -6.387 0.0000000000
72240  -51.699  2.753  -6.844 0.0000000000
72241  -52.419  2.201  -7.405 0.0000000000
72242  -54.683  1.639  -7.394 0.0000000000
72243  -55.461  2.300  -6.456 0.0000000000
72244  -51.932  2.804  -7.866 0.0000000000
72245  -52.621  2.409  -8.159 0.0000000000
72246  -53.253  2.187  -8.209 0.0000000000
72247  -54.017  2.140  -7.896 0.0000000000
72248  -52.874  3.004  -8.445 0.0000000000
73109  -32.546  1.923  -2.954 0.0000000000
73110  -33.820  1.656  -2.921 0.0000000000
73111  -35.002  2.428  -2.600 0.0000000000
73114  -45.989  3.154  -3.143 0.0000000000
73118  -53.088  3.106  -3.185 0.0000000000
73119  -32.056  2.448  -4.724 0.0000000000
73120  -32.413  2.351  -3.903 0.0000000000
73121  -33.516  1.979  -3.715 0.0000000000
73122  -34.577  3.262  -3.944 0.0000000000
73123  -44.937  3.891  -3.304 0.0000000000
73124  -45.518  3.495  -3.682 0.0000000000
73125  -46.168  3.150  -3.978 0.0000000000
73127  -52.631  3.698  -3.578 0.0000000000
73128  -53.461  3.522  -3.907 0.0000000000
73129  -54.372  3.365  -4.321 0.0000000000
73130  -31.933  2.357  -5.103 0.0000000000
73131  -33.429  2.466  -4.650 0.0000000000
73132  -44.974  3.811  -4.181 0.0000000000
73133  -45.591  3.458  -4.528 0.0000000000
73134  -46.308  3.208  -4.791 0.0000000000
73135  -47.053  3.048  -4.998 0.0000000000
73136  -52.969  4.052  -4.299 0.0000000000
73137  -53.799  3.882  -4.662 0.0000000000
73138  -54.719  3.777  -5.180 0.0000000000
73139  -55.529  3.376  -5.349 0.0000000000
73140  -31.994  2.638  -5.579 0.0000000000
73141  -32.483  2.483  -5.672 0.0000000000
73142  -33.171  2.707  -5.672 0.0000000000
73143  -44.911  3.711  -5.118 0.0000000000
73144  -45.712  3.469  -5.353 0.0000000000
73145  -46.513  3.415  -5.532 0.0000000000
73146  -48.777  3.782  -6.455 0.0000000000
73147  -49.256  3.372  -5.886 0.0000000000
73148  -50.096  3.337  -6.091 0.0000000000
73149  -55.115  3.768  -5.990 0.0000000000
73150  -55.774  3.098  -5.761 0.0000000000
73151  -32.449  2.804  -6.044 0.0000000000
73152  -45.169  3.625  -5.852 0.0000000000
73153  -46.924  3.741  -6.183 0.0000000000
73154  -49.591  3.752  -6.721 0.0000000000
73155  -50.411  3.603  -7.017 0.0000000000
73156  -51.218  3.319  -7.379 0.0000000000
73157  -54.824  3.679  -6.765 0.0000000000
73158  -49.877  4.069  -7.656 0.0000000000
73159  -50.707  3.810  -8.002 0.0000000000
73160  -51.539  3.488  -8.270 0.0000000000
73161  -52.224  3.129  -8.418 0.0000000000
73162  -53.526  3.079  -8.099 0.0000000000
73163  -54.270  3.335  -7.486 0.0000000000
73164  -51.159  4.125  -8.783 0.0000000000
73165  -51.905  3.851  -8.716 0.0000000000
73166  -52.491  3.639  -8.545 0.0000000000
73167  -53.139  4.009  -8.343 0.0000000000
74081  -32.781  2.911  -3.025 0.0000000000
74083  -35.405  3.349  -3.101 0.0000000000
74092  -32.995  3.723  -3.490 0.0000000000
74094  -35.594  4.201  -3.623 0.0000000000
74095  -43.735  4.624  -3.474 0.0000000000
74096  -44.396  4.228  -3.808 0.0000000000
74099  -51.409  4.456  -3.711 0.0000000000
74100  -52.177  4.254  -3.988 0.0000000000
74101  -31.906  3.081  -5.096 0.0000000000
74102  -33.207  4.526  -4.054 0.0000000000
74103  -34.084  3.629  -5.032 0.0000000000
74104  -42.942  4.863  -4.802 0.0000000000
74105  -43.496  4.412  -5.134 0.0000000000
74106  -44.122  4.040  -5.240 0.0000000000
74107  -50.901  4.906  -4.206 0.0000000000
74108  -51.684  4.702  -4.481 0.0000000000
74109  -52.501  4.541  -4.743 0.0000000000
74110  -53.309  4.378  -5.020 0.0000000000
74111  -53.997  4.197  -5.302 0.0000000000
74112  -32.220  3.376  -5.712 0.0000000000
74113  -32.907  2.946  -6.500 0.0000000000
74114  -33.596  3.647  -6.198 0.0000000000
74115  -34.566  4.586  -5.644 0.0000000000
74116  -41.938  4.893  -6.076 0.0000000000
74117  -42.477  4.885  -5.474 0.0000000000
74118  -43.578  4.046  -6.009 0.0000000000
74119  -44.446  3.765  -5.927 0.0000000000
74120  -52.036  5.013  -5.271 0.0000000000
74121  -52.874  4.834  -5.536 0.0000000000
74122  -53.677  4.627  -5.761 0.0000000000
74123  -54.422  4.305  -5.890 0.0000000000
74124  -32.430  3.306  -6.288 0.0000000000
74125  -32.829  3.413  -6.780 0.0000000000
74126  -33.357  3.853  -7.064 0.0000000000
74127  -39.972  4.902  -7.157 0.0000000000
74128  -41.247  4.778  -6.642 0.0000000000
74129  -42.684  4.418  -6.340 0.0000000000
74130  -44.164  4.046  -6.649 0.0000000000
74131  -45.020  3.915  -6.462 0.0000000000
74132  -45.759  4.367  -6.879 0.0000000000
74133  -46.624  4.308  -6.772 0.0000000000
74134  -47.489  4.267  -6.785 0.0000000000
74135  -48.309  4.274  -6.944 0.0000000000
74136  -49.097  4.252  -7.267 0.0000000000
74137  -53.990  4.743  -6.529 0.0000000000
74138  -54.490  4.237  -6.578 0.0000000000
74140  -33.056  4.187  -7.343 0.0000000000
74141  -33.649  4.620  -7.347 0.0000000000
74142  -38.591  4.816  -7.984 0.0000000000
74143  -40.000  4.642  -7.784 0.0000000000
74144  -41.381  4.618  -7.439 0.0000000000
74145  -42.454  4.485  -7.257 0.0000000000
74146  -43.959  4.506  -7.290 0.0000000000
74147  -45.737  4.822  -7.460 0.0000000000
74148  -46.440  4.773  -7.439 0.0000000000
74149  -47.251  4.702  -7.444 0.0000000000
74150  -48.581  4.631  -7.764 0.0000000000
74151  -49.331  4.564  -8.153 0.0000000000
74152  -50.173  4.423  -8.670 0.0000000000
74153  -54.406  4.107  -7.142 0.0000000000
74154  -39.411  4.706  -8.083 0.0000000000
74155  -40.200  4.758  -8.147 0.0000000000
74156  -40.994  4.866  -8.085 0.0000000000
74157  -47.955  5.005  -8.167 0.0000000000
74158  -48.803  4.990  -8.531 0.0000000000
74159  -49.459  4.932  -8.919 0.0000000000
74160  -50.905  4.853  -9.268 0.0000000000
74161  -51.630  4.671  -9.002 0.0000000000
74162  -52.403  4.510  -8.632 0.0000000000
74163  -53.031  4.915  -8.279 0.0000000000
74164  -51.440  5.535  -9.212 0.0000000000
75060  -42.473  5.370  -3.902 0.0000000000
75061  -43.250  4.864  -4.059 0.0000000000
75062  -47.951  5.983  -3.247 0.0000000000
75063  -48.562  5.754  -3.571 0.0000000000
75064  -49.302  5.412  -3.545 0.0000000000
75065  -50.138  5.148  -3.908 0.0000000000
75066  -32.471  4.248  -5.324 0.0000000000
75067  -35.272  4.648  -4.508 0.0000000000
75068  -36.184  5.710  -4.597 0.0000000000
75069  -37.072  5.998  -3.944 0.0000000000
75070  -40.994  6.091  -4.085 0.0000000000
75071  -41.757  5.655  -4.395 0.0000000000
75072  -48.817  5.819  -4.251 0.0000000000
75073  -49.595  5.561  -4.463 0.0000000000
75074  -50.398  5.369  -4.726 0.0000000000
75075  -51.206  5.188  -4.998 0.0000000000
75077  -34.084  4.373  -6.657 0.0000000000
75078  -35.840  5.756  -6.173 0.0000000000
75079  -39.890  5.915  -5.784 0.0000000000
75080  -40.576  5.872  -5.442 0.0000000000
75081  -49.857  5.747  -5.330 0.0000000000
75082  -50.697  5.601  -5.596 0.0000000000
75083  -51.562  5.475  -5.861 0.0000000000
75084  -52.450  5.337  -6.128 0.0000000000
75085  -53.301  5.123  -6.387 0.0000000000
75087  -34.265  4.762  -7.172 0.0000000000
75088  -35.304  5.399  -7.142 0.0000000000
75089  -36.324  5.595  -7.014 0.0000000000
75090  -37.286  5.567  -7.168 0.0000000000
75091  -39.614  5.443  -6.588 0.0000000000
75092  -40.455  5.278  -6.408 0.0000000000
75093  -51.073  5.903  -6.542 0.0000000000
75094  -51.978  5.773  -6.805 0.0000000000
75095  -52.881  5.576  -7.075 0.0000000000
75096  -53.571  5.179  -7.166 0.0000000000
75099  -35.416  5.500  -7.829 0.0000000000
75100  -35.996  5.441  -7.703 0.0000000000
75101  -36.855  5.294  -7.862 0.0000000000
75102  -39.245  4.939  -7.516 0.0000000000
75103  -41.924  4.997  -7.878 0.0000000000
75104  -42.864  5.122  -7.764 0.0000000000
75105  -43.700  5.203  -7.752 0.0000000000
75106  -44.544  5.232  -7.771 0.0000000000
75107  -45.397  5.266  -7.862 0.0000000000
75108  -46.216  5.264  -7.991 0.0000000000
75109  -47.046  5.201  -8.064 0.0000000000
75110  -52.364  6.022  -7.744 0.0000000000
75111  -52.986  5.500  -7.846 0.0000000000
75112  -34.323  5.783  -8.049 0.0000000000
75113  -36.113  5.583  -8.212 0.0000000000
75114  -37.555  5.217  -8.172 0.0000000000
75115  -38.164  4.980  -8.114 0.0000000000
75116  -38.815  5.040  -8.274 0.0000000000
75117  -40.490  5.263  -8.370 0.0000000000
75118  -41.441  5.714  -8.329 0.0000000000
75119  -42.476  5.847  -8.201 0.0000000000
75120  -44.222  6.032  -8.352 0.0000000000
75121  -45.877  5.857  -8.549 0.0000000000
75122  -46.704  5.731  -8.717 0.0000000000
75123  -48.415  5.447  -9.036 0.0000000000
75124  -49.026  5.314  -9.151 0.0000000000
75125  -52.076  5.389  -8.845 0.0000000000
75126  -52.609  5.318  -8.413 0.0000000000
75127  -48.089  6.120  -9.637 0.0000000000
75128  -49.014  6.000  -9.708 0.0000000000
75129  -49.497  5.454  -9.420 0.0000000000
75130  -50.755  5.754  -9.454 0.0000000000
75914  -45.749  6.774  -3.232 0.0000000000
75915  -46.556  6.557  -3.512 0.0000000000
75916  -47.341  6.358  -3.767 0.0000000000
75917  -48.091  6.125  -4.029 0.0000000000
75919  -36.896  6.264  -4.925 0.0000000000
75920  -37.571  6.320  -4.506 0.0000000000
75921  -38.266  6.382  -4.607 0.0000000000
75922  -39.944  6.309  -4.955 0.0000000000
75923  -45.944  6.867  -4.126 0.0000000000
75924  -46.728  6.655  -4.349 0.0000000000
75925  -47.504  6.444  -4.587 0.0000000000
75926  -48.272  6.199  -4.833 0.0000000000
75927  -49.043  5.934  -5.082 0.0000000000
75930  -37.689  6.303  -5.315 0.0000000000
75931  -38.642  6.259  -5.525 0.0000000000
75932  -39.380  6.265  -5.341 0.0000000000
75933  -46.927  6.754  -5.170 0.0000000000
75934  -47.685  6.546  -5.422 0.0000000000
75935  -48.491  6.359  -5.685 0.0000000000
75936  -49.323  6.183  -5.958 0.0000000000
75937  -50.185  6.038  -6.246 0.0000000000
75940  -36.841  6.124  -6.022 0.0000000000
75941  -37.901  5.975  -6.322 0.0000000000
75942  -38.817  5.684  -6.569 0.0000000000
75943  -39.283  6.008  -5.971 0.0000000000
75944  -47.096  6.867  -6.017 0.0000000000
75945  -47.908  6.741  -6.320 0.0000000000
75946  -48.776  6.616  -6.632 0.0000000000
75947  -49.673  6.498  -6.956 0.0000000000
75948  -50.596  6.402  -7.271 0.0000000000
75949  -51.535  6.266  -7.554 0.0000000000
75952  -49.177  7.040  -7.699 0.0000000000
75953  -50.106  6.913  -8.058 0.0000000000
75954  -50.976  6.728  -8.323 0.0000000000
75955  -51.744  6.352  -8.414 0.0000000000
75956  -52.286  5.888  -8.368 0.0000000000
75960  -34.718  6.335  -8.502 0.0000000000
75961  -35.662  6.302  -8.652 0.0000000000
75962  -36.661  6.225  -8.776 0.0000000000
75963  -37.438  5.801  -8.639 0.0000000000
75964  -38.102  5.437  -8.489 0.0000000000
75965  -39.351  5.797  -8.590 0.0000000000
75966  -40.658  6.204  -8.582 0.0000000000
75967  -42.173  6.798  -8.595 0.0000000000
75968  -43.032  6.818  -8.628 0.0000000000
75969  -43.857  6.931  -8.855 0.0000000000
75970  -44.808  7.189  -9.321 0.0000000000
75971  -45.867  7.854  -10.270 0.0000000000
75972  -46.315  6.546  -9.422 0.0000000000
75973  -47.197  6.313  -9.530 0.0000000000
75974  -50.438  7.259  -8.998 0.0000000000
75975  -51.075  6.764  -9.047 0.0000000000
75976  -51.748  6.173  -8.924 0.0000000000
75977  -36.115  7.046  -9.225 0.0000000000
75978  -36.975  7.127  -9.324 0.0000000000
75979  -38.116  6.410  -8.921 0.0000000000
75980  -39.066  6.783  -8.912 0.0000000000
75981  -46.865  7.419  -10.282 0.0000000000
75982  -47.727  7.026  -10.224 0.0000000000
75983  -48.536  6.849  -10.179 0.0000000000
75984  -49.300  6.959  -10.081 0.0000000000
75985  -50.565  6.582  -9.491 0.0000000000
75986  -51.225  6.272  -9.267 0.0000000000
75987  -48.125  7.603  -10.439 0.0000000000
75988  -48.652  7.603  -10.318 0.0000000000
75989  -49.049  7.685  -10.169 0.0000000000
76831  -42.802  7.801  -3.789 0.0000000000
76832  -43.508  7.514  -3.285 0.0000000000
76833  -44.297  7.348  -3.729 0.0000000000
76834  -44.853  7.053  -2.868 0.0000000000
76837  -43.312  7.778  -4.642 0.0000000000
76838  -44.070  7.555  -4.588 0.0000000000
76839  -45.384  7.225  -4.779 0.0000000000
76840  -46.179  6.997  -4.980 0.0000000000
76842  -43.817  7.771  -5.225 0.0000000000
76843  -45.673  7.366  -5.860 0.0000000000
76844  -46.456  7.044  -5.698 0.0000000000
76847  -44.957  7.777  -6.435 0.0000000000
76848  -45.743  7.919  -7.242 0.0000000000
76849  -46.492  7.359  -6.543 0.0000000000
76850  -47.337  7.255  -6.959 0.0000000000
76851  -48.230  7.139  -7.319 0.0000000000
76853  -46.729  7.849  -7.733 0.0000000000
76854  -47.659  7.754  -8.093 0.0000000000
76855  -48.619  7.653  -8.417 0.0000000000
76856  -49.589  7.512  -8.749 0.0000000000
76861  -35.093  7.104  -9.135 0.0000000000
76862  -39.948  6.576  -8.748 0.0000000000
76863  -40.802  7.349  -8.983 0.0000000000
76864  -41.867  7.840  -9.169 0.0000000000
76865  -42.802  7.859  -9.274 0.0000000000
76866  -43.489  7.714  -9.326 0.0000000000
76867  -44.198  8.239  -9.827 0.0000000000
76868  -47.158  8.651  -8.997 0.0000000000
76869  -48.050  8.391  -9.242 0.0000000000
76870  -48.906  8.018  -9.440 0.0000000000
76871  -49.618  7.536  -9.475 0.0000000000
76872  -50.194  7.155  -9.418 0.0000000000
76877  -35.724  7.829  -9.674 0.0000000000
76878  -36.556  7.835  -9.659 0.0000000000
76879  -37.759  7.275  -9.294 0.0000000000
76880  -39.099  7.877  -9.364 0.0000000000
76881  -39.899  7.549  -9.192 0.0000000000
76882  -40.623  8.357  -9.465 0.0000000000
76883  -41.903  8.905  -9.805 0.0000000000
76884  -42.658  9.060  -10.073 0.0000000000
76885  -43.589  9.092  -10.362 0.0000000000
76886  -44.975  8.894  -10.681 0.0000000000
76887  -45.919  9.364  -11.004 0.0000000000
76888  -46.679  8.762  -10.942 0.0000000000
76889  -47.475  8.220  -10.672 0.0000000000
76890  -48.927  8.049  -10.063 0.0000000000
76891  -49.539  7.426  -9.861 0.0000000000
76892  -46.512  9.391  -11.023 0.0000000000
76893  -47.077  9.084  -10.958 0.0000000000
76894  -48.613  8.065  -10.337 0.0000000000
77736  -41.448  8.480  -4.336 0.0000000000
77737  -42.391  8.165  -4.729 0.0000000000
77740  -40.801  8.822  -4.770 0.0000000000
77741  -41.571  8.555  -5.230 0.0000000000
77742  -43.157  8.057  -5.466 0.0000000000
77743  -43.882  7.945  -6.029 0.0000000000
77746  -41.700  8.726  -6.003 0.0000000000
77747  -42.307  8.855  -6.597 0.0000000000
77748  -43.777  8.391  -6.707 0.0000000000
77749  -44.381  8.211  -6.789 0.0000000000
77750  -45.002  8.245  -7.276 0.0000000000
77753  -42.968  9.199  -7.489 0.0000000000
77754  -43.611  9.174  -7.845 0.0000000000
77755  -44.630  8.803  -7.908 0.0000000000
77756  -45.371  8.784  -8.336 0.0000000000
77757  -46.234  8.744  -8.695 0.0000000000
77760  -44.150  9.507  -8.787 0.0000000000
77761  -46.631  9.434  -10.114 0.0000000000
77762  -47.447  9.094  -10.131 0.0000000000
77763  -48.174  8.574  -10.104 0.0000000000
77767  -34.877  7.971  -9.746 0.0000000000
77768  -36.234  8.570  -10.119 0.0000000000
77769  -37.360  8.012  -9.652 0.0000000000
77770  -38.274  8.244  -9.602 0.0000000000
77771  -39.125  8.931  -9.806 0.0000000000
77772  -39.857  8.576  -9.614 0.0000000000
77773  -41.364  9.361  -9.985 0.0000000000
77774  -42.339  9.996  -10.497 0.0000000000
77775  -43.299  10.039  -10.717 0.0000000000
77776  -44.133  10.081  -11.040 0.0000000000
77777  -44.961  9.988  -11.072 0.0000000000
77778  -45.945  9.599  -10.910 0.0000000000
77779  -46.822  9.363  -10.855 0.0000000000
77780  -47.449  8.923  -10.621 0.0000000000
77783  -33.772  8.817  -10.432 0.0000000000
77784  -34.691  8.763  -10.425 0.0000000000
77785  -35.899  9.503  -10.685 0.0000000000
77786  -36.822  9.465  -10.439 0.0000000000
77787  -37.684  9.164  -10.113 0.0000000000
77788  -38.512  9.287  -10.048 0.0000000000
77789  -47.583  8.669  -10.644 0.0000000000
77790  -48.104  8.450  -10.397 0.0000000000
78647  -39.626  9.746  -5.532 0.0000000000
78648  -40.920  9.017  -5.791 0.0000000000
78651  -39.795  9.807  -6.430 0.0000000000
78652  -40.231  9.471  -5.913 0.0000000000
78653  -41.551  9.230  -6.693 0.0000000000
78654  -42.189  9.418  -7.400 0.0000000000
78657  -40.045  10.056  -7.368 0.0000000000
78658  -41.527  9.837  -7.842 0.0000000000
78659  -42.533  10.003  -8.668 0.0000000000
78660  -43.407  9.780  -8.829 0.0000000000
78663  -41.872  10.402  -9.065 0.0000000000
78664  -42.361  10.538  -9.952 0.0000000000
78665  -43.922  10.236  -10.233 0.0000000000
78666  -45.093  10.091  -10.806 0.0000000000
78669  -39.162  10.003  -10.383 0.0000000000
78670  -39.992  9.750  -10.220 0.0000000000
78671  -40.937  10.073  -10.371 0.0000000000
78672  -41.769  10.334  -10.386 0.0000000000
78673  -42.762  10.255  -10.429 0.0000000000
78674  -43.681  10.133  -10.768 0.0000000000
78675  -44.397  10.169  -10.957 0.0000000000
78679  -33.539  9.549  -11.060 0.0000000000
78680  -35.043  9.738  -11.011 0.0000000000
78681  -35.732  10.662  -11.178 0.0000000000
78682  -36.598  10.644  -10.961 0.0000000000
78683  -37.516  10.500  -10.685 0.0000000000
78684  -38.387  10.252  -10.503 0.0000000000
78685  -39.781  10.669  -10.420 0.0000000000
78686  -40.494  10.569  -10.376 0.0000000000
78687  -41.232  10.680  -10.294 0.0000000000
78690  -33.278  10.319  -11.519 0.0000000000
78691  -34.240  10.273  -11.356 0.0000000000
78692  -35.026  10.650  -11.291 0.0000000000
79529  -39.027  10.149  -6.058 0.0000000000
79533  -38.536  10.391  -6.744 0.0000000000
79534  -39.280  10.183  -7.018 0.0000000000
79537  -37.996  10.591  -7.345 0.0000000000
79538  -38.761  10.466  -7.602 0.0000000000
79539  -39.511  10.431  -7.971 0.0000000000
79540  -40.304  10.453  -8.421 0.0000000000
79541  -41.138  10.436  -8.756 0.0000000000
79544  -38.278  10.694  -8.245 0.0000000000
79545  -38.745  10.975  -9.241 0.0000000000
79546  -39.684  10.857  -9.191 0.0000000000
79547  -40.677  10.845  -9.608 0.0000000000
79548  -41.582  10.752  -9.903 0.0000000000
79549  -42.092  10.497  -10.313 0.0000000000
79552  -39.316  11.180  -10.058 0.0000000000
79553  -40.139  11.091  -10.143 0.0000000000
79554  -40.970  10.868  -10.198 0.0000000000
79555  -41.612  10.643  -10.247 0.0000000000
79556  -41.889  10.532  -10.318 0.0000000000
79560  -35.391  11.142  -11.169 0.0000000000
79561  -36.238  11.227  -11.000 0.0000000000
79562  -37.194  11.198  -10.732 0.0000000000
79563  -38.219  11.037  -10.632 0.0000000000
79564  -39.567  11.027  -10.393 0.0000000000
79565  -40.282  10.964  -10.295 0.0000000000
79571  -33.753  10.880  -11.514 0.0000000000
79572  -34.608  11.007  -11.352 0.0000000000
80365  -37.728  10.959  -9.034 0.0000000000
80376  -38.411  11.247  -10.071 0.0000000000
80377  -39.673  11.063  -10.327 0.0000000000
80384  -35.702  11.343  -10.885 0.0000000000
80385  -36.598  11.326  -10.757 0.0000000000
80386  -37.927  11.192  -10.525 0.0000000000
80387  -38.932  11.059  -10.389 0.0000000000
80394  -34.148  11.206  -11.228 0.0000000000
80395  -34.903  11.274  -11.103 0.0000000000
111030  -57.594  -9.322  1.856 0.0000000000
111043  -40.138  -56.153  21.881 0.0000000000
111154  -47.116  -19.076  -0.640 0.0000000000
111201  -51.389  -1.388  -1.095 0.0000000000
111203  -44.929  9.566  -9.342 0.0000000000
111230  -55.467  -9.435  -0.217 0.0000000000
111284  -53.836  -9.033  1.197 0.0000000000
111326  -56.178  -11.703  -3.239 0.0000000000
111373  -58.106  -31.064  1.600 0.0000000000
111388  -50.132  -0.711  -0.905 0.0000000000
111393  -52.535  -34.350  3.550 0.0000000000
111402  -40.596  4.708  -7.263 0.0000000000
111405  -51.448  0.288  -2.936 0.0000000000
111464  -56.723  -9.211  2.274 0.0000000000
111495  -43.130  8.465  -6.424 0.0000000000
111508  -50.796  -0.223  -1.946 0.0000000000
111630  -50.715  -1.019  -1.001 0.0000000000
111667  -35.502  5.443  -5.396 0.0000000000
111734  -32.983  1.546  -3.306 0.0000000000
111768  -55.300  -26.096  5.233 0.0000000000
111796  -41.922  4.495  -6.788 0.0000000000
111832  -49.752  -1.252  0.073 0.0000000000
111848  -37.790  5.060  -7.915 0.0000000000
112088  -56.230  -9.136  0.563 0.0000000000
112204  -52.980  -9.359  0.984 0.0000000000
112209  -58.085  -30.841  0.878 0.0000000000
112213  -58.202  -25.094  3.143 0.0000000000
112276  -56.113  -9.198  3.044 0.0000000000
112315  -41.207  5.824  -4.953 0.0000000000
112349  -50.353  -1.815  0.267 0.0000000000
112480  -43.999  8.750  -7.454 0.0000000000
112578  -49.163  -54.780  19.614 0.0000000000
112591  -57.805  -31.948  2.709 0.0000000000
112631  -58.637  -9.690  -1.518 0.0000000000
112637  -45.063  5.992  -8.448 0.0000000000
112854  -40.205  9.320  -5.119 0.0000000000
112968  -50.890  -50.431  13.624 0.0000000000
113082  -55.257  -9.061  3.029 0.0000000000
113195  -48.353  -39.957  10.672 0.0000000000
113213  -50.231  -13.879  2.619 0.0000000000
113222  -55.484  -20.715  -1.068 0.0000000000
113235  -58.441  -19.885  -0.764 0.0000000000
113255  -43.150  10.353  -10.071 0.0000000000
113268  -60.838  -3.455  -0.431 0.0000000000
113278  -40.668  9.593  -6.794 0.0000000000
113313  -50.262  -9.153  -1.747 0.0000000000
113387  -53.430  -14.179  6.771 0.0000000000
113438  -50.118  -51.340  12.421 0.0000000000
113467  -40.362  -55.924  19.939 0.0000000000
113521  -54.472  -30.238  7.989 0.0000000000
113563  -60.988  -22.246  1.364 0.0000000000
113568  -55.503  -40.640  10.912 0.0000000000
113582  -47.593  -6.133  -2.561 0.0000000000
113731  -56.819  -4.205  -6.122 0.0000000000
113782  -42.000  8.193  -3.881 0.0000000000
113884  -57.483  -2.881  -2.484 0.0000000000
113904  -55.365  -8.996  0.744 0.0000000000
113919  -49.938  6.906  -9.773 0.0000000000
113966  -53.388  -7.160  0.015 0.0000000000
114154  -49.622  -20.668  0.345 0.0000000000
114204  -51.598  -9.537  -2.067 0.0000000000
114246  -47.922  -36.110  11.541 0.0000000000
114293  -47.035  -16.817  2.067 0.0000000000
114341  -46.020  -14.259  0.626 0.0000000000
114354  -34.902  5.190  -6.351 0.0000000000
114429  -46.838  -15.697  -0.887 0.0000000000
114431  -51.426  -37.409  4.356 0.0000000000
114704  -53.615  1.464  -7.972 0.0000000000
114775  -34.497  5.343  -7.615 0.0000000000
114798  -47.670  -47.987  15.110 0.0000000000
114800  -54.180  -16.130  2.309 0.0000000000
114808  -53.538  -30.832  1.609 0.0000000000
114885  -44.932  -56.952  15.752 0.0000000000
114979  -49.371  -36.065  9.650 0.0000000000
115135  -49.136  -12.900  1.773 0.0000000000
115151  -58.973  -6.125  -0.629 0.0000000000
115174  -56.296  -9.398  4.257 0.0000000000
115295  -56.488  -1.803  -4.610 0.0000000000
115332  -50.541  -50.619  12.701 0.0000000000
115354  -48.394  -36.012  10.999 0.0000000000
115514  -59.350  -21.888  -0.866 0.0000000000
115758  -53.108  -10.221  -2.901 0.0000000000
115786  -40.624  4.663  -7.837 0.0000000000
115801  -47.607  -51.008  15.321 0.0000000000
115819  -43.363  5.941  -8.224 0.0000000000
115865  -33.164  5.062  -4.669 0.0000000000
115936  -51.236  -44.462  8.016 0.0000000000
115965  -49.070  -47.023  10.099 0.0000000000
115986  -49.500  -39.306  7.487 0.0000000000
116031  -51.353  -28.934  5.551 0.0000000000
116032  -51.463  -30.788  6.422 0.0000000000
116061  -51.610  -40.261  7.350 0.0000000000
116074  -48.308  -53.752  13.053 0.0000000000
116135  -39.152  6.404  -4.561 0.0000000000
116210  -55.416  -17.099  3.405 0.0000000000
116215  -60.053  -24.197  -0.157 0.0000000000
116249  -53.953  -2.430  -2.499 0.0000000000
116361  -49.118  -51.459  11.977 0.0000000000
116387  -53.014  -9.200  2.882 0.0000000000
116459  -48.531  -49.883  12.679 0.0000000000
116503  -45.163  7.117  -3.874 0.0000000000
116556  -32.236  2.111  -4.731 0.0000000000
116599  -45.646  -55.711  17.458 0.0000000000
116650  -58.641  -8.488  -4.274 0.0000000000
116713  -53.336  -30.809  2.496 0.0000000000
116734  -57.644  -4.826  -4.451 0.0000000000
116736  -55.864  -5.248  -3.903 0.0000000000
116780  -48.941  -53.451  19.087 0.0000000000
116811  -49.637  -53.460  15.669 0.0000000000
116847  -45.821  9.615  -9.883 0.0000000000
116906  -56.309  0.044  -5.217 0.0000000000
116912  -48.970  -44.034  12.883 0.0000000000
116934  -35.153  5.734  -8.132 0.0000000000
116947  -50.126  -7.791  -0.113 0.0000000000
116970  -51.399  -30.102  6.091 0.0000000000
116973  -44.928  4.531  -7.201 0.0000000000
116975  -50.600  -20.433  1.112 0.0000000000
116976  -47.873  3.661  -6.144 0.0000000000
116989  -36.251  5.118  -3.732 0.0000000000
117022  -53.415  -25.039  3.689 0.0000000000
117062  -60.395  -25.762  1.270 0.0000000000
117102  -52.163  -38.329  7.829 0.0000000000
117108  -61.029  -2.599  -0.406 0.0000000000
117287  -54.016  -9.929  -3.119 0.0000000000
117359  -58.911  -9.282  -1.375 0.0000000000
117394  -58.328  -6.946  -1.918 0.0000000000
117425  -36.928  5.517  -8.329 0.0000000000
117462  -38.992  10.667  -8.422 0.0000000000
117504  -43.844  4.425  -4.429 0.0000000000
117520  -49.852  -53.276  14.043 0.0000000000
117612  -55.610  -11.279  -2.195 0.0000000000
117643  -48.708  -43.046  13.452 0.0000000000
117700  -48.737  -12.589  -0.767 0.0000000000
117780  -32.423  3.303  -4.322 0.0000000000
117807  -53.117  -30.845  3.163 0.0000000000
117868  -48.750  -41.042  9.564 0.0000000000
117908  -43.325  4.205  -6.876 0.0000000000
117919  -53.530  -10.400  -0.496 0.0000000000
117934  -46.016  -57.178  16.298 0.0000000000
117953  -57.945  -31.835  1.981 0.0000000000
118062  -54.074  -31.001  -0.261 0.0000000000
118152  -56.570  -30.914  -0.250 0.0000000000
118265  -55.208  -25.205  1.506 0.0000000000
118473  -35.222  -54.153  19.930 0.0000000000
118631  -48.652  -40.211  9.639 0.0000000000
118705  -48.693  -47.152  12.227 0.0000000000
118706  -50.621  -34.122  8.521 0.0000000000
118729  -58.266  -8.816  2.755 0.0000000000
118897  -59.762  -7.206  0.408 0.0000000000
119026  -38.263  5.299  -7.385 0.0000000000
119081  -39.703  5.056  -8.348 0.0000000000
119143  -36.223  6.015  -5.386 0.0000000000
119194  -36.482  -54.145  19.172 0.0000000000
119266  -36.756  11.388  -10.192 0.0000000000
119280  -48.819  -34.170  10.863 0.0000000000
119482  -43.240  4.587  -7.367 0.0000000000
119538  -55.541  -8.145  -2.281 0.0000000000
119546  -38.670  5.847  -8.659 0.0000000000
119608  -41.247  5.386  -5.826 0.0000000000
119672  -41.377  6.765  -8.649 0.0000000000
119687  -49.649  -20.009  1.410 0.0000000000
119717  -48.667  0.454  -1.213 0.0000000000
119782  -40.289  -55.784  22.820 0.0000000000
119797  -55.577  -39.532  11.134 0.0000000000
119895  -40.733  10.045  -7.790 0.0000000000
119918  -48.924  -50.174  11.446 0.0000000000
119931  -51.469  -46.444  14.444 0.0000000000
120074  -50.042  -48.429  9.815 0.0000000000
120186  -49.938  -15.271  2.317 0.0000000000
120216  -45.672  -12.125  -0.578 0.0000000000
120414  -39.470  -57.092  17.869 0.0000000000
120548  -55.667  -27.018  4.338 0.0000000000
120559  -50.735  -35.651  7.577 0.0000000000
120576  -56.930  -17.942  0.383 0.0000000000
120582  -51.088  -42.331  6.307 0.0000000000
120598  -51.454  -41.104  6.843 0.0000000000
120686  -51.297  -53.263  20.705 0.0000000000
120735  -44.428  9.566  -10.898 0.0000000000
120765  -51.051  -9.051  -1.767 0.0000000000
120791  -55.290  -21.921  2.668 0.0000000000
120874  -50.812  -48.945  15.354 0.0000000000
121041  -46.519  -14.130  1.782 0.0000000000
121067  -41.306  8.317  -9.423 0.0000000000
121174  -41.354  -54.931  15.104 0.0000000000
121281  -47.493  -11.319  -1.587 0.0000000000
121368  -54.146  -20.700  3.592 0.0000000000
121383  -55.988  -31.540  -0.186 0.0000000000
121439  -50.975  -47.355  12.753 0.0000000000
121492  -46.617  -52.344  16.312 0.0000000000
121635  -45.921  3.718  -6.195 0.0000000000
121724  -48.488  -11.214  -1.574 0.0000000000
121756  -54.456  -39.704  11.273 0.0000000000
121792  -52.752  -11.447  -3.066 0.0000000000
121921  -58.576  -0.019  -1.904 0.0000000000
121969  -60.902  -25.054  1.343 0.0000000000
122012  -51.931  -44.910  14.016 0.0000000000
122079  -57.852  -22.652  -1.662 0.0000000000
122138  -57.721  -18.088  0.738 0.0000000000
122140  -55.601  -19.854  -0.928 0.0000000000
122173  -57.266  -25.126  -1.493 0.0000000000
122248  -48.472  -48.970  12.929 0.0000000000
122261  -48.683  -53.597  17.501 0.0000000000
122264  -51.496  -44.734  10.117 0.0000000000
122268  -46.713  -54.917  14.501 0.0000000000
122341  -50.364  -30.343  7.967 0.0000000000
122350  -45.831  -14.485  -1.692 0.0000000000
122388  -54.603  -4.339  -1.408 0.0000000000
122400  -34.499  2.441  -3.258 0.0000000000
122416  -55.103  -35.917  4.669 0.0000000000
122435  -58.710  -28.320  0.601 0.0000000000
122456  -49.690  -44.840  7.983 0.0000000000
122621  -60.574  -24.540  4.286 0.0000000000
122646  -42.478  -56.734  15.835 0.0000000000
122738  -59.133  -26.958  1.153 0.0000000000
122755  -47.124  -38.089  12.503 0.0000000000
122794  -39.052  10.826  -10.488 0.0000000000
122805  -57.335  -6.265  -5.728 0.0000000000
122809  -51.008  -6.388  1.619 0.0000000000
122820  -51.623  -32.985  6.932 0.0000000000
122975  -51.390  -47.217  14.306 0.0000000000
122988  -56.172  -33.926  4.834 0.0000000000
122997  -61.207  -1.863  0.835 0.0000000000
123108  -53.779  -12.470  -3.099 0.0000000000
123116  -52.133  -31.965  5.679 0.0000000000
123131  -46.686  -11.472  -1.568 0.0000000000
123282  -54.824  2.745  -7.104 0.0000000000
123339  -46.135  -10.293  -1.404 0.0000000000
123348  -54.554  -35.432  6.197 0.0000000000
123370  -41.859  5.372  -5.263 0.0000000000
123404  -48.943  -42.855  11.765 0.0000000000
123406  -57.880  -31.157  2.610 0.0000000000
123414  -48.694  -54.738  17.254 0.0000000000
123485  -53.623  -23.139  4.261 0.0000000000
123508  -54.049  4.621  -7.157 0.0000000000
123515  -49.924  6.133  -9.682 0.0000000000
123516  -51.458  -10.348  0.627 0.0000000000
123556  -48.107  8.176  -10.526 0.0000000000
123568  -44.229  -54.863  17.421 0.0000000000
123613  -54.360  -42.654  14.067 0.0000000000
123673  -50.097  5.165  -9.370 0.0000000000
123714  -56.477  -40.454  10.865 0.0000000000
123717  -50.503  -53.186  20.363 0.0000000000
123833  -56.715  -39.710  10.691 0.0000000000
123847  -53.540  4.834  -7.782 0.0000000000
123889  -54.279  -22.968  3.683 0.0000000000
124013  -47.568  5.575  -8.854 0.0000000000
124016  -53.876  4.062  -7.706 0.0000000000
124021  -56.125  -6.389  -3.056 0.0000000000
124030  -58.164  -6.110  -5.303 0.0000000000
124063  -48.715  -51.448  12.499 0.0000000000
124164  -42.895  -57.086  14.871 0.0000000000
124263  -49.712  -43.437  7.134 0.0000000000
124281  -49.214  -42.330  8.447 0.0000000000
124287  -50.003  -33.190  9.365 0.0000000000
124338  -52.096  -19.361  2.594 0.0000000000
124425  -57.517  -18.547  -0.024 0.0000000000
124483  -48.999  -19.762  -0.420 0.0000000000
124525  -55.877  -31.907  5.977 0.0000000000
124613  -58.928  -20.930  3.819 0.0000000000
124684  -51.212  -47.413  13.542 0.0000000000
124758  -49.555  -16.743  1.499 0.0000000000
124773  -59.756  -20.079  0.285 0.0000000000
124850  -56.132  -26.032  -0.870 0.0000000000
124871  -47.940  -51.234  14.545 0.0000000000
124935  -58.606  -24.681  -1.320 0.0000000000
124945  -51.158  -33.102  7.777 0.0000000000
124958  -45.423  3.536  -2.951 0.0000000000
125036  -50.478  -47.691  10.212 0.0000000000
125051  -52.338  -5.125  0.963 0.0000000000
125074  -44.616  7.576  -5.432 0.0000000000
125277  -51.067  -46.483  12.418 0.0000000000
125306  -44.461  4.059  -4.572 0.0000000000
125448  -51.698  -12.489  -2.075 0.0000000000
125508  -53.335  -16.795  1.551 0.0000000000
125568  -44.074  7.322  -2.903 0.0000000000
125798  -54.555  -16.820  1.365 0.0000000000
125836  -51.756  -18.539  0.158 0.0000000000
126280  -38.456  7.313  -9.221 0.0000000000
126307  -42.331  5.281  -4.771 0.0000000000
126459  -59.614  -1.136  -0.126 0.0000000000
126490  -49.141  -20.378  0.590 0.0000000000
126541  -52.506  -30.266  4.238 0.0000000000
126580  -43.046  4.493  -5.578 0.0000000000
126774  -54.442  -27.675  6.570 0.0000000000
126831  -51.188  -2.245  0.029 0.0000000000
126847  -49.254  -53.844  21.287 0.0000000000
126897  -53.787  -34.888  7.896 0.0000000000
126904  -44.715  7.363  -4.479 0.0000000000
127080  -52.492  -20.771  -0.256 0.0000000000
127086  -53.639  -29.363  1.503 0.0000000000
127115  -56.423  -29.412  4.109 0.0000000000
127203  -53.407  -35.476  8.243 0.0000000000
127223  -48.273  -55.817  19.188 0.0000000000
127263  -45.556  6.602  -9.184 0.0000000000
127322  -37.450  -56.438  20.390 0.0000000000
127351  -37.512  11.329  -10.097 0.0000000000
127380  -46.565  -50.761  17.008 0.0000000000
127417  -53.306  -43.150  10.216 0.0000000000
127478  -47.926  4.592  -7.426 0.0000000000
127522  -50.483  -19.593  2.045 0.0000000000
127667  -54.731  -30.549  7.586 0.0000000000
127671  -58.223  0.368  -2.481 0.0000000000
127758  -32.567  4.048  -4.697 0.0000000000
127763  -41.015  -56.192  22.255 0.0000000000
127796  -53.436  -11.352  -1.212 0.0000000000
127891  -50.847  -48.637  12.579 0.0000000000
127933  -48.772  -39.465  9.300 0.0000000000
127955  -52.192  -43.175  8.850 0.0000000000
127958  -51.622  -34.593  6.274 0.0000000000
128027  -45.827  -53.569  15.982 0.0000000000
128068  -55.300  3.228  -6.395 0.0000000000
128073  -50.934  -10.015  -2.036 0.0000000000
128124  -52.196  -10.380  0.071 0.0000000000
128210  -54.452  -35.929  5.949 0.0000000000
128327  -57.029  -30.750  4.093 0.0000000000
128429  -49.167  -3.816  2.534 0.0000000000
128443  -57.016  -32.219  0.799 0.0000000000
128446  -47.243  3.391  -5.601 0.0000000000
128520  -50.068  -47.762  9.333 0.0000000000
128530  -53.312  -40.443  10.890 0.0000000000
128603  -60.286  -5.889  0.671 0.0000000000
128608  -48.507  -50.655  12.925 0.0000000000
128673  -48.388  -9.552  -1.690 0.0000000000
128766  -40.571  6.169  -4.662 0.0000000000
128787  -61.324  -23.575  1.525 0.0000000000
128875  -49.047  -8.111  -2.062 0.0000000000
128879  -34.276  9.378  -10.916 0.0000000000
129013  -45.561  -15.235  -1.380 0.0000000000
129040  -43.072  -52.469  16.682 0.0000000000
129057  -44.519  10.163  -10.316 0.0000000000
129090  -58.304  -10.021  -4.006 0.0000000000
129105  -58.425  0.455  -3.026 0.0000000000
129111  -54.596  -33.423  0.419 0.0000000000
129137  -49.911  -49.561  16.193 0.0000000000
129148  -46.463  -55.485  14.371 0.0000000000
129149  -39.289  -57.165  17.213 0.0000000000
129159  -50.685  -11.991  2.969 0.0000000000
129163  -50.168  -44.590  7.195 0.0000000000
129268  -42.365  8.416  -5.743 0.0000000000
129270  -40.012  5.740  -8.529 0.0000000000
129380  -54.467  -21.048  -0.181 0.0000000000
129389  -50.197  -52.251  15.440 0.0000000000
129391  -41.718  -56.979  15.708 0.0000000000
129464  -52.497  -33.650  4.288 0.0000000000
129473  -50.937  -54.206  21.461 0.0000000000
129524  -46.041  -17.640  -0.123 0.0000000000
129619  -58.566  -10.013  -2.371 0.0000000000
129624  -57.428  -32.407  1.532 0.0000000000
129700  -52.441  -7.050  0.631 0.0000000000
129816  -56.413  -27.284  3.266 0.0000000000
129828  -53.528  -32.424  1.238 0.0000000000
129881  -32.644  2.211  -5.112 0.0000000000
130011  -52.242  -38.809  6.888 0.0000000000
130039  -45.633  -14.454  -1.482 0.0000000000
130097  -47.850  -39.777  12.217 0.0000000000
130111  -53.943  -0.496  -6.467 0.0000000000
130149  -54.304  -33.268  8.531 0.0000000000
130226  -53.819  -27.398  2.007 0.0000000000
130248  -55.666  -2.254  -6.565 0.0000000000
130256  -56.416  -21.480  -1.176 0.0000000000
130290  -48.256  -49.152  13.760 0.0000000000
130361  -55.253  -38.468  11.425 0.0000000000
130410  -49.228  -52.611  12.457 0.0000000000
130439  -57.104  -10.545  -4.384 0.0000000000
130452  -56.898  -39.076  10.604 0.0000000000
130455  -49.786  -42.992  6.813 0.0000000000
130503  -49.886  -36.043  8.856 0.0000000000
130546  -34.977  -55.238  19.808 0.0000000000
130557  -49.420  -54.933  20.105 0.0000000000
130652  -35.456  8.570  -10.214 0.0000000000
130664  -46.487  -13.498  -1.572 0.0000000000
130676  -54.432  -33.735  7.714 0.0000000000
130804  -42.237  10.401  -10.376 0.0000000000
130821  -37.569  10.728  -7.962 0.0000000000
130846  -58.095  -9.597  -4.471 0.0000000000
130919  -49.944  -31.241  8.973 0.0000000000
131024  -47.390  -19.491  -0.368 0.0000000000
131031  -53.087  -26.406  3.475 0.0000000000
131037  -47.674  -56.976  15.561 0.0000000000
131104  -53.046  -0.690  -3.345 0.0000000000
131191  -60.429  -1.411  0.873 0.0000000000
131241  -59.400  -7.547  -0.159 0.0000000000
131257  -57.129  -19.299  -0.609 0.0000000000
131307  -49.471  -7.572  -0.157 0.0000000000
131389  -40.546  9.227  -9.875 0.0000000000
131431  -58.137  -8.543  3.297 0.0000000000
131497  -60.980  -1.465  1.583 0.0000000000
131505  -51.556  -32.299  6.870 0.0000000000
131537  -47.935  2.444  -4.133 0.0000000000
131620  -51.835  -2.532  -0.206 0.0000000000
131621  -50.381  -47.271  9.536 0.0000000000
131687  -51.812  -1.248  -1.596 0.0000000000
131779  -44.444  7.809  -6.152 0.0000000000
131786  -49.743  -50.055  10.836 0.0000000000
131817  -59.000  -26.152  -0.824 0.0000000000
131837  -61.158  -2.791  2.714 0.0000000000
132008  -56.944  -31.721  4.486 0.0000000000
132118  -53.816  -11.224  6.171 0.0000000000
132353  -48.524  3.373  -5.752 0.0000000000
132445  -50.567  -44.846  7.548 0.0000000000
132453  -35.280  9.090  -10.597 0.0000000000
132487  -60.807  -21.829  1.849 0.0000000000
132513  -43.386  4.638  -4.610 0.0000000000
132596  -52.545  -11.210  4.944 0.0000000000
132616  -48.290  -13.668  1.039 0.0000000000
132640  -56.236  -21.677  -0.878 0.0000000000
132805  -54.660  -11.603  -3.698 0.0000000000
132827  -49.589  -54.484  19.796 0.0000000000
133113  -54.717  -23.017  3.218 0.0000000000
133170  -56.970  -29.059  2.879 0.0000000000
133192  -50.608  -4.444  1.825 0.0000000000
133339  -36.931  8.561  -9.987 0.0000000000
133359  -43.598  7.559  -4.017 0.0000000000
133421  -47.934  -53.442  13.534 0.0000000000
133582  -46.865  -55.579  18.607 0.0000000000
133633  -49.907  -46.385  8.485 0.0000000000
133640  -53.691  -33.099  0.664 0.0000000000
133677  -47.473  -48.213  15.628 0.0000000000
133710  -49.520  -15.938  1.933 0.0000000000
133763  -54.477  -31.836  8.896 0.0000000000
133776  -54.041  -9.412  3.945 0.0000000000
133827  -37.387  6.559  -9.011 0.0000000000
133833  -37.222  11.284  -10.588 0.0000000000
133879  -55.630  -23.745  1.874 0.0000000000
133907  -38.906  -54.477  16.969 0.0000000000
133932  -43.486  8.732  -7.133 0.0000000000
133941  -55.134  -34.270  6.164 0.0000000000
133960  -58.780  -9.687  -1.936 0.0000000000
134204  -55.909  -29.239  -1.128 0.0000000000
134208  -41.088  -57.039  15.043 0.0000000000
