#!ascii label , from subject sub-10 vox2ras=TkReg lh ROI=FG coords=white drawn-with=delineation-helper-0.1.0
2518
15123  -37.550  -62.402  -9.845 0.0000000000
15124  -37.780  -62.221  -10.041 0.0000000000
16004  -37.186  -61.796  -9.352 0.0000000000
16005  -37.531  -61.133  -9.383 0.0000000000
16012  -38.083  -61.539  -9.952 0.0000000000
16020  -37.722  -61.970  -10.282 0.0000000000
16021  -38.227  -61.352  -9.973 0.0000000000
16029  -33.603  -61.171  -11.854 0.0000000000
16030  -34.361  -61.448  -11.858 0.0000000000
16031  -35.968  -62.228  -11.459 0.0000000000
16032  -36.962  -62.231  -10.879 0.0000000000
16834  -34.767  -60.185  -6.623 0.0000000000
16845  -35.628  -61.065  -7.981 0.0000000000
16846  -36.081  -60.478  -8.228 0.0000000000
16857  -31.578  -60.464  -8.638 0.0000000000
16858  -36.567  -61.111  -8.717 0.0000000000
16859  -37.044  -60.309  -8.923 0.0000000000
16860  -38.229  -60.664  -9.743 0.0000000000
16865  -32.038  -60.480  -9.558 0.0000000000
16866  -38.504  -60.714  -10.066 0.0000000000
16867  -38.658  -60.150  -9.953 0.0000000000
16874  -37.856  -61.056  -10.398 0.0000000000
16875  -38.664  -60.603  -10.112 0.0000000000
16880  -32.780  -60.714  -11.432 0.0000000000
16881  -33.508  -60.255  -11.710 0.0000000000
16882  -34.343  -60.705  -11.719 0.0000000000
16883  -36.181  -61.344  -11.227 0.0000000000
16884  -36.591  -60.460  -10.920 0.0000000000
17615  -33.753  -58.918  -4.880 0.0000000000
17626  -34.382  -58.996  -5.579 0.0000000000
17636  -34.711  -59.465  -6.245 0.0000000000
17637  -35.206  -59.457  -6.823 0.0000000000
17645  -35.661  -59.425  -7.432 0.0000000000
17646  -36.141  -59.760  -8.089 0.0000000000
17655  -31.544  -59.535  -8.397 0.0000000000
17656  -36.957  -59.305  -8.662 0.0000000000
17657  -38.050  -59.783  -9.482 0.0000000000
17664  -31.819  -59.588  -9.324 0.0000000000
17665  -38.626  -60.101  -9.958 0.0000000000
17666  -38.685  -59.406  -9.944 0.0000000000
17669  -32.121  -59.717  -10.193 0.0000000000
17670  -32.415  -59.980  -11.013 0.0000000000
17671  -37.684  -60.057  -10.505 0.0000000000
17672  -38.490  -59.717  -10.132 0.0000000000
17673  -32.864  -60.021  -11.506 0.0000000000
17674  -33.323  -59.440  -11.528 0.0000000000
17675  -34.387  -59.721  -11.554 0.0000000000
17676  -35.555  -59.597  -11.231 0.0000000000
17677  -36.621  -59.379  -10.844 0.0000000000
18442  -34.176  -58.197  -4.956 0.0000000000
18455  -34.718  -58.068  -5.631 0.0000000000
18456  -35.115  -57.819  -6.214 0.0000000000
18466  -35.025  -58.653  -6.341 0.0000000000
18467  -35.452  -57.985  -6.875 0.0000000000
18472  -35.986  -58.204  -7.571 0.0000000000
18473  -36.748  -58.416  -8.325 0.0000000000
18480  -30.941  -57.813  -9.251 0.0000000000
18481  -31.384  -58.647  -9.122 0.0000000000
18482  -37.981  -58.745  -9.213 0.0000000000
18486  -31.265  -58.069  -9.769 0.0000000000
18487  -38.727  -58.634  -9.886 0.0000000000
18488  -38.744  -58.497  -9.917 0.0000000000
18489  -31.732  -58.333  -10.347 0.0000000000
18490  -32.338  -58.555  -10.844 0.0000000000
18491  -33.858  -58.153  -11.019 0.0000000000
18492  -34.903  -58.227  -11.067 0.0000000000
18493  -35.974  -57.973  -10.863 0.0000000000
18494  -36.724  -58.504  -10.768 0.0000000000
18495  -38.479  -58.820  -10.171 0.0000000000
18496  -33.107  -58.689  -11.250 0.0000000000
18497  -34.038  -58.843  -11.356 0.0000000000
18498  -35.736  -58.741  -11.025 0.0000000000
19240  -26.191  -57.401  -1.873 0.0000000000
19241  -26.489  -57.954  -2.406 0.0000000000
19252  -26.779  -57.588  -3.066 0.0000000000
19253  -27.502  -57.640  -3.527 0.0000000000
19254  -28.209  -57.278  -3.904 0.0000000000
19267  -34.458  -57.405  -5.065 0.0000000000
19275  -34.888  -57.244  -5.790 0.0000000000
19276  -35.390  -57.096  -6.592 0.0000000000
19282  -30.440  -57.212  -6.919 0.0000000000
19287  -30.578  -57.435  -7.832 0.0000000000
19288  -35.912  -57.430  -7.370 0.0000000000
19292  -30.476  -57.214  -8.899 0.0000000000
19293  -37.474  -57.697  -8.546 0.0000000000
19294  -38.577  -57.861  -9.455 0.0000000000
19295  -39.199  -57.055  -9.669 0.0000000000
19297  -30.908  -57.396  -9.496 0.0000000000
19298  -31.466  -57.603  -9.982 0.0000000000
19299  -32.003  -57.131  -9.936 0.0000000000
19300  -39.052  -57.716  -9.940 0.0000000000
19301  -32.167  -57.795  -10.446 0.0000000000
19302  -33.685  -57.603  -10.617 0.0000000000
19303  -34.504  -57.570  -10.724 0.0000000000
19304  -35.445  -57.488  -10.748 0.0000000000
19305  -38.651  -57.826  -10.199 0.0000000000
20020  -26.137  -56.968  -1.216 0.0000000000
20031  -25.904  -56.463  -2.180 0.0000000000
20032  -26.214  -56.951  -2.584 0.0000000000
20041  -25.751  -56.098  -2.931 0.0000000000
20042  -26.309  -56.552  -3.251 0.0000000000
20043  -27.303  -56.899  -3.569 0.0000000000
20055  -26.869  -56.037  -3.980 0.0000000000
20056  -28.623  -55.950  -4.780 0.0000000000
20057  -29.246  -56.355  -5.095 0.0000000000
20062  -29.009  -55.801  -5.501 0.0000000000
20064  -34.646  -56.589  -5.233 0.0000000000
20065  -35.055  -56.416  -6.002 0.0000000000
20069  -29.499  -56.143  -7.156 0.0000000000
20070  -30.057  -56.731  -6.580 0.0000000000
20071  -35.574  -56.174  -6.655 0.0000000000
20072  -36.129  -55.910  -7.177 0.0000000000
20073  -29.619  -56.209  -8.128 0.0000000000
20074  -30.054  -56.712  -7.555 0.0000000000
20075  -35.998  -56.618  -7.269 0.0000000000
20076  -36.875  -56.183  -7.784 0.0000000000
20077  -37.881  -56.181  -8.297 0.0000000000
20078  -30.124  -56.395  -8.732 0.0000000000
20079  -37.598  -56.816  -8.345 0.0000000000
20080  -39.541  -56.221  -9.521 0.0000000000
20081  -30.558  -56.790  -9.216 0.0000000000
20082  -31.184  -56.931  -9.621 0.0000000000
20083  -32.697  -56.762  -9.654 0.0000000000
20084  -33.589  -56.637  -9.684 0.0000000000
20085  -34.654  -56.316  -9.791 0.0000000000
20086  -35.722  -56.323  -10.311 0.0000000000
20087  -39.782  -56.476  -10.001 0.0000000000
20088  -40.020  -56.122  -10.039 0.0000000000
20089  -33.001  -57.283  -10.235 0.0000000000
20090  -34.079  -57.039  -10.279 0.0000000000
20091  -36.638  -56.601  -10.573 0.0000000000
20092  -38.745  -56.915  -10.379 0.0000000000
20093  -39.629  -56.608  -10.075 0.0000000000
20817  -26.210  -56.284  -0.814 0.0000000000
20818  -26.534  -55.743  -0.294 0.0000000000
20819  -27.084  -55.238  0.231 0.0000000000
20831  -25.856  -56.034  -1.752 0.0000000000
20832  -26.196  -55.581  -1.252 0.0000000000
20845  -25.637  -55.656  -2.623 0.0000000000
20857  -25.453  -55.333  -3.376 0.0000000000
20858  -25.801  -55.765  -3.602 0.0000000000
20872  -25.286  -55.141  -4.029 0.0000000000
20873  -26.002  -55.401  -4.286 0.0000000000
20874  -27.807  -55.648  -4.587 0.0000000000
20882  -26.445  -54.934  -4.969 0.0000000000
20883  -27.445  -55.110  -5.191 0.0000000000
20890  -27.866  -54.852  -6.120 0.0000000000
20891  -28.108  -54.728  -7.115 0.0000000000
20892  -28.778  -55.449  -6.602 0.0000000000
20893  -35.845  -55.310  -6.724 0.0000000000
20894  -28.904  -55.008  -8.106 0.0000000000
20895  -29.123  -55.576  -7.743 0.0000000000
20896  -32.832  -55.072  -7.885 0.0000000000
20897  -33.586  -54.857  -7.874 0.0000000000
20898  -36.710  -55.365  -7.413 0.0000000000
20899  -37.696  -55.539  -8.030 0.0000000000
20900  -29.261  -54.721  -8.338 0.0000000000
20901  -29.586  -55.529  -8.403 0.0000000000
20902  -30.328  -55.797  -8.851 0.0000000000
20903  -31.316  -55.711  -8.834 0.0000000000
20904  -32.430  -55.710  -8.580 0.0000000000
20905  -33.587  -55.554  -8.450 0.0000000000
20906  -34.560  -55.572  -9.038 0.0000000000
20907  -38.799  -55.847  -8.658 0.0000000000
20908  -39.789  -55.323  -9.380 0.0000000000
20909  -40.018  -55.127  -9.897 0.0000000000
20910  -30.413  -56.373  -9.026 0.0000000000
20911  -30.838  -56.348  -9.227 0.0000000000
20912  -31.881  -56.416  -9.324 0.0000000000
20913  -33.067  -56.261  -9.051 0.0000000000
20914  -35.575  -55.520  -9.712 0.0000000000
20915  -37.614  -55.206  -10.258 0.0000000000
20916  -38.905  -54.870  -10.263 0.0000000000
20917  -40.045  -55.866  -10.001 0.0000000000
20918  -36.620  -55.796  -10.306 0.0000000000
20919  -38.846  -55.611  -10.413 0.0000000000
20920  -39.721  -55.963  -10.214 0.0000000000
21680  -26.753  -55.041  -0.683 0.0000000000
21695  -25.747  -55.297  -2.171 0.0000000000
21696  -26.321  -54.837  -1.580 0.0000000000
21697  -27.136  -54.371  -1.071 0.0000000000
21711  -25.336  -54.903  -3.113 0.0000000000
21712  -25.851  -54.524  -2.478 0.0000000000
21723  -24.854  -54.200  -4.314 0.0000000000
21724  -25.114  -54.731  -3.862 0.0000000000
21738  -24.667  -53.976  -4.925 0.0000000000
21739  -24.993  -54.488  -4.445 0.0000000000
21740  -25.501  -54.755  -4.669 0.0000000000
21750  -24.800  -53.584  -5.600 0.0000000000
21751  -24.971  -54.216  -5.141 0.0000000000
21752  -25.888  -54.390  -5.464 0.0000000000
21753  -26.929  -54.567  -5.769 0.0000000000
21762  -25.449  -53.807  -5.945 0.0000000000
21763  -26.371  -54.030  -6.352 0.0000000000
21764  -27.295  -54.346  -6.741 0.0000000000
21765  -35.808  -54.462  -6.450 0.0000000000
21768  -27.728  -54.126  -7.505 0.0000000000
21769  -28.412  -54.534  -7.799 0.0000000000
21770  -31.872  -53.841  -7.676 0.0000000000
21771  -32.295  -54.423  -7.701 0.0000000000
21772  -33.087  -54.361  -7.527 0.0000000000
21773  -33.913  -54.185  -7.739 0.0000000000
21774  -36.538  -54.607  -7.081 0.0000000000
21775  -37.533  -54.782  -7.676 0.0000000000
21776  -38.465  -54.223  -7.981 0.0000000000
21777  -28.780  -54.445  -8.141 0.0000000000
21778  -29.948  -54.887  -8.540 0.0000000000
21779  -31.893  -55.048  -8.209 0.0000000000
21780  -34.434  -54.791  -8.353 0.0000000000
21781  -35.314  -54.158  -8.687 0.0000000000
21782  -38.709  -55.050  -8.372 0.0000000000
21783  -39.758  -54.528  -8.768 0.0000000000
21784  -40.101  -54.578  -9.487 0.0000000000
21785  -35.168  -54.939  -9.045 0.0000000000
21786  -35.918  -54.691  -9.376 0.0000000000
21787  -36.848  -54.529  -9.676 0.0000000000
21788  -37.860  -54.483  -9.914 0.0000000000
21789  -39.850  -54.601  -9.960 0.0000000000
21790  -39.793  -55.345  -10.141 0.0000000000
21791  -40.107  -55.753  -10.004 0.0000000000
22618  -26.741  -54.042  -1.884 0.0000000000
22619  -27.672  -53.645  -1.297 0.0000000000
22633  -25.398  -54.103  -3.303 0.0000000000
22634  -26.276  -53.618  -2.747 0.0000000000
22635  -27.253  -53.238  -2.216 0.0000000000
22653  -24.691  -53.585  -4.753 0.0000000000
22654  -24.951  -53.785  -4.043 0.0000000000
22655  -25.754  -53.063  -3.702 0.0000000000
22679  -24.632  -53.284  -5.409 0.0000000000
22688  -24.600  -52.996  -6.127 0.0000000000
22689  -25.115  -52.716  -6.847 0.0000000000
22690  -25.840  -53.375  -6.842 0.0000000000
22691  -26.868  -53.730  -7.156 0.0000000000
22693  -36.410  -53.841  -6.722 0.0000000000
22694  -37.027  -53.196  -6.952 0.0000000000
22698  -25.595  -52.312  -7.277 0.0000000000
22699  -26.555  -53.100  -7.424 0.0000000000
22700  -27.463  -53.391  -7.647 0.0000000000
22701  -28.406  -53.747  -8.036 0.0000000000
22702  -29.242  -53.484  -8.199 0.0000000000
22703  -30.078  -53.323  -8.181 0.0000000000
22704  -31.302  -53.637  -8.011 0.0000000000
22705  -32.511  -53.701  -7.463 0.0000000000
22706  -33.344  -53.524  -7.494 0.0000000000
22707  -34.184  -53.366  -7.787 0.0000000000
22708  -37.287  -53.992  -7.334 0.0000000000
22709  -38.051  -53.403  -7.484 0.0000000000
22710  -39.468  -53.596  -8.248 0.0000000000
22711  -40.424  -53.253  -8.833 0.0000000000
22712  -29.016  -54.113  -8.280 0.0000000000
22713  -29.642  -54.097  -8.344 0.0000000000
22714  -30.577  -54.041  -8.273 0.0000000000
22715  -34.965  -53.340  -8.206 0.0000000000
22716  -35.705  -53.362  -8.598 0.0000000000
22717  -36.408  -53.344  -8.890 0.0000000000
22718  -40.305  -53.964  -9.141 0.0000000000
22719  -40.395  -53.354  -9.261 0.0000000000
22720  -40.538  -52.898  -9.262 0.0000000000
22721  -36.205  -53.963  -9.130 0.0000000000
22722  -37.220  -53.754  -9.450 0.0000000000
22723  -38.745  -54.001  -9.815 0.0000000000
22724  -39.868  -53.722  -9.713 0.0000000000
22725  -40.279  -53.276  -9.455 0.0000000000
23557  -26.851  -52.715  -3.046 0.0000000000
23558  -27.680  -52.457  -2.494 0.0000000000
23559  -28.374  -52.142  -2.083 0.0000000000
23573  -24.986  -52.929  -4.500 0.0000000000
23574  -27.410  -51.916  -3.168 0.0000000000
23585  -24.639  -52.720  -5.188 0.0000000000
23586  -25.008  -51.872  -4.971 0.0000000000
23594  -24.514  -52.519  -5.862 0.0000000000
23603  -24.653  -52.211  -6.457 0.0000000000
23605  -36.848  -52.280  -6.493 0.0000000000
23606  -37.623  -52.675  -7.098 0.0000000000
23609  -25.033  -51.766  -7.076 0.0000000000
23610  -26.326  -52.425  -7.445 0.0000000000
23611  -27.173  -52.629  -7.624 0.0000000000
23612  -28.076  -52.839  -7.813 0.0000000000
23613  -29.574  -52.765  -7.887 0.0000000000
23614  -30.459  -52.614  -7.817 0.0000000000
23615  -31.299  -52.456  -7.700 0.0000000000
23616  -32.128  -52.160  -7.642 0.0000000000
23617  -33.607  -52.650  -7.653 0.0000000000
23618  -34.445  -52.569  -7.938 0.0000000000
23619  -38.618  -52.721  -7.488 0.0000000000
23620  -39.780  -52.737  -8.062 0.0000000000
23621  -40.633  -52.477  -8.741 0.0000000000
23622  -41.184  -51.789  -8.998 0.0000000000
23623  -35.231  -52.593  -8.261 0.0000000000
23624  -36.034  -52.677  -8.552 0.0000000000
23625  -36.944  -52.903  -8.911 0.0000000000
23626  -37.703  -52.295  -9.011 0.0000000000
23627  -40.783  -53.245  -8.961 0.0000000000
23628  -40.781  -52.447  -9.100 0.0000000000
23629  -37.857  -53.196  -9.432 0.0000000000
23630  -38.860  -53.071  -9.560 0.0000000000
23631  -39.845  -52.787  -9.564 0.0000000000
23632  -40.408  -52.787  -9.384 0.0000000000
24475  -27.872  -51.266  -3.057 0.0000000000
24476  -28.529  -51.338  -2.454 0.0000000000
24489  -25.729  -51.395  -4.485 0.0000000000
24490  -27.200  -51.157  -3.606 0.0000000000
24501  -24.676  -50.919  -5.459 0.0000000000
24506  -24.418  -51.063  -5.987 0.0000000000
24513  -24.657  -51.360  -6.479 0.0000000000
24514  -25.474  -51.034  -7.044 0.0000000000
24515  -26.481  -51.108  -7.028 0.0000000000
24516  -27.500  -51.280  -6.771 0.0000000000
24517  -28.498  -51.475  -6.575 0.0000000000
24518  -29.518  -51.543  -6.551 0.0000000000
24519  -30.435  -51.483  -6.719 0.0000000000
24520  -31.745  -51.042  -7.188 0.0000000000
24521  -36.996  -51.265  -6.230 0.0000000000
24522  -37.883  -51.863  -6.870 0.0000000000
24523  -38.534  -51.286  -6.963 0.0000000000
24526  -25.916  -51.747  -7.338 0.0000000000
24527  -26.877  -51.850  -7.390 0.0000000000
24528  -27.828  -52.067  -7.315 0.0000000000
24529  -28.897  -52.276  -7.348 0.0000000000
24530  -29.956  -52.112  -7.281 0.0000000000
24531  -31.631  -51.732  -7.488 0.0000000000
24532  -32.452  -51.297  -7.617 0.0000000000
24533  -33.859  -51.833  -7.870 0.0000000000
24534  -39.017  -51.977  -7.448 0.0000000000
24535  -40.668  -51.604  -8.294 0.0000000000
24536  -34.090  -51.094  -8.131 0.0000000000
24537  -34.670  -51.817  -8.134 0.0000000000
24538  -35.514  -51.871  -8.334 0.0000000000
24539  -36.477  -52.000  -8.568 0.0000000000
24540  -41.088  -51.852  -9.098 0.0000000000
24541  -39.356  -51.816  -9.387 0.0000000000
24542  -40.086  -51.865  -9.559 0.0000000000
24543  -40.690  -52.427  -9.234 0.0000000000
25442  -25.250  -49.763  -4.748 0.0000000000
25443  -26.169  -49.998  -4.286 0.0000000000
25444  -26.978  -50.279  -3.844 0.0000000000
25445  -27.693  -50.525  -3.382 0.0000000000
25446  -28.241  -50.732  -2.933 0.0000000000
25454  -24.793  -50.028  -5.232 0.0000000000
25455  -25.107  -50.734  -4.913 0.0000000000
25462  -24.527  -50.187  -5.761 0.0000000000
25463  -28.683  -50.015  -5.733 0.0000000000
25464  -29.685  -50.229  -5.559 0.0000000000
25465  -30.632  -50.268  -5.606 0.0000000000
25466  -31.495  -50.079  -5.786 0.0000000000
25469  -37.122  -50.364  -5.852 0.0000000000
25475  -24.634  -50.404  -6.308 0.0000000000
25476  -25.128  -50.308  -6.686 0.0000000000
25477  -26.031  -50.308  -6.799 0.0000000000
25478  -27.099  -50.420  -6.584 0.0000000000
25479  -28.114  -50.632  -6.230 0.0000000000
25480  -29.135  -50.875  -5.956 0.0000000000
25481  -30.110  -50.983  -5.917 0.0000000000
25482  -31.075  -50.854  -6.334 0.0000000000
25483  -31.932  -50.447  -6.603 0.0000000000
25484  -37.807  -50.865  -6.455 0.0000000000
25485  -38.643  -50.535  -6.718 0.0000000000
25486  -39.577  -50.242  -7.096 0.0000000000
25489  -24.913  -50.979  -6.782 0.0000000000
25490  -32.331  -50.680  -7.312 0.0000000000
25491  -32.919  -50.540  -7.698 0.0000000000
25492  -39.558  -51.221  -7.419 0.0000000000
25493  -40.579  -50.778  -7.781 0.0000000000
25494  -41.329  -51.027  -8.623 0.0000000000
25495  -41.529  -50.347  -8.626 0.0000000000
25496  -33.597  -50.427  -8.089 0.0000000000
25497  -34.333  -50.389  -8.300 0.0000000000
25498  -35.149  -50.330  -8.437 0.0000000000
25499  -36.046  -50.266  -8.559 0.0000000000
25500  -36.930  -50.196  -8.709 0.0000000000
25501  -41.512  -51.000  -9.048 0.0000000000
25502  -41.590  -50.266  -8.949 0.0000000000
25503  -37.914  -50.328  -8.970 0.0000000000
25504  -38.996  -50.252  -9.287 0.0000000000
25505  -40.130  -50.251  -9.416 0.0000000000
25506  -41.564  -50.528  -9.079 0.0000000000
25507  -41.544  -49.928  -9.006 0.0000000000
26378  -28.082  -49.110  -3.228 0.0000000000
26392  -24.962  -48.760  -4.777 0.0000000000
26393  -25.770  -49.089  -4.345 0.0000000000
26394  -26.673  -49.390  -3.941 0.0000000000
26395  -27.493  -49.690  -3.534 0.0000000000
26396  -28.249  -50.021  -3.105 0.0000000000
26403  -24.778  -49.273  -5.032 0.0000000000
26411  -24.683  -49.383  -5.419 0.0000000000
26412  -27.675  -49.623  -6.128 0.0000000000
26413  -28.363  -49.208  -5.751 0.0000000000
26414  -29.187  -49.331  -5.506 0.0000000000
26415  -30.182  -49.494  -5.322 0.0000000000
26416  -31.012  -49.594  -5.365 0.0000000000
26417  -31.774  -49.197  -5.396 0.0000000000
26419  -37.340  -49.507  -5.509 0.0000000000
26420  -38.125  -49.212  -5.855 0.0000000000
26424  -24.545  -49.525  -5.968 0.0000000000
26425  -24.868  -49.588  -6.298 0.0000000000
26426  -25.614  -49.551  -6.514 0.0000000000
26427  -26.626  -49.591  -6.469 0.0000000000
26428  -32.304  -49.777  -6.126 0.0000000000
26429  -33.016  -49.392  -6.747 0.0000000000
26430  -37.924  -50.005  -6.156 0.0000000000
26431  -38.761  -49.692  -6.447 0.0000000000
26432  -39.701  -49.398  -6.760 0.0000000000
26433  -40.707  -49.085  -7.195 0.0000000000
26435  -32.626  -50.093  -7.101 0.0000000000
26436  -33.351  -49.737  -7.712 0.0000000000
26437  -34.013  -49.195  -8.104 0.0000000000
26438  -40.575  -49.936  -7.451 0.0000000000
26439  -41.523  -49.675  -7.909 0.0000000000
26440  -41.595  -49.670  -8.486 0.0000000000
26441  -33.900  -49.831  -8.201 0.0000000000
26442  -34.538  -49.655  -8.377 0.0000000000
26443  -35.348  -49.500  -8.536 0.0000000000
26444  -36.242  -49.390  -8.690 0.0000000000
26445  -37.170  -49.380  -8.914 0.0000000000
26446  -41.523  -49.705  -8.690 0.0000000000
26447  -38.107  -49.428  -9.186 0.0000000000
26448  -39.100  -49.361  -9.352 0.0000000000
26449  -40.116  -49.435  -9.356 0.0000000000
26450  -40.972  -49.308  -9.169 0.0000000000
26451  -41.426  -49.154  -8.732 0.0000000000
27294  -27.785  -48.194  -3.355 0.0000000000
27295  -28.683  -48.414  -2.861 0.0000000000
27305  -24.732  -47.896  -4.829 0.0000000000
27306  -25.379  -48.144  -4.376 0.0000000000
27307  -26.303  -48.488  -3.971 0.0000000000
27308  -27.209  -48.799  -3.614 0.0000000000
27315  -24.666  -48.549  -5.092 0.0000000000
27321  -24.663  -48.838  -5.555 0.0000000000
27322  -27.749  -48.676  -5.921 0.0000000000
27323  -28.642  -48.402  -5.662 0.0000000000
27324  -29.659  -48.601  -5.336 0.0000000000
27325  -30.775  -48.709  -5.120 0.0000000000
27326  -31.604  -48.366  -5.049 0.0000000000
27327  -32.929  -48.237  -5.371 0.0000000000
27328  -33.108  -47.383  -5.071 0.0000000000
27329  -37.611  -48.703  -5.226 0.0000000000
27330  -39.944  -47.778  -6.270 0.0000000000
27333  -24.764  -49.019  -6.016 0.0000000000
27334  -25.218  -48.872  -6.167 0.0000000000
27335  -26.167  -48.820  -6.298 0.0000000000
27336  -27.052  -48.951  -6.226 0.0000000000
27337  -32.681  -49.030  -5.749 0.0000000000
27338  -33.420  -48.681  -6.248 0.0000000000
27339  -34.109  -48.263  -6.848 0.0000000000
27340  -38.905  -48.865  -6.176 0.0000000000
27341  -39.843  -48.547  -6.468 0.0000000000
27342  -40.933  -48.176  -6.908 0.0000000000
27343  -41.794  -48.122  -7.554 0.0000000000
27344  -33.682  -48.945  -7.355 0.0000000000
27345  -34.346  -48.515  -7.852 0.0000000000
27346  -35.023  -48.145  -8.253 0.0000000000
27347  -41.648  -48.797  -7.649 0.0000000000
27348  -42.124  -48.392  -8.015 0.0000000000
27349  -42.108  -48.021  -8.180 0.0000000000
27350  -34.735  -48.870  -8.364 0.0000000000
27351  -35.554  -48.631  -8.581 0.0000000000
27352  -36.528  -48.454  -8.866 0.0000000000
27353  -37.494  -48.636  -9.131 0.0000000000
27354  -41.594  -48.172  -8.571 0.0000000000
27355  -41.772  -48.943  -8.296 0.0000000000
27356  -38.277  -48.767  -9.285 0.0000000000
27357  -38.974  -48.523  -9.303 0.0000000000
27358  -39.962  -48.670  -9.248 0.0000000000
27359  -40.872  -48.505  -8.945 0.0000000000
28209  -25.535  -46.869  -3.852 0.0000000000
28210  -26.424  -47.038  -3.610 0.0000000000
28211  -28.227  -47.709  -3.160 0.0000000000
28212  -28.785  -47.559  -2.854 0.0000000000
28221  -25.096  -47.147  -4.396 0.0000000000
28222  -25.876  -47.602  -3.911 0.0000000000
28223  -26.869  -47.901  -3.639 0.0000000000
28230  -24.599  -47.886  -5.013 0.0000000000
28231  -24.782  -47.261  -4.871 0.0000000000
28238  -24.651  -48.241  -5.258 0.0000000000
28239  -24.817  -47.640  -5.218 0.0000000000
28240  -26.558  -47.406  -5.769 0.0000000000
28241  -27.345  -47.486  -5.807 0.0000000000
28242  -28.625  -47.499  -5.740 0.0000000000
28243  -29.388  -47.180  -5.627 0.0000000000
28244  -30.046  -47.819  -5.231 0.0000000000
28245  -31.060  -47.728  -4.927 0.0000000000
28246  -32.121  -47.697  -4.862 0.0000000000
28247  -33.979  -47.087  -5.435 0.0000000000
28249  -39.607  -47.037  -5.670 0.0000000000
28251  -24.902  -48.421  -5.686 0.0000000000
28252  -26.923  -48.154  -6.004 0.0000000000
28253  -33.745  -47.908  -5.786 0.0000000000
28254  -34.537  -47.525  -6.341 0.0000000000
28255  -35.189  -47.319  -6.942 0.0000000000
28256  -40.600  -47.261  -6.445 0.0000000000
28257  -41.576  -47.479  -7.153 0.0000000000
28258  -34.735  -47.866  -7.473 0.0000000000
28259  -35.420  -47.532  -7.900 0.0000000000
28260  -36.171  -47.207  -8.220 0.0000000000
28261  -42.265  -47.641  -7.875 0.0000000000
28262  -42.288  -47.407  -8.173 0.0000000000
28263  -35.803  -47.860  -8.545 0.0000000000
28264  -36.620  -47.597  -8.748 0.0000000000
28265  -38.333  -47.273  -8.888 0.0000000000
28266  -39.319  -47.189  -8.806 0.0000000000
28267  -40.339  -47.196  -8.773 0.0000000000
28268  -41.318  -47.291  -8.690 0.0000000000
28269  -42.041  -47.351  -8.511 0.0000000000
28270  -38.020  -48.021  -9.213 0.0000000000
28271  -38.957  -47.823  -9.134 0.0000000000
28272  -39.963  -47.887  -9.038 0.0000000000
28273  -40.858  -47.808  -8.802 0.0000000000
29119  -25.819  -46.290  -3.673 0.0000000000
29120  -26.979  -46.263  -3.455 0.0000000000
29121  -28.000  -46.539  -3.224 0.0000000000
29122  -28.800  -46.799  -2.910 0.0000000000
29134  -25.149  -46.344  -4.065 0.0000000000
29142  -25.038  -46.454  -4.526 0.0000000000
29148  -25.040  -46.591  -4.923 0.0000000000
29149  -25.829  -46.292  -5.351 0.0000000000
29150  -27.228  -46.890  -5.750 0.0000000000
29151  -29.479  -46.402  -5.852 0.0000000000
29152  -31.427  -46.853  -4.841 0.0000000000
29153  -32.405  -46.708  -4.772 0.0000000000
29154  -33.325  -46.526  -4.981 0.0000000000
29155  -34.222  -46.200  -5.282 0.0000000000
29156  -35.139  -46.167  -5.556 0.0000000000
29157  -35.844  -46.134  -5.842 0.0000000000
29160  -40.420  -46.432  -6.021 0.0000000000
29161  -28.743  -45.914  -6.135 0.0000000000
29162  -34.748  -46.832  -5.809 0.0000000000
29163  -35.467  -46.726  -6.313 0.0000000000
29164  -36.372  -46.328  -6.635 0.0000000000
29165  -37.048  -46.130  -7.257 0.0000000000
29166  -41.303  -46.688  -6.722 0.0000000000
29167  -42.154  -46.878  -7.490 0.0000000000
29168  -35.871  -46.959  -7.343 0.0000000000
29169  -36.624  -46.606  -7.737 0.0000000000
29170  -37.438  -46.223  -8.017 0.0000000000
29171  -42.571  -46.836  -8.032 0.0000000000
29172  -42.455  -46.529  -8.399 0.0000000000
29173  -36.949  -46.890  -8.474 0.0000000000
29174  -37.803  -46.710  -8.575 0.0000000000
29175  -38.714  -46.575  -8.590 0.0000000000
29176  -39.774  -46.403  -8.641 0.0000000000
29177  -40.787  -46.651  -8.733 0.0000000000
29178  -41.729  -46.457  -8.763 0.0000000000
30024  -25.303  -45.666  -3.882 0.0000000000
30025  -26.151  -45.554  -3.564 0.0000000000
30026  -27.010  -45.433  -3.407 0.0000000000
30027  -27.786  -45.728  -3.293 0.0000000000
30028  -29.163  -45.617  -2.813 0.0000000000
30041  -25.095  -45.879  -4.168 0.0000000000
30047  -25.102  -45.791  -4.469 0.0000000000
30051  -25.389  -45.675  -4.913 0.0000000000
30052  -26.285  -45.574  -5.431 0.0000000000
30053  -27.425  -45.554  -5.846 0.0000000000
30054  -28.307  -45.178  -6.134 0.0000000000
30055  -30.200  -45.959  -5.729 0.0000000000
30056  -30.930  -46.192  -5.244 0.0000000000
30057  -33.484  -45.843  -5.026 0.0000000000
30058  -33.940  -45.248  -5.150 0.0000000000
30059  -34.834  -45.461  -5.198 0.0000000000
30060  -35.674  -45.523  -5.314 0.0000000000
30061  -37.170  -45.140  -5.718 0.0000000000
30064  -41.095  -45.102  -5.962 0.0000000000
30065  -29.185  -45.194  -6.278 0.0000000000
30066  -31.004  -45.359  -5.650 0.0000000000
30067  -37.108  -45.705  -6.539 0.0000000000
30068  -37.616  -45.669  -7.340 0.0000000000
30069  -38.255  -45.214  -7.462 0.0000000000
30070  -41.123  -45.884  -6.371 0.0000000000
30071  -41.924  -45.360  -6.909 0.0000000000
30072  -42.928  -45.366  -7.670 0.0000000000
30073  -38.217  -46.038  -8.323 0.0000000000
30074  -38.620  -45.426  -8.059 0.0000000000
30075  -39.358  -45.140  -8.287 0.0000000000
30076  -42.643  -46.121  -7.741 0.0000000000
30077  -43.235  -45.453  -8.109 0.0000000000
30078  -43.222  -45.016  -8.705 0.0000000000
30079  -39.036  -45.837  -8.435 0.0000000000
30080  -39.791  -45.611  -8.548 0.0000000000
30081  -41.335  -45.537  -8.911 0.0000000000
30082  -42.395  -45.595  -8.864 0.0000000000
30083  -42.906  -45.763  -8.383 0.0000000000
30972  -46.339  -44.451  -1.902 0.0000000000
30973  -47.280  -44.464  -2.993 0.0000000000
30976  -25.598  -44.896  -3.769 0.0000000000
30977  -26.491  -44.816  -3.490 0.0000000000
30978  -27.578  -44.830  -3.329 0.0000000000
30979  -28.400  -44.588  -3.181 0.0000000000
30980  -29.091  -44.848  -2.897 0.0000000000
30993  -25.410  -44.172  -3.962 0.0000000000
30997  -44.134  -43.868  -3.195 0.0000000000
30998  -45.186  -44.398  -3.609 0.0000000000
30999  -46.655  -44.063  -4.125 0.0000000000
31004  -25.310  -44.224  -4.156 0.0000000000
31005  -35.377  -43.997  -4.588 0.0000000000
31006  -36.038  -44.148  -4.514 0.0000000000
31007  -36.775  -44.057  -4.609 0.0000000000
31008  -37.475  -43.735  -4.820 0.0000000000
31011  -41.188  -43.889  -4.640 0.0000000000
31012  -25.513  -44.196  -4.658 0.0000000000
31013  -26.171  -44.182  -5.252 0.0000000000
31014  -27.162  -44.199  -5.654 0.0000000000
31015  -28.068  -44.340  -5.977 0.0000000000
31016  -32.194  -44.940  -5.475 0.0000000000
31017  -34.031  -44.370  -5.222 0.0000000000
31018  -34.756  -44.175  -4.874 0.0000000000
31019  -35.390  -44.731  -4.878 0.0000000000
31020  -36.401  -44.868  -5.029 0.0000000000
31021  -37.248  -44.440  -5.184 0.0000000000
31022  -37.966  -43.992  -5.531 0.0000000000
31024  -41.117  -44.407  -5.351 0.0000000000
31025  -28.889  -44.484  -6.268 0.0000000000
31026  -29.704  -44.540  -6.349 0.0000000000
31027  -30.538  -44.621  -6.210 0.0000000000
31028  -31.306  -44.584  -6.004 0.0000000000
31029  -31.865  -44.048  -6.258 0.0000000000
31030  -38.300  -44.320  -6.363 0.0000000000
31031  -41.722  -44.487  -6.220 0.0000000000
31032  -42.542  -44.570  -7.129 0.0000000000
31033  -38.953  -44.690  -7.714 0.0000000000
31034  -39.608  -44.491  -8.180 0.0000000000
31035  -43.498  -44.808  -7.881 0.0000000000
31036  -43.699  -44.583  -8.268 0.0000000000
31037  -40.326  -44.916  -8.662 0.0000000000
31038  -41.478  -44.790  -9.028 0.0000000000
31039  -42.405  -44.715  -9.104 0.0000000000
31891  -44.989  -43.666  -0.523 0.0000000000
31902  -45.905  -43.710  -1.493 0.0000000000
31903  -46.923  -43.691  -2.606 0.0000000000
31908  -25.943  -44.137  -3.636 0.0000000000
31909  -26.319  -42.915  -3.547 0.0000000000
31910  -27.925  -43.886  -3.311 0.0000000000
31911  -28.638  -43.396  -3.204 0.0000000000
31912  -29.504  -43.434  -2.861 0.0000000000
31915  -42.046  -43.890  -2.926 0.0000000000
31916  -42.944  -43.822  -2.926 0.0000000000
31920  -41.101  -43.845  -3.760 0.0000000000
31921  -42.583  -43.400  -3.436 0.0000000000
31922  -43.540  -43.174  -3.509 0.0000000000
31923  -44.804  -43.030  -3.713 0.0000000000
31924  -46.536  -43.088  -4.153 0.0000000000
31925  -47.203  -42.743  -4.072 0.0000000000
31928  -25.397  -43.402  -4.058 0.0000000000
31929  -34.937  -43.490  -4.642 0.0000000000
31930  -35.736  -43.402  -4.226 0.0000000000
31931  -36.462  -43.601  -4.256 0.0000000000
31932  -37.075  -43.401  -4.258 0.0000000000
31933  -37.653  -43.098  -4.537 0.0000000000
31934  -41.686  -43.437  -4.287 0.0000000000
31935  -42.421  -42.947  -4.776 0.0000000000
31936  -25.415  -43.464  -4.302 0.0000000000
31937  -25.769  -43.474  -4.913 0.0000000000
31938  -26.598  -43.475  -5.375 0.0000000000
31939  -27.731  -43.439  -5.723 0.0000000000
31940  -32.688  -43.967  -5.901 0.0000000000
31941  -34.258  -43.602  -5.161 0.0000000000
31942  -38.175  -43.206  -5.138 0.0000000000
31943  -41.793  -43.689  -5.405 0.0000000000
31944  -42.748  -43.116  -6.065 0.0000000000
31945  -28.596  -43.803  -6.080 0.0000000000
31946  -29.432  -43.740  -6.346 0.0000000000
31947  -30.618  -43.253  -6.658 0.0000000000
31948  -31.591  -43.386  -6.736 0.0000000000
31949  -32.411  -43.396  -6.596 0.0000000000
31950  -33.173  -43.272  -6.273 0.0000000000
31951  -38.755  -43.412  -6.129 0.0000000000
31952  -39.511  -43.130  -7.050 0.0000000000
31953  -42.334  -43.889  -6.450 0.0000000000
31954  -43.346  -43.753  -7.354 0.0000000000
31955  -44.437  -43.183  -7.955 0.0000000000
31956  -38.911  -44.019  -7.033 0.0000000000
31957  -39.532  -43.895  -7.713 0.0000000000
31958  -40.131  -43.064  -7.849 0.0000000000
31959  -43.892  -44.102  -8.098 0.0000000000
31960  -44.135  -43.382  -8.348 0.0000000000
31961  -40.130  -43.945  -8.352 0.0000000000
31962  -40.806  -43.346  -8.580 0.0000000000
31963  -41.726  -43.874  -9.140 0.0000000000
31964  -42.902  -44.132  -9.124 0.0000000000
31965  -43.589  -44.186  -8.710 0.0000000000
32770  -44.387  -43.011  1.672 0.0000000000
32783  -44.293  -42.837  0.889 0.0000000000
32796  -44.721  -42.623  -0.104 0.0000000000
32797  -45.415  -41.721  -0.835 0.0000000000
32804  -46.339  -41.970  -1.987 0.0000000000
32805  -47.165  -42.808  -3.037 0.0000000000
32808  -25.672  -42.301  -3.734 0.0000000000
32809  -26.549  -42.198  -3.499 0.0000000000
32810  -27.928  -42.879  -3.371 0.0000000000
32811  -28.909  -42.709  -3.205 0.0000000000
32812  -29.782  -42.594  -2.872 0.0000000000
32815  -47.366  -42.401  -3.860 0.0000000000
32819  -25.386  -42.698  -3.977 0.0000000000
32820  -36.262  -41.953  -3.589 0.0000000000
32821  -37.087  -41.999  -3.671 0.0000000000
32822  -44.240  -42.529  -4.114 0.0000000000
32823  -45.490  -42.319  -4.336 0.0000000000
32824  -46.757  -42.042  -4.451 0.0000000000
32825  -47.320  -41.588  -4.307 0.0000000000
32829  -25.337  -42.647  -4.085 0.0000000000
32830  -35.113  -42.897  -4.405 0.0000000000
32831  -35.641  -42.546  -3.946 0.0000000000
32832  -36.560  -42.876  -3.861 0.0000000000
32833  -37.404  -42.646  -4.082 0.0000000000
32834  -38.187  -42.273  -4.629 0.0000000000
32835  -43.171  -42.714  -4.144 0.0000000000
32836  -44.317  -42.136  -4.864 0.0000000000
32837  -46.009  -41.631  -4.895 0.0000000000
32838  -46.969  -41.080  -4.941 0.0000000000
32839  -47.303  -40.646  -4.874 0.0000000000
32843  -25.511  -42.228  -4.464 0.0000000000
32844  -26.060  -42.700  -5.063 0.0000000000
32845  -26.736  -42.255  -5.326 0.0000000000
32846  -28.628  -42.135  -5.831 0.0000000000
32847  -33.842  -43.006  -5.712 0.0000000000
32848  -34.484  -42.861  -4.994 0.0000000000
32849  -38.857  -42.425  -5.533 0.0000000000
32850  -39.661  -41.563  -6.039 0.0000000000
32851  -43.499  -42.424  -5.412 0.0000000000
32852  -45.050  -41.881  -6.502 0.0000000000
32853  -28.776  -42.970  -6.000 0.0000000000
32854  -29.401  -42.244  -6.157 0.0000000000
32855  -31.982  -42.157  -7.244 0.0000000000
32856  -32.955  -42.812  -6.984 0.0000000000
32857  -33.584  -42.519  -6.614 0.0000000000
32858  -34.144  -42.101  -5.934 0.0000000000
32859  -39.350  -42.567  -6.327 0.0000000000
32860  -39.919  -42.240  -6.876 0.0000000000
32861  -40.397  -42.170  -7.564 0.0000000000
32862  -43.992  -42.676  -6.926 0.0000000000
32863  -45.153  -42.280  -7.756 0.0000000000
32864  -45.752  -41.522  -7.673 0.0000000000
32865  -32.788  -42.302  -7.353 0.0000000000
32866  -33.397  -42.239  -7.217 0.0000000000
32867  -40.853  -42.405  -8.275 0.0000000000
32868  -41.697  -41.972  -8.588 0.0000000000
32869  -44.957  -42.504  -8.169 0.0000000000
32870  -45.518  -41.745  -8.077 0.0000000000
32871  -41.684  -42.868  -8.859 0.0000000000
32872  -42.804  -42.487  -9.110 0.0000000000
32873  -43.978  -42.572  -8.996 0.0000000000
32874  -44.641  -42.438  -8.540 0.0000000000
32875  -45.034  -42.030  -8.441 0.0000000000
33727  -44.255  -40.310  1.984 0.0000000000
33728  -44.399  -41.107  2.520 0.0000000000
33746  -44.236  -41.394  1.953 0.0000000000
33760  -44.392  -40.709  1.236 0.0000000000
33771  -39.855  -41.280  -0.703 0.0000000000
33772  -42.295  -40.858  -0.795 0.0000000000
33773  -44.812  -40.520  0.330 0.0000000000
33774  -45.329  -40.453  -0.473 0.0000000000
33779  -39.637  -40.938  -1.771 0.0000000000
33780  -40.487  -41.387  -1.568 0.0000000000
33781  -41.558  -41.401  -1.402 0.0000000000
33782  -42.603  -40.889  -1.538 0.0000000000
33783  -45.928  -40.592  -1.393 0.0000000000
33784  -46.645  -40.661  -2.391 0.0000000000
33789  -25.364  -41.387  -3.864 0.0000000000
33790  -26.174  -41.460  -3.522 0.0000000000
33791  -26.917  -41.612  -3.465 0.0000000000
33792  -27.714  -41.299  -3.448 0.0000000000
33793  -28.661  -41.284  -3.350 0.0000000000
33796  -40.215  -41.016  -2.457 0.0000000000
33797  -42.093  -41.310  -2.328 0.0000000000
33798  -47.275  -40.431  -3.466 0.0000000000
33802  -25.205  -41.314  -4.019 0.0000000000
33803  -35.946  -41.147  -3.335 0.0000000000
33804  -36.818  -41.206  -3.316 0.0000000000
33805  -37.647  -41.117  -3.622 0.0000000000
33806  -38.347  -40.431  -3.549 0.0000000000
33807  -40.697  -40.879  -3.149 0.0000000000
33808  -41.604  -41.151  -3.145 0.0000000000
33809  -47.474  -40.625  -4.379 0.0000000000
33812  -25.315  -41.448  -4.224 0.0000000000
33813  -34.800  -42.115  -4.622 0.0000000000
33814  -35.403  -41.659  -3.848 0.0000000000
33815  -37.734  -41.829  -4.034 0.0000000000
33816  -38.458  -41.043  -4.253 0.0000000000
33817  -39.291  -40.618  -4.729 0.0000000000
33818  -45.596  -41.506  -5.529 0.0000000000
33819  -46.749  -40.850  -5.887 0.0000000000
33820  -47.230  -40.326  -5.688 0.0000000000
33822  -25.984  -41.719  -4.965 0.0000000000
33823  -27.085  -41.597  -5.392 0.0000000000
33824  -28.110  -41.530  -5.647 0.0000000000
33825  -29.019  -41.519  -5.922 0.0000000000
33826  -34.380  -41.332  -6.823 0.0000000000
33827  -39.005  -41.401  -5.102 0.0000000000
33828  -39.647  -40.837  -5.406 0.0000000000
33829  -40.282  -40.745  -5.967 0.0000000000
33830  -46.352  -41.035  -7.059 0.0000000000
33831  -46.842  -40.315  -6.402 0.0000000000
33832  -47.227  -39.871  -5.913 0.0000000000
33833  -29.755  -41.609  -6.252 0.0000000000
33834  -30.395  -41.269  -6.476 0.0000000000
33835  -31.196  -40.707  -6.716 0.0000000000
33836  -34.036  -41.687  -7.284 0.0000000000
33837  -41.416  -41.043  -7.579 0.0000000000
33838  -45.916  -41.279  -7.704 0.0000000000
33839  -46.217  -40.800  -7.112 0.0000000000
33840  -32.287  -40.924  -7.334 0.0000000000
33841  -32.595  -41.679  -7.467 0.0000000000
33842  -33.430  -41.794  -7.545 0.0000000000
33843  -34.032  -41.270  -7.840 0.0000000000
33844  -41.023  -41.562  -7.963 0.0000000000
33845  -41.839  -41.339  -8.255 0.0000000000
33846  -42.793  -41.320  -8.502 0.0000000000
33847  -43.937  -41.376  -8.629 0.0000000000
33848  -44.948  -41.512  -8.393 0.0000000000
33849  -42.493  -41.728  -8.750 0.0000000000
33850  -43.461  -41.856  -8.985 0.0000000000
33851  -44.429  -41.943  -8.793 0.0000000000
34647  -44.239  -38.931  2.135 0.0000000000
34665  -44.491  -39.160  1.304 0.0000000000
34681  -42.610  -39.778  0.293 0.0000000000
34682  -44.777  -39.229  0.642 0.0000000000
34691  -39.051  -40.719  -1.116 0.0000000000
34692  -42.077  -40.626  -0.114 0.0000000000
34693  -42.914  -39.882  -0.291 0.0000000000
34694  -43.917  -38.956  -0.543 0.0000000000
34695  -45.224  -39.194  -0.103 0.0000000000
34696  -45.714  -39.268  -0.950 0.0000000000
34702  -38.924  -40.295  -2.015 0.0000000000
34703  -43.048  -40.203  -0.920 0.0000000000
34704  -43.590  -39.866  -1.466 0.0000000000
34705  -46.344  -39.366  -1.809 0.0000000000
34706  -46.787  -39.631  -2.658 0.0000000000
34711  -25.707  -40.657  -3.626 0.0000000000
34712  -26.723  -40.917  -3.478 0.0000000000
34713  -28.256  -40.713  -3.412 0.0000000000
34714  -28.950  -40.571  -3.303 0.0000000000
34720  -36.950  -39.824  -2.559 0.0000000000
34721  -37.885  -39.780  -2.494 0.0000000000
34722  -39.392  -40.339  -2.765 0.0000000000
34723  -39.990  -40.467  -3.181 0.0000000000
34724  -43.148  -40.667  -2.336 0.0000000000
34725  -44.209  -39.619  -2.197 0.0000000000
34726  -44.836  -39.355  -2.867 0.0000000000
34727  -47.016  -39.341  -3.249 0.0000000000
34732  -25.156  -40.399  -3.988 0.0000000000
34733  -34.779  -40.178  -4.183 0.0000000000
34734  -35.251  -40.775  -3.698 0.0000000000
34735  -36.461  -40.486  -2.984 0.0000000000
34736  -37.494  -40.344  -3.063 0.0000000000
34737  -38.833  -40.085  -3.375 0.0000000000
34738  -39.475  -40.211  -3.643 0.0000000000
34739  -40.196  -40.331  -3.845 0.0000000000
34740  -41.046  -40.604  -3.962 0.0000000000
34741  -42.629  -40.977  -3.174 0.0000000000
34742  -43.844  -40.352  -3.282 0.0000000000
34743  -45.042  -39.597  -3.957 0.0000000000
34744  -47.348  -39.568  -4.215 0.0000000000
34747  -25.167  -40.542  -4.058 0.0000000000
34748  -34.585  -40.470  -5.208 0.0000000000
34749  -34.815  -41.112  -4.469 0.0000000000
34750  -38.977  -40.277  -4.057 0.0000000000
34751  -39.694  -40.305  -4.377 0.0000000000
34752  -40.442  -40.350  -4.672 0.0000000000
34753  -41.393  -40.475  -4.887 0.0000000000
34754  -42.679  -40.566  -4.997 0.0000000000
34755  -44.010  -40.310  -4.622 0.0000000000
34756  -45.893  -39.414  -5.076 0.0000000000
34757  -46.863  -39.538  -5.679 0.0000000000
34758  -47.194  -39.503  -5.077 0.0000000000
34760  -25.600  -40.868  -4.549 0.0000000000
34761  -26.504  -40.932  -5.153 0.0000000000
34762  -27.508  -40.747  -5.455 0.0000000000
34763  -28.589  -40.790  -5.730 0.0000000000
34764  -29.591  -40.824  -6.094 0.0000000000
34765  -34.595  -40.707  -6.492 0.0000000000
34766  -39.983  -40.439  -5.149 0.0000000000
34767  -40.756  -40.450  -5.566 0.0000000000
34768  -41.792  -40.480  -5.836 0.0000000000
34769  -42.985  -40.460  -6.136 0.0000000000
34770  -44.394  -40.275  -6.598 0.0000000000
34771  -45.837  -40.101  -6.750 0.0000000000
34772  -46.769  -39.958  -6.448 0.0000000000
34774  -30.330  -40.563  -6.349 0.0000000000
34775  -31.966  -40.029  -6.956 0.0000000000
34776  -34.604  -40.824  -7.520 0.0000000000
34777  -41.212  -40.658  -6.616 0.0000000000
34778  -42.160  -40.756  -7.398 0.0000000000
34779  -43.466  -40.543  -7.277 0.0000000000
34780  -45.212  -40.557  -7.545 0.0000000000
34781  -33.083  -40.381  -7.658 0.0000000000
34782  -34.402  -40.660  -8.058 0.0000000000
34783  -34.403  -40.974  -7.807 0.0000000000
34784  -42.167  -41.000  -8.004 0.0000000000
34785  -43.131  -40.917  -8.075 0.0000000000
34786  -44.534  -40.914  -8.190 0.0000000000
34787  -45.615  -41.129  -7.988 0.0000000000
35626  -42.717  -39.162  0.954 0.0000000000
35627  -43.925  -38.247  1.657 0.0000000000
35628  -44.216  -38.465  1.032 0.0000000000
35641  -43.654  -38.789  0.313 0.0000000000
35642  -44.374  -38.503  0.477 0.0000000000
35643  -44.543  -38.632  0.590 0.0000000000
35653  -44.432  -38.545  0.034 0.0000000000
35654  -44.810  -38.553  0.078 0.0000000000
35655  -45.306  -38.592  -0.683 0.0000000000
35665  -44.591  -38.738  -1.259 0.0000000000
35666  -45.352  -38.535  -1.293 0.0000000000
35667  -45.846  -38.604  -1.529 0.0000000000
35668  -46.451  -38.767  -2.493 0.0000000000
35672  -25.506  -38.930  -3.626 0.0000000000
35673  -26.441  -40.027  -3.443 0.0000000000
35681  -45.767  -38.630  -3.005 0.0000000000
35682  -46.320  -38.554  -2.879 0.0000000000
35687  -25.192  -39.493  -3.910 0.0000000000
35688  -34.809  -39.245  -3.810 0.0000000000
35689  -46.056  -38.985  -4.057 0.0000000000
35690  -46.520  -38.796  -3.668 0.0000000000
35691  -46.828  -38.936  -3.439 0.0000000000
35695  -25.131  -39.803  -4.065 0.0000000000
35696  -34.578  -39.521  -4.828 0.0000000000
35697  -46.759  -39.143  -4.640 0.0000000000
35698  -47.043  -39.068  -4.232 0.0000000000
35701  -25.700  -39.660  -4.513 0.0000000000
35702  -26.470  -39.571  -4.975 0.0000000000
35703  -27.009  -39.077  -5.202 0.0000000000
35704  -28.639  -38.855  -5.559 0.0000000000
35705  -29.460  -39.303  -5.784 0.0000000000
35706  -34.708  -39.843  -6.055 0.0000000000
35707  -30.331  -39.419  -6.109 0.0000000000
35708  -31.091  -39.680  -6.461 0.0000000000
35709  -32.555  -39.397  -7.260 0.0000000000
35710  -35.016  -40.157  -7.440 0.0000000000
35711  -35.297  -39.187  -7.077 0.0000000000
35712  -33.646  -39.675  -7.953 0.0000000000
35713  -34.918  -40.209  -8.149 0.0000000000
35714  -35.533  -39.465  -8.209 0.0000000000
35715  -35.342  -39.040  -8.757 0.0000000000
35716  -35.470  -39.280  -8.563 0.0000000000
36521  -25.548  -38.175  -3.536 0.0000000000
36522  -26.247  -38.167  -3.213 0.0000000000
36523  -27.670  -37.767  -3.081 0.0000000000
36524  -28.051  -38.488  -3.238 0.0000000000
36525  -29.006  -38.399  -3.080 0.0000000000
36532  -25.327  -38.815  -3.845 0.0000000000
36533  -34.791  -38.420  -3.778 0.0000000000
36538  -25.344  -38.569  -4.104 0.0000000000
36539  -34.586  -38.616  -4.527 0.0000000000
36542  -25.744  -38.401  -4.395 0.0000000000
36543  -26.654  -38.359  -4.969 0.0000000000
36544  -29.340  -38.565  -5.636 0.0000000000
36545  -30.081  -38.649  -5.805 0.0000000000
36546  -34.682  -38.865  -5.594 0.0000000000
36549  -30.869  -38.833  -6.172 0.0000000000
36550  -31.408  -38.380  -6.317 0.0000000000
36551  -32.176  -38.508  -6.773 0.0000000000
36552  -35.931  -38.902  -8.158 0.0000000000
36553  -33.095  -38.722  -7.568 0.0000000000
36554  -34.235  -38.984  -8.350 0.0000000000
36555  -36.033  -38.813  -8.778 0.0000000000
36556  -35.858  -38.487  -9.039 0.0000000000
36557  -35.973  -38.828  -8.949 0.0000000000
37307  -26.260  -36.960  -2.787 0.0000000000
37314  -25.662  -37.543  -3.141 0.0000000000
37315  -27.374  -37.018  -2.807 0.0000000000
37316  -28.390  -37.215  -2.791 0.0000000000
37317  -29.317  -37.595  -2.726 0.0000000000
37326  -25.444  -37.228  -3.393 0.0000000000
37327  -34.689  -37.779  -4.212 0.0000000000
37332  -25.380  -37.441  -3.700 0.0000000000
37337  -25.510  -37.668  -4.108 0.0000000000
37338  -26.273  -37.723  -4.643 0.0000000000
37339  -27.137  -37.652  -5.068 0.0000000000
37340  -28.032  -37.473  -5.298 0.0000000000
37341  -28.938  -37.270  -5.405 0.0000000000
37342  -30.531  -36.865  -5.625 0.0000000000
37343  -34.628  -37.941  -5.183 0.0000000000
37344  -34.978  -37.381  -5.870 0.0000000000
37348  -30.692  -37.808  -5.832 0.0000000000
37349  -31.272  -36.929  -5.895 0.0000000000
37350  -32.188  -36.830  -6.492 0.0000000000
37351  -35.099  -38.205  -6.345 0.0000000000
37352  -35.701  -37.493  -7.125 0.0000000000
37353  -32.643  -37.787  -7.030 0.0000000000
37354  -33.654  -37.994  -7.919 0.0000000000
37355  -34.211  -37.239  -8.328 0.0000000000
37356  -36.331  -38.154  -8.508 0.0000000000
37357  -36.575  -37.333  -8.868 0.0000000000
37358  -34.833  -38.244  -8.707 0.0000000000
37359  -35.667  -37.501  -8.980 0.0000000000
37360  -36.329  -38.144  -8.954 0.0000000000
38162  -25.268  -36.039  -2.818 0.0000000000
38163  -26.935  -36.188  -2.570 0.0000000000
38164  -27.784  -35.509  -2.500 0.0000000000
38171  -25.065  -36.215  -3.147 0.0000000000
38172  -25.418  -36.769  -2.956 0.0000000000
38173  -28.243  -36.312  -2.592 0.0000000000
38174  -29.194  -36.731  -2.606 0.0000000000
38175  -30.014  -36.273  -2.516 0.0000000000
38181  -25.140  -36.430  -3.386 0.0000000000
38186  -25.414  -36.738  -4.059 0.0000000000
38187  -26.514  -36.445  -4.612 0.0000000000
38188  -27.614  -36.045  -4.877 0.0000000000
38189  -28.523  -35.830  -5.076 0.0000000000
38190  -34.805  -36.946  -4.851 0.0000000000
38191  -35.140  -36.205  -4.166 0.0000000000
38196  -26.022  -37.148  -4.443 0.0000000000
38197  -27.405  -36.898  -4.978 0.0000000000
38198  -28.273  -36.651  -5.188 0.0000000000
38199  -29.967  -36.264  -5.433 0.0000000000
38200  -30.793  -36.168  -5.617 0.0000000000
38201  -35.253  -36.496  -6.024 0.0000000000
38205  -31.582  -36.116  -5.969 0.0000000000
38206  -32.782  -36.214  -6.867 0.0000000000
38207  -36.081  -36.539  -7.399 0.0000000000
38208  -33.164  -37.048  -7.344 0.0000000000
38209  -33.612  -36.298  -7.684 0.0000000000
38210  -34.721  -36.381  -8.549 0.0000000000
38211  -36.578  -36.460  -8.522 0.0000000000
38212  -36.553  -35.876  -8.843 0.0000000000
38213  -35.924  -36.325  -9.010 0.0000000000
38214  -36.529  -36.095  -8.907 0.0000000000
39045  -24.615  -34.810  -2.800 0.0000000000
39046  -25.187  -35.315  -2.656 0.0000000000
39047  -25.992  -35.724  -2.521 0.0000000000
39048  -26.857  -35.297  -2.460 0.0000000000
39058  -24.523  -34.982  -2.981 0.0000000000
39059  -24.770  -35.531  -2.945 0.0000000000
39060  -28.585  -35.531  -2.530 0.0000000000
39061  -29.204  -35.909  -2.552 0.0000000000
39070  -24.621  -35.167  -3.153 0.0000000000
39071  -24.801  -35.678  -3.073 0.0000000000
39072  -35.409  -35.517  -3.706 0.0000000000
39077  -24.914  -35.760  -3.311 0.0000000000
39078  -25.671  -35.851  -4.260 0.0000000000
39079  -26.831  -35.337  -4.602 0.0000000000
39080  -27.957  -35.167  -4.816 0.0000000000
39081  -35.252  -35.500  -4.564 0.0000000000
39086  -28.802  -35.032  -4.985 0.0000000000
39087  -29.340  -35.644  -5.235 0.0000000000
39088  -30.182  -35.364  -5.389 0.0000000000
39089  -31.113  -35.394  -5.660 0.0000000000
39090  -35.489  -34.979  -6.038 0.0000000000
39095  -32.518  -35.590  -6.545 0.0000000000
39096  -33.133  -35.522  -7.089 0.0000000000
39097  -36.194  -34.998  -7.423 0.0000000000
39098  -34.031  -35.463  -7.896 0.0000000000
39099  -35.161  -35.445  -8.676 0.0000000000
39100  -36.546  -35.507  -8.435 0.0000000000
39101  -36.526  -35.154  -8.812 0.0000000000
39102  -36.159  -35.337  -9.046 0.0000000000
39103  -36.497  -35.211  -8.844 0.0000000000
39931  -24.407  -34.028  -2.590 0.0000000000
39932  -25.171  -34.578  -2.508 0.0000000000
39933  -26.427  -34.194  -2.407 0.0000000000
39934  -27.204  -34.168  -2.457 0.0000000000
39935  -27.909  -34.183  -2.510 0.0000000000
39943  -24.258  -34.209  -2.826 0.0000000000
39944  -28.684  -34.140  -2.642 0.0000000000
39945  -29.248  -34.978  -2.604 0.0000000000
39946  -30.324  -34.862  -2.735 0.0000000000
39948  -35.720  -34.311  -2.705 0.0000000000
39954  -24.225  -34.399  -3.029 0.0000000000
39955  -35.616  -34.113  -3.514 0.0000000000
39960  -24.675  -34.589  -3.410 0.0000000000
39961  -25.553  -34.381  -4.079 0.0000000000
39962  -26.558  -34.431  -4.437 0.0000000000
39963  -27.482  -34.429  -4.644 0.0000000000
39964  -28.331  -34.362  -4.835 0.0000000000
39965  -35.448  -34.729  -4.225 0.0000000000
39969  -29.136  -34.246  -5.070 0.0000000000
39970  -29.907  -34.484  -5.308 0.0000000000
39971  -30.670  -34.640  -5.519 0.0000000000
39972  -31.374  -34.717  -5.760 0.0000000000
39973  -35.436  -34.309  -5.331 0.0000000000
39979  -31.942  -34.231  -6.129 0.0000000000
39980  -32.620  -34.896  -6.561 0.0000000000
39981  -33.372  -34.696  -7.252 0.0000000000
39982  -36.327  -33.955  -7.856 0.0000000000
39983  -43.542  -34.977  -7.911 0.0000000000
39984  -34.489  -34.485  -8.211 0.0000000000
39985  -35.643  -34.684  -8.878 0.0000000000
39986  -36.511  -34.663  -8.511 0.0000000000
39987  -43.052  -34.769  -7.768 0.0000000000
39988  -43.488  -35.282  -8.727 0.0000000000
39989  -44.183  -35.413  -9.514 0.0000000000
39990  -45.208  -35.526  -9.511 0.0000000000
39991  -46.440  -35.534  -9.702 0.0000000000
39992  -47.487  -35.343  -9.772 0.0000000000
39993  -48.228  -35.098  -9.570 0.0000000000
39994  -36.293  -34.348  -9.053 0.0000000000
39995  -36.457  -34.344  -8.844 0.0000000000
39996  -42.904  -34.975  -8.689 0.0000000000
39997  -43.450  -35.216  -9.438 0.0000000000
39998  -43.922  -35.214  -9.796 0.0000000000
39999  -42.937  -34.859  -9.405 0.0000000000
40000  -43.420  -34.842  -9.784 0.0000000000
40839  -41.146  -34.447  0.439 0.0000000000
40840  -42.085  -33.822  0.894 0.0000000000
40853  -40.562  -34.187  0.145 0.0000000000
40854  -41.045  -34.164  -0.607 0.0000000000
40855  -41.752  -33.909  -0.036 0.0000000000
40856  -42.882  -33.262  0.755 0.0000000000
40863  -40.834  -33.955  -0.635 0.0000000000
40864  -41.332  -33.936  -1.425 0.0000000000
40865  -41.559  -33.961  -1.095 0.0000000000
40870  -24.123  -33.194  -2.272 0.0000000000
40871  -24.869  -33.867  -2.379 0.0000000000
40872  -26.836  -33.599  -2.452 0.0000000000
40873  -28.097  -33.551  -2.628 0.0000000000
40878  -41.542  -34.026  -2.137 0.0000000000
40879  -41.641  -34.110  -1.949 0.0000000000
40880  -42.194  -34.036  -2.226 0.0000000000
40885  -24.124  -33.507  -2.561 0.0000000000
40886  -28.853  -33.359  -2.862 0.0000000000
40887  -29.662  -33.975  -2.918 0.0000000000
40891  -35.793  -33.572  -2.896 0.0000000000
40893  -41.795  -34.158  -2.631 0.0000000000
40894  -42.065  -34.210  -2.921 0.0000000000
40899  -35.657  -33.332  -3.693 0.0000000000
40900  -41.818  -34.072  -3.091 0.0000000000
40901  -42.059  -34.107  -3.643 0.0000000000
40906  -24.235  -33.908  -3.190 0.0000000000
40907  -24.970  -33.963  -3.672 0.0000000000
40908  -25.720  -33.503  -4.036 0.0000000000
40909  -27.104  -33.689  -4.523 0.0000000000
40910  -27.928  -33.652  -4.740 0.0000000000
40911  -35.520  -33.073  -4.597 0.0000000000
40912  -42.379  -33.802  -4.381 0.0000000000
40913  -42.514  -33.982  -4.541 0.0000000000
40914  -43.047  -34.043  -4.822 0.0000000000
40919  -28.595  -33.701  -4.922 0.0000000000
40920  -29.146  -33.411  -5.155 0.0000000000
40921  -30.318  -33.889  -5.459 0.0000000000
40922  -31.105  -33.992  -5.685 0.0000000000
40923  -42.578  -33.832  -4.927 0.0000000000
40924  -42.774  -34.095  -5.304 0.0000000000
40925  -43.396  -33.992  -5.559 0.0000000000
40926  -44.120  -34.089  -6.522 0.0000000000
40931  -32.779  -34.060  -6.677 0.0000000000
40932  -33.509  -33.821  -7.369 0.0000000000
40933  -35.821  -33.209  -7.240 0.0000000000
40934  -42.809  -34.289  -6.920 0.0000000000
40935  -43.134  -34.454  -6.623 0.0000000000
40936  -44.140  -34.826  -7.687 0.0000000000
40937  -45.272  -34.458  -7.503 0.0000000000
40938  -46.553  -34.619  -7.859 0.0000000000
40939  -47.702  -34.667  -8.119 0.0000000000
40940  -48.751  -34.589  -8.403 0.0000000000
40941  -49.591  -34.274  -8.745 0.0000000000
40942  -34.480  -33.431  -8.235 0.0000000000
40943  -35.576  -33.879  -8.882 0.0000000000
40944  -36.494  -33.503  -8.861 0.0000000000
40945  -42.691  -34.373  -7.759 0.0000000000
40946  -44.967  -35.357  -8.652 0.0000000000
40947  -45.955  -35.534  -8.962 0.0000000000
40948  -47.107  -35.459  -9.136 0.0000000000
40949  -48.150  -35.248  -9.190 0.0000000000
40950  -48.895  -34.778  -9.203 0.0000000000
40951  -49.555  -34.212  -9.245 0.0000000000
40952  -36.216  -33.538  -9.183 0.0000000000
40953  -36.400  -32.888  -9.140 0.0000000000
40954  -42.571  -34.205  -8.827 0.0000000000
40955  -43.234  -34.025  -9.895 0.0000000000
40956  -43.818  -34.920  -9.881 0.0000000000
40957  -45.729  -35.374  -9.744 0.0000000000
40958  -46.824  -35.327  -9.909 0.0000000000
40959  -48.010  -35.082  -9.786 0.0000000000
40960  -48.771  -34.579  -9.435 0.0000000000
40961  -49.491  -34.124  -9.363 0.0000000000
40962  -42.881  -34.180  -9.709 0.0000000000
41726  -43.795  -32.773  0.761 0.0000000000
41736  -40.228  -33.186  0.164 0.0000000000
41737  -42.660  -33.282  -0.278 0.0000000000
41738  -43.661  -32.650  0.038 0.0000000000
41739  -44.515  -32.450  0.393 0.0000000000
41744  -23.344  -31.808  -1.824 0.0000000000
41745  -24.011  -31.916  -1.608 0.0000000000
41749  -40.566  -32.920  -0.343 0.0000000000
41750  -40.924  -33.368  -1.074 0.0000000000
41751  -42.331  -33.681  -1.356 0.0000000000
41752  -43.324  -32.806  -0.815 0.0000000000
41753  -44.326  -32.281  -0.444 0.0000000000
41754  -45.409  -32.155  -0.076 0.0000000000
41762  -23.375  -32.167  -1.968 0.0000000000
41763  -23.598  -32.437  -1.928 0.0000000000
41764  -24.213  -32.463  -1.802 0.0000000000
41765  -25.372  -32.151  -2.036 0.0000000000
41766  -27.365  -32.284  -2.675 0.0000000000
41767  -28.150  -32.814  -2.800 0.0000000000
41772  -41.288  -33.547  -1.820 0.0000000000
41773  -43.972  -32.359  -1.344 0.0000000000
41778  -23.618  -32.565  -2.327 0.0000000000
41779  -23.830  -32.843  -2.270 0.0000000000
41782  -35.898  -32.801  -3.027 0.0000000000
41784  -41.679  -33.270  -3.087 0.0000000000
41785  -42.739  -33.704  -3.297 0.0000000000
41786  -43.682  -32.730  -2.751 0.0000000000
41791  -24.976  -32.532  -3.569 0.0000000000
41792  -35.692  -32.540  -3.855 0.0000000000
41794  -41.970  -33.730  -3.775 0.0000000000
41795  -43.049  -33.843  -4.135 0.0000000000
41796  -43.772  -32.877  -3.502 0.0000000000
41800  -24.900  -33.271  -3.581 0.0000000000
41801  -25.787  -32.705  -3.975 0.0000000000
41802  -26.603  -32.993  -4.377 0.0000000000
41803  -27.532  -32.938  -4.650 0.0000000000
41804  -28.413  -32.909  -4.945 0.0000000000
41805  -35.497  -32.257  -4.826 0.0000000000
41806  -43.960  -33.351  -4.841 0.0000000000
41807  -44.996  -32.754  -5.309 0.0000000000
41808  -45.861  -32.185  -5.031 0.0000000000
41812  -29.245  -32.604  -5.285 0.0000000000
41813  -30.161  -32.360  -5.534 0.0000000000
41814  -31.075  -32.442  -5.813 0.0000000000
41815  -35.471  -32.870  -5.924 0.0000000000
41816  -42.482  -33.578  -5.178 0.0000000000
41817  -44.314  -33.476  -5.645 0.0000000000
41818  -45.113  -33.379  -6.188 0.0000000000
41819  -46.693  -32.604  -5.814 0.0000000000
41820  -47.591  -32.946  -6.288 0.0000000000
41822  -49.421  -32.693  -6.650 0.0000000000
41827  -31.924  -32.445  -6.350 0.0000000000
41828  -32.647  -32.825  -6.728 0.0000000000
41829  -33.407  -32.896  -7.390 0.0000000000
41830  -36.010  -32.369  -7.778 0.0000000000
41831  -42.556  -33.843  -6.823 0.0000000000
41832  -46.084  -33.461  -6.592 0.0000000000
41833  -47.127  -33.607  -6.891 0.0000000000
41834  -48.171  -33.763  -7.176 0.0000000000
41835  -49.190  -33.746  -7.552 0.0000000000
41836  -50.099  -33.549  -8.260 0.0000000000
41837  -50.890  -33.098  -8.945 0.0000000000
41838  -33.604  -32.157  -7.717 0.0000000000
41839  -35.657  -32.941  -9.129 0.0000000000
41840  -36.561  -32.595  -8.993 0.0000000000
41841  -42.455  -33.499  -7.768 0.0000000000
41842  -46.100  -33.430  -8.716 0.0000000000
41843  -47.396  -33.363  -8.967 0.0000000000
41844  -48.716  -33.120  -9.285 0.0000000000
41845  -50.148  -33.823  -9.009 0.0000000000
41846  -34.435  -31.867  -8.444 0.0000000000
41847  -36.110  -32.096  -9.371 0.0000000000
41848  -36.499  -31.818  -9.093 0.0000000000
41849  -42.562  -33.311  -9.441 0.0000000000
41850  -43.626  -33.829  -9.770 0.0000000000
41851  -44.635  -34.813  -9.792 0.0000000000
41852  -45.990  -34.925  -9.902 0.0000000000
41853  -47.090  -34.738  -9.801 0.0000000000
41854  -48.190  -34.502  -9.658 0.0000000000
41855  -49.325  -33.931  -9.477 0.0000000000
41856  -50.208  -33.479  -9.194 0.0000000000
41857  -51.127  -32.663  -9.185 0.0000000000
41858  -42.860  -33.121  -10.087 0.0000000000
41859  -43.185  -32.737  -10.276 0.0000000000
41860  -42.942  -32.501  -10.370 0.0000000000
42671  -23.355  -31.047  -1.624 0.0000000000
42672  -24.096  -30.992  -1.430 0.0000000000
42677  -40.149  -31.825  0.105 0.0000000000
42678  -40.762  -32.015  -0.540 0.0000000000
42679  -45.008  -31.918  -1.064 0.0000000000
42680  -45.941  -31.901  -0.859 0.0000000000
42681  -46.727  -31.821  -1.222 0.0000000000
42688  -23.196  -31.435  -1.858 0.0000000000
42689  -24.569  -31.391  -1.608 0.0000000000
42690  -25.702  -31.156  -2.011 0.0000000000
42691  -28.208  -31.919  -3.054 0.0000000000
42697  -41.215  -32.216  -1.265 0.0000000000
42698  -41.537  -32.430  -2.206 0.0000000000
42699  -44.530  -31.960  -2.103 0.0000000000
42700  -45.813  -31.638  -1.760 0.0000000000
42701  -46.795  -31.599  -2.045 0.0000000000
42708  -23.209  -31.695  -2.096 0.0000000000
42709  -27.439  -31.283  -2.820 0.0000000000
42710  -29.116  -31.544  -3.350 0.0000000000
42711  -30.074  -31.186  -3.439 0.0000000000
42713  -32.162  -30.817  -2.395 0.0000000000
42715  -44.510  -32.069  -3.059 0.0000000000
42716  -45.401  -31.620  -2.687 0.0000000000
42717  -46.985  -31.541  -2.875 0.0000000000
42728  -23.609  -31.915  -2.558 0.0000000000
42729  -24.495  -31.895  -3.323 0.0000000000
42730  -35.715  -31.742  -4.005 0.0000000000
42732  -42.125  -32.403  -3.771 0.0000000000
42733  -44.532  -32.285  -3.715 0.0000000000
42734  -45.222  -31.763  -3.547 0.0000000000
42735  -46.819  -31.581  -3.766 0.0000000000
42744  -25.765  -31.814  -3.897 0.0000000000
42745  -26.720  -31.587  -4.435 0.0000000000
42746  -27.610  -31.500  -4.777 0.0000000000
42747  -27.863  -32.280  -4.811 0.0000000000
42748  -35.485  -31.393  -4.916 0.0000000000
42749  -42.263  -32.922  -4.683 0.0000000000
42750  -44.932  -32.257  -4.396 0.0000000000
42751  -46.872  -31.882  -4.749 0.0000000000
42757  -28.566  -31.868  -5.147 0.0000000000
42758  -29.440  -31.856  -5.413 0.0000000000
42759  -31.318  -31.689  -6.073 0.0000000000
42760  -35.404  -31.872  -6.066 0.0000000000
42761  -42.419  -32.603  -5.570 0.0000000000
42762  -47.635  -32.367  -5.510 0.0000000000
42765  -50.591  -31.593  -6.834 0.0000000000
42770  -30.767  -31.103  -5.867 0.0000000000
42771  -31.403  -30.905  -6.309 0.0000000000
42772  -31.990  -31.508  -6.566 0.0000000000
42773  -35.722  -31.293  -7.444 0.0000000000
42774  -42.426  -32.350  -6.349 0.0000000000
42775  -50.450  -32.610  -7.614 0.0000000000
42776  -51.311  -32.155  -8.304 0.0000000000
42777  -32.572  -31.250  -7.046 0.0000000000
42778  -33.451  -31.362  -7.755 0.0000000000
42779  -36.576  -31.533  -8.903 0.0000000000
42780  -42.339  -32.435  -7.923 0.0000000000
42781  -46.446  -32.117  -7.777 0.0000000000
42782  -47.689  -32.067  -8.157 0.0000000000
42783  -51.593  -32.250  -9.122 0.0000000000
42784  -52.018  -31.512  -9.229 0.0000000000
42785  -34.791  -31.097  -8.759 0.0000000000
42786  -36.160  -31.131  -9.335 0.0000000000
42787  -36.425  -30.809  -9.128 0.0000000000
42788  -42.377  -32.354  -9.077 0.0000000000
42789  -43.637  -32.711  -9.815 0.0000000000
42790  -44.005  -31.931  -9.031 0.0000000000
42791  -49.909  -32.855  -9.433 0.0000000000
42792  -50.824  -32.480  -9.391 0.0000000000
42793  -51.502  -32.003  -9.319 0.0000000000
42795  -43.651  -31.942  -10.218 0.0000000000
42796  -43.057  -31.891  -10.515 0.0000000000
43660  -23.369  -30.383  -1.535 0.0000000000
43661  -23.884  -30.280  -1.217 0.0000000000
43662  -24.366  -29.907  -1.177 0.0000000000
43663  -32.839  -30.098  -0.699 0.0000000000
43671  -23.160  -30.714  -1.739 0.0000000000
43672  -25.156  -30.415  -1.536 0.0000000000
43673  -26.091  -29.835  -1.753 0.0000000000
43674  -26.622  -30.619  -2.384 0.0000000000
43675  -31.788  -30.047  -1.916 0.0000000000
43676  -32.514  -30.426  -1.563 0.0000000000
43682  -41.075  -31.056  -0.843 0.0000000000
43687  -22.927  -30.403  -2.036 0.0000000000
43688  -27.633  -30.281  -2.768 0.0000000000
43689  -28.345  -30.860  -3.207 0.0000000000
43690  -29.332  -30.467  -3.270 0.0000000000
43691  -30.383  -30.169  -3.016 0.0000000000
43692  -31.356  -30.492  -2.743 0.0000000000
43695  -42.083  -30.846  -2.352 0.0000000000
43703  -23.193  -30.910  -2.180 0.0000000000
43704  -24.129  -30.992  -2.926 0.0000000000
43705  -25.237  -30.965  -3.586 0.0000000000
43706  -35.758  -30.935  -4.072 0.0000000000
43708  -42.349  -31.046  -3.260 0.0000000000
43718  -26.267  -30.803  -4.199 0.0000000000
43719  -26.961  -30.284  -4.525 0.0000000000
43720  -35.488  -30.527  -4.957 0.0000000000
43721  -35.805  -30.084  -4.136 0.0000000000
43728  -27.586  -30.627  -4.799 0.0000000000
43729  -28.292  -30.899  -5.125 0.0000000000
43730  -29.230  -30.992  -5.426 0.0000000000
43731  -30.116  -30.584  -5.686 0.0000000000
43732  -35.327  -30.958  -5.995 0.0000000000
43736  -51.678  -30.014  -6.537 0.0000000000
43740  -30.834  -30.299  -6.069 0.0000000000
43741  -31.514  -30.131  -6.527 0.0000000000
43742  -35.658  -29.661  -7.442 0.0000000000
43743  -42.454  -31.479  -6.098 0.0000000000
43747  -51.448  -31.021  -7.421 0.0000000000
43748  -52.289  -30.467  -8.184 0.0000000000
43749  -32.809  -30.595  -7.367 0.0000000000
43750  -33.877  -30.419  -8.244 0.0000000000
43751  -36.323  -30.446  -8.620 0.0000000000
43754  -50.066  -30.721  -8.805 0.0000000000
43755  -52.038  -31.539  -8.799 0.0000000000
43756  -52.406  -30.789  -9.106 0.0000000000
43757  -35.435  -30.139  -9.162 0.0000000000
43758  -36.271  -30.305  -9.243 0.0000000000
43759  -36.141  -29.590  -9.196 0.0000000000
43761  -44.108  -31.306  -9.472 0.0000000000
43762  -50.251  -31.866  -9.343 0.0000000000
43763  -50.988  -31.486  -9.484 0.0000000000
43764  -51.729  -31.113  -9.454 0.0000000000
43765  -52.232  -30.754  -9.318 0.0000000000
43767  -43.428  -31.709  -10.475 0.0000000000
43768  -43.975  -31.148  -10.682 0.0000000000
43770  -43.550  -31.092  -10.693 0.0000000000
43771  -44.096  -30.593  -11.129 0.0000000000
44634  -33.913  -29.241  1.342 0.0000000000
44642  -32.933  -28.901  0.343 0.0000000000
44643  -33.446  -29.252  0.749 0.0000000000
44647  -23.465  -29.959  -1.393 0.0000000000
44648  -24.078  -29.672  -1.176 0.0000000000
44649  -24.495  -29.161  -1.159 0.0000000000
44650  -31.759  -28.966  -0.577 0.0000000000
44651  -32.496  -29.312  -0.251 0.0000000000
44652  -33.223  -29.778  0.167 0.0000000000
44656  -23.261  -29.963  -1.647 0.0000000000
44657  -25.218  -29.511  -1.265 0.0000000000
44658  -25.942  -29.116  -1.272 0.0000000000
44659  -27.063  -29.699  -2.183 0.0000000000
44660  -28.601  -29.158  -1.894 0.0000000000
44661  -30.536  -29.146  -1.376 0.0000000000
44662  -31.363  -29.371  -1.280 0.0000000000
44663  -32.158  -29.665  -1.059 0.0000000000
44670  -23.209  -29.613  -2.011 0.0000000000
44671  -28.522  -29.905  -2.902 0.0000000000
44672  -29.468  -29.631  -2.617 0.0000000000
44673  -30.238  -29.500  -2.208 0.0000000000
44674  -30.993  -29.717  -2.190 0.0000000000
44682  -23.155  -29.993  -2.087 0.0000000000
44683  -23.821  -30.038  -2.576 0.0000000000
44684  -24.762  -30.073  -3.308 0.0000000000
44693  -25.437  -29.211  -3.602 0.0000000000
44694  -26.314  -29.821  -4.167 0.0000000000
44695  -27.009  -29.493  -4.537 0.0000000000
44696  -35.502  -29.661  -5.042 0.0000000000
44697  -35.856  -29.227  -4.272 0.0000000000
44702  -53.733  -28.830  -5.766 0.0000000000
44707  -27.742  -29.339  -4.905 0.0000000000
44708  -28.707  -29.311  -5.354 0.0000000000
44709  -29.445  -30.019  -5.538 0.0000000000
44710  -30.199  -29.740  -5.820 0.0000000000
44711  -35.341  -29.228  -6.078 0.0000000000
44719  -30.978  -29.380  -6.283 0.0000000000
44720  -31.719  -29.490  -6.713 0.0000000000
44721  -35.910  -29.093  -8.256 0.0000000000
44728  -52.691  -29.463  -7.382 0.0000000000
44729  -53.580  -28.739  -8.436 0.0000000000
44730  -33.062  -29.786  -7.604 0.0000000000
44731  -34.209  -29.501  -8.488 0.0000000000
44732  -36.118  -29.165  -9.033 0.0000000000
44735  -49.107  -29.812  -7.863 0.0000000000
44736  -50.134  -29.410  -8.400 0.0000000000
44737  -51.130  -29.203  -8.820 0.0000000000
44738  -52.906  -29.746  -8.875 0.0000000000
44739  -53.365  -28.946  -9.134 0.0000000000
44740  -35.435  -29.128  -9.054 0.0000000000
44741  -35.991  -28.901  -9.061 0.0000000000
44743  -44.349  -30.548  -9.614 0.0000000000
44744  -51.003  -30.347  -9.259 0.0000000000
44745  -51.913  -30.098  -9.411 0.0000000000
44746  -52.664  -29.808  -9.192 0.0000000000
44748  -44.440  -30.454  -10.867 0.0000000000
45646  -34.660  -28.127  1.888 0.0000000000
45659  -32.984  -28.101  0.220 0.0000000000
45660  -33.610  -28.482  0.821 0.0000000000
45664  -23.572  -29.404  -1.489 0.0000000000
45665  -24.045  -29.050  -1.268 0.0000000000
45666  -27.978  -27.992  -0.703 0.0000000000
45667  -28.781  -28.031  -0.712 0.0000000000
45668  -29.598  -27.892  -0.711 0.0000000000
45669  -30.411  -27.818  -0.687 0.0000000000
45670  -30.972  -28.573  -0.740 0.0000000000
45671  -32.275  -28.443  -0.136 0.0000000000
45675  -23.769  -28.559  -1.654 0.0000000000
45676  -25.337  -28.733  -1.136 0.0000000000
45677  -26.480  -27.979  -0.910 0.0000000000
45678  -27.242  -28.312  -0.924 0.0000000000
45679  -28.208  -28.489  -0.951 0.0000000000
45680  -30.072  -28.473  -0.864 0.0000000000
45686  -23.438  -29.084  -1.818 0.0000000000
45687  -23.724  -28.151  -1.986 0.0000000000
45697  -23.538  -29.209  -2.228 0.0000000000
45698  -23.961  -28.111  -2.369 0.0000000000
45699  -24.668  -28.106  -3.165 0.0000000000
45708  -25.609  -28.274  -3.732 0.0000000000
45709  -26.324  -28.875  -4.167 0.0000000000
45710  -27.120  -28.597  -4.623 0.0000000000
45711  -35.550  -28.781  -5.175 0.0000000000
45712  -36.006  -28.289  -4.371 0.0000000000
45715  -27.979  -28.481  -5.073 0.0000000000
45716  -28.680  -28.378  -5.410 0.0000000000
45717  -29.369  -28.618  -5.623 0.0000000000
45718  -29.923  -27.929  -5.948 0.0000000000
45719  -35.447  -28.377  -6.227 0.0000000000
45721  -53.997  -28.389  -7.316 0.0000000000
45722  -54.595  -27.990  -7.127 0.0000000000
45727  -30.805  -28.392  -6.274 0.0000000000
45728  -31.650  -28.705  -6.686 0.0000000000
45729  -32.350  -29.228  -7.136 0.0000000000
45730  -35.626  -28.161  -7.599 0.0000000000
45738  -54.287  -27.901  -8.487 0.0000000000
45743  -33.260  -28.944  -7.739 0.0000000000
45744  -34.376  -28.598  -8.519 0.0000000000
45745  -35.708  -28.367  -8.612 0.0000000000
45748  -50.437  -28.205  -8.094 0.0000000000
45749  -51.348  -28.214  -8.487 0.0000000000
45750  -52.200  -28.278  -8.875 0.0000000000
45751  -53.836  -28.247  -8.998 0.0000000000
45752  -54.121  -27.816  -8.744 0.0000000000
45753  -35.414  -28.285  -8.846 0.0000000000
45754  -35.715  -28.485  -8.786 0.0000000000
45756  -52.116  -29.052  -9.234 0.0000000000
45757  -52.962  -28.785  -9.286 0.0000000000
46667  -35.016  -27.340  1.754 0.0000000000
46681  -33.664  -27.582  0.416 0.0000000000
46682  -34.343  -27.674  1.111 0.0000000000
46690  -24.493  -28.274  -1.355 0.0000000000
46691  -31.210  -27.690  -0.606 0.0000000000
46692  -32.543  -27.707  -0.194 0.0000000000
46693  -33.132  -27.375  -0.138 0.0000000000
46700  -24.083  -27.596  -1.880 0.0000000000
46701  -24.859  -27.378  -1.577 0.0000000000
46702  -26.002  -27.397  -1.387 0.0000000000
46703  -27.254  -27.724  -0.978 0.0000000000
46704  -29.078  -27.482  -1.023 0.0000000000
46705  -29.960  -27.310  -1.046 0.0000000000
46706  -30.831  -27.187  -1.019 0.0000000000
46707  -31.649  -27.083  -0.917 0.0000000000
46708  -32.523  -27.030  -0.658 0.0000000000
46717  -24.310  -27.138  -2.409 0.0000000000
46729  -24.398  -27.134  -2.915 0.0000000000
46730  -25.134  -27.331  -3.520 0.0000000000
46741  -24.736  -26.539  -3.229 0.0000000000
46742  -26.201  -27.709  -4.206 0.0000000000
46743  -27.255  -27.633  -4.788 0.0000000000
46744  -35.642  -27.903  -5.397 0.0000000000
46745  -36.031  -27.371  -4.835 0.0000000000
46755  -28.218  -27.547  -5.324 0.0000000000
46756  -28.831  -27.184  -5.642 0.0000000000
46757  -35.755  -27.194  -5.584 0.0000000000
46765  -31.358  -27.991  -6.530 0.0000000000
46766  -32.494  -28.408  -7.194 0.0000000000
46767  -35.555  -27.414  -6.520 0.0000000000
46778  -54.610  -27.283  -8.155 0.0000000000
46782  -33.451  -28.075  -7.797 0.0000000000
46783  -34.584  -27.784  -8.491 0.0000000000
46784  -34.787  -27.051  -8.413 0.0000000000
46785  -35.589  -27.382  -7.942 0.0000000000
46790  -52.830  -27.966  -8.921 0.0000000000
46791  -53.648  -27.863  -8.948 0.0000000000
46792  -35.389  -27.771  -8.594 0.0000000000
46793  -35.511  -27.819  -8.456 0.0000000000
47727  -34.924  -26.823  1.115 0.0000000000
47739  -33.694  -26.983  -0.009 0.0000000000
47740  -34.336  -26.843  0.406 0.0000000000
47741  -35.020  -26.203  0.563 0.0000000000
47752  -33.371  -26.719  -0.543 0.0000000000
47758  -24.554  -26.799  -2.187 0.0000000000
47759  -25.100  -26.262  -2.439 0.0000000000
47760  -25.892  -26.657  -2.000 0.0000000000
47761  -27.506  -26.703  -2.188 0.0000000000
47762  -28.401  -27.117  -1.584 0.0000000000
47763  -29.438  -26.912  -1.927 0.0000000000
47764  -30.496  -26.834  -1.767 0.0000000000
47765  -31.362  -26.730  -1.636 0.0000000000
47766  -32.198  -26.605  -1.470 0.0000000000
47767  -33.042  -26.405  -1.300 0.0000000000
47768  -33.832  -26.125  -1.022 0.0000000000
47775  -24.567  -26.470  -2.895 0.0000000000
47776  -24.723  -26.174  -2.826 0.0000000000
47777  -27.650  -26.106  -2.983 0.0000000000
47778  -28.488  -26.625  -2.600 0.0000000000
47779  -29.379  -26.530  -3.210 0.0000000000
47780  -30.281  -26.678  -2.950 0.0000000000
47781  -31.138  -26.597  -2.672 0.0000000000
47782  -31.939  -26.423  -2.390 0.0000000000
47783  -32.710  -26.165  -2.186 0.0000000000
47796  -24.826  -25.978  -3.169 0.0000000000
47797  -30.161  -26.295  -3.834 0.0000000000
47798  -30.947  -26.385  -3.663 0.0000000000
47799  -31.761  -26.281  -3.385 0.0000000000
47811  -26.391  -26.653  -4.491 0.0000000000
47812  -27.320  -26.635  -5.044 0.0000000000
47813  -36.505  -26.735  -4.514 0.0000000000
47826  -28.234  -26.431  -5.576 0.0000000000
47827  -29.146  -26.635  -5.893 0.0000000000
47828  -35.735  -26.697  -6.083 0.0000000000
47829  -36.089  -26.613  -5.356 0.0000000000
47837  -29.887  -26.963  -6.087 0.0000000000
47838  -30.483  -26.441  -6.358 0.0000000000
47839  -31.242  -26.761  -6.507 0.0000000000
47840  -32.022  -26.605  -6.758 0.0000000000
47841  -35.656  -26.523  -7.025 0.0000000000
47842  -36.016  -25.933  -6.198 0.0000000000
47852  -33.068  -26.366  -7.363 0.0000000000
47853  -34.095  -26.506  -7.975 0.0000000000
47854  -34.869  -26.220  -8.229 0.0000000000
47855  -35.470  -26.480  -7.776 0.0000000000
47858  -35.263  -27.125  -8.354 0.0000000000
47859  -35.269  -26.390  -8.091 0.0000000000
48739  -34.533  -25.850  -0.603 0.0000000000
48744  -25.834  -25.984  -2.570 0.0000000000
48745  -26.709  -25.985  -2.732 0.0000000000
48750  -25.227  -25.644  -2.942 0.0000000000
48751  -25.983  -25.436  -3.146 0.0000000000
48752  -26.853  -25.393  -3.328 0.0000000000
48753  -28.471  -26.075  -3.423 0.0000000000
48754  -32.444  -25.718  -3.831 0.0000000000
48755  -33.066  -25.745  -2.998 0.0000000000
48758  -25.111  -25.675  -3.120 0.0000000000
48759  -25.767  -25.320  -3.537 0.0000000000
48760  -27.195  -24.757  -3.811 0.0000000000
48761  -28.256  -25.203  -3.883 0.0000000000
48762  -29.263  -25.847  -3.938 0.0000000000
48763  -30.737  -26.011  -4.190 0.0000000000
48764  -31.492  -25.874  -4.178 0.0000000000
48773  -25.476  -25.660  -3.560 0.0000000000
48774  -26.030  -25.083  -4.177 0.0000000000
48775  -26.480  -25.717  -4.659 0.0000000000
48776  -36.606  -25.824  -5.120 0.0000000000
48783  -26.729  -24.403  -4.611 0.0000000000
48784  -27.211  -25.606  -5.236 0.0000000000
48785  -28.817  -25.840  -5.997 0.0000000000
48786  -36.492  -25.199  -6.048 0.0000000000
48787  -37.041  -24.943  -5.363 0.0000000000
48792  -27.847  -24.636  -5.759 0.0000000000
48793  -28.586  -25.040  -6.077 0.0000000000
48794  -29.619  -26.120  -6.208 0.0000000000
48795  -31.252  -25.894  -6.552 0.0000000000
48796  -32.266  -25.702  -6.846 0.0000000000
48797  -35.763  -25.797  -7.193 0.0000000000
48798  -36.142  -25.329  -6.754 0.0000000000
48804  -33.093  -25.313  -7.292 0.0000000000
48805  -33.957  -24.888  -7.658 0.0000000000
48806  -35.147  -25.552  -8.054 0.0000000000
48807  -35.473  -25.722  -7.740 0.0000000000
48808  -35.907  -25.093  -7.360 0.0000000000
49619  -26.414  -24.898  -3.766 0.0000000000
49626  -26.995  -24.135  -4.332 0.0000000000
49627  -27.824  -24.127  -4.273 0.0000000000
49628  -29.149  -24.892  -4.256 0.0000000000
49629  -30.248  -24.636  -4.449 0.0000000000
49630  -31.316  -25.010  -4.505 0.0000000000
49641  -26.516  -24.656  -4.240 0.0000000000
49642  -26.969  -23.760  -4.743 0.0000000000
49643  -37.709  -24.565  -4.694 0.0000000000
49650  -26.931  -23.738  -4.992 0.0000000000
49651  -36.813  -24.574  -6.111 0.0000000000
49652  -37.342  -24.174  -5.651 0.0000000000
49656  -27.431  -23.948  -5.513 0.0000000000
49657  -28.261  -24.241  -6.044 0.0000000000
49658  -29.310  -24.634  -6.338 0.0000000000
49659  -30.255  -24.667  -6.481 0.0000000000
49660  -31.047  -24.265  -6.567 0.0000000000
49661  -32.080  -24.258  -6.774 0.0000000000
49662  -36.413  -24.721  -6.755 0.0000000000
49663  -36.831  -23.912  -6.624 0.0000000000
49669  -33.062  -24.337  -7.202 0.0000000000
49670  -34.023  -24.019  -7.499 0.0000000000
49671  -34.963  -24.606  -7.867 0.0000000000
49672  -35.667  -24.613  -7.601 0.0000000000
49673  -36.203  -24.334  -7.249 0.0000000000
50444  -27.128  -23.066  -4.880 0.0000000000
50445  -27.759  -23.045  -4.534 0.0000000000
50446  -28.958  -22.784  -4.437 0.0000000000
50447  -30.088  -23.463  -4.479 0.0000000000
50448  -31.088  -23.994  -4.551 0.0000000000
50449  -31.991  -24.476  -4.579 0.0000000000
50457  -27.064  -23.164  -4.964 0.0000000000
50458  -38.127  -23.666  -4.925 0.0000000000
50464  -27.173  -23.252  -5.202 0.0000000000
50465  -37.529  -23.401  -5.947 0.0000000000
50466  -38.227  -22.859  -5.435 0.0000000000
50470  -27.786  -23.431  -5.800 0.0000000000
50471  -28.717  -23.654  -6.275 0.0000000000
50472  -29.932  -23.795  -6.474 0.0000000000
50473  -30.822  -23.454  -6.558 0.0000000000
50474  -31.653  -23.514  -6.659 0.0000000000
50475  -32.573  -23.545  -6.895 0.0000000000
50476  -33.113  -22.862  -6.954 0.0000000000
50477  -36.669  -23.218  -6.961 0.0000000000
50478  -37.126  -23.188  -6.550 0.0000000000
50483  -33.967  -23.233  -7.283 0.0000000000
50484  -35.652  -23.842  -7.530 0.0000000000
50485  -36.077  -23.112  -7.301 0.0000000000
51229  -27.345  -22.483  -4.895 0.0000000000
51230  -27.916  -22.127  -4.639 0.0000000000
51231  -28.981  -21.862  -4.491 0.0000000000
51232  -30.048  -22.449  -4.485 0.0000000000
51233  -30.958  -23.006  -4.554 0.0000000000
51234  -31.874  -23.414  -4.630 0.0000000000
51235  -33.760  -23.183  -4.680 0.0000000000
51241  -27.208  -22.587  -4.999 0.0000000000
51242  -27.527  -21.739  -4.984 0.0000000000
51248  -27.421  -22.714  -5.378 0.0000000000
51249  -27.564  -21.908  -5.296 0.0000000000
51250  -37.584  -22.589  -6.213 0.0000000000
51258  -28.228  -22.056  -6.075 0.0000000000
51259  -29.458  -22.139  -6.475 0.0000000000
51260  -30.578  -22.145  -6.567 0.0000000000
51261  -31.583  -22.127  -6.596 0.0000000000
51262  -32.528  -22.173  -6.686 0.0000000000
51263  -33.941  -22.524  -7.049 0.0000000000
51264  -34.811  -22.202  -7.096 0.0000000000
51265  -35.773  -22.369  -7.145 0.0000000000
51266  -36.485  -22.583  -6.973 0.0000000000
51267  -36.978  -22.757  -6.720 0.0000000000
51271  -34.576  -22.897  -7.324 0.0000000000
51272  -35.302  -22.988  -7.404 0.0000000000
52034  -28.367  -20.530  -4.747 0.0000000000
52035  -29.610  -20.654  -4.507 0.0000000000
52036  -30.092  -21.507  -4.489 0.0000000000
52037  -31.573  -21.496  -4.530 0.0000000000
52038  -32.525  -21.473  -4.557 0.0000000000
52039  -33.605  -21.374  -4.528 0.0000000000
52040  -34.745  -21.863  -4.475 0.0000000000
52044  -27.794  -20.921  -5.013 0.0000000000
52048  -27.784  -21.023  -5.172 0.0000000000
52049  -37.841  -21.592  -6.149 0.0000000000
52055  -27.971  -21.157  -5.710 0.0000000000
52056  -28.777  -21.356  -6.298 0.0000000000
52057  -29.884  -21.474  -6.536 0.0000000000
52058  -30.938  -21.452  -6.558 0.0000000000
52059  -32.012  -21.385  -6.574 0.0000000000
52060  -32.958  -21.612  -6.656 0.0000000000
52061  -33.854  -21.736  -6.765 0.0000000000
52062  -35.486  -21.456  -6.800 0.0000000000
52063  -36.373  -21.823  -6.822 0.0000000000
52064  -37.092  -21.265  -6.524 0.0000000000
52904  -28.343  -19.870  -4.880 0.0000000000
52905  -29.106  -19.917  -4.591 0.0000000000
52906  -30.292  -20.023  -4.490 0.0000000000
52907  -30.853  -20.847  -4.498 0.0000000000
52908  -31.919  -20.723  -4.471 0.0000000000
52909  -32.848  -20.621  -4.442 0.0000000000
52910  -33.891  -19.862  -4.221 0.0000000000
52911  -35.464  -20.364  -3.947 0.0000000000
52915  -27.983  -20.210  -5.193 0.0000000000
52921  -30.181  -20.805  -6.541 0.0000000000
52922  -31.196  -20.707  -6.543 0.0000000000
52923  -32.074  -20.547  -6.546 0.0000000000
52924  -32.704  -20.932  -6.563 0.0000000000
52925  -33.977  -20.871  -6.610 0.0000000000
52926  -34.858  -20.545  -6.564 0.0000000000
52927  -35.659  -20.617  -6.587 0.0000000000
53839  -28.773  -19.290  -4.809 0.0000000000
53840  -29.803  -19.323  -4.580 0.0000000000
53841  -30.865  -19.323  -4.470 0.0000000000
53842  -31.825  -19.243  -4.379 0.0000000000
53843  -32.702  -19.146  -4.272 0.0000000000
53844  -33.585  -19.022  -3.964 0.0000000000
53845  -35.832  -19.416  -3.480 0.0000000000
53851  -28.263  -19.393  -5.286 0.0000000000
53855  -28.236  -19.444  -5.633 0.0000000000
53859  -28.404  -19.500  -6.119 0.0000000000
53860  -29.379  -19.288  -6.533 0.0000000000
53861  -30.655  -19.068  -6.625 0.0000000000
53862  -31.685  -19.164  -6.573 0.0000000000
53863  -33.214  -19.353  -6.470 0.0000000000
53864  -34.008  -19.901  -6.467 0.0000000000
54731  -37.745  -18.026  -1.697 0.0000000000
54742  -35.782  -17.669  -2.835 0.0000000000
54743  -36.448  -18.181  -2.685 0.0000000000
54753  -29.371  -18.694  -4.777 0.0000000000
54754  -30.386  -18.674  -4.571 0.0000000000
54755  -31.358  -18.565  -4.432 0.0000000000
54756  -32.268  -18.479  -4.294 0.0000000000
54757  -33.496  -18.057  -3.776 0.0000000000
54758  -34.292  -18.408  -3.550 0.0000000000
54759  -35.797  -18.441  -3.116 0.0000000000
54760  -36.533  -18.998  -3.024 0.0000000000
54768  -28.585  -18.682  -5.223 0.0000000000
54769  -29.047  -18.160  -5.088 0.0000000000
54777  -28.259  -18.650  -5.724 0.0000000000
54781  -28.311  -18.564  -6.067 0.0000000000
54782  -28.658  -18.489  -6.421 0.0000000000
54783  -29.623  -18.417  -6.728 0.0000000000
54784  -31.380  -18.436  -6.695 0.0000000000
54785  -32.406  -18.671  -6.565 0.0000000000
54786  -33.970  -18.871  -6.386 0.0000000000
54787  -34.616  -18.423  -6.446 0.0000000000
54795  -28.520  -17.731  -6.421 0.0000000000
54796  -29.099  -17.764  -6.830 0.0000000000
54797  -29.777  -17.611  -7.078 0.0000000000
55659  -35.396  -16.933  -2.861 0.0000000000
55660  -36.349  -17.144  -2.476 0.0000000000
55661  -37.107  -17.979  -2.277 0.0000000000
55670  -29.913  -18.101  -4.812 0.0000000000
55671  -30.841  -17.964  -4.568 0.0000000000
55672  -31.852  -17.702  -4.401 0.0000000000
55673  -32.774  -17.800  -4.110 0.0000000000
55674  -33.332  -17.183  -3.865 0.0000000000
55675  -34.082  -17.463  -3.513 0.0000000000
55676  -34.611  -16.824  -3.287 0.0000000000
55684  -28.534  -17.875  -5.641 0.0000000000
55685  -29.401  -17.492  -5.255 0.0000000000
55686  -30.330  -17.559  -4.867 0.0000000000
55687  -31.895  -16.962  -4.525 0.0000000000
55688  -32.579  -17.042  -4.242 0.0000000000
55695  -28.360  -17.871  -6.147 0.0000000000
55696  -28.531  -17.099  -6.122 0.0000000000
55701  -28.543  -17.262  -6.555 0.0000000000
55702  -30.869  -17.714  -7.019 0.0000000000
55703  -31.884  -17.818  -6.802 0.0000000000
55704  -32.832  -17.840  -6.687 0.0000000000
55705  -33.879  -17.823  -6.623 0.0000000000
55706  -34.973  -17.773  -6.639 0.0000000000
55713  -28.562  -16.984  -6.865 0.0000000000
55714  -28.963  -16.786  -7.179 0.0000000000
55715  -30.130  -16.774  -7.497 0.0000000000
55716  -31.180  -16.504  -7.723 0.0000000000
55717  -32.220  -17.107  -7.248 0.0000000000
55718  -33.721  -17.040  -7.278 0.0000000000
55719  -34.550  -17.080  -7.256 0.0000000000
55720  -35.336  -17.230  -6.984 0.0000000000
55734  -40.232  -17.815  -10.060 0.0000000000
55741  -40.726  -17.281  -10.350 0.0000000000
56510  -37.594  -15.828  -1.298 0.0000000000
56511  -37.713  -16.642  -1.252 0.0000000000
56522  -35.819  -16.147  -2.708 0.0000000000
56523  -36.590  -16.131  -2.271 0.0000000000
56524  -37.179  -17.045  -1.868 0.0000000000
56535  -33.920  -16.596  -3.706 0.0000000000
56536  -34.430  -16.137  -3.528 0.0000000000
56537  -35.057  -16.115  -3.158 0.0000000000
56546  -29.320  -16.668  -5.664 0.0000000000
56547  -30.214  -16.979  -5.178 0.0000000000
56548  -31.523  -16.526  -4.905 0.0000000000
56549  -32.317  -16.406  -4.631 0.0000000000
56550  -33.184  -16.297  -4.210 0.0000000000
56551  -33.979  -15.837  -3.985 0.0000000000
56557  -28.730  -16.544  -6.324 0.0000000000
56563  -28.564  -16.672  -6.799 0.0000000000
56564  -35.974  -16.976  -7.204 0.0000000000
56565  -36.703  -16.769  -7.473 0.0000000000
56572  -28.650  -16.205  -7.047 0.0000000000
56573  -29.292  -15.842  -7.438 0.0000000000
56574  -30.217  -15.671  -7.898 0.0000000000
56575  -31.976  -16.433  -7.975 0.0000000000
56576  -32.967  -16.643  -7.809 0.0000000000
56577  -33.953  -16.645  -8.050 0.0000000000
56578  -35.307  -16.782  -7.713 0.0000000000
56579  -36.035  -16.657  -8.165 0.0000000000
56580  -37.495  -16.656  -7.776 0.0000000000
56581  -38.362  -16.630  -8.073 0.0000000000
56591  -31.148  -15.607  -8.421 0.0000000000
56592  -32.235  -15.983  -8.631 0.0000000000
56593  -33.305  -16.214  -8.949 0.0000000000
56594  -34.400  -16.462  -9.097 0.0000000000
56595  -35.296  -16.651  -8.780 0.0000000000
56596  -36.161  -16.804  -9.478 0.0000000000
56597  -37.670  -16.825  -9.179 0.0000000000
56598  -38.560  -17.011  -9.416 0.0000000000
56608  -33.860  -16.072  -9.642 0.0000000000
56609  -34.416  -16.153  -9.909 0.0000000000
56610  -35.215  -16.518  -9.856 0.0000000000
56611  -36.737  -17.032  -10.171 0.0000000000
56612  -37.542  -17.219  -10.115 0.0000000000
56613  -38.284  -17.330  -10.102 0.0000000000
56614  -39.129  -17.428  -9.935 0.0000000000
56615  -39.775  -17.564  -9.819 0.0000000000
56621  -34.753  -15.533  -10.443 0.0000000000
56622  -35.597  -15.727  -10.539 0.0000000000
56623  -36.427  -15.966  -10.583 0.0000000000
56624  -37.179  -16.533  -10.467 0.0000000000
56625  -37.923  -16.758  -10.375 0.0000000000
56626  -38.681  -17.050  -10.275 0.0000000000
56627  -40.129  -16.918  -10.317 0.0000000000
56628  -41.155  -16.301  -10.376 0.0000000000
56629  -42.173  -16.125  -10.358 0.0000000000
56630  -42.776  -16.634  -10.211 0.0000000000
57485  -37.428  -15.394  -1.674 0.0000000000
57486  -37.917  -15.171  -1.133 0.0000000000
57498  -36.230  -15.363  -2.727 0.0000000000
57499  -36.978  -15.259  -2.261 0.0000000000
57516  -34.761  -15.439  -3.723 0.0000000000
57517  -35.512  -15.387  -3.181 0.0000000000
57518  -36.107  -14.747  -3.321 0.0000000000
57527  -30.075  -16.245  -5.564 0.0000000000
57528  -30.940  -16.020  -5.440 0.0000000000
57529  -31.824  -15.875  -5.211 0.0000000000
57530  -32.665  -15.704  -4.877 0.0000000000
57531  -33.460  -15.490  -4.600 0.0000000000
57532  -34.210  -15.187  -4.435 0.0000000000
57541  -29.216  -15.914  -6.293 0.0000000000
57542  -30.049  -15.464  -6.098 0.0000000000
57543  -31.085  -15.287  -5.854 0.0000000000
57544  -32.062  -15.165  -5.591 0.0000000000
57545  -32.966  -15.079  -5.339 0.0000000000
57546  -33.695  -14.992  -5.046 0.0000000000
57555  -28.722  -15.908  -6.901 0.0000000000
57556  -29.336  -15.108  -6.897 0.0000000000
57561  -29.151  -15.404  -7.164 0.0000000000
57562  -29.824  -14.827  -7.756 0.0000000000
57563  -30.393  -14.828  -8.315 0.0000000000
57564  -37.340  -14.375  -8.977 0.0000000000
57570  -30.409  -14.118  -8.420 0.0000000000
57571  -30.899  -14.431  -8.920 0.0000000000
57572  -32.414  -15.397  -9.455 0.0000000000
57573  -33.242  -15.553  -9.834 0.0000000000
57581  -31.640  -14.241  -9.650 0.0000000000
57582  -32.668  -14.615  -10.159 0.0000000000
57583  -33.884  -15.392  -10.277 0.0000000000
57592  -32.848  -13.764  -10.392 0.0000000000
57593  -33.423  -14.442  -10.455 0.0000000000
57594  -34.281  -14.421  -10.611 0.0000000000
57595  -36.002  -14.621  -10.929 0.0000000000
57596  -36.908  -15.373  -10.797 0.0000000000
57597  -37.480  -15.196  -10.763 0.0000000000
57598  -38.358  -15.663  -10.541 0.0000000000
57599  -43.899  -15.378  -10.884 0.0000000000
57600  -45.696  -15.419  -11.039 0.0000000000
57605  -36.383  -13.949  -11.103 0.0000000000
57606  -36.827  -14.218  -11.031 0.0000000000
57607  -44.574  -14.725  -11.151 0.0000000000
57608  -44.742  -15.468  -11.114 0.0000000000
57609  -45.414  -15.615  -11.133 0.0000000000
58453  -37.609  -14.764  -1.881 0.0000000000
58465  -36.645  -14.822  -2.806 0.0000000000
58466  -37.277  -14.523  -2.592 0.0000000000
58467  -38.033  -13.989  -2.244 0.0000000000
58480  -36.919  -14.442  -3.247 0.0000000000
58481  -37.604  -13.949  -3.052 0.0000000000
58495  -34.329  -14.766  -5.123 0.0000000000
58496  -34.967  -14.791  -4.404 0.0000000000
58497  -35.917  -14.516  -4.077 0.0000000000
58498  -36.647  -14.347  -3.934 0.0000000000
58505  -30.240  -14.747  -6.616 0.0000000000
58506  -31.280  -14.616  -6.394 0.0000000000
58507  -32.301  -14.579  -6.185 0.0000000000
58508  -33.400  -14.639  -5.887 0.0000000000
58509  -35.175  -14.603  -5.370 0.0000000000
58510  -36.256  -14.665  -5.798 0.0000000000
58511  -37.266  -14.456  -5.488 0.0000000000
58520  -30.514  -14.207  -7.232 0.0000000000
58521  -31.441  -14.076  -7.112 0.0000000000
58522  -35.324  -14.683  -6.425 0.0000000000
58523  -36.187  -14.815  -7.107 0.0000000000
58524  -37.301  -14.664  -6.701 0.0000000000
58525  -38.187  -14.298  -6.997 0.0000000000
58534  -30.204  -14.196  -7.822 0.0000000000
58535  -30.779  -13.740  -7.934 0.0000000000
58536  -31.675  -13.682  -7.961 0.0000000000
58537  -32.767  -13.884  -8.087 0.0000000000
58538  -34.057  -14.316  -8.088 0.0000000000
58539  -35.178  -14.658  -7.607 0.0000000000
58540  -36.892  -14.740  -7.967 0.0000000000
58541  -37.731  -14.520  -7.837 0.0000000000
58542  -38.348  -14.164  -8.070 0.0000000000
58548  -31.060  -13.675  -9.112 0.0000000000
58549  -33.303  -13.690  -9.012 0.0000000000
58550  -34.649  -13.493  -10.004 0.0000000000
58551  -34.927  -14.309  -8.912 0.0000000000
58552  -36.556  -14.346  -9.110 0.0000000000
58553  -38.398  -13.931  -9.283 0.0000000000
58562  -31.775  -13.587  -9.663 0.0000000000
58563  -32.170  -13.725  -10.105 0.0000000000
58564  -33.671  -13.376  -9.894 0.0000000000
58565  -34.236  -13.548  -10.240 0.0000000000
58566  -35.289  -13.673  -10.490 0.0000000000
58567  -36.192  -13.679  -10.849 0.0000000000
58568  -36.957  -13.869  -10.907 0.0000000000
58569  -38.540  -13.822  -10.234 0.0000000000
58570  -45.454  -14.666  -10.161 0.0000000000
58576  -32.135  -13.434  -9.929 0.0000000000
58577  -32.489  -13.467  -10.155 0.0000000000
58578  -35.867  -13.703  -10.899 0.0000000000
58579  -36.552  -13.725  -10.984 0.0000000000
58580  -37.183  -13.902  -10.887 0.0000000000
58581  -37.934  -14.270  -10.619 0.0000000000
58582  -39.692  -14.690  -10.415 0.0000000000
58583  -41.065  -14.114  -10.474 0.0000000000
58584  -42.175  -14.443  -10.636 0.0000000000
58585  -43.345  -14.793  -10.902 0.0000000000
58586  -45.280  -13.895  -10.726 0.0000000000
58587  -45.531  -14.707  -10.880 0.0000000000
58594  -43.198  -13.823  -11.102 0.0000000000
58595  -44.403  -13.941  -11.246 0.0000000000
58596  -45.236  -14.159  -11.089 0.0000000000
58597  -45.297  -14.969  -11.113 0.0000000000
59419  -37.349  -14.063  -3.770 0.0000000000
59448  -31.198  -13.552  -8.728 0.0000000000
59449  -32.029  -13.397  -8.878 0.0000000000
59450  -39.139  -13.124  -7.628 0.0000000000
59451  -44.788  -13.289  -8.291 0.0000000000
59457  -31.855  -13.456  -9.512 0.0000000000
59458  -32.679  -13.381  -9.630 0.0000000000
59459  -38.740  -13.609  -10.090 0.0000000000
59460  -39.355  -13.145  -9.450 0.0000000000
59461  -44.825  -13.806  -9.043 0.0000000000
59469  -32.496  -13.346  -10.038 0.0000000000
59470  -33.219  -13.378  -10.166 0.0000000000
59471  -33.656  -13.644  -10.421 0.0000000000
59472  -44.909  -13.525  -10.001 0.0000000000
59477  -32.913  -13.431  -10.248 0.0000000000
59478  -39.582  -12.868  -10.110 0.0000000000
59479  -40.516  -13.181  -10.722 0.0000000000
59480  -41.875  -13.432  -10.893 0.0000000000
59481  -45.212  -13.104  -10.962 0.0000000000
59486  -43.179  -12.982  -11.279 0.0000000000
59487  -44.351  -13.170  -11.461 0.0000000000
59488  -45.150  -13.149  -11.241 0.0000000000
60325  -39.608  -12.508  -8.917 0.0000000000
60326  -44.437  -13.003  -9.031 0.0000000000
60333  -39.982  -12.071  -10.463 0.0000000000
60334  -40.283  -11.761  -10.904 0.0000000000
60335  -44.869  -12.745  -10.514 0.0000000000
60341  -39.751  -12.613  -10.411 0.0000000000
60342  -40.106  -12.357  -10.757 0.0000000000
60343  -41.128  -12.574  -11.023 0.0000000000
60344  -45.241  -12.380  -11.535 0.0000000000
60349  -42.226  -12.652  -11.187 0.0000000000
60350  -43.346  -12.108  -11.648 0.0000000000
60351  -44.938  -11.864  -12.212 0.0000000000
60352  -45.173  -12.459  -11.943 0.0000000000
61248  -39.496  -11.548  -8.454 0.0000000000
61249  -43.831  -11.364  -9.163 0.0000000000
61250  -44.056  -12.057  -8.490 0.0000000000
61256  -40.032  -11.323  -9.491 0.0000000000
61257  -40.335  -11.205  -10.377 0.0000000000
61258  -44.549  -11.230  -10.765 0.0000000000
61259  -44.365  -12.126  -9.877 0.0000000000
61265  -40.777  -11.788  -11.108 0.0000000000
61266  -45.156  -11.865  -11.397 0.0000000000
61271  -41.605  -11.060  -11.531 0.0000000000
61272  -42.715  -11.429  -11.760 0.0000000000
61273  -44.138  -11.147  -12.238 0.0000000000
61274  -45.045  -11.145  -12.152 0.0000000000
61275  -45.319  -11.752  -12.075 0.0000000000
62192  -39.719  -10.650  -8.916 0.0000000000
62193  -40.182  -10.523  -9.667 0.0000000000
62200  -40.518  -10.373  -10.553 0.0000000000
62201  -44.514  -10.323  -11.434 0.0000000000
62202  -45.163  -11.096  -11.957 0.0000000000
62208  -40.999  -10.295  -11.427 0.0000000000
62209  -41.933  -10.132  -12.083 0.0000000000
62210  -44.036  -10.292  -12.357 0.0000000000
62211  -44.594  -10.186  -12.138 0.0000000000
62215  -43.912  -9.445  -12.428 0.0000000000
63052  -40.212  -9.736  -9.884 0.0000000000
63060  -40.602  -9.427  -10.930 0.0000000000
63062  -44.231  -9.414  -11.747 0.0000000000
63069  -41.315  -9.462  -12.003 0.0000000000
63070  -42.322  -9.235  -12.477 0.0000000000
63071  -43.219  -9.067  -12.647 0.0000000000
63072  -44.115  -9.096  -12.266 0.0000000000
63076  -42.808  -8.368  -12.811 0.0000000000
63077  -43.502  -8.684  -12.523 0.0000000000
63905  -41.751  -8.419  -12.618 0.0000000000
106439  -38.645  -56.598  -8.825 0.0000000000
106476  -42.054  -40.803  -4.030 0.0000000000
106657  -35.707  -14.549  -4.768 0.0000000000
106668  -26.697  -29.066  -1.385 0.0000000000
106695  -44.378  -30.612  -8.334 0.0000000000
106710  -41.867  -49.113  -8.077 0.0000000000
106733  -42.488  -31.563  -5.048 0.0000000000
106739  -35.259  -35.599  -5.500 0.0000000000
106799  -32.194  -42.831  -7.088 0.0000000000
106834  -41.082  -50.109  -9.308 0.0000000000
106843  -35.931  -14.583  -8.412 0.0000000000
107017  -42.361  -31.628  -7.116 0.0000000000
107020  -42.425  -32.845  -6.965 0.0000000000
107052  -37.846  -56.193  -10.572 0.0000000000
107061  -41.239  -50.384  -8.078 0.0000000000
107087  -31.158  -41.749  -6.883 0.0000000000
107133  -35.326  -35.005  -5.073 0.0000000000
107165  -35.464  -33.562  -5.230 0.0000000000
107166  -42.287  -31.455  -8.217 0.0000000000
107179  -30.092  -31.434  -5.592 0.0000000000
107279  -36.733  -13.808  -10.228 0.0000000000
107354  -42.464  -33.317  -6.076 0.0000000000
107425  -33.570  -14.365  -6.911 0.0000000000
107504  -35.577  -33.705  -6.280 0.0000000000
107579  -42.681  -33.967  -5.861 0.0000000000
107593  -25.991  -34.885  -2.428 0.0000000000
107595  -30.674  -33.192  -5.619 0.0000000000
107633  -34.036  -40.410  -8.157 0.0000000000
107721  -45.944  -31.705  -4.135 0.0000000000
107786  -36.961  -17.099  -9.792 0.0000000000
107824  -29.077  -27.852  -5.622 0.0000000000
107831  -44.535  -31.388  -8.029 0.0000000000
107845  -30.855  -54.989  -8.466 0.0000000000
107989  -35.734  -13.742  -9.938 0.0000000000
108044  -35.712  -35.717  -6.649 0.0000000000
108070  -35.148  -61.361  -11.621 0.0000000000
108076  -25.873  -33.656  -2.351 0.0000000000
108089  -31.660  -58.842  -10.049 0.0000000000
108143  -25.024  -33.092  -2.181 0.0000000000
108187  -43.742  -40.310  -5.619 0.0000000000
108242  -30.139  -25.475  -6.409 0.0000000000
108257  -28.755  -30.251  -5.330 0.0000000000
108269  -37.116  -18.775  -2.579 0.0000000000
108392  -36.400  -33.670  -9.044 0.0000000000
108398  -32.826  -23.236  -4.711 0.0000000000
108402  -54.923  -27.299  -7.973 0.0000000000
108422  -37.561  -57.248  -10.636 0.0000000000
108552  -36.827  -16.675  -8.601 0.0000000000
108555  -34.817  -13.776  -10.530 0.0000000000
108612  -42.227  -40.559  -6.662 0.0000000000
108641  -37.704  -58.210  -10.547 0.0000000000
108722  -26.371  -32.806  -2.403 0.0000000000
108728  -24.330  -29.084  -2.865 0.0000000000
108750  -28.984  -21.151  -4.516 0.0000000000
108768  -35.206  -14.442  -10.777 0.0000000000
108780  -44.808  -38.506  -0.531 0.0000000000
108821  -25.145  -36.050  -3.735 0.0000000000
108831  -37.055  -22.125  -6.638 0.0000000000
108865  -35.571  -34.864  -3.249 0.0000000000
108922  -46.105  -31.528  -3.230 0.0000000000
109024  -28.882  -44.081  -3.044 0.0000000000
109072  -36.505  -37.267  -8.240 0.0000000000
109083  -26.502  -31.716  -2.451 0.0000000000
109117  -40.124  -54.060  -9.533 0.0000000000
109118  -36.398  -33.153  -8.404 0.0000000000
109134  -28.617  -39.179  -3.278 0.0000000000
109135  -27.424  -39.371  -3.347 0.0000000000
109299  -36.254  -29.656  -8.744 0.0000000000
109396  -43.028  -40.702  -3.996 0.0000000000
109492  -34.967  -17.761  -3.166 0.0000000000
109603  -34.463  -41.328  -5.584 0.0000000000
109609  -35.332  -60.495  -11.431 0.0000000000
109620  -39.275  -57.248  -10.028 0.0000000000
109647  -27.743  -42.400  -5.609 0.0000000000
109771  -44.270  -31.283  -8.596 0.0000000000
109786  -35.431  -25.123  -7.801 0.0000000000
109800  -33.731  -29.916  0.844 0.0000000000
109857  -39.656  -12.642  -10.054 0.0000000000
110032  -53.155  -28.927  -6.426 0.0000000000
110046  -30.129  -56.709  -8.373 0.0000000000
110048  -30.985  -58.047  -8.500 0.0000000000
110080  -32.124  -22.823  -6.700 0.0000000000
110135  -26.163  -39.121  -3.365 0.0000000000
110146  -30.763  -27.415  -6.326 0.0000000000
110191  -33.928  -56.125  -9.117 0.0000000000
110193  -45.008  -39.849  -5.779 0.0000000000
110204  -44.442  -42.217  2.230 0.0000000000
110248  -35.036  -56.930  -10.459 0.0000000000
110257  -35.518  -33.856  -4.388 0.0000000000
110305  -35.121  -18.690  -3.423 0.0000000000
110322  -26.438  -50.901  -4.150 0.0000000000
110392  -24.003  -33.514  -2.735 0.0000000000
110502  -31.759  -45.961  -4.963 0.0000000000
110578  -28.090  -30.080  -5.063 0.0000000000
110611  -30.107  -25.595  -4.286 0.0000000000
110645  -38.790  -52.282  -9.361 0.0000000000
110748  -47.144  -43.752  -4.025 0.0000000000
110776  -26.865  -44.095  -3.415 0.0000000000
110798  -28.445  -45.278  -3.142 0.0000000000
110927  -30.566  -40.064  -6.349 0.0000000000
110946  -32.078  -22.377  -4.624 0.0000000000
110947  -31.045  -22.129  -4.533 0.0000000000
110954  -31.185  -22.809  -6.598 0.0000000000
110955  -30.206  -22.881  -6.528 0.0000000000
110957  -28.345  -40.006  -3.364 0.0000000000
110959  -33.131  -22.314  -4.690 0.0000000000
111037  -39.025  -56.264  -10.403 0.0000000000
111038  -46.233  -31.529  -2.502 0.0000000000
111054  -37.119  -61.438  -10.738 0.0000000000
111055  -30.028  -45.245  -6.114 0.0000000000
111059  -36.652  -57.059  -7.873 0.0000000000
111086  -29.864  -33.214  -5.388 0.0000000000
111099  -39.487  -48.978  -9.354 0.0000000000
111136  -32.204  -29.996  -7.012 0.0000000000
111180  -28.339  -55.397  -5.389 0.0000000000
111248  -28.686  -46.738  -5.901 0.0000000000
111256  -44.464  -12.561  -7.969 0.0000000000
111339  -37.722  -13.898  -10.090 0.0000000000
111342  -29.963  -45.188  -2.474 0.0000000000
111361  -25.530  -39.742  -3.656 0.0000000000
111395  -30.841  -51.962  -7.406 0.0000000000
111397  -26.239  -40.229  -4.903 0.0000000000
111423  -41.203  -51.069  -9.299 0.0000000000
111424  -26.825  -27.062  -1.621 0.0000000000
111457  -45.866  -38.429  -2.146 0.0000000000
111465  -29.083  -22.900  -6.401 0.0000000000
111466  -27.507  -40.389  -3.430 0.0000000000
111488  -28.438  -20.547  -6.123 0.0000000000
111494  -28.063  -21.317  -4.719 0.0000000000
111535  -27.144  -32.242  -4.574 0.0000000000
111591  -25.298  -42.051  -4.008 0.0000000000
111596  -36.369  -35.843  -7.695 0.0000000000
111598  -29.578  -56.244  -5.964 0.0000000000
111605  -35.515  -28.861  -7.098 0.0000000000
111636  -27.603  -29.028  -1.524 0.0000000000
111685  -30.341  -42.246  -6.566 0.0000000000
111702  -36.525  -14.451  -4.792 0.0000000000
111730  -37.429  -47.400  -8.870 0.0000000000
111772  -34.702  -16.641  -8.160 0.0000000000
111785  -24.580  -51.821  -5.627 0.0000000000
111839  -42.833  -46.172  -8.154 0.0000000000
111936  -27.527  -47.257  -3.388 0.0000000000
111992  -26.616  -37.670  -3.025 0.0000000000
112003  -33.010  -51.935  -7.686 0.0000000000
112004  -41.832  -46.183  -7.053 0.0000000000
112209  -31.497  -33.275  -5.956 0.0000000000
112210  -32.065  -30.726  -6.768 0.0000000000
112222  -25.564  -27.988  -1.093 0.0000000000
112274  -33.980  -22.339  -4.642 0.0000000000
112303  -32.988  -57.995  -10.795 0.0000000000
112450  -28.316  -34.862  -2.511 0.0000000000
112482  -29.691  -44.307  -2.658 0.0000000000
112513  -47.285  -43.700  -3.760 0.0000000000
112533  -32.194  -36.014  -6.343 0.0000000000
112613  -32.488  -14.182  -6.969 0.0000000000
112752  -31.774  -53.061  -7.693 0.0000000000
112754  -33.949  -25.765  -7.791 0.0000000000
112771  -39.487  -57.030  -9.944 0.0000000000
112801  -38.918  -13.594  -8.586 0.0000000000
112805  -38.713  -13.726  -7.345 0.0000000000
112919  -25.243  -45.113  -4.106 0.0000000000
112925  -40.616  -45.915  -8.742 0.0000000000
112943  -42.282  -43.155  -3.922 0.0000000000
113034  -28.024  -56.351  -4.122 0.0000000000
113072  -29.136  -36.453  -5.322 0.0000000000
113105  -31.935  -27.668  -0.448 0.0000000000
113121  -34.911  -51.090  -8.303 0.0000000000
113141  -31.666  -25.042  -6.668 0.0000000000
113170  -38.382  -57.247  -8.897 0.0000000000
113187  -28.507  -37.872  -3.032 0.0000000000
113215  -38.611  -40.028  -2.701 0.0000000000
113330  -29.630  -37.919  -5.591 0.0000000000
113541  -44.243  -42.074  1.477 0.0000000000
113621  -31.307  -42.635  -6.949 0.0000000000
113700  -33.240  -41.196  -7.698 0.0000000000
113704  -31.033  -43.999  -6.482 0.0000000000
113741  -44.518  -35.286  -9.704 0.0000000000
113748  -36.492  -55.134  -9.883 0.0000000000
113826  -42.855  -33.489  -2.496 0.0000000000
113889  -34.599  -44.820  -5.067 0.0000000000
113989  -27.524  -34.781  -2.467 0.0000000000
113999  -27.164  -39.907  -5.328 0.0000000000
114015  -32.711  -45.859  -4.894 0.0000000000
114021  -29.832  -37.104  -5.509 0.0000000000
114040  -28.566  -46.038  -3.068 0.0000000000
114072  -35.538  -58.773  -7.136 0.0000000000
114096  -29.713  -14.755  -7.340 0.0000000000
114162  -40.484  -31.080  -0.374 0.0000000000
114233  -40.852  -41.417  -0.658 0.0000000000
114234  -41.104  -41.386  -2.348 0.0000000000
114360  -27.953  -25.361  -5.702 0.0000000000
114387  -28.939  -28.625  -1.091 0.0000000000
114493  -38.277  -40.070  -3.063 0.0000000000
114762  -30.338  -46.870  -5.303 0.0000000000
114772  -33.110  -45.270  -5.134 0.0000000000
114796  -44.250  -35.430  -8.788 0.0000000000
114813  -29.473  -34.950  -5.176 0.0000000000
114864  -29.609  -29.013  -1.475 0.0000000000
114865  -35.749  -38.443  -7.490 0.0000000000
114890  -32.723  -52.812  -7.511 0.0000000000
115014  -35.736  -40.471  -3.187 0.0000000000
115036  -25.653  -43.310  -3.794 0.0000000000
115038  -35.454  -60.209  -7.417 0.0000000000
115043  -25.171  -26.809  -1.865 0.0000000000
115158  -37.828  -45.074  -6.609 0.0000000000
115186  -37.650  -59.099  -10.526 0.0000000000
115250  -27.033  -30.963  -4.575 0.0000000000
115345  -43.899  -38.345  1.010 0.0000000000
115487  -36.556  -37.071  -8.949 0.0000000000
115552  -44.073  -32.882  -4.107 0.0000000000
115578  -24.481  -51.791  -6.108 0.0000000000
115581  -36.022  -16.686  -10.193 0.0000000000
115619  -45.225  -38.600  -2.025 0.0000000000
115659  -36.844  -57.815  -10.704 0.0000000000
115751  -28.154  -40.052  -5.576 0.0000000000
115763  -26.726  -44.882  -5.566 0.0000000000
115815  -44.349  -32.907  -8.838 0.0000000000
115907  -29.777  -42.989  -6.389 0.0000000000
115916  -30.930  -53.140  -8.073 0.0000000000
115922  -25.300  -42.006  -4.097 0.0000000000
115946  -38.387  -39.885  -2.117 0.0000000000
116004  -31.930  -35.290  -6.066 0.0000000000
116015  -27.189  -23.567  -4.634 0.0000000000
116017  -41.732  -17.036  -10.215 0.0000000000
116031  -33.581  -25.737  -1.991 0.0000000000
116109  -37.716  -44.626  -5.827 0.0000000000
116178  -37.254  -14.222  -4.574 0.0000000000
116317  -27.083  -24.590  -5.245 0.0000000000
116418  -25.601  -52.256  -4.340 0.0000000000
116473  -30.229  -43.947  -6.495 0.0000000000
116589  -33.188  -20.344  -6.521 0.0000000000
116591  -34.476  -20.637  -4.320 0.0000000000
116609  -32.395  -19.770  -6.523 0.0000000000
116631  -29.222  -41.923  -3.176 0.0000000000
116632  -28.322  -42.032  -3.377 0.0000000000
116633  -27.438  -42.121  -3.437 0.0000000000
116635  -31.428  -19.889  -6.549 0.0000000000
116644  -39.332  -16.033  -10.380 0.0000000000
116681  -25.155  -39.311  -4.016 0.0000000000
116747  -28.737  -38.075  -5.494 0.0000000000
116778  -41.892  -11.950  -11.299 0.0000000000
116841  -35.275  -55.715  -6.178 0.0000000000
116931  -29.672  -33.842  -5.279 0.0000000000
116970  -27.659  -27.277  -1.356 0.0000000000
116996  -35.820  -51.108  -8.434 0.0000000000
117002  -39.863  -12.032  -9.461 0.0000000000
117023  -39.421  -48.203  -9.212 0.0000000000
117028  -40.045  -51.237  -9.448 0.0000000000
117081  -22.915  -30.830  -1.977 0.0000000000
117086  -28.612  -55.081  -7.588 0.0000000000
117283  -26.131  -39.021  -4.732 0.0000000000
117284  -31.650  -27.380  -6.645 0.0000000000
117322  -42.465  -31.224  -4.153 0.0000000000
117327  -30.373  -20.008  -6.542 0.0000000000
117356  -34.653  -19.478  -3.841 0.0000000000
117379  -39.184  -13.675  -10.298 0.0000000000
117514  -34.745  -39.887  -8.422 0.0000000000
117520  -31.721  -37.701  -6.346 0.0000000000
117554  -25.604  -47.100  -5.440 0.0000000000
117567  -27.522  -54.489  -0.202 0.0000000000
117580  -25.760  -44.896  -5.068 0.0000000000
117815  -28.764  -17.117  -5.787 0.0000000000
117846  -35.307  -21.187  -4.243 0.0000000000
117959  -35.303  -30.089  -6.016 0.0000000000
117965  -28.077  -22.832  -6.041 0.0000000000
118053  -31.073  -58.522  -7.348 0.0000000000
118084  -25.641  -48.024  -5.872 0.0000000000
118121  -32.306  -19.922  -4.384 0.0000000000
118123  -31.362  -20.018  -4.443 0.0000000000
118144  -33.156  -19.815  -4.321 0.0000000000
118173  -32.043  -59.086  -10.704 0.0000000000
118190  -38.591  -59.405  -9.845 0.0000000000
118275  -43.447  -43.412  -9.041 0.0000000000
118286  -28.101  -20.321  -5.563 0.0000000000
118348  -29.901  -40.030  -6.096 0.0000000000
118397  -34.611  -53.973  -8.128 0.0000000000
118399  -26.969  -42.853  -5.453 0.0000000000
118439  -29.090  -40.084  -5.787 0.0000000000
118441  -25.314  -39.131  -4.163 0.0000000000
118442  -25.320  -44.998  -4.458 0.0000000000
118443  -32.584  -27.445  -7.174 0.0000000000
118455  -42.514  -43.344  -9.180 0.0000000000
118473  -27.878  -47.866  -5.820 0.0000000000
118483  -40.034  -13.821  -10.534 0.0000000000
118605  -25.461  -38.072  -3.727 0.0000000000
118608  -36.910  -51.136  -8.662 0.0000000000
118611  -29.160  -46.257  -2.772 0.0000000000
118636  -41.352  -15.151  -10.368 0.0000000000
118643  -37.162  -16.032  -1.720 0.0000000000
118684  -25.673  -30.184  -3.775 0.0000000000
118749  -32.440  -24.916  -6.909 0.0000000000
118861  -28.209  -27.630  -0.924 0.0000000000
118914  -47.469  -40.013  -5.179 0.0000000000
118932  -32.562  -59.291  -11.214 0.0000000000
118974  -34.771  -23.582  -7.542 0.0000000000
119050  -25.099  -35.314  -3.757 0.0000000000
119055  -44.974  -42.042  -4.642 0.0000000000
119251  -31.584  -28.295  -0.429 0.0000000000
119314  -45.431  -43.678  -3.777 0.0000000000
119321  -29.020  -23.816  -4.374 0.0000000000
119338  -41.577  -31.067  -1.552 0.0000000000
119383  -25.558  -42.905  -4.516 0.0000000000
119390  -47.154  -41.704  -3.203 0.0000000000
119411  -38.803  -14.565  -10.515 0.0000000000
119413  -27.962  -47.119  -5.818 0.0000000000
119425  -31.666  -39.122  -6.605 0.0000000000
119469  -39.330  -13.021  -8.454 0.0000000000
119473  -46.432  -43.035  -2.037 0.0000000000
119529  -25.895  -35.064  -4.301 0.0000000000
119640  -44.439  -41.794  0.616 0.0000000000
119663  -25.397  -40.226  -4.331 0.0000000000
119687  -33.294  -51.143  -7.904 0.0000000000
119709  -28.791  -56.681  -4.459 0.0000000000
119749  -40.650  -11.093  -11.060 0.0000000000
119778  -38.861  -50.991  -9.237 0.0000000000
119868  -43.181  -38.424  1.565 0.0000000000
119878  -40.363  -15.639  -10.354 0.0000000000
119887  -29.250  -20.187  -6.418 0.0000000000
119890  -27.889  -46.322  -5.920 0.0000000000
119933  -36.368  -57.313  -10.701 0.0000000000
119959  -36.451  -45.670  -5.767 0.0000000000
119976  -35.407  -27.118  -8.186 0.0000000000
119978  -44.844  -41.499  -0.097 0.0000000000
120014  -39.379  -17.228  -10.197 0.0000000000
120020  -45.568  -42.836  -1.139 0.0000000000
120087  -26.872  -46.229  -5.687 0.0000000000
120089  -41.901  -32.017  -2.942 0.0000000000
120162  -40.015  -52.059  -7.931 0.0000000000
120197  -31.484  -54.321  -8.065 0.0000000000
120316  -28.942  -49.530  -2.629 0.0000000000
120388  -32.608  -24.055  -4.641 0.0000000000
120492  -43.030  -33.182  -1.708 0.0000000000
120497  -36.117  -58.965  -7.851 0.0000000000
120521  -32.242  -48.512  -5.229 0.0000000000
120664  -46.227  -39.673  -6.104 0.0000000000
120699  -36.373  -29.979  -9.107 0.0000000000
120768  -34.067  -26.458  -0.304 0.0000000000
120889  -33.140  -17.254  -7.015 0.0000000000
120958  -31.088  -17.180  -4.710 0.0000000000
120981  -47.552  -35.166  -9.861 0.0000000000
121043  -29.852  -35.541  -2.586 0.0000000000
121045  -33.518  -43.786  -5.596 0.0000000000
121135  -36.328  -20.928  -6.604 0.0000000000
121265  -34.614  -26.193  -0.006 0.0000000000
121399  -35.524  -30.487  -7.061 0.0000000000
121473  -31.499  -22.706  -4.582 0.0000000000
121485  -38.311  -48.518  -5.605 0.0000000000
121490  -31.820  -41.457  -7.177 0.0000000000
121557  -29.247  -47.875  -5.534 0.0000000000
121582  -33.597  -20.449  -4.384 0.0000000000
121592  -27.488  -29.975  -4.756 0.0000000000
121595  -35.462  -31.696  -9.152 0.0000000000
121721  -39.003  -47.954  -5.748 0.0000000000
121841  -36.599  -36.608  -8.895 0.0000000000
121864  -40.806  -44.136  -8.817 0.0000000000
121866  -30.872  -25.093  -6.535 0.0000000000
121886  -35.404  -14.884  -3.762 0.0000000000
121901  -31.369  -58.837  -8.136 0.0000000000
121996  -35.674  -34.375  -6.552 0.0000000000
122000  -25.033  -53.306  -6.314 0.0000000000
122014  -26.585  -25.083  -4.763 0.0000000000
122100  -35.838  -56.913  -10.596 0.0000000000
122105  -42.601  -32.743  -9.780 0.0000000000
122108  -34.395  -14.585  -6.009 0.0000000000
122234  -27.724  -38.384  -5.352 0.0000000000
122258  -27.683  -25.515  -3.472 0.0000000000
122433  -29.589  -29.311  -5.632 0.0000000000
122528  -25.910  -30.522  -1.937 0.0000000000
122579  -42.332  -15.313  -10.490 0.0000000000
122618  -37.843  -13.970  -10.561 0.0000000000
122626  -27.411  -33.127  -2.578 0.0000000000
122679  -30.499  -18.258  -6.804 0.0000000000
122691  -30.809  -25.488  -4.384 0.0000000000
122801  -25.799  -25.762  -4.170 0.0000000000
122865  -33.826  -59.544  -5.311 0.0000000000
122870  -32.776  -32.056  -6.994 0.0000000000
123021  -30.640  -13.776  -8.452 0.0000000000
123027  -34.988  -47.108  -6.336 0.0000000000
123053  -31.575  -15.157  -9.117 0.0000000000
123059  -35.013  -36.096  -4.978 0.0000000000
123097  -27.067  -43.343  -3.422 0.0000000000
123100  -32.419  -26.133  -3.005 0.0000000000
123181  -40.516  -14.668  -10.366 0.0000000000
123200  -38.011  -45.699  -7.896 0.0000000000
123237  -53.466  -28.399  -9.146 0.0000000000
123292  -45.152  -14.109  -9.823 0.0000000000
123314  -45.147  -33.570  -8.840 0.0000000000
123369  -40.548  -41.343  -6.966 0.0000000000
123392  -28.054  -52.864  -1.749 0.0000000000
123498  -29.386  -27.323  -5.814 0.0000000000
123524  -27.996  -51.838  -2.670 0.0000000000
123563  -24.241  -30.569  -1.353 0.0000000000
123620  -44.289  -12.547  -11.748 0.0000000000
123709  -28.823  -52.982  -7.997 0.0000000000
123740  -26.951  -55.416  -4.570 0.0000000000
123771  -43.628  -32.655  -2.060 0.0000000000
123805  -25.636  -34.262  -2.402 0.0000000000
123832  -30.709  -31.790  -5.741 0.0000000000
123892  -27.889  -39.293  -5.465 0.0000000000
123913  -43.084  -15.764  -10.409 0.0000000000
123978  -32.981  -18.483  -4.109 0.0000000000
124050  -38.270  -13.785  -10.247 0.0000000000
124099  -26.704  -37.165  -4.760 0.0000000000
124122  -33.743  -27.202  -7.876 0.0000000000
124132  -34.429  -32.589  -8.321 0.0000000000
124159  -43.074  -9.795  -12.444 0.0000000000
124163  -28.272  -47.167  -3.122 0.0000000000
124165  -42.892  -10.651  -12.144 0.0000000000
124191  -30.890  -30.997  -3.307 0.0000000000
124337  -26.432  -32.250  -4.303 0.0000000000
124457  -41.799  -43.608  -3.478 0.0000000000
124548  -26.952  -38.438  -3.227 0.0000000000
124551  -45.758  -32.747  -5.758 0.0000000000
124578  -26.481  -51.926  -3.834 0.0000000000
124583  -33.283  -22.189  -6.809 0.0000000000
124667  -34.601  -21.408  -6.748 0.0000000000
124687  -30.815  -16.613  -5.127 0.0000000000
124764  -32.274  -33.368  -6.415 0.0000000000
124773  -27.569  -44.849  -5.870 0.0000000000
124774  -33.345  -23.583  -7.191 0.0000000000
124861  -29.881  -14.519  -7.238 0.0000000000
124864  -26.244  -28.491  -1.083 0.0000000000
124879  -42.411  -33.140  -8.591 0.0000000000
124899  -23.969  -32.908  -3.085 0.0000000000
124918  -33.843  -40.889  -8.027 0.0000000000
124922  -27.067  -42.694  -3.445 0.0000000000
124962  -23.495  -28.806  -2.030 0.0000000000
124966  -25.434  -26.445  -3.778 0.0000000000
125067  -41.550  -33.778  -2.534 0.0000000000
125068  -25.137  -39.886  -4.010 0.0000000000
125143  -36.519  -14.786  -10.961 0.0000000000
125156  -31.304  -17.236  -7.267 0.0000000000
125219  -38.443  -44.659  -7.068 0.0000000000
125227  -25.073  -54.395  -3.767 0.0000000000
125265  -29.517  -45.743  -6.078 0.0000000000
125283  -36.490  -57.741  -7.928 0.0000000000
125338  -38.126  -51.377  -8.987 0.0000000000
125410  -34.521  -14.569  -6.945 0.0000000000
125451  -47.471  -41.433  -3.921 0.0000000000
125485  -27.866  -29.586  -2.392 0.0000000000
125496  -41.600  -41.209  -0.569 0.0000000000
125525  -26.575  -26.505  -2.234 0.0000000000
125530  -33.207  -44.562  -5.389 0.0000000000
125769  -26.827  -34.651  -2.437 0.0000000000
125828  -37.701  -17.325  -1.449 0.0000000000
125837  -30.161  -28.893  -5.889 0.0000000000
125978  -30.028  -43.480  -6.486 0.0000000000
126066  -33.338  -21.131  -6.605 0.0000000000
126085  -42.355  -32.030  -4.428 0.0000000000
126106  -27.112  -22.905  -5.034 0.0000000000
126211  -39.304  -13.319  -10.246 0.0000000000
126293  -30.919  -21.489  -4.511 0.0000000000
126299  -31.939  -27.995  -6.800 0.0000000000
126389  -36.488  -34.071  -8.674 0.0000000000
126397  -34.888  -58.989  -11.296 0.0000000000
126405  -28.118  -45.755  -6.042 0.0000000000
126513  -32.612  -20.404  -6.525 0.0000000000
126587  -31.168  -51.426  -7.075 0.0000000000
126613  -37.444  -50.756  -8.788 0.0000000000
126624  -27.730  -22.351  -5.711 0.0000000000
126631  -35.270  -32.230  -8.966 0.0000000000
126632  -35.457  -14.660  -4.203 0.0000000000
126990  -29.293  -25.428  -6.242 0.0000000000
127018  -33.270  -18.487  -6.498 0.0000000000
127071  -34.377  -41.193  -7.456 0.0000000000
127102  -32.649  -13.533  -8.924 0.0000000000
127148  -41.903  -34.221  -3.047 0.0000000000
127268  -42.255  -47.910  -8.045 0.0000000000
127295  -26.337  -33.779  -4.319 0.0000000000
127311  -27.515  -33.714  -2.516 0.0000000000
127325  -33.306  -15.054  -10.242 0.0000000000
127398  -32.911  -33.388  -6.828 0.0000000000
127486  -29.288  -20.885  -6.433 0.0000000000
127528  -38.011  -17.330  -9.950 0.0000000000
127625  -28.655  -39.516  -5.625 0.0000000000
127670  -44.643  -10.656  -12.232 0.0000000000
127704  -34.166  -28.489  1.427 0.0000000000
127707  -48.964  -31.474  -8.512 0.0000000000
127806  -25.851  -52.819  -7.247 0.0000000000
127862  -41.766  -15.707  -10.401 0.0000000000
127904  -34.100  -13.845  -9.260 0.0000000000
127906  -43.287  -32.928  0.361 0.0000000000
127918  -25.725  -50.564  -4.532 0.0000000000
127968  -44.927  -39.793  -4.875 0.0000000000
127982  -34.692  -25.382  -8.003 0.0000000000
128007  -26.445  -46.776  -5.609 0.0000000000
128047  -44.294  -40.177  2.464 0.0000000000
128065  -25.918  -36.377  -2.662 0.0000000000
128256  -36.336  -23.693  -7.197 0.0000000000
128274  -39.993  -42.656  -7.335 0.0000000000
128290  -33.095  -60.654  -11.680 0.0000000000
128302  -37.989  -14.294  -8.773 0.0000000000
128424  -26.864  -40.446  -5.264 0.0000000000
128438  -45.302  -32.065  -7.821 0.0000000000
128543  -37.160  -47.985  -9.071 0.0000000000
128606  -40.793  -51.854  -9.307 0.0000000000
128682  -26.305  -43.568  -3.540 0.0000000000
128687  -29.398  -28.421  -0.877 0.0000000000
