#!ascii label  , from subject sub-07 vox2ras=TkReg aparc.a2009s=G_temporal_inf
2349
18761  -45.194  -65.406  -14.358 0.0000000000
18774  -44.985  -65.181  -15.095 0.0000000000
19673  -45.922  -65.427  -13.895 0.0000000000
19674  -46.979  -65.225  -13.562 0.0000000000
19675  -47.742  -64.813  -13.290 0.0000000000
19678  -45.924  -65.233  -14.895 0.0000000000
19679  -46.863  -65.217  -14.602 0.0000000000
19680  -47.755  -65.064  -14.227 0.0000000000
19691  -44.504  -65.036  -15.601 0.0000000000
19692  -45.188  -64.621  -16.062 0.0000000000
19693  -46.672  -64.899  -15.600 0.0000000000
20575  -48.249  -63.347  -12.610 0.0000000000
20578  -48.176  -64.254  -12.981 0.0000000000
20579  -49.070  -63.840  -13.453 0.0000000000
20580  -49.756  -63.699  -14.330 0.0000000000
20583  -48.483  -64.649  -13.848 0.0000000000
20584  -49.182  -64.344  -14.860 0.0000000000
20585  -49.809  -63.609  -15.393 0.0000000000
20590  -46.168  -64.287  -16.475 0.0000000000
20591  -48.280  -64.344  -15.945 0.0000000000
20592  -49.145  -63.752  -16.118 0.0000000000
20593  -49.675  -63.221  -16.239 0.0000000000
20602  -45.957  -63.397  -17.198 0.0000000000
21462  -48.223  -62.474  -12.344 0.0000000000
21463  -48.933  -62.796  -12.906 0.0000000000
21466  -49.783  -63.063  -13.679 0.0000000000
21467  -50.312  -63.197  -14.687 0.0000000000
21471  -47.324  -62.579  -16.669 0.0000000000
21472  -48.128  -62.376  -16.591 0.0000000000
21473  -50.739  -62.673  -15.135 0.0000000000
21479  -46.744  -63.424  -16.789 0.0000000000
21480  -48.312  -63.394  -16.567 0.0000000000
21481  -49.090  -62.947  -16.692 0.0000000000
21482  -49.825  -62.585  -16.648 0.0000000000
22417  -48.655  -61.899  -12.440 0.0000000000
22423  -49.527  -62.084  -13.134 0.0000000000
22424  -50.498  -62.354  -14.071 0.0000000000
22425  -51.171  -61.916  -15.011 0.0000000000
22430  -46.451  -61.405  -15.786 0.0000000000
22431  -47.226  -61.524  -15.800 0.0000000000
22432  -47.979  -61.473  -16.014 0.0000000000
22440  -46.649  -62.247  -16.769 0.0000000000
22441  -50.030  -61.749  -17.070 0.0000000000
22442  -50.645  -62.341  -16.151 0.0000000000
23367  -49.096  -61.033  -12.437 0.0000000000
23368  -49.619  -60.365  -12.684 0.0000000000
23373  -46.703  -60.191  -14.380 0.0000000000
23374  -47.547  -59.951  -14.768 0.0000000000
23375  -50.896  -60.968  -14.156 0.0000000000
23381  -46.479  -60.843  -14.922 0.0000000000
23382  -47.345  -60.781  -15.195 0.0000000000
23383  -48.326  -60.637  -15.866 0.0000000000
23384  -51.530  -60.937  -15.292 0.0000000000
23390  -49.400  -60.911  -16.925 0.0000000000
23391  -50.180  -60.787  -17.280 0.0000000000
23392  -51.062  -61.436  -16.517 0.0000000000
23397  -50.995  -60.496  -17.109 0.0000000000
24337  -46.427  -59.045  -13.290 0.0000000000
24339  -49.780  -59.523  -12.388 0.0000000000
24340  -50.428  -59.243  -13.044 0.0000000000
24345  -46.135  -59.698  -13.704 0.0000000000
24346  -46.980  -59.476  -13.971 0.0000000000
24347  -47.653  -59.212  -14.413 0.0000000000
24348  -50.246  -60.145  -13.289 0.0000000000
24349  -51.139  -59.841  -14.227 0.0000000000
24354  -48.242  -59.524  -15.176 0.0000000000
24355  -51.696  -60.069  -15.644 0.0000000000
24356  -51.922  -59.203  -16.106 0.0000000000
24360  -48.965  -59.885  -16.256 0.0000000000
24361  -49.665  -60.127  -17.058 0.0000000000
24362  -51.518  -59.975  -16.612 0.0000000000
24363  -51.452  -59.214  -16.942 0.0000000000
24367  -50.274  -59.776  -17.355 0.0000000000
24368  -51.066  -59.763  -17.278 0.0000000000
25180  -52.753  -59.629  1.701 0.0000000000
25181  -53.713  -60.074  1.538 0.0000000000
25188  -51.663  -59.038  0.780 0.0000000000
25189  -52.119  -59.338  1.342 0.0000000000
25190  -53.161  -59.920  1.070 0.0000000000
25191  -53.969  -60.182  0.834 0.0000000000
25204  -52.553  -59.468  0.460 0.0000000000
25205  -53.358  -59.736  0.419 0.0000000000
25215  -52.959  -59.297  -0.365 0.0000000000
25312  -50.276  -58.949  -11.687 0.0000000000
25313  -51.143  -58.593  -11.817 0.0000000000
25314  -52.138  -58.264  -12.126 0.0000000000
25322  -46.758  -58.336  -12.889 0.0000000000
25323  -50.682  -58.664  -12.504 0.0000000000
25324  -52.202  -57.798  -13.092 0.0000000000
25325  -52.920  -57.852  -12.756 0.0000000000
25326  -53.932  -57.936  -12.588 0.0000000000
25331  -47.373  -58.644  -13.718 0.0000000000
25332  -48.147  -58.666  -14.556 0.0000000000
25333  -51.176  -58.642  -13.704 0.0000000000
25334  -51.847  -57.870  -13.814 0.0000000000
25337  -48.798  -58.904  -15.528 0.0000000000
25338  -49.262  -58.339  -15.872 0.0000000000
25339  -51.908  -58.430  -14.921 0.0000000000
25344  -49.531  -59.171  -16.686 0.0000000000
25345  -51.855  -58.364  -16.618 0.0000000000
25349  -50.170  -58.915  -17.222 0.0000000000
25350  -50.806  -59.087  -17.339 0.0000000000
25351  -51.344  -58.348  -17.192 0.0000000000
26150  -53.987  -59.983  2.094 0.0000000000
26155  -50.829  -58.411  2.239 0.0000000000
26156  -51.750  -59.073  2.068 0.0000000000
26157  -52.820  -59.411  2.257 0.0000000000
26158  -56.544  -60.462  1.040 0.0000000000
26159  -56.806  -60.245  0.978 0.0000000000
26163  -50.108  -57.974  1.387 0.0000000000
26164  -50.980  -58.646  1.603 0.0000000000
26165  -54.472  -60.348  1.194 0.0000000000
26175  -50.984  -58.470  0.658 0.0000000000
26176  -51.961  -58.909  -0.290 0.0000000000
26177  -53.633  -59.458  0.078 0.0000000000
26178  -54.361  -60.003  0.448 0.0000000000
26191  -51.818  -58.201  -1.302 0.0000000000
26192  -52.626  -58.642  -1.135 0.0000000000
26193  -53.221  -58.753  -0.928 0.0000000000
26207  -52.522  -58.075  -1.666 0.0000000000
26208  -52.935  -58.225  -1.531 0.0000000000
26296  -47.990  -57.258  -13.119 0.0000000000
26297  -52.620  -57.469  -14.019 0.0000000000
26298  -53.730  -57.470  -13.323 0.0000000000
26305  -47.465  -57.920  -13.233 0.0000000000
26306  -48.030  -57.936  -13.895 0.0000000000
26307  -53.575  -57.117  -14.102 0.0000000000
26308  -54.448  -56.710  -13.811 0.0000000000
26309  -55.117  -56.348  -13.267 0.0000000000
26312  -48.713  -57.935  -14.839 0.0000000000
26313  -49.424  -57.429  -15.737 0.0000000000
26314  -52.424  -57.699  -15.006 0.0000000000
26315  -53.185  -56.921  -15.092 0.0000000000
26316  -54.133  -56.311  -14.676 0.0000000000
26321  -49.844  -58.249  -16.744 0.0000000000
26322  -50.242  -57.377  -16.833 0.0000000000
26323  -52.457  -57.364  -16.145 0.0000000000
26324  -53.057  -56.490  -15.957 0.0000000000
26326  -50.574  -58.257  -17.249 0.0000000000
26327  -51.108  -57.410  -17.305 0.0000000000
26328  -51.951  -57.317  -17.032 0.0000000000
27090  -53.007  -58.754  2.959 0.0000000000
27091  -54.188  -59.145  2.756 0.0000000000
27092  -55.434  -59.313  2.431 0.0000000000
27093  -56.105  -58.327  2.453 0.0000000000
27100  -50.355  -57.734  2.655 0.0000000000
27101  -51.603  -58.336  2.806 0.0000000000
27102  -54.914  -60.237  1.600 0.0000000000
27103  -56.141  -60.402  1.222 0.0000000000
27104  -56.438  -60.057  1.646 0.0000000000
27112  -49.328  -57.452  1.766 0.0000000000
27113  -50.026  -58.030  2.042 0.0000000000
27114  -54.387  -58.508  0.121 0.0000000000
27115  -55.086  -60.423  0.667 0.0000000000
27116  -56.395  -60.253  0.526 0.0000000000
27117  -57.101  -59.908  0.100 0.0000000000
27130  -49.469  -57.400  0.979 0.0000000000
27131  -50.338  -57.810  0.441 0.0000000000
27132  -53.778  -58.521  -0.441 0.0000000000
27141  -50.060  -56.652  -0.762 0.0000000000
27142  -50.740  -57.569  -0.578 0.0000000000
27143  -53.181  -57.798  -1.443 0.0000000000
27156  -50.683  -56.310  -1.903 0.0000000000
27157  -51.245  -57.223  -1.582 0.0000000000
27158  -52.191  -57.486  -2.128 0.0000000000
27159  -52.734  -57.593  -1.836 0.0000000000
27169  -52.167  -56.654  -2.628 0.0000000000
27170  -52.544  -56.875  -2.230 0.0000000000
27263  -48.579  -56.656  -13.651 0.0000000000
27264  -49.124  -56.178  -14.357 0.0000000000
27265  -54.696  -55.801  -14.090 0.0000000000
27266  -55.168  -55.527  -13.300 0.0000000000
27270  -48.916  -57.016  -14.585 0.0000000000
27271  -49.377  -56.568  -15.184 0.0000000000
27272  -53.723  -55.984  -15.519 0.0000000000
27273  -54.236  -55.425  -14.949 0.0000000000
27277  -49.655  -55.640  -15.359 0.0000000000
27278  -50.725  -56.356  -16.985 0.0000000000
27279  -52.618  -56.487  -16.629 0.0000000000
27280  -53.260  -55.742  -16.254 0.0000000000
27281  -53.832  -55.175  -15.751 0.0000000000
27282  -51.611  -56.499  -17.229 0.0000000000
27283  -52.221  -56.327  -17.079 0.0000000000
27284  -52.714  -55.636  -16.862 0.0000000000
28049  -52.728  -56.236  3.567 0.0000000000
28050  -54.092  -57.048  3.402 0.0000000000
28051  -55.254  -56.743  3.245 0.0000000000
28073  -52.637  -55.492  0.537 0.0000000000
28074  -53.600  -56.316  0.575 0.0000000000
28075  -54.682  -57.978  0.344 0.0000000000
28076  -55.392  -58.426  0.322 0.0000000000
28077  -56.201  -58.751  0.090 0.0000000000
28096  -52.710  -56.160  -0.321 0.0000000000
28097  -53.457  -56.882  0.058 0.0000000000
28110  -52.550  -55.585  -1.157 0.0000000000
28111  -52.959  -56.707  -1.460 0.0000000000
28120  -52.803  -56.075  -2.115 0.0000000000
28130  -51.421  -56.016  -2.804 0.0000000000
28131  -52.176  -55.963  -3.015 0.0000000000
28132  -52.470  -56.040  -2.658 0.0000000000
28139  -51.753  -55.363  -3.464 0.0000000000
28140  -52.470  -55.182  -3.190 0.0000000000
28225  -55.114  -54.940  -12.996 0.0000000000
28230  -48.849  -55.711  -13.407 0.0000000000
28231  -49.270  -54.709  -13.867 0.0000000000
28235  -49.673  -54.408  -15.128 0.0000000000
28236  -53.702  -54.756  -15.785 0.0000000000
28237  -54.120  -54.973  -15.193 0.0000000000
28239  -50.270  -54.784  -16.098 0.0000000000
28240  -50.853  -55.264  -16.835 0.0000000000
28241  -52.535  -54.913  -16.876 0.0000000000
28242  -53.327  -55.011  -16.449 0.0000000000
28243  -51.352  -55.735  -17.173 0.0000000000
28244  -52.064  -55.665  -17.178 0.0000000000
29083  -51.925  -54.471  0.931 0.0000000000
29084  -52.738  -54.873  1.102 0.0000000000
29085  -53.725  -55.519  1.057 0.0000000000
29086  -54.616  -56.163  0.900 0.0000000000
29105  -51.911  -55.008  0.056 0.0000000000
29134  -52.662  -54.856  -1.951 0.0000000000
29150  -52.685  -55.125  -2.625 0.0000000000
29162  -52.225  -54.764  -3.918 0.0000000000
29163  -52.647  -54.379  -3.578 0.0000000000
29176  -52.993  -53.847  -4.874 0.0000000000
29241  -52.786  -53.626  -10.752 0.0000000000
29246  -52.322  -54.237  -11.965 0.0000000000
29247  -53.514  -54.050  -11.337 0.0000000000
29248  -54.691  -53.889  -10.899 0.0000000000
29254  -52.277  -54.234  -13.320 0.0000000000
29255  -53.540  -54.556  -12.641 0.0000000000
29256  -54.850  -54.495  -12.066 0.0000000000
29262  -49.473  -53.588  -14.533 0.0000000000
29263  -52.276  -53.682  -14.962 0.0000000000
29264  -53.366  -54.498  -14.368 0.0000000000
29265  -54.400  -54.848  -13.666 0.0000000000
29268  -49.848  -53.273  -15.509 0.0000000000
29269  -52.239  -53.671  -16.087 0.0000000000
29270  -53.231  -54.292  -15.568 0.0000000000
29271  -54.035  -54.747  -14.958 0.0000000000
29272  -50.362  -53.578  -16.115 0.0000000000
29273  -51.025  -54.252  -16.653 0.0000000000
29274  -51.875  -54.078  -16.548 0.0000000000
29275  -52.951  -54.425  -16.340 0.0000000000
29276  -51.638  -54.950  -17.005 0.0000000000
30105  -50.702  -53.263  0.891 0.0000000000
30106  -51.421  -53.577  1.184 0.0000000000
30107  -52.144  -53.879  1.340 0.0000000000
30127  -51.300  -54.009  0.531 0.0000000000
30144  -50.804  -53.535  0.033 0.0000000000
30145  -52.047  -54.547  -0.916 0.0000000000
30159  -51.395  -53.672  -0.784 0.0000000000
30160  -52.222  -53.804  -1.794 0.0000000000
30161  -52.699  -54.210  -2.610 0.0000000000
30172  -52.509  -53.421  -2.688 0.0000000000
30173  -52.800  -53.747  -3.113 0.0000000000
30180  -52.900  -53.675  -3.678 0.0000000000
30189  -53.467  -53.155  -5.008 0.0000000000
30249  -51.179  -53.029  -10.918 0.0000000000
30258  -51.119  -53.069  -12.211 0.0000000000
30259  -51.705  -53.644  -11.407 0.0000000000
30264  -51.371  -52.906  -13.592 0.0000000000
30265  -51.616  -53.782  -12.629 0.0000000000
30269  -51.595  -52.684  -14.995 0.0000000000
30270  -49.766  -52.416  -15.426 0.0000000000
30271  -51.564  -52.753  -15.918 0.0000000000
30272  -50.193  -52.721  -15.915 0.0000000000
30273  -50.753  -52.687  -16.239 0.0000000000
30274  -51.365  -53.049  -16.222 0.0000000000
31114  -50.208  -52.507  1.107 0.0000000000
31115  -51.021  -52.681  1.411 0.0000000000
31130  -49.676  -52.174  0.584 0.0000000000
31131  -50.226  -52.817  0.314 0.0000000000
31139  -49.804  -52.307  -0.263 0.0000000000
31140  -50.632  -52.889  -0.722 0.0000000000
31149  -50.085  -52.177  -1.190 0.0000000000
31150  -50.903  -52.616  -1.711 0.0000000000
31151  -51.840  -52.995  -2.172 0.0000000000
31159  -51.195  -52.428  -2.502 0.0000000000
31160  -52.169  -52.763  -2.909 0.0000000000
31161  -52.765  -53.155  -3.346 0.0000000000
31167  -51.455  -52.257  -3.219 0.0000000000
31168  -52.379  -52.519  -3.685 0.0000000000
31169  -53.096  -52.936  -4.016 0.0000000000
31180  -52.804  -52.399  -4.597 0.0000000000
31181  -53.361  -52.663  -5.207 0.0000000000
31190  -52.815  -52.116  -5.485 0.0000000000
31233  -50.838  -52.277  -10.551 0.0000000000
31239  -50.852  -52.212  -11.846 0.0000000000
31245  -51.203  -51.912  -13.386 0.0000000000
31248  -49.563  -51.636  -15.059 0.0000000000
31249  -51.349  -51.778  -14.904 0.0000000000
31250  -50.061  -51.351  -15.639 0.0000000000
31251  -50.634  -51.739  -15.866 0.0000000000
31252  -51.117  -51.899  -15.841 0.0000000000
31253  -50.383  -52.102  -15.987 0.0000000000
31254  -50.969  -52.214  -16.122 0.0000000000
32092  -49.134  -50.710  1.074 0.0000000000
32093  -49.762  -51.156  1.389 0.0000000000
32094  -50.405  -51.864  1.426 0.0000000000
32113  -48.846  -50.788  0.495 0.0000000000
32114  -49.251  -51.421  0.735 0.0000000000
32124  -48.925  -51.181  -0.101 0.0000000000
32125  -49.420  -51.634  -0.714 0.0000000000
32133  -49.607  -51.539  -1.523 0.0000000000
32134  -50.279  -51.962  -2.045 0.0000000000
32141  -49.522  -51.092  -2.347 0.0000000000
32142  -50.481  -51.795  -2.848 0.0000000000
32149  -49.888  -51.165  -3.266 0.0000000000
32150  -50.771  -51.715  -3.712 0.0000000000
32151  -51.743  -52.009  -4.206 0.0000000000
32163  -49.913  -50.821  -4.108 0.0000000000
32164  -50.763  -51.494  -4.618 0.0000000000
32165  -51.832  -51.813  -5.040 0.0000000000
32173  -50.796  -51.346  -5.493 0.0000000000
32174  -51.740  -51.655  -5.932 0.0000000000
32179  -50.717  -51.184  -6.470 0.0000000000
32180  -51.528  -51.642  -6.848 0.0000000000
32186  -50.744  -51.262  -7.611 0.0000000000
32199  -50.758  -51.616  -9.088 0.0000000000
32206  -50.728  -51.436  -10.215 0.0000000000
32213  -50.951  -51.148  -11.665 0.0000000000
32221  -51.222  -51.254  -12.817 0.0000000000
32224  -49.346  -50.382  -14.143 0.0000000000
32225  -51.483  -50.715  -14.048 0.0000000000
32226  -49.591  -50.769  -15.156 0.0000000000
32227  -50.986  -50.241  -15.245 0.0000000000
32228  -50.151  -50.260  -15.489 0.0000000000
33080  -48.781  -50.125  0.672 0.0000000000
33081  -49.310  -50.112  1.233 0.0000000000
33082  -50.648  -51.081  1.632 0.0000000000
33111  -48.619  -50.394  -0.116 0.0000000000
33112  -48.904  -50.726  -1.159 0.0000000000
33123  -48.608  -49.679  -1.368 0.0000000000
33130  -48.873  -50.064  -2.166 0.0000000000
33141  -49.343  -50.249  -3.200 0.0000000000
33153  -49.737  -50.145  -4.768 0.0000000000
33160  -50.028  -50.271  -5.536 0.0000000000
33161  -50.204  -50.821  -5.043 0.0000000000
33165  -50.151  -49.689  -6.080 0.0000000000
33166  -50.318  -50.435  -6.288 0.0000000000
33175  -50.628  -50.062  -8.347 0.0000000000
33191  -51.957  -49.897  -11.264 0.0000000000
33198  -51.967  -49.997  -12.275 0.0000000000
33203  -51.774  -50.038  -13.359 0.0000000000
33204  -49.381  -49.407  -13.678 0.0000000000
33205  -51.436  -49.596  -14.598 0.0000000000
33206  -49.716  -49.400  -14.782 0.0000000000
33207  -50.653  -49.468  -15.241 0.0000000000
33208  -50.041  -49.564  -15.273 0.0000000000
34060  -49.121  -49.303  0.801 0.0000000000
34087  -48.536  -49.292  -0.784 0.0000000000
34099  -48.601  -48.832  -1.307 0.0000000000
34105  -48.670  -49.213  -1.957 0.0000000000
34106  -48.948  -49.244  -2.722 0.0000000000
34116  -49.315  -49.281  -3.633 0.0000000000
34124  -49.623  -49.364  -4.498 0.0000000000
34128  -49.878  -49.535  -5.311 0.0000000000
34129  -50.263  -48.941  -5.898 0.0000000000
34143  -50.786  -49.451  -7.683 0.0000000000
34151  -51.410  -49.540  -9.139 0.0000000000
34157  -52.725  -49.423  -10.959 0.0000000000
34165  -49.589  -48.131  -12.126 0.0000000000
34166  -53.329  -49.240  -12.706 0.0000000000
34167  -53.854  -48.942  -12.635 0.0000000000
34169  -49.640  -48.546  -13.161 0.0000000000
34170  -52.987  -49.093  -13.286 0.0000000000
34171  -53.968  -48.538  -13.172 0.0000000000
34172  -50.052  -48.717  -14.435 0.0000000000
34173  -52.010  -48.876  -13.955 0.0000000000
34174  -52.933  -48.331  -13.564 0.0000000000
34175  -50.346  -48.977  -15.017 0.0000000000
34176  -51.131  -48.854  -14.719 0.0000000000
35014  -48.865  -48.779  0.103 0.0000000000
35026  -48.688  -48.727  -0.552 0.0000000000
35036  -48.865  -48.123  -1.096 0.0000000000
35038  -48.881  -48.350  -2.085 0.0000000000
35047  -49.290  -48.433  -3.121 0.0000000000
35055  -49.691  -48.499  -4.119 0.0000000000
35056  -50.639  -47.501  -4.465 0.0000000000
35060  -49.975  -48.776  -5.048 0.0000000000
35061  -50.564  -48.269  -5.574 0.0000000000
35070  -50.976  -48.457  -6.609 0.0000000000
35079  -51.720  -49.048  -8.495 0.0000000000
35080  -51.863  -48.563  -7.786 0.0000000000
35086  -53.108  -49.123  -10.459 0.0000000000
35087  -53.088  -48.756  -9.485 0.0000000000
35088  -54.291  -48.558  -10.497 0.0000000000
35094  -54.296  -48.377  -12.561 0.0000000000
35095  -54.935  -48.479  -12.011 0.0000000000
35101  -49.641  -47.680  -11.345 0.0000000000
35102  -54.255  -48.254  -13.234 0.0000000000
35104  -50.598  -47.587  -12.455 0.0000000000
35105  -52.063  -47.785  -13.585 0.0000000000
35106  -53.700  -48.000  -13.356 0.0000000000
35107  -50.773  -48.216  -14.117 0.0000000000
35108  -51.604  -48.399  -14.121 0.0000000000
35109  -50.772  -48.602  -14.619 0.0000000000
35951  -49.403  -47.673  -1.637 0.0000000000
35955  -49.589  -47.662  -2.610 0.0000000000
35956  -50.404  -47.234  -2.569 0.0000000000
35957  -50.800  -47.232  -1.820 0.0000000000
35968  -49.776  -47.851  -3.514 0.0000000000
35969  -50.116  -47.395  -3.168 0.0000000000
35975  -51.404  -47.193  -4.683 0.0000000000
35980  -51.325  -47.831  -5.953 0.0000000000
35981  -51.598  -47.411  -5.367 0.0000000000
35982  -52.406  -47.469  -6.122 0.0000000000
35992  -52.042  -48.042  -7.017 0.0000000000
35993  -53.264  -47.845  -7.736 0.0000000000
35994  -54.655  -47.872  -8.942 0.0000000000
36001  -53.064  -48.325  -8.532 0.0000000000
36002  -54.496  -48.318  -9.884 0.0000000000
36003  -56.007  -48.284  -11.436 0.0000000000
36010  -55.495  -48.262  -12.262 0.0000000000
36011  -56.071  -47.818  -12.654 0.0000000000
36017  -51.132  -46.790  -11.228 0.0000000000
36018  -54.716  -47.687  -12.922 0.0000000000
36019  -55.357  -48.012  -12.912 0.0000000000
36023  -50.759  -47.192  -11.772 0.0000000000
36024  -52.528  -47.128  -12.519 0.0000000000
36025  -53.416  -47.712  -13.273 0.0000000000
36026  -51.839  -47.330  -12.714 0.0000000000
36873  -51.661  -47.081  -1.675 0.0000000000
36876  -51.341  -47.085  -2.476 0.0000000000
36877  -52.367  -46.912  -2.365 0.0000000000
36878  -53.294  -46.651  -2.701 0.0000000000
36879  -54.020  -46.563  -2.951 0.0000000000
36893  -50.825  -47.118  -3.219 0.0000000000
36894  -51.778  -46.956  -3.230 0.0000000000
36895  -52.773  -46.839  -3.277 0.0000000000
36896  -54.590  -46.615  -3.576 0.0000000000
36897  -55.314  -46.727  -4.036 0.0000000000
36905  -51.164  -47.076  -3.935 0.0000000000
36906  -52.048  -46.867  -4.066 0.0000000000
36907  -52.962  -46.826  -4.229 0.0000000000
36908  -54.298  -46.780  -4.048 0.0000000000
36909  -54.965  -46.814  -4.341 0.0000000000
36910  -55.870  -46.969  -4.906 0.0000000000
36911  -56.666  -46.967  -5.120 0.0000000000
36912  -57.438  -46.970  -5.542 0.0000000000
36913  -58.311  -46.884  -6.062 0.0000000000
36921  -52.254  -47.066  -4.953 0.0000000000
36922  -53.283  -47.006  -5.357 0.0000000000
36923  -54.307  -46.861  -5.098 0.0000000000
36924  -55.189  -46.942  -5.407 0.0000000000
36925  -56.041  -47.257  -6.926 0.0000000000
36926  -57.354  -47.313  -6.370 0.0000000000
36927  -58.080  -47.343  -6.779 0.0000000000
36939  -53.643  -47.437  -6.904 0.0000000000
36940  -54.822  -47.517  -7.854 0.0000000000
36941  -55.962  -47.647  -8.715 0.0000000000
36942  -57.254  -48.010  -9.761 0.0000000000
36943  -57.268  -47.600  -8.053 0.0000000000
36944  -58.501  -47.501  -8.109 0.0000000000
36945  -58.885  -47.251  -7.460 0.0000000000
36956  -56.338  -48.206  -10.651 0.0000000000
36957  -57.022  -48.143  -11.025 0.0000000000
36958  -57.426  -47.650  -11.112 0.0000000000
36959  -57.624  -47.741  -10.440 0.0000000000
36960  -58.287  -47.522  -9.436 0.0000000000
36961  -59.015  -47.150  -8.963 0.0000000000
36968  -52.885  -46.282  -10.874 0.0000000000
36969  -54.858  -46.984  -12.271 0.0000000000
36970  -56.591  -47.990  -12.308 0.0000000000
36971  -56.948  -47.390  -11.724 0.0000000000
36976  -52.501  -46.625  -11.359 0.0000000000
36977  -54.703  -47.333  -12.640 0.0000000000
37728  -53.190  -45.501  -1.712 0.0000000000
37733  -52.838  -46.422  -1.871 0.0000000000
37734  -53.656  -46.189  -2.410 0.0000000000
37735  -54.541  -46.080  -2.863 0.0000000000
37736  -55.305  -45.691  -3.117 0.0000000000
37750  -55.229  -46.437  -3.584 0.0000000000
37751  -55.988  -46.717  -4.144 0.0000000000
37752  -56.388  -46.118  -3.824 0.0000000000
37758  -56.814  -46.595  -4.565 0.0000000000
37759  -57.663  -46.381  -4.977 0.0000000000
37760  -58.583  -46.014  -5.490 0.0000000000
37761  -59.739  -45.619  -6.007 0.0000000000
37768  -59.314  -46.607  -6.702 0.0000000000
37769  -60.316  -46.253  -7.465 0.0000000000
37783  -59.700  -46.786  -8.195 0.0000000000
37796  -54.626  -45.665  -10.135 0.0000000000
37797  -55.827  -45.995  -10.762 0.0000000000
37798  -56.784  -46.398  -11.052 0.0000000000
37799  -57.897  -47.039  -10.731 0.0000000000
37800  -58.553  -46.648  -9.927 0.0000000000
37801  -59.431  -46.242  -9.188 0.0000000000
37802  -60.288  -45.979  -8.522 0.0000000000
37811  -55.228  -46.685  -11.709 0.0000000000
37812  -56.249  -46.996  -11.808 0.0000000000
38511  -54.107  -44.325  -2.012 0.0000000000
38520  -53.933  -45.222  -2.199 0.0000000000
38521  -55.516  -44.835  -2.889 0.0000000000
38522  -56.131  -44.419  -2.979 0.0000000000
38534  -55.950  -45.397  -3.330 0.0000000000
38535  -56.638  -45.067  -3.555 0.0000000000
38536  -57.446  -44.716  -3.836 0.0000000000
38544  -57.128  -45.775  -4.171 0.0000000000
38545  -57.952  -45.390  -4.582 0.0000000000
38546  -59.418  -44.601  -5.043 0.0000000000
38547  -60.595  -44.899  -5.905 0.0000000000
38548  -61.432  -44.350  -5.927 0.0000000000
38560  -61.013  -45.607  -7.088 0.0000000000
38561  -61.565  -44.975  -6.719 0.0000000000
38577  -54.888  -44.331  -7.752 0.0000000000
38578  -56.765  -44.802  -8.953 0.0000000000
38579  -57.899  -44.712  -9.032 0.0000000000
38580  -60.948  -45.343  -8.294 0.0000000000
38581  -61.653  -45.003  -7.611 0.0000000000
38592  -55.189  -45.035  -9.163 0.0000000000
38593  -57.248  -46.082  -10.707 0.0000000000
38594  -58.039  -45.870  -10.276 0.0000000000
38595  -59.035  -45.466  -9.636 0.0000000000
38596  -60.012  -45.332  -9.017 0.0000000000
39380  -53.895  -43.752  -1.585 0.0000000000
39389  -54.617  -43.627  -1.993 0.0000000000
39390  -55.439  -43.965  -2.536 0.0000000000
39391  -56.317  -43.348  -2.532 0.0000000000
39392  -57.297  -43.151  -2.779 0.0000000000
39402  -56.933  -44.052  -3.152 0.0000000000
39403  -57.798  -43.757  -3.422 0.0000000000
39404  -58.659  -43.488  -3.692 0.0000000000
39417  -58.422  -44.383  -4.240 0.0000000000
39418  -59.181  -43.911  -4.379 0.0000000000
39433  -56.260  -43.171  -6.525 0.0000000000
39445  -55.836  -43.814  -7.198 0.0000000000
39446  -57.530  -43.593  -7.557 0.0000000000
39447  -58.814  -43.372  -8.026 0.0000000000
39448  -62.222  -44.553  -7.009 0.0000000000
39455  -58.729  -44.360  -8.889 0.0000000000
39456  -59.684  -44.479  -9.120 0.0000000000
39457  -61.272  -44.720  -8.255 0.0000000000
40418  -55.341  -42.194  -1.656 0.0000000000
40419  -56.530  -41.742  -1.898 0.0000000000
40422  -55.427  -43.040  -2.075 0.0000000000
40423  -57.664  -42.374  -2.505 0.0000000000
40424  -58.444  -42.193  -2.714 0.0000000000
40434  -58.152  -42.957  -3.003 0.0000000000
40435  -58.985  -42.745  -3.332 0.0000000000
40436  -59.900  -42.633  -3.783 0.0000000000
40437  -60.801  -42.495  -4.269 0.0000000000
40438  -61.778  -42.388  -4.699 0.0000000000
40451  -59.559  -43.323  -4.131 0.0000000000
40452  -61.713  -43.039  -5.122 0.0000000000
40464  -56.407  -42.333  -5.761 0.0000000000
40465  -62.349  -43.760  -6.207 0.0000000000
40466  -62.782  -43.044  -5.816 0.0000000000
40474  -57.727  -42.823  -6.911 0.0000000000
40475  -59.893  -42.685  -8.094 0.0000000000
40476  -61.353  -43.000  -8.379 0.0000000000
40477  -62.340  -43.561  -7.622 0.0000000000
40478  -62.942  -43.026  -7.050 0.0000000000
40482  -60.057  -43.663  -8.770 0.0000000000
40483  -60.791  -43.527  -8.656 0.0000000000
40484  -61.588  -44.124  -8.135 0.0000000000
41408  -55.717  -41.410  -1.528 0.0000000000
41409  -57.218  -41.093  -1.937 0.0000000000
41415  -57.252  -41.859  -2.168 0.0000000000
41416  -57.879  -41.633  -2.296 0.0000000000
41417  -58.596  -41.411  -2.484 0.0000000000
41418  -59.206  -41.164  -2.623 0.0000000000
41429  -59.318  -41.932  -2.999 0.0000000000
41430  -60.005  -41.257  -3.069 0.0000000000
41431  -60.871  -41.777  -3.815 0.0000000000
41432  -61.842  -41.620  -4.240 0.0000000000
41433  -62.944  -41.541  -4.652 0.0000000000
41448  -62.836  -42.311  -5.222 0.0000000000
41449  -63.749  -42.052  -5.699 0.0000000000
41465  -57.657  -41.475  -5.754 0.0000000000
41466  -58.630  -41.320  -6.222 0.0000000000
41467  -59.751  -41.135  -6.833 0.0000000000
41468  -63.434  -42.566  -6.407 0.0000000000
41469  -63.701  -41.790  -6.699 0.0000000000
41476  -59.382  -41.801  -7.155 0.0000000000
41477  -60.601  -41.992  -7.865 0.0000000000
41478  -62.029  -42.343  -7.963 0.0000000000
41479  -62.951  -41.905  -7.423 0.0000000000
41480  -63.334  -41.200  -7.290 0.0000000000
42255  -54.987  -40.053  -1.073 0.0000000000
42263  -54.955  -40.891  -1.111 0.0000000000
42264  -55.783  -40.531  -1.408 0.0000000000
42265  -56.667  -40.292  -1.658 0.0000000000
42266  -57.522  -40.212  -1.952 0.0000000000
42267  -58.247  -40.140  -2.218 0.0000000000
42277  -58.030  -40.861  -2.192 0.0000000000
42278  -58.728  -40.675  -2.376 0.0000000000
42279  -60.280  -40.333  -2.909 0.0000000000
42280  -61.215  -40.098  -3.291 0.0000000000
42290  -60.987  -40.983  -3.457 0.0000000000
42291  -62.020  -40.817  -3.840 0.0000000000
42292  -63.980  -41.352  -5.106 0.0000000000
42293  -64.235  -40.525  -4.730 0.0000000000
42304  -57.950  -40.712  -5.415 0.0000000000
42305  -58.238  -39.978  -5.148 0.0000000000
42306  -64.107  -41.456  -6.023 0.0000000000
42307  -64.373  -40.841  -5.583 0.0000000000
42325  -58.854  -40.579  -5.820 0.0000000000
42326  -60.643  -40.707  -6.969 0.0000000000
42327  -61.150  -40.181  -6.747 0.0000000000
42328  -63.842  -41.080  -6.774 0.0000000000
42329  -64.157  -40.882  -6.232 0.0000000000
42340  -61.036  -41.495  -7.614 0.0000000000
42341  -61.878  -41.356  -7.679 0.0000000000
42342  -62.378  -40.785  -7.397 0.0000000000
43108  -54.869  -39.259  -1.047 0.0000000000
43109  -55.832  -39.525  -1.416 0.0000000000
43110  -57.005  -39.325  -1.772 0.0000000000
43111  -57.869  -39.504  -2.118 0.0000000000
43112  -58.481  -39.544  -2.294 0.0000000000
43113  -59.075  -39.195  -2.443 0.0000000000
43125  -58.927  -39.966  -2.383 0.0000000000
43126  -59.676  -39.687  -2.613 0.0000000000
43127  -60.533  -39.424  -2.907 0.0000000000
43128  -62.682  -39.168  -3.521 0.0000000000
43129  -63.841  -39.148  -3.828 0.0000000000
43141  -62.305  -39.973  -3.599 0.0000000000
43142  -63.527  -39.931  -3.934 0.0000000000
43143  -64.562  -39.675  -4.499 0.0000000000
43153  -57.703  -39.213  -4.744 0.0000000000
43154  -58.457  -39.321  -5.011 0.0000000000
43155  -59.036  -38.989  -5.138 0.0000000000
43156  -64.713  -40.052  -5.286 0.0000000000
43175  -59.116  -39.820  -5.525 0.0000000000
43176  -59.697  -39.341  -5.574 0.0000000000
43177  -60.645  -39.305  -5.969 0.0000000000
43178  -62.933  -39.329  -6.378 0.0000000000
43179  -63.947  -39.864  -6.396 0.0000000000
43180  -64.349  -40.317  -6.014 0.0000000000
43192  -56.408  -39.818  -10.141 0.0000000000
43193  -63.298  -40.353  -7.025 0.0000000000
43203  -55.008  -40.865  -11.174 0.0000000000
43204  -56.110  -40.139  -11.321 0.0000000000
44094  -54.638  -38.505  -0.952 0.0000000000
44095  -55.349  -38.749  -1.270 0.0000000000
44096  -57.151  -38.357  -1.934 0.0000000000
44097  -57.659  -38.870  -2.075 0.0000000000
44098  -59.126  -38.384  -2.505 0.0000000000
44099  -59.824  -37.774  -2.661 0.0000000000
44104  -59.946  -38.715  -2.694 0.0000000000
44105  -60.724  -37.945  -2.882 0.0000000000
44106  -61.326  -38.345  -3.087 0.0000000000
44107  -62.151  -38.423  -3.308 0.0000000000
44108  -64.048  -38.452  -3.722 0.0000000000
44109  -64.963  -38.349  -3.970 0.0000000000
44120  -64.863  -38.914  -4.234 0.0000000000
44129  -57.300  -38.355  -4.752 0.0000000000
44130  -58.210  -38.470  -4.833 0.0000000000
44131  -58.959  -38.222  -4.975 0.0000000000
44132  -59.798  -38.574  -5.310 0.0000000000
44133  -60.250  -37.780  -5.240 0.0000000000
44134  -65.241  -38.424  -4.472 0.0000000000
44144  -61.208  -37.993  -5.450 0.0000000000
44145  -62.449  -38.328  -5.746 0.0000000000
44146  -63.991  -38.769  -5.960 0.0000000000
44147  -64.610  -39.533  -5.673 0.0000000000
44148  -65.241  -38.375  -4.842 0.0000000000
44162  -51.100  -37.753  -7.611 0.0000000000
44163  -52.050  -37.581  -8.024 0.0000000000
44165  -56.840  -37.668  -7.385 0.0000000000
44174  -51.816  -38.286  -8.910 0.0000000000
44175  -52.839  -38.136  -9.539 0.0000000000
44176  -57.233  -38.737  -10.083 0.0000000000
44177  -57.671  -37.736  -9.494 0.0000000000
44183  -54.123  -38.950  -11.029 0.0000000000
44184  -55.362  -39.792  -11.571 0.0000000000
44185  -56.877  -38.969  -10.926 0.0000000000
44186  -57.538  -37.782  -10.485 0.0000000000
45153  -55.836  -37.447  -1.516 0.0000000000
45154  -56.667  -37.582  -1.822 0.0000000000
45155  -58.258  -37.569  -2.366 0.0000000000
45156  -59.007  -37.615  -2.528 0.0000000000
45159  -57.085  -36.863  -2.040 0.0000000000
45160  -57.875  -36.868  -2.290 0.0000000000
45161  -60.545  -37.074  -2.806 0.0000000000
45162  -61.422  -36.994  -3.039 0.0000000000
45163  -62.398  -37.052  -3.275 0.0000000000
45164  -63.014  -37.854  -3.403 0.0000000000
45165  -64.387  -37.796  -3.677 0.0000000000
45171  -65.233  -37.827  -4.075 0.0000000000
45182  -51.529  -36.790  -5.055 0.0000000000
45183  -52.508  -36.490  -5.370 0.0000000000
45185  -57.124  -37.558  -5.274 0.0000000000
45186  -57.714  -37.605  -4.996 0.0000000000
45187  -58.456  -37.559  -4.999 0.0000000000
45188  -59.338  -37.485  -5.073 0.0000000000
45189  -59.953  -37.020  -5.148 0.0000000000
45190  -65.417  -37.800  -4.564 0.0000000000
45195  -51.048  -37.184  -5.785 0.0000000000
45196  -51.950  -36.857  -6.076 0.0000000000
45197  -52.965  -36.590  -6.497 0.0000000000
45198  -57.349  -36.961  -7.046 0.0000000000
45199  -57.612  -36.698  -6.589 0.0000000000
45200  -57.634  -36.836  -5.716 0.0000000000
45201  -58.042  -36.940  -5.317 0.0000000000
45202  -60.743  -37.020  -5.218 0.0000000000
45203  -61.836  -37.279  -5.391 0.0000000000
45204  -63.150  -37.575  -5.571 0.0000000000
45205  -64.492  -37.733  -5.516 0.0000000000
45206  -65.234  -37.637  -5.095 0.0000000000
45216  -50.591  -37.543  -6.528 0.0000000000
45217  -51.499  -37.304  -6.808 0.0000000000
45218  -52.412  -36.988  -7.234 0.0000000000
45219  -53.524  -36.701  -7.876 0.0000000000
45220  -58.328  -36.455  -9.090 0.0000000000
45221  -58.626  -36.152  -8.522 0.0000000000
45234  -53.053  -37.340  -8.626 0.0000000000
45235  -54.341  -37.050  -9.611 0.0000000000
45236  -56.162  -36.797  -10.553 0.0000000000
45237  -57.991  -36.883  -10.230 0.0000000000
45244  -53.849  -37.853  -10.202 0.0000000000
45245  -55.434  -38.128  -11.365 0.0000000000
45246  -56.967  -37.730  -10.936 0.0000000000
45247  -57.556  -37.142  -10.422 0.0000000000
46189  -55.470  -36.554  -1.397 0.0000000000
46190  -56.327  -36.786  -1.729 0.0000000000
46191  -58.691  -36.866  -2.491 0.0000000000
46192  -59.558  -36.915  -2.634 0.0000000000
46195  -56.765  -36.164  -1.923 0.0000000000
46196  -57.475  -36.191  -2.187 0.0000000000
46197  -58.269  -36.150  -2.401 0.0000000000
46198  -59.127  -36.125  -2.600 0.0000000000
46199  -60.119  -36.096  -2.731 0.0000000000
46200  -61.042  -36.332  -2.945 0.0000000000
46201  -61.925  -36.359  -3.147 0.0000000000
46202  -62.980  -36.357  -3.310 0.0000000000
46203  -64.856  -37.120  -3.702 0.0000000000
46212  -65.414  -37.100  -4.132 0.0000000000
46223  -53.047  -36.013  -4.912 0.0000000000
46224  -54.081  -35.720  -5.420 0.0000000000
46225  -58.683  -36.624  -5.423 0.0000000000
46226  -59.426  -36.645  -5.294 0.0000000000
46227  -65.452  -36.941  -4.680 0.0000000000
46231  -53.578  -36.183  -5.881 0.0000000000
46232  -54.929  -35.715  -6.761 0.0000000000
46233  -56.870  -35.085  -8.512 0.0000000000
46234  -58.922  -35.742  -8.850 0.0000000000
46235  -58.225  -36.204  -7.044 0.0000000000
46236  -58.264  -36.209  -6.318 0.0000000000
46237  -59.202  -35.912  -5.741 0.0000000000
46238  -60.114  -36.104  -5.404 0.0000000000
46239  -61.367  -36.049  -5.321 0.0000000000
46240  -63.553  -36.614  -5.479 0.0000000000
46241  -64.703  -36.663  -5.391 0.0000000000
46242  -65.200  -36.460  -5.142 0.0000000000
46246  -54.205  -36.194  -7.242 0.0000000000
46247  -55.949  -35.645  -8.585 0.0000000000
46248  -58.533  -35.509  -9.298 0.0000000000
46249  -58.939  -35.649  -8.288 0.0000000000
46250  -58.818  -35.587  -7.744 0.0000000000
46258  -54.982  -36.290  -8.892 0.0000000000
46259  -56.660  -35.992  -9.969 0.0000000000
46260  -57.378  -36.651  -10.424 0.0000000000
47176  -55.548  -35.525  -1.427 0.0000000000
47177  -56.477  -35.407  -1.772 0.0000000000
47183  -57.202  -34.961  -2.031 0.0000000000
47184  -57.792  -35.481  -2.251 0.0000000000
47185  -58.630  -35.386  -2.470 0.0000000000
47186  -59.493  -35.353  -2.613 0.0000000000
47187  -60.281  -35.179  -2.716 0.0000000000
47188  -61.498  -35.703  -3.011 0.0000000000
47189  -62.390  -35.671  -3.153 0.0000000000
47190  -63.469  -35.600  -3.269 0.0000000000
47191  -64.670  -35.554  -3.469 0.0000000000
47192  -65.200  -35.235  -3.730 0.0000000000
47202  -65.474  -36.184  -4.119 0.0000000000
47213  -55.412  -34.898  -5.456 0.0000000000
47214  -65.351  -35.960  -4.817 0.0000000000
47215  -65.419  -35.293  -4.356 0.0000000000
47218  -55.315  -35.341  -6.142 0.0000000000
47219  -56.536  -34.836  -7.122 0.0000000000
47220  -57.536  -34.613  -8.034 0.0000000000
47221  -59.091  -35.316  -6.889 0.0000000000
47222  -59.737  -35.202  -6.305 0.0000000000
47223  -60.646  -35.102  -5.941 0.0000000000
47224  -61.669  -34.973  -5.914 0.0000000000
47225  -63.641  -35.550  -5.578 0.0000000000
47226  -64.862  -35.458  -5.306 0.0000000000
47227  -65.146  -35.037  -5.076 0.0000000000
47233  -57.979  -35.019  -9.063 0.0000000000
47234  -58.480  -35.061  -8.753 0.0000000000
47235  -58.877  -35.083  -8.805 0.0000000000
47236  -59.044  -34.942  -7.969 0.0000000000
47237  -59.274  -34.737  -7.185 0.0000000000
47238  -59.857  -34.646  -6.606 0.0000000000
48206  -55.816  -34.205  -1.451 0.0000000000
48207  -57.229  -34.118  -1.949 0.0000000000
48213  -58.065  -34.567  -2.266 0.0000000000
48214  -59.024  -34.623  -2.514 0.0000000000
48215  -59.764  -34.667  -2.612 0.0000000000
48216  -60.502  -34.195  -2.671 0.0000000000
48217  -61.444  -34.398  -2.811 0.0000000000
48218  -62.174  -34.453  -2.920 0.0000000000
48219  -63.800  -34.718  -3.159 0.0000000000
48220  -64.704  -34.509  -3.341 0.0000000000
48221  -65.079  -34.290  -3.534 0.0000000000
48228  -65.374  -34.488  -3.905 0.0000000000
48238  -55.554  -34.289  -4.985 0.0000000000
48239  -56.435  -34.023  -5.427 0.0000000000
48240  -65.257  -34.471  -4.620 0.0000000000
48246  -56.404  -34.595  -6.032 0.0000000000
48247  -57.252  -34.293  -6.819 0.0000000000
48248  -57.974  -34.121  -7.347 0.0000000000
48249  -61.004  -34.332  -6.316 0.0000000000
48250  -61.895  -34.259  -6.184 0.0000000000
48251  -62.607  -34.181  -6.132 0.0000000000
48252  -63.286  -34.256  -5.979 0.0000000000
48253  -64.300  -34.517  -5.628 0.0000000000
48254  -64.900  -34.314  -5.232 0.0000000000
48262  -58.199  -34.596  -8.391 0.0000000000
48263  -58.760  -34.636  -7.957 0.0000000000
48264  -59.024  -34.582  -7.535 0.0000000000
48265  -59.679  -34.394  -6.736 0.0000000000
48266  -60.442  -34.287  -6.423 0.0000000000
48267  -62.102  -34.176  -6.060 0.0000000000
49086  -55.693  -33.295  -1.266 0.0000000000
49087  -56.488  -33.746  -1.637 0.0000000000
49088  -57.147  -33.271  -1.818 0.0000000000
49096  -57.899  -33.587  -2.139 0.0000000000
49097  -58.697  -33.807  -2.381 0.0000000000
49098  -59.530  -33.952  -2.535 0.0000000000
49099  -60.805  -33.230  -2.547 0.0000000000
49100  -61.689  -33.048  -2.549 0.0000000000
49101  -62.450  -33.328  -2.643 0.0000000000
49102  -64.112  -33.717  -2.891 0.0000000000
49103  -64.915  -33.532  -3.075 0.0000000000
49104  -65.259  -33.653  -3.521 0.0000000000
49112  -65.327  -33.735  -4.182 0.0000000000
49123  -55.660  -33.366  -4.717 0.0000000000
49124  -56.614  -33.236  -5.144 0.0000000000
49125  -57.443  -33.196  -5.594 0.0000000000
49126  -64.628  -33.082  -5.244 0.0000000000
49127  -65.049  -33.727  -4.943 0.0000000000
49135  -57.272  -33.836  -5.954 0.0000000000
49136  -57.903  -33.677  -6.430 0.0000000000
49137  -59.437  -33.940  -6.945 0.0000000000
49138  -60.160  -33.950  -6.639 0.0000000000
49139  -61.120  -33.895  -6.278 0.0000000000
49140  -61.767  -34.058  -6.155 0.0000000000
49141  -62.746  -34.084  -6.089 0.0000000000
49142  -63.521  -33.927  -5.953 0.0000000000
49143  -64.395  -33.782  -5.556 0.0000000000
49153  -60.368  -34.152  -6.471 0.0000000000
49154  -61.241  -34.103  -6.264 0.0000000000
50010  -56.053  -32.462  -1.285 0.0000000000
50011  -56.932  -32.358  -1.655 0.0000000000
50012  -64.446  -32.140  -2.382 0.0000000000
50013  -65.067  -31.903  -2.382 0.0000000000
50019  -57.779  -32.748  -2.012 0.0000000000
50020  -58.957  -32.414  -2.307 0.0000000000
50021  -59.728  -32.506  -2.406 0.0000000000
50022  -61.071  -32.443  -2.476 0.0000000000
50023  -61.871  -32.218  -2.454 0.0000000000
50024  -63.483  -32.359  -2.451 0.0000000000
50025  -64.939  -32.639  -2.655 0.0000000000
50026  -65.313  -31.996  -2.658 0.0000000000
50034  -65.489  -32.091  -3.208 0.0000000000
50046  -55.034  -32.497  -4.604 0.0000000000
50047  -56.012  -32.441  -4.721 0.0000000000
50048  -56.895  -32.410  -5.051 0.0000000000
50049  -64.226  -32.490  -5.373 0.0000000000
50050  -65.166  -33.001  -4.529 0.0000000000
50058  -57.756  -32.519  -5.387 0.0000000000
50059  -58.547  -32.742  -5.727 0.0000000000
50060  -59.268  -33.120  -6.126 0.0000000000
50061  -60.513  -33.481  -6.176 0.0000000000
50062  -61.444  -33.537  -5.953 0.0000000000
50063  -62.343  -33.620  -5.905 0.0000000000
50064  -63.581  -32.719  -5.529 0.0000000000
50065  -63.853  -33.256  -5.659 0.0000000000
50933  -56.331  -31.791  -1.280 0.0000000000
50934  -57.783  -31.945  -1.923 0.0000000000
50935  -58.879  -31.039  -2.137 0.0000000000
50936  -59.880  -30.935  -2.328 0.0000000000
50937  -60.950  -31.097  -2.389 0.0000000000
50938  -62.024  -31.172  -2.359 0.0000000000
50939  -63.224  -31.058  -2.219 0.0000000000
50940  -63.885  -31.615  -2.239 0.0000000000
50941  -64.879  -31.497  -2.117 0.0000000000
50942  -65.480  -31.394  -2.258 0.0000000000
50950  -58.568  -31.779  -2.144 0.0000000000
50951  -59.398  -31.756  -2.308 0.0000000000
50952  -60.389  -31.866  -2.410 0.0000000000
50953  -61.365  -31.738  -2.429 0.0000000000
50954  -62.700  -31.806  -2.382 0.0000000000
50955  -65.742  -31.427  -2.597 0.0000000000
50964  -65.682  -31.341  -3.370 0.0000000000
50976  -55.518  -31.738  -4.795 0.0000000000
50977  -56.358  -31.639  -4.857 0.0000000000
50978  -57.220  -31.609  -5.065 0.0000000000
50979  -60.335  -31.403  -5.079 0.0000000000
50980  -61.329  -31.446  -4.975 0.0000000000
50981  -62.315  -31.368  -4.928 0.0000000000
50982  -63.523  -32.059  -5.381 0.0000000000
50983  -63.994  -32.028  -5.405 0.0000000000
50984  -64.640  -31.731  -4.988 0.0000000000
50993  -53.428  -31.269  -5.314 0.0000000000
50994  -53.923  -31.636  -5.265 0.0000000000
50995  -54.653  -31.779  -4.919 0.0000000000
50996  -58.102  -31.738  -5.248 0.0000000000
50997  -58.965  -32.070  -5.478 0.0000000000
50998  -59.875  -32.518  -5.662 0.0000000000
50999  -60.913  -32.502  -5.490 0.0000000000
51000  -62.057  -32.511  -5.401 0.0000000000
51001  -62.968  -32.818  -5.567 0.0000000000
51793  -58.293  -30.332  -1.883 0.0000000000
51794  -59.124  -30.250  -2.166 0.0000000000
51795  -59.902  -30.022  -2.326 0.0000000000
51796  -61.460  -30.441  -2.394 0.0000000000
51797  -62.544  -30.436  -2.301 0.0000000000
51798  -63.711  -30.363  -2.118 0.0000000000
51799  -64.420  -30.964  -1.988 0.0000000000
51800  -65.995  -30.298  -1.771 0.0000000000
51811  -66.009  -30.907  -2.045 0.0000000000
51812  -66.296  -30.202  -2.061 0.0000000000
51822  -66.093  -30.792  -2.588 0.0000000000
51823  -66.284  -30.015  -2.783 0.0000000000
51832  -55.924  -31.038  -4.981 0.0000000000
51833  -56.691  -30.991  -5.020 0.0000000000
51834  -59.861  -30.365  -4.873 0.0000000000
51835  -60.752  -30.385  -4.715 0.0000000000
51836  -61.695  -30.538  -4.644 0.0000000000
51837  -62.691  -30.444  -4.610 0.0000000000
51838  -63.763  -30.617  -4.801 0.0000000000
51839  -64.585  -30.814  -4.821 0.0000000000
51840  -65.820  -30.444  -3.573 0.0000000000
51841  -66.065  -29.862  -3.410 0.0000000000
51847  -53.486  -30.739  -5.790 0.0000000000
51848  -53.882  -31.193  -5.924 0.0000000000
51849  -55.056  -31.290  -5.171 0.0000000000
51850  -56.407  -30.263  -5.327 0.0000000000
51851  -57.481  -30.640  -5.161 0.0000000000
51852  -58.509  -30.909  -5.162 0.0000000000
51853  -59.413  -31.232  -5.147 0.0000000000
51860  -53.817  -30.874  -6.467 0.0000000000
51861  -54.050  -31.031  -6.614 0.0000000000
51862  -54.702  -30.748  -6.356 0.0000000000
52675  -59.859  -29.207  -2.310 0.0000000000
52676  -60.492  -28.848  -2.414 0.0000000000
52677  -63.992  -29.608  -2.068 0.0000000000
52678  -64.991  -30.182  -1.795 0.0000000000
52679  -65.812  -29.521  -1.649 0.0000000000
52680  -66.299  -29.515  -1.834 0.0000000000
52694  -66.542  -29.263  -2.245 0.0000000000
52702  -66.296  -29.340  -3.185 0.0000000000
52709  -53.166  -29.883  -5.405 0.0000000000
52710  -60.197  -29.700  -4.745 0.0000000000
52711  -60.754  -29.450  -4.640 0.0000000000
52712  -61.946  -29.811  -4.463 0.0000000000
52713  -62.877  -29.175  -4.400 0.0000000000
52714  -64.410  -29.852  -4.617 0.0000000000
52715  -65.095  -29.528  -4.493 0.0000000000
52716  -65.656  -29.574  -3.938 0.0000000000
52723  -53.513  -30.271  -6.282 0.0000000000
52724  -55.690  -29.926  -6.002 0.0000000000
52725  -56.556  -29.006  -6.063 0.0000000000
52726  -57.562  -28.624  -5.858 0.0000000000
52727  -58.764  -29.204  -5.254 0.0000000000
52728  -59.563  -29.446  -4.949 0.0000000000
52735  -53.879  -30.692  -7.050 0.0000000000
52736  -54.162  -30.577  -7.733 0.0000000000
52737  -54.838  -30.448  -7.122 0.0000000000
52738  -55.777  -29.491  -6.643 0.0000000000
52745  -54.502  -30.323  -8.561 0.0000000000
52749  -54.854  -30.127  -9.465 0.0000000000
52752  -55.073  -29.839  -10.369 0.0000000000
53581  -61.933  -28.299  -2.491 0.0000000000
53582  -63.009  -28.303  -2.413 0.0000000000
53583  -64.057  -28.783  -2.128 0.0000000000
53584  -64.947  -29.247  -1.775 0.0000000000
53585  -66.258  -28.842  -1.639 0.0000000000
53586  -66.564  -28.779  -1.879 0.0000000000
53605  -66.834  -28.294  -2.012 0.0000000000
53614  -66.569  -28.527  -2.802 0.0000000000
53618  -53.110  -28.229  -4.951 0.0000000000
53619  -60.167  -28.951  -4.838 0.0000000000
53620  -60.877  -28.634  -4.731 0.0000000000
53621  -61.669  -28.440  -4.590 0.0000000000
53622  -62.644  -28.367  -4.449 0.0000000000
53623  -64.348  -27.964  -4.412 0.0000000000
53624  -65.267  -28.297  -4.321 0.0000000000
53625  -65.961  -28.636  -3.750 0.0000000000
53629  -53.372  -29.072  -5.730 0.0000000000
53630  -58.468  -28.462  -5.678 0.0000000000
53631  -59.458  -28.481  -5.352 0.0000000000
53632  -60.361  -28.182  -5.197 0.0000000000
53637  -53.579  -29.734  -6.785 0.0000000000
53638  -53.817  -30.260  -7.530 0.0000000000
53639  -55.491  -29.723  -7.603 0.0000000000
53640  -57.251  -28.281  -6.605 0.0000000000
53641  -58.147  -27.963  -6.303 0.0000000000
53647  -53.743  -29.110  -7.465 0.0000000000
53648  -53.962  -30.106  -8.181 0.0000000000
53649  -56.227  -28.901  -8.115 0.0000000000
53650  -57.139  -28.208  -7.611 0.0000000000
53655  -54.394  -29.846  -8.974 0.0000000000
53656  -55.269  -30.031  -8.804 0.0000000000
53657  -56.307  -29.200  -9.298 0.0000000000
53659  -54.615  -29.621  -9.915 0.0000000000
53660  -55.504  -29.836  -9.925 0.0000000000
53661  -56.564  -29.280  -10.297 0.0000000000
53662  -57.561  -28.706  -10.580 0.0000000000
53663  -54.683  -29.260  -10.735 0.0000000000
53664  -55.264  -29.386  -11.094 0.0000000000
53665  -56.779  -29.092  -11.039 0.0000000000
53666  -57.432  -28.306  -11.395 0.0000000000
53667  -54.748  -28.728  -11.345 0.0000000000
53668  -55.525  -28.682  -11.658 0.0000000000
53669  -56.479  -28.434  -11.745 0.0000000000
54483  -62.269  -27.604  -2.499 0.0000000000
54484  -63.171  -27.363  -2.444 0.0000000000
54485  -64.131  -27.861  -2.254 0.0000000000
54486  -65.475  -27.391  -1.876 0.0000000000
54487  -66.664  -28.139  -1.771 0.0000000000
54509  -62.483  -26.948  -2.493 0.0000000000
54510  -66.995  -27.316  -1.852 0.0000000000
54524  -66.806  -27.629  -2.485 0.0000000000
54528  -53.180  -27.417  -5.146 0.0000000000
54529  -61.175  -27.771  -5.092 0.0000000000
54530  -62.038  -27.654  -4.786 0.0000000000
54531  -62.876  -27.435  -4.651 0.0000000000
54532  -63.718  -27.227  -4.556 0.0000000000
54533  -65.180  -27.435  -4.397 0.0000000000
54534  -65.908  -27.709  -3.956 0.0000000000
54538  -53.475  -27.457  -5.927 0.0000000000
54539  -59.076  -27.827  -6.046 0.0000000000
54540  -59.962  -27.734  -5.834 0.0000000000
54541  -60.645  -27.589  -5.664 0.0000000000
54542  -61.277  -27.076  -6.047 0.0000000000
54543  -62.453  -26.947  -5.200 0.0000000000
54547  -53.716  -27.662  -6.855 0.0000000000
54548  -57.994  -27.763  -7.229 0.0000000000
54549  -58.874  -27.528  -6.922 0.0000000000
54550  -59.797  -27.404  -6.693 0.0000000000
54551  -60.559  -27.239  -6.425 0.0000000000
54557  -54.087  -28.045  -8.815 0.0000000000
54558  -53.980  -29.087  -8.495 0.0000000000
54559  -58.114  -27.981  -8.352 0.0000000000
54560  -58.903  -27.606  -7.969 0.0000000000
54561  -59.745  -27.317  -7.711 0.0000000000
54566  -53.965  -27.822  -9.659 0.0000000000
54567  -54.219  -28.919  -9.393 0.0000000000
54568  -58.419  -28.288  -9.800 0.0000000000
54569  -59.104  -27.945  -9.053 0.0000000000
54570  -59.778  -27.418  -8.885 0.0000000000
54571  -53.836  -27.675  -10.625 0.0000000000
54572  -54.272  -28.664  -10.292 0.0000000000
54573  -58.277  -28.128  -10.805 0.0000000000
54574  -59.357  -27.687  -9.780 0.0000000000
54575  -53.869  -27.531  -11.116 0.0000000000
54576  -54.233  -28.362  -10.977 0.0000000000
54577  -56.907  -27.611  -11.998 0.0000000000
54578  -54.328  -27.359  -11.618 0.0000000000
54579  -54.932  -28.027  -11.816 0.0000000000
54580  -55.895  -27.844  -12.093 0.0000000000
55421  -63.105  -26.521  -2.464 0.0000000000
55422  -66.462  -26.553  -1.760 0.0000000000
55423  -67.117  -26.404  -1.890 0.0000000000
55435  -62.883  -25.796  -2.441 0.0000000000
55450  -67.018  -26.086  -2.475 0.0000000000
55459  -63.256  -26.615  -4.994 0.0000000000
55460  -64.131  -26.386  -4.832 0.0000000000
55461  -65.104  -26.440  -4.581 0.0000000000
55462  -65.981  -26.151  -4.132 0.0000000000
55463  -66.563  -26.886  -3.292 0.0000000000
55467  -53.199  -26.716  -5.533 0.0000000000
55468  -62.105  -26.606  -6.037 0.0000000000
55469  -62.914  -26.170  -5.878 0.0000000000
55470  -63.740  -25.708  -5.635 0.0000000000
55475  -53.456  -26.701  -6.396 0.0000000000
55476  -60.591  -26.856  -7.559 0.0000000000
55477  -61.742  -26.242  -6.978 0.0000000000
55478  -62.561  -25.718  -6.790 0.0000000000
55483  -53.678  -26.741  -7.443 0.0000000000
55484  -61.110  -25.955  -8.213 0.0000000000
55485  -61.692  -25.524  -7.903 0.0000000000
55487  -53.797  -26.924  -8.757 0.0000000000
55488  -60.346  -26.357  -9.124 0.0000000000
55489  -60.823  -25.541  -8.834 0.0000000000
55490  -53.441  -26.877  -10.090 0.0000000000
55491  -58.377  -27.298  -10.922 0.0000000000
55492  -59.155  -26.960  -10.353 0.0000000000
55493  -59.794  -26.722  -9.757 0.0000000000
55494  -53.345  -26.822  -10.821 0.0000000000
55495  -57.588  -27.280  -11.609 0.0000000000
55496  -53.579  -26.796  -11.274 0.0000000000
55497  -54.552  -26.360  -11.932 0.0000000000
55498  -55.262  -27.105  -12.087 0.0000000000
55499  -56.359  -26.861  -12.236 0.0000000000
56338  -63.879  -25.806  -2.421 0.0000000000
56339  -65.005  -25.245  -2.340 0.0000000000
56340  -66.238  -25.655  -1.952 0.0000000000
56341  -67.032  -25.905  -1.864 0.0000000000
56357  -63.091  -25.063  -2.373 0.0000000000
56358  -66.832  -24.963  -2.239 0.0000000000
56371  -57.439  -25.572  -3.309 0.0000000000
56372  -58.954  -25.284  -3.672 0.0000000000
56373  -66.953  -25.103  -2.614 0.0000000000
56384  -56.303  -25.214  -4.178 0.0000000000
56385  -56.847  -25.259  -4.880 0.0000000000
56386  -57.669  -25.568  -4.411 0.0000000000
56387  -58.449  -25.500  -4.453 0.0000000000
56388  -59.280  -25.239  -4.798 0.0000000000
56389  -64.624  -25.373  -5.209 0.0000000000
56390  -65.316  -24.774  -4.889 0.0000000000
56391  -66.054  -25.152  -4.218 0.0000000000
56392  -66.639  -24.408  -3.470 0.0000000000
56395  -53.055  -26.005  -5.980 0.0000000000
56396  -57.660  -25.292  -5.270 0.0000000000
56397  -58.533  -25.196  -5.402 0.0000000000
56398  -63.302  -25.145  -6.577 0.0000000000
56399  -63.964  -24.570  -6.144 0.0000000000
56400  -64.667  -24.407  -5.457 0.0000000000
56404  -52.708  -25.180  -7.637 0.0000000000
56405  -53.252  -25.889  -6.954 0.0000000000
56406  -62.254  -25.300  -7.548 0.0000000000
56407  -62.762  -24.528  -7.337 0.0000000000
56408  -63.312  -24.261  -6.842 0.0000000000
56412  -52.408  -25.305  -8.940 0.0000000000
56413  -53.294  -25.898  -8.168 0.0000000000
56414  -61.334  -24.840  -8.490 0.0000000000
56415  -62.014  -24.370  -7.975 0.0000000000
56416  -51.952  -25.506  -10.006 0.0000000000
56417  -53.008  -26.012  -9.519 0.0000000000
56418  -57.249  -25.153  -9.298 0.0000000000
56419  -58.667  -25.086  -9.463 0.0000000000
56420  -59.647  -24.970  -9.477 0.0000000000
56421  -60.330  -25.146  -9.306 0.0000000000
56422  -60.743  -24.543  -8.794 0.0000000000
56423  -52.114  -25.515  -10.396 0.0000000000
56424  -52.712  -26.093  -10.450 0.0000000000
56425  -56.514  -25.388  -10.884 0.0000000000
56426  -57.047  -25.780  -10.479 0.0000000000
56427  -58.243  -26.026  -10.471 0.0000000000
56428  -59.329  -25.824  -10.034 0.0000000000
56429  -59.941  -25.728  -9.667 0.0000000000
56430  -52.458  -25.652  -11.024 0.0000000000
56431  -52.860  -26.163  -10.854 0.0000000000
56432  -56.978  -26.315  -11.740 0.0000000000
56433  -57.709  -26.600  -11.141 0.0000000000
56434  -53.544  -25.240  -11.622 0.0000000000
56435  -53.392  -26.071  -11.458 0.0000000000
56436  -55.834  -26.149  -12.249 0.0000000000
57278  -64.013  -24.635  -2.393 0.0000000000
57279  -65.153  -24.135  -2.382 0.0000000000
57280  -66.349  -23.936  -2.432 0.0000000000
57281  -66.744  -24.079  -2.579 0.0000000000
57290  -59.312  -23.998  -2.392 0.0000000000
57291  -60.065  -23.652  -2.800 0.0000000000
57294  -63.173  -23.970  -2.121 0.0000000000
57307  -58.919  -24.736  -2.830 0.0000000000
57308  -59.599  -24.536  -3.219 0.0000000000
57309  -60.434  -24.266  -3.638 0.0000000000
57310  -61.337  -23.945  -4.054 0.0000000000
57311  -66.867  -24.140  -2.729 0.0000000000
57325  -56.151  -24.876  -4.875 0.0000000000
57326  -59.915  -24.956  -4.176 0.0000000000
57327  -60.814  -24.554  -4.639 0.0000000000
57328  -61.777  -24.130  -5.082 0.0000000000
57329  -62.736  -23.693  -5.557 0.0000000000
57330  -65.221  -23.800  -5.015 0.0000000000
57331  -65.986  -24.128  -4.398 0.0000000000
57332  -66.811  -23.306  -3.195 0.0000000000
57339  -51.876  -24.234  -5.518 0.0000000000
57340  -52.363  -24.974  -5.539 0.0000000000
57341  -55.755  -24.408  -5.234 0.0000000000
57342  -56.335  -24.693  -5.538 0.0000000000
57343  -57.038  -24.910  -5.840 0.0000000000
57344  -57.911  -24.859  -6.151 0.0000000000
57345  -61.167  -24.232  -5.739 0.0000000000
57346  -62.136  -23.751  -6.270 0.0000000000
57347  -62.909  -23.700  -6.636 0.0000000000
57348  -64.319  -23.778  -5.657 0.0000000000
57353  -51.729  -24.038  -6.594 0.0000000000
57354  -52.196  -24.552  -7.142 0.0000000000
57355  -55.857  -24.182  -6.029 0.0000000000
57356  -56.478  -24.442  -6.424 0.0000000000
57357  -57.282  -24.513  -6.778 0.0000000000
57358  -58.272  -24.320  -7.110 0.0000000000
57359  -59.253  -24.042  -7.407 0.0000000000
57360  -60.318  -23.785  -7.734 0.0000000000
57361  -61.911  -23.785  -7.760 0.0000000000
57362  -63.011  -23.862  -7.111 0.0000000000
57363  -63.553  -23.939  -6.541 0.0000000000
57367  -51.426  -24.074  -7.786 0.0000000000
57368  -51.900  -24.650  -8.356 0.0000000000
57369  -55.882  -24.065  -6.961 0.0000000000
57370  -56.599  -24.368  -7.514 0.0000000000
57371  -57.689  -24.331  -7.698 0.0000000000
57372  -58.708  -24.079  -7.998 0.0000000000
57373  -59.683  -23.950  -8.260 0.0000000000
57374  -50.785  -24.381  -9.012 0.0000000000
57375  -51.248  -25.022  -9.535 0.0000000000
57376  -55.756  -24.152  -7.994 0.0000000000
57377  -58.127  -24.531  -8.561 0.0000000000
57378  -59.192  -24.400  -8.781 0.0000000000
57379  -60.047  -24.359  -8.933 0.0000000000
57380  -50.567  -24.595  -9.657 0.0000000000
57381  -51.170  -25.165  -10.044 0.0000000000
57382  -55.708  -24.415  -9.047 0.0000000000
57383  -56.288  -25.049  -9.662 0.0000000000
57384  -50.741  -24.760  -9.984 0.0000000000
57385  -51.627  -25.178  -10.460 0.0000000000
57386  -56.287  -24.634  -11.740 0.0000000000
57387  -52.441  -24.938  -11.213 0.0000000000
57388  -56.186  -24.509  -12.151 0.0000000000
58281  -60.523  -21.967  -1.715 0.0000000000
58284  -64.004  -22.131  -1.668 0.0000000000
58285  -65.705  -22.816  -2.500 0.0000000000
58286  -66.579  -22.759  -2.827 0.0000000000
58296  -59.760  -22.959  -1.909 0.0000000000
58297  -60.611  -22.677  -2.492 0.0000000000
58298  -61.324  -22.509  -2.958 0.0000000000
58299  -66.711  -22.433  -3.127 0.0000000000
58300  -66.790  -23.310  -2.888 0.0000000000
58313  -60.869  -23.373  -3.243 0.0000000000
58314  -61.806  -23.005  -3.563 0.0000000000
58315  -63.004  -22.340  -3.826 0.0000000000
58316  -64.282  -22.092  -4.274 0.0000000000
58317  -66.495  -22.569  -3.685 0.0000000000
58329  -62.335  -23.501  -4.447 0.0000000000
58330  -63.433  -23.231  -4.798 0.0000000000
58331  -64.329  -23.205  -5.098 0.0000000000
58332  -65.197  -22.963  -4.810 0.0000000000
58333  -65.950  -23.104  -4.429 0.0000000000
58342  -51.423  -23.437  -5.933 0.0000000000
58343  -54.947  -22.987  -6.039 0.0000000000
58344  -55.334  -23.682  -5.529 0.0000000000
58345  -63.329  -23.807  -6.598 0.0000000000
58346  -63.767  -23.731  -6.097 0.0000000000
58350  -51.110  -23.473  -7.194 0.0000000000
58351  -54.878  -23.009  -6.948 0.0000000000
58352  -55.382  -23.598  -6.468 0.0000000000
58353  -49.615  -23.362  -8.911 0.0000000000
58354  -50.490  -23.698  -8.443 0.0000000000
58355  -54.756  -23.041  -8.055 0.0000000000
58356  -55.274  -23.609  -7.453 0.0000000000
58357  -49.654  -23.387  -9.243 0.0000000000
58358  -50.120  -24.097  -8.995 0.0000000000
58359  -54.964  -23.237  -9.157 0.0000000000
58360  -55.212  -23.732  -8.517 0.0000000000
58361  -49.829  -23.359  -9.556 0.0000000000
58362  -50.257  -24.059  -9.446 0.0000000000
58363  -55.544  -23.471  -10.217 0.0000000000
58364  -50.497  -24.069  -10.036 0.0000000000
58365  -52.748  -23.971  -11.194 0.0000000000
58366  -56.417  -23.789  -12.028 0.0000000000
58367  -54.006  -24.270  -11.656 0.0000000000
58368  -55.561  -23.647  -12.237 0.0000000000
59161  -64.168  -20.223  -1.262 0.0000000000
59176  -61.389  -20.957  -1.356 0.0000000000
59177  -64.652  -20.336  -1.952 0.0000000000
59178  -65.258  -20.438  -2.594 0.0000000000
59179  -65.958  -21.493  -2.781 0.0000000000
59193  -61.513  -21.542  -2.331 0.0000000000
59194  -62.738  -20.702  -2.632 0.0000000000
59195  -65.787  -20.676  -3.048 0.0000000000
59196  -66.344  -21.571  -3.124 0.0000000000
59207  -62.155  -21.859  -3.140 0.0000000000
59208  -63.089  -21.126  -3.273 0.0000000000
59209  -64.052  -20.989  -3.560 0.0000000000
59210  -66.039  -20.971  -3.302 0.0000000000
59211  -66.341  -21.663  -3.474 0.0000000000
59222  -65.083  -20.911  -3.757 0.0000000000
59223  -65.816  -21.168  -3.730 0.0000000000
59224  -65.975  -22.095  -4.189 0.0000000000
59236  -51.129  -22.744  -5.561 0.0000000000
59240  -50.712  -22.049  -6.100 0.0000000000
59241  -50.869  -22.856  -6.613 0.0000000000
59242  -54.652  -22.318  -6.488 0.0000000000
59243  -49.542  -22.496  -8.457 0.0000000000
59244  -50.329  -23.042  -7.870 0.0000000000
59245  -54.599  -22.334  -7.476 0.0000000000
59246  -48.858  -22.132  -9.332 0.0000000000
59247  -49.228  -22.903  -9.200 0.0000000000
59248  -54.728  -22.328  -8.703 0.0000000000
59249  -49.260  -22.711  -9.400 0.0000000000
59250  -49.508  -22.467  -9.810 0.0000000000
59251  -50.917  -22.586  -10.071 0.0000000000
59252  -55.543  -22.708  -10.209 0.0000000000
59253  -50.447  -23.034  -10.074 0.0000000000
59254  -51.575  -23.490  -10.468 0.0000000000
59255  -53.126  -23.111  -11.000 0.0000000000
59256  -54.202  -22.383  -11.406 0.0000000000
59257  -56.398  -23.095  -11.651 0.0000000000
59258  -54.538  -23.228  -11.752 0.0000000000
59259  -55.947  -22.942  -12.365 0.0000000000
59260  -56.566  -22.389  -12.186 0.0000000000
60023  -63.759  -19.767  -0.959 0.0000000000
60041  -63.478  -19.681  -1.260 0.0000000000
60042  -64.189  -19.707  -1.741 0.0000000000
60043  -64.738  -19.914  -2.348 0.0000000000
60055  -62.497  -20.314  -1.774 0.0000000000
60056  -63.644  -19.791  -2.117 0.0000000000
60057  -64.528  -19.806  -2.470 0.0000000000
60058  -65.177  -20.042  -2.823 0.0000000000
60068  -63.855  -20.148  -2.924 0.0000000000
60069  -64.856  -20.036  -3.185 0.0000000000
60070  -65.539  -20.465  -3.270 0.0000000000
60096  -50.190  -21.559  -7.310 0.0000000000
60097  -54.550  -21.568  -6.084 0.0000000000
60098  -48.787  -20.838  -8.899 0.0000000000
60099  -54.545  -20.997  -7.614 0.0000000000
60100  -48.695  -21.363  -9.291 0.0000000000
60101  -54.822  -21.300  -8.725 0.0000000000
60102  -48.763  -21.391  -9.684 0.0000000000
60103  -49.077  -21.300  -10.080 0.0000000000
60104  -50.143  -21.882  -9.983 0.0000000000
60105  -51.853  -21.579  -9.942 0.0000000000
60106  -55.272  -21.936  -9.630 0.0000000000
60107  -56.290  -21.958  -10.728 0.0000000000
60108  -52.572  -22.460  -10.487 0.0000000000
60109  -53.728  -21.608  -10.870 0.0000000000
60110  -55.315  -21.591  -11.946 0.0000000000
60111  -56.687  -22.127  -11.663 0.0000000000
60112  -56.538  -21.669  -12.286 0.0000000000
60924  -50.632  -20.504  -5.496 0.0000000000
60933  -50.410  -20.440  -6.664 0.0000000000
60934  -54.483  -20.094  -6.484 0.0000000000
60935  -49.674  -20.769  -7.931 0.0000000000
60936  -54.584  -20.181  -7.357 0.0000000000
60937  -48.619  -20.882  -9.510 0.0000000000
60938  -55.434  -20.444  -9.139 0.0000000000
60939  -56.674  -20.360  -10.371 0.0000000000
60940  -48.704  -20.638  -9.918 0.0000000000
60941  -48.903  -20.303  -10.193 0.0000000000
60942  -49.779  -20.393  -10.125 0.0000000000
60943  -51.667  -20.474  -9.691 0.0000000000
60944  -53.239  -20.759  -10.182 0.0000000000
60945  -56.176  -21.190  -10.297 0.0000000000
60946  -57.273  -20.545  -11.687 0.0000000000
60947  -54.974  -20.732  -11.646 0.0000000000
60948  -56.209  -21.063  -12.309 0.0000000000
60949  -57.103  -21.091  -12.246 0.0000000000
61772  -50.592  -19.644  -5.771 0.0000000000
61782  -50.437  -19.509  -6.782 0.0000000000
61783  -54.699  -19.257  -7.035 0.0000000000
61784  -49.309  -20.064  -8.414 0.0000000000
61785  -48.635  -20.094  -9.465 0.0000000000
61786  -48.970  -19.253  -8.864 0.0000000000
61787  -55.069  -19.669  -8.247 0.0000000000
61788  -56.256  -19.753  -9.549 0.0000000000
61789  -48.694  -19.758  -10.052 0.0000000000
61790  -49.321  -19.520  -10.297 0.0000000000
61791  -50.854  -19.663  -9.812 0.0000000000
61792  -52.237  -19.590  -9.507 0.0000000000
61793  -54.163  -20.012  -10.710 0.0000000000
61794  -55.049  -19.267  -11.192 0.0000000000
61795  -57.512  -19.632  -11.080 0.0000000000
61796  -57.651  -18.665  -11.815 0.0000000000
61797  -55.439  -19.961  -11.781 0.0000000000
61798  -56.572  -19.616  -12.138 0.0000000000
61799  -57.435  -19.519  -11.884 0.0000000000
62725  -50.414  -18.854  -7.065 0.0000000000
62726  -54.739  -18.667  -6.277 0.0000000000
62727  -55.351  -18.265  -7.123 0.0000000000
62728  -49.872  -18.466  -8.001 0.0000000000
62729  -55.296  -18.889  -7.871 0.0000000000
62730  -56.244  -18.406  -8.315 0.0000000000
62731  -48.600  -19.023  -9.795 0.0000000000
62732  -48.856  -18.481  -9.261 0.0000000000
62733  -51.891  -18.163  -9.211 0.0000000000
62734  -53.256  -18.122  -9.104 0.0000000000
62735  -56.070  -19.086  -8.836 0.0000000000
62736  -57.281  -18.598  -9.630 0.0000000000
62737  -58.094  -18.031  -10.499 0.0000000000
62738  -48.704  -18.237  -10.073 0.0000000000
62739  -49.438  -18.247  -10.422 0.0000000000
62740  -50.469  -18.801  -10.114 0.0000000000
62741  -52.723  -18.859  -9.308 0.0000000000
62742  -54.067  -18.692  -9.944 0.0000000000
62743  -55.614  -18.416  -11.238 0.0000000000
62744  -57.893  -18.883  -10.975 0.0000000000
62745  -57.944  -18.183  -11.299 0.0000000000
62746  -49.084  -17.497  -10.491 0.0000000000
62747  -56.861  -18.848  -12.072 0.0000000000
62748  -57.523  -17.791  -11.660 0.0000000000
63661  -57.540  -17.310  -3.536 0.0000000000
63662  -58.422  -17.018  -3.339 0.0000000000
63668  -50.401  -17.196  -5.094 0.0000000000
63670  -56.298  -17.443  -4.743 0.0000000000
63671  -57.754  -17.072  -4.474 0.0000000000
63672  -58.489  -16.865  -3.986 0.0000000000
63680  -50.532  -17.357  -6.230 0.0000000000
63681  -55.199  -17.949  -6.017 0.0000000000
63682  -56.082  -17.412  -5.642 0.0000000000
63683  -57.354  -17.067  -5.314 0.0000000000
63693  -50.303  -17.517  -7.407 0.0000000000
63694  -56.102  -17.550  -6.643 0.0000000000
63695  -57.180  -17.089  -6.201 0.0000000000
63698  -49.446  -17.692  -8.616 0.0000000000
63699  -57.721  -17.795  -9.141 0.0000000000
63700  -57.331  -17.222  -7.215 0.0000000000
63701  -48.715  -17.844  -9.716 0.0000000000
63702  -51.700  -17.165  -9.074 0.0000000000
63703  -54.808  -17.138  -9.640 0.0000000000
63704  -58.343  -17.248  -10.239 0.0000000000
63705  -48.676  -17.374  -10.108 0.0000000000
63706  -50.004  -17.368  -10.555 0.0000000000
63707  -50.782  -17.846  -9.916 0.0000000000
63708  -54.510  -17.909  -9.868 0.0000000000
63709  -55.771  -17.498  -10.813 0.0000000000
63710  -56.951  -16.977  -11.288 0.0000000000
63711  -57.994  -17.189  -11.164 0.0000000000
63712  -56.827  -17.978  -11.760 0.0000000000
64472  -58.721  -16.547  -2.149 0.0000000000
64473  -59.595  -16.269  -2.847 0.0000000000
64501  -58.036  -16.994  -2.405 0.0000000000
64502  -59.077  -16.615  -3.133 0.0000000000
64518  -58.894  -16.477  -3.816 0.0000000000
64527  -50.184  -16.278  -4.997 0.0000000000
64528  -58.275  -16.621  -5.171 0.0000000000
64529  -58.512  -16.425  -4.694 0.0000000000
64539  -50.419  -16.516  -5.835 0.0000000000
64540  -58.217  -16.585  -5.853 0.0000000000
64541  -58.561  -16.245  -5.620 0.0000000000
64551  -50.417  -16.667  -6.893 0.0000000000
64552  -58.248  -16.581  -6.802 0.0000000000
64553  -58.772  -15.998  -6.471 0.0000000000
64560  -49.970  -16.818  -8.042 0.0000000000
64561  -58.381  -16.639  -7.948 0.0000000000
64562  -58.869  -15.776  -7.559 0.0000000000
64563  -48.856  -16.481  -9.578 0.0000000000
64564  -49.168  -17.030  -9.117 0.0000000000
64565  -51.486  -16.380  -9.173 0.0000000000
64566  -52.350  -16.333  -8.503 0.0000000000
64567  -55.265  -16.350  -9.436 0.0000000000
64568  -55.998  -15.441  -9.336 0.0000000000
64569  -58.541  -16.735  -9.328 0.0000000000
64570  -58.820  -15.678  -8.821 0.0000000000
64571  -48.812  -16.139  -10.505 0.0000000000
64572  -48.604  -16.695  -10.071 0.0000000000
64573  -50.198  -16.082  -10.702 0.0000000000
64574  -50.857  -16.935  -9.821 0.0000000000
64575  -55.863  -16.779  -10.401 0.0000000000
64576  -56.549  -16.094  -10.390 0.0000000000
64577  -57.626  -16.099  -10.800 0.0000000000
64578  -58.355  -16.294  -10.525 0.0000000000
64579  -48.936  -16.829  -10.525 0.0000000000
64580  -49.693  -16.793  -10.671 0.0000000000
65266  -59.511  -16.025  -2.028 0.0000000000
65267  -60.271  -15.760  -2.862 0.0000000000
65268  -60.915  -15.121  -2.530 0.0000000000
65295  -59.554  -16.082  -3.458 0.0000000000
65309  -57.605  -15.297  -4.441 0.0000000000
65310  -58.738  -16.188  -4.389 0.0000000000
65322  -49.893  -15.619  -4.952 0.0000000000
65323  -58.009  -15.518  -5.139 0.0000000000
65324  -58.584  -16.125  -5.479 0.0000000000
65337  -49.712  -14.957  -5.413 0.0000000000
65338  -50.156  -15.734  -5.592 0.0000000000
65339  -58.167  -15.282  -5.960 0.0000000000
65340  -58.626  -15.727  -6.288 0.0000000000
65352  -50.090  -15.154  -7.001 0.0000000000
65353  -50.303  -15.866  -6.463 0.0000000000
65354  -58.822  -14.965  -7.242 0.0000000000
65363  -49.740  -15.227  -8.109 0.0000000000
65364  -50.133  -15.951  -7.518 0.0000000000
65365  -53.255  -14.829  -7.772 0.0000000000
65366  -54.323  -14.834  -7.850 0.0000000000
65367  -55.581  -14.693  -8.378 0.0000000000
65368  -57.429  -13.890  -8.585 0.0000000000
65369  -58.864  -14.696  -8.378 0.0000000000
65374  -49.184  -15.603  -9.132 0.0000000000
65375  -49.541  -16.167  -8.589 0.0000000000
65376  -51.719  -15.452  -8.864 0.0000000000
65377  -52.601  -15.447  -8.209 0.0000000000
65378  -54.697  -15.711  -8.544 0.0000000000
65379  -56.813  -14.531  -9.075 0.0000000000
65380  -57.885  -14.458  -9.544 0.0000000000
65381  -58.548  -14.782  -9.465 0.0000000000
65384  -48.590  -15.860  -10.012 0.0000000000
65385  -50.885  -15.981  -9.863 0.0000000000
65386  -57.288  -15.220  -10.097 0.0000000000
65387  -58.168  -15.274  -10.290 0.0000000000
65388  -49.175  -15.389  -10.974 0.0000000000
65389  -49.994  -15.375  -10.963 0.0000000000
65390  -50.664  -15.223  -10.456 0.0000000000
66122  -59.551  -15.296  -1.646 0.0000000000
66123  -60.826  -15.002  -1.912 0.0000000000
66124  -61.395  -14.551  -2.298 0.0000000000
66147  -59.257  -15.774  -3.816 0.0000000000
66148  -60.652  -15.194  -3.184 0.0000000000
66166  -57.868  -15.296  -4.045 0.0000000000
66178  -56.458  -14.832  -4.685 0.0000000000
66179  -57.094  -14.735  -5.598 0.0000000000
66191  -49.280  -14.073  -5.746 0.0000000000
66192  -55.315  -14.307  -4.849 0.0000000000
66193  -56.088  -14.221  -5.568 0.0000000000
66194  -57.355  -14.245  -6.508 0.0000000000
66195  -58.360  -14.838  -6.654 0.0000000000
66207  -49.719  -14.580  -6.379 0.0000000000
66208  -56.254  -13.571  -6.561 0.0000000000
66209  -58.012  -14.104  -7.364 0.0000000000
66222  -49.667  -14.479  -7.403 0.0000000000
66223  -52.996  -13.876  -7.572 0.0000000000
66224  -53.969  -13.867  -7.390 0.0000000000
66225  -55.360  -13.704  -7.566 0.0000000000
66226  -56.599  -13.544  -7.677 0.0000000000
66227  -57.694  -13.684  -8.084 0.0000000000
66228  -58.451  -14.131  -8.073 0.0000000000
66233  -48.875  -14.916  -9.483 0.0000000000
66234  -51.665  -14.339  -9.033 0.0000000000
66235  -52.381  -14.609  -8.230 0.0000000000
66236  -58.244  -14.049  -8.789 0.0000000000
66238  -48.643  -14.818  -10.847 0.0000000000
66239  -48.538  -14.969  -10.367 0.0000000000
66240  -51.167  -14.390  -10.142 0.0000000000
66241  -49.143  -14.523  -11.212 0.0000000000
66242  -49.913  -14.620  -11.176 0.0000000000
66243  -50.634  -14.489  -10.878 0.0000000000
66244  -49.958  -14.001  -11.349 0.0000000000
67056  -59.790  -14.356  -1.476 0.0000000000
67057  -61.302  -14.277  -1.843 0.0000000000
67058  -61.781  -13.880  -2.322 0.0000000000
67080  -58.122  -13.967  -3.080 0.0000000000
67081  -61.010  -14.543  -3.144 0.0000000000
67082  -61.592  -14.248  -2.754 0.0000000000
67112  -54.598  -13.809  -5.063 0.0000000000
67121  -48.755  -13.217  -6.125 0.0000000000
67123  -54.219  -13.080  -5.758 0.0000000000
67124  -55.259  -13.458  -5.948 0.0000000000
67134  -48.941  -13.120  -7.313 0.0000000000
67135  -49.334  -13.831  -6.769 0.0000000000
67136  -53.138  -12.648  -6.592 0.0000000000
67137  -53.961  -12.867  -6.523 0.0000000000
67138  -54.868  -13.114  -6.630 0.0000000000
67139  -55.605  -13.239  -6.784 0.0000000000
67149  -48.794  -13.245  -8.492 0.0000000000
67150  -49.276  -13.817  -7.876 0.0000000000
67151  -52.143  -12.788  -7.836 0.0000000000
67152  -52.754  -13.018  -7.387 0.0000000000
67153  -53.564  -13.050  -7.084 0.0000000000
67154  -54.599  -13.154  -7.024 0.0000000000
67155  -55.572  -13.258  -7.124 0.0000000000
67160  -48.357  -13.579  -9.783 0.0000000000
67161  -48.955  -14.020  -9.023 0.0000000000
67162  -51.819  -13.330  -8.754 0.0000000000
67163  -52.261  -13.681  -8.147 0.0000000000
67165  -48.326  -14.174  -10.671 0.0000000000
67166  -48.440  -14.397  -9.995 0.0000000000
67167  -51.498  -13.668  -9.687 0.0000000000
67168  -48.516  -14.100  -11.104 0.0000000000
67169  -50.634  -13.810  -11.211 0.0000000000
67170  -48.683  -13.368  -11.296 0.0000000000
67171  -49.375  -13.753  -11.382 0.0000000000
67172  -51.183  -13.120  -11.168 0.0000000000
67964  -59.913  -12.687  -1.480 0.0000000000
67965  -61.632  -13.325  -1.849 0.0000000000
67966  -62.175  -13.028  -2.593 0.0000000000
67991  -60.797  -13.649  -3.247 0.0000000000
67992  -62.014  -13.500  -2.838 0.0000000000
68042  -48.446  -12.454  -6.860 0.0000000000
68054  -48.529  -12.505  -7.967 0.0000000000
68055  -51.822  -12.150  -7.315 0.0000000000
68056  -52.388  -12.354  -6.818 0.0000000000
68059  -48.344  -12.712  -9.120 0.0000000000
68060  -51.670  -12.395  -8.392 0.0000000000
68062  -47.942  -12.774  -10.733 0.0000000000
68063  -51.584  -12.978  -9.456 0.0000000000
68064  -48.288  -12.814  -11.208 0.0000000000
68065  -49.190  -12.612  -11.525 0.0000000000
68066  -49.839  -12.960  -11.526 0.0000000000
68067  -50.573  -13.190  -11.419 0.0000000000
68068  -51.461  -12.403  -11.432 0.0000000000
68820  -60.888  -12.045  -1.688 0.0000000000
68821  -62.130  -12.317  -2.257 0.0000000000
68822  -62.534  -11.989  -2.826 0.0000000000
68846  -61.055  -12.584  -3.382 0.0000000000
68847  -62.541  -11.144  -3.140 0.0000000000
68860  -61.785  -11.668  -3.400 0.0000000000
68909  -47.761  -11.308  -8.104 0.0000000000
68910  -48.111  -11.847  -7.515 0.0000000000
68911  -50.809  -11.288  -7.862 0.0000000000
68912  -51.322  -11.770  -7.626 0.0000000000
68917  -47.702  -11.457  -9.221 0.0000000000
68918  -48.097  -11.975  -8.609 0.0000000000
68919  -50.911  -11.197  -8.848 0.0000000000
68920  -51.283  -11.741  -8.619 0.0000000000
68925  -47.640  -11.717  -10.417 0.0000000000
68926  -47.903  -12.277  -9.749 0.0000000000
68927  -51.293  -11.000  -9.769 0.0000000000
68928  -51.535  -11.690  -9.897 0.0000000000
68930  -47.947  -12.088  -11.133 0.0000000000
68931  -51.981  -11.750  -11.315 0.0000000000
68932  -48.179  -11.352  -11.460 0.0000000000
68933  -48.732  -12.022  -11.493 0.0000000000
68934  -50.010  -11.867  -11.835 0.0000000000
68935  -51.303  -11.822  -11.970 0.0000000000
68936  -51.978  -11.767  -11.885 0.0000000000
68937  -51.200  -11.114  -12.309 0.0000000000
69679  -61.635  -11.287  -1.987 0.0000000000
69680  -62.451  -11.451  -2.664 0.0000000000
69699  -58.198  -11.041  -3.038 0.0000000000
69700  -59.809  -11.318  -3.448 0.0000000000
69701  -60.204  -10.485  -3.556 0.0000000000
69702  -62.670  -11.259  -2.935 0.0000000000
69703  -62.702  -10.638  -3.013 0.0000000000
69718  -61.626  -10.543  -3.529 0.0000000000
69719  -62.404  -10.404  -3.290 0.0000000000
69777  -50.342  -10.710  -8.081 0.0000000000
69780  -47.078  -10.104  -8.036 0.0000000000
69781  -47.430  -10.730  -8.621 0.0000000000
69782  -49.878  -10.076  -8.323 0.0000000000
69783  -50.597  -10.577  -9.055 0.0000000000
69787  -47.059  -10.123  -9.079 0.0000000000
69788  -47.344  -10.849  -9.724 0.0000000000
69789  -51.295  -10.380  -10.128 0.0000000000
69790  -52.185  -10.955  -10.975 0.0000000000
69794  -46.967  -10.194  -10.136 0.0000000000
69795  -47.347  -10.873  -10.655 0.0000000000
69796  -52.249  -10.191  -11.169 0.0000000000
69797  -52.879  -10.252  -11.940 0.0000000000
69798  -47.604  -10.746  -11.275 0.0000000000
69799  -48.336  -10.472  -11.758 0.0000000000
69800  -49.510  -11.038  -11.963 0.0000000000
69801  -52.256  -11.030  -12.212 0.0000000000
69802  -52.846  -10.204  -12.340 0.0000000000
69803  -49.544  -9.953  -12.322 0.0000000000
69804  -51.097  -10.192  -12.599 0.0000000000
69805  -52.372  -10.212  -12.600 0.0000000000
70567  -59.257  -9.496  -3.363 0.0000000000
70568  -60.574  -9.629  -3.575 0.0000000000
70569  -62.680  -10.741  -2.889 0.0000000000
70584  -61.814  -9.709  -3.512 0.0000000000
70585  -62.578  -9.820  -3.160 0.0000000000
70637  -46.693  -9.497  -8.429 0.0000000000
70638  -49.504  -9.381  -8.579 0.0000000000
70639  -50.349  -9.860  -9.327 0.0000000000
70643  -46.660  -9.495  -9.469 0.0000000000
70644  -49.944  -9.076  -9.493 0.0000000000
70645  -51.323  -9.507  -10.547 0.0000000000
70650  -46.661  -9.513  -10.482 0.0000000000
70651  -47.050  -10.171  -10.954 0.0000000000
70652  -52.817  -9.546  -11.852 0.0000000000
70653  -53.014  -9.623  -12.387 0.0000000000
70654  -46.877  -9.429  -11.256 0.0000000000
70655  -47.540  -9.941  -11.515 0.0000000000
70656  -48.385  -9.564  -12.040 0.0000000000
70657  -52.968  -9.350  -12.690 0.0000000000
70658  -49.775  -8.870  -12.705 0.0000000000
70659  -50.892  -9.336  -12.845 0.0000000000
70660  -52.369  -9.123  -13.142 0.0000000000
71440  -48.661  -8.292  -8.040 0.0000000000
71441  -48.960  -8.918  -8.050 0.0000000000
71449  -46.009  -8.174  -9.008 0.0000000000
71450  -46.353  -8.837  -8.770 0.0000000000
71451  -48.774  -8.026  -8.688 0.0000000000
71452  -49.128  -8.680  -8.725 0.0000000000
71456  -45.929  -8.082  -9.763 0.0000000000
71457  -46.304  -8.757  -9.835 0.0000000000
71458  -49.437  -8.157  -9.556 0.0000000000
71459  -50.557  -8.656  -10.344 0.0000000000
71463  -46.093  -8.306  -10.406 0.0000000000
71464  -46.415  -8.846  -10.842 0.0000000000
71465  -50.508  -7.831  -10.757 0.0000000000
71466  -52.083  -8.522  -11.642 0.0000000000
71469  -46.752  -8.698  -11.451 0.0000000000
71470  -47.488  -9.079  -11.809 0.0000000000
71471  -48.456  -8.831  -12.279 0.0000000000
71472  -52.972  -7.872  -12.802 0.0000000000
71473  -53.148  -8.721  -12.744 0.0000000000
71474  -48.022  -8.337  -12.219 0.0000000000
71475  -49.388  -8.055  -12.766 0.0000000000
71476  -51.564  -8.399  -13.384 0.0000000000
71477  -52.707  -7.942  -13.586 0.0000000000
71478  -53.054  -8.428  -13.209 0.0000000000
72288  -45.604  -7.452  -9.177 0.0000000000
72289  -48.531  -7.474  -8.106 0.0000000000
72293  -45.730  -7.645  -10.318 0.0000000000
72294  -48.735  -7.326  -9.024 0.0000000000
72295  -49.407  -7.221  -10.024 0.0000000000
72299  -46.161  -8.125  -11.104 0.0000000000
72300  -50.425  -6.906  -11.230 0.0000000000
72301  -51.862  -7.405  -12.155 0.0000000000
72304  -46.143  -7.412  -11.538 0.0000000000
72305  -46.708  -8.043  -11.684 0.0000000000
72306  -47.506  -7.833  -12.139 0.0000000000
72307  -51.906  -6.510  -12.904 0.0000000000
72308  -52.679  -7.217  -13.393 0.0000000000
72309  -53.085  -7.833  -13.399 0.0000000000
72310  -48.927  -7.452  -12.731 0.0000000000
72311  -50.760  -7.024  -13.632 0.0000000000
72312  -52.155  -6.833  -14.064 0.0000000000
72313  -52.565  -7.256  -13.688 0.0000000000
73144  -48.656  -6.653  -8.318 0.0000000000
73149  -45.309  -6.849  -9.761 0.0000000000
73150  -48.934  -6.393  -9.409 0.0000000000
73151  -49.567  -6.516  -10.446 0.0000000000
73155  -44.983  -6.210  -10.172 0.0000000000
73156  -45.462  -6.969  -10.846 0.0000000000
73157  -49.478  -5.775  -10.431 0.0000000000
73158  -50.443  -6.078  -11.637 0.0000000000
73163  -45.758  -6.589  -11.675 0.0000000000
73164  -46.640  -6.807  -12.045 0.0000000000
73165  -51.773  -5.846  -13.653 0.0000000000
73166  -52.258  -6.667  -13.898 0.0000000000
73168  -47.389  -6.063  -12.490 0.0000000000
73169  -48.068  -6.867  -12.516 0.0000000000
73170  -50.304  -6.478  -13.632 0.0000000000
73171  -51.939  -6.134  -14.156 0.0000000000
74068  -48.902  -6.218  -7.795 0.0000000000
74069  -49.554  -5.598  -7.794 0.0000000000
74070  -50.694  -5.288  -7.600 0.0000000000
74079  -48.990  -5.873  -8.490 0.0000000000
74080  -49.538  -5.209  -8.648 0.0000000000
74084  -49.321  -5.412  -9.377 0.0000000000
74085  -49.728  -4.808  -10.445 0.0000000000
74089  -44.626  -5.555  -10.533 0.0000000000
74090  -45.078  -6.175  -11.159 0.0000000000
74091  -50.338  -5.282  -11.805 0.0000000000
74096  -44.709  -5.510  -11.484 0.0000000000
74097  -45.310  -5.886  -11.921 0.0000000000
74098  -46.144  -6.045  -12.168 0.0000000000
74099  -51.383  -5.120  -13.566 0.0000000000
74102  -44.873  -5.292  -12.261 0.0000000000
74103  -45.648  -5.420  -12.477 0.0000000000
74104  -46.700  -5.398  -12.615 0.0000000000
74105  -49.365  -5.883  -13.393 0.0000000000
74106  -51.016  -5.421  -14.612 0.0000000000
74107  -51.444  -5.266  -14.426 0.0000000000
74108  -51.417  -5.043  -14.922 0.0000000000
74958  -50.367  -4.803  -8.565 0.0000000000
74959  -51.821  -4.512  -8.584 0.0000000000
74973  -50.151  -4.385  -9.557 0.0000000000
74974  -51.632  -3.713  -9.584 0.0000000000
74975  -53.242  -3.509  -9.492 0.0000000000
74982  -50.406  -3.837  -10.618 0.0000000000
74983  -51.651  -3.109  -10.515 0.0000000000
74991  -44.278  -4.935  -10.888 0.0000000000
74992  -50.363  -4.129  -11.757 0.0000000000
74997  -43.884  -4.370  -11.291 0.0000000000
74998  -44.346  -4.895  -11.833 0.0000000000
74999  -50.975  -4.216  -13.277 0.0000000000
75003  -43.940  -4.366  -12.236 0.0000000000
75004  -44.505  -4.692  -12.640 0.0000000000
75005  -45.192  -4.888  -12.897 0.0000000000
75006  -46.184  -4.846  -13.000 0.0000000000
75007  -47.461  -4.780  -13.156 0.0000000000
75008  -49.097  -5.036  -13.687 0.0000000000
75009  -51.427  -4.471  -14.563 0.0000000000
75010  -51.406  -4.262  -14.810 0.0000000000
75011  -44.722  -4.450  -13.414 0.0000000000
75012  -45.628  -4.451  -13.580 0.0000000000
75013  -46.869  -4.288  -13.658 0.0000000000
75014  -48.437  -4.292  -13.942 0.0000000000
75015  -50.572  -4.869  -14.893 0.0000000000
75016  -51.372  -4.785  -15.040 0.0000000000
75961  -52.835  -2.548  -10.063 0.0000000000
75962  -53.735  -2.935  -9.708 0.0000000000
75970  -51.329  -2.763  -11.180 0.0000000000
75971  -52.162  -2.159  -10.751 0.0000000000
75975  -43.018  -3.255  -11.088 0.0000000000
75977  -50.945  -2.982  -12.022 0.0000000000
75978  -51.852  -2.067  -11.285 0.0000000000
75983  -43.027  -3.297  -12.077 0.0000000000
75984  -43.481  -3.818  -11.687 0.0000000000
75985  -50.938  -3.191  -13.029 0.0000000000
75986  -51.449  -2.123  -11.938 0.0000000000
75991  -43.078  -3.357  -13.064 0.0000000000
75992  -43.530  -3.835  -12.649 0.0000000000
75993  -44.057  -4.243  -13.131 0.0000000000
75994  -51.209  -3.350  -14.001 0.0000000000
75996  -43.193  -3.383  -14.051 0.0000000000
75997  -43.629  -3.790  -13.588 0.0000000000
75998  -44.267  -4.013  -14.086 0.0000000000
75999  -46.095  -3.927  -14.498 0.0000000000
76000  -47.677  -3.796  -14.546 0.0000000000
76001  -49.344  -4.013  -15.103 0.0000000000
76002  -50.781  -4.303  -15.279 0.0000000000
76003  -51.274  -4.154  -15.149 0.0000000000
76004  -51.260  -3.419  -14.651 0.0000000000
76005  -44.017  -3.478  -15.852 0.0000000000
76006  -44.822  -3.569  -15.709 0.0000000000
76007  -45.808  -3.606  -15.572 0.0000000000
76008  -47.080  -3.496  -15.481 0.0000000000
76009  -48.490  -3.437  -15.711 0.0000000000
76010  -49.835  -3.498  -15.701 0.0000000000
76011  -50.734  -3.555  -15.437 0.0000000000
76012  -51.142  -3.346  -15.131 0.0000000000
76013  -44.732  -3.342  -16.428 0.0000000000
76014  -45.599  -3.353  -16.342 0.0000000000
76015  -46.652  -3.223  -16.315 0.0000000000
76016  -47.893  -2.958  -16.357 0.0000000000
76017  -48.991  -2.957  -16.172 0.0000000000
76018  -49.962  -2.727  -15.941 0.0000000000
76019  -45.482  -3.063  -16.853 0.0000000000
76945  -51.397  -1.476  -9.914 0.0000000000
76946  -52.433  -1.959  -10.348 0.0000000000
76947  -53.112  -2.465  -9.662 0.0000000000
76954  -49.699  -1.559  -9.311 0.0000000000
76955  -50.925  -1.333  -10.322 0.0000000000
76956  -52.022  -1.740  -10.784 0.0000000000
76962  -51.485  -1.625  -11.193 0.0000000000
76967  -41.902  -2.284  -11.889 0.0000000000
76968  -42.479  -2.759  -11.454 0.0000000000
76969  -51.092  -2.289  -12.764 0.0000000000
76973  -41.948  -2.340  -12.891 0.0000000000
76974  -42.516  -2.821  -12.481 0.0000000000
76975  -51.060  -2.456  -13.697 0.0000000000
76978  -42.054  -2.433  -13.913 0.0000000000
76979  -42.593  -2.899  -13.490 0.0000000000
76980  -51.039  -2.540  -14.552 0.0000000000
76981  -42.248  -2.488  -14.960 0.0000000000
76982  -43.422  -3.369  -15.088 0.0000000000
76983  -50.759  -2.650  -15.319 0.0000000000
76984  -43.004  -2.874  -16.693 0.0000000000
76985  -43.372  -3.162  -16.077 0.0000000000
76986  -43.956  -3.238  -16.568 0.0000000000
76987  -47.276  -2.569  -16.850 0.0000000000
76988  -48.238  -2.071  -16.691 0.0000000000
76989  -49.045  -2.283  -16.325 0.0000000000
76990  -43.712  -2.850  -17.204 0.0000000000
76991  -44.807  -2.855  -17.141 0.0000000000
76992  -46.036  -2.287  -17.425 0.0000000000
76993  -46.324  -2.891  -16.889 0.0000000000
76994  -47.529  -1.542  -17.024 0.0000000000
76995  -43.736  -2.171  -17.963 0.0000000000
76996  -44.590  -2.195  -17.785 0.0000000000
76997  -45.438  -1.986  -17.739 0.0000000000
77812  -48.346  -1.597  -9.315 0.0000000000
77822  -46.627  -1.522  -9.720 0.0000000000
77823  -48.427  -1.397  -10.157 0.0000000000
77824  -49.535  -1.346  -10.022 0.0000000000
77825  -50.493  -1.244  -10.655 0.0000000000
77833  -46.223  -1.422  -10.482 0.0000000000
77834  -47.411  -1.433  -10.527 0.0000000000
77835  -48.516  -1.329  -10.859 0.0000000000
77836  -49.475  -1.243  -10.689 0.0000000000
77837  -50.573  -1.248  -11.288 0.0000000000
77838  -51.149  -1.701  -11.918 0.0000000000
77843  -41.269  -1.727  -11.332 0.0000000000
77844  -44.900  -1.077  -11.688 0.0000000000
77845  -45.696  -1.273  -11.271 0.0000000000
77846  -46.766  -1.354  -11.309 0.0000000000
77847  -48.001  -1.300  -11.583 0.0000000000
77848  -49.438  -1.156  -11.537 0.0000000000
77849  -50.536  -1.286  -12.073 0.0000000000
77850  -50.906  -1.744  -12.761 0.0000000000
77855  -40.667  -1.245  -11.764 0.0000000000
77856  -41.315  -1.750  -12.292 0.0000000000
77857  -44.945  -0.964  -12.470 0.0000000000
77858  -45.687  -1.117  -12.367 0.0000000000
77859  -46.609  -1.083  -12.749 0.0000000000
77860  -48.600  -1.020  -13.204 0.0000000000
77861  -49.596  -1.094  -13.092 0.0000000000
77862  -50.393  -1.364  -12.906 0.0000000000
77863  -50.786  -1.792  -13.686 0.0000000000
77866  -40.674  -1.191  -13.292 0.0000000000
77867  -41.314  -1.747  -13.303 0.0000000000
77868  -45.782  -0.511  -14.627 0.0000000000
77869  -46.205  -0.788  -13.960 0.0000000000
77870  -46.977  -0.826  -13.829 0.0000000000
77871  -48.252  -0.770  -14.262 0.0000000000
77872  -49.346  -1.039  -14.046 0.0000000000
77873  -50.618  -1.824  -14.601 0.0000000000
77874  -40.984  -1.237  -14.672 0.0000000000
77875  -46.692  -0.231  -15.857 0.0000000000
77876  -47.548  -0.439  -15.793 0.0000000000
77877  -48.339  -0.747  -15.588 0.0000000000
77878  -49.286  -1.141  -15.252 0.0000000000
77879  -50.177  -1.822  -15.441 0.0000000000
77880  -41.849  -1.796  -16.521 0.0000000000
77881  -46.393  -0.233  -16.933 0.0000000000
77882  -47.250  -0.644  -16.630 0.0000000000
77883  -48.035  -0.998  -16.411 0.0000000000
77884  -48.814  -1.395  -16.135 0.0000000000
77885  -49.563  -1.790  -15.998 0.0000000000
77886  -41.910  -1.735  -17.497 0.0000000000
77887  -42.449  -2.281  -17.057 0.0000000000
77888  -46.083  -1.084  -17.642 0.0000000000
77889  -46.835  -1.207  -17.327 0.0000000000
77890  -41.917  -1.606  -18.115 0.0000000000
77891  -42.383  -1.485  -18.447 0.0000000000
77892  -44.542  -1.453  -18.207 0.0000000000
77893  -45.331  -1.128  -18.004 0.0000000000
77894  -43.197  -1.022  -18.725 0.0000000000
77895  -43.940  -1.265  -18.445 0.0000000000
78613  -39.524  -0.300  -12.287 0.0000000000
78614  -39.922  -0.670  -11.369 0.0000000000
78621  -39.582  -0.138  -13.271 0.0000000000
78622  -40.178  -0.729  -12.895 0.0000000000
78623  -43.778  -0.381  -12.583 0.0000000000
78624  -44.323  -0.727  -12.075 0.0000000000
78628  -39.578  0.086  -14.213 0.0000000000
78629  -40.327  -0.725  -13.845 0.0000000000
78630  -44.112  -0.461  -13.587 0.0000000000
78631  -39.576  0.218  -15.212 0.0000000000
78632  -40.321  -0.497  -14.887 0.0000000000
78633  -43.937  -0.019  -15.268 0.0000000000
78634  -44.718  -0.345  -14.746 0.0000000000
78635  -45.756  -0.051  -15.884 0.0000000000
78636  -40.560  -0.539  -16.745 0.0000000000
78637  -41.025  -1.080  -15.860 0.0000000000
78638  -44.609  0.259  -16.248 0.0000000000
78639  -45.410  0.170  -16.801 0.0000000000
78640  -40.754  -0.752  -17.855 0.0000000000
78641  -41.299  -1.214  -17.115 0.0000000000
78642  -44.737  0.424  -16.961 0.0000000000
78643  -44.934  0.201  -17.589 0.0000000000
78644  -45.578  -0.358  -17.540 0.0000000000
78645  -40.953  -0.766  -18.613 0.0000000000
78646  -41.412  -1.292  -18.028 0.0000000000
78647  -41.710  -1.152  -18.615 0.0000000000
78648  -44.841  -0.374  -18.196 0.0000000000
78649  -42.396  -0.755  -18.966 0.0000000000
78650  -44.024  -0.339  -18.567 0.0000000000
79352  -38.722  0.089  -12.047 0.0000000000
79360  -37.087  0.522  -13.646 0.0000000000
79361  -38.032  0.415  -12.745 0.0000000000
79362  -38.796  0.250  -12.934 0.0000000000
79364  -43.189  0.039  -13.257 0.0000000000
79369  -38.950  0.390  -13.672 0.0000000000
79371  -43.108  0.153  -14.310 0.0000000000
79374  -37.798  0.754  -14.924 0.0000000000
79375  -38.740  0.577  -14.335 0.0000000000
79378  -43.009  0.344  -15.215 0.0000000000
79380  -37.747  0.823  -15.760 0.0000000000
79381  -38.844  0.708  -15.980 0.0000000000
79382  -39.750  0.171  -16.348 0.0000000000
79384  -43.833  0.470  -16.307 0.0000000000
79386  -38.946  0.634  -17.149 0.0000000000
79387  -39.934  -0.036  -17.562 0.0000000000
79388  -43.470  0.972  -17.045 0.0000000000
79389  -44.298  0.675  -17.455 0.0000000000
79391  -38.999  0.366  -18.388 0.0000000000
79392  -40.085  -0.241  -18.566 0.0000000000
79393  -43.787  1.103  -17.919 0.0000000000
79396  -40.316  -0.232  -19.136 0.0000000000
79397  -41.441  -0.430  -19.168 0.0000000000
79398  -42.438  0.046  -19.259 0.0000000000
79399  -43.384  0.095  -18.920 0.0000000000
79401  -40.772  0.280  -19.517 0.0000000000
79402  -41.892  0.591  -19.462 0.0000000000
80150  -43.081  1.466  -18.284 0.0000000000
80151  -43.573  0.904  -18.496 0.0000000000
80154  -42.940  1.014  -19.070 0.0000000000
102402  -58.849  -24.575  -6.433 0.0000000000
102456  -58.044  -14.844  -3.562 0.0000000000
102634  -64.396  -23.261  -2.275 0.0000000000
102790  -51.678  -19.032  -9.508 0.0000000000
102896  -60.187  -24.768  -5.274 0.0000000000
102917  -58.914  -13.159  -3.133 0.0000000000
103187  -60.504  -24.101  -6.526 0.0000000000
103188  -59.607  -12.649  -3.284 0.0000000000
103249  -49.946  -19.354  -7.760 0.0000000000
103253  -64.925  -38.618  -5.311 0.0000000000
103290  -48.933  -1.106  -12.356 0.0000000000
103404  -61.255  -26.337  -7.542 0.0000000000
103531  -61.251  -23.982  -8.290 0.0000000000
103563  -50.873  -47.630  -5.182 0.0000000000
103787  -44.150  -3.660  -15.016 0.0000000000
103864  -44.968  -3.819  -14.842 0.0000000000
103906  -48.186  -13.515  -10.982 0.0000000000
103996  -52.805  -54.129  -4.203 0.0000000000
104005  -47.175  -1.223  -12.169 0.0000000000
104026  -61.872  -35.046  -2.992 0.0000000000
104027  -61.045  -35.042  -2.869 0.0000000000
104311  -55.642  -60.067  0.517 0.0000000000
104316  -50.457  -50.411  -7.181 0.0000000000
104599  -62.753  -34.920  -3.079 0.0000000000
104600  -50.568  -18.838  -6.143 0.0000000000
104604  -50.576  -18.874  -5.145 0.0000000000
104605  -54.498  -20.855  -6.665 0.0000000000
104622  -54.954  -47.145  -6.549 0.0000000000
104661  -57.503  -47.153  -11.245 0.0000000000
104666  -50.576  -21.177  -6.119 0.0000000000
104672  -49.851  -47.232  -10.835 0.0000000000
104673  -59.982  -15.647  -3.341 0.0000000000
104772  -59.929  -14.308  -3.348 0.0000000000
104822  -58.371  -38.851  -2.296 0.0000000000
104869  -56.340  -28.737  -7.000 0.0000000000
104988  -54.023  -40.410  -11.166 0.0000000000
104991  -41.549  -1.883  -14.339 0.0000000000
105029  -48.651  -17.128  -9.843 0.0000000000
105210  -51.540  -12.661  -10.535 0.0000000000
105244  -54.768  -44.799  -2.534 0.0000000000
105295  -56.315  -39.078  -11.389 0.0000000000
105349  -58.413  -42.204  -6.829 0.0000000000
105464  -51.307  -51.080  -14.783 0.0000000000
105468  -48.825  -18.945  -10.236 0.0000000000
105486  -65.124  -36.388  -3.745 0.0000000000
105581  -57.288  -42.198  -6.095 0.0000000000
105587  -57.167  -20.317  -12.185 0.0000000000
105598  -47.239  -64.353  -16.189 0.0000000000
105615  -55.316  -56.725  0.706 0.0000000000
105659  -61.575  -23.699  -6.911 0.0000000000
105727  -58.279  -12.066  -2.983 0.0000000000
105790  -40.281  -0.327  -15.763 0.0000000000
106022  -54.531  -21.625  -6.989 0.0000000000
106122  -62.488  -35.759  -5.476 0.0000000000
106126  -61.589  -38.854  -5.969 0.0000000000
106144  -41.708  -1.851  -15.395 0.0000000000
106341  -65.213  -21.988  -4.357 0.0000000000
106362  -52.893  -57.054  -1.950 0.0000000000
106376  -55.804  -29.521  -10.729 0.0000000000
106378  -38.724  0.671  -15.065 0.0000000000
106389  -58.759  -10.286  -3.275 0.0000000000
106477  -54.629  -57.267  -13.028 0.0000000000
106482  -50.403  -21.151  -9.936 0.0000000000
106714  -51.781  -5.832  -14.123 0.0000000000
106775  -49.488  -16.168  -10.784 0.0000000000
106810  -57.040  -25.601  -3.964 0.0000000000
106830  -57.008  -21.508  -11.703 0.0000000000
106848  -65.202  -30.214  -4.458 0.0000000000
106983  -45.438  -0.868  -13.344 0.0000000000
107192  -61.983  -39.773  -6.645 0.0000000000
107226  -61.956  -33.832  -2.756 0.0000000000
107227  -61.253  -33.743  -2.665 0.0000000000
107270  -62.913  -34.012  -2.887 0.0000000000
107474  -52.152  -57.322  3.339 0.0000000000
107639  -54.536  -55.147  -14.213 0.0000000000
107741  -42.738  -2.969  -14.520 0.0000000000
107858  -64.161  -32.873  -2.604 0.0000000000
107882  -58.068  -25.582  -3.710 0.0000000000
107890  -65.392  -25.609  -4.630 0.0000000000
107910  -50.386  -47.433  -3.766 0.0000000000
107942  -45.066  -4.176  -14.095 0.0000000000
107954  -55.960  -34.887  -1.553 0.0000000000
108113  -63.259  -33.149  -2.646 0.0000000000
108145  -56.008  -45.074  -9.308 0.0000000000
108235  -65.312  -31.111  -4.321 0.0000000000
108250  -51.663  -56.843  -2.355 0.0000000000
108263  -42.410  -1.959  -17.814 0.0000000000
108286  -50.055  -15.221  -6.142 0.0000000000
108300  -60.453  -23.976  -8.481 0.0000000000
108305  -57.961  -47.608  -7.699 0.0000000000
108311  -58.151  -29.861  -5.244 0.0000000000
108324  -62.551  -32.635  -2.513 0.0000000000
108338  -57.712  -35.935  -9.654 0.0000000000
108380  -51.221  -15.092  -9.668 0.0000000000
108470  -50.394  -50.840  -5.759 0.0000000000
108479  -46.151  -0.955  -13.233 0.0000000000
108521  -51.466  -5.837  -14.322 0.0000000000
108618  -56.428  -41.015  -1.654 0.0000000000
108631  -54.479  -31.072  -5.841 0.0000000000
108735  -56.864  -42.480  -2.308 0.0000000000
108770  -42.454  -2.508  -16.051 0.0000000000
108798  -65.013  -21.611  -2.319 0.0000000000
108944  -47.620  -63.700  -16.524 0.0000000000
108946  -64.002  -31.419  -5.158 0.0000000000
108951  -53.303  -57.254  -0.774 0.0000000000
108960  -57.199  -29.484  -5.491 0.0000000000
108980  -55.555  -25.378  -12.221 0.0000000000
108984  -51.070  -48.893  -7.388 0.0000000000
109007  -56.614  -17.768  -7.739 0.0000000000
109077  -51.443  -24.533  -10.576 0.0000000000
109106  -56.446  -20.443  -12.264 0.0000000000
109142  -50.606  -50.851  -8.783 0.0000000000
109163  -51.450  -58.215  -12.763 0.0000000000
109195  -50.923  -51.634  -8.256 0.0000000000
109236  -48.433  -57.349  -13.992 0.0000000000
109267  -62.637  -34.931  -5.844 0.0000000000
109289  -64.141  -26.886  -2.349 0.0000000000
109291  -57.123  -19.231  -10.005 0.0000000000
109298  -50.507  -18.174  -6.727 0.0000000000
109327  -55.937  -24.045  -10.929 0.0000000000
109338  -59.497  -24.749  -5.833 0.0000000000
109406  -61.684  -37.702  -3.144 0.0000000000
109423  -47.554  -0.998  -13.082 0.0000000000
109495  -37.841  0.634  -13.973 0.0000000000
109508  -50.550  -18.076  -5.625 0.0000000000
109659  -63.434  -27.964  -4.418 0.0000000000
109872  -62.437  -23.963  -7.556 0.0000000000
109920  -60.071  -39.938  -6.158 0.0000000000
110001  -67.100  -25.634  -2.015 0.0000000000
110037  -59.448  -40.517  -2.596 0.0000000000
110038  -58.536  -38.144  -2.400 0.0000000000
110229  -60.816  -43.367  -4.859 0.0000000000
110240  -59.629  -40.432  -6.203 0.0000000000
110411  -63.090  -38.581  -3.508 0.0000000000
110426  -50.778  -50.615  -9.960 0.0000000000
110440  -65.955  -24.806  -2.177 0.0000000000
110481  -61.062  -26.747  -6.905 0.0000000000
110615  -58.004  -31.135  -1.864 0.0000000000
110635  -64.023  -34.945  -5.736 0.0000000000
110653  -56.172  -13.331  -7.163 0.0000000000
110662  -62.958  -29.742  -2.278 0.0000000000
110664  -52.665  -25.238  -6.405 0.0000000000
110751  -63.156  -40.710  -4.261 0.0000000000
110818  -52.981  -20.071  -9.756 0.0000000000
110897  -53.724  -46.741  -3.495 0.0000000000
110989  -46.815  -0.488  -14.821 0.0000000000
111023  -50.573  -49.162  -6.717 0.0000000000
111137  -58.200  -33.308  -6.078 0.0000000000
111274  -53.516  -19.434  -9.883 0.0000000000
111281  -49.899  -57.209  0.115 0.0000000000
111328  -67.075  -26.860  -2.258 0.0000000000
111595  -65.074  -28.402  -1.836 0.0000000000
111652  -48.029  -1.148  -12.467 0.0000000000
111685  -63.051  -33.616  -5.895 0.0000000000
111742  -50.994  -7.735  -13.480 0.0000000000
111796  -56.996  -13.539  -7.344 0.0000000000
111850  -54.411  -25.528  -11.930 0.0000000000
111884  -58.015  -27.762  -11.237 0.0000000000
111964  -62.378  -34.015  -6.097 0.0000000000
111998  -51.729  -53.142  1.457 0.0000000000
112035  -50.184  -1.357  -13.803 0.0000000000
112042  -62.380  -29.024  -2.397 0.0000000000
112082  -59.540  -15.093  -3.564 0.0000000000
112231  -52.197  -58.293  -15.936 0.0000000000
112248  -51.760  -53.569  -13.800 0.0000000000
112280  -54.192  -54.305  -11.698 0.0000000000
112309  -60.147  -42.021  -3.506 0.0000000000
112352  -48.104  -13.463  -10.662 0.0000000000
112381  -65.295  -32.833  -3.021 0.0000000000
112396  -66.622  -25.642  -3.370 0.0000000000
112417  -54.545  -21.690  -7.896 0.0000000000
112428  -55.170  -24.625  -12.168 0.0000000000
112455  -53.986  -27.857  -7.906 0.0000000000
112480  -65.391  -32.921  -3.731 0.0000000000
112511  -56.467  -33.026  -1.543 0.0000000000
112597  -56.124  -36.092  -1.662 0.0000000000
112602  -49.343  -51.781  0.070 0.0000000000
112631  -52.727  -54.375  -3.134 0.0000000000
112690  -53.581  -28.469  -6.348 0.0000000000
112764  -51.032  -49.958  -9.667 0.0000000000
112836  -50.239  -48.075  -4.788 0.0000000000
112853  -61.901  -29.725  -2.391 0.0000000000
112854  -60.775  -29.667  -2.427 0.0000000000
112868  -53.433  -12.678  -5.908 0.0000000000
112904  -48.941  -22.017  -9.725 0.0000000000
112922  -60.372  -15.504  -2.212 0.0000000000
112937  -62.407  -23.732  -7.213 0.0000000000
113018  -64.738  -28.953  -4.469 0.0000000000
113042  -54.063  -47.834  -13.042 0.0000000000
113065  -52.518  -10.928  -11.953 0.0000000000
113067  -50.979  -50.577  -11.015 0.0000000000
113074  -59.035  -30.139  -5.054 0.0000000000
113079  -66.795  -25.019  -2.155 0.0000000000
113104  -56.776  -43.988  -7.717 0.0000000000
113172  -51.160  -58.225  -0.241 0.0000000000
113193  -50.466  -47.933  -13.230 0.0000000000
113233  -55.442  -23.980  -9.578 0.0000000000
113287  -63.693  -28.877  -4.403 0.0000000000
113418  -55.408  -30.706  -5.548 0.0000000000
113431  -59.232  -33.139  -2.408 0.0000000000
113575  -55.679  -22.350  -12.199 0.0000000000
113598  -50.099  -61.238  -13.367 0.0000000000
113613  -57.236  -28.480  -8.784 0.0000000000
113697  -63.667  -37.095  -3.429 0.0000000000
113780  -54.777  -42.785  -1.656 0.0000000000
113831  -65.332  -29.003  -4.295 0.0000000000
113860  -43.111  1.343  -17.525 0.0000000000
113875  -48.538  -49.918  -0.699 0.0000000000
113964  -47.615  -0.556  -14.877 0.0000000000
114030  -48.045  -12.988  -10.121 0.0000000000
114076  -50.398  -22.405  -7.269 0.0000000000
114116  -65.205  -26.274  -2.193 0.0000000000
114121  -53.925  -16.680  -8.691 0.0000000000
114249  -66.051  -28.188  -1.581 0.0000000000
114286  -44.919  0.054  -15.811 0.0000000000
114290  -60.104  -44.016  -5.014 0.0000000000
114425  -56.101  -29.107  -11.351 0.0000000000
114467  -56.540  -34.557  -1.734 0.0000000000
114517  -54.301  -31.410  -5.462 0.0000000000
114565  -62.166  -29.124  -4.434 0.0000000000
114575  -53.292  -47.107  -12.569 0.0000000000
114589  -55.909  -24.716  -10.184 0.0000000000
114844  -53.391  -28.074  -5.577 0.0000000000
114851  -49.852  -1.088  -12.357 0.0000000000
114908  -50.653  -51.091  -15.552 0.0000000000
114949  -50.055  -50.355  1.549 0.0000000000
115093  -60.512  -13.679  -1.546 0.0000000000
115101  -63.497  -23.620  -5.926 0.0000000000
115105  -60.680  -26.432  -8.437 0.0000000000
115132  -49.386  -14.541  -8.410 0.0000000000
115167  -56.075  -42.447  -2.039 0.0000000000
115271  -54.175  -30.816  -7.079 0.0000000000
115325  -65.454  -30.927  -1.903 0.0000000000
115376  -53.032  -29.025  -4.953 0.0000000000
115393  -56.638  -47.245  -6.047 0.0000000000
115409  -53.178  -53.370  -4.392 0.0000000000
115416  -64.867  -32.451  -4.925 0.0000000000
115528  -49.995  -47.315  -1.986 0.0000000000
115553  -66.633  -27.386  -1.724 0.0000000000
115638  -58.486  -32.996  -2.252 0.0000000000
115715  -64.612  -35.782  -5.394 0.0000000000
115779  -62.312  -12.710  -3.005 0.0000000000
115836  -43.030  -1.871  -18.220 0.0000000000
115894  -61.420  -29.225  -4.527 0.0000000000
115959  -51.121  -53.408  -16.436 0.0000000000
115983  -50.242  -55.696  -16.325 0.0000000000
115988  -60.270  -26.970  -8.361 0.0000000000
116095  -52.203  -24.584  -6.207 0.0000000000
116243  -52.756  -17.256  -8.634 0.0000000000
116308  -58.904  -27.784  -10.435 0.0000000000
116316  -59.851  -33.523  -6.428 0.0000000000
116339  -61.277  -14.792  -2.776 0.0000000000
116395  -40.942  -1.386  -13.873 0.0000000000
116419  -61.351  -28.873  -2.471 0.0000000000
116453  -57.022  -21.731  -12.112 0.0000000000
116490  -42.877  -2.962  -15.492 0.0000000000
116507  -64.225  -36.369  -3.437 0.0000000000
116550  -51.458  -13.224  -10.126 0.0000000000
116646  -58.861  -33.469  -6.495 0.0000000000
116688  -56.384  -23.218  -12.241 0.0000000000
116702  -60.776  -38.684  -2.942 0.0000000000
116723  -55.776  -46.199  -3.575 0.0000000000
116759  -58.080  -25.470  -4.876 0.0000000000
116772  -44.247  0.457  -18.211 0.0000000000
116782  -57.562  -25.633  -3.824 0.0000000000
116788  -47.596  -64.888  -15.290 0.0000000000
116813  -54.667  -22.296  -5.674 0.0000000000
116818  -60.636  -44.417  -8.683 0.0000000000
116907  -55.596  -44.309  -7.859 0.0000000000
116928  -67.014  -26.686  -1.742 0.0000000000
116936  -50.072  -47.860  -4.170 0.0000000000
116957  -49.495  -49.981  -4.052 0.0000000000
116972  -60.023  -33.284  -2.495 0.0000000000
116976  -51.513  -60.676  -16.275 0.0000000000
117118  -63.265  -29.121  -2.276 0.0000000000
117268  -48.980  -61.903  -16.924 0.0000000000
117296  -57.193  -24.557  -8.290 0.0000000000
117394  -59.285  -29.581  -2.183 0.0000000000
117434  -54.930  -41.604  -1.271 0.0000000000
117492  -49.760  -49.616  1.360 0.0000000000
117522  -52.242  -7.471  -13.839 0.0000000000
117556  -47.195  -8.448  -11.847 0.0000000000
117601  -57.906  -38.249  -2.235 0.0000000000
117638  -47.911  -5.358  -12.909 0.0000000000
117777  -61.784  -27.231  -5.390 0.0000000000
117806  -55.381  -34.738  -1.315 0.0000000000
117823  -66.436  -27.892  -3.295 0.0000000000
117834  -52.682  -25.570  -5.599 0.0000000000
117836  -51.613  -52.141  -3.694 0.0000000000
117893  -46.344  -1.252  -11.949 0.0000000000
117898  -58.143  -25.206  -2.847 0.0000000000
117909  -56.999  -31.290  -1.540 0.0000000000
117971  -64.597  -33.194  -2.764 0.0000000000
117983  -51.241  -13.622  -10.657 0.0000000000
118201  -58.684  -35.885  -6.199 0.0000000000
118217  -56.328  -24.628  -8.592 0.0000000000
118269  -54.106  -47.143  -6.219 0.0000000000
118294  -64.494  -27.084  -4.512 0.0000000000
118307  -56.853  -48.024  -11.873 0.0000000000
118330  -50.206  -59.026  -12.408 0.0000000000
118386  -51.047  -12.413  -11.693 0.0000000000
118414  -51.653  -59.248  -14.982 0.0000000000
118533  -44.895  -0.674  -13.853 0.0000000000
118589  -56.999  -42.834  -6.466 0.0000000000
118663  -49.773  -51.881  1.159 0.0000000000
118694  -53.711  -46.809  -4.375 0.0000000000
118921  -47.535  -1.519  -9.729 0.0000000000
119130  -55.363  -47.872  -12.775 0.0000000000
119139  -39.215  -0.229  -11.512 0.0000000000
119187  -56.434  -13.922  -8.236 0.0000000000
119196  -40.711  -1.264  -12.610 0.0000000000
119204  -44.557  -0.725  -12.967 0.0000000000
119270  -63.931  -40.496  -6.596 0.0000000000
119346  -53.430  -15.860  -8.107 0.0000000000
119493  -56.156  -38.432  -1.574 0.0000000000
119498  -59.671  -24.175  -6.767 0.0000000000
119608  -47.630  -11.416  -11.066 0.0000000000
119612  -62.429  -36.624  -5.391 0.0000000000
119618  -58.624  -34.013  -7.223 0.0000000000
119659  -49.396  -18.872  -10.361 0.0000000000
119666  -46.857  -2.159  -17.237 0.0000000000
119740  -59.274  -11.888  -3.305 0.0000000000
119747  -55.248  -38.015  -1.254 0.0000000000
119765  -60.590  -30.449  -2.394 0.0000000000
119790  -42.766  1.609  -18.803 0.0000000000
119807  -43.724  -3.666  -14.394 0.0000000000
119846  -63.337  -29.779  -4.503 0.0000000000
120061  -52.868  -39.200  -10.307 0.0000000000
120062  -54.750  -30.411  -8.052 0.0000000000
120064  -52.190  -46.799  -1.597 0.0000000000
120072  -43.764  -0.215  -14.220 0.0000000000
120113  -48.592  -49.461  -0.033 0.0000000000
120128  -60.784  -35.676  -2.860 0.0000000000
120195  -49.979  -1.347  -14.641 0.0000000000
120229  -49.874  -56.500  -16.135 0.0000000000
120269  -42.974  -2.476  -17.531 0.0000000000
120408  -65.041  -39.105  -4.927 0.0000000000
120425  -56.108  -19.011  -11.845 0.0000000000
120474  -58.639  -15.670  -9.884 0.0000000000
120483  -49.347  -15.043  -8.748 0.0000000000
120521  -57.763  -19.189  -11.557 0.0000000000
120570  -57.485  -37.599  -2.144 0.0000000000
120633  -63.242  -31.331  -5.000 0.0000000000
120694  -49.689  -50.018  -15.141 0.0000000000
120756  -46.906  -7.467  -11.979 0.0000000000
120757  -56.626  -14.168  -6.056 0.0000000000
120823  -51.410  -54.176  -0.165 0.0000000000
120824  -57.758  -17.308  -8.235 0.0000000000
120891  -65.313  -32.100  -4.163 0.0000000000
120957  -58.773  -45.140  -5.021 0.0000000000
120968  -61.510  -39.124  -3.219 0.0000000000
121066  -67.040  -25.398  -1.965 0.0000000000
121212  -54.746  -20.478  -8.187 0.0000000000
121273  -53.065  -16.586  -8.322 0.0000000000
121374  -52.914  -57.544  -13.425 0.0000000000
121391  -58.849  -15.654  -1.557 0.0000000000
121412  -63.224  -34.568  -5.918 0.0000000000
121429  -51.359  -23.172  -5.261 0.0000000000
121444  -56.455  -29.590  -5.686 0.0000000000
121467  -48.720  -15.461  -10.506 0.0000000000
121513  -57.301  -28.815  -9.826 0.0000000000
121621  -40.207  -0.830  -12.170 0.0000000000
121681  -57.133  -35.640  -2.059 0.0000000000
121734  -56.435  -26.147  -12.131 0.0000000000
121741  -50.385  -49.793  -6.787 0.0000000000
121749  -43.472  -3.070  -16.618 0.0000000000
121768  -50.734  -61.653  -14.103 0.0000000000
121795  -42.944  -2.933  -16.101 0.0000000000
121822  -55.112  -37.290  -1.220 0.0000000000
121839  -50.092  -20.015  -7.483 0.0000000000
121855  -58.328  -32.369  -2.157 0.0000000000
121923  -61.973  -31.717  -2.411 0.0000000000
122007  -61.079  -37.425  -2.948 0.0000000000
122015  -53.805  -17.455  -9.081 0.0000000000
122054  -39.212  0.436  -14.643 0.0000000000
122083  -65.669  -28.850  -1.626 0.0000000000
122205  -60.761  -45.899  -7.873 0.0000000000
122208  -51.534  -12.315  -9.356 0.0000000000
122427  -49.132  -21.548  -8.630 0.0000000000
122445  -56.356  -25.464  -12.056 0.0000000000
122538  -53.242  -57.702  3.365 0.0000000000
122719  -45.801  -7.581  -11.000 0.0000000000
122861  -50.234  -63.005  -15.800 0.0000000000
122946  -61.284  -29.874  -4.560 0.0000000000
122969  -60.394  -32.651  -2.460 0.0000000000
122995  -62.880  -32.003  -5.311 0.0000000000
123001  -49.551  -50.580  1.344 0.0000000000
123092  -56.161  -23.843  -12.245 0.0000000000
123246  -65.211  -35.889  -3.750 0.0000000000
123300  -53.320  -52.870  -4.639 0.0000000000
123376  -48.329  -64.787  -14.859 0.0000000000
123403  -54.361  -28.032  -11.377 0.0000000000
123411  -48.605  -18.445  -9.812 0.0000000000
123415  -45.827  -64.904  -15.698 0.0000000000
123499  -60.651  -38.513  -5.550 0.0000000000
123578  -57.071  -26.985  -12.057 0.0000000000
123587  -47.631  -64.471  -12.801 0.0000000000
123655  -56.735  -28.760  -11.403 0.0000000000
123781  -66.459  -23.464  -3.852 0.0000000000
123802  -59.937  -34.102  -6.702 0.0000000000
123836  -61.338  -28.272  -2.490 0.0000000000
124008  -61.159  -23.716  -7.550 0.0000000000
124080  -51.407  -53.167  -1.445 0.0000000000
124082  -65.771  -26.963  -4.154 0.0000000000
124137  -50.335  -16.659  -10.467 0.0000000000
124176  -55.925  -41.941  -1.781 0.0000000000
124199  -50.301  -12.352  -11.711 0.0000000000
124231  -62.592  -29.673  -4.449 0.0000000000
124251  -48.523  -2.624  -16.408 0.0000000000
124311  -49.328  -55.352  -14.357 0.0000000000
124325  -61.498  -40.752  -7.261 0.0000000000
124418  -58.009  -29.068  -5.469 0.0000000000
