#!ascii label  , from subject sub-10 vox2ras=TkReg aparc.a2009s=G_occipital_middle
2271
517  -21.078  -86.278  15.833 0.0000000000
518  -22.141  -86.354  15.931 0.0000000000
655  -22.121  -86.577  -3.998 0.0000000000
660  -22.249  -86.719  -4.791 0.0000000000
726  -23.580  -85.649  16.111 0.0000000000
730  -21.016  -85.925  15.170 0.0000000000
731  -21.790  -86.173  15.232 0.0000000000
732  -22.581  -86.251  15.418 0.0000000000
733  -24.113  -85.503  15.371 0.0000000000
734  -24.589  -85.234  14.693 0.0000000000
740  -20.497  -85.471  14.817 0.0000000000
741  -23.139  -86.149  14.149 0.0000000000
742  -23.984  -85.837  14.477 0.0000000000
747  -22.285  -85.883  13.712 0.0000000000
748  -23.623  -85.974  13.445 0.0000000000
749  -24.485  -85.538  13.838 0.0000000000
754  -21.914  -85.370  12.909 0.0000000000
755  -23.573  -85.823  12.434 0.0000000000
756  -24.597  -85.462  12.342 0.0000000000
763  -23.128  -85.703  11.766 0.0000000000
764  -23.868  -85.687  11.650 0.0000000000
765  -24.557  -85.409  11.518 0.0000000000
776  -23.435  -85.546  11.059 0.0000000000
777  -24.118  -85.557  11.028 0.0000000000
892  -23.353  -85.813  -2.808 0.0000000000
900  -21.891  -86.176  -3.357 0.0000000000
901  -22.750  -86.218  -3.401 0.0000000000
902  -23.874  -85.514  -3.212 0.0000000000
909  -22.970  -86.330  -4.305 0.0000000000
916  -22.821  -86.404  -5.197 0.0000000000
917  -23.338  -85.839  -5.285 0.0000000000
920  -23.003  -86.169  -5.962 0.0000000000
921  -23.406  -85.440  -6.200 0.0000000000
978  -24.089  -84.587  15.880 0.0000000000
983  -24.023  -85.163  15.985 0.0000000000
984  -24.458  -84.917  15.407 0.0000000000
990  -19.916  -84.834  14.470 0.0000000000
991  -20.725  -85.118  14.285 0.0000000000
992  -24.776  -84.482  14.756 0.0000000000
1000  -20.371  -84.542  13.828 0.0000000000
1001  -21.302  -85.184  13.703 0.0000000000
1002  -24.919  -85.189  13.264 0.0000000000
1003  -25.281  -84.759  12.721 0.0000000000
1010  -20.943  -84.462  12.952 0.0000000000
1011  -21.676  -84.896  12.298 0.0000000000
1016  -21.886  -84.753  11.604 0.0000000000
1017  -22.467  -85.511  12.092 0.0000000000
1018  -25.220  -84.990  11.802 0.0000000000
1025  -22.098  -84.434  10.757 0.0000000000
1026  -22.961  -85.160  10.477 0.0000000000
1027  -23.918  -85.455  10.265 0.0000000000
1028  -25.560  -84.622  10.066 0.0000000000
1040  -23.251  -84.926  9.717 0.0000000000
1041  -24.132  -85.203  9.372 0.0000000000
1042  -25.068  -84.984  9.114 0.0000000000
1043  -25.690  -84.446  9.239 0.0000000000
1055  -24.333  -84.958  8.606 0.0000000000
1056  -25.013  -84.917  8.220 0.0000000000
1057  -25.559  -84.570  8.538 0.0000000000
1067  -24.496  -84.798  7.972 0.0000000000
1068  -25.005  -84.866  7.512 0.0000000000
1069  -25.523  -84.627  7.754 0.0000000000
1082  -25.570  -84.664  7.022 0.0000000000
1146  -22.665  -84.282  -1.508 0.0000000000
1147  -23.865  -84.693  -1.435 0.0000000000
1155  -22.074  -84.996  -2.162 0.0000000000
1156  -23.141  -85.350  -1.999 0.0000000000
1157  -23.941  -85.327  -2.254 0.0000000000
1158  -24.475  -84.685  -1.904 0.0000000000
1165  -21.516  -85.366  -2.891 0.0000000000
1166  -22.500  -85.788  -2.690 0.0000000000
1167  -24.320  -84.960  -2.791 0.0000000000
1173  -23.706  -85.542  -4.341 0.0000000000
1181  -23.733  -84.947  -5.566 0.0000000000
1185  -23.489  -84.623  -6.508 0.0000000000
1275  -24.031  -83.791  15.663 0.0000000000
1282  -24.559  -83.553  14.884 0.0000000000
1288  -19.749  -83.782  13.358 0.0000000000
1289  -25.149  -83.958  14.012 0.0000000000
1290  -25.448  -83.991  13.116 0.0000000000
1298  -18.847  -82.956  12.891 0.0000000000
1299  -20.177  -83.445  12.567 0.0000000000
1300  -21.105  -84.091  12.044 0.0000000000
1301  -25.565  -84.147  12.196 0.0000000000
1306  -20.556  -83.175  11.768 0.0000000000
1307  -21.338  -83.806  11.292 0.0000000000
1308  -25.609  -84.397  11.177 0.0000000000
1313  -21.962  -83.678  10.117 0.0000000000
1314  -22.559  -84.460  10.085 0.0000000000
1315  -25.840  -83.671  10.539 0.0000000000
1320  -21.885  -83.082  9.645 0.0000000000
1321  -22.569  -83.883  9.434 0.0000000000
1322  -23.455  -84.597  8.943 0.0000000000
1323  -25.992  -83.914  9.626 0.0000000000
1331  -22.920  -83.594  8.622 0.0000000000
1332  -23.751  -84.348  8.201 0.0000000000
1333  -25.996  -84.053  8.838 0.0000000000
1334  -26.289  -83.755  7.708 0.0000000000
1341  -24.195  -84.333  7.384 0.0000000000
1342  -24.979  -84.738  6.889 0.0000000000
1343  -26.117  -84.339  7.324 0.0000000000
1344  -26.543  -83.949  6.889 0.0000000000
1353  -24.404  -84.082  6.525 0.0000000000
1354  -25.458  -84.542  6.208 0.0000000000
1355  -26.175  -84.395  6.477 0.0000000000
1356  -26.737  -84.021  5.985 0.0000000000
1364  -24.694  -83.507  4.966 0.0000000000
1365  -26.197  -84.283  5.458 0.0000000000
1372  -25.581  -83.931  4.685 0.0000000000
1373  -26.427  -83.926  4.525 0.0000000000
1383  -25.782  -83.560  3.963 0.0000000000
1384  -26.521  -83.605  3.899 0.0000000000
1428  -23.450  -83.998  -1.008 0.0000000000
1429  -24.114  -84.078  -0.977 0.0000000000
1430  -24.546  -84.159  -1.347 0.0000000000
1431  -25.154  -83.595  -1.339 0.0000000000
1442  -21.627  -83.853  -2.119 0.0000000000
1443  -25.015  -84.043  -1.718 0.0000000000
1444  -25.620  -83.447  -1.752 0.0000000000
1450  -21.158  -84.344  -2.724 0.0000000000
1451  -24.812  -84.189  -2.648 0.0000000000
1452  -25.348  -83.698  -2.240 0.0000000000
1459  -23.964  -83.864  -4.318 0.0000000000
1467  -23.336  -83.754  -6.325 0.0000000000
1468  -23.646  -83.989  -5.382 0.0000000000
1558  -26.161  -83.040  23.241 0.0000000000
1559  -26.819  -82.714  23.087 0.0000000000
1560  -27.680  -82.423  23.023 0.0000000000
1566  -25.491  -83.143  23.235 0.0000000000
1567  -26.189  -82.966  22.814 0.0000000000
1568  -26.905  -82.602  22.684 0.0000000000
1573  -25.755  -82.779  22.283 0.0000000000
1574  -26.468  -82.545  22.055 0.0000000000
1624  -23.797  -82.897  15.335 0.0000000000
1634  -24.148  -82.477  14.646 0.0000000000
1638  -24.783  -82.392  13.564 0.0000000000
1639  -25.151  -83.156  13.399 0.0000000000
1646  -18.518  -82.382  12.284 0.0000000000
1647  -19.526  -82.622  12.201 0.0000000000
1648  -25.006  -82.237  12.894 0.0000000000
1649  -25.432  -83.234  12.593 0.0000000000
1654  -18.931  -81.977  11.813 0.0000000000
1655  -20.056  -82.360  11.479 0.0000000000
1656  -20.907  -82.935  11.019 0.0000000000
1657  -25.322  -82.458  12.149 0.0000000000
1658  -25.626  -83.258  11.570 0.0000000000
1660  -20.517  -82.138  10.711 0.0000000000
1661  -21.320  -82.767  10.223 0.0000000000
1662  -25.831  -82.889  9.933 0.0000000000
1666  -21.524  -82.339  9.471 0.0000000000
1667  -22.176  -82.884  9.039 0.0000000000
1668  -26.023  -83.341  9.046 0.0000000000
1673  -21.799  -82.016  8.759 0.0000000000
1674  -22.494  -82.605  8.295 0.0000000000
1675  -23.259  -83.385  7.832 0.0000000000
1676  -26.133  -82.954  8.255 0.0000000000
1685  -22.815  -82.366  7.439 0.0000000000
1686  -23.591  -83.271  7.010 0.0000000000
1687  -26.074  -82.076  7.557 0.0000000000
1693  -23.800  -83.126  6.222 0.0000000000
1694  -24.544  -83.810  5.741 0.0000000000
1695  -26.785  -83.341  6.457 0.0000000000
1702  -23.945  -82.897  5.441 0.0000000000
1703  -26.946  -83.927  5.054 0.0000000000
1704  -27.529  -83.172  4.667 0.0000000000
1712  -24.136  -82.619  4.639 0.0000000000
1713  -24.914  -83.177  4.219 0.0000000000
1714  -27.102  -83.599  4.252 0.0000000000
1715  -27.777  -83.048  3.885 0.0000000000
1725  -25.187  -82.752  3.598 0.0000000000
1726  -26.099  -83.094  3.486 0.0000000000
1727  -27.030  -83.250  3.589 0.0000000000
1764  -22.002  -82.373  -1.636 0.0000000000
1765  -22.741  -83.131  -1.165 0.0000000000
1766  -23.725  -83.246  -0.866 0.0000000000
1767  -24.614  -83.598  -1.005 0.0000000000
1768  -25.866  -83.097  -1.440 0.0000000000
1769  -26.913  -82.150  -1.578 0.0000000000
1778  -21.298  -82.701  -2.328 0.0000000000
1779  -21.998  -83.249  -1.696 0.0000000000
1780  -26.371  -83.021  -1.895 0.0000000000
1781  -26.988  -82.580  -1.918 0.0000000000
1787  -20.978  -83.432  -2.723 0.0000000000
1788  -24.271  -83.297  -3.721 0.0000000000
1789  -25.092  -83.244  -3.107 0.0000000000
1790  -25.901  -83.048  -2.585 0.0000000000
1791  -26.734  -82.614  -2.596 0.0000000000
1792  -27.450  -82.242  -2.554 0.0000000000
1801  -23.691  -82.419  -4.433 0.0000000000
1802  -24.498  -82.383  -3.841 0.0000000000
1811  -23.041  -83.002  -5.668 0.0000000000
1812  -23.400  -83.078  -4.847 0.0000000000
1822  -22.867  -82.912  -6.532 0.0000000000
1912  -23.603  -82.748  26.339 0.0000000000
1917  -23.583  -82.933  25.614 0.0000000000
1918  -23.828  -83.106  25.895 0.0000000000
1919  -24.292  -83.138  25.458 0.0000000000
1926  -23.942  -83.283  25.197 0.0000000000
1927  -24.684  -83.219  24.758 0.0000000000
1932  -24.344  -83.216  24.456 0.0000000000
1933  -25.051  -83.338  23.990 0.0000000000
1934  -25.899  -83.089  23.703 0.0000000000
1935  -26.735  -82.546  23.480 0.0000000000
1936  -28.449  -81.900  23.268 0.0000000000
1937  -29.520  -81.634  23.117 0.0000000000
1938  -30.252  -81.465  22.960 0.0000000000
1943  -24.776  -83.166  23.568 0.0000000000
1944  -25.195  -82.763  22.695 0.0000000000
1945  -27.527  -82.065  22.090 0.0000000000
1946  -28.675  -82.026  22.741 0.0000000000
1947  -29.644  -81.719  22.439 0.0000000000
1948  -30.492  -81.476  22.410 0.0000000000
1949  -31.108  -81.205  22.501 0.0000000000
1955  -25.605  -82.090  21.635 0.0000000000
1956  -26.108  -82.352  21.300 0.0000000000
1957  -26.894  -82.218  21.151 0.0000000000
1958  -28.748  -81.858  21.611 0.0000000000
1959  -29.893  -81.633  21.633 0.0000000000
1965  -26.196  -81.755  20.656 0.0000000000
1966  -26.715  -81.563  19.991 0.0000000000
1967  -27.312  -81.883  20.330 0.0000000000
1968  -28.273  -81.783  20.594 0.0000000000
1969  -29.267  -81.677  20.851 0.0000000000
1974  -27.254  -81.349  19.589 0.0000000000
1975  -27.862  -81.592  19.958 0.0000000000
2017  -24.377  -82.008  13.983 0.0000000000
2021  -23.939  -81.174  13.721 0.0000000000
2022  -24.520  -81.654  13.360 0.0000000000
2024  -24.642  -81.326  12.814 0.0000000000
2029  -19.506  -81.643  11.125 0.0000000000
2030  -24.985  -81.477  12.133 0.0000000000
2031  -25.359  -82.136  11.449 0.0000000000
2035  -18.831  -80.975  10.633 0.0000000000
2036  -20.051  -81.353  10.397 0.0000000000
2037  -20.869  -81.866  9.950 0.0000000000
2038  -25.103  -81.337  11.336 0.0000000000
2039  -25.343  -81.741  10.675 0.0000000000
2043  -20.444  -81.115  9.646 0.0000000000
2044  -21.126  -81.561  9.210 0.0000000000
2045  -25.756  -82.338  9.160 0.0000000000
2051  -21.388  -81.231  8.491 0.0000000000
2052  -22.089  -81.669  7.946 0.0000000000
2053  -25.709  -81.713  8.422 0.0000000000
2061  -22.715  -81.744  6.740 0.0000000000
2062  -23.242  -82.516  6.690 0.0000000000
2063  -26.529  -82.357  6.742 0.0000000000
2069  -22.888  -81.485  5.809 0.0000000000
2070  -23.329  -82.279  6.008 0.0000000000
2071  -26.060  -81.225  6.859 0.0000000000
2072  -26.637  -81.597  6.114 0.0000000000
2078  -23.485  -82.051  5.181 0.0000000000
2079  -27.293  -82.252  5.428 0.0000000000
2086  -23.657  -81.780  4.348 0.0000000000
2087  -24.345  -82.274  3.882 0.0000000000
2088  -28.324  -82.451  4.124 0.0000000000
2089  -29.047  -81.858  3.685 0.0000000000
2090  -29.597  -81.497  3.410 0.0000000000
2098  -23.738  -81.345  3.537 0.0000000000
2099  -24.610  -81.856  3.294 0.0000000000
2100  -25.528  -82.227  3.146 0.0000000000
2101  -26.540  -82.524  3.130 0.0000000000
2102  -28.461  -82.299  3.454 0.0000000000
2103  -29.120  -81.825  3.264 0.0000000000
2104  -29.526  -81.488  2.978 0.0000000000
2110  -24.905  -81.261  2.878 0.0000000000
2111  -26.008  -81.641  2.834 0.0000000000
2112  -26.912  -81.950  2.825 0.0000000000
2113  -28.682  -81.732  2.859 0.0000000000
2148  -22.227  -81.519  -1.519 0.0000000000
2149  -22.913  -81.739  -1.093 0.0000000000
2150  -23.688  -82.253  -0.932 0.0000000000
2151  -24.513  -82.039  -1.000 0.0000000000
2152  -26.078  -82.491  -1.334 0.0000000000
2153  -26.305  -81.644  -1.345 0.0000000000
2154  -27.660  -81.628  -1.792 0.0000000000
2155  -28.372  -81.123  -1.998 0.0000000000
2167  -28.123  -81.717  -2.374 0.0000000000
2168  -28.926  -81.138  -2.500 0.0000000000
2175  -25.365  -82.422  -3.460 0.0000000000
2176  -26.249  -82.295  -3.355 0.0000000000
2177  -27.074  -82.006  -3.390 0.0000000000
2178  -27.895  -81.784  -3.331 0.0000000000
2179  -28.698  -81.481  -3.182 0.0000000000
2180  -29.355  -81.102  -3.066 0.0000000000
2193  -24.866  -81.613  -3.982 0.0000000000
2194  -26.496  -81.486  -3.981 0.0000000000
2195  -27.409  -81.308  -4.198 0.0000000000
2196  -28.319  -81.274  -4.066 0.0000000000
2206  -22.577  -82.155  -5.992 0.0000000000
2207  -23.046  -82.233  -5.205 0.0000000000
2352  -23.249  -82.256  26.003 0.0000000000
2353  -23.823  -82.837  26.502 0.0000000000
2354  -24.474  -82.567  26.073 0.0000000000
2361  -23.690  -82.984  24.852 0.0000000000
2362  -25.064  -82.322  25.321 0.0000000000
2363  -25.470  -82.107  24.773 0.0000000000
2373  -24.100  -82.654  23.927 0.0000000000
2374  -25.623  -82.906  24.270 0.0000000000
2375  -26.515  -82.189  23.839 0.0000000000
2376  -28.415  -80.912  23.509 0.0000000000
2377  -29.377  -81.210  23.375 0.0000000000
2378  -30.388  -81.089  23.288 0.0000000000
2379  -31.338  -80.653  23.262 0.0000000000
2386  -24.681  -82.165  22.890 0.0000000000
2387  -30.942  -81.213  22.992 0.0000000000
2388  -31.564  -80.798  22.896 0.0000000000
2389  -32.077  -80.434  22.652 0.0000000000
2393  -25.185  -81.400  22.082 0.0000000000
2394  -30.048  -81.418  21.130 0.0000000000
2395  -30.750  -81.293  21.742 0.0000000000
2396  -31.481  -80.901  22.195 0.0000000000
2401  -25.842  -81.207  20.657 0.0000000000
2402  -26.410  -81.069  19.907 0.0000000000
2403  -28.614  -81.437  20.163 0.0000000000
2404  -29.571  -81.072  20.486 0.0000000000
2405  -30.552  -80.951  21.055 0.0000000000
2406  -31.193  -80.815  21.514 0.0000000000
2412  -26.843  -80.908  19.267 0.0000000000
2413  -27.133  -80.721  18.892 0.0000000000
2414  -27.881  -81.057  19.439 0.0000000000
2415  -28.742  -80.902  19.825 0.0000000000
2421  -26.882  -80.423  18.567 0.0000000000
2448  -31.858  -81.246  14.989 0.0000000000
2449  -32.482  -81.066  15.240 0.0000000000
2450  -33.107  -80.840  15.476 0.0000000000
2451  -33.605  -80.632  15.342 0.0000000000
2463  -30.872  -81.225  14.073 0.0000000000
2464  -31.461  -81.176  14.415 0.0000000000
2465  -32.164  -81.265  14.810 0.0000000000
2466  -33.014  -81.096  15.082 0.0000000000
2473  -24.205  -80.824  13.104 0.0000000000
2474  -30.870  -81.286  13.532 0.0000000000
2475  -31.785  -81.256  14.029 0.0000000000
2476  -32.580  -81.086  14.613 0.0000000000
2480  -30.352  -81.219  12.932 0.0000000000
2481  -30.564  -81.276  12.799 0.0000000000
2482  -31.148  -81.296  13.146 0.0000000000
2485  -24.763  -80.622  11.584 0.0000000000
2486  -29.947  -81.113  11.596 0.0000000000
2487  -30.106  -81.175  11.545 0.0000000000
2488  -30.554  -81.091  12.057 0.0000000000
2492  -18.773  -80.492  10.056 0.0000000000
2493  -19.601  -80.710  9.989 0.0000000000
2494  -25.024  -80.836  10.769 0.0000000000
2495  -30.056  -81.010  10.814 0.0000000000
2496  -30.464  -80.861  9.891 0.0000000000
2502  -19.176  -80.149  9.581 0.0000000000
2503  -20.031  -80.427  9.329 0.0000000000
2504  -20.743  -80.828  8.940 0.0000000000
2505  -24.991  -80.295  9.951 0.0000000000
2506  -25.231  -81.173  10.118 0.0000000000
2507  -30.102  -80.862  9.878 0.0000000000
2508  -30.608  -80.810  9.164 0.0000000000
2509  -30.946  -80.777  9.139 0.0000000000
2516  -20.343  -80.117  8.650 0.0000000000
2517  -20.997  -80.505  8.263 0.0000000000
2518  -25.065  -80.204  8.908 0.0000000000
2519  -25.375  -80.817  8.473 0.0000000000
2520  -30.726  -80.655  8.292 0.0000000000
2521  -31.043  -80.702  8.463 0.0000000000
2526  -21.572  -80.842  7.796 0.0000000000
2527  -22.103  -81.183  7.246 0.0000000000
2528  -25.589  -80.045  6.974 0.0000000000
2529  -31.113  -80.587  7.596 0.0000000000
2534  -21.654  -80.312  7.057 0.0000000000
2535  -22.286  -80.909  6.447 0.0000000000
2536  -26.218  -80.463  6.161 0.0000000000
2537  -31.219  -80.466  6.987 0.0000000000
2543  -22.480  -80.692  5.546 0.0000000000
2544  -23.075  -81.265  4.933 0.0000000000
2545  -26.575  -79.845  5.594 0.0000000000
2546  -27.497  -81.470  5.110 0.0000000000
2547  -31.562  -80.170  6.426 0.0000000000
2553  -22.628  -80.551  4.584 0.0000000000
2554  -23.195  -81.103  4.137 0.0000000000
2555  -28.094  -81.571  4.663 0.0000000000
2556  -28.938  -81.670  4.141 0.0000000000
2557  -30.186  -81.050  3.651 0.0000000000
2565  -22.899  -80.476  3.557 0.0000000000
2566  -23.478  -80.623  3.028 0.0000000000
2567  -24.128  -81.157  3.053 0.0000000000
2568  -30.017  -81.204  3.207 0.0000000000
2569  -30.545  -80.645  3.354 0.0000000000
2577  -24.074  -80.566  2.779 0.0000000000
2578  -25.624  -80.670  2.645 0.0000000000
2579  -26.716  -81.025  2.620 0.0000000000
2580  -28.062  -80.820  2.499 0.0000000000
2581  -29.123  -80.963  2.584 0.0000000000
2582  -29.940  -80.901  2.827 0.0000000000
2615  -22.655  -80.844  -1.392 0.0000000000
2616  -23.594  -81.156  -1.143 0.0000000000
2617  -24.630  -81.011  -1.191 0.0000000000
2618  -25.537  -80.835  -1.341 0.0000000000
2619  -26.399  -80.636  -1.538 0.0000000000
2620  -27.784  -80.945  -1.735 0.0000000000
2621  -29.032  -80.536  -2.246 0.0000000000
2628  -29.669  -80.571  -2.663 0.0000000000
2629  -30.267  -80.277  -2.949 0.0000000000
2641  -29.134  -81.058  -3.876 0.0000000000
2642  -29.901  -80.644  -3.522 0.0000000000
2643  -30.595  -80.134  -3.535 0.0000000000
2660  -24.034  -81.585  -4.391 0.0000000000
2661  -24.578  -80.886  -4.547 0.0000000000
2662  -25.686  -80.976  -4.362 0.0000000000
2663  -26.671  -80.810  -4.527 0.0000000000
2664  -27.958  -80.779  -4.700 0.0000000000
2665  -28.724  -80.738  -4.654 0.0000000000
2666  -29.585  -80.524  -4.579 0.0000000000
2667  -30.287  -80.331  -4.202 0.0000000000
2676  -22.849  -81.206  -5.527 0.0000000000
2677  -23.644  -80.896  -4.952 0.0000000000
2678  -24.259  -80.163  -5.025 0.0000000000
2679  -28.388  -80.262  -5.125 0.0000000000
2680  -29.059  -80.328  -5.177 0.0000000000
2848  -23.319  -81.158  25.378 0.0000000000
2849  -23.646  -81.512  24.496 0.0000000000
2850  -25.276  -81.277  25.596 0.0000000000
2851  -25.753  -80.370  24.807 0.0000000000
2860  -24.228  -81.018  23.481 0.0000000000
2861  -26.137  -81.297  24.254 0.0000000000
2862  -27.086  -80.625  23.647 0.0000000000
2863  -27.948  -79.619  23.392 0.0000000000
2864  -29.825  -80.504  23.434 0.0000000000
2865  -30.807  -80.277  23.446 0.0000000000
2866  -32.180  -80.162  23.204 0.0000000000
2879  -24.822  -80.521  22.583 0.0000000000
2880  -32.571  -79.967  22.990 0.0000000000
2888  -25.351  -80.184  21.793 0.0000000000
2889  -32.391  -80.008  22.311 0.0000000000
2896  -25.721  -80.251  20.934 0.0000000000
2897  -26.141  -80.379  20.066 0.0000000000
2898  -30.261  -80.213  20.524 0.0000000000
2899  -31.845  -80.401  21.676 0.0000000000
2900  -32.308  -79.778  21.523 0.0000000000
2907  -26.969  -80.214  18.118 0.0000000000
2908  -28.286  -80.374  19.211 0.0000000000
2909  -29.282  -80.205  19.897 0.0000000000
2910  -29.883  -79.292  20.066 0.0000000000
2915  -26.678  -79.922  18.077 0.0000000000
2916  -27.621  -79.998  18.325 0.0000000000
2921  -26.765  -79.609  17.650 0.0000000000
2932  -33.212  -79.718  16.590 0.0000000000
2933  -34.167  -80.022  16.383 0.0000000000
2943  -32.075  -80.796  15.364 0.0000000000
2944  -32.961  -80.549  15.885 0.0000000000
2945  -33.610  -80.434  15.888 0.0000000000
2946  -34.251  -80.204  15.654 0.0000000000
2947  -34.722  -79.750  15.146 0.0000000000
2959  -31.357  -80.889  14.701 0.0000000000
2960  -34.171  -80.228  14.903 0.0000000000
2973  -30.388  -80.984  13.433 0.0000000000
2974  -30.692  -80.662  14.097 0.0000000000
2975  -32.705  -80.643  13.956 0.0000000000
2976  -33.473  -80.540  14.538 0.0000000000
2977  -34.216  -79.830  14.260 0.0000000000
2984  -24.416  -79.740  11.762 0.0000000000
2985  -29.749  -80.770  12.009 0.0000000000
2986  -29.979  -80.924  12.714 0.0000000000
2987  -31.958  -80.652  13.288 0.0000000000
2990  -24.673  -79.992  10.925 0.0000000000
2991  -29.655  -80.611  11.236 0.0000000000
2992  -30.500  -80.859  10.915 0.0000000000
2993  -31.114  -80.543  11.583 0.0000000000
2998  -29.609  -80.460  10.405 0.0000000000
2999  -31.006  -80.632  9.878 0.0000000000
3006  -18.639  -79.699  9.129 0.0000000000
3007  -19.539  -79.786  8.971 0.0000000000
3009  -29.653  -80.342  9.713 0.0000000000
3010  -31.358  -80.233  9.157 0.0000000000
3021  -25.231  -80.100  7.997 0.0000000000
3022  -30.137  -80.614  9.144 0.0000000000
3023  -31.262  -80.512  8.571 0.0000000000
3033  -29.850  -79.458  7.463 0.0000000000
3034  -30.982  -80.646  7.357 0.0000000000
3035  -31.438  -80.312  7.799 0.0000000000
3042  -21.974  -80.083  6.162 0.0000000000
3043  -25.930  -79.456  6.126 0.0000000000
3044  -30.810  -80.206  5.875 0.0000000000
3045  -31.224  -80.407  6.554 0.0000000000
3046  -31.490  -80.271  7.036 0.0000000000
3057  -27.022  -79.305  5.248 0.0000000000
3058  -29.704  -80.143  4.699 0.0000000000
3059  -30.931  -80.458  4.844 0.0000000000
3060  -31.565  -80.179  5.580 0.0000000000
3061  -31.960  -79.974  5.772 0.0000000000
3066  -28.592  -79.791  4.751 0.0000000000
3067  -29.577  -81.005  4.210 0.0000000000
3068  -30.457  -80.772  4.225 0.0000000000
3069  -31.081  -80.568  4.059 0.0000000000
3070  -31.657  -80.045  4.298 0.0000000000
3078  -22.891  -80.078  2.939 0.0000000000
3079  -31.251  -80.059  3.620 0.0000000000
3087  -23.361  -79.958  2.682 0.0000000000
3088  -24.139  -79.790  2.567 0.0000000000
3089  -25.218  -79.643  2.527 0.0000000000
3090  -26.285  -79.984  2.493 0.0000000000
3091  -27.741  -79.883  2.396 0.0000000000
3092  -28.553  -80.020  2.406 0.0000000000
3093  -29.456  -80.125  2.519 0.0000000000
3094  -30.227  -80.065  2.752 0.0000000000
3122  -23.948  -80.171  -1.320 0.0000000000
3123  -25.665  -79.824  -1.619 0.0000000000
3124  -26.683  -79.620  -1.864 0.0000000000
3125  -27.678  -80.092  -1.858 0.0000000000
3126  -28.990  -79.808  -2.136 0.0000000000
3127  -29.668  -79.920  -2.334 0.0000000000
3139  -30.144  -79.985  -2.604 0.0000000000
3140  -30.639  -79.763  -2.904 0.0000000000
3151  -31.116  -79.585  -3.550 0.0000000000
3152  -31.472  -79.368  -4.215 0.0000000000
3163  -25.155  -80.362  -4.714 0.0000000000
3164  -26.008  -80.259  -4.737 0.0000000000
3165  -26.894  -80.223  -4.848 0.0000000000
3166  -27.654  -80.223  -4.986 0.0000000000
3167  -30.253  -80.179  -4.869 0.0000000000
3168  -30.936  -79.918  -4.403 0.0000000000
3169  -31.467  -79.388  -4.956 0.0000000000
3174  -23.257  -80.096  -5.546 0.0000000000
3175  -24.041  -79.335  -5.488 0.0000000000
3176  -26.292  -79.505  -5.009 0.0000000000
3177  -27.229  -79.553  -5.144 0.0000000000
3178  -28.062  -79.618  -5.343 0.0000000000
3179  -28.956  -79.641  -5.529 0.0000000000
3180  -29.715  -80.036  -5.354 0.0000000000
3193  -23.174  -79.154  -6.058 0.0000000000
3379  -25.621  -79.953  25.522 0.0000000000
3385  -23.577  -80.110  24.801 0.0000000000
3386  -23.786  -78.777  24.752 0.0000000000
3387  -26.090  -78.832  24.897 0.0000000000
3393  -24.359  -78.501  23.829 0.0000000000
3394  -24.935  -78.266  22.974 0.0000000000
3395  -26.920  -78.400  23.768 0.0000000000
3396  -27.721  -78.565  23.317 0.0000000000
3397  -28.645  -78.901  23.135 0.0000000000
3398  -29.867  -79.386  23.234 0.0000000000
3399  -31.171  -79.396  23.399 0.0000000000
3400  -32.326  -79.384  23.417 0.0000000000
3401  -33.098  -78.832  23.371 0.0000000000
3402  -33.460  -78.321  23.248 0.0000000000
3414  -24.577  -79.469  23.192 0.0000000000
3415  -25.201  -79.205  22.363 0.0000000000
3416  -29.207  -78.219  22.872 0.0000000000
3417  -30.330  -78.376  22.950 0.0000000000
3418  -31.523  -78.436  23.265 0.0000000000
3419  -32.793  -79.432  23.202 0.0000000000
3420  -33.320  -78.724  23.189 0.0000000000
3431  -25.748  -79.120  21.385 0.0000000000
3432  -26.109  -78.010  21.326 0.0000000000
3433  -32.896  -79.335  22.544 0.0000000000
3434  -33.468  -78.590  22.831 0.0000000000
3443  -26.049  -79.605  20.516 0.0000000000
3444  -26.237  -78.763  20.504 0.0000000000
3445  -31.052  -79.558  20.550 0.0000000000
3446  -32.047  -79.559  20.737 0.0000000000
3447  -32.623  -79.238  21.295 0.0000000000
3448  -33.051  -78.648  21.881 0.0000000000
3457  -26.356  -79.396  18.422 0.0000000000
3458  -28.780  -79.367  19.179 0.0000000000
3459  -29.612  -78.547  19.532 0.0000000000
3460  -30.619  -78.530  19.979 0.0000000000
3461  -31.894  -79.072  20.293 0.0000000000
3462  -32.487  -79.050  20.508 0.0000000000
3463  -32.860  -78.853  20.936 0.0000000000
3468  -26.410  -79.228  17.587 0.0000000000
3469  -27.092  -79.624  17.566 0.0000000000
3470  -27.930  -79.186  17.935 0.0000000000
3471  -28.948  -78.331  18.749 0.0000000000
3472  -33.642  -78.876  18.035 0.0000000000
3473  -34.060  -78.899  17.994 0.0000000000
3476  -27.250  -78.937  17.047 0.0000000000
3477  -33.924  -79.216  17.670 0.0000000000
3478  -34.382  -79.062  17.423 0.0000000000
3486  -33.381  -79.048  17.385 0.0000000000
3487  -33.919  -79.620  17.041 0.0000000000
3488  -34.498  -79.411  16.747 0.0000000000
3489  -34.959  -79.024  16.415 0.0000000000
3498  -31.701  -80.041  15.237 0.0000000000
3499  -34.807  -79.540  15.907 0.0000000000
3510  -31.132  -79.291  14.363 0.0000000000
3511  -31.906  -78.692  15.209 0.0000000000
3512  -34.789  -79.528  14.410 0.0000000000
3513  -35.262  -79.090  14.846 0.0000000000
3525  -30.319  -79.924  13.592 0.0000000000
3526  -32.697  -79.699  13.350 0.0000000000
3527  -33.627  -79.607  13.713 0.0000000000
3528  -34.684  -79.230  13.791 0.0000000000
3529  -35.308  -78.950  13.827 0.0000000000
3537  -29.642  -80.089  12.434 0.0000000000
3538  -29.932  -80.360  13.045 0.0000000000
3539  -31.373  -80.625  12.444 0.0000000000
3540  -32.262  -79.436  12.688 0.0000000000
3541  -35.265  -78.608  13.293 0.0000000000
3545  -29.411  -79.743  11.647 0.0000000000
3546  -31.702  -79.321  11.762 0.0000000000
3551  -29.229  -79.542  10.782 0.0000000000
3552  -31.474  -79.564  9.931 0.0000000000
3558  -29.041  -78.482  8.785 0.0000000000
3559  -29.164  -79.309  9.861 0.0000000000
3560  -31.598  -79.045  9.179 0.0000000000
3568  -29.491  -79.258  8.341 0.0000000000
3569  -31.564  -79.751  8.443 0.0000000000
3579  -31.668  -79.422  7.654 0.0000000000
3590  -29.080  -78.462  5.770 0.0000000000
3591  -29.939  -79.311  6.272 0.0000000000
3592  -31.773  -79.320  6.864 0.0000000000
3603  -27.625  -78.815  5.144 0.0000000000
3604  -28.647  -78.873  5.158 0.0000000000
3605  -29.888  -79.573  5.328 0.0000000000
3606  -31.997  -79.374  5.282 0.0000000000
3612  -31.861  -79.317  4.512 0.0000000000
3618  -30.998  -79.116  3.306 0.0000000000
3619  -31.543  -79.247  3.835 0.0000000000
3634  -27.343  -78.273  2.396 0.0000000000
3635  -29.421  -78.504  2.597 0.0000000000
3636  -30.278  -79.010  2.851 0.0000000000
3677  -27.584  -79.080  -2.113 0.0000000000
3678  -28.612  -78.832  -2.122 0.0000000000
3679  -29.586  -79.133  -2.171 0.0000000000
3680  -30.063  -78.403  -2.100 0.0000000000
3694  -30.301  -79.271  -2.424 0.0000000000
3695  -30.621  -78.392  -2.449 0.0000000000
3696  -31.224  -78.261  -3.099 0.0000000000
3703  -30.976  -79.076  -2.920 0.0000000000
3704  -31.511  -78.986  -3.667 0.0000000000
3709  -31.916  -78.825  -4.603 0.0000000000
3714  -23.920  -78.687  -5.973 0.0000000000
3715  -24.696  -78.671  -5.617 0.0000000000
3716  -25.683  -78.639  -5.357 0.0000000000
3717  -26.671  -78.615  -5.350 0.0000000000
3718  -27.626  -78.672  -5.497 0.0000000000
3719  -28.402  -78.821  -5.641 0.0000000000
3720  -30.549  -79.000  -6.020 0.0000000000
3721  -31.264  -79.094  -5.692 0.0000000000
3722  -31.853  -78.906  -5.350 0.0000000000
3734  -23.463  -78.390  -6.616 0.0000000000
3735  -24.383  -78.191  -6.285 0.0000000000
3736  -25.241  -78.019  -5.905 0.0000000000
3737  -29.917  -78.517  -6.286 0.0000000000
3738  -30.556  -78.490  -6.399 0.0000000000
3739  -31.115  -78.693  -6.239 0.0000000000
3740  -31.785  -78.653  -5.937 0.0000000000
3961  -26.687  -77.892  24.363 0.0000000000
3967  -24.190  -77.643  24.441 0.0000000000
3968  -24.682  -77.443  23.610 0.0000000000
3969  -27.114  -77.506  23.829 0.0000000000
3970  -27.558  -77.659  23.401 0.0000000000
3971  -28.285  -77.941  23.009 0.0000000000
3972  -32.470  -78.475  23.415 0.0000000000
3973  -33.026  -78.036  23.409 0.0000000000
3985  -25.259  -77.262  22.805 0.0000000000
3986  -28.095  -77.074  23.037 0.0000000000
3987  -28.723  -77.435  22.799 0.0000000000
3988  -29.527  -77.414  22.675 0.0000000000
3989  -30.641  -77.321  22.710 0.0000000000
3990  -31.983  -77.515  23.175 0.0000000000
3991  -32.975  -77.109  23.231 0.0000000000
3992  -33.793  -77.890  23.071 0.0000000000
3993  -34.218  -77.231  22.748 0.0000000000
4002  -25.843  -77.045  21.932 0.0000000000
4003  -26.328  -77.259  21.175 0.0000000000
4004  -33.631  -77.977  22.401 0.0000000000
4010  -26.434  -77.842  20.470 0.0000000000
4011  -33.264  -78.239  21.246 0.0000000000
4020  -26.348  -78.165  18.625 0.0000000000
4021  -29.887  -77.760  19.320 0.0000000000
4022  -30.739  -77.647  19.491 0.0000000000
4023  -31.689  -78.291  19.701 0.0000000000
4024  -32.831  -78.632  19.650 0.0000000000
4025  -33.107  -78.609  19.987 0.0000000000
4026  -33.730  -78.127  19.336 0.0000000000
4034  -26.187  -78.759  17.805 0.0000000000
4035  -28.239  -78.246  17.585 0.0000000000
4036  -29.297  -77.411  18.449 0.0000000000
4037  -30.332  -76.992  18.980 0.0000000000
4038  -32.316  -78.066  19.108 0.0000000000
4039  -33.192  -78.622  18.604 0.0000000000
4040  -33.591  -78.568  18.655 0.0000000000
4041  -34.126  -78.378  18.522 0.0000000000
4047  -26.146  -78.647  17.074 0.0000000000
4048  -26.562  -78.492  16.642 0.0000000000
4049  -27.444  -78.029  16.517 0.0000000000
4051  -32.936  -78.461  17.951 0.0000000000
4052  -34.452  -78.425  17.864 0.0000000000
4056  -26.007  -78.013  16.514 0.0000000000
4059  -32.712  -78.029  17.224 0.0000000000
4060  -34.835  -78.302  17.189 0.0000000000
4061  -35.114  -78.366  16.489 0.0000000000
4070  -35.263  -78.711  15.764 0.0000000000
4081  -35.714  -78.453  14.039 0.0000000000
4082  -35.983  -77.631  14.330 0.0000000000
4092  -30.593  -78.558  13.413 0.0000000000
4094  -34.244  -78.614  13.342 0.0000000000
4095  -35.761  -78.409  13.222 0.0000000000
4096  -36.187  -77.914  13.398 0.0000000000
4107  -29.629  -78.796  12.124 0.0000000000
4108  -30.003  -79.267  12.872 0.0000000000
4109  -33.206  -77.284  12.552 0.0000000000
4110  -33.879  -77.559  12.991 0.0000000000
4111  -34.992  -78.150  12.849 0.0000000000
4112  -35.777  -78.170  12.709 0.0000000000
4113  -36.213  -78.016  12.592 0.0000000000
4117  -29.242  -78.353  11.227 0.0000000000
4118  -31.665  -78.777  10.768 0.0000000000
4119  -32.096  -78.123  11.445 0.0000000000
4120  -36.200  -77.880  12.034 0.0000000000
4129  -28.976  -78.348  10.334 0.0000000000
4130  -31.973  -77.609  10.798 0.0000000000
4139  -31.618  -77.844  9.299 0.0000000000
4144  -31.600  -78.463  8.404 0.0000000000
4152  -31.604  -78.378  7.453 0.0000000000
4165  -31.646  -78.371  6.585 0.0000000000
4175  -31.706  -78.343  5.726 0.0000000000
4181  -31.188  -77.566  4.153 0.0000000000
4182  -31.642  -78.210  4.800 0.0000000000
4187  -30.352  -77.509  3.297 0.0000000000
4188  -31.046  -78.154  3.614 0.0000000000
4189  -31.547  -78.484  4.115 0.0000000000
4205  -29.193  -77.571  2.723 0.0000000000
4206  -29.965  -77.973  2.891 0.0000000000
4207  -30.546  -78.315  3.177 0.0000000000
4259  -31.568  -77.570  -3.844 0.0000000000
4266  -32.291  -77.922  -4.682 0.0000000000
4267  -32.768  -77.662  -5.397 0.0000000000
4277  -26.131  -77.933  -5.758 0.0000000000
4278  -27.068  -77.881  -5.820 0.0000000000
4279  -28.131  -77.908  -5.996 0.0000000000
4280  -32.315  -78.304  -5.441 0.0000000000
4281  -32.823  -77.709  -5.886 0.0000000000
4290  -23.384  -78.062  -7.300 0.0000000000
4291  -24.132  -77.970  -7.053 0.0000000000
4292  -25.046  -77.797  -6.808 0.0000000000
4293  -26.428  -77.643  -6.418 0.0000000000
4294  -28.157  -77.485  -6.882 0.0000000000
4295  -30.074  -77.742  -6.830 0.0000000000
4296  -30.953  -78.146  -6.659 0.0000000000
4297  -32.202  -78.124  -6.194 0.0000000000
4307  -23.976  -77.852  -7.922 0.0000000000
4308  -24.713  -77.868  -7.575 0.0000000000
4309  -25.478  -77.815  -7.715 0.0000000000
4310  -26.485  -77.710  -7.610 0.0000000000
4311  -27.633  -77.617  -7.933 0.0000000000
4312  -28.576  -77.404  -7.609 0.0000000000
4313  -29.863  -77.040  -7.698 0.0000000000
4314  -30.700  -77.360  -7.152 0.0000000000
4315  -31.618  -77.680  -6.777 0.0000000000
4327  -24.422  -77.760  -8.744 0.0000000000
4328  -24.986  -77.906  -8.383 0.0000000000
4329  -25.897  -78.046  -8.673 0.0000000000
4330  -26.845  -78.162  -8.999 0.0000000000
4331  -28.321  -77.601  -8.536 0.0000000000
4342  -24.114  -77.513  -9.343 0.0000000000
4343  -25.273  -77.859  -9.418 0.0000000000
4344  -26.228  -78.132  -9.611 0.0000000000
4345  -27.018  -78.148  -10.088 0.0000000000
4346  -28.402  -77.804  -10.150 0.0000000000
4347  -29.055  -77.416  -9.714 0.0000000000
4358  -24.670  -77.303  -10.035 0.0000000000
4359  -25.683  -77.542  -10.203 0.0000000000
4360  -26.557  -77.500  -10.456 0.0000000000
4361  -27.413  -77.495  -10.715 0.0000000000
4362  -28.159  -77.413  -10.851 0.0000000000
4582  -24.495  -76.740  24.261 0.0000000000
4583  -24.971  -76.529  23.461 0.0000000000
4584  -27.089  -77.001  24.097 0.0000000000
4585  -27.515  -76.822  23.581 0.0000000000
4586  -28.120  -76.113  23.105 0.0000000000
4587  -33.597  -77.812  23.236 0.0000000000
4596  -25.459  -76.345  22.678 0.0000000000
4597  -28.753  -76.696  22.719 0.0000000000
4598  -29.614  -76.531  22.560 0.0000000000
4599  -30.407  -76.272  22.545 0.0000000000
4600  -31.933  -76.644  22.888 0.0000000000
4601  -33.947  -77.266  23.115 0.0000000000
4602  -34.626  -76.642  22.607 0.0000000000
4615  -33.872  -77.399  21.841 0.0000000000
4616  -34.659  -76.740  22.318 0.0000000000
4623  -33.536  -77.760  20.557 0.0000000000
4624  -34.160  -76.792  21.290 0.0000000000
4633  -31.303  -77.254  19.172 0.0000000000
4634  -33.952  -76.924  20.134 0.0000000000
4640  -26.065  -77.941  17.501 0.0000000000
4645  -32.436  -77.723  18.337 0.0000000000
4646  -34.217  -77.012  19.053 0.0000000000
4661  -34.582  -76.505  18.195 0.0000000000
4662  -34.871  -76.201  17.338 0.0000000000
4673  -34.733  -77.443  17.575 0.0000000000
4674  -35.138  -77.270  16.656 0.0000000000
4692  -36.430  -76.904  13.774 0.0000000000
4704  -36.664  -77.395  12.829 0.0000000000
4705  -37.287  -76.925  12.321 0.0000000000
4715  -33.833  -76.723  12.653 0.0000000000
4716  -34.515  -77.013  12.658 0.0000000000
4717  -35.548  -77.699  12.324 0.0000000000
4718  -36.755  -77.671  12.020 0.0000000000
4724  -32.591  -77.016  11.712 0.0000000000
4725  -33.404  -76.292  12.159 0.0000000000
4726  -35.891  -77.449  11.564 0.0000000000
4727  -36.630  -77.514  11.399 0.0000000000
4736  -31.788  -77.164  10.089 0.0000000000
4737  -32.280  -76.453  10.845 0.0000000000
4741  -38.403  -76.306  10.661 0.0000000000
4751  -31.608  -76.756  9.421 0.0000000000
4760  -31.395  -77.354  8.054 0.0000000000
4768  -30.963  -76.495  6.713 0.0000000000
4769  -31.330  -77.360  7.145 0.0000000000
4781  -31.007  -76.718  5.910 0.0000000000
4782  -31.344  -77.417  6.249 0.0000000000
4787  -30.885  -76.549  5.196 0.0000000000
4788  -31.324  -77.370  5.419 0.0000000000
4792  -30.710  -76.550  4.340 0.0000000000
4793  -31.181  -77.212  4.735 0.0000000000
4804  -29.967  -76.596  3.409 0.0000000000
4805  -30.291  -76.274  3.842 0.0000000000
4821  -29.763  -77.230  3.049 0.0000000000
4892  -31.904  -76.729  -4.422 0.0000000000
4893  -32.903  -77.042  -5.063 0.0000000000
4904  -33.233  -77.199  -5.677 0.0000000000
4905  -33.677  -76.683  -5.914 0.0000000000
4912  -32.495  -77.449  -6.488 0.0000000000
4913  -33.208  -77.137  -6.193 0.0000000000
4921  -30.493  -76.716  -7.916 0.0000000000
4922  -31.887  -76.905  -7.133 0.0000000000
4923  -32.660  -76.678  -6.826 0.0000000000
4929  -29.803  -76.840  -8.967 0.0000000000
4930  -30.928  -75.935  -9.186 0.0000000000
4931  -31.179  -76.337  -8.011 0.0000000000
4940  -28.837  -77.239  -10.662 0.0000000000
4941  -29.527  -76.864  -10.289 0.0000000000
4942  -30.269  -76.362  -9.832 0.0000000000
4951  -25.031  -76.833  -10.434 0.0000000000
4952  -25.786  -76.561  -10.555 0.0000000000
4953  -26.873  -76.625  -10.722 0.0000000000
4954  -27.875  -76.727  -11.090 0.0000000000
4955  -28.614  -76.608  -11.239 0.0000000000
4956  -29.219  -76.625  -11.111 0.0000000000
4957  -29.887  -76.205  -11.013 0.0000000000
5200  -25.216  -75.619  23.301 0.0000000000
5210  -29.358  -75.024  22.579 0.0000000000
5211  -30.204  -75.436  22.481 0.0000000000
5212  -33.485  -76.386  22.991 0.0000000000
5213  -33.963  -75.667  22.683 0.0000000000
5214  -34.950  -76.225  22.611 0.0000000000
5226  -35.468  -76.323  22.385 0.0000000000
5227  -36.357  -75.972  22.210 0.0000000000
5228  -37.070  -75.746  21.527 0.0000000000
5229  -37.473  -75.613  21.385 0.0000000000
5238  -35.292  -76.508  21.961 0.0000000000
5239  -36.720  -75.901  21.771 0.0000000000
5240  -36.644  -75.772  20.925 0.0000000000
5241  -37.502  -75.635  21.180 0.0000000000
5249  -34.461  -76.050  19.988 0.0000000000
5250  -35.185  -75.458  19.926 0.0000000000
5259  -34.602  -75.725  18.987 0.0000000000
5260  -35.215  -75.069  18.915 0.0000000000
5278  -34.895  -75.483  18.075 0.0000000000
5293  -35.302  -75.687  16.459 0.0000000000
5304  -35.747  -75.712  15.581 0.0000000000
5305  -36.221  -75.231  15.084 0.0000000000
5311  -35.997  -76.419  14.799 0.0000000000
5312  -36.598  -75.699  14.168 0.0000000000
5313  -37.315  -75.256  13.704 0.0000000000
5322  -36.969  -76.298  13.256 0.0000000000
5323  -37.711  -75.818  12.839 0.0000000000
5324  -38.799  -75.414  12.546 0.0000000000
5333  -34.157  -76.099  12.351 0.0000000000
5334  -38.088  -76.292  11.974 0.0000000000
5335  -39.140  -75.654  11.820 0.0000000000
5336  -40.205  -75.008  11.701 0.0000000000
5343  -33.002  -75.764  11.463 0.0000000000
5347  -39.317  -75.662  11.154 0.0000000000
5356  -31.937  -76.061  10.115 0.0000000000
5362  -39.127  -75.610  10.452 0.0000000000
5363  -39.918  -75.113  10.834 0.0000000000
5380  -39.764  -74.783  10.243 0.0000000000
5441  -35.924  -75.891  1.063 0.0000000000
5442  -36.348  -75.596  1.611 0.0000000000
5451  -35.836  -75.958  0.460 0.0000000000
5452  -36.204  -75.866  0.928 0.0000000000
5460  -35.774  -75.925  -0.105 0.0000000000
5461  -36.107  -75.924  0.171 0.0000000000
5505  -31.575  -75.572  -4.180 0.0000000000
5517  -32.280  -76.132  -4.658 0.0000000000
5518  -33.134  -76.097  -4.939 0.0000000000
5519  -33.857  -75.820  -5.146 0.0000000000
5520  -34.469  -75.385  -5.385 0.0000000000
5530  -33.537  -76.547  -5.463 0.0000000000
5531  -33.985  -76.035  -5.658 0.0000000000
5541  -33.366  -76.388  -6.471 0.0000000000
5542  -33.918  -75.995  -6.186 0.0000000000
5543  -34.295  -75.579  -5.920 0.0000000000
5552  -31.988  -76.097  -7.650 0.0000000000
5553  -32.718  -75.805  -7.282 0.0000000000
5554  -33.433  -75.507  -6.869 0.0000000000
5563  -31.511  -75.751  -8.527 0.0000000000
5564  -32.131  -75.258  -8.493 0.0000000000
5574  -26.652  -75.511  -10.420 0.0000000000
5575  -31.459  -74.922  -10.593 0.0000000000
5588  -27.451  -76.013  -10.872 0.0000000000
5589  -28.560  -75.854  -11.413 0.0000000000
5590  -29.276  -75.823  -11.658 0.0000000000
5591  -30.135  -75.360  -11.708 0.0000000000
5592  -30.951  -74.738  -11.516 0.0000000000
5603  -29.195  -75.168  -11.907 0.0000000000
5604  -29.674  -74.924  -12.101 0.0000000000
5605  -30.304  -74.454  -12.129 0.0000000000
5872  -28.994  -74.289  22.852 0.0000000000
5873  -29.754  -74.174  22.600 0.0000000000
5874  -30.589  -74.238  22.448 0.0000000000
5875  -31.537  -74.635  22.451 0.0000000000
5876  -32.624  -75.292  22.617 0.0000000000
5877  -33.831  -74.739  22.284 0.0000000000
5878  -34.806  -75.493  22.488 0.0000000000
5888  -34.505  -74.766  22.173 0.0000000000
5889  -35.447  -75.379  22.322 0.0000000000
5899  -35.941  -74.969  22.013 0.0000000000
5900  -36.816  -75.261  21.737 0.0000000000
5901  -37.499  -75.335  21.445 0.0000000000
5902  -37.901  -75.383  21.224 0.0000000000
5903  -38.545  -74.948  20.665 0.0000000000
5913  -37.100  -75.420  20.284 0.0000000000
5914  -38.172  -75.304  20.611 0.0000000000
5915  -39.282  -74.678  20.183 0.0000000000
5916  -39.787  -74.469  19.705 0.0000000000
5925  -37.464  -74.981  19.426 0.0000000000
5926  -38.645  -75.072  19.694 0.0000000000
5927  -39.323  -74.838  19.750 0.0000000000
5935  -35.565  -74.519  16.952 0.0000000000
5936  -37.681  -74.464  18.200 0.0000000000
5937  -39.057  -74.682  18.738 0.0000000000
5938  -40.016  -74.512  18.950 0.0000000000
5953  -35.809  -74.881  15.954 0.0000000000
5954  -36.565  -74.188  17.085 0.0000000000
5970  -36.516  -74.525  15.583 0.0000000000
5971  -38.056  -74.399  14.730 0.0000000000
5972  -39.432  -74.436  14.836 0.0000000000
5973  -40.872  -74.311  14.933 0.0000000000
5974  -41.605  -74.045  14.305 0.0000000000
5985  -37.806  -74.698  14.084 0.0000000000
5986  -38.886  -74.592  14.035 0.0000000000
5987  -40.594  -74.467  14.000 0.0000000000
5988  -41.595  -73.901  13.608 0.0000000000
5999  -38.263  -74.982  13.370 0.0000000000
6000  -39.629  -74.788  13.225 0.0000000000
6001  -40.908  -74.455  13.083 0.0000000000
6002  -41.483  -73.787  12.895 0.0000000000
6010  -40.019  -74.965  12.452 0.0000000000
6011  -40.931  -74.328  12.351 0.0000000000
6012  -41.129  -73.697  12.302 0.0000000000
6019  -40.444  -74.641  11.202 0.0000000000
6020  -40.717  -73.636  11.460 0.0000000000
6033  -40.406  -74.317  10.699 0.0000000000
6048  -39.430  -74.487  9.584 0.0000000000
6049  -40.199  -73.800  9.990 0.0000000000
6064  -38.896  -74.283  8.864 0.0000000000
6065  -39.780  -73.559  9.126 0.0000000000
6089  -37.645  -73.931  6.167 0.0000000000
6099  -37.699  -74.171  5.236 0.0000000000
6100  -38.424  -74.049  4.872 0.0000000000
6106  -37.006  -74.470  4.740 0.0000000000
6107  -37.809  -74.497  4.323 0.0000000000
6108  -38.673  -74.143  4.360 0.0000000000
6121  -36.729  -75.015  3.296 0.0000000000
6122  -37.491  -74.879  3.521 0.0000000000
6123  -38.386  -74.460  3.777 0.0000000000
6131  -36.567  -75.332  2.399 0.0000000000
6132  -37.106  -75.342  2.323 0.0000000000
6133  -37.978  -74.822  3.012 0.0000000000
6141  -36.935  -75.406  1.551 0.0000000000
6142  -37.989  -74.683  2.125 0.0000000000
6152  -36.709  -75.380  0.770 0.0000000000
6165  -35.459  -75.651  -0.562 0.0000000000
6178  -35.396  -75.475  -1.305 0.0000000000
6179  -35.551  -75.159  -2.032 0.0000000000
6188  -34.989  -75.203  -2.137 0.0000000000
6189  -35.159  -75.003  -2.885 0.0000000000
6200  -31.922  -74.598  -4.077 0.0000000000
6201  -33.004  -74.664  -4.299 0.0000000000
6202  -34.168  -74.854  -4.199 0.0000000000
6203  -34.836  -74.798  -3.599 0.0000000000
6204  -35.213  -74.702  -3.630 0.0000000000
6217  -32.443  -75.349  -4.525 0.0000000000
6218  -34.057  -75.294  -4.690 0.0000000000
6219  -34.857  -75.024  -4.828 0.0000000000
6220  -35.080  -74.780  -4.261 0.0000000000
6230  -34.925  -74.733  -5.378 0.0000000000
6231  -35.240  -74.451  -4.823 0.0000000000
6241  -34.069  -75.102  -6.455 0.0000000000
6242  -34.602  -75.004  -5.907 0.0000000000
6252  -32.818  -74.889  -7.806 0.0000000000
6253  -33.487  -74.570  -7.348 0.0000000000
6254  -33.956  -74.108  -6.938 0.0000000000
6265  -32.574  -74.388  -9.034 0.0000000000
6266  -33.080  -74.001  -8.406 0.0000000000
6275  -27.269  -74.974  -9.848 0.0000000000
6276  -28.090  -74.745  -9.813 0.0000000000
6277  -28.875  -74.197  -10.033 0.0000000000
6278  -32.025  -74.655  -9.899 0.0000000000
6279  -31.749  -74.004  -11.234 0.0000000000
6288  -28.127  -75.389  -10.859 0.0000000000
6289  -28.869  -74.983  -11.739 0.0000000000
6290  -29.292  -74.185  -11.608 0.0000000000
6291  -31.005  -73.835  -12.072 0.0000000000
6300  -29.504  -74.558  -12.080 0.0000000000
6301  -30.398  -73.775  -12.241 0.0000000000
6570  -29.493  -73.510  22.867 0.0000000000
6571  -30.366  -73.348  22.569 0.0000000000
6572  -31.304  -73.745  22.352 0.0000000000
6573  -32.925  -74.045  22.113 0.0000000000
6585  -32.729  -73.303  21.824 0.0000000000
6586  -33.615  -73.942  21.730 0.0000000000
6587  -34.695  -74.394  21.701 0.0000000000
6595  -33.931  -73.411  21.048 0.0000000000
6596  -36.111  -74.216  21.198 0.0000000000
6597  -37.186  -74.576  21.285 0.0000000000
6598  -37.975  -74.875  21.217 0.0000000000
6609  -35.285  -73.241  20.196 0.0000000000
6610  -36.422  -73.570  20.415 0.0000000000
6611  -37.518  -73.970  20.689 0.0000000000
6612  -38.372  -74.340  20.630 0.0000000000
6613  -39.125  -74.341  20.289 0.0000000000
6614  -39.891  -74.067  19.819 0.0000000000
6615  -40.909  -73.446  19.396 0.0000000000
6616  -41.617  -73.173  19.229 0.0000000000
6622  -40.528  -74.105  19.377 0.0000000000
6623  -41.376  -73.625  19.073 0.0000000000
6624  -42.065  -73.049  18.825 0.0000000000
6630  -37.431  -74.117  17.031 0.0000000000
6631  -38.431  -74.266  17.432 0.0000000000
6632  -39.576  -74.278  17.769 0.0000000000
6633  -40.927  -74.019  18.632 0.0000000000
6634  -41.728  -73.436  18.285 0.0000000000
6635  -42.495  -72.793  17.968 0.0000000000
6643  -36.920  -74.131  16.276 0.0000000000
6644  -37.910  -74.102  16.374 0.0000000000
6645  -39.087  -74.202  16.602 0.0000000000
6646  -41.735  -73.533  16.322 0.0000000000
6647  -42.303  -72.918  16.783 0.0000000000
6664  -38.559  -74.240  15.603 0.0000000000
6665  -39.891  -74.293  15.749 0.0000000000
6666  -41.839  -73.625  14.997 0.0000000000
6667  -42.254  -73.041  15.579 0.0000000000
6677  -41.975  -73.395  14.168 0.0000000000
6678  -42.222  -73.122  14.741 0.0000000000
6692  -40.966  -72.933  12.942 0.0000000000
6693  -41.652  -73.192  13.406 0.0000000000
6705  -40.898  -73.250  12.248 0.0000000000
6717  -40.470  -73.720  10.713 0.0000000000
6733  -39.992  -73.094  9.210 0.0000000000
6747  -39.458  -73.485  8.303 0.0000000000
6748  -40.019  -72.905  8.409 0.0000000000
6759  -39.041  -73.543  7.477 0.0000000000
6760  -40.056  -72.937  7.681 0.0000000000
6768  -38.756  -73.573  6.628 0.0000000000
6769  -39.933  -73.070  6.932 0.0000000000
6777  -38.766  -73.677  5.673 0.0000000000
6778  -40.010  -73.156  5.544 0.0000000000
6787  -39.294  -73.660  4.871 0.0000000000
6788  -40.102  -73.099  4.790 0.0000000000
6799  -39.402  -73.775  4.102 0.0000000000
6800  -40.138  -73.032  4.142 0.0000000000
6810  -38.931  -74.126  2.798 0.0000000000
6811  -39.621  -73.230  2.709 0.0000000000
6821  -37.561  -74.641  1.245 0.0000000000
6822  -38.963  -73.709  2.091 0.0000000000
6830  -36.599  -75.178  -0.000 0.0000000000
6831  -37.215  -73.918  0.089 0.0000000000
6832  -38.026  -73.645  0.822 0.0000000000
6842  -36.571  -74.503  -0.711 0.0000000000
6847  -36.110  -74.975  -1.507 0.0000000000
6857  -35.731  -74.648  -2.745 0.0000000000
6858  -36.110  -74.308  -2.235 0.0000000000
6867  -33.266  -74.082  -3.718 0.0000000000
6868  -34.259  -74.555  -3.546 0.0000000000
6869  -35.645  -74.413  -3.359 0.0000000000
6880  -35.527  -74.178  -4.151 0.0000000000
6891  -34.799  -74.263  -5.933 0.0000000000
6892  -35.159  -73.993  -5.408 0.0000000000
6904  -34.433  -73.671  -6.598 0.0000000000
6905  -34.863  -73.174  -6.116 0.0000000000
6918  -33.585  -73.607  -7.902 0.0000000000
6919  -34.055  -73.116  -7.475 0.0000000000
6939  -29.609  -73.687  -9.578 0.0000000000
6940  -30.318  -73.263  -9.178 0.0000000000
6941  -32.925  -73.626  -9.467 0.0000000000
6942  -33.439  -73.043  -9.180 0.0000000000
6943  -33.840  -72.769  -8.413 0.0000000000
6961  -29.508  -73.639  -10.765 0.0000000000
6962  -30.103  -73.132  -10.507 0.0000000000
6963  -32.490  -73.764  -10.307 0.0000000000
6964  -33.016  -72.920  -10.373 0.0000000000
6979  -30.112  -73.325  -11.726 0.0000000000
6980  -31.491  -73.200  -11.828 0.0000000000
6981  -32.326  -72.846  -11.326 0.0000000000
6982  -33.035  -72.176  -10.991 0.0000000000
6996  -29.902  -73.879  -12.225 0.0000000000
6997  -30.471  -73.360  -12.144 0.0000000000
6998  -30.955  -73.181  -12.128 0.0000000000
7298  -29.911  -72.752  22.943 0.0000000000
7299  -30.682  -72.432  22.686 0.0000000000
7300  -31.291  -72.892  22.373 0.0000000000
7301  -32.160  -72.492  22.080 0.0000000000
7307  -33.008  -72.718  21.465 0.0000000000
7311  -33.489  -72.487  20.819 0.0000000000
7312  -34.226  -72.746  20.270 0.0000000000
7321  -35.710  -72.679  19.453 0.0000000000
7322  -36.856  -72.968  19.599 0.0000000000
7323  -37.853  -73.498  20.150 0.0000000000
7324  -39.488  -73.514  19.813 0.0000000000
7325  -40.282  -73.328  19.592 0.0000000000
7330  -36.127  -72.153  18.743 0.0000000000
7331  -37.789  -72.777  19.402 0.0000000000
7332  -38.772  -72.679  19.351 0.0000000000
7333  -39.865  -72.608  19.395 0.0000000000
7334  -41.023  -72.713  19.426 0.0000000000
7335  -42.000  -72.662  19.180 0.0000000000
7340  -42.573  -72.459  18.652 0.0000000000
7347  -41.338  -72.117  15.998 0.0000000000
7348  -42.573  -72.392  17.318 0.0000000000
7357  -39.273  -72.096  15.269 0.0000000000
7358  -40.730  -72.335  15.372 0.0000000000
7359  -42.150  -72.869  15.314 0.0000000000
7372  -38.005  -72.225  14.260 0.0000000000
7373  -38.802  -72.293  14.708 0.0000000000
7374  -40.125  -72.509  14.637 0.0000000000
7375  -41.763  -72.867  14.336 0.0000000000
7391  -37.747  -72.419  13.414 0.0000000000
7397  -36.875  -72.041  11.998 0.0000000000
7398  -37.619  -72.490  12.437 0.0000000000
7399  -38.555  -72.739  12.805 0.0000000000
7400  -39.894  -72.927  12.465 0.0000000000
7406  -38.816  -72.843  11.863 0.0000000000
7407  -40.173  -73.121  11.491 0.0000000000
7415  -37.890  -72.135  10.242 0.0000000000
7416  -39.294  -72.700  10.651 0.0000000000
7417  -40.227  -73.243  10.678 0.0000000000
7435  -39.224  -72.386  9.526 0.0000000000
7436  -39.925  -72.829  9.223 0.0000000000
7449  -39.972  -72.663  8.455 0.0000000000
7459  -40.174  -72.462  7.814 0.0000000000
7469  -40.322  -72.495  6.324 0.0000000000
7481  -40.350  -72.441  5.469 0.0000000000
7490  -40.313  -72.488  4.737 0.0000000000
7509  -39.974  -72.344  2.491 0.0000000000
7515  -38.907  -73.172  1.400 0.0000000000
7516  -39.609  -72.832  1.952 0.0000000000
7525  -37.935  -72.793  0.112 0.0000000000
7526  -38.822  -72.590  0.684 0.0000000000
7527  -39.547  -72.341  1.236 0.0000000000
7541  -37.114  -73.063  -0.534 0.0000000000
7551  -36.549  -73.457  -1.435 0.0000000000
7552  -37.041  -72.301  -1.074 0.0000000000
7562  -36.051  -73.868  -2.979 0.0000000000
7563  -36.328  -73.023  -2.346 0.0000000000
7572  -35.878  -73.512  -3.661 0.0000000000
7573  -36.133  -72.682  -3.139 0.0000000000
7585  -35.690  -73.135  -4.386 0.0000000000
7596  -35.463  -72.685  -5.103 0.0000000000
7609  -34.517  -72.628  -7.115 0.0000000000
7610  -34.921  -71.962  -6.813 0.0000000000
7625  -31.064  -72.422  -7.715 0.0000000000
7626  -31.453  -71.897  -8.681 0.0000000000
7627  -34.366  -72.107  -8.294 0.0000000000
7628  -34.755  -71.780  -7.671 0.0000000000
7642  -30.948  -72.628  -8.894 0.0000000000
7643  -31.400  -71.997  -9.964 0.0000000000
7644  -33.960  -72.146  -9.342 0.0000000000
7655  -30.756  -72.557  -10.279 0.0000000000
7656  -31.414  -72.252  -11.306 0.0000000000
7657  -33.523  -72.233  -10.234 0.0000000000
7658  -33.872  -71.576  -10.082 0.0000000000
7672  -30.893  -72.823  -11.959 0.0000000000
7673  -31.622  -72.560  -11.620 0.0000000000
7674  -32.469  -72.072  -11.321 0.0000000000
7675  -33.053  -71.774  -10.938 0.0000000000
8061  -36.659  -71.620  18.251 0.0000000000
8062  -37.778  -71.922  18.497 0.0000000000
8063  -39.035  -71.822  18.661 0.0000000000
8064  -40.505  -71.755  18.994 0.0000000000
8065  -41.771  -72.119  19.280 0.0000000000
8066  -42.697  -72.040  18.942 0.0000000000
8072  -37.178  -71.080  17.823 0.0000000000
8073  -38.197  -71.111  17.932 0.0000000000
8074  -39.308  -71.017  18.179 0.0000000000
8075  -43.088  -71.913  18.229 0.0000000000
8081  -42.248  -72.065  16.668 0.0000000000
8082  -42.983  -71.663  17.496 0.0000000000
8091  -39.996  -71.734  15.770 0.0000000000
8102  -38.339  -71.913  14.911 0.0000000000
8116  -36.790  -71.419  13.162 0.0000000000
8117  -37.229  -71.862  13.683 0.0000000000
8123  -36.560  -71.330  12.456 0.0000000000
8124  -36.961  -72.062  12.920 0.0000000000
8131  -36.390  -71.248  11.571 0.0000000000
8138  -36.816  -71.523  10.188 0.0000000000
8139  -36.902  -71.858  11.016 0.0000000000
8153  -38.238  -71.918  9.453 0.0000000000
8154  -38.796  -71.900  8.880 0.0000000000
8155  -39.634  -72.322  8.664 0.0000000000
8163  -37.139  -71.122  8.521 0.0000000000
8164  -38.166  -71.506  8.387 0.0000000000
8165  -39.297  -71.817  8.221 0.0000000000
8166  -39.980  -72.172  7.973 0.0000000000
8174  -38.534  -71.442  7.669 0.0000000000
8175  -39.750  -71.781  7.518 0.0000000000
8176  -40.294  -72.061  7.349 0.0000000000
8186  -38.867  -71.412  6.703 0.0000000000
8187  -40.213  -71.869  6.807 0.0000000000
8188  -40.420  -72.016  6.150 0.0000000000
8201  -39.778  -71.688  5.904 0.0000000000
8202  -40.247  -71.960  5.283 0.0000000000
8212  -39.205  -71.391  4.799 0.0000000000
8213  -40.094  -71.929  4.447 0.0000000000
8223  -40.011  -71.909  3.666 0.0000000000
8232  -40.077  -71.803  2.838 0.0000000000
8233  -40.201  -71.550  2.061 0.0000000000
8242  -40.001  -71.991  1.703 0.0000000000
8243  -40.379  -71.185  1.298 0.0000000000
8259  -38.747  -71.930  -0.001 0.0000000000
8260  -39.581  -71.732  0.492 0.0000000000
8261  -40.255  -71.160  0.623 0.0000000000
8275  -37.887  -71.955  -0.619 0.0000000000
8276  -39.269  -70.849  -0.967 0.0000000000
8277  -39.442  -71.271  -0.266 0.0000000000
8284  -36.721  -72.094  -1.786 0.0000000000
8285  -37.469  -71.454  -1.402 0.0000000000
8286  -38.395  -71.092  -1.158 0.0000000000
8291  -36.474  -71.788  -2.627 0.0000000000
8292  -37.081  -71.073  -2.199 0.0000000000
8301  -35.919  -72.426  -3.903 0.0000000000
8314  -35.718  -72.006  -4.647 0.0000000000
8315  -36.078  -71.067  -4.927 0.0000000000
8330  -35.613  -71.556  -5.517 0.0000000000
8331  -36.318  -70.612  -6.008 0.0000000000
8343  -31.667  -70.821  -7.491 0.0000000000
8344  -35.582  -71.136  -6.708 0.0000000000
8359  -31.380  -71.557  -7.631 0.0000000000
8360  -34.970  -71.234  -8.577 0.0000000000
8361  -35.273  -71.195  -7.738 0.0000000000
8371  -31.835  -71.536  -9.578 0.0000000000
8372  -32.296  -71.255  -9.800 0.0000000000
8373  -34.489  -71.340  -9.386 0.0000000000
8374  -35.091  -70.523  -9.241 0.0000000000
8384  -32.066  -71.621  -10.699 0.0000000000
8385  -32.761  -71.315  -10.452 0.0000000000
8386  -33.536  -71.383  -10.335 0.0000000000
8387  -34.301  -70.945  -9.855 0.0000000000
8398  -32.616  -71.734  -11.044 0.0000000000
8399  -33.102  -71.475  -10.707 0.0000000000
8756  -40.530  -70.818  18.444 0.0000000000
8757  -41.997  -71.464  19.046 0.0000000000
8765  -37.567  -70.328  17.640 0.0000000000
8766  -38.551  -70.350  17.705 0.0000000000
8767  -39.478  -70.369  17.891 0.0000000000
8768  -41.946  -70.580  18.590 0.0000000000
8769  -43.823  -70.426  18.078 0.0000000000
8770  -43.991  -70.229  17.961 0.0000000000
8776  -40.910  -71.363  16.278 0.0000000000
8777  -42.637  -70.511  16.932 0.0000000000
8778  -43.650  -70.766  18.118 0.0000000000
8784  -38.969  -71.394  15.460 0.0000000000
8785  -39.823  -70.860  15.884 0.0000000000
8786  -40.952  -70.527  16.247 0.0000000000
8794  -37.570  -71.490  14.292 0.0000000000
8795  -38.235  -70.589  14.696 0.0000000000
8796  -39.192  -70.235  15.140 0.0000000000
8813  -36.549  -70.504  12.978 0.0000000000
8814  -36.986  -70.978  13.643 0.0000000000
8823  -36.045  -70.393  12.052 0.0000000000
8828  -35.546  -69.880  11.483 0.0000000000
8829  -35.846  -70.525  11.047 0.0000000000
8837  -35.335  -69.732  10.789 0.0000000000
8838  -36.105  -70.844  10.190 0.0000000000
8857  -35.689  -69.834  8.657 0.0000000000
8858  -36.292  -70.490  8.631 0.0000000000
8867  -36.389  -69.887  7.046 0.0000000000
8868  -37.578  -71.138  7.920 0.0000000000
8874  -36.992  -70.167  6.235 0.0000000000
8875  -37.505  -70.836  7.110 0.0000000000
8885  -37.588  -70.266  5.418 0.0000000000
8886  -38.494  -71.111  5.607 0.0000000000
8893  -37.933  -69.774  4.557 0.0000000000
8894  -38.609  -70.541  4.191 0.0000000000
8895  -39.388  -71.246  3.872 0.0000000000
8905  -39.023  -70.421  3.571 0.0000000000
8906  -39.713  -70.943  3.042 0.0000000000
8916  -40.170  -71.097  2.362 0.0000000000
8917  -40.515  -70.664  1.775 0.0000000000
8929  -40.819  -70.544  1.183 0.0000000000
8930  -41.276  -70.062  0.859 0.0000000000
8944  -40.764  -70.618  0.725 0.0000000000
8945  -41.218  -70.085  0.293 0.0000000000
8950  -40.072  -70.600  -0.650 0.0000000000
8951  -40.620  -70.549  0.018 0.0000000000
8952  -41.199  -69.934  -0.344 0.0000000000
8953  -38.022  -70.703  -1.928 0.0000000000
8954  -38.985  -70.512  -1.736 0.0000000000
8955  -39.841  -70.290  -1.543 0.0000000000
8956  -40.552  -69.985  -1.313 0.0000000000
8961  -36.821  -70.865  -3.134 0.0000000000
8962  -37.749  -70.480  -2.854 0.0000000000
8963  -38.738  -70.263  -2.595 0.0000000000
8964  -39.604  -70.041  -2.395 0.0000000000
8965  -40.509  -69.707  -2.284 0.0000000000
8979  -36.620  -70.769  -4.187 0.0000000000
8980  -37.555  -70.352  -3.850 0.0000000000
8981  -38.666  -70.009  -3.644 0.0000000000
8982  -39.376  -69.894  -3.130 0.0000000000
8994  -36.709  -70.518  -5.148 0.0000000000
8995  -37.429  -70.223  -4.855 0.0000000000
8996  -38.305  -69.916  -4.612 0.0000000000
9007  -37.304  -70.046  -5.938 0.0000000000
9008  -38.156  -69.765  -5.546 0.0000000000
9020  -35.862  -70.541  -7.926 0.0000000000
9021  -36.407  -70.348  -7.237 0.0000000000
9022  -37.135  -69.579  -7.690 0.0000000000
9035  -32.382  -70.499  -8.144 0.0000000000
9036  -36.454  -69.994  -8.109 0.0000000000
9037  -36.855  -69.224  -8.437 0.0000000000
9050  -31.977  -71.189  -8.645 0.0000000000
9051  -32.837  -70.747  -9.471 0.0000000000
9052  -33.782  -70.462  -9.656 0.0000000000
9053  -35.862  -70.081  -8.788 0.0000000000
9054  -36.271  -69.515  -8.703 0.0000000000
9063  -33.413  -71.044  -10.224 0.0000000000
9064  -34.092  -70.783  -9.951 0.0000000000
9482  -37.985  -69.525  17.589 0.0000000000
9483  -39.848  -69.037  17.664 0.0000000000
9484  -41.636  -69.538  18.033 0.0000000000
9485  -43.330  -69.673  18.118 0.0000000000
9486  -43.755  -69.740  17.721 0.0000000000
9487  -43.664  -68.906  17.290 0.0000000000
9493  -43.667  -69.957  17.501 0.0000000000
9494  -43.684  -69.555  17.626 0.0000000000
9500  -41.327  -69.635  15.838 0.0000000000
9501  -42.574  -69.381  16.299 0.0000000000
9502  -43.437  -69.124  16.660 0.0000000000
9508  -38.156  -69.510  14.039 0.0000000000
9509  -38.983  -69.419  14.335 0.0000000000
9510  -40.143  -69.919  15.443 0.0000000000
9511  -40.619  -69.090  14.756 0.0000000000
9525  -35.818  -69.245  13.034 0.0000000000
9526  -36.608  -69.591  13.345 0.0000000000
9527  -37.397  -69.553  13.746 0.0000000000
9544  -35.468  -69.478  12.173 0.0000000000
9545  -36.107  -69.817  12.708 0.0000000000
9559  -34.658  -68.647  11.190 0.0000000000
9560  -35.069  -69.273  11.346 0.0000000000
9572  -34.804  -68.918  10.505 0.0000000000
9573  -35.220  -69.549  9.954 0.0000000000
9582  -35.244  -69.339  9.066 0.0000000000
9596  -35.406  -69.136  8.212 0.0000000000
9597  -35.953  -69.867  7.946 0.0000000000
9609  -35.694  -69.069  7.367 0.0000000000
9623  -36.505  -69.245  6.249 0.0000000000
9624  -36.982  -69.417  5.608 0.0000000000
9627  -37.429  -69.422  5.086 0.0000000000
9634  -38.594  -69.709  3.873 0.0000000000
9635  -39.344  -69.741  3.221 0.0000000000
9636  -40.135  -69.288  2.858 0.0000000000
9646  -40.079  -70.209  2.501 0.0000000000
9647  -40.726  -69.700  2.138 0.0000000000
9648  -41.530  -69.185  1.919 0.0000000000
9656  -41.116  -69.947  1.416 0.0000000000
9657  -41.916  -69.321  1.137 0.0000000000
9658  -42.428  -69.029  0.581 0.0000000000
9662  -41.661  -69.616  -0.079 0.0000000000
9663  -42.414  -69.057  -0.145 0.0000000000
9665  -41.207  -69.688  -1.084 0.0000000000
9666  -42.687  -68.757  -1.133 0.0000000000
9668  -41.121  -69.547  -1.812 0.0000000000
9677  -40.166  -69.627  -3.181 0.0000000000
9678  -41.487  -69.180  -2.671 0.0000000000
9695  -39.756  -69.610  -3.959 0.0000000000
9696  -40.895  -69.103  -4.231 0.0000000000
9697  -41.743  -68.713  -3.752 0.0000000000
9709  -39.239  -69.629  -4.674 0.0000000000
9710  -40.257  -69.192  -5.034 0.0000000000
9711  -41.157  -68.351  -5.410 0.0000000000
9726  -38.183  -69.501  -6.593 0.0000000000
9727  -38.989  -69.323  -6.232 0.0000000000
9728  -40.474  -68.431  -6.047 0.0000000000
9741  -33.292  -69.162  -7.300 0.0000000000
9742  -38.011  -69.121  -7.536 0.0000000000
9743  -38.899  -68.616  -7.271 0.0000000000
9744  -39.752  -68.503  -6.640 0.0000000000
9755  -31.944  -70.226  -7.287 0.0000000000
9756  -32.684  -69.752  -7.533 0.0000000000
9757  -33.657  -69.495  -8.181 0.0000000000
9758  -34.627  -69.349  -8.701 0.0000000000
9759  -37.561  -68.743  -8.111 0.0000000000
9760  -38.275  -68.388  -7.867 0.0000000000
9771  -33.253  -70.118  -8.718 0.0000000000
9772  -34.183  -69.879  -9.219 0.0000000000
9773  -36.478  -69.080  -8.731 0.0000000000
9774  -37.083  -68.660  -8.401 0.0000000000
9785  -34.414  -70.312  -9.586 0.0000000000
9786  -34.957  -69.839  -9.335 0.0000000000
10218  -43.297  -68.737  17.579 0.0000000000
10219  -43.638  -68.629  17.264 0.0000000000
10220  -43.773  -68.266  16.972 0.0000000000
10233  -43.673  -68.839  16.843 0.0000000000
10234  -43.657  -68.226  16.454 0.0000000000
10245  -41.861  -68.783  15.085 0.0000000000
10246  -43.288  -68.438  16.010 0.0000000000
10255  -35.833  -68.391  14.111 0.0000000000
10256  -38.827  -68.980  14.147 0.0000000000
10257  -39.821  -68.923  14.372 0.0000000000
10258  -40.905  -68.570  14.620 0.0000000000
10259  -41.943  -68.191  14.781 0.0000000000
10266  -34.762  -68.221  13.223 0.0000000000
10267  -35.468  -68.646  13.440 0.0000000000
10268  -36.260  -68.925  13.648 0.0000000000
10277  -34.489  -68.167  12.400 0.0000000000
10278  -35.092  -68.799  12.707 0.0000000000
10287  -34.370  -68.076  11.531 0.0000000000
10288  -34.806  -68.781  11.895 0.0000000000
10295  -34.440  -68.105  10.717 0.0000000000
10296  -34.836  -68.725  9.554 0.0000000000
10300  -34.705  -67.844  9.278 0.0000000000
10311  -35.076  -67.784  8.441 0.0000000000
10312  -35.019  -68.482  8.676 0.0000000000
10323  -35.385  -68.278  7.764 0.0000000000
10324  -35.835  -68.357  6.945 0.0000000000
10331  -36.336  -68.458  6.373 0.0000000000
10339  -36.779  -68.566  5.790 0.0000000000
10340  -37.287  -68.726  5.259 0.0000000000
10341  -37.852  -68.365  4.996 0.0000000000
10344  -37.670  -68.980  4.756 0.0000000000
10345  -38.305  -68.881  4.329 0.0000000000
10346  -39.195  -68.479  4.171 0.0000000000
10347  -41.302  -68.049  4.351 0.0000000000
10348  -43.899  -68.358  4.308 0.0000000000
10349  -45.133  -68.222  3.816 0.0000000000
10360  -38.938  -69.091  3.759 0.0000000000
10361  -39.647  -68.842  3.490 0.0000000000
10362  -40.436  -68.657  3.283 0.0000000000
10363  -41.400  -68.349  3.484 0.0000000000
10364  -42.801  -68.329  3.388 0.0000000000
10365  -44.046  -68.365  3.220 0.0000000000
10366  -45.002  -68.056  2.843 0.0000000000
10375  -40.962  -68.857  2.655 0.0000000000
10376  -42.003  -68.586  2.605 0.0000000000
10377  -43.112  -68.474  2.528 0.0000000000
10378  -44.102  -68.353  2.296 0.0000000000
10379  -44.899  -67.911  1.951 0.0000000000
10384  -42.446  -68.771  1.827 0.0000000000
10385  -42.895  -68.727  1.151 0.0000000000
10386  -44.043  -68.314  1.315 0.0000000000
10387  -44.936  -67.604  1.134 0.0000000000
10389  -44.445  -67.836  0.425 0.0000000000
10390  -45.051  -67.195  0.470 0.0000000000
10392  -43.386  -68.419  -0.593 0.0000000000
10393  -44.157  -67.658  -0.981 0.0000000000
10399  -43.030  -68.253  -2.170 0.0000000000
10400  -43.588  -68.035  -1.493 0.0000000000
10401  -44.073  -67.341  -1.581 0.0000000000
10415  -42.543  -68.319  -3.123 0.0000000000
10416  -43.401  -66.944  -3.081 0.0000000000
10417  -43.682  -67.302  -2.284 0.0000000000
10436  -41.819  -68.121  -4.811 0.0000000000
10437  -42.457  -67.687  -4.249 0.0000000000
10438  -43.013  -67.262  -3.674 0.0000000000
10455  -42.105  -67.196  -4.947 0.0000000000
10456  -42.598  -66.991  -4.327 0.0000000000
10475  -34.241  -68.111  -6.173 0.0000000000
10476  -40.253  -67.668  -6.642 0.0000000000
10477  -40.974  -67.419  -6.036 0.0000000000
10478  -41.484  -67.117  -5.421 0.0000000000
10494  -33.540  -68.605  -6.659 0.0000000000
10495  -34.630  -68.439  -7.203 0.0000000000
10496  -35.747  -68.325  -7.850 0.0000000000
10497  -39.580  -67.738  -7.155 0.0000000000
10498  -40.314  -67.308  -6.389 0.0000000000
10509  -34.099  -68.918  -7.708 0.0000000000
10510  -35.097  -68.789  -8.270 0.0000000000
10511  -36.479  -68.570  -8.452 0.0000000000
10512  -37.176  -68.383  -8.272 0.0000000000
10513  -37.939  -68.149  -8.093 0.0000000000
10514  -38.788  -67.932  -7.715 0.0000000000
10515  -39.181  -67.668  -7.339 0.0000000000
10530  -35.533  -69.288  -8.913 0.0000000000
10531  -36.171  -68.951  -8.816 0.0000000000
10532  -36.703  -68.766  -8.565 0.0000000000
10995  -39.852  -67.381  17.693 0.0000000000
10996  -42.420  -67.574  17.535 0.0000000000
10997  -43.404  -67.709  17.274 0.0000000000
10998  -43.706  -67.756  16.979 0.0000000000
11005  -43.706  -67.691  16.536 0.0000000000
11012  -35.858  -67.363  15.296 0.0000000000
11013  -36.869  -67.521  15.366 0.0000000000
11014  -37.941  -67.600  15.243 0.0000000000
11015  -39.146  -67.673  14.982 0.0000000000
11016  -40.255  -67.373  15.043 0.0000000000
11017  -41.979  -67.491  14.932 0.0000000000
11018  -42.764  -67.765  15.093 0.0000000000
11019  -43.333  -67.931  15.559 0.0000000000
11020  -43.609  -67.648  15.966 0.0000000000
11025  -35.272  -67.739  14.519 0.0000000000
11026  -36.312  -68.022  14.782 0.0000000000
11027  -37.365  -68.198  14.726 0.0000000000
11028  -39.311  -68.531  14.439 0.0000000000
11029  -40.101  -68.233  14.550 0.0000000000
11030  -41.063  -67.883  14.686 0.0000000000
11038  -34.263  -67.263  11.070 0.0000000000
11042  -34.503  -67.507  10.149 0.0000000000
11053  -34.937  -67.311  8.898 0.0000000000
11054  -42.527  -66.917  9.202 0.0000000000
11055  -43.335  -67.095  9.067 0.0000000000
11056  -44.027  -67.251  8.863 0.0000000000
11071  -42.111  -67.142  8.788 0.0000000000
11072  -43.633  -67.458  8.549 0.0000000000
11073  -44.502  -67.461  8.315 0.0000000000
11074  -45.269  -67.180  8.128 0.0000000000
11084  -35.470  -67.580  7.857 0.0000000000
11085  -35.826  -67.684  7.230 0.0000000000
11086  -36.500  -67.255  6.956 0.0000000000
11087  -40.793  -67.018  7.750 0.0000000000
11088  -41.674  -67.255  8.078 0.0000000000
11089  -42.810  -67.556  8.181 0.0000000000
11090  -44.059  -67.833  7.787 0.0000000000
11091  -45.150  -67.633  7.625 0.0000000000
11092  -45.780  -67.158  7.437 0.0000000000
11101  -36.295  -67.841  6.591 0.0000000000
11102  -36.913  -67.541  6.299 0.0000000000
11103  -37.711  -67.329  6.080 0.0000000000
11104  -39.093  -66.903  6.704 0.0000000000
11105  -40.891  -67.293  6.879 0.0000000000
11106  -42.031  -67.554  7.315 0.0000000000
11107  -43.864  -68.119  6.930 0.0000000000
11108  -44.907  -68.055  7.056 0.0000000000
11109  -45.756  -67.658  6.907 0.0000000000
11110  -46.154  -67.143  6.601 0.0000000000
11116  -36.676  -68.005  6.071 0.0000000000
11117  -37.274  -67.961  5.622 0.0000000000
11118  -38.157  -67.710  5.425 0.0000000000
11119  -39.104  -67.572  5.398 0.0000000000
11120  -40.753  -67.491  5.897 0.0000000000
11121  -42.376  -67.863  5.786 0.0000000000
11122  -43.499  -68.170  6.053 0.0000000000
11123  -44.602  -68.307  6.320 0.0000000000
11124  -46.148  -67.546  6.059 0.0000000000
11125  -46.381  -66.979  5.894 0.0000000000
11129  -38.650  -68.094  4.790 0.0000000000
11130  -39.605  -67.916  4.770 0.0000000000
11131  -40.733  -67.783  4.993 0.0000000000
11132  -41.868  -67.907  5.017 0.0000000000
11133  -43.038  -68.146  5.130 0.0000000000
11134  -44.315  -68.393  5.418 0.0000000000
11135  -46.047  -67.489  4.339 0.0000000000
11151  -45.767  -67.459  3.314 0.0000000000
11152  -46.065  -66.881  3.665 0.0000000000
11164  -45.548  -67.334  2.382 0.0000000000
11165  -45.753  -66.684  2.865 0.0000000000
11174  -39.774  -66.777  0.777 0.0000000000
11175  -45.331  -66.951  1.031 0.0000000000
11176  -45.437  -66.704  1.793 0.0000000000
11184  -40.281  -66.909  -0.280 0.0000000000
11185  -44.724  -67.132  -0.405 0.0000000000
11186  -45.027  -66.820  0.431 0.0000000000
11187  -45.180  -66.656  1.071 0.0000000000
11198  -40.172  -67.110  -1.168 0.0000000000
11199  -44.448  -67.056  -1.228 0.0000000000
11200  -44.453  -66.834  -1.057 0.0000000000
11214  -40.576  -66.993  -2.076 0.0000000000
11215  -44.076  -66.906  -1.718 0.0000000000
11234  -39.976  -67.198  -2.760 0.0000000000
11235  -41.127  -66.746  -3.233 0.0000000000
11236  -42.097  -66.571  -3.587 0.0000000000
11237  -43.652  -66.834  -2.403 0.0000000000
11255  -39.011  -67.437  -4.136 0.0000000000
11256  -40.637  -66.880  -4.039 0.0000000000
11257  -41.793  -66.677  -4.335 0.0000000000
11258  -42.530  -66.795  -4.104 0.0000000000
11259  -43.055  -66.855  -3.626 0.0000000000
11273  -36.707  -68.080  -4.834 0.0000000000
11274  -37.527  -67.898  -4.581 0.0000000000
11275  -38.579  -67.429  -5.483 0.0000000000
11276  -41.273  -66.884  -5.275 0.0000000000
11277  -42.102  -66.908  -4.854 0.0000000000
11292  -34.857  -67.903  -5.721 0.0000000000
11293  -35.868  -67.909  -6.287 0.0000000000
11294  -36.581  -67.868  -5.786 0.0000000000
11295  -38.435  -67.420  -6.584 0.0000000000
11296  -39.464  -67.304  -6.564 0.0000000000
11297  -40.269  -67.229  -6.328 0.0000000000
11298  -40.901  -67.042  -6.008 0.0000000000
11310  -35.243  -68.084  -6.711 0.0000000000
11311  -36.974  -67.744  -7.165 0.0000000000
11312  -38.159  -67.589  -7.428 0.0000000000
11313  -39.059  -67.503  -7.231 0.0000000000
11314  -39.761  -67.454  -6.855 0.0000000000
11326  -36.770  -68.058  -8.028 0.0000000000
11327  -37.735  -67.915  -8.042 0.0000000000
11328  -38.578  -67.823  -7.717 0.0000000000
11806  -41.745  -66.510  17.496 0.0000000000
11807  -42.926  -66.565  17.204 0.0000000000
11808  -43.242  -66.308  16.573 0.0000000000
11809  -43.568  -67.051  16.560 0.0000000000
11816  -37.884  -66.098  16.229 0.0000000000
11817  -43.393  -66.329  16.003 0.0000000000
11818  -43.608  -67.164  16.083 0.0000000000
11824  -37.393  -66.906  15.889 0.0000000000
11825  -38.461  -66.848  15.765 0.0000000000
11826  -39.552  -66.669  15.596 0.0000000000
11827  -40.660  -66.485  15.401 0.0000000000
11828  -41.912  -66.481  15.274 0.0000000000
11829  -43.291  -67.188  15.605 0.0000000000
11871  -34.570  -66.621  10.442 0.0000000000
11872  -35.108  -65.774  10.362 0.0000000000
11873  -41.472  -66.036  9.980 0.0000000000
11888  -34.720  -67.055  9.554 0.0000000000
11889  -35.369  -66.598  9.044 0.0000000000
11890  -36.326  -66.137  8.917 0.0000000000
11891  -38.482  -66.003  9.173 0.0000000000
11892  -39.362  -66.065  9.529 0.0000000000
11893  -40.779  -66.345  9.573 0.0000000000
11894  -41.681  -66.669  9.364 0.0000000000
11895  -42.358  -66.024  9.911 0.0000000000
11896  -43.896  -66.709  9.312 0.0000000000
11897  -44.732  -66.415  9.105 0.0000000000
11908  -35.405  -67.161  8.362 0.0000000000
11909  -35.899  -66.646  8.406 0.0000000000
11910  -36.626  -66.443  8.182 0.0000000000
11911  -38.200  -66.338  8.274 0.0000000000
11912  -39.155  -66.376  8.658 0.0000000000
11913  -39.960  -66.672  8.164 0.0000000000
11914  -44.650  -67.030  8.747 0.0000000000
11915  -45.231  -66.650  8.524 0.0000000000
11926  -36.008  -66.996  7.699 0.0000000000
11927  -36.883  -66.707  7.437 0.0000000000
11928  -37.804  -66.604  7.425 0.0000000000
11929  -38.912  -66.621  7.570 0.0000000000
11930  -45.628  -66.641  7.756 0.0000000000
11938  -37.292  -66.978  6.749 0.0000000000
11939  -38.233  -66.861  6.710 0.0000000000
11940  -45.928  -66.841  7.104 0.0000000000
11944  -46.119  -66.836  6.320 0.0000000000
11945  -46.349  -67.060  5.207 0.0000000000
11950  -46.065  -66.753  5.162 0.0000000000
11951  -46.140  -66.776  4.238 0.0000000000
11968  -45.657  -66.427  3.703 0.0000000000
11969  -45.893  -66.605  3.475 0.0000000000
11979  -40.440  -66.252  1.502 0.0000000000
11980  -41.106  -65.893  2.001 0.0000000000
11981  -45.636  -66.422  2.965 0.0000000000
11991  -39.344  -66.558  1.667 0.0000000000
11992  -40.881  -66.465  0.548 0.0000000000
11993  -41.679  -66.125  1.200 0.0000000000
11994  -43.799  -66.255  0.796 0.0000000000
11995  -44.634  -66.380  1.117 0.0000000000
11996  -45.097  -66.483  1.481 0.0000000000
12004  -42.546  -66.361  -0.315 0.0000000000
12005  -43.636  -66.385  -0.149 0.0000000000
12006  -44.451  -66.558  0.229 0.0000000000
12007  -44.885  -66.617  0.691 0.0000000000
12020  -41.230  -66.716  -1.356 0.0000000000
12021  -42.307  -66.469  -1.158 0.0000000000
12022  -43.433  -66.475  -1.230 0.0000000000
12023  -44.252  -66.643  -0.742 0.0000000000
12024  -44.659  -66.759  -0.162 0.0000000000
12038  -41.708  -66.619  -2.586 0.0000000000
12039  -42.406  -66.529  -2.056 0.0000000000
12040  -43.364  -66.671  -2.285 0.0000000000
12041  -43.952  -66.772  -1.644 0.0000000000
12054  -42.809  -66.639  -3.172 0.0000000000
12055  -43.327  -66.826  -2.989 0.0000000000
12608  -41.301  -65.586  17.515 0.0000000000
12609  -42.314  -65.720  17.259 0.0000000000
12610  -42.807  -65.516  16.701 0.0000000000
12619  -39.334  -64.947  16.142 0.0000000000
12620  -43.033  -65.412  16.169 0.0000000000
12623  -38.939  -65.915  16.126 0.0000000000
12624  -40.086  -65.594  15.764 0.0000000000
12625  -41.328  -65.585  15.489 0.0000000000
12626  -42.426  -65.416  15.564 0.0000000000
12627  -42.960  -65.334  15.916 0.0000000000
12671  -35.794  -65.170  10.380 0.0000000000
12672  -37.406  -65.138  10.133 0.0000000000
12673  -38.267  -65.100  10.279 0.0000000000
12674  -39.154  -65.045  10.467 0.0000000000
12675  -40.110  -64.988  10.504 0.0000000000
12676  -41.002  -65.254  10.302 0.0000000000
12677  -41.808  -65.397  10.079 0.0000000000
12678  -42.472  -65.485  9.888 0.0000000000
12679  -42.908  -65.158  9.776 0.0000000000
12689  -35.845  -65.776  9.698 0.0000000000
12690  -36.908  -65.572  9.538 0.0000000000
12691  -37.894  -65.561  9.671 0.0000000000
12692  -38.816  -65.597  9.960 0.0000000000
12693  -39.670  -65.627  10.155 0.0000000000
12694  -40.510  -65.752  10.135 0.0000000000
12695  -43.205  -65.955  9.738 0.0000000000
12696  -43.627  -65.417  9.648 0.0000000000
12697  -44.825  -65.790  9.260 0.0000000000
12698  -45.250  -66.007  8.878 0.0000000000
12708  -45.374  -65.564  8.684 0.0000000000
12720  -44.946  -65.352  7.530 0.0000000000
12721  -45.507  -65.830  8.008 0.0000000000
12722  -45.445  -65.452  8.384 0.0000000000
12727  -43.016  -64.901  6.565 0.0000000000
12728  -44.022  -64.757  7.172 0.0000000000
12729  -45.408  -66.156  7.407 0.0000000000
12732  -43.792  -65.850  5.840 0.0000000000
12733  -45.050  -66.354  6.099 0.0000000000
12748  -41.041  -65.051  4.312 0.0000000000
12749  -42.342  -65.354  5.055 0.0000000000
12750  -43.459  -65.729  4.816 0.0000000000
12751  -44.808  -66.207  4.862 0.0000000000
12772  -40.773  -65.371  3.529 0.0000000000
12773  -41.996  -65.509  3.425 0.0000000000
12774  -42.840  -65.573  4.015 0.0000000000
12784  -40.402  -65.720  2.743 0.0000000000
12785  -41.535  -65.666  2.612 0.0000000000
12786  -44.182  -65.886  2.485 0.0000000000
12787  -45.220  -66.152  2.711 0.0000000000
12793  -42.854  -66.023  1.415 0.0000000000
12794  -43.958  -66.074  1.656 0.0000000000
12795  -44.892  -66.203  1.918 0.0000000000
13335  -42.486  -63.566  16.317 0.0000000000
13336  -42.759  -64.591  16.219 0.0000000000
13342  -40.772  -64.021  15.603 0.0000000000
13343  -41.800  -64.099  15.537 0.0000000000
13344  -42.604  -64.423  15.811 0.0000000000
13385  -36.358  -64.598  10.439 0.0000000000
13386  -37.711  -64.561  10.455 0.0000000000
13387  -38.574  -64.397  10.548 0.0000000000
13388  -39.442  -64.299  10.527 0.0000000000
13389  -40.226  -64.190  10.408 0.0000000000
13390  -41.395  -64.731  10.158 0.0000000000
13404  -42.618  -64.417  9.699 0.0000000000
13405  -43.496  -64.711  9.604 0.0000000000
13406  -45.181  -65.278  9.058 0.0000000000
13418  -45.313  -64.698  8.609 0.0000000000
13425  -45.068  -64.291  7.610 0.0000000000
13426  -45.396  -64.749  8.124 0.0000000000
13428  -42.192  -64.195  6.315 0.0000000000
13435  -40.957  -63.986  5.430 0.0000000000
13436  -41.440  -64.804  5.160 0.0000000000
13437  -42.285  -64.962  5.888 0.0000000000
13458  -40.571  -64.398  4.811 0.0000000000
13466  -40.112  -64.770  4.216 0.0000000000
14043  -42.696  -63.850  15.966 0.0000000000
14097  -39.681  -63.594  10.333 0.0000000000
14098  -40.402  -63.549  10.045 0.0000000000
14113  -41.254  -63.433  9.650 0.0000000000
14114  -42.261  -63.665  9.539 0.0000000000
14115  -43.364  -63.818  9.418 0.0000000000
14116  -44.459  -63.666  9.126 0.0000000000
14121  -45.216  -63.581  8.603 0.0000000000
14126  -45.472  -63.785  7.887 0.0000000000
14127  -45.461  -63.750  8.180 0.0000000000
14134  -42.293  -63.303  6.260 0.0000000000
14135  -43.211  -63.874  6.730 0.0000000000
14136  -45.301  -63.323  7.510 0.0000000000
14137  -45.558  -63.081  7.793 0.0000000000
14155  -41.524  -63.551  5.922 0.0000000000
14171  -40.296  -63.625  4.983 0.0000000000
14881  -39.889  -63.088  9.985 0.0000000000
14890  -40.430  -62.865  9.623 0.0000000000
14891  -41.949  -63.032  9.295 0.0000000000
14892  -42.815  -63.073  9.182 0.0000000000
14893  -43.837  -63.049  9.030 0.0000000000
14894  -44.662  -63.050  8.803 0.0000000000
14897  -42.281  -62.466  8.868 0.0000000000
14898  -43.298  -62.426  8.786 0.0000000000
14899  -44.315  -62.448  8.673 0.0000000000
14900  -45.140  -62.677  8.406 0.0000000000
14901  -45.527  -62.919  8.091 0.0000000000
14905  -45.572  -62.396  7.586 0.0000000000
14923  -43.150  -63.018  6.395 0.0000000000
14924  -44.215  -63.017  6.666 0.0000000000
14925  -45.174  -62.847  6.948 0.0000000000
14926  -45.512  -62.572  7.260 0.0000000000
14943  -40.811  -63.002  5.463 0.0000000000
14944  -41.677  -62.755  5.799 0.0000000000
14945  -42.604  -62.564  5.947 0.0000000000
14946  -43.971  -62.347  5.996 0.0000000000
14947  -45.159  -62.275  6.328 0.0000000000
14948  -45.516  -62.160  6.684 0.0000000000
14953  -39.981  -62.219  4.401 0.0000000000
14954  -40.613  -62.225  4.890 0.0000000000
14955  -41.248  -62.289  5.313 0.0000000000
14991  -38.119  -62.239  1.732 0.0000000000
15005  -37.934  -62.357  0.655 0.0000000000
15006  -38.534  -62.282  -0.099 0.0000000000
15741  -42.804  -61.772  8.494 0.0000000000
15742  -43.866  -61.781  8.454 0.0000000000
15743  -44.881  -61.946  8.285 0.0000000000
15744  -45.501  -62.209  7.960 0.0000000000
15758  -44.453  -61.263  8.048 0.0000000000
15759  -45.322  -61.575  7.770 0.0000000000
15760  -45.628  -61.890  7.467 0.0000000000
15777  -45.698  -61.886  6.888 0.0000000000
15784  -42.040  -62.041  5.401 0.0000000000
15785  -43.156  -61.914  5.383 0.0000000000
15786  -44.260  -61.761  5.284 0.0000000000
15787  -45.186  -61.720  5.579 0.0000000000
15788  -45.731  -61.538  6.042 0.0000000000
15794  -39.921  -61.796  3.887 0.0000000000
15795  -40.542  -61.687  4.189 0.0000000000
15796  -41.459  -61.638  4.618 0.0000000000
15797  -43.863  -61.444  4.668 0.0000000000
15798  -45.057  -61.304  4.806 0.0000000000
15799  -45.789  -61.091  5.182 0.0000000000
15805  -39.603  -61.703  3.255 0.0000000000
15806  -40.384  -61.432  3.383 0.0000000000
15807  -41.260  -61.255  3.636 0.0000000000
15808  -42.328  -61.105  3.819 0.0000000000
15809  -43.486  -61.043  3.952 0.0000000000
15810  -44.657  -60.989  4.084 0.0000000000
15822  -38.838  -61.870  1.869 0.0000000000
15823  -39.241  -61.720  2.480 0.0000000000
15824  -40.120  -61.323  2.434 0.0000000000
15825  -41.066  -61.113  2.736 0.0000000000
15844  -38.697  -61.956  1.062 0.0000000000
15845  -39.511  -61.567  1.534 0.0000000000
15846  -40.326  -61.261  1.541 0.0000000000
15847  -40.954  -61.064  1.907 0.0000000000
15862  -40.140  -61.448  0.608 0.0000000000
15863  -41.138  -61.142  0.178 0.0000000000
15876  -39.445  -61.945  -0.348 0.0000000000
15881  -44.738  -60.619  -1.463 0.0000000000
16637  -45.040  -60.889  7.506 0.0000000000
16638  -45.670  -61.363  7.126 0.0000000000
16649  -45.568  -60.672  6.780 0.0000000000
16650  -45.877  -61.170  6.309 0.0000000000
16665  -45.665  -60.640  4.318 0.0000000000
16666  -46.054  -60.450  4.884 0.0000000000
16673  -42.082  -60.910  2.910 0.0000000000
16674  -43.388  -60.714  3.028 0.0000000000
16675  -45.189  -60.545  3.495 0.0000000000
16676  -45.792  -60.114  3.471 0.0000000000
16684  -41.812  -60.855  2.084 0.0000000000
16685  -42.927  -60.664  2.105 0.0000000000
16686  -44.234  -60.438  2.041 0.0000000000
16687  -45.283  -60.110  2.100 0.0000000000
16688  -45.763  -59.727  2.544 0.0000000000
16705  -41.895  -60.849  0.710 0.0000000000
16706  -42.501  -60.728  1.321 0.0000000000
16707  -43.809  -60.590  1.160 0.0000000000
16708  -45.163  -60.301  1.020 0.0000000000
16709  -45.642  -59.758  1.480 0.0000000000
16722  -43.235  -60.752  0.285 0.0000000000
16723  -45.293  -60.330  0.078 0.0000000000
16724  -45.603  -59.923  0.590 0.0000000000
16738  -44.232  -60.771  -0.471 0.0000000000
16739  -44.990  -60.572  -0.698 0.0000000000
16740  -45.455  -60.124  -0.361 0.0000000000
16757  -45.154  -60.352  -1.133 0.0000000000
17473  -45.014  -59.863  6.466 0.0000000000
17474  -45.908  -60.368  5.903 0.0000000000
17484  -45.404  -59.545  5.701 0.0000000000
17485  -46.040  -59.903  5.306 0.0000000000
17492  -46.154  -59.847  4.639 0.0000000000
17498  -46.148  -59.492  3.836 0.0000000000
17507  -45.996  -59.399  2.731 0.0000000000
17523  -45.641  -59.691  1.164 0.0000000000
17539  -45.522  -59.955  -0.425 0.0000000000
17540  -45.624  -59.865  0.548 0.0000000000
17555  -44.886  -59.763  -1.381 0.0000000000
17556  -45.397  -60.097  -0.950 0.0000000000
17571  -45.062  -60.179  -1.442 0.0000000000
18340  -44.642  -58.785  5.178 0.0000000000
18341  -45.697  -59.295  4.929 0.0000000000
18345  -44.438  -58.172  4.493 0.0000000000
18346  -45.278  -58.591  4.416 0.0000000000
18347  -46.022  -59.111  4.172 0.0000000000
18349  -46.133  -59.012  2.929 0.0000000000
18358  -45.932  -59.258  2.265 0.0000000000
18365  -45.528  -58.994  1.292 0.0000000000
18366  -45.715  -59.573  1.455 0.0000000000
18379  -44.360  -58.770  0.192 0.0000000000
18380  -45.351  -59.423  0.439 0.0000000000
18391  -45.082  -59.550  -0.552 0.0000000000
19163  -44.787  -57.915  3.911 0.0000000000
19164  -45.583  -58.455  3.738 0.0000000000
19168  -45.047  -57.744  3.318 0.0000000000
19169  -45.714  -58.420  3.147 0.0000000000
19181  -45.165  -57.725  2.828 0.0000000000
19182  -45.741  -58.560  2.533 0.0000000000
19193  -45.145  -58.106  2.015 0.0000000000
19194  -45.759  -58.902  1.908 0.0000000000
19208  -44.751  -58.414  1.086 0.0000000000
19959  -44.293  -57.159  3.493 0.0000000000
19965  -44.448  -56.969  3.032 0.0000000000
19986  -44.432  -57.107  2.530 0.0000000000
106537  -41.459  -66.535  -0.338 0.0000000000
106616  -38.659  -67.217  6.040 0.0000000000
106637  -24.912  -85.221  10.805 0.0000000000
106866  -37.535  -67.708  -5.612 0.0000000000
106905  -28.405  -80.438  -1.979 0.0000000000
107043  -24.807  -80.042  -1.416 0.0000000000
107075  -31.502  -77.361  8.784 0.0000000000
107097  -23.063  -80.132  -1.364 0.0000000000
107182  -26.475  -79.656  23.994 0.0000000000
107230  -31.380  -76.434  8.710 0.0000000000
107278  -25.665  -80.967  7.725 0.0000000000
107400  -42.734  -66.241  0.573 0.0000000000
107466  -45.976  -60.835  5.537 0.0000000000
107472  -32.322  -76.098  22.823 0.0000000000
107485  -40.945  -64.128  10.098 0.0000000000
107551  -32.756  -78.793  16.611 0.0000000000
107562  -30.639  -77.065  3.725 0.0000000000
107563  -25.002  -84.833  14.048 0.0000000000
107695  -31.095  -76.207  7.793 0.0000000000
107761  -42.766  -67.855  6.647 0.0000000000
107762  -41.700  -67.613  6.347 0.0000000000
107884  -31.211  -75.917  22.605 0.0000000000
107894  -25.611  -82.662  10.760 0.0000000000
107939  -42.958  -66.260  15.596 0.0000000000
107993  -23.551  -84.364  -6.186 0.0000000000
108059  -32.103  -71.971  -11.423 0.0000000000
108067  -40.139  -73.284  9.981 0.0000000000
108096  -45.467  -66.198  8.333 0.0000000000
108104  -28.397  -78.135  2.453 0.0000000000
108235  -31.664  -78.311  9.980 0.0000000000
108237  -36.767  -70.589  7.871 0.0000000000
108272  -42.277  -64.720  17.037 0.0000000000
108336  -25.338  -81.194  9.280 0.0000000000
108358  -26.288  -79.527  19.646 0.0000000000
108404  -35.045  -66.353  9.794 0.0000000000
108579  -24.281  -85.679  13.054 0.0000000000
108627  -41.208  -73.737  17.552 0.0000000000
108917  -31.213  -76.712  22.696 0.0000000000
108977  -45.459  -68.075  6.475 0.0000000000
109085  -29.517  -79.743  9.078 0.0000000000
109094  -42.285  -72.711  16.299 0.0000000000
109172  -31.544  -78.327  -6.379 0.0000000000
109187  -35.489  -67.969  -5.181 0.0000000000
109196  -25.233  -82.914  -1.096 0.0000000000
109276  -39.763  -67.227  6.192 0.0000000000
109292  -40.337  -66.455  17.626 0.0000000000
109335  -35.451  -73.686  -4.878 0.0000000000
109421  -27.746  -82.031  21.065 0.0000000000
109489  -28.914  -75.840  22.654 0.0000000000
109527  -37.819  -70.812  6.222 0.0000000000
109547  -45.403  -68.239  5.753 0.0000000000
109548  -37.773  -76.859  10.867 0.0000000000
109613  -21.442  -85.730  14.492 0.0000000000
109628  -34.348  -76.667  22.833 0.0000000000
109724  -32.375  -78.353  15.881 0.0000000000
109749  -42.141  -64.887  9.934 0.0000000000
109790  -39.783  -67.118  -5.802 0.0000000000
109791  -40.052  -72.605  3.416 0.0000000000
109808  -23.363  -86.045  15.206 0.0000000000
109816  -31.489  -75.358  -9.537 0.0000000000
109972  -30.617  -79.662  -5.389 0.0000000000
110008  -36.935  -70.055  -6.760 0.0000000000
110016  -41.478  -67.697  5.601 0.0000000000
110065  -45.570  -66.824  8.018 0.0000000000
110077  -34.505  -76.312  20.929 0.0000000000
110149  -39.935  -72.873  9.966 0.0000000000
110158  -44.520  -63.710  7.161 0.0000000000
110205  -44.156  -57.502  1.677 0.0000000000
110314  -44.639  -60.597  0.176 0.0000000000
110570  -31.697  -79.919  7.097 0.0000000000
110589  -29.253  -78.565  7.850 0.0000000000
110633  -21.507  -83.511  10.663 0.0000000000
110706  -40.977  -61.068  1.093 0.0000000000
110707  -29.317  -77.329  -7.393 0.0000000000
110782  -39.711  -73.248  6.220 0.0000000000
110824  -28.539  -77.691  -9.332 0.0000000000
110828  -32.084  -73.402  22.175 0.0000000000
110841  -40.196  -72.414  4.154 0.0000000000
110873  -31.744  -78.415  -3.975 0.0000000000
110875  -26.381  -78.575  19.428 0.0000000000
110883  -36.341  -74.450  18.071 0.0000000000
110889  -35.602  -78.229  14.974 0.0000000000
110934  -31.196  -76.973  -7.310 0.0000000000
111041  -35.453  -70.664  -8.575 0.0000000000
111047  -37.429  -62.490  1.163 0.0000000000
111097  -46.095  -60.310  5.227 0.0000000000
111202  -29.391  -78.342  -2.036 0.0000000000
111203  -41.054  -74.062  15.729 0.0000000000
111439  -34.421  -74.494  -6.326 0.0000000000
111567  -44.154  -65.966  9.516 0.0000000000
111626  -26.922  -82.625  6.084 0.0000000000
111688  -30.251  -78.024  12.598 0.0000000000
111845  -41.971  -69.061  -1.801 0.0000000000
112018  -27.583  -82.544  3.192 0.0000000000
112063  -24.760  -82.923  14.099 0.0000000000
112086  -35.592  -76.012  22.508 0.0000000000
112104  -27.085  -81.337  -1.558 0.0000000000
112339  -41.833  -69.385  -0.735 0.0000000000
112466  -37.414  -66.033  8.808 0.0000000000
112689  -33.106  -74.773  22.404 0.0000000000
112747  -22.807  -85.873  12.849 0.0000000000
112777  -28.917  -79.187  2.422 0.0000000000
112833  -40.026  -67.023  -4.860 0.0000000000
112846  -41.836  -65.314  4.419 0.0000000000
112852  -37.767  -72.443  11.377 0.0000000000
112862  -42.762  -68.675  15.720 0.0000000000
112895  -44.232  -65.666  6.735 0.0000000000
112956  -30.646  -80.203  6.864 0.0000000000
112964  -39.798  -66.099  2.261 0.0000000000
113006  -31.250  -80.065  10.786 0.0000000000
113061  -44.697  -60.448  2.837 0.0000000000
113092  -36.348  -71.221  10.803 0.0000000000
113115  -27.109  -83.354  5.607 0.0000000000
113150  -29.682  -79.365  2.578 0.0000000000
113183  -36.271  -71.586  -3.490 0.0000000000
113253  -30.847  -75.032  22.464 0.0000000000
113283  -27.981  -79.100  2.350 0.0000000000
113284  -26.978  -79.251  2.393 0.0000000000
113285  -26.034  -79.129  2.449 0.0000000000
113325  -42.436  -63.430  15.809 0.0000000000
113349  -37.153  -75.253  2.917 0.0000000000
113358  -39.961  -67.573  5.427 0.0000000000
113550  -31.160  -80.354  20.991 0.0000000000
113616  -42.921  -66.563  9.498 0.0000000000
113649  -45.763  -59.565  1.910 0.0000000000
113684  -32.440  -79.632  15.874 0.0000000000
113728  -42.365  -68.147  4.263 0.0000000000
113789  -34.863  -74.899  -2.982 0.0000000000
113867  -40.731  -64.641  10.349 0.0000000000
113902  -29.237  -78.395  6.863 0.0000000000
113994  -35.681  -76.082  21.360 0.0000000000
114113  -40.343  -70.001  17.968 0.0000000000
114133  -44.410  -65.141  9.447 0.0000000000
114285  -41.786  -69.534  0.438 0.0000000000
114380  -45.381  -66.390  2.286 0.0000000000
114487  -46.113  -58.993  3.506 0.0000000000
114500  -22.680  -85.304  11.277 0.0000000000
114609  -39.654  -69.231  -5.689 0.0000000000
114617  -40.329  -72.401  7.167 0.0000000000
114640  -41.911  -64.813  15.500 0.0000000000
114643  -38.925  -75.062  20.292 0.0000000000
114729  -37.776  -68.917  14.063 0.0000000000
114896  -34.789  -78.863  16.895 0.0000000000
115013  -30.033  -80.128  8.362 0.0000000000
115045  -30.776  -75.612  -10.541 0.0000000000
115071  -35.235  -73.214  -5.444 0.0000000000
115190  -46.115  -60.044  4.097 0.0000000000
115198  -41.081  -67.466  17.612 0.0000000000
115213  -42.655  -67.062  15.247 0.0000000000
115501  -30.649  -72.700  -11.379 0.0000000000
115567  -32.251  -74.284  22.353 0.0000000000
115664  -22.972  -85.804  12.227 0.0000000000
115750  -23.403  -81.617  -4.887 0.0000000000
115846  -38.517  -68.655  17.682 0.0000000000
115865  -37.524  -69.688  -6.907 0.0000000000
115888  -35.437  -77.800  15.806 0.0000000000
116009  -36.755  -68.630  14.197 0.0000000000
116048  -25.539  -78.110  22.147 0.0000000000
116075  -40.615  -67.000  -5.860 0.0000000000
116077  -38.859  -69.608  -5.314 0.0000000000
116119  -38.310  -67.671  -4.287 0.0000000000
116173  -41.616  -64.339  5.776 0.0000000000
116201  -44.980  -64.422  9.115 0.0000000000
116238  -39.453  -67.349  -3.541 0.0000000000
116262  -27.791  -77.925  -10.329 0.0000000000
116291  -40.974  -64.792  15.582 0.0000000000
116299  -22.582  -82.228  -1.216 0.0000000000
116328  -25.829  -77.632  -6.954 0.0000000000
116465  -22.423  -86.153  14.666 0.0000000000
116689  -26.002  -84.185  8.097 0.0000000000
116775  -40.045  -66.435  9.129 0.0000000000
116783  -41.335  -73.324  12.793 0.0000000000
116845  -24.425  -80.501  12.389 0.0000000000
116899  -31.953  -80.015  5.006 0.0000000000
117080  -35.876  -68.766  -8.642 0.0000000000
117113  -35.216  -72.268  -5.909 0.0000000000
117127  -29.824  -79.296  -5.819 0.0000000000
117158  -38.620  -62.084  2.443 0.0000000000
117181  -27.512  -81.857  23.521 0.0000000000
117183  -39.063  -69.661  17.641 0.0000000000
117227  -41.607  -63.393  15.541 0.0000000000
117293  -37.565  -70.290  13.902 0.0000000000
117375  -25.152  -79.547  -5.049 0.0000000000
117386  -27.170  -79.270  23.554 0.0000000000
117409  -27.790  -78.037  -9.459 0.0000000000
117468  -39.596  -73.516  3.451 0.0000000000
117512  -29.528  -81.493  3.758 0.0000000000
117606  -46.029  -67.728  5.261 0.0000000000
117608  -40.429  -74.073  16.794 0.0000000000
117658  -28.547  -75.150  22.913 0.0000000000
117667  -37.718  -71.550  9.035 0.0000000000
117714  -41.222  -62.497  9.121 0.0000000000
117736  -42.719  -68.278  15.190 0.0000000000
117754  -40.288  -68.251  4.046 0.0000000000
117806  -41.819  -66.331  0.357 0.0000000000
117852  -40.005  -71.692  1.086 0.0000000000
117856  -31.929  -79.371  6.076 0.0000000000
117891  -44.076  -67.996  -0.247 0.0000000000
117937  -43.484  -67.067  16.981 0.0000000000
117951  -26.635  -77.575  19.656 0.0000000000
117958  -28.372  -80.681  4.627 0.0000000000
118034  -33.398  -71.789  -10.606 0.0000000000
118047  -42.849  -65.751  2.326 0.0000000000
118079  -45.269  -68.289  4.825 0.0000000000
118092  -34.958  -73.848  20.995 0.0000000000
118145  -42.041  -68.579  17.710 0.0000000000
118211  -27.333  -77.552  -6.680 0.0000000000
118244  -40.557  -68.345  17.684 0.0000000000
118325  -23.979  -79.812  24.053 0.0000000000
118428  -27.395  -80.429  5.093 0.0000000000
118503  -40.106  -62.855  4.866 0.0000000000
118696  -22.979  -86.148  16.052 0.0000000000
118697  -38.906  -74.210  3.431 0.0000000000
118706  -40.952  -69.318  -3.215 0.0000000000
118818  -39.318  -68.057  17.749 0.0000000000
118854  -35.040  -75.133  17.305 0.0000000000
118879  -31.691  -80.067  23.420 0.0000000000
118931  -36.561  -65.178  10.150 0.0000000000
119023  -27.327  -80.657  -4.681 0.0000000000
119047  -37.077  -74.740  3.980 0.0000000000
119096  -26.595  -82.006  20.625 0.0000000000
119153  -23.088  -82.501  -0.959 0.0000000000
119175  -27.189  -80.305  2.460 0.0000000000
119248  -43.154  -70.391  18.441 0.0000000000
119377  -46.035  -59.643  3.356 0.0000000000
119551  -46.119  -59.314  3.280 0.0000000000
119584  -37.003  -74.672  14.601 0.0000000000
119611  -35.449  -74.806  17.986 0.0000000000
119647  -31.743  -79.991  20.982 0.0000000000
119654  -35.541  -76.688  15.719 0.0000000000
119669  -40.141  -64.677  15.816 0.0000000000
119787  -31.801  -79.943  6.482 0.0000000000
119806  -36.088  -76.197  22.148 0.0000000000
119849  -29.066  -77.295  -8.442 0.0000000000
119898  -39.306  -72.656  13.695 0.0000000000
119938  -38.247  -70.653  4.860 0.0000000000
119947  -36.024  -68.984  6.711 0.0000000000
120042  -34.570  -68.213  10.012 0.0000000000
120091  -38.438  -68.355  14.542 0.0000000000
120097  -40.840  -74.183  11.654 0.0000000000
120219  -28.583  -74.736  -10.943 0.0000000000
120363  -30.512  -76.412  -8.780 0.0000000000
120395  -27.675  -81.669  2.734 0.0000000000
120422  -41.739  -64.219  9.855 0.0000000000
120488  -45.359  -67.279  1.637 0.0000000000
120514  -29.044  -77.731  -6.629 0.0000000000
120528  -32.507  -78.177  12.252 0.0000000000
120573  -43.370  -68.539  0.369 0.0000000000
120583  -42.001  -73.283  17.352 0.0000000000
120599  -23.369  -82.370  25.282 0.0000000000
120686  -42.193  -66.462  9.619 0.0000000000
120716  -41.149  -67.160  15.087 0.0000000000
120747  -24.392  -82.862  -0.889 0.0000000000
120905  -38.631  -73.547  20.052 0.0000000000
120930  -34.689  -70.348  -9.477 0.0000000000
121251  -26.650  -79.103  17.198 0.0000000000
121299  -39.118  -67.323  -4.902 0.0000000000
121347  -36.120  -67.975  -7.240 0.0000000000
121379  -43.134  -65.355  6.180 0.0000000000
121389  -43.212  -71.207  18.469 0.0000000000
121411  -25.503  -81.913  9.923 0.0000000000
121445  -45.462  -66.400  6.847 0.0000000000
121456  -41.057  -72.786  13.660 0.0000000000
121458  -30.533  -80.343  7.700 0.0000000000
121615  -23.946  -84.696  -4.698 0.0000000000
121843  -37.431  -71.654  9.643 0.0000000000
121902  -31.687  -75.368  22.580 0.0000000000
122090  -42.933  -66.459  -1.712 0.0000000000
122228  -40.467  -65.986  2.118 0.0000000000
122278  -36.977  -72.308  18.787 0.0000000000
122526  -34.961  -76.543  12.158 0.0000000000
122561  -43.249  -67.572  -2.959 0.0000000000
122608  -35.766  -70.246  9.444 0.0000000000
122681  -35.748  -75.435  -1.395 0.0000000000
122705  -26.888  -80.938  5.559 0.0000000000
122765  -28.283  -79.684  -2.037 0.0000000000
122792  -41.995  -65.812  1.895 0.0000000000
122808  -37.225  -74.568  0.595 0.0000000000
122875  -44.302  -60.764  3.464 0.0000000000
122936  -30.083  -74.751  22.475 0.0000000000
122984  -25.230  -84.556  13.460 0.0000000000
123009  -42.872  -64.646  15.996 0.0000000000
123036  -34.231  -77.142  22.854 0.0000000000
123049  -35.646  -69.654  -8.971 0.0000000000
123077  -33.343  -75.431  -4.711 0.0000000000
123110  -43.322  -68.545  1.814 0.0000000000
123126  -40.060  -66.101  9.775 0.0000000000
123134  -29.903  -74.283  -12.265 0.0000000000
123154  -26.480  -83.190  7.296 0.0000000000
123193  -37.523  -67.600  -6.540 0.0000000000
123251  -39.273  -61.807  0.579 0.0000000000
123341  -36.108  -74.807  19.055 0.0000000000
123345  -30.767  -79.849  3.112 0.0000000000
123364  -29.645  -75.790  22.525 0.0000000000
123401  -24.182  -84.964  -3.801 0.0000000000
123423  -40.416  -74.086  17.982 0.0000000000
123426  -27.742  -79.711  4.933 0.0000000000
123598  -41.590  -67.480  -5.420 0.0000000000
123642  -37.409  -74.238  15.480 0.0000000000
123666  -24.758  -85.191  9.903 0.0000000000
123712  -42.657  -61.487  4.666 0.0000000000
123769  -21.188  -80.204  7.697 0.0000000000
123773  -35.610  -70.193  10.310 0.0000000000
123866  -36.671  -71.139  9.349 0.0000000000
123939  -27.131  -80.549  -1.683 0.0000000000
123957  -45.405  -59.986  -1.054 0.0000000000
124024  -38.332  -73.982  1.538 0.0000000000
124101  -30.100  -81.144  12.265 0.0000000000
124134  -26.533  -80.308  19.038 0.0000000000
124147  -40.030  -71.099  0.041 0.0000000000
124203  -41.591  -60.893  1.447 0.0000000000
124313  -36.987  -69.143  13.803 0.0000000000
124436  -39.725  -69.344  14.607 0.0000000000
124732  -33.652  -80.107  16.362 0.0000000000
124749  -38.767  -71.404  -0.580 0.0000000000
124789  -35.694  -77.371  15.109 0.0000000000
124813  -36.194  -74.398  16.344 0.0000000000
124834  -26.101  -83.686  8.388 0.0000000000
124873  -33.114  -78.474  13.083 0.0000000000
125050  -26.384  -78.918  24.344 0.0000000000
125065  -25.454  -81.911  -1.137 0.0000000000
125107  -34.435  -77.620  18.258 0.0000000000
125112  -44.321  -65.867  3.580 0.0000000000
125121  -44.178  -64.324  9.395 0.0000000000
125147  -40.720  -70.159  -0.652 0.0000000000
125159  -41.948  -71.213  16.747 0.0000000000
125177  -29.073  -78.550  -5.942 0.0000000000
125364  -40.457  -72.060  6.794 0.0000000000
125369  -35.139  -68.169  13.836 0.0000000000
125394  -27.463  -82.330  23.291 0.0000000000
125436  -35.942  -75.683  -0.747 0.0000000000
125449  -27.507  -82.158  -1.917 0.0000000000
125506  -39.903  -66.897  7.183 0.0000000000
125583  -28.968  -79.956  23.392 0.0000000000
125680  -40.003  -75.157  11.239 0.0000000000
125709  -38.318  -76.381  11.287 0.0000000000
125718  -42.905  -65.447  5.624 0.0000000000
125730  -40.736  -74.071  11.134 0.0000000000
125858  -37.422  -77.122  11.460 0.0000000000
125918  -45.652  -59.623  0.948 0.0000000000
125932  -41.447  -73.010  19.354 0.0000000000
125963  -43.144  -67.820  7.421 0.0000000000
126222  -23.754  -83.111  -4.331 0.0000000000
126268  -37.380  -66.400  8.005 0.0000000000
126307  -42.900  -67.272  8.796 0.0000000000
126434  -44.810  -60.498  -1.595 0.0000000000
126468  -23.925  -80.114  12.830 0.0000000000
126525  -41.006  -66.801  8.724 0.0000000000
126531  -27.405  -80.948  2.548 0.0000000000
126554  -22.413  -81.711  7.369 0.0000000000
126560  -43.250  -65.655  3.100 0.0000000000
126614  -26.473  -82.720  -1.580 0.0000000000
126675  -28.154  -82.156  2.984 0.0000000000
126711  -24.379  -84.279  -3.459 0.0000000000
126935  -27.440  -80.511  18.752 0.0000000000
127038  -22.954  -86.064  13.496 0.0000000000
127131  -36.071  -71.523  -4.209 0.0000000000
127293  -27.807  -82.287  4.787 0.0000000000
127444  -25.566  -82.287  10.331 0.0000000000
127450  -24.750  -80.406  2.661 0.0000000000
127556  -45.425  -60.144  2.894 0.0000000000
127589  -39.041  -75.295  9.896 0.0000000000
127739  -25.714  -81.727  -3.814 0.0000000000
127741  -23.389  -85.984  -3.571 0.0000000000
127776  -26.265  -78.789  18.506 0.0000000000
127787  -25.731  -77.735  -6.306 0.0000000000
127844  -30.856  -81.251  12.628 0.0000000000
127980  -31.530  -80.235  4.703 0.0000000000
128002  -39.985  -67.474  -6.790 0.0000000000
128027  -25.181  -82.259  22.345 0.0000000000
128106  -37.197  -75.710  21.446 0.0000000000
128116  -29.166  -80.648  23.459 0.0000000000
128145  -37.020  -64.719  10.355 0.0000000000
128201  -41.336  -67.285  7.507 0.0000000000
128251  -25.344  -84.190  5.370 0.0000000000
128279  -25.485  -81.056  21.374 0.0000000000
128344  -24.453  -84.301  15.351 0.0000000000
128415  -23.688  -85.264  16.356 0.0000000000
128453  -26.286  -77.971  -10.125 0.0000000000
128490  -33.583  -80.708  15.004 0.0000000000
128501  -25.894  -77.980  -9.907 0.0000000000
128508  -35.945  -75.227  19.776 0.0000000000
128538  -31.435  -72.218  22.456 0.0000000000
128557  -37.048  -70.126  13.478 0.0000000000
128619  -36.137  -68.099  -5.000 0.0000000000
