#!ascii label  , from subject sub-09 vox2ras=TkReg aparc.a2009s=G_temporal_inf
2403
27362  -49.867  -58.384  -8.578 0.0000000000
27368  -49.745  -59.233  -9.385 0.0000000000
27375  -49.649  -59.137  -10.107 0.0000000000
27376  -50.273  -58.479  -9.922 0.0000000000
27381  -48.990  -59.069  -10.398 0.0000000000
27382  -49.565  -58.740  -10.273 0.0000000000
27383  -50.162  -58.308  -10.201 0.0000000000
28203  -50.241  -57.405  -8.257 0.0000000000
28210  -50.707  -57.711  -9.390 0.0000000000
28211  -51.252  -57.214  -9.621 0.0000000000
28218  -48.640  -57.731  -9.792 0.0000000000
28219  -49.436  -57.420  -10.281 0.0000000000
28220  -50.781  -57.783  -10.064 0.0000000000
28221  -51.128  -57.236  -10.127 0.0000000000
28228  -49.235  -58.292  -10.329 0.0000000000
28229  -49.939  -57.967  -10.440 0.0000000000
28230  -50.521  -57.573  -10.297 0.0000000000
29055  -50.622  -56.526  -7.887 0.0000000000
29056  -51.311  -56.872  -8.817 0.0000000000
29057  -52.070  -56.174  -8.719 0.0000000000
29062  -48.523  -56.859  -8.986 0.0000000000
29063  -49.109  -56.368  -9.406 0.0000000000
29064  -51.688  -56.681  -9.240 0.0000000000
29065  -52.089  -56.139  -9.253 0.0000000000
29072  -49.035  -56.943  -9.809 0.0000000000
29073  -49.638  -56.463  -10.057 0.0000000000
29074  -50.356  -56.309  -10.310 0.0000000000
29075  -51.490  -56.751  -9.727 0.0000000000
29076  -51.592  -56.182  -9.901 0.0000000000
29082  -50.114  -57.111  -10.468 0.0000000000
29083  -50.769  -56.871  -10.348 0.0000000000
29084  -51.260  -56.693  -10.153 0.0000000000
29837  -51.892  -55.147  -7.446 0.0000000000
29838  -52.959  -54.996  -7.603 0.0000000000
29846  -48.483  -55.618  -7.774 0.0000000000
29848  -51.650  -56.011  -8.151 0.0000000000
29849  -52.521  -55.566  -8.132 0.0000000000
29850  -53.191  -55.210  -8.078 0.0000000000
29855  -48.827  -55.986  -8.660 0.0000000000
29856  -49.505  -55.616  -9.297 0.0000000000
29857  -52.616  -55.622  -8.599 0.0000000000
29858  -53.121  -55.155  -8.555 0.0000000000
29867  -50.123  -55.657  -9.945 0.0000000000
29868  -50.676  -55.712  -10.181 0.0000000000
29869  -51.281  -55.547  -10.038 0.0000000000
29870  -52.079  -55.432  -9.529 0.0000000000
29871  -52.815  -54.919  -9.133 0.0000000000
29877  -51.029  -56.213  -10.288 0.0000000000
30620  -52.538  -54.554  -7.111 0.0000000000
30621  -53.316  -54.396  -7.092 0.0000000000
30622  -54.119  -54.175  -7.080 0.0000000000
30627  -48.647  -54.746  -7.387 0.0000000000
30628  -49.350  -54.313  -7.883 0.0000000000
30629  -53.645  -54.641  -7.626 0.0000000000
30630  -54.250  -54.275  -7.606 0.0000000000
30637  -49.105  -55.172  -8.300 0.0000000000
30638  -49.735  -54.745  -8.814 0.0000000000
30639  -50.368  -54.415  -9.253 0.0000000000
30640  -53.722  -54.758  -8.098 0.0000000000
30641  -54.190  -54.103  -8.283 0.0000000000
30649  -50.687  -54.994  -9.853 0.0000000000
30650  -51.479  -54.711  -9.765 0.0000000000
30651  -52.256  -54.446  -9.540 0.0000000000
30652  -53.463  -54.554  -8.692 0.0000000000
30653  -53.597  -53.893  -8.962 0.0000000000
31413  -52.770  -53.116  -6.004 0.0000000000
31414  -53.885  -52.981  -6.096 0.0000000000
31415  -54.872  -52.941  -6.327 0.0000000000
31425  -48.983  -52.986  -6.631 0.0000000000
31426  -52.637  -53.934  -6.621 0.0000000000
31427  -53.588  -53.752  -6.579 0.0000000000
31428  -54.519  -53.604  -6.670 0.0000000000
31429  -55.273  -53.321  -6.841 0.0000000000
31434  -48.824  -53.834  -7.020 0.0000000000
31435  -49.593  -53.343  -7.483 0.0000000000
31436  -50.369  -53.206  -8.216 0.0000000000
31437  -54.770  -53.845  -7.119 0.0000000000
31438  -55.282  -53.398  -7.333 0.0000000000
31445  -50.019  -53.948  -8.463 0.0000000000
31446  -50.689  -53.667  -9.004 0.0000000000
31447  -51.406  -53.251  -9.376 0.0000000000
31448  -54.849  -53.259  -8.201 0.0000000000
31456  -51.034  -54.124  -9.596 0.0000000000
31457  -52.386  -53.680  -9.570 0.0000000000
31458  -53.040  -53.223  -9.480 0.0000000000
31459  -53.996  -53.279  -8.908 0.0000000000
32301  -52.506  -52.437  -5.480 0.0000000000
32302  -53.201  -52.447  -5.611 0.0000000000
32303  -53.864  -52.328  -5.689 0.0000000000
32304  -55.072  -52.116  -6.010 0.0000000000
32305  -55.804  -51.936  -6.369 0.0000000000
32313  -49.582  -52.481  -6.862 0.0000000000
32314  -55.610  -52.624  -6.598 0.0000000000
32315  -56.264  -52.159  -6.808 0.0000000000
32319  -50.172  -52.594  -7.520 0.0000000000
32320  -50.773  -52.574  -8.177 0.0000000000
32321  -55.927  -52.757  -7.039 0.0000000000
32322  -56.448  -52.144  -7.043 0.0000000000
32330  -51.333  -52.562  -8.846 0.0000000000
32331  -51.892  -52.464  -9.422 0.0000000000
32332  -55.095  -52.343  -8.616 0.0000000000
32333  -55.596  -52.727  -7.760 0.0000000000
32334  -56.215  -52.198  -7.509 0.0000000000
32341  -52.386  -52.263  -9.561 0.0000000000
32342  -52.836  -52.364  -9.653 0.0000000000
32343  -53.600  -52.462  -9.442 0.0000000000
32344  -54.395  -52.616  -8.978 0.0000000000
33255  -52.344  -51.387  -4.678 0.0000000000
33256  -53.127  -51.260  -4.866 0.0000000000
33264  -49.117  -51.335  -5.834 0.0000000000
33265  -52.778  -51.895  -5.168 0.0000000000
33266  -53.526  -51.831  -5.353 0.0000000000
33267  -54.742  -51.272  -5.601 0.0000000000
33268  -55.514  -51.329  -5.992 0.0000000000
33269  -56.360  -51.268  -6.454 0.0000000000
33270  -57.036  -51.102  -6.829 0.0000000000
33278  -49.001  -52.170  -6.225 0.0000000000
33279  -49.609  -51.705  -6.446 0.0000000000
33280  -50.279  -51.388  -6.716 0.0000000000
33281  -56.756  -51.636  -6.923 0.0000000000
33282  -57.177  -51.133  -7.074 0.0000000000
33288  -50.074  -52.036  -6.978 0.0000000000
33289  -50.692  -51.902  -7.514 0.0000000000
33290  -51.448  -51.492  -7.913 0.0000000000
33291  -56.720  -51.645  -7.331 0.0000000000
33292  -57.007  -51.032  -7.732 0.0000000000
33300  -51.220  -52.103  -8.248 0.0000000000
33301  -51.787  -51.847  -8.874 0.0000000000
33302  -52.446  -51.357  -9.201 0.0000000000
33303  -55.381  -51.539  -8.909 0.0000000000
33304  -56.329  -51.495  -8.194 0.0000000000
33309  -52.242  -51.913  -9.401 0.0000000000
33310  -52.787  -51.668  -9.626 0.0000000000
33311  -53.462  -51.172  -9.770 0.0000000000
33312  -54.261  -51.700  -9.493 0.0000000000
33313  -54.806  -50.831  -9.657 0.0000000000
34288  -48.896  -50.019  -4.950 0.0000000000
34290  -52.678  -50.697  -4.388 0.0000000000
34291  -53.570  -50.419  -4.664 0.0000000000
34292  -54.260  -49.724  -4.831 0.0000000000
34302  -49.369  -50.458  -5.526 0.0000000000
34303  -50.138  -50.146  -5.799 0.0000000000
34304  -53.941  -51.200  -5.205 0.0000000000
34305  -54.443  -50.504  -5.224 0.0000000000
34306  -55.683  -50.028  -5.760 0.0000000000
34307  -56.344  -50.320  -6.187 0.0000000000
34308  -56.911  -50.636  -6.563 0.0000000000
34316  -49.803  -50.922  -6.129 0.0000000000
34317  -50.541  -50.611  -6.432 0.0000000000
34318  -51.307  -50.312  -6.785 0.0000000000
34319  -57.446  -50.470  -6.889 0.0000000000
34324  -51.000  -51.091  -7.119 0.0000000000
34325  -51.705  -50.700  -7.554 0.0000000000
34326  -52.452  -50.206  -8.000 0.0000000000
34327  -57.489  -50.506  -7.388 0.0000000000
34333  -52.106  -51.062  -8.419 0.0000000000
34334  -52.726  -50.637  -8.964 0.0000000000
34335  -53.231  -50.333  -9.431 0.0000000000
34336  -55.828  -50.686  -9.094 0.0000000000
34337  -56.552  -50.135  -8.888 0.0000000000
34338  -57.228  -50.388  -8.158 0.0000000000
34342  -53.004  -50.895  -9.598 0.0000000000
34343  -53.623  -50.360  -9.844 0.0000000000
34344  -54.285  -50.182  -10.054 0.0000000000
34345  -55.822  -49.894  -9.529 0.0000000000
35286  -53.546  -49.416  -4.265 0.0000000000
35297  -49.037  -49.204  -4.586 0.0000000000
35298  -52.945  -50.034  -4.149 0.0000000000
35306  -49.714  -49.506  -5.198 0.0000000000
35307  -50.486  -49.465  -5.593 0.0000000000
35308  -51.204  -49.107  -5.782 0.0000000000
35309  -54.800  -49.080  -5.067 0.0000000000
35310  -55.513  -49.260  -5.543 0.0000000000
35311  -56.218  -49.516  -5.962 0.0000000000
35312  -57.586  -49.053  -6.509 0.0000000000
35313  -58.311  -49.042  -6.826 0.0000000000
35318  -50.883  -49.848  -6.139 0.0000000000
35319  -51.721  -49.496  -6.541 0.0000000000
35320  -52.894  -48.897  -7.261 0.0000000000
35321  -57.879  -49.662  -6.840 0.0000000000
35327  -52.987  -49.436  -7.996 0.0000000000
35328  -53.478  -49.238  -8.829 0.0000000000
35329  -57.913  -49.892  -7.123 0.0000000000
35330  -58.289  -49.366  -7.039 0.0000000000
35335  -53.089  -49.939  -8.810 0.0000000000
35336  -53.538  -49.737  -9.549 0.0000000000
35337  -57.256  -49.589  -8.619 0.0000000000
35338  -57.779  -49.896  -7.771 0.0000000000
35339  -58.273  -49.367  -7.436 0.0000000000
35346  -53.923  -49.564  -10.071 0.0000000000
35347  -54.530  -49.558  -10.142 0.0000000000
35348  -55.256  -49.220  -10.050 0.0000000000
35349  -56.290  -49.366  -9.429 0.0000000000
36215  -49.731  -48.637  -4.646 0.0000000000
36216  -50.333  -48.105  -4.632 0.0000000000
36217  -53.878  -48.698  -4.233 0.0000000000
36218  -54.538  -48.317  -4.582 0.0000000000
36219  -55.450  -48.371  -5.305 0.0000000000
36226  -50.556  -48.712  -5.163 0.0000000000
36227  -51.473  -48.282  -5.474 0.0000000000
36228  -52.283  -47.869  -5.811 0.0000000000
36229  -56.353  -48.194  -5.805 0.0000000000
36230  -57.219  -48.271  -6.246 0.0000000000
36231  -58.099  -48.455  -6.591 0.0000000000
36234  -51.972  -48.674  -6.124 0.0000000000
36235  -52.785  -48.281  -6.585 0.0000000000
36236  -53.325  -48.351  -7.301 0.0000000000
36237  -58.705  -48.543  -6.865 0.0000000000
36242  -53.452  -48.764  -7.978 0.0000000000
36243  -58.712  -48.801  -7.133 0.0000000000
36250  -54.240  -48.238  -9.721 0.0000000000
36251  -56.816  -48.878  -9.245 0.0000000000
36252  -57.638  -48.819  -8.688 0.0000000000
36253  -58.546  -48.750  -7.954 0.0000000000
36261  -53.844  -49.000  -9.681 0.0000000000
36262  -54.388  -48.838  -10.173 0.0000000000
36263  -54.982  -48.423  -10.298 0.0000000000
36264  -55.862  -48.434  -9.937 0.0000000000
36265  -56.884  -48.142  -9.423 0.0000000000
37105  -54.445  -47.441  -4.223 0.0000000000
37115  -49.791  -47.865  -4.213 0.0000000000
37116  -50.522  -47.381  -4.361 0.0000000000
37117  -51.293  -46.971  -4.623 0.0000000000
37118  -53.872  -48.068  -3.960 0.0000000000
37119  -55.160  -47.535  -4.813 0.0000000000
37128  -51.018  -47.836  -4.881 0.0000000000
37129  -51.768  -47.431  -5.213 0.0000000000
37130  -52.482  -46.988  -5.577 0.0000000000
37131  -55.937  -47.498  -5.413 0.0000000000
37132  -57.791  -47.770  -6.375 0.0000000000
37133  -58.776  -47.891  -6.680 0.0000000000
37134  -59.194  -47.159  -6.580 0.0000000000
37139  -53.004  -47.358  -6.253 0.0000000000
37140  -53.517  -47.695  -7.029 0.0000000000
37141  -59.205  -48.122  -6.995 0.0000000000
37142  -59.671  -47.469  -6.856 0.0000000000
37148  -53.842  -48.050  -7.900 0.0000000000
37149  -54.259  -47.540  -8.947 0.0000000000
37150  -59.174  -48.174  -7.409 0.0000000000
37151  -59.743  -47.607  -7.069 0.0000000000
37160  -57.933  -47.939  -8.795 0.0000000000
37161  -58.895  -48.029  -8.097 0.0000000000
37162  -59.470  -47.481  -7.727 0.0000000000
37171  -54.556  -47.461  -9.976 0.0000000000
37172  -55.033  -47.608  -10.385 0.0000000000
37173  -55.996  -47.486  -10.090 0.0000000000
37174  -56.927  -47.266  -9.592 0.0000000000
37973  -59.250  -47.145  -0.582 0.0000000000
37984  -58.836  -47.430  -0.826 0.0000000000
37985  -59.563  -46.728  -0.408 0.0000000000
37986  -59.422  -46.722  -0.587 0.0000000000
37995  -59.206  -47.034  -0.854 0.0000000000
38025  -54.399  -46.658  -3.888 0.0000000000
38035  -50.704  -46.394  -4.032 0.0000000000
38036  -51.554  -46.071  -4.512 0.0000000000
38037  -52.152  -45.877  -4.913 0.0000000000
38038  -54.992  -46.788  -4.463 0.0000000000
38039  -55.653  -46.814  -4.989 0.0000000000
38040  -56.167  -46.030  -5.134 0.0000000000
38047  -51.995  -46.581  -5.014 0.0000000000
38048  -52.583  -46.115  -5.404 0.0000000000
38049  -53.180  -45.451  -5.836 0.0000000000
38050  -56.321  -46.805  -5.447 0.0000000000
38051  -57.048  -46.374  -5.750 0.0000000000
38052  -58.054  -46.951  -6.306 0.0000000000
38053  -58.917  -46.453  -6.306 0.0000000000
38054  -60.088  -46.588  -6.430 0.0000000000
38055  -60.722  -46.169  -6.252 0.0000000000
38060  -53.119  -46.445  -6.000 0.0000000000
38061  -53.699  -46.724  -6.819 0.0000000000
38062  -60.263  -46.964  -6.853 0.0000000000
38063  -60.699  -46.291  -6.484 0.0000000000
38070  -54.070  -47.206  -7.729 0.0000000000
38071  -54.384  -46.540  -8.532 0.0000000000
38072  -60.179  -47.086  -7.179 0.0000000000
38073  -60.696  -46.511  -6.901 0.0000000000
38081  -54.551  -46.608  -9.681 0.0000000000
38082  -57.955  -46.331  -9.073 0.0000000000
38083  -58.947  -46.547  -8.407 0.0000000000
38084  -59.741  -46.729  -7.775 0.0000000000
38085  -60.278  -46.339  -7.455 0.0000000000
38091  -54.810  -46.672  -10.261 0.0000000000
38092  -55.329  -46.737  -10.381 0.0000000000
38093  -55.685  -45.977  -10.390 0.0000000000
38094  -56.869  -46.254  -9.808 0.0000000000
38826  -59.917  -46.083  0.291 0.0000000000
38840  -59.955  -46.334  -0.261 0.0000000000
38841  -60.437  -45.844  -0.114 0.0000000000
38851  -58.902  -46.930  -0.979 0.0000000000
38852  -59.230  -46.690  -0.743 0.0000000000
38853  -59.706  -46.367  -0.423 0.0000000000
38886  -51.172  -45.304  -3.996 0.0000000000
38888  -54.413  -45.794  -3.552 0.0000000000
38889  -55.113  -45.262  -3.947 0.0000000000
38898  -51.948  -45.267  -4.627 0.0000000000
38899  -54.962  -46.053  -4.196 0.0000000000
38900  -55.616  -45.575  -4.513 0.0000000000
38901  -56.333  -45.094  -4.848 0.0000000000
38902  -60.675  -45.011  -5.380 0.0000000000
38903  -61.622  -44.879  -5.304 0.0000000000
38909  -52.534  -45.325  -5.189 0.0000000000
38910  -57.052  -45.417  -5.457 0.0000000000
38911  -57.982  -45.858  -6.003 0.0000000000
38912  -60.589  -45.855  -5.892 0.0000000000
38913  -61.176  -45.870  -6.084 0.0000000000
38914  -61.697  -45.307  -5.807 0.0000000000
38918  -54.214  -44.938  -7.539 0.0000000000
38919  -61.123  -45.979  -6.543 0.0000000000
38920  -61.583  -45.471  -6.168 0.0000000000
38927  -54.030  -45.820  -7.132 0.0000000000
38928  -54.372  -45.691  -8.092 0.0000000000
38929  -59.972  -45.297  -7.708 0.0000000000
38930  -60.864  -45.879  -7.131 0.0000000000
38931  -61.274  -45.394  -6.702 0.0000000000
38939  -54.537  -45.679  -9.265 0.0000000000
38940  -57.386  -45.342  -9.703 0.0000000000
38941  -58.325  -45.532  -8.988 0.0000000000
38942  -59.288  -45.700  -8.232 0.0000000000
38947  -54.767  -45.799  -10.166 0.0000000000
38948  -55.120  -45.116  -10.457 0.0000000000
38949  -56.269  -45.066  -10.333 0.0000000000
39669  -60.858  -45.004  0.518 0.0000000000
39683  -58.594  -45.669  -0.653 0.0000000000
39684  -60.572  -45.764  0.103 0.0000000000
39685  -61.335  -45.210  0.001 0.0000000000
39686  -62.223  -44.657  0.010 0.0000000000
39687  -62.942  -44.293  -0.021 0.0000000000
39698  -59.398  -45.701  -0.659 0.0000000000
39699  -61.283  -45.177  -0.101 0.0000000000
39731  -51.081  -44.361  -3.706 0.0000000000
39733  -55.290  -44.355  -3.631 0.0000000000
39734  -56.008  -43.884  -3.963 0.0000000000
39735  -60.997  -43.384  -4.167 0.0000000000
39736  -62.501  -43.951  -4.553 0.0000000000
39743  -51.774  -44.395  -4.334 0.0000000000
39744  -55.781  -44.722  -4.275 0.0000000000
39745  -56.529  -44.255  -4.537 0.0000000000
39746  -58.496  -43.936  -5.111 0.0000000000
39747  -59.643  -44.131  -5.137 0.0000000000
39748  -60.821  -44.196  -4.814 0.0000000000
39749  -62.308  -44.475  -5.007 0.0000000000
39750  -62.849  -43.862  -4.707 0.0000000000
39756  -52.395  -44.601  -4.925 0.0000000000
39757  -52.910  -44.633  -5.488 0.0000000000
39758  -57.031  -44.638  -5.095 0.0000000000
39759  -57.983  -44.790  -5.520 0.0000000000
39760  -58.972  -44.658  -5.515 0.0000000000
39761  -59.807  -45.082  -5.555 0.0000000000
39762  -62.024  -44.840  -5.516 0.0000000000
39763  -62.355  -44.368  -5.365 0.0000000000
39768  -53.461  -44.475  -6.103 0.0000000000
39769  -53.993  -44.166  -6.960 0.0000000000
39770  -60.844  -43.736  -6.864 0.0000000000
39771  -61.722  -44.789  -6.346 0.0000000000
39782  -54.409  -44.225  -7.852 0.0000000000
39783  -59.583  -44.062  -7.973 0.0000000000
39784  -60.652  -44.975  -7.293 0.0000000000
39793  -54.865  -44.069  -9.607 0.0000000000
39794  -58.498  -43.619  -9.725 0.0000000000
39795  -59.094  -44.421  -8.608 0.0000000000
39800  -54.758  -44.849  -9.919 0.0000000000
39801  -55.147  -44.221  -10.252 0.0000000000
39802  -56.314  -44.200  -10.440 0.0000000000
39803  -57.030  -44.354  -10.247 0.0000000000
39804  -57.891  -44.500  -9.727 0.0000000000
40536  -60.486  -44.149  1.100 0.0000000000
40537  -61.289  -44.196  0.731 0.0000000000
40551  -62.134  -44.633  0.156 0.0000000000
40552  -62.839  -44.294  0.094 0.0000000000
40553  -63.303  -44.063  -0.012 0.0000000000
40554  -63.593  -43.521  -0.072 0.0000000000
40566  -58.571  -44.249  -0.598 0.0000000000
40567  -59.501  -43.569  -0.916 0.0000000000
40568  -60.475  -44.380  -0.621 0.0000000000
40569  -62.351  -44.405  -0.284 0.0000000000
40570  -63.040  -44.086  -0.268 0.0000000000
40571  -63.370  -43.932  -0.118 0.0000000000
40582  -60.719  -43.236  -1.265 0.0000000000
40583  -61.862  -43.544  -1.097 0.0000000000
40584  -62.819  -43.697  -0.846 0.0000000000
40585  -63.692  -43.388  -0.348 0.0000000000
40600  -50.973  -43.635  -3.462 0.0000000000
40601  -51.508  -43.726  -3.925 0.0000000000
40602  -51.837  -43.105  -4.071 0.0000000000
40604  -56.260  -43.145  -3.464 0.0000000000
40605  -56.990  -42.737  -3.487 0.0000000000
40606  -62.035  -43.527  -3.988 0.0000000000
40607  -62.954  -43.576  -4.083 0.0000000000
40608  -63.406  -43.268  -4.094 0.0000000000
40615  -51.981  -43.635  -4.363 0.0000000000
40616  -52.419  -43.083  -4.640 0.0000000000
40617  -52.977  -42.833  -5.092 0.0000000000
40618  -56.767  -43.449  -4.092 0.0000000000
40619  -57.548  -43.009  -4.083 0.0000000000
40620  -58.144  -43.307  -4.535 0.0000000000
40621  -58.966  -43.234  -4.578 0.0000000000
40622  -59.959  -43.263  -4.445 0.0000000000
40626  -52.839  -43.443  -5.201 0.0000000000
40627  -53.425  -43.013  -5.644 0.0000000000
40628  -54.085  -42.874  -6.264 0.0000000000
40629  -62.820  -43.790  -5.099 0.0000000000
40640  -53.691  -43.599  -6.249 0.0000000000
40641  -54.187  -43.410  -6.796 0.0000000000
40642  -54.756  -42.988  -7.004 0.0000000000
40643  -61.790  -43.868  -6.234 0.0000000000
40644  -62.415  -43.888  -5.614 0.0000000000
40654  -54.510  -43.634  -7.538 0.0000000000
40655  -55.079  -43.348  -8.100 0.0000000000
40656  -55.871  -43.121  -8.727 0.0000000000
40657  -59.611  -42.889  -8.815 0.0000000000
40658  -60.185  -43.812  -7.473 0.0000000000
40665  -54.727  -43.868  -8.536 0.0000000000
40666  -55.265  -43.580  -9.177 0.0000000000
40667  -56.020  -43.366  -9.773 0.0000000000
40668  -58.835  -42.691  -10.011 0.0000000000
40669  -59.225  -42.289  -9.804 0.0000000000
40674  -55.336  -43.745  -9.979 0.0000000000
40675  -55.959  -43.762  -10.310 0.0000000000
40676  -57.058  -43.186  -10.140 0.0000000000
40677  -58.144  -42.794  -10.130 0.0000000000
41444  -60.304  -42.344  1.100 0.0000000000
41445  -61.133  -42.914  1.004 0.0000000000
41446  -62.045  -43.747  0.622 0.0000000000
41447  -63.305  -43.585  0.172 0.0000000000
41465  -58.548  -43.210  -0.896 0.0000000000
41466  -62.888  -42.752  0.267 0.0000000000
41467  -63.682  -42.932  -0.051 0.0000000000
41468  -63.965  -42.983  -0.474 0.0000000000
41469  -64.264  -42.417  -1.127 0.0000000000
41479  -58.184  -42.443  -1.491 0.0000000000
41480  -59.074  -42.827  -1.327 0.0000000000
41481  -59.685  -42.598  -1.720 0.0000000000
41482  -61.322  -42.724  -1.849 0.0000000000
41483  -62.330  -42.953  -1.740 0.0000000000
41484  -63.433  -43.184  -1.448 0.0000000000
41485  -64.085  -42.944  -1.164 0.0000000000
41486  -64.358  -42.285  -1.597 0.0000000000
41495  -56.996  -42.142  -2.178 0.0000000000
41496  -57.886  -42.145  -2.337 0.0000000000
41497  -58.824  -42.237  -2.026 0.0000000000
41498  -60.385  -42.432  -2.361 0.0000000000
41499  -61.528  -42.575  -2.686 0.0000000000
41500  -62.953  -42.868  -2.528 0.0000000000
41501  -63.752  -42.735  -2.316 0.0000000000
41502  -64.203  -42.441  -2.226 0.0000000000
41514  -51.585  -42.578  -3.613 0.0000000000
41515  -52.198  -42.444  -4.129 0.0000000000
41516  -56.546  -42.510  -2.824 0.0000000000
41517  -57.785  -42.405  -3.307 0.0000000000
41518  -58.757  -42.210  -3.023 0.0000000000
41519  -59.737  -42.329  -3.197 0.0000000000
41520  -61.209  -42.809  -3.504 0.0000000000
41521  -62.377  -42.981  -3.368 0.0000000000
41522  -63.383  -43.025  -3.385 0.0000000000
41523  -63.759  -42.629  -3.288 0.0000000000
41529  -52.799  -42.337  -4.680 0.0000000000
41530  -53.372  -42.339  -5.173 0.0000000000
41531  -58.396  -42.673  -3.946 0.0000000000
41532  -59.314  -42.610  -3.863 0.0000000000
41533  -60.237  -42.710  -3.756 0.0000000000
41534  -63.205  -43.318  -4.558 0.0000000000
41544  -53.933  -42.344  -5.661 0.0000000000
41545  -54.732  -42.312  -6.112 0.0000000000
41546  -61.893  -42.196  -5.647 0.0000000000
41547  -62.789  -43.091  -5.226 0.0000000000
41557  -55.348  -42.554  -6.768 0.0000000000
41558  -56.230  -42.472  -7.067 0.0000000000
41559  -57.299  -42.231  -7.617 0.0000000000
41560  -60.636  -42.506  -6.934 0.0000000000
41561  -61.768  -42.966  -5.949 0.0000000000
41567  -55.585  -42.879  -7.623 0.0000000000
41568  -56.583  -42.690  -8.203 0.0000000000
41569  -57.606  -42.277  -9.068 0.0000000000
41570  -58.563  -41.816  -9.741 0.0000000000
41571  -59.659  -41.829  -9.339 0.0000000000
41572  -60.205  -41.418  -8.696 0.0000000000
41577  -56.860  -42.852  -9.469 0.0000000000
41578  -57.921  -42.460  -9.969 0.0000000000
41579  -58.732  -42.175  -10.004 0.0000000000
41580  -59.162  -41.583  -9.761 0.0000000000
42346  -60.700  -42.101  0.685 0.0000000000
42347  -61.805  -42.592  0.533 0.0000000000
42355  -61.045  -41.693  0.061 0.0000000000
42356  -62.109  -41.910  -0.050 0.0000000000
42357  -63.201  -42.128  -0.243 0.0000000000
42358  -63.980  -42.329  -0.625 0.0000000000
42364  -62.363  -41.272  -0.733 0.0000000000
42365  -63.441  -41.392  -0.904 0.0000000000
42366  -64.271  -41.550  -1.315 0.0000000000
42367  -64.453  -41.872  -1.583 0.0000000000
42373  -51.849  -41.058  -3.042 0.0000000000
42374  -64.501  -41.679  -2.170 0.0000000000
42383  -51.951  -41.832  -3.585 0.0000000000
42384  -52.369  -41.260  -3.612 0.0000000000
42385  -52.932  -41.057  -3.974 0.0000000000
42386  -64.496  -41.100  -2.818 0.0000000000
42397  -52.577  -41.751  -4.132 0.0000000000
42398  -53.301  -41.649  -4.634 0.0000000000
42399  -54.870  -41.188  -4.859 0.0000000000
42400  -55.794  -41.042  -4.884 0.0000000000
42401  -56.817  -40.826  -4.994 0.0000000000
42402  -63.780  -42.777  -3.949 0.0000000000
42415  -54.404  -41.785  -5.376 0.0000000000
42416  -55.275  -41.652  -5.499 0.0000000000
42417  -57.423  -41.330  -5.847 0.0000000000
42418  -58.436  -40.918  -6.414 0.0000000000
42419  -59.240  -40.299  -7.107 0.0000000000
42420  -61.445  -41.096  -5.894 0.0000000000
42421  -62.632  -41.909  -5.060 0.0000000000
42428  -55.755  -42.098  -6.201 0.0000000000
42429  -56.850  -41.971  -6.453 0.0000000000
42430  -57.966  -41.652  -7.061 0.0000000000
42431  -59.690  -40.858  -9.321 0.0000000000
42432  -60.528  -41.142  -7.932 0.0000000000
42433  -61.023  -41.790  -6.442 0.0000000000
42437  -58.266  -41.682  -8.652 0.0000000000
42438  -58.972  -41.222  -9.490 0.0000000000
42439  -60.239  -40.470  -8.851 0.0000000000
43193  -61.290  -41.174  -0.677 0.0000000000
43201  -61.598  -40.645  -1.247 0.0000000000
43202  -63.724  -40.648  -1.525 0.0000000000
43203  -64.349  -40.650  -1.838 0.0000000000
43204  -64.478  -41.303  -1.842 0.0000000000
43208  -51.637  -40.519  -2.468 0.0000000000
43209  -52.210  -40.214  -2.738 0.0000000000
43210  -52.898  -39.881  -3.038 0.0000000000
43211  -64.502  -40.646  -2.389 0.0000000000
43223  -52.571  -40.624  -3.349 0.0000000000
43224  -53.274  -40.356  -3.592 0.0000000000
43225  -54.119  -40.059  -3.687 0.0000000000
43226  -54.876  -40.122  -3.915 0.0000000000
43227  -64.577  -40.198  -3.032 0.0000000000
43238  -53.668  -40.847  -4.206 0.0000000000
43239  -54.462  -40.677  -4.318 0.0000000000
43240  -55.300  -40.517  -4.354 0.0000000000
43241  -56.217  -40.258  -4.372 0.0000000000
43242  -57.213  -39.903  -4.590 0.0000000000
43243  -63.236  -39.729  -4.532 0.0000000000
43250  -57.769  -40.543  -5.355 0.0000000000
43251  -58.588  -40.177  -5.797 0.0000000000
43252  -61.569  -40.022  -5.913 0.0000000000
43253  -62.360  -39.667  -5.189 0.0000000000
43258  -59.645  -40.266  -8.696 0.0000000000
43259  -60.613  -40.304  -8.238 0.0000000000
43260  -61.001  -40.184  -7.210 0.0000000000
43266  -60.050  -40.088  -8.932 0.0000000000
43267  -60.329  -39.942  -8.674 0.0000000000
44026  -52.172  -38.923  -1.880 0.0000000000
44031  -61.423  -39.868  -1.820 0.0000000000
44032  -63.254  -40.002  -1.851 0.0000000000
44033  -64.003  -39.919  -1.975 0.0000000000
44042  -51.765  -39.771  -2.100 0.0000000000
44043  -52.530  -39.408  -2.453 0.0000000000
44044  -53.556  -39.700  -3.234 0.0000000000
44045  -54.207  -39.151  -3.116 0.0000000000
44048  -61.994  -39.119  -2.330 0.0000000000
44049  -63.297  -39.249  -2.298 0.0000000000
44050  -64.262  -39.315  -2.532 0.0000000000
44051  -64.483  -39.664  -2.758 0.0000000000
44064  -54.890  -39.508  -3.526 0.0000000000
44065  -55.578  -39.802  -3.874 0.0000000000
44066  -56.428  -39.296  -3.942 0.0000000000
44067  -64.532  -39.325  -3.137 0.0000000000
44077  -57.772  -39.239  -4.775 0.0000000000
44078  -63.811  -39.016  -4.220 0.0000000000
44079  -64.302  -38.660  -3.594 0.0000000000
44084  -58.449  -39.413  -5.432 0.0000000000
44085  -59.165  -39.565  -6.353 0.0000000000
44086  -59.527  -38.955  -6.885 0.0000000000
44087  -61.840  -39.112  -5.834 0.0000000000
44088  -62.844  -38.835  -4.908 0.0000000000
44093  -59.804  -39.501  -8.115 0.0000000000
44094  -60.734  -39.534  -8.213 0.0000000000
44095  -61.283  -39.337  -7.151 0.0000000000
44101  -60.338  -39.370  -8.435 0.0000000000
44102  -60.745  -38.923  -8.329 0.0000000000
44103  -61.170  -38.774  -8.065 0.0000000000
44850  -52.447  -38.251  -1.744 0.0000000000
44860  -52.800  -38.589  -2.201 0.0000000000
44861  -53.472  -38.136  -2.331 0.0000000000
44862  -53.992  -38.472  -2.678 0.0000000000
44863  -54.635  -38.353  -2.906 0.0000000000
44867  -61.548  -38.359  -2.624 0.0000000000
44868  -62.843  -38.377  -2.647 0.0000000000
44869  -64.014  -38.460  -2.746 0.0000000000
44883  -54.924  -38.879  -3.238 0.0000000000
44884  -55.324  -38.324  -3.234 0.0000000000
44885  -56.081  -38.400  -3.581 0.0000000000
44886  -64.398  -38.730  -2.981 0.0000000000
44891  -56.804  -38.419  -4.041 0.0000000000
44892  -57.478  -38.442  -4.575 0.0000000000
44893  -63.907  -37.453  -4.341 0.0000000000
44894  -64.187  -37.738  -3.747 0.0000000000
44900  -58.174  -38.618  -5.199 0.0000000000
44901  -58.953  -38.836  -5.925 0.0000000000
44902  -63.009  -37.791  -5.105 0.0000000000
44908  -59.397  -38.248  -6.841 0.0000000000
44909  -62.211  -37.856  -6.108 0.0000000000
44915  -60.178  -38.121  -8.018 0.0000000000
44916  -60.884  -38.260  -8.334 0.0000000000
45628  -52.932  -37.798  -1.887 0.0000000000
45639  -53.562  -37.249  -2.073 0.0000000000
45640  -54.239  -37.634  -2.535 0.0000000000
45641  -55.019  -37.631  -2.947 0.0000000000
45646  -61.093  -37.570  -2.849 0.0000000000
45647  -62.350  -37.579  -2.943 0.0000000000
45648  -63.609  -37.659  -3.052 0.0000000000
45659  -55.695  -37.616  -3.380 0.0000000000
45660  -56.395  -37.652  -3.814 0.0000000000
45661  -61.792  -36.784  -3.180 0.0000000000
45662  -63.087  -36.805  -3.344 0.0000000000
45663  -63.894  -37.062  -3.665 0.0000000000
45668  -57.040  -37.660  -4.388 0.0000000000
45669  -57.715  -37.657  -5.180 0.0000000000
45670  -63.971  -36.884  -4.137 0.0000000000
45676  -58.575  -38.043  -5.850 0.0000000000
45677  -63.533  -36.842  -4.848 0.0000000000
45683  -58.112  -37.251  -6.013 0.0000000000
45684  -58.850  -37.471  -6.615 0.0000000000
45685  -59.633  -37.433  -7.446 0.0000000000
45686  -62.058  -36.854  -7.126 0.0000000000
45687  -62.595  -37.029  -5.983 0.0000000000
45691  -60.499  -37.440  -8.065 0.0000000000
45692  -61.113  -37.447  -8.154 0.0000000000
46493  -53.521  -36.288  -1.893 0.0000000000
46507  -54.133  -36.679  -2.366 0.0000000000
46508  -54.773  -36.878  -2.784 0.0000000000
46509  -55.334  -37.023  -3.179 0.0000000000
46512  -59.661  -36.741  -2.793 0.0000000000
46513  -60.613  -36.788  -3.026 0.0000000000
46524  -55.193  -36.270  -3.287 0.0000000000
46525  -55.917  -36.828  -3.688 0.0000000000
46526  -56.559  -37.067  -4.193 0.0000000000
46527  -61.216  -35.955  -3.322 0.0000000000
46528  -62.464  -35.948  -3.529 0.0000000000
46529  -63.408  -36.055  -3.811 0.0000000000
46530  -63.653  -36.163  -4.175 0.0000000000
46536  -56.320  -36.416  -4.439 0.0000000000
46537  -57.037  -36.885  -4.917 0.0000000000
46538  -57.478  -36.899  -5.694 0.0000000000
46539  -63.629  -36.096  -4.676 0.0000000000
46544  -57.096  -36.495  -6.258 0.0000000000
46545  -63.216  -36.164  -5.494 0.0000000000
46550  -58.265  -36.814  -6.682 0.0000000000
46551  -59.070  -36.781  -7.131 0.0000000000
46552  -62.068  -36.118  -7.198 0.0000000000
46553  -62.599  -36.211  -6.395 0.0000000000
46558  -59.221  -36.073  -7.363 0.0000000000
46559  -60.744  -36.599  -7.933 0.0000000000
46560  -61.473  -36.758  -7.717 0.0000000000
47378  -53.700  -35.434  -2.161 0.0000000000
47379  -54.239  -35.420  -2.639 0.0000000000
47381  -58.653  -35.210  -2.634 0.0000000000
47382  -59.623  -35.158  -3.050 0.0000000000
47383  -60.117  -35.983  -3.111 0.0000000000
47391  -54.784  -35.463  -3.258 0.0000000000
47392  -55.232  -35.233  -3.995 0.0000000000
47393  -60.644  -35.119  -3.369 0.0000000000
47394  -61.889  -34.988  -3.621 0.0000000000
47395  -62.942  -35.210  -3.874 0.0000000000
47396  -63.368  -35.343  -4.228 0.0000000000
47401  -55.859  -35.660  -4.855 0.0000000000
47402  -63.488  -35.339  -4.633 0.0000000000
47406  -55.171  -35.763  -6.929 0.0000000000
47407  -55.907  -35.904  -6.157 0.0000000000
47408  -56.577  -36.310  -5.501 0.0000000000
47409  -63.122  -34.782  -5.833 0.0000000000
47410  -63.455  -35.378  -5.259 0.0000000000
47413  -54.911  -35.939  -7.906 0.0000000000
47414  -55.731  -35.941  -7.150 0.0000000000
47415  -56.724  -36.179  -7.021 0.0000000000
47416  -57.589  -36.404  -6.821 0.0000000000
47417  -58.336  -36.278  -7.091 0.0000000000
47418  -61.177  -35.223  -7.314 0.0000000000
47419  -61.992  -35.337  -7.084 0.0000000000
47420  -62.590  -35.468  -6.519 0.0000000000
47426  -55.241  -35.864  -7.691 0.0000000000
47427  -56.067  -35.836  -7.360 0.0000000000
47428  -57.546  -35.983  -7.165 0.0000000000
47429  -60.058  -35.963  -7.639 0.0000000000
47430  -61.375  -35.985  -7.607 0.0000000000
48282  -53.340  -34.745  -1.986 0.0000000000
48296  -53.836  -34.705  -2.557 0.0000000000
48297  -54.357  -34.892  -2.997 0.0000000000
48298  -58.283  -34.311  -2.550 0.0000000000
48299  -59.181  -34.300  -2.937 0.0000000000
48307  -54.088  -34.283  -3.194 0.0000000000
48308  -54.603  -34.735  -3.570 0.0000000000
48309  -60.156  -34.257  -3.331 0.0000000000
48310  -60.826  -33.341  -3.634 0.0000000000
48311  -61.173  -34.213  -3.621 0.0000000000
48312  -62.620  -34.435  -4.011 0.0000000000
48313  -63.298  -34.643  -4.625 0.0000000000
48318  -54.742  -34.560  -4.244 0.0000000000
48319  -55.225  -35.002  -4.732 0.0000000000
48320  -62.990  -34.075  -4.506 0.0000000000
48324  -54.214  -34.327  -5.750 0.0000000000
48325  -54.685  -34.527  -5.137 0.0000000000
48326  -55.308  -35.319  -5.660 0.0000000000
48327  -63.112  -33.956  -5.382 0.0000000000
48328  -63.423  -34.600  -5.090 0.0000000000
48332  -53.980  -34.633  -6.697 0.0000000000
48333  -54.413  -35.619  -7.714 0.0000000000
48334  -56.610  -35.134  -7.403 0.0000000000
48335  -58.224  -34.509  -6.950 0.0000000000
48336  -59.171  -34.566  -6.958 0.0000000000
48337  -60.792  -34.506  -6.961 0.0000000000
48338  -61.855  -34.418  -6.707 0.0000000000
48339  -62.706  -34.076  -6.060 0.0000000000
48345  -53.745  -35.109  -7.832 0.0000000000
48346  -54.299  -35.976  -8.761 0.0000000000
48347  -54.740  -35.899  -8.405 0.0000000000
48348  -57.545  -35.277  -7.236 0.0000000000
48349  -58.478  -35.471  -7.217 0.0000000000
48350  -59.500  -35.341  -7.315 0.0000000000
48351  -60.338  -35.258  -7.377 0.0000000000
48357  -53.994  -35.992  -9.458 0.0000000000
48358  -54.266  -35.880  -9.409 0.0000000000
48362  -54.138  -35.497  -10.195 0.0000000000
49231  -53.033  -33.179  -2.910 0.0000000000
49232  -53.547  -33.920  -2.759 0.0000000000
49234  -57.932  -33.555  -2.497 0.0000000000
49235  -58.759  -33.515  -2.841 0.0000000000
49244  -53.661  -33.507  -3.689 0.0000000000
49245  -54.304  -34.148  -3.791 0.0000000000
49246  -61.694  -33.404  -3.954 0.0000000000
49247  -62.437  -33.629  -4.304 0.0000000000
49252  -53.626  -33.451  -4.703 0.0000000000
49253  -54.236  -33.938  -4.410 0.0000000000
49254  -62.081  -32.747  -4.555 0.0000000000
49255  -62.752  -33.324  -4.799 0.0000000000
49256  -63.181  -33.911  -4.909 0.0000000000
49261  -52.714  -33.172  -6.069 0.0000000000
49262  -53.565  -33.713  -5.731 0.0000000000
49263  -54.104  -33.908  -5.099 0.0000000000
49264  -61.939  -32.661  -5.537 0.0000000000
49265  -62.435  -32.878  -5.305 0.0000000000
49266  -62.874  -33.285  -5.085 0.0000000000
49270  -52.632  -33.228  -7.011 0.0000000000
49271  -53.328  -33.952  -6.856 0.0000000000
49272  -56.693  -33.782  -7.073 0.0000000000
49273  -57.855  -33.662  -6.678 0.0000000000
49274  -58.884  -33.689  -6.552 0.0000000000
49275  -60.162  -33.724  -6.518 0.0000000000
49276  -61.300  -33.012  -6.014 0.0000000000
49277  -62.128  -33.382  -6.029 0.0000000000
49278  -62.712  -33.467  -5.549 0.0000000000
49284  -52.666  -33.123  -7.981 0.0000000000
49285  -53.272  -34.176  -7.905 0.0000000000
49286  -54.943  -35.343  -8.766 0.0000000000
49287  -55.541  -33.264  -7.856 0.0000000000
49292  -53.814  -35.452  -9.989 0.0000000000
49293  -54.594  -35.102  -10.185 0.0000000000
49297  -54.208  -34.740  -10.799 0.0000000000
49298  -54.613  -34.514  -10.941 0.0000000000
49299  -55.315  -33.860  -11.020 0.0000000000
49300  -54.730  -33.984  -11.383 0.0000000000
49301  -55.267  -33.540  -11.555 0.0000000000
50202  -57.539  -32.844  -2.442 0.0000000000
50203  -58.375  -32.783  -2.793 0.0000000000
50211  -51.888  -32.302  -3.932 0.0000000000
50212  -52.802  -32.794  -3.728 0.0000000000
50213  -59.129  -32.747  -3.130 0.0000000000
50214  -59.880  -32.094  -3.505 0.0000000000
50215  -60.710  -32.377  -3.773 0.0000000000
50222  -51.580  -32.257  -4.952 0.0000000000
50223  -52.436  -32.629  -4.578 0.0000000000
50224  -53.136  -33.000  -4.339 0.0000000000
50225  -61.938  -32.275  -4.882 0.0000000000
50226  -62.430  -32.705  -4.963 0.0000000000
50231  -51.450  -32.127  -5.847 0.0000000000
50232  -52.169  -32.625  -5.481 0.0000000000
50233  -52.951  -33.035  -5.129 0.0000000000
50234  -58.023  -31.962  -5.951 0.0000000000
50235  -59.136  -32.032  -5.665 0.0000000000
50236  -60.262  -32.024  -5.475 0.0000000000
50237  -61.337  -32.178  -5.343 0.0000000000
50238  -62.051  -32.313  -5.074 0.0000000000
50244  -52.050  -32.582  -6.373 0.0000000000
50245  -56.365  -32.490  -6.983 0.0000000000
50246  -57.411  -32.753  -6.529 0.0000000000
50247  -58.458  -32.829  -6.232 0.0000000000
50248  -59.551  -32.850  -6.052 0.0000000000
50249  -60.553  -32.727  -5.889 0.0000000000
50256  -53.281  -34.237  -9.044 0.0000000000
50257  -55.125  -33.893  -9.387 0.0000000000
50258  -55.854  -31.942  -7.748 0.0000000000
50263  -52.804  -32.873  -9.104 0.0000000000
50264  -53.499  -34.017  -10.227 0.0000000000
50265  -56.022  -32.690  -10.723 0.0000000000
50268  -54.123  -33.318  -11.211 0.0000000000
50269  -55.930  -32.797  -11.595 0.0000000000
50270  -55.066  -33.135  -11.783 0.0000000000
50271  -55.693  -32.843  -11.752 0.0000000000
51074  -49.631  -31.282  -3.316 0.0000000000
51076  -57.152  -31.376  -2.601 0.0000000000
51077  -57.966  -30.979  -3.082 0.0000000000
51078  -58.838  -31.149  -3.346 0.0000000000
51082  -49.659  -31.143  -4.114 0.0000000000
51083  -50.366  -31.615  -3.775 0.0000000000
51085  -58.644  -30.543  -3.488 0.0000000000
51086  -60.032  -31.038  -4.098 0.0000000000
51087  -61.309  -32.080  -4.461 0.0000000000
51094  -50.270  -31.355  -4.780 0.0000000000
51095  -50.979  -31.902  -4.435 0.0000000000
51096  -60.103  -31.150  -4.481 0.0000000000
51097  -60.676  -31.591  -4.508 0.0000000000
51101  -50.619  -31.238  -5.496 0.0000000000
51102  -51.035  -31.484  -6.023 0.0000000000
51103  -57.644  -31.009  -5.842 0.0000000000
51104  -58.803  -31.196  -5.339 0.0000000000
51105  -59.872  -31.322  -5.089 0.0000000000
51106  -60.752  -31.567  -4.945 0.0000000000
51107  -61.440  -31.961  -4.886 0.0000000000
51114  -51.620  -31.808  -6.750 0.0000000000
51115  -57.088  -31.834  -6.463 0.0000000000
51121  -51.613  -31.035  -7.405 0.0000000000
51122  -52.151  -31.925  -7.978 0.0000000000
51123  -56.061  -31.510  -8.638 0.0000000000
51128  -52.524  -31.586  -9.274 0.0000000000
51129  -53.171  -32.470  -10.236 0.0000000000
51130  -56.636  -31.561  -10.256 0.0000000000
51131  -57.178  -31.088  -10.849 0.0000000000
51135  -52.927  -31.212  -10.282 0.0000000000
51136  -53.583  -31.805  -10.898 0.0000000000
51137  -56.507  -31.706  -11.248 0.0000000000
51138  -57.003  -31.079  -11.048 0.0000000000
51139  -54.457  -32.167  -11.496 0.0000000000
51140  -55.469  -32.294  -11.765 0.0000000000
51141  -56.106  -32.317  -11.686 0.0000000000
51899  -57.145  -30.591  -2.841 0.0000000000
51903  -48.717  -30.361  -3.279 0.0000000000
51904  -49.176  -30.752  -3.630 0.0000000000
51905  -57.944  -30.215  -3.334 0.0000000000
51906  -58.725  -29.990  -3.783 0.0000000000
51907  -59.378  -30.521  -3.865 0.0000000000
51912  -49.445  -30.585  -4.133 0.0000000000
51913  -49.847  -30.723  -4.610 0.0000000000
51914  -58.975  -29.971  -4.071 0.0000000000
51915  -59.590  -30.601  -4.133 0.0000000000
51921  -50.355  -30.745  -5.229 0.0000000000
51922  -50.880  -30.751  -5.979 0.0000000000
51923  -57.663  -29.990  -5.670 0.0000000000
51924  -58.464  -29.574  -4.635 0.0000000000
51930  -51.469  -30.367  -6.771 0.0000000000
51931  -51.877  -30.031  -7.815 0.0000000000
51932  -56.774  -30.507  -7.315 0.0000000000
51933  -57.210  -29.959  -6.723 0.0000000000
51938  -52.045  -30.773  -8.535 0.0000000000
51939  -56.909  -30.594  -8.835 0.0000000000
51944  -52.509  -30.418  -9.754 0.0000000000
51945  -57.388  -30.773  -10.464 0.0000000000
51949  -52.974  -30.333  -10.565 0.0000000000
51950  -53.667  -30.880  -10.928 0.0000000000
51951  -53.741  -30.189  -10.810 0.0000000000
51952  -55.963  -30.837  -10.831 0.0000000000
51953  -56.524  -30.654  -10.449 0.0000000000
51954  -54.662  -31.339  -11.295 0.0000000000
51955  -56.014  -31.530  -11.393 0.0000000000
52865  -48.552  -29.727  -3.051 0.0000000000
52867  -57.019  -29.680  -3.089 0.0000000000
52872  -49.122  -30.046  -3.813 0.0000000000
52873  -49.865  -29.552  -4.099 0.0000000000
52874  -57.397  -28.832  -3.457 0.0000000000
52875  -58.035  -29.477  -3.611 0.0000000000
52876  -58.576  -29.469  -3.953 0.0000000000
52880  -49.642  -30.196  -4.330 0.0000000000
52881  -50.265  -29.959  -4.804 0.0000000000
52882  -51.180  -29.271  -5.136 0.0000000000
52883  -58.179  -28.745  -4.674 0.0000000000
52884  -58.511  -29.298  -4.152 0.0000000000
52889  -50.736  -30.142  -5.469 0.0000000000
52890  -51.345  -29.789  -6.004 0.0000000000
52891  -52.384  -28.319  -6.314 0.0000000000
52892  -57.707  -29.146  -5.855 0.0000000000
52899  -57.075  -30.250  -8.151 0.0000000000
52900  -57.425  -29.691  -7.427 0.0000000000
52906  -57.681  -30.522  -9.772 0.0000000000
52907  -57.982  -30.335  -9.433 0.0000000000
52908  -58.512  -30.324  -10.058 0.0000000000
52912  -52.808  -29.306  -10.349 0.0000000000
52913  -53.091  -28.474  -10.278 0.0000000000
52914  -54.097  -29.076  -10.087 0.0000000000
52915  -55.500  -29.829  -9.596 0.0000000000
52916  -57.194  -30.208  -10.110 0.0000000000
52917  -58.166  -30.240  -10.284 0.0000000000
52920  -53.202  -29.864  -10.688 0.0000000000
52921  -53.247  -29.204  -10.558 0.0000000000
52922  -53.860  -29.554  -10.567 0.0000000000
52923  -55.037  -30.205  -10.164 0.0000000000
53749  -49.902  -28.378  -2.958 0.0000000000
53757  -49.391  -29.222  -3.431 0.0000000000
53758  -50.297  -28.716  -3.665 0.0000000000
53759  -51.096  -28.252  -3.908 0.0000000000
53761  -57.646  -28.118  -3.757 0.0000000000
53762  -58.162  -28.807  -3.931 0.0000000000
53765  -50.694  -29.019  -4.373 0.0000000000
53766  -51.414  -28.477  -4.582 0.0000000000
53767  -51.951  -28.037  -4.826 0.0000000000
53768  -58.065  -28.129  -4.448 0.0000000000
53772  -52.152  -28.208  -5.447 0.0000000000
53773  -58.129  -28.374  -5.397 0.0000000000
53774  -58.306  -27.942  -5.909 0.0000000000
53781  -57.883  -28.913  -6.667 0.0000000000
53782  -58.424  -28.924  -7.497 0.0000000000
53783  -59.184  -28.988  -8.139 0.0000000000
53789  -52.689  -28.205  -7.667 0.0000000000
53790  -53.033  -27.644  -9.156 0.0000000000
53791  -54.882  -27.988  -8.520 0.0000000000
53792  -58.075  -29.757  -8.498 0.0000000000
53793  -58.898  -29.853  -9.345 0.0000000000
53794  -59.573  -29.704  -9.677 0.0000000000
53795  -60.264  -29.463  -9.740 0.0000000000
53800  -52.744  -28.419  -9.696 0.0000000000
53801  -53.144  -27.951  -9.920 0.0000000000
53802  -53.519  -28.117  -9.995 0.0000000000
53803  -54.482  -28.642  -9.320 0.0000000000
53804  -56.012  -29.314  -8.864 0.0000000000
53805  -57.793  -29.800  -10.074 0.0000000000
53806  -58.917  -30.026  -10.148 0.0000000000
53807  -59.887  -29.459  -10.082 0.0000000000
53808  -60.953  -29.196  -10.183 0.0000000000
53809  -61.619  -28.782  -10.254 0.0000000000
53813  -60.592  -28.965  -10.395 0.0000000000
53814  -61.280  -28.680  -10.456 0.0000000000
54573  -50.736  -27.936  -3.225 0.0000000000
54574  -51.470  -27.540  -3.524 0.0000000000
54575  -52.136  -27.173  -3.885 0.0000000000
54581  -51.724  -27.806  -4.219 0.0000000000
54582  -52.284  -27.475  -4.577 0.0000000000
54583  -52.726  -27.263  -5.127 0.0000000000
54584  -57.892  -27.421  -4.185 0.0000000000
54585  -58.335  -27.273  -4.963 0.0000000000
54590  -52.592  -27.711  -5.729 0.0000000000
54591  -53.069  -27.129  -5.938 0.0000000000
54592  -58.213  -27.793  -4.918 0.0000000000
54593  -58.783  -27.365  -6.067 0.0000000000
54602  -52.876  -27.614  -6.696 0.0000000000
54603  -53.288  -26.929  -6.991 0.0000000000
54604  -58.766  -28.140  -6.861 0.0000000000
54605  -59.495  -27.813  -7.090 0.0000000000
54606  -60.361  -28.013  -7.765 0.0000000000
54613  -53.154  -27.309  -7.925 0.0000000000
54614  -53.537  -26.851  -8.931 0.0000000000
54615  -56.020  -28.213  -7.937 0.0000000000
54616  -56.998  -28.039  -8.020 0.0000000000
54617  -58.245  -28.345  -9.012 0.0000000000
54618  -59.964  -28.952  -8.583 0.0000000000
54619  -60.929  -28.848  -9.024 0.0000000000
54620  -62.447  -27.926  -9.243 0.0000000000
54626  -53.665  -27.460  -9.480 0.0000000000
54627  -54.051  -27.308  -9.497 0.0000000000
54628  -54.626  -26.462  -8.921 0.0000000000
54629  -56.949  -29.052  -8.974 0.0000000000
54630  -58.201  -29.500  -9.919 0.0000000000
54631  -59.105  -29.389  -10.122 0.0000000000
54632  -59.786  -29.042  -10.283 0.0000000000
54633  -61.704  -28.725  -9.762 0.0000000000
54634  -62.136  -28.459  -10.039 0.0000000000
54635  -62.470  -27.835  -9.789 0.0000000000
54638  -61.978  -28.310  -10.320 0.0000000000
55597  -52.581  -26.440  -3.555 0.0000000000
55598  -53.227  -25.810  -3.686 0.0000000000
55605  -52.750  -26.799  -4.388 0.0000000000
55606  -53.211  -26.636  -5.214 0.0000000000
55611  -53.452  -26.418  -6.232 0.0000000000
55612  -58.676  -26.719  -5.274 0.0000000000
55613  -59.355  -26.721  -6.052 0.0000000000
55624  -53.556  -26.205  -7.464 0.0000000000
55625  -55.636  -26.064  -7.637 0.0000000000
55626  -56.117  -27.104  -7.336 0.0000000000
55627  -56.946  -26.732  -7.071 0.0000000000
55628  -57.805  -26.410  -7.157 0.0000000000
55629  -60.389  -26.890  -6.784 0.0000000000
55630  -61.744  -26.490  -7.177 0.0000000000
55637  -53.737  -26.131  -8.611 0.0000000000
55638  -57.611  -27.311  -7.709 0.0000000000
55639  -58.464  -27.249  -8.239 0.0000000000
55640  -59.373  -27.047  -8.755 0.0000000000
55641  -61.230  -27.615  -7.864 0.0000000000
55642  -62.250  -27.345  -8.188 0.0000000000
55643  -63.027  -27.024  -8.642 0.0000000000
55644  -63.297  -26.601  -8.910 0.0000000000
55649  -54.667  -25.646  -9.003 0.0000000000
55650  -55.036  -25.114  -9.067 0.0000000000
55651  -59.166  -28.259  -9.533 0.0000000000
55652  -60.122  -27.999  -10.089 0.0000000000
55653  -60.978  -27.335  -10.178 0.0000000000
55654  -61.785  -26.613  -9.873 0.0000000000
55655  -62.891  -27.324  -9.238 0.0000000000
55657  -60.927  -28.234  -10.577 0.0000000000
55658  -61.557  -27.827  -10.486 0.0000000000
55659  -62.401  -27.292  -9.963 0.0000000000
55660  -62.859  -27.189  -9.430 0.0000000000
55661  -63.057  -26.645  -9.408 0.0000000000
56564  -54.138  -24.960  -5.005 0.0000000000
56571  -53.796  -25.562  -6.751 0.0000000000
56572  -54.040  -25.158  -5.903 0.0000000000
56585  -53.807  -25.510  -8.056 0.0000000000
56586  -54.032  -24.915  -7.544 0.0000000000
56587  -56.382  -25.157  -6.792 0.0000000000
56588  -57.132  -25.600  -6.476 0.0000000000
56589  -58.427  -25.505  -6.764 0.0000000000
56590  -59.474  -24.955  -7.005 0.0000000000
56591  -62.898  -25.864  -7.307 0.0000000000
56592  -63.878  -25.239  -7.643 0.0000000000
56599  -54.195  -25.608  -8.805 0.0000000000
56600  -54.240  -25.001  -8.454 0.0000000000
56601  -55.468  -25.243  -8.551 0.0000000000
56602  -58.726  -26.379  -7.664 0.0000000000
56603  -59.605  -25.892  -7.914 0.0000000000
56604  -60.615  -25.744  -8.580 0.0000000000
56605  -62.785  -26.613  -7.867 0.0000000000
56606  -63.439  -26.199  -8.183 0.0000000000
56607  -63.641  -25.633  -8.384 0.0000000000
56610  -54.611  -25.188  -8.938 0.0000000000
56611  -60.284  -26.700  -9.237 0.0000000000
56612  -61.045  -26.391  -9.458 0.0000000000
56613  -63.428  -25.888  -9.041 0.0000000000
57460  -53.791  -24.945  -3.627 0.0000000000
57461  -54.196  -24.152  -3.372 0.0000000000
57469  -54.325  -24.412  -4.255 0.0000000000
57476  -54.303  -24.459  -5.928 0.0000000000
57477  -57.365  -23.949  -5.811 0.0000000000
57478  -58.077  -24.112  -5.737 0.0000000000
57482  -64.192  -23.823  -6.110 0.0000000000
57492  -54.252  -24.317  -7.004 0.0000000000
57493  -56.377  -24.322  -7.041 0.0000000000
57494  -56.838  -24.536  -6.266 0.0000000000
57495  -57.714  -24.683  -6.114 0.0000000000
57496  -60.340  -24.433  -7.164 0.0000000000
57497  -63.030  -25.015  -6.593 0.0000000000
57498  -64.016  -24.513  -6.813 0.0000000000
57499  -64.677  -23.350  -7.008 0.0000000000
57503  -54.320  -24.291  -8.068 0.0000000000
57504  -55.942  -24.698  -8.114 0.0000000000
57505  -60.233  -25.180  -7.699 0.0000000000
57506  -61.026  -24.936  -8.124 0.0000000000
57507  -62.102  -24.696  -8.597 0.0000000000
57508  -62.958  -24.057  -8.382 0.0000000000
57509  -64.139  -24.698  -7.981 0.0000000000
57510  -64.399  -23.971  -7.465 0.0000000000
57511  -54.818  -24.562  -8.828 0.0000000000
57512  -55.409  -24.571  -8.891 0.0000000000
57513  -55.956  -24.031  -8.821 0.0000000000
57514  -61.496  -25.633  -9.039 0.0000000000
57515  -62.234  -25.581  -9.282 0.0000000000
57516  -63.019  -25.000  -9.017 0.0000000000
57517  -63.678  -25.141  -8.588 0.0000000000
58465  -54.673  -23.689  -4.668 0.0000000000
58475  -54.566  -23.733  -5.584 0.0000000000
58476  -57.226  -23.110  -5.853 0.0000000000
58477  -57.936  -23.465  -5.515 0.0000000000
58478  -59.555  -23.207  -5.628 0.0000000000
58479  -60.761  -23.166  -6.282 0.0000000000
58482  -64.817  -23.292  -6.338 0.0000000000
58494  -54.431  -23.621  -7.347 0.0000000000
58495  -56.547  -23.607  -7.624 0.0000000000
58496  -56.767  -23.722  -6.425 0.0000000000
58497  -58.882  -23.815  -5.796 0.0000000000
58498  -60.815  -23.821  -6.908 0.0000000000
58499  -62.751  -23.274  -7.614 0.0000000000
58502  -54.746  -23.679  -8.390 0.0000000000
58503  -56.353  -23.432  -8.631 0.0000000000
58504  -61.349  -24.200  -7.632 0.0000000000
58505  -62.189  -23.922  -7.908 0.0000000000
58506  -63.627  -23.536  -8.003 0.0000000000
58507  -64.252  -23.857  -7.903 0.0000000000
58508  -64.422  -23.441  -7.439 0.0000000000
58509  -55.416  -23.960  -8.852 0.0000000000
58510  -56.062  -23.413  -8.821 0.0000000000
58511  -63.701  -24.345  -8.385 0.0000000000
59378  -54.736  -22.682  -2.938 0.0000000000
59388  -55.038  -22.860  -4.094 0.0000000000
59389  -55.291  -21.908  -4.317 0.0000000000
59393  -54.870  -22.987  -5.267 0.0000000000
59394  -55.135  -22.174  -5.091 0.0000000000
59406  -54.887  -22.372  -5.853 0.0000000000
59407  -57.386  -22.227  -5.976 0.0000000000
59408  -57.903  -22.570  -5.313 0.0000000000
59425  -54.636  -23.050  -6.380 0.0000000000
59426  -56.975  -22.766  -8.256 0.0000000000
59427  -57.209  -22.368  -7.045 0.0000000000
59428  -61.955  -22.793  -6.684 0.0000000000
59429  -63.092  -22.496  -7.021 0.0000000000
59430  -63.991  -22.406  -7.212 0.0000000000
59431  -64.550  -22.759  -7.164 0.0000000000
59432  -54.683  -22.783  -7.653 0.0000000000
59433  -55.154  -22.366  -8.235 0.0000000000
59434  -57.431  -22.019  -8.783 0.0000000000
59435  -63.573  -22.930  -7.570 0.0000000000
59436  -64.116  -23.098  -7.651 0.0000000000
59437  -55.308  -23.117  -8.617 0.0000000000
59438  -55.931  -22.548  -8.821 0.0000000000
59439  -56.733  -22.569  -8.720 0.0000000000
60318  -55.183  -21.979  -3.438 0.0000000000
60319  -55.399  -21.208  -3.964 0.0000000000
60332  -55.284  -21.332  -4.978 0.0000000000
60349  -55.051  -21.643  -5.871 0.0000000000
60354  -64.245  -20.842  -6.050 0.0000000000
60363  -54.819  -22.144  -6.650 0.0000000000
60364  -63.639  -21.707  -6.565 0.0000000000
60365  -54.918  -21.975  -7.463 0.0000000000
60366  -55.343  -21.534  -8.091 0.0000000000
60367  -57.569  -22.033  -8.054 0.0000000000
60368  -57.953  -21.559  -8.754 0.0000000000
60369  -56.393  -21.728  -8.816 0.0000000000
60370  -57.268  -21.845  -8.980 0.0000000000
60371  -57.798  -21.536  -9.060 0.0000000000
60372  -58.269  -21.133  -9.111 0.0000000000
60373  -57.526  -21.293  -9.122 0.0000000000
60374  -58.074  -21.043  -9.278 0.0000000000
60375  -58.396  -20.848  -9.216 0.0000000000
61239  -55.376  -20.428  -3.503 0.0000000000
61269  -55.259  -20.155  -6.620 0.0000000000
61277  -55.298  -20.677  -7.402 0.0000000000
61278  -58.072  -20.736  -7.264 0.0000000000
61279  -55.740  -20.745  -8.140 0.0000000000
61280  -57.972  -21.436  -7.939 0.0000000000
61281  -58.485  -20.927  -8.578 0.0000000000
61282  -56.434  -20.803  -8.667 0.0000000000
61283  -57.075  -20.889  -9.050 0.0000000000
61284  -58.706  -20.645  -9.128 0.0000000000
61285  -57.704  -20.538  -9.266 0.0000000000
61286  -58.508  -20.435  -9.309 0.0000000000
62113  -55.452  -19.683  -3.975 0.0000000000
62120  -55.345  -19.098  -5.341 0.0000000000
62131  -55.332  -19.226  -6.298 0.0000000000
62136  -55.511  -19.933  -7.404 0.0000000000
62139  -55.794  -19.440  -7.606 0.0000000000
62140  -56.196  -19.380  -8.049 0.0000000000
62141  -59.247  -19.583  -8.347 0.0000000000
62142  -55.974  -20.023  -8.112 0.0000000000
62143  -56.722  -20.060  -8.699 0.0000000000
62144  -57.384  -19.563  -9.018 0.0000000000
62145  -59.102  -20.037  -9.276 0.0000000000
62146  -59.514  -19.494  -9.097 0.0000000000
62147  -58.351  -19.774  -9.410 0.0000000000
62148  -58.920  -19.746  -9.437 0.0000000000
62149  -59.356  -19.222  -9.368 0.0000000000
62910  -55.334  -18.966  -3.517 0.0000000000
62920  -55.094  -18.137  -3.212 0.0000000000
62921  -55.356  -18.461  -4.041 0.0000000000
62929  -55.323  -18.421  -4.848 0.0000000000
62934  -55.300  -18.426  -5.747 0.0000000000
62938  -55.438  -18.408  -6.503 0.0000000000
62940  -55.735  -18.281  -7.101 0.0000000000
62941  -55.939  -18.848  -7.546 0.0000000000
62942  -59.076  -18.912  -7.569 0.0000000000
62943  -59.745  -18.773  -8.609 0.0000000000
62944  -56.392  -18.730  -8.051 0.0000000000
62945  -57.015  -18.729  -8.633 0.0000000000
62946  -59.812  -18.611  -9.246 0.0000000000
62947  -60.170  -17.845  -9.411 0.0000000000
62948  -57.972  -18.871  -9.278 0.0000000000
62949  -59.022  -18.940  -9.548 0.0000000000
62950  -59.716  -18.339  -9.428 0.0000000000
63805  -54.593  -17.495  -2.549 0.0000000000
63821  -54.882  -17.273  -3.453 0.0000000000
63822  -55.224  -17.824  -4.185 0.0000000000
63828  -54.984  -17.059  -4.399 0.0000000000
63829  -55.204  -17.701  -5.125 0.0000000000
63832  -55.016  -16.834  -5.338 0.0000000000
63833  -55.252  -17.678  -5.981 0.0000000000
63835  -55.537  -17.635  -6.660 0.0000000000
63837  -59.168  -17.478  -7.143 0.0000000000
63838  -55.930  -17.393  -7.255 0.0000000000
63839  -59.387  -18.287  -7.656 0.0000000000
63840  -59.956  -17.880  -8.225 0.0000000000
63841  -60.594  -17.367  -8.772 0.0000000000
63842  -56.655  -18.022  -8.199 0.0000000000
63843  -57.439  -17.972  -8.820 0.0000000000
63844  -60.278  -18.053  -9.084 0.0000000000
63845  -60.535  -17.448  -9.288 0.0000000000
63846  -58.499  -18.036  -9.413 0.0000000000
63847  -59.497  -17.956  -9.570 0.0000000000
63848  -60.084  -17.596  -9.558 0.0000000000
63849  -60.502  -17.206  -9.448 0.0000000000
64675  -54.437  -16.692  -2.762 0.0000000000
64689  -54.628  -16.486  -3.658 0.0000000000
64695  -54.695  -16.287  -4.524 0.0000000000
64696  -55.278  -16.915  -6.223 0.0000000000
64698  -54.928  -16.109  -5.811 0.0000000000
64699  -55.362  -16.099  -6.584 0.0000000000
64701  -59.371  -16.609  -7.016 0.0000000000
64702  -55.822  -16.447  -7.188 0.0000000000
64703  -56.390  -16.622  -7.731 0.0000000000
64704  -60.104  -17.067  -7.831 0.0000000000
64705  -60.858  -16.602  -8.449 0.0000000000
64706  -56.983  -17.096  -8.349 0.0000000000
64707  -57.940  -17.132  -9.082 0.0000000000
64708  -58.521  -16.364  -9.277 0.0000000000
64709  -61.028  -16.838  -9.164 0.0000000000
64710  -61.356  -16.137  -9.125 0.0000000000
64711  -58.983  -17.240  -9.545 0.0000000000
64712  -59.531  -16.612  -9.607 0.0000000000
64713  -60.309  -16.882  -9.628 0.0000000000
64714  -60.903  -16.584  -9.385 0.0000000000
65577  -53.745  -15.338  -2.448 0.0000000000
65578  -54.229  -15.901  -2.985 0.0000000000
65588  -53.973  -15.165  -3.273 0.0000000000
65589  -54.390  -15.734  -3.852 0.0000000000
65597  -54.456  -15.569  -4.631 0.0000000000
65599  -54.577  -15.392  -5.338 0.0000000000
65601  -55.339  -15.113  -6.775 0.0000000000
65602  -55.677  -15.709  -7.122 0.0000000000
65604  -59.484  -15.951  -6.874 0.0000000000
65605  -60.138  -15.439  -7.167 0.0000000000
65606  -56.147  -15.766  -7.550 0.0000000000
65607  -56.610  -15.791  -7.987 0.0000000000
65608  -60.230  -16.255  -7.549 0.0000000000
65609  -61.203  -15.776  -8.080 0.0000000000
65610  -61.748  -15.044  -8.216 0.0000000000
65611  -57.224  -15.371  -8.458 0.0000000000
65612  -58.139  -15.486  -8.999 0.0000000000
65613  -59.170  -15.654  -9.448 0.0000000000
65614  -61.362  -16.221  -8.792 0.0000000000
65615  -61.565  -15.558  -8.700 0.0000000000
65616  -60.003  -16.146  -9.649 0.0000000000
65617  -60.662  -16.135  -9.541 0.0000000000
65618  -61.231  -16.025  -9.311 0.0000000000
65619  -61.566  -15.528  -8.991 0.0000000000
66501  -53.572  -14.578  -2.770 0.0000000000
66512  -53.744  -14.453  -3.676 0.0000000000
66513  -54.174  -15.064  -4.081 0.0000000000
66520  -53.819  -14.136  -4.559 0.0000000000
66521  -54.225  -14.887  -4.757 0.0000000000
66524  -53.919  -13.519  -5.288 0.0000000000
66525  -54.378  -14.464  -5.511 0.0000000000
66527  -54.893  -14.372  -6.400 0.0000000000
66530  -61.232  -14.822  -7.500 0.0000000000
66531  -61.906  -14.084  -7.447 0.0000000000
66532  -56.521  -14.917  -7.987 0.0000000000
66533  -57.222  -14.360  -8.469 0.0000000000
66534  -57.895  -14.661  -8.801 0.0000000000
66535  -60.799  -14.748  -9.190 0.0000000000
66536  -61.629  -14.879  -8.815 0.0000000000
66537  -61.879  -14.724  -8.397 0.0000000000
66538  -60.104  -15.365  -9.488 0.0000000000
66539  -61.143  -15.494  -9.305 0.0000000000
67358  -53.234  -13.926  -2.369 0.0000000000
67368  -53.023  -13.227  -2.948 0.0000000000
67369  -53.405  -13.647  -3.759 0.0000000000
67379  -53.452  -13.244  -4.509 0.0000000000
67382  -54.466  -13.612  -6.082 0.0000000000
67385  -60.540  -13.017  -6.067 0.0000000000
67386  -55.013  -13.555  -6.841 0.0000000000
67387  -61.260  -13.599  -6.682 0.0000000000
67388  -62.393  -13.492  -7.390 0.0000000000
67389  -62.892  -13.305  -7.935 0.0000000000
67390  -56.093  -14.124  -7.743 0.0000000000
67391  -56.686  -14.007  -8.231 0.0000000000
67392  -62.696  -13.970  -8.030 0.0000000000
67393  -57.276  -13.443  -8.494 0.0000000000
67394  -58.151  -13.460  -8.656 0.0000000000
67395  -59.108  -13.708  -8.743 0.0000000000
67396  -60.290  -13.985  -8.803 0.0000000000
67397  -61.499  -14.210  -8.668 0.0000000000
67398  -62.324  -14.196  -8.260 0.0000000000
67399  -62.813  -13.552  -8.046 0.0000000000
68190  -52.619  -12.370  -3.284 0.0000000000
68191  -53.054  -12.872  -3.847 0.0000000000
68203  -52.699  -12.161  -4.125 0.0000000000
68204  -53.150  -12.576  -4.494 0.0000000000
68209  -53.506  -12.699  -5.116 0.0000000000
68210  -54.059  -12.825  -5.850 0.0000000000
68213  -60.967  -12.413  -5.768 0.0000000000
68214  -62.130  -12.324  -6.275 0.0000000000
68215  -53.610  -12.069  -5.648 0.0000000000
68216  -54.178  -12.135  -6.440 0.0000000000
68217  -55.128  -12.890  -7.267 0.0000000000
68218  -61.711  -12.969  -6.508 0.0000000000
68219  -62.822  -12.831  -7.240 0.0000000000
68220  -63.181  -12.337  -7.574 0.0000000000
68221  -63.555  -11.449  -7.566 0.0000000000
68222  -54.832  -12.166  -7.385 0.0000000000
68223  -55.557  -12.468  -7.926 0.0000000000
68224  -56.447  -13.336  -8.206 0.0000000000
68225  -58.402  -12.487  -7.950 0.0000000000
68226  -59.314  -12.566  -7.804 0.0000000000
68227  -60.586  -12.626  -7.930 0.0000000000
68228  -62.181  -12.779  -8.158 0.0000000000
68229  -56.086  -11.975  -8.511 0.0000000000
68230  -56.799  -12.494  -8.458 0.0000000000
68231  -57.712  -12.704  -8.423 0.0000000000
68232  -58.678  -13.031  -8.392 0.0000000000
68233  -59.805  -13.243  -8.355 0.0000000000
68234  -61.139  -13.430  -8.436 0.0000000000
68235  -62.272  -13.599  -8.303 0.0000000000
69105  -52.205  -11.769  -2.735 0.0000000000
69115  -51.818  -11.059  -3.139 0.0000000000
69116  -52.254  -11.625  -3.640 0.0000000000
69127  -52.421  -11.431  -4.447 0.0000000000
69128  -53.002  -11.945  -4.936 0.0000000000
69131  -61.765  -11.083  -5.069 0.0000000000
69137  -52.711  -11.149  -5.141 0.0000000000
69138  -53.255  -11.446  -5.514 0.0000000000
69139  -61.361  -11.759  -5.441 0.0000000000
69140  -62.474  -11.647  -5.904 0.0000000000
69141  -63.454  -11.415  -6.465 0.0000000000
69142  -64.125  -10.998  -7.031 0.0000000000
69143  -53.714  -11.430  -6.200 0.0000000000
69144  -54.312  -11.470  -7.087 0.0000000000
69145  -58.168  -11.266  -6.853 0.0000000000
69146  -59.199  -11.062  -6.783 0.0000000000
69147  -60.444  -10.715  -7.127 0.0000000000
69148  -63.207  -12.192  -6.836 0.0000000000
69149  -63.665  -11.617  -7.270 0.0000000000
69150  -64.034  -10.957  -7.445 0.0000000000
69151  -54.820  -11.452  -7.871 0.0000000000
69152  -55.427  -11.673  -8.282 0.0000000000
69153  -56.928  -11.479  -8.277 0.0000000000
69154  -57.751  -11.955  -7.822 0.0000000000
69155  -58.747  -11.916  -7.325 0.0000000000
69156  -59.896  -11.789  -7.352 0.0000000000
69157  -61.285  -11.699  -7.622 0.0000000000
69158  -62.736  -11.631  -7.809 0.0000000000
69159  -63.644  -11.112  -7.709 0.0000000000
69160  -64.207  -10.446  -7.734 0.0000000000
69161  -55.117  -10.967  -8.526 0.0000000000
69162  -55.847  -11.069  -8.757 0.0000000000
69163  -56.473  -11.631  -8.496 0.0000000000
69164  -57.108  -12.048  -8.449 0.0000000000
70014  -51.554  -10.319  -3.467 0.0000000000
70015  -51.926  -10.902  -3.997 0.0000000000
70027  -51.716  -10.096  -4.329 0.0000000000
70028  -52.185  -10.712  -4.740 0.0000000000
70030  -62.220  -10.418  -4.642 0.0000000000
70031  -63.301  -10.084  -5.189 0.0000000000
70038  -52.540  -10.531  -5.297 0.0000000000
70039  -53.213  -10.721  -5.825 0.0000000000
70040  -62.824  -10.922  -5.508 0.0000000000
70041  -63.834  -10.636  -6.123 0.0000000000
70042  -64.316  -10.312  -6.792 0.0000000000
70043  -52.697  -9.983  -5.714 0.0000000000
70044  -53.848  -10.754  -6.867 0.0000000000
70045  -54.465  -10.857  -7.840 0.0000000000
70046  -56.505  -10.206  -7.191 0.0000000000
70047  -57.405  -10.556  -6.718 0.0000000000
70048  -58.647  -10.246  -6.536 0.0000000000
70049  -59.789  -9.819  -6.762 0.0000000000
70050  -60.905  -9.359  -7.271 0.0000000000
70051  -64.377  -10.198  -7.803 0.0000000000
70052  -65.049  -9.589  -8.714 0.0000000000
70053  -54.012  -10.061  -7.834 0.0000000000
70054  -54.726  -10.327  -8.690 0.0000000000
70055  -56.104  -10.156  -8.405 0.0000000000
70056  -56.701  -10.863  -7.979 0.0000000000
70057  -57.368  -11.322  -7.442 0.0000000000
70058  -61.829  -10.397  -7.558 0.0000000000
70059  -63.220  -10.462  -7.805 0.0000000000
70060  -64.368  -9.931  -8.044 0.0000000000
70061  -65.016  -9.883  -8.556 0.0000000000
70062  -55.333  -10.377  -8.934 0.0000000000
70063  -55.804  -10.414  -8.801 0.0000000000
70064  -56.292  -10.904  -8.587 0.0000000000
70920  -51.229  -8.913  -3.719 0.0000000000
70922  -62.217  -9.194  -3.548 0.0000000000
70923  -63.230  -8.467  -4.192 0.0000000000
70935  -51.524  -9.388  -4.207 0.0000000000
70936  -52.094  -10.055  -5.101 0.0000000000
70937  -62.692  -9.587  -4.338 0.0000000000
70938  -63.760  -9.000  -4.993 0.0000000000
70939  -64.375  -8.454  -5.745 0.0000000000
70947  -51.777  -9.432  -4.805 0.0000000000
70948  -52.214  -9.361  -5.470 0.0000000000
70949  -64.333  -9.607  -5.998 0.0000000000
70950  -64.459  -8.718  -6.745 0.0000000000
70951  -64.324  -8.747  -7.614 0.0000000000
70952  -52.813  -9.285  -6.238 0.0000000000
70953  -53.466  -9.266  -7.232 0.0000000000
70954  -55.704  -8.806  -7.529 0.0000000000
70955  -56.044  -9.378  -7.091 0.0000000000
70956  -56.966  -9.495  -6.506 0.0000000000
70957  -59.275  -8.883  -6.715 0.0000000000
70958  -60.259  -8.499  -7.051 0.0000000000
70959  -61.259  -8.613  -7.218 0.0000000000
70960  -62.307  -8.611  -7.382 0.0000000000
70961  -64.469  -9.389  -7.886 0.0000000000
70962  -53.882  -9.293  -8.447 0.0000000000
70963  -54.443  -9.746  -8.825 0.0000000000
70964  -55.686  -9.422  -8.420 0.0000000000
70965  -61.916  -9.095  -7.575 0.0000000000
70966  -63.118  -8.929  -7.771 0.0000000000
70967  -64.299  -9.102  -8.180 0.0000000000
70968  -64.804  -9.421  -8.580 0.0000000000
70969  -54.529  -9.154  -9.290 0.0000000000
70970  -54.945  -9.824  -9.211 0.0000000000
70971  -55.497  -9.823  -9.027 0.0000000000
70972  -55.108  -9.281  -9.348 0.0000000000
71806  -63.167  -6.753  -3.403 0.0000000000
71814  -50.828  -8.141  -3.262 0.0000000000
71819  -60.439  -8.236  -4.310 0.0000000000
71820  -62.703  -8.085  -3.391 0.0000000000
71821  -63.663  -7.097  -4.367 0.0000000000
71832  -51.527  -8.809  -4.448 0.0000000000
71835  -59.874  -8.334  -5.153 0.0000000000
71836  -60.908  -8.298  -5.357 0.0000000000
71837  -62.177  -7.831  -5.459 0.0000000000
71838  -64.126  -7.707  -5.131 0.0000000000
71839  -64.321  -7.570  -5.974 0.0000000000
71849  -51.817  -8.731  -5.135 0.0000000000
71850  -52.272  -8.614  -5.876 0.0000000000
71851  -59.386  -7.631  -6.128 0.0000000000
71852  -60.075  -8.016  -6.449 0.0000000000
71853  -61.332  -8.301  -6.351 0.0000000000
71854  -62.572  -8.095  -6.381 0.0000000000
71855  -63.614  -7.699  -6.509 0.0000000000
71856  -64.210  -7.973  -6.766 0.0000000000
71857  -52.912  -8.535  -6.743 0.0000000000
71858  -53.436  -8.551  -7.792 0.0000000000
71859  -56.063  -8.274  -6.753 0.0000000000
71860  -57.346  -7.522  -6.589 0.0000000000
71861  -60.258  -8.319  -6.892 0.0000000000
71862  -61.775  -8.418  -7.049 0.0000000000
71863  -62.887  -8.278  -7.118 0.0000000000
71864  -63.749  -8.199  -7.316 0.0000000000
71865  -64.145  -8.572  -7.659 0.0000000000
71866  -64.570  -9.229  -8.454 0.0000000000
71867  -55.517  -8.782  -8.505 0.0000000000
71868  -63.226  -8.500  -7.514 0.0000000000
71869  -63.950  -8.694  -7.902 0.0000000000
71870  -64.421  -9.151  -8.287 0.0000000000
71871  -53.807  -8.592  -8.896 0.0000000000
71872  -55.284  -8.743  -9.273 0.0000000000
71873  -54.299  -8.405  -9.534 0.0000000000
71874  -54.939  -8.669  -9.638 0.0000000000
72706  -63.202  -5.533  -3.513 0.0000000000
72715  -50.631  -7.361  -3.166 0.0000000000
72716  -50.970  -7.421  -3.788 0.0000000000
72721  -61.273  -7.057  -3.605 0.0000000000
72722  -62.577  -6.092  -4.239 0.0000000000
72723  -63.426  -6.051  -4.502 0.0000000000
72724  -63.939  -6.641  -5.287 0.0000000000
72733  -51.386  -7.452  -4.582 0.0000000000
72736  -58.784  -7.496  -5.620 0.0000000000
72737  -61.721  -7.503  -4.577 0.0000000000
72738  -62.936  -6.553  -4.958 0.0000000000
72739  -63.744  -6.393  -5.062 0.0000000000
72740  -64.059  -7.058  -5.901 0.0000000000
72749  -51.789  -7.873  -5.400 0.0000000000
72750  -52.320  -7.830  -6.306 0.0000000000
72751  -58.549  -6.643  -6.253 0.0000000000
72752  -58.939  -6.887  -6.728 0.0000000000
72753  -59.078  -7.372  -6.981 0.0000000000
72754  -63.374  -7.200  -5.646 0.0000000000
72755  -64.032  -6.912  -5.772 0.0000000000
72756  -64.050  -7.680  -6.611 0.0000000000
72762  -51.860  -7.110  -5.906 0.0000000000
72763  -52.364  -7.074  -6.756 0.0000000000
72764  -55.636  -8.036  -7.450 0.0000000000
72765  -56.439  -7.083  -6.785 0.0000000000
72766  -58.117  -6.598  -6.886 0.0000000000
72767  -58.852  -6.939  -7.059 0.0000000000
72768  -52.912  -7.796  -7.247 0.0000000000
72769  -53.388  -7.845  -8.258 0.0000000000
72770  -55.447  -8.045  -8.562 0.0000000000
72771  -53.739  -7.906  -9.225 0.0000000000
72772  -55.210  -8.006  -9.537 0.0000000000
72773  -54.118  -7.756  -9.819 0.0000000000
72774  -54.676  -7.539  -10.086 0.0000000000
73554  -61.459  -5.981  -3.016 0.0000000000
73555  -62.518  -4.981  -3.334 0.0000000000
73556  -63.001  -4.730  -3.347 0.0000000000
73570  -50.661  -6.718  -3.476 0.0000000000
73571  -51.066  -6.735  -4.194 0.0000000000
73575  -62.281  -5.701  -3.664 0.0000000000
73576  -62.983  -5.185  -3.957 0.0000000000
73577  -63.091  -5.410  -4.064 0.0000000000
73578  -63.515  -6.240  -4.740 0.0000000000
73586  -50.757  -6.002  -3.936 0.0000000000
73587  -51.197  -6.106  -4.649 0.0000000000
73590  -57.753  -6.503  -5.432 0.0000000000
73591  -63.306  -5.882  -4.441 0.0000000000
73592  -63.848  -6.576  -5.286 0.0000000000
73602  -51.536  -6.385  -5.404 0.0000000000
73603  -57.572  -5.799  -5.590 0.0000000000
73604  -58.181  -5.921  -6.615 0.0000000000
73605  -58.649  -6.677  -6.862 0.0000000000
73612  -51.888  -6.355  -6.316 0.0000000000
73613  -52.395  -6.345  -7.211 0.0000000000
73614  -55.631  -7.199  -7.615 0.0000000000
73615  -58.149  -5.963  -6.805 0.0000000000
73616  -53.347  -7.211  -8.697 0.0000000000
73617  -55.579  -6.462  -7.901 0.0000000000
73618  -56.047  -5.485  -7.443 0.0000000000
73619  -52.905  -6.453  -8.210 0.0000000000
73620  -53.361  -6.636  -9.216 0.0000000000
73621  -55.343  -6.316  -9.809 0.0000000000
73622  -53.969  -6.921  -10.172 0.0000000000
73623  -54.825  -6.765  -10.404 0.0000000000
73624  -55.068  -6.158  -10.577 0.0000000000
73625  -54.411  -6.340  -10.486 0.0000000000
73626  -54.849  -6.138  -10.646 0.0000000000
73627  -55.017  -5.566  -10.973 0.0000000000
74418  -61.743  -5.113  -2.760 0.0000000000
74419  -62.619  -4.379  -2.797 0.0000000000
74434  -50.437  -5.349  -3.729 0.0000000000
74437  -62.907  -4.786  -3.391 0.0000000000
74444  -50.820  -5.194  -4.584 0.0000000000
74454  -51.553  -5.659  -5.877 0.0000000000
74455  -57.812  -5.137  -6.212 0.0000000000
74463  -51.913  -5.539  -6.750 0.0000000000
74464  -57.677  -5.408  -7.040 0.0000000000
74465  -58.050  -5.254  -6.945 0.0000000000
74466  -52.010  -4.843  -7.298 0.0000000000
74467  -52.453  -5.647  -7.709 0.0000000000
74468  -55.907  -4.844  -7.946 0.0000000000
74469  -57.071  -4.655  -7.240 0.0000000000
74470  -57.869  -4.820  -7.019 0.0000000000
74471  -52.954  -5.813  -8.738 0.0000000000
74472  -53.460  -6.004  -9.752 0.0000000000
74473  -55.557  -5.306  -9.132 0.0000000000
74474  -53.917  -6.093  -10.390 0.0000000000
74475  -55.318  -5.643  -10.381 0.0000000000
74476  -54.474  -5.652  -10.769 0.0000000000
75309  -50.272  -4.632  -3.935 0.0000000000
75318  -50.045  -3.969  -4.141 0.0000000000
75331  -50.457  -4.232  -4.640 0.0000000000
75332  -51.239  -5.035  -5.465 0.0000000000
75333  -57.229  -4.472  -5.617 0.0000000000
75334  -57.776  -4.455  -6.699 0.0000000000
75344  -51.544  -4.978  -6.204 0.0000000000
75345  -52.224  -4.316  -7.851 0.0000000000
75346  -56.766  -3.811  -7.630 0.0000000000
75347  -57.655  -4.150  -7.086 0.0000000000
75348  -53.024  -5.134  -9.221 0.0000000000
75349  -55.913  -4.312  -8.684 0.0000000000
75350  -53.125  -4.351  -9.543 0.0000000000
75351  -53.596  -5.264  -10.261 0.0000000000
75352  -55.627  -4.825  -9.975 0.0000000000
75353  -54.138  -4.834  -10.941 0.0000000000
75354  -54.868  -4.979  -11.295 0.0000000000
75355  -55.154  -4.784  -11.354 0.0000000000
75356  -55.087  -4.254  -11.685 0.0000000000
76214  -50.076  -3.474  -4.666 0.0000000000
76216  -55.572  -2.982  -4.964 0.0000000000
76217  -56.549  -3.685  -5.292 0.0000000000
76228  -50.564  -3.650  -5.371 0.0000000000
76229  -51.169  -4.248  -5.915 0.0000000000
76230  -56.473  -2.946  -5.518 0.0000000000
76231  -57.241  -3.199  -5.928 0.0000000000
76232  -57.635  -3.538  -6.681 0.0000000000
76245  -50.878  -3.423  -6.077 0.0000000000
76246  -51.360  -3.683  -6.596 0.0000000000
76247  -57.435  -2.860  -6.473 0.0000000000
76255  -51.791  -4.005  -7.265 0.0000000000
76256  -52.165  -3.506  -7.975 0.0000000000
76257  -57.313  -2.842  -7.494 0.0000000000
76259  -52.726  -3.482  -8.899 0.0000000000
76260  -55.945  -4.026  -9.563 0.0000000000
76261  -56.480  -3.252  -8.588 0.0000000000
76262  -53.301  -3.505  -9.876 0.0000000000
76263  -55.760  -4.329  -10.794 0.0000000000
76264  -56.300  -3.395  -9.872 0.0000000000
76265  -53.842  -3.993  -10.819 0.0000000000
76266  -54.562  -4.287  -11.430 0.0000000000
76267  -55.578  -3.982  -11.647 0.0000000000
76268  -56.286  -3.497  -11.108 0.0000000000
76269  -54.901  -3.669  -11.925 0.0000000000
76270  -55.497  -3.495  -12.072 0.0000000000
76271  -56.133  -3.289  -12.084 0.0000000000
77172  -50.090  -2.951  -5.205 0.0000000000
77184  -49.773  -2.303  -5.464 0.0000000000
77185  -50.400  -2.730  -5.894 0.0000000000
77186  -55.099  -2.167  -5.203 0.0000000000
77187  -55.994  -2.376  -5.595 0.0000000000
77188  -56.911  -2.564  -6.019 0.0000000000
77199  -51.000  -2.794  -6.604 0.0000000000
77200  -56.442  -1.962  -6.190 0.0000000000
77201  -57.302  -2.216  -6.725 0.0000000000
77202  -57.626  -2.823  -6.962 0.0000000000
77211  -51.579  -3.186  -7.226 0.0000000000
77212  -51.818  -2.617  -7.728 0.0000000000
77213  -57.454  -2.146  -7.346 0.0000000000
77214  -43.415  -2.985  -8.945 0.0000000000
77215  -44.240  -3.073  -9.016 0.0000000000
77217  -52.344  -2.689  -8.383 0.0000000000
77218  -57.262  -2.212  -8.137 0.0000000000
77219  -43.492  -2.536  -9.336 0.0000000000
77220  -52.864  -2.631  -9.152 0.0000000000
77221  -53.372  -2.541  -9.907 0.0000000000
77222  -56.763  -2.567  -10.038 0.0000000000
77223  -53.842  -2.564  -10.756 0.0000000000
77224  -54.488  -2.801  -11.693 0.0000000000
77225  -56.811  -2.621  -11.219 0.0000000000
77226  -55.271  -2.919  -12.342 0.0000000000
77227  -55.994  -2.698  -12.655 0.0000000000
77228  -56.684  -2.438  -12.203 0.0000000000
77229  -56.563  -2.006  -12.778 0.0000000000
78045  -49.451  -1.599  -5.762 0.0000000000
78046  -50.029  -1.926  -6.101 0.0000000000
78048  -54.638  -1.493  -5.508 0.0000000000
78049  -55.519  -1.718  -5.817 0.0000000000
78059  -49.716  -1.269  -6.371 0.0000000000
78060  -50.303  -1.594  -6.658 0.0000000000
78061  -50.870  -2.029  -6.943 0.0000000000
78062  -54.967  -1.125  -6.184 0.0000000000
78063  -55.913  -1.404  -6.488 0.0000000000
78064  -56.752  -1.646  -6.742 0.0000000000
78072  -41.291  -1.934  -7.793 0.0000000000
78073  -42.324  -2.437  -8.381 0.0000000000
78074  -50.673  -1.322  -7.232 0.0000000000
78075  -51.402  -1.819  -7.567 0.0000000000
78076  -52.005  -2.045  -8.057 0.0000000000
78077  -56.439  -1.184  -7.166 0.0000000000
78078  -57.170  -1.622  -7.329 0.0000000000
78079  -40.497  -1.557  -8.231 0.0000000000
78080  -41.374  -1.929  -8.626 0.0000000000
78081  -42.462  -2.324  -9.107 0.0000000000
78082  -44.215  -1.739  -9.325 0.0000000000
78083  -51.852  -1.390  -8.190 0.0000000000
78084  -52.444  -1.924  -8.601 0.0000000000
78085  -57.586  -1.025  -8.810 0.0000000000
78086  -57.701  -0.782  -9.692 0.0000000000
78087  -41.621  -1.760  -9.215 0.0000000000
78088  -42.702  -1.944  -9.565 0.0000000000
78089  -43.661  -1.932  -9.648 0.0000000000
78090  -52.973  -1.765  -9.297 0.0000000000
78091  -53.514  -1.704  -10.070 0.0000000000
78092  -57.354  -1.725  -10.191 0.0000000000
78093  -57.830  -1.039  -10.375 0.0000000000
78094  -54.090  -1.705  -11.054 0.0000000000
78095  -57.343  -1.740  -11.251 0.0000000000
78096  -57.700  -0.985  -11.378 0.0000000000
78097  -54.782  -2.083  -12.207 0.0000000000
78098  -55.598  -2.135  -12.846 0.0000000000
78099  -57.211  -1.584  -12.224 0.0000000000
78100  -57.491  -0.876  -12.183 0.0000000000
78101  -56.187  -1.787  -13.127 0.0000000000
78102  -56.945  -1.160  -12.986 0.0000000000
78962  -54.130  -0.867  -5.863 0.0000000000
78973  -49.430  -0.687  -6.656 0.0000000000
78974  -50.024  -0.961  -6.939 0.0000000000
78976  -53.484  -0.011  -6.726 0.0000000000
78977  -54.310  -0.525  -6.602 0.0000000000
78978  -55.311  -0.807  -6.932 0.0000000000
78984  -40.073  -1.034  -7.901 0.0000000000
78987  -49.624  -0.339  -7.230 0.0000000000
78988  -50.381  -0.629  -7.529 0.0000000000
78989  -51.160  -0.976  -7.809 0.0000000000
78990  -54.136  -0.074  -7.311 0.0000000000
78991  -54.926  -0.379  -7.517 0.0000000000
78992  -55.895  -0.679  -7.702 0.0000000000
78993  -57.051  -0.984  -8.020 0.0000000000
78994  -40.023  -1.218  -8.627 0.0000000000
78995  -40.568  -1.539  -8.914 0.0000000000
78997  -50.804  -0.285  -8.173 0.0000000000
78998  -51.598  -0.637  -8.457 0.0000000000
78999  -52.405  -1.099  -8.789 0.0000000000
79000  -55.236  -0.191  -8.180 0.0000000000
79001  -56.254  -0.427  -8.533 0.0000000000
79002  -57.229  -0.657  -9.046 0.0000000000
79003  -39.950  -1.057  -9.230 0.0000000000
79004  -40.925  -1.265  -9.452 0.0000000000
79005  -42.881  -1.231  -9.978 0.0000000000
79006  -43.827  -1.070  -9.888 0.0000000000
79007  -44.275  -0.532  -9.551 0.0000000000
79008  -52.073  -0.322  -9.120 0.0000000000
79009  -53.037  -0.838  -9.533 0.0000000000
79010  -53.638  -1.031  -10.263 0.0000000000
79011  -56.468  -0.084  -9.397 0.0000000000
79012  -57.292  -0.252  -9.972 0.0000000000
79013  -41.685  -0.858  -9.928 0.0000000000
79014  -42.484  -0.479  -10.271 0.0000000000
79015  -43.362  -0.440  -10.315 0.0000000000
79016  -53.310  -0.340  -10.250 0.0000000000
79017  -53.958  -0.725  -10.898 0.0000000000
79018  -54.478  -1.180  -11.667 0.0000000000
79019  -57.699  -0.378  -10.727 0.0000000000
79020  -54.384  -0.371  -11.713 0.0000000000
79021  -55.150  -1.194  -12.653 0.0000000000
79022  -55.814  -1.397  -13.251 0.0000000000
79023  -57.643  -0.424  -11.637 0.0000000000
79024  -55.690  -0.560  -13.427 0.0000000000
79025  -56.281  -0.754  -13.529 0.0000000000
79026  -56.898  -0.296  -13.307 0.0000000000
79027  -56.469  0.250  -13.758 0.0000000000
79925  -49.220  0.315  -7.627 0.0000000000
79926  -50.040  0.049  -7.894 0.0000000000
79928  -53.315  0.406  -7.408 0.0000000000
79929  -53.894  0.374  -7.978 0.0000000000
79930  -39.520  0.409  -9.149 0.0000000000
79931  -39.755  -0.540  -8.647 0.0000000000
79934  -48.813  0.835  -8.173 0.0000000000
79935  -50.444  0.338  -8.609 0.0000000000
79936  -51.240  0.073  -8.826 0.0000000000
79937  -52.573  0.833  -7.550 0.0000000000
79938  -53.135  0.805  -8.107 0.0000000000
79939  -54.556  0.294  -8.487 0.0000000000
79940  -55.435  0.118  -8.946 0.0000000000
79941  -39.226  0.270  -10.074 0.0000000000
79942  -39.536  -0.356  -9.583 0.0000000000
79943  -40.305  -0.607  -9.855 0.0000000000
79944  -44.073  -0.173  -10.145 0.0000000000
79945  -44.588  0.376  -9.775 0.0000000000
79947  -50.071  0.824  -9.149 0.0000000000
79948  -50.105  1.259  -9.947 0.0000000000
79949  -51.618  0.383  -9.536 0.0000000000
79950  -52.537  0.037  -9.776 0.0000000000
79951  -53.778  0.741  -8.714 0.0000000000
79952  -54.585  0.632  -9.285 0.0000000000
79953  -55.616  0.484  -9.882 0.0000000000
79954  -56.641  0.215  -10.168 0.0000000000
79955  -39.506  -0.081  -10.136 0.0000000000
79956  -41.562  -0.114  -10.331 0.0000000000
79957  -42.739  0.246  -10.683 0.0000000000
79958  -43.753  0.255  -10.642 0.0000000000
79959  -44.398  0.568  -10.438 0.0000000000
79960  -45.055  0.990  -10.164 0.0000000000
79961  -50.564  1.499  -10.949 0.0000000000
79962  -51.088  1.036  -10.116 0.0000000000
79963  -52.792  0.391  -10.492 0.0000000000
79964  -53.611  0.082  -10.992 0.0000000000
79965  -54.673  1.054  -10.121 0.0000000000
79966  -57.201  0.254  -10.988 0.0000000000
79967  -57.591  0.045  -11.555 0.0000000000
79968  -41.660  0.605  -10.848 0.0000000000
79969  -42.633  1.002  -11.195 0.0000000000
79970  -43.475  0.796  -11.074 0.0000000000
79971  -44.118  0.759  -10.917 0.0000000000
79972  -52.941  0.773  -11.258 0.0000000000
79973  -53.903  0.577  -11.990 0.0000000000
79974  -54.901  -0.044  -12.690 0.0000000000
79975  -56.717  0.847  -11.777 0.0000000000
79976  -57.291  0.487  -12.138 0.0000000000
79977  -54.520  0.720  -12.996 0.0000000000
79978  -55.335  0.412  -13.615 0.0000000000
79979  -56.020  0.171  -13.964 0.0000000000
79980  -56.984  0.523  -13.220 0.0000000000
79981  -57.406  -0.226  -12.499 0.0000000000
79982  -55.675  1.074  -14.257 0.0000000000
79983  -56.182  0.934  -14.195 0.0000000000
79984  -56.569  0.920  -13.881 0.0000000000
79985  -56.345  1.545  -14.143 0.0000000000
80814  -52.062  1.202  -7.706 0.0000000000
80819  -48.331  1.264  -8.677 0.0000000000
80820  -49.003  1.122  -8.811 0.0000000000
80821  -50.952  1.849  -7.916 0.0000000000
80822  -51.397  1.831  -8.342 0.0000000000
80823  -52.449  1.238  -8.195 0.0000000000
80824  -52.988  1.267  -8.806 0.0000000000
80825  -39.240  0.925  -9.849 0.0000000000
80826  -39.746  1.454  -9.041 0.0000000000
80827  -45.805  1.305  -9.855 0.0000000000
80828  -46.652  1.477  -9.578 0.0000000000
80829  -47.650  1.482  -9.278 0.0000000000
80830  -48.652  1.392  -9.384 0.0000000000
80831  -49.448  1.178  -9.309 0.0000000000
80832  -53.706  1.289  -9.563 0.0000000000
80833  -39.016  0.811  -10.678 0.0000000000
80834  -39.300  0.536  -10.681 0.0000000000
80835  -40.417  0.159  -10.478 0.0000000000
80836  -44.738  1.182  -10.911 0.0000000000
80837  -45.616  1.434  -10.682 0.0000000000
80838  -46.508  1.601  -10.458 0.0000000000
80839  -47.424  1.656  -10.234 0.0000000000
80840  -48.774  1.745  -10.826 0.0000000000
80841  -49.617  1.626  -10.818 0.0000000000
80842  -51.507  1.225  -10.856 0.0000000000
80843  -51.949  0.664  -10.254 0.0000000000
80844  -54.018  1.663  -10.523 0.0000000000
80845  -54.901  1.413  -10.987 0.0000000000
80846  -55.821  1.155  -11.419 0.0000000000
80847  -38.665  1.224  -11.702 0.0000000000
80848  -39.628  1.023  -11.469 0.0000000000
80849  -40.596  0.783  -11.070 0.0000000000
80850  -41.711  1.286  -11.436 0.0000000000
80851  -43.335  1.398  -11.512 0.0000000000
80852  -44.067  1.238  -11.324 0.0000000000
80853  -45.385  1.746  -11.348 0.0000000000
80854  -46.325  1.864  -11.215 0.0000000000
80855  -47.346  1.928  -11.126 0.0000000000
80856  -48.359  2.083  -11.528 0.0000000000
80857  -49.867  2.126  -12.320 0.0000000000
80858  -50.571  1.796  -11.899 0.0000000000
80859  -51.205  1.547  -11.525 0.0000000000
80860  -52.108  1.369  -11.597 0.0000000000
80861  -53.056  1.234  -12.002 0.0000000000
80862  -55.328  1.755  -11.957 0.0000000000
80863  -56.254  1.481  -12.390 0.0000000000
80864  -56.882  1.111  -12.772 0.0000000000
80865  -38.593  1.643  -12.332 0.0000000000
80866  -39.490  1.450  -12.153 0.0000000000
80867  -40.958  1.645  -11.932 0.0000000000
80868  -42.225  1.860  -11.997 0.0000000000
80869  -43.106  1.907  -11.955 0.0000000000
80870  -50.624  2.085  -12.581 0.0000000000
80871  -51.390  1.836  -12.374 0.0000000000
80872  -53.708  1.380  -13.031 0.0000000000
80873  -54.797  1.233  -13.885 0.0000000000
80874  -56.435  1.735  -13.288 0.0000000000
80875  -53.044  2.143  -13.752 0.0000000000
80876  -54.153  1.953  -14.370 0.0000000000
80877  -55.120  1.870  -14.634 0.0000000000
80878  -56.611  1.329  -13.566 0.0000000000
80879  -55.242  2.484  -14.757 0.0000000000
80880  -55.795  1.815  -14.491 0.0000000000
81726  -49.705  2.325  -7.522 0.0000000000
81727  -50.396  2.096  -7.751 0.0000000000
81729  -49.153  2.725  -8.023 0.0000000000
81730  -49.904  2.532  -8.257 0.0000000000
81731  -50.726  2.297  -8.491 0.0000000000
81732  -51.357  2.213  -8.901 0.0000000000
81733  -39.717  2.111  -9.536 0.0000000000
81734  -50.120  2.779  -9.057 0.0000000000
81735  -50.888  2.607  -9.327 0.0000000000
81736  -51.625  2.427  -9.559 0.0000000000
81737  -52.390  2.223  -9.824 0.0000000000
81738  -53.175  1.958  -10.155 0.0000000000
81739  -39.130  1.346  -10.365 0.0000000000
81740  -51.106  2.922  -10.115 0.0000000000
81741  -51.861  2.710  -10.395 0.0000000000
81742  -52.673  2.522  -10.680 0.0000000000
81743  -53.518  2.311  -11.014 0.0000000000
81744  -54.395  2.052  -11.442 0.0000000000
81745  -38.741  1.769  -11.433 0.0000000000
81746  -43.979  1.887  -11.848 0.0000000000
81747  -44.975  2.234  -11.945 0.0000000000
81748  -46.025  2.310  -11.798 0.0000000000
81749  -46.951  2.319  -11.751 0.0000000000
81750  -48.255  2.471  -12.288 0.0000000000
81751  -49.007  2.303  -12.275 0.0000000000
81752  -52.184  3.082  -11.262 0.0000000000
81753  -53.017  2.843  -11.625 0.0000000000
81754  -53.919  2.660  -12.028 0.0000000000
81755  -54.868  2.447  -12.491 0.0000000000
81756  -55.831  2.211  -13.017 0.0000000000
81757  -38.247  1.937  -12.967 0.0000000000
81758  -38.507  1.689  -12.229 0.0000000000
81759  -40.550  2.039  -12.627 0.0000000000
81760  -41.793  2.279  -12.539 0.0000000000
81761  -43.523  2.321  -12.300 0.0000000000
81762  -44.210  2.522  -12.388 0.0000000000
81763  -45.711  2.792  -12.348 0.0000000000
81764  -46.636  2.775  -12.303 0.0000000000
81765  -47.493  2.670  -12.312 0.0000000000
81766  -48.800  2.713  -12.886 0.0000000000
81767  -49.509  2.527  -12.972 0.0000000000
81768  -50.358  2.474  -13.245 0.0000000000
81769  -51.082  2.245  -13.101 0.0000000000
81770  -51.948  2.260  -13.335 0.0000000000
81771  -54.457  3.127  -13.153 0.0000000000
81772  -55.302  2.842  -13.526 0.0000000000
81773  -56.181  2.221  -13.682 0.0000000000
81774  -56.387  1.980  -13.916 0.0000000000
81776  -38.542  1.984  -13.382 0.0000000000
81777  -39.999  2.300  -13.312 0.0000000000
81778  -41.337  2.679  -13.172 0.0000000000
81779  -42.461  2.871  -13.064 0.0000000000
81780  -49.266  2.978  -13.406 0.0000000000
81781  -49.876  2.974  -13.697 0.0000000000
81782  -50.549  3.031  -14.062 0.0000000000
81783  -52.470  2.734  -14.466 0.0000000000
81784  -53.565  2.667  -14.835 0.0000000000
81785  -55.522  2.925  -14.269 0.0000000000
81786  -56.000  2.430  -14.145 0.0000000000
81788  -39.483  2.552  -14.099 0.0000000000
81789  -52.082  3.486  -15.060 0.0000000000
81790  -53.099  3.361  -15.173 0.0000000000
81791  -54.603  2.677  -15.000 0.0000000000
81792  -55.120  2.984  -15.028 0.0000000000
81793  -55.559  2.609  -14.592 0.0000000000
81794  -56.111  2.130  -14.333 0.0000000000
82591  -47.595  3.582  -8.427 0.0000000000
82592  -48.450  3.268  -8.457 0.0000000000
82593  -49.327  3.009  -8.792 0.0000000000
82595  -47.957  3.749  -9.110 0.0000000000
82596  -48.763  3.523  -9.330 0.0000000000
82597  -49.576  3.328  -9.584 0.0000000000
82598  -50.359  3.124  -9.838 0.0000000000
82599  -39.298  2.783  -11.068 0.0000000000
82600  -49.024  3.799  -10.144 0.0000000000
82601  -49.814  3.611  -10.401 0.0000000000
82602  -50.580  3.468  -10.705 0.0000000000
82603  -51.371  3.286  -10.994 0.0000000000
82605  -50.026  3.976  -11.251 0.0000000000
82606  -50.816  3.900  -11.782 0.0000000000
82607  -51.702  3.615  -11.949 0.0000000000
82608  -52.560  3.449  -12.260 0.0000000000
82609  -53.500  3.320  -12.676 0.0000000000
82612  -43.503  2.888  -12.867 0.0000000000
82613  -44.442  3.133  -12.844 0.0000000000
82614  -45.333  3.318  -12.802 0.0000000000
82615  -46.256  3.344  -12.777 0.0000000000
82616  -47.212  3.276  -12.826 0.0000000000
82617  -51.383  4.242  -12.634 0.0000000000
82618  -52.122  4.081  -12.998 0.0000000000
82619  -53.028  3.919  -13.401 0.0000000000
82620  -54.022  3.767  -13.884 0.0000000000
82621  -54.910  3.422  -14.212 0.0000000000
82623  -40.822  3.045  -13.831 0.0000000000
82624  -41.986  3.355  -13.710 0.0000000000
82625  -43.116  3.586  -13.635 0.0000000000
82626  -44.814  3.767  -13.312 0.0000000000
82627  -45.777  3.899  -13.251 0.0000000000
82628  -46.771  3.928  -13.291 0.0000000000
82629  -47.829  3.947  -13.615 0.0000000000
82630  -49.456  3.628  -14.126 0.0000000000
82631  -50.265  3.716  -14.557 0.0000000000
82632  -51.115  3.640  -14.883 0.0000000000
82633  -53.442  4.375  -14.483 0.0000000000
82634  -54.211  3.861  -14.773 0.0000000000
82635  -55.054  3.233  -14.774 0.0000000000
82639  -41.469  3.729  -14.374 0.0000000000
82640  -42.467  4.041  -14.292 0.0000000000
82641  -43.261  4.351  -14.249 0.0000000000
82642  -48.924  4.588  -14.433 0.0000000000
82643  -49.944  4.704  -14.920 0.0000000000
82644  -50.831  4.651  -15.265 0.0000000000
82645  -51.811  4.498  -15.351 0.0000000000
82646  -52.730  4.071  -15.381 0.0000000000
82647  -53.650  3.931  -15.252 0.0000000000
82650  -52.478  4.693  -15.287 0.0000000000
82651  -53.049  4.487  -15.233 0.0000000000
83417  -44.921  4.808  -7.651 0.0000000000
83419  -46.168  4.190  -8.015 0.0000000000
83422  -45.636  4.538  -8.279 0.0000000000
83423  -46.392  4.305  -8.644 0.0000000000
83424  -47.157  3.977  -8.909 0.0000000000
83427  -45.795  4.739  -9.141 0.0000000000
83428  -46.262  4.838  -9.792 0.0000000000
83429  -47.495  4.237  -9.617 0.0000000000
83430  -48.257  4.007  -9.866 0.0000000000
83432  -39.827  3.631  -10.318 0.0000000000
83433  -46.998  4.725  -10.239 0.0000000000
83434  -47.746  4.979  -11.080 0.0000000000
83435  -48.505  4.415  -10.725 0.0000000000
83436  -49.299  4.142  -10.919 0.0000000000
83438  -48.466  4.948  -11.533 0.0000000000
83439  -49.543  4.559  -11.773 0.0000000000
83440  -50.181  4.441  -12.061 0.0000000000
83442  -49.900  5.150  -12.722 0.0000000000
83443  -50.730  4.811  -12.963 0.0000000000
83444  -51.645  4.914  -13.774 0.0000000000
83445  -52.594  4.646  -14.075 0.0000000000
83447  -44.105  4.268  -13.870 0.0000000000
83448  -45.252  4.585  -13.737 0.0000000000
83449  -46.246  4.595  -13.625 0.0000000000
83450  -47.176  4.788  -13.833 0.0000000000
83451  -48.116  5.162  -14.347 0.0000000000
83452  -51.017  5.524  -14.069 0.0000000000
83453  -51.430  5.605  -14.657 0.0000000000
83454  -52.859  4.794  -14.765 0.0000000000
83456  -40.944  4.067  -15.045 0.0000000000
83457  -41.929  4.450  -14.875 0.0000000000
83458  -42.839  4.925  -14.841 0.0000000000
83459  -43.762  5.110  -14.514 0.0000000000
83460  -44.664  5.202  -14.270 0.0000000000
83461  -45.366  5.358  -14.145 0.0000000000
83462  -48.451  6.218  -14.575 0.0000000000
83463  -49.716  5.758  -14.974 0.0000000000
83464  -50.543  5.638  -15.198 0.0000000000
83465  -51.302  5.454  -15.269 0.0000000000
83466  -52.063  5.290  -15.187 0.0000000000
83467  -52.711  4.946  -15.028 0.0000000000
83468  -53.373  4.506  -14.980 0.0000000000
83472  -41.424  4.828  -15.478 0.0000000000
83473  -42.185  5.107  -15.292 0.0000000000
84228  -43.906  5.793  -7.639 0.0000000000
84233  -43.787  5.808  -8.401 0.0000000000
84234  -44.365  5.367  -8.074 0.0000000000
84235  -44.999  4.982  -8.599 0.0000000000
84238  -43.791  5.845  -9.264 0.0000000000
84239  -45.111  5.244  -9.383 0.0000000000
84240  -45.729  5.116  -9.770 0.0000000000
84243  -44.493  5.609  -9.757 0.0000000000
84244  -45.301  5.459  -10.167 0.0000000000
84245  -46.208  5.265  -10.447 0.0000000000
84246  -46.977  5.276  -10.953 0.0000000000
84249  -45.648  5.739  -11.000 0.0000000000
84250  -46.515  5.737  -11.347 0.0000000000
84251  -47.350  5.733  -11.734 0.0000000000
84252  -48.176  5.601  -12.117 0.0000000000
84253  -49.039  5.307  -12.333 0.0000000000
84255  -47.793  6.472  -12.717 0.0000000000
84256  -48.695  6.371  -13.304 0.0000000000
84257  -50.357  5.773  -13.838 0.0000000000
84259  -46.606  5.450  -14.068 0.0000000000
84260  -47.513  5.801  -14.399 0.0000000000
84261  -49.264  6.572  -14.130 0.0000000000
84262  -49.897  6.235  -14.458 0.0000000000
84263  -50.760  5.993  -14.835 0.0000000000
84264  -51.428  5.694  -15.042 0.0000000000
84267  -43.374  5.860  -14.976 0.0000000000
84268  -44.317  6.106  -14.600 0.0000000000
84269  -45.931  6.017  -14.305 0.0000000000
84270  -46.924  6.394  -14.386 0.0000000000
84271  -47.823  6.730  -14.429 0.0000000000
84272  -50.128  6.080  -14.850 0.0000000000
84273  -50.891  5.932  -15.060 0.0000000000
84277  -40.971  5.356  -16.078 0.0000000000
84278  -42.629  5.727  -15.392 0.0000000000
84282  -41.499  6.255  -16.297 0.0000000000
85074  -43.490  6.341  -7.789 0.0000000000
85085  -42.684  7.063  -8.818 0.0000000000
85086  -43.220  6.405  -8.769 0.0000000000
85093  -42.845  6.722  -9.544 0.0000000000
85094  -43.374  6.260  -9.614 0.0000000000
85095  -43.864  5.982  -10.095 0.0000000000
85104  -43.245  6.509  -10.370 0.0000000000
85105  -44.666  5.901  -10.712 0.0000000000
85115  -43.542  6.637  -11.297 0.0000000000
85116  -44.398  6.447  -11.520 0.0000000000
85117  -45.307  6.316  -11.611 0.0000000000
85118  -46.839  6.469  -12.258 0.0000000000
85127  -43.070  7.061  -11.964 0.0000000000
85128  -43.967  6.853  -12.244 0.0000000000
85129  -45.092  6.901  -12.510 0.0000000000
85130  -46.060  7.317  -13.052 0.0000000000
85131  -47.329  7.077  -13.271 0.0000000000
85132  -48.097  7.066  -13.755 0.0000000000
85138  -46.796  7.370  -13.645 0.0000000000
85139  -47.626  7.333  -14.007 0.0000000000
85140  -48.683  6.859  -14.154 0.0000000000
85141  -49.268  6.437  -14.452 0.0000000000
85144  -44.368  6.884  -14.410 0.0000000000
85145  -45.323  6.672  -14.344 0.0000000000
85146  -46.370  6.857  -14.332 0.0000000000
85147  -47.189  7.087  -14.295 0.0000000000
85148  -47.826  7.181  -14.184 0.0000000000
85149  -48.562  6.791  -14.304 0.0000000000
85152  -42.277  6.401  -15.808 0.0000000000
85153  -42.936  6.492  -15.290 0.0000000000
85154  -43.587  6.652  -14.800 0.0000000000
85963  -42.646  7.778  -8.091 0.0000000000
85973  -42.413  7.691  -8.742 0.0000000000
85974  -42.932  7.048  -8.029 0.0000000000
85981  -42.390  7.411  -9.485 0.0000000000
85985  -42.552  7.095  -10.260 0.0000000000
85986  -42.815  6.959  -11.063 0.0000000000
85991  -42.400  7.447  -11.657 0.0000000000
85996  -42.574  7.507  -12.702 0.0000000000
85997  -43.491  7.201  -12.867 0.0000000000
85998  -44.500  7.236  -13.097 0.0000000000
85999  -45.434  7.351  -13.366 0.0000000000
86000  -46.114  7.425  -13.642 0.0000000000
86005  -42.597  7.709  -13.762 0.0000000000
86006  -43.972  7.294  -13.656 0.0000000000
86007  -44.892  7.337  -13.823 0.0000000000
86008  -45.713  7.409  -13.978 0.0000000000
86009  -46.443  7.410  -14.045 0.0000000000
86010  -47.149  7.335  -14.101 0.0000000000
86015  -42.637  7.567  -14.812 0.0000000000
86016  -43.535  7.096  -14.536 0.0000000000
86017  -45.142  7.151  -14.156 0.0000000000
86018  -46.006  7.201  -14.172 0.0000000000
86019  -46.676  7.254  -14.190 0.0000000000
86025  -41.833  7.239  -16.171 0.0000000000
86026  -42.530  7.126  -15.487 0.0000000000
86027  -43.069  7.072  -15.044 0.0000000000
86871  -42.340  8.437  -8.444 0.0000000000
86883  -41.645  8.773  -9.837 0.0000000000
86884  -42.009  8.210  -9.273 0.0000000000
86896  -41.583  8.676  -10.696 0.0000000000
86897  -41.953  7.882  -10.235 0.0000000000
86905  -41.493  8.691  -11.616 0.0000000000
86906  -41.851  7.934  -11.204 0.0000000000
86912  -41.477  8.689  -12.591 0.0000000000
86913  -41.882  7.943  -12.151 0.0000000000
86918  -41.474  8.776  -13.589 0.0000000000
86919  -41.948  8.056  -13.145 0.0000000000
86922  -41.425  8.898  -14.623 0.0000000000
86923  -41.985  8.187  -14.205 0.0000000000
86929  -41.854  8.239  -15.177 0.0000000000
87763  -41.287  9.685  -11.011 0.0000000000
87768  -41.159  9.619  -12.071 0.0000000000
112910  -49.248  1.938  -11.574 0.0000000000
113038  -58.716  -19.494  -7.423 0.0000000000
113043  -55.297  -19.864  -5.644 0.0000000000
113054  -57.232  -42.299  -2.834 0.0000000000
113061  -54.551  -44.717  -8.713 0.0000000000
113176  -55.561  -5.834  -8.387 0.0000000000
113213  -57.059  -49.826  -6.437 0.0000000000
113254  -55.211  -20.759  -5.795 0.0000000000
113267  -54.449  -24.280  -5.054 0.0000000000
113296  -49.142  1.495  -10.067 0.0000000000
113334  -54.198  -49.044  -4.581 0.0000000000
113460  -58.112  -8.097  -6.596 0.0000000000
113612  -52.533  -4.996  -8.232 0.0000000000
113654  -52.368  -48.984  -6.706 0.0000000000
113682  -58.730  -6.993  -7.052 0.0000000000
113802  -48.285  1.615  -10.100 0.0000000000
113952  -54.520  3.375  -15.084 0.0000000000
113956  -54.966  -49.848  -5.366 0.0000000000
114015  -44.271  7.177  -14.202 0.0000000000
114060  -61.395  -32.688  -4.046 0.0000000000
114151  -48.944  4.625  -11.453 0.0000000000
114293  -59.533  -14.509  -9.166 0.0000000000
114671  -46.012  6.749  -12.342 0.0000000000
114750  -52.163  5.280  -14.808 0.0000000000
114861  -60.555  -42.460  -3.187 0.0000000000
114879  -64.510  -9.689  -7.074 0.0000000000
114965  -58.988  -31.977  -3.223 0.0000000000
115005  -58.957  -7.324  -7.048 0.0000000000
115077  -53.414  -13.954  -3.084 0.0000000000
115119  -64.142  -41.034  -3.560 0.0000000000
115144  -43.975  3.502  -13.316 0.0000000000
115206  -52.407  -49.519  -7.245 0.0000000000
115277  -56.763  -43.754  -10.324 0.0000000000
115303  -53.560  -4.420  -10.351 0.0000000000
115366  -56.256  -24.043  -8.318 0.0000000000
115478  -59.986  -23.788  -6.381 0.0000000000
115496  -56.763  -8.606  -6.491 0.0000000000
115513  -63.410  -42.566  -4.488 0.0000000000
115527  -59.432  -42.265  -2.480 0.0000000000
115530  -61.623  -23.505  -7.184 0.0000000000
115561  -51.325  2.768  -14.044 0.0000000000
115605  -55.644  -44.377  -10.454 0.0000000000
115657  -51.380  -6.744  -4.787 0.0000000000
115835  -55.684  -35.966  -3.929 0.0000000000
115949  -59.113  -20.243  -8.879 0.0000000000
115950  -62.669  -26.118  -9.524 0.0000000000
115956  -56.298  -41.518  -5.581 0.0000000000
115975  -53.385  -9.987  -6.555 0.0000000000
115978  -48.179  7.113  -14.148 0.0000000000
116124  -54.197  -3.468  -11.262 0.0000000000
116125  -51.883  1.487  -8.161 0.0000000000
116134  -58.230  -9.251  -6.468 0.0000000000
116170  -54.069  -41.345  -4.776 0.0000000000
116176  -51.476  1.463  -7.629 0.0000000000
116601  -60.506  -31.571  -4.012 0.0000000000
116807  -61.374  -38.010  -7.901 0.0000000000
116821  -55.437  -7.316  -8.746 0.0000000000
116850  -55.505  -35.573  -7.825 0.0000000000
116999  -62.447  -39.732  -1.978 0.0000000000
117034  -62.671  -13.914  -7.927 0.0000000000
117132  -49.598  0.652  -8.490 0.0000000000
117176  -55.412  -19.035  -4.441 0.0000000000
117181  -57.556  -43.590  -10.171 0.0000000000
117322  -42.800  2.370  -12.454 0.0000000000
117365  -56.913  -22.987  -6.741 0.0000000000
117379  -55.380  -20.403  -4.698 0.0000000000
117414  -63.427  -41.495  -4.386 0.0000000000
117589  -58.717  -14.859  -9.177 0.0000000000
117625  -54.981  -46.028  -10.491 0.0000000000
117662  -56.148  -46.749  -10.141 0.0000000000
117718  -58.496  -14.153  -8.895 0.0000000000
117775  -52.512  1.695  -12.637 0.0000000000
117836  -54.429  -23.834  -6.416 0.0000000000
117868  -55.197  -50.604  -5.645 0.0000000000
118018  -61.653  -38.444  -6.889 0.0000000000
118071  -53.681  -25.800  -5.380 0.0000000000
118073  -51.259  -31.119  -6.582 0.0000000000
118267  -58.548  -47.279  -8.539 0.0000000000
118351  -57.064  -31.023  -9.731 0.0000000000
118358  -55.442  -6.680  -8.946 0.0000000000
118432  -56.926  -47.380  -5.930 0.0000000000
118444  -60.218  -45.648  -0.414 0.0000000000
118470  -54.596  -23.731  -3.900 0.0000000000
118841  -54.058  -50.832  -9.895 0.0000000000
118912  -59.783  -33.244  -3.296 0.0000000000
118967  -48.046  1.802  -10.781 0.0000000000
118995  -52.333  -32.590  -3.087 0.0000000000
119003  -55.466  -46.257  -4.649 0.0000000000
119210  -41.895  5.593  -15.798 0.0000000000
119229  -51.732  -53.832  -9.639 0.0000000000
119261  -64.155  -37.973  -3.239 0.0000000000
119276  -50.903  -31.757  -5.305 0.0000000000
119406  -60.031  -42.649  -7.947 0.0000000000
119587  -58.567  -44.741  -9.029 0.0000000000
119643  -55.825  -50.704  -5.992 0.0000000000
119654  -55.591  -16.935  -6.793 0.0000000000
119692  -49.272  6.286  -14.641 0.0000000000
119819  -49.261  -59.408  -10.311 0.0000000000
119829  -59.184  -43.219  -9.367 0.0000000000
119861  -55.129  -25.708  -8.831 0.0000000000
119874  -51.592  -4.454  -6.651 0.0000000000
119925  -56.346  -26.066  -6.879 0.0000000000
119935  -62.531  -34.802  -6.479 0.0000000000
119980  -50.762  0.642  -9.351 0.0000000000
120090  -54.166  -46.417  -7.604 0.0000000000
120106  -54.117  -26.419  -9.143 0.0000000000
120113  -46.676  4.461  -9.391 0.0000000000
120352  -61.059  -44.671  -6.902 0.0000000000
120487  -52.159  -32.511  -7.178 0.0000000000
120535  -59.541  -44.438  -0.677 0.0000000000
120594  -54.704  -44.978  -3.474 0.0000000000
120640  -63.039  -35.582  -5.898 0.0000000000
120723  -64.175  -42.019  -3.125 0.0000000000
120766  -63.863  -38.217  -4.321 0.0000000000
120768  -43.921  6.255  -10.785 0.0000000000
120793  -56.029  -48.833  -5.765 0.0000000000
120804  -40.331  3.329  -14.580 0.0000000000
120928  -52.956  -54.123  -9.289 0.0000000000
120929  -46.625  7.134  -12.902 0.0000000000
120973  -56.718  -48.927  -6.138 0.0000000000
121073  -64.167  -39.743  -3.699 0.0000000000
121088  -62.021  -44.949  -5.854 0.0000000000
121109  -51.684  -32.240  -3.197 0.0000000000
121242  -56.239  0.615  -10.809 0.0000000000
121245  -46.072  6.201  -11.682 0.0000000000
121350  -58.646  -24.538  -6.258 0.0000000000
121363  -55.571  -39.051  -3.502 0.0000000000
121374  -54.557  -36.102  -2.735 0.0000000000
121382  -59.908  -36.678  -7.673 0.0000000000
121409  -52.963  -36.998  -1.596 0.0000000000
121493  -53.159  -43.863  -5.671 0.0000000000
121562  -54.648  -35.060  -6.299 0.0000000000
121741  -57.504  -3.814  -5.984 0.0000000000
121908  -54.776  -30.670  -10.799 0.0000000000
122086  -56.669  -19.275  -8.479 0.0000000000
122164  -43.390  7.374  -14.197 0.0000000000
122173  -56.427  -36.184  -6.509 0.0000000000
122183  -58.976  -40.899  -8.394 0.0000000000
122295  -53.353  -39.062  -2.701 0.0000000000
122542  -59.233  -35.965  -2.777 0.0000000000
122588  -52.360  -43.871  -4.783 0.0000000000
122735  -52.614  -4.287  -8.614 0.0000000000
123013  -56.395  -17.474  -7.795 0.0000000000
123082  -57.653  -47.012  -9.146 0.0000000000
123136  -42.308  7.425  -10.875 0.0000000000
123189  -41.478  9.336  -10.262 0.0000000000
123302  -38.758  1.186  -11.087 0.0000000000
123310  -59.821  -17.322  -9.652 0.0000000000
123326  -55.343  -5.115  -10.861 0.0000000000
123476  -53.417  -28.734  -10.350 0.0000000000
123493  -52.403  -28.976  -8.277 0.0000000000
123522  -59.984  -38.734  -7.989 0.0000000000
123749  -62.570  -40.497  -1.454 0.0000000000
123821  -59.185  -45.622  -5.929 0.0000000000
123916  -54.608  -12.872  -6.627 0.0000000000
124135  -57.582  -16.253  -8.726 0.0000000000
124157  -52.619  -55.504  -9.037 0.0000000000
124170  -45.120  5.897  -14.420 0.0000000000
124200  -44.398  5.460  -8.912 0.0000000000
124318  -55.834  2.575  -13.772 0.0000000000
124348  -56.631  -50.767  -8.415 0.0000000000
124407  -55.708  -34.669  -7.755 0.0000000000
124410  -51.377  -43.195  -3.657 0.0000000000
124434  -56.267  -6.229  -7.074 0.0000000000
124555  -57.395  -1.507  -8.023 0.0000000000
124638  -51.271  -8.149  -4.072 0.0000000000
124707  -55.423  -9.272  -9.068 0.0000000000
124717  -57.347  -1.667  -9.024 0.0000000000
124719  -55.446  -14.239  -7.124 0.0000000000
124729  -55.318  -26.553  -8.059 0.0000000000
124786  -38.789  0.967  -11.267 0.0000000000
124823  -57.978  -31.914  -2.803 0.0000000000
125008  -61.275  -33.784  -6.490 0.0000000000
125144  -64.516  -23.918  -6.915 0.0000000000
125191  -54.265  -51.881  -5.603 0.0000000000
125337  -56.356  -31.640  -7.022 0.0000000000
125345  -52.326  -29.622  -9.116 0.0000000000
125505  -63.044  -12.571  -7.833 0.0000000000
125615  -62.646  -9.658  -7.738 0.0000000000
125653  -56.332  -31.083  -7.833 0.0000000000
125667  -55.843  -14.993  -7.397 0.0000000000
125691  -56.907  -16.223  -8.242 0.0000000000
125707  -51.387  -9.627  -3.676 0.0000000000
125769  -54.410  -52.469  -5.921 0.0000000000
125846  -54.517  -23.430  -3.228 0.0000000000
125968  -62.531  -40.646  -4.964 0.0000000000
125991  -58.715  -20.195  -7.904 0.0000000000
126009  -48.058  3.034  -12.888 0.0000000000
126325  -52.190  -52.970  -9.657 0.0000000000
126388  -55.248  -7.187  -9.730 0.0000000000
126437  -64.985  -22.607  -6.539 0.0000000000
126448  -59.739  -31.221  -3.699 0.0000000000
126497  -56.160  -18.144  -7.615 0.0000000000
126562  -60.494  -38.717  -8.281 0.0000000000
126619  -53.667  -3.209  -10.532 0.0000000000
126642  -56.734  -2.561  -9.082 0.0000000000
126750  -39.347  2.250  -10.502 0.0000000000
126754  -58.356  -30.163  -10.270 0.0000000000
126759  -57.987  -39.879  -5.098 0.0000000000
126972  -41.656  8.156  -16.024 0.0000000000
127012  -55.537  -19.097  -7.059 0.0000000000
127111  -51.589  -7.108  -5.206 0.0000000000
127188  -53.766  -45.131  -6.627 0.0000000000
127216  -58.640  -30.375  -5.046 0.0000000000
127222  -54.731  -53.844  -7.659 0.0000000000
127333  -44.628  1.633  -11.480 0.0000000000
127476  -53.356  -51.837  -9.679 0.0000000000
127490  -53.693  -35.499  -8.930 0.0000000000
127503  -55.669  -43.573  -3.427 0.0000000000
127580  -59.962  -34.669  -7.078 0.0000000000
127663  -55.095  -50.068  -9.888 0.0000000000
127700  -56.884  -35.777  -7.262 0.0000000000
127807  -49.564  6.005  -13.530 0.0000000000
127933  -51.191  -32.005  -3.639 0.0000000000
127964  -61.272  -45.483  -5.703 0.0000000000
128046  -53.690  -7.339  -9.535 0.0000000000
128235  -60.788  -40.885  -7.127 0.0000000000
128248  -60.838  -14.155  -6.847 0.0000000000
128347  -51.801  -28.882  -5.793 0.0000000000
128648  -42.111  7.690  -15.548 0.0000000000
128682  -57.609  -3.441  -7.095 0.0000000000
128720  -54.603  -48.106  -10.180 0.0000000000
128980  -55.020  -21.239  -6.813 0.0000000000
129083  -53.792  -41.882  -5.168 0.0000000000
129222  -61.882  -37.594  -7.033 0.0000000000
129368  -52.022  -29.234  -6.897 0.0000000000
129488  -61.779  -28.195  -8.761 0.0000000000
129517  -52.348  -27.741  -5.112 0.0000000000
129773  -51.344  -2.477  -7.216 0.0000000000
129857  -59.128  -30.248  -4.344 0.0000000000
129878  -39.974  3.103  -9.701 0.0000000000
130147  -42.642  1.513  -11.624 0.0000000000
130183  -53.305  -26.180  -4.472 0.0000000000
130193  -53.715  -25.462  -4.393 0.0000000000
130209  -54.050  -35.975  -2.336 0.0000000000
130241  -54.708  -16.043  -5.147 0.0000000000
130309  -62.314  -14.403  -8.033 0.0000000000
130374  -47.805  4.455  -10.291 0.0000000000
130463  -63.432  -43.560  -0.582 0.0000000000
130478  -56.966  -21.403  -9.031 0.0000000000
130662  -63.119  -34.727  -4.252 0.0000000000
130676  -57.426  -34.468  -7.059 0.0000000000
130689  -48.947  5.717  -14.708 0.0000000000
130723  -57.176  -39.072  -4.314 0.0000000000
130743  -63.562  -9.582  -7.926 0.0000000000
130786  -54.880  -15.263  -6.079 0.0000000000
130853  -41.967  -1.421  -9.624 0.0000000000
131042  -55.424  0.916  -10.633 0.0000000000
131043  -48.703  3.397  -13.545 0.0000000000
131107  -62.411  -14.257  -8.112 0.0000000000
131194  -53.857  -48.483  -8.893 0.0000000000
131200  -63.572  -40.525  -4.241 0.0000000000
131324  -42.659  7.388  -8.422 0.0000000000
131329  -55.674  -13.335  -7.619 0.0000000000
131445  -61.848  -44.208  -4.609 0.0000000000
131482  -48.629  -58.578  -10.090 0.0000000000
131484  -62.165  -44.463  -5.869 0.0000000000
131562  -59.395  -7.855  -6.987 0.0000000000
131588  -38.753  1.211  -11.712 0.0000000000
131623  -55.404  -27.411  -7.952 0.0000000000
131683  -60.711  -35.823  -7.654 0.0000000000
131732  -56.748  -31.070  -6.671 0.0000000000
131773  -57.704  -36.754  -6.317 0.0000000000
131987  -49.949  1.781  -11.541 0.0000000000
132069  -59.469  -30.747  -4.657 0.0000000000
132109  -55.792  -52.102  -8.203 0.0000000000
132176  -64.629  -21.789  -6.604 0.0000000000
132188  -44.920  2.796  -12.456 0.0000000000
132535  -55.386  -19.612  -4.849 0.0000000000
132577  -52.897  -7.104  -7.722 0.0000000000
132598  -53.419  -34.311  -2.330 0.0000000000
132613  -47.711  2.294  -11.803 0.0000000000
132615  -50.497  -2.195  -6.436 0.0000000000
132621  -43.156  7.390  -13.466 0.0000000000
132645  -61.977  -34.120  -3.857 0.0000000000
132667  -52.094  1.775  -8.910 0.0000000000
132714  -54.089  -24.871  -6.620 0.0000000000
132814  -54.666  -8.103  -9.782 0.0000000000
132844  -57.758  -1.098  -9.538 0.0000000000
132864  -50.067  -55.061  -9.501 0.0000000000
132898  -57.462  -43.868  -4.775 0.0000000000
132905  -55.628  -32.361  -8.867 0.0000000000
132949  -58.014  -49.353  -8.100 0.0000000000
133105  -61.444  -44.316  -0.530 0.0000000000
133191  -58.531  -27.305  -5.488 0.0000000000
133275  -58.381  -46.336  -0.760 0.0000000000
133345  -55.388  -19.584  -6.864 0.0000000000
133457  -54.005  -14.641  -4.286 0.0000000000
133543  -53.582  -45.931  -6.444 0.0000000000
133564  -52.852  1.688  -9.454 0.0000000000
133645  -59.875  -43.274  -1.145 0.0000000000
133904  -51.552  -8.204  -4.726 0.0000000000
133907  -59.360  -15.043  -9.380 0.0000000000
134129  -62.639  -43.412  0.467 0.0000000000
134192  -53.004  -26.337  -3.998 0.0000000000
134246  -44.124  -2.497  -9.276 0.0000000000
134339  -54.036  -24.957  -4.309 0.0000000000
134483  -39.275  1.744  -12.789 0.0000000000
134484  -54.527  0.019  -7.888 0.0000000000
134511  -64.369  -40.019  -2.287 0.0000000000
134514  -57.143  -30.490  -6.386 0.0000000000
134644  -62.798  -13.234  -8.134 0.0000000000
134651  -50.846  -4.485  -5.193 0.0000000000
134749  -51.301  -5.666  -5.170 0.0000000000
134761  -52.236  0.900  -10.860 0.0000000000
134798  -64.265  -38.213  -3.328 0.0000000000
134892  -53.418  -26.653  -8.047 0.0000000000
134955  -55.299  -34.362  -8.382 0.0000000000
135006  -58.946  -8.101  -6.838 0.0000000000
135076  -40.797  1.213  -11.482 0.0000000000
135184  -64.254  -24.451  -7.423 0.0000000000
135193  -57.598  -21.454  -6.599 0.0000000000
135200  -53.920  3.191  -15.178 0.0000000000
135290  -57.583  -6.135  -6.932 0.0000000000
135294  -52.712  -44.073  -5.242 0.0000000000
135357  -51.154  -9.304  -3.343 0.0000000000
135486  -61.542  -37.357  -7.682 0.0000000000
135574  -63.918  -42.099  -3.911 0.0000000000
135786  -58.587  -23.121  -5.380 0.0000000000
135842  -55.243  -35.708  -3.615 0.0000000000
135937  -57.793  -13.975  -8.690 0.0000000000
135940  -55.917  -25.537  -7.371 0.0000000000
136002  -53.978  -35.919  -8.686 0.0000000000
136081  -57.420  -42.229  -1.660 0.0000000000
136153  -50.896  -53.042  -8.760 0.0000000000
136169  -51.929  -50.050  -7.194 0.0000000000
136247  -51.710  -28.558  -5.133 0.0000000000
136262  -57.072  -36.636  -5.571 0.0000000000
136263  -52.674  -28.248  -8.751 0.0000000000
136277  -59.494  -24.313  -6.483 0.0000000000
136291  -56.143  -12.711  -8.234 0.0000000000
136332  -53.262  -30.978  -10.665 0.0000000000
136351  -51.742  -4.954  -6.714 0.0000000000
136433  -62.235  -38.410  -5.700 0.0000000000
136583  -45.866  5.183  -13.925 0.0000000000
136633  -54.644  -0.447  -7.084 0.0000000000
