#!ascii label , from subject sub-03 vox2ras=TkReg lh ROI=ITG coords=white drawn-with=delineation-helper-0.1.0
2972
9837  -42.627  -74.225  17.812 0.0000000000
9863  -42.796  -74.797  16.519 0.0000000000
9868  -42.556  -74.195  16.326 0.0000000000
9869  -42.981  -74.549  15.888 0.0000000000
9870  -43.544  -74.330  15.395 0.0000000000
10572  -41.781  -73.252  17.904 0.0000000000
10573  -42.398  -73.553  18.240 0.0000000000
10574  -43.274  -73.772  18.563 0.0000000000
10586  -41.532  -73.136  17.164 0.0000000000
10587  -42.022  -73.744  17.428 0.0000000000
10594  -42.071  -73.564  16.543 0.0000000000
10601  -42.703  -73.712  15.842 0.0000000000
10602  -43.473  -73.544  15.387 0.0000000000
10603  -44.419  -73.638  15.007 0.0000000000
10604  -45.025  -72.718  14.893 0.0000000000
11228  -43.008  -72.236  19.281 0.0000000000
11229  -44.609  -72.509  19.378 0.0000000000
11244  -41.323  -72.601  17.942 0.0000000000
11245  -42.159  -72.852  18.617 0.0000000000
11246  -43.072  -73.050  18.908 0.0000000000
11247  -44.059  -73.118  19.012 0.0000000000
11261  -41.178  -72.506  17.032 0.0000000000
11272  -41.638  -72.703  16.504 0.0000000000
11273  -42.231  -72.883  15.917 0.0000000000
11283  -43.090  -72.826  15.492 0.0000000000
11284  -43.556  -72.094  15.303 0.0000000000
11285  -44.115  -72.632  15.160 0.0000000000
11293  -44.975  -71.974  14.854 0.0000000000
11915  -45.001  -71.478  20.180 0.0000000000
11923  -41.572  -71.342  19.201 0.0000000000
11924  -42.539  -71.513  19.494 0.0000000000
11925  -43.529  -71.526  19.705 0.0000000000
11926  -44.914  -71.990  19.749 0.0000000000
11933  -41.035  -71.752  18.424 0.0000000000
11934  -41.854  -72.120  18.935 0.0000000000
11944  -40.452  -71.197  18.010 0.0000000000
11945  -40.821  -71.917  17.469 0.0000000000
11959  -40.563  -71.151  17.082 0.0000000000
11960  -41.842  -72.193  16.005 0.0000000000
11970  -41.923  -71.270  15.770 0.0000000000
11971  -42.702  -71.969  15.550 0.0000000000
11972  -43.551  -71.431  15.139 0.0000000000
11973  -44.224  -71.724  14.996 0.0000000000
11985  -44.114  -71.211  14.794 0.0000000000
11986  -44.721  -71.352  14.604 0.0000000000
12592  -45.781  -70.080  22.125 0.0000000000
12603  -44.796  -70.370  21.149 0.0000000000
12604  -45.519  -70.612  21.372 0.0000000000
12619  -42.402  -70.365  20.061 0.0000000000
12620  -43.209  -70.341  20.448 0.0000000000
12621  -43.977  -71.004  20.197 0.0000000000
12622  -44.640  -70.860  20.588 0.0000000000
12623  -45.337  -71.069  20.725 0.0000000000
12631  -40.671  -70.082  19.191 0.0000000000
12632  -41.500  -70.463  19.570 0.0000000000
12633  -43.004  -70.940  19.911 0.0000000000
12639  -39.871  -69.694  18.017 0.0000000000
12640  -40.305  -70.356  18.427 0.0000000000
12641  -40.825  -70.935  18.836 0.0000000000
12648  -40.195  -70.414  17.579 0.0000000000
12657  -40.411  -70.260  16.754 0.0000000000
12658  -40.867  -69.978  15.992 0.0000000000
12668  -41.659  -70.403  15.612 0.0000000000
12669  -42.363  -70.654  15.332 0.0000000000
12670  -42.879  -71.064  15.293 0.0000000000
12681  -42.252  -70.102  15.012 0.0000000000
12682  -43.561  -70.798  14.795 0.0000000000
12683  -44.330  -70.848  14.458 0.0000000000
12684  -44.948  -70.980  14.227 0.0000000000
12691  -43.851  -70.425  14.287 0.0000000000
12692  -44.498  -70.483  13.870 0.0000000000
12693  -45.414  -70.939  13.705 0.0000000000
12701  -44.859  -70.434  13.055 0.0000000000
12702  -45.196  -70.332  12.271 0.0000000000
13315  -45.936  -69.112  22.662 0.0000000000
13316  -46.596  -69.042  23.139 0.0000000000
13323  -44.299  -69.506  21.489 0.0000000000
13324  -45.367  -69.213  22.252 0.0000000000
13337  -41.802  -69.725  20.166 0.0000000000
13338  -42.574  -69.683  20.600 0.0000000000
13339  -43.308  -69.640  20.987 0.0000000000
13340  -43.998  -70.214  20.872 0.0000000000
13348  -40.261  -68.359  19.435 0.0000000000
13349  -40.563  -69.183  19.533 0.0000000000
13358  -39.745  -68.967  18.406 0.0000000000
13359  -40.145  -69.565  18.789 0.0000000000
13367  -39.630  -68.932  17.627 0.0000000000
13368  -39.943  -69.609  17.207 0.0000000000
13375  -39.725  -68.812  16.848 0.0000000000
13376  -40.224  -69.414  16.431 0.0000000000
13389  -40.612  -69.168  15.696 0.0000000000
13390  -41.394  -69.690  15.356 0.0000000000
13406  -41.732  -69.437  14.774 0.0000000000
13407  -42.366  -69.679  14.502 0.0000000000
13408  -43.063  -70.142  14.475 0.0000000000
13417  -42.679  -69.460  13.914 0.0000000000
13418  -43.595  -69.869  13.700 0.0000000000
13419  -44.211  -70.035  13.176 0.0000000000
13423  -42.891  -69.147  13.076 0.0000000000
13424  -44.432  -69.811  12.331 0.0000000000
13429  -43.790  -69.260  11.963 0.0000000000
13430  -44.263  -69.322  11.384 0.0000000000
13431  -44.921  -69.862  11.564 0.0000000000
13435  -44.792  -69.443  10.774 0.0000000000
13444  -40.876  -69.617  9.501 0.0000000000
13445  -41.938  -69.764  9.100 0.0000000000
13446  -44.888  -68.916  9.860 0.0000000000
13466  -41.695  -68.896  9.093 0.0000000000
13467  -42.422  -68.504  8.350 0.0000000000
14084  -47.094  -68.361  23.289 0.0000000000
14098  -44.878  -67.751  22.143 0.0000000000
14099  -45.471  -68.369  22.419 0.0000000000
14100  -46.286  -68.135  22.861 0.0000000000
14110  -43.165  -67.909  21.369 0.0000000000
14111  -43.637  -68.924  21.432 0.0000000000
14112  -44.734  -68.780  22.000 0.0000000000
14126  -42.244  -68.076  20.989 0.0000000000
14127  -42.788  -68.886  21.085 0.0000000000
14139  -40.796  -68.367  20.039 0.0000000000
14140  -41.229  -69.055  20.194 0.0000000000
14141  -52.158  -68.316  20.010 0.0000000000
14155  -39.784  -68.292  18.794 0.0000000000
14156  -52.279  -68.380  19.176 0.0000000000
14157  -52.859  -68.525  18.601 0.0000000000
14165  -39.471  -68.145  17.267 0.0000000000
14166  -53.262  -68.536  17.946 0.0000000000
14167  -54.041  -68.566  17.745 0.0000000000
14174  -39.606  -68.033  16.526 0.0000000000
14175  -40.002  -68.617  16.115 0.0000000000
14189  -39.828  -67.939  15.912 0.0000000000
14190  -40.333  -68.275  15.371 0.0000000000
14191  -41.028  -68.952  15.052 0.0000000000
14204  -40.814  -68.250  14.631 0.0000000000
14205  -41.323  -68.269  13.930 0.0000000000
14206  -41.896  -69.106  14.147 0.0000000000
14214  -41.591  -67.887  13.115 0.0000000000
14215  -42.114  -68.703  13.448 0.0000000000
14220  -41.777  -67.548  12.444 0.0000000000
14221  -42.305  -68.268  12.539 0.0000000000
14222  -43.154  -68.821  12.192 0.0000000000
14226  -42.681  -68.035  11.552 0.0000000000
14227  -43.525  -68.563  11.168 0.0000000000
14228  -44.229  -68.721  10.431 0.0000000000
14237  -43.059  -67.560  10.506 0.0000000000
14238  -43.682  -67.865  10.003 0.0000000000
14256  -40.248  -68.951  9.790 0.0000000000
14257  -41.181  -68.505  9.389 0.0000000000
14258  -43.909  -66.871  8.936 0.0000000000
14259  -44.436  -67.810  9.220 0.0000000000
14276  -41.981  -67.789  8.461 0.0000000000
14277  -42.795  -67.022  7.430 0.0000000000
14278  -43.272  -67.854  7.375 0.0000000000
14295  -43.716  -66.408  6.790 0.0000000000
14853  -47.687  -67.794  23.382 0.0000000000
14868  -45.069  -66.887  21.968 0.0000000000
14869  -46.484  -67.221  22.642 0.0000000000
14870  -47.284  -67.116  22.887 0.0000000000
14871  -49.613  -67.109  22.913 0.0000000000
14882  -42.579  -67.201  21.055 0.0000000000
14883  -43.783  -67.158  21.536 0.0000000000
14884  -44.421  -67.244  21.816 0.0000000000
14885  -49.806  -66.787  21.413 0.0000000000
14886  -50.605  -67.260  21.086 0.0000000000
14897  -41.062  -67.638  20.252 0.0000000000
14898  -41.730  -67.242  20.601 0.0000000000
14899  -49.923  -66.965  19.747 0.0000000000
14900  -50.490  -67.257  20.207 0.0000000000
14901  -51.330  -67.754  20.264 0.0000000000
14908  -40.061  -67.614  19.182 0.0000000000
14909  -49.710  -67.218  18.840 0.0000000000
14910  -50.711  -67.539  19.379 0.0000000000
14911  -51.590  -68.005  19.501 0.0000000000
14926  -39.676  -67.525  18.483 0.0000000000
14927  -40.067  -66.907  18.885 0.0000000000
14928  -49.707  -67.432  17.944 0.0000000000
14929  -50.541  -67.629  18.414 0.0000000000
14930  -51.245  -67.919  18.002 0.0000000000
14931  -52.568  -68.347  17.764 0.0000000000
14943  -39.483  -67.444  17.693 0.0000000000
14944  -49.672  -67.292  17.100 0.0000000000
14945  -50.473  -67.578  17.542 0.0000000000
14946  -51.293  -67.731  17.191 0.0000000000
14947  -53.335  -68.430  17.060 0.0000000000
14948  -54.277  -68.448  16.946 0.0000000000
14955  -39.480  -67.358  16.913 0.0000000000
14956  -50.542  -67.235  16.484 0.0000000000
14957  -51.490  -67.458  16.242 0.0000000000
14958  -52.215  -67.629  15.910 0.0000000000
14959  -54.067  -68.321  16.051 0.0000000000
14960  -54.821  -68.195  16.323 0.0000000000
14961  -55.276  -67.811  15.696 0.0000000000
14971  -39.647  -67.322  16.179 0.0000000000
14972  -39.957  -67.422  15.503 0.0000000000
14973  -50.363  -66.682  15.167 0.0000000000
14974  -51.762  -67.159  15.066 0.0000000000
14975  -52.644  -67.478  14.908 0.0000000000
14976  -53.677  -67.855  14.888 0.0000000000
14977  -54.723  -67.984  14.841 0.0000000000
14978  -55.264  -67.572  14.162 0.0000000000
14988  -40.350  -67.514  14.835 0.0000000000
14989  -40.724  -67.617  14.227 0.0000000000
14990  -52.103  -67.094  13.452 0.0000000000
14991  -53.090  -67.411  13.503 0.0000000000
14992  -54.929  -67.631  13.047 0.0000000000
14993  -55.415  -67.294  12.602 0.0000000000
15001  -40.514  -66.653  14.327 0.0000000000
15002  -41.007  -67.332  13.605 0.0000000000
15003  -53.590  -66.831  11.583 0.0000000000
15004  -54.345  -67.385  11.991 0.0000000000
15005  -55.083  -67.287  11.751 0.0000000000
15006  -55.484  -66.892  11.613 0.0000000000
15011  -42.146  -67.579  11.908 0.0000000000
15020  -41.840  -66.869  11.824 0.0000000000
15021  -42.466  -67.119  11.039 0.0000000000
15036  -40.344  -67.243  10.039 0.0000000000
15037  -43.441  -66.981  9.578 0.0000000000
15054  -41.163  -66.830  9.174 0.0000000000
15055  -41.522  -67.318  8.811 0.0000000000
15056  -43.676  -65.848  8.533 0.0000000000
15057  -44.101  -65.755  7.891 0.0000000000
15058  -44.496  -66.407  8.064 0.0000000000
15070  -42.359  -66.442  7.744 0.0000000000
15071  -43.363  -65.561  7.037 0.0000000000
15072  -44.146  -65.534  7.174 0.0000000000
15085  -44.430  -66.304  6.731 0.0000000000
15601  -48.101  -67.108  23.145 0.0000000000
15602  -48.852  -67.187  23.258 0.0000000000
15612  -45.961  -66.564  22.111 0.0000000000
15613  -46.893  -66.576  22.336 0.0000000000
15614  -47.773  -66.621  22.493 0.0000000000
15615  -48.664  -66.763  22.677 0.0000000000
15626  -42.974  -66.668  20.937 0.0000000000
15627  -43.586  -66.468  21.068 0.0000000000
15628  -44.423  -66.462  21.373 0.0000000000
15629  -45.299  -66.237  21.468 0.0000000000
15630  -46.618  -66.183  21.810 0.0000000000
15631  -47.467  -66.182  21.719 0.0000000000
15632  -48.416  -66.405  21.917 0.0000000000
15633  -49.294  -66.671  22.053 0.0000000000
15644  -41.788  -66.532  20.161 0.0000000000
15645  -42.425  -66.588  20.548 0.0000000000
15646  -43.171  -66.276  20.442 0.0000000000
15647  -44.117  -66.090  20.527 0.0000000000
15648  -45.550  -65.880  20.818 0.0000000000
15649  -46.484  -65.884  20.551 0.0000000000
15650  -47.511  -65.985  20.729 0.0000000000
15651  -48.463  -66.287  20.456 0.0000000000
15652  -49.252  -66.569  20.166 0.0000000000
15666  -40.730  -66.535  19.232 0.0000000000
15667  -41.537  -66.290  19.522 0.0000000000
15668  -42.467  -66.142  19.802 0.0000000000
15669  -43.483  -66.011  19.637 0.0000000000
15670  -44.412  -66.025  19.647 0.0000000000
15671  -45.203  -66.111  19.445 0.0000000000
15672  -46.517  -66.151  19.567 0.0000000000
15673  -47.364  -66.460  19.101 0.0000000000
15674  -48.194  -66.608  19.152 0.0000000000
15675  -48.844  -66.842  18.907 0.0000000000
15691  -39.776  -66.760  18.114 0.0000000000
15692  -40.414  -66.284  18.468 0.0000000000
15693  -41.218  -65.992  18.785 0.0000000000
15694  -42.848  -65.923  19.113 0.0000000000
15695  -43.428  -65.924  18.788 0.0000000000
15696  -44.115  -66.076  18.863 0.0000000000
15697  -45.514  -66.347  18.570 0.0000000000
15698  -46.470  -66.471  18.637 0.0000000000
15699  -48.085  -66.850  18.404 0.0000000000
15700  -48.957  -67.172  18.197 0.0000000000
15707  -44.757  -66.173  18.260 0.0000000000
15708  -45.473  -66.300  17.799 0.0000000000
15709  -46.201  -66.348  17.433 0.0000000000
15710  -47.579  -66.790  17.665 0.0000000000
15711  -48.403  -67.032  17.583 0.0000000000
15712  -49.090  -67.238  17.539 0.0000000000
15720  -39.709  -66.568  16.571 0.0000000000
15721  -40.075  -65.974  16.035 0.0000000000
15722  -47.600  -66.136  16.143 0.0000000000
15723  -48.368  -66.357  16.044 0.0000000000
15724  -49.665  -66.785  16.131 0.0000000000
15737  -39.867  -66.693  15.749 0.0000000000
15738  -40.240  -66.179  15.228 0.0000000000
15739  -48.033  -65.965  15.402 0.0000000000
15740  -48.736  -66.108  14.834 0.0000000000
15741  -49.566  -66.421  14.871 0.0000000000
15742  -51.107  -66.749  13.847 0.0000000000
15743  -55.778  -66.950  13.556 0.0000000000
15757  -49.460  -66.123  13.234 0.0000000000
15758  -50.776  -66.408  12.271 0.0000000000
15759  -52.682  -66.927  12.089 0.0000000000
15760  -55.792  -66.790  12.115 0.0000000000
15768  -41.034  -66.518  13.392 0.0000000000
15769  -50.143  -66.130  12.051 0.0000000000
15770  -50.907  -66.063  11.633 0.0000000000
15771  -51.594  -66.469  11.972 0.0000000000
15772  -54.603  -66.918  11.311 0.0000000000
15773  -55.254  -66.750  11.287 0.0000000000
15781  -41.486  -66.298  12.520 0.0000000000
15791  -42.491  -65.977  10.518 0.0000000000
15804  -43.121  -64.601  8.921 0.0000000000
15818  -40.733  -65.940  9.586 0.0000000000
15819  -41.601  -65.550  8.480 0.0000000000
15820  -43.314  -64.697  7.914 0.0000000000
15821  -43.764  -65.177  7.357 0.0000000000
15832  -42.566  -64.901  7.627 0.0000000000
15833  -43.345  -64.968  7.369 0.0000000000
15834  -44.043  -65.577  6.908 0.0000000000
15845  -44.605  -66.055  6.921 0.0000000000
16411  -46.091  -65.990  21.399 0.0000000000
16412  -46.822  -65.931  21.272 0.0000000000
16435  -42.104  -65.872  18.993 0.0000000000
16453  -40.917  -65.731  18.025 0.0000000000
16454  -41.784  -65.658  18.251 0.0000000000
16455  -43.892  -65.871  18.066 0.0000000000
16472  -40.837  -65.456  17.172 0.0000000000
16473  -41.456  -65.465  17.657 0.0000000000
16474  -42.222  -65.397  17.616 0.0000000000
16475  -43.260  -65.398  17.367 0.0000000000
16476  -44.725  -65.850  17.494 0.0000000000
16477  -45.575  -65.973  17.116 0.0000000000
16478  -46.276  -66.005  16.711 0.0000000000
16491  -40.611  -65.408  16.339 0.0000000000
16492  -41.404  -65.019  16.448 0.0000000000
16493  -42.316  -65.021  16.857 0.0000000000
16494  -44.193  -65.359  16.832 0.0000000000
16495  -44.882  -65.194  16.182 0.0000000000
16496  -46.832  -65.846  16.135 0.0000000000
16507  -40.556  -65.483  15.584 0.0000000000
16508  -45.470  -65.124  15.484 0.0000000000
16509  -46.344  -65.440  15.445 0.0000000000
16510  -47.362  -65.654  15.095 0.0000000000
16511  -48.107  -65.755  14.525 0.0000000000
16513  -56.553  -65.357  13.187 0.0000000000
16527  -40.736  -65.518  14.677 0.0000000000
16528  -41.284  -65.121  13.867 0.0000000000
16529  -45.959  -65.005  14.541 0.0000000000
16530  -46.825  -65.236  14.121 0.0000000000
16531  -47.785  -65.431  13.452 0.0000000000
16532  -48.657  -65.753  13.446 0.0000000000
16533  -51.350  -65.726  11.673 0.0000000000
16534  -52.108  -65.927  11.570 0.0000000000
16535  -53.065  -66.232  11.621 0.0000000000
16536  -54.865  -65.851  11.294 0.0000000000
16537  -56.226  -66.230  12.526 0.0000000000
16538  -56.458  -65.425  11.624 0.0000000000
16545  -40.850  -65.889  13.865 0.0000000000
16546  -41.303  -65.682  13.172 0.0000000000
16547  -47.209  -64.996  12.658 0.0000000000
16548  -47.949  -65.095  12.095 0.0000000000
16549  -48.584  -65.378  12.279 0.0000000000
16550  -49.803  -65.632  11.822 0.0000000000
16551  -50.343  -65.644  11.738 0.0000000000
16552  -51.448  -65.942  11.599 0.0000000000
16553  -52.533  -66.204  11.641 0.0000000000
16554  -54.042  -66.541  11.485 0.0000000000
16555  -55.170  -66.352  11.185 0.0000000000
16556  -55.846  -66.107  11.151 0.0000000000
16557  -56.413  -64.917  11.134 0.0000000000
16564  -41.787  -65.340  12.270 0.0000000000
16565  -48.560  -64.845  11.761 0.0000000000
16566  -49.269  -65.243  11.748 0.0000000000
16567  -49.726  -65.207  11.737 0.0000000000
16576  -39.503  -65.539  11.350 0.0000000000
16577  -40.393  -64.785  10.514 0.0000000000
16578  -42.771  -64.633  10.066 0.0000000000
16579  -43.067  -63.441  9.133 0.0000000000
16592  -40.099  -65.787  10.564 0.0000000000
16593  -40.993  -64.722  9.341 0.0000000000
16594  -43.001  -63.657  8.575 0.0000000000
16607  -41.706  -64.609  8.411 0.0000000000
16608  -42.498  -64.036  8.006 0.0000000000
16609  -42.882  -64.012  8.124 0.0000000000
16616  -42.882  -64.355  7.850 0.0000000000
17214  -42.220  -64.656  16.025 0.0000000000
17215  -43.250  -64.845  16.348 0.0000000000
17216  -44.174  -64.908  16.077 0.0000000000
17225  -41.016  -65.039  15.308 0.0000000000
17226  -41.529  -64.772  15.609 0.0000000000
17227  -42.230  -64.436  15.155 0.0000000000
17228  -43.786  -64.585  15.442 0.0000000000
17229  -44.685  -64.806  15.442 0.0000000000
17230  -45.235  -64.782  14.800 0.0000000000
17231  -49.418  -64.132  13.714 0.0000000000
17232  -50.185  -64.513  13.474 0.0000000000
17233  -50.967  -64.798  14.245 0.0000000000
17234  -52.441  -64.847  14.827 0.0000000000
17235  -53.576  -64.576  14.550 0.0000000000
17236  -54.648  -64.233  13.676 0.0000000000
17254  -41.521  -64.700  14.683 0.0000000000
17255  -42.376  -64.274  14.198 0.0000000000
17256  -43.216  -64.263  14.588 0.0000000000
17257  -44.495  -64.470  14.428 0.0000000000
17258  -45.502  -64.649  13.814 0.0000000000
17259  -46.362  -64.843  13.280 0.0000000000
17260  -48.985  -63.876  13.017 0.0000000000
17261  -49.568  -64.418  12.451 0.0000000000
17262  -50.932  -65.134  12.353 0.0000000000
17263  -51.790  -65.340  13.266 0.0000000000
17264  -53.102  -65.530  13.212 0.0000000000
17265  -54.300  -65.183  13.101 0.0000000000
17266  -55.483  -64.827  11.685 0.0000000000
17267  -56.576  -64.501  11.218 0.0000000000
17268  -56.790  -64.620  11.688 0.0000000000
17281  -41.793  -64.791  12.936 0.0000000000
17282  -42.616  -64.001  12.304 0.0000000000
17283  -43.997  -64.038  13.481 0.0000000000
17284  -45.017  -64.239  13.053 0.0000000000
17285  -45.963  -64.397  12.500 0.0000000000
17286  -46.835  -64.449  12.017 0.0000000000
17287  -47.696  -64.425  11.751 0.0000000000
17288  -48.985  -64.378  11.959 0.0000000000
17289  -49.517  -64.828  11.716 0.0000000000
17290  -50.207  -65.017  11.808 0.0000000000
17291  -55.914  -65.474  11.043 0.0000000000
17292  -56.757  -64.258  11.231 0.0000000000
17303  -40.203  -63.808  11.632 0.0000000000
17304  -42.400  -64.465  11.785 0.0000000000
17305  -43.059  -63.454  10.676 0.0000000000
17306  -46.514  -63.810  11.497 0.0000000000
17307  -47.122  -63.955  11.451 0.0000000000
17308  -49.101  -64.866  11.676 0.0000000000
17316  -39.837  -64.687  11.507 0.0000000000
17317  -40.671  -63.828  10.474 0.0000000000
17318  -42.844  -63.974  10.401 0.0000000000
17319  -43.066  -62.790  9.204 0.0000000000
17330  -41.287  -63.775  9.322 0.0000000000
17331  -42.161  -63.110  8.740 0.0000000000
17332  -42.756  -63.165  8.693 0.0000000000
17340  -41.875  -63.796  8.416 0.0000000000
17341  -42.595  -63.633  8.396 0.0000000000
17916  -46.691  -62.956  15.827 0.0000000000
17917  -47.407  -63.256  15.700 0.0000000000
17918  -48.154  -63.539  15.787 0.0000000000
17919  -48.930  -63.827  15.934 0.0000000000
17920  -49.736  -63.951  16.088 0.0000000000
17921  -51.236  -63.391  16.325 0.0000000000
17922  -52.082  -63.287  16.125 0.0000000000
17937  -47.123  -63.038  14.477 0.0000000000
17938  -47.941  -63.417  14.678 0.0000000000
17939  -48.779  -63.763  14.602 0.0000000000
17940  -49.532  -64.178  14.978 0.0000000000
17941  -50.282  -64.392  15.235 0.0000000000
17942  -51.821  -64.095  15.705 0.0000000000
17943  -52.772  -63.837  15.538 0.0000000000
17944  -53.876  -63.548  15.058 0.0000000000
17945  -55.011  -63.122  13.929 0.0000000000
17968  -43.102  -63.940  13.522 0.0000000000
17969  -47.185  -62.957  12.797 0.0000000000
17970  -47.830  -63.309  13.331 0.0000000000
17971  -55.945  -63.709  11.859 0.0000000000
17972  -56.935  -63.486  11.645 0.0000000000
17981  -39.097  -63.273  13.383 0.0000000000
17982  -40.105  -62.790  12.864 0.0000000000
17983  -43.241  -63.712  12.364 0.0000000000
17984  -44.579  -63.702  12.232 0.0000000000
17985  -45.605  -63.746  11.751 0.0000000000
17986  -47.030  -63.180  11.652 0.0000000000
17987  -47.726  -63.510  12.016 0.0000000000
17988  -48.419  -63.744  12.435 0.0000000000
17993  -39.670  -63.603  12.580 0.0000000000
17994  -40.548  -62.924  11.794 0.0000000000
17995  -43.518  -62.968  10.764 0.0000000000
17996  -44.139  -63.117  11.355 0.0000000000
17997  -45.033  -63.109  11.188 0.0000000000
17998  -46.029  -63.105  11.045 0.0000000000
17999  -46.782  -63.450  11.402 0.0000000000
18000  -47.407  -63.838  11.513 0.0000000000
18001  -48.262  -64.301  11.716 0.0000000000
18006  -41.151  -62.870  10.455 0.0000000000
18007  -42.280  -61.954  10.112 0.0000000000
18008  -43.415  -62.039  9.999 0.0000000000
18009  -44.154  -62.119  10.388 0.0000000000
18010  -44.712  -62.437  10.836 0.0000000000
18011  -45.240  -62.441  11.028 0.0000000000
18023  -41.499  -63.100  9.514 0.0000000000
18024  -42.089  -62.496  9.417 0.0000000000
18025  -42.832  -62.403  9.625 0.0000000000
18621  -44.879  -62.049  16.921 0.0000000000
18622  -45.742  -62.205  17.073 0.0000000000
18623  -47.979  -62.504  17.215 0.0000000000
18624  -48.847  -62.465  17.205 0.0000000000
18625  -50.151  -61.887  17.124 0.0000000000
18635  -43.996  -62.150  15.865 0.0000000000
18636  -44.711  -62.314  16.167 0.0000000000
18637  -45.324  -62.384  16.454 0.0000000000
18638  -46.525  -62.617  16.744 0.0000000000
18639  -47.671  -63.112  16.575 0.0000000000
18640  -48.459  -63.208  16.677 0.0000000000
18641  -49.312  -63.195  16.714 0.0000000000
18642  -50.323  -62.941  16.703 0.0000000000
18643  -51.751  -62.448  16.442 0.0000000000
18644  -53.374  -61.724  15.708 0.0000000000
18652  -43.857  -61.880  14.611 0.0000000000
18653  -44.648  -62.261  15.128 0.0000000000
18654  -45.385  -62.484  15.407 0.0000000000
18655  -46.242  -62.716  14.970 0.0000000000
18656  -52.888  -62.692  15.862 0.0000000000
18657  -54.015  -62.507  15.208 0.0000000000
18658  -55.612  -62.227  13.325 0.0000000000
18671  -39.170  -62.059  14.365 0.0000000000
18672  -40.147  -61.801  14.120 0.0000000000
18673  -44.881  -62.089  13.803 0.0000000000
18674  -45.754  -62.451  13.983 0.0000000000
18675  -46.411  -62.593  12.370 0.0000000000
18676  -56.783  -62.385  12.120 0.0000000000
18682  -38.529  -62.605  13.928 0.0000000000
18683  -39.604  -62.453  13.735 0.0000000000
18684  -40.649  -62.042  13.141 0.0000000000
18685  -41.487  -61.670  12.441 0.0000000000
18686  -44.979  -61.919  12.309 0.0000000000
18687  -45.776  -62.341  11.729 0.0000000000
18688  -46.343  -62.883  11.244 0.0000000000
18693  -41.025  -62.179  12.088 0.0000000000
18694  -41.834  -61.706  11.299 0.0000000000
18695  -42.625  -61.588  10.777 0.0000000000
18696  -45.027  -62.014  11.155 0.0000000000
18697  -45.723  -62.567  11.091 0.0000000000
18703  -41.424  -62.251  10.915 0.0000000000
18704  -43.151  -61.899  10.075 0.0000000000
18705  -43.828  -61.916  10.296 0.0000000000
18706  -44.556  -61.987  10.659 0.0000000000
19357  -43.249  -61.270  17.189 0.0000000000
19358  -45.147  -61.555  17.326 0.0000000000
19359  -46.012  -61.463  17.442 0.0000000000
19360  -47.419  -61.835  17.424 0.0000000000
19361  -48.366  -61.588  17.433 0.0000000000
19362  -49.300  -61.612  17.340 0.0000000000
19363  -49.922  -61.113  17.226 0.0000000000
19375  -40.895  -61.097  16.219 0.0000000000
19376  -41.774  -61.240  16.530 0.0000000000
19377  -42.723  -61.510  16.595 0.0000000000
19378  -43.573  -61.781  16.621 0.0000000000
19379  -44.248  -62.025  16.624 0.0000000000
19380  -46.593  -62.050  17.324 0.0000000000
19381  -47.195  -62.557  17.099 0.0000000000
19382  -50.701  -61.082  16.936 0.0000000000
19383  -51.578  -61.419  16.591 0.0000000000
19384  -52.472  -61.679  16.257 0.0000000000
19395  -38.109  -60.973  15.184 0.0000000000
19396  -38.857  -61.112  15.343 0.0000000000
19397  -39.686  -61.192  15.402 0.0000000000
19398  -40.597  -61.316  15.264 0.0000000000
19399  -41.446  -61.400  15.490 0.0000000000
19400  -42.303  -61.575  15.625 0.0000000000
19401  -43.189  -61.847  15.712 0.0000000000
19402  -53.933  -60.898  15.389 0.0000000000
19403  -54.890  -61.527  14.411 0.0000000000
19416  -37.628  -61.383  14.558 0.0000000000
19417  -38.455  -61.679  14.628 0.0000000000
19418  -39.359  -61.556  14.819 0.0000000000
19419  -40.838  -61.480  14.273 0.0000000000
19420  -41.684  -61.399  13.679 0.0000000000
19421  -42.549  -61.408  13.677 0.0000000000
19422  -56.024  -61.523  13.154 0.0000000000
19430  -41.140  -61.597  13.403 0.0000000000
19431  -42.338  -61.349  12.761 0.0000000000
19432  -43.259  -61.396  12.658 0.0000000000
19433  -44.117  -61.656  13.150 0.0000000000
19439  -42.214  -61.432  11.878 0.0000000000
19440  -42.878  -61.428  11.300 0.0000000000
19441  -43.464  -61.436  11.459 0.0000000000
19442  -44.231  -61.556  11.805 0.0000000000
19449  -43.388  -61.603  10.647 0.0000000000
19450  -44.145  -61.699  10.806 0.0000000000
20149  -41.116  -60.142  17.271 0.0000000000
20150  -41.683  -60.741  17.140 0.0000000000
20151  -42.988  -60.614  17.443 0.0000000000
20152  -43.800  -60.851  17.461 0.0000000000
20153  -44.649  -60.897  17.509 0.0000000000
20154  -45.567  -60.697  17.535 0.0000000000
20155  -46.323  -60.760  17.541 0.0000000000
20156  -47.011  -60.252  17.496 0.0000000000
20157  -48.507  -60.648  17.443 0.0000000000
20158  -49.301  -60.618  17.330 0.0000000000
20159  -50.102  -60.397  17.121 0.0000000000
20172  -38.913  -59.945  16.301 0.0000000000
20173  -40.499  -60.499  16.733 0.0000000000
20174  -41.173  -60.789  16.828 0.0000000000
20175  -50.799  -60.196  16.849 0.0000000000
20176  -51.420  -60.569  16.645 0.0000000000
20177  -52.216  -60.812  16.384 0.0000000000
20178  -52.931  -60.189  16.089 0.0000000000
20189  -37.951  -60.289  15.473 0.0000000000
20190  -38.542  -60.455  15.712 0.0000000000
20191  -39.265  -60.640  15.944 0.0000000000
20192  -40.073  -60.871  16.078 0.0000000000
20193  -53.799  -59.952  15.519 0.0000000000
20210  -56.350  -60.776  13.255 0.0000000000
20269  -53.761  -61.168  6.327 0.0000000000
20280  -53.948  -61.138  5.838 0.0000000000
20928  -40.022  -58.893  17.215 0.0000000000
20929  -40.821  -59.258  17.385 0.0000000000
20930  -42.264  -59.210  17.524 0.0000000000
20931  -43.937  -59.370  17.513 0.0000000000
20932  -44.821  -59.525  17.490 0.0000000000
20933  -45.655  -59.671  17.481 0.0000000000
20934  -46.555  -59.468  17.403 0.0000000000
20935  -47.494  -59.292  17.323 0.0000000000
20936  -48.766  -59.900  17.321 0.0000000000
20937  -49.545  -59.780  17.153 0.0000000000
20938  -50.294  -59.690  16.942 0.0000000000
20950  -38.653  -59.116  16.387 0.0000000000
20951  -39.436  -59.424  16.783 0.0000000000
20952  -40.222  -59.746  17.087 0.0000000000
20953  -50.917  -59.549  16.759 0.0000000000
20954  -51.550  -59.401  16.591 0.0000000000
20955  -52.340  -59.315  16.358 0.0000000000
20956  -53.198  -59.224  15.957 0.0000000000
20966  -37.656  -59.576  15.368 0.0000000000
20967  -38.086  -59.141  15.885 0.0000000000
20968  -54.027  -59.151  15.417 0.0000000000
20969  -54.914  -59.164  14.823 0.0000000000
20970  -55.968  -59.213  14.272 0.0000000000
20990  -55.539  -59.960  14.196 0.0000000000
20991  -56.734  -60.005  13.471 0.0000000000
21041  -51.601  -60.221  7.936 0.0000000000
21042  -52.509  -60.604  7.666 0.0000000000
21052  -52.312  -60.625  7.296 0.0000000000
21053  -54.124  -61.070  6.680 0.0000000000
21054  -55.134  -60.619  6.387 0.0000000000
21065  -52.733  -60.905  6.802 0.0000000000
21066  -53.319  -61.060  6.329 0.0000000000
21067  -54.688  -61.063  5.909 0.0000000000
21068  -55.849  -60.343  5.878 0.0000000000
21069  -56.431  -59.737  5.325 0.0000000000
21076  -54.554  -60.735  5.214 0.0000000000
21077  -55.440  -60.514  5.149 0.0000000000
21087  -55.102  -60.066  4.419 0.0000000000
21712  -39.957  -57.990  17.129 0.0000000000
21713  -40.706  -58.445  17.343 0.0000000000
21714  -41.519  -58.685  17.449 0.0000000000
21715  -43.148  -58.694  17.437 0.0000000000
21716  -44.668  -58.781  17.372 0.0000000000
21717  -46.028  -58.720  17.246 0.0000000000
21718  -46.864  -58.756  17.228 0.0000000000
21719  -48.934  -59.046  17.112 0.0000000000
21720  -49.850  -59.072  16.909 0.0000000000
21731  -38.726  -58.249  16.410 0.0000000000
21732  -47.645  -57.470  16.715 0.0000000000
21733  -48.455  -58.019  16.899 0.0000000000
21734  -49.491  -58.223  16.837 0.0000000000
21735  -51.047  -58.865  16.715 0.0000000000
21736  -51.780  -58.640  16.547 0.0000000000
21737  -52.645  -58.379  16.263 0.0000000000
21738  -53.523  -58.403  15.760 0.0000000000
21749  -37.793  -58.624  15.478 0.0000000000
21750  -38.267  -58.596  16.046 0.0000000000
21751  -54.386  -58.374  15.299 0.0000000000
21805  -49.784  -58.663  9.721 0.0000000000
21806  -50.616  -58.806  10.253 0.0000000000
21816  -50.285  -59.055  9.364 0.0000000000
21817  -50.746  -59.475  9.016 0.0000000000
21818  -51.381  -59.824  8.755 0.0000000000
21829  -49.729  -58.633  8.933 0.0000000000
21830  -50.227  -58.869  8.565 0.0000000000
21831  -50.883  -59.606  8.282 0.0000000000
21832  -52.114  -60.097  8.487 0.0000000000
21833  -53.076  -60.075  8.211 0.0000000000
21834  -54.241  -59.650  7.727 0.0000000000
21843  -51.103  -59.715  7.912 0.0000000000
21844  -51.671  -60.053  7.508 0.0000000000
21845  -53.542  -60.701  7.397 0.0000000000
21846  -54.848  -60.310  7.059 0.0000000000
21847  -56.199  -59.649  6.536 0.0000000000
21848  -57.374  -58.764  6.623 0.0000000000
21857  -52.254  -60.350  6.899 0.0000000000
21858  -52.927  -60.526  6.297 0.0000000000
21859  -56.730  -59.526  6.075 0.0000000000
21869  -53.772  -60.573  5.569 0.0000000000
21870  -54.577  -59.968  4.645 0.0000000000
21880  -55.047  -59.214  3.761 0.0000000000
21881  -55.793  -59.789  4.429 0.0000000000
21882  -56.362  -59.256  4.486 0.0000000000
21888  -55.467  -58.699  3.203 0.0000000000
21889  -55.955  -59.099  3.733 0.0000000000
22539  -40.873  -57.737  17.204 0.0000000000
22540  -41.776  -57.832  17.245 0.0000000000
22541  -42.778  -57.853  17.190 0.0000000000
22542  -43.689  -57.917  17.151 0.0000000000
22543  -44.535  -58.046  17.119 0.0000000000
22544  -45.836  -57.960  16.967 0.0000000000
22545  -46.612  -57.970  16.961 0.0000000000
22546  -47.496  -58.313  17.048 0.0000000000
22554  -38.908  -57.492  16.315 0.0000000000
22555  -39.584  -57.364  16.643 0.0000000000
22556  -40.364  -57.191  16.837 0.0000000000
22557  -41.364  -57.008  16.814 0.0000000000
22558  -42.374  -57.187  16.813 0.0000000000
22559  -43.318  -57.259  16.753 0.0000000000
22560  -44.246  -57.366  16.720 0.0000000000
22561  -45.191  -57.530  16.741 0.0000000000
22562  -46.033  -57.353  16.618 0.0000000000
22563  -48.321  -57.001  16.570 0.0000000000
22564  -49.165  -57.256  16.662 0.0000000000
22565  -50.195  -57.435  16.653 0.0000000000
22566  -51.734  -57.213  16.472 0.0000000000
22567  -52.524  -57.446  16.271 0.0000000000
22568  -53.160  -57.757  15.992 0.0000000000
22583  -38.272  -57.826  15.813 0.0000000000
22584  -53.873  -57.613  15.571 0.0000000000
22607  -47.866  -57.348  11.570 0.0000000000
22608  -48.931  -57.713  12.074 0.0000000000
22609  -49.722  -57.612  12.197 0.0000000000
22621  -47.627  -57.387  10.191 0.0000000000
22622  -48.485  -57.672  11.098 0.0000000000
22623  -49.317  -58.066  11.206 0.0000000000
22624  -50.346  -57.854  11.614 0.0000000000
22625  -51.035  -58.054  10.959 0.0000000000
22638  -48.421  -57.782  10.135 0.0000000000
22639  -49.152  -58.262  10.001 0.0000000000
22640  -50.079  -58.504  10.786 0.0000000000
22641  -51.312  -58.610  10.206 0.0000000000
22642  -51.992  -58.214  9.877 0.0000000000
22651  -48.518  -57.730  9.272 0.0000000000
22652  -49.138  -58.255  9.072 0.0000000000
22653  -51.410  -59.252  9.567 0.0000000000
22654  -52.068  -59.280  9.282 0.0000000000
22655  -52.749  -57.909  9.344 0.0000000000
22665  -49.460  -58.202  8.721 0.0000000000
22666  -49.964  -58.062  8.390 0.0000000000
22667  -50.586  -58.965  8.072 0.0000000000
22668  -52.836  -59.108  8.834 0.0000000000
22669  -53.768  -58.759  8.373 0.0000000000
22670  -54.955  -58.259  7.890 0.0000000000
22671  -56.569  -58.164  7.699 0.0000000000
22672  -57.933  -58.099  7.631 0.0000000000
22673  -58.782  -57.607  7.899 0.0000000000
22680  -51.267  -58.873  7.589 0.0000000000
22681  -55.698  -59.123  7.304 0.0000000000
22682  -57.236  -58.721  7.142 0.0000000000
22683  -58.140  -58.121  7.362 0.0000000000
22684  -58.555  -57.702  7.672 0.0000000000
22693  -51.970  -59.254  7.016 0.0000000000
22694  -52.711  -59.389  6.388 0.0000000000
22695  -57.939  -58.290  6.804 0.0000000000
22705  -53.474  -58.276  5.794 0.0000000000
22706  -54.295  -58.058  4.623 0.0000000000
22707  -56.824  -58.863  5.023 0.0000000000
22718  -54.879  -58.507  3.401 0.0000000000
22719  -56.466  -58.622  3.990 0.0000000000
22725  -55.280  -58.184  2.766 0.0000000000
22726  -55.693  -58.140  2.619 0.0000000000
22727  -56.071  -58.466  3.062 0.0000000000
23356  -39.249  -56.921  16.245 0.0000000000
23357  -39.875  -56.702  16.396 0.0000000000
23358  -40.667  -56.517  16.421 0.0000000000
23359  -42.900  -56.641  16.368 0.0000000000
23360  -43.863  -56.691  16.268 0.0000000000
23361  -44.797  -56.843  16.335 0.0000000000
23362  -46.170  -56.767  16.219 0.0000000000
23363  -46.873  -57.144  16.538 0.0000000000
23364  -48.226  -56.384  16.197 0.0000000000
23365  -48.868  -56.409  16.348 0.0000000000
23366  -49.675  -56.524  16.468 0.0000000000
23367  -51.343  -56.438  16.396 0.0000000000
23368  -52.381  -56.463  16.138 0.0000000000
23369  -53.249  -57.008  15.875 0.0000000000
23391  -38.701  -56.848  15.703 0.0000000000
23392  -39.428  -56.366  15.852 0.0000000000
23393  -40.176  -56.117  15.986 0.0000000000
23394  -41.459  -56.276  16.238 0.0000000000
23395  -42.367  -56.069  15.887 0.0000000000
23396  -43.336  -56.255  15.827 0.0000000000
23397  -43.907  -56.052  15.231 0.0000000000
23398  -45.399  -56.552  15.817 0.0000000000
23399  -46.265  -56.503  15.598 0.0000000000
23400  -46.958  -56.578  16.026 0.0000000000
23401  -47.787  -56.217  15.707 0.0000000000
23402  -53.319  -56.204  15.689 0.0000000000
23403  -54.148  -56.673  15.489 0.0000000000
23419  -44.879  -56.234  14.898 0.0000000000
23420  -45.603  -56.325  14.266 0.0000000000
23421  -46.421  -56.420  14.797 0.0000000000
23422  -47.596  -56.154  15.027 0.0000000000
23423  -47.858  -56.376  14.382 0.0000000000
23426  -45.639  -56.288  12.208 0.0000000000
23427  -46.294  -56.510  13.627 0.0000000000
23428  -47.245  -56.752  13.592 0.0000000000
23429  -48.174  -56.819  13.601 0.0000000000
23430  -49.051  -56.585  13.372 0.0000000000
23434  -45.246  -56.281  10.656 0.0000000000
23435  -46.092  -56.536  11.456 0.0000000000
23436  -46.862  -56.858  11.498 0.0000000000
23437  -48.529  -57.317  12.792 0.0000000000
23438  -49.212  -57.327  12.708 0.0000000000
23439  -49.729  -56.642  12.699 0.0000000000
23450  -45.965  -56.507  10.287 0.0000000000
23451  -46.795  -57.038  10.261 0.0000000000
23452  -50.368  -56.839  12.066 0.0000000000
23453  -50.950  -56.954  11.410 0.0000000000
23460  -46.347  -56.568  9.882 0.0000000000
23461  -46.942  -56.935  9.594 0.0000000000
23462  -47.746  -57.260  9.403 0.0000000000
23463  -51.518  -56.946  10.758 0.0000000000
23464  -52.130  -56.964  10.146 0.0000000000
23473  -47.379  -56.869  9.354 0.0000000000
23474  -48.155  -57.253  9.135 0.0000000000
23475  -49.269  -57.675  8.677 0.0000000000
23476  -49.797  -57.002  8.621 0.0000000000
23477  -52.863  -56.616  9.615 0.0000000000
23478  -53.575  -56.978  9.039 0.0000000000
23479  -54.788  -56.452  8.918 0.0000000000
23480  -57.878  -56.665  9.165 0.0000000000
23481  -59.376  -56.586  8.807 0.0000000000
23482  -59.592  -56.328  8.802 0.0000000000
23490  -50.776  -57.874  7.985 0.0000000000
23491  -54.295  -57.501  8.519 0.0000000000
23492  -55.671  -57.344  8.330 0.0000000000
23493  -59.355  -56.966  8.207 0.0000000000
23500  -51.794  -57.060  7.565 0.0000000000
23501  -58.301  -57.516  7.331 0.0000000000
23510  -52.615  -56.905  6.966 0.0000000000
23511  -53.270  -57.000  6.321 0.0000000000
23512  -57.180  -57.649  6.120 0.0000000000
23520  -53.876  -57.000  5.517 0.0000000000
23521  -54.384  -56.866  4.553 0.0000000000
23522  -56.806  -58.079  4.391 0.0000000000
23530  -54.677  -57.681  3.550 0.0000000000
23531  -56.185  -57.739  2.459 0.0000000000
23538  -55.085  -57.566  2.577 0.0000000000
23539  -55.656  -57.492  2.071 0.0000000000
23540  -56.031  -57.205  1.660 0.0000000000
24180  -48.615  -55.882  15.868 0.0000000000
24181  -49.356  -55.792  16.137 0.0000000000
24182  -50.738  -55.748  16.270 0.0000000000
24183  -51.675  -55.632  16.086 0.0000000000
24184  -55.064  -55.328  16.124 0.0000000000
24202  -38.985  -55.992  15.229 0.0000000000
24203  -39.761  -55.729  15.415 0.0000000000
24204  -40.567  -55.633  15.526 0.0000000000
24205  -41.432  -55.668  15.574 0.0000000000
24206  -42.252  -55.511  15.158 0.0000000000
24207  -43.044  -55.783  15.262 0.0000000000
24208  -44.150  -55.783  14.248 0.0000000000
24209  -48.481  -55.671  15.248 0.0000000000
24210  -49.147  -55.347  15.502 0.0000000000
24211  -49.983  -55.222  15.882 0.0000000000
24212  -50.924  -55.017  15.861 0.0000000000
24213  -52.735  -55.395  15.676 0.0000000000
24214  -53.783  -55.676  15.577 0.0000000000
24215  -54.236  -55.074  15.773 0.0000000000
24220  -39.392  -55.363  14.701 0.0000000000
24221  -40.237  -55.207  14.926 0.0000000000
24222  -41.572  -55.186  14.850 0.0000000000
24223  -42.203  -55.180  14.548 0.0000000000
24224  -42.831  -55.402  14.560 0.0000000000
24225  -44.894  -55.986  13.761 0.0000000000
24226  -48.487  -55.661  14.795 0.0000000000
24227  -49.085  -55.270  14.406 0.0000000000
24231  -42.564  -54.994  13.890 0.0000000000
24232  -43.401  -55.326  13.682 0.0000000000
24233  -44.200  -55.568  13.075 0.0000000000
24234  -44.858  -55.889  12.547 0.0000000000
24235  -48.593  -55.984  14.117 0.0000000000
24236  -49.157  -55.596  13.814 0.0000000000
24242  -43.561  -55.143  12.306 0.0000000000
24243  -44.175  -55.543  11.702 0.0000000000
24244  -44.672  -56.048  11.100 0.0000000000
24245  -50.228  -55.750  12.396 0.0000000000
24255  -44.364  -55.529  10.853 0.0000000000
24256  -44.835  -56.007  10.374 0.0000000000
24257  -45.294  -56.151  10.074 0.0000000000
24258  -50.750  -55.893  11.695 0.0000000000
24259  -51.356  -55.982  11.080 0.0000000000
24267  -45.200  -55.986  10.030 0.0000000000
24268  -45.792  -56.245  9.936 0.0000000000
24269  -46.580  -56.393  9.737 0.0000000000
24270  -47.635  -55.941  9.675 0.0000000000
24271  -51.929  -56.011  10.514 0.0000000000
24272  -52.487  -56.016  10.097 0.0000000000
24273  -53.102  -55.558  9.876 0.0000000000
24274  -56.811  -55.027  10.509 0.0000000000
24275  -58.353  -55.426  10.255 0.0000000000
24276  -59.712  -55.451  9.672 0.0000000000
24277  -59.901  -55.256  9.377 0.0000000000
24286  -48.221  -56.526  9.317 0.0000000000
24287  -48.874  -57.005  8.883 0.0000000000
24288  -49.803  -56.011  9.067 0.0000000000
24289  -53.752  -56.014  9.407 0.0000000000
24290  -54.642  -55.666  9.489 0.0000000000
24291  -57.242  -55.714  9.886 0.0000000000
24292  -58.996  -56.115  9.558 0.0000000000
24293  -59.871  -56.000  9.133 0.0000000000
24302  -50.662  -55.947  8.603 0.0000000000
24303  -51.231  -56.483  8.136 0.0000000000
24304  -58.685  -56.090  8.086 0.0000000000
24305  -59.457  -56.356  8.518 0.0000000000
24312  -51.869  -55.886  7.789 0.0000000000
24313  -52.517  -55.808  7.265 0.0000000000
24314  -56.261  -55.690  6.897 0.0000000000
24315  -57.708  -56.512  7.395 0.0000000000
24316  -59.191  -56.955  7.852 0.0000000000
24323  -53.549  -55.470  6.041 0.0000000000
24324  -56.202  -55.543  5.887 0.0000000000
24325  -56.826  -56.658  6.513 0.0000000000
24332  -54.028  -56.033  5.341 0.0000000000
24333  -54.418  -56.015  4.263 0.0000000000
24334  -56.637  -56.490  5.304 0.0000000000
24345  -54.809  -56.457  2.754 0.0000000000
24346  -57.130  -56.039  3.449 0.0000000000
24356  -55.122  -56.396  1.438 0.0000000000
24357  -55.589  -56.581  1.258 0.0000000000
24358  -56.602  -56.743  2.378 0.0000000000
24372  -55.197  -56.119  0.786 0.0000000000
24373  -56.295  -56.402  1.469 0.0000000000
24386  -55.918  -56.004  0.725 0.0000000000
24919  -54.724  -54.417  16.254 0.0000000000
24920  -55.389  -54.693  16.521 0.0000000000
24921  -56.058  -54.587  16.886 0.0000000000
24935  -49.043  -55.129  14.935 0.0000000000
24936  -49.581  -54.741  15.152 0.0000000000
24937  -50.343  -54.520  15.365 0.0000000000
24938  -51.631  -53.973  15.292 0.0000000000
24939  -52.542  -54.296  15.475 0.0000000000
24940  -53.440  -54.695  15.609 0.0000000000
24941  -53.997  -54.095  15.867 0.0000000000
24947  -41.777  -54.788  14.165 0.0000000000
24948  -49.503  -54.680  14.534 0.0000000000
24949  -49.988  -54.217  14.713 0.0000000000
24957  -42.902  -54.795  12.912 0.0000000000
24958  -49.480  -54.830  13.905 0.0000000000
24959  -49.976  -54.344  13.446 0.0000000000
24970  -43.134  -54.635  11.831 0.0000000000
24971  -43.709  -55.051  11.145 0.0000000000
24972  -49.658  -55.451  13.190 0.0000000000
24973  -50.266  -54.706  12.700 0.0000000000
24974  -50.829  -54.203  12.218 0.0000000000
24986  -43.364  -54.384  11.340 0.0000000000
24987  -43.898  -54.980  10.911 0.0000000000
24988  -44.710  -55.381  10.659 0.0000000000
24989  -45.636  -55.060  10.635 0.0000000000
24990  -46.676  -54.686  10.829 0.0000000000
24991  -47.543  -54.368  10.844 0.0000000000
24992  -50.623  -55.065  12.051 0.0000000000
24993  -51.240  -54.931  11.463 0.0000000000
24994  -52.020  -54.444  11.057 0.0000000000
24995  -59.278  -54.441  10.819 0.0000000000
24996  -60.202  -54.732  9.928 0.0000000000
25005  -46.009  -55.741  10.050 0.0000000000
25006  -47.140  -55.329  10.275 0.0000000000
25007  -48.252  -54.636  10.392 0.0000000000
25008  -49.284  -54.350  10.045 0.0000000000
25009  -51.778  -55.272  10.849 0.0000000000
25010  -52.472  -55.135  10.448 0.0000000000
25011  -53.374  -54.722  10.305 0.0000000000
25012  -54.413  -54.481  10.438 0.0000000000
25013  -55.593  -54.664  10.505 0.0000000000
25014  -57.879  -54.741  10.808 0.0000000000
25015  -59.321  -55.053  10.388 0.0000000000
25023  -48.704  -55.406  9.733 0.0000000000
25024  -49.629  -55.101  9.493 0.0000000000
25025  -50.547  -54.886  9.056 0.0000000000
25026  -53.987  -55.188  9.822 0.0000000000
25027  -55.027  -55.120  9.945 0.0000000000
25028  -58.889  -54.674  8.860 0.0000000000
25029  -59.872  -55.034  9.152 0.0000000000
25038  -51.373  -54.317  8.558 0.0000000000
25039  -56.206  -54.609  8.125 0.0000000000
25040  -57.828  -55.149  8.383 0.0000000000
25041  -59.398  -55.535  8.659 0.0000000000
25042  -59.901  -55.818  8.967 0.0000000000
25048  -51.947  -54.476  8.022 0.0000000000
25049  -52.464  -54.162  7.426 0.0000000000
25050  -55.798  -54.757  7.209 0.0000000000
25051  -56.883  -55.516  7.746 0.0000000000
25065  -52.957  -54.335  6.732 0.0000000000
25067  -55.746  -54.017  6.423 0.0000000000
25077  -53.990  -55.049  5.149 0.0000000000
25078  -56.211  -54.488  5.629 0.0000000000
25079  -56.728  -55.360  4.735 0.0000000000
25092  -53.966  -54.273  4.555 0.0000000000
25093  -54.414  -55.214  3.842 0.0000000000
25094  -57.375  -54.831  3.628 0.0000000000
25108  -54.632  -55.494  2.437 0.0000000000
25109  -57.063  -55.544  2.505 0.0000000000
25123  -54.801  -55.755  1.057 0.0000000000
25124  -56.737  -55.217  1.609 0.0000000000
25137  -54.990  -55.704  0.387 0.0000000000
25138  -55.380  -55.549  0.273 0.0000000000
25139  -56.211  -55.071  0.630 0.0000000000
25659  -56.306  -53.748  17.175 0.0000000000
25669  -54.543  -53.526  16.256 0.0000000000
25670  -55.740  -52.916  16.898 0.0000000000
25687  -50.753  -53.841  14.918 0.0000000000
25688  -51.443  -53.377  14.832 0.0000000000
25689  -52.276  -53.295  15.136 0.0000000000
25690  -53.240  -53.572  15.526 0.0000000000
25691  -53.939  -53.159  15.861 0.0000000000
25697  -49.863  -54.159  14.099 0.0000000000
25698  -50.331  -53.765  14.309 0.0000000000
25699  -50.922  -53.171  14.218 0.0000000000
25700  -51.779  -52.780  14.492 0.0000000000
25705  -50.362  -53.634  13.735 0.0000000000
25706  -50.899  -53.046  13.361 0.0000000000
25716  -45.997  -53.134  12.094 0.0000000000
25717  -50.480  -53.755  12.980 0.0000000000
25718  -51.116  -53.289  12.530 0.0000000000
25719  -51.862  -52.943  12.099 0.0000000000
25731  -45.083  -53.372  11.792 0.0000000000
25732  -46.241  -53.934  11.531 0.0000000000
25733  -47.251  -53.739  11.399 0.0000000000
25734  -48.128  -53.627  11.094 0.0000000000
25735  -51.520  -53.817  11.736 0.0000000000
25736  -52.381  -53.551  11.410 0.0000000000
25737  -53.473  -53.467  11.243 0.0000000000
25738  -54.688  -53.315  11.491 0.0000000000
25739  -56.061  -53.621  11.556 0.0000000000
25740  -57.491  -54.123  11.332 0.0000000000
25741  -59.692  -53.918  11.036 0.0000000000
25742  -60.339  -54.060  10.267 0.0000000000
25754  -48.958  -53.542  10.612 0.0000000000
25755  -49.753  -53.383  10.136 0.0000000000
25756  -52.852  -54.165  10.777 0.0000000000
25757  -53.644  -54.093  10.697 0.0000000000
25758  -54.268  -53.828  10.921 0.0000000000
25759  -55.217  -54.007  10.972 0.0000000000
25760  -56.423  -54.341  10.983 0.0000000000
25761  -60.337  -54.182  9.925 0.0000000000
25769  -50.129  -54.099  9.608 0.0000000000
25770  -50.409  -53.128  9.635 0.0000000000
25771  -50.965  -52.757  9.123 0.0000000000
25772  -56.357  -53.548  9.202 0.0000000000
25773  -58.065  -53.930  9.257 0.0000000000
25774  -59.669  -54.261  9.368 0.0000000000
25775  -60.140  -54.541  9.681 0.0000000000
25784  -50.856  -53.741  9.133 0.0000000000
25785  -51.459  -53.203  8.584 0.0000000000
25786  -54.944  -52.965  8.050 0.0000000000
25787  -55.661  -53.745  8.467 0.0000000000
25788  -57.043  -54.319  8.782 0.0000000000
25800  -51.987  -53.652  7.999 0.0000000000
25802  -55.398  -53.721  7.401 0.0000000000
25813  -55.608  -53.227  6.516 0.0000000000
25822  -53.519  -53.434  5.023 0.0000000000
25823  -56.251  -53.439  5.651 0.0000000000
25824  -57.289  -53.187  4.763 0.0000000000
25838  -54.277  -54.413  3.443 0.0000000000
25839  -57.819  -53.646  3.834 0.0000000000
25840  -58.034  -52.903  3.596 0.0000000000
25852  -54.033  -53.663  3.113 0.0000000000
25853  -54.399  -54.672  2.121 0.0000000000
25854  -57.555  -54.130  2.825 0.0000000000
25867  -54.091  -53.921  1.747 0.0000000000
25868  -54.551  -55.036  0.653 0.0000000000
25869  -56.935  -54.110  1.696 0.0000000000
25875  -54.056  -54.220  0.215 0.0000000000
25876  -54.729  -54.797  -0.192 0.0000000000
25877  -55.260  -54.121  -0.317 0.0000000000
25878  -56.153  -54.148  0.545 0.0000000000
25882  -53.936  -53.900  -0.694 0.0000000000
25883  -54.353  -53.855  -0.813 0.0000000000
26466  -54.705  -52.157  16.088 0.0000000000
26467  -55.388  -52.151  16.483 0.0000000000
26482  -52.959  -52.697  15.136 0.0000000000
26483  -53.468  -52.097  15.097 0.0000000000
26484  -54.051  -52.262  15.637 0.0000000000
26491  -52.331  -52.181  14.106 0.0000000000
26492  -52.933  -52.101  14.595 0.0000000000
26494  -51.547  -52.576  13.765 0.0000000000
26495  -52.180  -52.205  13.414 0.0000000000
26506  -47.311  -52.134  12.145 0.0000000000
26507  -51.559  -52.612  12.936 0.0000000000
26508  -52.349  -52.397  12.615 0.0000000000
26509  -53.184  -52.294  12.435 0.0000000000
26510  -54.955  -52.349  12.501 0.0000000000
26526  -46.857  -53.020  11.961 0.0000000000
26527  -47.766  -52.859  11.659 0.0000000000
26528  -48.654  -52.638  11.185 0.0000000000
26529  -49.170  -51.855  10.926 0.0000000000
26530  -52.792  -52.817  11.859 0.0000000000
26531  -53.774  -52.761  11.845 0.0000000000
26532  -54.586  -52.693  12.001 0.0000000000
26533  -55.417  -52.900  11.971 0.0000000000
26534  -57.270  -53.492  11.793 0.0000000000
26535  -58.706  -53.353  11.734 0.0000000000
26536  -60.325  -53.314  10.728 0.0000000000
26551  -49.416  -52.654  10.580 0.0000000000
26552  -50.036  -52.529  10.084 0.0000000000
26569  -50.547  -52.248  9.561 0.0000000000
26575  -60.200  -53.884  9.713 0.0000000000
26586  -54.689  -52.261  8.634 0.0000000000
26587  -55.198  -52.981  8.910 0.0000000000
26599  -54.757  -52.146  7.820 0.0000000000
26600  -55.201  -52.720  7.136 0.0000000000
26607  -57.041  -52.030  5.619 0.0000000000
26621  -56.774  -52.702  5.425 0.0000000000
26622  -57.775  -52.372  4.912 0.0000000000
26623  -58.387  -51.947  4.444 0.0000000000
26635  -58.152  -52.695  4.187 0.0000000000
26636  -58.383  -52.276  3.978 0.0000000000
26644  -53.673  -52.957  2.729 0.0000000000
26645  -57.666  -53.058  2.857 0.0000000000
26646  -58.191  -52.379  3.664 0.0000000000
26654  -53.621  -53.229  1.338 0.0000000000
26655  -55.688  -53.285  0.293 0.0000000000
26656  -56.620  -53.181  1.633 0.0000000000
26661  -53.483  -53.434  -0.164 0.0000000000
26665  -53.658  -53.386  -1.153 0.0000000000
26666  -54.113  -53.292  -1.214 0.0000000000
26667  -54.850  -53.307  -0.705 0.0000000000
26670  -52.913  -52.676  -1.223 0.0000000000
26671  -53.501  -52.817  -1.353 0.0000000000
27270  -52.947  -51.816  14.108 0.0000000000
27276  -52.710  -51.903  13.718 0.0000000000
27277  -53.388  -51.677  13.675 0.0000000000
27294  -52.833  -51.938  13.129 0.0000000000
27316  -48.599  -51.278  11.422 0.0000000000
27336  -50.132  -51.737  9.976 0.0000000000
27360  -54.436  -51.543  8.420 0.0000000000
27369  -54.786  -51.323  7.605 0.0000000000
27370  -55.271  -51.872  6.957 0.0000000000
27381  -56.239  -51.600  6.305 0.0000000000
27382  -57.525  -51.306  5.778 0.0000000000
27383  -58.591  -50.851  5.312 0.0000000000
27394  -58.244  -51.610  5.103 0.0000000000
27395  -58.620  -51.212  4.697 0.0000000000
27404  -53.107  -52.046  4.406 0.0000000000
27405  -57.026  -51.450  3.597 0.0000000000
27406  -58.415  -51.736  4.113 0.0000000000
27415  -52.748  -51.448  3.821 0.0000000000
27416  -53.242  -52.153  3.385 0.0000000000
27417  -56.596  -51.919  2.848 0.0000000000
27418  -57.781  -52.080  3.390 0.0000000000
27426  -52.721  -51.891  1.644 0.0000000000
27427  -53.070  -52.592  0.856 0.0000000000
27428  -56.400  -52.352  2.086 0.0000000000
27429  -57.078  -52.538  2.611 0.0000000000
27434  -52.343  -51.966  0.397 0.0000000000
27435  -52.835  -52.760  -0.642 0.0000000000
27436  -55.192  -52.377  -0.077 0.0000000000
27441  -51.353  -51.325  -1.036 0.0000000000
27442  -51.910  -52.015  -1.003 0.0000000000
27443  -54.345  -52.590  -1.095 0.0000000000
27446  -52.082  -51.950  -1.201 0.0000000000
27447  -52.802  -52.215  -1.424 0.0000000000
28158  -53.998  -50.165  8.647 0.0000000000
28159  -54.391  -50.756  8.150 0.0000000000
28167  -55.109  -50.491  7.470 0.0000000000
28168  -55.588  -51.055  6.899 0.0000000000
28169  -56.235  -50.285  6.942 0.0000000000
28178  -56.788  -50.876  6.398 0.0000000000
28179  -57.603  -50.232  6.467 0.0000000000
28180  -58.770  -50.096  5.801 0.0000000000
28181  -59.019  -49.528  5.818 0.0000000000
28190  -55.405  -50.023  4.756 0.0000000000
28191  -56.997  -50.210  4.675 0.0000000000
28192  -58.822  -50.223  5.127 0.0000000000
28202  -51.809  -50.186  4.761 0.0000000000
28203  -52.294  -50.771  4.258 0.0000000000
28204  -54.651  -50.046  4.017 0.0000000000
28205  -55.907  -50.789  4.029 0.0000000000
28206  -57.849  -50.861  4.217 0.0000000000
28207  -58.558  -50.950  4.489 0.0000000000
28215  -51.602  -50.153  3.562 0.0000000000
28216  -52.175  -50.830  3.053 0.0000000000
28217  -54.895  -50.466  3.176 0.0000000000
28218  -55.742  -51.267  3.072 0.0000000000
28227  -50.925  -50.748  0.756 0.0000000000
28228  -52.018  -51.154  1.548 0.0000000000
28229  -55.088  -50.864  2.178 0.0000000000
28230  -55.761  -51.709  2.096 0.0000000000
28235  -49.576  -50.247  -0.128 0.0000000000
28236  -50.372  -50.731  -0.102 0.0000000000
28237  -51.332  -51.385  -0.101 0.0000000000
28238  -54.706  -50.291  1.047 0.0000000000
28239  -55.253  -51.452  0.982 0.0000000000
28243  -50.558  -50.677  -0.519 0.0000000000
28244  -51.137  -51.283  -0.829 0.0000000000
28245  -53.595  -51.022  -0.985 0.0000000000
28246  -54.537  -51.353  -0.325 0.0000000000
28251  -52.174  -51.608  -1.329 0.0000000000
28252  -52.914  -51.651  -1.458 0.0000000000
28253  -53.619  -52.006  -1.431 0.0000000000
29057  -54.248  -49.321  8.482 0.0000000000
29058  -55.129  -49.106  8.003 0.0000000000
29065  -54.638  -49.902  7.944 0.0000000000
29066  -55.699  -49.685  7.523 0.0000000000
29067  -57.227  -49.471  7.094 0.0000000000
29068  -58.557  -48.930  6.714 0.0000000000
29077  -50.843  -49.047  5.779 0.0000000000
29079  -58.521  -49.654  6.358 0.0000000000
29080  -59.123  -49.257  6.090 0.0000000000
29086  -50.613  -48.973  4.694 0.0000000000
29087  -51.337  -49.603  5.288 0.0000000000
29088  -54.874  -49.406  5.283 0.0000000000
29089  -56.233  -49.568  5.258 0.0000000000
29090  -58.644  -50.036  4.858 0.0000000000
29091  -58.959  -49.420  5.545 0.0000000000
29092  -59.181  -49.011  5.843 0.0000000000
29100  -50.083  -48.948  3.434 0.0000000000
29101  -51.119  -49.529  4.160 0.0000000000
29102  -54.480  -49.557  4.601 0.0000000000
29115  -49.060  -49.209  2.184 0.0000000000
29116  -50.533  -49.557  2.828 0.0000000000
29117  -54.372  -49.488  3.143 0.0000000000
29124  -48.716  -49.264  1.337 0.0000000000
29125  -49.468  -49.686  1.467 0.0000000000
29126  -54.476  -49.375  1.571 0.0000000000
29131  -49.054  -49.641  0.542 0.0000000000
29132  -49.783  -50.288  0.562 0.0000000000
29133  -53.599  -49.519  0.174 0.0000000000
29134  -54.272  -49.412  0.909 0.0000000000
29139  -49.171  -49.994  -0.043 0.0000000000
29140  -49.999  -50.327  -0.320 0.0000000000
29141  -51.083  -50.022  -0.695 0.0000000000
29142  -52.400  -49.901  -0.627 0.0000000000
29143  -54.152  -50.218  0.020 0.0000000000
29147  -50.821  -50.736  -0.805 0.0000000000
29148  -51.589  -50.879  -1.186 0.0000000000
29149  -52.638  -50.909  -1.252 0.0000000000
29941  -55.626  -48.471  8.208 0.0000000000
29942  -56.554  -48.111  8.142 0.0000000000
29949  -56.268  -48.863  7.731 0.0000000000
29950  -57.720  -48.416  7.525 0.0000000000
29951  -58.899  -48.143  6.910 0.0000000000
29952  -59.116  -48.536  6.252 0.0000000000
29960  -49.731  -48.051  6.611 0.0000000000
29961  -50.320  -48.518  6.215 0.0000000000
29962  -53.840  -47.920  6.012 0.0000000000
29963  -54.865  -48.226  6.269 0.0000000000
29964  -56.374  -48.191  6.176 0.0000000000
29965  -57.962  -47.926  5.927 0.0000000000
29966  -59.108  -48.497  5.952 0.0000000000
29969  -49.476  -47.962  5.525 0.0000000000
29970  -50.078  -48.437  5.143 0.0000000000
29971  -53.571  -48.027  5.094 0.0000000000
29972  -54.316  -48.672  5.650 0.0000000000
29973  -55.602  -48.881  5.780 0.0000000000
29974  -57.402  -48.794  5.559 0.0000000000
29975  -58.722  -48.491  5.739 0.0000000000
29983  -48.895  -48.072  4.340 0.0000000000
29984  -49.504  -48.494  3.927 0.0000000000
29985  -53.783  -48.289  4.105 0.0000000000
29986  -54.022  -49.174  3.966 0.0000000000
29998  -48.202  -48.284  3.175 0.0000000000
29999  -48.713  -48.668  2.635 0.0000000000
30000  -54.202  -48.521  3.164 0.0000000000
30005  -48.421  -48.973  1.774 0.0000000000
30006  -54.449  -48.808  2.227 0.0000000000
30010  -48.721  -48.881  1.268 0.0000000000
30011  -49.023  -49.587  0.613 0.0000000000
30012  -51.166  -48.397  0.508 0.0000000000
30013  -52.660  -48.336  0.646 0.0000000000
30014  -53.824  -48.666  1.000 0.0000000000
30015  -54.327  -48.811  1.529 0.0000000000
30019  -49.842  -49.600  -0.121 0.0000000000
30020  -51.593  -49.127  -0.119 0.0000000000
30021  -52.888  -49.042  0.238 0.0000000000
30779  -57.957  -46.909  8.169 0.0000000000
30780  -58.737  -46.756  7.443 0.0000000000
30789  -49.122  -47.592  6.983 0.0000000000
30790  -55.131  -47.076  6.945 0.0000000000
30791  -57.514  -47.672  7.997 0.0000000000
30792  -58.481  -47.539  7.499 0.0000000000
30793  -58.986  -47.462  6.866 0.0000000000
30799  -47.978  -47.154  6.159 0.0000000000
30800  -48.804  -47.541  5.868 0.0000000000
30801  -53.589  -47.165  6.284 0.0000000000
30802  -54.392  -47.500  6.569 0.0000000000
30803  -55.632  -47.575  6.596 0.0000000000
30804  -57.065  -47.370  6.424 0.0000000000
30805  -58.349  -47.194  6.433 0.0000000000
30806  -58.880  -47.174  6.764 0.0000000000
30810  -47.388  -47.500  4.929 0.0000000000
30811  -48.134  -47.745  4.649 0.0000000000
30812  -53.416  -47.275  5.073 0.0000000000
30813  -58.861  -47.905  6.160 0.0000000000
30825  -47.223  -47.575  4.104 0.0000000000
30826  -47.686  -47.937  3.688 0.0000000000
30827  -53.688  -47.419  4.282 0.0000000000
30838  -47.472  -47.696  3.697 0.0000000000
30839  -47.857  -48.089  3.153 0.0000000000
30840  -54.292  -47.432  3.151 0.0000000000
30845  -48.630  -48.443  2.020 0.0000000000
30846  -49.880  -47.831  1.633 0.0000000000
30847  -51.538  -46.871  1.740 0.0000000000
30848  -53.359  -47.069  1.649 0.0000000000
30849  -54.241  -47.300  2.211 0.0000000000
30850  -54.375  -47.955  2.471 0.0000000000
30854  -51.152  -47.651  1.191 0.0000000000
30855  -52.421  -47.621  1.110 0.0000000000
30856  -53.611  -47.784  1.388 0.0000000000
30857  -54.308  -48.124  1.803 0.0000000000
31518  -43.086  -46.277  9.031 0.0000000000
31530  -43.815  -46.217  8.477 0.0000000000
31531  -44.283  -46.181  7.868 0.0000000000
31532  -44.814  -46.371  7.780 0.0000000000
31538  -58.568  -46.074  8.043 0.0000000000
31539  -58.738  -46.109  7.464 0.0000000000
31547  -44.526  -46.089  7.389 0.0000000000
31548  -44.983  -46.216  6.930 0.0000000000
31549  -45.597  -46.404  6.461 0.0000000000
31550  -46.496  -46.683  6.652 0.0000000000
31551  -47.681  -46.836  7.032 0.0000000000
31552  -53.643  -45.977  7.109 0.0000000000
31553  -54.166  -46.732  7.000 0.0000000000
31554  -55.430  -46.392  7.130 0.0000000000
31555  -56.738  -46.043  6.973 0.0000000000
31556  -58.021  -45.808  6.909 0.0000000000
31557  -58.796  -46.320  7.106 0.0000000000
31559  -45.400  -46.179  6.327 0.0000000000
31560  -46.032  -46.655  5.640 0.0000000000
31561  -46.611  -47.027  5.687 0.0000000000
31562  -52.922  -45.884  6.173 0.0000000000
31563  -53.335  -46.412  6.513 0.0000000000
31564  -56.273  -46.841  6.802 0.0000000000
31565  -57.638  -46.549  6.641 0.0000000000
31566  -58.599  -46.425  6.831 0.0000000000
31569  -45.987  -46.536  5.396 0.0000000000
31570  -46.227  -47.049  4.989 0.0000000000
31571  -46.727  -47.242  4.524 0.0000000000
31572  -53.238  -46.626  5.591 0.0000000000
31585  -46.527  -47.007  4.481 0.0000000000
31586  -46.982  -47.338  4.065 0.0000000000
31587  -47.587  -46.997  3.693 0.0000000000
31588  -53.566  -46.716  4.559 0.0000000000
31591  -47.958  -47.512  3.286 0.0000000000
31592  -49.137  -46.881  3.012 0.0000000000
31593  -50.505  -46.320  2.728 0.0000000000
31594  -54.161  -46.587  3.529 0.0000000000
31598  -48.266  -47.949  2.662 0.0000000000
31599  -49.452  -47.403  2.392 0.0000000000
31600  -52.955  -46.443  1.815 0.0000000000
31601  -53.941  -46.595  2.191 0.0000000000
31605  -52.310  -47.053  1.465 0.0000000000
32183  -42.716  -45.763  9.137 0.0000000000
32196  -43.463  -45.854  8.598 0.0000000000
32197  -44.054  -45.873  7.933 0.0000000000
32198  -44.493  -45.689  7.514 0.0000000000
32202  -58.726  -45.262  7.990 0.0000000000
32210  -44.893  -45.847  6.926 0.0000000000
32211  -45.486  -45.617  6.450 0.0000000000
32212  -53.197  -45.336  7.152 0.0000000000
32213  -55.733  -45.584  7.290 0.0000000000
32214  -57.024  -45.241  7.222 0.0000000000
32215  -58.255  -45.128  7.409 0.0000000000
32216  -58.615  -45.677  7.549 0.0000000000
32219  -45.677  -46.085  5.788 0.0000000000
32220  -46.169  -45.869  5.452 0.0000000000
32221  -52.844  -45.297  6.667 0.0000000000
32222  -53.128  -45.798  6.746 0.0000000000
32232  -46.262  -46.539  4.961 0.0000000000
32233  -46.960  -46.087  4.667 0.0000000000
32234  -48.179  -45.487  4.804 0.0000000000
32235  -52.741  -45.165  5.891 0.0000000000
32236  -53.055  -45.825  5.514 0.0000000000
32249  -47.269  -46.584  4.213 0.0000000000
32250  -48.574  -45.922  4.250 0.0000000000
32251  -49.924  -45.270  4.193 0.0000000000
32252  -53.460  -46.027  4.760 0.0000000000
32254  -48.909  -46.403  3.670 0.0000000000
32255  -50.193  -45.866  3.440 0.0000000000
32256  -51.165  -45.526  2.912 0.0000000000
32257  -52.067  -44.955  2.653 0.0000000000
32258  -54.305  -45.700  3.193 0.0000000000
32262  -52.055  -45.852  2.181 0.0000000000
32263  -53.274  -45.037  2.432 0.0000000000
32264  -54.129  -44.963  2.807 0.0000000000
32867  -43.164  -45.142  8.978 0.0000000000
32868  -43.662  -44.326  8.940 0.0000000000
32883  -43.701  -45.293  8.473 0.0000000000
32884  -44.295  -44.876  8.170 0.0000000000
32885  -44.908  -44.957  7.546 0.0000000000
32891  -45.380  -45.051  7.073 0.0000000000
32892  -46.109  -44.609  6.945 0.0000000000
32893  -47.011  -44.197  6.759 0.0000000000
32894  -52.851  -44.837  7.112 0.0000000000
32895  -53.329  -44.588  7.466 0.0000000000
32896  -54.492  -44.591  7.606 0.0000000000
32897  -55.867  -44.649  7.456 0.0000000000
32898  -57.353  -44.396  7.420 0.0000000000
32899  -58.347  -44.097  7.726 0.0000000000
32904  -46.221  -45.224  6.181 0.0000000000
32905  -47.195  -44.837  5.944 0.0000000000
32906  -48.379  -44.092  6.028 0.0000000000
32907  -49.611  -44.085  5.300 0.0000000000
32908  -52.648  -44.642  6.658 0.0000000000
32920  -46.819  -45.666  5.209 0.0000000000
32921  -47.811  -45.111  5.401 0.0000000000
32922  -49.298  -44.926  4.851 0.0000000000
32923  -50.155  -44.294  4.699 0.0000000000
32924  -52.569  -44.442  6.008 0.0000000000
32925  -53.115  -44.535  5.155 0.0000000000
32930  -50.667  -44.435  4.120 0.0000000000
32931  -51.256  -44.107  3.691 0.0000000000
32932  -54.117  -44.480  4.089 0.0000000000
32933  -54.424  -43.844  3.344 0.0000000000
32938  -51.007  -44.907  3.477 0.0000000000
32939  -51.910  -44.219  3.016 0.0000000000
32940  -52.873  -44.296  2.527 0.0000000000
32941  -54.333  -44.732  3.294 0.0000000000
32945  -53.796  -44.258  2.634 0.0000000000
32946  -54.324  -44.038  2.949 0.0000000000
33545  -43.877  -43.246  9.299 0.0000000000
33546  -44.431  -43.725  8.775 0.0000000000
33564  -45.053  -43.997  8.253 0.0000000000
33565  -45.641  -43.280  8.339 0.0000000000
33566  -46.301  -42.979  8.091 0.0000000000
33567  -52.867  -42.802  7.765 0.0000000000
33568  -53.737  -43.022  7.945 0.0000000000
33575  -45.761  -44.062  7.701 0.0000000000
33576  -46.698  -43.579  7.452 0.0000000000
33578  -52.524  -43.292  7.316 0.0000000000
33579  -53.068  -43.661  7.644 0.0000000000
33580  -54.016  -43.832  7.778 0.0000000000
33581  -56.630  -43.753  7.506 0.0000000000
33582  -57.269  -43.069  7.613 0.0000000000
33583  -58.083  -43.277  7.823 0.0000000000
33590  -47.785  -43.858  6.538 0.0000000000
33592  -49.002  -43.231  6.123 0.0000000000
33593  -52.416  -43.797  6.612 0.0000000000
33601  -49.595  -43.306  5.582 0.0000000000
33602  -50.194  -43.453  5.029 0.0000000000
33603  -52.401  -43.199  5.953 0.0000000000
33604  -52.751  -43.829  5.526 0.0000000000
33609  -50.893  -43.574  4.232 0.0000000000
33610  -53.168  -43.078  4.983 0.0000000000
33611  -53.794  -43.702  4.411 0.0000000000
33615  -51.697  -43.515  3.372 0.0000000000
33616  -52.581  -43.605  2.708 0.0000000000
33617  -54.468  -43.188  3.530 0.0000000000
33622  -53.371  -43.728  2.559 0.0000000000
33623  -54.139  -43.467  2.682 0.0000000000
33624  -54.648  -43.146  2.989 0.0000000000
34389  -52.704  -42.014  7.828 0.0000000000
34390  -53.516  -42.208  8.085 0.0000000000
34391  -54.757  -42.272  8.051 0.0000000000
34400  -52.001  -41.811  7.174 0.0000000000
34401  -52.366  -42.406  7.404 0.0000000000
34402  -54.674  -43.140  7.856 0.0000000000
34403  -55.660  -42.758  7.771 0.0000000000
34404  -56.773  -42.439  7.683 0.0000000000
34411  -52.141  -42.713  6.819 0.0000000000
34421  -49.999  -42.788  5.310 0.0000000000
34422  -52.505  -42.394  5.606 0.0000000000
34428  -50.599  -42.618  4.608 0.0000000000
34429  -51.404  -42.777  3.746 0.0000000000
34430  -53.597  -42.403  4.483 0.0000000000
34431  -54.426  -42.386  3.609 0.0000000000
34437  -51.887  -42.137  3.208 0.0000000000
34438  -52.817  -42.248  2.557 0.0000000000
34439  -54.744  -42.091  3.027 0.0000000000
34440  -54.766  -42.491  3.012 0.0000000000
34445  -53.363  -42.986  2.533 0.0000000000
34446  -54.411  -42.573  2.712 0.0000000000
34452  -43.543  -42.965  0.090 0.0000000000
34453  -44.231  -43.369  0.086 0.0000000000
34454  -45.162  -43.468  0.089 0.0000000000
34459  -44.292  -43.340  -0.508 0.0000000000
34460  -44.792  -43.870  -0.795 0.0000000000
34461  -45.620  -43.853  -0.843 0.0000000000
34465  -44.848  -43.907  -1.312 0.0000000000
34466  -45.289  -44.078  -1.623 0.0000000000
34467  -46.097  -43.958  -1.590 0.0000000000
34470  -45.327  -43.690  -2.228 0.0000000000
34471  -45.936  -43.967  -2.277 0.0000000000
34472  -47.101  -43.465  -1.849 0.0000000000
34473  -45.729  -43.389  -3.066 0.0000000000
35133  -53.224  -41.468  8.113 0.0000000000
35134  -54.228  -41.509  8.183 0.0000000000
35135  -55.311  -41.349  8.037 0.0000000000
35142  -52.022  -41.142  7.404 0.0000000000
35143  -52.512  -41.282  7.794 0.0000000000
35144  -56.424  -40.991  7.833 0.0000000000
35145  -57.136  -41.628  7.859 0.0000000000
35153  -51.752  -41.082  6.958 0.0000000000
35154  -51.952  -41.796  6.504 0.0000000000
35166  -51.860  -41.060  6.075 0.0000000000
35167  -52.331  -41.618  5.588 0.0000000000
35173  -53.086  -41.754  4.762 0.0000000000
35174  -53.680  -41.132  4.154 0.0000000000
35178  -51.456  -41.347  3.415 0.0000000000
35179  -52.334  -41.458  2.696 0.0000000000
35180  -54.489  -41.586  3.395 0.0000000000
35181  -54.636  -41.129  2.738 0.0000000000
35185  -42.637  -41.769  1.234 0.0000000000
35186  -43.054  -42.155  1.529 0.0000000000
35187  -43.876  -42.128  2.085 0.0000000000
35188  -45.529  -41.862  1.831 0.0000000000
35189  -53.446  -41.531  2.344 0.0000000000
35190  -54.441  -41.546  2.593 0.0000000000
35191  -54.718  -42.009  2.936 0.0000000000
35195  -43.110  -42.249  0.593 0.0000000000
35196  -43.683  -42.726  0.990 0.0000000000
35197  -44.779  -42.796  0.990 0.0000000000
35198  -46.083  -42.336  1.042 0.0000000000
35199  -47.118  -42.203  0.483 0.0000000000
35200  -48.211  -41.290  0.729 0.0000000000
35205  -43.380  -42.554  0.173 0.0000000000
35206  -43.598  -42.921  -0.120 0.0000000000
35207  -44.055  -42.947  -0.477 0.0000000000
35208  -46.182  -43.066  0.073 0.0000000000
35209  -46.922  -43.149  -0.713 0.0000000000
35210  -48.841  -41.588  -0.389 0.0000000000
35214  -44.716  -43.554  -1.277 0.0000000000
35215  -45.188  -43.189  -2.339 0.0000000000
35216  -48.132  -42.433  -1.788 0.0000000000
35217  -49.212  -41.641  -1.331 0.0000000000
35221  -45.559  -42.958  -3.351 0.0000000000
35222  -46.689  -43.407  -2.577 0.0000000000
35223  -47.743  -42.344  -2.446 0.0000000000
35224  -49.246  -41.488  -1.871 0.0000000000
35225  -45.617  -42.692  -3.667 0.0000000000
35226  -46.358  -42.785  -3.384 0.0000000000
35854  -52.983  -40.729  8.060 0.0000000000
35855  -53.875  -40.190  8.014 0.0000000000
35856  -55.541  -40.696  7.900 0.0000000000
35864  -51.821  -40.344  7.234 0.0000000000
35865  -52.273  -40.512  7.652 0.0000000000
35866  -55.053  -40.135  7.864 0.0000000000
35877  -51.679  -40.302  6.520 0.0000000000
35890  -52.025  -40.367  5.517 0.0000000000
35891  -52.828  -40.428  4.623 0.0000000000
35897  -42.526  -40.726  3.361 0.0000000000
35898  -43.290  -40.677  3.677 0.0000000000
35901  -53.686  -40.427  3.920 0.0000000000
35902  -54.429  -40.757  3.320 0.0000000000
35906  -41.857  -40.783  1.804 0.0000000000
35907  -42.208  -41.172  2.407 0.0000000000
35908  -42.893  -41.249  2.956 0.0000000000
35909  -43.808  -40.955  3.421 0.0000000000
35910  -45.469  -40.646  3.239 0.0000000000
35911  -46.518  -39.988  3.493 0.0000000000
35914  -51.694  -40.598  2.802 0.0000000000
35915  -52.910  -40.694  2.158 0.0000000000
35919  -42.188  -40.635  1.098 0.0000000000
35920  -42.262  -41.259  1.484 0.0000000000
35921  -42.587  -41.667  1.999 0.0000000000
35922  -43.386  -41.646  2.531 0.0000000000
35923  -45.001  -41.557  2.474 0.0000000000
35924  -46.508  -41.360  1.869 0.0000000000
35925  -47.402  -40.551  2.278 0.0000000000
35926  -48.506  -40.239  2.247 0.0000000000
35927  -49.348  -40.116  1.973 0.0000000000
35928  -53.849  -40.030  1.539 0.0000000000
35929  -54.638  -40.674  2.303 0.0000000000
35930  -54.769  -40.032  2.123 0.0000000000
35934  -42.606  -41.075  0.909 0.0000000000
35935  -43.208  -41.861  0.382 0.0000000000
35936  -44.134  -41.288  0.391 0.0000000000
35937  -45.282  -40.621  0.451 0.0000000000
35938  -47.232  -41.365  1.402 0.0000000000
35939  -48.911  -40.533  1.389 0.0000000000
35940  -50.115  -40.153  1.012 0.0000000000
35941  -54.091  -39.281  1.068 0.0000000000
35942  -54.487  -39.515  1.583 0.0000000000
35947  -43.568  -42.385  -0.010 0.0000000000
35948  -44.519  -41.833  -0.230 0.0000000000
35949  -45.545  -41.266  -0.556 0.0000000000
35950  -49.438  -40.835  0.278 0.0000000000
35951  -50.618  -40.529  -0.488 0.0000000000
35952  -51.395  -39.792  -0.013 0.0000000000
35957  -44.876  -42.656  -1.058 0.0000000000
35958  -45.487  -42.007  -1.692 0.0000000000
35959  -50.470  -40.802  -1.521 0.0000000000
35963  -45.454  -42.147  -3.091 0.0000000000
35964  -48.754  -41.162  -2.500 0.0000000000
35965  -50.231  -40.640  -2.042 0.0000000000
35966  -45.503  -41.892  -4.013 0.0000000000
35967  -45.924  -42.001  -4.043 0.0000000000
35968  -47.260  -41.658  -3.349 0.0000000000
35969  -45.615  -41.117  -4.268 0.0000000000
35970  -46.727  -40.764  -4.101 0.0000000000
36688  -52.051  -39.588  7.444 0.0000000000
36689  -52.764  -39.942  7.848 0.0000000000
36690  -53.371  -39.377  7.807 0.0000000000
36691  -54.394  -39.425  7.765 0.0000000000
36692  -55.550  -39.484  7.624 0.0000000000
36693  -56.658  -39.666  7.562 0.0000000000
36709  -51.656  -39.427  6.855 0.0000000000
36719  -41.928  -39.466  4.643 0.0000000000
36725  -51.679  -39.550  5.968 0.0000000000
36726  -52.229  -39.650  5.093 0.0000000000
36730  -41.584  -39.717  3.634 0.0000000000
36731  -42.229  -40.112  3.952 0.0000000000
36732  -43.072  -40.216  4.229 0.0000000000
36733  -44.039  -40.172  4.278 0.0000000000
36739  -53.077  -39.746  4.197 0.0000000000
36740  -54.114  -39.916  3.372 0.0000000000
36745  -41.563  -40.089  2.307 0.0000000000
36746  -41.876  -40.585  2.906 0.0000000000
36747  -44.777  -40.412  3.756 0.0000000000
36748  -45.806  -39.810  4.012 0.0000000000
36751  -50.842  -39.998  2.855 0.0000000000
36752  -53.392  -38.924  3.628 0.0000000000
36753  -54.432  -39.197  2.523 0.0000000000
36757  -41.884  -39.961  0.978 0.0000000000
36758  -42.369  -39.345  0.747 0.0000000000
36759  -43.296  -39.741  1.448 0.0000000000
36760  -44.512  -39.516  1.843 0.0000000000
36761  -45.301  -39.113  1.877 0.0000000000
36762  -48.208  -39.864  3.137 0.0000000000
36763  -49.236  -39.912  2.753 0.0000000000
36764  -50.135  -39.867  2.110 0.0000000000
36765  -51.156  -39.713  2.000 0.0000000000
36766  -53.284  -39.392  1.081 0.0000000000
36767  -54.581  -38.928  1.604 0.0000000000
36769  -42.200  -40.044  0.774 0.0000000000
36770  -42.449  -40.126  0.858 0.0000000000
36771  -43.338  -40.671  0.886 0.0000000000
36772  -44.893  -40.139  1.241 0.0000000000
36773  -45.858  -39.473  0.982 0.0000000000
36774  -50.971  -39.702  1.316 0.0000000000
36775  -51.949  -39.381  0.746 0.0000000000
36776  -52.961  -39.076  0.332 0.0000000000
36777  -53.746  -38.803  0.637 0.0000000000
36778  -54.342  -38.766  1.048 0.0000000000
36782  -46.054  -40.199  0.020 0.0000000000
36783  -51.508  -40.036  -1.310 0.0000000000
36784  -52.176  -39.163  -0.372 0.0000000000
36785  -53.094  -38.785  0.299 0.0000000000
36789  -51.268  -39.847  -1.665 0.0000000000
36790  -51.540  -39.736  -1.211 0.0000000000
36794  -45.426  -40.858  -3.676 0.0000000000
36795  -49.197  -40.181  -2.620 0.0000000000
36796  -50.614  -40.071  -2.106 0.0000000000
36797  -45.518  -40.546  -4.208 0.0000000000
36798  -47.962  -39.948  -3.623 0.0000000000
36799  -45.816  -40.076  -4.462 0.0000000000
36800  -46.917  -39.594  -4.370 0.0000000000
37676  -52.151  -38.698  7.350 0.0000000000
37677  -52.933  -38.690  7.662 0.0000000000
37678  -53.473  -38.051  7.591 0.0000000000
37679  -54.730  -38.596  7.590 0.0000000000
37680  -56.185  -38.809  7.398 0.0000000000
37698  -51.763  -38.557  6.831 0.0000000000
37710  -41.466  -38.904  5.238 0.0000000000
37715  -51.693  -38.706  6.168 0.0000000000
37716  -52.062  -37.962  5.305 0.0000000000
37722  -40.728  -38.192  3.730 0.0000000000
37723  -41.064  -38.859  4.335 0.0000000000
37724  -52.748  -37.819  4.003 0.0000000000
37728  -41.236  -39.192  3.022 0.0000000000
37730  -53.668  -37.927  2.853 0.0000000000
37731  -54.274  -38.019  1.798 0.0000000000
37736  -41.563  -39.192  1.534 0.0000000000
37737  -42.504  -38.518  1.055 0.0000000000
37738  -43.253  -39.039  2.014 0.0000000000
37739  -44.161  -38.824  2.563 0.0000000000
37742  -54.317  -37.953  0.997 0.0000000000
37745  -42.029  -38.895  0.210 0.0000000000
37746  -42.050  -38.552  0.067 0.0000000000
37752  -49.562  -38.422  -0.457 0.0000000000
37753  -52.103  -38.945  -0.494 0.0000000000
37754  -52.836  -38.502  0.124 0.0000000000
37758  -46.495  -38.379  -0.498 0.0000000000
37762  -49.286  -39.352  -2.325 0.0000000000
37763  -47.935  -39.220  -3.938 0.0000000000
37764  -45.992  -38.841  -4.663 0.0000000000
37765  -47.301  -38.638  -4.436 0.0000000000
37766  -45.739  -37.842  -4.614 0.0000000000
38560  -52.052  -37.764  6.874 0.0000000000
38561  -52.709  -37.394  7.291 0.0000000000
38562  -53.484  -37.260  7.438 0.0000000000
38563  -54.377  -37.636  7.489 0.0000000000
38576  -52.100  -37.091  6.236 0.0000000000
38588  -52.254  -36.854  5.472 0.0000000000
38589  -52.622  -36.660  4.318 0.0000000000
38602  -53.242  -36.632  3.097 0.0000000000
38606  -41.179  -37.294  1.722 0.0000000000
38607  -41.236  -38.324  2.318 0.0000000000
38608  -42.673  -37.752  1.940 0.0000000000
38609  -43.293  -38.243  2.750 0.0000000000
38611  -53.700  -37.024  2.143 0.0000000000
38612  -53.531  -36.707  1.629 0.0000000000
38617  -41.696  -38.106  0.743 0.0000000000
38620  -50.164  -37.240  1.833 0.0000000000
38621  -51.355  -37.035  1.679 0.0000000000
38622  -53.697  -37.103  0.955 0.0000000000
38627  -42.148  -37.509  0.126 0.0000000000
38628  -42.170  -37.685  0.142 0.0000000000
38630  -49.155  -37.630  0.527 0.0000000000
38631  -49.581  -37.447  1.273 0.0000000000
38632  -50.690  -37.714  1.013 0.0000000000
38633  -52.023  -37.655  0.683 0.0000000000
38634  -53.064  -37.685  0.457 0.0000000000
38638  -50.060  -38.213  0.339 0.0000000000
38639  -51.547  -38.379  0.011 0.0000000000
38640  -52.476  -38.248  0.079 0.0000000000
38644  -46.497  -37.403  -1.197 0.0000000000
38645  -48.645  -37.742  -1.112 0.0000000000
38649  -48.644  -38.155  -2.139 0.0000000000
38650  -48.366  -38.541  -3.493 0.0000000000
38651  -45.669  -37.272  -4.507 0.0000000000
38652  -46.510  -37.859  -4.731 0.0000000000
38653  -47.723  -37.650  -4.260 0.0000000000
38654  -45.746  -37.100  -4.790 0.0000000000
39366  -53.032  -36.610  7.152 0.0000000000
39367  -54.059  -36.658  7.338 0.0000000000
39368  -55.066  -36.374  7.112 0.0000000000
39369  -56.189  -36.991  6.885 0.0000000000
39380  -52.426  -36.797  6.653 0.0000000000
39381  -52.936  -35.908  6.474 0.0000000000
39382  -55.968  -36.113  6.682 0.0000000000
39392  -52.757  -35.500  4.302 0.0000000000
39406  -52.913  -35.639  3.369 0.0000000000
39413  -39.828  -35.959  3.070 0.0000000000
39414  -40.636  -36.347  2.106 0.0000000000
39415  -42.416  -36.887  0.726 0.0000000000
39419  -49.122  -35.871  3.343 0.0000000000
39420  -49.996  -36.254  3.411 0.0000000000
39421  -51.190  -36.110  3.080 0.0000000000
39422  -52.582  -35.834  2.548 0.0000000000
39423  -53.146  -36.075  2.455 0.0000000000
39428  -41.606  -36.095  0.141 0.0000000000
39429  -41.786  -37.036  0.134 0.0000000000
39432  -48.844  -36.098  2.531 0.0000000000
39433  -49.338  -36.765  2.106 0.0000000000
39434  -50.363  -36.690  2.566 0.0000000000
39435  -52.391  -36.396  1.859 0.0000000000
39436  -53.171  -36.364  1.691 0.0000000000
39440  -41.943  -36.298  -0.295 0.0000000000
39441  -42.110  -36.575  -0.190 0.0000000000
39442  -48.890  -36.857  1.374 0.0000000000
39443  -52.751  -36.874  1.089 0.0000000000
39446  -48.645  -36.987  0.407 0.0000000000
39450  -46.326  -36.583  -2.399 0.0000000000
39451  -48.479  -36.869  -0.748 0.0000000000
39454  -45.759  -36.811  -3.822 0.0000000000
39455  -48.460  -37.198  -1.869 0.0000000000
39456  -45.629  -36.847  -4.583 0.0000000000
39457  -48.071  -36.573  -4.075 0.0000000000
39458  -45.702  -36.611  -4.670 0.0000000000
39459  -46.878  -35.925  -4.791 0.0000000000
39460  -45.953  -36.304  -4.949 0.0000000000
40179  -53.458  -36.002  6.960 0.0000000000
40180  -54.201  -35.755  7.019 0.0000000000
40181  -55.032  -35.651  6.855 0.0000000000
40189  -53.623  -35.141  6.343 0.0000000000
40190  -54.511  -34.995  6.554 0.0000000000
40191  -55.708  -35.144  6.447 0.0000000000
40204  -49.892  -35.026  5.145 0.0000000000
40205  -51.906  -34.644  4.578 0.0000000000
40206  -53.131  -34.836  5.314 0.0000000000
40207  -53.427  -34.373  5.504 0.0000000000
40218  -49.267  -35.146  4.597 0.0000000000
40219  -50.297  -35.414  4.526 0.0000000000
40220  -51.776  -35.009  4.030 0.0000000000
40221  -52.575  -35.087  3.603 0.0000000000
40228  -39.764  -35.313  2.213 0.0000000000
40229  -40.760  -35.681  1.148 0.0000000000
40230  -42.505  -36.277  2.218 0.0000000000
40233  -48.795  -35.191  3.928 0.0000000000
40234  -49.600  -35.693  4.013 0.0000000000
40235  -50.804  -35.722  3.814 0.0000000000
40236  -52.156  -35.320  3.319 0.0000000000
40237  -52.788  -35.429  3.096 0.0000000000
40241  -39.127  -34.760  2.168 0.0000000000
40242  -41.205  -35.408  0.127 0.0000000000
40243  -41.831  -35.764  -0.200 0.0000000000
40244  -42.099  -35.927  -0.220 0.0000000000
40245  -42.314  -36.210  0.241 0.0000000000
40247  -48.522  -35.362  2.206 0.0000000000
40251  -41.990  -36.012  -0.378 0.0000000000
40252  -41.971  -36.114  -0.392 0.0000000000
40253  -42.139  -36.507  -0.207 0.0000000000
40264  -48.450  -35.690  -1.198 0.0000000000
40268  -46.462  -35.772  -1.772 0.0000000000
40269  -48.584  -35.378  -2.338 0.0000000000
40270  -46.076  -35.775  -3.339 0.0000000000
40271  -48.436  -35.928  -3.110 0.0000000000
40272  -45.782  -36.020  -4.545 0.0000000000
40273  -46.972  -35.006  -4.631 0.0000000000
40274  -48.022  -35.520  -4.203 0.0000000000
40275  -45.963  -35.689  -4.631 0.0000000000
41063  -49.965  -34.161  6.125 0.0000000000
41064  -51.028  -34.125  6.061 0.0000000000
41065  -52.075  -33.895  5.700 0.0000000000
41066  -53.997  -34.312  5.893 0.0000000000
41067  -54.916  -34.206  6.067 0.0000000000
41068  -56.015  -34.353  5.953 0.0000000000
41079  -48.550  -33.993  4.914 0.0000000000
41080  -49.081  -34.586  5.129 0.0000000000
41081  -50.733  -34.637  5.461 0.0000000000
41082  -51.941  -34.307  5.212 0.0000000000
41083  -53.047  -34.187  5.042 0.0000000000
41084  -53.362  -33.934  5.449 0.0000000000
41085  -54.233  -33.483  5.617 0.0000000000
41086  -55.529  -33.456  5.551 0.0000000000
41097  -41.975  -34.919  4.083 0.0000000000
41100  -48.790  -34.682  4.551 0.0000000000
41104  -41.938  -34.692  2.851 0.0000000000
41107  -48.515  -34.715  3.428 0.0000000000
41110  -38.428  -34.573  1.696 0.0000000000
41111  -39.756  -34.294  1.018 0.0000000000
41112  -41.288  -34.894  -0.441 0.0000000000
41113  -42.024  -35.036  -0.759 0.0000000000
41114  -42.129  -34.556  0.137 0.0000000000
41116  -48.437  -34.599  2.649 0.0000000000
41120  -38.362  -33.986  0.908 0.0000000000
41121  -39.704  -33.749  0.333 0.0000000000
41122  -41.155  -34.505  -0.785 0.0000000000
41123  -41.868  -34.708  -0.953 0.0000000000
41125  -48.418  -34.472  1.676 0.0000000000
41130  -38.878  -33.227  0.051 0.0000000000
41131  -48.480  -34.349  0.653 0.0000000000
41135  -46.565  -34.257  -0.570 0.0000000000
41136  -48.648  -34.285  -0.366 0.0000000000
41140  -48.496  -33.918  -3.815 0.0000000000
41141  -46.315  -34.707  -4.392 0.0000000000
41910  -49.802  -32.937  6.939 0.0000000000
41911  -50.648  -32.990  7.090 0.0000000000
41921  -48.890  -33.196  6.056 0.0000000000
41922  -49.462  -33.444  6.379 0.0000000000
41923  -50.326  -33.575  6.598 0.0000000000
41924  -51.308  -33.539  6.523 0.0000000000
41925  -53.116  -33.292  6.020 0.0000000000
41926  -53.933  -33.045  5.767 0.0000000000
41927  -55.083  -32.885  5.494 0.0000000000
41939  -48.596  -33.223  5.472 0.0000000000
41940  -49.018  -33.929  5.747 0.0000000000
41941  -52.941  -33.818  5.383 0.0000000000
41942  -53.543  -33.602  5.665 0.0000000000
41951  -41.236  -33.370  3.418 0.0000000000
41952  -41.562  -34.070  4.141 0.0000000000
41954  -48.357  -33.503  4.128 0.0000000000
41958  -41.641  -33.633  1.654 0.0000000000
41959  -41.804  -34.255  2.271 0.0000000000
41962  -48.355  -33.849  3.221 0.0000000000
41965  -42.008  -34.145  -0.317 0.0000000000
41967  -48.388  -33.683  2.126 0.0000000000
41972  -41.614  -34.357  -1.025 0.0000000000
41973  -41.630  -33.992  -1.010 0.0000000000
41975  -48.538  -33.511  1.025 0.0000000000
41981  -48.826  -33.489  -0.091 0.0000000000
41987  -46.561  -33.520  -1.353 0.0000000000
41988  -49.269  -33.562  -1.302 0.0000000000
41991  -46.483  -32.786  -2.180 0.0000000000
41992  -49.561  -33.315  -2.483 0.0000000000
41993  -46.414  -32.886  -3.187 0.0000000000
41994  -48.954  -33.198  -3.407 0.0000000000
41995  -46.538  -33.289  -3.745 0.0000000000
41996  -47.525  -33.274  -4.041 0.0000000000
42690  -49.465  -32.222  7.029 0.0000000000
42691  -50.148  -32.358  7.395 0.0000000000
42692  -50.990  -32.369  7.521 0.0000000000
42693  -51.915  -32.287  7.475 0.0000000000
42694  -52.866  -32.197  7.256 0.0000000000
42705  -48.688  -32.553  5.962 0.0000000000
42706  -49.158  -32.733  6.507 0.0000000000
42707  -51.596  -32.945  7.020 0.0000000000
42708  -52.520  -32.828  6.782 0.0000000000
42709  -54.502  -32.486  6.069 0.0000000000
42726  -40.835  -32.070  4.753 0.0000000000
42727  -41.165  -33.055  4.821 0.0000000000
42729  -48.419  -32.350  5.135 0.0000000000
42731  -40.959  -32.600  2.791 0.0000000000
42733  -48.332  -32.610  4.211 0.0000000000
42735  -41.307  -32.733  1.223 0.0000000000
42738  -48.327  -32.875  3.367 0.0000000000
42740  -41.366  -32.878  -0.260 0.0000000000
42742  -48.623  -32.625  1.536 0.0000000000
42748  -49.013  -32.678  0.273 0.0000000000
42749  -49.932  -32.070  -0.593 0.0000000000
42753  -46.545  -32.038  -0.599 0.0000000000
42754  -49.580  -32.783  -0.882 0.0000000000
42755  -50.375  -32.124  -1.587 0.0000000000
42760  -46.466  -32.031  -1.817 0.0000000000
42761  -50.021  -32.714  -1.976 0.0000000000
42762  -50.319  -32.138  -2.246 0.0000000000
42763  -46.396  -32.112  -2.799 0.0000000000
42764  -49.018  -31.874  -3.188 0.0000000000
42765  -49.831  -31.783  -2.638 0.0000000000
42766  -46.551  -32.374  -3.391 0.0000000000
42767  -46.999  -32.571  -3.815 0.0000000000
42768  -48.211  -32.388  -3.560 0.0000000000
43434  -50.438  -31.175  7.983 0.0000000000
43435  -51.017  -30.896  8.280 0.0000000000
43436  -51.773  -30.930  8.256 0.0000000000
43447  -49.798  -31.568  7.504 0.0000000000
43448  -51.252  -31.609  7.961 0.0000000000
43449  -52.276  -31.568  7.837 0.0000000000
43450  -53.207  -31.455  7.597 0.0000000000
43451  -54.118  -31.262  7.370 0.0000000000
43452  -54.839  -31.001  7.120 0.0000000000
43462  -48.949  -32.018  6.508 0.0000000000
43463  -49.271  -31.604  6.963 0.0000000000
43464  -53.836  -32.087  6.871 0.0000000000
43485  -40.685  -31.717  3.610 0.0000000000
43487  -48.446  -31.709  4.268 0.0000000000
43489  -40.699  -31.554  2.350 0.0000000000
43491  -48.451  -31.975  3.414 0.0000000000
43496  -48.980  -31.680  1.656 0.0000000000
43497  -49.360  -31.049  1.786 0.0000000000
43501  -46.204  -30.982  1.271 0.0000000000
43502  -49.759  -31.231  0.844 0.0000000000
43507  -46.483  -31.223  -0.317 0.0000000000
43508  -51.067  -31.143  -1.242 0.0000000000
43513  -46.413  -31.195  -1.618 0.0000000000
43514  -50.513  -31.556  -1.815 0.0000000000
43517  -46.331  -31.320  -2.671 0.0000000000
43518  -46.424  -31.633  -3.120 0.0000000000
43519  -47.739  -31.589  -3.344 0.0000000000
43520  -46.991  -31.930  -3.577 0.0000000000
44242  -49.848  -29.971  7.911 0.0000000000
44243  -50.437  -30.303  8.222 0.0000000000
44244  -51.326  -30.268  8.417 0.0000000000
44245  -52.168  -30.254  8.399 0.0000000000
44246  -52.937  -30.139  8.284 0.0000000000
44263  -49.838  -30.693  7.747 0.0000000000
44264  -52.644  -30.844  8.108 0.0000000000
44265  -53.483  -30.667  7.881 0.0000000000
44266  -54.368  -30.371  7.584 0.0000000000
44280  -49.010  -31.251  6.471 0.0000000000
44281  -49.176  -30.299  6.500 0.0000000000
44297  -48.837  -30.842  5.729 0.0000000000
44305  -48.569  -31.336  5.042 0.0000000000
44306  -48.919  -30.453  4.803 0.0000000000
44308  -40.510  -30.470  3.115 0.0000000000
44310  -48.706  -30.939  4.260 0.0000000000
44311  -49.264  -30.253  3.705 0.0000000000
44317  -48.759  -31.093  3.455 0.0000000000
44318  -49.438  -30.554  2.509 0.0000000000
44322  -45.703  -29.932  1.969 0.0000000000
44323  -46.001  -30.155  1.128 0.0000000000
44324  -50.205  -30.613  1.178 0.0000000000
44325  -51.411  -30.630  0.054 0.0000000000
44329  -46.313  -30.406  0.128 0.0000000000
44330  -50.700  -30.966  0.159 0.0000000000
44331  -51.341  -30.808  -0.665 0.0000000000
44335  -46.209  -30.178  -1.448 0.0000000000
44336  -50.735  -30.978  -1.559 0.0000000000
44337  -51.343  -30.690  -0.936 0.0000000000
44339  -46.254  -30.404  -2.724 0.0000000000
44340  -46.177  -30.045  -2.939 0.0000000000
44341  -47.576  -30.360  -2.845 0.0000000000
44342  -49.477  -30.921  -2.313 0.0000000000
44343  -46.317  -30.864  -3.049 0.0000000000
44344  -46.907  -30.854  -3.236 0.0000000000
44345  -48.520  -31.199  -3.009 0.0000000000
45098  -50.104  -29.447  8.213 0.0000000000
45099  -50.872  -29.550  8.466 0.0000000000
45117  -49.673  -29.270  7.713 0.0000000000
45137  -49.364  -29.470  6.951 0.0000000000
45153  -49.308  -29.430  6.103 0.0000000000
45161  -49.508  -29.565  4.496 0.0000000000
45165  -45.527  -28.963  3.077 0.0000000000
45166  -49.931  -29.455  3.505 0.0000000000
45168  -45.572  -28.952  1.920 0.0000000000
45169  -50.315  -29.979  1.907 0.0000000000
45170  -51.477  -29.695  1.392 0.0000000000
45172  -45.732  -29.283  0.982 0.0000000000
45173  -45.977  -29.427  0.026 0.0000000000
45174  -51.119  -30.276  0.875 0.0000000000
45175  -52.150  -30.292  0.023 0.0000000000
45176  -52.755  -29.769  0.302 0.0000000000
45177  -45.554  -28.559  -0.240 0.0000000000
45178  -45.580  -28.741  -1.200 0.0000000000
45179  -52.637  -29.900  -0.143 0.0000000000
45180  -45.727  -29.166  -1.901 0.0000000000
45181  -47.103  -28.615  -1.705 0.0000000000
45182  -48.800  -29.551  -1.455 0.0000000000
45183  -50.599  -30.321  -1.244 0.0000000000
45184  -51.460  -30.180  -0.770 0.0000000000
45185  -45.921  -29.212  -2.385 0.0000000000
45186  -46.622  -29.530  -2.617 0.0000000000
45187  -48.248  -29.959  -2.202 0.0000000000
45188  -49.685  -30.401  -1.719 0.0000000000
46036  -49.929  -28.771  8.156 0.0000000000
46037  -50.478  -28.797  8.406 0.0000000000
46038  -51.360  -28.846  8.555 0.0000000000
46039  -52.365  -28.902  8.534 0.0000000000
46054  -49.674  -28.300  7.724 0.0000000000
46074  -49.426  -28.192  6.908 0.0000000000
46093  -49.464  -28.232  6.078 0.0000000000
46107  -49.499  -29.181  5.289 0.0000000000
46108  -50.204  -28.330  4.417 0.0000000000
46115  -50.167  -28.917  4.020 0.0000000000
46116  -50.932  -28.371  3.517 0.0000000000
46117  -52.040  -28.452  2.671 0.0000000000
46118  -45.510  -28.039  2.477 0.0000000000
46119  -51.268  -28.928  2.517 0.0000000000
46120  -52.419  -29.217  1.587 0.0000000000
46121  -54.135  -28.924  0.991 0.0000000000
46122  -45.460  -27.869  0.990 0.0000000000
46123  -53.504  -29.338  0.589 0.0000000000
46124  -54.180  -29.052  0.063 0.0000000000
46125  -54.769  -28.160  0.505 0.0000000000
46126  -45.195  -27.667  -0.438 0.0000000000
46127  -45.241  -27.953  -1.336 0.0000000000
46128  -49.497  -28.584  -0.131 0.0000000000
46129  -51.260  -29.374  -0.388 0.0000000000
46130  -52.506  -29.654  -0.304 0.0000000000
46131  -53.301  -29.502  -0.090 0.0000000000
46132  -54.500  -28.412  0.318 0.0000000000
46133  -54.940  -27.710  0.521 0.0000000000
46134  -45.086  -27.420  -1.091 0.0000000000
46135  -45.651  -28.451  -1.764 0.0000000000
46136  -45.780  -28.172  -1.701 0.0000000000
46137  -48.396  -28.680  -0.817 0.0000000000
46138  -50.084  -29.555  -0.772 0.0000000000
46139  -46.177  -28.805  -2.202 0.0000000000
46868  -50.125  -28.023  8.263 0.0000000000
46869  -50.610  -27.493  8.407 0.0000000000
46870  -51.321  -27.370  8.500 0.0000000000
46889  -49.531  -27.490  7.287 0.0000000000
46906  -49.422  -27.529  6.429 0.0000000000
46924  -49.562  -27.633  5.616 0.0000000000
46934  -49.944  -27.680  4.843 0.0000000000
46935  -50.675  -27.705  4.125 0.0000000000
46941  -51.606  -27.764  3.439 0.0000000000
46942  -52.615  -27.920  2.820 0.0000000000
46943  -53.714  -28.085  2.186 0.0000000000
46945  -45.455  -27.100  2.556 0.0000000000
46946  -53.158  -28.724  1.857 0.0000000000
46947  -55.072  -27.758  0.730 0.0000000000
46948  -44.964  -26.989  -0.185 0.0000000000
46949  -49.087  -27.187  1.000 0.0000000000
46950  -50.048  -27.126  1.286 0.0000000000
46951  -51.908  -27.938  0.480 0.0000000000
46952  -53.131  -28.124  0.220 0.0000000000
46953  -46.666  -27.180  -0.515 0.0000000000
46954  -48.028  -27.858  -0.211 0.0000000000
46955  -50.197  -28.089  0.518 0.0000000000
46956  -51.688  -28.706  0.000 0.0000000000
46957  -52.896  -29.088  -0.211 0.0000000000
46958  -54.257  -28.687  0.120 0.0000000000
46959  -54.702  -27.898  0.383 0.0000000000
46960  -45.365  -27.487  -1.173 0.0000000000
46961  -46.790  -27.885  -1.161 0.0000000000
47710  -50.135  -27.145  8.175 0.0000000000
47711  -50.770  -26.785  8.379 0.0000000000
47712  -51.581  -26.575  8.408 0.0000000000
47733  -49.744  -26.809  7.649 0.0000000000
47734  -50.241  -26.179  8.001 0.0000000000
47764  -49.380  -27.000  5.946 0.0000000000
47775  -49.625  -26.948  5.257 0.0000000000
47776  -50.204  -26.934  4.561 0.0000000000
47788  -51.062  -26.956  3.913 0.0000000000
47789  -52.037  -27.034  3.422 0.0000000000
47790  -52.963  -27.214  2.918 0.0000000000
47797  -45.408  -26.363  2.791 0.0000000000
47798  -54.238  -27.403  2.187 0.0000000000
47799  -55.058  -27.312  1.390 0.0000000000
47803  -45.172  -26.363  1.407 0.0000000000
47804  -48.156  -26.483  0.988 0.0000000000
47805  -49.212  -26.459  1.540 0.0000000000
47806  -50.117  -26.319  1.736 0.0000000000
47807  -51.883  -26.960  1.103 0.0000000000
47808  -52.774  -26.787  0.839 0.0000000000
47809  -53.462  -26.561  0.675 0.0000000000
47810  -55.369  -27.055  0.800 0.0000000000
47811  -55.263  -27.017  0.649 0.0000000000
47812  -44.814  -26.311  -0.274 0.0000000000
47813  -44.849  -26.326  -0.323 0.0000000000
47814  -46.861  -26.501  0.126 0.0000000000
47815  -47.965  -27.146  0.390 0.0000000000
47816  -53.894  -27.589  0.307 0.0000000000
47817  -54.405  -26.947  0.431 0.0000000000
47818  -55.075  -27.156  0.537 0.0000000000
48640  -50.664  -25.467  8.044 0.0000000000
48663  -50.084  -25.155  7.620 0.0000000000
48684  -49.368  -25.535  6.471 0.0000000000
48693  -49.366  -25.350  5.513 0.0000000000
48698  -49.843  -25.361  4.639 0.0000000000
48699  -50.663  -25.299  4.038 0.0000000000
48708  -45.340  -25.663  3.132 0.0000000000
48709  -51.364  -26.100  3.716 0.0000000000
48710  -52.457  -26.085  3.248 0.0000000000
48719  -45.123  -25.733  1.934 0.0000000000
48720  -48.843  -25.144  1.951 0.0000000000
48721  -49.409  -25.740  1.946 0.0000000000
48722  -50.204  -25.505  2.027 0.0000000000
48723  -53.471  -26.639  2.741 0.0000000000
48724  -54.482  -26.384  2.280 0.0000000000
48725  -55.420  -26.470  1.403 0.0000000000
48726  -55.800  -25.724  1.366 0.0000000000
48733  -44.669  -25.667  0.592 0.0000000000
48734  -47.316  -25.689  0.745 0.0000000000
48735  -48.520  -25.799  1.541 0.0000000000
48736  -50.958  -26.103  1.632 0.0000000000
48737  -51.853  -25.911  1.399 0.0000000000
48738  -52.750  -25.806  1.106 0.0000000000
48739  -53.730  -25.898  0.718 0.0000000000
48740  -55.776  -26.250  0.932 0.0000000000
48744  -44.839  -25.573  -0.161 0.0000000000
48745  -46.169  -25.179  0.322 0.0000000000
48746  -54.831  -26.247  0.501 0.0000000000
48747  -55.468  -26.383  0.698 0.0000000000
48748  -55.820  -26.075  0.899 0.0000000000
49529  -50.433  -24.227  7.688 0.0000000000
49548  -49.744  -24.243  7.191 0.0000000000
49584  -49.272  -24.440  5.768 0.0000000000
49590  -49.473  -24.735  4.993 0.0000000000
49591  -50.100  -24.496  4.377 0.0000000000
49599  -50.929  -24.574  3.806 0.0000000000
49600  -51.679  -24.138  3.519 0.0000000000
49601  -52.488  -24.946  3.229 0.0000000000
49607  -44.046  -24.583  0.488 0.0000000000
49608  -44.538  -25.141  1.120 0.0000000000
49609  -49.234  -24.473  2.195 0.0000000000
49610  -50.099  -24.694  2.248 0.0000000000
49611  -51.018  -25.042  1.812 0.0000000000
49612  -51.477  -24.171  1.760 0.0000000000
49613  -53.363  -25.628  2.831 0.0000000000
49614  -54.269  -25.291  2.509 0.0000000000
49615  -55.257  -25.105  2.122 0.0000000000
49616  -56.169  -24.977  1.449 0.0000000000
49624  -44.145  -24.524  0.131 0.0000000000
49625  -44.344  -25.105  0.129 0.0000000000
49626  -46.559  -24.401  0.626 0.0000000000
49627  -47.358  -24.822  1.013 0.0000000000
49628  -48.252  -24.394  1.668 0.0000000000
49629  -52.038  -24.989  1.482 0.0000000000
49630  -52.994  -25.000  1.119 0.0000000000
49631  -54.163  -25.130  0.675 0.0000000000
49632  -56.271  -25.471  0.983 0.0000000000
49633  -56.647  -24.819  1.046 0.0000000000
49638  -44.324  -25.189  0.018 0.0000000000
49639  -45.262  -24.812  0.154 0.0000000000
49640  -55.040  -24.781  0.523 0.0000000000
50329  -49.619  -23.446  7.045 0.0000000000
50346  -49.391  -23.819  6.507 0.0000000000
50361  -49.319  -23.573  5.683 0.0000000000
50374  -49.585  -23.247  4.935 0.0000000000
50375  -50.330  -22.955  4.327 0.0000000000
50379  -44.375  -23.356  2.495 0.0000000000
50380  -44.842  -23.982  3.068 0.0000000000
50381  -50.680  -23.809  3.963 0.0000000000
50382  -52.246  -23.324  3.432 0.0000000000
50383  -53.262  -23.576  3.019 0.0000000000
50389  -43.916  -24.036  1.190 0.0000000000
50390  -44.589  -24.522  1.882 0.0000000000
50391  -48.808  -23.558  2.115 0.0000000000
50392  -49.788  -23.872  2.337 0.0000000000
50393  -50.357  -23.281  2.288 0.0000000000
50394  -51.122  -23.419  1.990 0.0000000000
50395  -53.316  -24.621  2.882 0.0000000000
50396  -54.257  -24.341  2.587 0.0000000000
50397  -55.373  -24.245  2.204 0.0000000000
50398  -56.833  -24.684  1.056 0.0000000000
50399  -57.312  -23.885  1.164 0.0000000000
50407  -43.708  -23.979  0.145 0.0000000000
50408  -46.983  -23.621  0.819 0.0000000000
50409  -47.904  -23.502  1.470 0.0000000000
50410  -51.853  -23.476  1.665 0.0000000000
50411  -52.690  -23.493  1.397 0.0000000000
50412  -53.562  -23.621  1.050 0.0000000000
50413  -57.152  -24.145  1.030 0.0000000000
50418  -43.783  -24.023  0.127 0.0000000000
50419  -44.930  -23.660  0.338 0.0000000000
50420  -45.779  -23.999  0.449 0.0000000000
50421  -46.239  -23.166  0.596 0.0000000000
50422  -54.505  -23.884  0.649 0.0000000000
50423  -55.701  -24.268  0.466 0.0000000000
50424  -56.671  -24.388  0.747 0.0000000000
50425  -57.274  -23.653  0.768 0.0000000000
51067  -49.585  -22.652  7.103 0.0000000000
51082  -49.396  -22.601  6.490 0.0000000000
51092  -49.390  -22.728  5.663 0.0000000000
51103  -49.733  -22.576  4.894 0.0000000000
51104  -51.083  -22.286  4.067 0.0000000000
51111  -51.286  -23.129  3.758 0.0000000000
51112  -51.891  -22.463  3.679 0.0000000000
51113  -52.788  -22.617  3.386 0.0000000000
51114  -53.604  -22.762  3.057 0.0000000000
51115  -54.462  -22.475  2.852 0.0000000000
51120  -43.917  -22.585  2.225 0.0000000000
51121  -48.417  -22.712  1.831 0.0000000000
51122  -49.143  -22.463  2.249 0.0000000000
51123  -50.023  -22.514  2.337 0.0000000000
51124  -50.874  -22.666  2.145 0.0000000000
51125  -54.350  -23.418  2.674 0.0000000000
51126  -55.521  -23.321  2.360 0.0000000000
51127  -56.798  -23.286  1.900 0.0000000000
51128  -57.831  -22.937  1.437 0.0000000000
51129  -58.503  -22.249  1.209 0.0000000000
51137  -42.191  -22.533  0.074 0.0000000000
51138  -42.735  -22.955  0.195 0.0000000000
51139  -51.504  -22.882  1.843 0.0000000000
51140  -52.174  -22.780  1.594 0.0000000000
51141  -53.156  -22.774  1.262 0.0000000000
51142  -57.852  -23.216  1.067 0.0000000000
51148  -42.372  -22.570  0.152 0.0000000000
51149  -43.944  -23.248  0.187 0.0000000000
51150  -45.320  -22.934  0.473 0.0000000000
51151  -46.375  -22.189  0.568 0.0000000000
51152  -54.070  -22.547  0.818 0.0000000000
51153  -55.229  -22.558  0.374 0.0000000000
51154  -56.757  -22.577  0.291 0.0000000000
51155  -57.860  -22.866  0.796 0.0000000000
51156  -58.501  -22.232  1.126 0.0000000000
51827  -49.397  -21.207  6.607 0.0000000000
51836  -49.572  -21.274  5.774 0.0000000000
51837  -50.144  -21.339  4.978 0.0000000000
51849  -49.646  -21.977  5.301 0.0000000000
51850  -50.288  -22.074  4.614 0.0000000000
51851  -51.046  -21.411  4.398 0.0000000000
51852  -51.970  -21.166  4.069 0.0000000000
51860  -44.158  -21.861  3.223 0.0000000000
51861  -51.669  -21.804  3.921 0.0000000000
51862  -52.403  -21.803  3.689 0.0000000000
51863  -53.456  -21.844  3.419 0.0000000000
51864  -54.655  -21.478  3.253 0.0000000000
51865  -55.946  -21.053  3.109 0.0000000000
51874  -43.153  -21.051  1.630 0.0000000000
51875  -43.483  -21.889  1.898 0.0000000000
51876  -48.691  -21.865  1.969 0.0000000000
51877  -49.557  -21.726  2.221 0.0000000000
51878  -50.558  -21.799  2.181 0.0000000000
51879  -51.536  -22.070  1.865 0.0000000000
51880  -55.721  -22.208  2.607 0.0000000000
51881  -57.109  -21.346  2.593 0.0000000000
51882  -58.135  -22.037  1.954 0.0000000000
51883  -58.793  -21.652  1.279 0.0000000000
51884  -58.825  -21.205  1.260 0.0000000000
51893  -42.341  -21.813  0.467 0.0000000000
51894  -47.499  -21.706  0.888 0.0000000000
51895  -48.274  -21.333  1.404 0.0000000000
51896  -49.030  -21.045  1.858 0.0000000000
51897  -51.109  -21.087  1.905 0.0000000000
51898  -52.473  -22.018  1.499 0.0000000000
51899  -53.331  -21.882  1.158 0.0000000000
51900  -58.772  -21.654  1.251 0.0000000000
51907  -42.005  -21.982  0.031 0.0000000000
51908  -42.316  -21.983  -0.105 0.0000000000
51909  -43.785  -21.736  0.211 0.0000000000
51910  -45.550  -21.431  0.411 0.0000000000
51911  -46.879  -21.152  0.507 0.0000000000
51912  -54.248  -21.701  0.669 0.0000000000
51913  -55.431  -21.583  0.184 0.0000000000
51914  -57.869  -21.659  0.494 0.0000000000
51915  -58.893  -21.045  0.935 0.0000000000
51916  -58.770  -20.925  1.222 0.0000000000
52656  -49.526  -20.543  6.200 0.0000000000
52657  -50.042  -20.655  5.417 0.0000000000
52668  -43.902  -20.438  4.230 0.0000000000
52669  -44.163  -21.183  3.988 0.0000000000
52670  -50.667  -20.783  4.825 0.0000000000
52671  -51.492  -20.475  4.554 0.0000000000
52672  -52.431  -20.472  4.260 0.0000000000
52673  -53.237  -20.318  4.135 0.0000000000
52682  -43.799  -20.631  3.141 0.0000000000
52683  -43.843  -21.293  2.868 0.0000000000
52684  -52.839  -21.057  3.833 0.0000000000
52685  -55.050  -20.444  3.682 0.0000000000
52686  -56.557  -19.798  3.604 0.0000000000
52687  -57.832  -19.574  3.086 0.0000000000
52688  -58.361  -19.681  2.444 0.0000000000
52695  -50.063  -20.838  2.033 0.0000000000
52696  -57.117  -20.458  3.071 0.0000000000
52697  -58.129  -20.633  2.402 0.0000000000
52698  -58.723  -20.448  1.762 0.0000000000
52707  -41.868  -21.197  0.150 0.0000000000
52708  -47.782  -20.828  0.807 0.0000000000
52709  -48.533  -20.508  1.243 0.0000000000
52710  -49.344  -20.245  1.547 0.0000000000
52711  -50.776  -20.298  1.692 0.0000000000
52712  -51.652  -20.371  1.502 0.0000000000
52713  -52.568  -20.622  1.250 0.0000000000
52714  -53.451  -20.953  0.935 0.0000000000
52715  -58.750  -20.746  1.320 0.0000000000
52724  -41.888  -21.203  0.033 0.0000000000
52725  -42.725  -21.004  -0.171 0.0000000000
52726  -44.602  -20.728  0.250 0.0000000000
52727  -46.162  -20.504  0.339 0.0000000000
52728  -47.263  -20.253  0.433 0.0000000000
52729  -48.085  -19.998  0.607 0.0000000000
52730  -53.272  -20.033  0.755 0.0000000000
52731  -54.450  -20.748  0.393 0.0000000000
52732  -55.736  -20.335  -0.186 0.0000000000
52733  -57.132  -20.400  -0.052 0.0000000000
52734  -58.181  -20.294  0.528 0.0000000000
52735  -58.556  -20.392  0.903 0.0000000000
52736  -58.655  -20.493  1.134 0.0000000000
52737  -57.475  -19.123  -0.114 0.0000000000
53502  -49.925  -19.892  5.768 0.0000000000
53513  -50.685  -20.114  5.118 0.0000000000
53514  -51.383  -19.679  4.906 0.0000000000
53515  -52.313  -19.687  4.618 0.0000000000
53516  -53.494  -19.464  4.504 0.0000000000
53517  -54.955  -19.028  4.507 0.0000000000
53518  -56.564  -18.553  4.381 0.0000000000
53528  -43.696  -19.778  3.357 0.0000000000
53529  -54.286  -19.952  4.133 0.0000000000
53530  -55.642  -19.465  4.101 0.0000000000
53531  -57.680  -18.801  3.533 0.0000000000
53532  -58.186  -19.066  2.844 0.0000000000
53538  -42.578  -20.309  0.976 0.0000000000
53539  -58.442  -19.596  2.061 0.0000000000
53544  -41.907  -20.378  0.073 0.0000000000
53545  -48.811  -19.682  0.959 0.0000000000
53546  -49.679  -19.496  1.203 0.0000000000
53547  -50.629  -19.543  1.326 0.0000000000
53548  -51.506  -19.580  1.237 0.0000000000
53549  -52.380  -19.767  1.055 0.0000000000
53550  -58.609  -20.126  1.384 0.0000000000
53560  -43.717  -19.997  -0.032 0.0000000000
53561  -45.378  -19.856  0.157 0.0000000000
53562  -46.657  -19.676  0.189 0.0000000000
53563  -47.604  -19.468  0.235 0.0000000000
53564  -49.148  -18.946  0.563 0.0000000000
53565  -50.156  -18.695  0.714 0.0000000000
53566  -52.102  -18.973  0.771 0.0000000000
53567  -53.187  -18.928  0.330 0.0000000000
53568  -54.470  -19.474  -0.069 0.0000000000
53569  -56.004  -18.849  -0.748 0.0000000000
53570  -56.693  -19.348  -0.416 0.0000000000
53571  -57.795  -19.354  0.288 0.0000000000
53572  -58.320  -19.862  0.857 0.0000000000
53573  -42.504  -19.208  -0.171 0.0000000000
53574  -43.181  -19.256  -0.274 0.0000000000
53575  -44.645  -19.207  -0.126 0.0000000000
53576  -45.995  -19.113  -0.089 0.0000000000
53577  -47.081  -18.959  -0.108 0.0000000000
53578  -56.489  -17.573  -1.435 0.0000000000
53579  -57.160  -18.049  -1.107 0.0000000000
53580  -57.280  -18.197  -0.519 0.0000000000
54369  -53.644  -17.803  5.247 0.0000000000
54377  -52.939  -18.714  4.899 0.0000000000
54378  -54.308  -18.420  4.873 0.0000000000
54379  -55.946  -18.102  4.783 0.0000000000
54380  -57.663  -17.551  4.337 0.0000000000
54390  -43.631  -18.845  3.012 0.0000000000
54391  -56.386  -17.729  3.217 0.0000000000
54392  -57.625  -17.529  3.691 0.0000000000
54393  -57.720  -17.569  3.846 0.0000000000
54394  -57.650  -18.566  3.340 0.0000000000
54404  -43.367  -18.616  1.673 0.0000000000
54405  -55.069  -18.112  2.837 0.0000000000
54406  -56.671  -18.215  2.686 0.0000000000
54407  -57.538  -18.380  2.762 0.0000000000
54408  -58.028  -18.993  2.101 0.0000000000
54409  -58.169  -19.424  1.231 0.0000000000
54415  -42.671  -18.829  0.548 0.0000000000
54416  -51.168  -18.838  0.865 0.0000000000
54417  -55.525  -17.851  1.295 0.0000000000
54418  -57.275  -18.536  0.938 0.0000000000
54419  -57.544  -18.669  0.489 0.0000000000
54428  -47.930  -18.764  -0.040 0.0000000000
54429  -48.667  -18.498  0.030 0.0000000000
54430  -50.980  -18.012  0.336 0.0000000000
54431  -51.844  -18.170  0.392 0.0000000000
54432  -53.422  -17.614  -0.412 0.0000000000
54433  -54.481  -17.889  -0.714 0.0000000000
54434  -55.479  -18.112  -1.079 0.0000000000
54435  -57.185  -17.445  -0.523 0.0000000000
54436  -57.300  -17.838  -0.577 0.0000000000
54437  -57.669  -18.976  0.332 0.0000000000
54442  -42.994  -18.502  -0.298 0.0000000000
54443  -44.134  -18.499  -0.334 0.0000000000
54444  -46.441  -18.301  -0.372 0.0000000000
54445  -47.482  -18.277  -0.340 0.0000000000
54446  -48.241  -18.101  -0.334 0.0000000000
54447  -49.000  -17.739  -0.381 0.0000000000
54448  -53.542  -16.245  -1.027 0.0000000000
54449  -54.610  -16.340  -1.384 0.0000000000
54450  -56.111  -16.561  -1.927 0.0000000000
54451  -57.090  -16.772  -1.733 0.0000000000
54452  -57.211  -17.362  -1.225 0.0000000000
55227  -52.932  -17.227  5.500 0.0000000000
55228  -55.367  -17.457  5.216 0.0000000000
55229  -56.950  -16.804  5.117 0.0000000000
55239  -56.906  -17.347  4.874 0.0000000000
55240  -57.780  -16.834  4.488 0.0000000000
55253  -43.613  -17.980  2.837 0.0000000000
55259  -57.579  -17.050  3.710 0.0000000000
55260  -57.966  -16.990  4.082 0.0000000000
55271  -43.544  -17.633  1.880 0.0000000000
55281  -43.281  -17.297  1.115 0.0000000000
55285  -54.444  -16.962  0.784 0.0000000000
55286  -56.618  -17.315  0.045 0.0000000000
55294  -42.850  -17.428  0.329 0.0000000000
55295  -49.878  -17.440  -0.349 0.0000000000
55296  -50.860  -17.105  -0.390 0.0000000000
55297  -51.771  -17.193  -0.277 0.0000000000
55298  -52.591  -17.384  -0.298 0.0000000000
55299  -54.630  -15.463  -0.377 0.0000000000
55300  -55.771  -15.915  -0.570 0.0000000000
55301  -56.783  -16.101  -1.292 0.0000000000
55302  -57.141  -16.742  -1.511 0.0000000000
55309  -42.874  -17.711  -0.251 0.0000000000
55310  -43.746  -17.692  -0.456 0.0000000000
55311  -45.276  -17.742  -0.496 0.0000000000
55312  -46.463  -17.536  -0.621 0.0000000000
55313  -47.846  -17.644  -0.607 0.0000000000
55314  -48.461  -17.550  -0.568 0.0000000000
55315  -50.465  -16.515  -0.756 0.0000000000
55316  -51.881  -15.845  -0.803 0.0000000000
55317  -52.740  -16.015  -0.850 0.0000000000
55318  -54.487  -15.167  -1.387 0.0000000000
55319  -55.647  -15.286  -1.596 0.0000000000
55320  -56.817  -15.777  -1.942 0.0000000000
56094  -55.690  -16.658  5.462 0.0000000000
56122  -43.499  -16.515  2.968 0.0000000000
56140  -43.564  -16.720  1.933 0.0000000000
56148  -43.172  -16.639  0.772 0.0000000000
56157  -42.643  -15.934  -0.132 0.0000000000
56158  -42.721  -16.602  0.062 0.0000000000
56164  -55.052  -14.975  -1.226 0.0000000000
56165  -56.183  -15.384  -1.544 0.0000000000
56172  -42.831  -16.231  -0.333 0.0000000000
56173  -43.343  -16.851  -0.501 0.0000000000
56174  -44.648  -16.886  -0.654 0.0000000000
56175  -46.036  -16.771  -0.850 0.0000000000
56176  -47.278  -17.046  -0.897 0.0000000000
56177  -48.346  -16.950  -0.905 0.0000000000
56178  -49.268  -16.473  -1.011 0.0000000000
56179  -52.091  -14.569  -1.065 0.0000000000
56180  -53.223  -14.728  -0.925 0.0000000000
56181  -54.218  -14.732  -1.147 0.0000000000
56182  -44.215  -16.295  -0.785 0.0000000000
56183  -46.165  -15.950  -1.221 0.0000000000
56184  -47.004  -16.183  -1.296 0.0000000000
56185  -47.985  -16.244  -1.306 0.0000000000
56186  -48.804  -16.152  -1.255 0.0000000000
56187  -49.756  -15.487  -1.417 0.0000000000
56999  -43.477  -15.911  2.567 0.0000000000
57007  -43.416  -15.870  1.497 0.0000000000
57017  -42.897  -15.894  0.428 0.0000000000
57024  -53.892  -14.603  -0.995 0.0000000000
57032  -42.912  -15.541  -0.773 0.0000000000
57033  -43.454  -16.000  -0.761 0.0000000000
57034  -50.370  -15.786  -1.156 0.0000000000
57037  -54.419  -14.703  -1.072 0.0000000000
57038  -43.707  -15.267  -1.119 0.0000000000
57039  -44.515  -15.632  -1.079 0.0000000000
57040  -45.712  -15.268  -1.445 0.0000000000
57041  -46.861  -15.346  -1.572 0.0000000000
57042  -47.817  -15.463  -1.584 0.0000000000
57043  -48.913  -15.297  -1.608 0.0000000000
57044  -50.942  -14.563  -1.462 0.0000000000
57779  -42.884  -14.068  1.796 0.0000000000
57787  -42.708  -14.263  0.686 0.0000000000
57788  -43.203  -14.955  1.242 0.0000000000
57796  -42.510  -14.800  -0.627 0.0000000000
57797  -42.560  -15.198  0.006 0.0000000000
57811  -42.681  -15.066  -0.762 0.0000000000
57819  -44.786  -14.867  -1.473 0.0000000000
57820  -45.757  -14.377  -1.860 0.0000000000
57821  -46.742  -14.505  -1.906 0.0000000000
57822  -48.044  -14.560  -1.988 0.0000000000
57826  -44.980  -14.108  -1.863 0.0000000000
57828  -46.611  -13.815  -2.384 0.0000000000
57829  -47.927  -13.736  -2.411 0.0000000000
98698  -50.044  -39.852  2.902 0.0000000000
98926  -44.093  -68.083  21.762 0.0000000000
98935  -48.023  -40.703  1.640 0.0000000000
98984  -52.585  -35.999  5.660 0.0000000000
99047  -41.952  -64.460  13.623 0.0000000000
99056  -51.404  -67.953  18.792 0.0000000000
99274  -45.046  -69.782  21.787 0.0000000000
99278  -52.547  -34.799  4.144 0.0000000000
99290  -48.576  -39.414  -3.164 0.0000000000
99386  -47.627  -56.733  16.335 0.0000000000
99428  -43.424  -23.245  1.121 0.0000000000
99437  -46.759  -66.605  17.834 0.0000000000
99454  -43.488  -20.236  2.283 0.0000000000
99557  -49.083  -38.487  -1.230 0.0000000000
99561  -54.300  -46.539  2.784 0.0000000000
99714  -40.119  -66.060  17.600 0.0000000000
99751  -42.238  -20.097  -0.106 0.0000000000
100185  -39.316  -58.597  16.822 0.0000000000
100320  -49.347  -21.953  6.166 0.0000000000
100341  -49.509  -30.116  7.358 0.0000000000
100386  -46.254  -46.537  7.520 0.0000000000
100409  -45.348  -46.430  7.298 0.0000000000
100431  -57.207  -58.984  5.994 0.0000000000
100479  -49.481  -23.154  6.691 0.0000000000
100513  -48.533  -48.476  2.424 0.0000000000
100540  -53.055  -68.014  16.030 0.0000000000
100591  -56.587  -21.386  0.014 0.0000000000
100640  -42.857  -61.617  14.673 0.0000000000
100677  -51.158  -57.948  16.643 0.0000000000
100721  -48.161  -52.010  11.719 0.0000000000
100769  -48.693  -66.526  19.640 0.0000000000
100779  -46.826  -61.228  17.516 0.0000000000
100786  -51.778  -54.788  15.659 0.0000000000
100822  -52.278  -33.430  6.253 0.0000000000
100860  -41.997  -61.435  14.590 0.0000000000
100888  -52.707  -34.521  4.706 0.0000000000
100898  -52.005  -21.260  1.585 0.0000000000
100948  -48.142  -58.835  17.154 0.0000000000
100953  -49.819  -29.871  2.852 0.0000000000
101009  -39.688  -60.200  16.568 0.0000000000
101013  -47.972  -60.038  17.441 0.0000000000
101023  -44.332  -54.366  11.177 0.0000000000
101035  -40.498  -37.193  3.324 0.0000000000
101045  -42.814  -65.700  18.315 0.0000000000
101065  -48.103  -25.192  1.466 0.0000000000
101150  -45.701  -56.395  15.090 0.0000000000
101154  -44.066  -72.030  19.527 0.0000000000
101158  -58.620  -49.184  5.440 0.0000000000
101217  -47.953  -66.696  16.881 0.0000000000
101230  -56.069  -41.888  7.848 0.0000000000
101243  -46.566  -62.708  13.726 0.0000000000
101350  -51.517  -55.291  8.246 0.0000000000
101360  -50.650  -24.074  2.144 0.0000000000
101373  -57.125  -58.353  5.615 0.0000000000
101403  -44.959  -65.934  20.296 0.0000000000
101410  -51.039  -25.985  8.319 0.0000000000
101421  -48.904  -17.174  -0.695 0.0000000000
101429  -41.296  -61.413  14.603 0.0000000000
101447  -50.172  -67.049  22.050 0.0000000000
101450  -48.185  -34.682  -4.099 0.0000000000
101481  -48.520  -36.125  0.917 0.0000000000
101538  -58.630  -44.778  7.884 0.0000000000
101594  -43.560  -17.188  2.828 0.0000000000
101624  -50.211  -66.468  13.527 0.0000000000
101730  -54.237  -17.015  5.478 0.0000000000
101808  -52.297  -39.520  1.314 0.0000000000
101875  -41.463  -68.223  20.521 0.0000000000
101970  -45.762  -25.949  -0.142 0.0000000000
101979  -45.022  -65.589  16.814 0.0000000000
102010  -53.978  -59.357  5.024 0.0000000000
102112  -49.459  -18.208  0.110 0.0000000000
102113  -44.345  -71.596  19.862 0.0000000000
102153  -51.041  -50.260  1.976 0.0000000000
102164  -52.593  -39.251  7.652 0.0000000000
102187  -48.067  -40.703  -3.229 0.0000000000
102368  -47.164  -66.075  19.955 0.0000000000
102445  -54.544  -45.909  7.301 0.0000000000
102505  -49.881  -66.807  20.625 0.0000000000
102551  -50.498  -31.831  7.721 0.0000000000
102598  -50.944  -62.061  16.790 0.0000000000
102684  -46.358  -39.336  -0.131 0.0000000000
102851  -47.127  -17.772  -0.544 0.0000000000
102908  -53.917  -40.923  2.098 0.0000000000
102937  -43.686  -69.501  12.753 0.0000000000
102991  -52.354  -24.210  1.464 0.0000000000
103036  -49.736  -48.677  0.761 0.0000000000
103040  -56.669  -18.367  1.530 0.0000000000
103055  -46.201  -34.300  -4.063 0.0000000000
103071  -52.438  -38.853  4.662 0.0000000000
103095  -49.064  -66.453  21.140 0.0000000000
103187  -47.449  -24.134  1.150 0.0000000000
103212  -51.847  -37.826  6.236 0.0000000000
103279  -49.600  -16.897  -0.708 0.0000000000
103388  -55.055  -60.702  14.390 0.0000000000
103407  -48.083  -42.456  -1.100 0.0000000000
103418  -44.420  -46.385  8.411 0.0000000000
103419  -52.741  -21.350  1.321 0.0000000000
103428  -56.910  -57.390  4.816 0.0000000000
103556  -42.796  -61.352  11.993 0.0000000000
103569  -45.047  -25.176  2.337 0.0000000000
103571  -49.404  -21.884  6.877 0.0000000000
103576  -46.241  -40.832  2.616 0.0000000000
103604  -48.825  -57.714  8.888 0.0000000000
103686  -51.790  -30.395  -0.475 0.0000000000
103698  -39.480  -68.235  18.059 0.0000000000
103749  -45.956  -62.649  16.171 0.0000000000
103770  -40.934  -55.256  15.089 0.0000000000
103799  -54.098  -67.641  13.442 0.0000000000
103833  -45.485  -56.208  13.326 0.0000000000
103980  -42.394  -35.679  1.284 0.0000000000
104017  -42.305  -58.431  17.404 0.0000000000
104106  -43.430  -19.524  2.030 0.0000000000
104128  -48.430  -35.180  0.327 0.0000000000
104142  -44.786  -66.197  18.917 0.0000000000
104358  -44.456  -24.510  0.068 0.0000000000
104375  -56.099  -40.226  7.693 0.0000000000
104435  -44.390  -41.280  2.979 0.0000000000
104438  -55.349  -57.029  1.846 0.0000000000
104464  -49.402  -28.830  6.531 0.0000000000
104565  -44.940  -26.984  -0.626 0.0000000000
104592  -55.891  -55.888  9.487 0.0000000000
104636  -50.490  -57.074  8.351 0.0000000000
104640  -48.902  -34.556  -2.939 0.0000000000
104644  -54.175  -61.747  15.174 0.0000000000
104651  -45.281  -58.320  17.161 0.0000000000
104652  -44.011  -58.540  17.353 0.0000000000
104661  -55.136  -25.822  2.039 0.0000000000
104666  -47.926  -66.280  19.826 0.0000000000
104751  -55.534  -26.601  0.823 0.0000000000
104770  -59.008  -49.645  5.982 0.0000000000
104833  -40.111  -61.484  14.779 0.0000000000
104867  -45.885  -66.225  19.234 0.0000000000
104899  -45.623  -37.654  -4.392 0.0000000000
104900  -45.776  -38.612  -3.664 0.0000000000
104948  -56.487  -24.188  1.640 0.0000000000
105001  -53.764  -42.215  2.471 0.0000000000
105014  -47.678  -60.919  17.508 0.0000000000
105040  -55.348  -53.805  16.684 0.0000000000
105064  -46.284  -34.222  -3.314 0.0000000000
105069  -53.764  -15.104  -1.253 0.0000000000
105096  -48.732  -34.807  -1.700 0.0000000000
105098  -46.568  -33.498  -0.132 0.0000000000
105100  -46.508  -34.247  -1.929 0.0000000000
105102  -46.149  -37.537  -2.998 0.0000000000
105104  -46.356  -34.971  -2.606 0.0000000000
105105  -46.529  -35.025  -1.123 0.0000000000
105106  -46.397  -38.443  -1.916 0.0000000000
105252  -50.697  -31.585  -1.244 0.0000000000
105298  -48.423  -36.005  -0.092 0.0000000000
105315  -53.847  -45.854  2.408 0.0000000000
105371  -48.535  -32.249  2.542 0.0000000000
105373  -54.629  -49.909  2.266 0.0000000000
105392  -42.783  -17.100  -0.049 0.0000000000
105403  -53.558  -52.875  4.028 0.0000000000
105405  -42.318  -35.615  3.232 0.0000000000
105479  -46.807  -36.907  -4.790 0.0000000000
105498  -54.591  -59.090  4.228 0.0000000000
105551  -55.343  -43.706  7.649 0.0000000000
105565  -42.109  -60.191  17.465 0.0000000000
105595  -41.961  -66.000  8.066 0.0000000000
105690  -52.240  -67.998  16.890 0.0000000000
105699  -45.956  -34.981  -3.945 0.0000000000
105705  -38.265  -59.749  15.887 0.0000000000
105758  -45.706  -38.233  -4.429 0.0000000000
105790  -49.674  -25.893  7.341 0.0000000000
105895  -44.856  -66.000  20.932 0.0000000000
105964  -48.820  -44.575  5.410 0.0000000000
106023  -48.453  -35.296  1.300 0.0000000000
106129  -50.095  -20.073  1.620 0.0000000000
106164  -51.160  -40.147  -1.742 0.0000000000
106192  -43.104  -66.161  9.574 0.0000000000
106195  -57.730  -18.206  4.010 0.0000000000
106221  -44.728  -22.384  0.400 0.0000000000
106276  -43.183  -22.840  -0.017 0.0000000000
106284  -52.569  -38.096  7.410 0.0000000000
106324  -53.331  -45.291  4.910 0.0000000000
106386  -42.602  -19.496  0.746 0.0000000000
106417  -53.903  -45.333  7.445 0.0000000000
106441  -58.454  -53.902  11.444 0.0000000000
106452  -53.774  -29.167  -0.112 0.0000000000
106676  -54.036  -52.262  12.449 0.0000000000
106708  -42.249  -19.420  0.086 0.0000000000
106726  -42.335  -64.918  11.317 0.0000000000
106869  -53.841  -20.843  3.730 0.0000000000
107026  -59.039  -57.338  7.869 0.0000000000
107056  -48.651  -35.358  3.064 0.0000000000
107060  -52.439  -52.576  14.717 0.0000000000
107076  -51.598  -57.791  10.423 0.0000000000
107097  -54.571  -59.888  14.949 0.0000000000
107127  -44.295  -60.182  17.546 0.0000000000
107129  -41.398  -67.101  12.823 0.0000000000
107149  -40.559  -67.639  19.789 0.0000000000
107253  -48.629  -36.102  1.786 0.0000000000
107313  -51.820  -28.074  8.543 0.0000000000
107377  -49.687  -28.390  5.231 0.0000000000
107380  -40.699  -67.958  9.701 0.0000000000
107382  -50.495  -56.516  16.475 0.0000000000
107401  -52.583  -18.294  0.270 0.0000000000
107424  -55.851  -52.406  1.137 0.0000000000
107455  -48.505  -34.373  4.073 0.0000000000
107466  -53.804  -40.940  8.176 0.0000000000
107472  -48.417  -36.282  -1.923 0.0000000000
107539  -42.373  -74.312  16.957 0.0000000000
107578  -42.893  -64.494  15.550 0.0000000000
107581  -50.914  -28.106  8.530 0.0000000000
107683  -49.502  -23.107  2.323 0.0000000000
107778  -45.273  -54.314  11.274 0.0000000000
107796  -45.310  -58.989  17.380 0.0000000000
107923  -46.140  -39.613  -2.543 0.0000000000
107952  -54.572  -40.022  2.876 0.0000000000
107990  -54.855  -45.231  7.470 0.0000000000
108073  -46.577  -32.789  -0.932 0.0000000000
108074  -46.539  -32.773  0.176 0.0000000000
108089  -49.156  -29.950  5.494 0.0000000000
108138  -59.028  -47.996  6.386 0.0000000000
108202  -48.387  -33.167  4.811 0.0000000000
108257  -41.195  -71.852  16.537 0.0000000000
108266  -51.956  -60.039  16.470 0.0000000000
108280  -41.034  -70.844  16.260 0.0000000000
108319  -44.459  -56.445  15.755 0.0000000000
108357  -56.023  -25.350  0.748 0.0000000000
108411  -54.058  -42.943  4.193 0.0000000000
108462  -46.710  -47.294  5.062 0.0000000000
108475  -56.201  -23.556  0.381 0.0000000000
108480  -42.940  -22.613  0.907 0.0000000000
108551  -56.800  -57.224  3.508 0.0000000000
108642  -41.618  -65.224  17.164 0.0000000000
108648  -42.472  -44.929  9.340 0.0000000000
108711  -44.997  -60.208  17.544 0.0000000000
108751  -42.968  -44.394  9.302 0.0000000000
108781  -43.113  -62.441  9.798 0.0000000000
108859  -42.614  -64.105  13.299 0.0000000000
108893  -45.967  -29.527  -0.936 0.0000000000
108934  -45.758  -65.945  19.999 0.0000000000
108953  -56.868  -54.154  4.716 0.0000000000
108958  -50.283  -39.354  -1.561 0.0000000000
108960  -52.574  -41.073  5.083 0.0000000000
108975  -45.993  -35.159  -4.358 0.0000000000
108982  -53.949  -48.936  4.812 0.0000000000
108999  -43.594  -60.157  17.548 0.0000000000
109048  -52.999  -61.052  16.057 0.0000000000
109090  -52.281  -42.891  2.954 0.0000000000
109111  -40.117  -66.869  15.108 0.0000000000
109143  -42.051  -39.276  0.516 0.0000000000
109157  -51.610  -36.375  2.362 0.0000000000
109174  -44.656  -25.750  -0.092 0.0000000000
109177  -43.069  -18.051  0.876 0.0000000000
109184  -52.198  -55.055  7.690 0.0000000000
109204  -45.675  -67.443  22.394 0.0000000000
109205  -52.583  -24.107  3.214 0.0000000000
109208  -45.414  -26.722  -0.613 0.0000000000
109251  -58.935  -46.706  7.043 0.0000000000
109280  -45.595  -62.226  12.772 0.0000000000
109283  -50.371  -58.463  16.755 0.0000000000
109300  -48.835  -37.770  -0.294 0.0000000000
109348  -53.072  -55.155  6.705 0.0000000000
109445  -53.773  -38.820  7.691 0.0000000000
109460  -49.408  -26.637  6.721 0.0000000000
109508  -50.889  -65.702  11.635 0.0000000000
109530  -43.785  -72.556  19.229 0.0000000000
109566  -49.361  -30.935  7.149 0.0000000000
109594  -42.612  -62.889  9.007 0.0000000000
109596  -49.614  -25.089  7.107 0.0000000000
109635  -55.554  -54.832  0.070 0.0000000000
109671  -48.380  -37.441  -3.172 0.0000000000
109778  -52.944  -34.992  4.602 0.0000000000
109795  -53.256  -24.250  1.124 0.0000000000
109801  -50.563  -31.399  -0.446 0.0000000000
109897  -46.663  -56.703  12.572 0.0000000000
109958  -49.377  -26.266  5.785 0.0000000000
109975  -54.712  -28.200  1.179 0.0000000000
109981  -41.981  -68.966  20.676 0.0000000000
109991  -49.980  -23.700  4.475 0.0000000000
109999  -43.186  -23.277  0.158 0.0000000000
110061  -52.663  -54.877  7.193 0.0000000000
110081  -42.997  -59.716  17.560 0.0000000000
110107  -49.253  -34.073  -2.119 0.0000000000
110172  -49.480  -24.025  4.979 0.0000000000
110204  -45.589  -39.353  -4.233 0.0000000000
110215  -49.253  -33.821  -3.030 0.0000000000
110227  -57.085  -22.320  2.213 0.0000000000
110239  -47.005  -56.411  15.413 0.0000000000
110246  -47.023  -56.513  14.384 0.0000000000
110311  -54.901  -23.325  0.501 0.0000000000
110331  -43.329  -61.557  13.770 0.0000000000
110369  -42.384  -61.023  17.183 0.0000000000
110396  -49.339  -23.184  6.232 0.0000000000
110401  -42.038  -65.794  11.486 0.0000000000
110454  -48.849  -66.920  16.773 0.0000000000
110457  -52.145  -30.123  -0.401 0.0000000000
110550  -57.598  -57.543  8.324 0.0000000000
110558  -43.492  -19.092  4.141 0.0000000000
110587  -53.087  -61.082  6.909 0.0000000000
110603  -48.363  -19.215  0.366 0.0000000000
110663  -54.058  -24.293  0.763 0.0000000000
110666  -53.976  -23.197  0.871 0.0000000000
110697  -51.595  -25.180  3.564 0.0000000000
110701  -45.482  -39.658  -4.144 0.0000000000
110733  -52.713  -44.180  7.225 0.0000000000
110763  -55.284  -25.683  0.560 0.0000000000
110801  -58.779  -21.221  1.593 0.0000000000
110806  -48.071  -22.054  1.449 0.0000000000
110819  -52.689  -58.051  6.618 0.0000000000
110830  -53.128  -56.039  6.614 0.0000000000
110973  -49.680  -26.163  4.947 0.0000000000
110975  -50.928  -27.009  1.290 0.0000000000
111031  -53.314  -59.670  5.763 0.0000000000
111037  -49.652  -32.463  -2.856 0.0000000000
111241  -53.516  -52.724  15.479 0.0000000000
111269  -46.225  -60.160  17.524 0.0000000000
111302  -57.632  -43.677  7.557 0.0000000000
111303  -42.759  -65.351  7.380 0.0000000000
111348  -50.218  -17.901  0.120 0.0000000000
111353  -49.636  -34.512  5.589 0.0000000000
111358  -50.429  -26.121  4.302 0.0000000000
111369  -52.085  -57.968  7.174 0.0000000000
111397  -54.744  -14.892  -1.232 0.0000000000
111406  -58.922  -57.207  8.442 0.0000000000
111453  -53.670  -38.112  0.553 0.0000000000
111462  -53.354  -32.694  6.476 0.0000000000
111537  -49.441  -36.380  2.847 0.0000000000
111539  -50.892  -35.042  4.836 0.0000000000
111564  -42.400  -14.406  -0.221 0.0000000000
111585  -48.503  -35.024  -0.668 0.0000000000
111649  -50.995  -57.109  16.570 0.0000000000
111650  -56.274  -56.685  8.800 0.0000000000
111663  -55.727  -67.110  15.186 0.0000000000
111693  -48.833  -31.393  2.577 0.0000000000
111832  -40.100  -65.866  16.810 0.0000000000
111851  -56.307  -53.077  12.041 0.0000000000
111960  -42.330  -64.513  7.881 0.0000000000
111999  -51.300  -15.372  -1.130 0.0000000000
112041  -53.226  -52.347  2.213 0.0000000000
112042  -54.973  -52.876  16.486 0.0000000000
112082  -53.987  -41.845  4.068 0.0000000000
112090  -50.496  -63.910  16.149 0.0000000000
112121  -50.919  -27.749  0.772 0.0000000000
112212  -52.711  -34.163  5.099 0.0000000000
112268  -50.033  -55.906  16.320 0.0000000000
112286  -51.032  -64.345  15.615 0.0000000000
112455  -48.365  -33.051  2.576 0.0000000000
112458  -52.167  -39.884  1.966 0.0000000000
112502  -48.672  -51.942  11.344 0.0000000000
112527  -48.405  -36.672  -2.781 0.0000000000
112533  -46.514  -36.501  -1.062 0.0000000000
112535  -49.028  -66.487  15.814 0.0000000000
112843  -58.572  -45.909  7.149 0.0000000000
112890  -43.793  -69.589  21.230 0.0000000000
112937  -49.356  -31.899  0.556 0.0000000000
113054  -45.343  -27.137  1.308 0.0000000000
113076  -41.135  -69.712  19.739 0.0000000000
113151  -47.415  -22.692  1.020 0.0000000000
113220  -53.499  -47.423  5.640 0.0000000000
113234  -41.022  -66.905  19.982 0.0000000000
113297  -46.422  -39.240  -1.139 0.0000000000
113372  -46.410  -33.511  -2.679 0.0000000000
113436  -40.441  -67.082  19.460 0.0000000000
113451  -39.270  -57.924  16.705 0.0000000000
113475  -46.945  -67.681  23.057 0.0000000000
113486  -48.541  -35.205  -3.340 0.0000000000
113500  -49.405  -24.672  6.561 0.0000000000
113518  -53.357  -50.249  -0.576 0.0000000000
113572  -55.920  -52.481  6.181 0.0000000000
113585  -42.224  -35.186  0.669 0.0000000000
113600  -45.621  -38.705  -4.304 0.0000000000
113683  -55.365  -38.033  7.398 0.0000000000
113756  -49.806  -27.545  7.901 0.0000000000
113793  -45.316  -27.934  -1.412 0.0000000000
113868  -48.655  -31.734  5.849 0.0000000000
114039  -52.017  -68.255  18.337 0.0000000000
114062  -46.112  -40.567  -1.417 0.0000000000
114102  -56.970  -56.471  4.299 0.0000000000
114121  -57.799  -49.526  5.066 0.0000000000
114127  -50.736  -46.812  2.175 0.0000000000
114170  -47.290  -29.212  -2.145 0.0000000000
114237  -39.629  -66.707  17.327 0.0000000000
114251  -49.274  -65.708  12.319 0.0000000000
114252  -53.427  -57.967  8.825 0.0000000000
114295  -54.956  -58.062  2.915 0.0000000000
114384  -54.702  -42.632  3.097 0.0000000000
114473  -54.652  -56.905  3.535 0.0000000000
114500  -49.600  -62.435  17.100 0.0000000000
114561  -42.238  -36.964  0.050 0.0000000000
114584  -42.857  -70.564  14.975 0.0000000000
114600  -48.402  -49.009  1.843 0.0000000000
114603  -45.524  -56.918  16.381 0.0000000000
114635  -49.061  -56.022  9.341 0.0000000000
114689  -43.183  -67.025  21.280 0.0000000000
114694  -54.511  -28.557  0.427 0.0000000000
114782  -45.790  -46.369  5.816 0.0000000000
114826  -43.108  -43.602  9.432 0.0000000000
114877  -40.025  -68.914  19.038 0.0000000000
114888  -51.974  -57.915  16.508 0.0000000000
114932  -53.517  -67.315  12.287 0.0000000000
114949  -54.105  -45.376  3.965 0.0000000000
114960  -44.453  -23.960  2.193 0.0000000000
114970  -44.650  -26.054  0.180 0.0000000000
114986  -56.500  -58.032  3.407 0.0000000000
115023  -48.841  -34.318  -1.208 0.0000000000
115031  -48.706  -49.295  1.395 0.0000000000
115058  -43.647  -19.801  4.441 0.0000000000
115114  -54.671  -40.797  8.095 0.0000000000
115126  -59.072  -48.055  6.572 0.0000000000
115190  -47.021  -66.402  16.987 0.0000000000
115213  -45.555  -28.479  0.683 0.0000000000
115220  -54.711  -62.192  14.513 0.0000000000
115228  -41.355  -68.805  14.508 0.0000000000
115230  -51.610  -51.635  -1.016 0.0000000000
115237  -51.044  -66.991  15.457 0.0000000000
115302  -46.073  -29.578  -2.484 0.0000000000
115320  -53.499  -51.873  12.946 0.0000000000
115322  -53.890  -53.668  4.100 0.0000000000
115358  -43.481  -55.648  14.638 0.0000000000
115372  -55.410  -59.355  3.875 0.0000000000
115474  -48.955  -27.778  0.439 0.0000000000
115544  -40.853  -55.991  16.006 0.0000000000
115560  -50.966  -39.050  -0.910 0.0000000000
115564  -42.217  -70.924  19.656 0.0000000000
115567  -46.066  -66.534  18.020 0.0000000000
115584  -55.307  -56.036  0.648 0.0000000000
115594  -52.284  -41.736  7.511 0.0000000000
115604  -51.583  -64.790  14.949 0.0000000000
115639  -50.748  -24.849  7.917 0.0000000000
115654  -54.413  -52.790  16.124 0.0000000000
115656  -41.547  -59.520  17.468 0.0000000000
115696  -41.784  -61.438  12.817 0.0000000000
115741  -50.496  -59.145  16.801 0.0000000000
115763  -40.879  -32.567  3.953 0.0000000000
115780  -45.240  -16.109  -0.946 0.0000000000
115788  -42.093  -56.610  16.454 0.0000000000
115826  -49.795  -28.874  4.681 0.0000000000
115872  -50.494  -29.425  2.599 0.0000000000
115895  -56.241  -62.923  12.220 0.0000000000
115946  -53.999  -37.274  1.345 0.0000000000
115988  -55.887  -54.850  6.395 0.0000000000
115989  -53.391  -53.318  -1.006 0.0000000000
116026  -51.322  -59.951  16.655 0.0000000000
116046  -42.213  -35.186  2.481 0.0000000000
116066  -47.242  -34.166  -4.391 0.0000000000
116078  -40.114  -34.816  1.177 0.0000000000
116092  -45.695  -65.568  16.312 0.0000000000
116185  -46.565  -33.959  -4.174 0.0000000000
116262  -58.152  -51.416  3.946 0.0000000000
116274  -47.075  -62.958  16.454 0.0000000000
116438  -49.307  -66.792  19.437 0.0000000000
116457  -50.531  -28.960  3.265 0.0000000000
116504  -47.598  -57.091  12.692 0.0000000000
116554  -53.841  -65.896  12.067 0.0000000000
116568  -39.806  -66.257  17.076 0.0000000000
116579  -44.505  -42.320  1.732 0.0000000000
116588  -47.872  -42.119  -0.145 0.0000000000
116641  -51.860  -68.072  17.670 0.0000000000
116647  -46.387  -31.328  0.681 0.0000000000
116651  -48.407  -63.569  13.638 0.0000000000
116672  -56.013  -55.246  10.107 0.0000000000
116694  -46.732  -31.351  -3.286 0.0000000000
116720  -53.841  -20.328  0.556 0.0000000000
116753  -52.741  -51.591  2.690 0.0000000000
116806  -43.957  -14.489  -1.434 0.0000000000
116819  -45.758  -13.815  -2.302 0.0000000000
116826  -51.066  -62.685  16.602 0.0000000000
116850  -40.873  -37.770  2.875 0.0000000000
116883  -45.691  -53.641  11.737 0.0000000000
116942  -42.977  -14.923  -1.117 0.0000000000
117051  -47.152  -57.719  16.822 0.0000000000
117069  -54.323  -60.363  15.133 0.0000000000
117086  -53.900  -32.598  6.261 0.0000000000
117114  -56.333  -43.134  7.620 0.0000000000
117124  -51.058  -55.082  8.643 0.0000000000
117127  -48.853  -36.456  1.988 0.0000000000
117159  -43.777  -38.540  2.759 0.0000000000
117179  -42.055  -34.768  -0.770 0.0000000000
117186  -44.036  -65.618  17.451 0.0000000000
117237  -54.025  -46.075  3.954 0.0000000000
117250  -49.264  -24.978  6.091 0.0000000000
117261  -45.330  -18.581  -0.282 0.0000000000
117274  -40.978  -65.060  15.880 0.0000000000
117295  -54.105  -38.364  0.789 0.0000000000
117300  -50.883  -59.178  9.753 0.0000000000
117304  -41.217  -58.156  17.357 0.0000000000
117313  -41.473  -36.585  0.547 0.0000000000
117335  -48.510  -14.912  -1.807 0.0000000000
117433  -57.339  -18.528  -0.172 0.0000000000
117444  -49.463  -28.815  5.825 0.0000000000
117453  -55.178  -58.637  3.189 0.0000000000
117455  -53.289  -66.379  11.588 0.0000000000
117535  -48.880  -61.082  17.433 0.0000000000
117562  -55.219  -37.256  7.286 0.0000000000
117606  -49.133  -43.851  5.725 0.0000000000
117668  -49.472  -28.814  7.220 0.0000000000
117674  -44.187  -68.815  21.691 0.0000000000
117757  -51.835  -39.051  7.189 0.0000000000
117812  -47.189  -40.084  3.053 0.0000000000
117876  -47.246  -66.675  18.317 0.0000000000
117950  -52.439  -57.379  9.737 0.0000000000
117954  -43.895  -56.361  15.785 0.0000000000
117986  -42.703  -15.475  -0.442 0.0000000000
118098  -41.497  -39.256  4.426 0.0000000000
118128  -43.113  -74.073  15.621 0.0000000000
118441  -52.905  -68.570  19.217 0.0000000000
118451  -52.837  -20.008  4.372 0.0000000000
118479  -51.137  -19.936  1.499 0.0000000000
118500  -56.323  -21.711  2.647 0.0000000000
118514  -49.706  -52.023  10.410 0.0000000000
118520  -53.584  -56.243  6.032 0.0000000000
118538  -46.281  -65.697  16.187 0.0000000000
118541  -56.973  -18.908  4.022 0.0000000000
118562  -49.696  -65.932  12.175 0.0000000000
118649  -45.161  -62.336  14.613 0.0000000000
118664  -41.765  -62.289  10.082 0.0000000000
118734  -48.923  -22.943  2.209 0.0000000000
118782  -54.623  -40.215  1.937 0.0000000000
118791  -59.063  -48.912  5.711 0.0000000000
118822  -54.339  -43.796  3.775 0.0000000000
118963  -51.069  -54.402  15.457 0.0000000000
118964  -48.202  -66.193  21.214 0.0000000000
119132  -49.578  -25.119  2.163 0.0000000000
119183  -43.340  -23.464  0.304 0.0000000000
119194  -44.921  -27.089  -0.799 0.0000000000
119296  -53.559  -27.340  2.583 0.0000000000
119306  -57.986  -50.717  5.953 0.0000000000
119359  -51.493  -39.979  -1.614 0.0000000000
119374  -42.599  -18.380  0.154 0.0000000000
119377  -49.875  -41.187  -0.773 0.0000000000
119421  -43.726  -63.717  12.643 0.0000000000
119422  -46.379  -33.642  -3.589 0.0000000000
119444  -43.703  -54.219  11.229 0.0000000000
119451  -44.923  -26.502  0.376 0.0000000000
119500  -40.917  -66.465  9.387 0.0000000000
119583  -43.769  -65.155  7.061 0.0000000000
119595  -51.154  -14.954  -1.348 0.0000000000
119604  -47.492  -43.101  -2.144 0.0000000000
119620  -44.746  -66.195  7.287 0.0000000000
119670  -48.275  -59.416  17.291 0.0000000000
119744  -51.082  -16.253  -0.778 0.0000000000
119756  -42.664  -17.691  0.081 0.0000000000
119758  -51.876  -38.939  5.504 0.0000000000
119770  -43.401  -15.279  2.153 0.0000000000
