#!ascii label  , from subject sub-06 vox2ras=TkReg
2536
130661  -34.372  -36.041  9.919 0.5000000000
36433  -34.974  -36.072  10.083 0.5000000000
114059  -35.100  -34.811  9.585 0.4000000060
117808  -35.961  -34.912  9.648 0.5000000000
39155  -36.184  -33.742  9.450 0.5000000000
39999  -37.239  -33.000  9.145 0.5000000000
54848  -32.895  -15.482  3.156 0.5000000000
55744  -33.352  -15.039  2.917 0.4000000060
56679  -34.853  -14.244  2.924 0.4000000060
55745  -34.551  -15.031  3.331 0.4000000060
56670  -35.681  -14.933  3.675 0.5000000000
126945  -35.547  -13.647  2.888 0.5000000000
56680  -36.069  -14.192  3.430 0.5000000000
57596  -36.421  -13.472  3.244 0.4000000060
57589  -36.913  -13.933  3.892 0.5000000000
57597  -37.212  -13.220  3.637 0.5000000000
58604  -36.728  -12.760  3.020 0.4000000060
35476  -34.080  -37.506  10.555 0.5000000000
36418  -35.189  -36.657  10.253 0.4000000060
37356  -36.230  -35.625  9.711 0.5000000000
37357  -37.031  -35.787  9.384 0.5000000000
124110  -37.371  -35.096  9.224 0.5000000000
39170  -37.810  -33.706  8.967 0.5000000000
122089  -37.941  -32.906  8.845 0.5000000000
40898  -37.978  -31.594  8.680 0.5000000000
54846  -31.256  -16.273  3.077 0.5000000000
54854  -31.345  -16.094  2.944 0.5000000000
54847  -31.924  -15.733  3.057 0.5000000000
55743  -32.538  -15.299  2.538 0.5000000000
56678  -33.785  -14.521  2.743 0.5000000000
61419  -37.417  -8.975  2.227 0.3000000119
57607  -35.672  -12.933  2.658 0.4000000060
59550  -37.786  -11.407  2.904 0.4000000060
58605  -37.224  -12.092  2.888 0.3000000119
127056  -37.457  -10.812  2.480 0.4000000060
36417  -34.444  -36.697  10.295 0.5000000000
39156  -36.929  -33.717  9.351 0.5000000000
121236  -36.758  -35.025  9.506 0.5000000000
40013  -36.583  -32.320  9.021 0.5000000000
56687  -33.514  -13.826  2.367 0.6000000238
127244  -38.160  -9.327  3.018 0.3000000119
60491  -38.230  -10.520  3.066 0.3000000119
130215  -35.482  -55.486  9.439 0.3000000119
20369  -36.279  -54.345  10.209 0.3000000119
20381  -36.712  -54.747  9.623 0.4000000060
20382  -37.546  -54.575  9.568 0.4000000060
19451  -37.232  -55.188  9.084 0.4000000060
20383  -38.300  -54.431  9.528 0.4000000060
21265  -38.984  -54.227  9.545 0.4000000060
19453  -38.923  -54.851  9.170 0.4000000060
21267  -40.427  -53.443  9.705 0.4000000060
21254  -35.877  -54.034  10.724 0.3000000119
21255  -36.542  -53.731  10.644 0.3000000119
21248  -36.766  -53.056  11.120 0.4000000060
20370  -37.062  -54.140  10.088 0.4000000060
124553  -37.382  -53.460  10.496 0.4000000060
116325  -38.205  -53.485  10.199 0.4000000060
114929  -38.763  -53.023  10.326 0.4000000060
21257  -39.569  -53.172  10.029 0.4000000060
22161  -40.320  -52.562  10.171 0.4000000060
24023  -41.750  -50.533  10.643 0.4000000060
22162  -41.246  -52.180  10.114 0.4000000060
23057  -36.138  -51.049  12.953 0.3000000119
23989  -36.875  -50.756  12.633 0.3000000119
23975  -37.302  -50.049  12.961 0.3000000119
23094  -37.667  -51.730  11.510 0.4000000060
23075  -38.044  -51.044  11.774 0.4000000060
22147  -38.172  -52.153  11.004 0.4000000060
23110  -38.978  -51.952  10.838 0.4000000060
118519  -40.072  -50.671  11.296 0.4000000060
124126  -40.639  -51.824  10.457 0.4000000060
24876  -41.419  -48.593  12.082 0.4000000060
23112  -41.357  -51.292  10.470 0.4000000060
27371  -41.771  -46.532  11.533 0.4000000060
111893  -41.606  -47.031  12.225 0.4000000060
24891  -42.001  -49.107  11.122 0.4000000060
24835  -35.761  -49.626  14.583 0.3000000119
23056  -35.448  -51.388  13.282 0.3000000119
24855  -36.902  -49.671  13.645 0.3000000119
24873  -38.265  -49.786  12.667 0.3000000119
115069  -39.176  -49.854  12.195 0.3000000119
24009  -39.355  -50.509  11.649 0.4000000060
23992  -40.180  -49.917  11.772 0.4000000060
26544  -41.347  -46.542  12.974 0.4000000060
25734  -41.056  -48.279  12.640 0.4000000060
113030  -41.098  -49.709  11.590 0.4000000060
27361  -41.593  -46.289  12.226 0.4000000060
29195  -41.153  -44.115  11.971 0.4000000060
24836  -36.541  -49.352  14.356 0.3000000119
25681  -37.409  -48.155  15.292 0.3000000119
25700  -37.766  -48.464  14.604 0.3000000119
25701  -38.589  -48.162  14.396 0.3000000119
25717  -38.975  -48.467  13.697 0.4000000060
24858  -39.392  -48.796  13.054 0.4000000060
26542  -40.187  -47.490  13.855 0.4000000060
24874  -39.812  -49.259  12.471 0.4000000060
30919  -39.693  -42.542  13.558 0.3000000119
29164  -40.733  -44.628  13.532 0.4000000060
25719  -40.616  -47.862  13.240 0.4000000060
30920  -40.267  -43.010  13.051 0.3000000119
29165  -41.203  -45.136  13.063 0.4000000060
28235  -41.205  -45.825  13.252 0.4000000060
30040  -40.720  -43.559  12.516 0.4000000060
27294  -36.184  -46.081  18.376 0.3000000119
26495  -36.439  -47.173  17.134 0.3000000119
29109  -36.387  -44.401  19.256 0.3000000119
24818  -36.186  -49.023  15.030 0.3000000119
26504  -36.724  -47.451  16.548 0.3000000119
26512  -37.046  -47.792  15.917 0.3000000119
27316  -37.804  -46.373  16.612 0.3000000119
28207  -38.307  -45.720  16.374 0.3000000119
27323  -38.462  -46.380  15.996 0.3000000119
28213  -38.850  -45.732  15.820 0.3000000119
124776  -39.681  -45.001  14.956 0.3000000119
26515  -39.257  -46.911  15.102 0.3000000119
30004  -39.368  -43.555  14.854 0.3000000119
26526  -39.800  -47.083  14.538 0.3000000119
30012  -39.779  -43.600  14.312 0.3000000119
28221  -39.990  -45.707  14.683 0.4000000060
31802  -39.311  -41.689  13.420 0.3000000119
30938  -39.867  -42.234  12.799 0.4000000060
31846  -39.720  -41.152  11.753 0.4000000060
31847  -40.145  -41.683  11.236 0.4000000060
29122  -36.674  -44.711  18.397 0.3000000119
27308  -37.262  -45.995  17.417 0.3000000119
29968  -36.651  -43.011  18.534 0.3000000119
28196  -37.386  -45.217  17.415 0.3000000119
29134  -37.689  -44.638  17.001 0.3000000119
30899  -38.365  -42.739  15.718 0.3000000119
29995  -38.343  -43.628  16.133 0.3000000119
30908  -38.811  -42.141  14.657 0.3000000119
134277  -38.570  -42.368  15.206 0.3000000119
29141  -38.744  -44.341  15.826 0.3000000119
129726  -38.243  -40.498  14.368 0.3000000119
30909  -39.431  -42.862  14.332 0.3000000119
31813  -38.728  -41.020  13.833 0.3000000119
32693  -38.463  -40.093  13.577 0.3000000119
31831  -39.542  -41.414  12.545 0.3000000119
122342  -39.211  -39.962  12.063 0.3000000119
133475  -40.245  -41.469  10.567 0.4000000060
29955  -36.491  -43.455  19.248 0.3000000119
30828  -36.564  -43.085  20.034 0.3000000119
29982  -36.984  -43.485  17.826 0.3000000119
30862  -36.663  -42.137  18.707 0.3000000119
31722  -38.466  -41.353  20.730 0.3000000119
32592  -39.568  -40.514  20.394 0.3000000119
30873  -36.878  -42.487  17.808 0.3000000119
32630  -37.101  -40.435  18.581 0.3000000119
31724  -40.573  -41.286  20.621 0.3000000119
32670  -37.515  -40.211  15.652 0.3000000119
32656  -37.257  -40.613  16.445 0.3000000119
31779  -37.256  -41.471  16.748 0.3000000119
32671  -37.955  -40.780  15.086 0.3000000119
120698  -37.657  -40.943  15.713 0.3000000119
33587  -37.737  -39.251  14.685 0.3000000119
33588  -38.085  -39.188  13.906 0.3000000119
33602  -38.555  -39.224  13.084 0.3000000119
32723  -39.515  -40.361  11.582 0.4000000060
33638  -39.783  -39.428  10.708 0.4000000060
32742  -40.286  -40.235  9.491 0.5000000000
31741  -36.808  -41.891  19.430 0.3000000119
31721  -37.647  -41.698  20.532 0.3000000119
32610  -37.461  -40.625  19.404 0.3000000119
32590  -37.928  -40.933  20.143 0.3000000119
31769  -36.929  -41.625  17.508 0.3000000119
33530  -37.262  -39.666  18.105 0.3000000119
134108  -40.991  -40.353  20.182 0.3000000119
32615  -42.377  -40.572  19.568 0.3000000119
34475  -37.562  -38.439  17.273 0.3000000119
114735  -36.984  -39.994  17.250 0.3000000119
33516  -42.080  -39.864  19.417 0.3000000119
34510  -37.464  -38.159  15.783 0.3000000119
32632  -43.437  -40.239  18.603 0.3000000119
112114  -37.973  -36.684  14.309 0.3000000119
35427  -37.793  -37.551  14.344 0.3000000119
33565  -44.639  -39.366  16.787 0.3000000119
34532  -38.214  -38.249  13.512 0.3000000119
35453  -38.629  -37.580  12.822 0.3000000119
35454  -39.132  -37.837  12.082 0.3000000119
34550  -39.245  -38.658  11.846 0.3000000119
34567  -40.005  -38.678  10.387 0.4000000060
34576  -40.315  -38.684  9.677 0.5000000000
33511  -37.638  -39.849  18.977 0.3000000119
33513  -39.061  -39.570  19.613 0.3000000119
33492  -39.874  -39.805  20.018 0.3000000119
34456  -37.645  -38.843  17.972 0.3000000119
34457  -38.402  -38.645  18.523 0.3000000119
34440  -39.115  -38.934  19.138 0.3000000119
33514  -40.427  -39.244  19.567 0.3000000119
34495  -37.507  -38.097  16.512 0.3000000119
33515  -41.372  -39.357  19.434 0.3000000119
35426  -37.561  -37.857  15.159 0.3000000119
34462  -42.859  -38.833  18.218 0.3000000119
34478  -43.321  -38.423  17.591 0.3000000119
34479  -44.019  -38.810  17.167 0.3000000119
36370  -44.958  -36.505  15.182 0.3000000119
123695  -44.555  -37.070  15.710 0.3000000119
119547  -38.533  -36.087  13.382 0.3000000119
128700  -38.839  -36.248  12.779 0.3000000119
36396  -39.101  -36.862  12.285 0.3000000119
35479  -39.931  -37.847  10.838 0.3000000119
35378  -38.779  -37.881  18.174 0.3000000119
34459  -40.213  -38.116  18.683 0.3000000119
36352  -37.867  -36.864  16.218 0.3000000119
35409  -38.130  -37.035  16.977 0.3000000119
35395  -38.436  -37.448  17.582 0.3000000119
35396  -39.740  -36.957  17.869 0.3000000119
115291  -40.699  -36.593  17.715 0.3000000119
35381  -41.377  -37.272  18.118 0.3000000119
111307  -41.065  -37.986  18.584 0.3000000119
36374  -38.095  -36.061  14.919 0.3000000119
36368  -38.176  -36.199  15.798 0.3000000119
36354  -39.203  -36.014  16.861 0.3000000119
37242  -40.478  -35.838  17.153 0.3000000119
37263  -41.044  -35.279  16.805 0.3000000119
35397  -41.733  -36.618  17.587 0.3000000119
35382  -41.880  -37.952  18.339 0.3000000119
37302  -38.516  -35.313  14.626 0.3000000119
37265  -43.304  -35.534  16.417 0.3000000119
36356  -43.272  -36.405  16.670 0.3000000119
117244  -44.454  -34.192  15.511 0.3000000119
37288  -44.759  -35.617  15.336 0.3000000119
36357  -43.959  -36.556  16.192 0.3000000119
38229  -45.564  -34.422  14.589 0.3000000119
38217  -44.910  -34.686  15.204 0.3000000119
124078  -39.291  -35.922  12.337 0.4000000060
38243  -46.221  -34.644  13.911 0.3000000119
36403  -39.770  -36.300  11.533 0.4000000060
39133  -48.034  -33.694  11.897 0.3000000119
35462  -40.048  -36.988  10.981 0.3000000119
35480  -40.377  -37.169  10.367 0.4000000060
39148  -49.159  -33.485  10.507 0.3000000119
35493  -40.703  -37.309  9.602 0.5000000000
34587  -40.938  -38.504  8.306 0.5000000000
38212  -38.793  -34.956  15.240 0.3000000119
38197  -39.795  -34.565  16.140 0.3000000119
39080  -41.171  -33.836  16.247 0.3000000119
38199  -41.683  -34.608  16.530 0.3000000119
38215  -43.780  -34.159  15.925 0.3000000119
37318  -39.034  -34.886  13.363 0.4000000060
39096  -44.985  -33.746  15.103 0.3000000119
39106  -45.961  -33.119  14.217 0.3000000119
38260  -40.214  -34.660  11.713 0.4000000060
37330  -40.298  -35.422  11.233 0.5000000000
38253  -46.617  -33.963  13.509 0.3000000119
39126  -47.611  -33.051  12.360 0.4000000060
126453  -48.185  -32.692  11.675 0.4000000060
37341  -40.786  -35.314  10.542 0.5000000000
36419  -41.004  -35.927  9.932 0.6000000238
39974  -48.789  -32.735  10.910 0.3000000119
35494  -41.234  -36.932  8.885 0.6000000238
35502  -41.315  -37.679  8.182 0.6000000238
39090  -39.660  -33.729  15.028 0.3000000119
39091  -40.268  -33.454  15.446 0.3000000119
39938  -41.895  -32.349  15.423 0.3000000119
38241  -38.826  -34.731  14.136 0.3000000119
39092  -41.518  -33.148  15.894 0.3000000119
39940  -43.768  -32.672  15.493 0.3000000119
39941  -44.699  -32.821  15.085 0.3000000119
39949  -44.876  -32.006  14.730 0.4000000060
38251  -39.511  -34.389  12.937 0.4000000060
39950  -45.439  -32.680  14.544 0.4000000060
40842  -46.270  -31.736  13.686 0.4000000060
39146  -40.583  -33.905  11.547 0.5000000000
39957  -46.663  -32.461  13.397 0.4000000060
40850  -46.836  -31.700  13.091 0.4000000060
122318  -48.378  -31.041  11.069 0.4000000060
38270  -40.672  -34.623  11.037 0.5000000000
38271  -41.124  -34.556  10.407 0.6000000238
39965  -47.211  -32.411  12.778 0.4000000060
40857  -47.911  -31.597  11.771 0.4000000060
119018  -48.908  -31.363  10.428 0.4000000060
41791  -49.149  -30.788  9.940 0.4000000060
37358  -41.458  -35.368  9.452 0.6000000238
40871  -48.987  -32.104  10.550 0.3000000119
40887  -49.542  -31.144  9.506 0.4000000060
126688  -41.647  -35.625  8.925 0.6000000238
36451  -42.085  -36.004  8.005 0.6000000238
36463  -42.305  -36.635  7.231 0.6999999881
39104  -40.113  -33.110  14.733 0.3000000119
39948  -41.262  -32.061  14.749 0.3000000119
40821  -42.609  -31.739  15.141 0.3000000119
38242  -39.259  -34.198  13.750 0.3000000119
39956  -40.472  -32.283  13.588 0.3000000119
40822  -43.512  -31.757  15.141 0.3000000119
41755  -44.489  -30.688  14.395 0.4000000060
118557  -40.269  -32.941  12.897 0.5000000000
122801  -44.930  -31.331  14.508 0.4000000060
41765  -46.385  -30.982  13.347 0.4000000060
39972  -40.709  -32.491  12.211 0.5000000000
41778  -47.795  -30.496  11.595 0.4000000060
39132  -40.958  -33.027  11.367 0.5000000000
39157  -41.365  -33.209  10.546 0.6000000238
126850  -48.277  -30.314  10.944 0.4000000060
42712  -49.007  -29.974  9.840 0.4000000060
38285  -42.114  -33.989  9.050 0.6000000238
42739  -49.955  -30.099  8.419 0.4000000060
42750  -49.721  -29.263  8.313 0.4000000060
38307  -42.685  -34.797  7.600 0.6999999881
131019  -43.221  -35.452  6.395 0.6999999881
36470  -42.716  -36.888  6.385 0.6999999881
40829  -40.928  -31.779  14.045 0.4000000060
40831  -42.349  -31.241  14.623 0.4000000060
41754  -43.711  -30.243  14.258 0.4000000060
42677  -44.387  -29.894  13.962 0.4000000060
40839  -40.832  -31.632  13.299 0.4000000060
41761  -41.688  -30.485  13.367 0.4000000060
41763  -45.003  -30.248  14.019 0.4000000060
40849  -41.131  -30.960  12.944 0.4000000060
41764  -45.700  -30.326  13.623 0.4000000060
131364  -46.800  -29.602  12.369 0.4000000060
41772  -47.170  -30.278  12.289 0.4000000060
42695  -47.367  -29.506  11.753 0.4000000060
42696  -47.982  -29.695  11.099 0.4000000060
42710  -48.169  -29.060  10.601 0.4000000060
40000  -41.650  -32.502  10.188 0.6000000238
42711  -48.633  -29.196  9.971 0.4000000060
43631  -49.246  -28.919  8.882 0.4000000060
40001  -42.116  -32.429  9.397 0.6000000238
39158  -42.216  -33.210  9.092 0.6999999881
39172  -42.524  -33.465  8.438 0.6999999881
43654  -50.030  -28.693  7.522 0.4000000060
118670  -42.789  -33.956  7.727 0.6999999881
37393  -43.541  -35.801  5.688 0.6999999881
42676  -43.666  -29.557  13.762 0.4000000060
113341  -41.233  -30.980  12.075 0.4000000060
42674  -42.059  -29.794  13.069 0.4000000060
128984  -45.714  -29.444  13.211 0.4000000060
39985  -41.322  -32.490  10.859 0.6000000238
41777  -41.546  -30.166  11.699 0.5000000000
43602  -46.737  -28.885  12.123 0.4000000060
40885  -41.842  -31.694  9.945 0.6999999881
43617  -47.707  -28.291  10.727 0.4000000060
40886  -42.199  -31.465  9.299 0.6999999881
43618  -48.312  -28.435  10.057 0.4000000060
40900  -42.509  -31.976  8.665 0.6999999881
43644  -49.483  -28.412  8.249 0.4000000060
44554  -49.268  -27.715  8.303 0.4000000060
40025  -43.027  -32.660  7.554 0.6999999881
44564  -50.162  -27.801  7.011 0.4000000060
38308  -43.100  -34.372  7.045 0.6999999881
116039  -43.985  -35.055  5.272 0.6999999881
134033  -50.780  -27.207  6.029 0.4000000060
45494  -51.739  -26.720  4.949 0.4000000060
42694  -42.161  -28.979  12.025 0.4000000060
43591  -42.951  -28.787  12.938 0.4000000060
43592  -43.562  -28.855  13.262 0.4000000060
43593  -44.336  -29.129  13.508 0.4000000060
41789  -41.646  -30.238  10.840 0.6999999881
116710  -41.728  -29.659  11.206 0.5000000000
44503  -46.062  -28.395  12.433 0.4000000060
41802  -41.852  -30.270  10.043 0.6999999881
43601  -46.550  -28.091  11.811 0.4000000060
44530  -47.959  -27.725  10.058 0.4000000060
41803  -42.189  -30.526  9.215 0.6999999881
44529  -47.422  -27.454  10.510 0.4000000060
116842  -48.215  -27.024  9.389 0.4000000060
132577  -42.852  -31.454  7.630 0.6999999881
44553  -48.785  -27.210  8.734 0.4000000060
40910  -42.826  -32.009  7.937 0.6999999881
112895  -49.378  -27.063  8.046 0.4000000060
119506  -49.848  -27.028  7.352 0.4000000060
45461  -50.139  -26.245  7.152 0.4000000060
39194  -43.602  -33.317  6.314 0.6999999881
114507  -50.386  -26.978  6.627 0.4000000060
120068  -43.866  -34.080  5.674 0.6999999881
120623  -51.343  -26.217  5.604 0.4000000060
46439  -52.593  -25.408  4.420 0.4000000060
44500  -43.775  -27.624  12.420 0.4000000060
43599  -44.261  -28.267  12.977 0.4000000060
44502  -45.195  -28.041  12.676 0.4000000060
42709  -42.033  -28.591  10.841 0.6000000238
43605  -42.378  -28.255  11.605 0.5000000000
44511  -45.013  -27.220  12.148 0.5000000000
113452  -45.806  -27.616  12.083 0.4000000060
42736  -38.327  -29.831  8.297 0.4000000060
42747  -38.991  -29.979  7.937 0.5000000000
43629  -42.003  -28.500  9.974 0.6000000238
44528  -46.841  -27.075  10.835 0.4000000060
42737  -42.258  -29.725  8.696 0.6000000238
128199  -47.230  -26.846  10.385 0.4000000060
42749  -42.491  -29.842  7.762 0.6000000238
45451  -48.477  -26.345  9.064 0.4000000060
41842  -42.839  -30.383  6.959 0.6999999881
45452  -49.053  -26.337  8.434 0.4000000060
41843  -43.271  -30.896  6.353 0.6999999881
45460  -49.607  -26.289  7.790 0.4000000060
39199  -43.979  -33.265  5.618 0.6999999881
46409  -50.485  -25.424  6.917 0.4000000060
47301  -51.519  -24.302  5.954 0.4000000060
133965  -52.255  -24.125  5.248 0.4000000060
124245  -52.987  -23.894  4.550 0.4000000060
44510  -44.209  -27.035  12.044 0.5000000000
113249  -42.260  -27.853  10.786 0.6000000238
44508  -42.727  -27.383  11.430 0.5000000000
45419  -44.741  -26.435  11.552 0.5000000000
43640  -37.274  -28.872  8.117 0.3000000119
43641  -38.160  -29.178  8.177 0.4000000060
43642  -38.940  -28.920  7.720 0.5000000000
115469  -42.225  -29.084  8.248 0.6000000238
116028  -42.210  -27.502  10.032 0.6000000238
45420  -45.608  -26.872  11.598 0.4000000060
43653  -42.355  -28.862  7.538 0.6000000238
45437  -46.786  -26.381  10.550 0.5000000000
42770  -42.816  -29.227  5.980 0.6999999881
42761  -42.645  -29.499  6.832 0.6000000238
46380  -48.216  -25.558  9.442 0.4000000060
121478  -43.124  -28.973  5.182 0.8000000119
42762  -43.035  -30.053  6.182 0.6999999881
47269  -49.155  -24.789  8.746 0.4000000060
46386  -49.387  -25.540  8.266 0.4000000060
47279  -50.291  -24.639  7.483 0.4000000060
46410  -50.997  -24.816  6.442 0.4000000060
48150  -51.999  -23.665  5.613 0.4000000060
48151  -52.522  -23.671  5.108 0.4000000060
123485  -53.623  -23.139  4.261 0.4000000060
111769  -42.391  -26.809  10.098 0.6000000238
44527  -42.512  -27.052  10.703 0.6000000238
45417  -43.042  -26.577  11.167 0.5000000000
45418  -43.825  -26.453  11.493 0.5000000000
44559  -37.870  -27.724  7.540 0.4000000060
44560  -38.551  -28.070  7.588 0.4000000060
123657  -42.308  -27.988  7.425 0.6000000238
44540  -42.247  -26.998  9.416 0.6000000238
46363  -45.507  -26.129  11.125 0.5000000000
44561  -39.212  -27.976  7.286 0.5000000000
43678  -42.758  -28.379  5.787 0.6999999881
43667  -42.533  -28.598  6.668 0.6999999881
46375  -46.194  -25.799  10.695 0.5000000000
44575  -39.838  -27.860  6.612 0.5000000000
44588  -43.200  -27.158  4.954 0.6999999881
43679  -43.102  -28.124  4.985 0.6999999881
47255  -47.239  -24.756  10.248 0.5000000000
45491  -40.787  -27.225  4.817 0.6999999881
45482  -40.440  -26.595  5.509 0.6000000238
132615  -44.696  -28.576  3.199 0.6999999881
132085  -44.027  -28.372  3.776 0.6999999881
42778  -44.182  -29.323  3.799 0.6999999881
47261  -47.932  -24.761  9.809 0.5000000000
47335  -41.278  -25.056  3.027 0.6999999881
132211  -41.241  -26.440  3.719 0.6999999881
47262  -48.568  -24.789  9.317 0.4000000060
120130  -45.310  -27.944  2.670 0.6999999881
42785  -45.075  -29.534  3.015 0.8000000119
47270  -49.479  -24.041  8.611 0.4000000060
47278  -49.723  -24.752  8.132 0.4000000060
47292  -50.731  -24.110  7.023 0.4000000060
48136  -51.515  -23.439  6.257 0.4000000060
49036  -52.424  -22.818  5.441 0.4000000060
123492  -52.781  -21.982  5.192 0.4000000060
45442  -42.448  -26.188  9.770 0.6000000238
46372  -43.417  -25.379  10.587 0.6000000238
46360  -43.484  -26.015  11.024 0.6000000238
46362  -44.928  -25.702  11.123 0.5000000000
44573  -37.648  -26.983  7.020 0.4000000060
44574  -38.545  -27.356  7.283 0.4000000060
113587  -39.285  -27.173  6.880 0.6999999881
45459  -42.344  -26.126  7.567 0.6999999881
126394  -42.247  -26.538  8.182 0.6000000238
45450  -42.273  -26.384  8.916 0.6000000238
129548  -44.129  -24.956  10.672 0.5000000000
45469  -40.015  -27.034  6.231 0.6999999881
45484  -43.560  -26.235  4.750 0.6999999881
133161  -43.124  -26.420  5.371 0.6999999881
45470  -42.489  -26.553  6.709 0.6999999881
44562  -42.279  -27.095  7.556 0.6999999881
46373  -44.777  -25.033  10.838 0.5000000000
47254  -46.323  -24.782  10.567 0.5000000000
46420  -40.298  -25.739  5.381 0.6999999881
45483  -42.753  -26.913  5.819 0.6999999881
48103  -47.616  -23.897  10.138 0.5000000000
46436  -40.656  -25.311  4.654 0.6999999881
132444  -44.893  -25.663  3.552 0.6999999881
44593  -43.840  -26.835  4.149 0.6999999881
48110  -48.605  -23.350  9.515 0.4000000060
46444  -41.118  -25.643  3.850 0.6999999881
45500  -45.963  -26.492  2.322 0.6999999881
44600  -45.376  -27.143  2.714 0.6999999881
47346  -45.043  -24.415  3.026 0.6000000238
46455  -46.018  -25.489  1.898 0.6000000238
45506  -46.332  -25.976  1.944 0.6999999881
47263  -48.916  -24.054  9.190 0.4000000060
48117  -49.760  -23.317  8.444 0.4000000060
47345  -41.269  -24.391  2.073 0.6999999881
114260  -44.894  -24.497  2.189 0.6000000238
47271  -50.017  -23.995  8.044 0.4000000060
47355  -44.602  -24.745  1.259 0.6000000238
49007  -50.472  -22.600  7.682 0.4000000060
123770  -51.160  -21.788  6.864 0.4000000060
49035  -51.890  -22.699  5.965 0.4000000060
123499  -52.263  -22.024  5.690 0.4000000060
49901  -53.083  -21.119  4.812 0.4000000060
47251  -43.681  -24.389  10.253 0.6000000238
44558  -37.017  -27.602  7.239 0.6000000238
45467  -38.543  -26.520  6.729 0.6999999881
47290  -42.827  -24.669  6.942 0.6000000238
46395  -42.477  -25.160  7.729 0.6999999881
46384  -42.428  -25.112  8.566 0.6999999881
111857  -42.435  -25.516  9.243 0.6000000238
46408  -43.142  -24.994  6.061 0.6000000238
46407  -42.599  -25.578  6.819 0.6999999881
132233  -39.352  -26.537  6.502 0.6999999881
131442  -44.614  -25.064  4.175 0.6000000238
48102  -46.892  -23.955  10.457 0.5000000000
47320  -40.370  -24.633  4.582 0.6999999881
47299  -40.039  -24.940  5.209 0.6999999881
46438  -45.068  -24.800  3.454 0.6000000238
132478  -47.217  -23.476  10.370 0.4000000060
47344  -40.892  -24.245  3.149 0.6999999881
47334  -40.861  -24.794  3.950 0.6999999881
46446  -45.631  -25.636  2.714 0.6999999881
48179  -40.424  -23.557  3.194 0.6999999881
48993  -48.873  -22.619  9.360 0.4000000060
48998  -49.465  -22.598  8.797 0.4000000060
48187  -44.456  -23.910  2.747 0.6000000238
49865  -49.704  -21.863  8.520 0.4000000060
48999  -50.027  -22.602  8.247 0.4000000060
47352  -41.714  -24.284  1.130 0.6999999881
48192  -41.763  -23.441  0.701 0.6999999881
47363  -42.668  -24.139  0.698 0.6999999881
47354  -43.557  -24.348  0.912 0.6000000238
49874  -50.682  -21.887  7.420 0.4000000060
49887  -51.262  -20.967  6.587 0.4000000060
123493  -51.737  -21.654  6.191 0.4000000060
50783  -52.140  -20.233  5.429 0.4000000060
49894  -52.364  -21.099  5.494 0.4000000060
50784  -52.684  -20.325  4.925 0.3000000119
47250  -42.828  -24.998  9.914 0.6000000238
45481  -36.706  -26.063  5.683 0.5000000000
48134  -43.572  -23.464  6.183 0.6000000238
47291  -43.314  -24.188  6.412 0.6000000238
47276  -42.749  -24.366  7.604 0.6000000238
47259  -42.610  -24.635  9.109 0.6000000238
47260  -43.150  -24.096  9.561 0.6000000238
45466  -37.519  -26.263  6.347 0.6000000238
46405  -38.287  -25.731  6.142 0.5000000000
47321  -44.274  -24.102  4.982 0.6000000238
119908  -43.781  -24.795  5.256 0.6000000238
48099  -44.308  -23.539  10.266 0.5000000000
47252  -44.563  -24.269  10.575 0.4000000060
48101  -46.085  -23.767  10.615 0.5000000000
46418  -38.823  -25.302  5.884 0.6999999881
48985  -45.485  -22.482  10.429 0.5000000000
124799  -45.965  -23.023  10.573 0.4000000060
123403  -46.748  -23.119  10.501 0.4000000060
47298  -39.173  -24.728  5.479 0.8000000119
49047  -43.814  -22.882  4.866 0.6000000238
48987  -47.077  -22.310  10.373 0.4000000060
48991  -47.776  -22.104  10.108 0.4000000060
48168  -40.415  -24.106  4.040 0.6999999881
48180  -44.191  -23.454  3.537 0.6000000238
49059  -43.357  -22.889  3.291 0.6000000238
125612  -49.133  -21.849  9.126 0.4000000060
126793  -40.869  -23.687  2.223 0.6999999881
48186  -43.560  -23.385  2.396 0.6000000238
50748  -49.897  -21.039  8.146 0.4000000060
130371  -50.401  -21.315  7.637 0.4000000060
48184  -41.277  -23.642  1.314 0.6999999881
48199  -42.230  -23.435  0.647 0.6999999881
48185  -42.869  -23.156  1.293 0.6999999881
50759  -50.342  -20.613  7.474 0.4000000060
49886  -50.784  -21.144  7.129 0.4000000060
49073  -41.838  -22.737  0.608 0.6999999881
51814  -50.275  -19.799  7.251 0.4000000060
51821  -50.639  -19.471  6.597 0.3000000119
132553  -51.256  -20.426  6.420 0.4000000060
52909  -51.439  -19.043  5.078 0.4000000060
51836  -51.634  -19.730  5.623 0.3000000119
114831  -43.470  -22.783  6.846 0.6000000238
48123  -43.303  -23.139  7.606 0.6000000238
48116  -43.285  -23.109  8.371 0.6000000238
48989  -43.843  -22.469  9.403 0.6000000238
48990  -44.331  -22.168  9.781 0.5000000000
116773  -36.913  -25.371  5.317 0.6000000238
47297  -38.021  -24.887  5.528 0.6000000238
49019  -43.398  -22.187  6.458 0.6000000238
112780  -43.434  -22.038  7.069 0.6000000238
49848  -44.986  -21.855  10.189 0.5000000000
49034  -43.588  -22.676  5.818 0.6000000238
49849  -45.849  -21.591  10.325 0.5000000000
48986  -46.295  -22.377  10.474 0.4000000060
47319  -39.706  -24.190  4.751 0.6999999881
47318  -38.741  -24.086  5.054 0.6999999881
49046  -43.220  -22.505  4.179 0.6000000238
49033  -43.094  -22.113  5.120 0.6000000238
50729  -46.570  -21.102  10.181 0.5000000000
49851  -47.234  -21.540  10.197 0.5000000000
48167  -39.865  -23.523  4.025 0.8000000119
48166  -39.176  -23.524  4.488 0.8000000119
51795  -47.934  -20.415  9.531 0.4000000060
49858  -47.917  -21.269  9.838 0.4000000060
49058  -42.527  -22.139  3.100 0.6000000238
50740  -48.677  -20.993  9.287 0.4000000060
49065  -40.503  -22.966  2.051 0.6999999881
49066  -42.802  -22.729  2.101 0.6999999881
54814  -47.571  -16.384  6.965 0.5000000000
53874  -47.522  -17.370  7.939 0.5000000000
53875  -48.358  -17.733  7.627 0.5000000000
51803  -48.670  -19.511  8.613 0.4000000060
50747  -49.203  -20.340  8.588 0.4000000060
133417  -40.546  -22.431  1.288 0.6999999881
48191  -41.134  -22.773  0.838 0.6999999881
49927  -41.987  -22.244  0.714 0.6999999881
49920  -42.252  -22.039  1.516 0.6999999881
55717  -47.259  -15.730  6.594 0.5000000000
119682  -48.509  -17.321  6.990 0.5000000000
53888  -49.092  -17.869  6.979 0.4000000060
52861  -48.910  -18.851  8.163 0.4000000060
132589  -49.779  -19.451  7.578 0.4000000060
55728  -47.586  -15.614  5.866 0.4000000060
54815  -48.196  -16.816  6.652 0.5000000000
122940  -48.412  -16.695  6.015 0.4000000060
132600  -49.429  -17.860  6.309 0.4000000060
130398  -49.958  -18.208  5.954 0.4000000060
52880  -50.009  -18.992  7.054 0.4000000060
54830  -48.167  -16.291  5.369 0.4000000060
53887  -48.848  -17.304  6.292 0.4000000060
52897  -50.618  -18.625  5.554 0.4000000060
49006  -43.431  -22.344  7.815 0.6000000238
48997  -43.555  -22.377  8.795 0.6000000238
126815  -36.330  -25.207  4.842 0.5000000000
49885  -43.170  -21.437  6.669 0.6000000238
49873  -43.412  -21.431  7.569 0.6000000238
49864  -43.979  -20.789  8.988 0.5000000000
50737  -44.736  -20.494  9.470 0.5000000000
49856  -44.507  -21.345  9.615 0.5000000000
46435  -36.969  -24.678  4.933 0.6000000238
47317  -37.792  -24.040  4.873 0.6999999881
134159  -42.844  -21.651  5.516 0.6000000238
49893  -43.213  -21.916  5.937 0.6000000238
129812  -45.388  -20.378  9.724 0.5000000000
48165  -37.817  -23.305  4.433 0.6000000238
120989  -42.590  -21.882  4.280 0.6000000238
50792  -42.380  -21.224  5.024 0.6000000238
115050  -45.901  -19.983  9.713 0.5000000000
50728  -45.911  -20.713  10.033 0.5000000000
49044  -38.689  -22.934  4.168 0.8000000119
53863  -47.024  -17.787  8.530 0.5000000000
51792  -45.888  -19.269  9.429 0.5000000000
51794  -47.235  -19.974  9.590 0.5000000000
50738  -46.571  -20.347  9.852 0.5000000000
49057  -39.292  -22.468  3.441 0.8000000119
49900  -42.084  -21.277  3.766 0.6000000238
55700  -46.093  -15.665  7.389 0.5000000000
54798  -45.556  -16.209  7.764 0.5000000000
54788  -46.707  -17.082  8.135 0.5000000000
52860  -47.301  -18.646  8.905 0.5000000000
52844  -47.108  -19.318  9.330 0.5000000000
117032  -48.198  -18.794  8.562 0.4000000060
48178  -39.910  -22.928  3.205 0.8000000119
49919  -41.915  -21.310  2.340 0.6999999881
54799  -46.399  -16.396  7.734 0.5000000000
55701  -46.869  -15.989  7.215 0.5000000000
53864  -47.844  -18.067  8.318 0.5000000000
49072  -40.667  -21.857  0.783 0.8000000119
49926  -41.603  -21.362  0.955 0.6999999881
50815  -41.477  -20.524  1.788 0.6999999881
55715  -45.772  -14.951  6.969 0.5000000000
55716  -46.553  -15.278  6.830 0.4000000060
112015  -41.312  -21.912  0.606 0.6999999881
56652  -46.996  -15.024  6.208 0.4000000060
49863  -43.608  -21.554  8.458 0.5000000000
123143  -35.358  -24.833  4.252 0.5000000000
50771  -42.680  -20.651  6.406 0.6000000238
50757  -43.090  -20.531  7.256 0.6000000238
47316  -36.142  -24.728  4.472 0.5000000000
120305  -43.798  -20.090  8.500 0.5000000000
132200  -44.832  -19.332  9.072 0.5000000000
47333  -34.987  -24.184  3.920 0.5000000000
48163  -35.818  -24.092  4.095 0.5000000000
48164  -36.824  -23.881  4.409 0.5000000000
50782  -42.384  -20.668  5.737 0.6000000238
52857  -44.850  -18.217  8.661 0.5000000000
52858  -45.669  -18.157  8.872 0.5000000000
119074  -45.183  -19.710  9.398 0.5000000000
50781  -41.963  -20.265  5.275 0.6000000238
117354  -44.682  -16.141  7.614 0.5000000000
53860  -44.478  -17.517  8.252 0.5000000000
53861  -45.340  -17.493  8.497 0.5000000000
52859  -46.445  -18.269  8.933 0.5000000000
49056  -38.522  -22.214  3.686 0.6999999881
50806  -41.595  -20.553  3.194 0.6000000238
54787  -45.861  -16.882  8.206 0.5000000000
53862  -46.184  -17.572  8.585 0.5000000000
49913  -39.129  -21.692  3.063 0.6999999881
55699  -45.252  -15.499  7.354 0.5000000000
49918  -39.467  -21.319  2.180 0.6999999881
56651  -46.265  -14.455  6.393 0.4000000060
49064  -39.946  -22.086  2.141 0.8000000119
115268  -41.059  -21.139  0.559 0.6999999881
56663  -46.322  -13.908  5.873 0.5000000000
129973  -40.952  -21.482  0.519 0.8000000119
112383  -47.315  -14.964  5.465 0.5000000000
56682  -47.151  -14.869  3.057 0.4000000060
56689  -46.673  -14.972  2.064 0.5000000000
114293  -47.035  -16.817  2.067 0.5000000000
55754  -46.361  -15.875  1.263 0.5000000000
56702  -46.255  -15.056  1.095 0.5000000000
51813  -43.378  -19.866  7.925 0.5000000000
116985  -42.606  -20.020  6.749 0.6000000238
51812  -42.862  -19.589  7.299 0.6000000238
51800  -43.846  -19.341  8.409 0.5000000000
117435  -44.518  -18.990  8.741 0.5000000000
48175  -35.440  -23.417  3.774 0.5000000000
48176  -36.279  -23.282  3.954 0.5000000000
48177  -37.158  -22.965  4.092 0.6999999881
51834  -42.227  -19.949  6.059 0.6000000238
51820  -42.408  -19.321  6.640 0.6000000238
53873  -44.186  -16.847  7.777 0.5000000000
52856  -43.932  -18.374  8.268 0.5000000000
48174  -34.651  -23.435  3.695 0.5000000000
120295  -36.667  -22.574  3.821 0.6000000238
50791  -41.752  -20.478  4.370 0.6000000238
53872  -43.714  -17.553  7.801 0.5000000000
118297  -37.531  -22.141  3.769 0.6999999881
51846  -41.530  -19.609  4.779 0.6000000238
49912  -38.314  -21.473  3.395 0.6999999881
56650  -45.439  -14.261  6.531 0.6000000238
56649  -44.631  -14.172  6.457 0.4000000060
57565  -45.075  -13.604  6.164 0.5000000000
51859  -41.282  -19.832  2.684 0.6999999881
50823  -41.128  -20.479  0.831 0.6999999881
57566  -45.786  -13.732  6.079 0.5000000000
123835  -46.514  -12.303  3.802 0.4000000060
128240  -46.628  -12.446  3.087 0.4000000060
57609  -46.688  -13.188  2.590 0.4000000060
50833  -40.281  -19.972  0.554 0.6999999881
121041  -46.519  -14.130  1.782 0.4000000060
50814  -39.441  -20.678  1.669 0.6999999881
54859  -46.424  -16.845  1.095 0.5000000000
129524  -46.041  -17.640  -0.123 0.5000000000
55769  -45.942  -15.886  0.489 0.5000000000
112351  -42.722  -18.769  7.195 0.5000000000
52868  -43.297  -19.015  7.812 0.5000000000
51819  -41.947  -19.142  6.023 0.6000000238
52878  -42.215  -18.448  6.507 0.5000000000
49054  -35.097  -22.708  3.547 0.6000000238
118517  -35.584  -21.958  3.508 0.6000000238
51833  -41.818  -19.587  5.523 0.6000000238
114927  -43.528  -16.969  7.438 0.5000000000
120160  -36.566  -21.827  3.600 0.6000000238
115704  -41.442  -18.216  5.351 0.5000000000
54797  -43.753  -16.231  7.243 0.5000000000
55714  -44.079  -14.775  6.640 0.5000000000
49911  -37.482  -21.364  3.501 0.6999999881
52906  -41.241  -18.741  4.544 0.6000000238
56635  -44.936  -14.801  6.929 0.5000000000
59532  -45.037  -11.794  5.100 0.5000000000
59554  -45.664  -10.868  3.794 0.4000000060
51871  -41.101  -19.786  1.422 0.6999999881
51870  -40.757  -19.100  1.271 0.6999999881
57581  -45.439  -12.997  5.679 0.5000000000
58588  -45.983  -12.613  5.217 0.5000000000
58600  -45.715  -11.934  4.847 0.4000000060
59555  -46.119  -11.175  3.433 0.4000000060
125451  -46.436  -11.778  3.272 0.4000000060
49917  -38.865  -20.978  2.701 0.6999999881
50822  -40.653  -20.468  0.634 0.6999999881
59561  -46.305  -11.272  2.679 0.4000000060
58616  -46.534  -12.234  2.237 0.4000000060
50813  -38.777  -20.235  2.276 0.6999999881
51881  -39.953  -19.660  0.557 0.6999999881
57619  -46.393  -13.240  1.385 0.4000000060
50820  -39.423  -19.927  1.207 0.6999999881
51880  -39.495  -19.268  0.888 0.6999999881
57629  -45.809  -13.298  0.045 0.4000000060
114341  -46.020  -14.259  0.626 0.4000000060
54873  -45.906  -16.769  0.205 0.5000000000
56710  -45.696  -15.319  0.041 0.5000000000
53886  -42.400  -17.458  6.618 0.5000000000
54796  -43.004  -16.774  6.974 0.5000000000
52877  -41.774  -17.858  6.024 0.5000000000
54812  -42.378  -16.475  6.319 0.5000000000
54813  -43.085  -16.119  6.712 0.5000000000
55713  -43.540  -15.492  6.710 0.5000000000
49909  -35.250  -21.254  3.402 0.6000000238
49910  -36.010  -21.297  3.438 0.6000000238
53900  -41.462  -17.381  5.414 0.5000000000
50804  -36.851  -20.790  3.387 0.6999999881
53913  -41.094  -17.772  4.615 0.5000000000
129976  -43.157  -14.742  6.230 0.6000000238
56648  -43.833  -14.073  6.211 0.5000000000
52905  -40.858  -18.183  3.652 0.6999999881
57580  -44.620  -13.074  5.794 0.5000000000
60485  -45.114  -10.581  3.999 0.4000000060
50811  -37.399  -19.992  3.006 0.6999999881
52914  -40.750  -18.509  2.338 0.8000000119
58586  -44.224  -12.629  5.486 0.5000000000
59545  -44.467  -11.328  4.747 0.5000000000
60497  -45.914  -10.638  3.098 0.4000000060
59569  -46.320  -11.458  1.622 0.4000000060
50805  -38.031  -20.625  3.154 0.6999999881
53930  -40.438  -17.821  1.713 0.6000000238
51882  -40.647  -19.749  0.769 0.6999999881
52942  -40.317  -18.961  0.735 0.6999999881
119637  -40.118  -17.177  1.343 0.6000000238
54858  -40.227  -16.418  1.999 0.6000000238
58622  -46.284  -12.356  0.975 0.4000000060
51869  -38.686  -19.416  1.857 0.6999999881
52940  -39.075  -18.624  1.091 0.6000000238
52941  -39.921  -18.860  0.620 0.6999999881
113957  -39.650  -17.244  0.974 0.6000000238
54872  -39.795  -16.545  1.238 0.6000000238
58631  -45.863  -12.421  0.036 0.4000000060
50812  -38.155  -19.932  2.669 0.6999999881
54871  -39.303  -16.543  0.928 0.6000000238
130470  -39.493  -15.998  1.094 0.6000000238
56709  -45.528  -14.547  -0.685 0.5000000000
119966  -39.018  -15.735  0.765 0.6000000238
55767  -39.556  -15.237  1.137 0.6000000238
55774  -45.577  -16.399  -0.478 0.5000000000
54888  -45.859  -17.296  -1.760 0.5000000000
55712  -42.750  -15.614  6.311 0.6000000238
49908  -34.405  -21.171  3.386 0.5000000000
53885  -41.868  -17.120  6.030 0.5000000000
54828  -42.135  -15.822  5.854 0.6000000238
51856  -35.535  -19.900  3.128 0.6000000238
51857  -36.441  -19.984  3.114 0.6000000238
54827  -41.646  -16.454  5.524 0.6000000238
56662  -43.190  -14.000  5.846 0.5000000000
57579  -43.681  -13.269  5.672 0.5000000000
51867  -35.298  -19.198  2.835 0.6000000238
121868  -36.058  -19.409  2.872 0.6000000238
54841  -41.139  -16.865  4.723 0.6000000238
54840  -40.867  -16.271  4.070 0.6000000238
58599  -43.615  -12.397  5.193 0.5000000000
60483  -43.830  -10.873  4.421 0.5000000000
60495  -44.614  -10.116  3.734 0.4000000060
60496  -45.333  -10.268  3.452 0.4000000060
111194  -36.993  -19.240  2.737 0.6999999881
118095  -36.086  -18.667  2.597 0.6000000238
53912  -40.763  -17.189  3.683 0.6999999881
59544  -43.669  -11.622  4.791 0.5000000000
60484  -44.567  -10.702  4.283 0.5000000000
60503  -45.579  -10.008  2.699 0.4000000060
60504  -46.077  -10.635  2.197 0.4000000060
60514  -46.094  -10.745  1.139 0.4000000060
53918  -40.468  -17.097  2.427 0.6999999881
55753  -40.319  -15.589  2.591 0.6999999881
58585  -42.905  -12.868  5.113 0.5000000000
58598  -42.910  -12.091  4.724 0.5000000000
60520  -45.877  -10.861  0.210 0.4000000060
53929  -37.558  -18.030  2.177 0.6000000238
55768  -40.017  -15.129  1.983 0.6000000238
56688  -40.188  -14.438  2.389 0.6999999881
59579  -46.035  -11.603  0.411 0.4000000060
52929  -38.020  -18.672  2.240 0.6999999881
53940  -39.452  -17.829  0.865 0.6000000238
116741  -39.930  -15.823  1.627 0.6000000238
57608  -40.220  -13.595  2.448 0.6000000238
120216  -45.672  -12.125  -0.578 0.4000000060
53939  -38.693  -17.195  1.095 0.6000000238
120182  -39.213  -17.079  0.884 0.6000000238
56700  -39.462  -14.394  1.040 0.6000000238
57617  -39.479  -13.592  1.081 0.6000000238
58630  -45.588  -12.802  -0.642 0.4000000060
55766  -39.058  -14.841  0.694 0.6000000238
130039  -45.633  -14.454  -1.482 0.5000000000
57628  -45.495  -13.546  -1.109 0.4000000060
55777  -45.663  -16.049  -1.603 0.5000000000
56712  -46.031  -15.753  -1.846 0.5000000000
55727  -42.366  -15.114  5.761 0.6000000238
111794  -41.258  -16.106  4.803 0.6000000238
55726  -41.647  -15.464  5.215 0.6000000238
56660  -41.963  -14.699  5.266 0.6000000238
57578  -42.742  -13.608  5.392 0.5000000000
51855  -34.692  -19.722  3.101 0.6000000238
114786  -41.424  -14.677  4.576 0.6000000238
56673  -41.982  -13.960  4.980 0.5000000000
120481  -43.353  -10.352  3.977 0.5000000000
118453  -44.324  -9.596  3.324 0.4000000060
131623  -35.610  -17.968  2.370 0.6000000238
55738  -41.110  -15.501  4.370 0.6000000238
55747  -40.962  -14.298  3.826 0.6000000238
57591  -41.740  -13.303  4.454 0.5000000000
59552  -41.504  -11.931  3.718 0.5000000000
59553  -41.912  -11.195  3.794 0.5000000000
59543  -42.888  -11.162  4.304 0.5000000000
61411  -44.943  -9.674  3.103 0.4000000060
61424  -45.153  -9.282  2.226 0.4000000060
60513  -45.769  -9.972  1.710 0.4000000060
55746  -40.681  -15.585  3.566 0.6999999881
57598  -40.550  -13.977  3.140 0.5000000000
59542  -42.154  -11.914  4.244 0.5000000000
114416  -45.783  -10.133  0.616 0.4000000060
53938  -37.540  -17.423  1.886 0.6000000238
59568  -39.906  -12.199  1.850 0.6000000238
111953  -45.699  -10.484  -0.518 0.4000000060
114550  -37.885  -16.813  1.487 0.6000000238
55765  -38.090  -15.746  1.063 0.6000000238
59578  -45.749  -11.378  -0.503 0.4000000060
51868  -37.873  -19.438  2.590 0.6999999881
56699  -38.499  -15.120  0.790 0.6000000238
59587  -45.598  -11.901  -1.071 0.4000000060
56708  -39.022  -13.991  0.646 0.6000000238
56714  -45.783  -15.287  -1.668 0.5000000000
57633  -45.732  -13.649  -1.539 0.4000000060
56716  -46.245  -14.451  -1.675 0.5000000000
56713  -46.586  -15.162  -1.362 0.4000000060
61408  -42.095  -9.742  3.208 0.5000000000
61409  -43.001  -9.643  3.443 0.5000000000
61423  -44.415  -9.166  2.785 0.4000000060
53927  -35.587  -17.224  2.102 0.6000000238
53937  -36.665  -16.827  1.853 0.6000000238
127279  -41.433  -13.925  4.329 0.6000000238
59551  -41.011  -11.442  3.196 0.5000000000
60493  -42.469  -10.405  3.710 0.5000000000
62344  -45.004  -8.765  1.509 0.4000000060
61435  -45.483  -9.337  1.148 0.4000000060
53928  -36.600  -17.809  2.261 0.6000000238
121791  -40.874  -12.505  3.321 0.5000000000
54869  -37.348  -16.185  1.488 0.6000000238
56698  -37.541  -14.846  1.029 0.6000000238
59567  -39.442  -11.691  1.026 0.6000000238
60529  -45.727  -11.266  -1.079 0.4000000060
57626  -38.232  -13.416  0.495 0.6000000238
58629  -39.160  -12.410  0.684 0.6000000238
59593  -45.802  -12.047  -1.334 0.4000000060
56707  -38.361  -14.370  0.684 0.6000000238
57627  -39.058  -13.155  0.618 0.6000000238
58638  -45.864  -12.890  -1.536 0.4000000060
57634  -45.952  -13.666  -1.736 0.4000000060
58640  -47.333  -12.803  -1.459 0.3000000119
122350  -45.831  -14.485  -1.692 0.5000000000
130664  -46.487  -13.498  -1.572 0.4000000060
57636  -47.927  -13.003  -1.182 0.3000000119
130191  -42.486  -9.197  2.962 0.5000000000
62324  -43.084  -8.912  2.865 0.5000000000
62333  -44.486  -8.618  2.103 0.5000000000
62343  -44.517  -8.131  1.186 0.5000000000
60492  -41.554  -10.500  3.275 0.5000000000
60502  -41.316  -9.785  2.726 0.6000000238
62349  -44.809  -8.057  0.035 0.5000000000
62350  -45.172  -8.705  0.606 0.4000000060
54868  -36.183  -15.845  1.578 0.6000000238
56697  -36.548  -14.251  1.113 0.6000000238
60501  -40.707  -10.611  2.575 0.6000000238
62356  -45.279  -8.806  -0.501 0.4000000060
61458  -45.524  -9.655  -0.909 0.4000000060
55764  -37.149  -15.520  1.367 0.6000000238
56706  -37.430  -13.957  0.783 0.6000000238
114389  -40.029  -11.170  1.828 0.6999999881
61464  -45.849  -9.601  -1.361 0.3000000119
58627  -37.524  -12.586  0.283 0.6000000238
60511  -39.556  -10.745  1.148 0.6000000238
123339  -46.135  -10.293  -1.404 0.3000000119
60533  -46.089  -11.201  -1.378 0.4000000060
58628  -38.494  -12.577  0.329 0.6000000238
59577  -38.688  -11.761  0.245 0.6000000238
59586  -38.532  -10.868  -0.031 0.6000000238
59594  -46.201  -12.114  -1.564 0.3000000119
59595  -46.978  -12.121  -1.630 0.3000000119
59596  -47.993  -11.991  -1.512 0.3000000119
58641  -48.457  -12.431  -1.261 0.3000000119
61421  -41.824  -9.073  2.679 0.6000000238
62332  -42.425  -8.523  2.519 0.5000000000
63223  -43.803  -7.575  1.271 0.5000000000
61420  -41.047  -8.955  2.133 0.6000000238
63243  -44.413  -7.369  -0.567 0.4000000060
114995  -36.423  -15.002  1.326 0.6000000238
56705  -36.559  -13.611  0.882 0.6000000238
126883  -40.686  -9.801  2.233 0.6000000238
62364  -45.536  -8.852  -1.302 0.3000000119
57625  -37.147  -13.217  0.619 0.6000000238
131018  -36.833  -12.770  0.502 0.6000000238
59575  -37.090  -11.708  -0.078 0.6000000238
59585  -37.183  -10.987  -0.385 0.6000000238
60519  -39.075  -10.339  0.448 0.6000000238
124878  -38.028  -12.041  -0.045 0.6000000238
60534  -46.871  -10.551  -1.572 0.3000000119
123131  -46.686  -11.472  -1.568 0.3000000119
121724  -48.488  -11.214  -1.574 0.3000000119
59597  -49.046  -11.857  -1.426 0.3000000119
62331  -41.705  -8.229  2.152 0.6000000238
63214  -42.321  -7.761  1.992 0.6000000238
63222  -42.980  -7.472  1.595 0.5000000000
63232  -43.270  -7.067  0.787 0.5000000000
64157  -43.628  -6.790  -0.109 0.4000000060
62341  -40.441  -8.356  1.321 0.6000000238
62330  -41.115  -8.051  1.695 0.6000000238
63257  -44.696  -7.198  -1.610 0.4000000060
62355  -44.999  -8.089  -1.192 0.4000000060
63258  -45.708  -8.076  -1.891 0.3000000119
57624  -36.040  -12.949  0.670 0.6000000238
126451  -39.736  -8.950  0.901 0.6000000238
61446  -39.111  -9.397  0.270 0.6000000238
62366  -47.241  -8.684  -1.909 0.3000000119
60528  -38.468  -9.890  -0.250 0.6000000238
61466  -47.544  -9.545  -1.688 0.3000000119
60527  -37.730  -10.398  -0.518 0.6000000238
61457  -37.739  -9.363  -0.965 0.6000000238
60535  -47.944  -10.414  -1.600 0.3000000119
60537  -49.478  -11.129  -1.667 0.3000000119
63221  -41.531  -7.478  1.408 0.6000000238
132497  -42.176  -7.298  1.369 0.5000000000
64156  -42.537  -6.480  0.091 0.5000000000
64171  -42.906  -6.113  -0.789 0.4000000060
64172  -43.999  -6.586  -1.110 0.4000000060
64185  -44.426  -6.357  -2.165 0.4000000060
64186  -45.249  -6.767  -2.430 0.4000000060
63259  -46.408  -7.816  -2.229 0.3000000119
58626  -36.435  -12.299  0.355 0.6000000238
115619  -39.235  -8.348  0.056 0.6000000238
63268  -47.201  -7.036  -2.530 0.3000000119
59574  -35.730  -11.554  0.190 0.6000000238
59584  -36.155  -10.970  -0.199 0.6000000238
62376  -47.863  -7.702  -2.302 0.3000000119
61445  -38.470  -8.662  -0.713 0.6000000238
60526  -36.520  -10.331  -0.577 0.6000000238
118946  -36.943  -9.695  -0.937 0.6000000238
63231  -41.526  -6.845  0.739 0.6000000238
64170  -41.251  -5.785  -0.789 0.4000000060
65173  -42.006  -5.423  -1.544 0.4000000060
64184  -43.480  -5.833  -1.726 0.4000000060
115994  -40.199  -7.580  0.640 0.5000000000
63220  -40.760  -7.467  1.043 0.5000000000
64193  -45.190  -5.614  -2.956 0.4000000060
64194  -45.946  -6.142  -2.855 0.3000000119
116527  -39.517  -7.175  -0.292 0.5000000000
64195  -46.771  -5.924  -2.833 0.3000000119
60525  -35.168  -10.208  -0.268 0.6000000238
62354  -38.122  -7.248  -1.743 0.5000000000
61455  -35.755  -9.362  -0.888 0.6000000238
112940  -37.708  -8.359  -1.548 0.6000000238
62352  -35.070  -7.949  -1.429 0.6000000238
61456  -36.687  -8.603  -1.601 0.6000000238
62353  -37.158  -7.261  -2.283 0.6000000238
63254  -35.213  -6.585  -2.251 0.5000000000
64154  -40.619  -6.281  -0.350 0.4000000060
64169  -40.336  -5.903  -0.888 0.3000000119
114329  -40.218  -5.224  -1.849 0.4000000060
65182  -41.449  -4.745  -2.510 0.4000000060
65192  -42.878  -4.387  -3.278 0.3000000119
63229  -40.189  -6.797  0.035 0.5000000000
63230  -40.809  -6.805  0.446 0.4000000060
66134  -41.888  -3.398  -4.060 0.3000000119
66135  -43.634  -3.536  -3.753 0.3000000119
126163  -45.143  -3.719  -3.443 0.3000000119
66142  -44.934  -3.881  -3.582 0.3000000119
63242  -38.837  -5.792  -1.980 0.5000000000
65194  -46.109  -5.170  -3.174 0.3000000119
64188  -48.591  -6.595  -1.872 0.3000000119
63256  -37.680  -5.737  -2.891 0.5000000000
63255  -36.531  -6.121  -2.904 0.5000000000
64168  -39.849  -5.553  -1.239 0.3000000119
65172  -40.933  -4.952  -0.801 0.3000000119
113097  -39.996  -4.441  -1.958 0.3000000119
66122  -39.597  -3.526  -3.374 0.3000000119
116204  -39.714  -4.927  -0.996 0.3000000119
64153  -39.945  -6.042  -0.940 0.4000000060
65190  -40.040  -3.365  -4.125 0.3000000119
67032  -41.892  -2.601  -4.172 0.3000000119
67033  -43.268  -2.827  -4.001 0.3000000119
66126  -46.058  -4.232  -3.116 0.3000000119
65195  -46.528  -4.925  -3.002 0.3000000119
130746  -38.096  -4.762  -3.209 0.5000000000
64187  -48.101  -5.997  -1.778 0.3000000119
64182  -37.181  -4.934  -3.231 0.5000000000
64180  -34.562  -6.134  -1.931 0.4000000060
64181  -35.860  -5.648  -2.492 0.5000000000
65158  -40.245  -4.738  -0.580 0.3000000119
66105  -40.543  -4.298  -1.127 0.3000000119
125573  -40.389  -3.524  -2.375 0.3000000119
67021  -41.062  -2.759  -3.452 0.3000000119
66124  -44.124  -3.298  -2.575 0.3000000119
66125  -45.386  -3.601  -3.025 0.3000000119
65171  -38.821  -4.937  -0.976 0.3000000119
65156  -38.974  -5.076  -0.711 0.3000000119
65185  -46.149  -4.323  -2.380 0.3000000119
65186  -46.767  -4.911  -2.590 0.3000000119
65170  -38.337  -4.653  -2.122 0.3000000119
64183  -37.756  -4.562  -3.024 0.4000000060
65176  -46.794  -5.122  -1.527 0.3000000119
64174  -47.530  -5.923  -1.080 0.3000000119
64175  -48.218  -6.721  -0.687 0.3000000119
64165  -34.923  -5.771  -1.860 0.4000000060
65168  -36.546  -5.142  -2.702 0.4000000060
131307  -49.471  -7.572  -0.157 0.3000000119
116947  -50.126  -7.791  -0.113 0.3000000119
110990  -40.657  -5.388  0.659 0.3000000119
65157  -40.224  -6.110  -0.588 0.3000000119
128846  -41.011  -5.218  0.445 0.3000000119
66106  -40.907  -4.697  -0.261 0.3000000119
66113  -41.308  -4.134  -1.049 0.3000000119
66123  -42.253  -3.344  -2.094 0.3000000119
110995  -39.902  -5.313  0.198 0.3000000119
66114  -42.722  -4.156  -0.825 0.3000000119
66115  -43.901  -3.930  -1.274 0.3000000119
65174  -44.882  -4.541  -0.651 0.3000000119
126955  -39.035  -5.224  -0.278 0.3000000119
66116  -45.203  -3.937  -1.862 0.3000000119
64173  -46.781  -5.872  -0.196 0.3000000119
65154  -37.146  -5.395  -0.751 0.4000000060
64159  -47.448  -6.516  0.185 0.3000000119
64160  -48.164  -6.999  0.733 0.3000000119
115737  -34.801  -5.902  0.087 0.4000000060
63224  -48.969  -7.155  1.403 0.3000000119
63225  -49.749  -7.115  1.509 0.3000000119
63235  -49.713  -7.492  0.767 0.3000000119
64161  -51.837  -7.089  0.901 0.3000000119
65159  -42.066  -5.307  0.774 0.3000000119
66107  -42.282  -4.622  0.034 0.3000000119
65160  -43.290  -5.346  0.919 0.3000000119
66108  -43.785  -4.637  0.003 0.3000000119
65140  -39.484  -5.435  0.545 0.3000000119
134125  -44.770  -5.062  0.266 0.3000000119
111078  -46.190  -5.325  -0.477 0.3000000119
65139  -38.356  -5.510  1.048 0.3000000119
65146  -45.695  -5.744  1.757 0.3000000119
65163  -46.096  -5.722  0.727 0.3000000119
64158  -46.859  -6.269  1.020 0.3000000119
65137  -35.922  -5.714  0.504 0.4000000060
64143  -47.609  -6.634  1.365 0.3000000119
64144  -48.272  -6.831  1.651 0.3000000119
127146  -35.598  -5.945  1.045 0.4000000060
63226  -50.281  -7.264  1.260 0.3000000119
64147  -51.029  -7.101  1.253 0.3000000119
64148  -51.615  -6.437  1.305 0.3000000119
65143  -41.837  -5.558  1.472 0.3000000119
65142  -41.466  -5.668  2.110 0.3000000119
65145  -43.984  -5.647  1.817 0.3000000119
65141  -40.630  -5.604  1.721 0.3000000119
128692  -45.242  -5.478  0.979 0.3000000119
115887  -39.011  -5.502  1.721 0.3000000119
65130  -47.469  -5.859  2.609 0.3000000119
120637  -48.261  -5.842  2.639 0.3000000119
129849  -48.488  -6.267  2.403 0.3000000119
64137  -49.042  -6.029  2.501 0.3000000119
64138  -49.922  -6.020  2.262 0.3000000119
65148  -50.640  -5.884  1.942 0.3000000119
63219  -36.200  -7.206  1.687 0.3000000119
122809  -51.008  -6.388  1.619 0.3000000119
125051  -52.338  -5.125  0.963 0.3000000119
66111  -52.890  -4.912  0.549 0.3000000119
65125  -42.496  -5.638  2.579 0.3000000119
65144  -42.942  -5.661  1.738 0.3000000119
65127  -44.563  -5.488  2.620 0.3000000119
65161  -44.364  -5.388  0.995 0.3000000119
65123  -40.306  -5.474  2.590 0.3000000119
127581  -41.067  -5.589  2.609 0.3000000119
65128  -45.411  -5.540  2.502 0.3000000119
122867  -46.066  -5.722  2.339 0.3000000119
65111  -46.078  -5.322  2.905 0.3000000119
65129  -46.687  -5.804  2.488 0.3000000119
65112  -46.993  -5.281  3.014 0.3000000119
65113  -47.853  -5.211  3.007 0.3000000119
65131  -48.735  -5.099  2.799 0.3000000119
65133  -50.249  -5.379  2.188 0.3000000119
66102  -50.842  -5.032  1.845 0.3000000119
133192  -50.608  -4.444  1.825 0.3000000119
65149  -51.329  -5.727  1.583 0.3000000119
66103  -51.674  -4.890  1.318 0.3000000119
66109  -51.638  -3.966  0.986 0.3000000119
67013  -52.833  -4.040  0.248 0.3000000119
66117  -53.600  -4.640  -0.131 0.3000000119
65124  -41.698  -5.558  2.964 0.3000000119
65126  -43.610  -5.568  2.646 0.3000000119
124435  -40.918  -5.352  3.166 0.3000000119
125381  -42.359  -5.310  3.234 0.3000000119
65109  -44.215  -5.078  3.194 0.3000000119
65110  -45.168  -5.175  3.039 0.3000000119
65122  -39.160  -5.252  2.623 0.3000000119
65105  -38.128  -4.856  3.318 0.3000000119
125390  -48.695  -4.216  2.826 0.3000000119
65132  -49.594  -5.286  2.470 0.3000000119
66095  -50.141  -4.615  2.175 0.3000000119
67011  -50.967  -3.472  1.166 0.3000000119
67012  -52.171  -3.719  0.488 0.3000000119
65107  -41.614  -5.013  3.505 0.3000000119
116175  -40.643  -4.746  3.656 0.3000000119
66081  -39.677  -4.302  3.913 0.3000000119
65106  -39.811  -4.969  3.276 0.3000000119
66080  -38.696  -4.464  3.762 0.3000000119
131235  -38.905  -4.843  3.210 0.3000000119
58597  -42.253  -12.672  4.590 0.5000000000
58607  -41.567  -12.613  4.040 0.5000000000
58615  -40.299  -12.803  2.543 0.6000000238
52928  -37.065  -18.492  2.451 0.6000000238
49071  -40.602  -21.116  0.649 0.6999999881
18527  -34.424  -56.781  9.674 0.3000000119
19449  -34.811  -55.949  9.552 0.3000000119
120041  -35.536  -56.053  8.990 0.3000000119
19450  -36.247  -55.443  9.100 0.3000000119
19466  -36.908  -55.863  8.573 0.4000000060
19467  -37.838  -55.646  8.603 0.4000000060
19469  -39.664  -55.310  8.825 0.4000000060
19454  -40.344  -55.054  9.000 0.4000000060
20385  -40.601  -54.387  9.326 0.4000000060
119565  -41.318  -53.776  9.448 0.4000000060
21268  -41.946  -53.228  9.498 0.4000000060
24024  -42.264  -50.156  10.338 0.4000000060
23113  -42.232  -50.922  10.104 0.4000000060
25744  -42.204  -48.727  10.781 0.4000000060
30967  -40.484  -42.192  10.651 0.4000000060
30808  -37.961  -42.721  21.560 0.3000000119
31709  -39.894  -41.609  20.939 0.3000000119
31725  -41.334  -41.649  20.519 0.3000000119
115937  -40.463  -41.725  9.940 0.5000000000
31756  -43.740  -40.825  18.694 0.3000000119
121154  -44.288  -40.116  17.715 0.3000000119
31878  -40.631  -41.287  8.583 0.5000000000
34586  -40.578  -38.613  8.990 0.5000000000
40003  -50.224  -32.480  8.998 0.3000000119
40002  -49.717  -32.513  9.634 0.3000000119
40901  -50.300  -31.730  8.681 0.3000000119
35512  -41.790  -37.570  7.384 0.6000000238
122341  -50.364  -30.343  7.967 0.4000000060
34598  -41.878  -38.392  6.715 0.6000000238
42751  -50.226  -29.655  7.790 0.4000000060
42764  -51.079  -29.307  6.185 0.4000000060
44578  -50.622  -27.776  6.296 0.4000000060
44589  -51.499  -27.555  5.096 0.4000000060
45495  -52.322  -26.866  4.254 0.4000000060
125005  -37.699  -30.958  8.656 0.4000000060
41819  -38.329  -30.959  8.478 0.5000000000
41830  -39.320  -30.682  7.394 0.5000000000
38321  -44.460  -34.525  4.742 0.6999999881
117022  -53.415  -25.039  3.689 0.4000000060
114430  -44.967  -33.242  4.215 0.6999999881
47337  -53.474  -24.210  4.009 0.4000000060
43652  -39.671  -28.706  6.903 0.5000000000
43666  -40.172  -28.583  6.080 0.5000000000
44592  -40.888  -27.961  4.186 0.6000000238
44586  -40.607  -27.954  5.017 0.6000000238
45497  -41.135  -27.164  3.985 0.8000000119
40934  -44.478  -31.305  4.311 0.8000000119
40928  -44.135  -31.624  4.942 0.6999999881
41865  -45.660  -30.569  2.786 0.8000000119
40935  -45.290  -31.823  3.616 0.6999999881
123889  -54.279  -22.968  3.683 0.4000000060
42779  -44.731  -30.130  3.496 0.8000000119
46445  -41.480  -26.022  2.985 0.8000000119
132760  -46.051  -28.268  2.115 0.8000000119
42786  -46.176  -29.740  2.307 0.8000000119
49902  -53.801  -21.118  4.160 0.4000000060
46454  -41.648  -25.362  1.870 0.6999999881
44614  -47.003  -27.343  0.358 0.8000000119
47353  -42.394  -24.870  0.906 0.6999999881
123166  -46.189  -27.009  0.088 0.8000000119
46470  -43.314  -24.949  0.674 0.6999999881
47364  -44.302  -25.161  0.656 0.6000000238
51848  -52.797  -19.724  4.317 0.3000000119
53901  -48.784  -17.024  5.280 0.4000000060
52908  -50.702  -18.473  4.664 0.4000000060
51847  -52.104  -19.226  4.266 0.3000000119
54842  -48.073  -16.440  4.181 0.4000000060
53914  -48.642  -17.162  4.071 0.4000000060
52896  -50.031  -18.094  5.152 0.4000000060
55739  -47.770  -15.644  4.929 0.4000000060
54851  -48.015  -17.139  3.312 0.4000000060
54850  -47.630  -16.605  3.100 0.5000000000
121121  -47.131  -14.334  5.050 0.5000000000
57610  -46.840  -14.079  2.766 0.4000000060
133806  -47.345  -15.824  2.993 0.5000000000
53919  -47.464  -17.708  2.151 0.5000000000
53931  -47.170  -18.675  0.851 0.4000000060
54874  -46.563  -18.056  0.596 0.5000000000
57593  -46.517  -13.072  4.981 0.5000000000
58601  -46.293  -12.379  4.559 0.5000000000
124592  -46.836  -13.391  3.343 0.4000000060
53942  -46.152  -18.307  -0.912 0.5000000000
54885  -45.675  -17.569  -1.144 0.5000000000
54889  -45.955  -17.334  -1.811 0.5000000000
55775  -46.637  -16.695  -1.101 0.5000000000
122327  -33.546  -21.098  3.411 0.5000000000
57630  -47.185  -14.145  -1.006 0.4000000060
51865  -33.412  -18.844  2.778 0.6000000238
51866  -34.397  -18.989  2.793 0.6000000238
52927  -35.014  -18.442  2.557 0.6000000238
57632  -47.801  -13.348  -0.739 0.3000000119
111753  -34.682  -17.601  2.259 0.6000000238
53936  -35.519  -16.463  1.818 0.6000000238
117700  -48.737  -12.589  -0.767 0.3000000119
58635  -50.092  -12.112  -1.225 0.3000000119
55763  -35.252  -15.040  1.393 0.6000000238
128471  -35.673  -14.452  1.248 0.6000000238
58625  -35.145  -12.144  0.560 0.6000000238
60518  -34.659  -10.563  0.340 0.6000000238
61454  -34.607  -9.009  -0.442 0.6000000238
60524  -34.557  -9.914  0.305 0.6000000238
62351  -34.038  -7.699  -0.680 0.5000000000
63253  -34.049  -6.786  -1.447 0.5000000000
64151  -34.272  -5.948  -0.892 0.4000000060
67005  -49.895  -3.349  1.842 0.3000000119
67842  -50.323  -3.051  1.425 0.3000000119
131620  -51.835  -2.532  -0.206 0.3000000119
67857  -52.305  -2.343  -0.756 0.3000000119
67017  -53.315  -3.627  -0.476 0.3000000119
66069  -38.247  -4.459  4.358 0.3000000119
46447  -52.770  -26.159  3.938 0.4000000060
20384  -39.695  -54.625  9.263 0.4000000060
22135  -36.203  -52.095  12.237 0.3000000119
23093  -36.821  -52.026  11.788 0.3000000119
23074  -37.243  -51.241  12.050 0.3000000119
22160  -39.345  -52.512  10.449 0.4000000060
25716  -38.144  -48.766  13.897 0.3000000119
23990  -37.691  -50.534  12.339 0.3000000119
30049  -40.808  -43.310  11.695 0.4000000060
25670  -35.468  -48.263  16.297 0.3000000119
27347  -40.838  -46.290  13.764 0.4000000060
29994  -37.800  -43.787  16.729 0.3000000119
33644  -40.113  -39.428  9.962 0.4000000060
33534  -43.779  -39.845  18.039 0.3000000119
34460  -41.593  -38.618  18.810 0.3000000119
35399  -43.133  -37.147  17.134 0.3000000119
37304  -45.775  -35.337  14.297 0.3000000119
132124  -47.060  -34.134  13.000 0.3000000119
37243  -41.313  -35.985  17.236 0.3000000119
37262  -40.210  -35.204  16.674 0.3000000119
36355  -42.610  -35.871  16.792 0.3000000119
38200  -43.143  -34.615  16.320 0.3000000119
39159  -49.653  -33.798  9.802 0.3000000119
39079  -40.400  -33.901  16.033 0.3000000119
39081  -42.019  -33.723  16.295 0.3000000119
116601  -41.769  -33.389  9.744 0.6000000238
130919  -49.944  -31.241  8.973 0.4000000060
113282  -42.405  -34.403  8.314 0.6000000238
37381  -42.965  -35.175  6.895 0.6999999881
39947  -40.559  -32.450  14.407 0.3000000119
43668  -50.549  -28.558  6.645 0.4000000060
38315  -43.446  -34.840  6.252 0.6999999881
41752  -41.993  -30.783  14.077 0.4000000060
41770  -41.535  -30.297  12.593 0.4000000060
43630  -48.769  -28.628  9.427 0.4000000060
42708  -41.841  -29.397  10.517 0.6000000238
115969  -42.636  -31.325  8.178 0.6999999881
40923  -43.384  -31.773  6.544 0.6999999881
39200  -44.408  -33.661  4.923 0.6999999881
42722  -42.007  -29.532  9.561 0.6000000238
114508  -50.946  -25.764  6.215 0.4000000060
40039  -43.758  -32.490  5.935 0.6999999881
46424  -52.092  -25.311  4.986 0.4000000060
47324  -52.993  -24.791  4.248 0.4000000060
42735  -37.601  -29.703  8.407 0.3000000119
112892  -42.095  -28.814  8.985 0.6000000238
40927  -43.700  -31.490  5.683 0.6999999881
40040  -44.301  -32.833  5.092 0.6999999881
43643  -42.162  -28.205  8.258 0.6000000238
46376  -46.930  -25.594  10.362 0.5000000000
41850  -43.455  -30.558  5.598 0.6999999881
44577  -42.513  -27.603  6.499 0.6999999881
41859  -44.154  -30.339  4.248 0.6999999881
41851  -43.888  -30.926  4.965 0.8000000119
45493  -44.479  -26.449  3.668 0.6999999881
48135  -51.076  -23.343  6.832 0.4000000060
120349  -42.324  -25.811  8.370 0.6999999881
45492  -44.186  -25.929  4.153 0.6000000238
44601  -46.186  -27.436  1.949 0.6999999881
119658  -43.912  -23.046  4.131 0.6000000238
46464  -46.095  -25.606  1.078 0.6999999881
45516  -46.707  -26.695  0.568 0.6999999881
46472  -45.134  -25.848  0.466 0.8000000119
48194  -44.137  -24.139  1.775 0.6000000238
50794  -53.754  -20.411  3.835 0.4000000060
50793  -53.305  -20.375  4.338 0.3000000119
47268  -42.609  -24.473  8.296 0.6000000238
48106  -42.895  -23.849  8.772 0.6999999881
47322  -44.658  -24.298  4.257 0.6000000238
49074  -42.318  -22.921  0.723 0.6999999881
48200  -42.802  -23.609  0.821 0.6999999881
46471  -44.089  -25.741  0.572 0.8000000119
48193  -43.462  -23.720  1.478 0.6999999881
127356  -43.712  -23.610  9.886 0.4000000060
50758  -49.795  -20.123  7.843 0.3000000119
50772  -50.816  -20.321  6.798 0.3000000119
51835  -51.042  -19.200  5.936 0.3000000119
133857  -38.474  -23.557  4.634 0.6999999881
51802  -47.858  -19.518  9.133 0.4000000060
50746  -48.479  -20.142  9.060 0.4000000060
54829  -47.873  -16.239  6.277 0.4000000060
128007  -48.492  -18.321  8.095 0.4000000060
129200  -49.345  -19.493  8.121 0.4000000060
52879  -49.738  -18.349  6.634 0.4000000060
52871  -49.446  -18.905  7.646 0.4000000060
53902  -49.420  -17.657  5.638 0.4000000060
50745  -43.531  -20.697  8.136 0.5000000000
49043  -37.960  -22.674  4.084 0.6999999881
49925  -40.010  -21.262  1.173 0.8000000119
49055  -35.913  -22.642  3.688 0.5000000000
115022  -41.371  -19.832  3.852 0.6999999881
50821  -40.034  -20.446  0.703 0.6999999881
49053  -34.309  -22.692  3.557 0.5000000000
52867  -42.667  -18.062  7.088 0.5000000000
52915  -41.120  -19.086  3.420 0.6999999881
57600  -46.746  -13.034  4.119 0.4000000060
131499  -46.710  -12.848  3.419 0.4000000060
59547  -46.082  -11.585  4.095 0.4000000060
117199  -34.753  -21.963  3.453 0.5000000000
133613  -45.420  -12.336  5.281 0.5000000000
52930  -40.492  -18.478  1.175 0.6000000238
53941  -40.075  -18.074  0.814 0.6000000238
55773  -45.414  -15.753  -0.977 0.5000000000
50802  -34.947  -20.489  3.288 0.5000000000
115423  -40.618  -17.756  2.815 0.6999999881
52939  -38.379  -17.841  1.550 0.6000000238
56701  -39.808  -14.629  1.627 0.6000000238
54870  -38.683  -16.496  0.975 0.6000000238
55778  -45.924  -16.716  -1.921 0.5000000000
50801  -33.985  -20.283  3.246 0.5000000000
56661  -42.560  -14.355  5.591 0.6000000238
130748  -44.048  -10.340  4.070 0.4000000060
54849  -40.541  -16.350  3.090 0.6999999881
56681  -40.524  -14.836  3.178 0.6999999881
134214  -38.135  -17.307  1.548 0.6000000238
57618  -39.829  -13.965  1.717 0.6000000238
58621  -39.864  -13.166  1.790 0.6000000238
133131  -38.016  -16.313  1.265 0.6000000238
58620  -39.512  -12.818  1.147 0.6000000238
60494  -43.850  -9.858  3.667 0.4000000060
57599  -41.079  -13.417  3.741 0.5000000000
129708  -40.557  -13.256  3.074 0.6000000238
59560  -40.413  -11.487  2.463 0.6999999881
128107  -45.794  -10.454  -1.133 0.4000000060
57635  -47.122  -13.526  -1.333 0.4000000060
61410  -43.734  -9.294  3.155 0.4000000060
124616  -40.479  -12.090  2.698 0.6000000238
114125  -39.083  -11.097  0.531 0.6000000238
63215  -43.062  -8.143  2.334 0.5000000000
61422  -43.770  -8.671  2.582 0.5000000000
63233  -44.153  -7.446  0.491 0.4000000060
60512  -40.155  -10.278  1.777 0.6000000238
62365  -46.262  -8.676  -1.784 0.3000000119
61465  -46.587  -9.569  -1.610 0.3000000119
115176  -39.627  -9.869  1.083 0.6000000238
121281  -47.493  -11.319  -1.587 0.3000000119
58642  -49.618  -12.111  -1.223 0.3000000119
61434  -40.289  -9.397  1.618 0.6000000238
59576  -37.963  -11.357  -0.257 0.6000000238
64142  -42.365  -6.895  0.864 0.6000000238
62340  -39.837  -8.104  0.624 0.6000000238
63267  -46.086  -7.105  -2.513 0.4000000060
62375  -46.976  -8.009  -2.183 0.3000000119
128673  -48.388  -9.552  -1.690 0.3000000119
65184  -44.001  -5.395  -2.712 0.4000000060
62348  -38.826  -7.477  -0.869 0.5000000000
64155  -41.431  -6.377  0.017 0.4000000060
65199  -45.487  -4.636  -3.377 0.3000000119
64196  -47.989  -5.934  -2.264 0.3000000119
65196  -47.261  -5.492  -2.601 0.3000000119
64152  -39.551  -6.068  -1.200 0.4000000060
64167  -38.947  -4.856  -1.158 0.3000000119
64166  -38.393  -4.733  -2.156 0.3000000119
65177  -47.550  -5.458  -2.092 0.3000000119
63236  -50.572  -7.588  0.650 0.3000000119
65175  -45.846  -4.692  -1.180 0.3000000119
65155  -38.289  -5.291  -0.406 0.3000000119
63234  -48.869  -7.356  0.243 0.3000000119
65153  -35.703  -5.605  -1.164 0.4000000060
65162  -45.502  -5.177  -0.066 0.3000000119
64162  -52.296  -6.431  0.930 0.3000000119
112942  -39.829  -5.550  1.632 0.3000000119
66110  -52.263  -4.441  0.765 0.3000000119
66085  -45.714  -4.841  3.267 0.3000000119
66087  -48.160  -4.568  3.070 0.3000000119
66094  -49.365  -4.478  2.548 0.3000000119
67007  -51.041  -4.271  1.515 0.3000000119
67015  -51.588  -3.085  0.464 0.3000000119
67016  -52.454  -3.147  -0.142 0.3000000119
65108  -43.190  -5.219  3.226 0.3000000119
66083  -43.597  -4.570  3.461 0.3000000119
66079  -37.969  -4.655  3.977 0.3000000119
114442  -37.490  -5.329  4.016 0.3000000119
126831  -51.188  -2.245  0.029 0.3000000119
21269  -42.721  -53.382  9.066 0.4000000060
40046  -44.667  -32.257  4.413 0.6999999881
124055  -47.017  -29.025  0.921 0.8000000119
45521  -45.026  -26.621  0.403 0.8000000119
53920  -48.318  -17.828  2.939 0.4000000060
61444  -34.383  -8.876  0.020 0.5000000000
56674  -47.479  -15.032  4.573 0.4000000060
53958  -50.969  -18.555  0.257 0.3000000119
53956  -48.761  -18.740  -0.166 0.4000000060
53946  -50.776  -17.687  0.966 0.3000000119
53943  -46.868  -19.087  -0.486 0.4000000060
111154  -47.116  -19.076  -0.640 0.4000000060
54877  -50.516  -16.858  1.628 0.3000000119
53944  -48.526  -17.652  0.413 0.4000000060
130391  -47.291  -14.455  4.147 0.3000000119
53954  -46.366  -18.396  -0.906 0.4000000060
54887  -47.216  -18.200  -0.738 0.4000000060
55776  -47.316  -16.911  -0.321 0.3000000119
56704  -48.718  -14.702  1.657 0.3000000119
55771  -48.165  -15.761  1.026 0.3000000119
54886  -46.343  -17.854  -1.327 0.4000000060
57621  -48.810  -13.715  1.664 0.3000000119
56703  -48.022  -14.512  0.895 0.3000000119
56711  -47.361  -14.774  -0.319 0.3000000119
57631  -47.887  -13.747  0.228 0.3000000119
52925  -32.761  -17.991  2.562 0.5000000000
54855  -31.938  -16.073  2.480 0.5000000000
118968  -33.156  -17.593  2.375 0.5000000000
133760  -32.595  -16.537  2.236 0.5000000000
54857  -34.324  -16.557  1.920 0.5000000000
58633  -48.858  -12.478  0.508 0.3000000119
54866  -33.309  -15.458  1.751 0.5000000000
56696  -34.561  -14.243  1.276 0.5000000000
117335  -32.820  -14.214  1.976 0.5000000000
57604  -33.112  -13.500  1.927 0.5000000000
56695  -33.428  -14.041  1.550 0.5000000000
57614  -33.408  -13.352  1.700 0.4000000060
56686  -32.952  -13.767  1.943 0.5000000000
55752  -32.666  -14.966  2.118 0.5000000000
58624  -34.211  -12.077  1.094 0.5000000000
58611  -33.340  -13.161  1.915 0.4000000060
59572  -34.174  -11.267  0.987 0.5000000000
57605  -33.267  -13.262  2.053 0.4000000060
58612  -33.801  -12.602  1.850 0.4000000060
60517  -34.347  -10.647  0.790 0.5000000000
59557  -34.302  -11.871  1.522 0.4000000060
130865  -35.039  -11.763  1.977 0.5000000000
58613  -34.673  -12.293  2.188 0.4000000060
60507  -34.204  -10.843  1.010 0.4000000060
59558  -35.750  -11.285  1.867 0.5000000000
59565  -34.566  -11.154  1.374 0.4000000060
58614  -36.019  -12.092  2.401 0.3000000119
59566  -35.318  -10.642  1.507 0.4000000060
62347  -33.972  -7.516  -0.339 0.4000000060
60508  -34.505  -10.360  1.092 0.3000000119
60500  -36.528  -10.565  1.870 0.3000000119
61433  -35.571  -8.979  1.082 0.3000000119
117443  -34.604  -8.404  0.285 0.3000000119
60509  -35.484  -9.923  1.351 0.3000000119
59559  -36.856  -11.410  2.368 0.3000000119
63217  -33.924  -6.479  -0.350 0.3000000119
60510  -36.629  -9.529  1.687 0.3000000119
62338  -35.496  -7.840  0.872 0.3000000119
63218  -35.171  -6.543  0.698 0.3000000119
60490  -37.506  -9.996  2.341 0.3000000119
62339  -36.547  -8.450  1.584 0.3000000119
53924  -31.320  -16.588  2.778 0.5000000000
52949  -52.119  -19.160  -0.309 0.3000000119
52945  -47.487  -19.489  -0.401 0.4000000060
53923  -31.106  -16.523  3.026 0.4000000060
55742  -32.026  -15.737  2.699 0.4000000060
56677  -32.853  -14.462  2.206 0.5000000000
57606  -34.357  -13.181  2.444 0.5000000000
57594  -46.932  -13.719  4.611 0.4000000060
57616  -35.459  -13.679  1.063 0.5000000000
52931  -47.537  -19.415  0.369 0.4000000060
53953  -45.996  -17.914  -1.472 0.4000000060
114429  -46.838  -15.697  -0.887 0.3000000119
52926  -33.890  -18.120  2.468 0.5000000000
54867  -34.744  -15.723  1.613 0.5000000000
57623  -34.664  -12.807  0.950 0.5000000000
59573  -34.550  -11.239  0.613 0.5000000000
61431  -34.503  -10.138  0.673 0.4000000060
63241  -33.610  -6.869  -0.852 0.3000000119
125836  -51.756  -18.539  0.158 0.3000000119
53957  -49.918  -18.690  0.163 0.4000000060
53955  -47.762  -18.836  -0.539 0.4000000060
52946  -47.846  -19.510  -0.469 0.4000000060
124483  -48.999  -19.762  -0.420 0.4000000060
54876  -48.780  -16.374  1.368 0.3000000119
53945  -49.710  -17.715  0.803 0.3000000119
54875  -47.969  -16.975  0.495 0.4000000060
55770  -47.408  -15.683  0.001 0.3000000119
57620  -48.546  -13.050  1.054 0.3000000119
51853  -32.112  -18.673  2.958 0.5000000000
52924  -31.593  -17.527  2.768 0.5000000000
53925  -32.300  -17.036  2.369 0.5000000000
54865  -32.519  -15.365  2.251 0.5000000000
53926  -33.441  -17.106  2.195 0.5000000000
54856  -32.900  -16.116  2.071 0.5000000000
55762  -33.856  -14.816  1.485 0.5000000000
57615  -34.237  -13.474  1.258 0.5000000000
55761  -32.812  -14.543  1.887 0.5000000000
58619  -33.832  -12.738  1.635 0.4000000060
132802  -34.192  -11.396  1.142 0.5000000000
61432  -34.671  -9.534  0.653 0.3000000119
51883  -47.827  -19.809  -0.285 0.4000000060
42784  -41.121  -29.239  2.996 0.6999999881
44619  -46.762  -27.731  -0.031 0.6999999881
44618  -45.686  -27.555  0.191 0.6999999881
43701  -43.958  -28.303  1.127 0.6999999881
43700  -43.059  -28.306  1.641 0.6999999881
44605  -42.029  -27.520  2.194 0.6999999881
43690  -41.364  -28.429  2.922 0.6999999881
44612  -43.347  -27.179  1.130 0.6999999881
44606  -42.691  -27.514  1.630 0.6999999881
45505  -41.788  -26.659  2.291 0.6999999881
45498  -41.444  -26.994  3.177 0.6999999881
52907  -49.951  -18.103  4.126 0.3000000119
52918  -50.492  -18.534  3.577 0.3000000119
53921  -49.149  -17.900  3.560 0.3000000119
52934  -50.044  -19.152  2.541 0.3000000119
52916  -48.719  -18.597  2.527 0.3000000119
52917  -49.627  -18.519  3.051 0.3000000119
45514  -42.873  -26.639  1.241 0.6999999881
129986  -42.263  -26.883  1.757 0.6999999881
53915  -49.376  -17.588  4.657 0.3000000119
52933  -49.158  -19.311  2.053 0.3000000119
114154  -49.622  -20.668  0.345 0.3000000119
50825  -50.363  -21.093  0.002 0.3000000119
45513  -42.283  -26.032  1.453 0.6000000238
51873  -48.799  -19.973  0.982 0.3000000119
126490  -49.141  -20.378  0.590 0.3000000119
50824  -49.658  -20.773  -0.196 0.3000000119
53932  -47.838  -18.657  1.786 0.3000000119
51893  -49.694  -20.357  -0.413 0.3000000119
55748  -47.657  -15.783  3.890 0.3000000119
51892  -49.157  -20.468  -0.223 0.3000000119
42793  -46.891  -29.877  1.340 0.6999999881
40943  -46.460  -31.501  2.174 0.6999999881
41882  -46.893  -30.438  0.722 0.6999999881
41864  -40.951  -30.062  3.176 0.6999999881
42799  -46.580  -29.757  0.585 0.6999999881
42798  -45.429  -29.913  0.929 0.6999999881
113432  -44.688  -29.004  1.015 0.6999999881
43696  -42.335  -28.231  2.140 0.6999999881
42783  -40.685  -29.452  3.648 0.6999999881
43708  -46.210  -28.252  0.085 0.6999999881
43689  -40.944  -28.637  3.550 0.6999999881
52919  -51.338  -18.734  4.035 0.3000000119
52935  -50.934  -18.960  2.943 0.3000000119
127522  -50.483  -19.593  2.045 0.3000000119
116975  -50.600  -20.433  1.112 0.3000000119
50835  -50.947  -21.149  -0.265 0.3000000119
50834  -50.382  -20.935  -0.286 0.3000000119
50841  -51.146  -20.902  -0.481 0.3000000119
52947  -50.187  -19.629  -0.349 0.3000000119
52932  -48.301  -19.366  1.423 0.3000000119
119687  -49.649  -20.009  1.410 0.3000000119
29236  -42.046  -43.972  7.442 0.4000000060
124315  -41.665  -43.142  7.405 0.4000000060
120256  -41.245  -42.844  8.215 0.4000000060
30084  -41.252  -43.451  8.991 0.4000000060
30092  -42.352  -43.510  6.684 0.4000000060
34597  -41.368  -38.419  7.547 0.5000000000
32759  -40.990  -40.010  7.357 0.4000000060
31879  -40.909  -41.350  7.818 0.4000000060
31887  -41.287  -41.242  7.093 0.4000000060
30988  -40.887  -42.054  8.348 0.4000000060
32760  -41.542  -40.030  6.560 0.5000000000
124179  -41.887  -41.726  6.557 0.4000000060
31003  -42.673  -42.157  6.003 0.4000000060
130027  -40.708  -39.799  8.048 0.4000000060
33661  -41.406  -39.218  6.959 0.5000000000
32768  -42.284  -40.286  5.884 0.5000000000
30098  -43.188  -42.461  5.348 0.5000000000
33667  -42.155  -39.304  6.077 0.5000000000
33668  -42.888  -39.815  5.459 0.5000000000
31896  -43.392  -41.191  5.041 0.5000000000
30110  -43.103  -42.157  4.421 0.5000000000
31018  -42.867  -41.931  4.188 0.5000000000
32769  -43.217  -40.521  5.245 0.5000000000
34605  -42.570  -38.363  5.876 0.6000000238
31011  -43.343  -41.720  4.546 0.5000000000
121215  -43.907  -39.232  4.277 0.5000000000
31902  -43.528  -40.994  4.430 0.5000000000
32782  -43.017  -40.869  3.777 0.6000000238
31909  -43.188  -41.143  3.916 0.5000000000
33684  -42.563  -39.312  3.759 0.5000000000
34606  -43.517  -38.378  5.037 0.6000000238
36471  -43.274  -36.749  5.695 0.6000000238
33682  -44.018  -39.997  3.977 0.5000000000
33686  -43.917  -40.039  3.890 0.6000000238
34628  -43.698  -39.286  3.719 0.6000000238
34627  -43.019  -38.472  3.508 0.5000000000
36484  -39.577  -36.874  4.253 0.5000000000
34619  -40.051  -38.292  4.309 0.5000000000
35542  -41.002  -37.512  3.872 0.5000000000
36485  -40.338  -36.947  3.935 0.5000000000
39192  -38.912  -33.962  6.698 0.4000000060
35524  -43.715  -37.547  4.846 0.6000000238
39193  -39.292  -32.812  6.153 0.5000000000
36477  -43.949  -36.709  4.764 0.6000000238
34612  -44.138  -38.369  4.094 0.5000000000
39198  -39.283  -33.398  5.420 0.5000000000
35529  -44.483  -37.504  3.915 0.6000000238
35536  -44.189  -37.991  3.587 0.6000000238
39205  -39.480  -33.320  4.433 0.5000000000
117045  -43.907  -38.350  3.567 0.6000000238
35544  -43.282  -37.673  3.364 0.6000000238
122329  -39.348  -36.133  4.381 0.5000000000
35543  -42.078  -37.585  3.593 0.5000000000
118983  -41.618  -36.002  3.481 0.5000000000
118249  -42.672  -36.176  3.285 0.5000000000
39181  -38.683  -33.778  7.671 0.4000000060
40036  -39.266  -32.224  6.974 0.5000000000
38297  -37.928  -34.699  8.721 0.4000000060
126218  -39.619  -31.311  5.911 0.5000000000
40045  -39.448  -32.617  5.192 0.5000000000
116969  -44.561  -35.307  4.480 0.6000000238
40939  -39.764  -32.024  3.919 0.5000000000
35537  -44.623  -37.188  3.228 0.6000000238
112742  -44.238  -37.462  3.241 0.6000000238
37415  -45.080  -36.043  2.612 0.6000000238
37405  -40.256  -35.228  3.719 0.5000000000
37409  -43.651  -36.354  3.039 0.6000000238
37406  -41.063  -35.191  3.480 0.5000000000
37407  -42.045  -35.343  3.304 0.5000000000
38333  -41.501  -34.506  3.289 0.5000000000
40023  -38.884  -32.453  7.888 0.4000000060
40922  -39.449  -31.401  6.768 0.5000000000
118430  -38.320  -33.993  8.389 0.4000000060
41849  -40.041  -30.194  4.912 0.5000000000
41857  -40.088  -30.508  4.159 0.5000000000
40933  -39.867  -31.228  4.052 0.5000000000
118208  -40.742  -30.828  3.377 0.5000000000
39207  -45.821  -33.776  3.266 0.6000000238
38327  -45.067  -35.042  3.862 0.6000000238
40941  -41.157  -31.528  3.213 0.5000000000
40051  -39.784  -32.853  3.810 0.5000000000
118072  -46.005  -34.391  2.427 0.6000000238
113580  -44.784  -35.375  2.334 0.6000000238
38332  -40.515  -34.301  3.527 0.5000000000
38338  -43.684  -35.077  2.650 0.5000000000
39212  -40.455  -33.201  3.482 0.5000000000
39213  -41.401  -33.065  3.174 0.5000000000
39214  -41.968  -33.846  3.060 0.5000000000
42768  -39.909  -29.993  5.878 0.5000000000
115119  -41.590  -29.880  2.730 0.6000000238
118667  -41.414  -30.724  2.976 0.5000000000
40047  -45.729  -32.819  3.406 0.6000000238
38341  -45.699  -34.710  2.199 0.6000000238
40947  -41.916  -31.457  2.825 0.5000000000
40053  -40.854  -32.330  3.344 0.5000000000
39223  -46.048  -34.038  1.879 0.6000000238
40059  -41.675  -32.253  3.033 0.5000000000
38339  -44.287  -34.492  2.367 0.5000000000
39219  -42.440  -33.028  2.760 0.5000000000
40061  -43.238  -32.431  2.478 0.5000000000
40909  -39.130  -31.532  7.646 0.4000000060
42769  -40.236  -29.298  5.296 0.4000000060
39171  -38.452  -33.187  8.362 0.4000000060
42791  -42.379  -29.739  2.361 0.6000000238
41871  -42.277  -30.612  2.531 0.6000000238
112043  -46.223  -32.586  1.699 0.6000000238
40948  -42.789  -31.522  2.465 0.5000000000
40060  -42.360  -32.130  2.708 0.5000000000
40955  -45.699  -31.700  1.286 0.6000000238
41841  -39.644  -30.651  6.428 0.5000000000
43677  -40.415  -28.502  5.328 0.4000000060
43683  -40.576  -28.796  4.451 0.5000000000
42748  -39.590  -29.734  7.019 0.4000000060
42797  -43.583  -29.009  1.524 0.6000000238
42792  -43.263  -29.831  1.856 0.6000000238
41872  -43.354  -30.807  2.041 0.5000000000
40954  -44.605  -31.313  1.578 0.5000000000
38320  -39.271  -34.070  4.855 0.5000000000
39211  -39.836  -33.716  3.792 0.5000000000
38331  -39.793  -34.563  3.896 0.5000000000
40899  -38.662  -31.623  8.278 0.4000000060
30987  -40.642  -41.934  9.145 0.4000000060
37394  -44.288  -35.941  4.659 0.6000000238
40942  -46.180  -32.203  2.711 0.6000000238
40952  -46.729  -31.297  1.270 0.6000000238
40956  -46.547  -31.503  1.318 0.6000000238
40951  -46.439  -32.266  1.794 0.6000000238
41877  -45.543  -30.925  1.135 0.6000000238
128602  -44.192  -29.628  1.375 0.6000000238
42776  -40.335  -29.741  4.321 0.5000000000
31895  -42.624  -41.235  5.785 0.5000000000
32775  -43.670  -40.553  4.416 0.5000000000
31907  -42.627  -41.537  4.017 0.5000000000
112545  -43.925  -39.066  3.858 0.6000000238
40926  -39.639  -31.666  4.902 0.5000000000
113250  -44.997  -36.020  3.651 0.6000000238
37408  -43.152  -35.607  3.062 0.5000000000
37416  -45.460  -35.442  2.496 0.6000000238
37400  -45.520  -35.501  3.021 0.6000000238
39220  -43.072  -34.083  2.724 0.5000000000
113609  -46.211  -33.666  2.327 0.6000000238
39222  -45.129  -33.855  2.079 0.6000000238
40067  -45.621  -33.219  1.811 0.6000000238
40062  -44.404  -32.734  2.183 0.6000000238
40950  -45.132  -32.206  1.681 0.5000000000
41845  -51.053  -30.097  6.686 0.3000000119
41833  -50.675  -30.888  7.715 0.3000000119
116032  -51.463  -30.788  6.422 0.3000000119
42772  -51.615  -29.727  5.469 0.3000000119
40929  -51.811  -31.451  6.061 0.3000000119
42773  -52.030  -29.693  4.792 0.3000000119
42787  -52.757  -29.607  3.575 0.3000000119
43669  -50.989  -28.425  5.909 0.3000000119
42780  -51.701  -28.971  4.968 0.3000000119
42781  -52.254  -29.026  4.229 0.3000000119
43692  -52.752  -28.627  3.465 0.3000000119
43685  -51.807  -28.184  4.650 0.3000000119
43686  -52.381  -27.845  3.981 0.3000000119
47349  -55.141  -24.136  2.303 0.3000000119
48182  -54.383  -23.743  3.320 0.3000000119
49067  -55.184  -22.674  2.777 0.3000000119
49060  -54.093  -22.102  3.981 0.3000000119
49921  -54.982  -21.303  2.817 0.3000000119
49061  -54.741  -22.160  3.291 0.3000000119
49914  -54.422  -21.313  3.523 0.3000000119
30105  -43.367  -42.516  4.927 0.4000000060
40913  -51.053  -31.442  7.405 0.3000000119
40930  -52.143  -31.318  5.381 0.3000000119
30104  -43.238  -43.284  4.880 0.4000000060
40944  -52.895  -31.280  3.712 0.3000000119
41867  -52.876  -30.433  3.558 0.3000000119
45501  -52.853  -26.995  3.504 0.3000000119
131031  -53.087  -26.406  3.475 0.3000000119
47338  -53.915  -24.464  3.458 0.3000000119
46457  -54.315  -25.505  2.407 0.3000000119
46466  -54.725  -25.719  1.701 0.3000000119
47358  -55.436  -24.488  1.693 0.3000000119
48195  -56.007  -23.067  1.662 0.3000000119
120791  -55.290  -21.921  2.668 0.3000000119
126541  -52.506  -30.266  4.238 0.3000000119
42788  -53.146  -29.236  2.901 0.3000000119
120327  -33.727  -47.686  11.952 0.4000000060
26552  -33.961  -46.961  12.312 0.3000000119
28258  -34.768  -45.679  12.226 0.3000000119
28249  -34.957  -44.844  12.415 0.3000000119
33673  -38.035  -39.442  5.183 0.4000000060
33678  -38.675  -39.353  4.745 0.4000000060
32773  -37.703  -40.376  5.508 0.4000000060
31901  -38.073  -41.834  5.333 0.4000000060
119457  -38.521  -37.183  5.135 0.4000000060
119599  -38.921  -37.081  4.614 0.4000000060
34617  -38.386  -38.666  4.926 0.4000000060
34618  -39.145  -38.601  4.530 0.4000000060
131423  -39.375  -39.354  4.551 0.4000000060
33679  -40.076  -39.807  4.495 0.4000000060
126338  -41.635  -39.636  4.133 0.4000000060
31903  -38.821  -41.586  5.155 0.4000000060
32779  -40.101  -40.700  4.633 0.4000000060
115971  -37.426  -36.218  8.905 0.3000000119
36483  -38.781  -36.347  4.857 0.4000000060
34620  -41.089  -38.871  4.181 0.4000000060
37371  -38.227  -35.519  8.004 0.3000000119
37370  -37.650  -35.591  8.791 0.3000000119
122424  -41.098  -41.034  4.397 0.4000000060
123615  -40.044  -39.061  4.408 0.4000000060
39197  -39.083  -34.094  5.756 0.4000000060
130781  -37.532  -42.144  5.537 0.4000000060
32777  -38.382  -40.137  4.971 0.4000000060
119244  -39.220  -40.011  4.681 0.4000000060
20386  -41.643  -54.616  9.073 0.3000000119
123039  -42.192  -54.014  9.116 0.3000000119
23124  -42.941  -51.256  9.336 0.3000000119
24031  -42.714  -50.429  9.650 0.3000000119
24907  -42.799  -49.281  9.488 0.3000000119
118230  -44.096  -47.951  6.829 0.3000000119
25781  -44.322  -48.537  6.435 0.3000000119
25784  -44.153  -48.386  5.897 0.3000000119
26598  -44.196  -47.590  6.277 0.3000000119
26600  -44.129  -47.576  5.900 0.3000000119
28292  -43.252  -46.016  6.967 0.3000000119
28302  -43.641  -46.255  6.091 0.3000000119
29229  -42.564  -45.003  7.338 0.3000000119
28301  -43.384  -45.686  5.791 0.3000000119
25754  -42.496  -48.663  10.005 0.3000000119
129352  -42.998  -43.917  5.865 0.3000000119
29237  -43.173  -44.867  6.033 0.3000000119
24032  -43.259  -50.532  8.949 0.3000000119
18540  -39.640  -56.134  8.231 0.4000000060
19452  -38.110  -55.018  9.111 0.4000000060
19456  -42.103  -55.400  8.657 0.3000000119
19468  -38.777  -55.504  8.684 0.4000000060
20368  -35.499  -54.544  10.383 0.3000000119
20371  -37.821  -54.002  9.953 0.4000000060
20380  -35.863  -54.916  9.748 0.3000000119
20387  -42.569  -54.848  8.730 0.3000000119
21256  -38.927  -53.616  9.906 0.4000000060
21266  -39.685  -53.904  9.617 0.4000000060
22146  -37.347  -52.483  11.214 0.4000000060
22158  -37.948  -52.838  10.647 0.4000000060
22159  -38.631  -52.488  10.650 0.4000000060
22174  -41.163  -52.934  9.751 0.4000000060
22175  -41.788  -52.557  9.748 0.4000000060
22176  -42.431  -52.633  9.441 0.4000000060
22177  -43.160  -52.708  8.918 0.3000000119
23072  -35.832  -51.749  12.700 0.3000000119
23073  -36.511  -51.485  12.390 0.3000000119
23095  -38.510  -51.515  11.302 0.4000000060
23096  -39.421  -51.247  11.151 0.4000000060
23097  -40.389  -51.218  10.827 0.4000000060
23111  -39.842  -51.873  10.627 0.4000000060
23123  -42.142  -51.853  9.854 0.4000000060
23958  -36.126  -49.969  13.917 0.3000000119
23973  -35.757  -50.662  13.566 0.3000000119
23974  -36.509  -50.346  13.269 0.3000000119
23991  -38.530  -50.428  12.012 0.4000000060
24008  -38.773  -50.954  11.570 0.4000000060
24010  -40.984  -50.469  11.121 0.4000000060
24011  -41.767  -49.806  11.036 0.4000000060
24837  -37.337  -49.073  14.126 0.3000000119
24856  -37.738  -49.397  13.410 0.3000000119
24857  -38.574  -49.086  13.229 0.3000000119
24875  -40.833  -49.115  12.222 0.4000000060
24890  -41.542  -49.153  11.631 0.4000000060
24902  -42.326  -49.376  10.433 0.4000000060
24933  -44.318  -49.298  6.299 0.3000000119
25680  -36.614  -48.415  15.473 0.3000000119
25682  -38.201  -47.829  15.080 0.3000000119
25699  -36.967  -48.749  14.815 0.3000000119
25702  -39.406  -47.821  14.151 0.3000000119
25718  -39.811  -48.166  13.480 0.4000000060
25733  -40.259  -48.571  12.854 0.4000000060
25735  -41.573  -47.884  12.157 0.4000000060
25743  -41.879  -48.422  11.436 0.4000000060
25783  -44.067  -49.203  5.969 0.3000000119
26503  -35.959  -47.674  16.763 0.3000000119
26505  -37.461  -47.160  16.351 0.3000000119
26513  -37.808  -47.498  15.726 0.3000000119
26514  -38.591  -47.084  15.521 0.3000000119
26525  -38.998  -47.495  14.831 0.4000000060
26527  -40.443  -46.887  14.059 0.4000000060
26543  -40.866  -47.113  13.521 0.4000000060
26553  -41.251  -47.465  12.849 0.4000000060
26570  -41.913  -47.437  11.370 0.4000000060
26571  -42.207  -47.995  10.617 0.3000000119
27307  -36.503  -46.541  17.661 0.3000000119
27315  -37.081  -46.794  16.984 0.3000000119
27322  -38.060  -46.912  16.078 0.3000000119
27324  -39.067  -46.387  15.473 0.3000000119
27331  -39.648  -46.379  14.929 0.3000000119
27332  -40.249  -46.370  14.398 0.4000000060
27402  -43.862  -46.894  6.388 0.3000000119
27412  -43.849  -46.877  5.833 0.3000000119
28182  -36.377  -45.335  18.673 0.3000000119
28195  -36.914  -45.298  17.907 0.3000000119
28206  -37.792  -45.530  16.919 0.3000000119
28214  -39.425  -45.719  15.269 0.3000000119
28222  -40.503  -45.761  14.201 0.4000000060
28250  -41.440  -45.721  12.598 0.4000000060
28260  -41.616  -45.645  11.672 0.4000000060
28297  -43.288  -45.590  6.387 0.3000000119
29123  -37.104  -44.468  17.747 0.3000000119
29135  -38.237  -44.430  16.412 0.3000000119
29142  -39.297  -44.286  15.243 0.3000000119
29150  -39.795  -44.247  14.610 0.3000000119
29151  -40.325  -44.971  14.281 0.3000000119
29181  -35.136  -44.081  12.476 0.3000000119
29182  -41.000  -44.358  12.785 0.4000000060
29183  -41.370  -44.935  12.265 0.4000000060
29983  -37.405  -43.904  17.295 0.3000000119
30003  -38.841  -43.564  15.468 0.3000000119
30013  -40.264  -44.075  14.003 0.3000000119
30024  -40.005  -43.310  13.757 0.3000000119
30025  -40.538  -43.812  13.287 0.3000000119
30063  -40.797  -43.054  10.806 0.4000000060
30091  -41.550  -43.554  8.091 0.4000000060
30107  -42.126  -43.154  4.459 0.5000000000
30108  -42.923  -42.701  4.490 0.5000000000
30109  -43.217  -42.330  4.646 0.5000000000
30807  -37.452  -42.410  20.971 0.3000000119
30829  -36.924  -42.239  20.180 0.3000000119
30846  -36.604  -42.601  19.368 0.3000000119
30874  -37.324  -42.303  16.980 0.3000000119
30886  -37.743  -42.102  16.222 0.3000000119
30887  -37.836  -42.954  16.485 0.3000000119
30900  -38.918  -42.860  15.052 0.3000000119
30939  -40.403  -42.748  12.272 0.4000000060
30952  -40.462  -42.489  11.462 0.4000000060
30979  -40.934  -42.612  8.906 0.4000000060
30996  -41.354  -42.160  7.447 0.4000000060
30997  -42.032  -42.645  6.671 0.4000000060
31004  -43.276  -41.897  5.144 0.5000000000
31017  -43.233  -41.708  4.332 0.5000000000
31707  -38.214  -42.043  21.163 0.3000000119
31708  -39.076  -41.783  21.212 0.3000000119
31723  -39.280  -41.141  20.739 0.3000000119
31742  -37.230  -41.409  19.802 0.3000000119
31755  -36.867  -41.264  18.926 0.3000000119
31768  -36.719  -41.698  18.187 0.3000000119
31788  -37.587  -41.374  16.089 0.3000000119
31789  -38.158  -41.720  15.407 0.3000000119
31801  -38.473  -41.310  14.566 0.3000000119
31832  -40.068  -41.939  12.025 0.4000000060
31860  -39.894  -40.836  10.919 0.4000000060
31861  -40.207  -40.926  10.098 0.5000000000
31870  -40.429  -41.131  9.348 0.5000000000
31888  -41.745  -40.847  6.449 0.5000000000
31904  -39.682  -41.495  4.920 0.4000000060
31905  -40.630  -41.588  4.640 0.4000000060
31908  -43.496  -41.097  4.157 0.5000000000
32591  -38.741  -40.662  20.337 0.3000000119
32593  -40.426  -40.503  20.351 0.3000000119
32594  -41.899  -41.126  20.064 0.3000000119
32611  -38.301  -40.136  19.686 0.3000000119
32612  -39.101  -40.107  20.052 0.3000000119
32613  -40.787  -39.886  19.968 0.3000000119
32614  -41.532  -40.272  19.884 0.3000000119
32616  -43.165  -40.732  19.171 0.3000000119
32629  -36.773  -41.006  18.067 0.3000000119
32631  -42.745  -40.025  19.035 0.3000000119
32633  -44.071  -40.480  18.209 0.3000000119
32643  -36.918  -40.825  17.310 0.3000000119
32680  -37.782  -39.994  14.897 0.3000000119
32681  -38.030  -39.807  14.267 0.3000000119
32694  -39.011  -40.821  13.041 0.3000000119
32708  -38.874  -40.015  12.695 0.3000000119
32709  -39.316  -40.619  12.280 0.3000000119
32734  -39.677  -40.061  11.005 0.4000000060
32735  -39.958  -40.158  10.345 0.4000000060
32749  -40.497  -40.637  8.831 0.5000000000
32750  -40.681  -40.546  8.080 0.4000000060
32774  -38.189  -40.993  5.206 0.4000000060
32778  -39.021  -40.799  4.898 0.4000000060
32780  -41.152  -40.265  4.309 0.4000000060
32783  -43.800  -40.553  4.015 0.5000000000
32784  -43.660  -40.687  3.932 0.6000000238
33512  -38.360  -39.373  19.106 0.3000000119
33531  -37.817  -39.248  18.563 0.3000000119
33532  -42.289  -39.240  18.867 0.3000000119
33533  -43.120  -39.545  18.453 0.3000000119
33546  -37.266  -39.180  17.317 0.3000000119
33547  -43.552  -39.164  17.821 0.3000000119
33548  -44.184  -39.548  17.461 0.3000000119
33549  -44.705  -40.063  17.195 0.3000000119
33564  -37.239  -39.542  16.417 0.3000000119
33578  -37.492  -39.394  15.480 0.3000000119
33612  -39.009  -39.308  12.295 0.3000000119
33624  -39.429  -39.501  11.517 0.3000000119
33651  -40.389  -39.364  9.209 0.5000000000
33652  -40.644  -39.245  8.481 0.5000000000
33660  -40.986  -39.203  7.774 0.5000000000
33674  -43.665  -39.917  4.670 0.5000000000
33680  -40.773  -39.516  4.336 0.4000000060
33685  -43.419  -40.141  3.715 0.6000000238
34441  -39.940  -38.703  19.161 0.3000000119
34442  -40.782  -38.639  19.092 0.3000000119
34458  -39.331  -38.307  18.677 0.3000000119
34461  -42.241  -38.547  18.468 0.3000000119
34476  -38.057  -38.134  17.812 0.3000000119
34477  -42.610  -38.144  17.973 0.3000000119
34519  -37.527  -38.642  15.256 0.3000000119
34520  -37.747  -38.459  14.445 0.3000000119
34542  -38.765  -38.480  12.583 0.3000000119
34566  -39.634  -38.703  11.126 0.4000000060
34625  -40.785  -38.085  4.096 0.4000000060
34626  -41.762  -38.297  3.831 0.4000000060
35379  -39.589  -37.639  18.300 0.3000000119
35380  -40.450  -37.399  18.266 0.3000000119
35394  -37.834  -37.723  17.159 0.3000000119
35398  -42.349  -37.338  17.730 0.3000000119
35408  -37.746  -37.428  16.573 0.3000000119
35410  -43.639  -37.055  16.617 0.3000000119
35411  -44.090  -37.269  16.300 0.3000000119
35419  -37.593  -37.528  15.925 0.3000000119
35441  -38.209  -37.233  13.599 0.3000000119
35461  -39.569  -37.321  11.517 0.3000000119
35501  -40.852  -37.843  8.893 0.5000000000
35513  -42.347  -37.566  6.579 0.6000000238
35523  -42.945  -37.562  5.724 0.6000000238
35528  -38.301  -38.013  5.349 0.4000000060
35533  -38.712  -37.870  4.761 0.4000000060
35534  -39.356  -37.694  4.412 0.4000000060
35535  -40.145  -37.552  4.146 0.4000000060
35545  -44.713  -37.023  2.925 0.6000000238
36336  -38.925  -36.716  17.377 0.3000000119
36337  -39.791  -36.266  17.379 0.3000000119
36338  -42.036  -36.096  17.171 0.3000000119
36339  -42.540  -36.574  17.203 0.3000000119
36353  -38.488  -36.384  16.623 0.3000000119
36369  -44.445  -36.303  15.676 0.3000000119
36373  -37.726  -36.913  15.240 0.3000000119
36386  -38.278  -36.548  13.685 0.3000000119
36395  -38.581  -36.770  13.070 0.3000000119
36404  -40.432  -36.249  10.658 0.5000000000
36434  -35.681  -36.189  9.998 0.5000000000
36436  -37.050  -36.626  9.250 0.3000000119
36437  -40.996  -36.590  9.541 0.6000000238
36438  -41.347  -36.111  9.237 0.6000000238
36450  -41.652  -36.164  8.598 0.6000000238
36462  -41.700  -36.804  8.039 0.6000000238
36478  -44.721  -36.777  3.921 0.6000000238
36486  -45.003  -36.801  3.226 0.6000000238
36490  -40.096  -36.152  3.905 0.5000000000
36491  -43.471  -36.952  3.191 0.6000000238
36492  -44.360  -36.850  2.894 0.6000000238
36493  -45.003  -36.774  2.843 0.6000000238
36497  -44.821  -36.668  2.791 0.6000000238
37241  -39.823  -35.722  16.939 0.3000000119
37260  -38.794  -35.716  16.229 0.3000000119
37261  -39.475  -35.365  16.466 0.3000000119
37264  -41.875  -35.491  16.829 0.3000000119
37266  -44.029  -35.707  15.982 0.3000000119
37286  -38.524  -35.520  15.463 0.3000000119
37287  -39.067  -35.042  15.869 0.3000000119
37303  -45.351  -35.946  14.720 0.3000000119
37317  -38.604  -35.402  13.763 0.3000000119
37322  -38.881  -35.596  12.997 0.4000000060
37323  -39.362  -35.132  12.614 0.4000000060
37329  -39.779  -35.352  11.921 0.4000000060
37342  -41.216  -35.132  10.022 0.6000000238
37354  -34.683  -35.470  9.711 0.5000000000
37355  -35.443  -35.505  9.809 0.5000000000
37372  -41.906  -34.946  8.862 0.6000000238
37373  -42.283  -35.233  8.135 0.6000000238
37388  -42.910  -36.031  6.559 0.6999999881
37399  -39.628  -35.378  4.131 0.5000000000
37410  -45.213  -36.214  2.863 0.6000000238
37414  -44.335  -36.070  2.727 0.6000000238
37421  -45.397  -35.130  2.289 0.6000000238
38198  -40.686  -34.532  16.450 0.3000000119
38201  -43.729  -34.971  16.113 0.3000000119
38213  -39.290  -34.415  15.353 0.3000000119
38214  -39.851  -33.974  15.634 0.3000000119
38216  -44.291  -34.890  15.699 0.3000000119
38227  -38.867  -34.686  14.785 0.3000000119
38228  -39.204  -34.188  14.556 0.3000000119
38252  -40.090  -33.926  12.373 0.5000000000
38254  -47.500  -33.918  12.512 0.3000000119
38259  -39.785  -34.689  12.282 0.4000000060
38282  -35.642  -34.197  9.494 0.5000000000
38283  -36.486  -34.337  9.496 0.5000000000
38284  -37.267  -34.426  9.289 0.5000000000
38319  -38.998  -34.795  5.185 0.5000000000
38328  -45.647  -34.680  3.220 0.6000000238
38334  -42.529  -34.716  3.040 0.5000000000
38335  -45.897  -35.033  2.915 0.6000000238
38340  -44.836  -34.628  1.904 0.6000000238
38347  -45.728  -34.506  2.011 0.6000000238
39082  -42.942  -33.704  16.187 0.3000000119
39093  -42.400  -33.025  15.931 0.3000000119
39094  -43.563  -33.389  15.804 0.3000000119
39095  -44.227  -33.482  15.519 0.3000000119
39105  -45.554  -33.493  14.574 0.3000000119
39112  -39.588  -33.570  14.228 0.3000000119
39113  -40.012  -32.919  13.875 0.3000000119
39114  -46.430  -33.178  13.721 0.3000000119
39124  -39.733  -33.620  13.333 0.4000000060
39125  -47.024  -33.297  13.037 0.3000000119
39131  -40.517  -33.264  12.061 0.5000000000
39134  -48.572  -33.526  11.239 0.3000000119
39147  -41.022  -33.876  10.855 0.5000000000
39182  -42.861  -33.244  7.825 0.6999999881
39183  -43.202  -33.457  7.144 0.6999999881
39206  -45.081  -34.145  4.085 0.6999999881
39221  -43.863  -33.439  2.409 0.6000000238
39228  -45.945  -33.932  1.799 0.6000000238
39937  -40.874  -32.790  15.274 0.3000000119
39939  -42.892  -32.373  15.581 0.3000000119
39951  -46.101  -32.470  14.012 0.4000000060
39964  -40.575  -32.169  12.907 0.4000000060
39966  -47.663  -32.289  12.224 0.4000000060
39973  -41.141  -31.915  11.552 0.4000000060
39986  -49.292  -32.635  10.277 0.3000000119
39998  -36.368  -33.133  9.282 0.5000000000
40014  -37.547  -32.271  8.866 0.5000000000
40015  -38.311  -32.344  8.544 0.4000000060
40016  -42.436  -32.753  8.770 0.6999999881
40024  -42.715  -32.683  8.211 0.6999999881
40035  -39.033  -33.123  7.092 0.4000000060
40037  -43.362  -32.610  6.820 0.6999999881
40052  -40.159  -32.394  3.583 0.5000000000
40054  -46.304  -32.997  2.416 0.6000000238
40063  -46.269  -33.240  1.890 0.6000000238
40068  -46.111  -33.342  1.738 0.6000000238
40820  -41.925  -31.729  14.887 0.3000000119
40823  -44.240  -32.107  15.093 0.4000000060
40830  -41.597  -31.432  14.348 0.4000000060
40832  -43.670  -30.974  14.671 0.4000000060
40833  -44.289  -31.456  14.776 0.3000000119
40834  -45.578  -31.729  14.260 0.4000000060
40840  -41.325  -31.158  13.679 0.4000000060
40841  -45.864  -31.122  13.833 0.4000000060
40848  -40.887  -31.661  12.502 0.5000000000
40851  -47.359  -31.664  12.483 0.4000000060
40858  -48.543  -31.927  11.095 0.4000000060
40870  -41.501  -31.767  10.683 0.6000000238
40872  -49.382  -31.834  9.959 0.3000000119
40897  -37.093  -31.457  8.792 0.5000000000
40911  -43.095  -31.952  7.275 0.6999999881
40912  -50.703  -31.592  8.004 0.3000000119
40924  -51.463  -31.629  6.801 0.3000000119
40936  -52.492  -31.275  4.608 0.3000000119
40940  -40.336  -31.580  3.562 0.5000000000
40949  -43.874  -31.812  2.098 0.5000000000
40957  -46.920  -31.001  0.861 0.6999999881
41753  -42.898  -30.597  14.401 0.4000000060
41756  -45.292  -30.882  14.166 0.4000000060
41762  -42.419  -30.153  13.735 0.4000000060
41771  -46.959  -30.960  12.731 0.4000000060
41790  -48.697  -30.546  10.444 0.4000000060
41804  -49.395  -30.459  9.462 0.4000000060
41817  -37.100  -30.459  8.610 0.3000000119
41818  -37.942  -30.364  8.535 0.4000000060
41820  -42.459  -30.560  8.379 0.6999999881
41821  -49.750  -30.612  8.964 0.4000000060
41822  -50.264  -30.919  8.416 0.4000000060
41829  -38.917  -30.858  8.092 0.5000000000
41831  -42.716  -30.790  7.665 0.6999999881
41832  -43.035  -31.199  7.070 0.6999999881
41834  -51.091  -30.839  7.073 0.3000000119
41844  -50.660  -30.195  7.386 0.3000000119
41848  -39.775  -30.786  5.428 0.5000000000
41852  -51.755  -30.645  5.745 0.3000000119
41853  -52.105  -30.488  5.054 0.3000000119
41856  -39.853  -30.869  4.635 0.5000000000
41858  -43.613  -30.237  4.956 0.8000000119
41860  -44.926  -30.930  3.572 0.6000000238
41863  -40.476  -30.235  3.692 0.5000000000
41866  -46.678  -30.669  1.749 0.6000000238
41868  -53.129  -30.126  3.009 0.3000000119
41873  -47.099  -30.647  1.013 0.6999999881
41876  -44.325  -30.404  1.469 0.6000000238
41878  -46.478  -30.644  0.765 0.6000000238
41879  -47.011  -30.574  0.827 0.6999999881
42667  -43.104  -29.953  13.976 0.4000000060
42675  -42.847  -29.411  13.410 0.4000000060
42678  -45.041  -29.601  13.655 0.4000000060
42679  -46.450  -30.110  12.917 0.4000000060
42685  -41.872  -29.614  12.321 0.4000000060
42686  -42.416  -29.162  12.706 0.4000000060
42687  -46.251  -29.200  12.675 0.4000000060
42693  -41.943  -29.035  11.318 0.5000000000
42723  -49.027  -29.303  9.433 0.4000000060
42738  -49.461  -29.799  9.055 0.4000000060
42760  -39.960  -29.262  6.251 0.5000000000
42763  -50.583  -29.404  7.032 0.4000000060
42771  -43.260  -29.768  5.422 0.6999999881
42777  -43.589  -29.565  4.645 0.6999999881
42790  -41.839  -28.945  2.530 0.6999999881
42796  -42.737  -28.993  2.083 0.6000000238
42800  -47.067  -29.866  0.811 0.6999999881
42805  -45.900  -28.995  0.400 0.6999999881
42806  -46.911  -29.754  0.664 0.6999999881
43597  -42.683  -28.488  12.391 0.4000000060
43598  -43.363  -28.261  12.716 0.4000000060
43600  -45.048  -28.805  13.246 0.4000000060
43606  -47.220  -28.585  11.489 0.4000000060
43651  -38.051  -28.453  7.896 0.4000000060
43680  -51.388  -28.291  5.288 0.3000000119
43684  -43.551  -28.700  4.411 0.6999999881
43691  -45.576  -28.837  2.548 0.6999999881
43695  -41.796  -28.155  2.521 0.6999999881
43697  -46.715  -28.209  1.332 0.8000000119
43702  -45.094  -28.268  0.509 0.6999999881
43703  -47.074  -28.106  0.517 0.8000000119
43709  -46.780  -28.679  0.287 0.6999999881
43710  -47.042  -27.904  0.096 0.8000000119
44499  -43.009  -27.775  12.143 0.5000000000
44501  -44.492  -27.605  12.490 0.4000000060
44509  -43.420  -27.118  11.811 0.5000000000
44512  -46.359  -27.329  11.446 0.4000000060
44513  -47.055  -27.787  11.171 0.4000000060
44541  -47.695  -27.024  9.916 0.4000000060
44542  -48.456  -27.784  9.456 0.4000000060
44543  -48.985  -28.117  8.821 0.4000000060
44552  -42.186  -27.245  8.489 0.6000000238
44563  -49.657  -27.786  7.710 0.4000000060
44576  -40.344  -27.860  5.856 0.6000000238
44579  -51.058  -27.711  5.673 0.4000000060
44587  -42.818  -27.653  5.585 0.6999999881
44594  -44.494  -27.443  3.422 0.6999999881
44595  -51.932  -27.430  4.565 0.3000000119
44598  -41.249  -27.850  3.411 0.6999999881
44599  -41.611  -27.640  2.756 0.6999999881
44607  -46.899  -27.597  1.077 0.6999999881
44613  -44.263  -27.461  0.710 0.6999999881
44620  -46.875  -27.200  0.094 0.6999999881
45434  -42.684  -26.374  10.478 0.6000000238
45435  -43.062  -26.009  10.711 0.6000000238
45436  -46.209  -26.608  11.036 0.4000000060
45443  -47.349  -26.294  10.110 0.5000000000
45444  -47.896  -26.318  9.609 0.4000000060
45468  -39.828  -26.173  6.025 0.6999999881
45471  -50.540  -26.205  6.594 0.4000000060
45472  -50.835  -26.569  6.095 0.4000000060
45485  -52.222  -26.069  4.605 0.4000000060
45499  -45.163  -26.436  3.100 0.6999999881
45507  -46.679  -26.693  1.284 0.6999999881
45515  -43.747  -26.520  0.736 0.6999999881
45522  -46.433  -26.708  0.260 0.8000000119
45523  -46.458  -26.137  0.745 0.6999999881
46361  -44.187  -25.698  11.083 0.5000000000
46371  -42.787  -25.731  10.246 0.6000000238
46374  -45.497  -25.283  10.823 0.5000000000
46379  -47.579  -25.553  9.909 0.5000000000
46385  -48.784  -25.556  8.855 0.4000000060
46396  -49.935  -25.487  7.616 0.4000000060
46406  -39.081  -25.906  6.265 0.6999999881
46417  -37.504  -25.662  5.808 0.6000000238
46419  -39.552  -25.447  5.736 0.6999999881
46421  -42.821  -26.019  5.983 0.6999999881
46422  -43.370  -25.652  5.348 0.6000000238
46423  -51.519  -25.280  5.644 0.4000000060
46437  -44.296  -24.682  4.674 0.6000000238
46440  -53.019  -25.473  3.943 0.4000000060
46462  -43.119  -25.720  0.817 0.6999999881
46463  -45.320  -25.382  0.840 0.6000000238
46465  -46.510  -26.033  1.249 0.6999999881
46473  -46.077  -26.027  0.469 0.6999999881
47253  -45.384  -24.392  10.709 0.5000000000
47277  -43.191  -23.762  7.085 0.6000000238
47293  -51.179  -24.011  6.522 0.4000000060
47300  -43.716  -24.124  5.715 0.6000000238
47323  -52.478  -24.555  4.836 0.4000000060
47336  -44.807  -24.019  3.682 0.6000000238
47347  -45.449  -24.957  2.554 0.6000000238
47348  -54.472  -24.557  2.796 0.3000000119
47356  -45.451  -25.083  1.620 0.6000000238
47357  -54.860  -24.975  2.092 0.3000000119
47362  -42.162  -23.987  0.662 0.6999999881
48100  -44.709  -22.708  10.262 0.5000000000
48107  -43.463  -23.185  9.255 0.5000000000
48108  -44.035  -22.922  9.861 0.4000000060
48109  -48.067  -23.385  9.910 0.4000000060
48111  -49.213  -23.331  9.025 0.4000000060
48115  -42.902  -23.758  7.960 0.6000000238
48118  -50.254  -23.293  7.915 0.4000000060
48124  -50.645  -23.307  7.367 0.4000000060
48149  -43.940  -23.445  5.305 0.6000000238
48169  -44.350  -23.593  4.444 0.6000000238
48181  -53.925  -23.717  3.751 0.4000000060
48188  -54.890  -23.582  2.808 0.3000000119
48189  -55.488  -23.238  2.304 0.3000000119
48992  -48.228  -22.714  9.831 0.4000000060
49020  -50.922  -22.583  7.142 0.4000000060
49021  -51.408  -22.579  6.571 0.4000000060
49045  -39.390  -23.069  3.926 0.8000000119
49048  -52.968  -22.934  4.881 0.4000000060
49850  -46.616  -21.771  10.360 0.4000000060
49855  -43.913  -21.755  9.225 0.5000000000
49857  -45.218  -21.043  9.953 0.5000000000
49859  -48.455  -21.908  9.639 0.4000000060
49866  -50.246  -21.888  7.980 0.4000000060
49892  -42.747  -21.276  5.898 0.6000000238
49922  -55.520  -21.406  2.080 0.3000000119
50739  -47.263  -20.758  9.909 0.4000000060
50773  -51.664  -20.553  6.000 0.4000000060
50803  -35.839  -20.616  3.311 0.6000000238
50840  -49.831  -20.715  -0.308 0.3000000119
51791  -45.265  -18.880  9.099 0.5000000000
51793  -46.545  -19.625  9.550 0.5000000000
51801  -44.409  -19.819  8.931 0.5000000000
51837  -52.204  -19.648  4.995 0.3000000119
51858  -41.012  -19.249  2.215 0.6999999881
51861  -52.709  -19.388  3.387 0.3000000119
51872  -48.165  -19.867  0.421 0.4000000060
51884  -48.717  -20.417  -0.092 0.3000000119
51890  -40.203  -19.488  0.590 0.6999999881
51891  -48.177  -19.926  -0.306 0.4000000060
51894  -50.527  -20.474  -0.502 0.3000000119
52842  -45.955  -18.663  9.200 0.5000000000
52843  -46.538  -18.943  9.267 0.5000000000
52869  -48.988  -18.331  7.632 0.4000000060
52870  -49.479  -18.468  7.196 0.4000000060
52895  -41.577  -18.977  5.383 0.6000000238
53871  -43.054  -17.490  7.288 0.5000000000
54786  -45.007  -16.792  8.115 0.5000000000
54800  -47.184  -16.678  7.576 0.5000000000
54801  -47.901  -17.038  7.292 0.5000000000
54884  -45.582  -16.759  -1.460 0.5000000000
54890  -45.803  -16.702  -1.803 0.5000000000
55698  -44.380  -15.463  7.121 0.5000000000
55755  -46.819  -15.850  2.155 0.5000000000
55779  -46.181  -16.309  -1.766 0.5000000000
55780  -45.898  -16.060  -1.823 0.5000000000
56664  -46.790  -14.379  5.768 0.5000000000
56694  -32.982  -13.849  1.880 0.5000000000
56715  -45.938  -15.273  -1.782 0.5000000000
57564  -44.369  -13.617  6.099 0.5000000000
57582  -46.141  -13.315  5.573 0.5000000000
57583  -46.645  -13.766  5.348 0.5000000000
57592  -42.317  -13.282  4.905 0.5000000000
57601  -47.058  -13.881  3.696 0.4000000060
57622  -33.962  -12.846  1.392 0.5000000000
58587  -44.860  -12.449  5.458 0.5000000000
58634  -45.598  -12.706  -1.247 0.4000000060
58639  -46.381  -12.880  -1.603 0.3000000119
59531  -44.318  -12.004  5.183 0.5000000000
59546  -45.279  -11.199  4.461 0.4000000060
59564  -34.201  -11.990  1.326 0.4000000060
59583  -35.150  -10.896  0.110 0.6000000238
61447  -45.526  -9.502  0.020 0.4000000060
62337  -34.382  -7.293  0.246 0.3000000119
62342  -43.813  -8.026  1.941 0.5000000000
62363  -36.148  -7.332  -2.238 0.5000000000
64135  -47.116  -6.322  2.012 0.3000000119
64136  -47.965  -6.449  2.225 0.3000000119
64145  -49.468  -6.666  2.034 0.3000000119
64146  -50.315  -6.651  1.745 0.3000000119
64150  -33.933  -6.295  -1.254 0.5000000000
65147  -46.396  -6.042  1.796 0.3000000119
65150  -52.026  -5.715  1.199 0.3000000119
65164  -52.697  -5.709  0.794 0.3000000119
65169  -37.231  -4.916  -2.280 0.4000000060
65181  -39.812  -4.295  -3.095 0.3000000119
65183  -42.862  -5.215  -2.349 0.3000000119
65191  -41.051  -4.047  -3.483 0.4000000060
65193  -44.528  -4.537  -3.365 0.3000000119
66132  -39.197  -2.957  -4.028 0.3000000119
66133  -39.357  -3.362  -3.932 0.3000000119
66136  -45.816  -4.337  -3.323 0.3000000119
66140  -39.321  -2.979  -4.264 0.3000000119
66141  -41.044  -2.776  -4.374 0.3000000119
66986  -48.051  -3.868  3.126 0.3000000119
66998  -49.734  -3.865  2.217 0.3000000119
67006  -50.402  -3.855  1.759 0.3000000119
67020  -39.783  -2.889  -3.718 0.3000000119
67022  -42.887  -2.762  -3.486 0.3000000119
67023  -44.259  -3.199  -3.589 0.3000000119
67030  -39.501  -2.821  -4.202 0.3000000119
67031  -40.338  -2.670  -4.212 0.3000000119
67038  -39.838  -2.831  -4.337 0.3000000119
67039  -42.725  -2.819  -4.126 0.3000000119
67040  -44.075  -3.170  -3.718 0.3000000119
112047  -43.212  -18.204  7.594 0.5000000000
112263  -40.315  -37.957  10.059 0.4000000060
112292  -45.195  -23.429  10.553 0.4000000060
112597  -46.458  -31.419  1.055 0.6000000238
112951  -41.131  -33.775  3.304 0.5000000000
113266  -41.125  -36.691  3.674 0.5000000000
113383  -40.542  -38.075  9.447 0.5000000000
113582  -47.593  -6.133  -2.561 0.3000000119
113657  -40.252  -30.860  3.737 0.5000000000
113857  -48.477  -29.792  10.487 0.4000000060
113869  -39.496  -38.079  11.477 0.3000000119
113873  -45.284  -35.211  14.841 0.3000000119
113974  -46.906  -28.870  0.508 0.8000000119
114201  -42.345  -36.843  3.438 0.5000000000
114224  -46.168  -32.331  1.480 0.6000000238
114393  -39.529  -34.078  4.219 0.5000000000
114421  -41.578  -34.471  9.693 0.6000000238
114487  -41.397  -33.909  10.264 0.6000000238
114621  -38.246  -35.980  14.110 0.3000000119
115113  -41.441  -31.005  11.206 0.5000000000
115626  -44.883  -5.627  1.828 0.3000000119
115787  -42.527  -35.088  16.554 0.3000000119
115896  -41.148  -40.844  20.323 0.3000000119
116031  -51.353  -28.934  5.551 0.3000000119
116165  -36.676  -45.857  17.982 0.3000000119
116320  -36.673  -43.925  18.482 0.3000000119
116711  -49.334  -21.204  8.759 0.4000000060
116718  -39.954  -41.001  20.636 0.3000000119
116731  -46.101  -33.800  14.115 0.3000000119
116970  -51.399  -30.102  6.091 0.3000000119
117214  -42.620  -49.833  9.849 0.3000000119
117314  -40.841  -45.440  13.699 0.4000000060
117324  -42.800  -43.022  5.944 0.3000000119
117966  -41.698  -30.992  10.412 0.6999999881
118138  -42.122  -27.874  9.186 0.6000000238
118164  -40.890  -26.297  4.605 0.6999999881
118376  -39.026  -49.340  12.707 0.3000000119
119188  -37.330  -38.781  16.729 0.3000000119
119394  -42.411  -31.169  8.750 0.6999999881
119833  -40.491  -27.318  5.527 0.6000000238
119889  -50.375  -18.768  6.305 0.4000000060
119900  -48.294  -24.032  9.670 0.5000000000
119972  -40.780  -35.841  3.648 0.5000000000
120331  -51.785  -25.924  5.140 0.4000000060
120429  -43.628  -27.783  4.242 0.6999999881
120515  -43.117  -33.005  15.845 0.3000000119
120527  -50.399  -23.874  7.577 0.4000000060
120769  -43.108  -49.897  9.123 0.3000000119
120875  -40.831  -33.389  15.828 0.3000000119
121112  -47.458  -31.003  12.194 0.4000000060
121120  -45.764  -31.434  2.999 0.6000000238
121322  -42.532  -35.639  7.417 0.6999999881
121368  -54.146  -20.700  3.592 0.3000000119
121730  -39.496  -32.014  5.995 0.5000000000
121738  -37.569  -41.391  5.545 0.4000000060
121815  -34.206  -56.193  10.044 0.3000000119
122000  -42.846  -52.082  9.319 0.3000000119
122280  -38.436  -53.945  9.817 0.4000000060
122607  -43.931  -25.386  4.706 0.6000000238
123116  -52.133  -31.965  5.679 0.3000000119
123496  -53.422  -22.046  4.595 0.4000000060
123610  -37.365  -38.753  16.036 0.3000000119
123812  -44.093  -32.145  5.243 0.6999999881
124014  -48.698  -6.634  2.128 0.3000000119
124035  -44.339  -47.982  6.071 0.3000000119
124224  -47.556  -22.987  10.243 0.4000000060
124236  -49.862  -31.818  9.297 0.4000000060
124247  -46.477  -28.999  1.771 0.8000000119
124251  -39.134  -33.481  6.221 0.5000000000
124287  -50.003  -33.190  9.365 0.3000000119
124300  -40.506  -39.973  8.674 0.5000000000
124396  -42.470  -34.338  16.404 0.3000000119
124612  -39.138  -45.033  15.575 0.3000000119
124749  -45.880  -26.414  0.270 0.8000000119
125163  -38.599  -45.071  16.126 0.3000000119
125182  -39.691  -39.232  19.518 0.3000000119
125235  -49.570  -33.124  9.928 0.3000000119
126396  -33.957  -19.492  3.032 0.5000000000
126749  -51.233  -19.905  6.269 0.4000000060
126978  -39.272  -42.161  14.029 0.3000000119
127046  -38.934  -41.661  14.101 0.3000000119
127117  -45.288  -7.549  -2.006 0.4000000060
127560  -51.976  -24.560  5.371 0.4000000060
127574  -41.819  -29.475  11.717 0.5000000000
127899  -36.390  -43.782  19.888 0.3000000119
128205  -39.078  -37.312  17.883 0.3000000119
128293  -41.909  -35.584  8.500 0.6000000238
128365  -51.184  -26.998  5.564 0.4000000060
128436  -39.582  -32.498  4.371 0.5000000000
128553  -42.787  -30.238  2.231 0.6000000238
128974  -41.962  -30.991  9.777 0.6999999881
129013  -45.561  -15.235  -1.380 0.5000000000
129078  -43.105  -41.802  5.410 0.5000000000
129161  -43.195  -39.154  5.284 0.6000000238
129227  -37.379  -43.017  21.336 0.3000000119
129443  -40.703  -36.650  10.021 0.4000000060
129479  -37.342  -52.955  10.845 0.4000000060
129486  -43.033  -31.237  14.839 0.3000000119
129502  -46.541  -26.623  0.409 0.6999999881
129537  -39.106  -36.603  4.522 0.4000000060
129801  -41.751  -18.531  5.882 0.6000000238
129814  -43.405  -27.763  1.277 0.6999999881
129884  -42.450  -22.587  1.089 0.6999999881
130000  -38.530  -30.396  8.293 0.5000000000
130060  -36.915  -40.360  17.871 0.3000000119
130344  -41.255  -40.570  6.960 0.5000000000
130438  -37.380  -43.150  17.183 0.3000000119
130695  -40.984  -40.745  7.450 0.4000000060
130773  -40.890  -14.964  3.938 0.6000000238
130988  -49.257  -31.278  9.959 0.4000000060
131002  -39.507  -12.299  1.151 0.6000000238
131024  -47.390  -19.491  -0.368 0.4000000060
131184  -45.656  -28.763  12.874 0.4000000060
131312  -31.448  -15.924  2.954 0.5000000000
131332  -48.453  -16.681  4.737 0.4000000060
131343  -43.646  -36.058  16.317 0.3000000119
131593  -42.604  -25.593  9.825 0.6000000238
131750  -50.613  -24.754  6.956 0.4000000060
131917  -42.197  -27.625  7.939 0.6000000238
131926  -40.910  -23.288  1.498 0.6999999881
131928  -38.143  -45.090  16.582 0.3000000119
132212  -38.781  -33.129  7.796 0.4000000060
132227  -46.979  -31.054  0.944 0.6000000238
132410  -44.733  -37.097  3.491 0.6000000238
132555  -43.903  -23.764  2.117 0.6000000238
132616  -48.290  -13.668  1.039 0.3000000119
132818  -38.615  -29.471  8.056 0.4000000060
132838  -44.794  -33.359  2.147 0.6000000238
132946  -47.715  -29.020  11.156 0.4000000060
133113  -54.717  -23.017  3.218 0.3000000119
133181  -37.379  -28.175  7.704 0.4000000060
133220  -46.184  -33.346  2.833 0.6000000238
133404  -45.183  -33.180  14.840 0.3000000119
133405  -36.767  -52.569  11.482 0.4000000060
133466  -42.650  -44.268  6.681 0.4000000060
133649  -40.270  -15.002  2.564 0.6999999881
133686  -41.300  -19.320  4.209 0.6000000238
133692  -43.440  -34.010  6.513 0.6999999881
133875  -48.088  -27.387  9.699 0.4000000060
133879  -55.630  -23.745  1.874 0.3000000119
134080  -47.429  -15.185  3.716 0.4000000060
