#!ascii label  , from subject sub-01 vox2ras=TkReg coords=white rater=tiger surface-annotate=0.1.0
2658
20856  -50.841  -52.238  0.609 1.0000000000
20870  -48.905  -52.551  0.445 1.0000000000
20871  -49.980  -52.526  0.474 1.0000000000
20889  -48.863  -52.619  -0.556 1.0000000000
20890  -49.801  -52.535  -0.416 1.0000000000
20891  -50.502  -52.263  -0.182 1.0000000000
20908  -48.832  -52.598  -1.669 1.0000000000
20909  -49.616  -52.388  -1.352 1.0000000000
20910  -50.186  -52.179  -0.951 1.0000000000
20924  -49.293  -52.192  -2.296 1.0000000000
20925  -49.822  -52.036  -1.721 1.0000000000
20940  -48.857  -52.054  -3.190 1.0000000000
21762  -48.210  -51.182  3.984 1.0000000000
21763  -48.894  -51.189  4.082 1.0000000000
21764  -49.938  -51.524  3.849 1.0000000000
21765  -51.368  -51.647  3.867 1.0000000000
21766  -52.521  -51.603  3.881 1.0000000000
21767  -53.288  -51.327  3.922 1.0000000000
21778  -47.686  -51.349  3.578 1.0000000000
21779  -48.762  -51.606  3.438 1.0000000000
21780  -49.813  -51.941  3.053 1.0000000000
21781  -50.899  -51.950  3.058 1.0000000000
21782  -52.019  -51.823  3.090 1.0000000000
21783  -52.820  -51.570  3.180 1.0000000000
21796  -47.912  -51.824  2.843 1.0000000000
21797  -49.122  -52.159  2.390 1.0000000000
21798  -50.485  -52.163  2.208 1.0000000000
21799  -51.633  -51.981  2.018 1.0000000000
21800  -52.371  -51.631  2.315 1.0000000000
21801  -52.835  -51.249  2.487 1.0000000000
21813  -49.011  -52.433  1.357 1.0000000000
21814  -50.129  -52.386  1.394 1.0000000000
21815  -51.464  -51.891  1.058 1.0000000000
21816  -51.649  -51.399  0.963 1.0000000000
21834  -47.768  -52.496  0.432 1.0000000000
21835  -50.548  -51.981  -0.542 1.0000000000
21836  -51.014  -51.855  0.182 1.0000000000
21858  -50.211  -51.855  -1.117 1.0000000000
21859  -50.561  -51.596  -0.422 1.0000000000
21873  -49.319  -51.855  -2.493 1.0000000000
21874  -49.707  -51.583  -1.768 1.0000000000
21886  -48.458  -51.824  -3.784 1.0000000000
21887  -48.794  -51.568  -3.168 1.0000000000
22706  -48.772  -50.337  5.120 1.0000000000
22707  -49.765  -50.425  5.083 1.0000000000
22708  -50.855  -50.464  4.969 1.0000000000
22709  -52.784  -50.782  4.803 1.0000000000
22710  -53.499  -50.741  4.506 1.0000000000
22724  -48.305  -50.730  4.513 1.0000000000
22725  -49.354  -50.864  4.527 1.0000000000
22726  -50.532  -51.038  4.472 1.0000000000
22727  -51.904  -51.127  4.481 1.0000000000
22728  -52.938  -51.255  4.371 1.0000000000
22729  -53.678  -50.842  3.988 1.0000000000
22745  -53.375  -50.992  3.110 1.0000000000
22757  -50.927  -50.337  1.307 1.0000000000
22758  -51.895  -50.821  1.287 1.0000000000
22759  -52.370  -51.192  1.797 1.0000000000
22768  -49.563  -50.323  0.499 1.0000000000
22769  -50.691  -50.659  0.541 1.0000000000
22770  -51.467  -50.948  0.711 1.0000000000
22783  -42.441  -49.678  -0.169 1.0000000000
22784  -48.374  -50.215  -0.677 1.0000000000
22785  -49.417  -50.578  -0.465 1.0000000000
22786  -50.392  -50.934  -0.240 1.0000000000
22787  -51.050  -51.291  0.240 1.0000000000
22808  -47.225  -49.996  -1.614 1.0000000000
22809  -49.307  -50.824  -1.473 1.0000000000
22810  -50.028  -51.267  -0.988 1.0000000000
22825  -45.597  -50.300  -2.619 1.0000000000
22826  -46.377  -49.949  -1.912 1.0000000000
22827  -47.651  -50.447  -2.637 1.0000000000
22828  -49.145  -51.197  -2.415 1.0000000000
22839  -46.964  -50.573  -3.504 1.0000000000
22840  -48.186  -51.165  -3.736 1.0000000000
23656  -49.498  -49.199  6.092 1.0000000000
23657  -50.426  -49.116  5.828 1.0000000000
23668  -49.148  -49.796  5.620 1.0000000000
23669  -52.459  -49.993  5.207 1.0000000000
23670  -53.352  -50.386  4.965 1.0000000000
23671  -53.852  -49.971  4.987 1.0000000000
23672  -54.237  -49.599  4.979 1.0000000000
23689  -53.951  -50.122  4.435 1.0000000000
23708  -48.759  -49.075  2.877 1.0000000000
23709  -49.392  -49.189  2.878 1.0000000000
23710  -50.484  -49.308  2.755 1.0000000000
23711  -51.763  -49.566  2.578 1.0000000000
23712  -52.970  -50.083  2.720 1.0000000000
23713  -53.706  -50.231  3.569 1.0000000000
23720  -40.105  -49.269  1.964 1.0000000000
23721  -47.358  -48.599  2.504 1.0000000000
23722  -48.911  -49.445  2.278 1.0000000000
23723  -50.096  -49.680  2.131 1.0000000000
23724  -51.297  -50.013  1.972 1.0000000000
23725  -52.332  -50.515  2.023 1.0000000000
23726  -52.879  -50.876  2.337 1.0000000000
23732  -41.283  -49.228  1.121 1.0000000000
23733  -42.024  -48.905  1.102 1.0000000000
23734  -47.702  -49.387  1.072 1.0000000000
23735  -48.686  -49.725  1.313 1.0000000000
23736  -49.791  -50.000  1.373 1.0000000000
23746  -41.772  -49.447  0.490 1.0000000000
23747  -42.606  -49.124  0.619 1.0000000000
23748  -44.050  -49.192  0.143 1.0000000000
23749  -44.937  -49.358  -0.334 1.0000000000
23750  -45.688  -49.206  -0.091 1.0000000000
23751  -46.544  -49.327  -0.108 1.0000000000
23752  -47.518  -49.591  0.115 1.0000000000
23753  -48.495  -49.980  0.347 1.0000000000
23765  -43.429  -49.615  -0.408 1.0000000000
23766  -45.010  -49.838  -1.324 1.0000000000
23767  -45.766  -49.524  -0.815 1.0000000000
23768  -46.543  -49.611  -0.937 1.0000000000
23769  -47.396  -49.795  -0.836 1.0000000000
24601  -49.836  -48.463  6.492 1.0000000000
24602  -50.767  -48.343  6.010 1.0000000000
24603  -51.844  -48.252  5.787 1.0000000000
24611  -51.544  -49.089  5.558 1.0000000000
24612  -52.902  -49.117  5.469 1.0000000000
24613  -53.824  -49.503  5.333 1.0000000000
24614  -54.152  -49.252  5.314 1.0000000000
24615  -54.472  -48.940  5.162 1.0000000000
24627  -49.005  -48.188  3.977 1.0000000000
24628  -49.945  -48.190  3.960 1.0000000000
24629  -50.746  -48.070  3.935 1.0000000000
24630  -52.790  -48.423  3.571 1.0000000000
24631  -53.834  -48.667  3.917 1.0000000000
24632  -54.219  -49.244  4.541 1.0000000000
24647  -40.411  -48.239  2.935 1.0000000000
24648  -46.882  -48.076  3.004 1.0000000000
24649  -47.720  -48.365  3.242 1.0000000000
24650  -48.665  -48.644  3.344 1.0000000000
24651  -49.704  -48.716  3.425 1.0000000000
24652  -50.905  -48.738  3.366 1.0000000000
24653  -52.280  -49.040  3.154 1.0000000000
24654  -53.344  -49.327  3.396 1.0000000000
24655  -53.965  -49.588  3.940 1.0000000000
24660  -41.106  -48.453  2.238 1.0000000000
24661  -41.921  -48.201  2.105 1.0000000000
24662  -42.858  -47.995  1.903 1.0000000000
24663  -43.860  -47.813  1.760 1.0000000000
24664  -44.778  -47.791  1.739 1.0000000000
24665  -45.681  -47.940  1.900 1.0000000000
24666  -46.524  -48.264  2.199 1.0000000000
24667  -48.185  -48.889  2.745 1.0000000000
24673  -40.831  -48.954  1.721 1.0000000000
24674  -41.563  -48.691  1.636 1.0000000000
24675  -42.770  -48.596  1.230 1.0000000000
24676  -43.450  -48.298  1.360 1.0000000000
24677  -44.275  -48.344  1.125 1.0000000000
24678  -45.295  -48.323  1.186 1.0000000000
24679  -46.804  -49.026  0.772 1.0000000000
24680  -47.068  -48.795  1.659 1.0000000000
24691  -43.493  -48.771  0.750 1.0000000000
24692  -44.904  -48.815  0.460 1.0000000000
24693  -45.910  -48.789  0.566 1.0000000000
25545  -50.450  -47.075  6.754 1.0000000000
25555  -50.336  -47.786  6.506 1.0000000000
25556  -51.075  -47.578  6.238 1.0000000000
25557  -53.025  -48.152  5.850 1.0000000000
25558  -54.229  -48.072  6.108 1.0000000000
25559  -54.982  -47.719  6.217 1.0000000000
25560  -55.503  -47.259  6.152 1.0000000000
25562  -53.987  -48.889  5.675 1.0000000000
25563  -54.544  -48.430  5.687 1.0000000000
25564  -55.191  -47.809  5.754 1.0000000000
25575  -40.527  -46.807  4.247 1.0000000000
25576  -46.899  -47.226  4.151 1.0000000000
25577  -47.728  -47.445  4.292 1.0000000000
25578  -48.515  -47.598  4.354 1.0000000000
25579  -50.202  -47.611  4.358 1.0000000000
25580  -51.156  -47.598  4.221 1.0000000000
25581  -52.214  -47.686  3.994 1.0000000000
25582  -53.778  -47.854  4.151 1.0000000000
25583  -54.474  -48.301  4.614 1.0000000000
25584  -54.784  -48.254  5.342 1.0000000000
25597  -40.794  -47.457  3.533 1.0000000000
25598  -41.907  -47.255  3.159 1.0000000000
25599  -42.895  -47.074  2.817 1.0000000000
25600  -43.855  -46.865  2.783 1.0000000000
25601  -44.756  -46.901  2.893 1.0000000000
25602  -45.620  -47.166  3.163 1.0000000000
25603  -46.469  -47.487  3.452 1.0000000000
25604  -47.301  -47.782  3.693 1.0000000000
25605  -48.128  -48.029  3.869 1.0000000000
25609  -41.416  -47.877  2.735 1.0000000000
25610  -42.314  -47.650  2.501 1.0000000000
25611  -43.454  -47.435  2.324 1.0000000000
25612  -44.324  -47.345  2.305 1.0000000000
25613  -45.213  -47.423  2.418 1.0000000000
25614  -46.071  -47.690  2.674 1.0000000000
26487  -50.804  -46.193  7.189 1.0000000000
26488  -52.190  -46.246  6.940 1.0000000000
26489  -53.574  -46.427  6.991 1.0000000000
26490  -54.892  -46.584  7.100 1.0000000000
26491  -55.785  -46.426  6.909 1.0000000000
26492  -56.160  -46.188  6.716 1.0000000000
26497  -51.516  -46.885  6.525 1.0000000000
26498  -52.995  -47.191  6.419 1.0000000000
26499  -54.445  -47.206  6.582 1.0000000000
26500  -55.292  -46.998  6.565 1.0000000000
26501  -55.765  -46.689  6.422 1.0000000000
26509  -46.178  -46.034  5.080 1.0000000000
26510  -47.041  -46.266  5.225 1.0000000000
26511  -47.924  -46.425  5.259 1.0000000000
26512  -50.008  -46.444  5.133 1.0000000000
26513  -51.038  -46.359  4.959 1.0000000000
26514  -52.129  -46.361  4.776 1.0000000000
26515  -53.346  -46.434  4.697 1.0000000000
26516  -54.609  -46.586  4.947 1.0000000000
26517  -55.452  -46.979  5.568 1.0000000000
26532  -41.995  -46.153  4.167 1.0000000000
26533  -42.922  -45.986  3.915 1.0000000000
26534  -43.833  -45.953  3.908 1.0000000000
26535  -44.738  -46.106  4.139 1.0000000000
26536  -45.643  -46.355  4.396 1.0000000000
26537  -46.535  -46.620  4.585 1.0000000000
26538  -47.393  -46.844  4.717 1.0000000000
26539  -48.212  -47.026  4.760 1.0000000000
26540  -48.883  -47.190  4.699 1.0000000000
26541  -50.590  -47.001  4.659 1.0000000000
26542  -51.645  -47.005  4.481 1.0000000000
26543  -52.913  -47.173  4.292 1.0000000000
26544  -54.126  -47.284  4.467 1.0000000000
26545  -54.966  -47.570  5.020 1.0000000000
26556  -41.468  -46.756  3.832 1.0000000000
26557  -42.439  -46.606  3.514 1.0000000000
26558  -43.389  -46.475  3.367 1.0000000000
26559  -44.295  -46.456  3.421 1.0000000000
26560  -45.189  -46.615  3.627 1.0000000000
26561  -46.054  -46.918  3.905 1.0000000000
27517  -52.723  -45.620  7.441 1.0000000000
27518  -54.050  -45.776  7.511 1.0000000000
27519  -55.401  -45.874  7.462 1.0000000000
27520  -56.429  -45.607  7.211 1.0000000000
27521  -57.126  -44.727  7.311 1.0000000000
27526  -46.222  -44.978  6.217 1.0000000000
27527  -47.190  -45.119  6.276 1.0000000000
27528  -48.079  -45.183  6.269 1.0000000000
27529  -49.010  -45.177  6.179 1.0000000000
27530  -49.978  -45.132  5.991 1.0000000000
27531  -56.613  -45.499  6.890 1.0000000000
27542  -40.978  -45.129  5.313 1.0000000000
27543  -41.948  -45.107  5.147 1.0000000000
27544  -42.863  -45.037  5.011 1.0000000000
27545  -45.355  -45.113  5.740 1.0000000000
27546  -46.693  -45.625  5.697 1.0000000000
27547  -47.567  -45.758  5.755 1.0000000000
27548  -48.479  -45.834  5.715 1.0000000000
27549  -49.459  -45.814  5.599 1.0000000000
27550  -50.471  -45.749  5.445 1.0000000000
27551  -51.468  -45.723  5.298 1.0000000000
27552  -52.521  -45.739  5.193 1.0000000000
27553  -53.656  -45.796  5.158 1.0000000000
27554  -55.273  -46.280  5.450 1.0000000000
27555  -55.910  -46.285  6.139 1.0000000000
27566  -40.558  -45.759  5.011 1.0000000000
27567  -41.509  -45.676  4.785 1.0000000000
27568  -42.449  -45.582  4.555 1.0000000000
27569  -43.359  -45.520  4.476 1.0000000000
27570  -44.255  -45.556  4.605 1.0000000000
27571  -45.237  -45.694  4.965 1.0000000000
28512  -52.524  -44.222  8.301 1.0000000000
28513  -53.725  -44.334  8.287 1.0000000000
28514  -54.990  -44.418  8.277 1.0000000000
28515  -56.310  -44.334  8.166 1.0000000000
28516  -57.407  -44.009  8.064 1.0000000000
28523  -46.727  -43.945  7.085 1.0000000000
28524  -47.357  -43.974  7.129 1.0000000000
28525  -48.136  -43.878  7.143 1.0000000000
28526  -51.835  -44.878  7.885 1.0000000000
28527  -53.238  -44.947  7.871 1.0000000000
28528  -54.583  -45.109  7.928 1.0000000000
28529  -55.921  -45.120  7.857 1.0000000000
28530  -56.891  -44.708  7.663 1.0000000000
28531  -57.357  -44.263  7.683 1.0000000000
28542  -41.891  -44.090  5.876 1.0000000000
28543  -42.619  -43.979  6.003 1.0000000000
28544  -43.596  -43.901  6.270 1.0000000000
28545  -44.587  -44.184  6.393 1.0000000000
28546  -45.396  -44.519  6.376 1.0000000000
28547  -47.700  -44.529  6.728 1.0000000000
28548  -48.578  -44.487  6.670 1.0000000000
28549  -49.526  -44.431  6.521 1.0000000000
28550  -51.314  -44.453  6.094 1.0000000000
28551  -52.193  -44.419  5.968 1.0000000000
28552  -53.208  -44.417  5.900 1.0000000000
28553  -54.437  -44.516  5.927 1.0000000000
28554  -55.805  -44.650  6.316 1.0000000000
28555  -56.890  -44.897  6.820 1.0000000000
28556  -57.406  -44.067  7.461 1.0000000000
28569  -40.522  -44.413  5.593 1.0000000000
28570  -41.469  -44.538  5.588 1.0000000000
28571  -42.345  -44.551  5.534 1.0000000000
28572  -43.220  -44.523  5.592 1.0000000000
28573  -44.084  -44.590  5.752 1.0000000000
28574  -44.796  -44.719  5.929 1.0000000000
28575  -50.911  -45.077  5.752 1.0000000000
28576  -51.852  -45.072  5.619 1.0000000000
28577  -52.861  -45.085  5.531 1.0000000000
28578  -54.014  -45.164  5.495 1.0000000000
28579  -55.313  -45.515  5.709 1.0000000000
28580  -56.203  -45.501  6.414 1.0000000000
28619  -50.388  -45.268  -1.298 1.0000000000
28620  -50.988  -45.492  -1.563 1.0000000000
28621  -51.798  -45.798  -1.747 1.0000000000
28622  -52.639  -46.024  -1.832 1.0000000000
28623  -53.767  -45.972  -1.867 1.0000000000
28624  -54.619  -45.661  -1.664 1.0000000000
28625  -55.542  -45.330  -2.041 1.0000000000
28634  -54.195  -45.631  -2.224 1.0000000000
28635  -54.617  -45.630  -2.251 1.0000000000
28636  -55.877  -44.960  -2.800 1.0000000000
28646  -54.786  -45.447  -2.469 1.0000000000
28647  -55.346  -45.139  -2.688 1.0000000000
29537  -53.053  -43.587  8.485 1.0000000000
29538  -54.122  -43.655  8.494 1.0000000000
29539  -55.330  -43.667  8.461 1.0000000000
29540  -56.642  -43.586  8.343 1.0000000000
29541  -57.707  -43.417  8.196 1.0000000000
29549  -44.165  -42.770  7.042 1.0000000000
29550  -44.891  -42.929  7.228 1.0000000000
29551  -45.731  -42.960  7.356 1.0000000000
29552  -46.994  -43.428  7.332 1.0000000000
29553  -47.669  -43.417  7.341 1.0000000000
29554  -48.407  -42.972  7.388 1.0000000000
29555  -49.438  -42.769  7.187 1.0000000000
29556  -57.947  -43.560  8.043 1.0000000000
29570  -41.194  -43.087  6.143 1.0000000000
29571  -41.914  -43.482  6.186 1.0000000000
29572  -42.773  -43.300  6.418 1.0000000000
29573  -43.549  -43.072  6.736 1.0000000000
29574  -44.359  -43.453  6.786 1.0000000000
29575  -45.328  -43.720  6.933 1.0000000000
29576  -46.244  -43.537  7.197 1.0000000000
29577  -49.044  -43.705  7.028 1.0000000000
29578  -50.099  -43.548  6.724 1.0000000000
29579  -52.502  -43.694  6.283 1.0000000000
29580  -53.540  -43.692  6.273 1.0000000000
29581  -55.908  -43.793  6.547 1.0000000000
29582  -57.940  -43.320  7.754 1.0000000000
29593  -40.306  -43.526  5.681 1.0000000000
29594  -41.162  -43.849  5.925 1.0000000000
29632  -49.093  -44.201  0.268 1.0000000000
29633  -49.606  -44.336  0.612 1.0000000000
29634  -50.211  -44.714  0.420 1.0000000000
29635  -51.683  -45.283  -0.104 1.0000000000
29636  -52.487  -44.876  0.237 1.0000000000
29637  -53.576  -44.282  0.518 1.0000000000
29638  -54.722  -44.141  0.336 1.0000000000
29647  -49.830  -44.912  -0.546 1.0000000000
29648  -50.558  -45.426  -0.800 1.0000000000
29649  -51.285  -45.751  -1.069 1.0000000000
29650  -52.037  -45.915  -1.167 1.0000000000
29651  -53.031  -45.834  -0.993 1.0000000000
29652  -54.153  -45.456  -0.772 1.0000000000
29653  -55.235  -45.031  -0.784 1.0000000000
29654  -56.928  -44.062  -0.824 1.0000000000
29655  -57.228  -43.864  -1.432 1.0000000000
29665  -49.322  -44.337  -0.904 1.0000000000
29666  -49.978  -44.958  -1.284 1.0000000000
29667  -50.387  -45.100  -1.512 1.0000000000
29668  -50.820  -45.233  -1.693 1.0000000000
29669  -51.461  -45.535  -1.885 1.0000000000
29670  -52.414  -45.786  -2.115 1.0000000000
29671  -53.609  -45.547  -2.281 1.0000000000
29672  -56.568  -44.512  -2.087 1.0000000000
29673  -57.147  -43.843  -2.528 1.0000000000
29684  -54.658  -45.228  -2.567 1.0000000000
29685  -56.449  -44.319  -2.840 1.0000000000
30524  -52.696  -42.860  8.593 1.0000000000
30525  -54.506  -42.878  8.566 1.0000000000
30526  -56.935  -42.852  8.381 1.0000000000
30527  -57.987  -43.077  8.229 1.0000000000
30536  -42.650  -42.025  6.699 1.0000000000
30537  -43.529  -42.206  6.955 1.0000000000
30538  -44.524  -42.131  7.261 1.0000000000
30539  -45.312  -42.318  7.397 1.0000000000
30540  -46.075  -42.244  7.502 1.0000000000
30541  -47.433  -42.671  7.482 1.0000000000
30542  -48.109  -42.135  7.462 1.0000000000
30543  -49.699  -41.809  7.109 1.0000000000
30544  -50.532  -41.522  6.664 1.0000000000
30545  -58.112  -42.943  8.082 1.0000000000
30555  -41.381  -42.292  6.202 1.0000000000
30556  -42.084  -42.653  6.446 1.0000000000
30557  -42.908  -42.617  6.667 1.0000000000
30558  -50.353  -42.493  6.859 1.0000000000
30559  -51.254  -42.199  6.610 1.0000000000
30560  -51.879  -42.930  6.487 1.0000000000
30561  -52.827  -42.855  6.421 1.0000000000
30562  -53.929  -42.886  6.426 1.0000000000
30563  -55.326  -43.025  6.547 1.0000000000
30564  -57.030  -43.357  6.961 1.0000000000
30565  -57.858  -42.537  7.467 1.0000000000
30574  -39.846  -42.861  5.418 1.0000000000
30575  -40.619  -42.649  5.823 1.0000000000
30583  -39.706  -42.387  4.967 1.0000000000
30584  -40.252  -42.137  5.365 1.0000000000
30607  -48.094  -42.659  1.822 1.0000000000
30608  -48.746  -42.892  2.023 1.0000000000
30609  -49.475  -42.924  2.139 1.0000000000
30610  -50.334  -42.874  2.166 1.0000000000
30611  -51.270  -42.792  2.100 1.0000000000
30623  -47.971  -42.914  0.835 1.0000000000
30624  -48.584  -43.407  1.125 1.0000000000
30625  -49.209  -43.640  1.330 1.0000000000
30626  -49.894  -43.772  1.426 1.0000000000
30627  -50.739  -43.876  1.366 1.0000000000
30628  -52.812  -43.424  1.323 1.0000000000
30629  -53.552  -43.000  1.412 1.0000000000
30630  -55.236  -43.008  1.032 1.0000000000
30631  -56.241  -42.934  0.926 1.0000000000
30632  -57.073  -42.830  0.829 1.0000000000
30633  -57.565  -42.580  0.597 1.0000000000
30640  -47.977  -42.951  -0.277 1.0000000000
30641  -48.529  -43.665  -0.036 1.0000000000
30642  -50.881  -43.001  -0.546 1.0000000000
30643  -51.714  -43.113  -0.519 1.0000000000
30644  -52.620  -43.113  -0.578 1.0000000000
30645  -55.776  -43.904  0.182 1.0000000000
30646  -56.680  -43.631  0.082 1.0000000000
30647  -57.374  -43.331  -0.226 1.0000000000
30656  -48.132  -42.737  -1.178 1.0000000000
30657  -48.672  -43.515  -1.022 1.0000000000
30658  -49.216  -43.713  -1.352 1.0000000000
30659  -50.239  -44.270  -1.429 1.0000000000
30660  -51.104  -44.501  -1.561 1.0000000000
30661  -51.940  -44.664  -1.749 1.0000000000
30662  -53.001  -44.498  -1.716 1.0000000000
30663  -55.704  -43.956  -2.763 1.0000000000
30664  -56.563  -43.426  -3.040 1.0000000000
30665  -57.622  -43.253  -1.478 1.0000000000
30675  -48.782  -42.974  -1.577 1.0000000000
30676  -49.171  -42.785  -1.677 1.0000000000
30677  -55.396  -44.725  -2.771 1.0000000000
30678  -56.068  -44.443  -2.960 1.0000000000
30679  -56.847  -43.382  -3.152 1.0000000000
30680  -57.598  -42.991  -2.819 1.0000000000
31500  -52.031  -41.364  8.581 1.0000000000
31501  -53.057  -41.620  8.450 1.0000000000
31502  -56.220  -41.883  8.288 1.0000000000
31503  -57.705  -42.481  8.256 1.0000000000
31514  -43.940  -41.484  6.960 1.0000000000
31515  -44.878  -41.440  7.146 1.0000000000
31516  -45.582  -41.722  7.373 1.0000000000
31517  -46.463  -41.501  7.348 1.0000000000
31518  -47.443  -41.673  7.413 1.0000000000
31519  -48.303  -41.369  7.246 1.0000000000
31520  -49.091  -41.351  7.111 1.0000000000
31521  -57.393  -41.539  8.056 1.0000000000
31522  -57.932  -42.037  7.736 1.0000000000
31523  -58.558  -41.196  7.284 1.0000000000
31533  -40.939  -41.872  5.785 1.0000000000
31534  -41.637  -41.569  6.129 1.0000000000
31535  -42.459  -41.345  6.427 1.0000000000
31536  -43.385  -40.960  6.529 1.0000000000
31537  -48.799  -40.887  6.826 1.0000000000
31538  -49.701  -40.993  6.669 1.0000000000
31539  -51.527  -41.269  6.293 1.0000000000
31540  -52.646  -41.380  6.192 1.0000000000
31541  -53.724  -41.480  6.192 1.0000000000
31542  -55.066  -41.598  6.285 1.0000000000
31543  -56.799  -41.791  6.627 1.0000000000
31544  -58.074  -41.762  7.294 1.0000000000
31555  -41.334  -41.233  5.556 1.0000000000
31561  -40.159  -41.758  4.615 1.0000000000
31562  -40.705  -41.469  5.184 1.0000000000
31563  -41.195  -40.939  4.950 1.0000000000
31573  -40.566  -41.343  3.896 1.0000000000
31574  -41.225  -40.845  4.264 1.0000000000
31575  -47.045  -41.480  2.916 1.0000000000
31576  -47.742  -41.573  3.154 1.0000000000
31577  -48.522  -41.438  3.377 1.0000000000
31578  -49.263  -41.433  3.344 1.0000000000
31579  -50.653  -41.050  3.389 1.0000000000
31580  -51.412  -41.061  3.163 1.0000000000
31581  -52.272  -41.127  2.896 1.0000000000
31592  -46.900  -41.716  2.101 1.0000000000
31593  -47.581  -42.018  2.381 1.0000000000
31594  -48.270  -42.171  2.599 1.0000000000
31595  -48.997  -42.183  2.741 1.0000000000
31596  -49.895  -41.911  2.882 1.0000000000
31597  -50.859  -41.868  2.721 1.0000000000
31598  -53.691  -41.455  2.435 1.0000000000
31599  -55.141  -41.503  2.238 1.0000000000
31600  -56.206  -41.491  2.274 1.0000000000
31601  -57.388  -41.500  2.222 1.0000000000
31602  -57.997  -41.498  1.802 1.0000000000
31610  -46.807  -41.694  1.208 1.0000000000
31611  -47.438  -42.258  1.533 1.0000000000
31612  -53.183  -42.298  1.922 1.0000000000
31613  -54.757  -42.224  1.689 1.0000000000
31614  -55.714  -42.189  1.637 1.0000000000
31615  -56.742  -42.197  1.572 1.0000000000
31616  -57.490  -42.133  1.373 1.0000000000
31617  -58.308  -41.153  0.956 1.0000000000
31627  -46.760  -41.559  0.249 1.0000000000
31628  -47.387  -42.267  0.540 1.0000000000
31629  -50.769  -41.718  0.152 1.0000000000
31630  -51.491  -41.898  0.293 1.0000000000
31631  -52.313  -41.981  0.280 1.0000000000
31632  -54.725  -41.801  -0.477 1.0000000000
31633  -55.726  -41.589  -0.987 1.0000000000
31634  -57.841  -42.608  -0.256 1.0000000000
31635  -58.234  -41.829  -0.282 1.0000000000
31644  -47.462  -42.159  -0.453 1.0000000000
31645  -49.807  -41.940  -1.032 1.0000000000
31646  -50.121  -42.612  -0.785 1.0000000000
31647  -54.067  -44.291  -1.905 1.0000000000
31648  -54.801  -43.253  -1.546 1.0000000000
31649  -55.726  -42.706  -1.804 1.0000000000
31650  -57.240  -42.540  -3.466 1.0000000000
31651  -58.031  -42.471  -1.646 1.0000000000
31652  -58.382  -41.616  -1.852 1.0000000000
31661  -48.208  -42.165  -1.895 1.0000000000
31662  -48.972  -42.133  -1.978 1.0000000000
31663  -49.619  -41.533  -1.696 1.0000000000
31664  -57.557  -42.231  -3.557 1.0000000000
31665  -58.051  -42.234  -3.283 1.0000000000
32458  -51.606  -40.471  8.533 1.0000000000
32459  -52.565  -40.793  8.338 1.0000000000
32460  -53.570  -41.024  8.207 1.0000000000
32461  -54.750  -41.045  8.075 1.0000000000
32471  -44.320  -40.976  6.770 1.0000000000
32472  -45.040  -40.959  6.875 1.0000000000
32473  -45.663  -41.167  7.112 1.0000000000
32474  -46.407  -40.845  6.904 1.0000000000
32475  -47.212  -41.034  7.133 1.0000000000
32476  -47.959  -40.805  6.879 1.0000000000
32477  -52.974  -40.336  8.040 1.0000000000
32478  -53.770  -40.269  7.852 1.0000000000
32479  -55.938  -40.910  7.932 1.0000000000
32480  -56.774  -40.585  7.689 1.0000000000
32481  -58.052  -41.089  7.644 1.0000000000
32490  -41.967  -40.927  5.902 1.0000000000
32491  -42.673  -40.769  6.093 1.0000000000
32492  -44.027  -40.658  6.298 1.0000000000
32493  -44.781  -40.667  6.387 1.0000000000
32494  -45.591  -40.721  6.591 1.0000000000
32495  -46.269  -40.483  6.100 1.0000000000
32496  -47.156  -40.606  6.513 1.0000000000
32497  -49.164  -40.534  6.208 1.0000000000
32498  -49.950  -40.590  6.102 1.0000000000
32499  -50.595  -40.847  6.221 1.0000000000
32500  -52.191  -40.767  5.851 1.0000000000
32501  -53.138  -40.879  5.830 1.0000000000
32502  -54.187  -40.955  5.909 1.0000000000
32503  -55.510  -41.082  6.020 1.0000000000
32504  -57.138  -41.268  6.409 1.0000000000
32505  -58.647  -41.332  6.958 1.0000000000
32506  -59.108  -40.849  7.075 1.0000000000
32507  -59.267  -40.406  6.650 1.0000000000
32517  -42.427  -40.577  5.378 1.0000000000
32518  -43.393  -40.526  5.781 1.0000000000
32519  -44.387  -40.471  5.727 1.0000000000
32520  -45.328  -40.467  5.812 1.0000000000
32521  -45.956  -40.441  5.050 1.0000000000
32522  -48.069  -40.415  5.377 1.0000000000
32523  -49.630  -40.362  5.480 1.0000000000
32524  -50.506  -40.381  5.522 1.0000000000
32525  -51.324  -40.616  5.792 1.0000000000
32526  -52.689  -40.389  5.322 1.0000000000
32527  -53.587  -40.414  5.378 1.0000000000
32528  -54.593  -40.472  5.433 1.0000000000
32529  -55.799  -40.572  5.481 1.0000000000
32530  -57.291  -40.669  5.606 1.0000000000
32531  -58.928  -40.759  6.246 1.0000000000
32532  -59.351  -40.241  5.923 1.0000000000
32541  -41.796  -40.606  4.735 1.0000000000
32542  -42.553  -40.439  4.506 1.0000000000
32543  -43.400  -40.362  4.283 1.0000000000
32544  -44.415  -40.376  4.111 1.0000000000
32545  -46.029  -40.619  3.999 1.0000000000
32546  -46.735  -40.593  4.467 1.0000000000
32547  -47.574  -40.597  4.585 1.0000000000
32548  -48.454  -40.549  4.567 1.0000000000
32549  -49.210  -40.364  4.812 1.0000000000
32550  -49.975  -40.341  4.633 1.0000000000
32551  -51.409  -40.245  4.516 1.0000000000
32552  -52.274  -40.185  4.543 1.0000000000
32553  -53.131  -40.119  4.586 1.0000000000
32554  -54.019  -40.079  4.693 1.0000000000
32555  -55.979  -40.298  4.656 1.0000000000
32556  -58.000  -40.547  5.204 1.0000000000
32557  -58.849  -40.383  5.165 1.0000000000
32558  -59.182  -40.054  4.935 1.0000000000
32568  -41.933  -40.544  3.956 1.0000000000
32569  -42.751  -40.417  3.669 1.0000000000
32570  -43.624  -40.364  3.401 1.0000000000
32571  -44.503  -40.420  3.115 1.0000000000
32572  -45.226  -40.511  3.604 1.0000000000
32573  -47.166  -40.982  3.749 1.0000000000
32574  -47.961  -40.987  3.880 1.0000000000
32575  -49.913  -40.887  3.701 1.0000000000
32576  -50.656  -40.415  4.125 1.0000000000
32577  -51.874  -40.453  3.726 1.0000000000
32578  -52.711  -40.346  3.694 1.0000000000
32579  -53.169  -40.805  2.973 1.0000000000
32580  -55.193  -40.219  3.902 1.0000000000
32581  -56.261  -40.448  3.751 1.0000000000
32582  -57.574  -40.693  3.611 1.0000000000
32583  -58.586  -40.404  4.037 1.0000000000
32584  -58.985  -40.069  4.057 1.0000000000
32591  -42.141  -40.600  3.132 1.0000000000
32592  -42.945  -40.465  2.799 1.0000000000
32593  -43.802  -40.407  2.484 1.0000000000
32594  -44.759  -40.505  2.211 1.0000000000
32595  -45.663  -40.827  2.342 1.0000000000
32596  -46.381  -41.206  2.615 1.0000000000
32597  -54.482  -41.028  2.714 1.0000000000
32598  -55.458  -40.778  3.018 1.0000000000
32599  -56.727  -40.929  2.940 1.0000000000
32600  -58.122  -40.992  2.885 1.0000000000
32601  -58.484  -40.346  3.262 1.0000000000
32611  -45.356  -40.692  1.477 1.0000000000
32612  -46.219  -41.231  1.783 1.0000000000
32613  -51.003  -40.049  1.168 1.0000000000
32614  -51.784  -40.203  1.225 1.0000000000
32615  -52.646  -40.260  1.175 1.0000000000
32616  -53.609  -40.327  0.883 1.0000000000
32617  -54.431  -40.069  0.650 1.0000000000
32618  -58.315  -40.777  2.197 1.0000000000
32629  -46.091  -41.072  0.887 1.0000000000
32630  -50.214  -40.235  0.353 1.0000000000
32631  -50.679  -40.617  0.565 1.0000000000
32632  -51.282  -40.861  0.706 1.0000000000
32633  -52.075  -40.995  0.759 1.0000000000
32634  -52.912  -41.107  0.646 1.0000000000
32635  -54.334  -40.804  0.376 1.0000000000
32636  -55.237  -40.586  -0.050 1.0000000000
32637  -58.511  -40.942  -0.362 1.0000000000
32647  -50.135  -40.702  -0.413 1.0000000000
32648  -50.324  -41.297  -0.147 1.0000000000
32649  -56.357  -40.968  -1.383 1.0000000000
32650  -57.013  -41.845  -3.113 1.0000000000
32651  -58.576  -40.634  -1.962 1.0000000000
32662  -57.709  -41.672  -3.995 1.0000000000
32663  -58.039  -41.012  -4.515 1.0000000000
32664  -58.311  -41.352  -3.543 1.0000000000
32678  -58.050  -40.396  -4.518 1.0000000000
33564  -51.125  -39.589  8.570 1.0000000000
33565  -52.095  -39.802  8.150 1.0000000000
33579  -52.935  -39.573  7.770 1.0000000000
33580  -53.821  -39.273  7.507 1.0000000000
33581  -54.919  -39.344  7.403 1.0000000000
33582  -56.032  -39.606  7.388 1.0000000000
33583  -57.397  -40.011  7.429 1.0000000000
33584  -58.709  -40.658  7.332 1.0000000000
33590  -56.439  -39.130  7.125 1.0000000000
33591  -58.261  -39.640  7.129 1.0000000000
33592  -59.218  -40.096  6.943 1.0000000000
33593  -59.448  -39.835  6.331 1.0000000000
33602  -59.484  -39.600  5.646 1.0000000000
33612  -59.141  -39.432  4.545 1.0000000000
33622  -58.755  -39.647  3.409 1.0000000000
33632  -58.569  -39.909  2.447 1.0000000000
33640  -49.944  -39.262  1.250 1.0000000000
33641  -50.653  -39.160  1.481 1.0000000000
33642  -51.486  -39.414  1.500 1.0000000000
33643  -52.289  -39.492  1.495 1.0000000000
33644  -53.171  -39.376  1.417 1.0000000000
33645  -54.063  -39.412  1.095 1.0000000000
33646  -58.532  -40.095  1.295 1.0000000000
33654  -49.069  -39.400  0.498 1.0000000000
33655  -49.737  -39.624  0.772 1.0000000000
33656  -50.338  -39.833  1.012 1.0000000000
33657  -54.997  -39.360  0.543 1.0000000000
33658  -55.946  -39.777  -0.381 1.0000000000
33659  -56.441  -39.128  -0.880 1.0000000000
33660  -58.601  -39.905  -0.208 1.0000000000
33669  -49.783  -39.978  0.051 1.0000000000
33670  -56.710  -40.065  -1.649 1.0000000000
33671  -58.630  -39.611  -2.070 1.0000000000
33682  -57.297  -40.343  -3.172 1.0000000000
33683  -57.855  -40.226  -4.492 1.0000000000
33684  -58.412  -40.455  -3.741 1.0000000000
34548  -51.644  -38.098  7.912 1.0000000000
34549  -52.484  -38.125  7.543 1.0000000000
34550  -53.433  -38.174  7.257 1.0000000000
34551  -54.311  -38.589  7.205 1.0000000000
34558  -56.501  -38.390  6.752 1.0000000000
34559  -58.697  -38.951  6.622 1.0000000000
34560  -59.324  -39.288  6.405 1.0000000000
34567  -59.110  -38.372  6.099 1.0000000000
34576  -59.339  -38.795  5.479 1.0000000000
34585  -58.720  -38.861  3.518 1.0000000000
34607  -47.541  -38.428  1.176 1.0000000000
34608  -49.210  -38.985  1.198 1.0000000000
34609  -49.906  -38.513  1.573 1.0000000000
34610  -50.725  -38.124  1.805 1.0000000000
34611  -51.619  -38.066  1.862 1.0000000000
34612  -52.419  -38.174  1.771 1.0000000000
34613  -53.133  -38.452  1.600 1.0000000000
34614  -53.715  -38.760  1.372 1.0000000000
34615  -58.640  -39.098  0.877 1.0000000000
34626  -48.285  -38.925  0.893 1.0000000000
34627  -54.398  -38.594  1.074 1.0000000000
34628  -55.205  -38.385  0.513 1.0000000000
34629  -58.681  -38.858  -0.430 1.0000000000
34643  -56.031  -38.332  -0.342 1.0000000000
34644  -56.810  -38.587  -1.828 1.0000000000
34645  -58.643  -38.666  -1.883 1.0000000000
34660  -57.648  -39.175  -4.194 1.0000000000
34661  -58.033  -39.494  -4.673 1.0000000000
34662  -58.408  -39.430  -3.915 1.0000000000
35574  -52.055  -37.367  7.635 1.0000000000
35575  -52.852  -37.394  7.276 1.0000000000
35576  -53.593  -37.248  6.954 1.0000000000
35577  -54.268  -37.789  6.896 1.0000000000
35586  -54.219  -36.956  6.608 1.0000000000
35587  -54.940  -37.320  6.552 1.0000000000
35588  -55.880  -37.524  6.474 1.0000000000
35589  -56.951  -37.644  6.350 1.0000000000
35590  -58.088  -37.906  6.267 1.0000000000
35596  -57.295  -37.202  5.953 1.0000000000
35597  -58.188  -37.620  5.772 1.0000000000
35598  -58.709  -38.036  5.251 1.0000000000
35606  -57.326  -37.206  5.173 1.0000000000
35614  -57.191  -37.234  3.629 1.0000000000
35615  -58.103  -37.717  4.181 1.0000000000
35616  -58.846  -38.506  4.440 1.0000000000
35625  -47.715  -36.841  1.748 1.0000000000
35626  -57.150  -37.163  2.669 1.0000000000
35627  -58.356  -38.228  2.637 1.0000000000
35639  -47.646  -37.719  1.551 1.0000000000
35640  -48.469  -37.312  1.648 1.0000000000
35641  -49.392  -37.768  1.670 1.0000000000
35642  -50.218  -37.304  1.686 1.0000000000
35643  -51.191  -37.380  1.746 1.0000000000
35644  -52.098  -37.437  1.692 1.0000000000
35645  -53.002  -37.653  1.586 1.0000000000
35646  -53.792  -38.033  1.408 1.0000000000
35647  -58.090  -37.278  0.899 1.0000000000
35648  -58.539  -38.111  0.667 1.0000000000
35659  -53.931  -36.503  0.384 1.0000000000
35660  -54.545  -37.760  0.870 1.0000000000
35661  -55.405  -37.629  0.063 1.0000000000
35662  -58.587  -37.407  -0.030 1.0000000000
35672  -56.313  -37.727  -1.085 1.0000000000
35673  -57.180  -38.139  -3.106 1.0000000000
35674  -58.655  -37.766  -1.494 1.0000000000
35682  -58.254  -38.477  -4.393 1.0000000000
35683  -58.212  -38.773  -4.505 1.0000000000
35697  -57.961  -37.683  -4.928 1.0000000000
35698  -58.145  -37.807  -4.682 1.0000000000
36570  -52.497  -36.658  7.336 1.0000000000
36571  -53.148  -36.760  7.045 1.0000000000
36583  -52.996  -36.081  6.939 1.0000000000
36584  -53.705  -36.425  6.632 1.0000000000
36585  -54.653  -36.578  6.254 1.0000000000
36586  -55.393  -36.767  6.139 1.0000000000
36597  -54.171  -35.981  6.088 1.0000000000
36598  -54.829  -36.271  5.689 1.0000000000
36599  -56.293  -36.958  6.041 1.0000000000
36600  -56.450  -36.865  5.231 1.0000000000
36608  -54.851  -36.122  4.773 1.0000000000
36609  -55.626  -36.493  4.242 1.0000000000
36610  -56.678  -36.935  4.320 1.0000000000
36620  -54.812  -35.931  3.891 1.0000000000
36621  -56.247  -36.710  3.177 1.0000000000
36628  -47.142  -36.388  2.086 1.0000000000
36629  -55.859  -36.218  2.450 1.0000000000
36630  -56.576  -36.606  2.161 1.0000000000
36631  -57.475  -37.063  1.725 1.0000000000
36641  -49.195  -36.731  1.555 1.0000000000
36642  -49.991  -36.377  1.343 1.0000000000
36643  -50.709  -36.083  1.078 1.0000000000
36644  -51.619  -36.618  1.371 1.0000000000
36645  -52.688  -36.853  1.297 1.0000000000
36646  -56.129  -35.945  1.751 1.0000000000
36647  -56.881  -36.346  1.361 1.0000000000
36648  -57.565  -36.672  0.970 1.0000000000
36658  -51.371  -35.768  0.670 1.0000000000
36659  -52.289  -36.083  0.731 1.0000000000
36660  -53.186  -36.343  0.611 1.0000000000
36661  -54.604  -37.001  0.319 1.0000000000
36662  -57.314  -35.983  0.676 1.0000000000
36663  -58.173  -36.559  0.248 1.0000000000
36664  -58.634  -36.952  -0.624 1.0000000000
36673  -53.593  -35.858  -0.112 1.0000000000
36674  -54.452  -36.264  -0.314 1.0000000000
36675  -55.530  -36.883  -0.760 1.0000000000
36676  -56.511  -37.315  -2.012 1.0000000000
36677  -58.625  -37.058  -1.741 1.0000000000
36684  -55.053  -35.994  -1.250 1.0000000000
36685  -56.130  -36.603  -2.100 1.0000000000
36686  -57.280  -37.534  -3.941 1.0000000000
36687  -58.409  -36.740  -3.552 1.0000000000
36694  -56.571  -36.584  -3.460 1.0000000000
36695  -57.583  -37.240  -4.836 1.0000000000
36696  -57.979  -37.432  -5.121 1.0000000000
36697  -58.111  -37.055  -4.872 1.0000000000
36705  -57.569  -36.850  -5.006 1.0000000000
36706  -57.818  -36.980  -5.092 1.0000000000
36707  -57.771  -36.307  -4.891 1.0000000000
37499  -53.440  -35.643  6.376 1.0000000000
37506  -53.630  -35.339  5.626 1.0000000000
37507  -54.222  -35.732  5.203 1.0000000000
37515  -53.683  -35.120  4.710 1.0000000000
37516  -54.259  -35.521  4.263 1.0000000000
37528  -46.215  -35.594  3.450 1.0000000000
37529  -47.039  -35.327  3.117 1.0000000000
37530  -53.818  -34.887  3.896 1.0000000000
37531  -54.403  -35.286  3.298 1.0000000000
37541  -46.644  -35.948  2.703 1.0000000000
37542  -47.420  -35.654  2.348 1.0000000000
37543  -47.984  -35.295  1.981 1.0000000000
37544  -54.861  -35.263  2.578 1.0000000000
37545  -55.446  -35.577  2.192 1.0000000000
37556  -48.495  -35.298  1.505 1.0000000000
37557  -49.166  -35.167  0.991 1.0000000000
37558  -49.912  -35.410  0.717 1.0000000000
37559  -50.634  -35.407  0.479 1.0000000000
37560  -55.793  -35.142  1.478 1.0000000000
37561  -56.547  -35.556  1.079 1.0000000000
37569  -49.851  -34.573  0.465 1.0000000000
37570  -50.386  -34.720  0.100 1.0000000000
37571  -51.023  -35.032  -0.049 1.0000000000
37572  -51.864  -35.330  0.038 1.0000000000
37573  -52.728  -35.588  0.002 1.0000000000
37574  -57.116  -35.137  0.467 1.0000000000
37575  -57.921  -35.639  0.077 1.0000000000
37576  -58.592  -36.181  -0.698 1.0000000000
37585  -51.413  -34.673  -0.522 1.0000000000
37586  -52.148  -34.821  -0.643 1.0000000000
37587  -53.055  -35.101  -0.776 1.0000000000
37588  -54.043  -35.460  -0.896 1.0000000000
37589  -58.441  -35.331  -0.463 1.0000000000
37596  -54.569  -35.158  -1.756 1.0000000000
37597  -55.586  -35.802  -2.335 1.0000000000
37598  -58.530  -35.698  -2.401 1.0000000000
37603  -56.154  -35.771  -3.561 1.0000000000
37604  -56.776  -35.992  -4.779 1.0000000000
37605  -58.250  -36.029  -3.926 1.0000000000
37614  -57.358  -36.218  -5.042 1.0000000000
38455  -45.941  -34.310  5.305 1.0000000000
38456  -46.789  -34.044  5.013 1.0000000000
38470  -46.290  -34.656  4.602 1.0000000000
38471  -47.123  -34.361  4.280 1.0000000000
38472  -47.854  -33.939  3.858 1.0000000000
38485  -46.664  -35.008  3.888 1.0000000000
38486  -47.431  -34.656  3.483 1.0000000000
38487  -48.123  -34.264  3.011 1.0000000000
38489  -54.081  -34.451  3.308 1.0000000000
38499  -47.719  -34.960  2.635 1.0000000000
38500  -48.388  -34.634  2.046 1.0000000000
38501  -48.998  -34.111  1.673 1.0000000000
38502  -54.569  -34.583  2.669 1.0000000000
38503  -55.195  -34.664  2.000 1.0000000000
38510  -48.845  -34.758  1.315 1.0000000000
38511  -49.355  -34.395  0.954 1.0000000000
38512  -49.907  -33.924  0.503 1.0000000000
38513  -55.770  -34.385  1.491 1.0000000000
38514  -56.414  -34.555  0.955 1.0000000000
38521  -50.358  -34.114  -0.116 1.0000000000
38522  -50.830  -34.295  -0.502 1.0000000000
38523  -57.155  -34.342  0.523 1.0000000000
38524  -58.667  -33.921  -0.133 1.0000000000
38532  -50.906  -33.884  -0.666 1.0000000000
38533  -51.452  -34.116  -1.065 1.0000000000
38534  -52.416  -34.307  -1.338 1.0000000000
38535  -58.786  -34.714  -0.642 1.0000000000
38541  -52.863  -33.879  -1.858 1.0000000000
38542  -53.463  -34.575  -1.544 1.0000000000
38543  -55.158  -34.877  -2.794 1.0000000000
38544  -58.855  -34.739  -1.518 1.0000000000
38547  -54.512  -33.909  -2.850 1.0000000000
38548  -55.290  -34.267  -3.477 1.0000000000
38549  -55.964  -35.010  -4.107 1.0000000000
38550  -58.449  -34.738  -2.833 1.0000000000
38558  -55.854  -34.115  -4.395 1.0000000000
38559  -56.755  -35.030  -5.072 1.0000000000
38560  -57.262  -35.370  -5.134 1.0000000000
38561  -57.883  -35.211  -4.421 1.0000000000
38572  -56.987  -34.445  -5.332 1.0000000000
39328  -45.289  -33.444  6.613 1.0000000000
39329  -46.122  -33.324  6.379 1.0000000000
39330  -46.928  -33.038  6.091 1.0000000000
39341  -45.608  -33.896  5.948 1.0000000000
39342  -46.440  -33.684  5.694 1.0000000000
39343  -47.267  -33.364  5.384 1.0000000000
39344  -47.998  -32.966  5.004 1.0000000000
39358  -47.571  -33.652  4.639 1.0000000000
39359  -48.286  -33.255  4.248 1.0000000000
39360  -48.950  -32.867  3.877 1.0000000000
39373  -48.522  -33.528  3.439 1.0000000000
39374  -49.167  -33.146  3.080 1.0000000000
39375  -49.832  -32.811  2.811 1.0000000000
39384  -48.731  -33.814  2.555 1.0000000000
39385  -49.381  -33.432  2.234 1.0000000000
39386  -50.035  -33.024  2.019 1.0000000000
39387  -54.437  -33.802  2.926 1.0000000000
39388  -55.030  -33.838  2.335 1.0000000000
39396  -49.608  -33.687  1.360 1.0000000000
39397  -50.336  -33.268  1.182 1.0000000000
39398  -50.662  -33.485  0.160 1.0000000000
39399  -55.523  -33.925  1.793 1.0000000000
39400  -56.249  -33.613  1.408 1.0000000000
39408  -51.237  -33.341  -0.391 1.0000000000
39409  -51.591  -33.561  -0.988 1.0000000000
39410  -56.862  -33.807  0.813 1.0000000000
39411  -57.753  -33.641  0.479 1.0000000000
39412  -59.264  -33.290  -0.320 1.0000000000
39413  -59.549  -33.229  -1.091 1.0000000000
39420  -52.183  -33.700  -1.433 1.0000000000
39421  -59.231  -34.014  -0.880 1.0000000000
39424  -52.879  -33.257  -1.874 1.0000000000
39425  -53.546  -33.566  -2.329 1.0000000000
39426  -59.079  -33.857  -1.708 1.0000000000
39432  -53.534  -32.851  -2.368 1.0000000000
39433  -54.187  -33.070  -2.919 1.0000000000
39434  -55.053  -33.489  -3.529 1.0000000000
39435  -58.719  -33.549  -2.736 1.0000000000
39439  -54.846  -32.635  -3.546 1.0000000000
39440  -55.624  -33.105  -4.327 1.0000000000
39441  -56.579  -33.642  -5.106 1.0000000000
39442  -57.679  -33.423  -4.644 1.0000000000
39443  -58.097  -34.078  -3.868 1.0000000000
39457  -57.074  -33.393  -5.316 1.0000000000
40311  -45.347  -32.586  7.485 1.0000000000
40312  -46.212  -32.282  7.417 1.0000000000
40313  -47.028  -32.014  7.123 1.0000000000
40322  -45.827  -32.905  6.981 1.0000000000
40323  -46.584  -32.657  6.757 1.0000000000
40324  -47.344  -32.387  6.459 1.0000000000
40325  -48.060  -32.061  6.171 1.0000000000
40338  -47.681  -32.684  5.749 1.0000000000
40339  -48.427  -32.339  5.432 1.0000000000
40340  -49.178  -31.995  5.122 1.0000000000
40357  -48.711  -32.603  4.653 1.0000000000
40358  -49.447  -32.303  4.354 1.0000000000
40359  -50.183  -32.038  4.077 1.0000000000
40372  -49.662  -32.569  3.592 1.0000000000
40373  -50.401  -32.319  3.333 1.0000000000
40374  -51.176  -32.152  2.918 1.0000000000
40388  -50.805  -32.644  2.005 1.0000000000
40389  -51.728  -32.214  2.059 1.0000000000
40390  -52.441  -32.036  1.565 1.0000000000
40402  -51.117  -32.777  1.156 1.0000000000
40403  -51.480  -32.835  0.376 1.0000000000
40404  -53.035  -31.887  1.076 1.0000000000
40411  -51.947  -32.840  -0.354 1.0000000000
40414  -59.802  -32.016  0.235 1.0000000000
40419  -52.427  -32.950  -1.267 1.0000000000
40420  -53.154  -32.366  -1.104 1.0000000000
40421  -53.553  -32.166  -1.476 1.0000000000
40422  -59.704  -32.606  -0.472 1.0000000000
40428  -53.128  -32.657  -1.817 1.0000000000
40429  -53.740  -32.264  -2.149 1.0000000000
40430  -59.367  -32.958  -1.963 1.0000000000
40431  -59.803  -32.386  -1.323 1.0000000000
40436  -54.201  -32.385  -2.854 1.0000000000
40437  -58.935  -32.563  -3.057 1.0000000000
40438  -59.515  -31.979  -2.352 1.0000000000
40445  -55.411  -32.291  -4.209 1.0000000000
40446  -56.127  -32.483  -4.945 1.0000000000
40447  -57.557  -32.579  -4.956 1.0000000000
40448  -58.302  -32.140  -4.289 1.0000000000
40461  -56.740  -32.674  -5.311 1.0000000000
40462  -57.094  -32.154  -5.351 1.0000000000
40463  -57.623  -31.513  -5.168 1.0000000000
41302  -46.191  -31.027  8.182 1.0000000000
41314  -45.654  -31.774  8.015 1.0000000000
41315  -46.615  -31.531  7.700 1.0000000000
41316  -47.548  -31.260  7.319 1.0000000000
41317  -48.331  -30.656  7.097 1.0000000000
41330  -47.665  -31.819  6.757 1.0000000000
41331  -48.289  -31.388  6.653 1.0000000000
41332  -49.138  -30.805  6.442 1.0000000000
41347  -48.812  -31.665  5.911 1.0000000000
41348  -49.643  -31.301  5.599 1.0000000000
41349  -50.554  -31.015  5.192 1.0000000000
41361  -49.929  -31.692  4.791 1.0000000000
41362  -50.575  -31.534  4.492 1.0000000000
41363  -51.778  -31.108  4.076 1.0000000000
41364  -52.483  -30.640  4.047 1.0000000000
41373  -51.007  -31.717  3.850 1.0000000000
41374  -51.678  -31.612  3.428 1.0000000000
41375  -53.122  -31.156  2.937 1.0000000000
41386  -51.946  -31.789  2.869 1.0000000000
41387  -52.613  -31.649  2.447 1.0000000000
41388  -53.416  -31.337  2.304 1.0000000000
41389  -54.124  -31.044  2.062 1.0000000000
41396  -53.059  -31.702  1.830 1.0000000000
41397  -54.426  -31.276  1.194 1.0000000000
41398  -55.126  -30.838  1.175 1.0000000000
41407  -53.052  -32.178  -0.078 1.0000000000
41408  -54.158  -31.607  0.218 1.0000000000
41409  -55.096  -31.162  0.408 1.0000000000
41417  -53.775  -31.882  -0.738 1.0000000000
41418  -54.732  -31.475  -0.583 1.0000000000
41419  -60.111  -31.849  -0.678 1.0000000000
41427  -54.141  -31.784  -1.516 1.0000000000
41428  -54.913  -31.397  -1.673 1.0000000000
41429  -60.001  -31.448  -1.637 1.0000000000
41436  -54.397  -31.749  -2.455 1.0000000000
41437  -55.109  -31.241  -2.798 1.0000000000
41438  -55.611  -31.014  -3.917 1.0000000000
41439  -59.007  -31.442  -3.650 1.0000000000
41440  -59.574  -30.855  -2.890 1.0000000000
41452  -55.825  -31.622  -4.530 1.0000000000
41453  -58.299  -30.833  -4.863 1.0000000000
41454  -58.887  -30.144  -4.346 1.0000000000
41461  -56.670  -31.599  -5.235 1.0000000000
41462  -57.154  -31.164  -5.405 1.0000000000
41463  -57.546  -30.479  -5.319 1.0000000000
42307  -45.824  -30.392  8.334 1.0000000000
42308  -47.051  -30.068  7.953 1.0000000000
42324  -46.963  -30.814  7.880 1.0000000000
42325  -47.659  -30.414  7.554 1.0000000000
42326  -48.244  -29.973  7.345 1.0000000000
42337  -48.887  -29.963  6.972 1.0000000000
42338  -49.632  -29.898  6.527 1.0000000000
42339  -50.276  -29.723  6.190 1.0000000000
42350  -50.061  -30.490  5.982 1.0000000000
42351  -50.901  -30.016  5.675 1.0000000000
42352  -51.695  -29.819  5.245 1.0000000000
42353  -52.293  -29.635  4.945 1.0000000000
42360  -51.338  -30.564  4.997 1.0000000000
42361  -52.029  -30.371  4.652 1.0000000000
42362  -52.888  -29.859  4.460 1.0000000000
42367  -53.239  -30.510  3.589 1.0000000000
42368  -54.129  -30.094  3.315 1.0000000000
42372  -53.751  -30.758  2.790 1.0000000000
42373  -54.503  -30.408  2.551 1.0000000000
42374  -55.249  -30.073  2.280 1.0000000000
42381  -54.813  -30.668  1.803 1.0000000000
42382  -55.502  -30.340  1.551 1.0000000000
42383  -56.179  -30.032  1.208 1.0000000000
42390  -55.708  -30.566  0.815 1.0000000000
42391  -56.378  -30.228  0.466 1.0000000000
42392  -57.005  -29.821  0.026 1.0000000000
42399  -55.861  -30.771  -0.076 1.0000000000
42400  -56.332  -30.587  -1.146 1.0000000000
42401  -57.110  -30.054  -0.865 1.0000000000
42409  -55.657  -30.952  -1.970 1.0000000000
42410  -56.438  -30.507  -2.538 1.0000000000
42411  -57.131  -30.133  -1.981 1.0000000000
42412  -60.105  -30.399  -2.028 1.0000000000
42422  -55.795  -30.812  -3.079 1.0000000000
42423  -56.477  -30.384  -4.100 1.0000000000
42424  -57.336  -29.743  -4.891 1.0000000000
42425  -59.558  -29.584  -3.514 1.0000000000
42434  -56.433  -30.811  -4.842 1.0000000000
42435  -57.451  -29.898  -5.195 1.0000000000
42436  -58.061  -29.753  -5.117 1.0000000000
42437  -58.562  -29.050  -4.551 1.0000000000
42443  -57.021  -30.518  -5.353 1.0000000000
43292  -45.596  -29.704  8.280 1.0000000000
43293  -46.874  -29.251  7.793 1.0000000000
43308  -47.677  -29.606  7.571 1.0000000000
43317  -48.438  -29.168  7.212 1.0000000000
43318  -49.238  -29.150  6.784 1.0000000000
43319  -49.965  -29.110  6.436 1.0000000000
43329  -50.676  -29.108  6.046 1.0000000000
43330  -51.374  -29.149  5.614 1.0000000000
43331  -52.054  -29.099  5.276 1.0000000000
43336  -52.720  -29.037  4.946 1.0000000000
43337  -53.453  -28.982  4.583 1.0000000000
43338  -54.159  -28.849  4.212 1.0000000000
43343  -53.756  -29.629  4.029 1.0000000000
43344  -54.467  -29.335  3.676 1.0000000000
43345  -55.120  -28.951  3.416 1.0000000000
43350  -54.878  -29.708  3.006 1.0000000000
43351  -55.675  -29.219  2.660 1.0000000000
43352  -56.309  -29.086  2.090 1.0000000000
43357  -55.909  -29.716  1.893 1.0000000000
43358  -56.539  -29.372  1.484 1.0000000000
43359  -57.074  -28.985  1.061 1.0000000000
43366  -56.775  -29.615  0.789 1.0000000000
43367  -57.455  -28.990  0.294 1.0000000000
43374  -57.610  -29.309  -0.668 1.0000000000
43375  -58.227  -28.434  -1.773 1.0000000000
43376  -60.254  -29.225  -0.464 1.0000000000
43385  -57.729  -29.489  -1.751 1.0000000000
43386  -58.267  -28.804  -3.097 1.0000000000
43387  -60.291  -28.794  -1.726 1.0000000000
43398  -57.919  -29.166  -4.370 1.0000000000
43399  -58.699  -28.376  -4.333 1.0000000000
43400  -59.852  -28.259  -3.251 1.0000000000
43407  -58.134  -29.335  -4.718 1.0000000000
43408  -58.606  -28.099  -4.437 1.0000000000
43409  -59.202  -28.429  -4.213 1.0000000000
44230  -44.740  -29.015  8.088 1.0000000000
44231  -45.432  -29.019  8.008 1.0000000000
44232  -46.096  -29.306  8.025 1.0000000000
44245  -43.413  -28.209  7.615 1.0000000000
44246  -44.160  -28.568  7.787 1.0000000000
44247  -45.477  -28.424  7.501 1.0000000000
44248  -47.650  -28.792  7.383 1.0000000000
44253  -46.753  -27.864  6.718 1.0000000000
44254  -47.572  -28.100  6.898 1.0000000000
44255  -48.834  -28.410  6.739 1.0000000000
44256  -49.554  -28.445  6.469 1.0000000000
44257  -50.261  -28.427  6.169 1.0000000000
44262  -51.044  -28.338  5.698 1.0000000000
44263  -51.718  -28.564  5.422 1.0000000000
44264  -52.319  -28.387  5.125 1.0000000000
44269  -53.044  -28.247  4.759 1.0000000000
44270  -53.809  -28.197  4.427 1.0000000000
44271  -54.457  -28.179  4.071 1.0000000000
44276  -55.033  -28.199  3.647 1.0000000000
44277  -55.672  -28.292  3.110 1.0000000000
44283  -56.276  -28.390  2.421 1.0000000000
44284  -56.841  -28.430  1.625 1.0000000000
44289  -57.385  -28.150  0.777 1.0000000000
44295  -57.737  -27.895  -0.127 1.0000000000
44303  -58.066  -27.562  -1.205 1.0000000000
44304  -58.287  -27.210  -2.349 1.0000000000
44305  -60.238  -28.129  -0.987 1.0000000000
44314  -58.523  -27.438  -3.528 1.0000000000
44315  -60.186  -27.640  -2.381 1.0000000000
44323  -58.968  -27.371  -4.251 1.0000000000
44324  -59.606  -27.286  -3.507 1.0000000000
44330  -59.032  -27.424  -4.298 1.0000000000
45170  -43.895  -27.738  7.136 1.0000000000
45171  -44.747  -28.105  7.314 1.0000000000
45172  -46.137  -28.178  7.158 1.0000000000
45178  -43.888  -27.155  6.386 1.0000000000
45179  -46.347  -27.490  5.779 1.0000000000
45180  -47.444  -27.616  6.204 1.0000000000
45181  -48.341  -27.814  6.408 1.0000000000
45182  -49.849  -27.939  6.155 1.0000000000
45187  -45.711  -27.297  4.795 1.0000000000
45188  -47.469  -27.432  5.302 1.0000000000
45189  -48.989  -27.455  5.626 1.0000000000
45190  -49.789  -27.536  5.640 1.0000000000
45191  -50.411  -27.823  5.776 1.0000000000
45192  -51.754  -27.919  5.278 1.0000000000
45197  -45.168  -26.982  4.063 1.0000000000
45198  -46.727  -27.429  4.605 1.0000000000
45199  -47.828  -27.430  4.208 1.0000000000
45200  -48.857  -27.303  3.843 1.0000000000
45201  -50.134  -27.105  4.853 1.0000000000
45202  -50.948  -26.974  4.680 1.0000000000
45203  -51.693  -27.253  4.821 1.0000000000
45204  -53.369  -27.458  4.424 1.0000000000
45205  -54.152  -27.471  4.094 1.0000000000
45209  -47.520  -27.576  2.357 1.0000000000
45210  -54.745  -27.605  3.771 1.0000000000
45211  -55.407  -27.314  3.279 1.0000000000
45217  -47.751  -27.544  1.335 1.0000000000
45218  -48.503  -27.476  1.700 1.0000000000
45219  -56.148  -27.456  2.600 1.0000000000
45220  -56.630  -27.602  1.955 1.0000000000
45225  -57.011  -27.125  1.017 1.0000000000
45226  -57.384  -27.197  0.153 1.0000000000
45234  -57.464  -26.697  -0.915 1.0000000000
45244  -57.791  -26.329  -2.103 1.0000000000
45245  -58.324  -26.378  -3.078 1.0000000000
45246  -60.220  -26.890  -1.611 1.0000000000
45256  -58.856  -26.590  -3.897 1.0000000000
45257  -59.603  -26.473  -3.088 1.0000000000
45262  -59.006  -26.855  -4.136 1.0000000000
45263  -59.069  -26.727  -4.091 1.0000000000
46129  -42.716  -26.735  7.093 1.0000000000
46136  -43.356  -26.495  6.402 1.0000000000
46137  -43.856  -26.657  5.841 1.0000000000
46138  -44.509  -27.081  5.761 1.0000000000
46144  -43.591  -26.150  5.719 1.0000000000
46145  -43.967  -26.419  5.068 1.0000000000
46146  -44.797  -26.973  4.869 1.0000000000
46151  -44.338  -26.454  4.111 1.0000000000
46152  -49.451  -27.028  3.558 1.0000000000
46153  -50.027  -26.801  4.040 1.0000000000
46154  -50.596  -26.556  4.132 1.0000000000
46155  -51.616  -26.522  4.296 1.0000000000
46156  -52.215  -26.821  4.430 1.0000000000
46157  -52.886  -26.722  4.280 1.0000000000
46158  -53.720  -26.548  3.923 1.0000000000
46163  -44.128  -25.950  3.325 1.0000000000
46164  -45.613  -26.886  2.472 1.0000000000
46165  -46.390  -27.350  2.952 1.0000000000
46166  -49.279  -27.092  2.879 1.0000000000
46167  -54.229  -25.845  3.445 1.0000000000
46168  -54.646  -26.706  3.559 1.0000000000
46169  -55.295  -26.325  3.007 1.0000000000
46174  -46.625  -27.134  1.232 1.0000000000
46175  -46.747  -27.412  2.041 1.0000000000
46176  -48.925  -27.235  1.350 1.0000000000
46177  -48.966  -27.239  2.225 1.0000000000
46178  -55.328  -25.454  2.154 1.0000000000
46187  -47.537  -27.179  0.006 1.0000000000
46188  -47.957  -27.463  0.474 1.0000000000
46189  -48.591  -27.386  0.690 1.0000000000
46190  -55.420  -24.912  1.024 1.0000000000
46191  -55.860  -25.389  0.650 1.0000000000
46200  -48.663  -27.324  -0.293 1.0000000000
46201  -56.652  -25.245  -0.868 1.0000000000
46202  -56.710  -26.019  -0.443 1.0000000000
46212  -56.962  -25.195  -1.224 1.0000000000
46213  -57.936  -25.899  -2.583 1.0000000000
46214  -59.702  -25.692  -2.068 1.0000000000
46222  -58.002  -25.561  -2.362 1.0000000000
46223  -58.497  -25.934  -3.252 1.0000000000
46224  -59.046  -25.783  -3.185 1.0000000000
46228  -58.898  -26.289  -3.807 1.0000000000
46232  -58.973  -26.604  -4.054 1.0000000000
47146  -42.814  -25.791  6.782 1.0000000000
47155  -42.971  -24.783  6.696 1.0000000000
47156  -43.305  -25.593  6.189 1.0000000000
47164  -43.579  -25.391  5.292 1.0000000000
47170  -43.802  -25.708  4.242 1.0000000000
47171  -49.407  -25.622  3.694 1.0000000000
47172  -50.197  -26.084  3.775 1.0000000000
47173  -50.687  -25.713  4.009 1.0000000000
47174  -51.421  -25.557  4.049 1.0000000000
47175  -53.087  -25.980  3.898 1.0000000000
47182  -44.622  -26.223  2.641 1.0000000000
47183  -48.823  -26.399  2.497 1.0000000000
47184  -49.287  -26.532  3.102 1.0000000000
47185  -49.677  -26.644  3.531 1.0000000000
47186  -52.899  -25.147  3.669 1.0000000000
47187  -53.605  -25.475  3.534 1.0000000000
47188  -54.183  -24.801  2.907 1.0000000000
47189  -54.816  -25.618  2.976 1.0000000000
47195  -45.141  -26.248  1.800 1.0000000000
47196  -49.092  -27.135  2.251 1.0000000000
47197  -54.749  -24.635  2.096 1.0000000000
47207  -45.997  -26.307  0.763 1.0000000000
47208  -48.987  -27.226  0.285 1.0000000000
47209  -55.843  -24.779  0.274 1.0000000000
47217  -47.165  -26.204  -0.700 1.0000000000
47218  -48.514  -27.132  -1.093 1.0000000000
47219  -49.209  -27.205  -0.917 1.0000000000
47220  -56.430  -24.913  -0.568 1.0000000000
47221  -57.572  -24.804  -1.044 1.0000000000
47222  -59.214  -24.658  -0.507 1.0000000000
47232  -57.559  -25.292  -1.665 1.0000000000
47233  -58.451  -25.086  -1.720 1.0000000000
47234  -59.486  -25.169  -1.391 1.0000000000
47239  -58.839  -25.445  -2.520 1.0000000000
48163  -43.012  -23.912  6.866 1.0000000000
48188  -43.561  -24.323  5.423 1.0000000000
48198  -43.698  -24.711  4.486 1.0000000000
48199  -43.887  -25.122  3.523 1.0000000000
48200  -47.808  -24.198  3.911 1.0000000000
48201  -48.622  -24.489  4.176 1.0000000000
48202  -49.880  -24.826  4.250 1.0000000000
48203  -51.447  -24.499  4.069 1.0000000000
48204  -52.132  -23.846  3.715 1.0000000000
48215  -44.142  -24.626  3.022 1.0000000000
48216  -47.811  -25.116  2.845 1.0000000000
48217  -48.441  -25.268  3.447 1.0000000000
48218  -52.757  -24.154  3.409 1.0000000000
48219  -53.428  -24.459  3.176 1.0000000000
48220  -53.872  -23.797  2.564 1.0000000000
48229  -44.520  -24.594  2.278 1.0000000000
48230  -45.009  -25.382  1.560 1.0000000000
48231  -48.832  -26.645  1.326 1.0000000000
48232  -54.374  -24.013  2.063 1.0000000000
48233  -54.871  -24.079  1.459 1.0000000000
48243  -45.884  -25.399  0.451 1.0000000000
48244  -49.274  -26.972  -0.414 1.0000000000
48245  -55.439  -24.363  0.978 1.0000000000
48246  -56.183  -24.298  0.490 1.0000000000
48247  -57.879  -24.070  0.649 1.0000000000
48253  -48.415  -26.557  -1.577 1.0000000000
48254  -49.323  -27.070  -1.373 1.0000000000
48255  -57.079  -24.510  -0.222 1.0000000000
48256  -58.363  -24.384  0.000 1.0000000000
48268  -49.416  -26.196  -3.018 1.0000000000
48273  -49.497  -26.031  -3.251 1.0000000000
49172  -43.309  -23.236  6.624 1.0000000000
49179  -43.665  -23.301  5.694 1.0000000000
49180  -43.967  -23.050  4.959 1.0000000000
49181  -54.254  -22.385  5.410 1.0000000000
49188  -43.776  -23.765  4.770 1.0000000000
49189  -43.960  -24.055  3.823 1.0000000000
49190  -47.610  -23.182  4.239 1.0000000000
49191  -48.186  -23.491  4.516 1.0000000000
49192  -49.163  -23.689  4.606 1.0000000000
49193  -50.068  -23.746  4.541 1.0000000000
49194  -51.528  -23.517  4.086 1.0000000000
49195  -52.299  -22.734  3.806 1.0000000000
49196  -55.608  -22.788  3.694 1.0000000000
49205  -44.380  -23.830  3.012 1.0000000000
49206  -44.752  -22.983  2.951 1.0000000000
49207  -47.453  -23.800  3.449 1.0000000000
49208  -52.697  -23.295  3.395 1.0000000000
49209  -53.342  -23.335  3.025 1.0000000000
49210  -54.120  -22.992  2.707 1.0000000000
49211  -54.941  -23.034  2.565 1.0000000000
49212  -56.129  -23.106  2.853 1.0000000000
49222  -44.766  -23.696  2.223 1.0000000000
49223  -48.209  -25.581  1.271 1.0000000000
49224  -54.376  -23.517  2.308 1.0000000000
49225  -54.771  -23.693  1.857 1.0000000000
49226  -56.191  -23.466  1.952 1.0000000000
49233  -45.572  -24.226  0.669 1.0000000000
49234  -48.946  -25.573  -0.586 1.0000000000
49235  -55.368  -23.874  1.279 1.0000000000
49236  -56.336  -23.740  1.264 1.0000000000
49247  -48.410  -25.955  -1.966 1.0000000000
49248  -49.390  -25.946  -1.723 1.0000000000
49249  -49.736  -25.682  -2.233 1.0000000000
49259  -47.864  -25.128  -2.221 1.0000000000
49260  -49.025  -26.313  -2.588 1.0000000000
49261  -49.794  -26.215  -2.668 1.0000000000
49266  -48.696  -25.734  -2.797 1.0000000000
49267  -49.819  -26.172  -2.967 1.0000000000
50018  -50.158  -21.822  7.732 1.0000000000
50019  -50.937  -22.315  7.519 1.0000000000
50020  -52.049  -21.418  6.631 1.0000000000
50021  -52.484  -22.143  6.593 1.0000000000
50024  -43.796  -22.327  6.361 1.0000000000
50025  -53.169  -21.807  6.120 1.0000000000
50026  -53.632  -21.668  5.507 1.0000000000
50031  -44.160  -22.469  5.448 1.0000000000
50032  -47.916  -21.916  4.967 1.0000000000
50033  -48.525  -21.920  5.206 1.0000000000
50034  -49.669  -21.641  5.289 1.0000000000
50035  -50.938  -21.460  5.091 1.0000000000
50036  -54.189  -21.739  4.878 1.0000000000
50037  -55.089  -22.465  4.346 1.0000000000
50041  -44.467  -22.540  4.571 1.0000000000
50042  -44.886  -22.337  3.713 1.0000000000
50043  -47.625  -22.222  4.447 1.0000000000
50044  -47.990  -22.594  4.812 1.0000000000
50045  -48.859  -22.720  4.990 1.0000000000
50046  -52.204  -21.884  4.394 1.0000000000
50047  -52.994  -21.753  4.157 1.0000000000
50048  -53.770  -21.816  4.109 1.0000000000
50049  -54.465  -22.065  4.172 1.0000000000
50054  -47.364  -22.692  3.760 1.0000000000
50055  -53.123  -22.488  3.514 1.0000000000
50056  -53.891  -22.426  3.369 1.0000000000
50057  -54.654  -22.532  3.394 1.0000000000
50064  -45.114  -22.903  2.116 1.0000000000
50070  -45.498  -23.028  1.094 1.0000000000
50071  -45.952  -22.722  0.198 1.0000000000
50072  -47.734  -23.456  0.983 1.0000000000
50086  -46.124  -24.042  -0.152 1.0000000000
50087  -48.512  -24.328  -0.391 1.0000000000
50088  -48.852  -24.123  -1.121 1.0000000000
50096  -47.096  -23.127  -1.691 1.0000000000
50097  -49.595  -24.295  -2.253 1.0000000000
50103  -48.015  -24.205  -2.742 1.0000000000
50104  -50.169  -25.292  -3.342 1.0000000000
50105  -50.552  -23.761  -4.322 1.0000000000
50111  -49.098  -25.239  -3.516 1.0000000000
50112  -49.883  -25.121  -3.755 1.0000000000
50113  -50.339  -23.570  -5.000 1.0000000000
50884  -49.642  -21.066  7.837 1.0000000000
50885  -50.735  -20.518  7.210 1.0000000000
50886  -51.368  -21.088  6.934 1.0000000000
50898  -51.578  -19.947  6.462 1.0000000000
50899  -52.262  -20.125  6.096 1.0000000000
50900  -52.772  -20.920  6.064 1.0000000000
50901  -53.110  -21.164  5.734 1.0000000000
50908  -44.439  -21.702  5.845 1.0000000000
50909  -44.959  -21.257  5.337 1.0000000000
50910  -48.246  -21.333  5.195 1.0000000000
50911  -49.007  -21.085  5.441 1.0000000000
50912  -50.742  -20.710  5.405 1.0000000000
50913  -51.745  -20.478  5.447 1.0000000000
50914  -52.859  -20.790  5.568 1.0000000000
50915  -53.205  -21.102  5.321 1.0000000000
50918  -44.623  -21.910  5.156 1.0000000000
50919  -45.062  -21.632  4.503 1.0000000000
50920  -47.803  -21.427  4.747 1.0000000000
50921  -52.015  -21.165  4.940 1.0000000000
50922  -52.852  -21.051  4.896 1.0000000000
50923  -53.538  -21.338  4.795 1.0000000000
50928  -45.367  -21.562  3.533 1.0000000000
50929  -47.497  -21.577  4.003 1.0000000000
50941  -45.456  -22.132  1.987 1.0000000000
50942  -46.082  -20.930  1.285 1.0000000000
50943  -47.634  -21.293  2.997 1.0000000000
50954  -45.716  -21.929  1.200 1.0000000000
50955  -46.034  -21.637  0.555 1.0000000000
50956  -47.567  -22.164  2.211 1.0000000000
50957  -48.371  -21.525  0.718 1.0000000000
50967  -46.366  -22.037  -0.467 1.0000000000
50968  -48.231  -22.818  0.213 1.0000000000
50969  -48.850  -22.274  -0.738 1.0000000000
50973  -46.688  -21.475  -1.369 1.0000000000
50974  -49.736  -22.421  -2.074 1.0000000000
50975  -51.218  -21.839  -2.956 1.0000000000
50979  -48.444  -23.659  -3.636 1.0000000000
50980  -50.394  -23.426  -3.486 1.0000000000
50981  -51.202  -22.648  -4.213 1.0000000000
50982  -51.639  -21.601  -3.424 1.0000000000
50986  -48.536  -22.583  -4.219 1.0000000000
50987  -51.140  -22.566  -4.841 1.0000000000
50988  -51.693  -21.992  -4.235 1.0000000000
50990  -49.765  -22.842  -5.155 1.0000000000
50991  -50.698  -22.663  -5.206 1.0000000000
50992  -51.549  -22.142  -4.609 1.0000000000
51743  -49.136  -20.376  8.177 1.0000000000
51755  -50.187  -19.977  7.406 1.0000000000
51756  -51.124  -19.515  6.571 1.0000000000
51765  -45.242  -19.961  6.178 1.0000000000
51766  -51.580  -19.482  6.011 1.0000000000
51771  -44.827  -20.885  6.056 1.0000000000
51772  -45.326  -20.501  5.458 1.0000000000
51773  -48.130  -20.713  5.100 1.0000000000
51774  -48.694  -19.952  5.374 1.0000000000
51775  -49.615  -19.989  5.619 1.0000000000
51776  -51.265  -19.624  5.794 1.0000000000
51777  -52.161  -19.979  5.926 1.0000000000
51782  -45.563  -20.861  4.111 1.0000000000
51783  -46.068  -20.117  3.717 1.0000000000
51784  -47.839  -20.718  4.523 1.0000000000
51793  -45.775  -20.809  3.179 1.0000000000
51794  -46.237  -20.067  2.756 1.0000000000
51795  -47.762  -20.595  3.683 1.0000000000
51806  -45.966  -20.795  2.265 1.0000000000
51807  -48.035  -20.402  2.714 1.0000000000
51808  -48.597  -20.535  1.164 1.0000000000
51818  -46.291  -20.856  0.300 1.0000000000
51819  -48.009  -21.106  1.884 1.0000000000
51828  -46.456  -19.979  -0.178 1.0000000000
51829  -49.891  -20.499  -0.466 1.0000000000
51830  -51.179  -20.392  -1.185 1.0000000000
51833  -46.556  -20.284  -1.085 1.0000000000
51834  -49.753  -21.369  -1.169 1.0000000000
51835  -51.739  -20.998  -2.301 1.0000000000
51836  -51.691  -20.928  -2.183 1.0000000000
51839  -46.935  -20.781  -2.085 1.0000000000
51840  -47.708  -21.280  -3.212 1.0000000000
51841  -48.812  -21.661  -4.387 1.0000000000
51842  -50.337  -21.946  -5.099 1.0000000000
51843  -51.404  -21.896  -4.610 1.0000000000
51844  -51.695  -21.940  -4.167 1.0000000000
52698  -49.035  -19.557  8.366 1.0000000000
52712  -49.741  -19.346  7.568 1.0000000000
52713  -50.709  -19.135  6.843 1.0000000000
52722  -50.360  -18.589  6.894 1.0000000000
52723  -51.018  -19.106  6.192 1.0000000000
52730  -45.670  -19.176  5.764 1.0000000000
52731  -46.032  -19.263  5.007 1.0000000000
52732  -48.247  -19.975  4.936 1.0000000000
52733  -50.195  -18.671  6.331 1.0000000000
52734  -50.749  -19.142  5.940 1.0000000000
52739  -45.786  -20.119  4.697 1.0000000000
52740  -46.267  -19.343  4.158 1.0000000000
52741  -48.357  -19.206  4.637 1.0000000000
52749  -46.370  -19.310  3.221 1.0000000000
52750  -48.056  -19.909  4.221 1.0000000000
52751  -48.308  -19.149  3.874 1.0000000000
52759  -46.435  -19.189  2.233 1.0000000000
52760  -48.168  -19.794  3.321 1.0000000000
52761  -48.493  -19.602  2.436 1.0000000000
52767  -46.472  -19.035  1.207 1.0000000000
52768  -48.851  -19.680  1.532 1.0000000000
52769  -49.608  -19.400  0.865 1.0000000000
52777  -46.421  -18.895  0.120 1.0000000000
52778  -49.269  -20.087  0.580 1.0000000000
52779  -50.176  -19.847  -0.048 1.0000000000
52780  -51.373  -19.881  -0.694 1.0000000000
52781  -52.784  -19.963  -1.389 1.0000000000
52782  -53.980  -19.758  -1.652 1.0000000000
52783  -46.523  -19.345  -0.797 1.0000000000
52784  -46.733  -19.220  -1.220 1.0000000000
52785  -52.389  -20.476  -1.806 1.0000000000
52786  -53.557  -20.044  -2.206 1.0000000000
52787  -54.444  -19.547  -2.088 1.0000000000
52788  -46.762  -19.851  -1.607 1.0000000000
52789  -47.211  -19.816  -2.075 1.0000000000
52790  -48.448  -19.949  -2.624 1.0000000000
52791  -50.397  -20.433  -3.087 1.0000000000
52792  -47.938  -20.631  -3.096 1.0000000000
52793  -49.373  -20.867  -3.901 1.0000000000
52794  -50.750  -21.247  -4.257 1.0000000000
52795  -51.535  -21.473  -3.758 1.0000000000
53650  -48.998  -19.084  8.651 1.0000000000
53651  -49.160  -18.529  8.687 1.0000000000
53666  -49.880  -17.890  7.212 1.0000000000
53673  -45.689  -18.410  6.075 1.0000000000
53674  -50.056  -18.150  6.734 1.0000000000
53684  -46.066  -18.472  5.306 1.0000000000
53685  -46.325  -18.521  4.469 1.0000000000
53686  -49.079  -17.855  5.684 1.0000000000
53687  -49.652  -17.967  6.288 1.0000000000
53694  -46.435  -18.538  3.583 1.0000000000
53700  -46.464  -18.450  2.668 1.0000000000
53701  -48.576  -18.517  3.432 1.0000000000
53709  -46.440  -18.272  1.713 1.0000000000
53710  -48.808  -18.793  2.487 1.0000000000
53711  -49.507  -18.278  2.006 1.0000000000
53718  -46.354  -18.119  0.798 1.0000000000
53719  -49.230  -18.983  1.655 1.0000000000
53720  -50.182  -18.749  0.989 1.0000000000
53721  -51.381  -18.518  0.633 1.0000000000
53722  -52.816  -18.466  0.208 1.0000000000
53729  -46.411  -18.156  0.223 1.0000000000
53730  -50.456  -19.393  0.282 1.0000000000
53731  -51.399  -19.273  -0.083 1.0000000000
53732  -52.694  -19.225  -0.488 1.0000000000
53733  -54.556  -19.324  -1.662 1.0000000000
53734  -54.649  -19.253  -2.068 1.0000000000
53735  -46.553  -18.713  -0.420 1.0000000000
53736  -46.916  -18.631  -0.822 1.0000000000
53737  -48.083  -18.601  -1.039 1.0000000000
53738  -49.550  -18.740  -1.258 1.0000000000
53739  -50.975  -18.955  -1.555 1.0000000000
53740  -52.182  -18.891  -1.792 1.0000000000
53741  -47.499  -19.219  -1.627 1.0000000000
53742  -49.106  -19.395  -1.908 1.0000000000
53743  -50.814  -19.735  -2.258 1.0000000000
53744  -52.390  -19.795  -2.352 1.0000000000
53745  -53.533  -19.472  -2.263 1.0000000000
53746  -54.630  -19.232  -2.146 1.0000000000
54673  -49.444  -17.399  8.510 1.0000000000
54686  -49.623  -17.139  7.534 1.0000000000
54698  -49.797  -17.503  6.755 1.0000000000
54709  -45.980  -17.670  5.592 1.0000000000
54710  -46.294  -17.671  4.734 1.0000000000
54711  -48.803  -17.568  5.177 1.0000000000
54712  -49.243  -17.192  6.046 1.0000000000
54718  -46.436  -17.676  3.787 1.0000000000
54719  -48.531  -18.304  4.457 1.0000000000
54724  -46.325  -16.877  2.834 1.0000000000
54725  -48.703  -17.800  3.735 1.0000000000
54726  -49.151  -17.217  3.426 1.0000000000
54733  -46.260  -16.727  1.839 1.0000000000
54734  -48.970  -17.955  2.896 1.0000000000
54735  -49.825  -17.444  2.483 1.0000000000
54736  -51.521  -17.239  1.744 1.0000000000
54737  -52.684  -17.321  1.293 1.0000000000
54745  -46.303  -16.935  1.368 1.0000000000
54746  -46.454  -17.150  0.925 1.0000000000
54747  -50.432  -17.977  1.563 1.0000000000
54748  -51.433  -17.820  1.234 1.0000000000
54749  -52.319  -17.706  1.008 1.0000000000
54750  -55.263  -18.161  -0.713 1.0000000000
54758  -46.405  -17.577  0.852 1.0000000000
54759  -46.682  -17.660  0.363 1.0000000000
54760  -49.058  -17.487  0.197 1.0000000000
54761  -50.213  -17.462  -0.039 1.0000000000
54762  -54.546  -18.890  -0.893 1.0000000000
54763  -54.654  -18.878  -1.595 1.0000000000
54764  -47.313  -18.032  -0.339 1.0000000000
54765  -48.590  -18.043  -0.395 1.0000000000
54766  -49.856  -18.124  -0.553 1.0000000000
54767  -51.041  -18.159  -0.863 1.0000000000
54768  -53.177  -18.598  -1.803 1.0000000000
54769  -54.679  -19.023  -2.049 1.0000000000
54770  -54.321  -19.126  -2.201 1.0000000000
55594  -49.581  -16.629  8.232 1.0000000000
55606  -49.659  -16.389  7.328 1.0000000000
55612  -49.348  -16.278  6.203 1.0000000000
55620  -45.767  -16.738  5.842 1.0000000000
55621  -46.159  -16.972  5.024 1.0000000000
55622  -49.020  -16.726  5.361 1.0000000000
55629  -45.998  -16.114  4.802 1.0000000000
55630  -46.313  -16.629  4.005 1.0000000000
55631  -49.094  -16.343  4.800 1.0000000000
55634  -45.972  -15.902  3.023 1.0000000000
55635  -48.819  -17.163  4.438 1.0000000000
55636  -49.373  -16.375  3.945 1.0000000000
55637  -50.223  -16.198  3.349 1.0000000000
55642  -46.104  -15.725  2.681 1.0000000000
55643  -49.771  -16.757  3.115 1.0000000000
55644  -50.672  -16.790  2.535 1.0000000000
55645  -51.800  -16.678  2.131 1.0000000000
55646  -52.994  -16.781  1.648 1.0000000000
55647  -54.530  -17.084  1.148 1.0000000000
55648  -56.179  -17.226  0.653 1.0000000000
55652  -45.643  -16.240  1.824 1.0000000000
55653  -46.732  -16.621  1.377 1.0000000000
55654  -47.752  -16.468  1.324 1.0000000000
55655  -48.892  -16.360  1.223 1.0000000000
55656  -50.007  -16.232  0.971 1.0000000000
55657  -54.259  -17.628  0.550 1.0000000000
55658  -55.843  -17.592  -0.021 1.0000000000
55659  -56.534  -17.178  -0.070 1.0000000000
55666  -47.184  -16.995  0.787 1.0000000000
55667  -48.368  -16.917  0.754 1.0000000000
55668  -49.519  -16.861  0.623 1.0000000000
55669  -50.713  -16.845  0.331 1.0000000000
55670  -52.112  -16.864  -0.294 1.0000000000
55671  -53.913  -17.245  -0.993 1.0000000000
55672  -55.233  -17.888  -1.200 1.0000000000
55673  -56.400  -17.076  -0.294 1.0000000000
55677  -51.439  -17.497  -0.458 1.0000000000
55678  -53.034  -17.727  -1.247 1.0000000000
55679  -54.493  -18.329  -1.601 1.0000000000
56584  -49.781  -15.757  7.858 1.0000000000
56599  -49.858  -15.185  7.042 1.0000000000
56600  -50.164  -14.920  7.807 1.0000000000
56610  -49.555  -15.410  6.199 1.0000000000
56616  -45.741  -15.218  4.561 1.0000000000
56617  -49.264  -15.928  5.476 1.0000000000
56624  -45.956  -15.534  3.825 1.0000000000
56625  -50.245  -15.225  4.337 1.0000000000
56629  -45.916  -15.204  3.476 1.0000000000
56630  -50.626  -15.597  3.660 1.0000000000
56631  -52.160  -15.600  3.014 1.0000000000
56632  -53.427  -15.547  2.797 1.0000000000
56633  -56.840  -16.172  1.959 1.0000000000
56634  -57.096  -15.350  2.396 1.0000000000
56639  -46.547  -15.603  2.470 1.0000000000
56640  -47.702  -15.415  2.342 1.0000000000
56641  -48.806  -15.199  2.125 1.0000000000
56642  -51.244  -16.049  2.942 1.0000000000
56643  -53.241  -16.241  2.182 1.0000000000
56644  -54.768  -16.418  1.818 1.0000000000
56645  -56.958  -16.753  0.496 1.0000000000
56646  -57.147  -16.379  1.454 1.0000000000
56652  -47.090  -15.992  1.819 1.0000000000
56653  -48.277  -15.854  1.748 1.0000000000
56654  -49.380  -15.711  1.573 1.0000000000
56655  -51.668  -15.538  0.946 1.0000000000
56656  -53.061  -15.599  0.461 1.0000000000
56657  -54.328  -15.760  0.099 1.0000000000
56658  -55.013  -15.364  0.492 1.0000000000
56659  -56.821  -16.880  0.179 1.0000000000
56660  -57.151  -16.821  0.812 1.0000000000
56666  -51.243  -16.212  0.623 1.0000000000
56667  -52.758  -16.301  -0.003 1.0000000000
56668  -54.669  -16.723  -0.585 1.0000000000
56669  -55.610  -16.563  -0.373 1.0000000000
56670  -56.193  -16.482  -0.089 1.0000000000
57490  -50.696  -14.269  7.786 1.0000000000
57508  -50.233  -14.508  7.074 1.0000000000
57518  -49.891  -14.809  6.495 1.0000000000
57519  -50.306  -14.297  6.356 1.0000000000
57528  -45.373  -14.389  5.415 1.0000000000
57529  -49.846  -14.774  5.859 1.0000000000
57530  -50.531  -14.295  5.539 1.0000000000
57531  -51.192  -14.185  4.989 1.0000000000
57540  -45.517  -14.383  4.484 1.0000000000
57541  -49.953  -14.894  5.091 1.0000000000
57542  -50.702  -14.643  4.694 1.0000000000
57543  -51.627  -14.559  4.287 1.0000000000
57544  -52.608  -14.337  4.224 1.0000000000
57545  -54.717  -14.802  3.484 1.0000000000
57546  -55.940  -14.779  3.465 1.0000000000
57547  -56.932  -14.733  3.459 1.0000000000
57548  -57.539  -14.548  3.634 1.0000000000
57549  -57.878  -14.440  3.661 1.0000000000
57556  -45.650  -14.508  4.216 1.0000000000
57557  -45.798  -14.600  3.928 1.0000000000
57558  -46.532  -14.370  3.432 1.0000000000
57559  -47.693  -14.191  3.243 1.0000000000
57560  -51.014  -15.058  3.994 1.0000000000
57561  -51.686  -15.094  3.669 1.0000000000
57562  -52.446  -14.939  3.581 1.0000000000
57563  -53.548  -14.851  3.488 1.0000000000
57564  -56.134  -15.416  2.800 1.0000000000
57565  -57.528  -14.829  3.168 1.0000000000
57570  -46.001  -15.059  3.002 1.0000000000
57571  -47.037  -14.898  2.849 1.0000000000
57572  -48.256  -14.717  2.700 1.0000000000
57573  -49.325  -14.492  2.451 1.0000000000
57574  -50.309  -14.324  2.234 1.0000000000
57575  -51.311  -14.154  1.988 1.0000000000
57576  -57.338  -14.979  2.713 1.0000000000
57582  -49.851  -15.000  1.884 1.0000000000
57583  -50.899  -14.881  1.653 1.0000000000
57584  -52.041  -14.827  1.363 1.0000000000
57585  -53.367  -14.872  0.976 1.0000000000
57586  -56.272  -15.781  0.587 1.0000000000
57587  -57.015  -16.133  0.905 1.0000000000
58347  -51.943  -13.629  8.157 1.0000000000
58365  -51.597  -13.321  7.325 1.0000000000
58366  -53.151  -12.764  7.324 1.0000000000
58384  -50.802  -13.772  6.999 1.0000000000
58385  -51.417  -13.390  6.451 1.0000000000
58386  -52.223  -13.313  5.727 1.0000000000
58400  -45.219  -13.049  5.088 1.0000000000
58401  -50.794  -13.807  6.190 1.0000000000
58402  -51.284  -13.746  5.628 1.0000000000
58403  -53.280  -13.279  5.363 1.0000000000
58404  -54.360  -13.392  5.026 1.0000000000
58405  -55.479  -13.306  5.130 1.0000000000
58406  -56.638  -13.334  5.322 1.0000000000
58407  -58.209  -13.822  5.061 1.0000000000
58418  -45.466  -13.837  4.665 1.0000000000
58419  -51.915  -13.910  4.916 1.0000000000
58420  -52.830  -13.741  4.827 1.0000000000
58421  -54.566  -14.136  4.224 1.0000000000
58422  -55.603  -14.034  4.285 1.0000000000
58423  -56.660  -14.047  4.331 1.0000000000
58424  -57.836  -14.346  4.152 1.0000000000
58425  -58.662  -14.253  4.057 1.0000000000
58426  -59.304  -14.060  4.657 1.0000000000
58434  -46.059  -13.691  3.793 1.0000000000
58435  -47.184  -13.623  3.711 1.0000000000
58436  -48.327  -13.443  3.510 1.0000000000
58437  -49.458  -13.122  3.220 1.0000000000
58438  -57.597  -14.520  3.370 1.0000000000
58439  -58.113  -14.331  3.740 1.0000000000
58445  -48.829  -13.956  2.952 1.0000000000
58446  -49.815  -13.782  2.695 1.0000000000
58447  -50.726  -13.599  2.481 1.0000000000
58448  -51.752  -13.339  2.325 1.0000000000
58449  -52.968  -13.162  2.151 1.0000000000
58450  -54.184  -13.173  2.062 1.0000000000
58451  -54.993  -13.411  2.007 1.0000000000
58452  -56.577  -14.483  2.265 1.0000000000
58453  -57.065  -14.036  2.842 1.0000000000
58458  -52.474  -14.044  1.747 1.0000000000
58459  -53.851  -14.095  1.522 1.0000000000
58460  -55.117  -14.385  1.431 1.0000000000
58461  -56.200  -14.827  1.522 1.0000000000
59289  -52.211  -12.926  6.794 1.0000000000
59306  -53.031  -12.801  6.220 1.0000000000
59307  -53.891  -12.621  6.445 1.0000000000
59308  -54.800  -12.582  6.500 1.0000000000
59320  -45.207  -12.585  5.083 1.0000000000
59321  -53.793  -12.885  5.735 1.0000000000
59322  -54.589  -12.796  5.762 1.0000000000
59323  -55.498  -12.732  5.882 1.0000000000
59335  -45.275  -12.925  5.104 1.0000000000
59336  -58.975  -13.924  4.169 1.0000000000
59337  -59.259  -13.306  4.659 1.0000000000
59346  -45.615  -12.917  4.084 1.0000000000
59347  -47.738  -12.743  4.002 1.0000000000
59348  -48.748  -12.069  3.988 1.0000000000
59349  -50.395  -12.336  3.197 1.0000000000
59350  -50.904  -11.515  3.358 1.0000000000
59351  -51.739  -11.583  3.211 1.0000000000
59352  -56.384  -12.789  3.140 1.0000000000
59353  -57.549  -13.832  3.426 1.0000000000
59354  -58.447  -13.941  3.858 1.0000000000
59360  -50.276  -13.139  2.847 1.0000000000
59361  -52.128  -12.402  2.701 1.0000000000
59362  -53.430  -12.394  2.498 1.0000000000
59363  -54.356  -12.478  2.408 1.0000000000
59364  -54.923  -12.743  2.341 1.0000000000
59365  -55.865  -13.276  2.533 1.0000000000
60147  -45.099  -11.840  5.021 1.0000000000
60159  -45.208  -11.935  4.846 1.0000000000
60160  -45.629  -11.622  4.486 1.0000000000
60161  -46.852  -11.259  4.650 1.0000000000
60162  -49.920  -11.041  3.910 1.0000000000
60163  -57.392  -11.870  4.168 1.0000000000
60164  -58.425  -12.882  4.224 1.0000000000
60165  -59.011  -12.367  4.694 1.0000000000
60173  -49.492  -11.621  3.850 1.0000000000
60174  -50.613  -10.955  3.678 1.0000000000
60175  -53.243  -11.206  3.230 1.0000000000
60176  -54.091  -11.315  3.081 1.0000000000
60177  -54.836  -11.345  3.009 1.0000000000
60178  -55.647  -11.529  3.192 1.0000000000
60179  -56.541  -11.795  3.650 1.0000000000
60180  -57.457  -12.870  3.699 1.0000000000
60188  -52.785  -11.751  3.001 1.0000000000
60189  -53.827  -11.870  2.792 1.0000000000
60190  -54.476  -12.010  2.678 1.0000000000
60191  -55.231  -12.212  2.708 1.0000000000
60982  -45.207  -10.435  5.289 1.0000000000
60983  -56.901  -10.456  4.758 1.0000000000
60984  -57.635  -10.720  5.091 1.0000000000
60994  -45.306  -10.543  4.918 1.0000000000
60995  -45.847  -10.621  4.615 1.0000000000
60996  -47.255  -10.259  4.839 1.0000000000
60997  -49.645  -10.448  4.327 1.0000000000
60998  -50.334  -9.987  4.208 1.0000000000
60999  -56.783  -11.050  4.060 1.0000000000
61000  -57.349  -11.082  4.501 1.0000000000
61001  -58.248  -11.574  4.661 1.0000000000
61009  -50.830  -10.368  3.838 1.0000000000
61010  -52.799  -10.436  3.433 1.0000000000
61011  -53.677  -10.571  3.320 1.0000000000
61012  -54.517  -10.484  3.242 1.0000000000
61013  -55.376  -10.586  3.260 1.0000000000
61014  -56.138  -10.774  3.580 1.0000000000
61831  -45.294  -9.639  5.600 1.0000000000
61832  -55.798  -9.407  5.986 1.0000000000
61833  -56.655  -9.588  6.222 1.0000000000
61862  -45.426  -9.057  5.188 1.0000000000
61863  -47.919  -8.740  5.122 1.0000000000
61864  -56.420  -9.836  5.286 1.0000000000
61887  -45.567  -9.346  4.908 1.0000000000
61888  -46.102  -9.714  4.711 1.0000000000
61889  -47.106  -9.274  4.918 1.0000000000
61890  -48.223  -9.514  5.022 1.0000000000
61891  -49.403  -9.597  4.779 1.0000000000
61892  -51.391  -9.027  4.049 1.0000000000
61893  -56.566  -9.830  4.224 1.0000000000
61905  -50.991  -9.613  4.050 1.0000000000
61906  -51.731  -9.523  3.769 1.0000000000
61907  -52.441  -9.770  3.554 1.0000000000
61908  -53.456  -9.645  3.400 1.0000000000
61909  -54.488  -9.632  3.259 1.0000000000
61910  -56.369  -9.281  3.582 1.0000000000
62738  -45.369  -8.827  5.752 1.0000000000
62758  -45.434  -8.280  5.123 1.0000000000
62759  -48.640  -8.274  5.224 1.0000000000
62760  -49.395  -7.864  5.219 1.0000000000
62761  -54.366  -8.025  5.627 1.0000000000
62762  -55.240  -8.503  5.221 1.0000000000
62763  -56.218  -8.676  4.371 1.0000000000
62781  -45.548  -8.498  4.920 1.0000000000
62782  -45.645  -8.042  4.703 1.0000000000
62783  -46.248  -8.006  4.622 1.0000000000
62784  -48.795  -8.961  5.129 1.0000000000
62785  -49.537  -8.717  5.044 1.0000000000
62786  -50.914  -8.761  4.323 1.0000000000
62787  -51.404  -8.308  4.169 1.0000000000
62788  -56.455  -8.594  3.535 1.0000000000
62810  -51.849  -8.675  3.866 1.0000000000
62811  -52.559  -8.964  3.582 1.0000000000
62812  -53.523  -8.660  3.372 1.0000000000
62813  -54.502  -8.194  3.008 1.0000000000
62814  -55.306  -8.885  2.983 1.0000000000
62815  -56.463  -8.467  3.120 1.0000000000
62825  -55.740  -8.102  2.735 1.0000000000
63609  -45.426  -8.025  5.849 1.0000000000
63624  -45.389  -7.570  4.954 1.0000000000
63625  -47.489  -7.901  5.009 1.0000000000
63626  -48.454  -7.554  5.201 1.0000000000
63627  -48.990  -6.900  5.208 1.0000000000
63628  -55.961  -8.063  4.424 1.0000000000
63641  -45.502  -7.748  4.807 1.0000000000
63642  -45.525  -7.358  4.479 1.0000000000
63643  -46.436  -7.298  4.457 1.0000000000
63644  -47.691  -7.024  4.917 1.0000000000
63645  -50.117  -7.436  5.026 1.0000000000
63646  -50.847  -7.918  4.517 1.0000000000
63647  -51.392  -7.410  4.293 1.0000000000
63648  -56.565  -7.980  3.605 1.0000000000
63666  -51.909  -7.915  3.916 1.0000000000
63667  -52.631  -7.642  3.599 1.0000000000
63668  -53.473  -7.895  3.353 1.0000000000
63669  -54.032  -7.362  3.085 1.0000000000
63670  -56.813  -7.813  3.071 1.0000000000
63679  -55.063  -7.435  2.716 1.0000000000
63680  -56.111  -7.494  2.653 1.0000000000
63681  -56.668  -7.845  2.859 1.0000000000
64454  -45.446  -6.322  5.966 1.0000000000
64468  -54.812  -6.424  4.959 1.0000000000
64469  -55.847  -6.700  4.441 1.0000000000
64470  -56.469  -7.360  4.076 1.0000000000
64480  -45.288  -6.670  4.174 1.0000000000
64481  -45.600  -6.744  3.967 1.0000000000
64482  -46.775  -6.512  4.274 1.0000000000
64483  -50.022  -6.435  4.982 1.0000000000
64484  -50.956  -6.548  4.540 1.0000000000
64485  -52.152  -6.307  3.935 1.0000000000
64486  -57.240  -7.083  3.158 1.0000000000
64506  -45.174  -6.091  3.738 1.0000000000
64507  -52.060  -7.134  3.909 1.0000000000
64508  -52.739  -6.811  3.576 1.0000000000
64509  -53.530  -6.673  3.286 1.0000000000
64510  -54.405  -6.700  2.884 1.0000000000
64511  -57.628  -6.585  2.892 1.0000000000
64519  -55.586  -6.667  2.646 1.0000000000
64520  -56.508  -6.234  2.595 1.0000000000
64521  -56.971  -7.038  2.665 1.0000000000
65298  -53.782  -5.111  5.580 1.0000000000
65313  -45.287  -5.800  5.005 1.0000000000
65314  -54.628  -5.422  5.128 1.0000000000
65315  -55.711  -5.788  4.557 1.0000000000
65316  -57.061  -6.322  3.794 1.0000000000
65329  -45.012  -6.106  3.957 1.0000000000
65330  -45.968  -6.041  3.606 1.0000000000
65331  -47.216  -5.669  4.118 1.0000000000
65332  -48.378  -5.417  4.580 1.0000000000
65333  -49.528  -5.368  4.785 1.0000000000
65334  -50.510  -5.712  4.668 1.0000000000
65335  -51.421  -5.838  4.362 1.0000000000
65336  -52.147  -5.423  3.980 1.0000000000
65337  -57.989  -6.117  3.029 1.0000000000
65353  -45.031  -5.387  3.482 1.0000000000
65354  -45.335  -5.425  3.302 1.0000000000
65355  -46.420  -5.215  3.409 1.0000000000
65356  -52.941  -5.891  3.523 1.0000000000
65357  -53.868  -5.992  3.140 1.0000000000
65358  -54.636  -6.073  2.826 1.0000000000
65359  -58.171  -5.838  2.898 1.0000000000
65360  -58.540  -5.370  2.962 1.0000000000
65371  -55.354  -5.597  2.721 1.0000000000
65372  -56.802  -5.389  2.593 1.0000000000
65373  -58.085  -5.534  2.642 1.0000000000
65374  -58.537  -5.230  2.848 1.0000000000
65383  -58.358  -5.115  2.644 1.0000000000
66147  -53.683  -4.219  5.628 1.0000000000
66165  -54.460  -4.490  5.281 1.0000000000
66166  -55.420  -4.783  4.767 1.0000000000
66167  -56.804  -5.167  4.252 1.0000000000
66168  -57.896  -4.394  4.009 1.0000000000
66178  -45.039  -5.076  4.154 1.0000000000
66179  -47.773  -4.735  3.998 1.0000000000
66180  -48.755  -4.076  4.159 1.0000000000
66181  -49.666  -4.426  4.518 1.0000000000
66182  -50.630  -4.440  4.467 1.0000000000
66183  -51.478  -4.921  4.315 1.0000000000
66184  -52.088  -4.640  4.004 1.0000000000
66185  -58.049  -5.415  3.445 1.0000000000
66204  -44.925  -4.822  2.983 1.0000000000
66205  -45.683  -4.767  2.896 1.0000000000
66206  -46.853  -4.390  3.212 1.0000000000
66207  -47.927  -3.892  3.590 1.0000000000
66208  -52.771  -4.900  3.666 1.0000000000
66209  -53.413  -4.301  3.448 1.0000000000
66210  -54.443  -4.677  3.020 1.0000000000
66211  -58.763  -4.649  2.944 1.0000000000
66220  -45.179  -4.287  2.749 1.0000000000
66221  -55.164  -3.945  2.872 1.0000000000
66222  -56.572  -4.258  2.667 1.0000000000
66223  -57.811  -4.880  2.506 1.0000000000
66224  -58.524  -4.614  2.717 1.0000000000
66990  -53.582  -3.396  5.637 1.0000000000
67009  -54.330  -3.651  5.388 1.0000000000
67010  -55.723  -3.286  4.839 1.0000000000
67011  -56.949  -3.391  4.456 1.0000000000
67012  -58.151  -3.389  4.048 1.0000000000
67028  -48.748  -3.352  3.701 1.0000000000
67029  -49.650  -3.563  4.203 1.0000000000
67030  -50.552  -3.665  4.295 1.0000000000
67031  -51.485  -3.994  4.188 1.0000000000
67032  -58.606  -4.085  3.362 1.0000000000
67049  -44.858  -4.089  2.884 1.0000000000
67050  -46.013  -4.041  2.622 1.0000000000
67051  -47.167  -3.639  2.948 1.0000000000
67052  -49.464  -2.792  3.655 1.0000000000
67053  -50.320  -2.965  3.974 1.0000000000
67054  -51.817  -3.153  3.878 1.0000000000
67055  -52.647  -3.000  3.665 1.0000000000
67056  -54.093  -3.574  3.254 1.0000000000
67057  -58.692  -3.730  2.971 1.0000000000
67066  -45.185  -3.528  2.525 1.0000000000
67067  -46.341  -3.245  2.437 1.0000000000
67068  -54.889  -3.178  3.004 1.0000000000
67069  -55.881  -3.314  2.808 1.0000000000
67070  -57.230  -3.419  2.608 1.0000000000
67071  -58.392  -3.692  2.724 1.0000000000
67862  -53.403  -2.612  5.623 1.0000000000
67863  -54.309  -2.752  5.412 1.0000000000
67883  -55.233  -2.599  5.099 1.0000000000
67884  -56.225  -2.599  4.737 1.0000000000
67885  -57.447  -2.603  4.401 1.0000000000
67886  -58.245  -2.646  4.043 1.0000000000
67909  -58.485  -3.173  3.476 1.0000000000
67924  -44.837  -2.583  2.933 1.0000000000
67925  -47.530  -2.938  2.720 1.0000000000
67926  -48.563  -2.649  3.123 1.0000000000
67927  -49.356  -2.109  3.106 1.0000000000
67928  -50.124  -2.250  3.533 1.0000000000
67929  -51.080  -2.451  3.746 1.0000000000
67930  -52.058  -2.317  3.644 1.0000000000
67931  -53.451  -2.846  3.470 1.0000000000
67932  -54.309  -2.558  3.234 1.0000000000
67933  -58.488  -2.794  3.117 1.0000000000
67939  -44.935  -2.705  2.403 1.0000000000
67940  -45.564  -2.707  2.145 1.0000000000
67941  -46.791  -2.494  2.224 1.0000000000
67942  -47.933  -2.242  2.472 1.0000000000
67943  -48.730  -1.989  2.668 1.0000000000
67944  -55.308  -2.555  2.946 1.0000000000
67945  -56.493  -2.569  2.737 1.0000000000
67946  -57.786  -2.649  2.651 1.0000000000
67947  -58.386  -2.791  2.926 1.0000000000
68669  -53.951  -1.929  5.460 1.0000000000
68687  -54.773  -1.941  5.266 1.0000000000
68688  -55.652  -1.903  4.977 1.0000000000
68689  -56.717  -1.869  4.635 1.0000000000
68690  -57.968  -1.797  4.260 1.0000000000
68723  -49.940  -1.677  3.080 1.0000000000
68724  -51.496  -1.655  3.439 1.0000000000
68725  -52.418  -1.428  3.380 1.0000000000
68726  -53.340  -1.511  3.336 1.0000000000
68727  -54.147  -1.683  3.239 1.0000000000
68728  -58.322  -1.737  3.140 1.0000000000
68735  -44.883  -1.866  2.258 1.0000000000
68736  -45.138  -2.073  1.929 1.0000000000
68737  -46.066  -2.011  1.797 1.0000000000
68738  -47.303  -1.767  1.992 1.0000000000
68739  -49.310  -1.400  2.543 1.0000000000
68740  -50.303  -1.058  2.745 1.0000000000
68741  -51.077  -0.553  2.728 1.0000000000
68742  -54.855  -1.942  3.094 1.0000000000
68743  -55.748  -1.817  2.867 1.0000000000
68744  -57.002  -1.769  2.678 1.0000000000
68745  -58.019  -1.781  2.798 1.0000000000
68752  -44.941  -1.485  1.835 1.0000000000
68753  -45.538  -1.437  1.637 1.0000000000
68754  -46.662  -1.271  1.599 1.0000000000
68755  -47.812  -1.060  1.741 1.0000000000
69511  -55.454  -0.565  4.835 1.0000000000
69512  -56.420  -0.459  4.607 1.0000000000
69513  -57.490  -0.374  4.359 1.0000000000
69532  -58.247  -0.337  3.946 1.0000000000
69533  -58.355  0.347  3.485 1.0000000000
69541  -52.369  -0.649  3.087 1.0000000000
69542  -53.068  -0.767  3.157 1.0000000000
69543  -53.926  -0.881  3.134 1.0000000000
69544  -54.931  -1.119  3.003 1.0000000000
69545  -58.517  -0.590  3.106 1.0000000000
69546  -58.590  0.144  3.083 1.0000000000
69553  -44.794  -1.077  1.987 1.0000000000
69554  -48.764  -0.838  1.967 1.0000000000
69555  -49.667  -0.597  2.155 1.0000000000
69556  -51.115  0.194  2.206 1.0000000000
69557  -51.883  -0.109  2.695 1.0000000000
69558  -52.776  -0.042  2.819 1.0000000000
69559  -53.607  -0.117  2.889 1.0000000000
69560  -56.107  -1.004  2.757 1.0000000000
69561  -57.335  -0.880  2.661 1.0000000000
69562  -58.241  -0.794  2.858 1.0000000000
69563  -58.465  0.072  2.889 1.0000000000
69571  -45.117  -0.895  1.592 1.0000000000
69572  -45.993  -0.722  1.351 1.0000000000
69573  -47.216  -0.526  1.452 1.0000000000
69574  -48.248  -0.342  1.567 1.0000000000
69575  -49.152  -0.130  1.651 1.0000000000
69576  -50.121  0.190  1.763 1.0000000000
69577  -58.186  0.809  2.723 1.0000000000
70380  -53.857  0.218  4.957 1.0000000000
70381  -54.781  0.059  4.830 1.0000000000
70382  -55.797  0.214  4.624 1.0000000000
70383  -56.825  0.295  4.422 1.0000000000
70399  -57.791  0.313  4.106 1.0000000000
70410  -58.511  0.710  3.086 1.0000000000
70416  -44.923  -0.377  1.748 1.0000000000
70417  -51.772  0.412  2.303 1.0000000000
70418  -52.435  0.675  2.263 1.0000000000
70419  -54.051  0.441  2.558 1.0000000000
70420  -54.528  -0.154  2.815 1.0000000000
70421  -56.348  -0.044  2.556 1.0000000000
70422  -57.651  0.124  2.572 1.0000000000
70423  -58.511  0.707  2.976 1.0000000000
70431  -45.348  -0.051  1.257 1.0000000000
70432  -46.616  0.143  1.162 1.0000000000
70433  -47.637  0.703  1.048 1.0000000000
70434  -48.595  0.444  1.278 1.0000000000
70435  -49.462  0.507  1.390 1.0000000000
70436  -51.709  0.852  1.889 1.0000000000
70437  -57.445  1.080  2.458 1.0000000000
70443  -45.710  0.693  0.814 1.0000000000
70444  -46.740  0.862  0.837 1.0000000000
71196  -53.520  1.014  4.779 1.0000000000
71197  -54.372  0.936  4.683 1.0000000000
71198  -55.792  1.758  4.429 1.0000000000
71199  -56.262  1.011  4.424 1.0000000000
71200  -57.239  1.031  4.134 1.0000000000
71220  -53.189  1.805  4.653 1.0000000000
71221  -54.024  1.732  4.592 1.0000000000
71222  -54.867  1.705  4.524 1.0000000000
71223  -56.783  1.833  4.167 1.0000000000
71224  -57.693  1.770  3.610 1.0000000000
71225  -58.297  1.149  3.256 1.0000000000
71240  -58.140  1.924  3.099 1.0000000000
71246  -44.915  0.830  1.699 1.0000000000
71247  -53.262  1.405  1.762 1.0000000000
71248  -54.216  1.250  2.036 1.0000000000
71249  -55.170  1.185  2.195 1.0000000000
71250  -56.001  0.894  2.359 1.0000000000
71251  -56.811  0.694  2.412 1.0000000000
71252  -58.420  1.281  3.022 1.0000000000
71258  -44.978  0.726  0.903 1.0000000000
71259  -48.462  1.240  0.863 1.0000000000
71260  -49.321  1.102  1.036 1.0000000000
71261  -50.897  1.623  0.966 1.0000000000
71262  -51.682  1.533  1.264 1.0000000000
71263  -52.422  1.447  1.548 1.0000000000
71264  -54.043  2.183  1.212 1.0000000000
71265  -55.886  1.685  2.000 1.0000000000
71266  -56.634  1.375  2.268 1.0000000000
71267  -57.895  1.552  2.652 1.0000000000
71268  -58.338  1.263  2.912 1.0000000000
71275  -45.272  1.300  0.544 1.0000000000
71276  -46.234  1.381  0.510 1.0000000000
71277  -47.458  1.483  0.648 1.0000000000
71278  -48.391  1.984  0.514 1.0000000000
71279  -49.223  1.820  0.638 1.0000000000
71280  -50.056  1.704  0.764 1.0000000000
72055  -56.369  2.636  4.306 1.0000000000
72069  -52.872  2.615  4.611 1.0000000000
72070  -53.735  2.532  4.552 1.0000000000
72071  -54.539  2.448  4.516 1.0000000000
72072  -55.382  2.472  4.461 1.0000000000
72073  -57.216  2.758  3.873 1.0000000000
72074  -57.712  2.699  3.350 1.0000000000
72091  -57.945  2.558  3.062 1.0000000000
72100  -58.117  1.966  2.935 1.0000000000
72106  -44.702  2.412  1.143 1.0000000000
72107  -50.850  2.420  0.469 1.0000000000
72108  -51.851  2.405  0.589 1.0000000000
72109  -52.900  2.772  0.468 1.0000000000
72110  -53.812  2.941  0.524 1.0000000000
72111  -55.254  2.871  1.337 1.0000000000
72112  -56.026  2.409  1.774 1.0000000000
72113  -56.844  2.339  2.129 1.0000000000
72114  -57.577  2.261  2.532 1.0000000000
72124  -44.706  2.625  0.205 1.0000000000
72125  -44.889  1.822  0.364 1.0000000000
72126  -45.605  2.079  0.119 1.0000000000
72127  -47.466  2.767  0.149 1.0000000000
72128  -48.278  2.710  0.264 1.0000000000
72129  -49.091  2.585  0.321 1.0000000000
72130  -49.954  2.476  0.369 1.0000000000
72131  -51.676  3.247  0.116 1.0000000000
72132  -52.543  3.309  0.166 1.0000000000
72133  -53.206  3.348  0.321 1.0000000000
72880  -55.473  3.970  4.590 1.0000000000
72881  -55.952  3.315  4.450 1.0000000000
72882  -57.016  3.692  4.198 1.0000000000
72903  -52.556  3.440  4.612 1.0000000000
72904  -53.504  3.381  4.574 1.0000000000
72905  -54.396  3.249  4.549 1.0000000000
72906  -55.081  3.067  4.511 1.0000000000
72907  -57.400  3.549  3.709 1.0000000000
72927  -57.369  3.995  3.603 1.0000000000
72928  -57.648  3.228  3.239 1.0000000000
72941  -56.306  3.912  2.596 1.0000000000
72942  -57.489  3.522  3.003 1.0000000000
72943  -57.769  2.774  2.866 1.0000000000
72949  -44.566  3.451  1.252 1.0000000000
72950  -53.548  3.470  0.565 1.0000000000
72951  -56.244  3.094  2.011 1.0000000000
72952  -57.170  2.936  2.416 1.0000000000
72960  -44.535  3.435  0.103 1.0000000000
72961  -44.875  3.021  -0.420 1.0000000000
72962  -45.472  3.065  -0.446 1.0000000000
72963  -47.303  3.340  -0.216 1.0000000000
72964  -48.062  3.366  -0.067 1.0000000000
72965  -48.901  3.325  -0.014 1.0000000000
72966  -51.641  4.190  -0.259 1.0000000000
72967  -52.889  3.946  0.105 1.0000000000
72975  -44.708  3.595  -0.595 1.0000000000
72976  -45.033  3.578  -0.932 1.0000000000
72977  -46.645  3.793  -0.683 1.0000000000
72978  -47.766  4.018  -0.538 1.0000000000
72979  -48.662  4.046  -0.417 1.0000000000
72980  -49.571  4.052  -0.379 1.0000000000
72981  -50.552  4.101  -0.342 1.0000000000
73730  -54.302  5.254  4.905 1.0000000000
73731  -55.644  5.091  4.768 1.0000000000
73732  -56.558  4.903  4.506 1.0000000000
73733  -56.520  4.138  4.444 1.0000000000
73752  -53.239  4.255  4.650 1.0000000000
73753  -54.374  4.178  4.660 1.0000000000
73754  -57.047  5.301  4.131 1.0000000000
73755  -57.165  4.630  4.170 1.0000000000
73772  -57.081  5.209  3.937 1.0000000000
73773  -57.280  4.710  3.933 1.0000000000
73787  -53.189  4.479  1.905 1.0000000000
73788  -54.095  4.366  2.321 1.0000000000
73789  -55.320  4.310  2.616 1.0000000000
73790  -56.571  4.822  3.384 1.0000000000
73791  -57.154  4.283  3.426 1.0000000000
73799  -53.072  4.179  0.683 1.0000000000
73800  -53.713  3.878  1.251 1.0000000000
73801  -54.433  3.659  1.584 1.0000000000
73811  -51.277  5.033  -0.531 1.0000000000
73812  -52.055  5.164  -0.234 1.0000000000
73813  -52.513  4.652  0.145 1.0000000000
73820  -44.730  4.192  -1.127 1.0000000000
73821  -45.325  4.335  -1.396 1.0000000000
73822  -46.403  4.734  -1.424 1.0000000000
73823  -48.414  4.827  -0.784 1.0000000000
73824  -49.301  4.833  -0.601 1.0000000000
73825  -50.282  4.917  -0.580 1.0000000000
73835  -45.749  5.065  -1.875 1.0000000000
74603  -55.953  6.222  5.064 1.0000000000
74604  -56.522  5.806  4.465 1.0000000000
74617  -56.454  6.172  4.411 1.0000000000
74618  -56.856  5.720  4.155 1.0000000000
74632  -54.503  6.021  3.573 1.0000000000
74633  -56.065  5.972  3.783 1.0000000000
74634  -56.731  5.638  3.907 1.0000000000
74650  -51.767  5.581  1.993 1.0000000000
74651  -52.606  5.159  2.499 1.0000000000
74652  -53.543  5.030  2.957 1.0000000000
74653  -54.847  5.080  3.209 1.0000000000
74654  -56.020  5.206  3.421 1.0000000000
74662  -51.922  5.633  0.561 1.0000000000
74663  -52.434  4.915  1.070 1.0000000000
74673  -51.467  6.245  -0.377 1.0000000000
74674  -51.872  6.018  -0.140 1.0000000000
74675  -52.183  5.332  0.096 1.0000000000
74683  -45.032  4.900  -1.850 1.0000000000
74684  -47.389  5.674  -1.630 1.0000000000
74685  -48.209  5.709  -1.205 1.0000000000
74686  -49.013  5.602  -0.736 1.0000000000
74687  -50.005  5.685  -0.563 1.0000000000
74688  -51.000  5.756  -0.608 1.0000000000
74689  -51.612  5.718  -0.400 1.0000000000
74700  -45.596  5.710  -2.458 1.0000000000
74701  -46.537  5.719  -2.066 1.0000000000
75510  -55.993  7.712  4.766 1.0000000000
75525  -53.248  6.699  3.638 1.0000000000
75526  -55.125  7.334  3.990 1.0000000000
75541  -51.024  6.501  1.936 1.0000000000
75542  -51.841  6.135  3.169 1.0000000000
75543  -52.813  5.668  3.246 1.0000000000
75554  -51.241  7.369  0.265 1.0000000000
75555  -51.573  6.340  0.508 1.0000000000
75565  -48.686  6.575  -0.311 1.0000000000
75566  -50.012  6.956  0.015 1.0000000000
75567  -51.478  6.784  -0.206 1.0000000000
75575  -47.099  6.264  -1.758 1.0000000000
75576  -47.968  6.160  -1.245 1.0000000000
75577  -48.676  6.075  -0.878 1.0000000000
75578  -49.550  6.222  -0.472 1.0000000000
75579  -50.861  6.545  -0.412 1.0000000000
75591  -45.534  6.571  -2.796 1.0000000000
75592  -46.377  6.381  -2.298 1.0000000000
76459  -47.432  6.724  -0.826 1.0000000000
76471  -45.424  7.341  -2.597 1.0000000000
76472  -46.215  7.005  -2.156 1.0000000000
106303  -48.446  -27.307  4.971 1.0000000000
106365  -50.259  -8.332  4.808 1.0000000000
106424  -53.144  2.195  1.045 1.0000000000
106425  -53.720  -41.430  0.280 1.0000000000
106527  -45.449  -7.186  4.521 1.0000000000
106555  -54.275  -8.987  3.227 1.0000000000
106609  -56.155  -25.226  -0.277 1.0000000000
106697  -60.377  -30.000  0.016 1.0000000000
106740  -51.309  -10.827  3.553 1.0000000000
106860  -44.894  -40.397  5.012 1.0000000000
106861  -43.934  -40.370  5.003 1.0000000000
106950  -52.304  -25.964  3.993 1.0000000000
106989  -48.599  -10.330  4.746 1.0000000000
106995  -43.322  -24.065  6.265 1.0000000000
107073  -45.312  -6.803  4.676 1.0000000000
107100  -53.682  -31.671  0.823 1.0000000000
107136  -44.874  -3.610  3.322 1.0000000000
107145  -60.342  -30.997  -0.893 1.0000000000
107153  -48.041  -52.246  1.997 1.0000000000
107162  -43.041  -27.596  7.310 1.0000000000
107164  -57.577  -6.237  2.688 1.0000000000
107237  -45.364  -27.499  6.220 1.0000000000
107244  -51.901  -10.291  3.576 1.0000000000
107274  -50.177  -11.586  3.566 1.0000000000
107291  -59.299  -14.052  4.655 1.0000000000
107294  -50.086  -22.696  4.854 1.0000000000
107421  -52.259  -11.028  3.379 1.0000000000
107424  -50.304  -9.194  4.524 1.0000000000
107461  -50.870  -23.175  4.419 1.0000000000
107485  -50.736  -24.140  4.330 1.0000000000
107526  -56.368  -26.555  1.670 1.0000000000
107557  -49.358  -26.677  -1.564 1.0000000000
107575  -45.336  -33.033  7.066 1.0000000000
107601  -56.278  -4.139  4.571 1.0000000000
107606  -44.886  -4.594  3.290 1.0000000000
107684  -43.129  -40.404  5.015 1.0000000000
107818  -44.619  -27.554  6.630 1.0000000000
107870  -48.570  -50.920  -2.910 1.0000000000
107890  -51.077  -27.583  5.336 1.0000000000
107900  -47.895  -40.476  6.174 1.0000000000
107948  -52.877  -8.273  3.518 1.0000000000
108085  -51.154  -31.156  4.539 1.0000000000
108103  -48.919  -11.197  4.337 1.0000000000
108113  -49.353  -17.898  8.125 1.0000000000
108115  -54.884  -31.770  -3.562 1.0000000000
108130  -55.405  -0.404  2.739 1.0000000000
108269  -57.832  -4.175  2.525 1.0000000000
108294  -55.819  -26.485  2.490 1.0000000000
108299  -54.408  3.127  0.879 1.0000000000
108349  -55.571  -36.566  5.390 1.0000000000
108361  -44.240  -49.573  -0.587 1.0000000000
108371  -54.931  -40.158  4.713 1.0000000000
108405  -47.916  -10.977  4.694 1.0000000000
108412  -53.660  -40.232  3.739 1.0000000000
108485  -47.837  -17.511  0.278 1.0000000000
108490  -58.746  -35.512  -1.237 1.0000000000
108504  -51.066  -26.302  4.145 1.0000000000
108566  -54.754  -40.171  7.713 1.0000000000
108681  -50.793  -24.959  4.205 1.0000000000
108736  -44.973  0.224  1.456 1.0000000000
108766  -54.651  -8.599  5.941 1.0000000000
108782  -54.127  -0.551  5.157 1.0000000000
108787  -46.511  -12.214  4.311 1.0000000000
108901  -46.891  -28.454  7.335 1.0000000000
109203  -46.169  -28.753  7.681 1.0000000000
109231  -47.930  -49.197  1.997 1.0000000000
109304  -49.506  -43.413  -1.353 1.0000000000
109335  -51.308  -22.168  4.619 1.0000000000
109365  -49.790  3.275  0.010 1.0000000000
109556  -50.658  -1.687  3.332 1.0000000000
109575  -51.961  -38.755  1.726 1.0000000000
109652  -45.425  -7.207  5.874 1.0000000000
109683  -52.431  -31.250  3.368 1.0000000000
109687  -55.313  -9.736  3.237 1.0000000000
109886  -60.101  -29.351  -2.472 1.0000000000
109914  -55.994  -9.880  3.418 1.0000000000
109918  -48.338  -1.530  2.229 1.0000000000
109920  -49.792  -44.453  -1.346 1.0000000000
109941  -54.324  -5.489  2.984 1.0000000000
110006  -49.536  -19.111  5.742 1.0000000000
110010  -57.951  -34.668  0.032 1.0000000000
110176  -57.972  -41.551  -4.195 1.0000000000
110200  -50.692  -7.147  4.673 1.0000000000
110294  -53.652  -31.500  1.581 1.0000000000
110384  -47.712  0.091  1.325 1.0000000000
110394  -48.523  -38.276  1.452 1.0000000000
110454  -57.136  -39.548  -2.646 1.0000000000
110552  -44.572  -45.139  5.336 1.0000000000
110571  -52.912  -41.602  2.465 1.0000000000
110618  -51.766  -43.961  1.165 1.0000000000
110669  -46.341  -17.483  1.380 1.0000000000
110762  -54.283  -43.083  1.199 1.0000000000
110784  -49.540  -12.247  3.574 1.0000000000
110814  -52.421  -42.145  8.616 1.0000000000
110876  -51.327  -15.469  3.464 1.0000000000
111142  -53.915  -6.102  5.511 1.0000000000
111162  -48.133  -27.480  5.764 1.0000000000
111305  -47.138  -27.511  3.493 1.0000000000
111331  -50.732  3.259  0.052 1.0000000000
111346  -52.371  4.422  -0.095 1.0000000000
111437  -50.484  -15.607  1.324 1.0000000000
111450  -51.854  -40.349  5.285 1.0000000000
111493  -53.512  -43.065  8.579 1.0000000000
111525  -52.326  -8.282  3.686 1.0000000000
111593  -42.225  -48.477  1.597 1.0000000000
111596  -58.585  -36.399  -2.003 1.0000000000
111677  -49.223  -27.829  6.251 1.0000000000
111746  -56.043  -1.199  4.793 1.0000000000
111765  -48.282  -50.457  -1.833 1.0000000000
111767  -43.397  -24.831  6.031 1.0000000000
111817  -58.382  -1.122  3.640 1.0000000000
111841  -55.159  -7.499  4.836 1.0000000000
111862  -51.620  -41.806  2.584 1.0000000000
111881  -50.925  0.884  1.563 1.0000000000
111908  -52.393  2.064  0.951 1.0000000000
112096  -56.531  -10.156  3.869 1.0000000000
112103  -47.484  -24.419  2.437 1.0000000000
112104  -45.223  -22.217  2.841 1.0000000000
112113  -45.345  -9.858  5.118 1.0000000000
112124  -41.352  -40.893  3.468 1.0000000000
112193  -49.314  -18.460  5.783 1.0000000000
112292  -45.166  -11.178  5.053 1.0000000000
112302  -53.596  -5.192  3.315 1.0000000000
112352  -56.402  -9.294  4.291 1.0000000000
112357  -57.048  -10.161  5.610 1.0000000000
112398  -51.080  -3.235  4.081 1.0000000000
112439  -56.990  3.569  2.649 1.0000000000
112470  -53.686  -42.822  -0.674 1.0000000000
112528  -57.918  -41.983  0.785 1.0000000000
112591  -47.501  4.805  -1.104 1.0000000000
112602  -50.450  -32.574  2.629 1.0000000000
112633  -46.134  -44.214  6.789 1.0000000000
112655  -55.497  -31.107  -0.893 1.0000000000
112708  -51.712  -0.907  3.137 1.0000000000
112754  -53.993  3.446  0.904 1.0000000000
112769  -46.547  -42.848  7.449 1.0000000000
112806  -52.943  -38.805  7.551 1.0000000000
112866  -57.131  -1.115  4.512 1.0000000000
112908  -53.402  -42.411  8.543 1.0000000000
112935  -55.886  -17.353  -0.390 1.0000000000
113005  -45.934  -45.513  5.555 1.0000000000
113074  -44.868  -3.344  2.762 1.0000000000
113152  -54.545  2.802  0.946 1.0000000000
113158  -54.399  -41.906  8.408 1.0000000000
113418  -41.074  -46.273  4.493 1.0000000000
113512  -52.306  -32.364  0.644 1.0000000000
113527  -51.120  7.588  -0.092 1.0000000000
113539  -50.114  0.992  1.259 1.0000000000
113547  -45.310  -13.618  4.664 1.0000000000
113560  -55.155  -1.263  5.073 1.0000000000
113690  -55.586  -13.699  2.125 1.0000000000
113719  -45.283  -13.237  4.692 1.0000000000
113746  -47.709  2.206  0.389 1.0000000000
113778  -43.198  -49.300  0.218 1.0000000000
113780  -58.671  -38.105  -0.542 1.0000000000
113785  -46.798  -42.169  7.528 1.0000000000
113807  -46.399  -17.587  2.209 1.0000000000
114004  -46.070  -8.784  4.699 1.0000000000
114019  -43.167  -41.565  6.750 1.0000000000
114055  -46.337  -20.000  1.768 1.0000000000
114104  -57.151  -41.000  -2.894 1.0000000000
114105  -46.547  -25.224  -0.455 1.0000000000
114131  -57.097  -40.435  4.549 1.0000000000
114229  -45.367  -20.889  4.856 1.0000000000
114413  -57.202  -29.973  -3.457 1.0000000000
114494  -53.749  -18.087  0.255 1.0000000000
114600  -57.389  -34.395  -5.006 1.0000000000
114639  -46.476  -17.822  3.013 1.0000000000
114678  -56.471  -42.219  -2.320 1.0000000000
114760  -48.193  -28.394  7.001 1.0000000000
114800  -52.166  -24.871  3.832 1.0000000000
114822  -53.709  -37.146  1.043 1.0000000000
114843  -44.414  -23.159  3.755 1.0000000000
114905  -45.059  -4.182  4.001 1.0000000000
114985  -47.818  -24.701  1.129 1.0000000000
115022  -46.007  -16.025  2.200 1.0000000000
115129  -55.307  0.343  2.536 1.0000000000
115163  -44.799  -26.598  3.307 1.0000000000
115237  -53.371  0.613  2.426 1.0000000000
115249  -57.413  -37.289  4.445 1.0000000000
115310  -54.107  -34.337  -2.162 1.0000000000
115325  -58.618  -39.068  2.576 1.0000000000
115367  -46.801  -24.081  -1.144 1.0000000000
115378  -46.751  6.651  -1.720 1.0000000000
115405  -55.044  2.133  1.526 1.0000000000
115409  -54.115  -7.121  5.469 1.0000000000
115505  -58.110  -40.529  4.469 1.0000000000
115644  -50.101  -49.818  5.517 1.0000000000
115684  -52.611  -38.836  1.641 1.0000000000
115734  -56.234  7.083  4.911 1.0000000000
115755  -55.627  -40.123  7.629 1.0000000000
115805  -49.335  -18.668  7.905 1.0000000000
115963  -55.278  0.938  4.567 1.0000000000
115980  -55.306  3.363  1.764 1.0000000000
115996  -52.912  -2.208  3.517 1.0000000000
116114  -58.677  -37.932  -3.271 1.0000000000
116126  -53.054  -42.006  0.120 1.0000000000
116175  -48.865  -42.051  7.361 1.0000000000
116209  -57.826  -37.575  2.361 1.0000000000
116269  -55.813  -9.216  5.244 1.0000000000
116439  -58.567  -38.509  -3.095 1.0000000000
116525  -53.580  -14.231  4.183 1.0000000000
116616  -47.226  -20.394  -2.360 1.0000000000
116692  -60.359  -30.689  -0.063 1.0000000000
116859  -50.885  -43.866  6.432 1.0000000000
116878  -51.390  -38.868  8.242 1.0000000000
116910  -50.774  -36.774  1.531 1.0000000000
117055  -56.504  1.930  2.020 1.0000000000
117144  -44.968  -29.475  8.290 1.0000000000
117217  -52.331  3.887  -0.079 1.0000000000
117233  -45.319  -12.367  4.668 1.0000000000
117255  -51.822  -32.431  1.183 1.0000000000
117368  -57.842  -37.674  3.148 1.0000000000
117379  -57.698  -40.970  -4.223 1.0000000000
117433  -45.740  -14.911  3.977 1.0000000000
117467  -46.889  -44.473  6.736 1.0000000000
117539  -48.992  -20.933  0.078 1.0000000000
117628  -46.449  -20.874  -0.488 1.0000000000
117633  -55.403  -23.408  2.041 1.0000000000
117681  -57.178  1.780  2.286 1.0000000000
117696  -49.447  -23.992  -4.567 1.0000000000
117759  -49.312  -35.863  1.191 1.0000000000
117815  -45.845  -40.785  3.143 1.0000000000
118039  -50.997  -45.018  0.211 1.0000000000
118100  -52.495  -3.935  3.790 1.0000000000
118142  -45.426  -13.877  4.577 1.0000000000
118167  -52.043  -47.571  6.163 1.0000000000
118235  -57.586  -38.578  6.692 1.0000000000
118258  -58.472  -0.309  3.387 1.0000000000
118289  -51.689  -22.615  7.232 1.0000000000
118407  -48.797  -12.759  3.661 1.0000000000
118489  -46.841  2.119  0.308 1.0000000000
118572  -58.411  -2.238  3.593 1.0000000000
118654  -44.999  2.417  -0.167 1.0000000000
118729  -56.190  -42.383  6.645 1.0000000000
118743  -52.208  -42.047  6.444 1.0000000000
118760  -49.633  -16.782  6.749 1.0000000000
118770  -57.930  0.910  3.711 1.0000000000
118831  -47.610  -42.028  -1.231 1.0000000000
118851  -53.435  -49.895  5.201 1.0000000000
118919  -49.321  -47.652  4.384 1.0000000000
118934  -46.211  -48.464  1.360 1.0000000000
118952  -52.463  -20.615  5.480 1.0000000000
119049  -49.248  -26.349  -0.741 1.0000000000
119104  -54.485  -42.189  6.406 1.0000000000
119105  -53.242  -42.077  6.384 1.0000000000
119236  -57.022  -15.532  1.834 1.0000000000
119301  -54.481  -40.464  3.423 1.0000000000
119520  -51.006  -43.128  6.591 1.0000000000
119610  -56.063  6.832  4.332 1.0000000000
119682  -47.808  -11.771  4.438 1.0000000000
119687  -51.624  -45.616  7.430 1.0000000000
119723  -45.577  -21.477  2.632 1.0000000000
119765  -47.476  -22.323  -2.701 1.0000000000
119838  -46.387  -19.924  0.765 1.0000000000
119904  -56.261  -44.594  -0.865 1.0000000000
119919  -46.348  -29.857  8.155 1.0000000000
119975  -56.470  -16.631  1.398 1.0000000000
120055  -51.666  -48.226  3.673 1.0000000000
120129  -48.683  -35.891  1.384 1.0000000000
120155  -53.950  -42.235  1.807 1.0000000000
120246  -58.520  -38.564  1.728 1.0000000000
120305  -47.421  -22.169  3.195 1.0000000000
120334  -40.741  -41.231  4.582 1.0000000000
120362  -53.153  -47.913  3.884 1.0000000000
120407  -51.160  -49.827  5.338 1.0000000000
120455  -49.105  -40.717  4.014 1.0000000000
120483  -43.364  -27.162  6.837 1.0000000000
120505  -54.622  -45.875  5.284 1.0000000000
120550  -49.990  -20.605  5.517 1.0000000000
120566  -51.833  -50.462  4.953 1.0000000000
120567  -48.645  -20.675  5.351 1.0000000000
120575  -54.751  -43.738  6.327 1.0000000000
120620  -43.735  -45.057  5.088 1.0000000000
120648  -59.558  -39.113  6.082 1.0000000000
120699  -50.446  -0.365  2.313 1.0000000000
120728  -46.537  2.845  -0.099 1.0000000000
120820  -49.616  -47.071  4.741 1.0000000000
120903  -55.085  -15.671  2.577 1.0000000000
120994  -48.917  -46.571  5.164 1.0000000000
121066  -54.555  -19.327  -2.154 1.0000000000
121085  -49.643  -15.865  6.889 1.0000000000
121111  -48.458  -19.171  3.093 1.0000000000
121121  -48.365  -36.517  1.603 1.0000000000
121261  -58.719  -4.249  2.863 1.0000000000
121264  -59.734  -28.912  -3.394 1.0000000000
121289  -59.333  -32.694  0.164 1.0000000000
121441  -52.530  -20.441  5.802 1.0000000000
121445  -50.087  -37.900  1.735 1.0000000000
121463  -50.855  -5.169  4.526 1.0000000000
121497  -45.074  -41.881  7.353 1.0000000000
121508  -49.507  -15.628  4.722 1.0000000000
121515  -58.602  -4.837  3.239 1.0000000000
121589  -45.618  -19.814  5.446 1.0000000000
121605  -58.320  -33.111  -3.764 1.0000000000
121614  -50.002  -40.850  -1.114 1.0000000000
121629  -51.252  -13.788  7.776 1.0000000000
121702  -48.662  -19.095  5.281 1.0000000000
121859  -50.358  -10.558  3.947 1.0000000000
121878  -53.621  -2.159  3.397 1.0000000000
121911  -56.182  -8.474  2.900 1.0000000000
122040  -49.446  -27.165  4.638 1.0000000000
122057  -56.030  -9.066  3.131 1.0000000000
122136  -56.901  -36.569  -4.517 1.0000000000
122167  -48.014  -6.214  4.774 1.0000000000
122201  -41.703  -40.788  5.321 1.0000000000
122279  -51.966  -51.604  1.596 1.0000000000
122303  -48.852  -40.363  5.417 1.0000000000
122380  -52.326  -13.112  7.618 1.0000000000
122393  -45.073  -24.461  1.473 1.0000000000
122414  -54.315  -19.540  -2.184 1.0000000000
122422  -47.346  -23.298  2.558 1.0000000000
122478  -55.786  -25.724  1.623 1.0000000000
122492  -57.883  -28.520  -0.581 1.0000000000
122526  -54.422  -40.081  4.076 1.0000000000
122652  -58.706  -33.100  0.327 1.0000000000
122656  -51.298  -10.149  3.757 1.0000000000
122659  -45.352  -11.107  4.762 1.0000000000
122697  -45.405  -27.883  6.937 1.0000000000
122704  -55.187  -9.008  5.904 1.0000000000
122713  -46.518  -40.969  3.394 1.0000000000
122769  -49.307  -18.005  8.785 1.0000000000
122817  -45.303  -40.462  4.364 1.0000000000
122831  -51.617  -6.683  4.232 1.0000000000
122852  -47.981  -52.620  -0.717 1.0000000000
122865  -46.911  -26.496  -0.205 1.0000000000
122892  -40.438  -48.739  2.297 1.0000000000
122902  -47.884  -22.101  1.266 1.0000000000
122917  -48.987  -27.188  1.504 1.0000000000
122920  -52.264  -42.394  2.086 1.0000000000
122938  -48.484  -40.620  6.448 1.0000000000
123058  -46.985  -8.552  4.898 1.0000000000
123064  -58.187  -37.780  1.687 1.0000000000
123075  -53.204  -3.539  3.537 1.0000000000
123270  -50.466  -27.385  5.293 1.0000000000
123296  -48.710  -18.317  5.200 1.0000000000
123330  -60.374  -29.962  -1.035 1.0000000000
123348  -54.628  0.610  2.446 1.0000000000
123494  -45.736  -21.434  1.893 1.0000000000
123518  -54.397  -1.259  5.275 1.0000000000
123623  -58.601  -39.319  1.807 1.0000000000
123679  -52.073  -18.090  -1.255 1.0000000000
123693  -51.633  -22.705  4.221 1.0000000000
123702  -50.721  -17.422  1.947 1.0000000000
123722  -45.658  -15.726  5.500 1.0000000000
123759  -55.132  -3.902  5.004 1.0000000000
123804  -52.165  5.590  2.906 1.0000000000
123872  -54.629  -22.246  4.843 1.0000000000
123937  -53.663  -13.713  4.715 1.0000000000
123945  -45.498  -10.025  4.873 1.0000000000
124035  -52.209  -16.236  2.433 1.0000000000
124089  -51.239  -12.082  3.057 1.0000000000
124144  -57.182  -23.790  1.127 1.0000000000
124185  -56.371  6.379  4.698 1.0000000000
124210  -48.140  -52.431  1.209 1.0000000000
124230  -46.073  -27.323  3.900 1.0000000000
124322  -52.479  -27.539  4.758 1.0000000000
124414  -45.656  3.862  -1.001 1.0000000000
124439  -56.738  -44.222  6.768 1.0000000000
124452  -46.494  -30.443  8.135 1.0000000000
124491  -56.937  -30.118  -5.137 1.0000000000
124581  -56.559  -30.328  -0.256 1.0000000000
124615  -49.004  -6.026  5.012 1.0000000000
124659  -57.197  -7.263  2.891 1.0000000000
124696  -56.993  -44.931  7.355 1.0000000000
124788  -45.215  -40.577  2.880 1.0000000000
124804  -55.755  -38.931  0.056 1.0000000000
124827  -50.776  -20.932  -1.569 1.0000000000
124852  -51.062  -12.786  2.730 1.0000000000
124890  -54.199  -36.462  6.387 1.0000000000
124954  -58.024  -0.950  4.219 1.0000000000
125033  -44.366  -25.465  2.560 1.0000000000
125060  -54.378  -41.660  2.178 1.0000000000
125088  -40.286  -46.293  4.712 1.0000000000
125178  -51.502  -21.886  7.073 1.0000000000
125187  -51.075  -52.191  1.353 1.0000000000
125247  -54.653  -28.703  3.839 1.0000000000
125274  -57.958  -37.534  4.989 1.0000000000
125285  -54.037  -18.487  -1.864 1.0000000000
125286  -49.982  -26.076  -2.664 1.0000000000
125290  -57.308  -25.623  -1.574 1.0000000000
125352  -46.616  -13.037  3.940 1.0000000000
125418  -52.202  -38.888  7.794 1.0000000000
125429  -44.110  -23.305  4.377 1.0000000000
125518  -47.946  -35.960  1.718 1.0000000000
125531  -53.342  -45.778  -2.115 1.0000000000
125534  -50.452  -44.437  6.303 1.0000000000
125565  -58.430  -38.191  3.557 1.0000000000
125584  -55.352  -38.444  6.964 1.0000000000
125648  -51.204  -40.521  3.765 1.0000000000
125652  -57.117  -16.593  1.113 1.0000000000
125799  -46.119  -49.388  -0.467 1.0000000000
125823  -53.414  -34.085  -2.027 1.0000000000
125829  -49.586  -16.330  6.789 1.0000000000
125880  -58.149  -41.017  -4.412 1.0000000000
125897  -49.590  -27.320  5.240 1.0000000000
125928  -48.502  -18.735  4.917 1.0000000000
125969  -48.511  -40.411  5.959 1.0000000000
125987  -46.014  -27.777  6.581 1.0000000000
125989  -47.098  -40.436  5.481 1.0000000000
126021  -49.257  -38.382  1.513 1.0000000000
126042  -51.048  -1.145  3.138 1.0000000000
126107  -44.174  -48.748  0.618 1.0000000000
126230  -53.947  -19.243  -0.920 1.0000000000
126262  -50.762  -40.242  4.826 1.0000000000
126355  -51.611  -43.753  6.346 1.0000000000
126428  -51.300  -38.683  1.723 1.0000000000
126452  -53.269  -7.264  3.398 1.0000000000
126457  -55.112  -24.562  1.418 1.0000000000
126517  -53.881  -40.715  3.029 1.0000000000
126521  -42.002  -41.956  6.475 1.0000000000
126530  -49.895  -15.733  3.955 1.0000000000
126555  -48.809  -19.242  2.028 1.0000000000
126618  -49.097  -27.262  2.945 1.0000000000
126629  -44.915  -28.626  7.759 1.0000000000
126647  -50.108  -3.989  4.446 1.0000000000
126675  -50.237  -4.999  4.657 1.0000000000
126678  -45.321  -27.299  5.490 1.0000000000
126680  -47.738  -41.164  7.206 1.0000000000
126750  -51.181  -40.313  5.231 1.0000000000
126811  -57.590  -41.057  2.882 1.0000000000
126896  -55.174  -45.318  -2.562 1.0000000000
126928  -58.504  -40.503  0.521 1.0000000000
126933  -46.580  -18.234  -0.190 1.0000000000
126951  -55.331  -31.167  -0.233 1.0000000000
127171  -45.556  -14.976  5.188 1.0000000000
127174  -55.223  -36.002  3.069 1.0000000000
127298  -51.385  -19.247  6.162 1.0000000000
127300  -48.800  -4.761  4.480 1.0000000000
127308  -45.175  -23.624  1.546 1.0000000000
127330  -44.799  1.495  1.179 1.0000000000
127390  -54.958  -44.342  -2.460 1.0000000000
127491  -45.106  -12.399  5.241 1.0000000000
127569  -48.395  -20.238  1.961 1.0000000000
127610  -55.589  -4.756  2.758 1.0000000000
127614  -48.033  -3.279  3.255 1.0000000000
127663  -56.570  2.708  2.054 1.0000000000
127664  -48.396  -27.502  2.894 1.0000000000
127745  -55.714  -46.809  6.050 1.0000000000
127794  -51.570  -30.808  4.553 1.0000000000
127866  -47.161  -25.255  -1.205 1.0000000000
127894  -55.736  -43.076  8.531 1.0000000000
127912  -57.978  -32.825  -4.405 1.0000000000
127952  -54.022  -10.104  3.329 1.0000000000
128000  -56.410  -26.026  0.502 1.0000000000
128074  -46.611  -40.762  3.906 1.0000000000
128124  -60.238  -31.389  -0.127 1.0000000000
128141  -55.520  -42.503  8.478 1.0000000000
128146  -57.196  -39.164  7.042 1.0000000000
128203  -48.486  -40.865  3.940 1.0000000000
128242  -45.553  -27.051  3.355 1.0000000000
128351  -44.910  1.284  0.663 1.0000000000
128517  -58.509  -37.225  -3.046 1.0000000000
128523  -57.380  4.255  3.957 1.0000000000
128681  -54.763  -0.716  5.061 1.0000000000
128692  -49.566  -15.302  5.481 1.0000000000
128708  -57.712  -29.592  -2.896 1.0000000000
128772  -51.213  -22.279  -5.025 1.0000000000
128929  -42.884  -47.540  2.382 1.0000000000
128933  -54.919  -3.224  5.174 1.0000000000
