#!ascii label  , from subject sub-04 vox2ras=TkReg aparc.a2009s=G_temporal_inf
2611
18041  -39.562  -62.296  8.867 0.0000000000
18054  -38.433  -61.841  7.837 0.0000000000
18055  -39.236  -62.287  7.455 0.0000000000
18056  -39.681  -62.246  7.847 0.0000000000
18057  -40.291  -62.239  8.337 0.0000000000
18070  -38.708  -62.123  6.931 0.0000000000
18071  -39.111  -62.168  6.786 0.0000000000
18072  -39.325  -62.190  7.359 0.0000000000
18086  -38.875  -62.085  6.447 0.0000000000
18945  -38.164  -60.700  9.880 0.0000000000
18946  -38.975  -61.448  9.975 0.0000000000
18955  -38.232  -61.390  8.816 0.0000000000
18956  -38.782  -61.715  9.155 0.0000000000
18970  -37.796  -61.441  7.430 0.0000000000
18971  -39.520  -61.855  7.346 0.0000000000
18972  -39.892  -62.156  7.840 0.0000000000
18982  -37.282  -60.861  7.055 0.0000000000
18983  -38.225  -61.719  6.611 0.0000000000
18984  -39.176  -62.144  6.832 0.0000000000
18993  -37.709  -61.223  6.349 0.0000000000
18994  -38.525  -61.713  6.074 0.0000000000
18995  -39.015  -61.725  5.878 0.0000000000
18996  -39.315  -61.117  4.867 0.0000000000
19004  -38.764  -61.509  5.526 0.0000000000
19005  -39.236  -61.359  5.070 0.0000000000
19006  -39.434  -60.811  4.602 0.0000000000
19853  -37.327  -59.649  10.066 0.0000000000
19865  -37.013  -59.823  8.949 0.0000000000
19866  -37.621  -60.489  9.256 0.0000000000
19883  -37.059  -60.445  7.943 0.0000000000
19884  -39.864  -61.062  8.220 0.0000000000
19893  -36.833  -60.186  6.611 0.0000000000
19894  -39.252  -61.414  6.810 0.0000000000
19903  -37.741  -60.959  5.809 0.0000000000
19904  -39.257  -61.261  5.901 0.0000000000
19905  -39.511  -61.012  5.118 0.0000000000
19913  -37.442  -59.961  5.505 0.0000000000
19914  -38.461  -60.993  5.182 0.0000000000
19915  -40.091  -60.537  4.405 0.0000000000
19929  -38.104  -60.026  4.972 0.0000000000
19930  -39.131  -60.628  4.567 0.0000000000
19931  -40.288  -60.412  4.082 0.0000000000
19932  -40.866  -59.981  3.878 0.0000000000
19945  -40.862  -59.869  3.777 0.0000000000
20747  -35.733  -58.494  9.090 0.0000000000
20748  -36.563  -58.919  9.750 0.0000000000
20762  -35.361  -58.384  8.374 0.0000000000
20763  -35.954  -59.025  8.149 0.0000000000
20771  -35.449  -58.488  7.723 0.0000000000
20772  -36.016  -59.200  7.244 0.0000000000
20782  -35.629  -58.455  7.016 0.0000000000
20783  -36.266  -59.115  6.570 0.0000000000
20785  -39.384  -60.060  5.928 0.0000000000
20800  -36.626  -58.764  5.933 0.0000000000
20801  -37.452  -58.907  5.267 0.0000000000
20802  -40.270  -60.082  5.020 0.0000000000
20803  -40.971  -59.740  4.351 0.0000000000
20821  -38.313  -59.217  4.653 0.0000000000
20822  -39.424  -59.547  4.087 0.0000000000
20823  -40.398  -59.460  3.682 0.0000000000
20824  -41.363  -59.213  3.973 0.0000000000
20825  -41.437  -58.419  3.928 0.0000000000
20833  -40.979  -59.111  3.586 0.0000000000
20834  -41.274  -58.785  3.777 0.0000000000
21590  -33.614  -57.067  9.991 0.0000000000
21591  -34.392  -57.499  9.594 0.0000000000
21592  -34.918  -57.970  8.878 0.0000000000
21607  -33.733  -57.116  9.286 0.0000000000
21608  -34.271  -57.400  8.689 0.0000000000
21609  -34.881  -57.951  8.149 0.0000000000
21621  -34.630  -57.292  7.929 0.0000000000
21622  -35.167  -57.843  7.481 0.0000000000
21634  -35.563  -57.689  6.862 0.0000000000
21635  -36.260  -57.486  6.282 0.0000000000
21652  -36.997  -57.754  5.596 0.0000000000
21653  -37.748  -57.988  5.008 0.0000000000
21654  -40.653  -58.788  5.157 0.0000000000
21655  -41.248  -58.573  4.503 0.0000000000
21656  -41.392  -57.350  4.638 0.0000000000
21672  -38.551  -58.212  4.424 0.0000000000
21673  -39.477  -58.302  3.891 0.0000000000
21674  -40.375  -58.218  3.544 0.0000000000
21675  -41.525  -57.613  4.040 0.0000000000
21682  -41.071  -58.049  3.512 0.0000000000
21683  -41.334  -57.832  3.759 0.0000000000
22371  -32.516  -56.192  10.017 0.0000000000
22372  -32.998  -56.580  10.338 0.0000000000
22390  -33.217  -56.585  9.558 0.0000000000
22404  -33.711  -56.796  8.871 0.0000000000
22405  -34.212  -56.839  8.350 0.0000000000
22415  -35.153  -57.067  7.338 0.0000000000
22424  -35.739  -56.816  6.806 0.0000000000
22425  -36.339  -56.471  6.429 0.0000000000
22428  -41.028  -56.594  5.311 0.0000000000
22441  -36.866  -56.668  5.919 0.0000000000
22442  -37.518  -56.951  5.343 0.0000000000
22443  -38.159  -56.314  4.980 0.0000000000
22444  -40.852  -57.538  5.276 0.0000000000
22445  -41.575  -56.751  4.339 0.0000000000
22455  -38.099  -57.274  4.841 0.0000000000
22456  -38.760  -57.193  4.355 0.0000000000
22457  -39.658  -57.182  3.781 0.0000000000
22458  -41.425  -56.782  3.765 0.0000000000
22466  -40.574  -57.142  3.448 0.0000000000
22467  -41.148  -57.065  3.467 0.0000000000
23144  -32.428  -55.677  9.979 0.0000000000
23145  -33.685  -55.561  9.067 0.0000000000
23158  -33.467  -56.226  9.085 0.0000000000
23159  -34.077  -56.127  8.553 0.0000000000
23160  -34.890  -55.436  8.145 0.0000000000
23171  -34.736  -56.416  7.879 0.0000000000
23172  -35.629  -55.366  7.490 0.0000000000
23173  -36.290  -55.168  6.960 0.0000000000
23183  -36.037  -55.922  6.874 0.0000000000
23184  -37.489  -55.181  5.789 0.0000000000
23203  -37.438  -55.985  5.620 0.0000000000
23204  -37.927  -55.469  5.372 0.0000000000
23205  -38.533  -55.382  4.834 0.0000000000
23206  -41.496  -56.015  4.976 0.0000000000
23216  -41.719  -55.874  4.235 0.0000000000
23225  -40.843  -56.234  3.304 0.0000000000
23226  -41.158  -56.245  3.399 0.0000000000
23227  -41.424  -55.692  3.575 0.0000000000
23247  -29.999  -55.535  2.018 0.0000000000
23907  -33.375  -55.000  9.512 0.0000000000
23908  -34.122  -54.721  9.146 0.0000000000
23922  -34.806  -54.552  8.625 0.0000000000
23923  -35.499  -54.530  7.995 0.0000000000
23932  -36.166  -54.539  7.366 0.0000000000
23933  -36.697  -54.543  6.765 0.0000000000
23947  -37.342  -54.436  6.214 0.0000000000
23966  -38.054  -54.624  5.474 0.0000000000
23967  -41.183  -54.860  5.523 0.0000000000
23968  -41.831  -54.881  4.888 0.0000000000
23969  -42.060  -53.982  4.991 0.0000000000
23976  -38.886  -54.537  4.684 0.0000000000
23977  -41.953  -54.911  4.003 0.0000000000
23978  -42.177  -54.071  4.366 0.0000000000
23985  -40.395  -55.404  3.384 0.0000000000
23986  -41.059  -55.374  3.106 0.0000000000
23987  -41.352  -54.826  3.239 0.0000000000
23988  -41.854  -54.185  3.583 0.0000000000
24001  -41.027  -54.425  2.772 0.0000000000
24007  -28.862  -54.175  1.949 0.0000000000
24008  -29.927  -54.457  2.024 0.0000000000
24009  -30.905  -54.354  1.617 0.0000000000
24012  -31.747  -54.265  0.991 0.0000000000
24013  -32.444  -54.220  0.238 0.0000000000
24016  -33.197  -54.184  -0.408 0.0000000000
24017  -34.138  -54.143  -0.813 0.0000000000
24018  -34.927  -54.191  -0.987 0.0000000000
24684  -36.081  -53.759  7.722 0.0000000000
24685  -36.705  -53.112  7.293 0.0000000000
24698  -37.041  -53.778  6.722 0.0000000000
24701  -41.356  -53.033  5.771 0.0000000000
24714  -37.793  -53.741  5.945 0.0000000000
24715  -38.492  -53.746  5.311 0.0000000000
24716  -41.488  -53.909  5.514 0.0000000000
24717  -41.977  -53.185  5.360 0.0000000000
24718  -42.390  -53.215  4.789 0.0000000000
24726  -39.279  -53.687  4.533 0.0000000000
24727  -42.323  -53.514  3.962 0.0000000000
24736  -40.145  -53.616  3.528 0.0000000000
24737  -40.678  -54.593  3.043 0.0000000000
24738  -41.301  -54.147  2.898 0.0000000000
24739  -41.794  -53.497  3.127 0.0000000000
24751  -34.756  -52.903  1.309 0.0000000000
24752  -40.915  -53.767  2.584 0.0000000000
24753  -41.067  -53.546  2.441 0.0000000000
24754  -41.512  -53.035  2.492 0.0000000000
24761  -30.106  -53.031  1.657 0.0000000000
24762  -31.166  -53.342  1.481 0.0000000000
24763  -35.145  -53.069  0.624 0.0000000000
24764  -32.178  -53.362  0.715 0.0000000000
24765  -32.996  -53.351  -0.086 0.0000000000
24766  -35.412  -53.371  0.008 0.0000000000
24767  -35.298  -53.712  -0.457 0.0000000000
24768  -33.873  -53.336  -0.597 0.0000000000
24769  -34.723  -53.451  -0.706 0.0000000000
24770  -35.073  -53.704  -0.743 0.0000000000
25462  -37.082  -52.232  7.158 0.0000000000
25478  -37.476  -52.991  6.534 0.0000000000
25479  -37.958  -52.378  6.201 0.0000000000
25482  -41.631  -52.403  5.711 0.0000000000
25494  -38.168  -53.006  5.847 0.0000000000
25495  -42.286  -52.451  5.248 0.0000000000
25496  -42.572  -52.422  4.754 0.0000000000
25501  -38.817  -52.919  5.184 0.0000000000
25502  -39.514  -52.783  4.435 0.0000000000
25503  -42.556  -52.719  4.089 0.0000000000
25509  -40.127  -52.562  3.661 0.0000000000
25510  -40.515  -52.323  2.820 0.0000000000
25511  -42.246  -52.746  3.141 0.0000000000
25521  -34.427  -52.371  1.760 0.0000000000
25522  -40.964  -52.894  2.152 0.0000000000
25523  -41.111  -52.705  2.058 0.0000000000
25524  -41.806  -52.485  2.272 0.0000000000
25529  -29.236  -52.469  1.410 0.0000000000
25530  -30.562  -52.191  1.392 0.0000000000
25531  -31.817  -52.415  0.996 0.0000000000
25532  -34.893  -52.345  0.683 0.0000000000
25533  -41.046  -52.172  1.673 0.0000000000
25534  -41.428  -52.089  1.695 0.0000000000
25535  -32.776  -52.498  0.213 0.0000000000
25536  -33.679  -52.484  -0.423 0.0000000000
25537  -34.140  -51.551  -0.445 0.0000000000
25538  -35.207  -53.150  -0.298 0.0000000000
25539  -34.454  -52.603  -0.502 0.0000000000
25540  -34.988  -53.017  -0.490 0.0000000000
26218  -38.116  -51.643  6.162 0.0000000000
26220  -41.312  -51.798  6.106 0.0000000000
26231  -38.634  -51.440  5.566 0.0000000000
26232  -39.202  -51.245  4.976 0.0000000000
26233  -42.564  -51.789  5.038 0.0000000000
26239  -39.070  -52.079  5.099 0.0000000000
26240  -39.634  -51.883  4.394 0.0000000000
26241  -42.755  -51.927  4.346 0.0000000000
26248  -40.150  -51.674  3.685 0.0000000000
26249  -40.464  -51.429  2.910 0.0000000000
26250  -42.702  -52.032  3.576 0.0000000000
26251  -42.864  -51.456  2.883 0.0000000000
26259  -40.643  -50.954  2.154 0.0000000000
26264  -29.219  -51.459  1.065 0.0000000000
26265  -31.504  -51.464  0.893 0.0000000000
26266  -34.324  -50.826  1.025 0.0000000000
26267  -34.625  -51.579  0.891 0.0000000000
26268  -40.929  -51.525  1.390 0.0000000000
26269  -41.232  -51.613  1.324 0.0000000000
26270  -41.970  -51.514  1.354 0.0000000000
26271  -31.197  -50.533  0.667 0.0000000000
26272  -32.554  -51.602  0.309 0.0000000000
26273  -33.581  -50.811  -0.368 0.0000000000
26274  -34.734  -51.733  0.018 0.0000000000
26275  -41.547  -51.210  1.001 0.0000000000
26276  -34.049  -50.678  -0.431 0.0000000000
26277  -34.593  -52.085  -0.257 0.0000000000
26955  -37.734  -50.225  6.569 0.0000000000
26956  -38.275  -50.711  6.012 0.0000000000
26969  -41.703  -50.630  5.834 0.0000000000
26970  -42.376  -50.972  5.245 0.0000000000
26978  -38.659  -50.052  5.494 0.0000000000
26979  -39.255  -50.353  4.838 0.0000000000
26980  -42.685  -50.403  4.630 0.0000000000
26981  -43.124  -50.535  3.853 0.0000000000
26987  -40.140  -50.863  3.673 0.0000000000
26988  -40.390  -50.680  3.071 0.0000000000
26989  -42.993  -51.291  3.825 0.0000000000
26990  -43.282  -50.735  3.114 0.0000000000
26998  -33.257  -50.181  2.285 0.0000000000
26999  -33.800  -50.848  2.148 0.0000000000
27000  -43.190  -50.814  2.294 0.0000000000
27006  -28.985  -49.943  0.735 0.0000000000
27007  -29.734  -50.380  0.750 0.0000000000
27008  -34.167  -50.204  0.117 0.0000000000
27009  -40.845  -50.643  1.259 0.0000000000
27010  -42.747  -50.897  1.476 0.0000000000
27011  -43.459  -50.290  1.567 0.0000000000
27012  -29.802  -49.317  0.511 0.0000000000
27013  -30.953  -49.612  0.423 0.0000000000
27014  -32.188  -49.763  -0.063 0.0000000000
27015  -33.256  -49.947  -0.373 0.0000000000
27016  -34.087  -50.408  -0.338 0.0000000000
27017  -34.464  -50.911  0.083 0.0000000000
27018  -41.146  -51.053  1.001 0.0000000000
27019  -42.117  -50.933  0.858 0.0000000000
27020  -42.860  -50.387  0.853 0.0000000000
27021  -34.285  -51.137  -0.277 0.0000000000
27694  -38.156  -49.780  6.050 0.0000000000
27706  -37.981  -48.863  5.957 0.0000000000
27707  -38.449  -49.372  5.574 0.0000000000
27715  -38.947  -49.364  4.958 0.0000000000
27716  -39.535  -49.699  4.281 0.0000000000
27717  -42.418  -49.375  4.884 0.0000000000
27718  -42.964  -49.586  4.042 0.0000000000
27725  -40.077  -50.041  3.571 0.0000000000
27726  -40.414  -50.167  2.801 0.0000000000
27727  -43.454  -49.993  3.231 0.0000000000
27739  -32.718  -49.453  2.215 0.0000000000
27740  -33.351  -49.495  1.171 0.0000000000
27741  -40.188  -49.301  2.943 0.0000000000
27742  -40.572  -49.926  2.035 0.0000000000
27743  -43.723  -49.401  2.517 0.0000000000
27744  -44.019  -49.575  1.522 0.0000000000
27748  -33.364  -48.788  0.123 0.0000000000
27749  -33.715  -49.547  0.141 0.0000000000
27750  -40.724  -49.609  1.120 0.0000000000
27751  -44.455  -49.140  0.813 0.0000000000
27752  -29.280  -48.931  0.667 0.0000000000
27753  -30.378  -48.352  0.269 0.0000000000
27754  -32.001  -48.874  -0.274 0.0000000000
27755  -33.335  -49.037  -0.200 0.0000000000
27756  -33.796  -49.820  -0.282 0.0000000000
27757  -41.673  -49.629  0.089 0.0000000000
27758  -42.708  -49.793  0.235 0.0000000000
27759  -43.762  -49.764  0.788 0.0000000000
27760  -33.597  -49.605  -0.291 0.0000000000
27761  -42.263  -49.072  -0.190 0.0000000000
28446  -38.482  -48.798  5.335 0.0000000000
28453  -38.761  -48.461  4.737 0.0000000000
28454  -39.332  -48.869  4.240 0.0000000000
28455  -42.681  -48.643  4.354 0.0000000000
28456  -43.093  -48.149  3.712 0.0000000000
28463  -39.121  -48.086  4.029 0.0000000000
28464  -39.619  -48.587  3.502 0.0000000000
28476  -32.341  -48.633  1.727 0.0000000000
28477  -39.873  -48.367  2.648 0.0000000000
28478  -40.384  -48.953  1.952 0.0000000000
28479  -43.614  -48.448  2.817 0.0000000000
28480  -44.199  -48.891  1.942 0.0000000000
28481  -29.358  -48.209  1.003 0.0000000000
28482  -32.164  -47.534  1.009 0.0000000000
28483  -32.994  -48.110  0.304 0.0000000000
28484  -40.056  -48.090  1.724 0.0000000000
28485  -40.498  -48.626  1.034 0.0000000000
28486  -44.667  -48.856  1.167 0.0000000000
28487  -45.141  -48.329  0.709 0.0000000000
28488  -29.986  -47.757  0.394 0.0000000000
28489  -31.123  -47.384  -0.128 0.0000000000
28490  -32.148  -47.333  -0.321 0.0000000000
28491  -32.627  -47.396  -0.095 0.0000000000
28492  -40.918  -49.111  0.306 0.0000000000
28493  -41.431  -48.895  -0.137 0.0000000000
28494  -43.509  -49.150  0.074 0.0000000000
28495  -44.510  -48.720  0.300 0.0000000000
28496  -45.159  -48.078  0.140 0.0000000000
28497  -40.918  -48.154  -0.157 0.0000000000
28498  -41.735  -48.251  -0.314 0.0000000000
28499  -42.755  -48.357  -0.303 0.0000000000
28500  -43.779  -48.351  -0.213 0.0000000000
28501  -44.519  -48.149  -0.140 0.0000000000
29218  -38.197  -47.979  5.337 0.0000000000
29228  -38.555  -47.660  4.514 0.0000000000
29236  -38.801  -47.358  3.733 0.0000000000
29237  -39.373  -47.807  3.237 0.0000000000
29238  -43.592  -47.500  3.142 0.0000000000
29239  -44.224  -47.050  2.658 0.0000000000
29249  -29.437  -47.538  1.932 0.0000000000
29250  -31.837  -46.383  1.143 0.0000000000
29251  -39.028  -47.072  2.898 0.0000000000
29252  -39.532  -47.565  2.342 0.0000000000
29253  -44.093  -47.920  2.301 0.0000000000
29254  -44.823  -47.641  1.842 0.0000000000
29255  -45.709  -47.468  1.463 0.0000000000
29256  -46.466  -47.180  1.302 0.0000000000
29257  -29.805  -47.062  0.745 0.0000000000
29258  -32.098  -46.387  0.038 0.0000000000
29259  -39.672  -47.289  1.378 0.0000000000
29260  -40.619  -48.253  0.368 0.0000000000
29261  -45.251  -48.196  1.129 0.0000000000
29262  -45.895  -47.710  0.916 0.0000000000
29263  -46.492  -47.264  0.862 0.0000000000
29264  -30.679  -46.688  0.019 0.0000000000
29265  -31.689  -46.590  -0.207 0.0000000000
29266  -32.220  -46.888  -0.093 0.0000000000
29267  -39.865  -47.013  0.438 0.0000000000
29268  -40.410  -47.541  0.105 0.0000000000
29269  -40.661  -47.285  -0.293 0.0000000000
29270  -41.219  -47.366  -0.441 0.0000000000
29271  -42.183  -47.441  -0.388 0.0000000000
29272  -43.838  -47.512  -0.383 0.0000000000
29273  -44.715  -47.471  -0.263 0.0000000000
29274  -45.417  -47.424  -0.053 0.0000000000
29964  -46.288  -46.535  10.046 0.0000000000
29965  -46.769  -46.461  10.013 0.0000000000
29977  -46.357  -46.483  9.295 0.0000000000
29978  -46.934  -46.653  9.444 0.0000000000
29979  -47.554  -46.513  9.448 0.0000000000
29980  -48.723  -46.314  9.068 0.0000000000
29994  -46.961  -46.694  8.728 0.0000000000
29995  -47.692  -46.756  8.790 0.0000000000
29996  -49.108  -46.179  8.788 0.0000000000
30008  -47.530  -46.659  8.005 0.0000000000
30009  -48.031  -46.616  7.063 0.0000000000
30010  -48.635  -46.570  7.448 0.0000000000
30011  -49.313  -45.885  8.295 0.0000000000
30026  -48.663  -46.534  6.544 0.0000000000
30027  -49.045  -46.417  6.529 0.0000000000
30041  -48.329  -46.399  5.931 0.0000000000
30042  -48.966  -46.425  5.787 0.0000000000
30043  -49.218  -46.153  5.798 0.0000000000
30053  -48.630  -46.317  4.892 0.0000000000
30062  -31.756  -45.314  1.420 0.0000000000
30063  -38.460  -46.618  3.401 0.0000000000
30064  -43.793  -46.660  3.505 0.0000000000
30065  -44.622  -46.337  3.189 0.0000000000
30066  -45.659  -46.152  2.973 0.0000000000
30067  -46.607  -46.346  2.646 0.0000000000
30068  -47.563  -46.360  2.647 0.0000000000
30069  -48.541  -45.912  2.578 0.0000000000
30080  -31.750  -45.294  0.338 0.0000000000
30081  -38.593  -46.346  2.442 0.0000000000
30082  -39.158  -46.788  1.946 0.0000000000
30083  -45.104  -46.816  2.299 0.0000000000
30084  -46.131  -46.810  2.042 0.0000000000
30085  -46.988  -46.715  1.909 0.0000000000
30086  -47.601  -46.449  1.884 0.0000000000
30087  -30.408  -45.979  0.303 0.0000000000
30088  -30.922  -45.085  -0.021 0.0000000000
30089  -31.597  -45.420  0.146 0.0000000000
30090  -38.707  -46.036  1.437 0.0000000000
30091  -39.261  -46.396  0.882 0.0000000000
30092  -47.027  -46.836  1.323 0.0000000000
30093  -47.435  -46.208  1.345 0.0000000000
30094  -31.337  -45.702  -0.100 0.0000000000
30095  -39.571  -46.165  -0.060 0.0000000000
30096  -40.172  -46.754  -0.227 0.0000000000
30097  -45.807  -46.742  0.054 0.0000000000
30098  -46.838  -46.589  0.793 0.0000000000
30099  -47.062  -45.626  0.909 0.0000000000
30100  -39.959  -45.895  -0.480 0.0000000000
30101  -41.580  -46.363  -0.540 0.0000000000
30102  -42.887  -46.674  -0.473 0.0000000000
30103  -43.988  -46.592  -0.446 0.0000000000
30104  -44.934  -46.617  -0.266 0.0000000000
30780  -45.358  -45.925  11.944 0.0000000000
30781  -45.912  -45.994  11.332 0.0000000000
30791  -44.868  -46.054  10.922 0.0000000000
30792  -46.115  -46.276  10.659 0.0000000000
30793  -46.586  -46.085  10.498 0.0000000000
30794  -47.446  -46.109  9.925 0.0000000000
30795  -48.097  -45.428  9.820 0.0000000000
30803  -44.873  -45.805  9.988 0.0000000000
30804  -45.631  -46.199  9.679 0.0000000000
30805  -48.368  -46.076  9.457 0.0000000000
30806  -49.229  -45.579  9.292 0.0000000000
30816  -44.979  -45.288  9.030 0.0000000000
30817  -45.711  -45.699  8.716 0.0000000000
30818  -46.360  -46.092  8.488 0.0000000000
30819  -49.506  -45.616  8.987 0.0000000000
30834  -45.923  -45.364  7.689 0.0000000000
30835  -46.778  -46.102  7.852 0.0000000000
30836  -47.294  -46.209  7.236 0.0000000000
30837  -49.439  -45.303  7.563 0.0000000000
30855  -45.744  -45.156  6.646 0.0000000000
30856  -46.347  -45.383  6.161 0.0000000000
30857  -47.293  -45.852  6.237 0.0000000000
30858  -49.378  -45.599  6.462 0.0000000000
30871  -45.592  -45.254  5.733 0.0000000000
30872  -46.540  -45.462  5.255 0.0000000000
30873  -47.681  -46.029  5.155 0.0000000000
30874  -49.204  -46.093  5.048 0.0000000000
30875  -49.412  -45.409  5.370 0.0000000000
30885  -45.513  -45.431  4.726 0.0000000000
30886  -47.005  -45.704  4.253 0.0000000000
30887  -48.496  -46.255  3.884 0.0000000000
30888  -49.130  -46.019  4.166 0.0000000000
30889  -49.283  -45.351  3.563 0.0000000000
30899  -29.923  -44.489  2.078 0.0000000000
30901  -38.018  -45.859  2.889 0.0000000000
30902  -45.066  -45.734  3.839 0.0000000000
30903  -46.065  -45.674  3.823 0.0000000000
30904  -46.876  -45.985  3.327 0.0000000000
30905  -47.754  -46.230  3.567 0.0000000000
30906  -48.876  -45.953  3.326 0.0000000000
30911  -30.383  -44.462  0.935 0.0000000000
30912  -31.728  -44.246  0.465 0.0000000000
30913  -37.556  -44.995  2.177 0.0000000000
30914  -38.160  -45.524  1.793 0.0000000000
30915  -48.163  -45.893  1.859 0.0000000000
30916  -48.591  -45.394  2.248 0.0000000000
30917  -30.341  -45.252  0.629 0.0000000000
30918  -30.946  -44.395  0.089 0.0000000000
30919  -31.516  -44.423  0.271 0.0000000000
30920  -37.753  -44.576  0.941 0.0000000000
30921  -38.389  -45.200  0.651 0.0000000000
30922  -38.977  -45.557  0.193 0.0000000000
30923  -47.654  -45.293  1.359 0.0000000000
30924  -31.309  -44.719  0.066 0.0000000000
30925  -38.597  -44.559  -0.231 0.0000000000
30926  -39.309  -45.258  -0.321 0.0000000000
30927  -45.963  -44.765  0.453 0.0000000000
30928  -39.058  -44.568  -0.422 0.0000000000
30929  -39.662  -45.054  -0.503 0.0000000000
30930  -40.597  -45.556  -0.576 0.0000000000
30931  -41.508  -45.410  -0.549 0.0000000000
30932  -42.367  -45.582  -0.516 0.0000000000
30933  -44.251  -45.645  -0.348 0.0000000000
30934  -45.104  -45.654  -0.111 0.0000000000
31640  -46.098  -44.927  11.314 0.0000000000
31649  -46.478  -45.387  10.799 0.0000000000
31650  -47.306  -45.124  10.293 0.0000000000
31651  -48.346  -44.572  10.122 0.0000000000
31652  -49.391  -44.263  10.179 0.0000000000
31661  -48.954  -45.132  9.721 0.0000000000
31662  -49.749  -44.624  9.761 0.0000000000
31663  -50.175  -44.268  9.965 0.0000000000
31674  -45.094  -44.921  8.072 0.0000000000
31675  -49.821  -44.816  9.460 0.0000000000
31676  -50.267  -44.154  9.768 0.0000000000
31691  -45.057  -44.865  7.123 0.0000000000
31692  -49.584  -44.364  7.824 0.0000000000
31706  -49.484  -44.524  6.844 0.0000000000
31714  -49.502  -44.537  5.871 0.0000000000
31723  -49.542  -44.396  3.767 0.0000000000
31733  -30.246  -43.634  2.131 0.0000000000
31734  -31.147  -42.983  0.884 0.0000000000
31735  -32.091  -42.959  1.151 0.0000000000
31737  -36.974  -44.447  2.606 0.0000000000
31738  -48.980  -45.362  2.813 0.0000000000
31739  -49.286  -44.505  2.949 0.0000000000
31741  -30.509  -43.758  1.157 0.0000000000
31742  -31.064  -43.706  0.342 0.0000000000
31743  -31.728  -43.445  0.570 0.0000000000
31744  -36.584  -43.285  1.799 0.0000000000
31745  -37.178  -43.925  1.336 0.0000000000
31746  -48.754  -44.588  2.311 0.0000000000
31747  -31.394  -43.992  0.182 0.0000000000
31748  -31.610  -43.818  0.353 0.0000000000
31749  -37.534  -43.363  -0.030 0.0000000000
31750  -37.985  -44.252  -0.054 0.0000000000
31751  -47.505  -44.107  1.377 0.0000000000
31752  -48.268  -44.908  1.761 0.0000000000
31753  -37.749  -42.810  -0.344 0.0000000000
31754  -38.083  -43.560  -0.409 0.0000000000
31755  -40.610  -44.370  -0.205 0.0000000000
31756  -41.594  -44.516  -0.131 0.0000000000
31757  -42.610  -44.449  -0.125 0.0000000000
31758  -43.648  -44.315  -0.054 0.0000000000
31759  -44.673  -43.927  0.360 0.0000000000
31760  -45.473  -43.813  0.562 0.0000000000
31761  -46.199  -44.001  0.755 0.0000000000
31762  -46.937  -44.555  1.027 0.0000000000
31763  -38.641  -43.860  -0.435 0.0000000000
31764  -39.312  -44.304  -0.436 0.0000000000
31765  -40.135  -44.711  -0.483 0.0000000000
31766  -41.072  -44.856  -0.462 0.0000000000
31767  -42.023  -44.855  -0.380 0.0000000000
31768  -43.708  -44.913  -0.339 0.0000000000
31769  -44.403  -44.718  -0.116 0.0000000000
31770  -45.212  -44.665  0.199 0.0000000000
32443  -47.104  -43.294  10.908 0.0000000000
32446  -46.760  -44.311  10.764 0.0000000000
32447  -47.620  -43.953  10.503 0.0000000000
32448  -48.613  -43.672  10.482 0.0000000000
32449  -49.675  -43.394  10.618 0.0000000000
32450  -50.147  -43.911  10.234 0.0000000000
32453  -50.456  -43.664  10.165 0.0000000000
32462  -50.042  -44.167  8.923 0.0000000000
32463  -50.471  -43.498  9.642 0.0000000000
32471  -49.694  -43.579  8.017 0.0000000000
32483  -41.570  -43.130  6.202 0.0000000000
32484  -43.210  -43.109  6.015 0.0000000000
32485  -44.002  -42.959  5.972 0.0000000000
32486  -49.499  -43.530  7.086 0.0000000000
32496  -40.538  -43.298  5.301 0.0000000000
32497  -41.808  -43.332  5.503 0.0000000000
32498  -43.069  -43.336  5.343 0.0000000000
32499  -43.615  -43.233  5.466 0.0000000000
32500  -44.232  -43.228  5.252 0.0000000000
32501  -45.029  -43.217  5.012 0.0000000000
32502  -49.535  -43.538  5.565 0.0000000000
32513  -32.331  -41.773  1.867 0.0000000000
32517  -38.748  -42.877  3.613 0.0000000000
32518  -39.257  -43.168  4.318 0.0000000000
32519  -40.438  -43.444  4.376 0.0000000000
32520  -41.980  -43.454  4.773 0.0000000000
32521  -42.751  -43.453  4.722 0.0000000000
32522  -43.570  -43.407  4.752 0.0000000000
32523  -44.419  -43.398  4.447 0.0000000000
32524  -45.265  -43.354  4.094 0.0000000000
32525  -46.072  -43.125  3.598 0.0000000000
32526  -49.720  -43.290  3.874 0.0000000000
32535  -30.690  -42.702  2.048 0.0000000000
32536  -32.021  -42.122  1.216 0.0000000000
32537  -32.166  -41.637  1.756 0.0000000000
32539  -36.034  -42.619  2.264 0.0000000000
32540  -38.488  -42.571  2.499 0.0000000000
32541  -40.729  -43.568  3.483 0.0000000000
32542  -41.550  -43.604  3.481 0.0000000000
32543  -42.283  -43.549  3.922 0.0000000000
32544  -44.120  -43.554  2.900 0.0000000000
32545  -44.653  -43.468  3.535 0.0000000000
32546  -45.443  -43.328  3.042 0.0000000000
32547  -46.053  -42.925  2.555 0.0000000000
32548  -49.490  -43.439  3.037 0.0000000000
32551  -31.821  -42.661  0.920 0.0000000000
32552  -36.306  -41.777  0.835 0.0000000000
32553  -36.887  -42.633  0.439 0.0000000000
32554  -38.215  -42.344  0.329 0.0000000000
32555  -39.910  -43.482  1.250 0.0000000000
32556  -40.882  -43.790  1.776 0.0000000000
32557  -41.826  -43.874  2.046 0.0000000000
32558  -42.768  -43.796  2.165 0.0000000000
32559  -43.723  -43.692  2.118 0.0000000000
32560  -44.609  -43.459  1.915 0.0000000000
32561  -48.295  -42.487  1.782 0.0000000000
32562  -48.879  -43.531  2.381 0.0000000000
32564  -31.599  -43.504  0.470 0.0000000000
32565  -36.743  -41.710  0.180 0.0000000000
32566  -37.231  -42.281  -0.109 0.0000000000
32567  -38.542  -42.847  -0.185 0.0000000000
32568  -39.472  -43.418  0.213 0.0000000000
32569  -40.525  -43.824  0.681 0.0000000000
32570  -41.501  -44.027  1.083 0.0000000000
32571  -42.447  -44.002  1.241 0.0000000000
32572  -43.386  -43.829  1.260 0.0000000000
32573  -44.268  -43.552  1.180 0.0000000000
32574  -45.634  -42.957  1.040 0.0000000000
32575  -46.563  -42.569  1.366 0.0000000000
32576  -47.233  -42.930  1.353 0.0000000000
32577  -48.149  -43.576  1.731 0.0000000000
32578  -38.192  -43.074  -0.448 0.0000000000
32579  -39.092  -43.560  -0.334 0.0000000000
32580  -40.084  -43.886  -0.022 0.0000000000
32581  -41.076  -44.205  0.237 0.0000000000
32582  -42.085  -44.258  0.392 0.0000000000
32583  -43.076  -44.089  0.399 0.0000000000
32584  -44.007  -43.834  0.539 0.0000000000
32585  -45.250  -43.310  0.768 0.0000000000
32586  -45.911  -43.036  0.924 0.0000000000
32587  -46.652  -43.423  1.106 0.0000000000
32588  -39.816  -44.125  -0.329 0.0000000000
33251  -47.757  -42.423  11.255 0.0000000000
33252  -48.804  -42.104  11.318 0.0000000000
33253  -49.592  -41.763  11.262 0.0000000000
33257  -47.927  -43.165  10.732 0.0000000000
33258  -48.764  -42.831  10.873 0.0000000000
33259  -49.773  -42.544  11.067 0.0000000000
33260  -50.443  -42.977  10.618 0.0000000000
33264  -50.799  -42.887  10.225 0.0000000000
33280  -50.098  -43.147  8.656 0.0000000000
33281  -50.599  -42.572  9.397 0.0000000000
33298  -43.378  -42.337  7.514 0.0000000000
33299  -44.197  -42.218  7.364 0.0000000000
33300  -44.986  -42.059  7.165 0.0000000000
33301  -49.655  -42.810  7.683 0.0000000000
33313  -42.883  -42.788  6.808 0.0000000000
33314  -43.713  -42.684  6.746 0.0000000000
33315  -44.513  -42.559  6.619 0.0000000000
33316  -45.295  -42.424  6.414 0.0000000000
33317  -46.091  -42.269  6.133 0.0000000000
33318  -49.504  -42.607  6.711 0.0000000000
33330  -44.766  -42.887  5.811 0.0000000000
33331  -45.568  -42.773  5.570 0.0000000000
33332  -46.389  -42.573  5.229 0.0000000000
33333  -47.092  -42.277  4.813 0.0000000000
33334  -49.588  -42.496  5.608 0.0000000000
33344  -31.320  -41.860  2.012 0.0000000000
33345  -31.619  -41.144  2.626 0.0000000000
33347  -33.533  -40.591  2.363 0.0000000000
33352  -45.874  -43.063  4.661 0.0000000000
33353  -46.750  -42.680  4.131 0.0000000000
33354  -47.439  -42.106  3.938 0.0000000000
33355  -49.927  -42.426  3.886 0.0000000000
33360  -32.590  -41.167  2.118 0.0000000000
33361  -33.017  -40.499  2.339 0.0000000000
33362  -34.477  -40.100  1.728 0.0000000000
33363  -35.155  -40.443  1.564 0.0000000000
33364  -35.685  -41.178  1.238 0.0000000000
33365  -37.468  -41.539  1.636 0.0000000000
33366  -46.709  -42.450  2.786 0.0000000000
33367  -49.727  -42.279  2.991 0.0000000000
33371  -31.921  -42.070  1.212 0.0000000000
33372  -35.797  -40.409  1.168 0.0000000000
33373  -36.021  -40.855  0.660 0.0000000000
33374  -37.260  -41.509  0.397 0.0000000000
33375  -46.418  -42.375  1.705 0.0000000000
33376  -46.994  -41.738  1.748 0.0000000000
33377  -47.642  -41.583  1.644 0.0000000000
33378  -49.076  -41.233  1.974 0.0000000000
33381  -36.476  -41.088  0.455 0.0000000000
33382  -36.861  -41.566  0.146 0.0000000000
33383  -37.617  -42.301  -0.167 0.0000000000
33384  -46.837  -42.143  1.505 0.0000000000
33385  -47.116  -42.042  1.442 0.0000000000
33386  -47.619  -42.408  1.492 0.0000000000
34085  -47.967  -41.569  11.518 0.0000000000
34086  -48.746  -41.455  11.356 0.0000000000
34092  -50.497  -42.125  11.029 0.0000000000
34093  -50.813  -42.315  10.582 0.0000000000
34108  -51.066  -41.932  10.060 0.0000000000
34127  -44.175  -41.099  8.321 0.0000000000
34128  -44.947  -40.875  8.114 0.0000000000
34129  -50.040  -42.214  8.333 0.0000000000
34130  -50.683  -41.652  9.034 0.0000000000
34141  -43.802  -41.755  7.990 0.0000000000
34142  -44.590  -41.575  7.762 0.0000000000
34143  -45.366  -41.375  7.515 0.0000000000
34144  -46.129  -41.161  7.218 0.0000000000
34145  -49.655  -41.958  7.333 0.0000000000
34146  -50.101  -41.343  7.939 0.0000000000
34155  -45.737  -41.833  6.872 0.0000000000
34156  -46.508  -41.598  6.518 0.0000000000
34157  -47.336  -41.321  6.011 0.0000000000
34158  -49.634  -41.783  6.319 0.0000000000
34159  -50.063  -40.892  5.941 0.0000000000
34163  -32.315  -40.264  4.017 0.0000000000
34167  -46.878  -41.997  5.669 0.0000000000
34168  -47.656  -41.598  4.818 0.0000000000
34169  -48.243  -40.848  4.159 0.0000000000
34170  -49.864  -41.608  5.356 0.0000000000
34171  -50.335  -41.007  4.695 0.0000000000
34180  -31.868  -40.578  3.262 0.0000000000
34181  -32.585  -40.230  2.845 0.0000000000
34182  -33.966  -40.031  1.905 0.0000000000
34183  -35.213  -40.026  3.779 0.0000000000
34184  -35.577  -40.167  2.563 0.0000000000
34185  -36.513  -40.790  2.509 0.0000000000
34186  -47.870  -41.174  3.329 0.0000000000
34187  -48.198  -40.636  3.256 0.0000000000
34188  -50.463  -40.967  3.681 0.0000000000
34191  -32.421  -40.790  2.331 0.0000000000
34192  -33.698  -39.941  2.162 0.0000000000
34193  -34.258  -39.952  1.826 0.0000000000
34194  -35.028  -40.023  1.534 0.0000000000
34195  -35.786  -40.302  1.318 0.0000000000
34196  -36.585  -40.729  1.392 0.0000000000
34197  -47.832  -40.876  2.209 0.0000000000
34198  -48.224  -40.488  2.448 0.0000000000
34199  -50.132  -41.627  3.408 0.0000000000
34200  -50.236  -40.764  2.755 0.0000000000
34203  -36.168  -40.688  0.705 0.0000000000
34204  -36.713  -40.918  0.704 0.0000000000
34205  -47.704  -41.261  1.808 0.0000000000
34206  -48.700  -40.282  1.921 0.0000000000
34207  -49.504  -40.418  2.139 0.0000000000
34208  -50.021  -40.070  2.313 0.0000000000
34212  -36.580  -41.042  0.424 0.0000000000
34840  -48.212  -40.892  11.360 0.0000000000
34841  -49.166  -41.003  11.195 0.0000000000
34856  -48.522  -40.327  10.908 0.0000000000
34857  -49.560  -40.421  10.726 0.0000000000
34858  -50.659  -40.588  10.423 0.0000000000
34876  -51.213  -40.659  9.974 0.0000000000
34877  -51.290  -39.908  9.484 0.0000000000
34886  -44.413  -40.334  8.536 0.0000000000
34887  -45.250  -40.077  8.305 0.0000000000
34888  -46.024  -39.926  7.893 0.0000000000
34889  -51.270  -40.290  9.280 0.0000000000
34897  -45.702  -40.655  7.765 0.0000000000
34898  -46.442  -40.431  7.423 0.0000000000
34899  -47.238  -40.053  7.069 0.0000000000
34900  -50.342  -40.462  7.281 0.0000000000
34907  -46.892  -40.878  6.830 0.0000000000
34908  -47.660  -40.547  6.279 0.0000000000
34909  -48.313  -40.122  5.635 0.0000000000
34910  -50.548  -40.358  5.097 0.0000000000
34914  -32.963  -39.854  3.460 0.0000000000
34915  -33.581  -39.698  4.081 0.0000000000
34916  -34.276  -39.762  4.455 0.0000000000
34917  -34.870  -39.991  4.587 0.0000000000
34918  -48.069  -40.860  5.321 0.0000000000
34919  -48.535  -40.221  4.524 0.0000000000
34920  -50.824  -40.178  3.941 0.0000000000
34925  -33.148  -39.964  2.572 0.0000000000
34926  -33.988  -39.518  3.394 0.0000000000
34927  -34.521  -39.636  3.447 0.0000000000
34928  -48.552  -40.115  3.127 0.0000000000
34929  -50.633  -40.155  2.921 0.0000000000
34934  -33.561  -39.672  2.848 0.0000000000
34935  -34.077  -39.589  2.430 0.0000000000
34936  -48.745  -39.946  2.145 0.0000000000
34941  -49.226  -39.742  2.062 0.0000000000
35605  -47.872  -39.676  10.622 0.0000000000
35606  -48.812  -39.679  10.383 0.0000000000
35607  -49.943  -39.706  10.232 0.0000000000
35608  -51.026  -39.738  9.870 0.0000000000
35620  -49.071  -38.950  9.856 0.0000000000
35621  -50.162  -38.968  9.739 0.0000000000
35622  -51.044  -38.851  9.491 0.0000000000
35623  -51.450  -39.323  9.303 0.0000000000
35629  -44.985  -39.317  8.528 0.0000000000
35630  -45.702  -39.288  8.263 0.0000000000
35631  -51.495  -39.616  8.931 0.0000000000
35637  -46.376  -39.239  7.870 0.0000000000
35638  -47.062  -39.266  7.433 0.0000000000
35639  -51.090  -39.923  8.288 0.0000000000
35640  -51.607  -39.139  8.086 0.0000000000
35644  -47.774  -39.274  6.819 0.0000000000
35645  -48.470  -39.399  5.984 0.0000000000
35646  -50.887  -39.538  7.107 0.0000000000
35647  -51.144  -39.155  5.867 0.0000000000
35651  -48.824  -39.548  4.871 0.0000000000
35652  -49.329  -38.955  3.886 0.0000000000
35653  -50.944  -39.663  4.829 0.0000000000
35654  -51.401  -38.939  4.538 0.0000000000
35662  -48.937  -39.566  3.570 0.0000000000
35663  -49.783  -38.497  3.016 0.0000000000
35664  -51.221  -39.284  3.624 0.0000000000
35665  -51.410  -38.414  3.435 0.0000000000
35671  -48.967  -39.549  2.583 0.0000000000
35672  -49.937  -38.878  2.486 0.0000000000
35677  -49.344  -39.478  2.362 0.0000000000
35678  -49.695  -39.393  2.322 0.0000000000
36433  -48.059  -38.992  10.083 0.0000000000
36446  -48.284  -38.111  9.604 0.0000000000
36447  -49.425  -38.230  9.495 0.0000000000
36448  -50.344  -38.323  9.431 0.0000000000
36449  -51.642  -38.630  9.090 0.0000000000
36459  -44.531  -38.668  8.595 0.0000000000
36460  -45.304  -38.570  8.445 0.0000000000
36461  -46.070  -38.560  8.171 0.0000000000
36462  -52.021  -38.440  8.420 0.0000000000
36463  -52.308  -37.764  8.335 0.0000000000
36469  -46.748  -38.551  7.697 0.0000000000
36470  -47.499  -38.537  7.230 0.0000000000
36471  -51.924  -38.427  7.421 0.0000000000
36472  -52.439  -37.851  7.816 0.0000000000
36476  -48.403  -38.474  6.442 0.0000000000
36477  -49.124  -38.819  5.247 0.0000000000
36478  -49.271  -37.971  5.626 0.0000000000
36479  -51.698  -38.393  6.065 0.0000000000
36480  -52.238  -37.797  6.730 0.0000000000
36484  -49.739  -38.172  4.122 0.0000000000
36485  -51.757  -38.152  4.549 0.0000000000
36493  -50.161  -38.042  3.118 0.0000000000
36494  -50.649  -37.885  3.021 0.0000000000
36495  -51.599  -37.690  3.530 0.0000000000
36501  -50.402  -38.297  2.783 0.0000000000
36502  -51.037  -37.884  2.951 0.0000000000
37278  -48.073  -37.093  9.484 0.0000000000
37279  -48.956  -37.392  9.361 0.0000000000
37280  -51.094  -37.987  9.168 0.0000000000
37281  -51.878  -37.917  8.802 0.0000000000
37293  -44.803  -37.799  8.471 0.0000000000
37294  -45.682  -37.845  8.320 0.0000000000
37295  -51.402  -37.161  8.813 0.0000000000
37296  -52.249  -37.237  8.485 0.0000000000
37297  -52.759  -37.140  8.040 0.0000000000
37310  -46.009  -36.601  8.065 0.0000000000
37311  -46.421  -37.817  7.930 0.0000000000
37312  -47.124  -37.827  7.505 0.0000000000
37313  -52.682  -37.194  7.187 0.0000000000
37318  -47.979  -36.944  6.969 0.0000000000
37319  -48.568  -37.485  6.485 0.0000000000
37320  -49.331  -37.141  5.902 0.0000000000
37321  -52.169  -37.614  5.451 0.0000000000
37322  -52.498  -37.199  6.185 0.0000000000
37326  -49.953  -37.464  4.828 0.0000000000
37327  -50.638  -36.868  4.165 0.0000000000
37328  -52.107  -37.320  4.271 0.0000000000
37329  -52.468  -36.852  5.189 0.0000000000
37338  -41.591  -37.584  2.347 0.0000000000
37339  -50.389  -37.600  3.579 0.0000000000
37340  -51.020  -37.335  3.277 0.0000000000
37341  -51.640  -37.046  3.603 0.0000000000
37342  -52.214  -36.594  4.337 0.0000000000
37348  -41.191  -37.442  1.100 0.0000000000
38156  -48.025  -36.333  9.478 0.0000000000
38157  -48.670  -36.556  9.371 0.0000000000
38158  -49.468  -36.718  9.213 0.0000000000
38159  -50.406  -36.688  8.961 0.0000000000
38171  -43.688  -36.399  8.019 0.0000000000
38172  -44.456  -36.883  8.322 0.0000000000
38173  -45.198  -36.279  8.215 0.0000000000
38174  -51.237  -36.244  8.700 0.0000000000
38175  -51.985  -36.625  8.586 0.0000000000
38176  -52.744  -36.471  8.281 0.0000000000
38177  -53.341  -35.941  7.961 0.0000000000
38193  -42.599  -36.687  6.851 0.0000000000
38195  -46.760  -36.967  7.652 0.0000000000
38196  -47.448  -36.647  7.295 0.0000000000
38197  -53.077  -36.534  7.581 0.0000000000
38206  -42.162  -37.077  6.101 0.0000000000
38207  -48.758  -35.948  6.493 0.0000000000
38208  -49.463  -36.322  5.986 0.0000000000
38209  -52.872  -36.468  6.363 0.0000000000
38210  -53.382  -35.835  7.130 0.0000000000
38214  -39.779  -36.479  3.618 0.0000000000
38215  -40.774  -37.055  4.513 0.0000000000
38216  -41.689  -37.273  5.262 0.0000000000
38217  -42.342  -37.013  4.799 0.0000000000
38218  -50.359  -36.302  5.243 0.0000000000
38219  -51.158  -36.261  4.419 0.0000000000
38220  -51.665  -35.730  4.739 0.0000000000
38221  -52.667  -36.112  5.225 0.0000000000
38231  -39.631  -36.369  2.312 0.0000000000
38232  -40.351  -37.013  2.984 0.0000000000
38233  -41.474  -37.440  3.664 0.0000000000
38234  -42.383  -37.308  3.155 0.0000000000
38235  -51.286  -36.813  3.753 0.0000000000
38236  -51.745  -36.445  4.133 0.0000000000
38237  -52.229  -35.856  4.648 0.0000000000
38243  -40.121  -36.778  1.838 0.0000000000
38244  -40.727  -37.395  2.044 0.0000000000
38245  -42.137  -37.490  1.553 0.0000000000
38246  -42.949  -37.039  2.286 0.0000000000
38251  -40.658  -37.107  1.113 0.0000000000
38252  -41.209  -37.188  0.461 0.0000000000
38253  -41.718  -37.233  0.208 0.0000000000
38254  -42.593  -37.021  0.539 0.0000000000
38258  -41.716  -37.054  -0.012 0.0000000000
38259  -42.236  -36.849  -0.185 0.0000000000
39082  -47.680  -35.725  9.554 0.0000000000
39083  -48.512  -35.730  9.396 0.0000000000
39084  -50.371  -35.753  8.877 0.0000000000
39096  -44.379  -35.881  8.099 0.0000000000
39097  -51.248  -35.358  8.673 0.0000000000
39098  -52.120  -35.879  8.527 0.0000000000
39099  -53.062  -35.573  8.275 0.0000000000
39100  -53.591  -35.049  8.026 0.0000000000
39117  -42.875  -35.749  6.599 0.0000000000
39118  -43.699  -35.487  7.702 0.0000000000
39119  -44.330  -34.999  7.762 0.0000000000
39120  -45.945  -35.894  7.880 0.0000000000
39121  -46.582  -35.724  7.594 0.0000000000
39122  -53.616  -35.300  7.554 0.0000000000
39137  -48.496  -35.218  6.656 0.0000000000
39138  -49.966  -35.124  5.939 0.0000000000
39139  -50.641  -34.855  5.717 0.0000000000
39140  -53.148  -35.609  6.153 0.0000000000
39141  -53.608  -35.051  6.863 0.0000000000
39147  -43.319  -35.708  4.569 0.0000000000
39148  -49.930  -35.765  5.746 0.0000000000
39149  -50.751  -35.571  5.305 0.0000000000
39150  -52.134  -35.154  5.134 0.0000000000
39151  -52.716  -35.361  5.413 0.0000000000
39152  -53.293  -34.809  6.150 0.0000000000
39163  -43.061  -36.643  3.871 0.0000000000
39164  -43.591  -35.849  3.705 0.0000000000
39174  -39.321  -35.982  1.885 0.0000000000
39175  -40.812  -36.586  1.185 0.0000000000
39176  -43.494  -36.406  1.416 0.0000000000
39182  -40.973  -37.063  0.641 0.0000000000
39183  -41.747  -36.380  0.280 0.0000000000
39184  -42.995  -36.201  -0.104 0.0000000000
39185  -43.923  -35.519  0.760 0.0000000000
39190  -42.495  -36.490  -0.094 0.0000000000
39191  -43.540  -35.191  0.152 0.0000000000
39990  -48.084  -34.283  9.517 0.0000000000
39991  -48.704  -34.845  9.383 0.0000000000
39992  -49.427  -34.417  9.242 0.0000000000
39993  -50.369  -34.754  8.925 0.0000000000
40000  -51.315  -34.607  8.700 0.0000000000
40001  -52.289  -34.910  8.521 0.0000000000
40002  -53.024  -34.043  8.442 0.0000000000
40003  -53.815  -34.032  8.034 0.0000000000
40014  -43.697  -33.717  6.871 0.0000000000
40015  -44.271  -34.129  7.472 0.0000000000
40016  -45.147  -34.613  7.696 0.0000000000
40017  -47.172  -35.223  7.341 0.0000000000
40018  -48.371  -33.831  6.838 0.0000000000
40019  -53.857  -34.536  7.497 0.0000000000
40038  -43.184  -34.849  5.490 0.0000000000
40039  -43.173  -34.679  6.633 0.0000000000
40040  -47.884  -34.574  6.994 0.0000000000
40041  -48.615  -34.474  6.658 0.0000000000
40042  -51.071  -34.302  5.794 0.0000000000
40043  -51.695  -33.734  5.943 0.0000000000
40044  -53.394  -33.951  6.180 0.0000000000
40045  -53.801  -34.160  6.793 0.0000000000
40059  -51.409  -35.006  5.367 0.0000000000
40060  -51.950  -34.412  5.544 0.0000000000
40061  -52.698  -34.576  5.639 0.0000000000
40070  -41.388  -34.744  3.339 0.0000000000
40071  -43.740  -34.872  4.185 0.0000000000
40079  -39.267  -36.049  1.785 0.0000000000
40080  -40.441  -35.874  2.107 0.0000000000
40081  -41.618  -35.600  1.876 0.0000000000
40082  -44.047  -35.572  2.580 0.0000000000
40083  -44.593  -34.867  1.723 0.0000000000
40089  -42.718  -35.515  0.016 0.0000000000
40090  -43.397  -34.686  0.134 0.0000000000
40091  -44.272  -34.807  0.631 0.0000000000
40096  -42.981  -35.641  -0.142 0.0000000000
40097  -44.112  -34.384  0.342 0.0000000000
40943  -48.556  -33.458  9.495 0.0000000000
40944  -50.876  -33.063  9.008 0.0000000000
40945  -51.816  -32.837  8.812 0.0000000000
40948  -50.976  -33.955  8.857 0.0000000000
40949  -53.750  -33.146  8.222 0.0000000000
40950  -54.095  -33.028  7.872 0.0000000000
40953  -44.472  -33.294  7.240 0.0000000000
40954  -45.687  -33.280  7.437 0.0000000000
40955  -46.749  -33.604  7.381 0.0000000000
40956  -47.269  -32.994  7.291 0.0000000000
40957  -48.107  -33.054  7.084 0.0000000000
40958  -54.082  -33.549  7.442 0.0000000000
40968  -43.280  -33.935  6.164 0.0000000000
40969  -49.160  -33.986  6.532 0.0000000000
40970  -50.778  -33.583  6.205 0.0000000000
40971  -53.284  -33.081  6.334 0.0000000000
40972  -53.929  -33.252  6.819 0.0000000000
40988  -43.533  -33.875  5.203 0.0000000000
40989  -52.345  -33.254  6.126 0.0000000000
41006  -42.199  -33.742  3.489 0.0000000000
41007  -44.147  -33.879  4.074 0.0000000000
41008  -44.566  -33.093  3.854 0.0000000000
41023  -42.269  -34.602  2.374 0.0000000000
41024  -44.371  -34.655  3.127 0.0000000000
41025  -44.894  -33.950  2.638 0.0000000000
41038  -42.877  -34.345  0.865 0.0000000000
41039  -43.392  -33.781  0.575 0.0000000000
41040  -44.937  -34.125  1.032 0.0000000000
41041  -45.376  -33.329  1.076 0.0000000000
41050  -43.861  -33.719  0.345 0.0000000000
41051  -44.624  -33.584  0.637 0.0000000000
41884  -48.300  -32.613  9.583 0.0000000000
41885  -49.714  -32.301  9.439 0.0000000000
41886  -50.553  -32.238  9.276 0.0000000000
41887  -51.647  -32.176  9.013 0.0000000000
41890  -52.739  -32.253  8.708 0.0000000000
41891  -54.163  -32.088  8.014 0.0000000000
41893  -44.922  -32.573  7.166 0.0000000000
41894  -45.865  -32.497  7.300 0.0000000000
41895  -46.748  -32.354  7.310 0.0000000000
41896  -47.713  -32.189  7.248 0.0000000000
41897  -48.712  -32.342  7.054 0.0000000000
41898  -54.152  -32.441  7.439 0.0000000000
41908  -43.547  -33.128  6.073 0.0000000000
41909  -44.155  -32.654  6.601 0.0000000000
41910  -44.710  -32.063  6.745 0.0000000000
41911  -48.950  -33.181  6.773 0.0000000000
41912  -49.677  -32.496  6.791 0.0000000000
41913  -50.655  -32.743  6.518 0.0000000000
41914  -52.582  -32.573  6.367 0.0000000000
41915  -53.481  -32.261  6.600 0.0000000000
41916  -53.953  -32.491  6.843 0.0000000000
41934  -43.850  -33.021  4.987 0.0000000000
41935  -43.935  -32.310  5.756 0.0000000000
41949  -42.079  -32.873  4.295 0.0000000000
41950  -44.322  -32.312  4.704 0.0000000000
41964  -42.703  -32.807  3.067 0.0000000000
41965  -43.143  -32.229  1.689 0.0000000000
41966  -45.419  -33.012  2.639 0.0000000000
41967  -46.207  -32.470  2.104 0.0000000000
41982  -43.034  -33.239  1.455 0.0000000000
41983  -43.540  -32.921  0.788 0.0000000000
41984  -45.436  -33.537  1.713 0.0000000000
41985  -45.828  -32.915  1.648 0.0000000000
41993  -44.202  -32.881  0.607 0.0000000000
41994  -45.135  -32.887  0.808 0.0000000000
41995  -45.752  -32.762  1.226 0.0000000000
42801  -50.089  -31.601  9.436 0.0000000000
42802  -51.416  -31.237  9.225 0.0000000000
42804  -52.834  -31.310  8.819 0.0000000000
42805  -54.021  -30.500  8.328 0.0000000000
42806  -54.308  -30.976  8.020 0.0000000000
42818  -45.946  -31.766  7.153 0.0000000000
42819  -46.838  -31.535  7.222 0.0000000000
42820  -47.601  -31.305  7.246 0.0000000000
42821  -49.476  -31.576  7.104 0.0000000000
42822  -51.663  -30.763  7.149 0.0000000000
42823  -53.037  -30.788  7.047 0.0000000000
42824  -54.185  -30.796  7.702 0.0000000000
42825  -54.233  -31.499  7.730 0.0000000000
42841  -44.734  -30.906  5.846 0.0000000000
42842  -45.094  -31.359  6.610 0.0000000000
42843  -45.960  -30.920  6.871 0.0000000000
42844  -50.717  -31.728  6.865 0.0000000000
42845  -51.703  -32.199  6.545 0.0000000000
42846  -53.064  -31.641  6.664 0.0000000000
42847  -54.055  -31.658  7.123 0.0000000000
42864  -41.923  -31.162  5.298 0.0000000000
42865  -44.419  -31.553  5.366 0.0000000000
42876  -42.490  -31.367  4.394 0.0000000000
42877  -45.780  -31.293  3.671 0.0000000000
42878  -47.018  -31.041  2.968 0.0000000000
42890  -42.892  -31.610  3.052 0.0000000000
42891  -43.160  -31.373  1.648 0.0000000000
42892  -45.701  -32.164  3.060 0.0000000000
42893  -47.510  -31.139  2.138 0.0000000000
42903  -43.660  -31.915  0.987 0.0000000000
42904  -46.340  -32.191  1.658 0.0000000000
42905  -47.159  -31.400  1.876 0.0000000000
42909  -44.695  -32.213  0.852 0.0000000000
42910  -45.714  -32.337  1.171 0.0000000000
43667  -48.455  -30.224  9.473 0.0000000000
43668  -49.652  -30.196  9.446 0.0000000000
43669  -50.515  -30.712  9.408 0.0000000000
43670  -51.674  -30.243  9.239 0.0000000000
43680  -52.941  -30.181  8.823 0.0000000000
43681  -53.933  -29.542  8.267 0.0000000000
43682  -54.292  -30.051  8.006 0.0000000000
43695  -46.903  -30.556  7.037 0.0000000000
43696  -48.005  -30.582  7.227 0.0000000000
43697  -49.194  -30.524  7.291 0.0000000000
43698  -50.243  -29.980  7.397 0.0000000000
43699  -53.318  -29.131  7.746 0.0000000000
43700  -53.946  -30.069  7.680 0.0000000000
43710  -45.403  -30.451  6.246 0.0000000000
43711  -46.071  -30.171  6.596 0.0000000000
43712  -47.477  -29.785  7.000 0.0000000000
43723  -41.798  -30.349  5.398 0.0000000000
43724  -45.348  -30.236  5.486 0.0000000000
43733  -42.374  -30.517  4.644 0.0000000000
43734  -44.919  -30.847  4.902 0.0000000000
43735  -45.858  -30.423  4.348 0.0000000000
43736  -47.093  -30.190  3.583 0.0000000000
43744  -42.789  -30.611  3.501 0.0000000000
43745  -42.951  -30.663  2.076 0.0000000000
43746  -47.687  -30.604  2.457 0.0000000000
43747  -48.166  -30.137  2.869 0.0000000000
43757  -43.393  -30.967  1.524 0.0000000000
43758  -43.845  -30.569  1.558 0.0000000000
43759  -45.507  -31.114  1.486 0.0000000000
43760  -47.658  -30.731  2.122 0.0000000000
43761  -47.869  -30.394  2.446 0.0000000000
43768  -44.263  -31.426  1.190 0.0000000000
43769  -45.348  -31.812  1.146 0.0000000000
43770  -46.359  -31.745  1.499 0.0000000000
44493  -48.082  -29.422  9.290 0.0000000000
44494  -49.152  -29.307  9.296 0.0000000000
44495  -51.880  -28.456  9.183 0.0000000000
44506  -52.969  -28.266  8.850 0.0000000000
44507  -53.821  -29.073  8.123 0.0000000000
44515  -48.508  -29.664  7.200 0.0000000000
44516  -49.695  -29.391  7.324 0.0000000000
44517  -50.846  -29.183  7.434 0.0000000000
44518  -52.325  -28.351  7.662 0.0000000000
44519  -53.326  -28.288  8.091 0.0000000000
44526  -45.957  -29.580  5.997 0.0000000000
44527  -46.727  -28.985  6.157 0.0000000000
44528  -47.905  -28.988  6.879 0.0000000000
44535  -41.685  -29.545  5.363 0.0000000000
44536  -46.109  -29.580  4.939 0.0000000000
44537  -46.669  -28.970  5.467 0.0000000000
44545  -42.120  -29.000  4.342 0.0000000000
44546  -42.576  -29.749  3.863 0.0000000000
44547  -47.428  -29.407  4.028 0.0000000000
44548  -48.480  -29.448  3.165 0.0000000000
44554  -42.848  -29.214  1.991 0.0000000000
44555  -43.078  -30.082  1.775 0.0000000000
44556  -45.746  -29.532  2.538 0.0000000000
44557  -48.133  -30.080  2.674 0.0000000000
44561  -42.991  -28.856  1.993 0.0000000000
44562  -43.350  -29.711  1.870 0.0000000000
44563  -44.778  -30.136  2.034 0.0000000000
44564  -46.582  -30.519  1.939 0.0000000000
45224  -47.657  -28.698  8.983 0.0000000000
45225  -48.747  -28.512  9.046 0.0000000000
45226  -51.096  -27.958  9.165 0.0000000000
45243  -47.121  -27.947  8.635 0.0000000000
45244  -48.347  -27.731  8.719 0.0000000000
45245  -50.770  -27.214  8.923 0.0000000000
45246  -51.863  -27.124  8.911 0.0000000000
45247  -52.533  -27.260  8.488 0.0000000000
45248  -53.059  -27.944  8.365 0.0000000000
45254  -49.132  -28.513  7.089 0.0000000000
45255  -49.341  -27.548  6.508 0.0000000000
45256  -50.810  -28.139  7.376 0.0000000000
45257  -52.207  -27.117  7.733 0.0000000000
45258  -52.840  -27.664  7.982 0.0000000000
45265  -47.352  -28.456  5.798 0.0000000000
45266  -48.294  -27.821  6.046 0.0000000000
45274  -41.497  -28.755  5.295 0.0000000000
45275  -47.681  -28.615  4.626 0.0000000000
45276  -48.159  -27.976  5.175 0.0000000000
45283  -41.943  -28.154  3.085 0.0000000000
45284  -42.448  -28.880  2.754 0.0000000000
45285  -48.780  -28.489  3.575 0.0000000000
45286  -49.260  -27.965  3.341 0.0000000000
45292  -43.672  -28.356  2.610 0.0000000000
45293  -44.955  -28.573  3.046 0.0000000000
45294  -46.565  -28.762  2.926 0.0000000000
45295  -48.269  -28.874  2.782 0.0000000000
45296  -48.621  -29.114  2.982 0.0000000000
45300  -42.472  -28.472  2.198 0.0000000000
45301  -44.153  -29.202  2.406 0.0000000000
45302  -47.543  -29.926  2.394 0.0000000000
45303  -48.124  -29.875  2.571 0.0000000000
46016  -46.381  -27.504  8.424 0.0000000000
46017  -47.860  -26.979  8.434 0.0000000000
46018  -49.274  -26.596  8.545 0.0000000000
46019  -50.673  -26.351  8.551 0.0000000000
46020  -52.056  -26.617  8.457 0.0000000000
46021  -52.317  -26.869  8.340 0.0000000000
46022  -52.531  -27.151  8.215 0.0000000000
46031  -50.874  -26.452  6.820 0.0000000000
46032  -52.074  -26.302  7.934 0.0000000000
46033  -52.343  -26.848  7.771 0.0000000000
46038  -49.081  -27.373  5.411 0.0000000000
46039  -50.068  -26.714  6.082 0.0000000000
46040  -51.260  -25.676  6.692 0.0000000000
46046  -41.122  -27.934  5.319 0.0000000000
46047  -50.362  -26.558  5.247 0.0000000000
46056  -40.851  -27.162  5.039 0.0000000000
46057  -41.391  -27.429  4.115 0.0000000000
46058  -49.152  -27.937  4.129 0.0000000000
46059  -49.871  -27.461  4.074 0.0000000000
46060  -50.702  -26.735  4.003 0.0000000000
46064  -41.595  -27.310  2.635 0.0000000000
46065  -41.958  -27.886  2.029 0.0000000000
46066  -43.485  -27.600  2.700 0.0000000000
46067  -44.486  -27.719  3.146 0.0000000000
46068  -45.541  -27.915  3.294 0.0000000000
46069  -49.138  -27.975  3.229 0.0000000000
46070  -50.543  -26.635  3.413 0.0000000000
46077  -41.698  -27.098  2.056 0.0000000000
46078  -42.484  -28.049  2.172 0.0000000000
46851  -45.965  -26.896  8.145 0.0000000000
46852  -46.901  -26.877  8.247 0.0000000000
46853  -48.790  -25.983  8.240 0.0000000000
46854  -50.419  -25.612  8.126 0.0000000000
46855  -51.669  -26.010  8.124 0.0000000000
46856  -52.171  -26.524  8.138 0.0000000000
46857  -52.351  -26.792  8.155 0.0000000000
46871  -45.536  -26.216  7.833 0.0000000000
46872  -46.728  -26.113  7.892 0.0000000000
46873  -48.009  -25.697  7.889 0.0000000000
46874  -49.343  -25.365  7.796 0.0000000000
46875  -51.210  -25.576  7.655 0.0000000000
46882  -51.154  -25.372  6.884 0.0000000000
46889  -51.317  -25.346  4.182 0.0000000000
46899  -40.809  -26.640  4.330 0.0000000000
46900  -41.183  -26.792  3.344 0.0000000000
46901  -51.114  -26.050  3.817 0.0000000000
46910  -40.755  -26.143  3.341 0.0000000000
46911  -41.228  -26.486  2.235 0.0000000000
46912  -44.110  -26.857  3.074 0.0000000000
46913  -45.057  -26.352  3.183 0.0000000000
46914  -46.084  -26.522  3.192 0.0000000000
46915  -47.262  -26.574  3.057 0.0000000000
46916  -49.325  -26.905  2.948 0.0000000000
46917  -50.163  -26.582  2.952 0.0000000000
46918  -50.754  -26.087  3.224 0.0000000000
46919  -51.109  -25.574  3.679 0.0000000000
46925  -41.449  -26.582  2.014 0.0000000000
46926  -42.164  -26.508  2.110 0.0000000000
46927  -43.372  -26.142  2.752 0.0000000000
46928  -44.341  -26.086  3.036 0.0000000000
46929  -47.773  -25.826  2.465 0.0000000000
46930  -48.880  -25.976  2.473 0.0000000000
46931  -49.675  -26.140  2.635 0.0000000000
46932  -50.263  -25.768  2.759 0.0000000000
47691  -50.632  -25.201  7.409 0.0000000000
47709  -45.052  -25.562  7.591 0.0000000000
47710  -46.043  -25.427  7.570 0.0000000000
47711  -47.166  -25.313  7.537 0.0000000000
47712  -48.326  -25.146  7.460 0.0000000000
47713  -49.613  -24.919  7.136 0.0000000000
47723  -48.400  -24.737  6.833 0.0000000000
47724  -50.820  -24.926  6.566 0.0000000000
47729  -40.325  -25.875  4.424 0.0000000000
47730  -51.325  -24.959  4.743 0.0000000000
47736  -40.351  -25.357  3.472 0.0000000000
47737  -51.189  -25.024  3.928 0.0000000000
47744  -40.740  -25.705  2.319 0.0000000000
47745  -44.962  -25.723  2.971 0.0000000000
47746  -45.780  -25.769  2.910 0.0000000000
47747  -46.715  -25.882  2.771 0.0000000000
47748  -50.747  -25.355  3.260 0.0000000000
47753  -40.818  -25.288  1.936 0.0000000000
47754  -41.045  -25.907  1.849 0.0000000000
47755  -41.970  -25.190  2.144 0.0000000000
47756  -43.284  -24.760  2.539 0.0000000000
47757  -44.239  -25.371  2.800 0.0000000000
47758  -45.418  -25.127  2.644 0.0000000000
47759  -46.563  -25.197  2.331 0.0000000000
47760  -48.659  -25.192  1.909 0.0000000000
47761  -49.558  -25.353  2.340 0.0000000000
48462  -46.412  -24.710  7.178 0.0000000000
48463  -47.174  -24.433  6.532 0.0000000000
48473  -45.557  -24.200  6.944 0.0000000000
48474  -46.206  -24.145  6.635 0.0000000000
48475  -48.313  -24.501  5.877 0.0000000000
48476  -49.668  -24.695  6.239 0.0000000000
48485  -47.321  -24.137  5.542 0.0000000000
48486  -48.259  -24.299  4.857 0.0000000000
48487  -49.571  -24.512  5.151 0.0000000000
48488  -50.888  -24.776  5.518 0.0000000000
48492  -40.034  -24.584  3.650 0.0000000000
48493  -49.373  -24.357  4.050 0.0000000000
48494  -50.083  -24.510  3.423 0.0000000000
48495  -50.707  -24.688  4.295 0.0000000000
48501  -40.394  -24.909  2.530 0.0000000000
48502  -49.807  -24.563  2.703 0.0000000000
48503  -50.576  -24.863  3.352 0.0000000000
48510  -40.678  -24.437  1.970 0.0000000000
48511  -42.010  -24.420  2.135 0.0000000000
48512  -44.821  -24.418  2.465 0.0000000000
48513  -46.116  -24.501  2.035 0.0000000000
48514  -47.308  -24.595  1.492 0.0000000000
48515  -48.343  -24.502  1.441 0.0000000000
48516  -49.322  -24.475  1.956 0.0000000000
48517  -50.157  -25.000  2.638 0.0000000000
48522  -46.950  -24.003  1.077 0.0000000000
48523  -47.992  -23.941  0.898 0.0000000000
48524  -48.680  -23.808  1.360 0.0000000000
49216  -45.573  -23.549  6.359 0.0000000000
49217  -46.444  -23.796  6.010 0.0000000000
49225  -45.880  -23.172  5.549 0.0000000000
49226  -46.649  -23.534  5.130 0.0000000000
49227  -47.416  -23.893  4.714 0.0000000000
49233  -47.042  -23.396  4.169 0.0000000000
49234  -48.166  -23.890  3.791 0.0000000000
49240  -40.165  -23.959  2.846 0.0000000000
49241  -48.510  -23.570  2.544 0.0000000000
49242  -49.365  -24.135  2.948 0.0000000000
49248  -40.534  -23.552  2.087 0.0000000000
49249  -41.091  -23.283  1.824 0.0000000000
49250  -42.037  -23.541  2.078 0.0000000000
49251  -43.102  -23.828  2.360 0.0000000000
49252  -44.784  -23.709  2.229 0.0000000000
49253  -45.729  -23.848  1.766 0.0000000000
49254  -48.469  -23.312  1.456 0.0000000000
49255  -49.125  -23.935  2.057 0.0000000000
49262  -45.219  -23.143  1.690 0.0000000000
49263  -46.501  -23.375  0.908 0.0000000000
49264  -47.659  -23.307  0.465 0.0000000000
49265  -48.319  -23.297  0.757 0.0000000000
49269  -47.799  -22.708  0.008 0.0000000000
49999  -45.172  -22.774  5.905 0.0000000000
50010  -45.501  -22.543  5.210 0.0000000000
50019  -45.573  -22.032  4.471 0.0000000000
50020  -46.183  -22.813  4.598 0.0000000000
50023  -40.240  -22.865  2.810 0.0000000000
50024  -46.205  -22.012  3.513 0.0000000000
50025  -46.813  -22.713  3.478 0.0000000000
50026  -47.800  -22.960  2.352 0.0000000000
50033  -40.593  -22.718  2.000 0.0000000000
50034  -41.092  -22.234  1.789 0.0000000000
50035  -42.064  -22.676  1.962 0.0000000000
50036  -43.111  -23.024  2.199 0.0000000000
50037  -44.083  -23.354  2.261 0.0000000000
50038  -47.263  -22.158  2.267 0.0000000000
50039  -48.203  -22.729  1.395 0.0000000000
50043  -41.284  -21.303  1.709 0.0000000000
50044  -42.133  -21.812  1.803 0.0000000000
50045  -43.162  -22.252  2.036 0.0000000000
50046  -44.152  -22.662  2.036 0.0000000000
50047  -46.213  -22.785  0.776 0.0000000000
50048  -47.116  -22.984  0.280 0.0000000000
50049  -48.089  -22.602  0.076 0.0000000000
50050  -47.127  -22.526  0.008 0.0000000000
50801  -44.925  -21.187  4.715 0.0000000000
50807  -40.329  -21.916  3.187 0.0000000000
50815  -40.680  -21.486  1.958 0.0000000000
50816  -46.676  -21.019  2.286 0.0000000000
50817  -48.210  -22.472  0.766 0.0000000000
50819  -40.798  -20.645  1.773 0.0000000000
50820  -42.195  -20.970  1.672 0.0000000000
50821  -44.795  -21.583  1.385 0.0000000000
50822  -46.064  -22.153  0.631 0.0000000000
50823  -48.051  -22.300  -0.148 0.0000000000
50824  -46.974  -22.059  -0.359 0.0000000000
50825  -47.845  -22.285  -0.482 0.0000000000
51575  -45.083  -20.414  4.157 0.0000000000
51586  -40.508  -20.378  2.962 0.0000000000
51587  -45.819  -20.525  3.201 0.0000000000
51593  -40.530  -20.600  2.129 0.0000000000
51594  -46.394  -20.230  2.435 0.0000000000
51595  -47.324  -20.805  1.470 0.0000000000
51596  -40.591  -19.913  1.903 0.0000000000
51597  -41.025  -19.940  1.605 0.0000000000
51598  -43.111  -20.548  1.658 0.0000000000
51599  -44.839  -20.734  1.228 0.0000000000
51600  -45.778  -20.564  0.498 0.0000000000
51601  -48.279  -21.631  -0.194 0.0000000000
51602  -46.892  -21.498  -0.643 0.0000000000
51603  -47.866  -21.359  -1.576 0.0000000000
51604  -48.055  -21.809  -0.951 0.0000000000
51605  -48.689  -21.133  -2.045 0.0000000000
52332  -40.699  -19.562  3.726 0.0000000000
52334  -45.282  -19.534  3.719 0.0000000000
52346  -40.548  -19.390  2.638 0.0000000000
52347  -45.731  -19.196  3.183 0.0000000000
52352  -40.451  -19.237  1.993 0.0000000000
52353  -46.215  -19.442  2.603 0.0000000000
52354  -46.885  -19.898  1.795 0.0000000000
52355  -40.656  -19.202  1.762 0.0000000000
52356  -41.370  -19.201  1.520 0.0000000000
52357  -42.450  -19.187  1.536 0.0000000000
52358  -43.648  -19.280  1.577 0.0000000000
52359  -44.656  -19.859  1.295 0.0000000000
52360  -45.242  -19.427  1.025 0.0000000000
52361  -47.540  -19.605  1.194 0.0000000000
52362  -48.527  -20.561  -0.265 0.0000000000
52363  -46.160  -19.875  0.121 0.0000000000
52364  -47.057  -20.362  -1.360 0.0000000000
52365  -49.045  -20.778  -1.664 0.0000000000
52366  -48.109  -20.575  -2.145 0.0000000000
52367  -48.939  -20.464  -2.145 0.0000000000
52368  -49.158  -19.919  -1.712 0.0000000000
52369  -49.074  -19.708  -2.020 0.0000000000
53201  -45.431  -18.569  3.593 0.0000000000
53211  -40.697  -18.660  3.187 0.0000000000
53212  -46.048  -18.629  2.911 0.0000000000
53222  -40.452  -18.563  2.200 0.0000000000
53223  -46.700  -18.964  2.115 0.0000000000
53224  -47.454  -18.448  1.570 0.0000000000
53227  -40.474  -18.500  1.903 0.0000000000
53228  -40.826  -18.452  1.616 0.0000000000
53229  -41.728  -18.403  1.528 0.0000000000
53230  -42.881  -18.418  1.638 0.0000000000
53231  -43.966  -18.460  1.651 0.0000000000
53232  -44.845  -18.559  1.417 0.0000000000
53233  -48.421  -18.528  0.585 0.0000000000
53234  -49.178  -18.523  -0.371 0.0000000000
53235  -45.641  -18.797  0.835 0.0000000000
53236  -46.468  -19.117  -0.230 0.0000000000
53237  -49.000  -19.583  -0.657 0.0000000000
53238  -49.277  -18.930  -1.182 0.0000000000
53239  -47.366  -19.425  -1.582 0.0000000000
53240  -48.498  -19.467  -2.109 0.0000000000
53241  -49.150  -19.269  -1.742 0.0000000000
54087  -40.780  -17.174  3.177 0.0000000000
54095  -40.568  -17.768  2.548 0.0000000000
54096  -45.830  -17.735  3.362 0.0000000000
54097  -46.295  -17.030  3.194 0.0000000000
54107  -40.481  -17.371  1.977 0.0000000000
54108  -42.746  -16.989  2.038 0.0000000000
54109  -43.837  -16.854  2.151 0.0000000000
54110  -46.601  -17.843  2.569 0.0000000000
54111  -47.343  -17.425  2.129 0.0000000000
54118  -40.533  -17.820  1.831 0.0000000000
54119  -41.060  -17.702  1.579 0.0000000000
54120  -42.046  -17.543  1.686 0.0000000000
54121  -43.343  -17.667  1.837 0.0000000000
54122  -44.385  -17.739  1.742 0.0000000000
54123  -45.281  -17.912  1.400 0.0000000000
54124  -45.780  -17.262  1.299 0.0000000000
54125  -48.063  -17.575  1.448 0.0000000000
54126  -48.962  -17.734  0.503 0.0000000000
54127  -46.070  -18.087  0.639 0.0000000000
54128  -46.532  -17.333  0.459 0.0000000000
54129  -47.508  -17.393  -0.830 0.0000000000
54130  -49.508  -17.747  -0.562 0.0000000000
54131  -49.574  -17.245  -0.760 0.0000000000
54132  -47.737  -18.515  -1.518 0.0000000000
54133  -48.631  -18.174  -1.637 0.0000000000
54134  -49.230  -18.307  -1.336 0.0000000000
54135  -49.050  -19.073  -1.904 0.0000000000
54876  -41.140  -15.920  4.200 0.0000000000
54882  -51.091  -16.968  4.853 0.0000000000
54893  -41.118  -17.015  4.312 0.0000000000
54897  -50.401  -17.102  5.167 0.0000000000
54898  -51.488  -16.661  4.133 0.0000000000
54909  -40.603  -16.898  2.306 0.0000000000
54910  -40.781  -16.402  3.046 0.0000000000
54913  -47.466  -16.060  3.109 0.0000000000
54914  -51.169  -16.874  4.121 0.0000000000
54915  -51.442  -16.522  3.371 0.0000000000
54916  -52.052  -16.274  3.413 0.0000000000
54917  -52.535  -15.804  2.788 0.0000000000
54926  -40.615  -16.773  1.984 0.0000000000
54927  -40.834  -16.376  1.895 0.0000000000
54928  -41.684  -16.617  1.839 0.0000000000
54929  -43.797  -16.009  2.364 0.0000000000
54930  -44.781  -16.193  2.217 0.0000000000
54931  -46.970  -16.746  2.737 0.0000000000
54932  -47.927  -16.609  2.217 0.0000000000
54933  -49.015  -16.430  1.755 0.0000000000
54934  -50.268  -16.373  1.100 0.0000000000
54935  -51.854  -16.149  2.396 0.0000000000
54944  -40.675  -17.155  1.841 0.0000000000
54945  -41.147  -17.052  1.702 0.0000000000
54946  -44.927  -17.082  1.802 0.0000000000
54947  -45.501  -16.599  1.715 0.0000000000
54948  -46.232  -16.580  1.255 0.0000000000
54949  -48.687  -17.009  1.367 0.0000000000
54950  -49.588  -17.010  0.572 0.0000000000
54951  -50.681  -16.100  0.592 0.0000000000
54952  -46.951  -16.530  0.373 0.0000000000
54953  -47.807  -16.475  -0.457 0.0000000000
54954  -50.037  -16.736  -0.067 0.0000000000
54955  -50.336  -16.306  -0.033 0.0000000000
54956  -48.694  -16.503  -0.925 0.0000000000
54957  -49.413  -16.604  -0.919 0.0000000000
54958  -49.951  -16.575  -0.447 0.0000000000
54959  -50.237  -16.137  -0.252 0.0000000000
55667  -41.107  -15.134  4.612 0.0000000000
55673  -51.048  -16.772  5.160 0.0000000000
55683  -41.044  -15.163  3.664 0.0000000000
55687  -49.131  -16.186  4.250 0.0000000000
55688  -50.515  -16.761  4.294 0.0000000000
55689  -51.331  -16.643  4.442 0.0000000000
55690  -51.884  -16.246  3.876 0.0000000000
55701  -40.774  -16.057  2.135 0.0000000000
55702  -40.805  -15.513  2.800 0.0000000000
55704  -48.086  -15.764  3.566 0.0000000000
55705  -49.174  -15.979  3.308 0.0000000000
55706  -50.340  -16.327  3.193 0.0000000000
55707  -50.754  -16.159  2.251 0.0000000000
55708  -52.490  -15.744  3.272 0.0000000000
55709  -52.934  -15.171  2.900 0.0000000000
55718  -40.906  -15.542  1.981 0.0000000000
55719  -41.045  -14.772  1.930 0.0000000000
55720  -43.153  -15.361  2.397 0.0000000000
55721  -44.294  -15.396  2.475 0.0000000000
55722  -45.219  -15.345  2.339 0.0000000000
55723  -46.092  -15.170  2.076 0.0000000000
55724  -48.413  -16.024  2.726 0.0000000000
55725  -49.519  -16.088  2.337 0.0000000000
55726  -52.229  -15.669  2.101 0.0000000000
55727  -52.717  -15.229  2.276 0.0000000000
55737  -45.769  -15.946  1.862 0.0000000000
55738  -46.688  -15.765  1.285 0.0000000000
55739  -47.506  -15.293  0.873 0.0000000000
55740  -51.118  -16.035  1.437 0.0000000000
55741  -51.465  -15.713  1.334 0.0000000000
55742  -52.110  -15.207  1.562 0.0000000000
55747  -47.382  -15.933  0.413 0.0000000000
55748  -48.214  -15.739  -0.163 0.0000000000
55749  -49.109  -15.445  -0.310 0.0000000000
55750  -50.018  -15.540  -0.192 0.0000000000
55751  -50.701  -15.698  0.402 0.0000000000
55752  -51.432  -15.224  1.001 0.0000000000
55753  -49.039  -16.018  -0.737 0.0000000000
55754  -49.713  -16.061  -0.597 0.0000000000
56477  -41.015  -14.462  4.984 0.0000000000
56492  -41.046  -14.442  3.694 0.0000000000
56494  -51.465  -15.716  4.352 0.0000000000
56495  -51.717  -14.404  3.863 0.0000000000
56507  -40.802  -14.131  2.346 0.0000000000
56508  -52.651  -14.342  3.383 0.0000000000
56509  -53.103  -14.362  3.005 0.0000000000
56522  -40.864  -13.943  1.983 0.0000000000
56523  -41.152  -13.836  1.885 0.0000000000
56524  -42.324  -14.533  2.272 0.0000000000
56525  -43.798  -14.692  2.621 0.0000000000
56526  -45.483  -14.592  2.498 0.0000000000
56527  -46.326  -14.360  2.294 0.0000000000
56528  -47.139  -14.052  1.975 0.0000000000
56529  -53.032  -14.446  2.435 0.0000000000
56545  -46.879  -14.855  1.651 0.0000000000
56546  -47.717  -14.525  1.273 0.0000000000
56547  -48.630  -14.224  0.894 0.0000000000
56548  -49.605  -14.033  0.651 0.0000000000
56549  -51.738  -14.523  1.226 0.0000000000
56550  -52.549  -14.492  1.728 0.0000000000
56556  -48.350  -14.946  0.422 0.0000000000
56557  -49.330  -14.780  0.174 0.0000000000
56558  -50.262  -14.795  0.312 0.0000000000
56559  -51.042  -14.718  0.734 0.0000000000
57265  -41.047  -13.744  4.342 0.0000000000
57289  -40.811  -13.624  2.943 0.0000000000
57291  -50.741  -14.225  4.435 0.0000000000
57292  -51.230  -13.465  4.030 0.0000000000
57298  -40.687  -13.472  2.142 0.0000000000
57299  -41.311  -13.124  1.883 0.0000000000
57300  -42.745  -13.172  2.643 0.0000000000
57301  -44.018  -13.220  3.080 0.0000000000
57302  -45.119  -13.210  3.104 0.0000000000
57303  -52.179  -13.390  3.585 0.0000000000
57304  -53.029  -13.428  3.097 0.0000000000
57312  -40.641  -13.128  1.983 0.0000000000
57313  -43.348  -13.925  2.705 0.0000000000
57314  -44.645  -14.057  2.821 0.0000000000
57315  -45.716  -13.820  2.743 0.0000000000
57316  -46.564  -13.537  2.522 0.0000000000
57317  -47.433  -13.202  2.261 0.0000000000
57318  -48.405  -12.873  1.894 0.0000000000
57319  -53.178  -13.509  2.537 0.0000000000
57334  -48.010  -13.719  1.595 0.0000000000
57335  -49.000  -13.420  1.232 0.0000000000
57336  -49.956  -13.211  0.972 0.0000000000
57337  -50.786  -12.998  1.040 0.0000000000
57338  -52.044  -13.640  1.372 0.0000000000
57339  -52.847  -13.592  1.871 0.0000000000
57348  -50.475  -13.911  0.763 0.0000000000
57349  -51.214  -13.729  1.081 0.0000000000
58010  -40.968  -12.411  3.553 0.0000000000
58041  -40.612  -12.884  2.230 0.0000000000
58061  -40.461  -12.100  1.872 0.0000000000
58062  -41.867  -12.370  2.252 0.0000000000
58063  -43.368  -12.414  3.073 0.0000000000
58064  -45.492  -12.574  3.253 0.0000000000
58065  -46.126  -12.268  3.199 0.0000000000
58066  -51.462  -12.573  3.841 0.0000000000
58067  -52.648  -12.317  3.276 0.0000000000
58077  -40.593  -12.202  1.675 0.0000000000
58078  -45.991  -13.042  2.962 0.0000000000
58079  -46.781  -12.699  2.757 0.0000000000
58080  -47.759  -12.241  2.517 0.0000000000
58081  -48.829  -12.034  2.046 0.0000000000
58082  -49.656  -11.758  1.723 0.0000000000
58083  -53.132  -12.518  2.575 0.0000000000
58096  -49.488  -12.522  1.460 0.0000000000
58097  -50.311  -11.853  1.407 0.0000000000
58098  -51.130  -12.038  1.248 0.0000000000
58099  -52.248  -11.995  1.463 0.0000000000
58100  -52.950  -12.665  1.918 0.0000000000
58776  -41.025  -11.023  4.617 0.0000000000
58777  -40.984  -11.550  3.418 0.0000000000
58798  -40.346  -11.130  1.775 0.0000000000
58799  -41.092  -11.529  1.426 0.0000000000
58800  -42.697  -11.656  2.839 0.0000000000
58801  -43.790  -11.727  3.389 0.0000000000
58802  -45.405  -11.857  3.453 0.0000000000
58803  -46.092  -11.437  3.437 0.0000000000
58804  -46.832  -11.006  3.317 0.0000000000
58805  -51.785  -11.628  3.651 0.0000000000
58806  -52.616  -11.350  3.184 0.0000000000
58807  -52.951  -11.567  2.640 0.0000000000
58816  -40.226  -11.408  1.014 0.0000000000
58817  -46.870  -11.847  3.043 0.0000000000
58818  -47.645  -11.320  2.860 0.0000000000
58819  -48.416  -11.521  2.468 0.0000000000
58820  -49.390  -11.200  2.161 0.0000000000
58821  -52.943  -11.749  1.990 0.0000000000
58832  -50.244  -11.216  1.732 0.0000000000
58833  -50.920  -11.219  1.506 0.0000000000
58834  -51.626  -11.209  1.459 0.0000000000
58835  -52.429  -11.077  1.707 0.0000000000
59508  -41.203  -10.438  3.859 0.0000000000
59509  -40.547  -10.860  2.131 0.0000000000
59530  -40.062  -11.137  1.306 0.0000000000
59531  -42.019  -11.074  2.301 0.0000000000
59532  -43.470  -10.920  3.381 0.0000000000
59533  -44.727  -10.409  3.690 0.0000000000
59534  -45.949  -10.504  3.630 0.0000000000
59535  -46.796  -10.304  3.455 0.0000000000
59536  -47.558  -10.516  3.147 0.0000000000
59537  -48.203  -9.882  3.016 0.0000000000
59539  -52.075  -10.684  3.470 0.0000000000
59540  -52.495  -9.813  3.123 0.0000000000
59549  -40.558  -11.255  1.117 0.0000000000
59550  -41.427  -10.297  1.555 0.0000000000
59551  -48.548  -10.699  2.639 0.0000000000
59552  -50.247  -10.628  2.016 0.0000000000
59553  -50.818  -10.094  1.837 0.0000000000
59554  -52.700  -10.017  2.439 0.0000000000
59561  -50.763  -10.710  1.720 0.0000000000
59562  -51.260  -10.537  1.594 0.0000000000
59563  -51.711  -10.052  1.562 0.0000000000
59564  -52.396  -10.197  1.809 0.0000000000
60240  -41.132  -9.758  4.329 0.0000000000
60241  -41.105  -10.031  2.819 0.0000000000
60269  -40.683  -10.176  1.783 0.0000000000
60270  -42.324  -10.153  2.441 0.0000000000
60271  -43.324  -9.599  3.257 0.0000000000
60272  -44.429  -9.478  3.655 0.0000000000
60273  -45.430  -9.594  3.736 0.0000000000
60274  -46.375  -9.683  3.619 0.0000000000
60275  -47.291  -9.768  3.394 0.0000000000
60276  -48.811  -9.136  2.806 0.0000000000
60278  -52.043  -9.312  3.431 0.0000000000
60279  -52.482  -9.026  3.141 0.0000000000
60289  -49.812  -9.258  2.422 0.0000000000
60290  -50.625  -9.400  2.111 0.0000000000
60291  -51.048  -9.431  1.822 0.0000000000
60292  -52.671  -9.180  2.717 0.0000000000
60300  -51.443  -9.463  1.681 0.0000000000
60301  -52.124  -9.465  1.676 0.0000000000
60302  -52.499  -9.353  2.047 0.0000000000
61092  -41.129  -9.046  4.251 0.0000000000
61093  -41.249  -9.465  2.965 0.0000000000
61117  -40.726  -9.875  2.015 0.0000000000
61118  -42.505  -9.695  2.516 0.0000000000
61119  -42.926  -8.840  2.613 0.0000000000
61120  -44.146  -8.731  3.481 0.0000000000
61121  -45.780  -8.055  3.632 0.0000000000
61122  -46.693  -8.283  3.589 0.0000000000
61123  -47.860  -9.105  3.295 0.0000000000
61124  -48.424  -8.219  3.097 0.0000000000
61126  -52.115  -8.521  3.388 0.0000000000
61127  -52.618  -8.430  3.026 0.0000000000
61137  -40.627  -9.859  1.599 0.0000000000
61138  -41.784  -9.886  1.717 0.0000000000
61139  -49.591  -8.368  2.526 0.0000000000
61140  -50.450  -8.228  2.230 0.0000000000
61141  -50.857  -8.761  2.030 0.0000000000
61142  -52.487  -8.495  2.338 0.0000000000
61149  -40.158  -10.022  0.082 0.0000000000
61150  -40.642  -9.960  0.338 0.0000000000
61151  -41.152  -10.172  0.860 0.0000000000
61152  -51.227  -8.766  1.826 0.0000000000
61153  -51.775  -8.822  1.692 0.0000000000
61154  -52.272  -8.882  1.853 0.0000000000
61166  -39.978  -9.880  -0.061 0.0000000000
61167  -40.279  -10.037  0.013 0.0000000000
61168  -41.054  -10.050  0.551 0.0000000000
61882  -41.268  -8.552  3.750 0.0000000000
61905  -41.165  -7.743  3.766 0.0000000000
61906  -41.282  -8.776  2.835 0.0000000000
61907  -43.873  -8.173  3.116 0.0000000000
61908  -45.624  -7.132  3.183 0.0000000000
61909  -46.564  -7.448  3.399 0.0000000000
61910  -47.482  -7.743  3.356 0.0000000000
61911  -51.745  -7.807  3.521 0.0000000000
61912  -52.354  -7.726  3.211 0.0000000000
61913  -52.580  -7.722  2.810 0.0000000000
61931  -41.150  -8.457  2.247 0.0000000000
61932  -42.419  -8.946  1.824 0.0000000000
61933  -43.473  -7.865  2.417 0.0000000000
61934  -44.565  -7.199  2.789 0.0000000000
61935  -48.304  -7.198  2.875 0.0000000000
61936  -49.135  -7.554  2.620 0.0000000000
61937  -50.046  -7.412  2.251 0.0000000000
61938  -52.346  -7.738  2.200 0.0000000000
61949  -40.397  -9.630  0.985 0.0000000000
61950  -41.945  -9.056  1.018 0.0000000000
61951  -43.023  -7.737  1.588 0.0000000000
61952  -50.874  -7.892  1.937 0.0000000000
61953  -51.539  -8.023  1.765 0.0000000000
61954  -52.154  -8.195  1.864 0.0000000000
61961  -39.965  -9.558  0.072 0.0000000000
61962  -40.484  -9.422  -0.412 0.0000000000
61963  -41.471  -8.900  -0.076 0.0000000000
61977  -40.655  -8.670  -1.128 0.0000000000
61978  -41.426  -8.441  -0.799 0.0000000000
61986  -40.390  -7.498  -2.340 0.0000000000
61987  -40.739  -7.960  -1.914 0.0000000000
61988  -41.391  -7.919  -1.520 0.0000000000
62631  -41.028  -6.926  3.622 0.0000000000
62632  -41.295  -6.969  2.823 0.0000000000
62633  -46.508  -6.752  2.982 0.0000000000
62634  -47.350  -6.897  3.020 0.0000000000
62635  -51.815  -6.936  3.477 0.0000000000
62636  -52.384  -7.000  3.100 0.0000000000
62648  -41.145  -7.633  1.875 0.0000000000
62649  -43.979  -6.849  2.014 0.0000000000
62650  -44.987  -6.245  2.184 0.0000000000
62651  -45.988  -6.269  2.506 0.0000000000
62652  -47.070  -6.224  2.491 0.0000000000
62653  -48.084  -6.390  2.451 0.0000000000
62654  -49.161  -6.668  2.319 0.0000000000
62655  -50.520  -6.932  1.815 0.0000000000
62656  -52.079  -6.522  2.165 0.0000000000
62657  -52.358  -7.077  2.466 0.0000000000
62669  -40.607  -8.117  0.822 0.0000000000
62670  -42.656  -7.699  0.707 0.0000000000
62671  -43.576  -6.637  1.201 0.0000000000
62672  -44.439  -5.997  1.496 0.0000000000
62673  -49.497  -5.947  1.704 0.0000000000
62674  -50.172  -6.300  1.673 0.0000000000
62675  -50.703  -6.373  1.610 0.0000000000
62676  -51.474  -6.309  1.777 0.0000000000
62677  -51.970  -7.260  1.849 0.0000000000
62684  -40.778  -6.810  0.729 0.0000000000
62685  -42.381  -7.560  -0.174 0.0000000000
62686  -43.201  -6.482  0.425 0.0000000000
62695  -40.052  -9.096  -0.549 0.0000000000
62696  -42.188  -7.257  -0.944 0.0000000000
62708  -40.030  -7.511  -2.112 0.0000000000
62709  -40.845  -7.393  -2.622 0.0000000000
62710  -41.388  -7.402  -2.106 0.0000000000
62716  -39.926  -6.285  -3.708 0.0000000000
62717  -40.113  -6.866  -2.991 0.0000000000
62718  -40.286  -6.452  -3.614 0.0000000000
62719  -39.903  -6.134  -4.027 0.0000000000
63380  -50.162  -4.807  4.839 0.0000000000
63381  -50.981  -4.814  4.164 0.0000000000
63398  -51.559  -4.816  3.483 0.0000000000
63399  -52.047  -5.563  3.097 0.0000000000
63400  -52.285  -6.324  2.785 0.0000000000
63414  -45.113  -5.587  1.660 0.0000000000
63415  -45.809  -5.598  1.853 0.0000000000
63416  -46.762  -5.599  1.938 0.0000000000
63417  -47.806  -5.696  1.959 0.0000000000
63418  -48.685  -5.937  1.975 0.0000000000
63419  -51.873  -5.687  2.412 0.0000000000
63435  -40.997  -5.544  1.167 0.0000000000
63436  -41.180  -6.404  1.743 0.0000000000
63437  -43.977  -5.525  0.901 0.0000000000
63438  -44.830  -5.174  1.289 0.0000000000
63439  -45.617  -5.095  1.433 0.0000000000
63440  -46.469  -5.126  1.517 0.0000000000
63441  -47.466  -5.160  1.542 0.0000000000
63442  -48.610  -5.314  1.550 0.0000000000
63443  -50.131  -5.734  1.497 0.0000000000
63444  -50.802  -5.794  1.589 0.0000000000
63445  -51.312  -5.380  1.927 0.0000000000
63454  -42.833  -6.302  -0.301 0.0000000000
63455  -43.417  -5.415  0.243 0.0000000000
63462  -39.969  -6.833  -1.749 0.0000000000
63463  -42.509  -6.025  -1.097 0.0000000000
63464  -42.963  -5.158  -0.343 0.0000000000
63476  -39.937  -6.824  -2.623 0.0000000000
63477  -41.405  -6.893  -2.559 0.0000000000
63478  -41.974  -6.447  -1.939 0.0000000000
63490  -39.708  -5.998  -3.818 0.0000000000
63491  -39.836  -6.342  -3.316 0.0000000000
63492  -41.002  -6.735  -3.272 0.0000000000
63493  -41.759  -6.005  -2.584 0.0000000000
63497  -39.750  -5.974  -4.052 0.0000000000
63498  -40.757  -6.077  -3.957 0.0000000000
63499  -39.777  -5.726  -4.339 0.0000000000
63500  -40.154  -5.941  -4.244 0.0000000000
63501  -40.506  -5.554  -4.422 0.0000000000
64215  -49.893  -4.006  5.109 0.0000000000
64230  -50.643  -3.984  4.518 0.0000000000
64231  -51.252  -4.029  3.918 0.0000000000
64241  -51.533  -4.149  3.328 0.0000000000
64242  -51.746  -4.762  2.835 0.0000000000
64250  -50.655  -3.947  2.035 0.0000000000
64251  -51.283  -4.480  2.327 0.0000000000
64265  -43.801  -4.596  0.696 0.0000000000
64266  -44.455  -4.557  1.144 0.0000000000
64267  -45.286  -4.491  1.433 0.0000000000
64268  -46.167  -4.537  1.514 0.0000000000
64269  -47.088  -4.621  1.490 0.0000000000
64270  -48.044  -4.716  1.408 0.0000000000
64271  -49.833  -4.502  1.509 0.0000000000
64272  -50.580  -5.010  1.626 0.0000000000
64287  -40.719  -4.758  0.524 0.0000000000
64288  -42.765  -4.151  -0.145 0.0000000000
64289  -43.250  -4.453  0.278 0.0000000000
64297  -40.279  -5.160  -1.356 0.0000000000
64298  -42.554  -4.733  -0.890 0.0000000000
64304  -39.622  -4.693  -2.860 0.0000000000
64305  -41.891  -4.842  -2.436 0.0000000000
64306  -42.269  -5.337  -1.745 0.0000000000
64318  -39.575  -5.633  -3.574 0.0000000000
64319  -39.806  -5.844  -2.565 0.0000000000
64320  -41.463  -5.615  -3.344 0.0000000000
64327  -39.508  -5.488  -4.205 0.0000000000
64328  -41.179  -5.148  -4.070 0.0000000000
64329  -39.206  -4.557  -5.033 0.0000000000
64330  -39.504  -5.170  -4.705 0.0000000000
64331  -39.964  -5.341  -4.826 0.0000000000
64332  -40.633  -4.788  -4.672 0.0000000000
64333  -39.639  -4.814  -5.094 0.0000000000
65045  -49.403  -3.315  4.878 0.0000000000
65057  -48.102  -2.198  4.483 0.0000000000
65058  -49.221  -2.282  4.434 0.0000000000
65059  -50.226  -3.111  4.504 0.0000000000
65060  -50.888  -3.351  4.104 0.0000000000
65066  -51.209  -3.364  3.442 0.0000000000
65067  -51.483  -3.985  2.889 0.0000000000
65076  -44.698  -2.555  2.313 0.0000000000
65077  -45.612  -2.723  2.450 0.0000000000
65078  -46.557  -2.892  2.498 0.0000000000
65079  -47.447  -3.025  2.442 0.0000000000
65080  -48.484  -3.096  2.334 0.0000000000
65081  -50.070  -3.365  2.170 0.0000000000
65082  -51.100  -3.494  2.711 0.0000000000
65092  -42.940  -3.230  0.994 0.0000000000
65093  -43.464  -3.812  0.822 0.0000000000
65094  -44.777  -3.644  1.670 0.0000000000
65095  -45.818  -3.787  1.832 0.0000000000
65096  -46.765  -3.887  1.785 0.0000000000
65097  -47.684  -3.967  1.669 0.0000000000
65098  -49.229  -3.791  1.771 0.0000000000
65115  -41.932  -3.074  -0.366 0.0000000000
65116  -42.427  -3.293  0.218 0.0000000000
65117  -42.961  -3.767  0.448 0.0000000000
65126  -40.219  -3.806  -0.899 0.0000000000
65127  -41.723  -3.241  -1.204 0.0000000000
65128  -42.120  -4.234  -1.517 0.0000000000
65134  -39.732  -3.655  -1.902 0.0000000000
65135  -39.988  -4.606  -1.948 0.0000000000
65144  -39.403  -3.622  -2.921 0.0000000000
65145  -41.568  -4.424  -3.218 0.0000000000
65154  -38.847  -3.833  -4.642 0.0000000000
65155  -39.175  -4.640  -3.951 0.0000000000
65156  -40.994  -3.209  -4.260 0.0000000000
65157  -41.228  -4.107  -4.102 0.0000000000
65158  -39.226  -4.692  -4.665 0.0000000000
65159  -40.114  -4.352  -5.261 0.0000000000
65160  -39.082  -3.841  -5.338 0.0000000000
65161  -39.701  -3.421  -5.576 0.0000000000
65825  -47.563  -1.360  4.221 0.0000000000
65826  -48.880  -1.405  4.077 0.0000000000
65827  -50.028  -2.141  4.146 0.0000000000
65828  -50.612  -2.585  3.833 0.0000000000
65836  -49.213  -1.489  3.584 0.0000000000
65837  -50.069  -1.932  3.549 0.0000000000
65847  -44.833  -1.659  2.480 0.0000000000
65848  -45.754  -1.478  2.621 0.0000000000
65849  -46.755  -1.359  2.793 0.0000000000
65850  -47.396  -1.782  2.816 0.0000000000
65851  -48.184  -1.901  2.844 0.0000000000
65852  -49.045  -1.827  2.925 0.0000000000
65853  -50.279  -2.355  2.876 0.0000000000
65854  -50.788  -2.596  3.153 0.0000000000
65866  -43.075  -2.425  1.604 0.0000000000
65867  -43.938  -2.099  2.227 0.0000000000
65881  -41.880  -2.553  0.263 0.0000000000
65882  -42.396  -2.576  0.923 0.0000000000
65894  -41.554  -2.488  -0.510 0.0000000000
65902  -39.401  -2.730  -1.988 0.0000000000
65911  -38.695  -1.835  -3.053 0.0000000000
65912  -39.092  -2.725  -3.001 0.0000000000
65913  -40.885  -1.922  -2.933 0.0000000000
65922  -38.762  -2.838  -4.019 0.0000000000
65923  -39.034  -3.559  -3.797 0.0000000000
65924  -41.028  -2.500  -3.588 0.0000000000
65925  -41.390  -3.302  -3.171 0.0000000000
65931  -38.801  -3.333  -5.218 0.0000000000
65932  -40.676  -2.335  -4.583 0.0000000000
65933  -38.994  -3.065  -5.638 0.0000000000
65934  -39.467  -2.489  -5.796 0.0000000000
65935  -40.157  -2.490  -5.472 0.0000000000
66541  -47.279  -0.754  3.840 0.0000000000
66542  -47.821  -0.915  3.787 0.0000000000
66543  -48.409  -1.174  3.755 0.0000000000
66552  -46.101  0.025  3.456 0.0000000000
66553  -46.830  -0.287  3.238 0.0000000000
66554  -47.321  -0.734  3.366 0.0000000000
66555  -47.895  -1.073  3.274 0.0000000000
66556  -48.556  -1.342  3.290 0.0000000000
66566  -44.524  -1.041  2.390 0.0000000000
66567  -45.685  -0.496  2.570 0.0000000000
66568  -46.587  -0.119  2.931 0.0000000000
66569  -47.339  -0.838  2.996 0.0000000000
66579  -41.669  -1.104  0.856 0.0000000000
66580  -41.929  -1.890  0.951 0.0000000000
66581  -43.338  -1.358  2.005 0.0000000000
66595  -41.456  -1.812  0.203 0.0000000000
66611  -40.687  -1.304  -1.410 0.0000000000
66612  -41.073  -1.714  -0.757 0.0000000000
66620  -38.995  -1.976  -2.078 0.0000000000
66621  -41.058  -2.016  -1.939 0.0000000000
66629  -40.641  -1.313  -3.236 0.0000000000
66636  -38.501  -1.978  -4.320 0.0000000000
66637  -40.628  -1.426  -4.223 0.0000000000
66643  -38.581  -2.384  -5.286 0.0000000000
66644  -40.384  -1.620  -5.197 0.0000000000
66646  -38.876  -2.263  -5.819 0.0000000000
66647  -39.284  -1.868  -5.994 0.0000000000
66648  -39.835  -1.784  -5.765 0.0000000000
66649  -38.883  -1.363  -6.179 0.0000000000
67271  -45.874  0.618  3.103 0.0000000000
67272  -46.280  0.364  2.971 0.0000000000
67282  -45.479  0.299  2.407 0.0000000000
67292  -42.378  -0.267  1.247 0.0000000000
67293  -43.580  -0.181  1.708 0.0000000000
67294  -45.003  0.587  1.871 0.0000000000
67295  -45.511  1.009  2.215 0.0000000000
67306  -40.926  -0.093  -0.000 0.0000000000
67320  -40.644  -0.757  -0.670 0.0000000000
67321  -41.044  -1.003  0.138 0.0000000000
67332  -40.436  -0.609  -1.608 0.0000000000
67339  -38.120  -0.415  -3.242 0.0000000000
67340  -38.415  -0.892  -2.561 0.0000000000
67347  -38.058  -0.482  -4.329 0.0000000000
67348  -38.297  -1.086  -4.117 0.0000000000
67349  -40.502  -0.688  -3.623 0.0000000000
67354  -38.127  -0.616  -5.266 0.0000000000
67355  -38.269  -1.372  -5.029 0.0000000000
67356  -40.482  -0.695  -4.719 0.0000000000
67361  -38.423  -0.824  -5.992 0.0000000000
67362  -39.508  -1.347  -6.102 0.0000000000
67365  -38.756  -0.475  -6.423 0.0000000000
67366  -39.459  -0.604  -6.325 0.0000000000
68038  -45.387  1.029  2.794 0.0000000000
68039  -45.722  0.716  2.781 0.0000000000
68052  -45.032  1.459  2.399 0.0000000000
68053  -45.386  1.156  2.278 0.0000000000
68062  -42.474  0.567  0.806 0.0000000000
68063  -43.562  0.665  1.213 0.0000000000
68064  -44.592  1.540  1.268 0.0000000000
68065  -45.196  1.341  1.836 0.0000000000
68079  -43.753  1.464  0.744 0.0000000000
68080  -44.484  2.078  0.868 0.0000000000
68094  -40.459  0.309  -0.836 0.0000000000
68095  -41.232  0.918  -0.109 0.0000000000
68102  -40.192  0.181  -1.948 0.0000000000
68111  -40.286  0.051  -2.995 0.0000000000
68119  -37.750  0.352  -3.591 0.0000000000
68120  -40.389  -0.103  -3.903 0.0000000000
68123  -37.812  0.222  -4.646 0.0000000000
68124  -40.326  -0.221  -5.367 0.0000000000
68129  -37.966  0.107  -5.662 0.0000000000
68130  -38.345  -0.126  -6.253 0.0000000000
68131  -40.051  -0.074  -5.988 0.0000000000
68136  -38.026  0.566  -6.286 0.0000000000
68137  -38.505  0.278  -6.632 0.0000000000
68138  -39.176  0.212  -6.723 0.0000000000
68139  -39.692  0.188  -6.384 0.0000000000
68140  -38.598  1.442  -7.223 0.0000000000
68829  -44.623  2.050  1.840 0.0000000000
68830  -45.144  1.545  1.985 0.0000000000
68839  -44.665  1.926  1.411 0.0000000000
68851  -42.514  1.418  0.289 0.0000000000
68852  -43.886  2.225  0.411 0.0000000000
68853  -44.246  2.502  0.758 0.0000000000
68868  -40.806  1.410  -0.732 0.0000000000
68869  -41.880  1.895  -0.357 0.0000000000
68870  -43.248  2.466  -0.184 0.0000000000
68880  -40.262  1.082  -1.461 0.0000000000
68889  -40.160  1.793  -1.918 0.0000000000
68898  -37.503  1.079  -4.018 0.0000000000
68899  -39.993  1.617  -2.978 0.0000000000
68904  -37.498  1.634  -5.392 0.0000000000
68905  -40.042  1.290  -4.322 0.0000000000
68909  -37.700  1.411  -6.223 0.0000000000
68910  -40.217  0.536  -5.408 0.0000000000
68915  -38.072  1.124  -6.841 0.0000000000
68916  -40.020  0.817  -6.190 0.0000000000
68919  -37.976  1.793  -7.194 0.0000000000
68920  -39.278  1.056  -7.043 0.0000000000
69630  -43.830  2.619  1.481 0.0000000000
69631  -44.313  2.545  1.067 0.0000000000
69642  -42.998  3.055  1.290 0.0000000000
69643  -43.895  3.063  0.839 0.0000000000
69644  -44.002  2.911  0.490 0.0000000000
69657  -43.936  2.887  0.176 0.0000000000
69671  -41.364  2.323  -0.939 0.0000000000
69672  -43.484  3.249  -0.366 0.0000000000
69683  -40.825  2.608  -1.516 0.0000000000
69684  -42.206  3.407  -1.285 0.0000000000
69685  -43.105  3.592  -0.855 0.0000000000
69696  -40.274  2.624  -2.297 0.0000000000
69705  -37.041  2.700  -4.126 0.0000000000
69706  -37.198  1.945  -3.493 0.0000000000
69707  -39.939  2.594  -3.421 0.0000000000
69711  -37.087  3.042  -5.004 0.0000000000
69712  -37.287  2.326  -4.981 0.0000000000
69713  -39.903  2.286  -4.664 0.0000000000
69718  -39.912  2.309  -5.639 0.0000000000
69725  -37.675  1.978  -6.811 0.0000000000
69726  -39.739  2.294  -6.982 0.0000000000
69727  -39.862  2.295  -6.441 0.0000000000
69732  -37.839  2.451  -7.262 0.0000000000
69733  -38.475  2.181  -7.446 0.0000000000
69734  -39.339  1.993  -7.277 0.0000000000
70470  -42.155  3.409  1.004 0.0000000000
70471  -43.268  3.454  0.624 0.0000000000
70472  -43.770  3.275  0.329 0.0000000000
70483  -41.472  3.841  0.609 0.0000000000
70484  -42.730  3.917  0.265 0.0000000000
70485  -43.458  3.665  -0.053 0.0000000000
70486  -43.725  3.303  -0.006 0.0000000000
70496  -43.254  3.788  -0.569 0.0000000000
70506  -41.179  3.518  -1.855 0.0000000000
70507  -42.282  4.328  -1.646 0.0000000000
70508  -42.985  4.144  -1.171 0.0000000000
70518  -40.359  3.841  -3.171 0.0000000000
70519  -41.489  4.427  -2.312 0.0000000000
70525  -36.632  3.485  -3.564 0.0000000000
70526  -40.158  4.196  -4.050 0.0000000000
70530  -36.893  3.863  -4.901 0.0000000000
70531  -39.942  4.069  -5.107 0.0000000000
70535  -37.242  3.474  -5.758 0.0000000000
70536  -39.884  3.224  -5.992 0.0000000000
70542  -37.505  2.990  -6.758 0.0000000000
70543  -39.487  2.850  -7.282 0.0000000000
70544  -39.782  2.951  -6.856 0.0000000000
70546  -37.866  3.161  -7.464 0.0000000000
70547  -38.499  3.368  -7.745 0.0000000000
70548  -39.185  3.510  -7.729 0.0000000000
70549  -39.616  3.591  -7.286 0.0000000000
71268  -41.067  4.332  0.224 0.0000000000
71269  -42.231  4.375  -0.197 0.0000000000
71277  -40.037  5.203  -0.413 0.0000000000
71278  -41.452  4.871  -0.600 0.0000000000
71279  -42.665  4.635  -0.992 0.0000000000
71280  -43.087  4.147  -0.516 0.0000000000
71289  -42.379  4.707  -1.497 0.0000000000
71290  -43.027  4.280  -1.003 0.0000000000
71299  -36.308  4.331  -3.307 0.0000000000
71300  -41.148  4.880  -3.100 0.0000000000
71301  -41.983  5.200  -2.266 0.0000000000
71307  -36.604  4.077  -4.104 0.0000000000
71308  -40.773  5.219  -3.855 0.0000000000
71313  -40.298  4.743  -4.540 0.0000000000
71318  -37.051  4.496  -5.567 0.0000000000
71319  -37.379  3.967  -6.483 0.0000000000
71320  -40.163  4.788  -5.163 0.0000000000
71327  -37.583  4.443  -7.278 0.0000000000
71328  -39.942  4.329  -6.023 0.0000000000
71332  -38.050  4.600  -8.159 0.0000000000
71333  -38.691  4.234  -8.110 0.0000000000
71334  -39.370  4.414  -7.852 0.0000000000
71335  -39.826  4.306  -7.067 0.0000000000
71336  -38.556  5.082  -8.543 0.0000000000
71337  -39.028  4.931  -8.476 0.0000000000
71946  -38.944  5.675  -0.339 0.0000000000
71947  -39.915  5.674  -0.917 0.0000000000
71948  -41.005  5.478  -1.172 0.0000000000
71949  -42.119  5.167  -1.514 0.0000000000
71961  -39.314  6.116  -1.130 0.0000000000
71962  -40.444  5.992  -1.540 0.0000000000
71972  -41.755  5.657  -2.406 0.0000000000
71976  -35.848  5.661  -3.066 0.0000000000
71977  -36.191  5.147  -3.550 0.0000000000
71978  -41.111  6.043  -3.978 0.0000000000
71979  -41.548  5.740  -3.064 0.0000000000
71984  -36.427  5.328  -4.257 0.0000000000
71985  -40.555  5.414  -4.630 0.0000000000
71990  -36.717  5.383  -5.073 0.0000000000
71991  -37.065  5.365  -5.904 0.0000000000
71992  -40.240  5.399  -5.592 0.0000000000
71998  -37.362  5.303  -6.777 0.0000000000
71999  -40.115  5.750  -6.504 0.0000000000
72003  -37.691  5.214  -7.801 0.0000000000
72004  -39.397  5.374  -8.305 0.0000000000
72005  -39.793  5.184  -7.434 0.0000000000
72006  -38.049  5.245  -8.491 0.0000000000
72007  -38.379  5.766  -8.902 0.0000000000
72008  -38.954  5.632  -8.899 0.0000000000
72589  -38.381  6.392  -0.598 0.0000000000
72600  -38.726  6.713  -1.435 0.0000000000
72601  -39.806  6.519  -1.863 0.0000000000
72602  -40.914  6.315  -2.235 0.0000000000
72603  -41.548  6.076  -2.478 0.0000000000
72610  -40.333  6.857  -2.642 0.0000000000
72611  -41.234  6.511  -2.883 0.0000000000
72612  -41.568  6.071  -2.799 0.0000000000
72616  -35.718  6.522  -3.322 0.0000000000
72617  -36.123  5.952  -3.806 0.0000000000
72618  -41.208  6.454  -3.482 0.0000000000
72623  -36.006  6.797  -4.084 0.0000000000
72624  -36.412  6.156  -4.593 0.0000000000
72625  -40.843  6.954  -4.848 0.0000000000
72631  -36.734  6.286  -5.554 0.0000000000
72632  -37.132  5.962  -6.325 0.0000000000
72633  -40.452  6.371  -5.635 0.0000000000
72637  -36.973  6.702  -6.487 0.0000000000
72638  -37.386  6.053  -7.176 0.0000000000
72639  -40.171  6.607  -6.499 0.0000000000
72642  -37.779  6.022  -8.371 0.0000000000
72643  -39.599  6.100  -8.244 0.0000000000
72644  -39.846  6.871  -7.402 0.0000000000
72646  -38.062  6.401  -9.386 0.0000000000
72647  -38.521  6.345  -9.322 0.0000000000
72648  -39.162  6.365  -9.010 0.0000000000
72649  -38.070  6.817  -9.948 0.0000000000
73229  -38.211  7.376  -1.745 0.0000000000
73230  -39.172  7.118  -2.287 0.0000000000
73238  -37.809  7.997  -2.122 0.0000000000
73239  -38.553  7.680  -2.511 0.0000000000
73240  -39.752  7.421  -3.007 0.0000000000
73241  -40.771  7.178  -3.509 0.0000000000
73247  -35.543  7.385  -3.573 0.0000000000
73248  -39.065  7.949  -3.236 0.0000000000
73249  -40.012  7.864  -3.697 0.0000000000
73250  -40.559  7.747  -4.225 0.0000000000
73254  -35.812  7.640  -4.372 0.0000000000
73255  -36.313  7.053  -4.900 0.0000000000
73256  -40.652  7.623  -4.828 0.0000000000
73261  -36.090  7.921  -5.202 0.0000000000
73262  -36.538  7.323  -5.811 0.0000000000
73266  -36.730  7.565  -6.800 0.0000000000
73267  -37.246  6.846  -7.527 0.0000000000
73268  -39.805  7.825  -6.818 0.0000000000
73273  -36.870  7.589  -7.932 0.0000000000
73274  -37.481  6.850  -8.748 0.0000000000
73275  -39.515  7.464  -7.912 0.0000000000
73277  -37.000  7.444  -9.212 0.0000000000
73278  -37.609  7.003  -9.820 0.0000000000
73279  -38.638  6.940  -9.598 0.0000000000
73280  -39.193  7.187  -8.904 0.0000000000
73281  -36.955  7.494  -10.087 0.0000000000
73282  -37.555  7.401  -10.141 0.0000000000
73283  -36.865  7.848  -10.323 0.0000000000
73880  -37.568  8.575  -2.483 0.0000000000
73881  -38.177  8.295  -2.893 0.0000000000
73885  -35.341  8.187  -3.868 0.0000000000
73886  -37.699  9.007  -3.230 0.0000000000
73887  -38.588  8.651  -3.695 0.0000000000
73888  -39.477  8.438  -4.009 0.0000000000
73889  -40.104  8.235  -4.289 0.0000000000
73893  -34.982  8.871  -4.186 0.0000000000
73894  -35.520  8.430  -4.690 0.0000000000
73895  -39.066  9.009  -4.476 0.0000000000
73896  -39.798  8.684  -4.703 0.0000000000
73897  -40.334  8.230  -4.806 0.0000000000
73902  -35.674  8.630  -5.572 0.0000000000
73903  -36.268  8.156  -6.133 0.0000000000
73904  -39.978  8.672  -5.388 0.0000000000
73905  -40.356  8.087  -5.443 0.0000000000
73910  -35.776  8.740  -6.488 0.0000000000
73911  -36.357  8.275  -7.158 0.0000000000
73912  -39.994  8.432  -6.032 0.0000000000
73913  -40.200  7.848  -6.058 0.0000000000
73920  -36.308  8.203  -8.518 0.0000000000
73921  -38.896  8.480  -8.072 0.0000000000
73922  -39.367  8.198  -7.448 0.0000000000
73930  -36.451  7.768  -9.726 0.0000000000
73931  -38.003  8.317  -9.911 0.0000000000
73932  -38.720  7.840  -9.297 0.0000000000
73933  -39.202  7.839  -8.413 0.0000000000
73939  -37.457  7.971  -10.320 0.0000000000
73940  -38.111  7.463  -10.088 0.0000000000
74541  -37.484  9.761  -3.760 0.0000000000
74542  -38.245  9.331  -4.151 0.0000000000
74547  -35.038  9.190  -5.107 0.0000000000
74549  -38.757  9.650  -4.924 0.0000000000
74556  -35.198  9.191  -6.068 0.0000000000
74557  -38.972  9.726  -5.687 0.0000000000
74558  -39.465  9.235  -5.226 0.0000000000
74570  -35.246  9.141  -6.852 0.0000000000
74571  -38.826  9.575  -6.468 0.0000000000
74572  -39.563  9.131  -6.049 0.0000000000
74586  -38.531  9.247  -7.478 0.0000000000
74587  -39.098  8.871  -6.961 0.0000000000
74597  -38.331  8.812  -8.742 0.0000000000
96755  -46.131  -35.117  7.657 0.0000000000
96818  -50.104  -33.795  9.120 0.0000000000
96864  -49.306  -35.530  6.249 0.0000000000
96975  -43.641  -34.639  7.334 0.0000000000
96985  -52.618  -33.190  8.615 0.0000000000
97083  -49.297  -33.590  9.356 0.0000000000
97268  -49.121  -32.795  9.475 0.0000000000
97297  -41.255  -15.734  1.900 0.0000000000
97356  -42.447  -52.139  2.810 0.0000000000
97362  -41.095  -25.139  1.801 0.0000000000
97498  -49.548  -2.645  2.552 0.0000000000
97501  -42.163  -13.739  2.296 0.0000000000
97522  -29.708  -45.464  1.963 0.0000000000
97564  -32.748  -48.177  -0.370 0.0000000000
97588  -46.106  -34.232  7.514 0.0000000000
97634  -40.660  -46.550  -0.492 0.0000000000
97702  -44.025  -23.992  2.434 0.0000000000
97714  -45.107  -22.386  1.454 0.0000000000
97773  -31.807  -46.188  -0.035 0.0000000000
97780  -49.500  -43.849  6.313 0.0000000000
97789  -49.253  -34.772  6.373 0.0000000000
97807  -48.944  -4.683  1.382 0.0000000000
97843  -48.444  -31.457  7.222 0.0000000000
97881  -41.422  -20.597  1.614 0.0000000000
97937  -40.449  -21.291  2.603 0.0000000000
97957  -48.554  -21.405  -1.456 0.0000000000
97993  -49.909  -32.965  9.305 0.0000000000
97995  -48.069  -35.110  9.491 0.0000000000
97996  -49.442  -35.384  9.187 0.0000000000
98024  -49.637  -45.097  8.596 0.0000000000
98035  -39.829  -43.283  4.879 0.0000000000
98037  -45.399  -24.827  7.332 0.0000000000
98047  -43.055  -19.836  1.607 0.0000000000
98054  -29.725  -46.306  1.270 0.0000000000
98086  -49.080  -31.900  9.558 0.0000000000
98090  -41.377  -43.514  4.179 0.0000000000
98255  -32.926  -48.930  1.122 0.0000000000
98270  -37.969  -42.246  3.168 0.0000000000
98285  -49.570  -44.236  4.772 0.0000000000
98335  -40.823  -14.805  2.725 0.0000000000
98339  -43.102  -43.525  4.092 0.0000000000
98363  -39.076  -42.974  1.672 0.0000000000
98381  -49.681  -42.967  4.660 0.0000000000
98415  -48.200  -46.590  9.093 0.0000000000
98442  -37.583  -51.966  6.633 0.0000000000
98444  -43.568  -50.179  2.369 0.0000000000
98455  -45.087  -33.880  7.542 0.0000000000
98530  -44.630  -48.382  1.593 0.0000000000
98547  -44.821  -7.951  3.430 0.0000000000
98575  -44.377  -31.737  6.217 0.0000000000
98596  -40.970  -17.905  3.810 0.0000000000
98688  -42.488  -32.146  4.095 0.0000000000
98717  -41.993  -50.375  0.413 0.0000000000
98915  -43.905  -20.168  1.571 0.0000000000
98918  -40.505  -19.906  2.200 0.0000000000
98951  -50.798  -40.755  8.662 0.0000000000
98973  -34.207  -51.543  1.964 0.0000000000
99067  -40.455  -3.299  -5.128 0.0000000000
99102  -41.223  -43.410  4.961 0.0000000000
99112  -45.101  -8.745  3.692 0.0000000000
99133  -40.461  -21.161  3.467 0.0000000000
99150  -44.014  -20.874  1.602 0.0000000000
99198  -46.027  -8.890  3.727 0.0000000000
99232  -40.726  6.171  -4.790 0.0000000000
99284  -43.791  -3.151  1.585 0.0000000000
99404  -42.466  -43.357  5.354 0.0000000000
99463  -40.083  -62.413  8.400 0.0000000000
99498  -51.174  -25.025  5.783 0.0000000000
99603  -41.441  -2.868  -2.074 0.0000000000
99660  -51.578  -33.024  6.278 0.0000000000
99661  -51.498  -26.707  7.413 0.0000000000
99713  -47.702  -21.696  1.244 0.0000000000
99772  -40.976  -13.122  3.626 0.0000000000
99869  -43.119  -36.070  7.388 0.0000000000
99873  -45.512  -46.102  11.311 0.0000000000
99877  -32.395  -50.685  0.188 0.0000000000
99883  -45.610  -21.272  3.842 0.0000000000
99894  -45.931  -21.458  0.509 0.0000000000
99902  -46.618  -29.652  6.610 0.0000000000
100011  -49.845  -33.386  6.500 0.0000000000
100090  -47.460  -28.562  6.296 0.0000000000
100091  -39.702  -51.050  4.320 0.0000000000
100095  -47.058  -0.477  2.995 0.0000000000
100096  -48.148  -19.325  0.573 0.0000000000
100106  -48.084  -46.780  7.998 0.0000000000
100112  -51.567  -12.809  1.231 0.0000000000
100149  -37.369  1.788  -4.492 0.0000000000
100257  -49.820  -41.248  2.609 0.0000000000
100354  -38.599  -2.963  -4.832 0.0000000000
100417  -28.528  -51.974  1.283 0.0000000000
100508  -51.078  -25.458  6.014 0.0000000000
100538  -41.900  -51.587  5.628 0.0000000000
100569  -47.669  -25.150  1.869 0.0000000000
100587  -48.409  -17.133  -1.151 0.0000000000
100615  -48.998  -42.426  2.285 0.0000000000
100638  -40.560  -53.098  2.853 0.0000000000
100649  -41.129  -24.143  1.831 0.0000000000
100667  -35.673  8.758  -7.487 0.0000000000
100722  -52.590  -29.257  9.002 0.0000000000
100815  -44.909  -32.434  3.738 0.0000000000
100840  -43.812  -43.509  3.841 0.0000000000
100893  -42.059  -20.042  1.523 0.0000000000
100936  -35.107  -52.624  -0.114 0.0000000000
100986  -41.380  -2.466  -1.285 0.0000000000
101118  -38.830  -45.794  0.790 0.0000000000
101124  -48.312  -46.265  3.035 0.0000000000
101247  -34.303  -55.271  8.692 0.0000000000
101251  -50.389  -30.752  7.237 0.0000000000
101281  -51.919  -34.035  8.645 0.0000000000
101293  -46.134  0.373  2.809 0.0000000000
101299  -47.650  -21.866  -0.950 0.0000000000
101305  -51.230  -7.126  1.655 0.0000000000
101414  -40.788  -52.009  1.950 0.0000000000
101465  -35.399  -56.233  7.348 0.0000000000
101488  -37.991  3.844  -7.798 0.0000000000
101502  -37.222  -41.396  2.554 0.0000000000
101505  -43.738  -10.111  3.507 0.0000000000
101567  -40.908  -14.906  2.092 0.0000000000
101582  -36.879  -59.834  6.057 0.0000000000
101651  -43.509  -36.352  2.878 0.0000000000
101693  -42.630  -16.136  2.164 0.0000000000
101790  -48.220  -1.190  4.083 0.0000000000
101801  -42.596  -25.661  2.427 0.0000000000
101915  -51.156  -41.086  9.672 0.0000000000
102013  -46.940  -9.043  3.562 0.0000000000
102021  -44.129  -22.045  1.834 0.0000000000
102095  -40.950  7.126  -4.192 0.0000000000
102108  -42.774  -29.779  2.393 0.0000000000
102153  -50.808  -38.743  2.789 0.0000000000
102181  -38.444  -52.248  5.694 0.0000000000
102203  -36.816  -55.529  6.317 0.0000000000
102270  -33.036  -49.151  -0.410 0.0000000000
102314  -40.639  -1.311  -2.270 0.0000000000
102332  -51.215  -25.541  4.775 0.0000000000
102349  -51.718  -39.063  8.809 0.0000000000
102358  -52.743  -10.728  2.859 0.0000000000
102388  -42.274  -3.749  -0.648 0.0000000000
102424  -47.588  -33.733  7.173 0.0000000000
102516  -42.760  -51.243  4.567 0.0000000000
102629  -44.574  0.868  1.513 0.0000000000
102760  -40.224  -43.538  2.465 0.0000000000
102763  -28.833  -50.745  0.899 0.0000000000
102765  -46.495  -45.717  0.524 0.0000000000
102799  -42.832  -27.095  2.446 0.0000000000
102830  -38.982  2.761  -7.630 0.0000000000
102851  -35.995  -58.311  6.534 0.0000000000
102859  -39.905  6.009  -7.371 0.0000000000
102956  -33.445  -51.760  -0.277 0.0000000000
102961  -49.572  -1.619  4.002 0.0000000000
103030  -38.426  -1.221  -3.451 0.0000000000
103037  -39.879  3.208  -4.026 0.0000000000
103094  -29.270  -53.451  1.730 0.0000000000
103149  -49.190  -46.185  7.390 0.0000000000
103167  -44.880  -31.685  4.305 0.0000000000
103235  -48.755  -31.063  9.570 0.0000000000
103238  -43.125  -43.643  3.172 0.0000000000
103239  -42.123  -43.700  2.954 0.0000000000
103240  -41.225  -43.709  2.751 0.0000000000
103262  -40.456  -5.733  -0.606 0.0000000000
103321  -49.573  -31.114  9.519 0.0000000000
103338  -49.484  -5.273  1.427 0.0000000000
103386  -37.413  2.408  -5.871 0.0000000000
103542  -31.892  -44.170  1.426 0.0000000000
103620  -47.378  -41.640  2.619 0.0000000000
103718  -49.472  -43.186  6.249 0.0000000000
103750  -49.578  -27.436  8.829 0.0000000000
103771  -43.366  -21.432  1.796 0.0000000000
103786  -40.062  1.457  -5.432 0.0000000000
103888  -39.182  -60.352  8.027 0.0000000000
103896  -45.027  -43.160  1.072 0.0000000000
104008  -33.844  -50.160  1.124 0.0000000000
104090  -43.343  -45.652  -0.476 0.0000000000
104254  -41.666  5.795  -1.967 0.0000000000
104256  -42.298  -53.128  3.630 0.0000000000
104275  -46.784  -20.881  -0.782 0.0000000000
104306  -46.844  -18.252  -0.561 0.0000000000
104411  -49.907  -27.271  3.355 0.0000000000
104419  -53.846  -31.552  8.375 0.0000000000
104444  -42.241  -51.900  2.099 0.0000000000
104457  -40.786  -1.893  -3.738 0.0000000000
104489  -39.695  -36.240  1.774 0.0000000000
104491  -50.627  -3.088  2.611 0.0000000000
104612  -47.083  -36.129  7.436 0.0000000000
104655  -40.254  -8.293  -1.288 0.0000000000
104672  -37.603  -60.942  8.404 0.0000000000
104681  -48.659  -36.645  6.509 0.0000000000
104704  -40.012  -8.058  -1.242 0.0000000000
104814  -49.407  -45.346  4.430 0.0000000000
104840  -39.830  3.188  -4.927 0.0000000000
104856  -37.703  -51.100  6.607 0.0000000000
104857  -38.594  -1.590  -5.706 0.0000000000
104878  -50.033  -37.531  9.238 0.0000000000
104892  -42.757  -10.373  3.011 0.0000000000
104902  -40.483  -10.506  1.297 0.0000000000
104906  -39.832  3.656  -6.683 0.0000000000
104975  -40.316  -62.478  9.001 0.0000000000
105056  -37.292  4.721  -6.368 0.0000000000
105074  -39.749  -50.388  4.164 0.0000000000
105193  -39.497  6.773  -8.384 0.0000000000
105255  -47.087  -31.106  1.745 0.0000000000
105256  -39.613  0.738  -6.620 0.0000000000
105308  -44.481  -19.102  1.423 0.0000000000
105378  -46.568  -45.579  6.953 0.0000000000
105545  -42.634  -33.759  2.379 0.0000000000
105549  -48.313  -27.410  3.096 0.0000000000
105660  -50.351  -39.362  2.536 0.0000000000
105698  -41.012  -10.920  3.323 0.0000000000
105759  -45.371  -11.105  3.608 0.0000000000
105803  -40.189  -8.089  -0.260 0.0000000000
105816  -36.533  -59.884  7.552 0.0000000000
105894  -40.330  0.224  -4.572 0.0000000000
106005  -40.065  0.898  -2.427 0.0000000000
106023  -30.612  -55.052  1.687 0.0000000000
106064  -44.594  -11.383  3.571 0.0000000000
106069  -40.167  0.642  -3.533 0.0000000000
106091  -32.759  -55.254  9.836 0.0000000000
106126  -41.856  -27.317  2.003 0.0000000000
106150  -46.334  -21.420  2.914 0.0000000000
106192  -31.527  -42.326  1.252 0.0000000000
106270  -37.632  3.657  -7.203 0.0000000000
106382  -40.469  7.298  -5.668 0.0000000000
106426  -46.775  -31.756  2.277 0.0000000000
106491  -51.478  -25.825  7.538 0.0000000000
106538  -52.232  -15.332  3.621 0.0000000000
106640  -33.072  -48.094  -0.229 0.0000000000
106690  -49.790  -41.238  6.971 0.0000000000
106698  -51.857  -9.942  3.511 0.0000000000
106718  -52.827  -15.050  3.204 0.0000000000
106723  -46.270  -45.976  3.182 0.0000000000
106767  -40.430  -0.615  -2.597 0.0000000000
106821  -48.287  -26.518  2.819 0.0000000000
106826  -47.842  -37.740  7.049 0.0000000000
106860  -42.509  -36.601  6.022 0.0000000000
106863  -40.112  -0.938  -5.754 0.0000000000
107005  -34.651  -39.661  2.296 0.0000000000
107037  -50.369  -12.510  1.182 0.0000000000
107056  -39.971  1.645  -6.145 0.0000000000
107062  -39.969  4.974  -6.539 0.0000000000
107099  -40.620  -6.279  0.128 0.0000000000
107139  -29.238  -54.904  2.113 0.0000000000
107248  -42.118  5.339  -1.969 0.0000000000
107259  -50.379  -8.794  2.267 0.0000000000
107344  -51.545  -26.535  8.582 0.0000000000
107378  -36.674  4.641  -4.629 0.0000000000
107407  -41.505  -25.918  1.933 0.0000000000
107481  -51.467  -5.781  3.644 0.0000000000
107485  -49.979  -36.840  5.316 0.0000000000
107550  -47.614  -30.671  2.109 0.0000000000
107597  -39.058  -56.232  4.312 0.0000000000
107685  -35.192  -57.926  9.605 0.0000000000
107703  -36.374  -59.122  8.847 0.0000000000
107715  -40.497  -4.539  -0.383 0.0000000000
107720  -43.249  -35.242  7.199 0.0000000000
107733  -49.191  -9.920  2.549 0.0000000000
107875  -52.532  -27.550  8.847 0.0000000000
107879  -50.163  -9.984  2.216 0.0000000000
107883  -44.037  -3.937  1.140 0.0000000000
107884  -39.433  -55.367  4.136 0.0000000000
108018  -50.187  -41.266  10.988 0.0000000000
108071  -39.755  -49.291  3.728 0.0000000000
108184  -48.293  -40.627  1.945 0.0000000000
108202  -51.220  -9.942  1.676 0.0000000000
108286  -44.348  -0.378  2.130 0.0000000000
108329  -39.569  8.523  -6.616 0.0000000000
108345  -52.807  -10.896  2.189 0.0000000000
108469  -46.222  -42.652  1.288 0.0000000000
108473  -42.100  -50.052  5.401 0.0000000000
108492  -39.012  -62.199  8.308 0.0000000000
108534  -42.401  -43.161  6.069 0.0000000000
108613  -44.884  -43.425  2.628 0.0000000000
108628  -36.539  -59.638  8.291 0.0000000000
108637  -43.317  -49.086  3.374 0.0000000000
108656  -42.668  2.847  -0.735 0.0000000000
108686  -39.753  1.520  -6.716 0.0000000000
108700  -30.294  -53.729  1.792 0.0000000000
108755  -49.121  -17.302  -1.313 0.0000000000
108852  -40.010  -56.247  3.602 0.0000000000
108900  -42.422  -1.156  1.469 0.0000000000
108950  -36.571  -53.934  7.175 0.0000000000
108978  -37.607  0.949  -4.996 0.0000000000
109087  -39.801  -54.548  3.824 0.0000000000
109090  -49.758  -1.807  3.084 0.0000000000
109213  -45.615  -46.300  10.536 0.0000000000
109333  -51.078  -29.683  9.312 0.0000000000
109487  -41.164  -43.283  5.625 0.0000000000
109603  -50.395  -29.020  9.269 0.0000000000
109605  -41.329  -7.704  3.102 0.0000000000
109736  -40.205  -36.642  1.529 0.0000000000
109748  -46.510  -32.958  7.374 0.0000000000
109757  -51.381  -38.908  6.954 0.0000000000
109761  -50.080  -34.289  6.175 0.0000000000
109762  -46.724  -0.765  4.008 0.0000000000
109840  -51.598  -29.765  7.435 0.0000000000
109906  -50.011  -41.881  4.431 0.0000000000
109909  -44.706  -43.496  0.727 0.0000000000
109991  -50.944  -41.510  10.511 0.0000000000
110008  -45.288  -27.137  3.308 0.0000000000
110031  -50.550  -39.972  6.042 0.0000000000
110075  -49.890  -28.268  9.101 0.0000000000
110162  -53.473  -28.828  8.458 0.0000000000
110163  -45.271  -32.041  7.042 0.0000000000
110188  -47.053  -34.345  7.346 0.0000000000
110209  -41.659  -28.249  4.507 0.0000000000
110228  -42.661  -51.344  2.010 0.0000000000
110261  -53.574  -32.444  8.403 0.0000000000
110319  -38.957  -4.140  -5.034 0.0000000000
110395  -41.900  -15.303  2.071 0.0000000000
110492  -41.832  -10.736  2.162 0.0000000000
110521  -39.566  -43.298  3.407 0.0000000000
110544  -52.378  -12.880  1.500 0.0000000000
110559  -49.380  -39.060  3.002 0.0000000000
110633  -38.355  -1.146  -5.576 0.0000000000
110830  -53.290  -34.765  8.275 0.0000000000
110842  -49.741  -36.116  9.098 0.0000000000
110898  -47.945  -46.235  4.346 0.0000000000
110974  -45.369  -37.102  8.330 0.0000000000
110987  -39.107  7.525  -2.749 0.0000000000
111053  -47.591  -23.319  3.273 0.0000000000
111066  -48.796  -34.120  9.406 0.0000000000
111183  -42.888  -36.099  5.385 0.0000000000
111184  -48.286  -22.880  0.682 0.0000000000
111256  -40.523  -6.999  -2.969 0.0000000000
111277  -48.250  -28.257  6.517 0.0000000000
111278  -38.711  0.761  -6.973 0.0000000000
111314  -45.845  -45.670  0.218 0.0000000000
111322  -31.630  -48.079  -0.263 0.0000000000
111438  -41.463  -58.272  4.168 0.0000000000
111473  -41.046  6.635  -4.216 0.0000000000
111519  -42.982  -48.877  3.864 0.0000000000
111547  -39.582  -62.384  8.083 0.0000000000
111683  -40.479  -22.101  2.319 0.0000000000
111735  -41.214  -10.197  1.229 0.0000000000
111783  -42.530  -1.894  1.448 0.0000000000
111821  -50.281  -27.476  7.043 0.0000000000
111864  -39.051  -42.950  0.501 0.0000000000
112013  -47.741  -20.509  0.855 0.0000000000
112067  -40.118  7.308  -6.471 0.0000000000
112084  -40.510  3.443  -2.537 0.0000000000
112099  -44.583  -12.358  3.367 0.0000000000
112161  -45.002  -23.758  6.797 0.0000000000
112180  -43.369  -8.927  3.136 0.0000000000
112272  -47.134  -29.146  6.612 0.0000000000
112276  -52.107  -6.306  3.218 0.0000000000
112322  -42.948  -44.823  -0.391 0.0000000000
112324  -38.066  -42.097  1.153 0.0000000000
112338  -47.915  -39.894  6.412 0.0000000000
112352  -52.594  -33.828  5.872 0.0000000000
112371  -39.698  5.655  -7.886 0.0000000000
112455  -40.209  -47.793  0.837 0.0000000000
112463  -44.135  -49.242  0.508 0.0000000000
112587  -38.803  -50.751  5.392 0.0000000000
112662  -51.574  -33.428  8.775 0.0000000000
112712  -45.834  -47.607  0.453 0.0000000000
112731  -51.904  -10.598  1.519 0.0000000000
112759  -41.165  -50.234  0.594 0.0000000000
112848  -47.934  -35.991  6.982 0.0000000000
112881  -44.728  -14.807  2.573 0.0000000000
112955  -44.253  -37.516  8.430 0.0000000000
112990  -32.972  -55.836  9.547 0.0000000000
113041  -53.858  -30.947  7.213 0.0000000000
113049  -49.949  -6.593  1.934 0.0000000000
113061  -51.990  -31.421  6.793 0.0000000000
113091  -52.768  -30.059  7.394 0.0000000000
113119  -48.454  -4.124  1.574 0.0000000000
113129  -41.566  -0.271  0.628 0.0000000000
113170  -40.730  -3.931  -4.746 0.0000000000
113217  -45.832  -19.786  3.035 0.0000000000
113234  -45.149  -35.445  7.951 0.0000000000
113367  -32.634  -47.550  -0.184 0.0000000000
113405  -36.438  4.701  -3.957 0.0000000000
113406  -37.740  0.920  -5.740 0.0000000000
113495  -41.210  -2.493  -2.752 0.0000000000
113549  -42.327  -35.321  1.073 0.0000000000
113643  -46.490  -36.267  7.709 0.0000000000
113785  -47.916  -30.352  2.408 0.0000000000
113825  -40.205  -7.138  -0.831 0.0000000000
113875  -48.177  -40.894  1.755 0.0000000000
113893  -45.557  -42.991  1.712 0.0000000000
113985  -46.725  -27.551  3.283 0.0000000000
114127  -41.978  -7.038  -1.543 0.0000000000
114151  -41.691  -3.786  -2.235 0.0000000000
114193  -49.559  -10.498  2.311 0.0000000000
114222  -53.057  -36.545  8.009 0.0000000000
114259  -47.470  -8.490  3.430 0.0000000000
114322  -45.288  -6.671  2.705 0.0000000000
114343  -47.056  -27.359  8.437 0.0000000000
114377  -36.828  3.445  -4.329 0.0000000000
114387  -48.498  -46.600  8.520 0.0000000000
114450  -42.918  -35.263  6.090 0.0000000000
114587  -51.286  -37.467  3.274 0.0000000000
114651  -39.507  -4.234  -5.301 0.0000000000
114694  -46.138  -22.386  4.032 0.0000000000
114821  -43.397  -25.477  2.673 0.0000000000
114828  -41.631  0.498  0.393 0.0000000000
114893  -40.161  -9.206  -0.545 0.0000000000
114942  -46.341  -47.039  0.503 0.0000000000
114970  -42.184  -28.268  2.231 0.0000000000
114985  -46.554  -44.934  0.694 0.0000000000
115031  -40.524  -12.542  1.878 0.0000000000
115070  -50.739  -37.335  9.044 0.0000000000
115229  -40.593  1.839  -1.269 0.0000000000
115238  -47.874  -35.244  6.996 0.0000000000
115325  -50.905  -39.529  3.002 0.0000000000
115350  -49.956  -5.188  1.398 0.0000000000
115357  -47.134  -25.510  2.364 0.0000000000
115390  -49.132  -36.096  9.265 0.0000000000
115458  -51.502  -38.684  5.273 0.0000000000
115560  -46.640  -34.730  7.472 0.0000000000
115564  -40.812  -23.878  1.851 0.0000000000
115568  -42.942  -50.909  4.231 0.0000000000
115606  -48.129  -22.892  0.315 0.0000000000
115647  -48.377  -41.590  1.750 0.0000000000
115668  -42.041  -54.473  4.622 0.0000000000
115692  -42.786  -43.265  5.697 0.0000000000
115700  -33.849  -50.139  -0.396 0.0000000000
115707  -46.081  -37.249  8.131 0.0000000000
115778  -43.078  -47.673  -0.392 0.0000000000
115831  -47.479  -24.852  7.190 0.0000000000
115848  -47.118  -42.304  3.452 0.0000000000
115990  -30.921  -48.828  0.210 0.0000000000
116006  -30.446  -51.206  1.053 0.0000000000
116085  -35.152  -55.847  7.711 0.0000000000
116124  -46.333  -46.447  0.396 0.0000000000
116128  -51.913  -27.713  9.130 0.0000000000
116144  -46.942  -21.538  2.234 0.0000000000
116153  -49.725  -2.700  4.516 0.0000000000
116202  -41.258  -6.610  2.344 0.0000000000
116209  -38.822  -2.781  -5.522 0.0000000000
116227  -42.224  4.772  -1.930 0.0000000000
116253  -37.423  -53.730  6.367 0.0000000000
116269  -42.173  -29.824  4.805 0.0000000000
116280  -47.653  -26.310  8.161 0.0000000000
116394  -48.995  -46.410  8.118 0.0000000000
116432  -46.629  -39.799  7.560 0.0000000000
116478  -51.175  -41.308  10.125 0.0000000000
116483  -53.405  -29.379  8.630 0.0000000000
116553  -41.547  -50.779  0.733 0.0000000000
116646  -51.588  -5.059  2.389 0.0000000000
116679  -38.299  2.779  -7.557 0.0000000000
116706  -46.265  -45.507  4.529 0.0000000000
116725  -41.117  -59.522  3.776 0.0000000000
116749  -47.440  -37.223  7.324 0.0000000000
116834  -44.754  -39.851  8.542 0.0000000000
116883  -48.135  -46.270  2.345 0.0000000000
116888  -51.961  -27.053  9.039 0.0000000000
116892  -39.776  -43.357  4.275 0.0000000000
116997  -40.676  -22.173  1.961 0.0000000000
117028  -47.249  -41.719  1.634 0.0000000000
117069  -39.279  5.850  -8.703 0.0000000000
117213  -40.393  -17.963  1.973 0.0000000000
