#!ascii label , from subject sub-04 vox2ras=TkReg lh ROI=FG coords=white drawn-with=delineation-helper-0.1.0
2910
12236  -30.614  -70.046  -3.231 0.0000000000
12885  -30.121  -68.234  4.093 0.0000000000
12897  -30.473  -68.453  3.452 0.0000000000
12898  -31.104  -68.351  2.847 0.0000000000
13583  -29.996  -67.658  4.475 0.0000000000
13592  -30.589  -67.633  3.856 0.0000000000
13593  -31.232  -67.739  3.264 0.0000000000
13594  -32.087  -67.192  3.054 0.0000000000
13605  -31.898  -67.950  2.596 0.0000000000
13606  -33.046  -67.494  2.334 0.0000000000
13607  -34.246  -67.352  1.760 0.0000000000
13615  -17.618  -67.513  1.450 0.0000000000
13616  -18.578  -67.839  1.419 0.0000000000
13617  -19.424  -67.900  1.269 0.0000000000
13618  -20.054  -67.813  1.353 0.0000000000
13629  -16.955  -66.975  1.103 0.0000000000
13630  -17.772  -67.178  0.510 0.0000000000
13631  -18.611  -67.085  0.032 0.0000000000
13632  -19.423  -67.422  0.698 0.0000000000
13633  -19.890  -67.152  0.896 0.0000000000
13648  -19.102  -66.569  -0.450 0.0000000000
14311  -29.728  -66.971  4.853 0.0000000000
14312  -30.478  -66.876  4.207 0.0000000000
14313  -31.168  -66.025  3.921 0.0000000000
14320  -16.081  -66.194  2.355 0.0000000000
14323  -31.279  -66.939  3.614 0.0000000000
14324  -32.256  -66.307  3.339 0.0000000000
14325  -33.271  -66.254  2.887 0.0000000000
14326  -34.431  -65.942  2.542 0.0000000000
14332  -15.889  -66.103  1.866 0.0000000000
14333  -16.300  -66.709  2.278 0.0000000000
14337  -33.820  -66.790  2.455 0.0000000000
14338  -34.896  -66.770  1.913 0.0000000000
14339  -35.456  -66.187  1.816 0.0000000000
14343  -15.847  -65.891  1.215 0.0000000000
14344  -16.293  -66.581  1.598 0.0000000000
14345  -20.526  -67.088  1.493 0.0000000000
14361  -16.063  -65.601  0.471 0.0000000000
14362  -16.463  -66.310  0.770 0.0000000000
14363  -17.935  -66.751  -0.132 0.0000000000
14364  -19.532  -66.671  0.152 0.0000000000
14365  -20.086  -66.336  0.973 0.0000000000
14379  -16.754  -65.924  -0.017 0.0000000000
14380  -17.585  -66.144  -0.419 0.0000000000
14381  -18.474  -66.379  -0.576 0.0000000000
15071  -29.838  -65.552  4.725 0.0000000000
15072  -30.575  -65.342  4.314 0.0000000000
15073  -31.324  -65.199  3.924 0.0000000000
15082  -16.323  -65.518  2.706 0.0000000000
15085  -32.031  -65.448  3.584 0.0000000000
15086  -33.050  -65.620  3.166 0.0000000000
15089  -15.702  -65.565  1.999 0.0000000000
15090  -15.857  -64.862  2.245 0.0000000000
15091  -21.987  -65.291  2.470 0.0000000000
15098  -35.603  -65.526  2.005 0.0000000000
15099  -35.872  -65.046  1.435 0.0000000000
15104  -15.516  -65.355  1.407 0.0000000000
15105  -20.434  -65.458  1.085 0.0000000000
15106  -21.115  -65.409  1.925 0.0000000000
15117  -35.782  -65.826  1.382 0.0000000000
15119  -15.438  -65.175  0.811 0.0000000000
15120  -19.439  -65.894  -0.573 0.0000000000
15121  -19.940  -65.719  0.110 0.0000000000
15126  -15.730  -64.906  0.196 0.0000000000
15127  -16.375  -65.293  -0.085 0.0000000000
15128  -17.098  -65.405  -0.437 0.0000000000
15129  -18.166  -65.520  -0.813 0.0000000000
15130  -19.368  -65.308  -0.840 0.0000000000
15131  -19.826  -65.064  -0.642 0.0000000000
15770  -29.924  -64.698  4.644 0.0000000000
15774  -16.532  -64.384  2.755 0.0000000000
15775  -17.063  -64.950  3.321 0.0000000000
15776  -23.791  -63.807  3.226 0.0000000000
15780  -31.797  -64.762  3.730 0.0000000000
15781  -32.617  -64.808  3.419 0.0000000000
15782  -33.735  -64.970  2.975 0.0000000000
15785  -15.245  -64.684  1.610 0.0000000000
15786  -15.724  -63.949  2.303 0.0000000000
15787  -21.538  -64.537  1.966 0.0000000000
15788  -22.278  -64.353  2.465 0.0000000000
15789  -23.007  -64.062  2.893 0.0000000000
15795  -34.831  -65.089  2.498 0.0000000000
15796  -35.576  -64.690  2.065 0.0000000000
15797  -35.942  -64.139  1.356 0.0000000000
15798  -14.601  -64.041  1.205 0.0000000000
15799  -14.981  -64.641  1.004 0.0000000000
15800  -20.880  -64.632  1.088 0.0000000000
15806  -35.813  -65.274  1.208 0.0000000000
15807  -14.601  -63.967  0.797 0.0000000000
15808  -15.111  -64.445  0.556 0.0000000000
15809  -20.374  -64.817  -0.045 0.0000000000
15810  -20.947  -63.961  -0.185 0.0000000000
15814  -35.831  -64.460  0.921 0.0000000000
15815  -36.120  -63.810  1.023 0.0000000000
15816  -14.873  -63.816  0.385 0.0000000000
15817  -15.480  -64.206  0.109 0.0000000000
15818  -16.361  -64.678  -0.232 0.0000000000
15819  -17.415  -64.809  -0.612 0.0000000000
15820  -18.315  -64.775  -0.792 0.0000000000
15821  -19.582  -64.598  -0.800 0.0000000000
15822  -20.342  -64.043  -0.699 0.0000000000
15823  -21.026  -63.325  -0.619 0.0000000000
16506  -17.883  -63.378  4.151 0.0000000000
16508  -29.614  -63.785  4.775 0.0000000000
16509  -30.386  -63.898  4.425 0.0000000000
16510  -31.079  -63.470  4.082 0.0000000000
16515  -14.941  -63.263  2.296 0.0000000000
16516  -16.457  -63.581  2.914 0.0000000000
16517  -17.208  -63.737  3.389 0.0000000000
16518  -24.588  -63.599  3.373 0.0000000000
16519  -25.394  -63.306  3.405 0.0000000000
16520  -32.011  -63.966  3.660 0.0000000000
16521  -33.136  -64.133  3.199 0.0000000000
16522  -14.398  -63.377  1.625 0.0000000000
16523  -14.899  -63.902  1.768 0.0000000000
16524  -22.545  -63.544  2.159 0.0000000000
16525  -23.330  -63.256  2.606 0.0000000000
16526  -24.099  -63.017  3.044 0.0000000000
16530  -34.235  -63.349  2.579 0.0000000000
16531  -35.314  -63.795  2.124 0.0000000000
16532  -14.213  -63.428  1.058 0.0000000000
16533  -21.445  -63.896  0.979 0.0000000000
16534  -22.162  -63.231  0.892 0.0000000000
16535  -23.031  -62.751  1.388 0.0000000000
16538  -30.497  -63.350  0.974 0.0000000000
16540  -35.735  -63.355  1.542 0.0000000000
16541  -36.116  -63.241  1.054 0.0000000000
16542  -14.413  -63.338  0.688 0.0000000000
16543  -14.840  -63.251  0.317 0.0000000000
16544  -15.620  -63.251  0.121 0.0000000000
16545  -17.211  -63.604  -0.038 0.0000000000
16546  -18.250  -63.645  -0.135 0.0000000000
16547  -19.394  -63.436  -0.433 0.0000000000
16548  -21.559  -63.261  -0.198 0.0000000000
16549  -22.082  -62.597  -0.335 0.0000000000
16550  -31.028  -63.093  0.626 0.0000000000
16551  -31.744  -63.217  0.516 0.0000000000
16552  -32.720  -63.349  0.454 0.0000000000
16553  -34.771  -63.829  0.558 0.0000000000
16554  -35.777  -63.388  0.679 0.0000000000
16555  -36.075  -62.916  0.793 0.0000000000
16556  -15.891  -63.952  -0.118 0.0000000000
16557  -16.815  -64.154  -0.332 0.0000000000
16558  -17.840  -64.211  -0.462 0.0000000000
16559  -18.966  -64.236  -0.733 0.0000000000
16560  -19.980  -63.712  -0.783 0.0000000000
16561  -20.772  -63.125  -0.703 0.0000000000
16562  -21.462  -62.505  -0.603 0.0000000000
16563  -22.009  -62.092  -0.712 0.0000000000
17250  -17.847  -62.100  6.688 0.0000000000
17267  -16.832  -62.098  5.116 0.0000000000
17268  -17.621  -62.379  5.264 0.0000000000
17269  -18.368  -62.930  4.973 0.0000000000
17277  -15.992  -61.764  4.802 0.0000000000
17278  -17.493  -62.640  4.555 0.0000000000
17280  -30.275  -63.121  4.487 0.0000000000
17281  -30.948  -62.502  4.166 0.0000000000
17286  -13.724  -62.201  1.964 0.0000000000
17287  -14.215  -62.728  2.180 0.0000000000
17288  -15.683  -62.242  3.776 0.0000000000
17289  -16.581  -62.929  3.455 0.0000000000
17290  -17.249  -62.940  3.883 0.0000000000
17291  -24.798  -62.874  3.223 0.0000000000
17292  -25.510  -62.334  2.938 0.0000000000
17293  -26.251  -62.956  3.321 0.0000000000
17294  -31.765  -62.898  3.702 0.0000000000
17295  -32.406  -62.401  3.323 0.0000000000
17296  -33.309  -62.828  2.874 0.0000000000
17298  -13.944  -62.817  1.476 0.0000000000
17299  -18.901  -62.132  2.167 0.0000000000
17300  -19.627  -62.290  2.008 0.0000000000
17301  -23.823  -62.564  2.142 0.0000000000
17302  -24.618  -62.393  2.570 0.0000000000
17303  -27.768  -62.255  2.244 0.0000000000
17304  -28.559  -62.912  2.033 0.0000000000
17305  -32.901  -62.071  2.883 0.0000000000
17306  -33.789  -62.163  2.462 0.0000000000
17307  -34.885  -62.861  2.133 0.0000000000
17308  -13.681  -62.267  1.310 0.0000000000
17309  -13.940  -62.820  0.948 0.0000000000
17310  -15.938  -62.404  0.414 0.0000000000
17311  -16.940  -62.228  0.965 0.0000000000
17312  -19.115  -62.680  1.336 0.0000000000
17313  -20.028  -62.466  1.082 0.0000000000
17314  -22.636  -62.549  0.196 0.0000000000
17315  -23.248  -61.996  0.094 0.0000000000
17316  -24.408  -61.995  1.473 0.0000000000
17317  -28.478  -62.003  1.564 0.0000000000
17318  -29.293  -62.678  1.373 0.0000000000
17319  -29.786  -62.199  0.686 0.0000000000
17320  -30.491  -62.617  0.589 0.0000000000
17321  -35.762  -62.454  1.335 0.0000000000
17322  -36.077  -62.362  0.710 0.0000000000
17323  -13.847  -62.249  0.870 0.0000000000
17324  -14.322  -62.597  0.608 0.0000000000
17325  -15.051  -62.567  0.336 0.0000000000
17326  -17.560  -63.006  0.563 0.0000000000
17327  -18.601  -63.127  0.516 0.0000000000
17328  -19.688  -62.789  0.004 0.0000000000
17329  -20.719  -62.260  -0.328 0.0000000000
17330  -22.524  -62.038  -0.451 0.0000000000
17331  -23.016  -61.532  -0.375 0.0000000000
17332  -30.381  -61.784  0.071 0.0000000000
17333  -31.255  -62.403  0.163 0.0000000000
17334  -32.259  -62.583  0.071 0.0000000000
17335  -33.326  -62.717  0.090 0.0000000000
17336  -34.669  -62.897  0.209 0.0000000000
17337  -35.749  -62.552  0.357 0.0000000000
17338  -36.065  -62.243  0.437 0.0000000000
17339  -21.006  -62.518  -0.640 0.0000000000
17340  -21.845  -61.937  -0.702 0.0000000000
17341  -22.277  -61.614  -0.545 0.0000000000
17342  -31.128  -61.673  -0.271 0.0000000000
17343  -31.890  -61.857  -0.325 0.0000000000
17344  -32.884  -62.002  -0.342 0.0000000000
17345  -34.073  -62.136  -0.268 0.0000000000
17346  -35.168  -62.210  -0.090 0.0000000000
18049  -16.909  -60.762  8.197 0.0000000000
18050  -17.194  -61.065  9.066 0.0000000000
18066  -16.783  -61.124  7.607 0.0000000000
18067  -17.517  -61.707  7.510 0.0000000000
18081  -16.033  -60.959  6.215 0.0000000000
18082  -16.374  -60.982  6.939 0.0000000000
18083  -17.141  -61.939  6.012 0.0000000000
18092  -15.586  -61.020  5.341 0.0000000000
18099  -13.844  -60.808  3.204 0.0000000000
18100  -14.470  -61.074  3.864 0.0000000000
18101  -15.181  -61.423  4.381 0.0000000000
18103  -30.726  -61.537  4.288 0.0000000000
18104  -31.549  -61.767  3.733 0.0000000000
18108  -13.668  -61.402  2.430 0.0000000000
18109  -14.155  -62.036  2.737 0.0000000000
18110  -14.735  -61.803  3.535 0.0000000000
18111  -20.292  -61.473  3.059 0.0000000000
18112  -21.018  -61.412  3.031 0.0000000000
18113  -21.844  -61.257  2.971 0.0000000000
18114  -32.323  -61.496  3.222 0.0000000000
18115  -13.507  -60.924  1.821 0.0000000000
18116  -18.798  -61.405  2.559 0.0000000000
18117  -19.562  -61.689  2.717 0.0000000000
18118  -20.468  -61.993  2.176 0.0000000000
18119  -21.313  -61.591  2.146 0.0000000000
18120  -22.094  -61.167  1.744 0.0000000000
18121  -25.215  -61.746  1.958 0.0000000000
18122  -26.103  -61.629  2.204 0.0000000000
18123  -26.954  -61.776  2.295 0.0000000000
18124  -33.001  -61.342  2.655 0.0000000000
18125  -33.927  -61.192  1.997 0.0000000000
18126  -34.729  -62.029  1.890 0.0000000000
18127  -13.691  -61.605  1.136 0.0000000000
18128  -15.200  -61.294  0.724 0.0000000000
18129  -16.053  -61.627  0.782 0.0000000000
18130  -17.505  -61.703  1.574 0.0000000000
18131  -18.165  -61.570  2.096 0.0000000000
18132  -20.846  -61.879  0.634 0.0000000000
18133  -21.540  -61.377  0.701 0.0000000000
18134  -22.328  -60.804  0.373 0.0000000000
18135  -24.051  -61.610  0.379 0.0000000000
18136  -24.854  -61.386  0.710 0.0000000000
18137  -25.716  -61.168  1.019 0.0000000000
18138  -26.671  -61.114  1.311 0.0000000000
18139  -27.642  -61.337  1.427 0.0000000000
18140  -29.053  -61.763  0.898 0.0000000000
18141  -35.253  -61.428  1.424 0.0000000000
18142  -36.009  -61.601  0.715 0.0000000000
18143  -14.041  -61.930  0.728 0.0000000000
18144  -14.626  -61.925  0.573 0.0000000000
18145  -15.364  -61.948  0.524 0.0000000000
18146  -21.445  -61.654  -0.292 0.0000000000
18147  -21.987  -61.184  -0.212 0.0000000000
18148  -23.588  -61.194  -0.307 0.0000000000
18149  -24.357  -60.968  -0.114 0.0000000000
18150  -25.081  -60.685  0.147 0.0000000000
18151  -25.998  -60.371  0.302 0.0000000000
18152  -27.985  -60.655  0.612 0.0000000000
18153  -28.753  -61.019  0.409 0.0000000000
18154  -29.509  -61.414  0.251 0.0000000000
18155  -36.162  -61.551  0.235 0.0000000000
18156  -21.473  -62.028  -0.624 0.0000000000
18157  -22.403  -61.271  -0.442 0.0000000000
18158  -23.077  -60.972  -0.447 0.0000000000
18159  -23.890  -60.584  -0.296 0.0000000000
18160  -29.924  -61.022  -0.278 0.0000000000
18161  -30.691  -61.126  -0.451 0.0000000000
18162  -31.528  -61.145  -0.561 0.0000000000
18163  -32.490  -61.248  -0.579 0.0000000000
18164  -33.593  -61.392  -0.535 0.0000000000
18165  -34.988  -61.501  -0.387 0.0000000000
18166  -35.906  -61.919  -0.011 0.0000000000
18952  -17.251  -60.495  9.588 0.0000000000
18967  -17.068  -60.373  8.758 0.0000000000
18979  -16.568  -60.551  7.453 0.0000000000
18989  -15.791  -60.517  5.898 0.0000000000
18990  -16.159  -60.370  6.640 0.0000000000
18999  -14.814  -59.990  4.632 0.0000000000
19000  -15.383  -60.312  5.254 0.0000000000
19011  -14.246  -60.243  3.893 0.0000000000
19012  -14.940  -60.661  4.597 0.0000000000
19013  -21.293  -60.213  4.061 0.0000000000
19014  -22.066  -60.305  4.231 0.0000000000
19015  -22.876  -60.243  4.227 0.0000000000
19017  -30.464  -60.666  4.420 0.0000000000
19018  -31.107  -60.822  4.003 0.0000000000
19023  -13.616  -60.006  3.074 0.0000000000
19024  -19.750  -60.961  3.268 0.0000000000
19025  -20.634  -60.826  3.563 0.0000000000
19026  -21.531  -60.855  3.681 0.0000000000
19027  -22.349  -60.744  3.659 0.0000000000
19028  -23.685  -60.020  4.078 0.0000000000
19029  -24.657  -59.588  2.585 0.0000000000
19030  -31.242  -59.934  3.722 0.0000000000
19031  -31.732  -60.782  3.489 0.0000000000
19032  -32.353  -60.640  2.967 0.0000000000
19033  -13.503  -60.074  2.278 0.0000000000
19034  -18.403  -60.651  2.440 0.0000000000
19035  -19.095  -60.970  2.911 0.0000000000
19036  -22.653  -60.907  2.656 0.0000000000
19037  -23.403  -60.439  2.299 0.0000000000
19038  -24.080  -59.957  1.828 0.0000000000
19039  -33.020  -60.463  2.396 0.0000000000
19040  -33.666  -60.302  1.886 0.0000000000
19041  -13.680  -60.172  1.720 0.0000000000
19042  -15.014  -60.484  1.052 0.0000000000
19043  -15.981  -60.756  1.038 0.0000000000
19044  -16.802  -61.229  1.271 0.0000000000
19045  -17.552  -60.878  1.804 0.0000000000
19046  -22.848  -60.528  1.160 0.0000000000
19047  -23.535  -60.159  1.179 0.0000000000
19048  -27.106  -60.463  0.572 0.0000000000
19049  -34.638  -60.522  1.502 0.0000000000
19050  -35.738  -60.725  0.868 0.0000000000
19051  -36.213  -60.773  0.202 0.0000000000
19052  -14.264  -61.210  0.906 0.0000000000
19053  -22.841  -60.734  -0.267 0.0000000000
19054  -23.384  -60.239  0.214 0.0000000000
19055  -24.517  -60.358  -0.234 0.0000000000
19056  -25.125  -60.093  -0.187 0.0000000000
19057  -26.556  -59.822  0.163 0.0000000000
19058  -28.464  -60.294  0.167 0.0000000000
19059  -29.213  -60.670  -0.054 0.0000000000
19060  -36.260  -60.676  -0.005 0.0000000000
19061  -23.703  -60.356  -0.233 0.0000000000
19062  -24.172  -60.180  -0.268 0.0000000000
19063  -28.984  -60.025  -0.197 0.0000000000
19064  -29.714  -60.346  -0.394 0.0000000000
19065  -30.334  -60.020  -0.642 0.0000000000
19066  -31.060  -60.402  -0.693 0.0000000000
19067  -32.106  -60.473  -0.714 0.0000000000
19068  -34.137  -60.104  -0.722 0.0000000000
19069  -35.446  -60.566  -0.431 0.0000000000
19861  -17.402  -59.864  9.237 0.0000000000
19879  -16.811  -60.187  7.987 0.0000000000
19880  -17.244  -59.773  8.453 0.0000000000
19881  -17.948  -59.367  8.826 0.0000000000
19888  -16.429  -59.986  7.271 0.0000000000
19889  -17.175  -59.539  7.595 0.0000000000
19890  -17.805  -59.282  8.135 0.0000000000
19898  -15.788  -59.920  5.846 0.0000000000
19899  -16.215  -59.847  6.568 0.0000000000
19900  -16.809  -59.476  6.738 0.0000000000
19908  -15.354  -59.727  5.017 0.0000000000
19909  -16.526  -59.284  5.823 0.0000000000
19910  -22.977  -59.065  5.019 0.0000000000
19920  -13.967  -59.612  3.530 0.0000000000
19921  -14.430  -59.474  3.989 0.0000000000
19922  -14.996  -59.317  4.447 0.0000000000
19923  -21.852  -59.631  4.451 0.0000000000
19924  -22.571  -59.685  4.585 0.0000000000
19925  -23.332  -59.598  4.637 0.0000000000
19926  -24.114  -59.367  4.517 0.0000000000
19937  -13.726  -59.323  3.153 0.0000000000
19938  -19.947  -60.280  3.507 0.0000000000
19939  -20.539  -59.917  3.823 0.0000000000
19940  -24.449  -59.586  3.723 0.0000000000
19941  -25.163  -59.086  3.263 0.0000000000
19944  -31.871  -60.112  3.226 0.0000000000
19946  -13.618  -59.377  2.682 0.0000000000
19947  -18.415  -59.598  2.319 0.0000000000
19948  -19.169  -60.140  3.016 0.0000000000
19949  -25.353  -59.122  2.134 0.0000000000
19951  -32.332  -59.737  2.691 0.0000000000
19952  -33.150  -59.659  2.071 0.0000000000
19953  -13.648  -59.429  2.048 0.0000000000
19954  -14.007  -59.506  1.692 0.0000000000
19955  -14.779  -59.629  1.395 0.0000000000
19956  -16.401  -59.181  1.366 0.0000000000
19957  -17.267  -59.210  1.515 0.0000000000
19958  -17.924  -59.151  1.752 0.0000000000
19959  -24.744  -59.459  1.200 0.0000000000
19960  -25.554  -59.085  1.060 0.0000000000
19961  -34.094  -59.713  1.536 0.0000000000
19962  -35.297  -59.874  1.017 0.0000000000
19963  -36.025  -60.098  0.374 0.0000000000
19964  -24.003  -59.811  0.628 0.0000000000
19965  -24.479  -59.686  0.187 0.0000000000
19966  -24.943  -59.698  -0.043 0.0000000000
19967  -25.705  -59.730  0.056 0.0000000000
19968  -26.939  -59.412  0.310 0.0000000000
19969  -27.814  -59.385  0.303 0.0000000000
19970  -28.833  -59.371  0.085 0.0000000000
19971  -35.884  -59.236  0.364 0.0000000000
19972  -36.257  -59.833  0.023 0.0000000000
19973  -23.944  -59.901  -0.034 0.0000000000
19974  -24.277  -59.929  -0.202 0.0000000000
19975  -29.683  -59.680  -0.369 0.0000000000
19976  -30.475  -59.381  -0.561 0.0000000000
19977  -30.930  -59.738  -0.745 0.0000000000
19978  -32.874  -59.715  -0.805 0.0000000000
19979  -33.961  -59.367  -0.837 0.0000000000
19980  -35.191  -59.507  -0.626 0.0000000000
19981  -36.030  -59.056  -0.216 0.0000000000
19982  -33.247  -58.729  -0.900 0.0000000000
20776  -17.681  -58.989  6.750 0.0000000000
20790  -15.432  -59.253  4.719 0.0000000000
20791  -15.919  -59.167  5.046 0.0000000000
20792  -17.293  -58.565  5.391 0.0000000000
20793  -18.122  -58.417  5.879 0.0000000000
20794  -22.553  -58.327  4.988 0.0000000000
20795  -23.402  -58.332  5.262 0.0000000000
20796  -24.067  -58.332  5.266 0.0000000000
20809  -14.024  -58.958  3.430 0.0000000000
20810  -14.598  -58.589  3.859 0.0000000000
20811  -15.412  -58.605  4.406 0.0000000000
20812  -16.277  -58.307  4.638 0.0000000000
20813  -17.104  -58.083  4.770 0.0000000000
20814  -21.144  -59.416  4.161 0.0000000000
20815  -21.712  -58.704  4.519 0.0000000000
20816  -23.727  -58.936  5.013 0.0000000000
20817  -24.421  -58.667  4.845 0.0000000000
20818  -25.024  -58.343  4.560 0.0000000000
20826  -13.746  -58.713  2.992 0.0000000000
20827  -19.798  -59.291  3.351 0.0000000000
20828  -20.235  -58.329  3.337 0.0000000000
20829  -21.319  -57.769  4.115 0.0000000000
20830  -24.841  -58.943  4.198 0.0000000000
20835  -13.794  -58.780  2.470 0.0000000000
20836  -18.400  -58.664  1.932 0.0000000000
20837  -19.574  -58.218  2.680 0.0000000000
20838  -25.956  -58.646  1.911 0.0000000000
20839  -26.576  -58.240  1.838 0.0000000000
20841  -33.554  -58.906  1.632 0.0000000000
20842  -13.914  -58.920  1.994 0.0000000000
20843  -14.473  -58.746  1.772 0.0000000000
20844  -15.985  -58.413  1.475 0.0000000000
20845  -16.838  -58.518  1.427 0.0000000000
20846  -17.658  -58.405  1.546 0.0000000000
20847  -26.258  -58.788  1.013 0.0000000000
20848  -26.986  -58.542  1.066 0.0000000000
20849  -27.783  -58.399  1.104 0.0000000000
20850  -28.631  -58.190  1.099 0.0000000000
20851  -33.027  -57.938  1.737 0.0000000000
20852  -34.216  -58.183  1.219 0.0000000000
20853  -35.351  -58.334  0.634 0.0000000000
20854  -25.726  -59.331  0.369 0.0000000000
20855  -26.537  -59.021  0.466 0.0000000000
20856  -27.323  -58.922  0.495 0.0000000000
20857  -28.206  -58.843  0.480 0.0000000000
20858  -29.892  -58.906  -0.174 0.0000000000
20859  -30.473  -58.182  -0.098 0.0000000000
20860  -36.037  -58.388  0.057 0.0000000000
20861  -36.031  -58.379  -0.157 0.0000000000
20862  -30.807  -58.691  -0.502 0.0000000000
20863  -31.587  -58.478  -0.696 0.0000000000
20864  -32.387  -58.233  -0.864 0.0000000000
20865  -34.519  -58.753  -0.909 0.0000000000
20866  -35.434  -58.708  -0.684 0.0000000000
20867  -35.781  -58.160  -0.515 0.0000000000
20868  -33.128  -57.963  -0.990 0.0000000000
20869  -34.052  -58.035  -1.072 0.0000000000
20870  -35.135  -58.097  -0.994 0.0000000000
21643  -15.087  -56.926  4.023 0.0000000000
21644  -17.877  -57.885  5.083 0.0000000000
21647  -23.054  -57.536  5.356 0.0000000000
21648  -23.955  -57.569  5.518 0.0000000000
21649  -25.222  -57.128  5.077 0.0000000000
21660  -14.087  -58.039  3.205 0.0000000000
21661  -14.911  -57.790  3.942 0.0000000000
21662  -15.714  -57.641  4.311 0.0000000000
21663  -16.626  -57.463  4.492 0.0000000000
21664  -17.488  -57.297  4.667 0.0000000000
21666  -21.716  -57.113  4.280 0.0000000000
21667  -22.331  -57.361  4.902 0.0000000000
21668  -24.710  -57.896  5.128 0.0000000000
21669  -25.380  -57.722  4.528 0.0000000000
21676  -13.960  -58.057  2.818 0.0000000000
21677  -14.115  -57.206  2.993 0.0000000000
21678  -20.708  -57.574  3.424 0.0000000000
21679  -21.193  -56.897  3.524 0.0000000000
21680  -26.159  -57.371  3.423 0.0000000000
21684  -14.134  -58.309  2.325 0.0000000000
21685  -14.264  -57.461  2.688 0.0000000000
21686  -14.761  -56.992  2.339 0.0000000000
21687  -18.969  -58.056  2.061 0.0000000000
21688  -19.464  -57.515  2.161 0.0000000000
21689  -20.092  -57.358  2.624 0.0000000000
21690  -26.135  -58.111  2.731 0.0000000000
21691  -26.730  -57.467  2.425 0.0000000000
21692  -27.544  -57.235  2.101 0.0000000000
21693  -28.220  -57.073  2.019 0.0000000000
21696  -15.553  -57.619  1.760 0.0000000000
21697  -16.581  -57.264  1.597 0.0000000000
21698  -17.553  -57.535  1.490 0.0000000000
21699  -18.964  -57.179  1.690 0.0000000000
21700  -27.300  -57.921  1.686 0.0000000000
21701  -29.004  -57.372  1.718 0.0000000000
21702  -29.985  -57.225  1.352 0.0000000000
21703  -30.698  -57.012  0.720 0.0000000000
21705  -33.969  -57.301  1.285 0.0000000000
21706  -34.870  -57.620  0.825 0.0000000000
21707  -29.135  -58.622  0.412 0.0000000000
21708  -30.890  -57.510  0.065 0.0000000000
21709  -31.499  -57.273  -0.311 0.0000000000
21710  -35.688  -57.586  0.239 0.0000000000
21711  -31.181  -57.981  -0.429 0.0000000000
21712  -31.876  -57.732  -0.690 0.0000000000
21713  -32.636  -57.459  -0.883 0.0000000000
21714  -35.810  -57.486  -0.543 0.0000000000
21715  -33.559  -57.299  -1.123 0.0000000000
21716  -34.796  -57.247  -1.175 0.0000000000
21717  -35.573  -57.542  -0.854 0.0000000000
22431  -15.304  -56.073  4.150 0.0000000000
22432  -16.012  -56.756  4.333 0.0000000000
22433  -16.338  -55.811  4.443 0.0000000000
22435  -22.688  -56.680  5.202 0.0000000000
22436  -23.430  -56.717  5.544 0.0000000000
22437  -24.238  -56.603  5.667 0.0000000000
22438  -24.973  -56.463  5.467 0.0000000000
22446  -14.669  -56.227  3.615 0.0000000000
22447  -16.976  -56.614  4.474 0.0000000000
22450  -21.588  -56.303  3.734 0.0000000000
22451  -22.101  -56.524  4.527 0.0000000000
22452  -25.552  -56.344  4.972 0.0000000000
22453  -26.030  -56.166  4.374 0.0000000000
22459  -14.383  -56.316  3.138 0.0000000000
22460  -20.695  -56.699  2.825 0.0000000000
22461  -21.192  -56.128  2.967 0.0000000000
22462  -25.802  -56.962  4.317 0.0000000000
22463  -26.402  -56.370  3.606 0.0000000000
22468  -14.384  -56.400  2.883 0.0000000000
22469  -14.859  -56.111  2.451 0.0000000000
22470  -15.829  -55.884  2.145 0.0000000000
22471  -19.698  -56.856  1.977 0.0000000000
22472  -20.275  -56.483  2.219 0.0000000000
22473  -20.793  -55.981  2.366 0.0000000000
22474  -26.627  -56.815  2.943 0.0000000000
22475  -27.097  -56.675  2.533 0.0000000000
22476  -27.783  -56.474  2.285 0.0000000000
22479  -15.616  -56.713  1.965 0.0000000000
22480  -16.451  -56.516  1.790 0.0000000000
22481  -17.399  -56.675  1.601 0.0000000000
22482  -18.475  -56.399  1.605 0.0000000000
22483  -19.347  -56.387  1.713 0.0000000000
22484  -28.596  -56.437  2.155 0.0000000000
22485  -29.546  -56.470  1.905 0.0000000000
22486  -30.422  -56.404  1.444 0.0000000000
22487  -33.078  -56.077  1.817 0.0000000000
22488  -33.904  -56.404  1.360 0.0000000000
22489  -35.002  -56.739  0.690 0.0000000000
22490  -31.190  -56.227  0.704 0.0000000000
22491  -31.692  -56.523  -0.095 0.0000000000
22492  -35.817  -56.793  -0.011 0.0000000000
22493  -32.135  -56.938  -0.620 0.0000000000
22494  -33.712  -55.702  -1.063 0.0000000000
22495  -35.818  -56.836  -0.479 0.0000000000
22496  -32.999  -56.525  -0.928 0.0000000000
22497  -34.082  -56.478  -1.228 0.0000000000
22498  -35.025  -56.398  -1.221 0.0000000000
22499  -35.625  -56.776  -0.909 0.0000000000
23179  -23.875  -55.103  5.921 0.0000000000
23191  -14.725  -54.703  4.088 0.0000000000
23192  -15.377  -55.240  4.303 0.0000000000
23193  -17.044  -55.101  4.586 0.0000000000
23197  -22.980  -55.932  5.418 0.0000000000
23198  -24.536  -55.642  5.773 0.0000000000
23199  -25.315  -55.661  5.398 0.0000000000
23207  -14.483  -54.960  3.586 0.0000000000
23208  -17.413  -55.881  4.565 0.0000000000
23210  -21.930  -55.759  4.071 0.0000000000
23211  -22.419  -55.914  4.857 0.0000000000
23212  -25.889  -55.588  4.774 0.0000000000
23213  -26.382  -55.573  4.060 0.0000000000
23215  -30.718  -55.300  4.307 0.0000000000
23217  -14.420  -55.542  3.158 0.0000000000
23218  -21.581  -55.555  3.237 0.0000000000
23219  -21.942  -55.008  3.726 0.0000000000
23220  -26.791  -55.485  3.169 0.0000000000
23221  -27.351  -55.012  2.592 0.0000000000
23223  -31.166  -55.883  3.578 0.0000000000
23224  -31.833  -55.237  3.106 0.0000000000
23228  -14.497  -55.405  2.900 0.0000000000
23229  -15.679  -54.897  2.492 0.0000000000
23230  -16.783  -55.418  2.153 0.0000000000
23231  -17.756  -55.125  2.151 0.0000000000
23232  -18.712  -54.729  1.994 0.0000000000
23233  -20.806  -55.335  2.071 0.0000000000
23234  -21.227  -55.435  2.545 0.0000000000
23235  -26.788  -56.213  2.898 0.0000000000
23236  -27.270  -55.872  2.585 0.0000000000
23237  -28.015  -55.512  2.253 0.0000000000
23238  -31.675  -56.039  2.920 0.0000000000
23239  -32.373  -55.810  2.464 0.0000000000
23240  -33.264  -55.145  2.032 0.0000000000
23241  -16.822  -56.072  1.835 0.0000000000
23242  -17.639  -55.879  1.802 0.0000000000
23243  -18.512  -55.584  1.786 0.0000000000
23244  -19.759  -55.697  1.735 0.0000000000
23245  -20.318  -55.255  1.826 0.0000000000
23246  -28.976  -55.597  2.173 0.0000000000
23247  -29.999  -55.535  2.018 0.0000000000
23248  -30.752  -55.705  1.421 0.0000000000
23249  -31.379  -55.209  1.076 0.0000000000
23250  -33.795  -55.664  1.518 0.0000000000
23251  -34.670  -55.716  0.956 0.0000000000
23252  -31.856  -55.691  0.201 0.0000000000
23253  -32.562  -55.111  -0.238 0.0000000000
23254  -35.519  -55.847  0.240 0.0000000000
23255  -35.773  -56.023  -0.339 0.0000000000
23256  -32.339  -56.090  -0.427 0.0000000000
23257  -32.959  -55.680  -0.717 0.0000000000
23258  -35.509  -55.300  -0.697 0.0000000000
23259  -34.685  -55.704  -1.216 0.0000000000
23260  -35.465  -55.874  -1.022 0.0000000000
23942  -24.020  -54.093  6.114 0.0000000000
23943  -25.268  -53.559  5.926 0.0000000000
23952  -14.681  -53.952  4.147 0.0000000000
23953  -15.406  -54.451  4.414 0.0000000000
23954  -16.514  -54.213  4.577 0.0000000000
23955  -17.816  -54.439  4.645 0.0000000000
23959  -22.822  -54.384  5.337 0.0000000000
23960  -23.534  -54.523  5.835 0.0000000000
23961  -25.067  -54.914  5.736 0.0000000000
23962  -25.484  -54.234  5.573 0.0000000000
23963  -26.158  -54.239  4.990 0.0000000000
23965  -30.093  -54.540  5.318 0.0000000000
23970  -14.507  -54.327  3.888 0.0000000000
23971  -22.326  -54.631  4.494 0.0000000000
23972  -25.711  -54.919  5.204 0.0000000000
23973  -26.273  -54.897  4.505 0.0000000000
23974  -30.625  -54.488  4.763 0.0000000000
23975  -31.171  -54.520  4.194 0.0000000000
23979  -14.476  -54.423  3.582 0.0000000000
23980  -21.658  -54.731  2.780 0.0000000000
23981  -26.640  -54.936  3.793 0.0000000000
23982  -27.001  -54.590  3.171 0.0000000000
23983  -31.735  -54.475  3.593 0.0000000000
23984  -32.353  -54.411  3.030 0.0000000000
23989  -14.493  -54.656  3.130 0.0000000000
23990  -14.915  -54.234  2.891 0.0000000000
23991  -15.852  -53.788  2.687 0.0000000000
23992  -16.878  -54.579  2.421 0.0000000000
23993  -17.808  -54.414  2.330 0.0000000000
23994  -20.732  -54.591  1.839 0.0000000000
23995  -21.208  -54.877  2.203 0.0000000000
23996  -21.873  -53.847  2.570 0.0000000000
23997  -27.449  -54.186  2.542 0.0000000000
23998  -27.838  -54.550  2.179 0.0000000000
23999  -33.043  -54.336  2.480 0.0000000000
24000  -33.924  -54.140  1.813 0.0000000000
24002  -19.806  -54.788  1.733 0.0000000000
24003  -20.266  -53.862  1.707 0.0000000000
24004  -21.087  -53.728  1.737 0.0000000000
24005  -27.764  -53.887  2.065 0.0000000000
24006  -28.129  -54.027  1.888 0.0000000000
24007  -28.862  -54.175  1.949 0.0000000000
24008  -29.927  -54.457  2.024 0.0000000000
24009  -30.905  -54.354  1.617 0.0000000000
24010  -34.716  -53.563  1.295 0.0000000000
24011  -35.215  -53.850  0.621 0.0000000000
24012  -31.747  -54.265  0.991 0.0000000000
24013  -32.444  -54.220  0.238 0.0000000000
24014  -35.571  -54.165  0.021 0.0000000000
24015  -35.469  -54.510  -0.447 0.0000000000
24016  -33.197  -54.184  -0.408 0.0000000000
24017  -34.138  -54.143  -0.813 0.0000000000
24018  -34.927  -54.191  -0.987 0.0000000000
24019  -35.250  -54.356  -0.789 0.0000000000
24020  -34.408  -54.913  -1.080 0.0000000000
24021  -35.167  -55.013  -1.064 0.0000000000
24693  -23.780  -53.227  6.147 0.0000000000
24694  -24.549  -53.447  6.198 0.0000000000
24697  -30.108  -53.073  5.931 0.0000000000
24702  -15.393  -53.604  4.431 0.0000000000
24703  -16.418  -53.265  4.561 0.0000000000
24704  -17.422  -53.603  4.584 0.0000000000
24705  -18.292  -53.720  4.647 0.0000000000
24708  -22.533  -53.003  4.772 0.0000000000
24709  -23.047  -52.892  5.626 0.0000000000
24710  -25.920  -53.615  5.448 0.0000000000
24712  -30.535  -53.660  5.268 0.0000000000
24713  -31.247  -53.010  4.912 0.0000000000
24719  -14.598  -53.022  4.089 0.0000000000
24720  -22.307  -53.199  3.807 0.0000000000
24721  -26.490  -53.543  4.816 0.0000000000
24722  -26.973  -53.283  4.058 0.0000000000
24723  -31.154  -53.796  4.585 0.0000000000
24724  -31.855  -53.129  4.236 0.0000000000
24725  -32.564  -52.827  3.656 0.0000000000
24728  -14.502  -53.721  3.918 0.0000000000
24729  -14.486  -53.091  3.940 0.0000000000
24730  -22.158  -53.375  2.996 0.0000000000
24731  -26.704  -54.175  4.094 0.0000000000
24732  -27.186  -53.760  3.215 0.0000000000
24733  -32.295  -53.651  3.505 0.0000000000
24734  -33.140  -53.004  3.002 0.0000000000
24735  -33.841  -52.870  2.394 0.0000000000
24740  -14.547  -53.775  3.525 0.0000000000
24741  -14.612  -52.908  3.702 0.0000000000
24742  -15.270  -52.812  3.048 0.0000000000
24743  -17.210  -53.753  2.501 0.0000000000
24744  -18.293  -53.814  2.288 0.0000000000
24745  -18.765  -53.051  2.155 0.0000000000
24746  -21.679  -53.496  2.008 0.0000000000
24747  -22.055  -53.135  2.345 0.0000000000
24748  -27.571  -53.358  2.336 0.0000000000
24749  -33.495  -53.551  2.435 0.0000000000
24750  -34.238  -53.225  1.891 0.0000000000
24751  -34.756  -52.903  1.309 0.0000000000
24755  -19.299  -53.889  1.919 0.0000000000
24756  -19.731  -53.046  1.801 0.0000000000
24757  -20.667  -53.029  1.638 0.0000000000
24758  -21.434  -53.002  1.728 0.0000000000
24759  -27.922  -53.377  1.771 0.0000000000
24760  -28.411  -53.542  1.725 0.0000000000
24761  -30.106  -53.031  1.657 0.0000000000
24762  -31.166  -53.342  1.481 0.0000000000
24763  -35.145  -53.069  0.624 0.0000000000
24764  -32.178  -53.362  0.715 0.0000000000
24765  -32.996  -53.351  -0.086 0.0000000000
24766  -35.412  -53.371  0.008 0.0000000000
24767  -35.298  -53.712  -0.457 0.0000000000
24768  -33.873  -53.336  -0.597 0.0000000000
24769  -34.723  -53.451  -0.706 0.0000000000
24770  -35.073  -53.704  -0.743 0.0000000000
25471  -23.624  -52.380  6.136 0.0000000000
25472  -24.329  -52.683  6.361 0.0000000000
25473  -25.103  -52.850  6.280 0.0000000000
25474  -25.707  -52.146  6.214 0.0000000000
25477  -30.506  -52.110  6.108 0.0000000000
25483  -15.686  -52.026  4.468 0.0000000000
25484  -16.517  -52.453  4.545 0.0000000000
25485  -17.702  -52.182  4.526 0.0000000000
25486  -18.886  -52.376  4.582 0.0000000000
25488  -22.638  -52.210  4.978 0.0000000000
25489  -23.115  -52.060  5.656 0.0000000000
25490  -25.751  -52.965  5.817 0.0000000000
25491  -26.327  -52.491  5.530 0.0000000000
25492  -31.068  -52.008  5.593 0.0000000000
25493  -31.408  -52.253  5.142 0.0000000000
25497  -14.896  -52.088  4.166 0.0000000000
25498  -26.717  -52.830  4.816 0.0000000000
25499  -27.214  -52.477  4.116 0.0000000000
25500  -32.416  -52.206  4.146 0.0000000000
25504  -14.648  -52.284  3.934 0.0000000000
25505  -22.280  -52.584  2.932 0.0000000000
25506  -27.359  -52.920  3.224 0.0000000000
25507  -33.115  -52.214  3.372 0.0000000000
25508  -33.776  -52.238  2.623 0.0000000000
25512  -14.828  -52.093  3.662 0.0000000000
25513  -15.803  -51.935  2.914 0.0000000000
25514  -17.131  -52.175  2.514 0.0000000000
25515  -18.207  -52.275  2.341 0.0000000000
25516  -19.165  -52.274  2.107 0.0000000000
25517  -21.898  -52.927  1.940 0.0000000000
25518  -22.143  -52.471  2.111 0.0000000000
25519  -27.815  -52.681  1.821 0.0000000000
25520  -28.096  -52.015  1.452 0.0000000000
25521  -34.427  -52.371  1.760 0.0000000000
25525  -20.170  -52.149  1.762 0.0000000000
25526  -21.150  -52.298  1.617 0.0000000000
25527  -21.810  -52.408  1.767 0.0000000000
25528  -28.334  -52.770  1.507 0.0000000000
25529  -29.236  -52.469  1.410 0.0000000000
25530  -30.562  -52.191  1.392 0.0000000000
25531  -31.817  -52.415  0.996 0.0000000000
25532  -34.893  -52.345  0.683 0.0000000000
25535  -32.776  -52.498  0.213 0.0000000000
25536  -33.679  -52.484  -0.423 0.0000000000
25537  -34.140  -51.551  -0.445 0.0000000000
25538  -35.207  -53.150  -0.298 0.0000000000
25539  -34.454  -52.603  -0.502 0.0000000000
25540  -34.988  -53.017  -0.490 0.0000000000
26200  -30.243  -50.949  7.203 0.0000000000
26211  -23.514  -51.378  6.103 0.0000000000
26212  -24.451  -51.397  6.605 0.0000000000
26213  -25.297  -51.428  6.643 0.0000000000
26214  -26.065  -51.289  6.417 0.0000000000
26216  -30.786  -51.155  6.472 0.0000000000
26217  -31.419  -50.883  5.875 0.0000000000
26221  -15.412  -51.327  4.327 0.0000000000
26222  -16.599  -51.544  4.524 0.0000000000
26223  -17.708  -51.388  4.507 0.0000000000
26224  -18.590  -51.566  4.524 0.0000000000
26226  -22.818  -51.422  5.178 0.0000000000
26227  -26.483  -51.735  5.748 0.0000000000
26228  -27.131  -51.335  5.195 0.0000000000
26229  -31.081  -51.522  5.879 0.0000000000
26230  -31.577  -51.472  5.338 0.0000000000
26234  -14.820  -51.253  3.852 0.0000000000
26235  -22.545  -51.559  4.195 0.0000000000
26236  -26.898  -52.092  4.958 0.0000000000
26237  -32.069  -51.185  4.810 0.0000000000
26238  -32.439  -51.399  4.303 0.0000000000
26242  -14.606  -51.534  3.948 0.0000000000
26243  -22.430  -51.728  3.218 0.0000000000
26244  -27.579  -52.015  3.201 0.0000000000
26245  -27.937  -51.326  2.605 0.0000000000
26246  -32.925  -51.523  3.634 0.0000000000
26247  -33.564  -51.531  2.874 0.0000000000
26252  -15.103  -51.359  3.589 0.0000000000
26253  -15.769  -51.150  3.026 0.0000000000
26254  -17.715  -51.663  2.434 0.0000000000
26255  -19.272  -50.926  2.225 0.0000000000
26256  -22.312  -51.814  2.347 0.0000000000
26257  -27.818  -52.009  2.086 0.0000000000
26258  -28.202  -51.387  1.612 0.0000000000
26260  -20.078  -51.254  1.991 0.0000000000
26261  -20.923  -51.501  1.684 0.0000000000
26262  -21.701  -51.708  1.701 0.0000000000
26263  -28.500  -51.367  1.176 0.0000000000
26264  -29.219  -51.459  1.065 0.0000000000
26265  -31.504  -51.464  0.893 0.0000000000
26266  -34.324  -50.826  1.025 0.0000000000
26267  -34.625  -51.579  0.891 0.0000000000
26271  -31.197  -50.533  0.667 0.0000000000
26272  -32.554  -51.602  0.309 0.0000000000
26273  -33.581  -50.811  -0.368 0.0000000000
26274  -34.734  -51.733  0.018 0.0000000000
26276  -34.049  -50.678  -0.431 0.0000000000
26277  -34.593  -52.085  -0.257 0.0000000000
26937  -25.281  -50.176  7.156 0.0000000000
26938  -25.983  -50.104  7.114 0.0000000000
26948  -24.070  -50.636  6.581 0.0000000000
26949  -24.881  -50.767  6.888 0.0000000000
26950  -25.651  -50.726  6.832 0.0000000000
26951  -26.356  -50.538  6.602 0.0000000000
26952  -27.024  -50.244  6.242 0.0000000000
26953  -30.818  -50.379  6.973 0.0000000000
26954  -31.241  -50.444  6.382 0.0000000000
26959  -15.286  -50.526  4.165 0.0000000000
26960  -16.084  -50.650  4.472 0.0000000000
26961  -17.917  -50.150  4.499 0.0000000000
26964  -23.031  -50.751  5.354 0.0000000000
26965  -23.419  -50.338  5.938 0.0000000000
26966  -26.755  -50.970  5.985 0.0000000000
26967  -27.355  -50.569  5.459 0.0000000000
26968  -31.578  -50.099  5.859 0.0000000000
26971  -15.198  -50.279  3.935 0.0000000000
26972  -22.733  -50.657  4.288 0.0000000000
26973  -23.017  -49.997  4.985 0.0000000000
26974  -27.612  -50.868  4.585 0.0000000000
26975  -28.077  -50.409  3.961 0.0000000000
26976  -31.887  -50.576  5.148 0.0000000000
26977  -32.351  -50.689  4.372 0.0000000000
26982  -14.799  -50.857  3.932 0.0000000000
26983  -22.728  -50.240  2.958 0.0000000000
26984  -27.786  -51.154  3.641 0.0000000000
26985  -28.133  -50.699  3.123 0.0000000000
26986  -33.219  -50.842  3.133 0.0000000000
26991  -15.389  -50.675  3.449 0.0000000000
26992  -16.160  -50.557  2.895 0.0000000000
26993  -18.328  -50.471  2.401 0.0000000000
26994  -19.318  -50.128  2.308 0.0000000000
26995  -20.270  -49.992  2.191 0.0000000000
26996  -22.466  -51.046  2.559 0.0000000000
26997  -28.342  -50.671  2.188 0.0000000000
26998  -33.257  -50.181  2.285 0.0000000000
26999  -33.800  -50.848  2.148 0.0000000000
27001  -19.923  -50.601  2.169 0.0000000000
27002  -20.706  -50.709  1.913 0.0000000000
27003  -21.563  -50.921  1.739 0.0000000000
27004  -22.199  -51.174  1.904 0.0000000000
27005  -28.594  -50.595  1.147 0.0000000000
27006  -28.985  -49.943  0.735 0.0000000000
27007  -29.734  -50.380  0.750 0.0000000000
27008  -34.167  -50.204  0.117 0.0000000000
27012  -29.802  -49.317  0.511 0.0000000000
27013  -30.953  -49.612  0.423 0.0000000000
27014  -32.188  -49.763  -0.063 0.0000000000
27015  -33.256  -49.947  -0.373 0.0000000000
27016  -34.087  -50.408  -0.338 0.0000000000
27017  -34.464  -50.911  0.083 0.0000000000
27021  -34.285  -51.137  -0.277 0.0000000000
27676  -24.962  -49.622  7.279 0.0000000000
27677  -25.604  -49.549  7.345 0.0000000000
27678  -26.246  -49.526  7.254 0.0000000000
27679  -26.858  -49.124  7.159 0.0000000000
27688  -23.877  -49.800  6.474 0.0000000000
27689  -24.406  -49.299  6.935 0.0000000000
27690  -26.604  -49.844  6.839 0.0000000000
27691  -27.252  -49.541  6.506 0.0000000000
27692  -31.269  -49.656  6.654 0.0000000000
27697  -15.711  -49.804  4.305 0.0000000000
27698  -16.481  -49.147  4.447 0.0000000000
27699  -17.546  -49.393  4.516 0.0000000000
27700  -18.677  -49.519  4.586 0.0000000000
27702  -23.415  -49.480  5.640 0.0000000000
27703  -27.581  -49.825  5.747 0.0000000000
27704  -28.145  -49.351  5.223 0.0000000000
27705  -31.561  -49.197  5.824 0.0000000000
27709  -15.332  -49.467  4.002 0.0000000000
27710  -23.278  -49.195  4.512 0.0000000000
27711  -27.857  -50.103  4.880 0.0000000000
27712  -28.369  -49.630  4.257 0.0000000000
27713  -31.817  -49.660  5.088 0.0000000000
27714  -32.163  -50.070  4.487 0.0000000000
27719  -15.273  -50.146  3.831 0.0000000000
27720  -22.988  -49.725  3.791 0.0000000000
27721  -23.303  -48.951  3.298 0.0000000000
27722  -28.490  -49.948  3.083 0.0000000000
27723  -31.946  -49.356  4.137 0.0000000000
27724  -32.597  -50.102  3.504 0.0000000000
27728  -15.469  -49.405  3.687 0.0000000000
27729  -15.971  -49.198  3.138 0.0000000000
27730  -17.564  -49.690  2.566 0.0000000000
27731  -18.578  -49.503  2.461 0.0000000000
27732  -19.582  -49.291  2.374 0.0000000000
27733  -20.662  -49.207  2.234 0.0000000000
27734  -21.700  -49.157  2.117 0.0000000000
27735  -22.658  -49.546  2.409 0.0000000000
27736  -23.094  -48.716  2.483 0.0000000000
27737  -28.696  -49.917  1.782 0.0000000000
27738  -28.942  -49.119  1.237 0.0000000000
27739  -32.718  -49.453  2.215 0.0000000000
27740  -33.351  -49.495  1.171 0.0000000000
27745  -21.395  -50.031  1.949 0.0000000000
27746  -22.392  -50.353  2.173 0.0000000000
27747  -28.848  -49.728  0.933 0.0000000000
27748  -33.364  -48.788  0.123 0.0000000000
27749  -33.715  -49.547  0.141 0.0000000000
27752  -29.280  -48.931  0.667 0.0000000000
27753  -30.378  -48.352  0.269 0.0000000000
27754  -32.001  -48.874  -0.274 0.0000000000
27755  -33.335  -49.037  -0.200 0.0000000000
27756  -33.796  -49.820  -0.282 0.0000000000
27760  -33.597  -49.605  -0.291 0.0000000000
28418  -25.079  -48.862  7.408 0.0000000000
28419  -26.074  -48.887  7.514 0.0000000000
28420  -26.714  -48.380  7.505 0.0000000000
28421  -27.332  -48.446  7.131 0.0000000000
28428  -23.804  -48.945  6.259 0.0000000000
28429  -24.356  -48.426  6.818 0.0000000000
28430  -27.870  -48.439  6.496 0.0000000000
28431  -28.372  -47.810  6.247 0.0000000000
28436  -15.679  -48.857  4.202 0.0000000000
28437  -16.307  -48.228  4.405 0.0000000000
28438  -17.963  -48.233  4.603 0.0000000000
28439  -18.789  -48.638  4.679 0.0000000000
28441  -23.532  -48.649  5.240 0.0000000000
28442  -23.856  -48.089  5.910 0.0000000000
28443  -27.807  -49.117  6.073 0.0000000000
28444  -28.401  -48.496  5.594 0.0000000000
28445  -31.449  -48.250  5.749 0.0000000000
28449  -15.425  -48.662  3.990 0.0000000000
28450  -23.503  -48.406  4.047 0.0000000000
28451  -28.652  -48.820  4.590 0.0000000000
28452  -29.113  -48.250  3.905 0.0000000000
28457  -15.396  -48.876  3.915 0.0000000000
28458  -23.523  -48.156  2.933 0.0000000000
28459  -28.803  -49.051  3.564 0.0000000000
28460  -29.190  -48.366  2.870 0.0000000000
28461  -31.581  -48.382  3.598 0.0000000000
28462  -32.094  -49.098  2.998 0.0000000000
28465  -15.625  -48.627  3.569 0.0000000000
28466  -16.207  -48.389  3.023 0.0000000000
28467  -17.114  -48.183  2.715 0.0000000000
28468  -19.869  -48.349  2.468 0.0000000000
28469  -21.004  -48.452  2.333 0.0000000000
28470  -21.955  -48.420  2.250 0.0000000000
28471  -22.760  -48.191  2.251 0.0000000000
28472  -23.281  -47.782  2.391 0.0000000000
28473  -28.912  -49.188  2.422 0.0000000000
28474  -29.234  -48.531  1.904 0.0000000000
28475  -31.787  -48.303  2.409 0.0000000000
28476  -32.341  -48.633  1.727 0.0000000000
28481  -29.358  -48.209  1.003 0.0000000000
28482  -32.164  -47.534  1.009 0.0000000000
28483  -32.994  -48.110  0.304 0.0000000000
28488  -29.986  -47.757  0.394 0.0000000000
28489  -31.123  -47.384  -0.128 0.0000000000
28490  -32.148  -47.333  -0.321 0.0000000000
28491  -32.627  -47.396  -0.095 0.0000000000
29177  -26.107  -47.044  8.093 0.0000000000
29178  -26.748  -46.978  8.090 0.0000000000
29188  -24.972  -47.806  7.394 0.0000000000
29189  -25.774  -47.663  7.800 0.0000000000
29190  -26.576  -47.642  7.834 0.0000000000
29191  -27.351  -47.200  7.726 0.0000000000
29192  -28.076  -46.859  7.316 0.0000000000
29200  -24.339  -47.523  6.506 0.0000000000
29201  -27.816  -47.723  7.053 0.0000000000
29202  -28.360  -47.251  6.676 0.0000000000
29208  -15.596  -47.835  4.080 0.0000000000
29209  -16.538  -47.512  4.478 0.0000000000
29210  -17.602  -47.388  4.667 0.0000000000
29211  -18.661  -47.838  4.763 0.0000000000
29213  -23.729  -47.853  4.774 0.0000000000
29214  -24.055  -47.296  5.429 0.0000000000
29215  -28.755  -47.718  5.497 0.0000000000
29216  -29.166  -47.140  4.840 0.0000000000
29217  -31.343  -47.376  5.911 0.0000000000
29220  -15.433  -47.459  3.860 0.0000000000
29221  -23.749  -47.639  3.566 0.0000000000
29222  -23.989  -47.109  4.212 0.0000000000
29223  -28.957  -48.018  4.785 0.0000000000
29224  -29.388  -46.859  3.787 0.0000000000
29225  -31.460  -45.418  2.890 0.0000000000
29226  -31.177  -46.466  4.076 0.0000000000
29231  -15.452  -48.062  3.885 0.0000000000
29232  -23.693  -47.345  2.699 0.0000000000
29233  -24.090  -46.969  3.021 0.0000000000
29234  -29.361  -47.553  3.246 0.0000000000
29235  -31.376  -46.479  2.687 0.0000000000
29240  -15.731  -47.852  3.514 0.0000000000
29241  -16.420  -47.527  3.002 0.0000000000
29242  -17.328  -47.418  2.727 0.0000000000
29243  -18.930  -47.735  2.605 0.0000000000
29244  -19.645  -47.520  2.641 0.0000000000
29245  -20.461  -47.714  2.564 0.0000000000
29246  -22.061  -47.706  2.397 0.0000000000
29247  -22.910  -47.396  2.304 0.0000000000
29248  -23.509  -46.950  2.460 0.0000000000
29249  -29.437  -47.538  1.932 0.0000000000
29250  -31.837  -46.383  1.143 0.0000000000
29257  -29.805  -47.062  0.745 0.0000000000
29258  -32.098  -46.387  0.038 0.0000000000
29264  -30.679  -46.688  0.019 0.0000000000
29265  -31.689  -46.590  -0.207 0.0000000000
29266  -32.220  -46.888  -0.093 0.0000000000
29985  -25.864  -46.472  8.080 0.0000000000
29986  -26.441  -46.421  8.226 0.0000000000
29987  -27.228  -46.453  8.126 0.0000000000
29999  -24.771  -46.865  7.042 0.0000000000
30000  -25.424  -46.913  7.708 0.0000000000
30012  -19.087  -45.814  5.381 0.0000000000
30016  -24.381  -46.691  6.085 0.0000000000
30017  -28.577  -46.678  6.648 0.0000000000
30018  -28.975  -46.091  6.026 0.0000000000
30028  -15.895  -47.088  4.278 0.0000000000
30029  -16.578  -46.717  4.570 0.0000000000
30030  -18.536  -47.017  4.895 0.0000000000
30032  -24.266  -46.584  4.926 0.0000000000
30033  -28.806  -47.045  5.914 0.0000000000
30034  -29.161  -46.442  5.240 0.0000000000
30044  -15.401  -46.690  3.923 0.0000000000
30045  -24.327  -46.412  3.534 0.0000000000
30046  -29.349  -46.234  4.385 0.0000000000
30054  -18.719  -46.005  3.086 0.0000000000
30055  -19.508  -46.408  2.996 0.0000000000
30056  -20.302  -46.403  3.063 0.0000000000
30057  -21.293  -46.372  3.097 0.0000000000
30058  -22.197  -46.288  2.983 0.0000000000
30059  -23.906  -46.725  2.444 0.0000000000
30060  -24.171  -46.350  2.495 0.0000000000
30061  -29.492  -46.632  2.620 0.0000000000
30062  -31.756  -45.314  1.420 0.0000000000
30070  -15.691  -47.118  3.622 0.0000000000
30071  -16.358  -46.797  3.236 0.0000000000
30072  -17.298  -46.692  2.919 0.0000000000
30073  -19.022  -46.889  2.771 0.0000000000
30074  -19.979  -46.998  2.777 0.0000000000
30075  -21.051  -47.158  2.718 0.0000000000
30076  -22.164  -46.992  2.618 0.0000000000
30077  -23.173  -46.519  2.416 0.0000000000
30078  -23.971  -46.158  2.242 0.0000000000
30079  -24.205  -45.840  2.239 0.0000000000
30080  -31.750  -45.294  0.338 0.0000000000
30087  -30.408  -45.979  0.303 0.0000000000
30088  -30.922  -45.085  -0.021 0.0000000000
30089  -31.597  -45.420  0.146 0.0000000000
30094  -31.337  -45.702  -0.100 0.0000000000
30808  -25.971  -45.736  8.189 0.0000000000
30809  -26.798  -45.792  8.380 0.0000000000
30810  -27.526  -45.689  8.251 0.0000000000
30822  -24.734  -45.928  6.667 0.0000000000
30823  -25.325  -45.574  7.537 0.0000000000
30824  -27.915  -46.228  7.812 0.0000000000
30825  -28.236  -45.515  7.920 0.0000000000
30826  -28.808  -45.203  7.334 0.0000000000
30838  -17.655  -44.739  5.431 0.0000000000
30839  -18.559  -45.105  5.461 0.0000000000
30842  -24.568  -45.206  5.904 0.0000000000
30843  -24.915  -44.974  6.857 0.0000000000
30844  -28.552  -46.034  7.132 0.0000000000
30845  -28.997  -45.492  6.547 0.0000000000
30859  -15.760  -46.219  4.331 0.0000000000
30860  -16.028  -44.844  4.819 0.0000000000
30861  -17.817  -45.607  5.186 0.0000000000
30862  -24.516  -45.420  4.737 0.0000000000
30863  -29.249  -45.251  5.737 0.0000000000
30876  -15.404  -45.897  4.067 0.0000000000
30877  -15.585  -45.385  4.130 0.0000000000
30878  -24.524  -45.738  3.519 0.0000000000
30879  -29.464  -45.278  3.995 0.0000000000
30890  -15.546  -46.331  3.799 0.0000000000
30891  -15.553  -45.396  3.937 0.0000000000
30892  -16.729  -45.231  3.509 0.0000000000
30893  -18.004  -45.248  3.350 0.0000000000
30894  -19.604  -45.796  3.252 0.0000000000
30895  -20.541  -45.681  3.389 0.0000000000
30896  -21.606  -45.648  3.414 0.0000000000
30897  -22.738  -45.693  2.887 0.0000000000
30898  -24.424  -45.446  2.512 0.0000000000
30899  -29.923  -44.489  2.078 0.0000000000
30907  -16.464  -46.048  3.410 0.0000000000
30908  -17.614  -45.939  3.166 0.0000000000
30909  -23.772  -45.584  2.216 0.0000000000
30910  -24.174  -45.243  2.091 0.0000000000
30911  -30.383  -44.462  0.935 0.0000000000
30912  -31.728  -44.246  0.465 0.0000000000
30917  -30.341  -45.252  0.629 0.0000000000
30918  -30.946  -44.395  0.089 0.0000000000
30919  -31.516  -44.423  0.271 0.0000000000
30924  -31.309  -44.719  0.066 0.0000000000
31665  -26.021  -44.946  8.208 0.0000000000
31666  -27.305  -44.397  8.563 0.0000000000
31667  -28.069  -44.223  8.524 0.0000000000
31668  -28.854  -44.070  8.304 0.0000000000
31677  -20.160  -43.980  6.129 0.0000000000
31681  -25.509  -44.681  7.635 0.0000000000
31682  -28.515  -44.770  8.077 0.0000000000
31683  -29.184  -44.505  7.544 0.0000000000
31693  -17.429  -43.914  5.624 0.0000000000
31694  -18.645  -44.307  5.658 0.0000000000
31695  -24.708  -44.401  6.166 0.0000000000
31696  -25.111  -44.152  6.949 0.0000000000
31697  -29.294  -44.786  6.532 0.0000000000
31707  -15.846  -43.903  5.062 0.0000000000
31708  -24.584  -44.643  5.110 0.0000000000
31709  -29.480  -44.525  5.538 0.0000000000
31715  -15.828  -43.942  4.731 0.0000000000
31716  -19.204  -44.105  3.895 0.0000000000
31717  -20.127  -44.321  3.943 0.0000000000
31718  -21.072  -44.109  4.162 0.0000000000
31724  -15.911  -43.973  4.567 0.0000000000
31725  -17.262  -44.493  3.638 0.0000000000
31726  -18.542  -44.630  3.570 0.0000000000
31727  -19.686  -44.956  3.573 0.0000000000
31728  -20.831  -44.917  3.736 0.0000000000
31729  -22.077  -44.800  3.690 0.0000000000
31730  -23.314  -44.909  2.636 0.0000000000
31731  -24.016  -44.674  1.975 0.0000000000
31732  -24.780  -44.139  3.320 0.0000000000
31733  -30.246  -43.634  2.131 0.0000000000
31734  -31.147  -42.983  0.884 0.0000000000
31740  -24.577  -44.560  2.302 0.0000000000
31741  -30.509  -43.758  1.157 0.0000000000
31742  -31.064  -43.706  0.342 0.0000000000
31743  -31.728  -43.445  0.570 0.0000000000
31747  -31.394  -43.992  0.182 0.0000000000
31748  -31.610  -43.818  0.353 0.0000000000
32456  -26.072  -44.190  8.142 0.0000000000
32457  -26.725  -43.847  8.473 0.0000000000
32458  -27.480  -43.586  8.635 0.0000000000
32459  -28.345  -43.453  8.674 0.0000000000
32460  -29.197  -43.372  8.562 0.0000000000
32461  -30.003  -43.233  8.307 0.0000000000
32464  -17.915  -42.614  6.292 0.0000000000
32465  -20.802  -43.525  6.520 0.0000000000
32467  -25.605  -43.772  7.567 0.0000000000
32468  -26.183  -43.345  8.074 0.0000000000
32469  -29.604  -43.855  7.881 0.0000000000
32470  -30.259  -43.422  7.346 0.0000000000
32472  -16.060  -43.052  5.438 0.0000000000
32473  -16.916  -43.017  5.946 0.0000000000
32474  -18.218  -43.406  5.949 0.0000000000
32475  -19.287  -43.674  5.970 0.0000000000
32476  -24.888  -43.760  6.390 0.0000000000
32477  -25.244  -43.396  6.917 0.0000000000
32478  -29.733  -44.031  6.745 0.0000000000
32479  -30.300  -43.249  6.117 0.0000000000
32487  -15.805  -43.163  5.073 0.0000000000
32488  -24.686  -43.784  5.499 0.0000000000
32489  -29.785  -43.788  5.452 0.0000000000
32490  -30.279  -42.866  4.716 0.0000000000
32503  -15.792  -43.442  4.869 0.0000000000
32504  -17.093  -43.121  4.330 0.0000000000
32505  -18.942  -43.445  4.171 0.0000000000
32506  -19.999  -43.524  4.259 0.0000000000
32507  -21.175  -43.237  4.446 0.0000000000
32508  -21.955  -43.052  4.361 0.0000000000
32509  -24.753  -43.537  4.434 0.0000000000
32510  -29.936  -43.407  4.347 0.0000000000
32511  -30.387  -42.660  3.354 0.0000000000
32527  -16.099  -43.320  4.670 0.0000000000
32528  -16.580  -43.836  4.134 0.0000000000
32529  -17.970  -43.779  3.939 0.0000000000
32530  -21.985  -43.808  4.178 0.0000000000
32531  -22.649  -43.358  3.612 0.0000000000
32532  -23.451  -44.048  2.505 0.0000000000
32533  -24.946  -43.832  2.276 0.0000000000
32534  -29.930  -43.616  3.418 0.0000000000
32535  -30.690  -42.702  2.048 0.0000000000
32549  -24.184  -43.590  1.809 0.0000000000
32550  -24.848  -43.605  1.875 0.0000000000
32551  -31.821  -42.661  0.920 0.0000000000
32563  -24.722  -43.037  1.645 0.0000000000
32564  -31.599  -43.504  0.470 0.0000000000
33262  -29.133  -42.058  9.201 0.0000000000
33263  -29.928  -42.105  9.219 0.0000000000
33268  -26.856  -43.000  8.488 0.0000000000
33269  -27.729  -42.667  8.726 0.0000000000
33270  -28.698  -42.713  8.892 0.0000000000
33271  -29.546  -42.697  8.867 0.0000000000
33272  -30.354  -42.600  8.710 0.0000000000
33282  -16.455  -41.613  6.212 0.0000000000
33283  -16.969  -42.170  6.307 0.0000000000
33284  -18.637  -42.113  6.528 0.0000000000
33285  -19.621  -42.332  6.576 0.0000000000
33286  -20.606  -42.666  6.707 0.0000000000
33287  -25.687  -42.941  7.471 0.0000000000
33288  -26.301  -42.371  7.948 0.0000000000
33289  -30.842  -42.796  6.841 0.0000000000
33290  -31.377  -42.455  7.572 0.0000000000
33302  -16.288  -42.365  5.856 0.0000000000
33303  -24.932  -43.151  6.216 0.0000000000
33304  -25.332  -42.646  6.753 0.0000000000
33305  -30.836  -42.238  5.312 0.0000000000
33306  -31.413  -42.133  6.393 0.0000000000
33319  -16.253  -41.989  5.722 0.0000000000
33320  -24.818  -42.954  5.380 0.0000000000
33321  -25.049  -42.193  5.404 0.0000000000
33322  -30.813  -41.864  3.611 0.0000000000
33335  -15.860  -42.906  5.031 0.0000000000
33336  -16.462  -42.532  4.758 0.0000000000
33337  -17.596  -42.344  4.447 0.0000000000
33338  -19.277  -42.788  4.391 0.0000000000
33339  -20.312  -42.577  4.554 0.0000000000
33340  -21.399  -42.324  4.550 0.0000000000
33341  -22.283  -42.489  4.125 0.0000000000
33342  -24.925  -42.740  4.273 0.0000000000
33343  -25.217  -42.186  3.541 0.0000000000
33344  -31.320  -41.860  2.012 0.0000000000
33356  -22.919  -42.578  3.177 0.0000000000
33357  -23.382  -43.283  2.532 0.0000000000
33358  -25.108  -43.043  2.845 0.0000000000
33359  -25.442  -42.488  2.164 0.0000000000
33368  -23.615  -42.680  2.060 0.0000000000
33369  -25.171  -42.891  1.657 0.0000000000
33370  -25.350  -42.080  1.428 0.0000000000
33379  -24.315  -42.615  1.573 0.0000000000
33380  -24.916  -42.407  1.374 0.0000000000
34090  -22.819  -41.413  10.099 0.0000000000
34094  -28.814  -41.297  9.247 0.0000000000
34095  -29.597  -41.419  9.410 0.0000000000
34096  -30.373  -41.527  9.463 0.0000000000
34109  -21.095  -41.372  7.702 0.0000000000
34112  -26.760  -41.537  8.156 0.0000000000
34113  -27.518  -41.703  8.607 0.0000000000
34114  -28.329  -41.948  8.973 0.0000000000
34115  -31.938  -42.023  8.096 0.0000000000
34131  -17.230  -41.465  6.578 0.0000000000
34132  -18.170  -41.427  6.744 0.0000000000
34133  -19.189  -41.445  6.884 0.0000000000
34135  -25.698  -42.195  7.274 0.0000000000
34136  -26.101  -41.397  7.417 0.0000000000
34147  -16.366  -41.059  6.138 0.0000000000
34148  -25.840  -40.893  6.718 0.0000000000
34160  -16.302  -41.168  5.807 0.0000000000
34161  -25.284  -41.449  5.321 0.0000000000
34172  -16.586  -41.017  5.426 0.0000000000
34173  -17.070  -41.542  4.795 0.0000000000
34174  -18.325  -41.668  4.583 0.0000000000
34175  -19.445  -41.884  4.617 0.0000000000
34176  -20.514  -41.696  4.717 0.0000000000
34177  -21.304  -41.382  4.531 0.0000000000
34178  -21.958  -41.090  4.045 0.0000000000
34179  -25.299  -41.397  4.255 0.0000000000
34189  -23.128  -41.857  2.677 0.0000000000
34190  -25.521  -41.559  2.994 0.0000000000
34201  -23.789  -41.940  1.792 0.0000000000
34202  -25.762  -41.613  1.729 0.0000000000
34209  -24.551  -41.908  1.305 0.0000000000
34210  -25.179  -41.691  1.061 0.0000000000
34211  -25.770  -41.396  0.994 0.0000000000
34837  -23.932  -40.754  11.156 0.0000000000
34846  -22.843  -40.631  10.164 0.0000000000
34847  -24.113  -40.034  10.913 0.0000000000
34859  -21.827  -39.828  9.217 0.0000000000
34860  -22.370  -40.238  9.670 0.0000000000
34861  -28.565  -40.466  9.101 0.0000000000
34862  -29.292  -40.633  9.442 0.0000000000
34863  -30.519  -40.128  10.006 0.0000000000
34878  -20.603  -39.707  8.300 0.0000000000
34879  -21.296  -40.170  8.647 0.0000000000
34880  -21.928  -40.744  9.063 0.0000000000
34881  -26.676  -40.860  7.817 0.0000000000
34882  -27.320  -40.780  8.316 0.0000000000
34883  -28.080  -41.095  8.842 0.0000000000
34890  -16.650  -40.356  6.450 0.0000000000
34891  -17.236  -40.246  6.908 0.0000000000
34892  -18.272  -40.191  7.283 0.0000000000
34893  -19.285  -40.634  7.355 0.0000000000
34894  -20.238  -40.915  7.471 0.0000000000
34895  -26.403  -40.411  7.195 0.0000000000
34896  -26.957  -40.299  7.788 0.0000000000
34901  -16.420  -40.424  6.068 0.0000000000
34902  -25.565  -40.836  5.951 0.0000000000
34903  -25.994  -40.235  6.368 0.0000000000
34911  -16.515  -40.358  5.772 0.0000000000
34912  -25.450  -40.733  4.968 0.0000000000
34913  -25.733  -40.150  5.542 0.0000000000
34921  -16.988  -40.164  5.287 0.0000000000
34922  -17.928  -39.999  4.889 0.0000000000
34923  -20.636  -40.996  4.705 0.0000000000
34924  -25.548  -40.746  3.807 0.0000000000
34930  -22.014  -40.277  3.733 0.0000000000
34931  -22.661  -40.967  3.136 0.0000000000
34932  -23.399  -40.498  2.425 0.0000000000
34933  -25.940  -40.949  2.434 0.0000000000
34937  -23.391  -41.279  2.306 0.0000000000
34938  -24.099  -41.208  1.570 0.0000000000
34939  -24.682  -40.869  1.091 0.0000000000
34940  -26.217  -40.998  1.300 0.0000000000
34942  -24.822  -41.364  1.028 0.0000000000
34943  -25.390  -40.951  0.779 0.0000000000
34944  -26.182  -40.761  0.684 0.0000000000
35594  -22.914  -39.894  10.081 0.0000000000
35595  -23.629  -39.618  10.350 0.0000000000
35596  -24.440  -39.383  10.654 0.0000000000
35609  -22.436  -39.496  9.574 0.0000000000
35610  -23.112  -39.234  9.820 0.0000000000
35611  -29.048  -39.834  9.322 0.0000000000
35612  -29.757  -39.985  9.674 0.0000000000
35624  -21.242  -39.378  8.794 0.0000000000
35625  -27.523  -39.823  8.089 0.0000000000
35626  -28.367  -39.584  8.686 0.0000000000
35632  -16.982  -39.685  6.716 0.0000000000
35633  -17.746  -39.567  7.128 0.0000000000
35634  -18.709  -39.406  7.477 0.0000000000
35635  -19.736  -39.300  7.908 0.0000000000
35636  -26.936  -39.712  7.415 0.0000000000
35641  -16.602  -39.709  6.232 0.0000000000
35642  -26.500  -39.630  6.671 0.0000000000
35643  -27.038  -39.051  6.940 0.0000000000
35648  -16.555  -39.653  5.917 0.0000000000
35649  -25.686  -40.064  4.569 0.0000000000
35650  -26.127  -39.593  5.900 0.0000000000
35655  -16.769  -39.551  5.584 0.0000000000
35656  -17.264  -39.396  5.126 0.0000000000
35657  -17.886  -39.154  4.791 0.0000000000
35658  -18.769  -39.331  4.672 0.0000000000
35659  -19.813  -39.489  4.542 0.0000000000
35660  -20.736  -39.575  4.332 0.0000000000
35661  -26.046  -39.331  4.283 0.0000000000
35666  -21.538  -39.592  4.000 0.0000000000
35667  -22.294  -39.551  3.588 0.0000000000
35668  -23.122  -39.624  3.032 0.0000000000
35669  -25.933  -40.130  3.276 0.0000000000
35670  -26.461  -39.607  2.648 0.0000000000
35673  -24.007  -39.804  2.166 0.0000000000
35674  -24.926  -40.195  1.026 0.0000000000
35675  -26.441  -40.456  1.807 0.0000000000
35676  -26.986  -40.069  0.982 0.0000000000
35679  -25.893  -40.263  0.467 0.0000000000
35680  -26.610  -40.259  0.506 0.0000000000
36420  -23.928  -38.893  9.976 0.0000000000
36434  -21.884  -39.052  9.172 0.0000000000
36435  -22.622  -38.812  9.376 0.0000000000
36439  -29.012  -39.038  9.116 0.0000000000
36440  -29.636  -38.666  9.413 0.0000000000
36450  -20.580  -38.939  8.445 0.0000000000
36451  -21.339  -38.656  8.705 0.0000000000
36452  -22.139  -38.304  8.832 0.0000000000
36453  -23.082  -38.173  9.089 0.0000000000
36454  -27.917  -38.992  8.007 0.0000000000
36455  -28.570  -38.634  8.463 0.0000000000
36464  -16.824  -39.047  6.361 0.0000000000
36465  -17.393  -38.977  6.808 0.0000000000
36466  -20.013  -38.471  7.952 0.0000000000
36467  -27.591  -38.599  7.310 0.0000000000
36468  -28.208  -38.221  7.723 0.0000000000
36473  -16.580  -38.900  5.988 0.0000000000
36474  -26.616  -38.896  6.050 0.0000000000
36475  -27.271  -38.351  6.530 0.0000000000
36481  -16.743  -38.806  5.634 0.0000000000
36482  -26.439  -38.619  4.979 0.0000000000
36483  -26.980  -38.109  5.641 0.0000000000
36486  -16.954  -38.874  5.307 0.0000000000
36487  -17.304  -38.605  4.914 0.0000000000
36488  -18.284  -38.397  4.612 0.0000000000
36489  -19.434  -38.628  4.510 0.0000000000
36490  -21.204  -38.860  4.173 0.0000000000
36491  -21.808  -38.182  4.188 0.0000000000
36492  -26.515  -38.694  3.656 0.0000000000
36496  -21.937  -38.911  3.898 0.0000000000
36497  -22.742  -38.805  3.607 0.0000000000
36498  -23.732  -38.930  2.970 0.0000000000
36499  -24.245  -38.165  3.043 0.0000000000
36500  -27.038  -39.111  2.018 0.0000000000
36503  -24.688  -39.059  1.895 0.0000000000
36504  -25.456  -38.601  1.290 0.0000000000
36505  -27.526  -39.310  0.441 0.0000000000
36506  -25.686  -39.629  0.618 0.0000000000
36507  -26.516  -39.256  0.227 0.0000000000
36508  -27.405  -39.136  -0.031 0.0000000000
36509  -28.003  -38.786  -0.064 0.0000000000
37282  -20.807  -38.231  8.275 0.0000000000
37283  -22.022  -37.618  8.288 0.0000000000
37284  -22.664  -37.737  8.590 0.0000000000
37287  -28.808  -37.776  8.207 0.0000000000
37288  -29.563  -37.378  8.672 0.0000000000
37298  -16.996  -37.752  6.240 0.0000000000
37299  -17.770  -38.128  6.671 0.0000000000
37300  -18.737  -38.045  7.042 0.0000000000
37301  -19.564  -37.931  7.432 0.0000000000
37302  -20.340  -37.759  7.728 0.0000000000
37303  -21.194  -37.500  7.902 0.0000000000
37304  -27.824  -37.857  6.992 0.0000000000
37305  -28.462  -37.423  7.426 0.0000000000
37306  -29.117  -36.971  7.855 0.0000000000
37314  -16.611  -37.293  5.931 0.0000000000
37315  -27.557  -37.612  6.174 0.0000000000
37316  -28.152  -37.140  6.629 0.0000000000
37323  -16.659  -37.830  5.644 0.0000000000
37324  -26.816  -37.962  4.527 0.0000000000
37325  -27.367  -37.432  5.256 0.0000000000
37330  -16.809  -37.971  5.121 0.0000000000
37331  -17.337  -37.769  4.713 0.0000000000
37332  -18.189  -37.427  4.492 0.0000000000
37333  -20.674  -37.378  4.476 0.0000000000
37334  -21.459  -37.444  4.411 0.0000000000
37335  -22.264  -37.367  4.277 0.0000000000
37336  -26.976  -38.108  3.185 0.0000000000
37337  -27.283  -37.373  4.129 0.0000000000
37343  -23.083  -37.293  3.986 0.0000000000
37344  -23.879  -37.356  3.559 0.0000000000
37345  -24.549  -37.445  3.010 0.0000000000
37346  -27.549  -38.534  1.730 0.0000000000
37347  -27.486  -37.591  2.864 0.0000000000
37349  -25.209  -37.600  2.221 0.0000000000
37350  -25.992  -38.008  0.969 0.0000000000
37351  -28.136  -38.654  0.507 0.0000000000
37352  -26.914  -38.427  0.003 0.0000000000
37353  -27.745  -38.493  -0.233 0.0000000000
37354  -28.477  -38.466  -0.001 0.0000000000
37355  -28.328  -38.341  -0.171 0.0000000000
37356  -28.782  -38.007  -0.063 0.0000000000
38160  -22.784  -37.116  8.051 0.0000000000
38178  -16.868  -36.926  6.155 0.0000000000
38179  -17.614  -36.649  6.337 0.0000000000
38180  -19.210  -37.300  6.859 0.0000000000
38181  -20.511  -37.066  7.315 0.0000000000
38182  -21.224  -36.728  7.331 0.0000000000
38183  -21.948  -36.988  7.720 0.0000000000
38186  -28.745  -36.654  7.073 0.0000000000
38187  -29.455  -36.172  7.411 0.0000000000
38198  -16.527  -36.413  5.770 0.0000000000
38199  -16.809  -36.045  6.036 0.0000000000
38200  -27.895  -36.913  5.808 0.0000000000
38201  -28.471  -36.434  6.271 0.0000000000
38202  -29.045  -36.008  6.682 0.0000000000
38211  -16.352  -36.006  5.300 0.0000000000
38212  -27.760  -36.792  4.867 0.0000000000
38213  -28.301  -36.281  5.413 0.0000000000
38222  -16.545  -36.159  4.913 0.0000000000
38223  -17.104  -36.359  4.585 0.0000000000
38224  -17.980  -36.598  4.407 0.0000000000
38225  -19.634  -36.308  4.430 0.0000000000
38226  -20.480  -36.584  4.465 0.0000000000
38227  -21.146  -36.840  4.478 0.0000000000
38228  -21.822  -36.704  4.406 0.0000000000
38229  -27.750  -36.824  3.743 0.0000000000
38230  -28.213  -36.215  4.430 0.0000000000
38238  -22.601  -36.548  4.184 0.0000000000
38239  -23.470  -36.359  3.712 0.0000000000
38240  -24.206  -36.713  3.367 0.0000000000
38241  -27.978  -37.117  2.460 0.0000000000
38242  -28.246  -36.293  3.283 0.0000000000
38247  -24.807  -36.709  2.848 0.0000000000
38248  -25.558  -36.852  2.048 0.0000000000
38249  -28.617  -37.797  0.843 0.0000000000
38250  -28.469  -36.633  2.140 0.0000000000
38255  -26.399  -37.142  0.979 0.0000000000
38256  -27.302  -37.504  0.111 0.0000000000
38257  -29.152  -37.478  0.171 0.0000000000
38260  -28.047  -37.732  -0.341 0.0000000000
38261  -28.651  -37.685  -0.232 0.0000000000
38262  -29.165  -37.364  -0.188 0.0000000000
39101  -17.626  -35.769  6.212 0.0000000000
39102  -18.452  -35.486  6.289 0.0000000000
39103  -19.362  -35.676  6.421 0.0000000000
39104  -20.319  -35.837  6.576 0.0000000000
39105  -21.162  -36.051  6.791 0.0000000000
39123  -16.414  -35.535  5.561 0.0000000000
39124  -16.916  -35.150  6.084 0.0000000000
39125  -17.626  -34.916  6.068 0.0000000000
39126  -19.926  -35.033  6.266 0.0000000000
39127  -20.961  -35.173  6.366 0.0000000000
39131  -28.831  -35.776  5.891 0.0000000000
39142  -16.209  -35.115  5.198 0.0000000000
39143  -28.721  -35.673  4.962 0.0000000000
39153  -16.150  -35.489  4.745 0.0000000000
39154  -16.786  -35.331  4.563 0.0000000000
39155  -17.777  -35.318  4.224 0.0000000000
39156  -19.467  -35.544  4.285 0.0000000000
39157  -20.272  -35.738  4.340 0.0000000000
39158  -21.209  -36.022  4.372 0.0000000000
39159  -28.709  -35.682  3.905 0.0000000000
39160  -29.328  -35.251  4.424 0.0000000000
39165  -17.381  -34.462  4.058 0.0000000000
39166  -18.718  -34.949  4.058 0.0000000000
39167  -19.951  -34.908  4.003 0.0000000000
39168  -21.700  -35.187  3.861 0.0000000000
39169  -22.667  -35.661  3.855 0.0000000000
39170  -23.413  -35.278  3.294 0.0000000000
39171  -24.220  -35.908  3.199 0.0000000000
39172  -28.864  -35.835  2.636 0.0000000000
39173  -29.359  -35.344  3.394 0.0000000000
39177  -24.192  -34.801  2.652 0.0000000000
39178  -25.008  -35.813  2.583 0.0000000000
39179  -29.103  -36.680  1.182 0.0000000000
39180  -29.606  -35.753  1.558 0.0000000000
39181  -30.414  -35.238  1.383 0.0000000000
39186  -25.838  -35.922  1.872 0.0000000000
39187  -26.704  -36.075  1.056 0.0000000000
39188  -29.681  -36.640  0.149 0.0000000000
39189  -30.236  -35.831  0.405 0.0000000000
39192  -27.643  -36.296  0.275 0.0000000000
39193  -28.366  -35.879  -0.105 0.0000000000
39194  -29.164  -35.495  -0.373 0.0000000000
39195  -29.580  -36.420  -0.170 0.0000000000
39196  -30.274  -35.945  -0.141 0.0000000000
39197  -30.117  -35.428  -0.399 0.0000000000
39198  -30.621  -34.947  -0.333 0.0000000000
40004  -18.818  -34.761  6.118 0.0000000000
40020  -16.317  -34.774  5.346 0.0000000000
40021  -16.739  -34.402  5.590 0.0000000000
40022  -17.670  -34.079  5.786 0.0000000000
40023  -20.410  -34.456  5.977 0.0000000000
40024  -21.255  -34.386  5.922 0.0000000000
40035  -35.536  -33.900  5.906 0.0000000000
40036  -36.220  -34.397  6.434 0.0000000000
40046  -16.243  -34.512  5.090 0.0000000000
40047  -16.307  -34.056  5.128 0.0000000000
40051  -30.022  -34.841  4.786 0.0000000000
40053  -31.495  -34.310  5.386 0.0000000000
40054  -32.264  -34.111  5.685 0.0000000000
40055  -36.442  -34.120  4.715 0.0000000000
40056  -37.448  -34.495  2.581 0.0000000000
40062  -16.278  -34.740  4.919 0.0000000000
40063  -16.392  -33.933  4.787 0.0000000000
40064  -30.010  -34.931  3.789 0.0000000000
40065  -30.703  -34.574  4.126 0.0000000000
40066  -31.407  -34.277  4.425 0.0000000000
40072  -16.571  -34.378  4.517 0.0000000000
40073  -18.459  -34.178  3.727 0.0000000000
40074  -20.093  -34.135  3.472 0.0000000000
40075  -22.533  -34.761  3.313 0.0000000000
40076  -30.011  -35.151  2.642 0.0000000000
40077  -30.658  -34.663  3.128 0.0000000000
40078  -31.345  -34.333  3.420 0.0000000000
40084  -21.607  -33.546  2.743 0.0000000000
40085  -22.393  -33.948  2.775 0.0000000000
40086  -23.213  -34.334  2.765 0.0000000000
40087  -25.179  -34.872  2.190 0.0000000000
40088  -31.291  -34.453  2.352 0.0000000000
40092  -25.949  -34.860  1.552 0.0000000000
40093  -26.764  -34.852  0.971 0.0000000000
40094  -30.779  -35.275  0.267 0.0000000000
40095  -31.420  -34.492  0.416 0.0000000000
40098  -27.478  -34.777  0.490 0.0000000000
40099  -28.158  -34.524  0.127 0.0000000000
40100  -28.660  -34.175  -0.127 0.0000000000
40101  -31.051  -34.845  -0.105 0.0000000000
40102  -31.489  -34.120  0.036 0.0000000000
40103  -29.377  -34.404  -0.355 0.0000000000
40104  -30.122  -34.367  -0.434 0.0000000000
40105  -30.847  -34.123  -0.279 0.0000000000
40106  -31.247  -33.575  -0.030 0.0000000000
40959  -16.749  -33.580  5.301 0.0000000000
40960  -18.917  -33.814  5.721 0.0000000000
40961  -20.738  -33.736  5.545 0.0000000000
40965  -33.088  -33.867  5.883 0.0000000000
40967  -34.849  -33.639  5.662 0.0000000000
40973  -16.517  -33.291  4.812 0.0000000000
40974  -19.779  -33.213  5.344 0.0000000000
40975  -21.455  -33.211  5.225 0.0000000000
40979  -32.099  -33.949  4.749 0.0000000000
40980  -32.817  -33.672  5.031 0.0000000000
40981  -33.614  -33.504  5.098 0.0000000000
40982  -34.569  -33.380  4.937 0.0000000000
40983  -35.707  -33.623  4.535 0.0000000000
40984  -36.701  -34.014  3.236 0.0000000000
40990  -16.645  -32.978  4.383 0.0000000000
40991  -28.106  -33.157  3.992 0.0000000000
40992  -28.771  -33.177  3.971 0.0000000000
40993  -29.478  -33.081  3.911 0.0000000000
40994  -30.066  -32.890  3.186 0.0000000000
40995  -32.015  -33.961  3.743 0.0000000000
40996  -32.712  -33.615  4.111 0.0000000000
40997  -34.166  -33.125  4.114 0.0000000000
40998  -35.335  -33.175  3.734 0.0000000000
40999  -36.455  -33.611  2.747 0.0000000000
41000  -37.540  -34.061  1.650 0.0000000000
41009  -17.657  -33.525  3.686 0.0000000000
41010  -19.141  -33.530  3.337 0.0000000000
41011  -20.215  -33.540  3.110 0.0000000000
41012  -20.897  -33.873  3.136 0.0000000000
41013  -25.634  -33.270  2.808 0.0000000000
41014  -26.655  -33.434  2.838 0.0000000000
41015  -27.516  -33.264  3.496 0.0000000000
41016  -28.270  -33.378  3.237 0.0000000000
41017  -29.203  -33.253  2.950 0.0000000000
41018  -31.956  -33.989  2.600 0.0000000000
41019  -32.651  -33.531  3.014 0.0000000000
41020  -33.487  -33.161  3.437 0.0000000000
41021  -37.254  -33.417  1.438 0.0000000000
41022  -37.666  -33.661  1.531 0.0000000000
41026  -19.931  -32.940  2.866 0.0000000000
41027  -20.819  -33.198  2.751 0.0000000000
41028  -23.001  -33.555  2.492 0.0000000000
41029  -24.235  -33.446  2.367 0.0000000000
41030  -25.132  -33.724  2.121 0.0000000000
41031  -26.039  -33.695  1.813 0.0000000000
41032  -26.957  -33.502  1.469 0.0000000000
41033  -27.826  -33.178  1.120 0.0000000000
41034  -29.351  -32.899  1.599 0.0000000000
41035  -31.898  -34.136  1.302 0.0000000000
41036  -32.564  -33.500  1.656 0.0000000000
41037  -33.288  -32.976  2.227 0.0000000000
41042  -26.025  -33.996  1.365 0.0000000000
41043  -26.739  -33.669  1.011 0.0000000000
41044  -27.519  -33.376  0.767 0.0000000000
41045  -28.287  -33.110  0.502 0.0000000000
41046  -28.721  -32.831  0.857 0.0000000000
41047  -32.010  -33.747  0.493 0.0000000000
41048  -32.544  -33.227  0.770 0.0000000000
41049  -33.164  -32.751  1.157 0.0000000000
41052  -27.348  -33.756  0.563 0.0000000000
41053  -28.049  -33.516  0.283 0.0000000000
41054  -28.729  -33.411  0.003 0.0000000000
41055  -29.256  -32.885  0.320 0.0000000000
41056  -30.050  -32.799  0.275 0.0000000000
41057  -31.700  -33.356  0.225 0.0000000000
41058  -32.259  -32.953  0.490 0.0000000000
41059  -29.433  -33.572  -0.187 0.0000000000
41060  -30.021  -33.389  -0.125 0.0000000000
41061  -30.662  -33.157  0.007 0.0000000000
41062  -31.198  -32.960  0.144 0.0000000000
41899  -17.687  -33.229  5.451 0.0000000000
41900  -18.680  -33.033  5.349 0.0000000000
41903  -30.987  -32.146  5.942 0.0000000000
41904  -37.446  -32.252  5.084 0.0000000000
41917  -17.806  -32.478  5.018 0.0000000000
41918  -19.026  -32.432  4.949 0.0000000000
41919  -21.309  -32.395  4.757 0.0000000000
41923  -28.885  -32.296  5.169 0.0000000000
41924  -29.713  -32.452  5.323 0.0000000000
41925  -30.649  -32.423  5.275 0.0000000000
41926  -31.678  -32.019  5.117 0.0000000000
41927  -37.753  -32.518  3.328 0.0000000000
41928  -38.227  -32.968  3.898 0.0000000000
41936  -16.769  -32.039  4.111 0.0000000000
41937  -26.820  -32.425  4.057 0.0000000000
41938  -27.567  -32.666  4.230 0.0000000000
41939  -28.431  -32.707  4.511 0.0000000000
41940  -29.216  -32.799  4.638 0.0000000000
41941  -30.189  -32.788  4.369 0.0000000000
41942  -31.201  -32.351  4.270 0.0000000000
41943  -34.325  -32.798  3.173 0.0000000000
41944  -34.969  -32.789  3.211 0.0000000000
41945  -36.100  -33.010  2.240 0.0000000000
41946  -37.711  -32.840  1.649 0.0000000000
41951  -17.111  -32.008  3.716 0.0000000000
41952  -18.009  -32.629  3.356 0.0000000000
41953  -24.603  -32.203  3.266 0.0000000000
41954  -25.421  -32.480  3.444 0.0000000000
41955  -26.244  -32.805  3.602 0.0000000000
41956  -26.957  -32.977  3.729 0.0000000000
41957  -29.900  -32.837  2.241 0.0000000000
41958  -30.572  -32.407  2.185 0.0000000000
41959  -31.338  -31.783  2.075 0.0000000000
41960  -34.086  -32.609  2.371 0.0000000000
41961  -35.176  -32.468  2.039 0.0000000000
41962  -36.680  -32.647  1.241 0.0000000000
41963  -37.230  -32.811  1.212 0.0000000000
41968  -17.796  -31.692  3.340 0.0000000000
41969  -19.072  -32.702  2.991 0.0000000000
41970  -20.583  -32.436  2.541 0.0000000000
41971  -21.521  -32.739  2.477 0.0000000000
41972  -22.218  -32.607  2.391 0.0000000000
41973  -23.240  -32.580  2.497 0.0000000000
41974  -23.939  -32.621  2.681 0.0000000000
41975  -24.775  -32.992  2.753 0.0000000000
41976  -30.127  -32.369  1.307 0.0000000000
41977  -30.871  -31.882  1.222 0.0000000000
41978  -33.818  -32.452  1.537 0.0000000000
41979  -34.641  -32.163  1.255 0.0000000000
41980  -35.790  -32.116  1.007 0.0000000000
41981  -36.673  -32.265  1.029 0.0000000000
41986  -29.620  -32.545  0.759 0.0000000000
41987  -30.376  -32.255  0.795 0.0000000000
41988  -31.130  -31.900  0.796 0.0000000000
41989  -32.926  -32.468  0.786 0.0000000000
41990  -33.929  -32.065  0.936 0.0000000000
41991  -34.909  -31.880  1.017 0.0000000000
41992  -35.358  -31.562  0.968 0.0000000000
41996  -29.963  -32.573  0.518 0.0000000000
41997  -30.659  -32.480  0.419 0.0000000000
41998  -31.634  -32.464  0.441 0.0000000000
41999  -32.452  -32.160  0.619 0.0000000000
42000  -33.302  -31.790  0.832 0.0000000000
42809  -30.811  -31.120  7.283 0.0000000000
42810  -31.594  -31.254  7.093 0.0000000000
42811  -32.463  -30.870  7.209 0.0000000000
42812  -33.119  -30.574  7.315 0.0000000000
42813  -35.903  -31.188  6.547 0.0000000000
42830  -29.792  -31.409  6.436 0.0000000000
42831  -30.715  -31.621  6.647 0.0000000000
42832  -31.707  -31.721  6.149 0.0000000000
42833  -32.479  -31.221  6.408 0.0000000000
42834  -33.184  -30.745  6.628 0.0000000000
42835  -35.994  -31.150  5.224 0.0000000000
42836  -36.667  -31.669  5.900 0.0000000000
42848  -17.056  -31.945  4.412 0.0000000000
42849  -18.074  -31.710  4.577 0.0000000000
42850  -19.336  -31.661  4.541 0.0000000000
42851  -20.536  -31.632  4.463 0.0000000000
42855  -28.598  -31.496  5.383 0.0000000000
42856  -29.408  -31.891  5.761 0.0000000000
42857  -30.197  -32.114  6.002 0.0000000000
42858  -32.539  -31.400  5.396 0.0000000000
42859  -33.290  -30.848  5.683 0.0000000000
42860  -36.463  -31.220  3.506 0.0000000000
42861  -36.930  -31.744  4.439 0.0000000000
42866  -17.052  -31.353  4.071 0.0000000000
42867  -17.556  -30.594  3.909 0.0000000000
42868  -26.610  -30.940  4.187 0.0000000000
42869  -27.206  -31.773  4.400 0.0000000000
42870  -28.108  -32.097  4.783 0.0000000000
42871  -31.924  -31.778  4.011 0.0000000000
42872  -32.568  -31.372  4.277 0.0000000000
42873  -33.341  -30.800  4.554 0.0000000000
42874  -36.565  -31.175  2.025 0.0000000000
42875  -37.260  -31.984  1.746 0.0000000000
42879  -17.153  -31.341  3.830 0.0000000000
42880  -17.564  -30.661  3.800 0.0000000000
42881  -23.627  -31.193  3.071 0.0000000000
42882  -24.405  -31.352  3.386 0.0000000000
42883  -25.226  -31.615  3.628 0.0000000000
42884  -26.162  -31.885  3.980 0.0000000000
42885  -31.691  -31.829  3.132 0.0000000000
42886  -32.450  -31.250  3.152 0.0000000000
42887  -33.233  -30.706  3.371 0.0000000000
42888  -36.381  -31.442  1.276 0.0000000000
42889  -36.993  -31.994  1.120 0.0000000000
42894  -17.795  -30.824  3.356 0.0000000000
42895  -18.500  -31.371  2.823 0.0000000000
42896  -20.352  -31.485  2.376 0.0000000000
42897  -21.821  -32.055  2.342 0.0000000000
42898  -23.351  -31.960  2.747 0.0000000000
42899  -31.736  -31.478  1.227 0.0000000000
42900  -32.533  -31.145  1.444 0.0000000000
42901  -33.024  -30.649  2.087 0.0000000000
42902  -36.025  -31.833  0.917 0.0000000000
42906  -31.889  -31.776  0.703 0.0000000000
42907  -32.532  -31.510  0.873 0.0000000000
42908  -34.341  -31.431  1.019 0.0000000000
43686  -31.912  -30.787  7.666 0.0000000000
43704  -30.170  -31.014  7.029 0.0000000000
43705  -33.763  -30.449  6.970 0.0000000000
43707  -35.176  -30.690  5.952 0.0000000000
43713  -18.210  -30.735  4.219 0.0000000000
43714  -19.661  -30.865  4.241 0.0000000000
43715  -20.810  -30.778  4.213 0.0000000000
43716  -22.433  -30.194  4.438 0.0000000000
43718  -28.706  -30.450  5.680 0.0000000000
43719  -29.353  -30.689  6.386 0.0000000000
43720  -33.878  -30.512  6.055 0.0000000000
43721  -34.519  -30.472  5.610 0.0000000000
43725  -18.853  -30.124  4.012 0.0000000000
43726  -19.935  -30.067  3.971 0.0000000000
43727  -21.037  -29.958  3.990 0.0000000000
43728  -27.350  -30.689  4.507 0.0000000000
43729  -28.082  -30.636  5.033 0.0000000000
43730  -34.073  -30.422  4.885 0.0000000000
43731  -34.642  -30.314  3.925 0.0000000000
43732  -35.596  -30.542  3.217 0.0000000000
43737  -18.001  -30.025  3.561 0.0000000000
43738  -24.124  -30.476  3.278 0.0000000000
43739  -24.962  -30.674  3.552 0.0000000000
43740  -26.389  -30.067  3.926 0.0000000000
43741  -33.973  -30.333  3.721 0.0000000000
43742  -34.773  -30.256  2.911 0.0000000000
43743  -35.722  -30.595  2.041 0.0000000000
43748  -17.990  -30.041  3.271 0.0000000000
43749  -18.455  -30.349  2.730 0.0000000000
43750  -19.653  -30.380  2.333 0.0000000000
43751  -21.379  -30.446  2.244 0.0000000000
43752  -22.333  -30.450  2.470 0.0000000000
43753  -23.236  -30.289  2.795 0.0000000000
43754  -33.948  -30.320  2.565 0.0000000000
43755  -34.875  -30.438  1.830 0.0000000000
43756  -35.626  -31.007  1.206 0.0000000000
43762  -18.341  -29.489  2.869 0.0000000000
43763  -18.857  -29.685  2.527 0.0000000000
43764  -20.436  -29.889  2.128 0.0000000000
43765  -21.037  -29.554  2.014 0.0000000000
43766  -34.065  -30.628  1.509 0.0000000000
43767  -34.912  -30.912  1.169 0.0000000000
44529  -21.918  -29.748  4.182 0.0000000000
44530  -22.681  -29.567  4.438 0.0000000000
44531  -23.444  -29.453  4.688 0.0000000000
44533  -28.706  -29.328  5.447 0.0000000000
44534  -29.139  -29.059  5.933 0.0000000000
44538  -18.334  -29.386  3.330 0.0000000000
44539  -18.898  -29.361  3.620 0.0000000000
44540  -20.173  -29.238  3.729 0.0000000000
44541  -21.258  -29.132  3.856 0.0000000000
44542  -27.100  -29.840  4.196 0.0000000000
44543  -27.510  -28.958  4.132 0.0000000000
44544  -28.209  -29.112  4.734 0.0000000000
44549  -18.276  -29.413  3.158 0.0000000000
44550  -23.947  -29.496  2.994 0.0000000000
44551  -24.883  -29.243  3.253 0.0000000000
44552  -26.097  -29.420  3.603 0.0000000000
44553  -26.728  -29.245  3.765 0.0000000000
44558  -21.265  -28.815  1.862 0.0000000000
44559  -23.125  -29.437  2.584 0.0000000000
44560  -24.323  -28.461  2.669 0.0000000000
44565  -18.760  -29.135  2.639 0.0000000000
44566  -19.491  -29.273  2.258 0.0000000000
44567  -20.306  -28.857  1.908 0.0000000000
45262  -29.360  -28.433  6.028 0.0000000000
45267  -22.156  -28.982  4.126 0.0000000000
45268  -22.978  -28.827  4.419 0.0000000000
45269  -23.809  -28.707  4.696 0.0000000000
45272  -28.659  -28.468  4.997 0.0000000000
45273  -29.005  -28.610  5.547 0.0000000000
45277  -18.675  -28.844  3.203 0.0000000000
45278  -19.338  -28.543  3.319 0.0000000000
45279  -20.437  -28.359  3.509 0.0000000000
45280  -21.513  -28.309  3.733 0.0000000000
45281  -22.431  -28.182  4.042 0.0000000000
45282  -28.155  -28.272  4.339 0.0000000000
45287  -18.556  -28.866  3.073 0.0000000000
45288  -18.990  -28.367  3.032 0.0000000000
45289  -25.305  -28.550  3.070 0.0000000000
45290  -26.951  -28.456  3.537 0.0000000000
45291  -27.591  -28.035  3.734 0.0000000000
45297  -18.965  -28.436  2.868 0.0000000000
45298  -21.626  -27.830  1.610 0.0000000000
45299  -25.848  -27.945  2.835 0.0000000000
45304  -18.549  -28.932  2.898 0.0000000000
45305  -19.088  -28.651  2.570 0.0000000000
45306  -19.955  -28.083  1.916 0.0000000000
45307  -20.599  -27.971  1.743 0.0000000000
45308  -22.654  -28.155  1.917 0.0000000000
46041  -24.250  -27.853  4.665 0.0000000000
46044  -29.168  -27.855  5.399 0.0000000000
46048  -19.772  -27.746  3.033 0.0000000000
46049  -20.772  -27.574  3.311 0.0000000000
46050  -21.766  -27.497  3.570 0.0000000000
46051  -23.307  -28.021  4.360 0.0000000000
46052  -24.435  -26.985  4.460 0.0000000000
46053  -25.255  -26.770  4.756 0.0000000000
46054  -28.690  -27.664  4.641 0.0000000000
46055  -29.215  -27.076  4.931 0.0000000000
46061  -20.068  -27.382  2.599 0.0000000000
46062  -26.482  -28.015  3.150 0.0000000000
46063  -27.037  -27.704  3.205 0.0000000000
46071  -19.566  -27.899  2.757 0.0000000000
46072  -20.061  -27.361  2.301 0.0000000000
46073  -24.282  -27.520  1.990 0.0000000000
46074  -24.922  -27.229  1.877 0.0000000000
46075  -26.416  -27.293  2.557 0.0000000000
46076  -27.174  -27.000  2.746 0.0000000000
46079  -19.592  -28.011  2.399 0.0000000000
46080  -20.102  -27.435  1.944 0.0000000000
46081  -20.760  -27.004  1.609 0.0000000000
46082  -21.560  -26.658  1.235 0.0000000000
46083  -23.428  -27.849  1.995 0.0000000000
46084  -24.390  -26.792  1.319 0.0000000000
46085  -25.164  -26.647  1.421 0.0000000000
46879  -30.190  -26.339  6.452 0.0000000000
46885  -29.626  -27.040  5.675 0.0000000000
46886  -29.987  -26.220  5.680 0.0000000000
46890  -20.411  -27.131  2.793 0.0000000000
46891  -21.034  -26.882  3.057 0.0000000000
46892  -21.948  -26.668  3.290 0.0000000000
46893  -23.065  -26.502  3.568 0.0000000000
46894  -24.643  -26.159  4.120 0.0000000000
46895  -25.490  -25.922  4.506 0.0000000000
46897  -28.760  -26.946  4.332 0.0000000000
46898  -29.261  -26.300  4.461 0.0000000000
46902  -20.439  -26.785  2.260 0.0000000000
46903  -21.096  -26.183  2.379 0.0000000000
46904  -22.190  -25.922  2.824 0.0000000000
46905  -23.029  -25.742  3.091 0.0000000000
46906  -23.801  -25.957  3.538 0.0000000000
46907  -27.799  -26.665  3.126 0.0000000000
46908  -28.575  -26.330  3.638 0.0000000000
46909  -29.166  -25.754  3.820 0.0000000000
46920  -20.501  -26.728  1.934 0.0000000000
46921  -21.400  -25.602  1.461 0.0000000000
46922  -26.707  -26.460  2.029 0.0000000000
46923  -27.386  -26.219  2.335 0.0000000000
46924  -28.129  -25.770  2.623 0.0000000000
46933  -21.139  -26.036  1.487 0.0000000000
46934  -22.702  -26.256  0.739 0.0000000000
46935  -23.745  -26.232  0.671 0.0000000000
46936  -24.585  -26.069  0.658 0.0000000000
46937  -25.422  -25.929  0.823 0.0000000000
46938  -26.313  -25.787  1.124 0.0000000000
46939  -27.013  -25.882  1.641 0.0000000000
46940  -22.388  -25.439  0.603 0.0000000000
46941  -23.160  -25.496  0.425 0.0000000000
46942  -23.955  -25.532  0.318 0.0000000000
47726  -29.838  -25.878  4.962 0.0000000000
47727  -30.332  -25.425  5.364 0.0000000000
47731  -25.079  -25.470  3.942 0.0000000000
47732  -25.684  -25.110  4.227 0.0000000000
47733  -29.690  -25.498  4.268 0.0000000000
47734  -30.284  -24.733  3.959 0.0000000000
47738  -21.670  -25.475  2.078 0.0000000000
47739  -22.526  -25.208  2.275 0.0000000000
47740  -23.538  -25.256  2.853 0.0000000000
47741  -24.401  -25.376  3.435 0.0000000000
47742  -28.847  -25.480  3.138 0.0000000000
47743  -29.528  -25.132  3.476 0.0000000000
47749  -21.854  -25.054  1.411 0.0000000000
47750  -27.582  -25.535  1.741 0.0000000000
47751  -28.231  -25.058  1.797 0.0000000000
47752  -29.245  -24.840  2.653 0.0000000000
47762  -21.584  -25.358  1.118 0.0000000000
47763  -21.720  -24.998  0.994 0.0000000000
47764  -26.318  -25.052  0.455 0.0000000000
47765  -27.012  -25.333  1.018 0.0000000000
47766  -27.693  -24.897  1.094 0.0000000000
47767  -21.924  -25.065  0.823 0.0000000000
47768  -22.667  -24.929  0.521 0.0000000000
47769  -23.564  -24.896  0.273 0.0000000000
47770  -24.680  -25.072  0.156 0.0000000000
48482  -31.122  -24.191  5.648 0.0000000000
48483  -31.347  -23.856  4.808 0.0000000000
48489  -25.890  -24.245  3.874 0.0000000000
48496  -23.189  -24.618  1.900 0.0000000000
48497  -24.124  -24.640  2.566 0.0000000000
48498  -25.042  -24.648  3.338 0.0000000000
48499  -29.946  -24.460  2.958 0.0000000000
48500  -30.679  -24.007  3.207 0.0000000000
48504  -22.430  -24.733  1.452 0.0000000000
48505  -22.853  -24.433  1.031 0.0000000000
48506  -23.845  -24.176  1.438 0.0000000000
48507  -28.866  -24.589  1.904 0.0000000000
48508  -29.579  -24.191  2.113 0.0000000000
48509  -30.266  -23.800  2.438 0.0000000000
48518  -22.100  -24.734  1.030 0.0000000000
48519  -23.799  -24.144  0.734 0.0000000000
48520  -27.667  -24.102  0.756 0.0000000000
48521  -28.339  -24.417  1.270 0.0000000000
48525  -22.292  -24.726  0.816 0.0000000000
48526  -23.137  -24.533  0.578 0.0000000000
48527  -24.051  -24.383  0.316 0.0000000000
48528  -24.778  -24.287  0.137 0.0000000000
48529  -25.553  -24.559  0.153 0.0000000000
48530  -26.880  -24.516  0.483 0.0000000000
49210  -30.964  -23.585  6.491 0.0000000000
49211  -31.444  -23.352  5.471 0.0000000000
49228  -26.114  -23.344  3.581 0.0000000000
49229  -26.547  -23.822  4.517 0.0000000000
49230  -31.731  -23.150  4.512 0.0000000000
49235  -24.642  -23.906  2.153 0.0000000000
49236  -25.415  -23.658  2.859 0.0000000000
49237  -25.848  -22.730  2.398 0.0000000000
49238  -31.294  -23.482  3.380 0.0000000000
49239  -31.797  -23.004  3.604 0.0000000000
49243  -24.502  -23.682  1.085 0.0000000000
49244  -25.181  -23.249  1.669 0.0000000000
49245  -25.770  -22.756  1.247 0.0000000000
49246  -29.800  -23.493  1.867 0.0000000000
49247  -30.901  -23.370  2.691 0.0000000000
49256  -24.553  -23.886  0.437 0.0000000000
49257  -25.279  -23.430  0.684 0.0000000000
49258  -26.534  -22.703  0.932 0.0000000000
49259  -27.570  -23.157  0.856 0.0000000000
49260  -28.461  -23.248  1.168 0.0000000000
49261  -28.993  -23.857  1.444 0.0000000000
49266  -25.194  -23.939  0.198 0.0000000000
49267  -25.974  -23.864  0.258 0.0000000000
49268  -26.775  -23.523  0.557 0.0000000000
49993  -31.268  -22.676  6.176 0.0000000000
50006  -26.989  -22.288  5.118 0.0000000000
50015  -26.664  -22.935  4.309 0.0000000000
50016  -32.173  -22.510  3.954 0.0000000000
50021  -26.433  -22.078  2.783 0.0000000000
50022  -32.151  -22.362  3.113 0.0000000000
50027  -26.374  -22.140  1.756 0.0000000000
50028  -27.053  -21.785  1.733 0.0000000000
50029  -29.026  -22.274  1.723 0.0000000000
50030  -30.069  -22.716  1.954 0.0000000000
50031  -30.941  -22.798  2.425 0.0000000000
50032  -31.540  -22.877  2.881 0.0000000000
50040  -27.205  -22.338  1.237 0.0000000000
50041  -27.959  -22.678  1.167 0.0000000000
50042  -29.201  -23.072  1.493 0.0000000000
50776  -30.823  -21.290  6.754 0.0000000000
50777  -31.399  -21.800  6.021 0.0000000000
50787  -31.972  -21.498  5.110 0.0000000000
50797  -26.922  -21.399  4.397 0.0000000000
50798  -32.560  -21.799  3.440 0.0000000000
50799  -33.158  -21.081  2.965 0.0000000000
50804  -26.822  -21.447  3.295 0.0000000000
50805  -27.080  -21.025  2.908 0.0000000000
50806  -32.527  -21.642  2.862 0.0000000000
50808  -26.747  -21.583  2.403 0.0000000000
50809  -27.439  -21.389  2.169 0.0000000000
50810  -28.461  -21.452  2.124 0.0000000000
50811  -29.876  -21.659  2.326 0.0000000000
50812  -31.235  -21.685  2.484 0.0000000000
50813  -31.708  -22.187  2.654 0.0000000000
50814  -32.869  -21.070  2.718 0.0000000000
50818  -27.927  -22.025  1.563 0.0000000000
51549  -30.756  -20.440  6.843 0.0000000000
51550  -31.383  -20.797  6.005 0.0000000000
51561  -32.054  -20.699  5.103 0.0000000000
51571  -27.364  -20.007  3.916 0.0000000000
51572  -32.760  -21.213  4.041 0.0000000000
51580  -27.079  -20.728  3.859 0.0000000000
51581  -27.456  -20.525  3.322 0.0000000000
51582  -30.346  -20.205  3.044 0.0000000000
51583  -31.517  -20.388  2.663 0.0000000000
51584  -33.508  -20.332  2.826 0.0000000000
51585  -33.596  -19.699  2.547 0.0000000000
51588  -27.832  -20.844  2.720 0.0000000000
51589  -28.850  -20.777  2.731 0.0000000000
51590  -30.746  -21.028  2.648 0.0000000000
51591  -32.578  -20.642  2.511 0.0000000000
51592  -33.231  -20.497  2.637 0.0000000000
52307  -31.116  -19.988  6.363 0.0000000000
52318  -31.677  -19.977  5.634 0.0000000000
52319  -32.571  -20.053  4.590 0.0000000000
52331  -33.308  -19.702  3.797 0.0000000000
52341  -28.773  -19.260  3.787 0.0000000000
52342  -29.858  -19.384  3.514 0.0000000000
52343  -31.054  -19.484  3.054 0.0000000000
52344  -32.409  -19.672  2.461 0.0000000000
52345  -33.797  -19.697  2.954 0.0000000000
52351  -33.167  -20.014  2.405 0.0000000000
53173  -31.217  -19.279  6.217 0.0000000000
53185  -31.933  -19.177  5.384 0.0000000000
53186  -33.125  -18.278  4.236 0.0000000000
53198  -33.896  -18.278  3.239 0.0000000000
53207  -30.437  -18.490  3.541 0.0000000000
53208  -31.797  -18.714  2.784 0.0000000000
53209  -33.617  -19.038  3.557 0.0000000000
53210  -34.027  -18.993  2.737 0.0000000000
53219  -32.843  -18.866  2.257 0.0000000000
53220  -33.456  -18.527  2.185 0.0000000000
53221  -33.818  -18.913  2.369 0.0000000000
54059  -31.597  -17.567  5.719 0.0000000000
54070  -32.515  -17.487  4.799 0.0000000000
54084  -33.498  -17.480  3.801 0.0000000000
54085  -34.035  -17.519  2.826 0.0000000000
54093  -30.209  -17.480  3.649 0.0000000000
54094  -31.329  -17.759  3.159 0.0000000000
54104  -32.618  -17.973  2.340 0.0000000000
54105  -33.427  -17.740  2.129 0.0000000000
54106  -33.724  -17.504  2.380 0.0000000000
54863  -31.496  -16.037  5.730 0.0000000000
54874  -31.926  -16.716  5.346 0.0000000000
54891  -32.952  -16.592  4.355 0.0000000000
54892  -33.862  -16.770  3.267 0.0000000000
54906  -30.064  -16.538  3.490 0.0000000000
54907  -31.040  -16.470  3.043 0.0000000000
54908  -31.930  -16.990  2.566 0.0000000000
54923  -31.723  -16.085  2.452 0.0000000000
54924  -32.757  -16.499  2.002 0.0000000000
54925  -33.369  -16.943  2.072 0.0000000000
55665  -32.197  -15.923  5.018 0.0000000000
55680  -32.526  -15.226  4.641 0.0000000000
55681  -32.903  -15.817  4.368 0.0000000000
55682  -33.593  -16.002  3.603 0.0000000000
55697  -29.569  -15.682  3.312 0.0000000000
55698  -30.612  -15.841  2.949 0.0000000000
55699  -33.922  -15.303  3.097 0.0000000000
55700  -33.957  -16.202  2.754 0.0000000000
55714  -30.100  -15.129  2.698 0.0000000000
55715  -31.285  -15.285  2.344 0.0000000000
55716  -33.328  -16.059  1.971 0.0000000000
55717  -33.671  -16.549  2.340 0.0000000000
56490  -32.143  -14.464  4.886 0.0000000000
56491  -33.207  -14.614  4.011 0.0000000000
56505  -33.903  -14.458  3.104 0.0000000000
56506  -33.779  -14.712  2.383 0.0000000000
56517  -29.583  -14.499  2.393 0.0000000000
56518  -30.620  -14.501  2.111 0.0000000000
56519  -32.007  -14.710  1.803 0.0000000000
56520  -33.255  -14.895  1.818 0.0000000000
56521  -33.576  -14.027  1.962 0.0000000000
56541  -27.092  -13.856  1.502 0.0000000000
56542  -31.372  -13.890  1.649 0.0000000000
56543  -32.483  -14.082  1.581 0.0000000000
56544  -33.142  -13.969  1.632 0.0000000000
57287  -31.952  -12.843  4.781 0.0000000000
57288  -32.556  -13.718  4.459 0.0000000000
57297  -33.459  -13.756  3.642 0.0000000000
57308  -28.094  -13.836  1.833 0.0000000000
57309  -29.202  -13.882  1.943 0.0000000000
57310  -30.192  -13.835  1.799 0.0000000000
57311  -33.757  -13.283  2.095 0.0000000000
57328  -27.537  -13.460  1.137 0.0000000000
57329  -28.501  -13.314  1.462 0.0000000000
57330  -29.531  -13.258  1.581 0.0000000000
57331  -30.596  -13.215  1.542 0.0000000000
57332  -32.570  -13.363  1.432 0.0000000000
57333  -33.336  -13.351  1.672 0.0000000000
57346  -26.131  -13.276  0.273 0.0000000000
57347  -26.998  -13.074  0.538 0.0000000000
58040  -32.433  -12.169  4.351 0.0000000000
58059  -33.248  -12.214  3.691 0.0000000000
58060  -33.919  -12.230  2.989 0.0000000000
58076  -33.867  -12.633  2.334 0.0000000000
58089  -27.916  -12.875  0.903 0.0000000000
58090  -28.873  -12.664  1.258 0.0000000000
58091  -29.904  -12.544  1.387 0.0000000000
58092  -30.955  -12.501  1.359 0.0000000000
58093  -32.011  -12.553  1.255 0.0000000000
58094  -32.974  -12.648  1.289 0.0000000000
58095  -33.568  -12.664  1.776 0.0000000000
58108  -26.512  -12.575  0.043 0.0000000000
58109  -27.378  -12.371  0.372 0.0000000000
58110  -28.271  -12.166  0.767 0.0000000000
58775  -32.705  -11.467  4.019 0.0000000000
58796  -33.455  -11.457  3.384 0.0000000000
58797  -33.868  -11.443  2.819 0.0000000000
58815  -33.904  -11.886  2.181 0.0000000000
58827  -29.231  -11.907  1.071 0.0000000000
58828  -30.288  -11.799  1.190 0.0000000000
58829  -31.338  -11.807  1.116 0.0000000000
58830  -32.461  -11.772  0.976 0.0000000000
58831  -33.348  -11.949  1.357 0.0000000000
58842  -26.190  -12.073  -0.267 0.0000000000
58843  -28.498  -11.370  0.617 0.0000000000
58844  -29.617  -10.992  0.856 0.0000000000
58845  -30.707  -11.195  0.957 0.0000000000
58846  -31.612  -11.066  0.792 0.0000000000
59507  -32.218  -10.775  4.275 0.0000000000
59528  -32.888  -10.750  3.687 0.0000000000
59529  -33.653  -10.634  3.030 0.0000000000
59548  -33.940  -10.000  2.312 0.0000000000
59560  -33.185  -11.235  0.960 0.0000000000
59571  -26.517  -10.616  -0.363 0.0000000000
59572  -26.984  -10.805  -0.470 0.0000000000
59573  -28.558  -10.470  0.370 0.0000000000
59574  -29.496  -10.012  0.505 0.0000000000
59575  -31.916  -10.288  0.463 0.0000000000
59576  -32.552  -10.879  0.697 0.0000000000
59577  -33.528  -10.022  0.702 0.0000000000
59582  -26.973  -10.119  -0.602 0.0000000000
60238  -31.786  -10.107  4.503 0.0000000000
60239  -32.390  -10.069  3.938 0.0000000000
60266  -31.919  -9.358  4.114 0.0000000000
60267  -32.667  -9.364  3.439 0.0000000000
60268  -33.447  -9.836  2.966 0.0000000000
60288  -33.455  -9.071  2.620 0.0000000000
60299  -34.038  -9.184  1.766 0.0000000000
60308  -26.184  -9.906  0.176 0.0000000000
60309  -26.771  -9.692  -0.449 0.0000000000
60310  -27.573  -10.047  -0.329 0.0000000000
60311  -28.600  -9.604  0.081 0.0000000000
60312  -30.221  -9.478  0.376 0.0000000000
60313  -31.273  -9.599  0.276 0.0000000000
60314  -32.343  -9.548  0.097 0.0000000000
60315  -33.306  -9.329  0.101 0.0000000000
60316  -33.986  -9.273  0.900 0.0000000000
60321  -27.142  -9.392  -0.674 0.0000000000
60322  -27.832  -9.099  -0.499 0.0000000000
60323  -32.641  -8.819  -0.356 0.0000000000
61115  -31.974  -8.638  3.697 0.0000000000
61116  -32.584  -8.519  3.126 0.0000000000
61135  -33.073  -8.273  2.575 0.0000000000
61136  -33.702  -8.411  2.004 0.0000000000
61147  -26.209  -8.239  0.794 0.0000000000
61148  -33.980  -8.556  1.198 0.0000000000
61160  -26.425  -9.039  0.154 0.0000000000
61161  -28.823  -8.841  -0.153 0.0000000000
61162  -29.800  -8.792  0.111 0.0000000000
61163  -30.755  -8.926  0.088 0.0000000000
61164  -31.706  -8.967  -0.108 0.0000000000
61165  -33.773  -8.596  0.320 0.0000000000
61173  -26.863  -8.854  -0.567 0.0000000000
61174  -27.284  -8.566  -0.771 0.0000000000
61175  -28.058  -8.221  -0.807 0.0000000000
61176  -29.298  -8.151  -0.334 0.0000000000
61177  -30.347  -8.281  -0.201 0.0000000000
61178  -31.939  -8.334  -0.533 0.0000000000
61179  -33.278  -8.484  -0.409 0.0000000000
61904  -32.418  -7.802  2.861 0.0000000000
61928  -32.259  -7.086  2.583 0.0000000000
61929  -33.119  -7.615  2.169 0.0000000000
61930  -33.708  -7.909  1.488 0.0000000000
61947  -33.458  -7.119  1.314 0.0000000000
61948  -33.858  -7.891  0.680 0.0000000000
61959  -26.634  -7.595  0.260 0.0000000000
61960  -33.648  -7.938  -0.233 0.0000000000
61969  -26.968  -8.018  -0.713 0.0000000000
61970  -27.348  -7.335  -1.032 0.0000000000
61971  -27.782  -7.421  -1.282 0.0000000000
61972  -28.817  -7.437  -0.842 0.0000000000
61973  -30.029  -7.548  -0.548 0.0000000000
61974  -32.031  -7.675  -1.016 0.0000000000
61975  -32.831  -8.087  -0.962 0.0000000000
61976  -33.297  -7.924  -0.841 0.0000000000
61983  -32.140  -7.060  -1.399 0.0000000000
61984  -32.795  -7.363  -1.376 0.0000000000
61985  -33.180  -7.555  -1.202 0.0000000000
62647  -32.163  -6.411  2.252 0.0000000000
62668  -32.774  -6.341  1.569 0.0000000000
62681  -26.969  -6.920  -0.243 0.0000000000
62682  -33.391  -6.317  0.726 0.0000000000
62683  -33.717  -7.167  0.204 0.0000000000
62689  -27.425  -6.344  -1.056 0.0000000000
62690  -27.724  -6.745  -1.610 0.0000000000
62691  -28.337  -6.802  -1.552 0.0000000000
62692  -29.651  -6.815  -1.050 0.0000000000
62693  -31.053  -7.059  -1.003 0.0000000000
62694  -33.516  -7.267  -0.811 0.0000000000
62702  -27.738  -6.211  -1.927 0.0000000000
62703  -29.220  -6.207  -1.676 0.0000000000
62704  -30.576  -6.279  -1.475 0.0000000000
62705  -31.831  -6.483  -1.687 0.0000000000
62706  -32.787  -6.641  -1.797 0.0000000000
62707  -33.218  -6.834  -1.463 0.0000000000
63394  -31.140  -5.800  3.019 0.0000000000
63410  -31.397  -5.176  2.379 0.0000000000
63411  -32.094  -5.748  1.897 0.0000000000
63434  -32.013  -5.024  1.545 0.0000000000
63450  -27.086  -5.866  0.410 0.0000000000
63451  -27.475  -5.430  -0.694 0.0000000000
63452  -33.335  -5.501  0.140 0.0000000000
63453  -33.638  -6.422  -0.266 0.0000000000
63459  -27.556  -5.634  -1.676 0.0000000000
63460  -33.421  -5.200  -0.741 0.0000000000
63461  -33.595  -5.885  -0.839 0.0000000000
63469  -27.816  -5.620  -2.344 0.0000000000
63470  -28.082  -6.228  -2.133 0.0000000000
63471  -30.163  -5.614  -1.921 0.0000000000
63472  -31.536  -5.799  -2.087 0.0000000000
63473  -32.664  -6.008  -2.276 0.0000000000
63474  -33.168  -6.049  -2.076 0.0000000000
63475  -33.443  -6.217  -1.493 0.0000000000
63485  -28.435  -5.186  -2.677 0.0000000000
63486  -29.736  -5.052  -2.427 0.0000000000
63487  -31.079  -5.078  -2.384 0.0000000000
63488  -32.295  -5.315  -2.565 0.0000000000
63489  -32.914  -5.499  -2.437 0.0000000000
64246  -30.925  -4.324  2.623 0.0000000000
64247  -31.458  -4.390  1.844 0.0000000000
64262  -31.946  -4.411  1.192 0.0000000000
64263  -32.590  -4.843  0.768 0.0000000000
64285  -32.260  -4.105  0.522 0.0000000000
64286  -32.999  -4.630  -0.159 0.0000000000
64294  -27.550  -4.757  -0.940 0.0000000000
64295  -33.247  -4.606  -1.386 0.0000000000
64296  -33.443  -5.548  -1.543 0.0000000000
64302  -27.555  -4.954  -2.112 0.0000000000
64303  -33.177  -5.214  -2.252 0.0000000000
64312  -27.825  -4.882  -2.769 0.0000000000
64313  -28.278  -4.479  -3.154 0.0000000000
64314  -29.318  -4.505  -2.980 0.0000000000
64315  -30.613  -4.470  -2.817 0.0000000000
64316  -31.907  -4.584  -2.960 0.0000000000
64317  -32.667  -4.733  -2.685 0.0000000000
64324  -29.034  -3.963  -3.456 0.0000000000
64325  -30.203  -3.951  -3.313 0.0000000000
64326  -31.378  -3.974  -3.348 0.0000000000
65072  -31.085  -3.680  2.042 0.0000000000
65089  -31.569  -3.725  1.242 0.0000000000
65111  -31.896  -3.342  0.358 0.0000000000
65112  -32.624  -3.825  -0.456 0.0000000000
65122  -27.526  -3.747  -0.166 0.0000000000
65123  -32.209  -3.007  -0.574 0.0000000000
65124  -32.751  -3.600  -1.666 0.0000000000
65132  -27.564  -3.935  -1.568 0.0000000000
65133  -32.603  -3.780  -2.826 0.0000000000
65141  -27.560  -3.742  -2.669 0.0000000000
65142  -27.808  -4.250  -3.144 0.0000000000
65143  -32.187  -3.989  -3.268 0.0000000000
65149  -27.736  -3.548  -3.440 0.0000000000
65150  -28.175  -3.849  -3.507 0.0000000000
65151  -29.917  -3.344  -3.740 0.0000000000
65152  -31.683  -3.435  -3.685 0.0000000000
65153  -32.158  -3.302  -3.474 0.0000000000
65863  -31.328  -2.851  1.113 0.0000000000
65879  -31.603  -2.540  0.180 0.0000000000
65891  -27.583  -2.878  -0.751 0.0000000000
65892  -31.805  -2.261  -0.708 0.0000000000
65899  -27.547  -2.997  -1.923 0.0000000000
65900  -32.055  -2.156  -1.630 0.0000000000
65901  -32.459  -2.909  -2.228 0.0000000000
65908  -27.505  -3.027  -2.973 0.0000000000
65909  -32.177  -2.231  -2.584 0.0000000000
65910  -32.392  -2.956  -2.984 0.0000000000
65917  -27.648  -2.843  -3.768 0.0000000000
65918  -28.133  -3.098  -3.992 0.0000000000
65919  -29.193  -2.888  -4.172 0.0000000000
65920  -31.065  -3.073  -4.058 0.0000000000
65921  -31.659  -2.740  -3.993 0.0000000000
65926  -27.856  -2.419  -4.271 0.0000000000
65927  -28.678  -2.238  -4.612 0.0000000000
65928  -29.916  -2.351  -4.615 0.0000000000
65929  -30.954  -2.477  -4.486 0.0000000000
65930  -31.420  -2.016  -4.479 0.0000000000
66591  -30.837  -1.507  0.952 0.0000000000
66592  -31.287  -1.639  0.054 0.0000000000
66607  -30.791  -0.970  0.447 0.0000000000
66608  -31.554  -1.488  -0.997 0.0000000000
66617  -27.617  -2.126  -1.292 0.0000000000
66618  -31.770  -1.481  -1.997 0.0000000000
66627  -27.466  -1.728  -2.827 0.0000000000
66628  -31.795  -1.495  -3.114 0.0000000000
66634  -27.451  -1.986  -3.888 0.0000000000
66635  -31.563  -1.429  -4.073 0.0000000000
66638  -27.872  -1.642  -4.757 0.0000000000
66639  -28.856  -1.440  -5.289 0.0000000000
66640  -29.661  -1.813  -5.099 0.0000000000
66641  -30.686  -1.772  -5.030 0.0000000000
66642  -31.249  -1.320  -4.789 0.0000000000
66645  -30.016  -1.157  -5.649 0.0000000000
67316  -27.586  -0.445  -0.477 0.0000000000
67317  -30.985  -0.720  -0.409 0.0000000000
67327  -27.681  -0.678  -1.490 0.0000000000
67328  -30.851  -0.023  -1.088 0.0000000000
67329  -31.338  -0.769  -1.455 0.0000000000
67337  -31.189  -0.105  -2.098 0.0000000000
67338  -31.451  -0.638  -2.816 0.0000000000
67345  -27.378  -1.112  -4.310 0.0000000000
67346  -31.444  -0.742  -3.596 0.0000000000
67350  -27.599  -0.551  -5.580 0.0000000000
67351  -28.110  -0.958  -5.505 0.0000000000
67352  -31.079  -0.628  -4.987 0.0000000000
67353  -31.362  -0.834  -4.348 0.0000000000
67357  -28.115  -0.317  -6.279 0.0000000000
67358  -28.992  -0.734  -5.948 0.0000000000
67359  -29.823  -0.340  -6.138 0.0000000000
67360  -30.549  -0.494  -5.623 0.0000000000
67363  -28.403  0.248  -6.777 0.0000000000
67364  -29.008  -0.092  -6.558 0.0000000000
68101  -30.656  0.693  -1.617 0.0000000000
68108  -30.817  0.696  -2.548 0.0000000000
68109  -31.192  -0.006  -3.092 0.0000000000
68116  -27.380  0.637  -3.224 0.0000000000
68117  -30.853  0.713  -3.479 0.0000000000
68118  -31.117  -0.076  -4.156 0.0000000000
68121  -26.882  0.409  -4.993 0.0000000000
68122  -30.778  0.139  -5.114 0.0000000000
68125  -26.772  0.831  -5.766 0.0000000000
68126  -27.246  0.077  -5.959 0.0000000000
68127  -29.613  0.411  -6.431 0.0000000000
68128  -30.307  0.264  -5.898 0.0000000000
68132  -27.170  0.864  -6.704 0.0000000000
68133  -27.818  0.406  -6.817 0.0000000000
68134  -28.271  0.691  -7.046 0.0000000000
68135  -28.865  0.582  -6.827 0.0000000000
68887  -27.475  1.524  -2.648 0.0000000000
68888  -30.457  1.449  -2.117 0.0000000000
68895  -26.779  1.677  -4.308 0.0000000000
68896  -27.206  1.398  -3.541 0.0000000000
68897  -30.579  1.462  -3.024 0.0000000000
68900  -26.452  1.442  -5.409 0.0000000000
68901  -26.973  0.895  -4.209 0.0000000000
68902  -29.972  1.770  -5.321 0.0000000000
68903  -30.395  1.586  -4.484 0.0000000000
68906  -26.502  1.307  -6.495 0.0000000000
68907  -29.972  1.008  -6.043 0.0000000000
68908  -30.431  0.942  -5.270 0.0000000000
68911  -26.819  1.479  -7.235 0.0000000000
68912  -27.737  1.120  -7.218 0.0000000000
68913  -28.551  1.085  -7.076 0.0000000000
68914  -29.343  1.049  -6.666 0.0000000000
69694  -30.270  2.201  -2.621 0.0000000000
69703  -29.913  2.894  -3.922 0.0000000000
69704  -30.304  2.143  -3.623 0.0000000000
69709  -29.663  2.748  -4.870 0.0000000000
69710  -30.086  2.264  -4.448 0.0000000000
69717  -29.418  2.192  -5.879 0.0000000000
69723  -28.108  1.692  -7.222 0.0000000000
69724  -29.022  1.626  -6.738 0.0000000000
96830  -18.954  -42.897  6.276 0.0000000000
96857  -29.477  -45.957  3.324 0.0000000000
96911  -16.573  -36.946  5.166 0.0000000000
96927  -18.145  -62.458  5.818 0.0000000000
96950  -27.411  -51.664  4.300 0.0000000000
97030  -26.147  -48.192  7.715 0.0000000000
97056  -16.909  -32.739  3.865 0.0000000000
97096  -27.670  -11.007  0.038 0.0000000000
97139  -16.978  -61.526  6.893 0.0000000000
97147  -27.650  -1.285  -0.837 0.0000000000
97153  -31.723  -21.082  2.539 0.0000000000
97280  -18.046  -47.977  2.596 0.0000000000
97366  -31.692  -13.689  5.156 0.0000000000
97404  -15.786  -63.027  2.883 0.0000000000
97432  -23.758  -33.876  2.401 0.0000000000
97459  -19.495  -32.074  2.639 0.0000000000
97522  -29.708  -45.464  1.963 0.0000000000
97547  -29.522  -39.344  9.494 0.0000000000
97550  -22.496  -48.991  2.237 0.0000000000
97564  -32.748  -48.177  -0.370 0.0000000000
97630  -17.837  -48.827  2.568 0.0000000000
97647  -37.105  -34.601  5.038 0.0000000000
97723  -25.326  -34.202  1.843 0.0000000000
97773  -31.807  -46.188  -0.035 0.0000000000
97951  -15.685  -45.438  4.355 0.0000000000
98008  -16.842  -49.013  2.729 0.0000000000
98009  -16.530  -49.814  2.794 0.0000000000
98023  -31.083  -7.876  -0.543 0.0000000000
98045  -32.868  -10.153  0.388 0.0000000000
98054  -29.725  -46.306  1.270 0.0000000000
98133  -29.442  -66.229  5.151 0.0000000000
98145  -31.282  -47.446  3.710 0.0000000000
98175  -18.252  -42.977  4.269 0.0000000000
98187  -16.234  -42.048  5.341 0.0000000000
98220  -17.198  -50.489  2.589 0.0000000000
98255  -32.926  -48.930  1.122 0.0000000000
98277  -30.064  -40.776  9.655 0.0000000000
98308  -18.588  -42.333  4.425 0.0000000000
98382  -17.250  -61.334  8.247 0.0000000000
98428  -32.911  -17.219  2.034 0.0000000000
98439  -33.448  -54.950  -0.751 0.0000000000
98443  -20.860  -34.590  3.621 0.0000000000
98512  -16.475  -36.856  5.572 0.0000000000
98639  -32.767  -6.898  2.010 0.0000000000
98649  -29.417  -44.889  4.837 0.0000000000
98651  -22.723  -27.361  3.849 0.0000000000
98683  -16.468  -45.735  4.751 0.0000000000
98693  -16.869  -32.768  4.934 0.0000000000
98764  -22.813  -32.882  2.388 0.0000000000
98802  -17.719  -52.997  2.433 0.0000000000
98845  -27.209  -0.356  -4.854 0.0000000000
98917  -22.412  -52.372  4.003 0.0000000000
98938  -30.241  -57.700  0.563 0.0000000000
98945  -16.733  -38.227  6.076 0.0000000000
98948  -14.910  -62.520  2.929 0.0000000000
98973  -34.207  -51.543  1.964 0.0000000000
98996  -16.816  -37.043  4.839 0.0000000000
99033  -13.563  -60.632  2.539 0.0000000000
99057  -24.855  -52.108  6.521 0.0000000000
99086  -23.491  -33.170  2.390 0.0000000000
99119  -33.326  -33.427  4.415 0.0000000000
99179  -30.715  -24.943  5.757 0.0000000000
99180  -31.687  -59.741  -0.773 0.0000000000
99208  -32.751  -5.599  1.141 0.0000000000
99332  -20.170  -32.430  4.806 0.0000000000
99344  -33.302  -31.109  1.166 0.0000000000
99359  -29.210  -38.240  8.866 0.0000000000
99405  -18.155  -47.178  2.677 0.0000000000
99509  -17.583  -59.946  10.071 0.0000000000
99525  -31.311  -47.572  4.870 0.0000000000
99579  -33.194  -60.619  -0.696 0.0000000000
99633  -32.737  -50.909  3.839 0.0000000000
99647  -18.812  -48.608  2.525 0.0000000000
99669  -22.567  -51.039  3.419 0.0000000000
99752  -17.711  -59.931  1.873 0.0000000000
99756  -29.629  -44.112  4.628 0.0000000000
99773  -16.734  -32.484  4.413 0.0000000000
99776  -24.455  -45.972  5.522 0.0000000000
99781  -27.051  -62.624  2.892 0.0000000000
99816  -16.773  -40.893  6.559 0.0000000000
99836  -25.594  -48.294  7.602 0.0000000000
99837  -16.482  -52.895  2.642 0.0000000000
99874  -36.070  -59.936  -0.153 0.0000000000
99877  -32.395  -50.685  0.188 0.0000000000
99937  -19.024  -58.991  2.608 0.0000000000
99980  -28.090  -57.705  1.633 0.0000000000
99993  -27.743  -29.822  4.634 0.0000000000
100029  -18.082  -48.892  4.570 0.0000000000
100103  -26.160  -28.685  3.356 0.0000000000
100125  -23.309  -53.782  5.779 0.0000000000
100131  -15.724  -44.681  4.354 0.0000000000
100169  -19.923  -33.942  5.727 0.0000000000
100179  -22.040  -31.314  2.401 0.0000000000
100204  -22.452  -40.932  9.678 0.0000000000
100320  -17.594  -46.450  4.846 0.0000000000
100329  -27.188  -47.903  7.502 0.0000000000
100353  -27.537  -2.298  -2.342 0.0000000000
100377  -30.886  -32.422  3.223 0.0000000000
100417  -28.528  -51.974  1.283 0.0000000000
100421  -16.658  -58.705  5.060 0.0000000000
100455  -22.778  -53.572  5.292 0.0000000000
100513  -17.257  -48.648  4.538 0.0000000000
100514  -23.435  -40.326  10.564 0.0000000000
100518  -32.131  -31.215  2.073 0.0000000000
100556  -25.576  -27.247  2.172 0.0000000000
100606  -23.329  -28.729  2.446 0.0000000000
100630  -17.087  -38.460  6.425 0.0000000000
100632  -18.984  -67.578  0.600 0.0000000000
100663  -24.659  -44.200  4.430 0.0000000000
100672  -26.634  -8.369  -0.075 0.0000000000
100739  -24.591  -34.108  2.189 0.0000000000
100740  -31.098  -34.728  1.308 0.0000000000
100754  -27.569  -1.013  -2.335 0.0000000000
100806  -27.553  -59.928  0.235 0.0000000000
100916  -21.612  -31.405  4.466 0.0000000000
100936  -35.107  -52.624  -0.114 0.0000000000
100982  -29.169  -31.235  5.970 0.0000000000
100991  -19.875  -41.062  4.803 0.0000000000
100992  -19.024  -41.152  4.737 0.0000000000
101071  -33.717  -11.230  1.559 0.0000000000
101102  -16.849  -47.086  2.873 0.0000000000
101137  -17.623  -40.802  6.900 0.0000000000
101173  -15.700  -49.958  3.279 0.0000000000
101184  -34.268  -54.962  1.393 0.0000000000
101286  -19.101  -55.908  1.651 0.0000000000
101382  -17.221  -66.593  0.266 0.0000000000
101483  -21.211  -40.445  4.333 0.0000000000
101494  -33.719  -18.267  2.291 0.0000000000
101506  -18.150  -40.891  4.790 0.0000000000
101515  -25.808  -30.843  3.833 0.0000000000
101539  -26.990  -39.768  0.331 0.0000000000
101562  -26.621  -13.611  0.810 0.0000000000
101566  -27.398  -39.226  7.562 0.0000000000
101591  -30.772  -24.655  4.912 0.0000000000
101615  -14.628  -57.884  2.111 0.0000000000
101649  -26.187  -39.168  5.335 0.0000000000
101650  -27.891  -31.403  4.824 0.0000000000
101687  -19.452  -51.620  2.107 0.0000000000
101688  -21.300  -47.882  2.434 0.0000000000
101712  -26.529  -11.344  -0.351 0.0000000000
101811  -34.761  -59.030  1.119 0.0000000000
101952  -29.132  -29.818  6.197 0.0000000000
101979  -18.487  -40.878  7.093 0.0000000000
101992  -27.409  -7.902  -0.979 0.0000000000
102003  -17.284  -58.957  6.109 0.0000000000
102024  -22.484  -27.207  1.286 0.0000000000
102045  -20.803  -35.254  4.092 0.0000000000
102059  -32.350  -21.965  4.284 0.0000000000
102064  -19.626  -34.418  5.970 0.0000000000
102160  -31.215  -56.912  0.182 0.0000000000
102198  -30.268  -55.108  4.924 0.0000000000
102230  -33.003  -10.124  3.428 0.0000000000
102270  -33.036  -49.151  -0.410 0.0000000000
102276  -20.656  -30.742  2.237 0.0000000000
102346  -16.576  -63.008  0.292 0.0000000000
102352  -25.660  -58.641  2.774 0.0000000000
102445  -26.990  -42.245  8.451 0.0000000000
102476  -21.262  -31.375  2.309 0.0000000000
102492  -26.267  -53.100  5.328 0.0000000000
102528  -14.179  -60.319  1.340 0.0000000000
102531  -16.416  -57.943  1.497 0.0000000000
102545  -29.294  -45.698  5.034 0.0000000000
102614  -28.273  -29.852  5.097 0.0000000000
102704  -32.565  -15.603  1.925 0.0000000000
102763  -28.833  -50.745  0.899 0.0000000000
102850  -28.390  -61.328  1.015 0.0000000000
102855  -27.941  -37.974  1.674 0.0000000000
102893  -20.920  -58.496  3.937 0.0000000000
102930  -23.114  -30.159  4.672 0.0000000000
102942  -18.619  -35.915  4.343 0.0000000000
102956  -33.445  -51.760  -0.277 0.0000000000
102979  -31.575  -48.644  4.831 0.0000000000
103011  -29.429  -29.158  6.606 0.0000000000
103013  -22.207  -49.762  2.038 0.0000000000
103025  -21.150  -32.037  2.381 0.0000000000
103094  -29.270  -53.451  1.730 0.0000000000
103136  -25.442  -41.737  6.414 0.0000000000
103143  -15.771  -44.690  4.466 0.0000000000
103261  -23.175  -60.520  3.488 0.0000000000
103406  -31.312  -55.091  3.750 0.0000000000
103434  -27.558  -33.470  2.398 0.0000000000
103453  -32.210  -21.408  2.616 0.0000000000
103459  -24.459  -44.284  2.009 0.0000000000
103476  -16.810  -45.059  5.151 0.0000000000
103507  -27.614  -4.420  -2.550 0.0000000000
103519  -18.963  -65.070  -0.979 0.0000000000
103538  -32.629  -58.876  2.228 0.0000000000
103542  -31.892  -44.170  1.426 0.0000000000
103602  -18.304  -37.341  6.610 0.0000000000
103708  -35.667  -55.094  -0.124 0.0000000000
103749  -27.973  -40.343  8.612 0.0000000000
103780  -22.344  -59.117  4.753 0.0000000000
103849  -27.807  -44.963  8.375 0.0000000000
103853  -31.501  -47.502  2.465 0.0000000000
103868  -21.896  -36.291  7.204 0.0000000000
103870  -33.969  -10.929  2.349 0.0000000000
103877  -14.914  -53.478  3.118 0.0000000000
103898  -17.037  -57.930  1.432 0.0000000000
103934  -15.395  -46.784  3.915 0.0000000000
103935  -16.726  -33.632  4.186 0.0000000000
104008  -33.844  -50.160  1.124 0.0000000000
104027  -25.103  -41.958  4.611 0.0000000000
104030  -20.249  -40.318  4.612 0.0000000000
104066  -32.529  -54.984  2.611 0.0000000000
104073  -28.993  -36.843  -0.397 0.0000000000
104178  -22.859  -31.227  2.646 0.0000000000
104183  -32.873  -66.771  2.834 0.0000000000
104192  -15.782  -59.851  1.251 0.0000000000
104207  -24.573  -50.074  6.951 0.0000000000
104216  -14.429  -57.160  3.406 0.0000000000
104352  -17.502  -37.376  6.413 0.0000000000
104432  -31.020  -64.464  4.092 0.0000000000
104476  -31.626  -5.933  2.483 0.0000000000
104524  -21.395  -40.857  8.363 0.0000000000
104555  -30.184  -66.157  4.499 0.0000000000
104584  -33.335  -20.438  3.411 0.0000000000
104594  -32.118  -2.497  -3.443 0.0000000000
104599  -31.986  -8.034  3.371 0.0000000000
104630  -22.638  -55.223  5.118 0.0000000000
104633  -26.043  -11.484  -0.296 0.0000000000
104664  -21.827  -29.662  2.225 0.0000000000
104685  -21.756  -25.782  0.876 0.0000000000
104826  -25.495  -29.903  3.583 0.0000000000
104853  -19.015  -65.852  -0.904 0.0000000000
104894  -25.545  -46.200  7.803 0.0000000000
104930  -15.427  -58.996  1.439 0.0000000000
104959  -18.276  -50.859  4.505 0.0000000000
104967  -19.918  -43.191  6.354 0.0000000000
105025  -17.285  -40.698  4.976 0.0000000000
105065  -15.470  -52.737  4.437 0.0000000000
105116  -31.994  -54.917  0.411 0.0000000000
105235  -30.922  -3.552  -3.651 0.0000000000
105244  -33.923  -13.782  2.640 0.0000000000
105291  -16.822  -60.133  1.391 0.0000000000
105332  -20.379  -38.779  4.377 0.0000000000
105344  -19.176  -39.905  7.591 0.0000000000
105354  -19.990  -40.128  7.748 0.0000000000
105411  -27.729  -11.724  0.323 0.0000000000
105457  -14.746  -55.445  3.879 0.0000000000
105477  -18.150  -53.021  4.565 0.0000000000
105497  -19.155  -37.761  4.483 0.0000000000
105555  -30.911  -17.038  3.295 0.0000000000
105558  -24.820  -38.131  2.393 0.0000000000
105579  -33.951  -18.285  2.503 0.0000000000
105603  -19.226  -55.369  1.734 0.0000000000
105678  -36.189  -58.992  -0.017 0.0000000000
105764  -29.262  -20.066  3.256 0.0000000000
105780  -24.893  -43.488  3.389 0.0000000000
105781  -15.463  -48.174  3.900 0.0000000000
105837  -16.039  -44.532  3.969 0.0000000000
105848  -25.135  -46.291  7.375 0.0000000000
105853  -30.800  -52.689  5.492 0.0000000000
105919  -22.628  -30.949  4.598 0.0000000000
105925  -17.236  -50.771  4.500 0.0000000000
105954  -19.818  -36.601  6.775 0.0000000000
105957  -23.935  -26.580  4.003 0.0000000000
105962  -34.374  -64.229  2.662 0.0000000000
106017  -24.397  -45.990  2.701 0.0000000000
106023  -30.612  -55.052  1.687 0.0000000000
106041  -18.364  -67.518  0.734 0.0000000000
106055  -17.431  -37.062  4.561 0.0000000000
106060  -33.679  -15.670  2.315 0.0000000000
106068  -27.590  -0.183  -2.416 0.0000000000
106094  -32.816  -53.772  2.865 0.0000000000
106095  -31.607  -53.914  4.036 0.0000000000
106192  -31.527  -42.326  1.252 0.0000000000
106211  -28.471  -54.770  2.111 0.0000000000
106245  -30.863  -40.937  9.814 0.0000000000
106300  -24.643  -57.163  5.422 0.0000000000
106315  -23.624  -27.209  4.204 0.0000000000
106385  -33.998  -9.920  1.458 0.0000000000
106396  -27.379  -1.083  -3.256 0.0000000000
106420  -27.261  -0.345  -3.706 0.0000000000
106449  -21.407  -54.224  2.114 0.0000000000
106468  -20.090  -37.982  4.470 0.0000000000
106476  -31.137  -41.669  9.363 0.0000000000
106482  -31.942  -51.826  4.743 0.0000000000
106525  -21.948  -41.804  4.305 0.0000000000
106551  -27.100  -45.127  8.504 0.0000000000
106570  -29.589  1.534  -6.170 0.0000000000
106615  -19.415  -45.004  5.608 0.0000000000
106625  -19.850  -37.169  4.473 0.0000000000
106626  -18.936  -36.878  4.433 0.0000000000
106640  -33.072  -48.094  -0.229 0.0000000000
106665  -37.348  -31.990  2.925 0.0000000000
106670  -21.923  -61.601  -0.580 0.0000000000
106675  -33.930  -13.000  2.672 0.0000000000
106691  -17.260  -52.912  4.551 0.0000000000
106737  -20.941  -38.110  4.380 0.0000000000
106775  -31.594  -13.195  1.440 0.0000000000
106816  -31.167  -8.488  -0.251 0.0000000000
106929  -32.678  -63.300  3.322 0.0000000000
106932  -20.625  -66.084  1.584 0.0000000000
106937  -31.236  -59.172  -0.738 0.0000000000
106964  -24.643  -44.926  3.588 0.0000000000
106969  -21.916  -57.877  4.635 0.0000000000
107049  -33.692  -12.992  3.296 0.0000000000
107081  -23.518  -27.014  1.281 0.0000000000
107084  -23.246  -55.167  5.597 0.0000000000
107092  -31.519  -0.892  -2.277 0.0000000000
107103  -31.798  -2.090  -3.920 0.0000000000
107139  -29.238  -54.904  2.113 0.0000000000
107292  -20.352  -55.839  1.948 0.0000000000
107313  -18.101  -29.948  3.743 0.0000000000
107340  -27.617  -1.496  -1.826 0.0000000000
107373  -31.388  -48.698  6.552 0.0000000000
107418  -20.353  -62.930  -0.620 0.0000000000
107446  -32.915  -12.950  4.073 0.0000000000
107529  -24.215  -40.519  1.627 0.0000000000
107547  -30.748  -42.929  7.977 0.0000000000
107569  -23.424  -38.099  3.612 0.0000000000
107731  -16.137  -54.969  4.522 0.0000000000
107741  -19.164  -38.658  7.545 0.0000000000
107761  -33.029  -4.443  -2.332 0.0000000000
107793  -33.562  -6.540  -1.043 0.0000000000
107872  -22.650  -40.170  3.204 0.0000000000
107877  -27.440  -48.953  6.712 0.0000000000
107904  -21.672  -34.298  3.226 0.0000000000
107923  -30.821  -22.287  2.327 0.0000000000
107949  -22.610  -38.033  3.989 0.0000000000
107983  -30.430  -25.641  6.036 0.0000000000
107997  -32.781  -19.088  4.504 0.0000000000
107999  -16.642  -62.415  4.264 0.0000000000
108007  -32.126  -59.008  -0.820 0.0000000000
108056  -24.129  -51.999  6.444 0.0000000000
108104  -32.201  -18.329  5.161 0.0000000000
108106  -31.374  -18.446  5.998 0.0000000000
108133  -25.090  -59.442  0.400 0.0000000000
108188  -28.422  -37.042  -0.326 0.0000000000
108191  -23.700  -55.872  5.738 0.0000000000
108316  -25.230  -43.274  2.001 0.0000000000
108324  -35.203  -54.810  0.601 0.0000000000
108472  -18.579  -32.124  2.967 0.0000000000
108518  -16.797  -49.989  4.488 0.0000000000
108606  -26.418  -39.907  0.338 0.0000000000
108622  -25.882  -39.610  5.185 0.0000000000
108633  -24.435  -46.029  4.487 0.0000000000
108664  -21.843  -34.872  6.320 0.0000000000
108675  -22.441  -53.810  4.578 0.0000000000
108700  -30.294  -53.729  1.792 0.0000000000
108769  -22.124  -54.085  3.538 0.0000000000
108795  -35.206  -30.516  4.671 0.0000000000
108833  -14.508  -55.632  3.411 0.0000000000
108903  -19.297  -31.156  2.528 0.0000000000
108931  -19.646  -28.518  2.142 0.0000000000
108936  -25.594  -29.161  3.399 0.0000000000
108956  -35.946  -57.653  -0.189 0.0000000000
108968  -27.552  -0.972  -5.044 0.0000000000
109056  -31.056  -24.076  4.066 0.0000000000
109080  -29.705  -44.454  3.155 0.0000000000
109184  -18.669  -36.407  6.487 0.0000000000
109260  -25.064  -42.512  6.078 0.0000000000
109281  -29.386  -9.322  0.244 0.0000000000
109332  -30.135  -62.212  4.558 0.0000000000
109375  -23.276  -38.697  9.550 0.0000000000
109531  -26.399  -62.225  2.833 0.0000000000
109632  -21.830  -35.599  6.712 0.0000000000
109641  -33.718  -63.400  0.401 0.0000000000
109643  -33.363  -19.275  2.309 0.0000000000
109680  -36.007  -61.269  -0.153 0.0000000000
109718  -23.969  -60.138  3.103 0.0000000000
109915  -28.271  -23.795  1.005 0.0000000000
109931  -16.289  -61.517  5.687 0.0000000000
110001  -29.795  -20.742  2.793 0.0000000000
110059  -28.877  -5.684  -2.222 0.0000000000
110078  -25.959  -26.583  1.666 0.0000000000
110113  -30.801  -1.107  -5.326 0.0000000000
110153  -26.585  -40.529  0.946 0.0000000000
110192  -20.781  -40.525  8.024 0.0000000000
110203  -29.587  -26.512  5.147 0.0000000000
110272  -22.681  -44.197  3.444 0.0000000000
110304  -28.136  -20.066  3.352 0.0000000000
110328  -22.275  -33.205  2.483 0.0000000000
110382  -25.048  -27.824  2.498 0.0000000000
110555  -16.784  -51.293  2.629 0.0000000000
110576  -30.812  -24.502  6.368 0.0000000000
110601  -22.357  -28.924  2.189 0.0000000000
110628  -31.203  -2.123  0.770 0.0000000000
110631  -29.490  -57.921  0.947 0.0000000000
110648  -18.191  -46.522  2.868 0.0000000000
110706  -15.360  -46.057  3.993 0.0000000000
110717  -19.917  -56.252  1.858 0.0000000000
110756  -26.611  -44.618  8.440 0.0000000000
110950  -13.795  -60.867  1.351 0.0000000000
110989  -16.039  -42.648  5.429 0.0000000000
111009  -31.839  -22.464  5.099 0.0000000000
111020  -30.205  -25.253  4.712 0.0000000000
111060  -21.769  -30.524  4.291 0.0000000000
111098  -27.076  0.229  -4.213 0.0000000000
111126  -16.011  -42.636  5.305 0.0000000000
111287  -22.479  -41.787  3.654 0.0000000000
111322  -31.630  -48.079  -0.263 0.0000000000
111362  -31.382  -47.932  6.440 0.0000000000
111379  -22.610  -32.116  2.464 0.0000000000
111381  -19.139  -40.325  4.753 0.0000000000
111414  -16.445  -43.629  5.483 0.0000000000
111517  -22.528  -36.528  7.544 0.0000000000
111527  -26.682  1.022  -4.923 0.0000000000
111530  -22.110  -51.925  1.889 0.0000000000
111539  -16.010  -47.653  4.317 0.0000000000
111593  -16.791  -31.929  4.198 0.0000000000
111612  -24.791  -54.174  5.969 0.0000000000
111635  -20.510  -59.109  3.775 0.0000000000
111688  -20.604  -36.471  6.903 0.0000000000
111698  -26.706  -22.091  3.874 0.0000000000
111755  -32.309  -2.754  -1.359 0.0000000000
111950  -22.048  -36.003  4.264 0.0000000000
111954  -25.683  -25.299  0.424 0.0000000000
112000  -25.564  -58.253  3.742 0.0000000000
112076  -30.734  0.792  -4.383 0.0000000000
112100  -21.481  -38.057  8.453 0.0000000000
112177  -16.367  -63.624  -0.070 0.0000000000
112200  -27.556  -27.366  3.357 0.0000000000
112248  -13.587  -61.712  1.704 0.0000000000
112403  -20.713  -33.017  5.123 0.0000000000
112435  -30.610  -42.097  9.140 0.0000000000
112461  -36.010  -64.549  1.152 0.0000000000
112462  -33.618  -10.624  1.141 0.0000000000
112674  -31.502  -23.537  4.084 0.0000000000
112677  -23.327  -41.090  10.662 0.0000000000
112714  -14.982  -55.437  2.508 0.0000000000
112721  -19.902  -37.336  7.212 0.0000000000
112766  -30.429  -23.246  2.218 0.0000000000
112804  -18.317  -57.825  1.639 0.0000000000
112807  -28.175  -27.356  3.864 0.0000000000
112895  -31.246  -46.642  5.289 0.0000000000
112936  -17.797  -41.960  6.500 0.0000000000
112959  -15.182  -58.303  1.681 0.0000000000
112964  -31.169  -42.289  8.633 0.0000000000
112991  -29.997  -62.865  1.018 0.0000000000
113025  -18.568  -51.475  2.305 0.0000000000
113031  -26.227  -59.442  0.276 0.0000000000
113039  -16.554  -44.354  5.308 0.0000000000
113138  -29.243  -47.574  4.137 0.0000000000
113143  -22.060  -50.445  1.859 0.0000000000
113162  -34.251  -60.836  -0.616 0.0000000000
113197  -19.310  -34.347  3.703 0.0000000000
113264  -21.928  -63.885  1.841 0.0000000000
113294  -18.234  -38.805  7.193 0.0000000000
113301  -22.245  -55.309  4.472 0.0000000000
113367  -32.634  -47.550  -0.184 0.0000000000
113378  -19.602  -44.348  5.808 0.0000000000
113407  -24.362  -54.760  5.971 0.0000000000
113619  -26.015  -23.146  0.625 0.0000000000
113832  -29.577  -44.477  4.044 0.0000000000
113838  -14.130  -61.441  3.199 0.0000000000
113846  -14.756  -54.920  2.735 0.0000000000
113873  -33.295  -15.382  3.990 0.0000000000
113932  -19.122  -67.127  0.115 0.0000000000
113933  -24.570  -59.988  -0.255 0.0000000000
113943  -22.074  -26.474  0.914 0.0000000000
114002  -18.938  -45.318  3.359 0.0000000000
114013  -33.508  -63.571  2.933 0.0000000000
114029  -28.488  -33.340  2.031 0.0000000000
114070  -30.230  -2.813  -4.182 0.0000000000
114114  -28.535  -22.669  1.367 0.0000000000
114181  -30.321  -60.591  -0.518 0.0000000000
114190  -26.943  -11.704  -0.191 0.0000000000
114224  -28.661  -25.151  2.419 0.0000000000
114226  -30.691  -10.372  0.637 0.0000000000
114228  -27.482  -2.428  -3.240 0.0000000000
114264  -28.308  -59.801  0.115 0.0000000000
114274  -31.721  -59.532  3.173 0.0000000000
114318  -17.137  -48.001  4.557 0.0000000000
114338  -29.886  -14.187  2.046 0.0000000000
114342  -23.962  -31.892  3.110 0.0000000000
114345  -29.736  -30.848  6.765 0.0000000000
114443  -26.943  -7.495  -0.555 0.0000000000
114463  -15.320  -49.628  3.954 0.0000000000
114498  -19.753  -41.169  7.162 0.0000000000
114525  -26.339  -22.608  3.378 0.0000000000
114591  -32.025  -13.639  1.493 0.0000000000
114652  -28.178  -5.750  -2.388 0.0000000000
114700  -20.851  -26.220  1.830 0.0000000000
114710  -33.916  -16.895  2.615 0.0000000000
114849  -33.165  -10.627  0.696 0.0000000000
114852  -26.199  -24.517  0.247 0.0000000000
114872  -31.414  -48.032  4.288 0.0000000000
114929  -20.680  -26.725  2.576 0.0000000000
115004  -25.694  -45.231  7.936 0.0000000000
115021  -14.479  -57.885  3.571 0.0000000000
115046  -27.649  -46.690  7.766 0.0000000000
115116  -24.750  -44.065  2.024 0.0000000000
115122  -27.381  -5.584  -0.185 0.0000000000
115133  -26.495  -45.240  8.387 0.0000000000
115152  -34.713  -54.263  1.200 0.0000000000
115208  -30.856  -60.317  4.128 0.0000000000
115211  -25.750  -57.587  4.025 0.0000000000
115214  -21.023  -61.760  1.413 0.0000000000
115260  -18.180  -57.132  1.518 0.0000000000
115384  -26.864  -30.366  4.201 0.0000000000
115460  -17.742  -51.082  2.448 0.0000000000
115600  -27.602  -52.596  2.479 0.0000000000
115603  -29.408  -35.495  2.624 0.0000000000
115675  -15.400  -47.440  3.887 0.0000000000
115700  -33.849  -50.139  -0.396 0.0000000000
115767  -22.832  -60.504  0.211 0.0000000000
115783  -29.599  -45.150  2.953 0.0000000000
115794  -30.609  -35.388  -0.198 0.0000000000
115795  -18.485  -46.309  5.096 0.0000000000
115805  -14.393  -54.986  3.232 0.0000000000
115915  -30.623  -25.135  6.362 0.0000000000
115925  -34.013  -10.531  1.775 0.0000000000
115990  -30.921  -48.828  0.210 0.0000000000
116006  -30.446  -51.206  1.053 0.0000000000
116098  -32.309  -33.692  0.945 0.0000000000
116100  -22.597  -29.747  2.472 0.0000000000
116123  -35.680  -56.191  -0.737 0.0000000000
116198  -35.933  -57.939  -0.320 0.0000000000
116250  -33.870  -19.301  2.614 0.0000000000
116304  -30.687  -34.815  2.210 0.0000000000
116309  -17.317  -31.136  4.169 0.0000000000
116328  -23.740  -62.211  1.057 0.0000000000
116339  -31.762  -52.479  4.645 0.0000000000
116365  -34.021  -62.804  2.542 0.0000000000
116367  -31.200  -3.278  1.614 0.0000000000
116489  -15.265  -63.699  0.144 0.0000000000
116551  -15.300  -50.024  4.078 0.0000000000
116586  -30.594  1.376  -3.792 0.0000000000
116602  -22.253  -38.485  3.937 0.0000000000
116681  -29.561  -44.299  6.061 0.0000000000
116709  -23.030  -49.424  2.837 0.0000000000
116898  -29.850  -58.286  0.288 0.0000000000
116999  -16.493  -61.369  6.397 0.0000000000
117009  -28.787  -3.450  -3.791 0.0000000000
117024  -29.929  -26.692  6.061 0.0000000000
117026  -24.679  -29.947  3.381 0.0000000000
117062  -18.088  -62.420  1.448 0.0000000000
117105  -23.940  -54.624  6.029 0.0000000000
117197  -17.621  -35.907  4.377 0.0000000000
117235  -26.748  -33.970  0.786 0.0000000000
