#!ascii label , from subject sub-04 vox2ras=TkReg rh ROI=ITG coords=white drawn-with=delineation-helper-0.1.0
3311
19019  48.414  -58.893  1.377 0.0000000000
19020  48.245  -58.802  0.968 0.0000000000
19021  47.641  -58.971  0.879 0.0000000000
19671  48.796  -58.344  11.740 0.0000000000
19672  48.010  -58.464  11.900 0.0000000000
19673  47.306  -58.526  11.941 0.0000000000
19674  44.734  -58.684  12.068 0.0000000000
19675  43.906  -58.608  12.131 0.0000000000
19681  49.767  -58.630  11.037 0.0000000000
19682  49.582  -58.308  11.521 0.0000000000
19683  48.425  -58.624  11.334 0.0000000000
19684  47.589  -58.584  11.437 0.0000000000
19685  46.747  -58.547  11.625 0.0000000000
19686  45.747  -58.647  11.880 0.0000000000
19694  48.956  -58.695  10.955 0.0000000000
19695  48.042  -58.636  10.967 0.0000000000
19778  48.540  -58.886  2.047 0.0000000000
19779  48.342  -58.702  2.545 0.0000000000
19791  48.572  -58.620  1.490 0.0000000000
19807  48.594  -58.419  0.860 0.0000000000
19808  48.131  -58.343  0.145 0.0000000000
19809  47.121  -58.629  0.308 0.0000000000
19821  48.759  -57.950  0.297 0.0000000000
19822  46.882  -58.159  -0.430 0.0000000000
19823  45.410  -57.933  -0.838 0.0000000000
19832  44.437  -57.794  -1.845 0.0000000000
20476  42.279  -58.449  12.260 0.0000000000
20477  41.517  -58.010  12.579 0.0000000000
20478  40.750  -57.751  12.888 0.0000000000
20487  50.432  -58.159  11.360 0.0000000000
20488  49.188  -57.749  12.142 0.0000000000
20489  48.385  -57.881  12.264 0.0000000000
20490  47.589  -58.060  12.289 0.0000000000
20491  46.645  -58.336  12.183 0.0000000000
20492  45.056  -58.677  12.083 0.0000000000
20493  44.224  -58.571  12.231 0.0000000000
20494  43.235  -58.626  12.099 0.0000000000
20495  41.831  -58.361  12.070 0.0000000000
20496  41.217  -57.916  12.437 0.0000000000
20497  40.626  -57.697  12.699 0.0000000000
20505  51.227  -58.073  10.913 0.0000000000
20506  47.179  -58.513  11.083 0.0000000000
20507  46.286  -58.419  11.397 0.0000000000
20508  45.331  -58.455  11.670 0.0000000000
20509  44.253  -58.395  11.740 0.0000000000
20510  43.048  -58.610  12.043 0.0000000000
20511  42.011  -58.410  11.933 0.0000000000
20512  41.319  -58.006  12.230 0.0000000000
20523  51.826  -57.476  9.651 0.0000000000
20524  51.188  -58.047  10.298 0.0000000000
20525  50.516  -58.393  10.735 0.0000000000
20526  49.602  -58.389  10.689 0.0000000000
20527  48.536  -58.391  10.756 0.0000000000
20528  47.715  -58.357  10.829 0.0000000000
20605  47.771  -58.663  3.393 0.0000000000
20616  47.122  -57.713  3.614 0.0000000000
20625  48.644  -58.361  1.722 0.0000000000
20626  48.415  -57.958  2.233 0.0000000000
20638  48.864  -58.033  0.871 0.0000000000
20639  48.753  -57.746  1.353 0.0000000000
20650  48.852  -57.405  0.132 0.0000000000
20658  48.586  -57.372  -0.452 0.0000000000
20659  46.381  -57.571  -1.341 0.0000000000
20660  45.169  -57.460  -2.030 0.0000000000
20668  48.637  -56.531  -1.113 0.0000000000
20669  48.012  -56.971  -1.366 0.0000000000
20670  47.070  -57.159  -1.611 0.0000000000
20671  45.897  -56.903  -2.308 0.0000000000
20672  44.132  -57.501  -2.816 0.0000000000
20679  44.085  -57.057  -3.296 0.0000000000
20680  43.227  -57.468  -3.274 0.0000000000
21298  47.188  -55.912  13.029 0.0000000000
21299  46.585  -56.523  12.938 0.0000000000
21300  45.853  -56.668  12.960 0.0000000000
21301  44.986  -57.084  12.893 0.0000000000
21302  42.083  -57.698  12.986 0.0000000000
21303  41.215  -57.522  13.184 0.0000000000
21304  39.938  -57.579  13.051 0.0000000000
21305  39.264  -57.155  13.201 0.0000000000
21306  38.834  -56.915  13.092 0.0000000000
21314  50.379  -57.250  11.988 0.0000000000
21315  49.559  -56.886  12.341 0.0000000000
21316  48.692  -57.010  12.490 0.0000000000
21317  46.257  -57.522  12.615 0.0000000000
21318  44.742  -58.253  12.439 0.0000000000
21319  44.005  -57.950  12.635 0.0000000000
21320  39.990  -57.589  12.872 0.0000000000
21321  39.399  -57.378  13.008 0.0000000000
21326  52.383  -57.077  10.938 0.0000000000
21327  51.822  -57.269  11.287 0.0000000000
21328  51.089  -57.430  11.583 0.0000000000
21329  45.820  -56.804  11.020 0.0000000000
21330  45.080  -57.743  11.359 0.0000000000
21331  44.268  -57.336  11.378 0.0000000000
21332  43.482  -57.797  11.528 0.0000000000
21333  41.265  -57.656  11.865 0.0000000000
21334  40.590  -57.610  12.423 0.0000000000
21335  39.812  -57.291  12.549 0.0000000000
21344  52.924  -56.679  9.729 0.0000000000
21345  52.393  -57.256  10.073 0.0000000000
21346  51.799  -57.694  10.465 0.0000000000
21347  50.495  -58.058  10.273 0.0000000000
21348  49.619  -57.552  10.217 0.0000000000
21349  48.659  -56.766  10.360 0.0000000000
21350  48.026  -57.748  10.570 0.0000000000
21356  53.008  -56.586  8.719 0.0000000000
21357  52.477  -56.998  9.126 0.0000000000
21358  51.137  -57.640  9.768 0.0000000000
21359  50.350  -57.292  9.891 0.0000000000
21369  52.995  -56.384  7.678 0.0000000000
21370  52.677  -56.626  8.260 0.0000000000
21371  52.273  -56.867  8.723 0.0000000000
21384  52.813  -56.379  7.566 0.0000000000
21385  52.509  -56.519  7.996 0.0000000000
21424  46.399  -56.918  4.160 0.0000000000
21425  45.891  -56.223  4.670 0.0000000000
21436  47.598  -57.418  2.767 0.0000000000
21437  46.796  -56.818  3.334 0.0000000000
21446  48.162  -57.246  1.916 0.0000000000
21447  47.215  -56.677  2.465 0.0000000000
21457  48.849  -57.450  0.625 0.0000000000
21458  48.675  -57.017  1.024 0.0000000000
21459  47.714  -56.504  1.571 0.0000000000
21472  48.857  -56.743  0.020 0.0000000000
21479  48.761  -56.654  -0.553 0.0000000000
21487  48.499  -56.028  -1.692 0.0000000000
21488  48.076  -56.258  -1.819 0.0000000000
21489  47.084  -56.548  -2.109 0.0000000000
21490  43.320  -56.652  -3.068 0.0000000000
21491  42.563  -56.829  -2.870 0.0000000000
21499  48.134  -55.590  -2.175 0.0000000000
21500  47.179  -55.840  -2.493 0.0000000000
21501  46.017  -56.115  -2.851 0.0000000000
21502  44.912  -56.574  -3.042 0.0000000000
21503  43.590  -56.919  -3.387 0.0000000000
21504  42.776  -57.054  -3.396 0.0000000000
22067  46.372  -55.705  13.226 0.0000000000
22068  45.388  -55.671  13.332 0.0000000000
22069  44.374  -56.315  13.219 0.0000000000
22070  43.642  -55.584  13.431 0.0000000000
22071  41.931  -56.589  13.395 0.0000000000
22072  40.979  -56.653  13.477 0.0000000000
22073  40.006  -57.005  13.465 0.0000000000
22074  38.690  -56.480  13.441 0.0000000000
22075  38.184  -56.223  13.344 0.0000000000
22083  50.106  -56.423  12.234 0.0000000000
22084  49.466  -55.885  12.458 0.0000000000
22085  48.634  -55.461  12.694 0.0000000000
22086  47.777  -55.222  12.979 0.0000000000
22087  38.974  -56.870  12.687 0.0000000000
22088  38.209  -56.385  12.928 0.0000000000
22094  53.306  -55.634  11.133 0.0000000000
22095  52.622  -56.204  11.316 0.0000000000
22096  51.957  -56.393  11.547 0.0000000000
22097  50.769  -56.540  11.948 0.0000000000
22098  46.362  -55.653  10.933 0.0000000000
22099  45.550  -55.591  11.161 0.0000000000
22100  44.231  -56.157  11.316 0.0000000000
22101  43.498  -55.718  11.380 0.0000000000
22102  42.526  -55.924  11.389 0.0000000000
22103  41.433  -56.246  11.495 0.0000000000
22104  40.517  -56.967  11.877 0.0000000000
22105  39.810  -56.397  11.969 0.0000000000
22106  38.535  -55.697  12.271 0.0000000000
22118  53.386  -55.931  10.422 0.0000000000
22119  52.890  -56.555  10.702 0.0000000000
22120  49.653  -56.267  10.040 0.0000000000
22121  48.869  -55.644  10.346 0.0000000000
22122  48.106  -55.657  10.545 0.0000000000
22123  47.216  -55.641  10.730 0.0000000000
22128  53.379  -56.031  9.411 0.0000000000
22129  51.692  -57.021  9.129 0.0000000000
22130  51.379  -55.866  8.872 0.0000000000
22131  50.728  -56.373  9.528 0.0000000000
22141  53.321  -55.989  8.304 0.0000000000
22142  52.034  -56.516  8.206 0.0000000000
22153  53.286  -55.819  7.193 0.0000000000
22154  52.978  -55.968  6.639 0.0000000000
22155  52.551  -56.157  7.332 0.0000000000
22170  52.952  -55.442  5.661 0.0000000000
22198  46.216  -56.154  3.904 0.0000000000
22199  45.754  -55.524  4.389 0.0000000000
22210  46.478  -56.088  3.013 0.0000000000
22211  45.880  -55.519  3.502 0.0000000000
22222  46.726  -55.996  2.066 0.0000000000
22223  45.943  -55.509  2.522 0.0000000000
22233  48.293  -56.281  0.617 0.0000000000
22234  47.108  -55.819  1.151 0.0000000000
22235  46.058  -55.440  1.542 0.0000000000
22244  48.781  -56.015  -0.895 0.0000000000
22245  48.603  -55.906  -0.308 0.0000000000
22246  47.588  -55.514  0.267 0.0000000000
22247  46.358  -55.232  0.650 0.0000000000
22255  48.594  -55.355  -0.801 0.0000000000
22256  43.081  -55.733  -0.990 0.0000000000
22266  48.614  -55.602  -1.407 0.0000000000
22267  44.701  -55.728  -2.832 0.0000000000
22268  43.923  -55.921  -1.982 0.0000000000
22269  43.151  -56.373  -1.940 0.0000000000
22277  48.524  -55.158  -2.109 0.0000000000
22278  48.227  -54.990  -2.326 0.0000000000
22279  47.405  -55.147  -2.640 0.0000000000
22280  46.309  -55.340  -2.968 0.0000000000
22281  45.163  -55.867  -3.105 0.0000000000
22282  44.177  -56.415  -3.080 0.0000000000
22807  45.871  -53.897  13.644 0.0000000000
22808  45.296  -54.469  13.623 0.0000000000
22809  44.569  -55.057  13.531 0.0000000000
22810  43.338  -54.542  13.645 0.0000000000
22811  40.686  -55.508  13.577 0.0000000000
22812  39.978  -54.803  13.644 0.0000000000
22813  38.892  -55.313  13.812 0.0000000000
22818  50.204  -55.689  12.165 0.0000000000
22819  49.296  -54.831  12.429 0.0000000000
22820  48.264  -54.565  12.779 0.0000000000
22821  47.440  -54.367  13.121 0.0000000000
22824  53.743  -54.767  11.317 0.0000000000
22825  53.053  -55.189  11.427 0.0000000000
22826  52.124  -55.506  11.543 0.0000000000
22827  51.384  -54.859  11.595 0.0000000000
22828  50.390  -54.666  11.884 0.0000000000
22829  46.087  -54.694  11.170 0.0000000000
22830  45.309  -54.614  11.351 0.0000000000
22831  44.572  -54.532  11.473 0.0000000000
22832  43.835  -54.584  11.534 0.0000000000
22833  43.012  -54.730  11.555 0.0000000000
22834  41.117  -54.891  11.533 0.0000000000
22835  40.046  -54.980  11.580 0.0000000000
22836  39.112  -54.670  11.687 0.0000000000
22843  54.214  -54.276  11.234 0.0000000000
22844  53.863  -55.130  10.924 0.0000000000
22845  49.358  -55.041  10.145 0.0000000000
22846  48.583  -54.789  10.429 0.0000000000
22847  47.748  -54.704  10.651 0.0000000000
22848  46.900  -54.698  10.901 0.0000000000
22854  54.234  -54.561  10.248 0.0000000000
22855  53.742  -55.250  9.193 0.0000000000
22856  50.630  -55.053  9.340 0.0000000000
22857  50.038  -55.381  9.772 0.0000000000
22867  54.105  -54.417  8.965 0.0000000000
22868  53.661  -55.138  8.079 0.0000000000
22869  51.762  -55.618  7.934 0.0000000000
22870  51.090  -54.722  8.665 0.0000000000
22878  53.658  -54.841  7.045 0.0000000000
22879  52.790  -55.781  6.435 0.0000000000
22880  52.121  -55.413  6.932 0.0000000000
22891  53.285  -54.994  5.561 0.0000000000
22892  52.995  -55.579  5.724 0.0000000000
22893  52.527  -55.174  5.996 0.0000000000
22912  53.048  -55.030  5.158 0.0000000000
22913  53.000  -55.146  5.269 0.0000000000
22914  52.879  -54.963  5.175 0.0000000000
22927  53.000  -54.617  4.745 0.0000000000
22928  45.145  -54.274  4.669 0.0000000000
22941  45.479  -54.927  4.006 0.0000000000
22942  44.865  -54.485  3.541 0.0000000000
22956  45.327  -55.025  2.990 0.0000000000
22957  44.526  -54.634  2.435 0.0000000000
22958  43.924  -54.199  2.993 0.0000000000
22969  45.208  -55.076  1.938 0.0000000000
22970  44.530  -54.523  1.478 0.0000000000
22971  43.659  -54.128  1.968 0.0000000000
22978  48.066  -55.100  -0.506 0.0000000000
22979  46.885  -54.813  -0.085 0.0000000000
22980  45.360  -54.919  1.036 0.0000000000
22981  44.887  -54.181  0.681 0.0000000000
22995  48.607  -55.249  -1.492 0.0000000000
22996  48.463  -54.612  -1.343 0.0000000000
22997  47.586  -54.289  -0.692 0.0000000000
22998  43.652  -54.891  -0.967 0.0000000000
22999  42.590  -54.700  -0.599 0.0000000000
23009  48.630  -54.270  -1.919 0.0000000000
23010  48.566  -53.833  -1.797 0.0000000000
23011  45.982  -54.232  -2.724 0.0000000000
23012  45.385  -55.061  -2.820 0.0000000000
23013  44.603  -54.943  -1.793 0.0000000000
23014  48.526  -54.444  -2.148 0.0000000000
23015  47.798  -54.470  -2.593 0.0000000000
23016  46.839  -54.618  -2.860 0.0000000000
23017  46.015  -54.913  -3.043 0.0000000000
23582  44.396  -53.304  14.003 0.0000000000
23583  43.619  -53.123  14.128 0.0000000000
23584  42.781  -53.077  14.097 0.0000000000
23585  41.822  -53.245  13.867 0.0000000000
23604  47.096  -53.554  13.239 0.0000000000
23605  46.346  -53.352  13.527 0.0000000000
23606  45.596  -53.121  13.770 0.0000000000
23607  45.119  -53.599  13.812 0.0000000000
23608  43.876  -53.833  13.836 0.0000000000
23609  43.119  -53.739  13.841 0.0000000000
23610  41.699  -54.366  13.621 0.0000000000
23611  40.289  -53.753  13.651 0.0000000000
23612  39.483  -53.972  13.714 0.0000000000
23615  49.486  -53.772  12.109 0.0000000000
23616  48.649  -53.822  12.527 0.0000000000
23617  47.831  -53.714  12.848 0.0000000000
23618  43.099  -52.982  12.104 0.0000000000
23619  42.202  -52.961  12.119 0.0000000000
23621  54.446  -53.389  11.523 0.0000000000
23622  54.065  -54.087  11.516 0.0000000000
23623  53.511  -54.314  11.498 0.0000000000
23624  52.174  -54.223  11.409 0.0000000000
23625  51.251  -53.228  11.345 0.0000000000
23626  50.346  -53.482  11.643 0.0000000000
23627  45.791  -53.843  11.353 0.0000000000
23628  45.033  -53.780  11.520 0.0000000000
23629  44.279  -53.749  11.651 0.0000000000
23630  43.475  -53.769  11.757 0.0000000000
23631  42.608  -53.819  11.786 0.0000000000
23632  41.690  -53.810  11.757 0.0000000000
23645  54.709  -53.630  10.862 0.0000000000
23646  49.092  -54.085  10.140 0.0000000000
23647  48.288  -53.925  10.449 0.0000000000
23648  47.414  -53.752  10.729 0.0000000000
23649  46.555  -53.879  11.109 0.0000000000
23659  54.590  -53.653  9.687 0.0000000000
23660  50.451  -54.005  9.203 0.0000000000
23661  49.617  -53.372  9.567 0.0000000000
23662  48.754  -53.228  10.138 0.0000000000
23668  54.225  -53.702  8.582 0.0000000000
23669  51.451  -54.477  7.754 0.0000000000
23670  50.812  -53.711  8.451 0.0000000000
23671  50.288  -53.210  8.968 0.0000000000
23678  53.870  -53.883  7.547 0.0000000000
23679  51.753  -54.357  6.661 0.0000000000
23680  51.091  -53.333  7.490 0.0000000000
23692  53.729  -54.084  6.532 0.0000000000
23693  52.209  -54.292  5.549 0.0000000000
23706  53.243  -54.550  4.958 0.0000000000
23707  52.712  -54.137  4.501 0.0000000000
23715  53.124  -54.095  4.296 0.0000000000
23716  53.011  -54.032  4.136 0.0000000000
23719  43.220  -52.983  4.190 0.0000000000
23727  53.015  -53.509  3.678 0.0000000000
23728  44.503  -53.831  4.114 0.0000000000
23729  43.596  -53.569  3.630 0.0000000000
23730  42.746  -53.275  3.279 0.0000000000
23743  43.199  -53.702  2.693 0.0000000000
23744  42.628  -53.189  2.436 0.0000000000
23751  44.078  -53.843  1.091 0.0000000000
23752  43.443  -53.378  1.453 0.0000000000
23753  42.825  -52.921  1.735 0.0000000000
23759  46.531  -53.968  -0.326 0.0000000000
23760  45.643  -53.387  0.093 0.0000000000
23761  44.680  -53.177  0.568 0.0000000000
23762  43.942  -53.055  0.877 0.0000000000
23775  48.222  -53.209  -1.586 0.0000000000
23776  47.403  -53.328  -0.864 0.0000000000
23777  46.497  -53.121  -0.417 0.0000000000
23778  43.086  -53.985  -0.705 0.0000000000
23779  42.036  -53.573  -0.883 0.0000000000
23780  41.007  -53.508  -1.023 0.0000000000
23787  48.364  -53.358  -2.248 0.0000000000
23788  48.526  -53.258  -2.018 0.0000000000
23789  45.705  -53.361  -2.167 0.0000000000
23790  44.828  -53.225  -1.489 0.0000000000
23791  44.090  -53.804  -1.041 0.0000000000
23792  42.111  -52.810  -1.254 0.0000000000
23793  41.275  -52.967  -1.521 0.0000000000
23794  40.364  -53.042  -1.787 0.0000000000
23795  39.413  -53.052  -1.835 0.0000000000
23799  47.904  -53.121  -2.634 0.0000000000
23800  47.244  -53.247  -2.768 0.0000000000
23801  46.499  -53.419  -2.675 0.0000000000
24380  44.138  -52.487  14.303 0.0000000000
24381  43.224  -52.424  14.363 0.0000000000
24404  46.769  -52.761  13.314 0.0000000000
24405  46.059  -52.565  13.634 0.0000000000
24406  45.336  -52.393  13.925 0.0000000000
24407  44.898  -52.864  14.044 0.0000000000
24408  40.875  -53.071  13.766 0.0000000000
24412  48.888  -53.096  12.250 0.0000000000
24413  48.669  -52.275  12.174 0.0000000000
24414  47.457  -52.891  12.917 0.0000000000
24415  44.861  -52.333  11.738 0.0000000000
24416  43.520  -52.184  12.213 0.0000000000
24417  42.672  -52.197  12.335 0.0000000000
24418  41.811  -52.113  12.351 0.0000000000
24419  41.083  -51.914  12.275 0.0000000000
24424  52.084  -53.004  11.248 0.0000000000
24425  51.375  -52.310  11.198 0.0000000000
24426  50.536  -52.508  11.400 0.0000000000
24427  46.301  -52.479  11.187 0.0000000000
24428  45.506  -52.981  11.491 0.0000000000
24429  44.033  -52.879  11.907 0.0000000000
24430  41.207  -52.774  12.048 0.0000000000
24442  55.067  -52.870  11.353 0.0000000000
24443  48.267  -52.454  10.223 0.0000000000
24444  47.520  -52.832  10.616 0.0000000000
24445  46.991  -52.457  10.803 0.0000000000
24455  55.126  -52.818  10.251 0.0000000000
24456  49.058  -52.490  9.664 0.0000000000
24463  54.658  -52.942  9.131 0.0000000000
24464  54.040  -53.124  8.195 0.0000000000
24465  50.457  -52.839  8.311 0.0000000000
24466  49.815  -52.424  8.956 0.0000000000
24473  53.629  -53.130  7.069 0.0000000000
24484  53.605  -53.700  5.011 0.0000000000
24485  51.475  -53.365  6.297 0.0000000000
24486  50.898  -52.527  6.908 0.0000000000
24496  53.466  -53.343  4.211 0.0000000000
24497  51.824  -53.394  5.117 0.0000000000
24498  51.203  -52.497  5.934 0.0000000000
24501  43.426  -51.853  5.563 0.0000000000
24506  53.350  -52.988  3.684 0.0000000000
24507  52.898  -53.538  3.738 0.0000000000
24508  52.231  -53.176  4.154 0.0000000000
24509  43.846  -52.466  5.125 0.0000000000
24510  42.845  -52.358  4.707 0.0000000000
24511  41.821  -52.212  4.291 0.0000000000
24516  53.149  -52.799  3.232 0.0000000000
24517  52.982  -52.919  3.224 0.0000000000
24518  52.522  -52.733  3.422 0.0000000000
24519  42.161  -52.797  2.932 0.0000000000
24520  41.672  -52.322  3.357 0.0000000000
24530  52.991  -52.376  2.761 0.0000000000
24531  42.298  -52.538  2.204 0.0000000000
24532  41.840  -52.293  2.662 0.0000000000
24538  43.480  -52.452  1.129 0.0000000000
24543  45.415  -52.182  0.187 0.0000000000
24544  44.352  -52.293  0.635 0.0000000000
24551  47.858  -51.898  -1.567 0.0000000000
24552  47.091  -52.338  -0.763 0.0000000000
24553  46.145  -52.529  -0.272 0.0000000000
24554  43.026  -53.095  -0.875 0.0000000000
24557  48.258  -52.504  -2.183 0.0000000000
24558  48.330  -52.493  -1.936 0.0000000000
24559  45.960  -51.583  -2.378 0.0000000000
24560  45.166  -52.343  -1.690 0.0000000000
24561  42.735  -52.124  -1.338 0.0000000000
24562  41.605  -52.309  -1.791 0.0000000000
24563  40.762  -52.517  -2.103 0.0000000000
24564  40.023  -52.635  -2.167 0.0000000000
24565  38.690  -52.950  -1.765 0.0000000000
24566  37.536  -53.019  -1.628 0.0000000000
24569  48.080  -52.438  -2.447 0.0000000000
24570  47.650  -52.290  -2.668 0.0000000000
24571  46.961  -51.873  -2.749 0.0000000000
24572  41.152  -51.866  -2.326 0.0000000000
24573  40.497  -52.016  -2.348 0.0000000000
24574  39.907  -52.133  -2.232 0.0000000000
25244  47.111  -52.198  13.008 0.0000000000
25251  47.802  -52.011  12.565 0.0000000000
25253  43.903  -51.482  12.175 0.0000000000
25254  43.095  -51.447  12.370 0.0000000000
25255  42.215  -51.397  12.433 0.0000000000
25265  50.057  -51.753  11.392 0.0000000000
25266  49.218  -51.605  11.697 0.0000000000
25267  46.068  -51.626  11.189 0.0000000000
25268  45.314  -51.592  11.538 0.0000000000
25269  44.607  -51.549  11.855 0.0000000000
25280  48.077  -51.623  10.072 0.0000000000
25281  47.409  -51.300  10.352 0.0000000000
25282  46.808  -51.788  10.780 0.0000000000
25295  55.454  -51.915  10.171 0.0000000000
25296  54.984  -52.166  9.423 0.0000000000
25297  54.469  -51.552  8.987 0.0000000000
25298  49.184  -51.713  9.218 0.0000000000
25299  48.534  -51.125  9.456 0.0000000000
25300  47.918  -51.006  9.916 0.0000000000
25310  54.294  -52.321  8.694 0.0000000000
25311  53.609  -51.608  8.500 0.0000000000
25313  50.188  -52.060  8.165 0.0000000000
25314  49.640  -51.599  8.515 0.0000000000
25315  49.135  -50.985  8.729 0.0000000000
25322  53.116  -52.129  7.141 0.0000000000
25324  50.387  -51.802  7.348 0.0000000000
25325  49.966  -51.082  7.384 0.0000000000
25332  53.520  -52.681  6.182 0.0000000000
25333  53.044  -51.745  6.270 0.0000000000
25334  50.353  -51.270  6.644 0.0000000000
25335  43.039  -51.031  6.733 0.0000000000
25344  53.164  -51.286  5.468 0.0000000000
25345  51.459  -52.431  4.912 0.0000000000
25346  51.146  -51.655  4.773 0.0000000000
25348  42.975  -51.269  5.959 0.0000000000
25349  42.033  -51.209  5.644 0.0000000000
25350  41.050  -51.057  5.342 0.0000000000
25355  53.662  -51.732  4.484 0.0000000000
25356  51.703  -52.213  4.030 0.0000000000
25357  51.152  -51.269  4.158 0.0000000000
25358  42.423  -51.755  5.185 0.0000000000
25359  41.432  -51.597  4.826 0.0000000000
25360  40.649  -51.171  4.500 0.0000000000
25363  53.581  -52.213  3.600 0.0000000000
25364  52.794  -52.278  2.780 0.0000000000
25365  51.918  -51.721  3.236 0.0000000000
25366  41.079  -51.637  3.728 0.0000000000
25367  40.587  -51.005  3.750 0.0000000000
25375  53.287  -51.667  2.532 0.0000000000
25376  52.966  -51.742  2.337 0.0000000000
25377  52.495  -51.464  2.459 0.0000000000
25378  41.989  -51.836  2.118 0.0000000000
25379  41.449  -51.710  2.780 0.0000000000
25386  53.052  -51.243  2.007 0.0000000000
25387  43.262  -51.195  1.105 0.0000000000
25388  42.722  -52.026  1.533 0.0000000000
25395  45.882  -51.130  -0.157 0.0000000000
25396  44.809  -51.277  0.426 0.0000000000
25397  43.859  -51.660  0.787 0.0000000000
25406  47.855  -51.123  -1.852 0.0000000000
25407  47.305  -51.388  -1.052 0.0000000000
25408  46.405  -51.732  -0.414 0.0000000000
25409  38.580  -51.617  -0.996 0.0000000000
25410  37.663  -51.863  -1.095 0.0000000000
25411  36.543  -51.916  -1.545 0.0000000000
25415  48.104  -52.049  -2.315 0.0000000000
25416  48.132  -51.774  -2.167 0.0000000000
25417  45.747  -50.514  -2.419 0.0000000000
25418  44.911  -51.390  -1.745 0.0000000000
25419  43.809  -51.476  -1.444 0.0000000000
25420  42.776  -51.307  -1.725 0.0000000000
25421  41.938  -51.588  -2.013 0.0000000000
25422  39.818  -51.417  -2.018 0.0000000000
25423  39.168  -52.261  -1.784 0.0000000000
25424  38.104  -52.579  -1.492 0.0000000000
25425  36.960  -52.710  -1.621 0.0000000000
25429  47.905  -51.628  -2.394 0.0000000000
25430  47.543  -51.234  -2.605 0.0000000000
25431  46.871  -50.872  -2.705 0.0000000000
25432  42.263  -50.836  -2.230 0.0000000000
25433  41.438  -51.110  -2.433 0.0000000000
25434  40.416  -51.379  -2.320 0.0000000000
26107  44.319  -50.849  11.977 0.0000000000
26108  43.521  -50.728  12.260 0.0000000000
26109  42.593  -50.612  12.394 0.0000000000
26110  41.645  -50.578  12.354 0.0000000000
26122  46.578  -50.786  10.676 0.0000000000
26123  45.699  -50.935  11.246 0.0000000000
26124  44.736  -50.246  11.683 0.0000000000
26125  41.014  -49.974  12.029 0.0000000000
26134  45.854  -50.163  11.038 0.0000000000
26146  55.202  -50.604  9.495 0.0000000000
26148  48.037  -50.431  9.530 0.0000000000
26149  47.441  -50.551  10.087 0.0000000000
26163  49.560  -50.991  8.030 0.0000000000
26164  48.585  -50.337  8.894 0.0000000000
26171  49.576  -50.562  7.499 0.0000000000
26172  49.119  -50.248  8.082 0.0000000000
26179  50.318  -50.876  6.003 0.0000000000
26180  49.878  -50.522  6.713 0.0000000000
26181  42.362  -50.475  6.798 0.0000000000
26182  41.399  -50.159  6.486 0.0000000000
26183  40.379  -50.060  5.977 0.0000000000
26190  53.332  -50.596  4.749 0.0000000000
26191  50.551  -50.873  5.108 0.0000000000
26192  50.007  -50.242  5.772 0.0000000000
26193  42.537  -50.883  6.295 0.0000000000
26194  41.768  -50.673  6.079 0.0000000000
26195  40.266  -50.563  5.125 0.0000000000
26198  53.816  -51.083  3.803 0.0000000000
26199  50.562  -50.399  4.372 0.0000000000
26200  50.151  -50.103  5.035 0.0000000000
26201  40.256  -50.586  4.211 0.0000000000
26204  53.794  -50.943  2.991 0.0000000000
26205  51.726  -50.844  2.832 0.0000000000
26206  51.154  -50.711  3.605 0.0000000000
26207  41.011  -50.770  2.916 0.0000000000
26208  40.506  -50.444  3.517 0.0000000000
26215  53.482  -50.792  2.285 0.0000000000
26216  52.887  -50.946  1.874 0.0000000000
26217  52.255  -50.735  2.218 0.0000000000
26218  41.715  -51.059  2.185 0.0000000000
26223  53.101  -50.552  1.691 0.0000000000
26224  42.868  -50.411  1.282 0.0000000000
26230  45.465  -50.439  0.014 0.0000000000
26231  44.532  -50.393  0.423 0.0000000000
26232  43.656  -50.340  0.772 0.0000000000
26244  47.331  -50.621  -1.330 0.0000000000
26245  47.281  -49.868  -1.593 0.0000000000
26246  46.535  -50.295  -0.669 0.0000000000
26247  38.965  -50.645  -0.517 0.0000000000
26248  38.150  -50.937  -0.318 0.0000000000
26249  37.320  -51.092  -0.590 0.0000000000
26254  47.652  -50.391  -2.144 0.0000000000
26255  47.424  -49.695  -2.204 0.0000000000
26256  44.458  -50.600  -1.919 0.0000000000
26257  43.295  -50.653  -1.921 0.0000000000
26258  40.362  -50.598  -2.172 0.0000000000
26259  39.721  -50.613  -1.405 0.0000000000
26262  47.602  -50.766  -2.385 0.0000000000
26263  47.353  -50.309  -2.582 0.0000000000
26264  46.847  -50.050  -2.777 0.0000000000
26265  45.082  -49.778  -2.470 0.0000000000
26266  43.899  -49.894  -2.293 0.0000000000
26267  42.749  -50.068  -2.409 0.0000000000
26268  41.788  -50.290  -2.498 0.0000000000
26269  40.956  -50.596  -2.508 0.0000000000
26965  43.976  -50.049  12.031 0.0000000000
26966  43.052  -49.846  12.246 0.0000000000
26967  41.959  -49.669  12.188 0.0000000000
26975  45.221  -49.686  11.368 0.0000000000
26976  44.462  -49.394  11.701 0.0000000000
26977  43.585  -49.138  11.979 0.0000000000
26978  42.642  -48.969  12.013 0.0000000000
26979  41.267  -49.219  11.604 0.0000000000
26988  46.959  -49.911  10.194 0.0000000000
26989  46.528  -49.152  10.283 0.0000000000
26990  45.794  -49.177  10.857 0.0000000000
26991  40.998  -48.917  11.003 0.0000000000
27005  48.062  -49.706  9.106 0.0000000000
27006  47.600  -49.216  9.281 0.0000000000
27007  47.120  -49.165  9.742 0.0000000000
27023  48.488  -49.568  8.409 0.0000000000
27024  47.921  -48.970  8.718 0.0000000000
27035  49.367  -49.977  7.207 0.0000000000
27036  48.864  -49.445  7.593 0.0000000000
27039  40.967  -48.972  7.593 0.0000000000
27048  49.527  -49.757  6.365 0.0000000000
27049  49.142  -49.020  6.186 0.0000000000
27050  41.772  -49.869  7.248 0.0000000000
27051  40.794  -49.545  6.771 0.0000000000
27052  39.816  -49.381  6.169 0.0000000000
27059  49.615  -49.464  5.422 0.0000000000
27060  39.747  -49.808  5.361 0.0000000000
27062  53.739  -50.022  4.104 0.0000000000
27064  50.040  -49.634  4.584 0.0000000000
27065  39.833  -50.022  4.525 0.0000000000
27068  54.224  -49.113  2.920 0.0000000000
27069  53.997  -49.335  3.597 0.0000000000
27070  50.833  -49.423  3.118 0.0000000000
27071  50.512  -49.791  3.827 0.0000000000
27072  49.930  -49.155  4.185 0.0000000000
27073  40.146  -49.952  3.758 0.0000000000
27079  53.863  -49.342  2.187 0.0000000000
27080  51.611  -49.985  2.478 0.0000000000
27081  41.679  -50.083  2.142 0.0000000000
27082  41.360  -49.317  2.402 0.0000000000
27083  40.712  -49.782  3.014 0.0000000000
27085  52.952  -50.044  1.391 0.0000000000
27086  52.446  -50.141  1.729 0.0000000000
27087  43.217  -49.505  0.961 0.0000000000
27088  42.446  -49.767  1.524 0.0000000000
27089  42.030  -49.122  1.817 0.0000000000
27096  45.900  -49.831  -0.405 0.0000000000
27097  45.072  -49.756  0.037 0.0000000000
27098  44.137  -49.619  0.434 0.0000000000
27113  47.248  -49.174  -1.946 0.0000000000
27114  46.658  -49.457  -1.088 0.0000000000
27115  45.726  -49.187  -0.531 0.0000000000
27123  47.366  -49.953  -2.420 0.0000000000
27124  47.173  -49.236  -2.432 0.0000000000
27125  40.265  -49.785  -1.709 0.0000000000
27126  39.650  -49.839  -0.771 0.0000000000
27130  47.119  -49.401  -2.678 0.0000000000
27131  46.481  -48.743  -2.942 0.0000000000
27132  44.574  -49.107  -2.732 0.0000000000
27133  43.349  -49.295  -2.609 0.0000000000
27134  42.290  -49.420  -2.594 0.0000000000
27135  41.436  -49.629  -2.520 0.0000000000
27136  40.826  -49.763  -2.349 0.0000000000
27768  44.978  -48.800  11.357 0.0000000000
27769  44.131  -48.510  11.626 0.0000000000
27770  43.199  -48.320  11.701 0.0000000000
27771  42.315  -48.331  11.540 0.0000000000
27772  41.608  -48.543  11.257 0.0000000000
27782  46.091  -48.395  10.397 0.0000000000
27783  45.357  -48.214  10.890 0.0000000000
27784  42.035  -47.898  10.996 0.0000000000
27785  41.543  -48.309  10.629 0.0000000000
27796  47.308  -48.437  9.186 0.0000000000
27797  46.681  -48.454  9.843 0.0000000000
27798  41.493  -48.115  9.883 0.0000000000
27809  47.731  -48.181  8.314 0.0000000000
27810  41.339  -48.050  9.100 0.0000000000
27811  40.671  -47.918  8.220 0.0000000000
27820  48.342  -48.788  7.942 0.0000000000
27821  48.104  -48.070  7.415 0.0000000000
27822  41.353  -48.836  8.382 0.0000000000
27823  39.854  -48.201  7.312 0.0000000000
27834  48.315  -48.054  6.651 0.0000000000
27835  40.064  -48.932  6.870 0.0000000000
27836  39.356  -48.459  6.325 0.0000000000
27843  49.056  -48.611  5.404 0.0000000000
27844  39.400  -49.004  5.485 0.0000000000
27846  53.773  -48.465  4.052 0.0000000000
27847  53.240  -48.557  4.524 0.0000000000
27848  48.992  -48.169  4.750 0.0000000000
27849  39.374  -48.469  4.688 0.0000000000
27852  54.171  -48.504  2.512 0.0000000000
27853  54.139  -48.430  3.361 0.0000000000
27854  49.948  -48.208  3.533 0.0000000000
27855  49.520  -48.421  4.115 0.0000000000
27856  40.353  -48.265  3.335 0.0000000000
27857  39.748  -48.769  3.956 0.0000000000
27865  53.674  -48.751  1.492 0.0000000000
27866  51.427  -48.506  2.059 0.0000000000
27867  50.634  -48.492  2.922 0.0000000000
27868  41.996  -47.678  1.814 0.0000000000
27869  41.626  -48.315  2.179 0.0000000000
27870  40.864  -48.753  2.790 0.0000000000
27872  52.964  -48.771  0.553 0.0000000000
27873  52.254  -48.563  1.041 0.0000000000
27874  42.991  -48.700  0.985 0.0000000000
27875  42.401  -48.315  1.468 0.0000000000
27881  53.113  -48.878  0.691 0.0000000000
27882  52.748  -48.059  0.167 0.0000000000
27883  44.714  -49.002  -0.049 0.0000000000
27884  43.732  -48.699  0.452 0.0000000000
27895  46.535  -48.660  -1.459 0.0000000000
27896  45.424  -48.427  -0.684 0.0000000000
27897  44.433  -48.201  -0.192 0.0000000000
27905  47.003  -48.603  -2.343 0.0000000000
27906  46.651  -48.094  -1.958 0.0000000000
27907  40.758  -48.271  -1.838 0.0000000000
27908  40.186  -48.894  -1.118 0.0000000000
27912  46.814  -48.503  -2.682 0.0000000000
27913  46.511  -47.950  -3.065 0.0000000000
27914  45.535  -48.138  -3.188 0.0000000000
27915  43.987  -48.530  -2.921 0.0000000000
27916  42.403  -48.358  -2.777 0.0000000000
27917  41.819  -48.062  -2.642 0.0000000000
27918  41.236  -48.795  -2.372 0.0000000000
27919  44.415  -47.802  -3.226 0.0000000000
27920  43.330  -48.016  -3.027 0.0000000000
28562  44.631  -48.059  11.273 0.0000000000
28563  43.809  -47.647  11.295 0.0000000000
28564  42.791  -47.686  11.258 0.0000000000
28578  45.674  -47.648  10.374 0.0000000000
28579  44.757  -47.401  10.799 0.0000000000
28580  43.977  -47.033  10.819 0.0000000000
28581  43.234  -47.123  10.842 0.0000000000
28582  42.479  -47.319  10.624 0.0000000000
28583  41.864  -47.628  10.305 0.0000000000
28594  46.679  -47.747  9.457 0.0000000000
28595  46.055  -47.278  9.794 0.0000000000
28596  45.320  -46.897  10.182 0.0000000000
28597  42.116  -46.894  9.915 0.0000000000
28598  41.580  -47.404  9.583 0.0000000000
28610  47.120  -47.547  8.715 0.0000000000
28611  46.488  -47.008  9.131 0.0000000000
28612  41.030  -47.163  8.832 0.0000000000
28613  40.363  -47.096  8.234 0.0000000000
28627  47.485  -47.411  7.793 0.0000000000
28628  39.810  -47.313  7.660 0.0000000000
28637  48.207  -47.783  6.099 0.0000000000
28638  47.781  -47.434  6.729 0.0000000000
28639  39.142  -47.382  6.758 0.0000000000
28642  48.440  -47.823  5.375 0.0000000000
28643  47.802  -47.273  5.771 0.0000000000
28644  38.948  -47.641  5.800 0.0000000000
28647  53.868  -47.589  3.825 0.0000000000
28648  53.256  -47.874  4.524 0.0000000000
28649  49.028  -47.750  4.271 0.0000000000
28650  48.519  -47.479  4.650 0.0000000000
28651  47.912  -47.130  5.033 0.0000000000
28652  39.859  -46.864  4.052 0.0000000000
28653  39.222  -47.550  4.854 0.0000000000
28655  54.232  -47.742  3.001 0.0000000000
28656  50.150  -47.497  3.078 0.0000000000
28657  49.419  -47.650  3.743 0.0000000000
28658  48.741  -47.051  4.014 0.0000000000
28659  41.030  -46.933  2.841 0.0000000000
28660  40.460  -47.371  3.354 0.0000000000
28661  39.753  -47.867  3.951 0.0000000000
28668  54.016  -47.817  1.929 0.0000000000
28669  51.580  -47.940  1.492 0.0000000000
28670  50.959  -47.742  2.298 0.0000000000
28671  41.985  -46.956  1.835 0.0000000000
28672  41.547  -47.359  2.294 0.0000000000
28673  40.984  -47.808  2.743 0.0000000000
28676  53.457  -48.199  0.748 0.0000000000
28677  52.035  -47.758  0.548 0.0000000000
28678  51.333  -47.156  1.452 0.0000000000
28679  43.048  -47.892  0.791 0.0000000000
28680  42.442  -47.434  1.362 0.0000000000
28686  53.039  -48.211  0.203 0.0000000000
28687  52.863  -47.681  -0.060 0.0000000000
28688  52.498  -47.398  -0.109 0.0000000000
28689  42.825  -47.074  0.895 0.0000000000
28699  45.112  -47.656  -0.876 0.0000000000
28700  44.243  -47.386  -0.323 0.0000000000
28706  46.779  -48.140  -2.600 0.0000000000
28707  46.493  -47.647  -2.394 0.0000000000
28708  45.808  -47.171  -1.789 0.0000000000
28713  46.498  -47.673  -2.913 0.0000000000
28714  46.113  -47.362  -3.181 0.0000000000
28715  41.788  -47.162  -2.743 0.0000000000
28717  45.687  -46.729  -3.246 0.0000000000
28718  45.218  -47.217  -3.376 0.0000000000
28719  43.968  -47.051  -3.374 0.0000000000
28720  42.592  -47.406  -3.006 0.0000000000
28721  42.252  -46.628  -3.063 0.0000000000
29383  44.461  -46.663  10.381 0.0000000000
29384  43.636  -46.607  10.424 0.0000000000
29385  42.849  -46.700  10.323 0.0000000000
29394  45.773  -46.619  9.487 0.0000000000
29395  44.942  -46.211  9.730 0.0000000000
29396  44.067  -46.122  9.974 0.0000000000
29397  43.257  -46.189  9.923 0.0000000000
29398  42.572  -46.355  9.784 0.0000000000
29399  41.908  -46.174  9.288 0.0000000000
29409  46.166  -46.431  8.820 0.0000000000
29410  45.538  -46.027  9.001 0.0000000000
29411  41.152  -46.415  8.830 0.0000000000
29412  40.618  -46.640  8.418 0.0000000000
29424  47.132  -46.759  7.206 0.0000000000
29425  46.787  -46.702  8.225 0.0000000000
29426  40.023  -46.465  7.892 0.0000000000
29427  39.408  -46.664  7.292 0.0000000000
29436  47.225  -46.758  6.234 0.0000000000
29437  46.637  -46.235  6.666 0.0000000000
29438  39.064  -46.277  6.574 0.0000000000
29443  47.336  -46.627  5.408 0.0000000000
29444  46.691  -46.149  5.816 0.0000000000
29445  38.860  -46.888  5.906 0.0000000000
29447  53.731  -46.661  3.861 0.0000000000
29448  53.251  -47.011  4.560 0.0000000000
29449  48.177  -46.203  4.097 0.0000000000
29450  47.608  -46.435  4.739 0.0000000000
29451  39.726  -46.110  4.457 0.0000000000
29452  39.225  -46.627  5.067 0.0000000000
29454  53.866  -46.513  2.992 0.0000000000
29455  49.425  -46.853  3.414 0.0000000000
29456  48.858  -46.357  3.624 0.0000000000
29457  40.313  -46.024  3.813 0.0000000000
29464  53.866  -46.995  1.958 0.0000000000
29465  50.707  -46.411  2.010 0.0000000000
29466  50.063  -46.601  2.783 0.0000000000
29467  42.006  -46.113  1.834 0.0000000000
29468  41.529  -46.483  2.368 0.0000000000
29474  53.652  -47.503  1.107 0.0000000000
29475  51.849  -47.102  0.175 0.0000000000
29476  51.287  -46.387  0.964 0.0000000000
29477  42.436  -46.605  1.334 0.0000000000
29481  53.186  -47.623  0.121 0.0000000000
29482  52.662  -47.128  -0.249 0.0000000000
29483  52.221  -46.861  -0.448 0.0000000000
29484  43.479  -47.028  0.315 0.0000000000
29485  42.934  -46.321  0.730 0.0000000000
29495  52.147  -46.504  -0.679 0.0000000000
29496  44.858  -46.862  -1.143 0.0000000000
29497  44.090  -46.549  -0.454 0.0000000000
29504  46.186  -46.998  -2.739 0.0000000000
29505  45.501  -46.352  -2.278 0.0000000000
29510  45.737  -46.416  -3.032 0.0000000000
29511  45.246  -45.810  -3.126 0.0000000000
29514  44.952  -46.409  -3.468 0.0000000000
29515  44.099  -45.992  -3.552 0.0000000000
29516  43.084  -46.424  -3.320 0.0000000000
29517  42.459  -45.742  -3.276 0.0000000000
30180  44.898  -45.706  9.148 0.0000000000
30181  44.377  -45.776  9.456 0.0000000000
30182  43.642  -45.679  9.426 0.0000000000
30194  46.070  -45.909  8.139 0.0000000000
30195  45.187  -45.504  8.444 0.0000000000
30196  43.127  -45.198  8.660 0.0000000000
30197  42.130  -45.466  8.736 0.0000000000
30198  41.337  -45.777  8.609 0.0000000000
30199  40.651  -46.054  8.319 0.0000000000
30209  46.109  -45.768  7.131 0.0000000000
30210  45.446  -45.392  7.526 0.0000000000
30211  44.638  -45.063  7.850 0.0000000000
30212  40.709  -44.826  7.605 0.0000000000
30213  40.231  -45.614  7.758 0.0000000000
30214  39.552  -45.872  7.300 0.0000000000
30220  46.165  -45.681  6.288 0.0000000000
30221  45.601  -45.324  6.697 0.0000000000
30222  39.380  -45.378  6.639 0.0000000000
30228  46.944  -45.928  5.085 0.0000000000
30229  46.315  -45.362  5.575 0.0000000000
30230  45.785  -45.199  6.102 0.0000000000
30232  53.577  -45.790  3.910 0.0000000000
30233  53.296  -46.137  4.591 0.0000000000
30234  47.457  -45.629  4.494 0.0000000000
30235  46.824  -45.102  4.872 0.0000000000
30236  39.979  -45.411  4.434 0.0000000000
30237  39.383  -45.667  5.268 0.0000000000
30244  53.512  -45.612  2.976 0.0000000000
30245  49.452  -45.958  3.080 0.0000000000
30246  48.667  -45.640  3.517 0.0000000000
30247  48.025  -45.243  3.912 0.0000000000
30248  41.203  -45.156  3.026 0.0000000000
30249  40.610  -45.129  3.712 0.0000000000
30258  53.576  -46.197  1.929 0.0000000000
30259  53.037  -45.221  1.932 0.0000000000
30260  50.585  -45.656  1.646 0.0000000000
30261  49.850  -45.320  2.444 0.0000000000
30262  49.120  -45.103  3.000 0.0000000000
30263  42.092  -45.415  1.830 0.0000000000
30264  41.614  -45.520  2.389 0.0000000000
30270  53.492  -46.914  0.892 0.0000000000
30271  53.139  -46.105  0.674 0.0000000000
30272  51.734  -46.585  -0.175 0.0000000000
30273  51.172  -45.703  0.317 0.0000000000
30274  50.179  -44.911  1.763 0.0000000000
30282  52.624  -46.496  -0.362 0.0000000000
30283  51.934  -46.382  -0.829 0.0000000000
30284  43.521  -46.072  0.063 0.0000000000
30285  42.713  -44.756  0.980 0.0000000000
30293  52.234  -45.884  -1.045 0.0000000000
30294  52.037  -45.922  -1.169 0.0000000000
30295  51.584  -45.656  -0.945 0.0000000000
30296  44.609  -46.036  -1.341 0.0000000000
30297  43.999  -45.832  -0.634 0.0000000000
30303  51.993  -45.432  -1.528 0.0000000000
30304  44.946  -45.523  -2.508 0.0000000000
30305  44.258  -45.213  -1.377 0.0000000000
30310  45.359  -46.160  -3.282 0.0000000000
30311  41.813  -44.782  -2.998 0.0000000000
30312  44.712  -45.566  -3.423 0.0000000000
30313  43.934  -45.084  -3.630 0.0000000000
30314  43.103  -44.868  -3.598 0.0000000000
30315  42.357  -44.809  -3.374 0.0000000000
31033  43.766  -44.848  7.988 0.0000000000
31034  43.010  -44.701  7.943 0.0000000000
31035  42.310  -44.874  8.122 0.0000000000
31036  41.490  -45.168  8.126 0.0000000000
31047  44.937  -44.968  7.031 0.0000000000
31048  44.216  -44.568  7.317 0.0000000000
31049  43.348  -44.255  7.449 0.0000000000
31050  42.481  -44.309  7.651 0.0000000000
31051  41.625  -44.477  7.696 0.0000000000
31052  40.191  -44.171  7.037 0.0000000000
31053  39.852  -45.020  7.221 0.0000000000
31061  45.315  -44.782  6.391 0.0000000000
31062  44.674  -44.317  6.704 0.0000000000
31063  39.694  -44.573  6.561 0.0000000000
31072  46.322  -44.524  5.277 0.0000000000
31073  45.766  -44.706  5.816 0.0000000000
31074  39.759  -44.236  5.844 0.0000000000
31078  47.420  -44.720  4.311 0.0000000000
31079  46.857  -44.219  4.721 0.0000000000
31080  40.124  -44.078  5.048 0.0000000000
31081  39.704  -44.805  5.175 0.0000000000
31089  53.395  -44.363  3.943 0.0000000000
31090  52.903  -43.709  3.154 0.0000000000
31091  48.756  -44.307  3.000 0.0000000000
31092  48.024  -44.259  3.657 0.0000000000
31093  41.111  -44.430  3.342 0.0000000000
31094  40.587  -44.186  4.167 0.0000000000
31103  53.171  -44.746  3.055 0.0000000000
31104  52.752  -44.300  2.341 0.0000000000
31105  49.832  -44.194  1.621 0.0000000000
31106  49.483  -44.552  2.387 0.0000000000
31107  41.995  -44.812  2.059 0.0000000000
31114  52.644  -44.447  1.317 0.0000000000
31115  50.487  -44.786  0.982 0.0000000000
31116  42.371  -44.162  1.629 0.0000000000
31124  52.453  -45.001  -0.727 0.0000000000
31125  50.797  -44.871  -0.078 0.0000000000
31126  43.303  -44.428  0.091 0.0000000000
31127  42.847  -43.872  0.804 0.0000000000
31134  52.215  -45.049  -1.478 0.0000000000
31135  51.779  -45.369  -1.506 0.0000000000
31136  51.083  -44.920  -1.131 0.0000000000
31137  43.847  -44.370  -1.164 0.0000000000
31141  52.090  -44.754  -1.936 0.0000000000
31142  51.864  -44.914  -1.912 0.0000000000
31143  50.937  -44.064  -2.416 0.0000000000
31144  44.379  -44.426  -2.607 0.0000000000
31149  51.856  -44.239  -2.456 0.0000000000
31150  44.182  -44.293  -3.364 0.0000000000
31151  43.939  -43.474  -3.351 0.0000000000
31152  42.115  -43.920  -3.281 0.0000000000
31153  44.182  -44.625  -3.517 0.0000000000
31154  43.586  -44.160  -3.639 0.0000000000
31155  42.894  -44.002  -3.732 0.0000000000
31156  42.365  -44.106  -3.449 0.0000000000
31907  43.942  -43.917  6.981 0.0000000000
31908  42.680  -43.672  7.328 0.0000000000
31909  41.873  -43.720  7.395 0.0000000000
31910  40.608  -43.357  6.626 0.0000000000
31920  45.262  -43.958  6.129 0.0000000000
31921  44.483  -43.475  6.567 0.0000000000
31922  43.683  -43.082  6.876 0.0000000000
31923  41.004  -42.839  6.514 0.0000000000
31924  40.032  -43.901  6.425 0.0000000000
31932  46.355  -43.580  5.146 0.0000000000
31933  40.329  -43.435  5.767 0.0000000000
31937  47.383  -43.833  4.195 0.0000000000
31938  41.135  -42.822  4.396 0.0000000000
31939  40.628  -43.409  4.758 0.0000000000
31949  52.739  -42.844  2.721 0.0000000000
31950  48.393  -43.493  3.119 0.0000000000
31951  47.784  -43.327  3.669 0.0000000000
31952  41.126  -43.534  3.750 0.0000000000
31959  52.572  -43.537  2.119 0.0000000000
31960  49.083  -43.616  2.333 0.0000000000
31961  42.119  -43.341  2.293 0.0000000000
31962  41.560  -43.870  2.884 0.0000000000
31968  52.538  -44.236  0.255 0.0000000000
31969  50.186  -44.043  0.741 0.0000000000
31970  49.551  -43.406  1.382 0.0000000000
31971  48.982  -42.773  1.883 0.0000000000
31981  52.493  -43.938  -0.726 0.0000000000
31982  49.746  -42.898  -0.053 0.0000000000
31983  43.455  -42.719  -0.443 0.0000000000
31990  52.339  -44.047  -1.739 0.0000000000
31991  50.374  -43.911  -0.336 0.0000000000
31992  50.121  -43.200  -1.103 0.0000000000
31993  43.926  -43.316  -2.266 0.0000000000
32000  52.244  -43.854  -2.531 0.0000000000
32001  50.430  -43.453  -2.208 0.0000000000
32002  43.666  -42.408  -3.402 0.0000000000
32007  52.096  -43.509  -3.360 0.0000000000
32008  51.440  -43.901  -2.936 0.0000000000
32009  50.799  -43.554  -3.125 0.0000000000
32010  43.789  -43.712  -3.591 0.0000000000
32011  43.493  -42.674  -3.732 0.0000000000
32012  42.685  -42.348  -3.796 0.0000000000
32013  42.059  -43.227  -3.226 0.0000000000
32014  52.102  -43.021  -4.061 0.0000000000
32015  51.336  -43.303  -3.847 0.0000000000
32016  43.299  -43.208  -3.837 0.0000000000
32017  42.666  -43.222  -3.755 0.0000000000
32741  42.897  -42.938  7.091 0.0000000000
32742  42.205  -43.098  7.166 0.0000000000
32743  41.416  -43.016  6.957 0.0000000000
32751  45.027  -42.930  6.142 0.0000000000
32752  44.232  -42.503  6.510 0.0000000000
32753  43.300  -42.129  6.704 0.0000000000
32754  42.227  -42.344  6.777 0.0000000000
32755  41.409  -42.440  6.389 0.0000000000
32756  40.834  -42.760  6.076 0.0000000000
32761  45.691  -43.297  5.670 0.0000000000
32762  45.505  -42.419  5.671 0.0000000000
32763  44.804  -41.991  6.077 0.0000000000
32764  41.331  -42.212  5.696 0.0000000000
32765  40.885  -42.746  5.304 0.0000000000
32772  47.259  -42.995  4.185 0.0000000000
32773  46.607  -42.675  4.740 0.0000000000
32774  41.374  -42.154  4.851 0.0000000000
32785  53.230  -42.303  3.271 0.0000000000
32786  47.597  -42.541  3.636 0.0000000000
32787  42.077  -41.576  3.442 0.0000000000
32793  53.069  -42.160  2.326 0.0000000000
32794  52.634  -42.751  1.774 0.0000000000
32795  47.938  -42.190  3.039 0.0000000000
32796  42.062  -42.401  2.831 0.0000000000
32797  41.624  -43.076  3.193 0.0000000000
32806  53.131  -42.125  1.289 0.0000000000
32807  52.694  -42.725  0.763 0.0000000000
32808  49.315  -42.601  0.942 0.0000000000
32809  48.709  -42.008  1.597 0.0000000000
32810  42.536  -42.434  1.907 0.0000000000
32820  53.397  -42.210  0.147 0.0000000000
32821  52.781  -42.856  -0.336 0.0000000000
32822  49.244  -42.081  0.125 0.0000000000
32823  43.497  -41.723  -0.549 0.0000000000
32824  42.968  -42.363  1.017 0.0000000000
32831  54.356  -42.268  -2.115 0.0000000000
32832  53.273  -42.647  -1.369 0.0000000000
32833  52.681  -43.288  -1.221 0.0000000000
32834  49.542  -42.324  -0.810 0.0000000000
32840  54.280  -42.169  -3.079 0.0000000000
32841  53.517  -42.651  -2.568 0.0000000000
32842  52.766  -43.217  -2.093 0.0000000000
32843  49.789  -42.507  -1.963 0.0000000000
32844  43.497  -41.393  -3.412 0.0000000000
32845  42.592  -41.048  -3.716 0.0000000000
32846  41.943  -42.001  -2.516 0.0000000000
32850  53.779  -42.123  -3.800 0.0000000000
32851  53.527  -42.524  -3.416 0.0000000000
32852  52.816  -43.078  -3.068 0.0000000000
32853  50.591  -42.960  -3.807 0.0000000000
32854  49.597  -42.028  -3.066 0.0000000000
32855  43.275  -41.627  -3.884 0.0000000000
32856  42.890  -41.437  -4.041 0.0000000000
32857  42.355  -42.138  -3.468 0.0000000000
32858  53.083  -42.251  -4.246 0.0000000000
32859  52.898  -42.759  -3.889 0.0000000000
32860  51.540  -42.617  -4.462 0.0000000000
32861  50.744  -42.575  -4.420 0.0000000000
32862  49.986  -42.202  -4.148 0.0000000000
32863  43.087  -42.099  -4.001 0.0000000000
32864  52.618  -41.990  -4.516 0.0000000000
32865  51.675  -41.936  -4.703 0.0000000000
32866  50.978  -42.135  -4.780 0.0000000000
33589  44.021  -41.621  6.327 0.0000000000
33590  43.366  -41.383  6.303 0.0000000000
33591  42.684  -41.549  6.341 0.0000000000
33592  41.874  -41.764  6.125 0.0000000000
33596  46.016  -42.032  5.198 0.0000000000
33597  45.341  -41.559  5.579 0.0000000000
33598  44.580  -41.179  5.861 0.0000000000
33599  43.806  -40.932  5.975 0.0000000000
33600  42.380  -41.164  5.711 0.0000000000
33601  41.762  -41.564  5.319 0.0000000000
33609  55.261  -41.347  5.035 0.0000000000
33611  53.890  -41.831  3.977 0.0000000000
33612  47.080  -42.162  4.149 0.0000000000
33613  45.856  -41.178  5.053 0.0000000000
33614  42.211  -40.936  4.918 0.0000000000
33615  41.800  -41.514  4.416 0.0000000000
33625  55.426  -40.882  3.934 0.0000000000
33626  54.491  -41.273  3.382 0.0000000000
33627  53.677  -41.643  2.889 0.0000000000
33628  47.419  -41.750  3.531 0.0000000000
33629  46.673  -40.757  3.915 0.0000000000
33630  42.223  -40.832  4.046 0.0000000000
33636  55.347  -40.922  2.717 0.0000000000
33637  54.513  -41.295  2.306 0.0000000000
33638  53.725  -41.647  1.832 0.0000000000
33639  48.310  -41.971  2.373 0.0000000000
33640  47.725  -41.312  2.754 0.0000000000
33641  42.486  -41.591  2.465 0.0000000000
33650  55.441  -41.112  1.639 0.0000000000
33651  54.682  -41.402  1.238 0.0000000000
33652  53.961  -41.708  0.770 0.0000000000
33653  48.211  -41.264  1.862 0.0000000000
33654  42.928  -41.541  1.443 0.0000000000
33662  56.427  -41.195  0.180 0.0000000000
33663  54.907  -41.554  0.238 0.0000000000
33664  54.294  -41.824  -0.119 0.0000000000
33665  48.751  -41.355  0.208 0.0000000000
33666  43.524  -40.226  -0.764 0.0000000000
33667  43.349  -41.462  0.319 0.0000000000
33675  56.421  -41.147  -0.792 0.0000000000
33676  55.783  -41.476  -0.360 0.0000000000
33677  55.044  -41.742  -0.741 0.0000000000
33678  54.082  -42.115  -0.918 0.0000000000
33679  49.075  -41.522  -0.631 0.0000000000
33680  48.801  -40.934  -1.535 0.0000000000
33681  43.602  -40.716  -1.565 0.0000000000
33688  56.256  -40.669  -1.668 0.0000000000
33689  55.665  -40.583  -2.469 0.0000000000
33690  55.105  -41.613  -2.551 0.0000000000
33691  49.311  -41.723  -1.578 0.0000000000
33692  48.415  -40.078  -2.719 0.0000000000
33693  43.399  -40.192  -3.245 0.0000000000
33694  42.815  -39.983  -3.695 0.0000000000
33695  42.190  -40.832  -2.690 0.0000000000
33699  55.083  -40.848  -3.088 0.0000000000
33700  54.543  -41.509  -3.334 0.0000000000
33701  49.346  -41.286  -3.952 0.0000000000
33702  43.162  -40.703  -3.952 0.0000000000
33703  43.031  -40.609  -4.043 0.0000000000
33704  54.035  -41.372  -3.779 0.0000000000
33705  53.309  -41.614  -4.180 0.0000000000
33706  52.221  -41.510  -4.355 0.0000000000
33707  51.141  -41.318  -4.622 0.0000000000
33708  50.365  -41.849  -4.694 0.0000000000
33709  49.773  -41.285  -4.575 0.0000000000
33710  43.096  -41.165  -4.080 0.0000000000
33711  50.730  -41.590  -4.779 0.0000000000
33712  50.153  -41.248  -4.763 0.0000000000
34457  56.086  -40.307  6.049 0.0000000000
34458  55.501  -40.820  6.126 0.0000000000
34462  43.076  -40.909  5.954 0.0000000000
34466  56.694  -40.185  5.545 0.0000000000
34467  56.008  -40.695  5.612 0.0000000000
34468  45.139  -40.731  5.422 0.0000000000
34469  44.338  -40.451  5.557 0.0000000000
34470  43.546  -40.362  5.508 0.0000000000
34471  42.809  -40.514  5.335 0.0000000000
34479  57.468  -40.091  5.031 0.0000000000
34480  56.722  -40.465  5.015 0.0000000000
34481  55.967  -40.849  4.913 0.0000000000
34482  46.249  -40.224  4.124 0.0000000000
34483  45.621  -40.291  4.797 0.0000000000
34484  42.611  -40.260  4.539 0.0000000000
34490  58.383  -40.109  3.371 0.0000000000
34491  57.834  -40.291  3.657 0.0000000000
34492  57.142  -40.465  3.354 0.0000000000
34493  56.256  -40.644  3.049 0.0000000000
34494  47.157  -40.970  3.452 0.0000000000
34495  46.725  -40.278  3.466 0.0000000000
34496  42.592  -40.103  3.699 0.0000000000
34499  57.728  -40.365  2.773 0.0000000000
34500  57.041  -40.638  2.276 0.0000000000
34501  56.220  -40.840  1.940 0.0000000000
34502  51.691  -40.087  2.239 0.0000000000
34503  51.001  -40.144  1.818 0.0000000000
34504  47.258  -40.440  2.813 0.0000000000
34505  46.768  -39.691  2.828 0.0000000000
34506  42.863  -40.571  2.023 0.0000000000
34517  57.563  -40.454  1.681 0.0000000000
34518  56.942  -40.886  1.015 0.0000000000
34519  56.215  -41.102  1.040 0.0000000000
34520  52.822  -40.239  0.777 0.0000000000
34521  52.343  -40.223  1.550 0.0000000000
34522  51.577  -40.332  1.396 0.0000000000
34523  50.858  -40.165  1.002 0.0000000000
34524  48.512  -41.254  1.026 0.0000000000
34525  48.040  -40.561  1.236 0.0000000000
34526  43.436  -39.312  -0.342 0.0000000000
34527  43.332  -40.537  0.716 0.0000000000
34534  57.310  -40.486  0.593 0.0000000000
34535  56.892  -40.879  -0.114 0.0000000000
34536  53.068  -40.288  0.020 0.0000000000
34537  52.347  -40.493  0.200 0.0000000000
34538  51.536  -40.444  0.513 0.0000000000
34539  50.831  -40.160  -0.022 0.0000000000
34540  48.263  -40.497  0.277 0.0000000000
34541  47.720  -39.774  0.642 0.0000000000
34546  57.078  -40.239  -0.411 0.0000000000
34547  56.390  -39.835  -1.759 0.0000000000
34548  53.422  -40.267  -1.615 0.0000000000
34549  51.656  -40.562  -0.640 0.0000000000
34550  50.782  -40.132  -1.044 0.0000000000
34551  48.337  -40.140  -1.424 0.0000000000
34552  43.390  -39.412  -2.488 0.0000000000
34553  42.644  -38.693  -2.726 0.0000000000
34554  42.026  -39.574  -1.685 0.0000000000
34559  56.033  -39.942  -2.192 0.0000000000
34560  53.121  -40.533  -2.488 0.0000000000
34561  52.276  -40.774  -2.313 0.0000000000
34562  51.581  -40.607  -1.824 0.0000000000
34563  50.792  -40.191  -2.009 0.0000000000
34564  43.067  -39.103  -3.249 0.0000000000
34565  42.917  -39.118  -3.335 0.0000000000
34566  42.415  -39.577  -2.908 0.0000000000
34569  55.092  -39.952  -2.937 0.0000000000
34570  54.423  -40.578  -3.386 0.0000000000
34571  53.755  -40.442  -3.300 0.0000000000
34572  52.542  -40.892  -3.324 0.0000000000
34573  51.442  -40.830  -3.656 0.0000000000
34574  51.011  -40.509  -2.845 0.0000000000
34575  48.764  -40.331  -3.860 0.0000000000
34576  48.349  -39.401  -3.956 0.0000000000
34577  43.010  -39.856  -3.699 0.0000000000
34578  53.742  -40.923  -3.791 0.0000000000
34579  53.025  -41.011  -3.929 0.0000000000
34580  51.516  -41.119  -4.337 0.0000000000
34581  50.626  -40.688  -4.399 0.0000000000
34582  49.266  -40.407  -4.387 0.0000000000
34583  48.740  -39.443  -4.378 0.0000000000
34584  50.299  -40.922  -4.707 0.0000000000
34585  49.751  -40.593  -4.588 0.0000000000
34586  49.251  -39.671  -4.438 0.0000000000
35371  57.254  -39.779  5.430 0.0000000000
35372  56.601  -39.869  5.860 0.0000000000
35373  44.854  -40.051  5.203 0.0000000000
35374  44.105  -39.695  5.086 0.0000000000
35375  43.241  -39.870  4.915 0.0000000000
35385  59.473  -39.195  4.115 0.0000000000
35386  58.816  -39.484  4.540 0.0000000000
35387  58.255  -40.034  4.357 0.0000000000
35388  44.954  -39.436  4.668 0.0000000000
35389  44.230  -39.121  4.504 0.0000000000
35390  43.633  -39.263  4.435 0.0000000000
35391  42.944  -39.536  4.134 0.0000000000
35397  59.004  -39.760  3.895 0.0000000000
35398  51.840  -39.208  3.436 0.0000000000
35399  50.930  -39.428  3.373 0.0000000000
35400  50.320  -39.433  3.097 0.0000000000
35401  49.583  -39.088  2.889 0.0000000000
35402  46.177  -39.494  3.573 0.0000000000
35403  45.412  -39.011  3.957 0.0000000000
35404  43.405  -38.906  3.692 0.0000000000
35405  42.964  -39.307  3.164 0.0000000000
35410  59.392  -39.303  3.448 0.0000000000
35411  58.844  -39.777  2.989 0.0000000000
35412  58.181  -40.100  2.343 0.0000000000
35413  53.042  -39.391  2.378 0.0000000000
35414  52.212  -39.630  2.761 0.0000000000
35415  50.816  -39.806  2.575 0.0000000000
35416  50.328  -39.603  1.583 0.0000000000
35417  49.649  -39.000  1.825 0.0000000000
35418  47.223  -39.828  2.075 0.0000000000
35419  46.337  -39.003  2.825 0.0000000000
35420  43.012  -39.536  2.172 0.0000000000
35432  58.397  -39.477  1.970 0.0000000000
35433  57.838  -40.054  1.297 0.0000000000
35434  54.288  -39.205  0.596 0.0000000000
35435  53.259  -39.730  1.424 0.0000000000
35436  52.512  -39.886  2.141 0.0000000000
35437  50.287  -39.507  0.422 0.0000000000
35438  49.732  -38.848  0.776 0.0000000000
35439  47.203  -39.113  1.114 0.0000000000
35440  46.698  -39.040  2.040 0.0000000000
35441  43.338  -38.482  0.058 0.0000000000
35442  43.309  -39.623  1.076 0.0000000000
35449  57.488  -39.787  0.254 0.0000000000
35450  54.421  -39.292  -0.675 0.0000000000
35451  53.616  -39.818  0.294 0.0000000000
35452  50.264  -39.374  -0.738 0.0000000000
35453  49.741  -38.613  -0.381 0.0000000000
35454  47.796  -39.524  -0.345 0.0000000000
35455  47.302  -38.722  -0.085 0.0000000000
35456  43.125  -38.140  -1.414 0.0000000000
35457  42.499  -37.945  -1.317 0.0000000000
35458  41.842  -38.688  -0.441 0.0000000000
35463  56.985  -38.968  -0.908 0.0000000000
35464  56.349  -38.834  -1.767 0.0000000000
35465  54.355  -39.452  -1.784 0.0000000000
35466  53.638  -40.003  -0.705 0.0000000000
35467  50.223  -39.283  -2.029 0.0000000000
35468  49.687  -38.343  -1.713 0.0000000000
35469  47.859  -39.342  -1.361 0.0000000000
35470  47.336  -38.342  -1.328 0.0000000000
35471  42.951  -38.282  -2.319 0.0000000000
35472  42.842  -38.228  -2.239 0.0000000000
35473  42.277  -38.592  -1.673 0.0000000000
35478  55.963  -39.047  -2.162 0.0000000000
35479  54.913  -39.115  -2.365 0.0000000000
35480  54.164  -39.793  -2.612 0.0000000000
35481  49.493  -38.220  -3.177 0.0000000000
35482  47.894  -38.835  -3.463 0.0000000000
35483  47.446  -38.173  -2.692 0.0000000000
35484  42.991  -38.566  -2.887 0.0000000000
35487  55.535  -39.463  -2.432 0.0000000000
35488  55.142  -39.159  -2.414 0.0000000000
35489  54.620  -39.723  -2.852 0.0000000000
35490  49.235  -38.336  -4.061 0.0000000000
35491  48.294  -38.400  -4.291 0.0000000000
35492  50.023  -39.866  -4.263 0.0000000000
35493  49.371  -39.074  -4.398 0.0000000000
35494  48.803  -38.845  -4.463 0.0000000000
35495  49.804  -40.098  -4.467 0.0000000000
36231  57.665  -39.300  5.322 0.0000000000
36232  56.786  -39.154  5.667 0.0000000000
36241  59.848  -38.628  4.160 0.0000000000
36242  59.226  -38.870  4.536 0.0000000000
36243  58.412  -39.081  5.028 0.0000000000
36244  52.676  -38.033  3.812 0.0000000000
36245  51.991  -38.477  3.935 0.0000000000
36246  50.597  -38.335  4.542 0.0000000000
36247  49.601  -38.394  4.525 0.0000000000
36248  48.698  -38.265  4.261 0.0000000000
36249  44.624  -38.741  4.077 0.0000000000
36250  43.940  -38.689  3.959 0.0000000000
36257  59.912  -38.659  3.671 0.0000000000
36258  53.105  -38.379  3.317 0.0000000000
36259  52.462  -38.654  3.531 0.0000000000
36260  51.153  -38.871  3.993 0.0000000000
36261  50.165  -39.048  3.829 0.0000000000
36262  49.225  -38.689  3.672 0.0000000000
36263  48.491  -38.193  3.290 0.0000000000
36264  45.763  -38.662  3.191 0.0000000000
36265  45.044  -38.342  3.437 0.0000000000
36266  44.283  -38.251  3.339 0.0000000000
36267  43.765  -38.308  3.111 0.0000000000
36268  43.380  -38.561  2.876 0.0000000000
36274  59.607  -38.758  2.895 0.0000000000
36275  58.808  -38.667  2.067 0.0000000000
36276  54.351  -38.311  2.171 0.0000000000
36277  53.504  -38.718  2.669 0.0000000000
36278  52.708  -39.061  3.074 0.0000000000
36279  49.091  -38.448  2.046 0.0000000000
36280  48.523  -37.934  2.282 0.0000000000
36281  46.012  -38.194  2.162 0.0000000000
36282  43.615  -37.701  1.816 0.0000000000
36283  43.294  -38.616  2.127 0.0000000000
36297  58.103  -38.615  1.080 0.0000000000
36298  57.871  -39.444  0.951 0.0000000000
36299  55.664  -37.723  -0.512 0.0000000000
36300  54.938  -38.422  0.912 0.0000000000
36301  53.951  -39.031  1.770 0.0000000000
36302  49.214  -38.221  1.048 0.0000000000
36303  48.663  -37.656  1.279 0.0000000000
36304  46.829  -38.141  0.229 0.0000000000
36305  46.509  -38.213  1.118 0.0000000000
36306  43.350  -37.853  0.733 0.0000000000
36307  43.303  -38.851  1.321 0.0000000000
36313  57.695  -37.544  -0.022 0.0000000000
36314  57.537  -38.679  0.027 0.0000000000
36315  55.809  -37.827  -1.600 0.0000000000
36316  55.130  -38.469  -0.619 0.0000000000
36317  49.283  -37.932  -0.026 0.0000000000
36318  48.749  -37.330  0.233 0.0000000000
36319  46.730  -37.177  -1.155 0.0000000000
36320  46.321  -37.136  -0.058 0.0000000000
36321  43.016  -37.514  -0.819 0.0000000000
36322  42.531  -37.396  -0.795 0.0000000000
36323  41.954  -37.834  -0.296 0.0000000000
36328  57.030  -37.595  -1.058 0.0000000000
36329  56.294  -37.823  -1.590 0.0000000000
36330  55.763  -38.100  -1.860 0.0000000000
36331  55.214  -38.557  -1.809 0.0000000000
36332  49.235  -37.610  -1.235 0.0000000000
36333  46.991  -36.916  -2.592 0.0000000000
36334  42.823  -37.853  -1.497 0.0000000000
36339  55.921  -38.015  -1.899 0.0000000000
36340  55.584  -38.635  -2.065 0.0000000000
36341  55.388  -38.648  -2.049 0.0000000000
36342  48.862  -37.241  -2.775 0.0000000000
36343  47.710  -37.561  -3.893 0.0000000000
36344  47.332  -36.928  -3.390 0.0000000000
36346  48.648  -37.540  -3.941 0.0000000000
36347  48.083  -37.343  -4.210 0.0000000000
36348  47.617  -36.778  -3.730 0.0000000000
36349  48.679  -38.143  -4.351 0.0000000000
37056  57.531  -38.548  5.191 0.0000000000
37060  50.077  -37.529  5.216 0.0000000000
37072  61.063  -37.042  3.959 0.0000000000
37073  60.255  -37.271  4.237 0.0000000000
37074  59.668  -38.114  4.361 0.0000000000
37075  58.473  -38.044  4.686 0.0000000000
37076  53.508  -36.947  3.776 0.0000000000
37077  52.789  -37.201  4.104 0.0000000000
37078  51.974  -37.266  4.481 0.0000000000
37087  60.455  -37.959  3.922 0.0000000000
37088  53.341  -37.634  3.580 0.0000000000
37089  47.818  -37.730  3.840 0.0000000000
37091  44.675  -37.725  2.618 0.0000000000
37092  44.042  -37.635  2.312 0.0000000000
37096  60.935  -37.216  3.416 0.0000000000
37097  60.285  -37.982  3.044 0.0000000000
37098  59.317  -37.965  2.193 0.0000000000
37099  56.177  -36.556  1.489 0.0000000000
37100  54.590  -37.590  2.615 0.0000000000
37101  53.840  -38.001  3.007 0.0000000000
37102  47.871  -37.395  2.595 0.0000000000
37103  45.196  -37.218  1.722 0.0000000000
37104  44.355  -36.967  1.441 0.0000000000
37105  43.796  -36.736  0.820 0.0000000000
37106  42.407  -36.018  1.382 0.0000000000
37118  59.796  -37.373  2.253 0.0000000000
37119  58.822  -36.905  1.332 0.0000000000
37120  56.509  -36.502  -0.075 0.0000000000
37121  55.876  -37.227  1.012 0.0000000000
37122  55.138  -37.812  1.658 0.0000000000
37123  48.058  -37.049  1.482 0.0000000000
37124  47.251  -36.235  1.576 0.0000000000
37125  45.882  -37.233  0.937 0.0000000000
37126  45.209  -36.298  0.396 0.0000000000
37127  43.927  -35.883  0.097 0.0000000000
37128  43.327  -35.732  -0.200 0.0000000000
37129  42.355  -36.351  0.265 0.0000000000
37137  58.046  -36.669  0.114 0.0000000000
37138  56.706  -36.647  -1.038 0.0000000000
37139  56.274  -37.289  -1.314 0.0000000000
37140  48.717  -36.967  -0.909 0.0000000000
37141  48.138  -36.301  -0.713 0.0000000000
37142  45.245  -35.292  -0.526 0.0000000000
37143  42.822  -36.569  -0.273 0.0000000000
37144  42.576  -36.725  -0.329 0.0000000000
37145  42.100  -37.052  0.052 0.0000000000
37150  57.200  -36.490  -0.864 0.0000000000
37151  56.440  -37.150  -1.228 0.0000000000
37152  56.129  -37.613  -1.684 0.0000000000
37153  47.817  -36.063  -2.042 0.0000000000
37154  46.908  -35.933  -2.174 0.0000000000
37155  46.325  -35.638  -1.223 0.0000000000
37156  42.660  -37.355  -0.694 0.0000000000
37160  48.048  -36.378  -2.920 0.0000000000
37161  47.442  -36.226  -2.834 0.0000000000
37162  47.267  -36.374  -3.049 0.0000000000
37164  48.073  -36.745  -3.753 0.0000000000
37165  47.571  -36.510  -3.327 0.0000000000
37981  51.111  -36.074  5.088 0.0000000000
37982  50.932  -36.874  5.098 0.0000000000
37996  60.837  -36.461  4.263 0.0000000000
37999  52.402  -36.434  4.474 0.0000000000
38008  61.405  -36.629  3.582 0.0000000000
38009  55.214  -35.951  3.223 0.0000000000
38010  54.132  -36.346  3.668 0.0000000000
38011  47.093  -36.808  2.911 0.0000000000
38012  46.278  -36.411  3.240 0.0000000000
38020  61.332  -36.568  2.960 0.0000000000
38021  60.613  -37.076  2.648 0.0000000000
38022  56.622  -35.872  1.427 0.0000000000
38023  56.086  -35.981  2.362 0.0000000000
38024  54.836  -36.856  3.013 0.0000000000
38025  46.312  -35.609  1.950 0.0000000000
38026  45.559  -35.505  2.606 0.0000000000
38027  43.004  -35.507  1.924 0.0000000000
38038  59.680  -36.524  1.777 0.0000000000
38039  58.752  -35.953  0.749 0.0000000000
38040  56.829  -35.910  0.239 0.0000000000
38041  47.612  -36.106  0.510 0.0000000000
38042  46.910  -35.350  0.289 0.0000000000
38043  46.556  -35.266  0.939 0.0000000000
38044  44.440  -35.339  -0.296 0.0000000000
38045  43.866  -35.002  -0.245 0.0000000000
38046  42.988  -35.819  -0.215 0.0000000000
38047  42.775  -35.652  0.242 0.0000000000
38059  57.872  -35.761  -0.299 0.0000000000
38060  57.113  -35.840  -0.620 0.0000000000
38061  56.925  -35.993  -0.786 0.0000000000
38062  47.170  -35.505  -1.420 0.0000000000
38063  47.103  -35.343  -0.582 0.0000000000
38064  44.801  -34.765  -0.419 0.0000000000
38068  56.800  -36.347  -0.983 0.0000000000
38069  47.081  -35.901  -2.284 0.0000000000
38070  46.538  -35.369  -1.439 0.0000000000
38071  46.120  -35.078  -1.181 0.0000000000
38072  45.701  -34.898  -0.773 0.0000000000
38846  62.018  -35.373  3.677 0.0000000000
38847  61.590  -36.134  3.918 0.0000000000
38849  54.007  -34.755  4.171 0.0000000000
38850  53.636  -35.551  4.157 0.0000000000
38851  52.804  -35.591  4.435 0.0000000000
38852  51.879  -35.602  4.693 0.0000000000
38857  61.725  -36.007  3.378 0.0000000000
38858  54.458  -35.401  3.788 0.0000000000
38859  44.799  -34.827  2.083 0.0000000000
38861  43.646  -35.228  2.271 0.0000000000
38865  61.845  -35.347  3.124 0.0000000000
38866  61.380  -35.699  2.685 0.0000000000
38867  60.573  -36.096  2.222 0.0000000000
38868  56.724  -35.297  1.917 0.0000000000
38869  56.011  -35.197  2.894 0.0000000000
38870  45.916  -34.683  0.730 0.0000000000
38871  45.414  -34.719  1.430 0.0000000000
38872  44.074  -34.718  1.497 0.0000000000
38873  43.433  -34.968  1.072 0.0000000000
38878  60.437  -34.964  1.781 0.0000000000
38879  59.509  -35.483  1.238 0.0000000000
38880  58.518  -35.024  0.175 0.0000000000
38881  57.682  -34.696  -0.011 0.0000000000
38882  57.204  -35.327  0.587 0.0000000000
38883  46.242  -34.692  0.043 0.0000000000
38884  45.227  -34.346  0.303 0.0000000000
38885  43.923  -34.679  0.331 0.0000000000
38896  59.282  -34.443  0.636 0.0000000000
38897  57.354  -35.557  -0.321 0.0000000000
38898  46.419  -34.898  -0.671 0.0000000000
38899  45.839  -34.667  -0.600 0.0000000000
38900  45.249  -34.544  -0.390 0.0000000000
38906  46.107  -34.989  -1.142 0.0000000000
39678  62.515  -34.016  4.301 0.0000000000
39679  61.657  -34.350  5.092 0.0000000000
39694  62.271  -34.670  3.807 0.0000000000
39695  61.987  -35.112  4.167 0.0000000000
39698  53.221  -34.810  4.382 0.0000000000
39699  52.449  -34.787  4.506 0.0000000000
39700  51.647  -34.612  4.620 0.0000000000
39701  50.787  -34.335  4.840 0.0000000000
39705  61.955  -34.708  3.240 0.0000000000
39706  56.528  -33.588  2.572 0.0000000000
39707  55.894  -34.197  3.233 0.0000000000
39708  54.483  -33.917  4.024 0.0000000000
39711  61.391  -34.921  2.604 0.0000000000
39712  60.614  -34.253  1.999 0.0000000000
39713  56.684  -34.434  2.341 0.0000000000
39718  59.830  -33.890  1.067 0.0000000000
39719  57.370  -34.534  1.181 0.0000000000
39726  59.123  -33.477  0.220 0.0000000000
39727  58.529  -33.173  -0.038 0.0000000000
39728  58.240  -32.939  0.056 0.0000000000
40530  50.205  -33.840  4.972 0.0000000000
40539  62.695  -33.151  4.240 0.0000000000
40540  61.772  -33.516  3.661 0.0000000000
40541  53.898  -33.186  4.149 0.0000000000
40542  53.014  -33.458  4.292 0.0000000000
40543  52.300  -34.042  4.393 0.0000000000
40544  51.514  -33.888  4.374 0.0000000000
40545  49.867  -33.335  4.735 0.0000000000
40551  62.293  -34.024  3.705 0.0000000000
40552  61.493  -34.144  3.090 0.0000000000
40553  60.541  -33.605  2.801 0.0000000000
40554  56.051  -33.121  3.040 0.0000000000
40555  55.305  -33.517  3.560 0.0000000000
40556  54.767  -32.696  3.686 0.0000000000
40557  51.466  -33.317  4.016 0.0000000000
40558  50.680  -33.614  4.391 0.0000000000
40566  60.570  -33.847  2.334 0.0000000000
40567  59.890  -33.349  1.431 0.0000000000
40568  57.300  -33.351  1.518 0.0000000000
40569  56.666  -32.538  2.125 0.0000000000
40581  59.468  -32.889  0.565 0.0000000000
40582  57.930  -32.489  0.366 0.0000000000
40589  59.078  -32.547  0.042 0.0000000000
40590  58.707  -32.269  -0.032 0.0000000000
40591  58.394  -32.024  0.101 0.0000000000
41407  62.294  -32.632  4.239 0.0000000000
41408  60.341  -33.314  3.412 0.0000000000
41411  54.087  -32.321  3.853 0.0000000000
41412  53.386  -32.568  4.037 0.0000000000
41413  52.705  -32.817  4.075 0.0000000000
41414  52.212  -33.384  4.174 0.0000000000
41415  50.224  -33.021  4.033 0.0000000000
41416  49.477  -32.670  4.468 0.0000000000
41421  59.526  -32.852  2.571 0.0000000000
41422  56.035  -31.919  2.490 0.0000000000
41423  55.373  -31.524  2.901 0.0000000000
41424  54.625  -31.381  3.316 0.0000000000
41425  53.752  -31.513  3.611 0.0000000000
41426  52.861  -31.948  3.736 0.0000000000
41427  51.235  -32.928  3.307 0.0000000000
41428  50.631  -32.868  3.217 0.0000000000
41429  49.812  -32.429  3.498 0.0000000000
41438  59.670  -32.791  1.613 0.0000000000
41439  59.159  -31.373  1.274 0.0000000000
41440  57.427  -31.766  1.041 0.0000000000
41441  56.764  -30.911  1.433 0.0000000000
41442  56.062  -30.196  1.771 0.0000000000
41443  51.148  -32.448  1.657 0.0000000000
41444  50.822  -32.525  1.384 0.0000000000
41445  50.427  -32.493  2.460 0.0000000000
41454  59.238  -31.982  0.290 0.0000000000
41455  59.241  -31.588  0.636 0.0000000000
41456  58.186  -31.195  0.309 0.0000000000
41457  51.024  -32.442  0.304 0.0000000000
41458  51.049  -32.490  0.751 0.0000000000
41465  59.057  -31.784  0.059 0.0000000000
41466  58.810  -31.247  0.204 0.0000000000
42240  49.061  -31.962  4.225 0.0000000000
42248  58.664  -31.511  2.328 0.0000000000
42249  57.889  -30.650  2.691 0.0000000000
42250  57.245  -29.854  2.874 0.0000000000
42251  55.287  -29.784  2.282 0.0000000000
42252  54.317  -30.050  2.889 0.0000000000
42253  53.276  -30.498  3.345 0.0000000000
42254  52.123  -31.340  3.300 0.0000000000
42255  49.211  -31.628  3.464 0.0000000000
42270  58.664  -30.099  1.120 0.0000000000
42271  58.288  -29.857  1.655 0.0000000000
42272  57.056  -29.240  1.309 0.0000000000
42273  49.967  -32.038  1.832 0.0000000000
42286  59.071  -31.341  0.277 0.0000000000
42287  58.866  -30.614  0.647 0.0000000000
42288  58.442  -30.207  0.603 0.0000000000
42289  57.743  -30.133  0.681 0.0000000000
42290  51.260  -32.278  0.683 0.0000000000
42291  50.940  -32.479  0.486 0.0000000000
42292  50.425  -32.167  0.837 0.0000000000
42296  51.086  -32.234  -0.161 0.0000000000
42297  50.984  -32.398  0.044 0.0000000000
42298  50.726  -32.226  0.086 0.0000000000
42304  51.115  -31.770  -1.029 0.0000000000
42305  50.911  -32.139  -0.471 0.0000000000
43081  56.586  -29.389  3.166 0.0000000000
43082  55.861  -29.089  3.485 0.0000000000
43083  55.075  -28.729  3.755 0.0000000000
43093  57.738  -29.264  1.882 0.0000000000
43094  57.027  -28.715  2.247 0.0000000000
43095  56.312  -28.508  2.534 0.0000000000
43096  54.973  -28.601  2.369 0.0000000000
43097  53.963  -28.796  2.712 0.0000000000
43098  52.812  -29.462  3.048 0.0000000000
43099  51.881  -30.215  2.923 0.0000000000
43116  58.460  -29.770  0.881 0.0000000000
43117  58.156  -29.420  1.180 0.0000000000
43118  57.329  -29.003  1.698 0.0000000000
43119  56.409  -28.580  1.838 0.0000000000
43120  55.776  -28.445  2.053 0.0000000000
43121  51.505  -30.568  2.335 0.0000000000
43122  51.167  -30.088  1.666 0.0000000000
43123  49.319  -31.354  2.661 0.0000000000
43136  58.037  -29.405  0.964 0.0000000000
43137  51.419  -31.349  1.167 0.0000000000
43138  49.680  -31.410  1.204 0.0000000000
43146  51.446  -31.749  0.110 0.0000000000
43147  50.024  -31.559  0.339 0.0000000000
43153  51.403  -31.669  -0.774 0.0000000000
43154  50.408  -31.556  -0.521 0.0000000000
43160  51.435  -31.265  -1.670 0.0000000000
43161  51.134  -31.270  -2.122 0.0000000000
43162  50.449  -30.724  -2.677 0.0000000000
43166  52.200  -30.440  -2.725 0.0000000000
43167  51.574  -30.878  -2.673 0.0000000000
43168  50.889  -30.833  -3.138 0.0000000000
43169  50.107  -30.433  -3.476 0.0000000000
43173  52.039  -30.467  -3.455 0.0000000000
43174  51.179  -30.453  -4.056 0.0000000000
43175  50.484  -30.462  -3.891 0.0000000000
43179  50.704  -30.273  -4.172 0.0000000000
43878  54.276  -28.539  4.100 0.0000000000
43879  53.522  -28.486  4.422 0.0000000000
43880  52.628  -28.374  4.662 0.0000000000
43895  55.596  -28.217  2.788 0.0000000000
43896  54.804  -27.785  3.028 0.0000000000
43897  54.061  -27.779  3.419 0.0000000000
43898  53.497  -27.627  3.532 0.0000000000
43912  56.611  -28.502  2.157 0.0000000000
43913  55.396  -28.197  2.547 0.0000000000
43914  53.523  -27.839  2.805 0.0000000000
43915  52.970  -27.659  2.856 0.0000000000
43916  52.126  -28.097  2.780 0.0000000000
43930  55.955  -28.366  2.242 0.0000000000
43931  51.241  -29.089  2.367 0.0000000000
43932  50.822  -29.088  1.955 0.0000000000
43948  51.366  -30.584  0.637 0.0000000000
43949  50.896  -29.414  1.142 0.0000000000
43950  49.340  -30.510  0.746 0.0000000000
43957  51.585  -30.952  -0.364 0.0000000000
43958  51.234  -29.675  0.214 0.0000000000
43959  49.590  -30.532  -0.255 0.0000000000
43960  48.877  -29.616  0.198 0.0000000000
43965  51.739  -30.866  -1.366 0.0000000000
43966  49.660  -30.363  -1.446 0.0000000000
43967  48.898  -29.584  -0.962 0.0000000000
43974  52.195  -30.211  -2.074 0.0000000000
43975  48.572  -29.545  -2.204 0.0000000000
43981  52.534  -29.957  -3.273 0.0000000000
43982  48.738  -29.523  -2.822 0.0000000000
43986  52.537  -29.816  -3.754 0.0000000000
43987  51.892  -30.260  -4.026 0.0000000000
43988  50.275  -30.013  -4.216 0.0000000000
43989  49.690  -30.131  -3.761 0.0000000000
43994  52.286  -29.644  -4.172 0.0000000000
43995  51.246  -29.992  -4.305 0.0000000000
44690  51.420  -28.627  5.555 0.0000000000
44691  50.568  -28.049  5.649 0.0000000000
44702  53.989  -27.611  3.067 0.0000000000
44703  52.216  -27.627  4.253 0.0000000000
44719  53.300  -27.466  3.118 0.0000000000
44720  52.640  -27.481  3.016 0.0000000000
44732  51.643  -27.759  2.755 0.0000000000
44733  50.822  -28.237  2.244 0.0000000000
44752  50.567  -28.474  1.592 0.0000000000
44767  51.245  -28.730  -0.310 0.0000000000
44768  50.706  -28.596  0.707 0.0000000000
44771  46.123  -28.947  -1.534 0.0000000000
44779  47.781  -29.211  -1.767 0.0000000000
44780  46.904  -28.929  -1.417 0.0000000000
44781  45.918  -28.929  -2.229 0.0000000000
44782  45.339  -28.502  -1.972 0.0000000000
44783  44.577  -28.441  -1.089 0.0000000000
44784  43.592  -28.199  -0.629 0.0000000000
44785  42.657  -28.211  -0.457 0.0000000000
44786  41.890  -28.371  -0.489 0.0000000000
44790  52.453  -29.147  -2.020 0.0000000000
44791  51.860  -29.563  -1.266 0.0000000000
44792  47.822  -29.082  -2.381 0.0000000000
44793  46.783  -29.129  -2.388 0.0000000000
44794  41.359  -27.740  -3.078 0.0000000000
44799  53.085  -29.202  -3.394 0.0000000000
44800  52.646  -29.700  -2.737 0.0000000000
44801  49.151  -29.810  -3.269 0.0000000000
44802  40.973  -28.339  -3.892 0.0000000000
44806  53.059  -29.086  -3.936 0.0000000000
44807  50.399  -29.136  -4.092 0.0000000000
44808  49.642  -29.714  -3.765 0.0000000000
44809  40.890  -28.072  -4.351 0.0000000000
44812  53.515  -28.255  -4.036 0.0000000000
44813  52.618  -28.761  -4.305 0.0000000000
44814  51.717  -29.222  -4.414 0.0000000000
44815  50.922  -29.447  -4.363 0.0000000000
45537  51.117  -27.693  4.761 0.0000000000
45538  50.210  -27.406  5.250 0.0000000000
45544  52.660  -27.414  3.483 0.0000000000
45545  51.796  -27.216  3.902 0.0000000000
45546  50.818  -26.988  4.286 0.0000000000
45563  51.950  -27.321  3.286 0.0000000000
45564  51.140  -26.891  3.473 0.0000000000
45575  51.144  -27.316  2.813 0.0000000000
45576  50.361  -27.538  2.002 0.0000000000
45586  50.384  -27.876  1.166 0.0000000000
45599  51.037  -26.716  -0.121 0.0000000000
45600  50.644  -27.605  0.413 0.0000000000
45609  52.194  -27.287  -1.282 0.0000000000
45610  47.576  -27.840  -1.842 0.0000000000
45611  43.882  -27.616  -1.530 0.0000000000
45612  42.977  -27.484  -1.349 0.0000000000
45613  42.225  -27.664  -1.306 0.0000000000
45616  53.885  -27.506  -2.689 0.0000000000
45617  52.927  -28.076  -2.145 0.0000000000
45618  51.941  -28.352  -1.248 0.0000000000
45619  49.020  -27.942  -2.253 0.0000000000
45620  47.873  -28.733  -2.325 0.0000000000
45621  46.877  -28.995  -2.540 0.0000000000
45622  46.318  -29.000  -2.505 0.0000000000
45623  45.627  -28.418  -2.186 0.0000000000
45624  45.075  -27.832  -2.027 0.0000000000
45625  43.410  -26.574  -2.304 0.0000000000
45626  42.659  -26.920  -2.277 0.0000000000
45627  41.952  -27.245  -2.464 0.0000000000
45631  54.489  -26.917  -3.340 0.0000000000
45632  54.168  -27.618  -3.233 0.0000000000
45633  53.679  -28.387  -3.055 0.0000000000
45634  50.338  -27.609  -3.281 0.0000000000
45635  49.507  -28.369  -2.946 0.0000000000
45636  48.606  -29.286  -2.778 0.0000000000
45637  42.195  -26.630  -3.406 0.0000000000
45638  41.837  -27.192  -3.839 0.0000000000
45639  41.366  -27.720  -4.099 0.0000000000
45642  54.046  -27.593  -3.683 0.0000000000
45643  51.488  -27.443  -4.176 0.0000000000
45644  50.728  -28.045  -3.936 0.0000000000
45645  49.954  -28.738  -3.560 0.0000000000
45646  41.470  -27.262  -4.221 0.0000000000
45649  54.287  -26.974  -3.790 0.0000000000
45650  53.827  -27.423  -4.101 0.0000000000
45651  53.040  -27.790  -4.359 0.0000000000
45652  52.086  -28.014  -4.437 0.0000000000
45653  51.271  -28.552  -4.351 0.0000000000
45654  40.793  -27.446  -4.464 0.0000000000
46395  49.936  -26.691  4.764 0.0000000000
46414  50.434  -26.390  3.845 0.0000000000
46430  50.360  -26.148  3.111 0.0000000000
46441  50.040  -26.213  1.421 0.0000000000
46451  50.438  -26.548  0.618 0.0000000000
46462  52.294  -26.325  -1.172 0.0000000000
46463  51.673  -26.747  -0.727 0.0000000000
46464  48.085  -26.586  -0.865 0.0000000000
46465  47.298  -26.943  -1.139 0.0000000000
46466  45.920  -26.958  -1.617 0.0000000000
46474  54.030  -26.328  -2.348 0.0000000000
46475  53.224  -26.881  -1.921 0.0000000000
46476  49.444  -26.655  -1.840 0.0000000000
46477  48.525  -27.310  -1.585 0.0000000000
46478  46.667  -28.265  -2.276 0.0000000000
46479  45.979  -28.321  -2.301 0.0000000000
46480  45.357  -27.535  -2.023 0.0000000000
46481  44.568  -26.739  -1.956 0.0000000000
46482  43.049  -25.570  -2.807 0.0000000000
46483  42.678  -26.101  -3.108 0.0000000000
46487  54.877  -26.152  -3.209 0.0000000000
46488  54.558  -26.862  -2.925 0.0000000000
46489  50.616  -26.508  -3.039 0.0000000000
46490  49.925  -27.167  -2.554 0.0000000000
46491  42.239  -25.195  -3.116 0.0000000000
46492  42.055  -26.146  -3.637 0.0000000000
46493  41.565  -26.401  -3.976 0.0000000000
46496  54.643  -26.329  -3.630 0.0000000000
46497  51.688  -26.396  -3.938 0.0000000000
46498  51.042  -26.953  -3.665 0.0000000000
46499  40.949  -26.638  -4.254 0.0000000000
46501  54.028  -26.460  -4.226 0.0000000000
46502  53.303  -27.027  -4.368 0.0000000000
46503  52.384  -26.967  -4.373 0.0000000000
47315  50.914  -25.855  0.062 0.0000000000
47316  50.352  -25.642  0.712 0.0000000000
47317  47.035  -25.392  0.063 0.0000000000
47318  46.307  -25.327  -0.075 0.0000000000
47319  41.915  -24.300  -0.681 0.0000000000
47326  52.180  -25.476  -0.948 0.0000000000
47327  51.583  -26.032  -0.545 0.0000000000
47328  48.379  -25.430  -0.515 0.0000000000
47329  47.534  -25.875  -0.363 0.0000000000
47330  46.710  -26.217  -0.590 0.0000000000
47331  45.437  -25.184  -0.512 0.0000000000
47332  45.085  -26.103  -1.560 0.0000000000
47333  41.738  -23.599  -1.742 0.0000000000
47334  41.404  -24.235  -1.755 0.0000000000
47342  54.134  -25.504  -2.222 0.0000000000
47343  53.134  -25.754  -1.611 0.0000000000
47344  49.719  -25.467  -1.773 0.0000000000
47345  48.922  -26.065  -1.149 0.0000000000
47346  44.075  -25.455  -2.083 0.0000000000
47347  43.231  -24.969  -2.551 0.0000000000
47348  41.135  -24.630  -2.482 0.0000000000
47349  40.604  -25.288  -2.943 0.0000000000
47353  55.627  -24.502  -3.635 0.0000000000
47354  55.263  -25.251  -3.312 0.0000000000
47355  54.849  -25.973  -2.833 0.0000000000
47356  50.751  -25.550  -2.890 0.0000000000
47357  50.196  -26.033  -2.384 0.0000000000
47358  42.583  -24.739  -2.748 0.0000000000
47359  41.373  -25.340  -3.310 0.0000000000
47360  40.808  -25.857  -3.667 0.0000000000
47361  55.454  -24.802  -3.776 0.0000000000
47362  55.030  -25.550  -3.605 0.0000000000
47363  51.710  -25.394  -3.708 0.0000000000
47364  51.209  -25.961  -3.404 0.0000000000
47365  55.144  -25.189  -4.006 0.0000000000
47366  54.401  -25.559  -4.273 0.0000000000
47367  53.221  -25.636  -4.410 0.0000000000
47368  52.345  -25.957  -4.212 0.0000000000
48108  50.880  -25.002  0.174 0.0000000000
48110  46.734  -24.646  0.340 0.0000000000
48111  45.786  -24.525  0.168 0.0000000000
48112  42.469  -23.894  0.102 0.0000000000
48119  52.663  -24.877  -1.267 0.0000000000
48120  51.453  -24.448  -0.350 0.0000000000
48121  47.714  -24.813  0.085 0.0000000000
48122  44.989  -24.344  -0.388 0.0000000000
48123  44.326  -24.630  -1.314 0.0000000000
48124  41.942  -23.192  -1.289 0.0000000000
48131  54.105  -24.729  -2.136 0.0000000000
48132  53.215  -24.342  -1.594 0.0000000000
48133  49.208  -24.851  -1.133 0.0000000000
48134  48.568  -24.315  -0.511 0.0000000000
48135  43.249  -24.184  -2.091 0.0000000000
48136  42.330  -23.937  -2.319 0.0000000000
48137  41.928  -23.352  -1.874 0.0000000000
48138  41.681  -23.885  -2.194 0.0000000000
48143  55.521  -24.556  -3.196 0.0000000000
48144  54.880  -24.354  -2.582 0.0000000000
48145  50.783  -24.774  -2.803 0.0000000000
48146  49.927  -24.391  -1.933 0.0000000000
48147  42.022  -24.219  -2.543 0.0000000000
48148  41.641  -24.576  -2.670 0.0000000000
48149  55.862  -24.143  -3.918 0.0000000000
48150  52.121  -24.342  -3.869 0.0000000000
48151  51.334  -24.436  -3.304 0.0000000000
48152  55.566  -24.478  -4.090 0.0000000000
48153  53.762  -24.933  -4.454 0.0000000000
48154  52.823  -24.838  -4.305 0.0000000000
48155  52.280  -25.161  -4.081 0.0000000000
48935  43.112  -22.972  1.411 0.0000000000
48944  42.878  -23.550  0.985 0.0000000000
48955  47.275  -23.904  0.400 0.0000000000
48956  46.162  -23.699  0.544 0.0000000000
48957  45.116  -23.621  0.032 0.0000000000
48958  44.145  -22.398  -0.802 0.0000000000
48959  42.774  -22.446  0.164 0.0000000000
48960  42.317  -22.790  -0.672 0.0000000000
48966  52.231  -23.977  -0.966 0.0000000000
48968  48.518  -23.370  -0.508 0.0000000000
48969  47.786  -23.168  0.127 0.0000000000
48970  44.109  -23.503  -0.984 0.0000000000
48971  43.122  -22.535  -1.549 0.0000000000
48972  42.636  -22.047  -1.297 0.0000000000
48973  42.243  -22.673  -1.412 0.0000000000
48978  53.957  -23.941  -2.071 0.0000000000
48979  53.052  -23.515  -1.569 0.0000000000
48980  48.938  -22.851  -1.009 0.0000000000
48981  42.485  -23.084  -1.746 0.0000000000
48988  55.972  -23.897  -3.707 0.0000000000
48989  55.602  -23.874  -3.043 0.0000000000
48990  54.750  -23.649  -2.513 0.0000000000
48991  50.534  -24.011  -2.552 0.0000000000
48992  49.923  -23.412  -1.982 0.0000000000
48997  56.460  -23.011  -4.076 0.0000000000
48998  56.216  -23.582  -3.952 0.0000000000
48999  52.243  -23.417  -3.837 0.0000000000
49000  51.561  -23.554  -3.433 0.0000000000
49001  50.946  -23.434  -2.922 0.0000000000
49002  56.008  -23.771  -4.117 0.0000000000
49003  55.203  -23.970  -4.423 0.0000000000
49004  53.943  -23.432  -4.380 0.0000000000
49005  52.923  -23.218  -4.112 0.0000000000
49725  43.143  -22.787  2.199 0.0000000000
49733  43.263  -22.200  1.120 0.0000000000
49742  46.096  -22.919  0.641 0.0000000000
49743  45.710  -22.355  0.422 0.0000000000
49744  44.829  -21.824  -0.164 0.0000000000
49745  43.509  -21.126  -1.266 0.0000000000
49746  42.787  -21.332  -0.568 0.0000000000
49747  42.455  -21.955  -1.100 0.0000000000
49757  48.296  -22.417  -0.405 0.0000000000
49758  47.325  -22.350  0.330 0.0000000000
49759  42.880  -20.789  -1.368 0.0000000000
49760  42.829  -21.212  -1.350 0.0000000000
49767  53.856  -22.980  -2.129 0.0000000000
49768  52.854  -22.678  -1.556 0.0000000000
49769  49.505  -21.969  -1.679 0.0000000000
49770  48.969  -22.147  -1.152 0.0000000000
49775  56.547  -22.535  -3.721 0.0000000000
49776  55.327  -22.947  -2.877 0.0000000000
49777  50.608  -22.506  -2.618 0.0000000000
49778  49.975  -22.595  -2.083 0.0000000000
49783  56.748  -22.281  -4.167 0.0000000000
49784  56.798  -22.400  -4.032 0.0000000000
49785  52.504  -22.489  -3.795 0.0000000000
49786  51.690  -22.726  -3.446 0.0000000000
49787  51.180  -22.874  -3.104 0.0000000000
49788  56.225  -22.464  -4.423 0.0000000000
49789  55.226  -22.505  -4.497 0.0000000000
49790  54.146  -22.561  -4.337 0.0000000000
49791  53.301  -22.712  -4.155 0.0000000000
50547  43.007  -21.752  3.217 0.0000000000
50556  43.373  -21.878  2.232 0.0000000000
50565  43.398  -21.300  0.872 0.0000000000
50569  46.667  -21.529  0.408 0.0000000000
50570  45.606  -21.405  0.252 0.0000000000
50571  44.189  -20.607  -0.910 0.0000000000
50572  43.084  -20.596  -0.490 0.0000000000
50580  48.482  -21.523  -0.686 0.0000000000
50581  47.693  -21.551  -0.009 0.0000000000
50582  43.201  -20.356  -1.280 0.0000000000
50583  43.013  -20.548  -1.323 0.0000000000
50591  49.557  -21.148  -1.724 0.0000000000
50592  49.042  -21.380  -1.281 0.0000000000
50598  56.744  -21.561  -3.633 0.0000000000
50599  55.467  -21.843  -3.026 0.0000000000
50600  54.181  -22.026  -2.392 0.0000000000
50601  51.285  -21.198  -2.964 0.0000000000
50602  50.636  -21.510  -2.579 0.0000000000
50603  50.042  -21.771  -2.157 0.0000000000
50609  57.129  -21.609  -4.035 0.0000000000
50610  57.069  -21.828  -3.950 0.0000000000
50611  53.519  -21.179  -4.039 0.0000000000
50612  52.634  -21.509  -3.677 0.0000000000
50613  51.824  -21.823  -3.401 0.0000000000
50614  51.172  -22.116  -3.029 0.0000000000
50616  56.579  -21.782  -4.396 0.0000000000
50617  55.571  -21.821  -4.533 0.0000000000
50618  54.372  -21.805  -4.346 0.0000000000
50619  53.353  -21.992  -4.085 0.0000000000
51378  43.731  -20.406  2.094 0.0000000000
51384  43.602  -20.408  0.709 0.0000000000
51390  46.992  -20.700  0.219 0.0000000000
51391  46.104  -20.739  0.294 0.0000000000
51392  45.031  -20.136  -0.337 0.0000000000
51393  43.713  -19.743  -0.950 0.0000000000
51394  43.280  -20.104  -0.842 0.0000000000
51401  48.414  -20.066  -0.722 0.0000000000
51402  47.343  -19.899  -0.141 0.0000000000
51403  46.014  -19.762  0.082 0.0000000000
51404  43.806  -19.793  -1.075 0.0000000000
51405  43.359  -20.207  -1.213 0.0000000000
51412  49.618  -20.280  -1.690 0.0000000000
51413  49.065  -20.588  -1.299 0.0000000000
51419  56.844  -20.599  -3.557 0.0000000000
51420  55.560  -20.857  -3.020 0.0000000000
51422  51.495  -20.236  -2.902 0.0000000000
51423  50.751  -20.547  -2.531 0.0000000000
51424  50.106  -20.866  -2.162 0.0000000000
51429  57.496  -20.466  -4.108 0.0000000000
51430  57.351  -21.148  -3.970 0.0000000000
51431  53.594  -20.250  -3.839 0.0000000000
51432  52.810  -20.743  -3.626 0.0000000000
51433  52.021  -20.894  -3.358 0.0000000000
51436  56.844  -20.951  -4.460 0.0000000000
51437  55.759  -20.714  -4.529 0.0000000000
51438  54.749  -21.007  -4.401 0.0000000000
52215  44.147  -18.925  2.346 0.0000000000
52216  43.887  -19.665  2.263 0.0000000000
52229  44.209  -19.269  1.206 0.0000000000
52230  43.904  -19.869  1.314 0.0000000000
52235  44.437  -19.008  -0.093 0.0000000000
52236  43.809  -19.630  -0.012 0.0000000000
52243  48.514  -19.360  -0.799 0.0000000000
52244  47.727  -19.266  -0.438 0.0000000000
52245  46.537  -19.013  -0.195 0.0000000000
52246  45.356  -18.924  -0.241 0.0000000000
52247  44.534  -19.423  -0.820 0.0000000000
52253  49.713  -19.384  -1.563 0.0000000000
52254  49.055  -19.777  -1.246 0.0000000000
52257  56.569  -19.793  -3.371 0.0000000000
52259  51.740  -19.332  -2.808 0.0000000000
52260  50.366  -19.291  -1.919 0.0000000000
52261  50.223  -19.968  -2.076 0.0000000000
52267  57.776  -19.654  -4.110 0.0000000000
52268  57.643  -19.622  -3.849 0.0000000000
52269  54.030  -19.390  -3.831 0.0000000000
52270  52.466  -19.015  -3.182 0.0000000000
52271  52.395  -19.961  -3.360 0.0000000000
52276  57.606  -19.656  -4.421 0.0000000000
52277  57.216  -20.173  -4.523 0.0000000000
52278  54.885  -20.131  -4.320 0.0000000000
53124  44.403  -18.175  2.442 0.0000000000
53138  44.551  -18.589  1.385 0.0000000000
53149  45.266  -18.448  -0.020 0.0000000000
53150  44.924  -18.592  -0.059 0.0000000000
53156  48.873  -18.283  -0.785 0.0000000000
53157  48.113  -18.698  -0.597 0.0000000000
53158  47.283  -18.176  -0.371 0.0000000000
53159  46.301  -18.329  -0.199 0.0000000000
53160  45.308  -18.636  -0.127 0.0000000000
53161  44.870  -18.903  -0.340 0.0000000000
53167  50.970  -18.348  -1.852 0.0000000000
53168  50.226  -18.670  -1.591 0.0000000000
53169  49.506  -18.715  -1.244 0.0000000000
53170  48.985  -19.040  -1.055 0.0000000000
53173  56.617  -19.024  -3.330 0.0000000000
53175  52.035  -18.546  -2.680 0.0000000000
53176  51.314  -18.781  -2.356 0.0000000000
53177  50.737  -18.919  -2.039 0.0000000000
53181  57.899  -19.123  -4.283 0.0000000000
53182  57.980  -19.055  -4.124 0.0000000000
53183  57.689  -18.913  -3.821 0.0000000000
53184  54.324  -18.609  -3.800 0.0000000000
53185  53.259  -18.636  -3.450 0.0000000000
53186  52.633  -18.345  -3.039 0.0000000000
53190  57.614  -19.040  -4.542 0.0000000000
53191  56.575  -18.828  -4.492 0.0000000000
53192  55.313  -18.508  -4.184 0.0000000000
53954  45.057  -16.985  2.255 0.0000000000
53955  44.586  -17.508  2.536 0.0000000000
53969  45.382  -17.452  1.342 0.0000000000
53970  44.919  -17.887  1.648 0.0000000000
53982  47.078  -17.141  0.075 0.0000000000
53983  46.362  -17.381  0.245 0.0000000000
53984  45.726  -17.615  0.547 0.0000000000
53985  45.170  -18.075  0.547 0.0000000000
53992  50.126  -17.351  -0.751 0.0000000000
53993  49.263  -17.507  -0.586 0.0000000000
53994  48.375  -17.581  -0.428 0.0000000000
53995  47.517  -17.628  -0.292 0.0000000000
53996  46.664  -17.767  -0.173 0.0000000000
53997  45.839  -18.039  -0.049 0.0000000000
54003  52.082  -17.294  -1.884 0.0000000000
54004  51.315  -17.611  -1.589 0.0000000000
54005  50.538  -17.889  -1.341 0.0000000000
54006  49.757  -18.111  -1.062 0.0000000000
54010  57.234  -17.417  -3.568 0.0000000000
54013  53.257  -17.149  -2.822 0.0000000000
54014  52.507  -17.736  -2.575 0.0000000000
54015  51.673  -18.061  -2.199 0.0000000000
54020  58.248  -17.902  -4.569 0.0000000000
54021  58.040  -18.322  -4.113 0.0000000000
54022  56.890  -18.261  -3.421 0.0000000000
54023  54.669  -17.796  -3.887 0.0000000000
54024  53.770  -17.399  -3.398 0.0000000000
54025  53.139  -17.869  -3.155 0.0000000000
54027  57.236  -17.613  -4.775 0.0000000000
54028  56.141  -18.033  -4.387 0.0000000000
54842  46.776  -16.680  0.670 0.0000000000
54843  46.224  -16.935  0.853 0.0000000000
54856  51.257  -16.289  -0.679 0.0000000000
54857  50.497  -16.501  -0.430 0.0000000000
54858  49.656  -16.697  -0.232 0.0000000000
54860  47.894  -16.982  -0.032 0.0000000000
54868  53.044  -15.966  -1.894 0.0000000000
54869  52.379  -16.437  -1.561 0.0000000000
54870  51.654  -16.797  -1.273 0.0000000000
54871  50.922  -17.113  -0.975 0.0000000000
54874  57.371  -16.394  -3.625 0.0000000000
54877  53.462  -16.331  -2.551 0.0000000000
54878  52.791  -16.833  -2.227 0.0000000000
54881  58.489  -16.909  -4.891 0.0000000000
54882  58.195  -17.248  -4.360 0.0000000000
54883  55.960  -16.188  -4.438 0.0000000000
54884  54.675  -16.356  -3.753 0.0000000000
54885  53.869  -16.662  -3.219 0.0000000000
54888  58.435  -16.533  -5.069 0.0000000000
54889  57.436  -16.895  -4.994 0.0000000000
54890  55.709  -17.123  -4.298 0.0000000000
55664  51.996  -15.184  -0.725 0.0000000000
55665  51.491  -15.578  -0.527 0.0000000000
55666  50.868  -15.641  -0.181 0.0000000000
55679  53.144  -15.097  -1.681 0.0000000000
55680  52.531  -15.567  -1.302 0.0000000000
55681  51.940  -15.992  -0.941 0.0000000000
55684  57.312  -15.257  -3.479 0.0000000000
55685  56.041  -15.551  -2.443 0.0000000000
55686  54.234  -15.027  -2.934 0.0000000000
55687  53.599  -15.466  -2.350 0.0000000000
55691  58.714  -15.320  -4.932 0.0000000000
55692  58.447  -16.052  -4.605 0.0000000000
55693  56.136  -15.254  -4.516 0.0000000000
55694  54.859  -15.534  -3.787 0.0000000000
55695  54.084  -15.864  -3.044 0.0000000000
55700  58.486  -15.621  -5.112 0.0000000000
55701  57.477  -15.947  -5.070 0.0000000000
56468  57.909  -13.622  0.045 0.0000000000
56469  57.548  -14.506  0.055 0.0000000000
56470  50.923  -14.164  0.141 0.0000000000
56483  57.448  -14.218  -0.215 0.0000000000
56484  51.914  -14.490  -0.617 0.0000000000
56485  51.327  -14.811  -0.222 0.0000000000
56499  56.405  -13.733  -2.030 0.0000000000
56500  56.031  -14.352  -1.163 0.0000000000
56501  53.078  -14.385  -1.648 0.0000000000
56502  52.524  -14.643  -1.146 0.0000000000
56508  57.150  -14.155  -3.241 0.0000000000
56509  56.135  -14.590  -2.160 0.0000000000
56510  54.299  -14.206  -3.013 0.0000000000
56511  53.614  -14.537  -2.243 0.0000000000
56514  58.472  -14.507  -4.742 0.0000000000
56515  58.372  -14.904  -4.379 0.0000000000
56516  56.348  -14.236  -4.526 0.0000000000
56517  55.034  -14.661  -3.811 0.0000000000
56522  58.463  -14.752  -5.057 0.0000000000
56523  57.598  -14.970  -5.102 0.0000000000
57255  57.100  -14.268  0.599 0.0000000000
57256  56.228  -13.811  1.136 0.0000000000
57266  57.717  -13.888  0.181 0.0000000000
57267  56.987  -13.472  0.729 0.0000000000
57275  57.426  -13.220  -0.566 0.0000000000
57276  52.170  -13.996  -0.839 0.0000000000
57277  51.533  -13.871  -0.365 0.0000000000
57278  50.830  -13.446  0.040 0.0000000000
57287  56.830  -12.909  -1.818 0.0000000000
57288  53.275  -13.918  -1.921 0.0000000000
57289  52.677  -13.759  -1.446 0.0000000000
57290  52.002  -13.326  -1.005 0.0000000000
57300  57.311  -13.261  -3.172 0.0000000000
57301  53.686  -13.694  -2.506 0.0000000000
57302  53.083  -13.266  -2.104 0.0000000000
57308  58.312  -13.852  -4.513 0.0000000000
57309  58.122  -13.253  -4.135 0.0000000000
57310  55.973  -13.391  -4.328 0.0000000000
57311  55.116  -13.803  -3.794 0.0000000000
57312  54.281  -13.334  -3.236 0.0000000000
57318  58.153  -13.869  -4.779 0.0000000000
57319  57.120  -13.477  -4.669 0.0000000000
58065  55.856  -13.067  1.170 0.0000000000
58080  58.143  -12.470  -0.050 0.0000000000
58081  57.844  -13.074  0.215 0.0000000000
58082  56.691  -12.609  0.748 0.0000000000
58083  55.489  -12.213  1.017 0.0000000000
58092  58.087  -11.826  -0.476 0.0000000000
58093  58.126  -12.806  -0.030 0.0000000000
58094  51.341  -12.988  -0.542 0.0000000000
58095  50.626  -12.645  -0.176 0.0000000000
58102  57.690  -11.547  -1.720 0.0000000000
58103  57.576  -12.290  -1.093 0.0000000000
58104  52.443  -12.905  -1.677 0.0000000000
58105  51.731  -12.565  -1.299 0.0000000000
58106  51.040  -12.196  -0.896 0.0000000000
58118  57.485  -11.587  -2.966 0.0000000000
58119  57.396  -12.318  -2.954 0.0000000000
58120  53.531  -12.871  -2.803 0.0000000000
58121  52.785  -12.513  -2.448 0.0000000000
58122  52.067  -12.171  -2.079 0.0000000000
58132  58.114  -13.390  -4.407 0.0000000000
58133  57.733  -12.408  -3.959 0.0000000000
58134  56.350  -12.693  -4.318 0.0000000000
58135  55.157  -12.933  -3.871 0.0000000000
58136  54.162  -12.410  -3.570 0.0000000000
58137  53.168  -12.034  -3.245 0.0000000000
58146  57.556  -12.759  -4.402 0.0000000000
58862  54.395  -11.852  1.226 0.0000000000
58881  57.518  -11.972  0.373 0.0000000000
58882  56.261  -11.840  0.672 0.0000000000
58883  54.012  -11.048  0.956 0.0000000000
58896  58.145  -11.043  -0.454 0.0000000000
58897  57.683  -11.081  0.051 0.0000000000
58898  50.355  -11.845  -0.524 0.0000000000
58905  58.190  -10.990  -1.145 0.0000000000
58906  51.366  -11.819  -1.710 0.0000000000
58907  50.659  -11.485  -1.398 0.0000000000
58908  49.978  -11.128  -1.064 0.0000000000
58920  57.718  -11.050  -2.225 0.0000000000
58921  57.412  -11.313  -3.333 0.0000000000
58922  52.265  -11.820  -2.887 0.0000000000
58923  51.538  -11.563  -2.592 0.0000000000
58924  50.858  -11.262  -2.330 0.0000000000
58932  57.249  -11.645  -3.940 0.0000000000
58933  56.469  -11.801  -4.185 0.0000000000
58934  54.338  -11.591  -3.946 0.0000000000
58935  53.360  -11.306  -3.852 0.0000000000
58936  52.408  -11.351  -3.507 0.0000000000
58937  51.618  -11.269  -3.279 0.0000000000
58938  50.952  -11.110  -3.134 0.0000000000
58949  54.246  -10.786  -4.268 0.0000000000
59699  56.538  -11.149  0.378 0.0000000000
59700  55.608  -10.442  0.226 0.0000000000
59701  54.492  -10.442  0.465 0.0000000000
59702  53.546  -10.346  0.693 0.0000000000
59715  57.808  -10.295  -0.449 0.0000000000
59716  56.837  -10.360  -0.058 0.0000000000
59717  55.977  -9.677  -0.194 0.0000000000
59718  49.300  -10.774  -0.685 0.0000000000
59725  58.217  -10.262  -0.874 0.0000000000
59726  50.211  -10.875  -2.029 0.0000000000
59727  49.534  -10.515  -1.695 0.0000000000
59728  48.849  -10.150  -1.294 0.0000000000
59739  58.010  -10.359  -1.607 0.0000000000
59740  57.521  -10.549  -2.698 0.0000000000
59741  50.332  -10.807  -2.970 0.0000000000
59742  49.688  -10.439  -2.741 0.0000000000
59743  49.051  -9.978  -2.405 0.0000000000
59751  56.418  -9.997  -3.791 0.0000000000
59752  55.597  -9.995  -4.212 0.0000000000
59753  55.314  -11.197  -4.155 0.0000000000
59754  53.276  -10.672  -4.203 0.0000000000
59755  52.498  -10.826  -3.979 0.0000000000
59756  51.650  -10.872  -3.748 0.0000000000
59757  50.485  -10.682  -3.607 0.0000000000
59758  49.841  -10.433  -3.596 0.0000000000
59771  55.210  -9.481  -4.264 0.0000000000
59772  54.677  -9.977  -4.442 0.0000000000
59773  53.665  -10.133  -4.448 0.0000000000
59774  52.690  -10.229  -4.322 0.0000000000
59775  51.744  -10.398  -4.148 0.0000000000
59776  50.812  -10.519  -3.997 0.0000000000
60506  54.871  -9.760  0.016 0.0000000000
60507  53.909  -9.753  0.268 0.0000000000
60520  57.972  -9.409  -0.864 0.0000000000
60521  57.181  -9.507  -0.469 0.0000000000
60522  55.276  -9.041  -0.312 0.0000000000
60523  54.279  -9.079  -0.145 0.0000000000
60531  58.114  -9.504  -1.164 0.0000000000
60532  48.405  -9.509  -1.835 0.0000000000
60533  47.920  -8.880  -2.191 0.0000000000
60542  57.765  -9.007  -1.770 0.0000000000
60543  57.347  -9.320  -2.600 0.0000000000
60544  49.175  -10.051  -3.497 0.0000000000
60545  48.482  -9.400  -3.183 0.0000000000
60546  47.841  -8.708  -3.281 0.0000000000
60555  56.710  -9.257  -3.281 0.0000000000
60556  55.874  -9.199  -3.926 0.0000000000
60557  50.084  -10.024  -4.349 0.0000000000
60558  49.425  -10.101  -4.118 0.0000000000
60559  48.716  -9.605  -4.184 0.0000000000
60570  55.170  -8.860  -4.145 0.0000000000
60571  54.027  -9.456  -4.468 0.0000000000
60572  53.083  -9.530  -4.476 0.0000000000
60573  51.941  -9.623  -4.459 0.0000000000
60574  49.117  -9.606  -4.486 0.0000000000
61300  53.231  -9.069  0.117 0.0000000000
61312  57.916  -8.708  -1.083 0.0000000000
61313  57.441  -8.506  -0.836 0.0000000000
61314  55.715  -8.422  -0.524 0.0000000000
61315  54.787  -8.322  -0.463 0.0000000000
61316  53.813  -8.405  -0.330 0.0000000000
61317  52.902  -8.210  -0.229 0.0000000000
61325  57.507  -7.918  -1.238 0.0000000000
61336  57.242  -8.539  -2.477 0.0000000000
61344  56.420  -8.472  -3.258 0.0000000000
61345  55.702  -8.302  -3.707 0.0000000000
61346  54.974  -8.000  -4.020 0.0000000000
61347  53.979  -8.056  -4.188 0.0000000000
61348  48.043  -9.119  -4.348 0.0000000000
61349  47.741  -8.602  -5.065 0.0000000000
61358  54.416  -8.768  -4.311 0.0000000000
61359  53.549  -8.809  -4.421 0.0000000000
61360  52.608  -8.779  -4.477 0.0000000000
61361  51.629  -8.646  -4.510 0.0000000000
61362  49.846  -9.246  -4.639 0.0000000000
61363  48.924  -9.016  -4.787 0.0000000000
61364  48.354  -9.118  -4.705 0.0000000000
62086  56.990  -7.592  -0.968 0.0000000000
62087  55.831  -7.636  -0.749 0.0000000000
62088  54.687  -7.537  -0.668 0.0000000000
62089  53.684  -7.599  -0.544 0.0000000000
62098  57.372  -7.663  -1.930 0.0000000000
62099  57.128  -6.934  -1.600 0.0000000000
62100  56.485  -6.769  -1.259 0.0000000000
62101  55.446  -6.792  -1.017 0.0000000000
62102  47.062  -7.721  -1.992 0.0000000000
62111  56.880  -7.829  -2.616 0.0000000000
62112  47.397  -7.896  -3.207 0.0000000000
62113  46.856  -7.110  -2.554 0.0000000000
62125  56.324  -7.619  -3.085 0.0000000000
62126  55.183  -7.162  -3.600 0.0000000000
62127  54.445  -7.233  -3.779 0.0000000000
62128  53.300  -7.262  -3.924 0.0000000000
62129  52.190  -6.930  -3.880 0.0000000000
62130  47.359  -7.947  -4.547 0.0000000000
62131  47.085  -7.185  -3.697 0.0000000000
62142  53.140  -8.168  -4.294 0.0000000000
62143  52.362  -7.905  -4.286 0.0000000000
62144  51.411  -7.686  -4.295 0.0000000000
62145  49.708  -8.382  -4.703 0.0000000000
62146  48.113  -8.713  -5.177 0.0000000000
62147  47.581  -7.992  -5.401 0.0000000000
62148  47.275  -7.759  -5.452 0.0000000000
62156  46.985  -7.555  -6.053 0.0000000000
62863  54.375  -6.808  -0.865 0.0000000000
62864  53.390  -6.756  -0.758 0.0000000000
62873  56.766  -6.049  -1.801 0.0000000000
62874  56.145  -5.853  -1.514 0.0000000000
62875  53.024  -6.097  -1.039 0.0000000000
62887  56.936  -6.171  -2.043 0.0000000000
62888  46.688  -6.453  -3.009 0.0000000000
62897  56.604  -5.959  -2.464 0.0000000000
62898  56.267  -5.881  -2.967 0.0000000000
62899  56.051  -5.334  -3.226 0.0000000000
62900  53.048  -6.047  -3.571 0.0000000000
62901  52.014  -5.910  -3.647 0.0000000000
62902  51.087  -5.783  -3.830 0.0000000000
62903  46.966  -7.401  -4.994 0.0000000000
62912  51.222  -6.733  -3.986 0.0000000000
62913  50.275  -6.622  -4.266 0.0000000000
62914  49.153  -6.575  -4.672 0.0000000000
62915  47.769  -7.245  -5.604 0.0000000000
62916  46.881  -7.476  -5.878 0.0000000000
62917  46.766  -6.974  -5.402 0.0000000000
62924  47.043  -7.161  -6.210 0.0000000000
62925  46.906  -7.031  -6.191 0.0000000000
63672  56.550  -5.414  -2.158 0.0000000000
63673  56.277  -4.907  -2.000 0.0000000000
63674  55.427  -5.299  -1.570 0.0000000000
63675  53.569  -5.230  -1.445 0.0000000000
63686  56.311  -4.572  -2.606 0.0000000000
63697  56.363  -5.171  -2.749 0.0000000000
63698  56.309  -4.505  -3.042 0.0000000000
63699  56.075  -4.240  -3.345 0.0000000000
63700  55.389  -4.161  -3.719 0.0000000000
63701  53.015  -4.970  -3.658 0.0000000000
63702  51.871  -5.161  -3.712 0.0000000000
63703  51.199  -4.883  -3.946 0.0000000000
63704  46.657  -6.161  -4.570 0.0000000000
63713  50.231  -5.672  -4.232 0.0000000000
63714  49.495  -5.577  -4.560 0.0000000000
63715  48.611  -5.990  -5.013 0.0000000000
63716  46.629  -6.210  -5.554 0.0000000000
63723  47.614  -6.382  -5.860 0.0000000000
63724  46.904  -6.457  -6.386 0.0000000000
63727  47.483  -5.689  -6.268 0.0000000000
63728  46.941  -5.561  -6.858 0.0000000000
63729  46.811  -4.893  -7.303 0.0000000000
64507  56.161  -4.160  -2.481 0.0000000000
64508  55.651  -4.364  -1.979 0.0000000000
64509  54.446  -4.131  -1.967 0.0000000000
64510  52.962  -4.653  -1.652 0.0000000000
64524  56.204  -3.859  -3.083 0.0000000000
64525  55.800  -3.536  -2.717 0.0000000000
64526  54.813  -3.226  -2.644 0.0000000000
64527  53.342  -3.654  -2.302 0.0000000000
64528  52.031  -3.752  -2.229 0.0000000000
64538  55.834  -3.454  -3.528 0.0000000000
64539  55.432  -3.211  -4.093 0.0000000000
64540  53.983  -3.853  -4.156 0.0000000000
64541  52.440  -4.362  -3.985 0.0000000000
64549  53.527  -3.329  -4.649 0.0000000000
64550  51.719  -3.768  -4.579 0.0000000000
64551  49.279  -5.035  -4.800 0.0000000000
64552  48.404  -5.418  -5.466 0.0000000000
64553  46.465  -5.131  -5.359 0.0000000000
64554  46.246  -4.161  -5.091 0.0000000000
64563  49.042  -4.527  -5.324 0.0000000000
64564  46.773  -5.849  -6.470 0.0000000000
64568  47.646  -4.926  -6.582 0.0000000000
64569  47.180  -4.916  -7.222 0.0000000000
64572  47.184  -4.462  -7.654 0.0000000000
64573  46.543  -4.333  -7.890 0.0000000000
65310  55.840  -3.305  -3.403 0.0000000000
65311  55.489  -2.833  -3.462 0.0000000000
65312  54.388  -2.641  -3.069 0.0000000000
65313  52.840  -2.904  -2.789 0.0000000000
65314  51.198  -3.352  -2.498 0.0000000000
65330  55.221  -2.497  -4.232 0.0000000000
65331  54.897  -2.689  -4.639 0.0000000000
65343  54.965  -2.017  -4.880 0.0000000000
65344  54.437  -2.355  -5.121 0.0000000000
65345  52.525  -2.650  -5.450 0.0000000000
65346  50.114  -4.150  -4.889 0.0000000000
65356  51.004  -3.218  -5.343 0.0000000000
65357  49.715  -3.697  -5.576 0.0000000000
65358  48.642  -4.222  -6.044 0.0000000000
65359  46.372  -4.673  -6.124 0.0000000000
65360  45.920  -3.524  -5.592 0.0000000000
65364  49.280  -3.421  -6.393 0.0000000000
65365  48.066  -4.100  -6.953 0.0000000000
65366  46.363  -4.379  -7.428 0.0000000000
65367  45.935  -3.831  -7.271 0.0000000000
65371  47.912  -3.649  -7.708 0.0000000000
65372  47.075  -4.023  -8.225 0.0000000000
65373  45.967  -3.828  -8.042 0.0000000000
65376  46.970  -3.604  -8.638 0.0000000000
65377  46.387  -3.807  -8.437 0.0000000000
66059  55.029  -2.216  -3.809 0.0000000000
66060  53.943  -1.948  -3.640 0.0000000000
66061  50.690  -2.656  -3.006 0.0000000000
66062  49.512  -2.663  -2.753 0.0000000000
66073  54.892  -1.875  -4.509 0.0000000000
66074  51.458  -1.895  -3.650 0.0000000000
66075  50.148  -2.091  -3.434 0.0000000000
66076  49.053  -2.054  -3.138 0.0000000000
66090  53.905  -2.081  -5.497 0.0000000000
66100  54.028  -1.473  -5.332 0.0000000000
66101  53.211  -1.638  -5.981 0.0000000000
66102  51.803  -2.359  -6.037 0.0000000000
66103  50.456  -2.861  -6.074 0.0000000000
66104  45.408  -2.565  -5.663 0.0000000000
66109  52.378  -1.537  -6.604 0.0000000000
66110  51.185  -2.107  -6.696 0.0000000000
66111  50.002  -2.617  -6.860 0.0000000000
66112  48.928  -3.170  -7.225 0.0000000000
66113  45.648  -3.090  -7.340 0.0000000000
66116  50.729  -1.870  -7.427 0.0000000000
66117  49.694  -2.387  -7.680 0.0000000000
66118  48.665  -2.866  -7.974 0.0000000000
66119  47.722  -3.310  -8.349 0.0000000000
66120  45.605  -2.938  -8.222 0.0000000000
66125  49.423  -2.151  -8.461 0.0000000000
66126  48.385  -2.608  -8.674 0.0000000000
66127  47.422  -2.997  -8.886 0.0000000000
66128  46.524  -3.267  -8.959 0.0000000000
66134  47.972  -2.354  -9.337 0.0000000000
66135  47.034  -2.756  -9.369 0.0000000000
66136  46.331  -2.722  -9.451 0.0000000000
66137  45.829  -2.479  -9.458 0.0000000000
66885  54.628  -1.615  -5.017 0.0000000000
66886  54.128  -1.402  -4.547 0.0000000000
66887  53.327  -1.078  -4.628 0.0000000000
66888  50.837  -1.435  -4.073 0.0000000000
66889  49.632  -1.489  -3.784 0.0000000000
66890  48.615  -1.413  -3.480 0.0000000000
66902  53.829  -1.082  -5.257 0.0000000000
66903  52.867  -0.695  -5.040 0.0000000000
66904  51.556  -0.784  -4.738 0.0000000000
66905  50.242  -0.920  -4.458 0.0000000000
66906  49.128  -0.926  -4.181 0.0000000000
66917  53.566  -0.956  -5.922 0.0000000000
66918  53.070  -1.060  -6.374 0.0000000000
66919  44.901  -1.834  -5.796 0.0000000000
66926  52.942  -0.633  -6.369 0.0000000000
66927  52.562  -0.828  -6.901 0.0000000000
66928  51.799  -1.357  -7.251 0.0000000000
66929  45.360  -2.356  -6.515 0.0000000000
66930  44.834  -1.579  -6.633 0.0000000000
66934  52.039  -0.534  -7.539 0.0000000000
66935  51.394  -1.117  -7.948 0.0000000000
66936  50.426  -1.621  -8.205 0.0000000000
66937  45.308  -2.181  -7.391 0.0000000000
66938  44.803  -1.383  -7.568 0.0000000000
66942  51.668  -0.355  -8.171 0.0000000000
66943  51.103  -0.759  -8.657 0.0000000000
66944  50.189  -1.374  -9.004 0.0000000000
66945  49.097  -1.900  -9.206 0.0000000000
66946  45.277  -2.034  -8.263 0.0000000000
66947  44.852  -1.274  -8.502 0.0000000000
66952  50.810  -0.379  -9.426 0.0000000000
66953  49.900  -1.115  -9.756 0.0000000000
66954  48.642  -1.620  -9.969 0.0000000000
66955  47.280  -2.143  -9.918 0.0000000000
66956  46.305  -2.090  -10.081 0.0000000000
66957  45.601  -1.702  -10.029 0.0000000000
66958  44.976  -1.157  -9.405 0.0000000000
66964  49.720  -0.724  -10.444 0.0000000000
66965  48.571  -1.124  -10.662 0.0000000000
66966  47.241  -1.484  -10.620 0.0000000000
66967  46.205  -1.443  -10.666 0.0000000000
66968  45.672  -1.153  -10.607 0.0000000000
67722  48.238  -0.778  -3.855 0.0000000000
67735  53.104  -0.628  -5.752 0.0000000000
67736  52.142  -0.382  -5.515 0.0000000000
67737  50.869  -0.421  -5.191 0.0000000000
67738  49.646  -0.368  -4.902 0.0000000000
67739  48.654  -0.367  -4.527 0.0000000000
67750  52.450  -0.255  -6.293 0.0000000000
67751  51.445  0.039  -6.082 0.0000000000
67752  50.342  -0.088  -5.568 0.0000000000
67753  49.531  0.080  -5.554 0.0000000000
67754  44.330  -1.073  -5.840 0.0000000000
67762  52.417  -0.164  -7.062 0.0000000000
67763  52.042  0.144  -6.789 0.0000000000
67764  44.327  -0.775  -6.858 0.0000000000
67765  43.777  -0.265  -6.213 0.0000000000
67770  51.930  -0.017  -7.895 0.0000000000
67771  44.342  -0.504  -7.902 0.0000000000
67772  43.827  -0.003  -7.127 0.0000000000
67777  51.406  0.025  -8.747 0.0000000000
67782  50.415  -0.324  -10.082 0.0000000000
67783  45.176  -0.876  -10.164 0.0000000000
67784  44.663  -0.348  -9.553 0.0000000000
67790  49.677  -0.251  -11.245 0.0000000000
67791  46.879  -0.903  -11.239 0.0000000000
67792  45.998  -0.875  -11.145 0.0000000000
67793  45.419  -0.581  -10.815 0.0000000000
67794  44.881  -0.123  -10.374 0.0000000000
67799  49.895  0.466  -11.777 0.0000000000
67800  49.061  -0.090  -11.872 0.0000000000
67801  47.755  -0.306  -11.815 0.0000000000
67802  46.514  -0.267  -11.761 0.0000000000
67803  45.728  -0.320  -11.361 0.0000000000
68553  48.244  0.108  -4.914 0.0000000000
68565  50.356  0.260  -6.171 0.0000000000
68566  48.707  0.252  -5.535 0.0000000000
68567  47.866  0.408  -5.445 0.0000000000
68576  51.281  0.388  -6.863 0.0000000000
68577  50.181  0.475  -6.881 0.0000000000
68578  49.086  0.528  -6.885 0.0000000000
68579  48.042  0.610  -6.906 0.0000000000
68580  47.030  0.774  -6.902 0.0000000000
68581  43.402  0.489  -6.540 0.0000000000
68582  43.123  1.192  -6.839 0.0000000000
68585  51.845  0.206  -7.463 0.0000000000
68586  51.069  0.504  -7.662 0.0000000000
68587  49.954  0.571  -7.696 0.0000000000
68588  48.833  0.619  -7.736 0.0000000000
68589  47.753  0.757  -7.776 0.0000000000
68590  44.182  0.171  -8.705 0.0000000000
68595  51.467  0.213  -8.285 0.0000000000
68596  51.021  0.242  -9.136 0.0000000000
68597  50.551  0.483  -9.117 0.0000000000
68598  48.743  0.755  -8.665 0.0000000000
68599  43.923  0.923  -8.896 0.0000000000
68604  50.695  0.159  -9.861 0.0000000000
68605  50.485  0.387  -9.767 0.0000000000
68606  48.875  1.015  -9.659 0.0000000000
68607  44.374  0.576  -9.691 0.0000000000
68612  50.165  0.635  -11.261 0.0000000000
68613  50.016  0.837  -10.626 0.0000000000
68614  45.221  0.062  -11.121 0.0000000000
68615  44.738  0.641  -10.670 0.0000000000
68620  50.134  0.958  -11.958 0.0000000000
68621  49.604  0.638  -12.287 0.0000000000
68622  48.626  0.220  -12.295 0.0000000000
68623  45.775  0.286  -11.828 0.0000000000
68624  45.170  0.761  -11.432 0.0000000000
68628  49.817  1.347  -12.476 0.0000000000
68629  48.905  0.846  -12.885 0.0000000000
68630  47.413  0.946  -12.918 0.0000000000
68631  46.218  0.877  -12.449 0.0000000000
69346  46.551  0.901  -6.023 0.0000000000
69352  46.020  1.289  -6.824 0.0000000000
69358  47.526  1.121  -8.753 0.0000000000
69359  46.737  1.089  -7.736 0.0000000000
69360  45.901  1.544  -7.792 0.0000000000
69361  43.304  1.387  -7.634 0.0000000000
69367  46.495  1.414  -8.395 0.0000000000
69368  45.936  1.762  -8.500 0.0000000000
69369  43.520  1.595  -8.510 0.0000000000
69374  49.082  1.295  -10.520 0.0000000000
69375  47.894  1.415  -9.897 0.0000000000
69376  46.630  1.667  -9.264 0.0000000000
69377  44.343  1.360  -10.210 0.0000000000
69378  43.929  1.433  -9.396 0.0000000000
69383  49.623  1.396  -11.434 0.0000000000
69384  48.480  1.653  -10.892 0.0000000000
69385  47.292  1.906  -10.375 0.0000000000
69386  44.726  1.417  -11.058 0.0000000000
69392  50.044  1.116  -11.806 0.0000000000
69393  49.640  1.727  -12.413 0.0000000000
69394  49.137  1.901  -11.752 0.0000000000
69395  45.800  1.467  -12.445 0.0000000000
69396  45.248  1.491  -11.794 0.0000000000
69402  49.675  1.965  -12.826 0.0000000000
69403  49.497  1.741  -13.092 0.0000000000
69404  47.685  1.821  -13.433 0.0000000000
69405  46.585  1.552  -12.988 0.0000000000
69406  49.507  2.451  -13.042 0.0000000000
69407  48.888  2.201  -13.422 0.0000000000
70131  45.265  1.930  -7.192 0.0000000000
70138  45.369  2.177  -8.029 0.0000000000
70139  44.757  2.747  -7.378 0.0000000000
70140  43.103  2.085  -7.845 0.0000000000
70145  45.665  2.373  -8.958 0.0000000000
70146  45.052  2.941  -8.307 0.0000000000
70147  43.261  2.440  -8.488 0.0000000000
70148  42.980  3.213  -8.464 0.0000000000
70153  46.337  2.373  -9.885 0.0000000000
70154  45.716  3.057  -9.605 0.0000000000
70155  43.937  2.065  -9.880 0.0000000000
70156  43.585  2.171  -9.165 0.0000000000
70160  48.100  2.191  -11.371 0.0000000000
70161  46.982  2.650  -10.879 0.0000000000
70162  46.233  3.036  -10.241 0.0000000000
70163  44.375  2.143  -10.626 0.0000000000
70164  44.008  2.840  -10.265 0.0000000000
70169  49.553  2.365  -12.913 0.0000000000
70170  49.108  2.560  -12.443 0.0000000000
70171  47.978  2.864  -11.776 0.0000000000
70172  45.470  2.171  -12.354 0.0000000000
70173  44.825  2.360  -11.545 0.0000000000
70178  49.194  3.092  -13.047 0.0000000000
70179  46.747  2.467  -13.461 0.0000000000
70180  45.847  2.645  -13.033 0.0000000000
70181  45.180  3.078  -12.470 0.0000000000
70185  48.983  3.014  -13.283 0.0000000000
70186  48.090  2.709  -13.597 0.0000000000
70187  46.659  3.326  -13.641 0.0000000000
70924  44.420  3.695  -6.840 0.0000000000
70930  45.028  3.729  -8.582 0.0000000000
70931  44.688  3.626  -7.822 0.0000000000
70932  43.370  2.968  -9.096 0.0000000000
70933  43.119  3.810  -9.100 0.0000000000
70938  45.408  3.788  -9.308 0.0000000000
70939  43.554  3.567  -9.859 0.0000000000
70944  46.562  3.398  -10.743 0.0000000000
70945  44.408  2.914  -10.952 0.0000000000
70946  44.064  3.777  -10.898 0.0000000000
70952  48.591  3.583  -12.579 0.0000000000
70953  47.339  3.462  -11.507 0.0000000000
70954  44.575  3.364  -11.675 0.0000000000
70959  48.800  3.711  -13.229 0.0000000000
70960  48.860  3.859  -13.089 0.0000000000
70961  45.771  3.379  -13.350 0.0000000000
70962  45.066  3.841  -13.046 0.0000000000
70967  48.348  3.532  -13.540 0.0000000000
70968  46.359  4.035  -13.749 0.0000000000
70969  45.524  4.073  -13.519 0.0000000000
71693  44.367  4.561  -6.737 0.0000000000
71700  44.516  4.384  -7.446 0.0000000000
71707  45.140  4.457  -8.892 0.0000000000
71708  44.758  4.369  -8.195 0.0000000000
71709  42.238  4.933  -8.547 0.0000000000
71715  45.586  4.542  -9.665 0.0000000000
71716  43.170  4.346  -9.714 0.0000000000
71717  42.731  4.609  -9.203 0.0000000000
71721  46.982  4.923  -11.377 0.0000000000
71722  46.218  4.695  -10.471 0.0000000000
71723  43.397  4.467  -10.504 0.0000000000
71724  42.841  4.970  -10.052 0.0000000000
71726  48.531  4.572  -12.893 0.0000000000
71727  47.881  5.177  -12.268 0.0000000000
71728  44.251  4.124  -11.961 0.0000000000
71729  43.600  4.549  -11.576 0.0000000000
71730  42.931  5.073  -11.118 0.0000000000
71733  48.375  4.120  -13.517 0.0000000000
71734  48.547  4.325  -13.254 0.0000000000
71735  44.436  4.266  -12.855 0.0000000000
71736  43.727  4.570  -12.647 0.0000000000
71737  42.800  4.880  -12.558 0.0000000000
71742  48.082  4.769  -13.635 0.0000000000
71743  46.967  4.754  -13.844 0.0000000000
71744  45.751  4.675  -13.773 0.0000000000
71745  44.891  4.482  -13.455 0.0000000000
71746  44.042  4.737  -13.390 0.0000000000
72423  44.883  5.116  -8.437 0.0000000000
72424  44.695  5.816  -7.711 0.0000000000
72425  42.255  5.275  -9.456 0.0000000000
72426  41.598  5.553  -8.840 0.0000000000
72431  45.340  5.229  -9.192 0.0000000000
72432  41.571  5.736  -9.912 0.0000000000
72433  40.857  6.024  -9.311 0.0000000000
72437  46.598  5.561  -10.748 0.0000000000
72438  45.869  5.350  -9.969 0.0000000000
72439  42.252  5.410  -10.518 0.0000000000
72440  41.449  5.591  -11.092 0.0000000000
72441  40.736  5.929  -10.507 0.0000000000
72446  48.062  5.870  -12.490 0.0000000000
72447  47.465  5.795  -11.614 0.0000000000
72448  42.105  5.277  -11.780 0.0000000000
72455  48.336  5.684  -13.008 0.0000000000
72456  43.142  4.860  -13.322 0.0000000000
72457  42.325  4.945  -13.295 0.0000000000
72466  48.165  5.477  -13.352 0.0000000000
72467  47.485  5.426  -13.659 0.0000000000
72468  46.145  5.463  -13.776 0.0000000000
72469  43.586  5.141  -13.622 0.0000000000
72470  42.653  5.097  -13.486 0.0000000000
72471  41.756  5.179  -13.348 0.0000000000
73099  45.767  6.802  -4.523 0.0000000000
73100  45.255  6.759  -5.011 0.0000000000
73113  44.902  6.756  -5.566 0.0000000000
73121  44.707  6.750  -6.279 0.0000000000
73128  44.738  6.737  -7.145 0.0000000000
73136  45.167  5.960  -8.650 0.0000000000
73137  45.034  6.845  -8.070 0.0000000000
73145  46.397  6.947  -9.934 0.0000000000
73146  45.706  6.051  -9.501 0.0000000000
73154  47.839  7.594  -11.384 0.0000000000
73155  47.146  6.585  -10.906 0.0000000000
73156  46.288  6.077  -10.196 0.0000000000
73162  47.983  7.198  -12.087 0.0000000000
73163  47.932  6.636  -11.921 0.0000000000
73170  47.750  6.708  -12.847 0.0000000000
73171  46.793  6.855  -13.220 0.0000000000
73172  42.686  6.213  -13.439 0.0000000000
73173  41.714  5.899  -13.571 0.0000000000
73182  47.864  5.965  -13.348 0.0000000000
73183  47.053  6.158  -13.490 0.0000000000
73184  45.959  6.387  -13.503 0.0000000000
73185  45.116  5.850  -13.687 0.0000000000
73186  43.122  5.617  -13.615 0.0000000000
73187  42.338  5.475  -13.589 0.0000000000
73801  46.252  7.494  -4.280 0.0000000000
73808  45.532  7.744  -4.638 0.0000000000
73809  45.091  7.670  -5.218 0.0000000000
73823  44.795  7.571  -6.645 0.0000000000
73831  44.922  7.543  -7.489 0.0000000000
73839  45.443  7.559  -8.525 0.0000000000
73847  47.005  7.998  -10.039 0.0000000000
73848  46.107  7.709  -9.291 0.0000000000
73858  47.911  8.306  -11.215 0.0000000000
73859  47.746  8.248  -10.760 0.0000000000
73865  47.943  7.981  -11.626 0.0000000000
73876  47.806  7.676  -12.160 0.0000000000
73877  47.054  7.522  -12.718 0.0000000000
73878  45.991  7.258  -13.094 0.0000000000
73879  44.122  7.383  -12.889 0.0000000000
73880  43.171  7.148  -12.843 0.0000000000
73881  42.279  6.996  -12.820 0.0000000000
73890  44.835  6.706  -13.362 0.0000000000
73891  43.648  6.478  -13.378 0.0000000000
74585  45.846  8.201  -3.967 0.0000000000
74594  45.142  8.427  -4.121 0.0000000000
74595  44.472  8.657  -4.548 0.0000000000
74596  43.779  9.091  -4.821 0.0000000000
74604  44.627  8.456  -6.139 0.0000000000
74609  45.146  8.265  -8.097 0.0000000000
74615  45.149  9.216  -8.277 0.0000000000
74624  46.616  8.766  -9.507 0.0000000000
74625  45.828  9.015  -8.835 0.0000000000
74637  47.883  8.857  -10.903 0.0000000000
74638  47.525  8.928  -10.317 0.0000000000
74650  47.879  8.566  -11.289 0.0000000000
74651  47.551  8.879  -11.528 0.0000000000
74652  46.647  9.110  -11.915 0.0000000000
74653  44.223  8.741  -12.106 0.0000000000
74654  42.541  8.349  -11.586 0.0000000000
74667  47.794  8.275  -11.727 0.0000000000
74668  47.290  8.304  -12.147 0.0000000000
74669  46.247  8.140  -12.541 0.0000000000
74670  45.329  8.749  -12.296 0.0000000000
74671  43.640  7.991  -12.403 0.0000000000
74672  42.760  7.843  -12.224 0.0000000000
75407  44.279  9.115  -6.040 0.0000000000
75408  43.775  9.330  -5.596 0.0000000000
75409  43.017  9.825  -5.874 0.0000000000
75412  44.460  9.099  -6.846 0.0000000000
75413  43.838  9.546  -6.384 0.0000000000
75414  44.564  9.495  -7.766 0.0000000000
75415  43.979  9.801  -7.252 0.0000000000
75423  45.722  9.866  -8.952 0.0000000000
75424  45.007  10.032  -8.499 0.0000000000
75434  47.183  10.572  -10.023 0.0000000000
75435  46.577  9.789  -9.481 0.0000000000
75446  47.830  9.177  -11.068 0.0000000000
75447  47.582  9.689  -10.589 0.0000000000
75448  43.787  10.175  -11.070 0.0000000000
75449  42.921  9.857  -10.480 0.0000000000
75455  47.323  9.829  -11.210 0.0000000000
75456  45.841  9.622  -11.866 0.0000000000
75457  44.945  9.594  -11.854 0.0000000000
75458  43.942  9.405  -11.601 0.0000000000
75459  42.933  9.093  -11.166 0.0000000000
76103  43.269  10.163  -6.798 0.0000000000
76104  42.525  10.538  -6.419 0.0000000000
76105  41.807  10.886  -6.115 0.0000000000
76112  44.301  10.273  -8.109 0.0000000000
76113  43.556  10.582  -7.699 0.0000000000
76114  42.804  10.924  -7.299 0.0000000000
76124  45.554  10.599  -9.090 0.0000000000
76125  44.931  10.925  -8.852 0.0000000000
76126  44.115  11.215  -8.526 0.0000000000
76135  46.367  10.693  -9.536 0.0000000000
76136  45.871  11.601  -9.580 0.0000000000
76143  47.198  10.700  -10.660 0.0000000000
76144  44.501  11.454  -11.285 0.0000000000
76145  43.536  10.993  -10.711 0.0000000000
76152  46.765  10.830  -11.172 0.0000000000
76153  45.461  11.630  -11.399 0.0000000000
76154  44.713  10.485  -11.489 0.0000000000
76778  42.164  11.329  -6.847 0.0000000000
76779  41.529  11.646  -6.493 0.0000000000
76788  43.303  11.517  -8.132 0.0000000000
76789  42.577  11.869  -7.668 0.0000000000
76790  41.878  12.187  -7.229 0.0000000000
76799  44.968  12.013  -9.292 0.0000000000
76800  44.104  12.322  -8.918 0.0000000000
76801  43.249  12.598  -8.496 0.0000000000
76810  46.768  11.492  -10.012 0.0000000000
76811  46.199  12.357  -10.310 0.0000000000
76812  45.710  12.669  -9.896 0.0000000000
76820  46.630  11.817  -10.399 0.0000000000
76821  46.290  12.211  -10.749 0.0000000000
76822  45.858  12.532  -11.073 0.0000000000
76823  45.223  12.474  -11.315 0.0000000000
76830  46.727  11.505  -10.740 0.0000000000
76831  46.267  11.701  -11.155 0.0000000000
77497  42.433  12.873  -8.037 0.0000000000
77508  45.036  13.139  -9.721 0.0000000000
77509  44.117  13.432  -9.347 0.0000000000
77510  43.250  13.670  -8.899 0.0000000000
77517  45.847  12.779  -10.757 0.0000000000
77518  45.453  13.257  -10.459 0.0000000000
77519  44.796  14.010  -10.152 0.0000000000
78181  44.026  14.390  -9.780 0.0000000000
78192  44.814  14.001  -10.727 0.0000000000
78193  44.246  14.507  -10.443 0.0000000000
78201  44.266  14.420  -10.907 0.0000000000
98112  55.223  -34.984  3.505 0.0000000000
98117  49.355  0.375  -6.161 0.0000000000
98176  55.394  -37.178  2.133 0.0000000000
98245  45.757  -36.143  -0.317 0.0000000000
98263  48.068  -56.259  12.763 0.0000000000
98328  48.671  -48.720  6.968 0.0000000000
98349  44.571  -34.548  -0.130 0.0000000000
98369  41.592  4.928  -13.042 0.0000000000
98395  53.224  -36.346  4.151 0.0000000000
98500  51.018  -32.762  2.408 0.0000000000
98562  50.240  -27.120  1.248 0.0000000000
98733  51.407  -32.452  2.843 0.0000000000
98746  57.697  -34.977  -0.114 0.0000000000
98853  41.898  -48.877  11.794 0.0000000000
98911  46.486  -5.353  -4.355 0.0000000000
99171  44.611  -34.422  0.837 0.0000000000
99221  53.516  -52.344  7.963 0.0000000000
99230  48.398  0.475  -6.143 0.0000000000
99231  45.841  10.608  -11.561 0.0000000000
99565  47.193  -57.118  12.687 0.0000000000
99594  52.666  -45.408  0.052 0.0000000000
99615  45.587  6.836  -8.995 0.0000000000
99618  53.247  -49.645  1.335 0.0000000000
99624  55.785  -41.430  -1.535 0.0000000000
99753  48.578  -40.787  -0.561 0.0000000000
99767  42.710  -40.059  2.888 0.0000000000
99821  56.247  -10.795  -4.091 0.0000000000
99852  42.463  -40.792  3.128 0.0000000000
99941  48.030  -18.092  -0.520 0.0000000000
100032  41.407  -28.067  -1.500 0.0000000000
100053  55.627  -3.046  -3.772 0.0000000000
100076  48.506  -44.902  3.424 0.0000000000
100077  48.171  -46.870  4.509 0.0000000000
100129  45.140  7.730  -12.784 0.0000000000
100136  50.712  -31.378  -1.501 0.0000000000
100169  55.521  -32.633  3.252 0.0000000000
100174  48.238  -36.714  0.437 0.0000000000
100180  54.416  -4.283  -3.854 0.0000000000
100259  47.865  -28.760  -0.513 0.0000000000
100295  47.993  -39.365  -2.257 0.0000000000
100329  59.498  -32.427  0.808 0.0000000000
100353  58.052  -33.879  -0.073 0.0000000000
100355  40.620  5.521  -11.784 0.0000000000
100362  40.464  -57.468  13.228 0.0000000000
100475  53.267  -55.447  6.246 0.0000000000
100515  51.301  -30.688  -3.553 0.0000000000
100536  51.058  -10.882  -3.585 0.0000000000
100545  46.656  -54.081  -2.805 0.0000000000
100571  54.020  -50.000  2.774 0.0000000000
100580  52.153  -41.145  -3.984 0.0000000000
100668  51.190  -55.785  11.787 0.0000000000
100727  47.990  -57.244  12.554 0.0000000000
100878  49.830  -43.356  0.570 0.0000000000
100899  54.163  -5.943  -1.252 0.0000000000
100906  43.265  -43.561  0.127 0.0000000000
100963  50.809  0.507  -8.478 0.0000000000
100964  54.087  -47.219  2.688 0.0000000000
100981  45.329  -1.923  -9.121 0.0000000000
101017  42.335  -52.720  3.773 0.0000000000
101069  47.996  -20.766  -0.315 0.0000000000
101113  50.711  -44.154  -1.555 0.0000000000
101127  43.575  -43.571  -0.782 0.0000000000
101163  51.985  -32.662  3.698 0.0000000000
101172  50.118  -26.797  1.924 0.0000000000
101212  48.897  -56.244  12.582 0.0000000000
101230  47.671  -8.563  -4.251 0.0000000000
101313  50.847  -9.415  -4.544 0.0000000000
101329  57.639  -20.302  -3.979 0.0000000000
101385  59.078  -39.271  2.701 0.0000000000
101399  52.769  -40.465  -0.650 0.0000000000
101500  49.084  -41.197  -2.694 0.0000000000
101523  48.371  -29.097  -0.423 0.0000000000
101701  55.607  -41.319  0.648 0.0000000000
101711  48.491  -42.742  2.620 0.0000000000
101734  42.638  -43.214  1.379 0.0000000000
101776  56.452  -23.167  -3.975 0.0000000000
101875  57.045  -10.717  -3.596 0.0000000000
101878  54.936  -25.130  -2.710 0.0000000000
101960  50.627  -47.053  2.375 0.0000000000
101990  56.255  -20.187  -4.559 0.0000000000
102092  48.208  -40.093  -0.610 0.0000000000
102110  43.505  0.703  -7.362 0.0000000000
102129  43.677  0.834  -8.166 0.0000000000
102165  41.916  -44.165  2.284 0.0000000000
102262  44.559  -19.323  -0.515 0.0000000000
102323  43.796  -26.026  -2.363 0.0000000000
102376  46.280  -47.876  10.006 0.0000000000
102501  47.522  -8.304  -2.371 0.0000000000
102552  50.150  -45.948  2.462 0.0000000000
102560  41.983  -26.821  -4.005 0.0000000000
102610  45.678  -34.436  -0.069 0.0000000000
102617  43.381  -21.026  2.871 0.0000000000
102644  42.827  -56.702  13.287 0.0000000000
102658  58.085  -18.659  -4.213 0.0000000000
102672  53.072  -24.071  -4.293 0.0000000000
102678  40.862  -45.501  8.090 0.0000000000
102685  47.687  -40.576  2.032 0.0000000000
102714  57.367  -40.319  4.305 0.0000000000
102718  54.630  -34.694  3.850 0.0000000000
102769  55.308  -12.054  -4.062 0.0000000000
102770  53.339  -2.809  -5.141 0.0000000000
102802  50.789  -51.624  5.708 0.0000000000
102819  51.187  -25.196  -3.234 0.0000000000
102868  49.845  -54.445  9.716 0.0000000000
102909  54.021  -47.129  3.302 0.0000000000
102943  42.477  -58.576  12.075 0.0000000000
102958  59.094  -37.160  4.450 0.0000000000
102990  45.834  -54.494  0.300 0.0000000000
103023  54.638  -4.963  -1.595 0.0000000000
103031  43.646  -45.240  -0.360 0.0000000000
103108  42.629  -49.070  1.343 0.0000000000
103202  45.508  -28.673  -1.328 0.0000000000
103250  52.710  -49.409  1.152 0.0000000000
103257  56.949  -19.589  -4.655 0.0000000000
103316  52.391  -23.148  -1.193 0.0000000000
103336  47.842  -51.120  -2.236 0.0000000000
103401  42.956  -21.488  -1.484 0.0000000000
103445  46.501  -5.730  -3.434 0.0000000000
103447  57.707  -14.222  -5.032 0.0000000000
103449  48.632  -51.871  9.731 0.0000000000
103543  51.746  -40.816  -2.721 0.0000000000
103571  54.122  -5.162  -3.597 0.0000000000
103579  41.759  -55.458  13.521 0.0000000000
103658  50.048  -26.212  2.321 0.0000000000
103690  49.953  -51.489  7.905 0.0000000000
103716  51.041  -10.075  -4.329 0.0000000000
103717  55.249  -5.229  -3.528 0.0000000000
103752  44.013  -50.965  0.665 0.0000000000
103764  43.303  8.557  -11.835 0.0000000000
103792  49.490  -7.528  -4.667 0.0000000000
103803  48.940  -0.042  -5.074 0.0000000000
103819  42.335  -44.960  1.562 0.0000000000
103840  48.028  6.301  -12.624 0.0000000000
103864  49.442  -22.759  -1.553 0.0000000000
103875  41.581  -42.321  3.840 0.0000000000
103903  48.550  1.455  -13.274 0.0000000000
103964  47.520  -52.067  10.476 0.0000000000
103966  47.295  7.477  -10.594 0.0000000000
104022  55.831  -23.202  -4.382 0.0000000000
104083  42.401  -51.202  1.642 0.0000000000
104143  53.301  -22.157  -1.897 0.0000000000
104207  54.869  -24.832  -4.308 0.0000000000
104295  51.923  -49.326  1.780 0.0000000000
104374  46.374  -22.332  0.534 0.0000000000
104474  54.159  -6.212  -3.580 0.0000000000
104488  46.364  -49.863  10.607 0.0000000000
104533  44.011  -52.528  -1.144 0.0000000000
104536  53.673  -52.541  5.137 0.0000000000
104593  46.282  -49.518  -2.784 0.0000000000
104604  47.441  -53.870  -2.746 0.0000000000
104619  53.947  -50.273  3.467 0.0000000000
104649  53.553  -49.183  4.280 0.0000000000
104665  50.465  -7.544  -4.410 0.0000000000
104682  40.251  -49.171  3.456 0.0000000000
104748  50.910  -19.554  -2.408 0.0000000000
104826  47.445  0.608  -6.112 0.0000000000
104851  50.198  -48.924  3.649 0.0000000000
104960  45.491  -54.919  4.769 0.0000000000
105006  47.816  -52.625  -1.372 0.0000000000
105030  54.631  -27.900  2.848 0.0000000000
105100  46.659  -54.149  13.423 0.0000000000
105102  44.608  4.961  -7.809 0.0000000000
105198  51.397  -27.548  -0.537 0.0000000000
105229  42.684  -55.491  13.485 0.0000000000
105338  44.823  7.623  -5.848 0.0000000000
105439  53.091  -19.435  -3.539 0.0000000000
105519  48.633  -20.868  -0.896 0.0000000000
105550  56.529  -8.170  -0.677 0.0000000000
105558  43.056  -53.538  2.022 0.0000000000
105625  54.059  -37.252  3.332 0.0000000000
105636  44.532  5.930  -6.719 0.0000000000
105680  43.084  -45.421  0.489 0.0000000000
105730  45.343  13.296  -10.988 0.0000000000
105756  40.982  -43.851  7.291 0.0000000000
105875  49.551  -52.649  11.778 0.0000000000
105937  39.362  -44.992  5.939 0.0000000000
105943  44.570  -54.084  13.745 0.0000000000
105946  46.865  -23.092  0.586 0.0000000000
106023  40.577  -55.905  11.588 0.0000000000
106028  46.142  -47.011  -3.072 0.0000000000
106029  39.236  -51.342  -1.243 0.0000000000
106133  43.863  0.252  -7.855 0.0000000000
106156  49.143  -49.370  6.874 0.0000000000
106189  44.569  5.923  -5.852 0.0000000000
106226  46.575  -4.979  -6.944 0.0000000000
106240  39.140  -48.256  5.445 0.0000000000
106269  56.140  -37.062  -0.422 0.0000000000
106280  55.695  -20.097  -2.988 0.0000000000
106295  52.139  -40.446  0.933 0.0000000000
106343  42.669  4.085  -8.451 0.0000000000
106349  44.764  8.347  -5.305 0.0000000000
106352  56.675  -40.552  -1.000 0.0000000000
106358  44.751  5.147  -13.774 0.0000000000
106377  54.198  -24.306  -4.445 0.0000000000
106412  45.865  -44.055  5.598 0.0000000000
106442  42.748  -45.785  9.384 0.0000000000
106464  61.285  -35.756  4.308 0.0000000000
106487  43.599  -21.071  1.851 0.0000000000
106523  44.255  -45.333  8.762 0.0000000000
106539  41.853  -48.872  -2.622 0.0000000000
106577  44.656  -45.045  -3.203 0.0000000000
106610  47.584  -39.998  1.433 0.0000000000
106714  40.664  -49.093  -1.978 0.0000000000
106754  46.247  -52.585  -2.490 0.0000000000
106786  51.141  -37.478  4.782 0.0000000000
106791  44.827  -18.411  0.570 0.0000000000
106831  43.699  -56.788  11.349 0.0000000000
106894  50.084  -39.426  -3.472 0.0000000000
107026  52.189  -1.205  -4.321 0.0000000000
107040  46.676  -56.675  10.779 0.0000000000
107072  44.751  -57.080  -2.847 0.0000000000
107073  42.894  -48.767  -2.746 0.0000000000
107153  50.576  -26.713  2.717 0.0000000000
107237  42.998  -56.930  11.376 0.0000000000
107265  45.965  -57.919  11.168 0.0000000000
107266  58.362  -36.262  0.371 0.0000000000
107282  56.100  -23.345  -3.562 0.0000000000
107297  49.750  -32.053  2.763 0.0000000000
107383  47.545  -49.848  9.656 0.0000000000
107393  51.608  -36.610  4.770 0.0000000000
107396  53.691  -53.509  5.966 0.0000000000
107403  53.059  -53.527  11.472 0.0000000000
107483  44.373  5.192  -6.281 0.0000000000
107530  44.274  -27.070  -1.947 0.0000000000
107534  44.702  3.744  -12.413 0.0000000000
107561  55.178  -51.371  9.518 0.0000000000
107638  42.085  -54.854  11.520 0.0000000000
107748  49.893  0.686  -9.444 0.0000000000
107763  47.578  -56.724  10.590 0.0000000000
107791  48.634  -55.002  -1.786 0.0000000000
107841  42.118  -57.296  11.533 0.0000000000
107903  48.092  -53.853  -1.272 0.0000000000
107993  44.743  -53.122  11.685 0.0000000000
108067  43.332  -38.824  -1.857 0.0000000000
108072  58.414  -37.705  1.199 0.0000000000
108103  52.464  -40.629  -1.515 0.0000000000
108186  58.048  -18.450  -4.586 0.0000000000
108214  53.895  -54.371  8.023 0.0000000000
108235  50.594  -40.347  -3.798 0.0000000000
108281  51.612  -31.701  2.576 0.0000000000
108304  48.423  5.047  -13.202 0.0000000000
108308  52.561  -43.379  0.278 0.0000000000
108310  45.353  -38.019  2.719 0.0000000000
108394  53.616  -51.665  3.163 0.0000000000
108396  45.744  -3.235  -6.494 0.0000000000
108402  55.977  -21.276  -4.578 0.0000000000
108428  39.488  -56.224  13.596 0.0000000000
108442  53.465  -45.128  3.721 0.0000000000
108444  42.410  -53.724  13.793 0.0000000000
108470  44.801  -55.413  11.326 0.0000000000
108569  56.354  -8.882  -0.483 0.0000000000
108601  50.292  -4.814  -4.407 0.0000000000
108607  44.786  8.302  -7.104 0.0000000000
108629  48.598  -36.783  -1.949 0.0000000000
108638  44.124  5.776  -13.673 0.0000000000
108643  53.644  -52.605  4.179 0.0000000000
108730  45.585  0.920  -12.028 0.0000000000
108750  45.011  -50.944  11.626 0.0000000000
108770  48.631  -48.342  6.084 0.0000000000
108789  54.732  -25.832  -3.920 0.0000000000
108834  53.028  -26.401  -4.422 0.0000000000
108950  48.104  -53.807  -2.531 0.0000000000
108973  48.213  -52.966  12.570 0.0000000000
109073  47.599  0.249  -12.367 0.0000000000
109140  42.499  -45.661  1.262 0.0000000000
109152  46.121  -54.777  13.481 0.0000000000
109163  39.558  -49.301  4.671 0.0000000000
109175  56.934  -6.889  -2.316 0.0000000000
109191  44.446  5.152  -7.120 0.0000000000
109308  53.632  -28.331  -3.585 0.0000000000
109320  58.429  -34.067  -0.049 0.0000000000
109324  49.503  -48.914  4.730 0.0000000000
109399  40.982  -45.983  3.047 0.0000000000
109413  48.168  6.025  -13.099 0.0000000000
109443  47.568  4.016  -13.766 0.0000000000
109444  44.947  -56.524  11.230 0.0000000000
109468  51.537  -38.076  4.385 0.0000000000
109478  46.831  -53.106  10.957 0.0000000000
109482  57.147  -9.951  -3.095 0.0000000000
109489  41.532  -46.774  9.329 0.0000000000
109502  53.588  -34.051  4.315 0.0000000000
109546  46.536  10.032  -11.551 0.0000000000
109566  48.435  -7.858  -5.206 0.0000000000
109589  55.419  -19.326  -4.301 0.0000000000
109591  55.168  -6.304  -3.499 0.0000000000
109596  45.408  -22.849  0.312 0.0000000000
109607  48.752  -56.133  -1.072 0.0000000000
109855  54.015  -53.597  11.717 0.0000000000
109898  43.267  -36.721  0.033 0.0000000000
109972  58.040  -39.671  4.991 0.0000000000
110038  54.928  -23.175  -4.494 0.0000000000
110040  44.792  8.857  -7.601 0.0000000000
110064  39.500  -52.708  -2.012 0.0000000000
110080  57.740  -9.782  -2.137 0.0000000000
110114  58.266  -13.962  -4.143 0.0000000000
110126  56.467  -40.566  4.100 0.0000000000
110144  45.788  8.257  -8.848 0.0000000000
110147  52.478  -28.602  2.813 0.0000000000
110190  46.201  -53.245  11.261 0.0000000000
110231  48.075  -53.212  10.463 0.0000000000
110253  57.844  -33.662  0.214 0.0000000000
110258  57.622  -18.296  -4.688 0.0000000000
110308  41.558  -44.660  2.645 0.0000000000
110341  55.819  -6.486  -3.314 0.0000000000
110359  40.862  -51.409  -2.459 0.0000000000
110404  45.931  -25.979  -0.703 0.0000000000
110416  40.919  -50.528  5.807 0.0000000000
110461  48.045  -23.908  -0.007 0.0000000000
110546  45.179  -54.136  -1.847 0.0000000000
110617  42.985  -57.918  12.738 0.0000000000
110624  52.516  -43.473  1.154 0.0000000000
110630  49.403  -31.156  1.959 0.0000000000
110680  46.571  -46.252  7.482 0.0000000000
110686  52.983  -27.485  3.697 0.0000000000
110739  45.607  -52.192  11.452 0.0000000000
110748  58.248  -17.536  -4.873 0.0000000000
110778  46.968  -52.704  -2.772 0.0000000000
110803  41.794  -42.879  -2.579 0.0000000000
110857  51.257  -49.137  2.511 0.0000000000
110869  46.481  -41.708  4.615 0.0000000000
110895  49.255  -23.672  -1.249 0.0000000000
110975  48.359  5.326  -12.896 0.0000000000
110976  46.958  -54.990  13.267 0.0000000000
110996  49.823  0.619  -8.557 0.0000000000
111059  48.958  -38.544  2.864 0.0000000000
111062  54.432  -17.030  -3.691 0.0000000000
111081  52.909  -34.208  4.410 0.0000000000
111096  47.207  -18.675  -0.336 0.0000000000
111114  47.308  9.639  -9.969 0.0000000000
111121  56.162  -28.926  1.668 0.0000000000
111211  54.654  -41.397  4.265 0.0000000000
111218  44.317  8.887  -5.392 0.0000000000
111282  45.960  3.787  -10.163 0.0000000000
111283  49.902  -30.459  -2.272 0.0000000000
111285  47.504  3.213  -13.686 0.0000000000
111301  48.184  -0.747  -11.260 0.0000000000
111316  42.515  -54.491  13.631 0.0000000000
111329  55.008  -41.877  -1.648 0.0000000000
111342  45.458  -57.861  12.557 0.0000000000
111353  45.320  -50.415  11.397 0.0000000000
111355  51.392  -44.724  -1.829 0.0000000000
111377  47.678  4.330  -11.974 0.0000000000
111378  46.680  4.088  -11.054 0.0000000000
111387  53.570  -54.300  5.636 0.0000000000
111468  46.158  -4.145  -6.700 0.0000000000
111475  51.695  -29.329  2.689 0.0000000000
111481  56.326  -6.697  -2.965 0.0000000000
111538  52.152  -2.381  -3.242 0.0000000000
111541  55.207  -11.287  0.680 0.0000000000
111568  47.648  -57.657  -0.864 0.0000000000
111588  52.942  -1.526  -3.933 0.0000000000
111820  54.428  -52.948  11.773 0.0000000000
111854  51.081  -54.088  11.517 0.0000000000
111904  43.668  -42.756  -1.514 0.0000000000
111940  50.881  -33.218  3.756 0.0000000000
111948  46.065  -47.920  -1.516 0.0000000000
111951  43.065  -43.036  0.572 0.0000000000
112009  44.709  -27.957  -1.811 0.0000000000
112046  52.379  -42.457  -4.381 0.0000000000
112092  53.578  -50.092  2.007 0.0000000000
112094  45.715  -39.673  4.274 0.0000000000
112100  40.199  -44.726  4.487 0.0000000000
112123  40.923  -54.084  13.616 0.0000000000
112170  51.436  -31.957  1.636 0.0000000000
112191  50.391  0.050  -10.640 0.0000000000
112199  50.651  -8.484  -4.569 0.0000000000
112260  46.559  -27.342  -1.646 0.0000000000
112314  56.738  -39.760  -1.212 0.0000000000
112336  52.997  -49.354  0.929 0.0000000000
112361  45.841  -35.169  -0.997 0.0000000000
112440  40.563  -46.630  3.394 0.0000000000
112468  55.094  -34.297  3.682 0.0000000000
112511  43.746  -47.866  0.213 0.0000000000
112544  43.353  -23.506  -1.655 0.0000000000
112549  46.236  -29.212  -2.272 0.0000000000
112600  43.334  -35.211  0.063 0.0000000000
112610  49.410  -30.131  -3.212 0.0000000000
112664  44.310  -56.631  -3.158 0.0000000000
112716  49.134  -29.932  -2.504 0.0000000000
112731  42.928  -35.379  0.836 0.0000000000
112775  40.724  -53.764  11.678 0.0000000000
112791  61.272  -34.418  2.696 0.0000000000
112859  48.890  -8.386  -4.910 0.0000000000
112981  53.123  -46.965  -0.023 0.0000000000
113004  43.755  -42.301  -2.569 0.0000000000
113032  51.584  -29.968  -0.623 0.0000000000
113089  55.385  -41.173  5.727 0.0000000000
113116  51.185  -40.404  -1.300 0.0000000000
113281  51.416  -56.692  11.686 0.0000000000
113308  44.576  -0.613  -8.825 0.0000000000
113403  45.312  3.169  -8.958 0.0000000000
113418  42.188  -50.522  1.729 0.0000000000
113431  46.920  -57.884  10.818 0.0000000000
113565  50.327  -25.083  -2.370 0.0000000000
113576  43.656  -41.678  -1.886 0.0000000000
113642  51.486  -39.698  2.931 0.0000000000
113660  50.588  -52.487  7.668 0.0000000000
113687  45.605  -2.621  -8.870 0.0000000000
113742  53.157  -9.770  0.498 0.0000000000
113866  49.445  -41.874  -2.263 0.0000000000
113896  44.691  13.907  -11.096 0.0000000000
113913  53.337  -52.230  2.974 0.0000000000
114015  53.268  -49.737  4.588 0.0000000000
114082  46.827  -6.609  -4.141 0.0000000000
114120  44.026  -54.550  13.653 0.0000000000
114124  51.912  -28.652  -4.460 0.0000000000
114137  46.871  -41.370  4.025 0.0000000000
114185  51.069  -35.181  5.011 0.0000000000
114262  54.203  -7.993  -0.512 0.0000000000
114323  45.935  -3.228  -8.835 0.0000000000
114395  43.669  2.692  -9.637 0.0000000000
114398  58.140  -11.684  -0.004 0.0000000000
114401  55.525  -36.545  2.519 0.0000000000
114471  51.494  -25.246  -0.393 0.0000000000
114475  44.650  -36.382  0.679 0.0000000000
114480  43.111  -38.638  -2.782 0.0000000000
114489  50.111  -39.440  2.429 0.0000000000
114594  51.544  -44.420  -2.300 0.0000000000
114600  46.601  0.372  -12.305 0.0000000000
114606  53.756  -55.387  10.117 0.0000000000
114621  46.983  11.292  -10.313 0.0000000000
114756  54.719  -9.329  -4.360 0.0000000000
114879  45.678  -49.008  -2.898 0.0000000000
114919  57.373  -20.125  -3.731 0.0000000000
114979  45.807  -58.439  12.197 0.0000000000
115078  43.302  -43.584  7.169 0.0000000000
115109  46.047  2.034  -12.872 0.0000000000
115175  50.066  -10.408  -4.010 0.0000000000
115198  51.621  -30.510  -3.799 0.0000000000
115204  46.204  2.934  -13.391 0.0000000000
115311  50.384  0.393  -10.447 0.0000000000
115435  41.366  -42.952  3.768 0.0000000000
115444  55.086  -6.165  -1.259 0.0000000000
115463  44.204  -52.082  12.027 0.0000000000
115466  49.267  -29.338  -3.281 0.0000000000
115509  39.812  -49.473  4.039 0.0000000000
115510  46.898  -43.467  4.591 0.0000000000
115530  47.925  -58.126  2.913 0.0000000000
115559  39.104  -45.664  6.053 0.0000000000
115613  47.706  -35.925  -0.389 0.0000000000
115618  49.898  -57.747  11.936 0.0000000000
115643  44.314  12.716  -11.299 0.0000000000
115649  55.678  -7.424  -3.471 0.0000000000
115755  41.593  -49.447  7.837 0.0000000000
115772  48.071  -42.842  3.246 0.0000000000
115831  50.195  -42.816  -3.053 0.0000000000
115855  43.574  -56.898  13.146 0.0000000000
115857  56.557  -13.624  -1.233 0.0000000000
115951  39.083  -49.856  -0.047 0.0000000000
115963  53.545  -54.780  6.142 0.0000000000
116021  39.008  -46.208  5.775 0.0000000000
116025  48.262  -4.941  -5.914 0.0000000000
116099  42.311  -48.879  -2.680 0.0000000000
116115  46.316  -57.369  10.899 0.0000000000
116211  45.110  7.541  -8.029 0.0000000000
116233  46.788  -5.360  -6.870 0.0000000000
116324  48.627  -42.373  2.153 0.0000000000
116325  54.599  -1.843  -5.158 0.0000000000
116341  50.698  -51.920  6.530 0.0000000000
116464  52.005  -24.790  -0.762 0.0000000000
116610  44.187  -55.241  11.403 0.0000000000
116697  48.929  -41.851  0.809 0.0000000000
116727  45.038  8.260  -4.765 0.0000000000
116734  55.682  -41.035  5.371 0.0000000000
116739  51.141  -50.162  3.204 0.0000000000
116829  43.353  -45.617  -3.507 0.0000000000
116835  41.274  5.278  -12.221 0.0000000000
116856  43.483  -35.390  -0.132 0.0000000000
116900  50.593  -45.235  1.217 0.0000000000
117055  51.854  -24.834  -3.744 0.0000000000
117058  43.285  -42.306  0.264 0.0000000000
117066  47.902  -1.625  -10.301 0.0000000000
117117  52.219  -37.815  4.185 0.0000000000
117155  56.184  -37.560  -1.661 0.0000000000
117164  44.448  -51.945  -1.441 0.0000000000
117199  43.520  -41.094  -0.544 0.0000000000
117271  52.227  -56.745  11.311 0.0000000000
117370  51.040  0.125  -9.339 0.0000000000
117392  46.072  -42.791  5.312 0.0000000000
117398  58.623  -16.055  -5.006 0.0000000000
117431  53.443  -25.032  -1.711 0.0000000000
117463  56.526  -5.502  -1.887 0.0000000000
117512  41.160  -50.001  2.594 0.0000000000
117525  52.842  -45.280  1.007 0.0000000000
117542  57.628  -8.337  -1.600 0.0000000000
117644  45.474  -45.981  -2.839 0.0000000000
117813  41.876  -23.720  -2.224 0.0000000000
117844  53.744  -18.036  -3.515 0.0000000000
117856  53.961  -26.898  -2.502 0.0000000000
117884  42.703  -57.959  11.617 0.0000000000
117892  49.145  -58.623  11.226 0.0000000000
117934  43.333  -51.827  1.124 0.0000000000
118041  53.320  -42.445  -0.570 0.0000000000
118093  44.837  -19.119  -0.435 0.0000000000
118104  46.724  -51.000  -0.654 0.0000000000
118137  50.403  -24.537  -2.424 0.0000000000
118139  53.702  -53.113  5.537 0.0000000000
118156  45.796  -18.652  -0.134 0.0000000000
118168  55.202  -10.540  -4.280 0.0000000000
118180  39.245  -55.811  11.967 0.0000000000
118187  53.067  -28.965  -2.717 0.0000000000
118216  53.033  -42.952  3.498 0.0000000000
118319  42.909  2.718  -7.984 0.0000000000
118323  44.460  8.129  -12.501 0.0000000000
118341  46.547  -35.149  -1.172 0.0000000000
118430  46.332  -40.902  4.457 0.0000000000
118457  58.054  -13.010  0.060 0.0000000000
118522  55.558  -37.709  0.627 0.0000000000
118604  51.881  -30.848  -2.119 0.0000000000
118611  50.680  -26.522  3.305 0.0000000000
118644  54.656  -50.930  9.203 0.0000000000
118703  53.731  -11.844  -3.660 0.0000000000
118716  39.004  -47.176  5.401 0.0000000000
118897  48.882  -57.863  10.441 0.0000000000
