#!ascii label , from subject sub-08 vox2ras=TkReg lh ROI=ITG coords=white drawn-with=delineation-helper-0.1.0
2260
22774  -41.553  -71.594  -21.854 0.0000000000
22781  -41.749  -71.613  -22.784 0.0000000000
22782  -42.267  -70.835  -22.885 0.0000000000
22792  -41.645  -71.944  -23.731 0.0000000000
22793  -42.218  -71.125  -23.806 0.0000000000
22803  -41.935  -71.501  -24.572 0.0000000000
22804  -42.375  -70.874  -24.949 0.0000000000
22811  -41.955  -71.342  -25.713 0.0000000000
23779  -42.280  -69.941  -20.901 0.0000000000
23784  -41.912  -70.843  -21.505 0.0000000000
23785  -42.361  -70.116  -21.561 0.0000000000
23791  -41.970  -71.086  -22.233 0.0000000000
23792  -42.325  -70.465  -22.204 0.0000000000
23800  -42.592  -70.335  -23.578 0.0000000000
23807  -42.854  -70.136  -25.303 0.0000000000
23816  -43.027  -70.317  -26.286 0.0000000000
23817  -43.725  -69.850  -26.185 0.0000000000
23818  -45.068  -69.953  -25.902 0.0000000000
23819  -45.598  -70.387  -25.552 0.0000000000
23820  -45.981  -69.981  -25.263 0.0000000000
23826  -44.323  -70.139  -26.348 0.0000000000
24774  -42.516  -69.177  -20.611 0.0000000000
24777  -46.605  -69.225  -20.894 0.0000000000
24778  -47.514  -68.845  -21.121 0.0000000000
24782  -42.651  -69.336  -21.404 0.0000000000
24784  -47.020  -69.393  -21.746 0.0000000000
24785  -47.553  -68.855  -21.753 0.0000000000
24790  -42.740  -69.594  -22.302 0.0000000000
24791  -43.282  -68.826  -22.922 0.0000000000
24792  -47.129  -69.418  -22.555 0.0000000000
24796  -42.935  -69.592  -23.318 0.0000000000
24797  -43.426  -68.958  -23.961 0.0000000000
24798  -46.990  -69.567  -23.364 0.0000000000
24799  -47.218  -69.007  -22.926 0.0000000000
24805  -43.019  -69.737  -24.389 0.0000000000
24806  -43.568  -69.182  -24.996 0.0000000000
24807  -46.017  -69.333  -24.833 0.0000000000
24816  -43.386  -69.703  -25.676 0.0000000000
24817  -43.851  -69.349  -25.671 0.0000000000
24818  -44.452  -69.444  -25.800 0.0000000000
24819  -45.353  -69.476  -25.434 0.0000000000
25640  -44.962  -68.167  -14.003 0.0000000000
25649  -45.399  -68.565  -14.575 0.0000000000
25650  -46.158  -68.333  -14.774 0.0000000000
25651  -46.922  -68.078  -15.041 0.0000000000
25665  -45.720  -68.771  -15.062 0.0000000000
25666  -46.316  -68.561  -15.500 0.0000000000
25667  -47.129  -68.177  -15.763 0.0000000000
25668  -47.885  -67.837  -16.017 0.0000000000
25689  -46.581  -68.528  -16.273 0.0000000000
25690  -47.305  -68.147  -16.548 0.0000000000
25691  -48.083  -67.788  -16.832 0.0000000000
25709  -46.487  -68.501  -17.677 0.0000000000
25710  -47.436  -68.092  -17.522 0.0000000000
25711  -48.427  -67.702  -17.693 0.0000000000
25727  -47.069  -68.296  -18.497 0.0000000000
25728  -48.043  -67.930  -18.478 0.0000000000
25729  -48.796  -67.620  -18.424 0.0000000000
25739  -42.625  -68.315  -19.471 0.0000000000
25740  -43.264  -67.709  -19.948 0.0000000000
25742  -47.794  -68.233  -19.490 0.0000000000
25743  -48.669  -67.730  -19.154 0.0000000000
25748  -42.935  -68.587  -21.142 0.0000000000
25749  -43.310  -67.910  -20.939 0.0000000000
25750  -47.157  -68.685  -20.261 0.0000000000
25751  -48.003  -68.375  -20.563 0.0000000000
25755  -43.103  -68.727  -21.971 0.0000000000
25756  -43.350  -68.140  -21.653 0.0000000000
25757  -47.885  -68.223  -21.574 0.0000000000
25758  -48.258  -68.039  -20.878 0.0000000000
25761  -47.048  -68.287  -22.807 0.0000000000
25762  -47.462  -68.683  -22.282 0.0000000000
25766  -44.343  -67.822  -23.992 0.0000000000
25767  -45.835  -68.113  -23.936 0.0000000000
25768  -46.703  -68.739  -23.550 0.0000000000
25772  -44.200  -68.866  -25.224 0.0000000000
25773  -44.612  -68.342  -24.651 0.0000000000
25774  -46.207  -68.818  -24.269 0.0000000000
25779  -44.866  -68.869  -25.227 0.0000000000
25780  -45.403  -68.545  -24.649 0.0000000000
26568  -44.000  -67.258  -12.895 0.0000000000
26569  -44.918  -67.034  -13.091 0.0000000000
26572  -44.473  -67.709  -13.467 0.0000000000
26573  -45.362  -67.517  -13.625 0.0000000000
26574  -46.210  -67.356  -13.783 0.0000000000
26575  -47.037  -67.171  -13.972 0.0000000000
26581  -45.789  -67.956  -14.184 0.0000000000
26582  -46.593  -67.745  -14.401 0.0000000000
26583  -47.420  -67.537  -14.607 0.0000000000
26584  -48.248  -67.334  -14.792 0.0000000000
26585  -49.073  -67.136  -15.013 0.0000000000
26591  -47.689  -67.755  -15.282 0.0000000000
26592  -48.466  -67.496  -15.499 0.0000000000
26593  -49.215  -67.261  -15.770 0.0000000000
26594  -49.901  -67.024  -16.189 0.0000000000
26605  -48.930  -67.502  -17.018 0.0000000000
26606  -50.505  -66.702  -16.686 0.0000000000
26616  -49.337  -67.384  -17.863 0.0000000000
26617  -50.365  -66.732  -17.551 0.0000000000
26625  -43.230  -67.258  -18.566 0.0000000000
26626  -49.337  -67.354  -18.770 0.0000000000
26627  -49.922  -67.022  -18.274 0.0000000000
26628  -50.299  -66.402  -18.311 0.0000000000
26636  -42.933  -67.742  -19.049 0.0000000000
26637  -43.895  -67.109  -19.794 0.0000000000
26638  -44.361  -66.800  -20.308 0.0000000000
26639  -49.132  -67.341  -19.476 0.0000000000
26640  -49.693  -66.808  -19.106 0.0000000000
26645  -44.645  -66.603  -21.039 0.0000000000
26646  -48.550  -67.359  -20.641 0.0000000000
26648  -43.791  -67.570  -21.779 0.0000000000
26649  -44.400  -66.913  -21.801 0.0000000000
26650  -47.761  -67.314  -21.638 0.0000000000
26651  -48.216  -67.644  -21.164 0.0000000000
26655  -43.633  -67.957  -22.501 0.0000000000
26656  -44.167  -67.329  -22.531 0.0000000000
26657  -45.838  -66.917  -22.949 0.0000000000
26658  -46.654  -67.341  -22.626 0.0000000000
26659  -47.434  -67.842  -22.195 0.0000000000
26663  -43.749  -68.186  -23.561 0.0000000000
26664  -45.444  -67.323  -23.522 0.0000000000
26665  -46.288  -67.749  -23.277 0.0000000000
26671  -45.034  -67.741  -24.145 0.0000000000
27553  -45.052  -66.002  -12.038 0.0000000000
27557  -44.517  -66.597  -12.482 0.0000000000
27558  -45.428  -66.447  -12.650 0.0000000000
27559  -46.311  -66.337  -12.827 0.0000000000
27560  -47.037  -66.314  -13.026 0.0000000000
27565  -45.801  -66.884  -13.249 0.0000000000
27566  -46.639  -66.770  -13.398 0.0000000000
27567  -47.449  -66.600  -13.541 0.0000000000
27568  -48.268  -66.378  -13.682 0.0000000000
27569  -49.129  -66.134  -13.879 0.0000000000
27578  -47.878  -66.970  -14.152 0.0000000000
27579  -48.728  -66.762  -14.346 0.0000000000
27580  -49.640  -66.509  -14.614 0.0000000000
27581  -50.378  -66.371  -15.058 0.0000000000
27588  -49.815  -66.837  -15.394 0.0000000000
27589  -50.528  -66.560  -15.839 0.0000000000
27590  -51.170  -66.151  -16.358 0.0000000000
27602  -50.874  -66.348  -17.051 0.0000000000
27603  -51.231  -65.950  -17.009 0.0000000000
27611  -43.491  -66.742  -17.906 0.0000000000
27613  -50.837  -66.093  -17.602 0.0000000000
27620  -43.919  -66.866  -18.868 0.0000000000
27621  -44.711  -66.373  -18.746 0.0000000000
27622  -45.363  -66.095  -19.528 0.0000000000
27623  -50.093  -65.969  -19.015 0.0000000000
27624  -50.742  -65.552  -18.304 0.0000000000
27634  -44.952  -66.391  -20.318 0.0000000000
27635  -49.110  -66.964  -20.027 0.0000000000
27636  -49.487  -66.122  -19.680 0.0000000000
27645  -48.660  -66.637  -20.605 0.0000000000
27650  -45.137  -66.334  -21.863 0.0000000000
27651  -46.660  -65.978  -21.904 0.0000000000
27652  -47.440  -66.344  -21.633 0.0000000000
27653  -48.175  -66.747  -21.150 0.0000000000
27657  -44.842  -66.684  -22.634 0.0000000000
27658  -45.552  -66.430  -22.472 0.0000000000
27659  -46.221  -66.456  -22.399 0.0000000000
27660  -47.036  -66.863  -22.081 0.0000000000
27664  -44.715  -67.187  -23.417 0.0000000000
27665  -45.227  -66.795  -23.066 0.0000000000
28662  -45.147  -65.081  -10.901 0.0000000000
28675  -45.549  -65.445  -11.577 0.0000000000
28676  -46.417  -65.258  -11.791 0.0000000000
28677  -47.236  -65.007  -11.968 0.0000000000
28687  -45.958  -65.856  -12.235 0.0000000000
28688  -46.974  -65.739  -12.470 0.0000000000
28689  -48.758  -65.079  -12.881 0.0000000000
28695  -47.725  -66.010  -13.069 0.0000000000
28696  -48.550  -65.700  -13.255 0.0000000000
28697  -49.450  -65.314  -13.479 0.0000000000
28698  -50.349  -65.207  -13.992 0.0000000000
28707  -49.928  -65.878  -14.188 0.0000000000
28708  -50.668  -65.768  -14.668 0.0000000000
28709  -51.432  -65.361  -15.091 0.0000000000
28718  -51.066  -66.025  -15.454 0.0000000000
28719  -51.692  -65.553  -15.871 0.0000000000
28720  -52.095  -64.990  -16.247 0.0000000000
28730  -51.632  -65.522  -16.623 0.0000000000
28739  -51.354  -65.423  -17.423 0.0000000000
28751  -45.470  -65.901  -18.480 0.0000000000
28752  -46.165  -65.543  -19.149 0.0000000000
28753  -51.252  -64.967  -18.012 0.0000000000
28762  -46.055  -65.558  -20.153 0.0000000000
28763  -49.233  -65.192  -20.256 0.0000000000
28764  -50.293  -65.090  -19.191 0.0000000000
28770  -45.941  -65.612  -21.011 0.0000000000
28771  -46.612  -65.145  -20.859 0.0000000000
28772  -48.307  -65.844  -20.934 0.0000000000
28773  -48.516  -64.950  -20.889 0.0000000000
28777  -45.781  -65.899  -21.683 0.0000000000
28778  -46.500  -65.576  -21.472 0.0000000000
28779  -47.166  -65.493  -21.517 0.0000000000
28782  -46.031  -65.970  -22.080 0.0000000000
29792  -45.491  -64.494  -10.431 0.0000000000
29793  -46.949  -63.890  -11.021 0.0000000000
29794  -47.653  -63.603  -11.314 0.0000000000
29798  -45.943  -64.854  -11.139 0.0000000000
29799  -46.710  -64.606  -11.380 0.0000000000
29800  -47.417  -64.333  -11.598 0.0000000000
29801  -48.090  -64.081  -11.851 0.0000000000
29816  -48.460  -64.577  -12.391 0.0000000000
29817  -49.324  -64.410  -12.849 0.0000000000
29829  -50.019  -64.644  -13.467 0.0000000000
29830  -50.757  -64.344  -13.957 0.0000000000
29831  -51.243  -63.768  -14.324 0.0000000000
29840  -50.996  -65.066  -14.471 0.0000000000
29841  -51.520  -64.475  -14.779 0.0000000000
29850  -51.963  -64.852  -15.570 0.0000000000
29851  -52.294  -64.437  -16.004 0.0000000000
29861  -51.909  -64.901  -16.957 0.0000000000
29862  -52.248  -64.336  -16.619 0.0000000000
29877  -51.633  -64.765  -17.570 0.0000000000
29878  -52.028  -64.136  -17.447 0.0000000000
29889  -46.942  -64.967  -18.819 0.0000000000
29890  -47.549  -64.339  -18.974 0.0000000000
29891  -50.907  -64.639  -18.709 0.0000000000
29900  -46.712  -65.003  -19.964 0.0000000000
29901  -47.340  -64.375  -19.926 0.0000000000
29902  -49.700  -64.578  -20.008 0.0000000000
29903  -50.360  -64.169  -19.612 0.0000000000
29904  -51.199  -63.603  -19.165 0.0000000000
29912  -47.258  -64.586  -20.749 0.0000000000
29913  -47.676  -64.442  -21.068 0.0000000000
29914  -48.163  -64.145  -21.059 0.0000000000
29915  -48.916  -64.024  -20.848 0.0000000000
29916  -49.644  -63.607  -20.524 0.0000000000
29921  -47.193  -64.954  -21.228 0.0000000000
29922  -47.762  -64.948  -21.270 0.0000000000
30916  -45.809  -63.865  -9.995 0.0000000000
30917  -46.521  -63.506  -10.325 0.0000000000
30918  -47.255  -63.152  -10.668 0.0000000000
30919  -47.939  -62.865  -11.088 0.0000000000
30924  -48.344  -63.331  -11.626 0.0000000000
30925  -49.064  -62.921  -11.956 0.0000000000
30939  -48.793  -63.793  -12.207 0.0000000000
30940  -49.539  -63.449  -12.574 0.0000000000
30941  -50.173  -62.978  -12.938 0.0000000000
30952  -50.119  -63.850  -13.213 0.0000000000
30953  -50.780  -63.242  -13.708 0.0000000000
30954  -51.340  -63.054  -14.474 0.0000000000
30961  -51.628  -63.685  -14.835 0.0000000000
30970  -52.059  -63.977  -15.477 0.0000000000
30971  -52.335  -63.787  -16.242 0.0000000000
30981  -52.381  -63.582  -17.010 0.0000000000
30992  -48.069  -63.890  -18.453 0.0000000000
30993  -48.647  -63.138  -18.367 0.0000000000
30994  -51.861  -63.668  -18.212 0.0000000000
30995  -52.279  -63.275  -17.801 0.0000000000
31003  -47.872  -63.747  -19.805 0.0000000000
31004  -48.437  -63.233  -19.520 0.0000000000
31005  -51.993  -62.953  -18.656 0.0000000000
31012  -48.438  -63.326  -20.512 0.0000000000
31017  -47.883  -63.909  -20.737 0.0000000000
31018  -48.576  -63.507  -20.887 0.0000000000
31019  -49.104  -63.077  -20.983 0.0000000000
31020  -49.802  -62.849  -20.703 0.0000000000
31957  -47.084  -61.978  -9.536 0.0000000000
31966  -46.804  -62.736  -9.955 0.0000000000
31967  -47.624  -62.275  -10.391 0.0000000000
31968  -48.334  -62.202  -11.030 0.0000000000
31978  -48.951  -62.198  -11.513 0.0000000000
31979  -49.517  -62.191  -12.071 0.0000000000
31992  -50.073  -62.237  -12.649 0.0000000000
31993  -50.524  -62.349  -13.307 0.0000000000
32011  -50.942  -62.355  -14.055 0.0000000000
32012  -51.349  -62.190  -14.925 0.0000000000
32021  -51.824  -62.510  -15.829 0.0000000000
32022  -52.120  -63.281  -15.861 0.0000000000
32030  -51.957  -62.053  -16.523 0.0000000000
32031  -52.295  -62.918  -16.616 0.0000000000
32037  -49.108  -62.437  -18.257 0.0000000000
32046  -48.902  -62.607  -19.443 0.0000000000
32047  -49.368  -61.960  -19.231 0.0000000000
32055  -49.317  -62.316  -20.406 0.0000000000
32056  -50.656  -62.781  -20.210 0.0000000000
32057  -51.490  -62.599  -19.584 0.0000000000
32058  -52.183  -62.154  -19.178 0.0000000000
32064  -48.945  -62.898  -20.879 0.0000000000
32065  -49.496  -62.538  -20.718 0.0000000000
32066  -50.151  -62.219  -20.700 0.0000000000
32067  -50.977  -62.057  -20.410 0.0000000000
33057  -48.273  -61.554  -10.562 0.0000000000
33070  -48.752  -61.661  -11.131 0.0000000000
33071  -49.344  -61.451  -11.628 0.0000000000
33085  -49.884  -61.562  -12.343 0.0000000000
33086  -50.346  -61.614  -12.963 0.0000000000
33097  -50.653  -61.657  -13.680 0.0000000000
33102  -50.916  -61.677  -14.333 0.0000000000
33113  -51.468  -61.451  -15.856 0.0000000000
33122  -51.855  -61.269  -16.900 0.0000000000
33123  -52.320  -62.084  -17.425 0.0000000000
33131  -49.448  -61.198  -17.672 0.0000000000
33132  -52.232  -61.149  -17.876 0.0000000000
33133  -52.440  -61.692  -18.295 0.0000000000
33142  -49.660  -61.256  -18.820 0.0000000000
33143  -52.461  -61.602  -18.991 0.0000000000
33154  -49.805  -61.389  -20.105 0.0000000000
33155  -50.429  -61.120  -20.598 0.0000000000
33156  -52.128  -61.436  -19.847 0.0000000000
33163  -49.899  -61.843  -20.679 0.0000000000
33164  -50.565  -61.541  -20.607 0.0000000000
33165  -51.345  -61.365  -20.498 0.0000000000
33166  -51.838  -60.601  -20.562 0.0000000000
34078  -48.867  -60.891  -10.896 0.0000000000
34092  -50.137  -60.916  -12.653 0.0000000000
34100  -50.445  -60.944  -13.364 0.0000000000
34109  -50.707  -61.002  -14.121 0.0000000000
34110  -51.014  -61.184  -14.899 0.0000000000
34128  -51.493  -60.469  -16.384 0.0000000000
34135  -49.775  -60.543  -18.244 0.0000000000
34136  -51.873  -60.384  -17.345 0.0000000000
34137  -52.267  -60.273  -18.378 0.0000000000
34143  -50.057  -60.661  -19.447 0.0000000000
34144  -50.428  -60.064  -19.992 0.0000000000
34145  -52.478  -60.175  -19.423 0.0000000000
34153  -52.298  -60.071  -20.368 0.0000000000
34161  -50.858  -60.260  -20.698 0.0000000000
34162  -51.481  -59.968  -20.792 0.0000000000
34163  -51.932  -59.837  -20.821 0.0000000000
35072  -48.822  -59.558  -16.070 0.0000000000
35073  -49.330  -59.629  -16.836 0.0000000000
35074  -51.631  -59.599  -16.790 0.0000000000
35085  -49.742  -59.756  -17.762 0.0000000000
35086  -50.144  -59.169  -18.343 0.0000000000
35087  -51.974  -59.495  -17.766 0.0000000000
35088  -52.400  -59.270  -19.017 0.0000000000
35100  -50.184  -59.940  -18.821 0.0000000000
35101  -50.488  -59.314  -19.462 0.0000000000
35115  -50.869  -59.462  -20.462 0.0000000000
35116  -52.440  -59.422  -20.250 0.0000000000
35127  -51.448  -58.894  -20.809 0.0000000000
35128  -51.840  -59.229  -20.955 0.0000000000
35129  -52.112  -59.465  -20.807 0.0000000000
35906  -44.912  -58.172  -11.093 0.0000000000
35929  -46.025  -58.444  -12.563 0.0000000000
35938  -46.569  -58.384  -13.124 0.0000000000
35939  -47.126  -58.368  -13.682 0.0000000000
35957  -47.698  -58.353  -14.396 0.0000000000
35958  -48.205  -58.651  -15.083 0.0000000000
35979  -48.701  -58.776  -15.743 0.0000000000
35996  -49.211  -58.846  -16.461 0.0000000000
35997  -49.493  -58.108  -16.858 0.0000000000
36014  -49.878  -58.129  -17.554 0.0000000000
36015  -50.363  -57.806  -18.337 0.0000000000
36027  -52.487  -58.200  -19.091 0.0000000000
36036  -51.460  -58.117  -20.670 0.0000000000
36037  -51.952  -58.266  -21.073 0.0000000000
36038  -52.511  -58.570  -20.217 0.0000000000
36051  -52.150  -58.813  -20.929 0.0000000000
36934  -44.849  -57.543  -10.576 0.0000000000
36935  -45.351  -57.508  -11.245 0.0000000000
36947  -46.337  -56.901  -12.199 0.0000000000
36953  -45.825  -57.721  -11.975 0.0000000000
36954  -46.437  -57.646  -12.657 0.0000000000
36965  -46.964  -57.620  -13.280 0.0000000000
36966  -47.473  -57.597  -13.869 0.0000000000
36969  -56.085  -57.479  -14.281 0.0000000000
36970  -56.969  -57.992  -14.509 0.0000000000
36971  -57.736  -58.110  -14.547 0.0000000000
36972  -58.347  -57.832  -14.431 0.0000000000
36988  -47.968  -57.418  -14.467 0.0000000000
36989  -48.449  -57.266  -15.074 0.0000000000
36991  -56.839  -57.857  -15.184 0.0000000000
36992  -57.650  -58.259  -15.158 0.0000000000
36993  -58.248  -58.186  -15.047 0.0000000000
37004  -48.933  -57.283  -15.734 0.0000000000
37005  -49.315  -56.601  -16.064 0.0000000000
37007  -57.040  -57.317  -16.071 0.0000000000
37008  -57.519  -57.858  -15.625 0.0000000000
37009  -58.011  -57.935  -15.619 0.0000000000
37015  -49.068  -58.071  -16.094 0.0000000000
37016  -49.394  -57.364  -16.443 0.0000000000
37029  -49.890  -57.352  -17.304 0.0000000000
37043  -50.818  -57.113  -19.138 0.0000000000
37044  -52.576  -57.573  -20.277 0.0000000000
37052  -51.403  -57.307  -20.347 0.0000000000
37053  -51.871  -57.555  -20.995 0.0000000000
37054  -52.196  -57.952  -20.951 0.0000000000
37064  -52.083  -57.367  -21.037 0.0000000000
37928  -45.176  -56.199  -9.840 0.0000000000
37941  -45.372  -56.688  -10.668 0.0000000000
37942  -45.984  -56.040  -11.114 0.0000000000
37953  -45.847  -56.822  -11.515 0.0000000000
37954  -46.386  -56.179  -11.806 0.0000000000
37962  -46.718  -56.280  -12.374 0.0000000000
37963  -47.117  -56.055  -12.722 0.0000000000
37969  -55.280  -56.707  -12.996 0.0000000000
37970  -56.195  -56.959  -13.203 0.0000000000
37971  -57.136  -56.675  -13.125 0.0000000000
37972  -58.655  -56.552  -13.267 0.0000000000
37973  -59.368  -56.617  -13.490 0.0000000000
37988  -46.898  -56.797  -12.875 0.0000000000
37989  -47.482  -56.197  -13.364 0.0000000000
37990  -48.012  -55.986  -14.077 0.0000000000
37995  -54.008  -56.107  -13.469 0.0000000000
37996  -55.792  -57.181  -13.616 0.0000000000
37997  -56.997  -57.663  -13.816 0.0000000000
37998  -57.954  -57.323  -13.714 0.0000000000
37999  -58.822  -57.235  -13.905 0.0000000000
38000  -59.468  -56.883  -13.929 0.0000000000
38001  -60.162  -56.465  -13.861 0.0000000000
38016  -47.729  -56.783  -13.986 0.0000000000
38017  -48.256  -56.599  -14.591 0.0000000000
38019  -53.365  -55.835  -14.895 0.0000000000
38020  -54.285  -56.117  -14.254 0.0000000000
38021  -56.042  -57.151  -14.969 0.0000000000
38022  -58.795  -57.539  -14.534 0.0000000000
38023  -59.408  -56.922  -14.504 0.0000000000
38032  -48.802  -56.395  -15.317 0.0000000000
38033  -49.355  -55.839  -15.782 0.0000000000
38035  -52.771  -56.039  -15.678 0.0000000000
38036  -53.586  -55.771  -15.771 0.0000000000
38037  -54.432  -55.903  -15.245 0.0000000000
38038  -55.546  -56.318  -15.547 0.0000000000
38039  -56.393  -57.028  -15.609 0.0000000000
38040  -58.637  -57.486  -15.293 0.0000000000
38041  -59.331  -56.580  -15.105 0.0000000000
38046  -49.723  -56.024  -16.478 0.0000000000
38047  -50.703  -55.632  -17.794 0.0000000000
38050  -53.094  -55.944  -16.603 0.0000000000
38051  -56.332  -56.351  -16.441 0.0000000000
38052  -57.083  -56.632  -16.876 0.0000000000
38053  -57.586  -57.057  -16.353 0.0000000000
38054  -58.156  -56.996  -16.228 0.0000000000
38060  -50.201  -56.333  -17.344 0.0000000000
38061  -50.800  -56.253  -18.532 0.0000000000
38063  -53.114  -56.064  -17.688 0.0000000000
38064  -57.267  -56.074  -17.482 0.0000000000
38072  -51.369  -56.470  -19.873 0.0000000000
38073  -52.070  -55.170  -20.190 0.0000000000
38074  -52.825  -56.756  -19.704 0.0000000000
38083  -51.960  -56.683  -20.891 0.0000000000
38084  -52.616  -56.606  -20.691 0.0000000000
38085  -53.245  -56.065  -20.391 0.0000000000
38091  -52.468  -56.408  -20.794 0.0000000000
38092  -53.104  -55.758  -21.003 0.0000000000
38968  -45.481  -55.555  -9.741 0.0000000000
38969  -45.928  -55.138  -10.054 0.0000000000
38983  -45.665  -55.805  -10.387 0.0000000000
38984  -46.234  -55.352  -10.758 0.0000000000
38995  -46.550  -55.491  -11.459 0.0000000000
38996  -47.520  -54.846  -12.258 0.0000000000
39004  -58.913  -55.211  -12.118 0.0000000000
39005  -60.153  -55.553  -12.076 0.0000000000
39006  -60.939  -55.817  -12.569 0.0000000000
39009  -46.936  -55.580  -12.194 0.0000000000
39010  -47.482  -55.478  -12.838 0.0000000000
39016  -57.414  -55.722  -12.553 0.0000000000
39017  -58.343  -55.743  -12.641 0.0000000000
39018  -59.460  -56.020  -12.798 0.0000000000
39019  -61.510  -55.400  -12.969 0.0000000000
39031  -47.935  -55.410  -13.504 0.0000000000
39032  -48.441  -55.311  -14.129 0.0000000000
39033  -60.179  -56.284  -13.265 0.0000000000
39034  -60.835  -55.965  -13.352 0.0000000000
39044  -49.034  -55.537  -15.166 0.0000000000
39045  -49.286  -54.958  -14.929 0.0000000000
39046  -60.029  -56.075  -14.572 0.0000000000
39047  -60.627  -55.924  -13.964 0.0000000000
39052  -49.555  -55.187  -15.555 0.0000000000
39053  -50.082  -54.943  -16.031 0.0000000000
39054  -53.945  -55.689  -16.487 0.0000000000
39055  -54.795  -55.748  -16.209 0.0000000000
39056  -58.852  -56.301  -15.813 0.0000000000
39057  -59.535  -55.603  -15.377 0.0000000000
39062  -49.780  -55.442  -16.127 0.0000000000
39063  -50.287  -55.414  -16.820 0.0000000000
39064  -53.726  -55.722  -17.408 0.0000000000
39065  -54.572  -55.595  -17.307 0.0000000000
39066  -55.576  -55.694  -17.049 0.0000000000
39067  -56.649  -55.816  -17.768 0.0000000000
39068  -57.732  -56.193  -17.144 0.0000000000
39069  -58.401  -55.656  -16.774 0.0000000000
39070  -59.092  -55.077  -16.105 0.0000000000
39076  -51.213  -55.276  -18.366 0.0000000000
39077  -53.623  -55.766  -18.304 0.0000000000
39078  -54.280  -55.535  -18.444 0.0000000000
39079  -57.431  -55.510  -18.114 0.0000000000
39080  -57.906  -55.415  -17.634 0.0000000000
39085  -51.392  -55.657  -19.286 0.0000000000
39086  -51.634  -55.042  -19.115 0.0000000000
39087  -53.821  -55.633  -19.457 0.0000000000
39088  -54.810  -55.322  -19.890 0.0000000000
39089  -55.857  -55.263  -19.731 0.0000000000
39090  -56.495  -55.112  -19.567 0.0000000000
39091  -57.191  -54.878  -19.033 0.0000000000
39096  -52.761  -55.012  -20.980 0.0000000000
39097  -53.820  -55.367  -20.685 0.0000000000
39098  -54.527  -55.084  -20.751 0.0000000000
39099  -55.306  -55.076  -20.377 0.0000000000
39100  -55.924  -55.028  -20.136 0.0000000000
39101  -52.454  -55.762  -20.814 0.0000000000
39102  -53.036  -55.430  -21.098 0.0000000000
39103  -53.671  -55.097  -21.080 0.0000000000
39104  -54.322  -54.851  -20.911 0.0000000000
39105  -54.866  -54.856  -20.691 0.0000000000
39981  -61.411  -54.874  -10.409 0.0000000000
39992  -46.508  -54.749  -10.412 0.0000000000
39993  -46.913  -54.209  -10.031 0.0000000000
39997  -60.949  -55.017  -10.405 0.0000000000
39998  -61.352  -55.178  -10.928 0.0000000000
39999  -61.633  -54.933  -11.098 0.0000000000
40005  -46.767  -54.900  -11.095 0.0000000000
40006  -47.381  -54.499  -11.348 0.0000000000
40007  -48.024  -54.237  -11.839 0.0000000000
40009  -57.514  -54.558  -11.450 0.0000000000
40010  -58.480  -54.560  -11.401 0.0000000000
40011  -60.512  -55.159  -11.195 0.0000000000
40012  -61.143  -55.446  -11.664 0.0000000000
40013  -61.789  -54.793  -11.959 0.0000000000
40019  -48.241  -54.490  -12.642 0.0000000000
40020  -48.963  -54.208  -12.981 0.0000000000
40021  -57.876  -54.984  -12.090 0.0000000000
40022  -61.567  -55.285  -12.155 0.0000000000
40023  -61.913  -54.664  -12.724 0.0000000000
40039  -47.899  -54.953  -12.975 0.0000000000
40040  -48.489  -54.758  -13.501 0.0000000000
40041  -49.250  -54.375  -13.792 0.0000000000
40042  -49.978  -54.093  -14.024 0.0000000000
40043  -61.171  -55.203  -13.846 0.0000000000
40044  -61.771  -54.485  -13.490 0.0000000000
40053  -48.942  -54.815  -14.290 0.0000000000
40054  -49.593  -54.525  -14.545 0.0000000000
40055  -50.383  -54.257  -14.830 0.0000000000
40056  -51.203  -53.871  -14.627 0.0000000000
40057  -60.132  -55.006  -15.021 0.0000000000
40058  -60.749  -54.385  -14.689 0.0000000000
40059  -61.423  -54.215  -14.170 0.0000000000
40064  -49.869  -54.698  -15.290 0.0000000000
40065  -50.531  -54.536  -15.738 0.0000000000
40066  -51.339  -54.321  -16.251 0.0000000000
40067  -59.659  -54.530  -15.643 0.0000000000
40068  -60.189  -54.138  -15.331 0.0000000000
40072  -50.708  -54.746  -16.620 0.0000000000
40073  -51.389  -54.569  -17.341 0.0000000000
40074  -51.882  -54.248  -17.100 0.0000000000
40075  -58.729  -54.447  -16.745 0.0000000000
40076  -59.242  -53.983  -16.213 0.0000000000
40081  -50.932  -55.000  -17.527 0.0000000000
40082  -51.549  -54.775  -18.325 0.0000000000
40083  -52.129  -54.342  -18.270 0.0000000000
40084  -57.758  -54.760  -18.198 0.0000000000
40085  -58.249  -54.666  -17.454 0.0000000000
40091  -52.091  -54.656  -19.405 0.0000000000
40092  -52.765  -54.294  -19.738 0.0000000000
40093  -56.599  -54.594  -19.601 0.0000000000
40099  -52.543  -54.691  -20.361 0.0000000000
40100  -53.039  -54.566  -20.809 0.0000000000
40101  -53.759  -54.600  -20.915 0.0000000000
40102  -54.737  -54.456  -20.551 0.0000000000
40103  -55.458  -54.750  -20.383 0.0000000000
40104  -56.115  -54.687  -20.034 0.0000000000
40107  -53.244  -54.921  -21.141 0.0000000000
41016  -61.138  -54.579  -9.724 0.0000000000
41017  -61.360  -54.532  -9.943 0.0000000000
41029  -47.500  -54.048  -10.554 0.0000000000
41030  -48.283  -53.507  -10.392 0.0000000000
41032  -61.522  -54.576  -10.781 0.0000000000
41035  -47.924  -53.996  -11.117 0.0000000000
41036  -48.552  -53.740  -11.324 0.0000000000
41037  -49.316  -53.487  -11.592 0.0000000000
41038  -61.783  -54.022  -12.006 0.0000000000
41043  -48.732  -53.971  -12.159 0.0000000000
41044  -49.478  -53.717  -12.431 0.0000000000
41045  -50.226  -53.483  -12.643 0.0000000000
41046  -50.988  -53.264  -12.797 0.0000000000
41048  -62.153  -53.931  -12.715 0.0000000000
41049  -62.688  -53.053  -13.152 0.0000000000
41062  -49.697  -53.909  -13.250 0.0000000000
41063  -50.460  -53.679  -13.440 0.0000000000
41064  -52.275  -53.139  -13.515 0.0000000000
41065  -52.927  -53.208  -14.092 0.0000000000
41066  -62.257  -53.739  -13.323 0.0000000000
41072  -50.650  -53.873  -14.138 0.0000000000
41073  -52.056  -53.540  -14.359 0.0000000000
41074  -53.560  -53.190  -14.630 0.0000000000
41075  -54.152  -53.144  -15.098 0.0000000000
41076  -61.190  -53.468  -14.592 0.0000000000
41077  -61.903  -53.535  -14.009 0.0000000000
41083  -51.863  -53.875  -15.353 0.0000000000
41084  -52.189  -53.996  -16.327 0.0000000000
41085  -53.451  -53.486  -15.459 0.0000000000
41086  -54.680  -53.205  -15.736 0.0000000000
41087  -55.535  -53.183  -16.472 0.0000000000
41088  -59.237  -53.181  -16.018 0.0000000000
41089  -59.778  -53.610  -15.687 0.0000000000
41090  -60.451  -53.457  -15.192 0.0000000000
41094  -52.587  -54.011  -17.312 0.0000000000
41095  -53.588  -53.710  -17.362 0.0000000000
41096  -54.603  -53.488  -16.857 0.0000000000
41097  -56.523  -53.277  -17.255 0.0000000000
41098  -57.448  -53.300  -17.246 0.0000000000
41099  -58.118  -53.459  -17.175 0.0000000000
41100  -58.667  -53.469  -16.626 0.0000000000
41106  -52.996  -53.972  -18.477 0.0000000000
41107  -54.513  -53.594  -18.070 0.0000000000
41108  -56.355  -53.636  -18.614 0.0000000000
41109  -57.200  -53.657  -18.211 0.0000000000
41110  -58.085  -54.065  -17.856 0.0000000000
41111  -58.450  -53.959  -17.228 0.0000000000
41117  -53.517  -53.910  -19.521 0.0000000000
41118  -54.381  -53.697  -19.277 0.0000000000
41119  -56.042  -53.854  -19.624 0.0000000000
41120  -56.863  -54.091  -19.226 0.0000000000
41121  -57.533  -54.191  -18.470 0.0000000000
41125  -54.071  -53.946  -20.183 0.0000000000
41126  -55.657  -54.274  -20.133 0.0000000000
41127  -56.275  -54.258  -19.777 0.0000000000
42086  -61.700  -54.318  -9.242 0.0000000000
42098  -61.262  -53.664  -10.501 0.0000000000
42105  -61.582  -53.301  -11.648 0.0000000000
42106  -62.402  -52.935  -12.546 0.0000000000
42107  -63.289  -52.088  -12.836 0.0000000000
42116  -62.482  -53.274  -12.817 0.0000000000
42117  -63.063  -52.516  -13.016 0.0000000000
42131  -55.328  -52.113  -14.001 0.0000000000
42132  -56.161  -51.906  -14.114 0.0000000000
42133  -59.756  -52.133  -14.074 0.0000000000
42134  -61.117  -52.532  -14.270 0.0000000000
42135  -62.448  -52.907  -13.723 0.0000000000
42136  -62.987  -52.338  -13.397 0.0000000000
42143  -53.674  -52.771  -13.926 0.0000000000
42144  -54.252  -52.769  -14.435 0.0000000000
42145  -55.294  -52.453  -14.624 0.0000000000
42146  -56.429  -52.227  -14.823 0.0000000000
42147  -57.301  -52.246  -15.041 0.0000000000
42148  -58.962  -52.257  -14.693 0.0000000000
42149  -60.051  -52.631  -14.981 0.0000000000
42150  -60.773  -52.970  -14.868 0.0000000000
42151  -61.726  -52.912  -14.273 0.0000000000
42159  -54.814  -52.766  -14.921 0.0000000000
42160  -55.673  -52.636  -15.366 0.0000000000
42161  -56.711  -52.519  -15.611 0.0000000000
42162  -57.588  -52.605  -15.831 0.0000000000
42163  -58.441  -52.845  -16.105 0.0000000000
42164  -59.958  -53.008  -15.484 0.0000000000
42170  -56.292  -52.861  -16.204 0.0000000000
42171  -57.072  -52.851  -16.444 0.0000000000
42172  -57.820  -52.983  -16.562 0.0000000000
42173  -58.254  -53.137  -16.614 0.0000000000
43130  -60.655  -52.665  -9.877 0.0000000000
43145  -60.087  -51.424  -9.848 0.0000000000
43146  -60.727  -51.943  -10.769 0.0000000000
43155  -61.799  -51.751  -11.604 0.0000000000
43156  -63.225  -51.635  -12.425 0.0000000000
43157  -63.838  -51.509  -12.993 0.0000000000
43168  -57.253  -51.227  -12.834 0.0000000000
43169  -58.425  -51.335  -12.908 0.0000000000
43170  -59.621  -51.305  -12.840 0.0000000000
43171  -61.026  -51.283  -13.119 0.0000000000
43172  -62.725  -51.385  -13.491 0.0000000000
43173  -63.605  -51.408  -13.265 0.0000000000
43184  -56.679  -51.566  -13.502 0.0000000000
43185  -57.640  -51.610  -13.616 0.0000000000
43186  -58.651  -51.797  -13.819 0.0000000000
43187  -60.475  -51.832  -13.577 0.0000000000
43188  -61.957  -51.939  -13.765 0.0000000000
43189  -63.002  -51.815  -13.526 0.0000000000
43199  -57.008  -51.878  -14.275 0.0000000000
43200  -57.941  -51.987  -14.461 0.0000000000
44138  -59.812  -50.464  -9.657 0.0000000000
44139  -60.487  -50.850  -10.443 0.0000000000
44140  -61.607  -50.397  -10.982 0.0000000000
44150  -59.145  -50.062  -11.941 0.0000000000
44151  -61.268  -51.153  -11.129 0.0000000000
44152  -62.605  -51.033  -11.664 0.0000000000
44153  -63.986  -50.857  -12.535 0.0000000000
44154  -64.289  -50.255  -12.630 0.0000000000
44162  -57.759  -50.713  -12.260 0.0000000000
44163  -58.806  -50.693  -12.329 0.0000000000
44164  -59.960  -50.646  -12.475 0.0000000000
44165  -61.526  -50.420  -12.727 0.0000000000
44166  -63.540  -50.864  -13.342 0.0000000000
44167  -64.061  -50.808  -13.091 0.0000000000
45041  -59.696  -49.383  -9.510 0.0000000000
45042  -60.551  -49.044  -10.186 0.0000000000
45053  -60.483  -49.897  -10.324 0.0000000000
45054  -61.925  -49.418  -10.741 0.0000000000
45055  -63.713  -49.390  -11.414 0.0000000000
45062  -60.501  -49.414  -12.214 0.0000000000
45063  -63.221  -50.242  -11.580 0.0000000000
45064  -64.437  -50.016  -12.129 0.0000000000
45065  -64.599  -49.508  -12.227 0.0000000000
45071  -61.537  -49.487  -12.464 0.0000000000
45072  -63.067  -49.987  -12.959 0.0000000000
45073  -64.257  -50.151  -12.832 0.0000000000
45880  -44.829  -48.436  -9.149 0.0000000000
45881  -45.296  -48.459  -9.463 0.0000000000
45882  -45.900  -48.443  -9.705 0.0000000000
45883  -46.628  -48.244  -9.678 0.0000000000
45890  -59.976  -48.266  -9.792 0.0000000000
45902  -61.226  -48.372  -10.358 0.0000000000
45903  -62.701  -48.533  -10.744 0.0000000000
45904  -64.141  -48.563  -11.306 0.0000000000
45905  -64.996  -48.531  -11.783 0.0000000000
45912  -60.876  -48.646  -12.253 0.0000000000
45913  -64.808  -49.234  -11.898 0.0000000000
45914  -65.101  -48.786  -12.062 0.0000000000
45920  -62.043  -48.882  -12.463 0.0000000000
45921  -63.380  -49.125  -12.604 0.0000000000
45922  -64.504  -49.167  -12.417 0.0000000000
45923  -64.984  -48.876  -12.157 0.0000000000
46694  -43.619  -47.779  -8.393 0.0000000000
46695  -44.332  -48.071  -8.954 0.0000000000
46696  -47.621  -47.866  -9.121 0.0000000000
46709  -44.846  -48.167  -9.674 0.0000000000
46710  -45.381  -48.228  -10.217 0.0000000000
46711  -45.932  -48.352  -10.698 0.0000000000
46712  -47.054  -47.991  -10.140 0.0000000000
46713  -48.186  -47.489  -9.620 0.0000000000
46721  -60.698  -47.451  -10.173 0.0000000000
46729  -45.550  -48.062  -10.813 0.0000000000
46730  -45.979  -48.156  -11.482 0.0000000000
46731  -46.483  -48.230  -11.350 0.0000000000
46732  -47.651  -47.694  -10.610 0.0000000000
46737  -61.899  -47.561  -10.495 0.0000000000
46738  -63.315  -47.664  -10.805 0.0000000000
46739  -64.584  -47.756  -11.365 0.0000000000
46742  -46.470  -48.151  -12.082 0.0000000000
46743  -47.164  -48.198  -11.893 0.0000000000
46749  -65.258  -47.880  -11.937 0.0000000000
46750  -65.182  -48.338  -12.035 0.0000000000
46758  -46.883  -48.188  -12.745 0.0000000000
46759  -47.481  -48.170  -12.665 0.0000000000
46760  -48.029  -48.212  -13.205 0.0000000000
46764  -62.197  -47.303  -12.650 0.0000000000
46765  -63.526  -48.137  -12.505 0.0000000000
46766  -64.767  -47.931  -12.353 0.0000000000
46776  -47.341  -48.118  -13.326 0.0000000000
46777  -47.803  -48.198  -13.909 0.0000000000
46778  -48.681  -48.164  -13.861 0.0000000000
46779  -49.037  -48.284  -14.514 0.0000000000
46787  -48.346  -48.189  -14.480 0.0000000000
46788  -48.762  -48.235  -15.074 0.0000000000
46789  -49.534  -48.191  -15.130 0.0000000000
46790  -50.429  -47.911  -15.503 0.0000000000
46795  -49.202  -48.140  -15.484 0.0000000000
46796  -49.770  -48.135  -15.896 0.0000000000
46797  -50.512  -48.146  -16.291 0.0000000000
46798  -51.394  -47.885  -16.474 0.0000000000
46803  -49.613  -47.924  -16.034 0.0000000000
46804  -50.198  -48.120  -16.522 0.0000000000
46805  -50.707  -48.245  -16.931 0.0000000000
46806  -52.562  -47.619  -17.246 0.0000000000
46811  -50.613  -48.112  -17.141 0.0000000000
46812  -51.008  -48.261  -17.581 0.0000000000
46813  -51.712  -48.230  -17.961 0.0000000000
46814  -52.692  -47.945  -18.256 0.0000000000
46815  -53.712  -47.568  -18.511 0.0000000000
46819  -50.893  -48.048  -17.772 0.0000000000
46820  -51.438  -48.035  -18.358 0.0000000000
46821  -52.091  -48.167  -18.843 0.0000000000
46822  -52.962  -48.017  -19.210 0.0000000000
46823  -53.935  -47.733  -19.476 0.0000000000
46824  -54.877  -47.490  -19.670 0.0000000000
46830  -51.925  -47.904  -19.390 0.0000000000
46831  -52.541  -47.967  -19.786 0.0000000000
46832  -53.330  -47.904  -20.218 0.0000000000
46833  -54.231  -47.797  -20.475 0.0000000000
46834  -55.119  -47.647  -20.611 0.0000000000
46838  -52.263  -47.532  -20.379 0.0000000000
46839  -52.925  -47.758  -20.843 0.0000000000
46840  -53.808  -47.765  -21.362 0.0000000000
46841  -54.566  -47.776  -21.309 0.0000000000
46842  -55.312  -47.689  -21.583 0.0000000000
46843  -56.189  -47.482  -21.803 0.0000000000
46844  -56.970  -47.115  -21.922 0.0000000000
46849  -53.258  -47.358  -21.836 0.0000000000
46850  -53.905  -47.466  -22.262 0.0000000000
46851  -54.585  -47.609  -22.205 0.0000000000
46852  -55.481  -47.496  -22.471 0.0000000000
46853  -56.244  -47.209  -22.563 0.0000000000
46858  -54.326  -47.229  -22.730 0.0000000000
46859  -54.961  -47.264  -23.033 0.0000000000
46860  -55.652  -47.176  -23.006 0.0000000000
47586  -43.939  -47.235  -8.703 0.0000000000
47587  -44.312  -46.544  -8.873 0.0000000000
47600  -44.553  -47.555  -9.341 0.0000000000
47601  -45.058  -47.855  -10.103 0.0000000000
47602  -45.350  -47.263  -10.335 0.0000000000
47603  -48.741  -47.100  -10.106 0.0000000000
47618  -45.732  -47.594  -11.166 0.0000000000
47619  -49.367  -46.713  -10.586 0.0000000000
47620  -50.225  -46.266  -10.839 0.0000000000
47625  -61.306  -46.658  -10.399 0.0000000000
47626  -62.535  -46.698  -10.667 0.0000000000
47627  -63.892  -46.791  -10.992 0.0000000000
47628  -64.942  -46.902  -11.587 0.0000000000
47633  -46.190  -47.718  -11.826 0.0000000000
47634  -46.627  -47.784  -12.476 0.0000000000
47635  -48.000  -47.764  -11.823 0.0000000000
47636  -49.411  -46.725  -11.484 0.0000000000
47637  -50.229  -46.295  -11.694 0.0000000000
47643  -65.307  -46.804  -11.962 0.0000000000
47644  -65.247  -46.438  -12.222 0.0000000000
47656  -46.998  -47.896  -13.179 0.0000000000
47657  -48.484  -47.548  -12.167 0.0000000000
47658  -49.296  -47.208  -12.589 0.0000000000
47659  -50.417  -46.364  -12.507 0.0000000000
47660  -50.741  -46.449  -13.276 0.0000000000
47665  -61.504  -46.700  -12.947 0.0000000000
47666  -62.862  -46.746  -12.903 0.0000000000
47667  -64.175  -46.699  -12.793 0.0000000000
47668  -64.939  -46.694  -12.460 0.0000000000
47677  -47.449  -48.010  -13.729 0.0000000000
47678  -47.872  -48.008  -14.269 0.0000000000
47679  -50.006  -47.548  -14.156 0.0000000000
47680  -51.093  -46.629  -14.021 0.0000000000
47681  -52.028  -45.978  -13.976 0.0000000000
47682  -61.006  -46.317  -13.610 0.0000000000
47683  -62.412  -46.400  -13.578 0.0000000000
47684  -63.724  -46.219  -13.596 0.0000000000
47685  -65.052  -46.120  -12.701 0.0000000000
47688  -48.413  -47.887  -14.811 0.0000000000
47689  -48.920  -47.837  -15.373 0.0000000000
47690  -50.517  -47.521  -14.715 0.0000000000
47691  -52.560  -46.127  -14.563 0.0000000000
47692  -53.039  -46.260  -15.202 0.0000000000
47693  -62.009  -46.256  -14.543 0.0000000000
47694  -63.296  -46.144  -14.581 0.0000000000
47695  -64.090  -45.735  -14.193 0.0000000000
47699  -51.415  -47.496  -15.703 0.0000000000
47700  -52.370  -47.032  -15.936 0.0000000000
47701  -53.364  -46.493  -15.930 0.0000000000
47702  -54.295  -46.222  -16.097 0.0000000000
47703  -61.474  -46.450  -17.089 0.0000000000
47704  -62.112  -46.397  -16.075 0.0000000000
47705  -62.884  -46.264  -15.597 0.0000000000
47709  -50.271  -47.663  -16.772 0.0000000000
47710  -52.828  -47.068  -16.468 0.0000000000
47711  -53.521  -46.819  -16.715 0.0000000000
47712  -56.139  -46.189  -17.100 0.0000000000
47713  -60.453  -46.359  -17.255 0.0000000000
47714  -62.265  -46.398  -16.786 0.0000000000
47715  -62.795  -46.285  -16.373 0.0000000000
47719  -50.693  -47.467  -17.554 0.0000000000
47720  -53.582  -47.255  -17.580 0.0000000000
47721  -54.486  -46.959  -17.917 0.0000000000
47722  -56.075  -46.562  -18.148 0.0000000000
47723  -56.882  -46.238  -17.660 0.0000000000
47724  -57.868  -46.393  -18.434 0.0000000000
47725  -58.747  -46.345  -18.238 0.0000000000
47726  -59.793  -46.425  -17.938 0.0000000000
47727  -61.328  -46.410  -17.955 0.0000000000
47728  -62.152  -46.289  -17.415 0.0000000000
47731  -51.095  -47.387  -18.332 0.0000000000
47732  -51.480  -47.316  -19.216 0.0000000000
47733  -54.646  -47.293  -18.766 0.0000000000
47734  -55.531  -47.059  -18.970 0.0000000000
47735  -56.539  -46.876  -19.287 0.0000000000
47736  -57.604  -46.669  -19.289 0.0000000000
47737  -58.617  -46.562  -19.243 0.0000000000
47738  -59.623  -46.546  -19.006 0.0000000000
47739  -60.578  -46.420  -18.619 0.0000000000
47744  -51.804  -47.257  -20.009 0.0000000000
47745  -55.770  -47.331  -19.893 0.0000000000
47746  -55.986  -47.527  -20.843 0.0000000000
47747  -57.296  -47.009  -20.189 0.0000000000
47748  -58.264  -46.759  -20.150 0.0000000000
47749  -59.219  -46.537  -19.949 0.0000000000
47750  -60.059  -46.370  -19.467 0.0000000000
47755  -51.923  -46.789  -20.945 0.0000000000
47756  -52.557  -47.134  -21.386 0.0000000000
47757  -56.866  -47.296  -21.075 0.0000000000
47758  -57.819  -46.930  -21.127 0.0000000000
47759  -58.404  -46.361  -21.339 0.0000000000
47760  -59.065  -46.285  -20.684 0.0000000000
47765  -52.325  -46.265  -21.817 0.0000000000
47766  -53.000  -46.663  -22.094 0.0000000000
47767  -53.691  -46.779  -22.483 0.0000000000
47768  -56.804  -46.761  -22.541 0.0000000000
47769  -57.568  -46.438  -22.054 0.0000000000
47770  -58.107  -45.762  -21.857 0.0000000000
47774  -54.428  -46.964  -23.029 0.0000000000
47775  -55.481  -46.909  -23.237 0.0000000000
47776  -56.167  -46.664  -22.994 0.0000000000
47777  -56.899  -46.120  -22.700 0.0000000000
48556  -44.025  -45.548  -8.549 0.0000000000
48557  -44.811  -45.748  -8.932 0.0000000000
48570  -45.381  -45.982  -9.602 0.0000000000
48571  -45.824  -46.317  -10.425 0.0000000000
48577  -46.442  -45.385  -10.460 0.0000000000
48578  -46.834  -45.503  -11.137 0.0000000000
48583  -60.767  -45.888  -10.372 0.0000000000
48584  -61.876  -45.834  -10.669 0.0000000000
48585  -63.147  -45.836  -11.032 0.0000000000
48586  -64.409  -45.966  -11.371 0.0000000000
48592  -46.207  -46.573  -11.208 0.0000000000
48593  -46.616  -46.708  -11.921 0.0000000000
48594  -50.945  -45.944  -11.099 0.0000000000
48595  -51.659  -45.774  -11.390 0.0000000000
48596  -52.521  -45.645  -11.699 0.0000000000
48601  -63.910  -45.068  -11.408 0.0000000000
48602  -64.888  -45.384  -11.759 0.0000000000
48603  -65.273  -45.899  -12.007 0.0000000000
48613  -47.175  -46.692  -12.631 0.0000000000
48614  -48.367  -45.076  -12.939 0.0000000000
48615  -50.937  -45.901  -11.794 0.0000000000
48616  -51.448  -45.788  -12.365 0.0000000000
48617  -52.302  -45.603  -12.572 0.0000000000
48618  -53.116  -45.547  -12.422 0.0000000000
48625  -65.193  -45.722  -12.437 0.0000000000
48630  -47.459  -47.187  -13.428 0.0000000000
48631  -48.168  -46.266  -13.635 0.0000000000
48632  -48.819  -45.867  -14.198 0.0000000000
48633  -51.692  -45.877  -13.249 0.0000000000
48634  -52.623  -45.605  -13.203 0.0000000000
48635  -53.587  -45.513  -13.243 0.0000000000
48642  -64.630  -45.454  -13.526 0.0000000000
48643  -64.990  -45.718  -12.971 0.0000000000
48647  -48.233  -47.173  -14.368 0.0000000000
48648  -48.815  -46.898  -14.953 0.0000000000
48649  -52.893  -45.681  -13.859 0.0000000000
48650  -53.586  -45.683  -14.356 0.0000000000
48651  -55.215  -45.510  -14.543 0.0000000000
48652  -55.874  -45.453  -14.124 0.0000000000
48653  -56.590  -45.458  -14.522 0.0000000000
48656  -60.470  -45.988  -14.580 0.0000000000
48657  -61.723  -46.264  -15.293 0.0000000000
48658  -63.647  -45.776  -15.205 0.0000000000
48659  -64.121  -45.241  -14.522 0.0000000000
48662  -49.535  -46.618  -15.622 0.0000000000
48663  -50.127  -46.543  -16.353 0.0000000000
48664  -53.985  -45.913  -15.258 0.0000000000
48665  -54.984  -45.687  -15.393 0.0000000000
48666  -55.817  -45.493  -14.959 0.0000000000
48667  -56.485  -45.531  -15.398 0.0000000000
48668  -58.041  -45.530  -15.731 0.0000000000
48669  -58.960  -45.623  -15.575 0.0000000000
48670  -59.959  -45.885  -15.520 0.0000000000
48671  -61.039  -46.208  -15.688 0.0000000000
48672  -63.387  -45.898  -16.160 0.0000000000
48676  -50.579  -46.264  -17.130 0.0000000000
48677  -55.320  -46.045  -16.414 0.0000000000
48678  -57.897  -45.727  -16.614 0.0000000000
48679  -58.769  -45.743  -16.396 0.0000000000
48680  -59.669  -45.953  -16.324 0.0000000000
48681  -60.656  -46.236  -16.369 0.0000000000
48682  -62.766  -46.108  -16.830 0.0000000000
48686  -50.960  -46.102  -18.091 0.0000000000
48687  -57.783  -46.099  -17.550 0.0000000000
48688  -58.724  -46.044  -17.257 0.0000000000
48689  -59.457  -46.114  -17.000 0.0000000000
48690  -61.262  -46.190  -18.552 0.0000000000
48691  -61.883  -46.030  -18.083 0.0000000000
48696  -51.183  -46.290  -19.050 0.0000000000
48697  -60.790  -46.100  -19.181 0.0000000000
48703  -50.917  -45.305  -20.962 0.0000000000
48704  -51.423  -46.311  -20.187 0.0000000000
48705  -53.761  -45.140  -20.696 0.0000000000
48706  -59.670  -46.220  -20.162 0.0000000000
48707  -60.253  -45.872  -19.877 0.0000000000
48712  -51.205  -44.898  -21.879 0.0000000000
48713  -51.598  -45.815  -21.431 0.0000000000
48714  -52.859  -45.474  -22.063 0.0000000000
48715  -53.463  -45.410  -21.674 0.0000000000
48716  -54.134  -45.593  -21.714 0.0000000000
48717  -55.018  -45.624  -22.061 0.0000000000
48718  -58.788  -45.498  -21.343 0.0000000000
48719  -59.389  -45.731  -20.737 0.0000000000
48720  -59.796  -45.533  -20.421 0.0000000000
48725  -51.976  -45.319  -22.123 0.0000000000
48726  -52.904  -46.021  -22.192 0.0000000000
48727  -53.479  -46.059  -22.316 0.0000000000
48728  -54.340  -46.316  -22.697 0.0000000000
48729  -55.994  -45.621  -22.568 0.0000000000
48730  -56.849  -45.456  -22.521 0.0000000000
48731  -57.507  -45.555  -22.262 0.0000000000
48732  -58.082  -44.985  -21.873 0.0000000000
48736  -54.987  -46.725  -23.203 0.0000000000
48737  -55.704  -46.377  -23.079 0.0000000000
48738  -56.372  -46.028  -22.907 0.0000000000
49588  -45.389  -44.893  -8.988 0.0000000000
49599  -46.089  -45.012  -9.677 0.0000000000
49606  -46.929  -44.486  -10.484 0.0000000000
49607  -47.303  -44.664  -11.139 0.0000000000
49610  -61.145  -44.588  -10.933 0.0000000000
49611  -62.371  -44.979  -11.140 0.0000000000
49621  -47.796  -44.264  -11.610 0.0000000000
49623  -61.903  -44.257  -11.453 0.0000000000
49624  -63.257  -44.454  -11.715 0.0000000000
49625  -64.508  -44.752  -11.870 0.0000000000
49626  -65.106  -45.186  -12.152 0.0000000000
49634  -47.844  -45.229  -12.345 0.0000000000
49635  -48.358  -44.148  -12.321 0.0000000000
49636  -64.048  -44.388  -12.185 0.0000000000
49637  -64.735  -44.729  -12.530 0.0000000000
49641  -48.876  -43.986  -13.090 0.0000000000
49642  -49.255  -44.496  -13.936 0.0000000000
49643  -63.924  -44.635  -14.254 0.0000000000
49644  -64.623  -44.918  -13.493 0.0000000000
49645  -65.018  -45.241  -12.829 0.0000000000
49647  -63.657  -44.851  -15.250 0.0000000000
49650  -50.059  -45.194  -15.542 0.0000000000
49651  -50.381  -45.154  -16.220 0.0000000000
49652  -63.413  -45.090  -16.076 0.0000000000
49653  -63.664  -45.381  -15.489 0.0000000000
49659  -50.610  -45.013  -16.932 0.0000000000
49660  -62.544  -44.835  -17.335 0.0000000000
49661  -62.998  -45.473  -16.755 0.0000000000
49667  -50.733  -45.212  -17.597 0.0000000000
49671  -62.064  -45.089  -18.063 0.0000000000
49672  -62.454  -45.779  -17.414 0.0000000000
49677  -50.691  -44.850  -18.331 0.0000000000
49678  -52.940  -44.109  -19.053 0.0000000000
49683  -60.997  -44.273  -19.307 0.0000000000
49684  -61.394  -45.385  -18.808 0.0000000000
49688  -50.468  -44.633  -20.339 0.0000000000
49689  -52.616  -44.262  -20.438 0.0000000000
49690  -53.283  -44.611  -19.877 0.0000000000
49691  -54.122  -44.848  -19.669 0.0000000000
49692  -55.690  -44.855  -20.502 0.0000000000
49693  -57.122  -44.159  -20.494 0.0000000000
49694  -57.736  -43.958  -20.982 0.0000000000
49695  -60.060  -44.817  -20.295 0.0000000000
49700  -50.583  -44.492  -21.427 0.0000000000
49701  -52.432  -44.644  -21.908 0.0000000000
49702  -53.062  -44.918  -21.100 0.0000000000
49703  -54.793  -45.234  -20.732 0.0000000000
49704  -57.291  -44.423  -21.418 0.0000000000
49705  -57.933  -44.304  -21.542 0.0000000000
49706  -58.600  -44.430  -21.359 0.0000000000
49707  -59.356  -44.775  -20.918 0.0000000000
49711  -50.895  -44.074  -22.241 0.0000000000
49712  -51.590  -44.453  -22.188 0.0000000000
49713  -52.206  -44.981  -22.149 0.0000000000
49714  -56.704  -44.924  -21.980 0.0000000000
49715  -57.423  -44.835  -22.059 0.0000000000
50520  -46.556  -44.094  -9.793 0.0000000000
50526  -47.433  -43.845  -10.875 0.0000000000
50541  -61.365  -43.740  -11.733 0.0000000000
50542  -62.315  -43.989  -11.837 0.0000000000
50549  -61.815  -43.645  -12.396 0.0000000000
50550  -63.047  -44.102  -12.289 0.0000000000
50558  -61.767  -43.518  -13.363 0.0000000000
50559  -62.783  -44.024  -13.827 0.0000000000
50563  -49.728  -43.860  -14.550 0.0000000000
50564  -61.842  -43.476  -14.319 0.0000000000
50565  -62.907  -44.151  -14.879 0.0000000000
50570  -50.329  -44.149  -15.773 0.0000000000
50574  -61.965  -43.421  -15.342 0.0000000000
50575  -62.873  -44.283  -15.836 0.0000000000
50581  -50.114  -43.215  -16.139 0.0000000000
50582  -50.472  -44.052  -16.587 0.0000000000
50588  -62.815  -44.486  -16.633 0.0000000000
50593  -50.102  -43.161  -17.086 0.0000000000
50594  -50.486  -44.131  -17.588 0.0000000000
50600  -62.074  -43.913  -17.790 0.0000000000
50606  -50.017  -43.161  -18.093 0.0000000000
50607  -50.293  -43.945  -18.662 0.0000000000
50608  -52.802  -43.481  -18.095 0.0000000000
50609  -53.348  -43.998  -18.222 0.0000000000
50612  -58.251  -42.872  -19.525 0.0000000000
50613  -60.827  -43.240  -19.413 0.0000000000
50614  -61.728  -42.842  -18.209 0.0000000000
50619  -49.846  -43.184  -19.109 0.0000000000
50620  -50.127  -43.918  -19.714 0.0000000000
50621  -52.150  -43.586  -20.576 0.0000000000
50622  -56.972  -43.979  -19.458 0.0000000000
50623  -57.791  -43.486  -20.167 0.0000000000
50624  -58.646  -42.994  -20.292 0.0000000000
50625  -60.349  -43.803  -19.986 0.0000000000
50631  -49.773  -43.226  -20.227 0.0000000000
50632  -50.112  -43.927  -20.813 0.0000000000
50633  -51.748  -43.129  -21.591 0.0000000000
50634  -52.124  -43.890  -21.713 0.0000000000
50635  -58.394  -43.687  -20.900 0.0000000000
50636  -59.032  -43.158  -20.662 0.0000000000
50637  -59.566  -43.795  -20.615 0.0000000000
50643  -49.930  -43.300  -21.357 0.0000000000
50644  -50.514  -43.272  -22.268 0.0000000000
50645  -51.263  -43.048  -22.484 0.0000000000
50646  -51.896  -44.145  -22.175 0.0000000000
51547  -61.154  -43.019  -13.794 0.0000000000
51552  -48.742  -41.784  -15.077 0.0000000000
51558  -61.137  -42.602  -14.641 0.0000000000
51564  -49.506  -42.517  -15.642 0.0000000000
51571  -61.583  -42.520  -15.788 0.0000000000
51577  -49.562  -42.427  -16.591 0.0000000000
51582  -61.936  -42.370  -16.813 0.0000000000
51588  -49.536  -42.284  -17.633 0.0000000000
51589  -52.515  -42.555  -17.482 0.0000000000
51592  -61.968  -42.091  -17.750 0.0000000000
51597  -49.648  -42.529  -18.569 0.0000000000
51598  -52.261  -42.765  -18.593 0.0000000000
51600  -58.694  -42.308  -19.073 0.0000000000
51601  -59.460  -42.040  -19.461 0.0000000000
51602  -61.200  -42.573  -18.979 0.0000000000
51603  -61.489  -41.724  -18.559 0.0000000000
51608  -51.929  -42.781  -19.949 0.0000000000
51609  -59.244  -42.629  -20.085 0.0000000000
51610  -59.857  -42.296  -19.848 0.0000000000
51611  -60.559  -42.351  -19.500 0.0000000000
51615  -49.667  -42.575  -20.892 0.0000000000
51616  -51.670  -42.335  -21.020 0.0000000000
51617  -59.662  -42.941  -20.270 0.0000000000
51622  -49.978  -42.672  -21.944 0.0000000000
51623  -50.483  -42.566  -22.509 0.0000000000
51624  -51.446  -42.330  -22.229 0.0000000000
51628  -51.041  -42.081  -22.978 0.0000000000
52510  -47.859  -41.021  -13.976 0.0000000000
52517  -60.591  -41.855  -14.223 0.0000000000
52525  -48.142  -41.206  -14.642 0.0000000000
52530  -61.096  -41.833  -15.157 0.0000000000
52531  -61.366  -41.212  -15.370 0.0000000000
52538  -48.355  -41.162  -15.999 0.0000000000
52539  -48.937  -41.824  -16.121 0.0000000000
52545  -61.772  -41.553  -16.281 0.0000000000
52550  -48.596  -41.040  -16.844 0.0000000000
52551  -49.046  -41.700  -16.904 0.0000000000
52556  -62.113  -41.525  -17.289 0.0000000000
52561  -48.952  -40.660  -17.564 0.0000000000
52562  -49.075  -41.367  -17.654 0.0000000000
52563  -52.341  -41.604  -17.518 0.0000000000
52564  -59.154  -41.699  -18.678 0.0000000000
52565  -62.028  -41.100  -17.963 0.0000000000
52569  -49.465  -41.341  -19.367 0.0000000000
52570  -51.971  -41.977  -18.958 0.0000000000
52571  -52.171  -41.324  -18.292 0.0000000000
52572  -60.763  -41.229  -18.934 0.0000000000
52573  -61.450  -40.784  -18.448 0.0000000000
52578  -49.602  -41.644  -20.649 0.0000000000
52579  -51.760  -41.791  -20.050 0.0000000000
52580  -60.220  -41.727  -19.395 0.0000000000
52584  -49.768  -42.086  -21.616 0.0000000000
52585  -51.586  -41.624  -21.347 0.0000000000
52588  -50.225  -41.974  -22.497 0.0000000000
52589  -50.761  -41.528  -23.073 0.0000000000
52590  -51.280  -41.516  -22.730 0.0000000000
52594  -50.980  -41.127  -23.301 0.0000000000
53507  -47.154  -40.459  -12.452 0.0000000000
53523  -47.455  -40.322  -13.942 0.0000000000
53538  -47.789  -40.506  -14.753 0.0000000000
53543  -60.801  -41.233  -14.577 0.0000000000
53549  -47.810  -39.955  -15.089 0.0000000000
53550  -48.079  -40.406  -15.612 0.0000000000
53554  -62.601  -40.104  -16.501 0.0000000000
53560  -48.687  -40.288  -16.839 0.0000000000
53561  -49.211  -39.841  -17.432 0.0000000000
53564  -62.745  -39.777  -16.918 0.0000000000
53567  -52.330  -40.861  -17.721 0.0000000000
53568  -60.293  -40.280  -17.953 0.0000000000
53569  -61.221  -40.099  -18.179 0.0000000000
53570  -62.067  -40.241  -17.973 0.0000000000
53571  -62.480  -39.694  -17.448 0.0000000000
53576  -49.537  -40.518  -19.110 0.0000000000
53577  -51.960  -41.106  -19.190 0.0000000000
53578  -52.331  -40.398  -18.455 0.0000000000
53579  -59.945  -40.753  -18.343 0.0000000000
53580  -60.593  -40.675  -18.508 0.0000000000
53583  -49.647  -40.770  -20.156 0.0000000000
53584  -49.967  -40.226  -21.040 0.0000000000
53585  -51.752  -40.943  -20.320 0.0000000000
53586  -52.152  -40.304  -19.521 0.0000000000
53590  -49.859  -41.424  -21.946 0.0000000000
53591  -50.158  -40.588  -22.411 0.0000000000
53592  -51.589  -40.796  -21.708 0.0000000000
53593  -51.973  -40.129  -20.666 0.0000000000
53597  -50.327  -41.263  -22.818 0.0000000000
53598  -50.773  -40.613  -23.335 0.0000000000
53599  -51.284  -40.596  -23.106 0.0000000000
53602  -50.994  -40.163  -23.540 0.0000000000
53603  -51.021  -39.466  -23.652 0.0000000000
54523  -46.623  -39.319  -12.145 0.0000000000
54524  -46.968  -39.621  -12.853 0.0000000000
54540  -47.330  -39.690  -13.685 0.0000000000
54552  -47.578  -39.847  -14.458 0.0000000000
54553  -48.064  -39.396  -14.818 0.0000000000
54562  -48.263  -39.623  -15.503 0.0000000000
54563  -48.839  -39.168  -15.941 0.0000000000
54573  -48.430  -39.915  -16.189 0.0000000000
54574  -49.053  -39.479  -16.662 0.0000000000
54583  -49.759  -39.447  -18.072 0.0000000000
54584  -50.278  -38.707  -18.070 0.0000000000
54585  -52.634  -39.493  -18.127 0.0000000000
54587  -61.782  -39.540  -17.772 0.0000000000
54591  -49.793  -39.766  -18.881 0.0000000000
54592  -50.291  -39.274  -19.499 0.0000000000
54593  -52.536  -39.616  -19.024 0.0000000000
54598  -49.901  -39.999  -19.841 0.0000000000
54599  -52.377  -39.653  -19.909 0.0000000000
54603  -50.380  -39.604  -22.069 0.0000000000
54604  -51.764  -39.897  -22.068 0.0000000000
54605  -52.462  -39.220  -21.015 0.0000000000
54610  -50.627  -39.740  -23.237 0.0000000000
54611  -51.373  -39.545  -23.324 0.0000000000
54612  -52.126  -38.968  -22.599 0.0000000000
54615  -50.906  -39.670  -23.577 0.0000000000
54616  -51.215  -38.954  -23.557 0.0000000000
54617  -51.662  -38.704  -23.341 0.0000000000
55583  -47.420  -38.865  -13.280 0.0000000000
55584  -48.168  -38.396  -13.773 0.0000000000
55596  -47.762  -39.181  -14.105 0.0000000000
55597  -48.418  -38.656  -14.507 0.0000000000
55598  -49.037  -38.151  -14.928 0.0000000000
55609  -48.639  -38.892  -15.232 0.0000000000
55610  -49.263  -38.416  -15.650 0.0000000000
55619  -49.471  -38.689  -16.385 0.0000000000
55620  -50.017  -38.224  -16.764 0.0000000000
55622  -53.118  -38.118  -17.101 0.0000000000
55631  -49.751  -38.932  -17.236 0.0000000000
55632  -50.382  -38.114  -17.409 0.0000000000
55633  -52.938  -38.677  -17.764 0.0000000000
55634  -53.298  -37.962  -17.757 0.0000000000
55641  -50.634  -38.515  -19.011 0.0000000000
55642  -52.888  -38.862  -18.707 0.0000000000
55643  -53.285  -38.156  -18.458 0.0000000000
55648  -50.699  -38.633  -20.255 0.0000000000
55649  -51.094  -37.929  -19.790 0.0000000000
55650  -52.750  -38.994  -19.712 0.0000000000
55651  -53.238  -38.268  -19.435 0.0000000000
55656  -50.715  -38.700  -21.725 0.0000000000
55657  -51.171  -37.924  -21.129 0.0000000000
55658  -52.667  -38.265  -21.959 0.0000000000
55659  -53.020  -38.348  -20.600 0.0000000000
55662  -50.741  -38.902  -23.042 0.0000000000
55663  -51.270  -37.867  -22.763 0.0000000000
55664  -52.229  -38.090  -23.218 0.0000000000
55667  -51.047  -39.209  -23.638 0.0000000000
55668  -51.263  -38.637  -23.403 0.0000000000
55669  -51.654  -38.206  -23.427 0.0000000000
56575  -48.785  -37.889  -14.212 0.0000000000
56587  -49.590  -37.635  -15.389 0.0000000000
56599  -49.844  -37.925  -16.117 0.0000000000
56600  -50.444  -37.459  -16.731 0.0000000000
56602  -53.557  -36.975  -16.570 0.0000000000
56608  -50.869  -37.367  -17.581 0.0000000000
56609  -53.529  -37.368  -17.352 0.0000000000
56614  -50.734  -37.968  -18.201 0.0000000000
56615  -51.216  -37.293  -18.397 0.0000000000
56616  -53.604  -37.468  -18.219 0.0000000000
56620  -51.403  -37.279  -19.319 0.0000000000
56621  -53.635  -37.565  -19.116 0.0000000000
56626  -51.499  -37.239  -20.460 0.0000000000
56627  -53.167  -37.686  -21.529 0.0000000000
56630  -51.552  -37.050  -21.861 0.0000000000
56631  -52.697  -37.265  -22.757 0.0000000000
56632  -53.011  -36.395  -22.612 0.0000000000
56635  -51.764  -36.866  -22.918 0.0000000000
56636  -52.265  -36.761  -23.147 0.0000000000
56637  -52.711  -36.225  -22.570 0.0000000000
57588  -50.949  -36.797  -17.071 0.0000000000
57589  -51.204  -35.942  -16.935 0.0000000000
57590  -53.937  -36.268  -16.592 0.0000000000
57591  -54.445  -35.612  -16.738 0.0000000000
57598  -51.380  -36.542  -17.835 0.0000000000
57599  -54.034  -36.695  -18.094 0.0000000000
57600  -54.310  -36.116  -17.451 0.0000000000
57605  -51.613  -36.603  -18.861 0.0000000000
57606  -53.933  -37.008  -18.802 0.0000000000
57607  -54.405  -36.376  -19.222 0.0000000000
57613  -51.779  -36.594  -19.907 0.0000000000
57614  -52.142  -36.043  -20.521 0.0000000000
57615  -54.042  -36.863  -19.723 0.0000000000
57616  -54.453  -36.071  -20.279 0.0000000000
57622  -51.854  -36.502  -21.072 0.0000000000
57623  -52.310  -35.930  -21.442 0.0000000000
57624  -53.588  -36.120  -21.795 0.0000000000
57625  -54.068  -35.682  -21.116 0.0000000000
57630  -51.986  -36.380  -22.170 0.0000000000
57631  -52.504  -35.987  -22.220 0.0000000000
57632  -53.116  -35.859  -22.339 0.0000000000
57635  -52.224  -36.469  -22.699 0.0000000000
58621  -53.981  -35.388  -14.977 0.0000000000
58622  -54.304  -34.868  -14.883 0.0000000000
58632  -51.015  -35.165  -16.329 0.0000000000
58633  -54.040  -35.700  -15.822 0.0000000000
58634  -54.322  -35.119  -15.401 0.0000000000
58644  -55.077  -34.979  -17.006 0.0000000000
58650  -51.631  -35.565  -17.851 0.0000000000
58651  -54.773  -35.801  -18.636 0.0000000000
58652  -55.392  -35.163  -18.328 0.0000000000
58657  -52.030  -35.229  -18.757 0.0000000000
58658  -52.550  -34.822  -19.832 0.0000000000
58659  -54.897  -35.585  -19.889 0.0000000000
58660  -55.511  -35.073  -19.604 0.0000000000
58664  -52.083  -35.816  -19.552 0.0000000000
58665  -52.515  -35.375  -20.739 0.0000000000
58666  -54.496  -35.307  -20.578 0.0000000000
58667  -55.158  -34.928  -20.159 0.0000000000
58671  -52.755  -35.468  -21.635 0.0000000000
58672  -53.358  -35.446  -21.607 0.0000000000
58675  -52.904  -35.728  -22.215 0.0000000000
59529  -54.303  -34.118  -13.792 0.0000000000
59541  -53.937  -34.915  -14.230 0.0000000000
59542  -54.541  -34.338  -14.556 0.0000000000
59551  -50.517  -34.556  -15.169 0.0000000000
59552  -50.817  -34.634  -15.799 0.0000000000
59553  -54.736  -34.562  -15.376 0.0000000000
59554  -55.366  -34.097  -15.752 0.0000000000
59561  -51.209  -34.269  -16.387 0.0000000000
59562  -54.587  -35.083  -16.070 0.0000000000
59563  -55.586  -34.335  -16.627 0.0000000000
59564  -56.241  -34.015  -17.176 0.0000000000
59568  -51.502  -34.807  -17.217 0.0000000000
59569  -51.915  -34.112  -17.968 0.0000000000
59570  -55.809  -34.593  -17.742 0.0000000000
59571  -56.529  -34.291  -18.391 0.0000000000
59576  -51.865  -34.808  -18.105 0.0000000000
59577  -52.303  -34.449  -18.797 0.0000000000
59578  -52.879  -34.158  -19.610 0.0000000000
59579  -56.058  -34.672  -19.047 0.0000000000
59580  -56.679  -34.193  -19.465 0.0000000000
59584  -53.477  -34.470  -20.390 0.0000000000
59585  -54.362  -34.825  -20.575 0.0000000000
59586  -55.937  -34.371  -19.821 0.0000000000
59587  -56.614  -33.886  -19.804 0.0000000000
59591  -52.970  -34.816  -20.942 0.0000000000
59592  -53.638  -34.941  -21.033 0.0000000000
59593  -54.007  -35.181  -21.059 0.0000000000
60498  -54.271  -33.261  -12.616 0.0000000000
60499  -54.830  -32.753  -12.884 0.0000000000
60515  -54.130  -33.862  -13.128 0.0000000000
60516  -54.729  -33.331  -13.415 0.0000000000
60517  -55.277  -33.112  -13.928 0.0000000000
60524  -50.757  -33.249  -14.945 0.0000000000
60525  -51.214  -33.004  -15.618 0.0000000000
60526  -55.122  -33.903  -14.948 0.0000000000
60527  -55.497  -33.281  -14.565 0.0000000000
60532  -50.880  -33.842  -15.608 0.0000000000
60533  -55.734  -33.475  -15.338 0.0000000000
60534  -56.393  -33.099  -15.740 0.0000000000
60538  -52.515  -32.789  -17.433 0.0000000000
60539  -55.984  -33.718  -16.186 0.0000000000
60540  -56.649  -33.399  -16.644 0.0000000000
60541  -57.315  -33.116  -17.156 0.0000000000
60545  -52.176  -33.426  -17.733 0.0000000000
60546  -52.846  -33.171  -18.257 0.0000000000
60547  -57.216  -33.994  -18.902 0.0000000000
60548  -57.580  -33.476  -18.279 0.0000000000
60552  -52.519  -33.794  -18.611 0.0000000000
60553  -53.403  -33.629  -19.243 0.0000000000
60554  -55.448  -33.620  -19.629 0.0000000000
60555  -56.345  -33.551  -19.704 0.0000000000
60556  -57.332  -33.604  -19.665 0.0000000000
60557  -58.128  -33.283  -19.839 0.0000000000
60561  -54.120  -34.122  -20.052 0.0000000000
60562  -55.199  -34.343  -20.062 0.0000000000
60563  -57.141  -33.372  -19.868 0.0000000000
60564  -57.836  -33.206  -20.117 0.0000000000
61486  -54.512  -32.083  -11.972 0.0000000000
61498  -54.093  -32.768  -11.977 0.0000000000
61499  -54.573  -32.579  -12.410 0.0000000000
61500  -55.149  -32.047  -12.603 0.0000000000
61511  -55.399  -32.541  -13.407 0.0000000000
61512  -56.064  -32.117  -13.762 0.0000000000
61522  -50.630  -32.706  -14.297 0.0000000000
61523  -51.148  -32.507  -14.961 0.0000000000
61524  -55.812  -32.661  -14.161 0.0000000000
61525  -56.533  -32.085  -14.438 0.0000000000
61530  -51.531  -32.385  -15.574 0.0000000000
61531  -51.982  -32.008  -15.933 0.0000000000
61532  -56.131  -32.831  -14.919 0.0000000000
61533  -56.783  -32.420  -15.327 0.0000000000
61534  -57.407  -32.066  -15.783 0.0000000000
61539  -51.678  -32.678  -16.209 0.0000000000
61540  -52.276  -32.395  -16.663 0.0000000000
61541  -52.961  -32.222  -17.065 0.0000000000
61542  -57.035  -32.751  -16.188 0.0000000000
61543  -57.682  -32.428  -16.693 0.0000000000
61544  -58.368  -32.120  -17.289 0.0000000000
61549  -53.241  -32.626  -17.789 0.0000000000
61550  -54.074  -32.508  -17.981 0.0000000000
61551  -54.898  -32.380  -18.118 0.0000000000
61552  -57.974  -32.854  -17.771 0.0000000000
61553  -58.634  -32.606  -18.540 0.0000000000
61554  -59.236  -32.334  -19.473 0.0000000000
61558  -53.760  -33.041  -18.591 0.0000000000
61559  -54.713  -32.999  -18.803 0.0000000000
61560  -55.691  -32.842  -19.011 0.0000000000
61561  -58.202  -33.269  -18.963 0.0000000000
61562  -58.720  -32.896  -19.808 0.0000000000
61563  -59.089  -32.456  -20.586 0.0000000000
61567  -56.790  -32.850  -19.602 0.0000000000
61568  -57.770  -32.888  -20.150 0.0000000000
61569  -58.575  -32.710  -20.458 0.0000000000
61570  -59.014  -32.416  -20.838 0.0000000000
62520  -54.284  -31.485  -11.485 0.0000000000
62521  -54.953  -31.329  -12.006 0.0000000000
62522  -55.375  -30.409  -11.996 0.0000000000
62532  -55.674  -31.165  -12.566 0.0000000000
62533  -56.384  -30.992  -13.128 0.0000000000
62539  -51.532  -31.300  -14.410 0.0000000000
62540  -55.892  -31.734  -13.188 0.0000000000
62541  -56.517  -31.504  -13.737 0.0000000000
62550  -51.044  -31.884  -14.258 0.0000000000
62551  -51.635  -31.769  -15.080 0.0000000000
62552  -52.015  -31.025  -14.784 0.0000000000
62553  -57.096  -31.320  -14.289 0.0000000000
62554  -57.985  -30.771  -15.037 0.0000000000
62559  -52.308  -31.386  -15.467 0.0000000000
62560  -53.646  -31.067  -16.054 0.0000000000
62561  -57.197  -31.739  -14.979 0.0000000000
62562  -57.739  -31.393  -15.416 0.0000000000
62563  -58.772  -30.604  -16.122 0.0000000000
62567  -52.768  -31.684  -16.259 0.0000000000
62568  -54.250  -31.336  -16.638 0.0000000000
62569  -55.131  -31.268  -16.930 0.0000000000
62570  -58.032  -31.696  -16.262 0.0000000000
62571  -58.754  -31.267  -16.810 0.0000000000
62572  -59.341  -31.186  -17.665 0.0000000000
62576  -53.616  -32.197  -17.371 0.0000000000
62577  -54.360  -31.883  -17.328 0.0000000000
62578  -55.847  -31.588  -17.732 0.0000000000
62579  -56.807  -31.355  -18.223 0.0000000000
62580  -59.039  -31.869  -18.043 0.0000000000
62581  -59.587  -31.540  -18.853 0.0000000000
62583  -56.278  -32.171  -18.617 0.0000000000
62584  -57.021  -32.140  -19.142 0.0000000000
62585  -57.695  -31.694  -19.530 0.0000000000
62586  -58.724  -31.720  -20.573 0.0000000000
62587  -59.541  -31.769  -20.264 0.0000000000
62588  -57.558  -32.461  -19.838 0.0000000000
62589  -58.341  -32.378  -20.381 0.0000000000
62590  -58.968  -32.401  -20.812 0.0000000000
62591  -59.193  -32.071  -20.802 0.0000000000
63448  -54.285  -30.093  -11.087 0.0000000000
63466  -53.973  -30.876  -11.033 0.0000000000
63467  -54.624  -30.708  -11.519 0.0000000000
63477  -56.167  -30.383  -12.612 0.0000000000
63486  -56.814  -30.306  -13.133 0.0000000000
63487  -57.364  -30.144  -13.606 0.0000000000
63501  -57.000  -30.815  -13.672 0.0000000000
63502  -57.598  -30.599  -14.285 0.0000000000
63503  -58.195  -30.156  -14.698 0.0000000000
63510  -52.631  -30.715  -15.098 0.0000000000
63511  -53.335  -30.493  -15.379 0.0000000000
63513  -54.939  -30.000  -15.817 0.0000000000
63514  -58.492  -30.379  -15.411 0.0000000000
63515  -59.020  -30.019  -15.875 0.0000000000
63518  -54.573  -30.718  -16.235 0.0000000000
63519  -55.428  -30.416  -16.424 0.0000000000
63520  -56.223  -29.935  -16.579 0.0000000000
63521  -59.362  -30.482  -16.876 0.0000000000
63526  -56.110  -30.817  -17.149 0.0000000000
63527  -57.020  -30.254  -17.476 0.0000000000
63528  -57.485  -30.824  -18.522 0.0000000000
63529  -59.768  -30.725  -18.189 0.0000000000
63530  -60.290  -30.231  -18.882 0.0000000000
63533  -58.155  -30.834  -19.452 0.0000000000
63534  -58.846  -30.816  -20.258 0.0000000000
63535  -59.998  -31.015  -19.551 0.0000000000
63536  -60.238  -30.460  -19.998 0.0000000000
63537  -59.372  -31.198  -20.538 0.0000000000
63538  -59.818  -30.886  -20.385 0.0000000000
63539  -60.112  -30.281  -20.267 0.0000000000
64386  -54.023  -29.341  -10.719 0.0000000000
64406  -54.662  -29.371  -11.258 0.0000000000
64407  -55.290  -29.506  -11.719 0.0000000000
64417  -55.914  -29.646  -12.255 0.0000000000
64418  -56.610  -29.697  -12.733 0.0000000000
64428  -57.111  -29.743  -13.161 0.0000000000
64429  -57.518  -29.447  -13.520 0.0000000000
64430  -58.023  -29.099  -13.944 0.0000000000
64442  -57.867  -29.838  -14.070 0.0000000000
64443  -58.354  -29.490  -14.515 0.0000000000
64450  -56.127  -28.975  -16.083 0.0000000000
64451  -59.130  -29.332  -15.538 0.0000000000
64452  -59.595  -29.520  -16.470 0.0000000000
64457  -56.866  -29.292  -16.801 0.0000000000
64458  -57.430  -29.353  -17.537 0.0000000000
64459  -60.142  -29.252  -17.251 0.0000000000
64463  -57.762  -30.054  -18.353 0.0000000000
64464  -59.962  -29.932  -17.611 0.0000000000
64465  -60.485  -29.342  -18.352 0.0000000000
64466  -58.481  -29.890  -19.369 0.0000000000
64467  -59.238  -30.230  -20.195 0.0000000000
64468  -60.363  -29.680  -19.960 0.0000000000
64469  -59.758  -30.375  -20.368 0.0000000000
65395  -53.773  -28.499  -10.431 0.0000000000
65396  -54.452  -28.567  -10.973 0.0000000000
65412  -54.861  -27.861  -11.306 0.0000000000
65413  -55.587  -27.949  -11.836 0.0000000000
65422  -56.348  -28.982  -12.463 0.0000000000
65423  -57.060  -29.033  -12.950 0.0000000000
65424  -57.221  -28.212  -13.100 0.0000000000
65433  -58.085  -28.197  -13.842 0.0000000000
65434  -58.525  -28.763  -14.463 0.0000000000
65451  -56.283  -27.886  -16.011 0.0000000000
65452  -59.535  -28.838  -15.900 0.0000000000
65456  -56.796  -28.383  -16.580 0.0000000000
65457  -59.998  -28.719  -16.610 0.0000000000
65458  -60.476  -28.647  -17.530 0.0000000000
65459  -57.576  -28.582  -17.689 0.0000000000
65460  -60.781  -28.563  -18.486 0.0000000000
65461  -57.985  -28.445  -18.478 0.0000000000
65462  -58.569  -28.384  -19.258 0.0000000000
65463  -60.689  -28.893  -19.395 0.0000000000
65464  -59.319  -28.557  -19.789 0.0000000000
65465  -59.940  -28.739  -20.139 0.0000000000
65466  -60.389  -28.873  -19.965 0.0000000000
66234  -54.222  -27.635  -10.692 0.0000000000
66249  -54.710  -27.155  -11.126 0.0000000000
66250  -55.240  -27.157  -11.528 0.0000000000
66258  -56.207  -27.672  -12.349 0.0000000000
66259  -56.839  -27.508  -12.835 0.0000000000
66272  -57.030  -26.510  -13.135 0.0000000000
66273  -58.237  -27.099  -14.046 0.0000000000
66282  -58.859  -26.989  -14.658 0.0000000000
66285  -55.710  -27.362  -15.637 0.0000000000
66286  -59.745  -27.017  -15.617 0.0000000000
66287  -60.312  -27.184  -16.343 0.0000000000
66288  -56.077  -26.982  -16.350 0.0000000000
66289  -56.685  -27.501  -16.742 0.0000000000
66290  -57.264  -28.014  -17.160 0.0000000000
66291  -59.781  -27.990  -15.916 0.0000000000
66292  -60.829  -27.220  -17.270 0.0000000000
66293  -61.213  -26.591  -17.554 0.0000000000
66294  -56.979  -27.277  -17.588 0.0000000000
66295  -57.550  -27.853  -17.950 0.0000000000
66296  -60.869  -27.926  -17.937 0.0000000000
66297  -61.327  -27.110  -18.404 0.0000000000
66298  -57.986  -27.671  -18.795 0.0000000000
66299  -58.740  -27.653  -19.398 0.0000000000
66300  -61.122  -27.940  -19.096 0.0000000000
66301  -59.620  -27.829  -19.828 0.0000000000
66302  -60.387  -27.933  -19.919 0.0000000000
66303  -61.010  -27.511  -19.637 0.0000000000
67130  -54.884  -26.468  -11.261 0.0000000000
67131  -55.467  -26.409  -11.729 0.0000000000
67143  -55.929  -26.367  -12.190 0.0000000000
67144  -56.394  -25.825  -12.618 0.0000000000
67153  -57.528  -25.833  -13.602 0.0000000000
67154  -58.087  -26.104  -14.015 0.0000000000
67158  -58.557  -26.369  -14.395 0.0000000000
67159  -59.043  -26.185  -14.819 0.0000000000
67160  -54.816  -26.051  -15.742 0.0000000000
67161  -55.494  -26.515  -15.970 0.0000000000
67162  -59.606  -26.193  -15.360 0.0000000000
67163  -60.213  -26.361  -15.968 0.0000000000
67164  -54.904  -25.965  -16.660 0.0000000000
67165  -55.432  -26.261  -17.032 0.0000000000
67166  -56.250  -26.692  -17.295 0.0000000000
67167  -60.751  -26.481  -16.752 0.0000000000
67168  -55.737  -26.109  -17.699 0.0000000000
67169  -56.561  -26.564  -18.058 0.0000000000
67170  -57.279  -27.097  -18.398 0.0000000000
67171  -61.600  -26.220  -18.270 0.0000000000
67172  -57.082  -26.488  -18.495 0.0000000000
67173  -59.228  -25.927  -19.366 0.0000000000
67174  -61.590  -26.504  -19.094 0.0000000000
67175  -59.089  -26.872  -19.515 0.0000000000
67176  -60.056  -26.486  -19.710 0.0000000000
67177  -60.884  -26.205  -19.738 0.0000000000
67178  -61.212  -26.727  -19.613 0.0000000000
68038  -55.727  -25.597  -12.051 0.0000000000
68046  -56.981  -25.458  -13.236 0.0000000000
68047  -57.472  -25.130  -13.583 0.0000000000
68048  -57.973  -25.289  -13.935 0.0000000000
68049  -58.604  -25.528  -14.438 0.0000000000
68050  -53.533  -24.977  -16.070 0.0000000000
68052  -59.380  -25.329  -15.042 0.0000000000
68053  -60.084  -25.555  -15.685 0.0000000000
68054  -54.397  -25.415  -16.385 0.0000000000
68055  -55.004  -25.815  -17.051 0.0000000000
68056  -60.657  -25.716  -16.363 0.0000000000
68057  -56.509  -26.063  -18.275 0.0000000000
68058  -56.879  -25.460  -18.242 0.0000000000
68059  -61.834  -25.430  -18.219 0.0000000000
68060  -57.459  -25.929  -18.664 0.0000000000
68061  -58.419  -25.423  -18.846 0.0000000000
68062  -59.404  -25.046  -19.131 0.0000000000
68063  -61.876  -25.735  -18.999 0.0000000000
68064  -60.243  -25.614  -19.578 0.0000000000
68065  -61.164  -25.374  -19.641 0.0000000000
68066  -61.486  -25.946  -19.491 0.0000000000
69056  -56.565  -24.895  -12.858 0.0000000000
69057  -57.126  -24.611  -13.330 0.0000000000
69058  -57.775  -24.523  -13.761 0.0000000000
69059  -51.669  -23.771  -14.349 0.0000000000
69060  -52.082  -24.025  -14.955 0.0000000000
69061  -52.816  -24.425  -15.111 0.0000000000
69062  -58.375  -24.688  -14.236 0.0000000000
69063  -58.908  -24.827  -14.635 0.0000000000
69064  -52.621  -24.120  -15.155 0.0000000000
69065  -53.224  -24.503  -15.512 0.0000000000
69066  -53.487  -24.837  -15.886 0.0000000000
69067  -59.418  -24.380  -14.959 0.0000000000
69068  -60.068  -24.708  -15.538 0.0000000000
69069  -53.916  -25.030  -16.270 0.0000000000
69070  -54.721  -25.282  -16.690 0.0000000000
69071  -55.494  -24.611  -16.821 0.0000000000
69072  -60.853  -24.265  -16.174 0.0000000000
69073  -61.586  -24.407  -17.064 0.0000000000
69074  -55.455  -25.510  -17.298 0.0000000000
69075  -56.194  -25.553  -17.831 0.0000000000
69076  -56.917  -24.677  -17.789 0.0000000000
69077  -57.772  -24.233  -18.020 0.0000000000
69078  -62.077  -24.587  -18.158 0.0000000000
69079  -57.626  -25.003  -18.389 0.0000000000
69080  -58.583  -24.446  -18.525 0.0000000000
69081  -59.526  -24.297  -18.899 0.0000000000
69082  -60.443  -24.630  -19.425 0.0000000000
69083  -62.185  -24.420  -18.982 0.0000000000
69084  -61.381  -24.629  -19.532 0.0000000000
69085  -61.916  -24.182  -19.390 0.0000000000
70077  -48.670  -22.580  -12.274 0.0000000000
70078  -49.250  -22.957  -12.423 0.0000000000
70079  -50.645  -23.579  -12.858 0.0000000000
70080  -51.161  -23.446  -13.947 0.0000000000
70083  -51.153  -23.180  -14.151 0.0000000000
70085  -57.420  -23.695  -13.423 0.0000000000
70086  -58.278  -23.773  -14.084 0.0000000000
70087  -51.797  -23.604  -14.552 0.0000000000
70088  -52.157  -23.936  -14.868 0.0000000000
70089  -59.172  -23.490  -14.682 0.0000000000
70090  -53.254  -24.280  -15.470 0.0000000000
70091  -53.840  -24.566  -15.996 0.0000000000
70092  -54.625  -23.883  -15.961 0.0000000000
70093  -60.110  -23.695  -15.440 0.0000000000
70094  -60.882  -23.425  -16.016 0.0000000000
70095  -54.558  -24.624  -16.390 0.0000000000
70096  -55.255  -23.996  -16.287 0.0000000000
70097  -56.513  -24.088  -17.058 0.0000000000
70098  -56.914  -23.152  -16.639 0.0000000000
70099  -61.577  -23.498  -16.738 0.0000000000
70100  -62.255  -23.133  -17.601 0.0000000000
70101  -62.533  -22.401  -17.774 0.0000000000
70102  -57.485  -23.601  -17.403 0.0000000000
70103  -58.323  -23.592  -17.974 0.0000000000
70104  -62.344  -23.672  -18.456 0.0000000000
70105  -62.556  -22.768  -18.410 0.0000000000
70106  -59.133  -23.642  -18.479 0.0000000000
70107  -60.029  -23.718  -18.999 0.0000000000
70108  -61.088  -23.735  -19.438 0.0000000000
70109  -62.231  -23.742  -19.099 0.0000000000
70110  -62.416  -23.082  -18.997 0.0000000000
70111  -61.975  -23.261  -19.383 0.0000000000
71082  -48.379  -21.966  -12.350 0.0000000000
71083  -49.238  -22.242  -12.816 0.0000000000
71084  -50.363  -23.092  -13.579 0.0000000000
71088  -49.978  -22.405  -13.451 0.0000000000
71089  -50.692  -22.598  -13.896 0.0000000000
71090  -51.267  -22.752  -14.221 0.0000000000
71092  -51.599  -23.249  -14.406 0.0000000000
71093  -52.516  -22.682  -14.792 0.0000000000
71094  -53.309  -22.472  -15.006 0.0000000000
71095  -58.876  -22.080  -14.376 0.0000000000
71096  -59.198  -22.658  -14.622 0.0000000000
71097  -53.632  -23.290  -15.343 0.0000000000
71098  -54.682  -22.979  -15.486 0.0000000000
71099  -55.698  -22.374  -15.525 0.0000000000
71100  -59.784  -22.790  -15.118 0.0000000000
71101  -60.577  -22.803  -15.674 0.0000000000
71102  -61.178  -21.999  -16.018 0.0000000000
71103  -55.481  -23.265  -15.893 0.0000000000
71104  -56.344  -22.744  -16.022 0.0000000000
71105  -57.146  -22.212  -16.286 0.0000000000
71106  -57.928  -21.644  -16.656 0.0000000000
71107  -61.238  -22.844  -16.234 0.0000000000
71108  -61.964  -22.458  -16.914 0.0000000000
71109  -57.697  -22.628  -16.948 0.0000000000
71110  -58.379  -22.238  -17.331 0.0000000000
71111  -58.954  -22.016  -17.732 0.0000000000
71112  -62.786  -21.962  -18.438 0.0000000000
71113  -58.871  -22.813  -17.969 0.0000000000
71114  -59.623  -22.238  -18.376 0.0000000000
71115  -60.589  -22.108  -18.949 0.0000000000
71116  -61.491  -22.011  -19.283 0.0000000000
71117  -62.556  -22.360  -18.948 0.0000000000
71118  -61.243  -22.764  -19.320 0.0000000000
71119  -61.887  -22.560  -19.390 0.0000000000
71120  -62.282  -22.675  -19.245 0.0000000000
72009  -48.973  -21.421  -12.567 0.0000000000
72012  -49.727  -21.510  -13.138 0.0000000000
72013  -50.473  -21.702  -13.623 0.0000000000
72014  -51.258  -21.868  -14.025 0.0000000000
72017  -51.842  -22.505  -14.459 0.0000000000
72018  -52.589  -21.682  -14.518 0.0000000000
72019  -53.377  -21.543  -14.712 0.0000000000
72020  -54.128  -21.661  -14.904 0.0000000000
72021  -54.799  -21.130  -14.769 0.0000000000
72022  -59.250  -21.392  -14.483 0.0000000000
72023  -59.898  -21.337  -14.938 0.0000000000
72024  -60.213  -20.608  -15.024 0.0000000000
72025  -55.027  -21.855  -15.119 0.0000000000
72026  -55.911  -21.629  -15.266 0.0000000000
72028  -59.543  -22.052  -14.795 0.0000000000
72029  -61.529  -20.942  -16.181 0.0000000000
72030  -62.456  -20.927  -17.049 0.0000000000
72031  -56.520  -21.881  -15.684 0.0000000000
72032  -57.286  -21.270  -15.953 0.0000000000
72033  -61.979  -21.603  -16.705 0.0000000000
72034  -62.636  -21.603  -17.615 0.0000000000
72035  -58.636  -21.421  -17.264 0.0000000000
72036  -59.308  -21.406  -17.834 0.0000000000
72037  -63.001  -20.997  -18.573 0.0000000000
72038  -60.063  -21.415  -18.465 0.0000000000
72039  -60.974  -21.340  -19.026 0.0000000000
72040  -62.005  -21.263  -19.341 0.0000000000
72041  -62.655  -21.587  -19.039 0.0000000000
72042  -62.236  -22.080  -19.297 0.0000000000
72964  -50.374  -20.648  -13.316 0.0000000000
72965  -51.192  -20.239  -13.650 0.0000000000
72966  -51.970  -20.039  -13.887 0.0000000000
72969  -59.204  -19.992  -14.111 0.0000000000
72970  -51.623  -20.896  -13.950 0.0000000000
72971  -52.339  -20.790  -14.185 0.0000000000
72972  -53.130  -20.744  -14.407 0.0000000000
72977  -59.575  -20.683  -14.559 0.0000000000
72978  -60.472  -19.992  -15.072 0.0000000000
72982  -60.873  -20.410  -15.530 0.0000000000
72983  -62.199  -20.356  -16.621 0.0000000000
72984  -57.750  -20.555  -16.058 0.0000000000
72985  -58.312  -20.741  -16.651 0.0000000000
72986  -62.870  -20.156  -17.424 0.0000000000
72987  -59.047  -20.572  -17.357 0.0000000000
72988  -59.685  -20.795  -18.008 0.0000000000
72989  -59.834  -19.963  -17.925 0.0000000000
72990  -63.194  -19.948  -18.410 0.0000000000
72991  -60.481  -20.666  -18.548 0.0000000000
72992  -61.386  -20.687  -19.073 0.0000000000
72993  -62.166  -20.396  -19.247 0.0000000000
72994  -62.868  -20.166  -19.060 0.0000000000
73917  -58.022  -19.114  -12.966 0.0000000000
73918  -50.077  -19.777  -12.944 0.0000000000
73919  -50.531  -19.058  -13.136 0.0000000000
73920  -51.472  -19.151  -13.576 0.0000000000
73921  -52.405  -19.271  -13.880 0.0000000000
73922  -53.180  -19.239  -14.033 0.0000000000
73924  -58.491  -19.678  -13.445 0.0000000000
73925  -59.201  -19.060  -13.778 0.0000000000
73926  -52.772  -19.982  -14.111 0.0000000000
73927  -53.605  -19.924  -14.269 0.0000000000
73928  -54.493  -19.856  -14.245 0.0000000000
73931  -59.768  -19.223  -14.331 0.0000000000
73932  -60.426  -19.335  -14.832 0.0000000000
73936  -60.998  -19.620  -15.419 0.0000000000
73937  -61.712  -19.213  -15.926 0.0000000000
73938  -62.424  -19.641  -16.652 0.0000000000
73939  -58.227  -19.966  -16.257 0.0000000000
73940  -58.645  -19.391  -16.554 0.0000000000
73941  -59.084  -18.886  -16.931 0.0000000000
73942  -63.272  -19.187  -17.664 0.0000000000
73943  -59.119  -19.672  -17.138 0.0000000000
73944  -59.548  -19.179  -17.491 0.0000000000
73945  -60.294  -19.079  -18.098 0.0000000000
73946  -63.306  -19.041  -18.496 0.0000000000
73947  -61.140  -19.867  -18.774 0.0000000000
73948  -62.370  -19.554  -19.116 0.0000000000
73949  -63.067  -19.319  -18.924 0.0000000000
74863  -50.912  -18.151  -13.305 0.0000000000
74864  -51.817  -18.119  -13.612 0.0000000000
74865  -52.834  -18.635  -13.840 0.0000000000
74866  -53.481  -18.592  -13.826 0.0000000000
74867  -54.200  -18.485  -13.707 0.0000000000
74869  -58.762  -17.836  -13.249 0.0000000000
74870  -59.276  -18.241  -13.649 0.0000000000
74871  -53.967  -19.171  -14.032 0.0000000000
74875  -59.667  -18.566  -14.072 0.0000000000
74876  -60.305  -18.482  -14.515 0.0000000000
74879  -61.084  -18.706  -15.216 0.0000000000
74880  -61.864  -18.474  -15.818 0.0000000000
74881  -58.590  -18.597  -16.353 0.0000000000
74882  -58.999  -18.183  -16.778 0.0000000000
74883  -63.295  -18.173  -17.322 0.0000000000
74884  -60.552  -18.270  -18.177 0.0000000000
74885  -63.487  -18.337  -18.192 0.0000000000
74886  -62.529  -18.698  -18.933 0.0000000000
74887  -63.163  -18.492  -18.675 0.0000000000
75799  -50.223  -17.601  -12.996 0.0000000000
75802  -52.264  -17.443  -13.627 0.0000000000
75803  -52.731  -16.918  -13.545 0.0000000000
75804  -53.622  -17.965  -13.620 0.0000000000
75805  -54.385  -17.806  -13.455 0.0000000000
75807  -59.393  -17.420  -13.616 0.0000000000
75811  -59.858  -17.888  -14.067 0.0000000000
75812  -60.443  -17.688  -14.440 0.0000000000
75813  -61.090  -17.116  -14.733 0.0000000000
75815  -58.553  -17.634  -16.285 0.0000000000
75816  -60.902  -17.975  -14.804 0.0000000000
75817  -61.582  -17.838  -15.332 0.0000000000
75818  -62.555  -17.776  -16.235 0.0000000000
75819  -63.514  -16.615  -16.931 0.0000000000
75820  -59.152  -17.516  -16.997 0.0000000000
75821  -63.396  -17.301  -17.080 0.0000000000
75822  -63.563  -16.856  -17.546 0.0000000000
75823  -59.758  -17.465  -17.552 0.0000000000
75824  -60.616  -17.464  -18.104 0.0000000000
75825  -61.758  -17.195  -18.437 0.0000000000
75826  -63.587  -17.526  -17.873 0.0000000000
75827  -63.599  -17.044  -18.000 0.0000000000
75828  -61.602  -18.043  -18.607 0.0000000000
75829  -62.640  -17.828  -18.685 0.0000000000
75830  -63.346  -17.566  -18.332 0.0000000000
75831  -63.346  -16.763  -18.131 0.0000000000
76721  -50.646  -15.985  -13.351 0.0000000000
76722  -51.167  -16.675  -13.441 0.0000000000
76723  -52.372  -16.192  -13.496 0.0000000000
76724  -53.680  -17.222  -13.358 0.0000000000
76725  -54.776  -17.163  -13.222 0.0000000000
76728  -58.794  -16.975  -13.191 0.0000000000
76729  -59.455  -16.566  -13.578 0.0000000000
76730  -60.052  -15.973  -13.919 0.0000000000
76733  -60.152  -16.983  -14.091 0.0000000000
76734  -61.672  -16.142  -14.929 0.0000000000
76735  -62.423  -15.694  -15.318 0.0000000000
76736  -57.784  -16.488  -15.447 0.0000000000
76737  -58.309  -16.705  -16.058 0.0000000000
76738  -62.098  -16.891  -15.483 0.0000000000
76739  -62.749  -16.179  -15.767 0.0000000000
76740  -63.440  -15.909  -16.500 0.0000000000
76741  -58.138  -15.907  -15.981 0.0000000000
76742  -58.813  -16.766  -16.701 0.0000000000
76743  -59.399  -16.783  -17.271 0.0000000000
76744  -63.584  -16.167  -17.203 0.0000000000
76745  -60.044  -16.894  -17.716 0.0000000000
76746  -60.823  -16.627  -18.002 0.0000000000
76747  -61.922  -16.392  -18.133 0.0000000000
76748  -62.895  -16.246  -18.061 0.0000000000
76749  -63.465  -16.520  -17.687 0.0000000000
76750  -62.775  -16.967  -18.439 0.0000000000
77597  -51.010  -15.373  -13.494 0.0000000000
77598  -51.526  -15.138  -13.479 0.0000000000
77599  -52.773  -15.683  -13.217 0.0000000000
77600  -53.731  -15.807  -12.789 0.0000000000
77607  -57.675  -15.710  -15.427 0.0000000000
77608  -60.697  -15.319  -14.171 0.0000000000
77609  -62.080  -15.220  -14.853 0.0000000000
77610  -62.892  -14.883  -15.344 0.0000000000
77611  -57.503  -14.973  -15.404 0.0000000000
77612  -57.938  -15.179  -15.989 0.0000000000
77613  -63.170  -15.406  -15.805 0.0000000000
77614  -63.583  -14.995  -16.309 0.0000000000
77615  -58.451  -15.308  -16.605 0.0000000000
77616  -59.083  -15.901  -17.085 0.0000000000
77617  -59.848  -15.347  -17.401 0.0000000000
77618  -60.615  -15.016  -17.308 0.0000000000
77619  -63.623  -15.360  -16.901 0.0000000000
77620  -60.933  -15.743  -17.663 0.0000000000
77621  -62.199  -15.651  -17.703 0.0000000000
77622  -63.485  -15.816  -17.326 0.0000000000
78556  -61.858  -13.852  -14.184 0.0000000000
78557  -56.011  -14.593  -13.678 0.0000000000
78558  -56.690  -14.486  -14.496 0.0000000000
78559  -61.544  -14.764  -14.393 0.0000000000
78560  -62.721  -14.179  -14.848 0.0000000000
78561  -63.459  -14.087  -15.554 0.0000000000
78562  -57.173  -14.498  -15.103 0.0000000000
78563  -57.493  -14.217  -15.734 0.0000000000
78564  -63.660  -14.243  -16.072 0.0000000000
78565  -58.147  -14.608  -16.460 0.0000000000
78566  -59.075  -14.927  -17.168 0.0000000000
78567  -59.910  -14.482  -17.125 0.0000000000
78568  -62.380  -14.434  -17.005 0.0000000000
78569  -63.528  -14.633  -16.547 0.0000000000
78570  -61.609  -15.046  -17.330 0.0000000000
78571  -63.189  -14.646  -17.104 0.0000000000
78572  -63.530  -15.014  -17.062 0.0000000000
79410  -62.188  -13.005  -13.850 0.0000000000
79411  -63.059  -13.129  -14.566 0.0000000000
79412  -56.330  -13.683  -14.236 0.0000000000
79413  -63.517  -13.294  -15.263 0.0000000000
79414  -63.596  -13.532  -15.823 0.0000000000
79415  -57.003  -13.724  -15.242 0.0000000000
79416  -57.588  -13.460  -16.226 0.0000000000
79417  -60.225  -13.183  -16.192 0.0000000000
79418  -61.678  -13.100  -16.119 0.0000000000
79419  -63.486  -13.235  -15.958 0.0000000000
79420  -63.566  -13.942  -16.232 0.0000000000
79421  -58.141  -13.375  -16.772 0.0000000000
79422  -58.727  -13.456  -16.954 0.0000000000
79423  -59.520  -13.695  -16.832 0.0000000000
79424  -60.703  -13.834  -16.546 0.0000000000
79425  -62.081  -13.760  -16.554 0.0000000000
79426  -63.178  -13.864  -16.560 0.0000000000
79427  -63.393  -14.423  -16.679 0.0000000000
80290  -63.154  -12.297  -14.201 0.0000000000
80291  -55.880  -12.750  -14.014 0.0000000000
80292  -56.529  -12.864  -14.972 0.0000000000
80293  -63.605  -12.414  -15.002 0.0000000000
80294  -57.166  -12.812  -15.935 0.0000000000
80295  -59.624  -12.473  -15.887 0.0000000000
80296  -61.185  -12.466  -15.645 0.0000000000
80297  -62.625  -12.346  -15.727 0.0000000000
80298  -63.404  -12.490  -15.447 0.0000000000
80299  -57.935  -12.566  -16.863 0.0000000000
80300  -59.114  -12.985  -16.732 0.0000000000
80301  -63.003  -13.006  -16.194 0.0000000000
81187  -55.445  -11.850  -13.852 0.0000000000
81189  -56.130  -11.936  -14.803 0.0000000000
81190  -56.605  -11.577  -15.858 0.0000000000
81191  -59.781  -10.781  -14.777 0.0000000000
81192  -62.561  -11.137  -15.012 0.0000000000
81193  -63.263  -11.320  -14.702 0.0000000000
81194  -63.371  -11.572  -14.463 0.0000000000
81195  -57.290  -11.276  -16.779 0.0000000000
81196  -57.944  -11.668  -17.075 0.0000000000
81197  -58.757  -11.964  -16.341 0.0000000000
81198  -59.468  -11.709  -15.431 0.0000000000
81199  -60.860  -11.604  -15.132 0.0000000000
81200  -63.192  -11.730  -15.275 0.0000000000
81201  -63.535  -11.877  -15.007 0.0000000000
81202  -57.890  -10.688  -17.296 0.0000000000
81203  -58.247  -11.292  -16.898 0.0000000000
82056  -55.048  -11.046  -13.782 0.0000000000
82064  -55.382  -10.455  -14.524 0.0000000000
82065  -56.047  -11.042  -15.139 0.0000000000
82066  -62.920  -10.433  -14.353 0.0000000000
82067  -63.331  -10.931  -14.154 0.0000000000
82068  -55.925  -10.311  -15.477 0.0000000000
82069  -56.509  -10.863  -16.157 0.0000000000
82070  -58.778  -11.223  -15.735 0.0000000000
82071  -57.088  -10.673  -17.036 0.0000000000
82957  -58.802  -10.270  -15.231 0.0000000000
82962  -56.415  -10.163  -16.475 0.0000000000
82965  -57.237  -9.963  -17.495 0.0000000000
82966  -58.034  -9.803  -17.906 0.0000000000
124402  -52.506  -61.004  -18.793 0.0000000000
124417  -55.277  -46.509  -17.444 0.0000000000
124513  -56.298  -45.728  -16.235 0.0000000000
124665  -60.623  -21.224  -15.506 0.0000000000
124717  -57.038  -46.482  -18.450 0.0000000000
124748  -44.192  -66.479  -18.179 0.0000000000
125035  -51.720  -37.555  -23.338 0.0000000000
125047  -53.896  -53.542  -16.185 0.0000000000
125062  -47.579  -40.787  -13.181 0.0000000000
125111  -52.435  -60.835  -19.681 0.0000000000
125179  -58.632  -12.455  -16.722 0.0000000000
125190  -56.193  -44.487  -19.797 0.0000000000
125211  -55.100  -28.685  -11.501 0.0000000000
125213  -55.497  -53.462  -17.679 0.0000000000
125271  -55.097  -56.698  -13.634 0.0000000000
125278  -52.210  -42.052  -18.123 0.0000000000
125326  -47.216  -40.170  -13.266 0.0000000000
125366  -53.027  -53.736  -16.367 0.0000000000
125508  -55.545  -32.164  -18.186 0.0000000000
125597  -58.243  -45.503  -14.846 0.0000000000
125626  -50.908  -45.413  -19.792 0.0000000000
125629  -59.204  -52.689  -15.532 0.0000000000
125671  -52.757  -53.547  -14.903 0.0000000000
125684  -51.499  -17.389  -13.510 0.0000000000
125756  -57.154  -45.558  -15.979 0.0000000000
125793  -50.345  -39.425  -20.671 0.0000000000
125921  -50.468  -58.572  -18.961 0.0000000000
125932  -61.164  -14.468  -16.899 0.0000000000
125960  -57.320  -45.468  -15.065 0.0000000000
126090  -51.931  -16.729  -13.582 0.0000000000
126102  -52.016  -23.468  -14.706 0.0000000000
126134  -51.756  -35.975  -18.525 0.0000000000
126135  -52.401  -62.391  -18.243 0.0000000000
126201  -48.475  -41.689  -14.058 0.0000000000
126243  -60.418  -27.969  -16.870 0.0000000000
126266  -57.531  -27.480  -13.422 0.0000000000
126278  -52.429  -43.565  -19.359 0.0000000000
126331  -57.015  -55.538  -18.664 0.0000000000
126476  -58.230  -52.406  -15.284 0.0000000000
126534  -60.803  -16.189  -14.393 0.0000000000
126613  -61.857  -25.093  -19.330 0.0000000000
126620  -48.105  -41.030  -15.255 0.0000000000
126687  -56.484  -44.620  -20.986 0.0000000000
126730  -62.193  -43.408  -16.409 0.0000000000
126784  -46.689  -69.486  -24.098 0.0000000000
126856  -44.516  -66.622  -19.590 0.0000000000
126999  -59.225  -45.646  -14.744 0.0000000000
127130  -58.682  -20.063  -16.764 0.0000000000
127243  -53.346  -25.025  -15.376 0.0000000000
127538  -55.357  -53.624  -18.942 0.0000000000
127616  -58.970  -43.836  -21.010 0.0000000000
127631  -49.544  -45.316  -14.806 0.0000000000
127682  -49.402  -41.768  -18.530 0.0000000000
127684  -59.548  -54.562  -10.811 0.0000000000
127706  -48.731  -45.091  -13.545 0.0000000000
127722  -52.550  -18.068  -13.711 0.0000000000
127724  -58.642  -18.680  -13.323 0.0000000000
127725  -54.426  -46.599  -17.005 0.0000000000
128012  -46.736  -68.414  -16.968 0.0000000000
128036  -63.001  -20.752  -17.835 0.0000000000
128039  -57.901  -26.830  -18.993 0.0000000000
128126  -59.923  -19.968  -14.651 0.0000000000
128271  -61.484  -43.887  -18.647 0.0000000000
128321  -61.178  -52.940  -9.158 0.0000000000
128379  -58.656  -29.766  -15.138 0.0000000000
128498  -62.636  -20.874  -19.170 0.0000000000
128588  -56.922  -33.735  -17.722 0.0000000000
128743  -43.526  -46.310  -8.492 0.0000000000
128925  -56.364  -26.837  -12.509 0.0000000000
128926  -49.373  -40.222  -18.229 0.0000000000
129029  -58.979  -14.149  -17.101 0.0000000000
129112  -55.495  -55.472  -18.519 0.0000000000
129430  -56.364  -57.618  -13.874 0.0000000000
129529  -55.147  -44.820  -19.653 0.0000000000
129536  -50.185  -66.166  -14.617 0.0000000000
129573  -57.003  -45.855  -16.860 0.0000000000
129576  -54.792  -35.536  -17.607 0.0000000000
129593  -49.209  -40.984  -18.396 0.0000000000
129611  -63.009  -16.796  -16.321 0.0000000000
129689  -58.165  -22.964  -17.499 0.0000000000
129709  -52.222  -18.627  -13.745 0.0000000000
129787  -53.759  -53.727  -18.532 0.0000000000
129801  -51.052  -60.782  -20.760 0.0000000000
129885  -63.890  -44.337  -13.077 0.0000000000
129957  -49.758  -47.265  -13.383 0.0000000000
129979  -62.033  -23.876  -17.564 0.0000000000
130286  -54.453  -45.482  -13.748 0.0000000000
130289  -52.932  -31.087  -15.639 0.0000000000
130352  -51.769  -63.119  -15.210 0.0000000000
130443  -62.318  -52.384  -13.770 0.0000000000
130457  -58.578  -46.580  -20.642 0.0000000000
130719  -59.626  -18.305  -17.472 0.0000000000
130796  -60.243  -22.034  -15.347 0.0000000000
130837  -61.587  -20.036  -16.035 0.0000000000
131010  -46.250  -64.228  -10.709 0.0000000000
131042  -60.576  -55.355  -14.411 0.0000000000
131132  -51.478  -46.868  -14.814 0.0000000000
131169  -50.885  -58.706  -20.121 0.0000000000
131189  -54.472  -33.591  -19.472 0.0000000000
131287  -50.719  -19.766  -13.354 0.0000000000
131460  -61.423  -18.903  -18.710 0.0000000000
131476  -60.273  -51.904  -9.300 0.0000000000
131533  -48.299  -47.388  -10.993 0.0000000000
131628  -53.223  -16.413  -13.267 0.0000000000
131648  -60.738  -28.231  -19.620 0.0000000000
131653  -50.540  -44.665  -19.262 0.0000000000
131711  -51.406  -33.420  -16.323 0.0000000000
131788  -44.854  -46.878  -9.544 0.0000000000
131962  -55.212  -45.466  -13.833 0.0000000000
132086  -53.594  -37.422  -20.467 0.0000000000
132249  -52.183  -46.669  -15.247 0.0000000000
132253  -54.897  -33.672  -14.195 0.0000000000
132380  -55.200  -46.122  -22.896 0.0000000000
132539  -53.577  -31.732  -16.780 0.0000000000
132565  -55.724  -28.847  -12.003 0.0000000000
132641  -42.572  -70.181  -22.837 0.0000000000
132683  -51.532  -15.926  -13.522 0.0000000000
132781  -52.595  -57.384  -19.040 0.0000000000
132793  -43.922  -67.213  -20.805 0.0000000000
132818  -53.978  -23.845  -15.656 0.0000000000
132936  -58.882  -42.506  -19.789 0.0000000000
133129  -63.532  -12.940  -15.511 0.0000000000
133145  -57.019  -15.102  -14.715 0.0000000000
133648  -54.251  -16.535  -12.944 0.0000000000
133750  -62.252  -52.375  -12.130 0.0000000000
133808  -54.003  -36.496  -20.785 0.0000000000
133970  -58.102  -10.285  -17.337 0.0000000000
134002  -47.885  -68.469  -21.208 0.0000000000
134018  -65.250  -47.428  -12.049 0.0000000000
134019  -43.938  -68.439  -24.486 0.0000000000
134204  -59.496  -31.445  -20.529 0.0000000000
134256  -58.596  -22.850  -14.232 0.0000000000
134260  -49.806  -67.187  -17.066 0.0000000000
134459  -60.002  -27.237  -19.843 0.0000000000
134487  -48.602  -67.795  -20.064 0.0000000000
134503  -53.413  -36.915  -21.856 0.0000000000
134541  -47.314  -45.471  -11.760 0.0000000000
134566  -49.675  -62.745  -12.438 0.0000000000
134585  -49.679  -58.874  -17.377 0.0000000000
134591  -62.557  -18.768  -16.563 0.0000000000
134696  -52.409  -62.886  -17.424 0.0000000000
134836  -62.035  -40.705  -16.007 0.0000000000
134887  -55.604  -11.257  -14.385 0.0000000000
134915  -49.745  -40.929  -21.241 0.0000000000
134932  -47.309  -56.990  -13.474 0.0000000000
135001  -48.541  -55.821  -14.669 0.0000000000
135040  -53.862  -36.692  -17.201 0.0000000000
135120  -48.641  -67.549  -16.249 0.0000000000
135202  -61.309  -25.814  -17.270 0.0000000000
135280  -45.523  -65.953  -20.419 0.0000000000
135353  -58.539  -16.108  -16.488 0.0000000000
135488  -50.847  -57.926  -19.651 0.0000000000
135511  -60.092  -29.621  -20.273 0.0000000000
135579  -50.988  -21.053  -13.713 0.0000000000
135666  -59.352  -51.653  -13.375 0.0000000000
135710  -62.631  -43.894  -12.960 0.0000000000
135727  -48.582  -57.996  -15.440 0.0000000000
136038  -60.655  -27.032  -19.802 0.0000000000
136117  -56.038  -23.632  -16.413 0.0000000000
136164  -61.114  -25.060  -16.668 0.0000000000
136276  -62.244  -11.774  -15.413 0.0000000000
136279  -54.053  -53.366  -15.583 0.0000000000
136322  -57.933  -29.225  -18.333 0.0000000000
136689  -62.089  -25.081  -18.865 0.0000000000
136834  -59.937  -16.200  -17.578 0.0000000000
136836  -52.090  -37.490  -23.399 0.0000000000
136984  -43.450  -67.350  -19.247 0.0000000000
136992  -56.634  -28.297  -12.642 0.0000000000
137012  -61.362  -47.916  -12.387 0.0000000000
137080  -55.092  -53.861  -19.964 0.0000000000
137134  -60.690  -45.086  -19.590 0.0000000000
137160  -49.899  -23.291  -12.645 0.0000000000
137221  -51.326  -59.547  -20.792 0.0000000000
137265  -51.518  -64.321  -18.166 0.0000000000
137297  -64.664  -46.052  -13.246 0.0000000000
137301  -57.718  -33.585  -19.205 0.0000000000
137353  -45.325  -66.112  -21.082 0.0000000000
137468  -59.585  -23.069  -18.537 0.0000000000
137578  -42.812  -68.427  -20.319 0.0000000000
137579  -55.792  -27.080  -12.019 0.0000000000
137590  -54.854  -30.023  -11.508 0.0000000000
137632  -60.258  -42.832  -19.882 0.0000000000
137647  -48.758  -47.143  -11.351 0.0000000000
137838  -61.523  -10.505  -14.625 0.0000000000
137839  -50.528  -33.920  -14.887 0.0000000000
137898  -50.036  -44.337  -15.145 0.0000000000
137905  -42.598  -70.443  -24.383 0.0000000000
137992  -58.447  -10.610  -16.367 0.0000000000
138001  -58.390  -14.009  -16.790 0.0000000000
138085  -57.323  -12.021  -16.451 0.0000000000
138204  -55.262  -56.599  -14.565 0.0000000000
138297  -47.725  -47.507  -13.963 0.0000000000
138353  -51.337  -53.502  -13.677 0.0000000000
138547  -55.139  -31.843  -17.621 0.0000000000
138676  -59.946  -41.257  -18.885 0.0000000000
138801  -58.692  -27.882  -14.538 0.0000000000
138858  -58.809  -24.232  -14.527 0.0000000000
138882  -49.680  -56.727  -16.714 0.0000000000
138942  -58.410  -29.023  -19.008 0.0000000000
139070  -43.121  -47.010  -8.321 0.0000000000
139200  -50.928  -39.228  -23.557 0.0000000000
139269  -60.478  -29.726  -19.426 0.0000000000
139346  -60.359  -22.944  -18.946 0.0000000000
139355  -51.707  -43.605  -22.168 0.0000000000
139395  -59.618  -29.519  -20.155 0.0000000000
139621  -59.471  -54.950  -11.543 0.0000000000
139660  -58.416  -12.821  -16.875 0.0000000000
139739  -58.975  -29.240  -19.739 0.0000000000
139742  -65.112  -46.158  -11.782 0.0000000000
139823  -57.887  -56.374  -13.030 0.0000000000
139888  -48.199  -57.936  -14.881 0.0000000000
139961  -62.430  -48.209  -12.483 0.0000000000
140229  -59.814  -31.117  -20.312 0.0000000000
140335  -58.353  -26.196  -19.113 0.0000000000
140374  -56.118  -25.112  -12.442 0.0000000000
140428  -57.893  -14.045  -16.389 0.0000000000
140815  -62.413  -43.887  -17.121 0.0000000000
140864  -42.511  -70.659  -25.861 0.0000000000
140977  -57.763  -53.692  -17.871 0.0000000000
141124  -60.893  -41.845  -19.162 0.0000000000
141237  -41.293  -72.160  -22.222 0.0000000000
141252  -63.488  -47.234  -12.642 0.0000000000
141456  -57.592  -28.708  -13.455 0.0000000000
141495  -59.257  -27.552  -15.149 0.0000000000
141598  -59.116  -28.537  -15.175 0.0000000000
141643  -49.725  -22.815  -13.081 0.0000000000
141699  -63.286  -16.212  -17.779 0.0000000000
141736  -52.951  -22.085  -14.792 0.0000000000
141753  -63.462  -51.880  -13.148 0.0000000000
141869  -52.601  -23.639  -15.097 0.0000000000
141990  -61.319  -27.164  -19.250 0.0000000000
142031  -62.059  -43.063  -17.333 0.0000000000
142162  -46.735  -39.926  -12.154 0.0000000000
142178  -53.490  -55.906  -14.085 0.0000000000
142327  -51.037  -37.822  -18.895 0.0000000000
142644  -56.443  -55.447  -18.969 0.0000000000
142683  -58.255  -12.092  -16.898 0.0000000000
142722  -58.583  -14.572  -16.863 0.0000000000
142736  -52.942  -34.485  -20.252 0.0000000000
142752  -48.836  -55.251  -14.647 0.0000000000
142887  -52.076  -15.553  -13.485 0.0000000000
143192  -54.514  -45.596  -14.606 0.0000000000
143194  -51.638  -33.802  -17.115 0.0000000000
143245  -50.512  -32.218  -13.722 0.0000000000
143344  -62.421  -40.570  -17.181 0.0000000000
143347  -52.636  -53.727  -15.668 0.0000000000
143413  -53.404  -54.239  -20.394 0.0000000000
143426  -61.332  -15.545  -14.521 0.0000000000
143549  -51.667  -61.923  -19.914 0.0000000000
143560  -49.761  -65.417  -19.591 0.0000000000
143571  -61.604  -25.066  -17.447 0.0000000000
143694  -57.681  -26.594  -13.642 0.0000000000
143741  -61.329  -52.535  -11.386 0.0000000000
143832  -42.097  -70.399  -21.144 0.0000000000
143893  -50.911  -42.740  -22.695 0.0000000000
143902  -56.508  -47.238  -20.235 0.0000000000
144028  -51.824  -55.905  -20.424 0.0000000000
144069  -54.366  -45.484  -12.918 0.0000000000
144072  -47.834  -64.681  -12.072 0.0000000000
144115  -51.896  -33.038  -16.952 0.0000000000
144157  -63.149  -15.497  -17.516 0.0000000000
144166  -47.007  -54.476  -10.712 0.0000000000
144181  -55.798  -45.149  -21.491 0.0000000000
144186  -48.912  -65.987  -20.369 0.0000000000
144245  -46.911  -38.910  -12.628 0.0000000000
144363  -49.305  -67.324  -16.446 0.0000000000
144592  -48.376  -40.573  -16.301 0.0000000000
144752  -57.787  -14.599  -16.013 0.0000000000
144788  -49.394  -61.799  -18.184 0.0000000000
144797  -60.554  -25.056  -16.054 0.0000000000
144805  -55.774  -45.649  -15.684 0.0000000000
144827  -52.303  -57.198  -20.904 0.0000000000
145031  -47.958  -65.291  -12.549 0.0000000000
145123  -47.012  -55.029  -11.699 0.0000000000
145248  -56.709  -12.248  -15.624 0.0000000000
145281  -48.758  -62.799  -20.385 0.0000000000
145294  -55.205  -46.815  -18.242 0.0000000000
145467  -49.573  -42.331  -19.586 0.0000000000
145554  -50.350  -43.845  -21.687 0.0000000000
145602  -50.407  -56.977  -18.077 0.0000000000
145686  -60.140  -54.460  -10.077 0.0000000000
145700  -50.901  -45.412  -18.881 0.0000000000
145854  -49.765  -60.951  -12.075 0.0000000000
145858  -51.935  -21.526  -14.239 0.0000000000
146001  -58.313  -31.017  -15.796 0.0000000000
146035  -55.049  -34.602  -16.146 0.0000000000
146049  -47.763  -65.838  -21.333 0.0000000000
146216  -51.002  -43.421  -22.551 0.0000000000
146236  -56.088  -24.898  -17.396 0.0000000000
146253  -51.393  -43.756  -22.318 0.0000000000
146329  -56.088  -28.346  -12.267 0.0000000000
146390  -60.087  -17.875  -17.793 0.0000000000
146408  -44.075  -67.619  -23.247 0.0000000000
146424  -61.272  -45.235  -10.687 0.0000000000
146560  -62.580  -15.007  -17.379 0.0000000000
146590  -51.476  -48.161  -17.189 0.0000000000
146645  -60.058  -49.989  -12.214 0.0000000000
146699  -48.524  -62.697  -11.440 0.0000000000
146812  -54.174  -55.724  -15.891 0.0000000000
146856  -47.802  -46.069  -12.999 0.0000000000
147036  -53.720  -36.755  -21.219 0.0000000000
147051  -57.251  -28.712  -17.078 0.0000000000
147153  -49.911  -67.126  -17.706 0.0000000000
147197  -50.463  -45.698  -16.643 0.0000000000
147200  -59.486  -41.179  -18.299 0.0000000000
147211  -54.164  -22.422  -15.171 0.0000000000
147420  -50.334  -60.730  -20.281 0.0000000000
147544  -62.191  -16.246  -15.349 0.0000000000
147585  -57.544  -31.165  -14.771 0.0000000000
147671  -45.527  -69.933  -25.559 0.0000000000
147902  -45.404  -69.025  -25.074 0.0000000000
147928  -58.280  -12.442  -16.925 0.0000000000
147940  -57.827  -21.034  -16.329 0.0000000000
148013  -52.148  -47.579  -16.643 0.0000000000
148027  -46.533  -44.691  -10.072 0.0000000000
148042  -58.593  -54.248  -10.779 0.0000000000
148117  -53.249  -46.503  -22.276 0.0000000000
148155  -56.003  -34.042  -19.935 0.0000000000
148162  -43.212  -69.670  -25.120 0.0000000000
148169  -55.563  -55.940  -16.255 0.0000000000
148263  -45.633  -66.127  -22.057 0.0000000000
148360  -61.594  -55.157  -11.457 0.0000000000
148514  -51.001  -55.697  -18.442 0.0000000000
148517  -60.291  -55.981  -12.685 0.0000000000
148584  -60.623  -46.509  -18.003 0.0000000000
148619  -48.685  -41.404  -16.471 0.0000000000
148775  -43.847  -67.611  -22.266 0.0000000000
148818  -57.390  -46.304  -17.984 0.0000000000
148823  -49.334  -47.943  -14.018 0.0000000000
148932  -51.044  -54.194  -15.355 0.0000000000
149053  -50.090  -45.857  -15.898 0.0000000000
149137  -45.334  -58.156  -11.583 0.0000000000
149148  -59.302  -26.791  -15.104 0.0000000000
149159  -50.123  -58.515  -18.053 0.0000000000
149496  -63.994  -50.554  -13.218 0.0000000000
149514  -53.479  -34.047  -19.852 0.0000000000
149637  -50.843  -17.333  -13.300 0.0000000000
149648  -53.096  -18.145  -13.745 0.0000000000
149716  -50.174  -39.159  -18.672 0.0000000000
149721  -58.766  -29.199  -14.938 0.0000000000
149810  -50.343  -63.405  -20.123 0.0000000000
149926  -61.522  -46.390  -16.417 0.0000000000
149993  -54.827  -52.479  -14.336 0.0000000000
150027  -54.856  -45.491  -14.199 0.0000000000
150102  -57.611  -28.165  -13.441 0.0000000000
150111  -50.760  -42.156  -22.827 0.0000000000
150148  -55.778  -52.259  -14.578 0.0000000000
150304  -63.462  -14.699  -15.819 0.0000000000
150383  -52.986  -17.599  -13.654 0.0000000000
