#!ascii label , from subject sub-08 vox2ras=TkReg rh ROI=MOG coords=white from=aparc.a2009s:G_occipital_middle+S_occipital_ant
2747
1939  25.056  -93.021  2.018 0.0000000000
1947  25.133  -93.073  0.863 0.0000000000
1963  25.050  -92.928  0.129 0.0000000000
1971  24.282  -93.295  0.021 0.0000000000
2262  26.097  -92.924  19.805 0.0000000000
2274  25.421  -93.221  19.284 0.0000000000
2286  25.305  -93.107  18.651 0.0000000000
2287  24.842  -92.705  18.645 0.0000000000
2411  25.058  -92.014  4.610 0.0000000000
2412  24.379  -92.467  4.815 0.0000000000
2416  25.302  -92.270  3.818 0.0000000000
2417  24.743  -92.687  4.238 0.0000000000
2420  25.874  -92.157  2.186 0.0000000000
2421  25.449  -92.488  2.685 0.0000000000
2422  24.953  -92.872  3.224 0.0000000000
2431  26.134  -92.213  1.188 0.0000000000
2432  25.589  -92.626  1.502 0.0000000000
2447  26.338  -92.168  0.252 0.0000000000
2448  25.756  -92.543  0.339 0.0000000000
2457  26.254  -92.062  -0.350 0.0000000000
2458  25.508  -92.319  -0.283 0.0000000000
2459  24.780  -92.775  -0.116 0.0000000000
2460  22.996  -92.184  -0.825 0.0000000000
2812  26.973  -92.430  20.943 0.0000000000
2827  26.164  -92.622  18.747 0.0000000000
2838  25.482  -92.827  18.016 0.0000000000
2850  26.100  -92.480  17.045 0.0000000000
2851  25.767  -92.535  17.209 0.0000000000
2852  25.163  -92.409  17.791 0.0000000000
2863  26.265  -92.224  16.560 0.0000000000
2955  26.034  -90.916  4.428 0.0000000000
2956  25.368  -91.271  4.717 0.0000000000
2957  24.659  -91.688  4.967 0.0000000000
2958  23.133  -91.805  5.286 0.0000000000
2969  26.249  -91.226  3.693 0.0000000000
2970  25.631  -91.578  4.229 0.0000000000
2974  26.364  -91.579  2.298 0.0000000000
2975  25.840  -91.898  3.242 0.0000000000
2984  27.184  -91.346  0.376 0.0000000000
2985  26.634  -91.750  0.881 0.0000000000
2989  26.852  -91.892  -0.009 0.0000000000
2997  27.214  -91.438  -0.650 0.0000000000
2998  26.723  -91.635  -0.777 0.0000000000
2999  26.187  -91.738  -0.704 0.0000000000
3000  24.622  -92.219  -0.373 0.0000000000
3001  23.786  -91.971  -0.511 0.0000000000
3002  22.467  -91.197  -0.945 0.0000000000
3405  27.587  -91.781  21.012 0.0000000000
3406  26.720  -92.135  20.025 0.0000000000
3418  26.534  -91.474  19.022 0.0000000000
3419  24.328  -91.635  19.223 0.0000000000
3431  26.336  -92.257  17.656 0.0000000000
3432  24.632  -91.627  18.239 0.0000000000
3441  27.108  -91.891  16.003 0.0000000000
3442  26.426  -92.177  16.606 0.0000000000
3443  25.764  -91.993  16.540 0.0000000000
3444  25.060  -91.609  17.324 0.0000000000
3451  27.880  -91.297  14.929 0.0000000000
3452  27.569  -91.419  15.329 0.0000000000
3453  27.020  -91.759  15.637 0.0000000000
3454  26.413  -92.040  16.063 0.0000000000
3461  28.930  -90.720  14.350 0.0000000000
3462  28.306  -91.049  14.745 0.0000000000
3463  27.600  -91.255  14.965 0.0000000000
3464  26.904  -91.084  15.207 0.0000000000
3470  28.342  -90.867  14.372 0.0000000000
3471  27.925  -90.852  14.443 0.0000000000
3543  27.162  -89.991  4.260 0.0000000000
3544  26.430  -90.240  4.431 0.0000000000
3545  25.740  -90.604  4.623 0.0000000000
3546  25.126  -90.978  4.919 0.0000000000
3547  24.290  -91.000  5.020 0.0000000000
3548  21.635  -90.267  4.994 0.0000000000
3558  27.329  -90.192  3.582 0.0000000000
3559  26.690  -90.564  4.048 0.0000000000
3563  27.401  -90.338  2.434 0.0000000000
3564  26.810  -90.788  3.012 0.0000000000
3572  28.081  -90.037  0.563 0.0000000000
3573  27.525  -90.550  1.121 0.0000000000
3574  26.962  -91.035  1.688 0.0000000000
3580  28.123  -90.447  -0.308 0.0000000000
3581  27.736  -90.857  -0.207 0.0000000000
3586  28.161  -90.629  -0.922 0.0000000000
3587  27.676  -91.022  -1.081 0.0000000000
3588  25.879  -91.002  -1.006 0.0000000000
3589  22.758  -90.594  -0.714 0.0000000000
3599  28.084  -90.534  -1.547 0.0000000000
3600  27.502  -90.822  -1.424 0.0000000000
3988  27.961  -90.900  21.069 0.0000000000
3994  27.106  -91.071  20.184 0.0000000000
4003  27.262  -89.889  20.294 0.0000000000
4004  26.752  -90.162  19.385 0.0000000000
4005  24.306  -90.516  18.944 0.0000000000
4006  24.031  -89.600  19.629 0.0000000000
4015  26.899  -89.903  18.014 0.0000000000
4016  26.668  -90.727  18.381 0.0000000000
4017  24.359  -89.540  18.692 0.0000000000
4026  27.354  -90.603  16.991 0.0000000000
4027  26.830  -91.518  17.165 0.0000000000
4028  25.221  -90.657  16.887 0.0000000000
4029  24.705  -89.641  17.745 0.0000000000
4036  29.025  -90.482  15.271 0.0000000000
4037  28.231  -91.027  15.349 0.0000000000
4038  27.906  -91.034  16.035 0.0000000000
4039  26.408  -91.363  15.747 0.0000000000
4040  25.868  -91.375  16.196 0.0000000000
4049  30.714  -89.766  14.153 0.0000000000
4050  29.814  -90.249  14.300 0.0000000000
4051  27.342  -90.468  14.785 0.0000000000
4061  30.722  -89.760  13.314 0.0000000000
4062  30.064  -90.122  13.380 0.0000000000
4063  29.271  -90.339  13.667 0.0000000000
4064  28.432  -90.486  14.055 0.0000000000
4071  31.171  -89.431  12.678 0.0000000000
4072  30.370  -89.742  12.776 0.0000000000
4073  29.767  -90.010  12.991 0.0000000000
4074  29.042  -90.177  13.501 0.0000000000
4083  30.691  -89.347  12.287 0.0000000000
4148  27.560  -89.408  4.313 0.0000000000
4149  26.903  -89.656  4.426 0.0000000000
4150  26.056  -89.828  4.520 0.0000000000
4151  25.229  -89.483  4.442 0.0000000000
4152  22.611  -89.380  4.570 0.0000000000
4166  27.810  -89.641  3.955 0.0000000000
4172  28.426  -89.197  3.561 0.0000000000
4173  27.885  -89.718  3.043 0.0000000000
4183  28.393  -89.384  1.438 0.0000000000
4184  27.915  -89.828  1.873 0.0000000000
4191  28.970  -89.544  -0.721 0.0000000000
4192  28.439  -90.076  -0.434 0.0000000000
4196  29.177  -89.696  -1.760 0.0000000000
4197  28.596  -90.160  -1.351 0.0000000000
4198  26.559  -90.003  -1.333 0.0000000000
4199  25.258  -90.361  -0.744 0.0000000000
4213  29.253  -89.554  -2.272 0.0000000000
4214  28.684  -89.982  -2.098 0.0000000000
4215  27.695  -90.087  -1.782 0.0000000000
4228  29.086  -89.481  -2.460 0.0000000000
4346  26.798  -89.928  -14.149 0.0000000000
4354  26.626  -89.803  -14.993 0.0000000000
4355  26.397  -90.292  -14.774 0.0000000000
4363  26.352  -89.642  -15.821 0.0000000000
4364  26.208  -90.136  -15.486 0.0000000000
4365  25.677  -90.292  -15.284 0.0000000000
4366  24.870  -90.070  -15.902 0.0000000000
4373  25.997  -89.979  -16.198 0.0000000000
4374  25.440  -90.032  -16.490 0.0000000000
4375  24.563  -89.762  -16.827 0.0000000000
4376  23.607  -89.266  -17.250 0.0000000000
4380  25.752  -89.744  -16.907 0.0000000000
4381  25.216  -89.820  -17.275 0.0000000000
4382  24.382  -89.556  -17.691 0.0000000000
4383  23.521  -89.233  -18.138 0.0000000000
4391  25.547  -89.572  -17.540 0.0000000000
4392  25.001  -89.596  -18.034 0.0000000000
4393  24.136  -89.368  -18.508 0.0000000000
4394  23.330  -89.182  -18.972 0.0000000000
4399  24.643  -89.193  -18.764 0.0000000000
4400  23.733  -89.149  -19.258 0.0000000000
4401  23.115  -89.064  -19.631 0.0000000000
4673  27.936  -89.585  21.001 0.0000000000
4674  23.692  -88.833  20.303 0.0000000000
4684  26.940  -89.017  19.681 0.0000000000
4685  26.744  -89.546  18.837 0.0000000000
4686  24.146  -88.691  19.383 0.0000000000
4687  23.863  -87.958  20.014 0.0000000000
4695  26.965  -88.640  18.739 0.0000000000
4696  24.486  -88.646  18.476 0.0000000000
4705  28.206  -88.459  17.040 0.0000000000
4706  27.692  -88.417  17.583 0.0000000000
4707  25.163  -89.243  17.150 0.0000000000
4708  24.802  -88.641  17.775 0.0000000000
4717  32.185  -88.502  15.753 0.0000000000
4718  31.411  -88.785  15.967 0.0000000000
4719  30.363  -88.812  16.131 0.0000000000
4720  29.398  -89.261  16.077 0.0000000000
4721  28.550  -89.766  16.252 0.0000000000
4722  27.790  -89.490  16.978 0.0000000000
4723  26.120  -88.846  16.168 0.0000000000
4732  32.136  -88.743  14.677 0.0000000000
4733  31.499  -89.186  15.015 0.0000000000
4734  30.684  -89.550  15.207 0.0000000000
4735  29.857  -89.887  15.328 0.0000000000
4736  27.260  -89.000  15.082 0.0000000000
4737  26.698  -89.653  15.384 0.0000000000
4747  32.024  -88.930  13.389 0.0000000000
4748  31.426  -89.371  13.889 0.0000000000
4749  28.974  -89.087  13.605 0.0000000000
4750  28.514  -89.888  13.820 0.0000000000
4751  27.890  -89.803  14.340 0.0000000000
4760  30.280  -89.474  12.546 0.0000000000
4761  29.708  -89.530  12.911 0.0000000000
4768  31.891  -88.929  12.165 0.0000000000
4769  31.267  -89.003  11.755 0.0000000000
4770  30.717  -89.035  11.959 0.0000000000
4778  31.864  -88.665  11.448 0.0000000000
4779  31.628  -88.530  11.264 0.0000000000
4829  29.309  -88.134  4.156 0.0000000000
4830  28.258  -89.103  4.207 0.0000000000
4831  27.879  -88.827  4.389 0.0000000000
4832  26.618  -89.128  4.402 0.0000000000
4833  25.648  -88.951  4.280 0.0000000000
4834  24.689  -88.757  4.134 0.0000000000
4835  23.715  -88.615  4.106 0.0000000000
4852  28.908  -88.692  3.906 0.0000000000
4853  25.117  -88.098  3.897 0.0000000000
4860  29.540  -88.205  3.547 0.0000000000
4861  29.025  -88.691  3.034 0.0000000000
4871  29.947  -87.916  1.237 0.0000000000
4872  29.695  -88.129  2.552 0.0000000000
4873  29.016  -88.689  1.667 0.0000000000
4881  30.108  -88.102  -0.244 0.0000000000
4882  29.319  -88.679  0.226 0.0000000000
4883  28.656  -89.355  0.461 0.0000000000
4890  30.460  -88.427  -1.741 0.0000000000
4891  29.598  -88.925  -1.125 0.0000000000
4908  30.208  -88.618  -2.704 0.0000000000
4909  29.713  -89.164  -2.190 0.0000000000
4910  28.617  -89.452  -2.324 0.0000000000
4911  27.811  -89.060  -2.087 0.0000000000
4912  26.912  -89.151  -1.465 0.0000000000
4921  29.552  -89.108  -2.612 0.0000000000
4922  29.190  -89.011  -2.716 0.0000000000
4923  28.525  -88.673  -2.524 0.0000000000
5004  27.230  -89.039  -12.758 0.0000000000
5015  26.988  -89.255  -13.574 0.0000000000
5023  26.746  -89.204  -14.438 0.0000000000
5032  26.465  -88.973  -15.348 0.0000000000
5043  26.124  -89.418  -16.748 0.0000000000
5044  23.572  -89.236  -16.228 0.0000000000
5051  26.247  -88.512  -18.008 0.0000000000
5052  25.947  -89.293  -17.426 0.0000000000
5062  26.089  -88.222  -18.566 0.0000000000
5071  25.102  -88.567  -19.055 0.0000000000
5072  24.036  -88.896  -19.535 0.0000000000
5073  23.222  -88.933  -20.002 0.0000000000
5078  23.407  -88.519  -20.451 0.0000000000
5079  22.646  -88.622  -20.736 0.0000000000
5087  22.788  -88.422  -21.225 0.0000000000
5358  28.234  -88.524  21.129 0.0000000000
5359  22.988  -87.305  21.346 0.0000000000
5368  27.863  -87.538  20.729 0.0000000000
5369  27.489  -88.425  20.401 0.0000000000
5370  23.564  -87.438  20.561 0.0000000000
5380  27.239  -87.637  19.138 0.0000000000
5381  24.321  -87.815  19.109 0.0000000000
5392  27.406  -87.982  18.274 0.0000000000
5393  25.092  -87.152  17.868 0.0000000000
5394  24.697  -87.840  18.194 0.0000000000
5402  28.554  -87.675  17.116 0.0000000000
5403  27.946  -87.503  17.736 0.0000000000
5404  25.167  -88.074  17.389 0.0000000000
5411  33.326  -87.562  16.118 0.0000000000
5412  32.881  -87.840  16.419 0.0000000000
5413  32.079  -88.109  16.470 0.0000000000
5414  31.143  -88.033  16.510 0.0000000000
5415  29.269  -87.434  16.841 0.0000000000
5416  28.903  -88.392  16.611 0.0000000000
5417  25.676  -87.852  16.761 0.0000000000
5426  32.762  -88.063  15.449 0.0000000000
5427  27.219  -87.666  15.459 0.0000000000
5428  26.309  -87.538  16.269 0.0000000000
5438  33.275  -87.382  15.108 0.0000000000
5439  32.655  -88.179  14.199 0.0000000000
5440  29.638  -87.063  13.813 0.0000000000
5441  28.539  -87.983  14.381 0.0000000000
5442  27.843  -88.362  14.754 0.0000000000
5451  33.142  -87.847  12.322 0.0000000000
5452  32.602  -88.375  12.866 0.0000000000
5453  30.207  -88.864  12.395 0.0000000000
5454  29.652  -88.327  13.239 0.0000000000
5462  33.166  -87.903  11.147 0.0000000000
5463  32.492  -88.398  11.718 0.0000000000
5464  31.190  -88.535  11.478 0.0000000000
5465  30.698  -88.329  11.869 0.0000000000
5474  32.816  -87.765  10.563 0.0000000000
5475  32.266  -88.227  10.961 0.0000000000
5528  30.172  -87.115  4.229 0.0000000000
5529  29.558  -87.585  4.238 0.0000000000
5530  28.908  -87.759  4.337 0.0000000000
5531  28.108  -88.065  4.351 0.0000000000
5532  26.087  -88.311  4.056 0.0000000000
5546  30.558  -87.270  3.567 0.0000000000
5547  29.958  -87.727  3.913 0.0000000000
5548  27.375  -87.418  3.983 0.0000000000
5549  25.559  -87.581  3.733 0.0000000000
5557  31.118  -87.114  2.112 0.0000000000
5558  30.169  -87.726  3.182 0.0000000000
5564  30.400  -87.589  2.294 0.0000000000
5572  31.306  -87.073  1.041 0.0000000000
5573  30.721  -87.497  0.529 0.0000000000
5578  31.779  -87.299  -0.915 0.0000000000
5579  30.920  -87.672  -0.643 0.0000000000
5594  31.756  -87.487  -2.191 0.0000000000
5595  31.000  -88.041  -2.600 0.0000000000
5605  31.437  -87.465  -2.893 0.0000000000
5606  30.683  -88.047  -3.071 0.0000000000
5607  29.844  -88.483  -3.028 0.0000000000
5608  28.459  -87.706  -2.542 0.0000000000
5609  27.770  -87.960  -1.983 0.0000000000
5680  26.655  -87.676  -11.781 0.0000000000
5700  26.771  -88.413  -13.198 0.0000000000
5701  26.428  -88.281  -13.874 0.0000000000
5713  26.011  -88.072  -14.738 0.0000000000
5726  25.546  -87.622  -15.792 0.0000000000
5734  25.704  -87.696  -16.695 0.0000000000
5745  26.752  -87.598  -18.197 0.0000000000
5746  26.338  -88.145  -17.788 0.0000000000
5756  26.616  -87.744  -18.409 0.0000000000
5766  26.708  -87.472  -18.827 0.0000000000
5767  25.881  -87.726  -19.107 0.0000000000
5768  24.825  -87.697  -19.590 0.0000000000
5775  23.976  -87.764  -20.348 0.0000000000
5776  23.313  -87.836  -21.348 0.0000000000
6100  23.112  -86.299  21.281 0.0000000000
6110  28.189  -86.589  20.910 0.0000000000
6111  27.713  -86.912  20.343 0.0000000000
6112  24.259  -86.085  19.972 0.0000000000
6113  23.764  -86.235  20.520 0.0000000000
6124  27.865  -86.281  19.169 0.0000000000
6125  27.550  -86.899  19.589 0.0000000000
6126  24.603  -86.263  19.335 0.0000000000
6134  28.132  -86.543  18.255 0.0000000000
6135  27.623  -87.088  18.670 0.0000000000
6136  25.196  -86.279  18.258 0.0000000000
6137  24.659  -86.937  18.746 0.0000000000
6145  34.956  -86.405  17.190 0.0000000000
6146  34.229  -86.398  17.328 0.0000000000
6147  32.464  -86.798  17.203 0.0000000000
6148  31.342  -86.456  17.098 0.0000000000
6149  30.260  -86.193  17.121 0.0000000000
6150  29.344  -86.492  17.265 0.0000000000
6151  28.598  -86.892  17.482 0.0000000000
6152  25.994  -86.083  16.992 0.0000000000
6153  25.526  -86.571  17.460 0.0000000000
6160  34.842  -86.538  17.047 0.0000000000
6161  34.161  -86.882  17.075 0.0000000000
6162  33.279  -87.307  17.003 0.0000000000
6163  31.775  -87.407  16.860 0.0000000000
6164  30.776  -87.131  16.801 0.0000000000
6165  26.922  -86.178  15.969 0.0000000000
6166  26.395  -86.531  16.436 0.0000000000
6167  25.841  -86.946  16.837 0.0000000000
6175  33.988  -86.914  16.455 0.0000000000
6176  27.983  -87.043  15.072 0.0000000000
6177  27.292  -86.731  15.600 0.0000000000
6178  26.777  -86.996  15.923 0.0000000000
6187  33.897  -86.586  15.460 0.0000000000
6188  29.402  -86.024  14.250 0.0000000000
6189  28.864  -86.817  14.459 0.0000000000
6199  33.881  -86.410  12.982 0.0000000000
6200  30.284  -87.454  12.873 0.0000000000
6201  30.085  -86.130  13.613 0.0000000000
6212  34.243  -86.674  11.584 0.0000000000
6213  33.672  -87.293  11.936 0.0000000000
6214  31.267  -86.895  11.557 0.0000000000
6215  30.787  -87.375  12.044 0.0000000000
6227  34.264  -86.941  10.437 0.0000000000
6228  33.439  -87.415  10.458 0.0000000000
6229  32.328  -87.567  10.610 0.0000000000
6230  31.605  -87.933  11.018 0.0000000000
6239  34.898  -86.440  9.339 0.0000000000
6240  34.451  -86.716  9.786 0.0000000000
6241  33.682  -86.947  9.858 0.0000000000
6242  32.932  -87.249  10.191 0.0000000000
6296  29.783  -86.438  4.422 0.0000000000
6298  28.366  -87.047  4.153 0.0000000000
6312  31.453  -86.274  2.881 0.0000000000
6313  30.899  -86.622  3.798 0.0000000000
6326  31.461  -86.693  2.263 0.0000000000
6327  31.125  -86.957  2.990 0.0000000000
6333  32.317  -86.369  0.880 0.0000000000
6334  31.691  -86.715  1.432 0.0000000000
6341  32.690  -86.472  -0.164 0.0000000000
6342  31.967  -86.820  0.283 0.0000000000
6349  33.376  -86.192  -0.777 0.0000000000
6350  32.948  -86.578  -1.220 0.0000000000
6351  32.431  -87.024  -1.705 0.0000000000
6364  33.588  -86.258  -1.780 0.0000000000
6365  32.956  -86.605  -2.134 0.0000000000
6366  32.242  -87.008  -2.545 0.0000000000
6374  33.431  -86.150  -2.304 0.0000000000
6375  32.670  -86.499  -2.526 0.0000000000
6376  31.951  -86.938  -2.936 0.0000000000
6377  31.000  -87.279  -3.254 0.0000000000
6378  30.256  -87.768  -3.248 0.0000000000
6379  29.323  -87.557  -3.064 0.0000000000
6380  27.637  -86.863  -2.068 0.0000000000
6464  25.730  -86.890  -11.318 0.0000000000
6465  24.839  -86.348  -11.829 0.0000000000
6472  25.789  -87.073  -12.249 0.0000000000
6473  24.934  -86.425  -12.779 0.0000000000
6477  25.882  -87.399  -13.219 0.0000000000
6483  25.213  -86.905  -14.850 0.0000000000
6484  24.666  -86.078  -14.832 0.0000000000
6492  24.983  -86.346  -15.558 0.0000000000
6500  26.335  -86.680  -17.418 0.0000000000
6501  25.880  -87.308  -17.238 0.0000000000
6510  28.189  -86.479  -18.125 0.0000000000
6511  27.525  -86.921  -18.193 0.0000000000
6512  26.757  -87.348  -17.860 0.0000000000
6523  27.167  -87.195  -18.512 0.0000000000
6533  27.372  -86.847  -18.886 0.0000000000
6534  26.545  -87.019  -19.230 0.0000000000
6535  25.417  -86.944  -19.540 0.0000000000
6542  24.497  -86.902  -20.106 0.0000000000
6551  23.924  -86.898  -20.996 0.0000000000
6552  23.509  -86.833  -21.884 0.0000000000
6928  22.961  -85.440  21.535 0.0000000000
6937  28.279  -85.583  20.596 0.0000000000
6938  27.841  -86.233  20.119 0.0000000000
6939  24.056  -85.496  20.427 0.0000000000
6947  28.152  -85.506  19.703 0.0000000000
6948  25.464  -85.402  18.391 0.0000000000
6949  24.660  -85.422  19.698 0.0000000000
6959  28.982  -85.185  18.267 0.0000000000
6960  28.380  -85.698  18.735 0.0000000000
6961  25.057  -85.808  18.950 0.0000000000
6969  35.418  -86.047  17.246 0.0000000000
6970  34.580  -85.855  17.413 0.0000000000
6971  32.732  -85.974  17.397 0.0000000000
6972  31.857  -85.733  17.341 0.0000000000
6973  30.903  -85.505  17.316 0.0000000000
6974  29.487  -85.631  17.592 0.0000000000
6975  28.740  -86.026  17.888 0.0000000000
6977  25.677  -85.742  17.663 0.0000000000
6984  35.912  -85.622  16.810 0.0000000000
6985  35.485  -86.135  17.120 0.0000000000
6995  34.941  -86.215  16.489 0.0000000000
6996  28.140  -85.312  15.181 0.0000000000
6997  27.613  -85.918  15.493 0.0000000000
7003  34.101  -85.857  14.814 0.0000000000
7004  29.716  -85.172  14.064 0.0000000000
7014  30.712  -86.193  12.723 0.0000000000
7015  30.330  -85.155  13.440 0.0000000000
7025  34.313  -85.894  12.467 0.0000000000
7026  31.704  -86.044  11.179 0.0000000000
7027  31.184  -85.562  12.116 0.0000000000
7038  35.489  -85.745  10.480 0.0000000000
7039  34.850  -86.326  10.936 0.0000000000
7040  31.829  -87.096  10.803 0.0000000000
7045  36.056  -86.035  8.983 0.0000000000
7046  35.528  -86.222  9.501 0.0000000000
7047  35.003  -86.589  9.983 0.0000000000
7048  33.484  -86.269  9.698 0.0000000000
7049  33.045  -86.662  9.967 0.0000000000
7053  35.879  -85.822  8.452 0.0000000000
7054  35.425  -86.137  8.878 0.0000000000
7055  34.734  -86.040  8.919 0.0000000000
7056  34.197  -86.463  9.445 0.0000000000
7060  35.367  -85.874  8.535 0.0000000000
7106  31.918  -85.816  2.258 0.0000000000
7109  32.454  -85.724  1.335 0.0000000000
7110  31.900  -86.306  1.857 0.0000000000
7114  33.613  -85.709  -0.481 0.0000000000
7115  32.951  -86.015  0.254 0.0000000000
7119  34.056  -85.852  -1.439 0.0000000000
7128  34.749  -85.447  -1.911 0.0000000000
7129  34.136  -85.803  -2.090 0.0000000000
7138  34.721  -85.269  -2.186 0.0000000000
7139  32.420  -86.320  -2.752 0.0000000000
7140  31.482  -86.400  -2.995 0.0000000000
7141  30.384  -86.225  -3.017 0.0000000000
7142  29.324  -85.884  -2.841 0.0000000000
7143  28.403  -85.523  -2.650 0.0000000000
7144  27.994  -86.071  -2.528 0.0000000000
7145  27.017  -85.693  -2.123 0.0000000000
7191  32.771  -86.094  -8.290 0.0000000000
7200  33.287  -85.998  -8.205 0.0000000000
7201  32.486  -86.203  -8.852 0.0000000000
7210  33.371  -86.095  -8.790 0.0000000000
7211  32.911  -86.396  -9.283 0.0000000000
7212  32.311  -86.274  -9.708 0.0000000000
7221  33.248  -86.063  -9.587 0.0000000000
7222  32.798  -86.330  -10.159 0.0000000000
7223  32.227  -86.332  -10.671 0.0000000000
7229  33.185  -85.857  -10.433 0.0000000000
7230  32.679  -86.156  -11.212 0.0000000000
7231  31.963  -86.265  -11.674 0.0000000000
7232  31.504  -85.856  -12.311 0.0000000000
7238  32.425  -86.110  -12.184 0.0000000000
7239  31.865  -86.035  -12.537 0.0000000000
7240  31.300  -85.678  -12.967 0.0000000000
7241  24.279  -85.685  -12.382 0.0000000000
7247  32.213  -85.879  -13.007 0.0000000000
7248  31.571  -85.702  -13.295 0.0000000000
7249  30.850  -85.476  -13.823 0.0000000000
7250  24.393  -85.294  -13.764 0.0000000000
7259  31.274  -85.343  -14.532 0.0000000000
7260  30.587  -85.366  -14.699 0.0000000000
7261  30.163  -85.273  -14.609 0.0000000000
7262  24.519  -85.553  -14.438 0.0000000000
7268  30.762  -85.194  -15.290 0.0000000000
7269  30.169  -85.351  -15.497 0.0000000000
7270  29.801  -85.367  -15.646 0.0000000000
7271  29.338  -85.406  -16.169 0.0000000000
7272  25.108  -85.771  -16.099 0.0000000000
7273  24.704  -85.368  -15.218 0.0000000000
7282  29.824  -85.386  -16.033 0.0000000000
7283  29.578  -85.399  -16.650 0.0000000000
7284  28.764  -85.538  -16.577 0.0000000000
7285  27.596  -85.868  -17.224 0.0000000000
7286  26.568  -85.872  -17.148 0.0000000000
7287  25.680  -86.220  -16.862 0.0000000000
7295  29.234  -85.555  -17.387 0.0000000000
7296  28.720  -86.006  -17.688 0.0000000000
7297  28.174  -86.384  -17.785 0.0000000000
7298  27.318  -86.630  -17.719 0.0000000000
7305  28.969  -85.731  -17.927 0.0000000000
7306  28.572  -86.042  -18.238 0.0000000000
7307  28.012  -86.399  -18.574 0.0000000000
7316  27.591  -86.060  -19.148 0.0000000000
7317  26.725  -85.504  -19.442 0.0000000000
7318  25.870  -86.039  -19.522 0.0000000000
7319  24.871  -86.165  -19.870 0.0000000000
7322  24.799  -85.140  -20.196 0.0000000000
7323  24.387  -86.004  -20.650 0.0000000000
7326  23.984  -85.984  -21.638 0.0000000000
7742  24.366  -84.628  20.395 0.0000000000
7743  23.629  -84.993  20.981 0.0000000000
7751  29.016  -83.976  19.236 0.0000000000
7754  25.254  -85.031  19.126 0.0000000000
7763  30.021  -84.039  18.066 0.0000000000
7764  29.294  -84.355  18.556 0.0000000000
7765  28.646  -84.757  19.240 0.0000000000
7774  35.095  -85.325  17.319 0.0000000000
7775  33.683  -84.791  17.396 0.0000000000
7776  32.478  -84.991  17.452 0.0000000000
7777  31.386  -84.787  17.455 0.0000000000
7778  29.710  -84.830  17.859 0.0000000000
7789  36.282  -85.193  16.665 0.0000000000
7790  35.952  -85.646  17.023 0.0000000000
7800  36.421  -85.125  16.359 0.0000000000
7801  35.483  -85.474  16.013 0.0000000000
7809  35.980  -84.794  15.674 0.0000000000
7810  34.610  -84.838  14.801 0.0000000000
7821  34.197  -85.366  13.507 0.0000000000
7831  35.046  -83.851  11.934 0.0000000000
7832  34.471  -85.082  12.587 0.0000000000
7833  31.539  -84.853  11.649 0.0000000000
7834  31.036  -84.511  12.489 0.0000000000
7844  34.923  -85.087  11.664 0.0000000000
7845  34.577  -85.842  11.824 0.0000000000
7846  32.809  -85.655  10.192 0.0000000000
7847  32.067  -85.264  10.837 0.0000000000
7854  36.505  -85.253  9.468 0.0000000000
7855  36.032  -84.661  10.416 0.0000000000
7856  33.648  -84.856  9.616 0.0000000000
7857  33.064  -84.619  10.132 0.0000000000
7863  37.027  -85.272  8.002 0.0000000000
7864  36.490  -85.571  8.526 0.0000000000
7865  35.016  -85.385  8.552 0.0000000000
7866  34.309  -85.151  9.115 0.0000000000
7871  36.960  -85.188  7.187 0.0000000000
7872  36.397  -85.352  7.803 0.0000000000
7873  35.725  -85.535  8.137 0.0000000000
7883  37.035  -84.823  6.514 0.0000000000
7884  36.696  -85.077  7.074 0.0000000000
7885  36.054  -85.130  7.536 0.0000000000
7923  33.751  -85.158  -0.244 0.0000000000
7924  33.125  -85.375  0.439 0.0000000000
7929  35.216  -85.075  -1.819 0.0000000000
7930  34.452  -85.306  -1.148 0.0000000000
7938  35.905  -84.505  -1.932 0.0000000000
7939  35.359  -84.958  -2.094 0.0000000000
7940  34.480  -84.856  -2.409 0.0000000000
7941  33.355  -84.773  -2.352 0.0000000000
7942  32.143  -84.613  -2.142 0.0000000000
7943  31.065  -84.521  -1.997 0.0000000000
7944  30.098  -84.413  -2.029 0.0000000000
7953  35.754  -84.499  -2.196 0.0000000000
7954  35.275  -84.707  -2.302 0.0000000000
7955  32.888  -85.607  -2.575 0.0000000000
7956  31.809  -85.475  -2.574 0.0000000000
7957  30.742  -85.342  -2.517 0.0000000000
7958  28.813  -84.927  -2.552 0.0000000000
7959  28.007  -84.662  -2.586 0.0000000000
7960  27.313  -84.465  -2.505 0.0000000000
7999  35.368  -84.375  -7.985 0.0000000000
8000  34.662  -84.934  -7.902 0.0000000000
8001  33.714  -85.385  -7.791 0.0000000000
8002  32.863  -85.654  -7.812 0.0000000000
8003  32.247  -84.977  -7.708 0.0000000000
8012  34.034  -85.422  -8.275 0.0000000000
8013  32.108  -85.537  -8.266 0.0000000000
8014  31.273  -84.708  -8.650 0.0000000000
8023  33.777  -85.527  -9.047 0.0000000000
8024  31.740  -85.713  -9.165 0.0000000000
8025  30.957  -84.723  -9.658 0.0000000000
8033  33.452  -85.404  -9.790 0.0000000000
8034  31.643  -85.842  -10.150 0.0000000000
8035  31.026  -85.041  -10.720 0.0000000000
8041  33.187  -85.256  -11.455 0.0000000000
8042  33.039  -85.793  -12.030 0.0000000000
8043  31.655  -86.022  -11.013 0.0000000000
8044  31.122  -85.406  -11.705 0.0000000000
8048  33.332  -84.912  -12.419 0.0000000000
8049  32.981  -85.425  -12.812 0.0000000000
8050  30.861  -85.264  -12.571 0.0000000000
8051  30.216  -84.530  -12.959 0.0000000000
8059  32.570  -85.320  -13.455 0.0000000000
8060  30.685  -85.232  -13.244 0.0000000000
8061  30.058  -84.854  -13.793 0.0000000000
8062  29.234  -84.049  -13.979 0.0000000000
8063  24.996  -83.972  -14.238 0.0000000000
8064  24.524  -84.410  -13.667 0.0000000000
8073  33.222  -84.519  -13.609 0.0000000000
8074  32.509  -84.874  -14.078 0.0000000000
8075  31.876  -85.518  -13.818 0.0000000000
8076  29.513  -85.172  -15.283 0.0000000000
8077  28.715  -84.309  -14.849 0.0000000000
8078  25.060  -84.365  -15.039 0.0000000000
8079  24.581  -84.775  -14.435 0.0000000000
8084  32.234  -84.385  -14.694 0.0000000000
8085  31.496  -84.806  -15.024 0.0000000000
8086  28.534  -84.927  -15.856 0.0000000000
8087  27.294  -84.391  -15.946 0.0000000000
8088  26.219  -84.441  -16.045 0.0000000000
8089  25.298  -84.780  -15.811 0.0000000000
8095  30.959  -84.455  -15.778 0.0000000000
8096  30.226  -85.135  -16.141 0.0000000000
8097  27.941  -85.298  -16.593 0.0000000000
8098  26.875  -85.090  -16.621 0.0000000000
8099  25.860  -85.238  -16.531 0.0000000000
8105  29.839  -84.939  -17.050 0.0000000000
8122  25.609  -84.824  -19.680 0.0000000000
8128  24.378  -85.054  -21.375 0.0000000000
8131  24.822  -84.024  -21.036 0.0000000000
8577  30.341  -83.266  18.295 0.0000000000
8578  29.556  -83.488  18.814 0.0000000000
8590  34.410  -84.177  17.087 0.0000000000
8591  33.251  -83.583  17.213 0.0000000000
8592  32.344  -83.011  17.421 0.0000000000
8593  31.674  -83.388  17.606 0.0000000000
8594  30.930  -83.866  17.733 0.0000000000
8607  36.951  -84.621  16.220 0.0000000000
8608  35.066  -83.659  16.703 0.0000000000
8609  33.907  -83.078  16.780 0.0000000000
8622  37.040  -84.647  16.074 0.0000000000
8635  37.384  -84.190  15.782 0.0000000000
8636  36.508  -84.194  15.449 0.0000000000
8637  35.052  -84.029  14.721 0.0000000000
8647  35.575  -83.541  14.642 0.0000000000
8648  34.755  -83.466  13.872 0.0000000000
8660  34.821  -83.118  12.910 0.0000000000
8661  31.336  -83.830  12.083 0.0000000000
8674  35.569  -83.607  11.267 0.0000000000
8675  32.410  -84.379  10.655 0.0000000000
8676  31.595  -83.288  11.711 0.0000000000
8686  36.615  -84.093  9.905 0.0000000000
8687  36.100  -83.332  10.664 0.0000000000
8688  33.422  -83.763  9.903 0.0000000000
8689  32.775  -83.501  10.447 0.0000000000
8699  37.468  -84.193  8.635 0.0000000000
8700  37.029  -84.796  9.036 0.0000000000
8701  34.589  -84.162  8.929 0.0000000000
8702  33.950  -83.402  9.542 0.0000000000
8709  37.536  -84.614  7.692 0.0000000000
8710  35.763  -84.070  7.685 0.0000000000
8711  35.381  -84.700  8.175 0.0000000000
8722  38.188  -83.887  6.654 0.0000000000
8723  37.538  -84.649  6.848 0.0000000000
8724  36.715  -84.565  6.408 0.0000000000
8725  36.311  -84.646  7.086 0.0000000000
8735  38.333  -83.687  5.818 0.0000000000
8736  37.557  -84.388  5.997 0.0000000000
8737  37.042  -84.527  5.933 0.0000000000
8746  37.869  -83.991  5.213 0.0000000000
8747  37.240  -84.161  5.419 0.0000000000
8757  38.022  -83.688  4.638 0.0000000000
8795  34.869  -83.714  -0.505 0.0000000000
8796  33.842  -83.512  0.189 0.0000000000
8797  33.404  -84.489  0.354 0.0000000000
8800  36.869  -83.399  -1.970 0.0000000000
8801  36.482  -83.973  -1.962 0.0000000000
8802  35.934  -84.003  -1.411 0.0000000000
8803  35.173  -84.637  -1.312 0.0000000000
8808  36.292  -84.057  -2.182 0.0000000000
8809  34.923  -84.103  -2.446 0.0000000000
8810  33.822  -83.761  -2.106 0.0000000000
8811  32.499  -83.741  -1.762 0.0000000000
8812  31.404  -83.710  -1.599 0.0000000000
8813  30.430  -83.663  -1.617 0.0000000000
8814  29.490  -83.591  -1.805 0.0000000000
8824  35.706  -84.268  -2.367 0.0000000000
8825  28.486  -84.055  -2.340 0.0000000000
8856  34.741  -82.613  -6.907 0.0000000000
8857  34.447  -83.700  -7.105 0.0000000000
8858  33.397  -83.814  -6.951 0.0000000000
8859  32.388  -83.612  -6.971 0.0000000000
8870  36.084  -83.492  -8.019 0.0000000000
8871  35.802  -83.895  -7.936 0.0000000000
8872  35.101  -84.318  -7.649 0.0000000000
8873  34.134  -84.637  -7.394 0.0000000000
8874  32.964  -84.727  -7.337 0.0000000000
8875  31.887  -84.141  -7.397 0.0000000000
8876  31.049  -83.615  -7.584 0.0000000000
8886  35.804  -83.908  -8.008 0.0000000000
8887  35.391  -84.250  -8.132 0.0000000000
8888  34.504  -84.734  -8.531 0.0000000000
8889  31.530  -84.498  -7.935 0.0000000000
8890  30.754  -83.835  -8.166 0.0000000000
8901  33.650  -84.337  -9.455 0.0000000000
8902  33.023  -83.536  -9.985 0.0000000000
8903  30.501  -83.899  -8.931 0.0000000000
8904  29.808  -83.202  -9.253 0.0000000000
8911  33.239  -84.607  -10.386 0.0000000000
8912  32.961  -83.469  -10.532 0.0000000000
8913  30.383  -83.948  -10.448 0.0000000000
8914  29.748  -83.190  -10.143 0.0000000000
8919  33.471  -84.067  -12.125 0.0000000000
8920  33.114  -83.906  -11.238 0.0000000000
8921  30.342  -84.361  -12.186 0.0000000000
8929  34.155  -83.088  -13.479 0.0000000000
8930  33.698  -83.928  -12.934 0.0000000000
8931  29.656  -83.755  -12.650 0.0000000000
8932  29.131  -83.146  -12.381 0.0000000000
8941  34.306  -83.001  -14.012 0.0000000000
8942  33.775  -83.722  -13.521 0.0000000000
8943  28.907  -83.354  -13.185 0.0000000000
8944  27.367  -83.082  -14.074 0.0000000000
8945  26.379  -83.101  -13.999 0.0000000000
8946  25.533  -83.405  -13.794 0.0000000000
8947  24.515  -83.927  -13.005 0.0000000000
8957  34.218  -82.753  -14.643 0.0000000000
8958  33.771  -83.554  -14.142 0.0000000000
8959  33.026  -84.010  -14.389 0.0000000000
8960  28.333  -83.452  -14.056 0.0000000000
8961  27.730  -83.620  -14.757 0.0000000000
8962  26.820  -83.421  -14.748 0.0000000000
8963  25.790  -83.641  -14.723 0.0000000000
8968  33.516  -83.161  -14.847 0.0000000000
8969  32.655  -83.534  -15.061 0.0000000000
8970  31.803  -83.953  -15.316 0.0000000000
8971  26.492  -83.872  -15.412 0.0000000000
8972  25.724  -84.141  -15.440 0.0000000000
8980  31.429  -83.559  -15.884 0.0000000000
9485  30.535  -82.585  18.391 0.0000000000
9501  32.193  -82.130  17.409 0.0000000000
9502  31.616  -82.550  17.675 0.0000000000
9503  31.015  -82.959  17.953 0.0000000000
9517  36.995  -83.785  16.302 0.0000000000
9518  34.674  -82.633  16.511 0.0000000000
9519  33.597  -82.064  16.655 0.0000000000
9520  32.947  -82.576  17.044 0.0000000000
9534  38.221  -83.262  15.191 0.0000000000
9535  37.645  -83.653  15.726 0.0000000000
9536  36.936  -82.698  15.993 0.0000000000
9549  37.629  -83.772  15.641 0.0000000000
9550  36.993  -83.681  15.159 0.0000000000
9562  35.483  -82.790  14.101 0.0000000000
9577  35.258  -82.365  13.142 0.0000000000
9589  36.143  -82.328  10.861 0.0000000000
9590  35.703  -82.497  11.435 0.0000000000
9591  32.112  -83.181  11.114 0.0000000000
9603  36.580  -82.886  10.201 0.0000000000
9604  33.225  -82.821  10.184 0.0000000000
9617  37.530  -82.981  9.036 0.0000000000
9618  37.100  -83.557  9.467 0.0000000000
9619  34.479  -82.872  9.195 0.0000000000
9620  33.762  -82.483  9.729 0.0000000000
9627  38.146  -83.023  7.927 0.0000000000
9628  37.823  -83.538  8.256 0.0000000000
9629  35.652  -82.701  8.024 0.0000000000
9630  35.155  -83.391  8.502 0.0000000000
9638  38.445  -83.026  7.324 0.0000000000
9639  38.036  -83.895  7.450 0.0000000000
9640  36.480  -83.395  6.367 0.0000000000
9641  36.195  -83.351  7.150 0.0000000000
9652  39.336  -81.828  5.880 0.0000000000
9653  38.790  -82.790  5.725 0.0000000000
9654  36.784  -84.055  5.697 0.0000000000
9663  39.070  -82.339  5.278 0.0000000000
9664  38.501  -83.257  5.001 0.0000000000
9665  37.613  -83.779  4.802 0.0000000000
9666  36.991  -83.420  5.000 0.0000000000
9673  39.092  -82.249  4.599 0.0000000000
9674  38.384  -83.021  4.117 0.0000000000
9675  37.887  -83.470  4.299 0.0000000000
9676  37.487  -83.181  4.142 0.0000000000
9687  39.184  -81.994  3.810 0.0000000000
9688  38.595  -82.477  3.384 0.0000000000
9689  37.988  -82.969  3.425 0.0000000000
9698  38.430  -82.203  1.783 0.0000000000
9699  37.944  -82.615  2.473 0.0000000000
9703  38.282  -82.076  0.197 0.0000000000
9704  38.245  -82.282  0.950 0.0000000000
9705  37.562  -82.393  1.007 0.0000000000
9709  37.838  -82.309  -0.565 0.0000000000
9710  36.748  -83.265  -1.346 0.0000000000
9711  35.571  -83.072  -0.429 0.0000000000
9714  37.458  -82.312  -1.446 0.0000000000
9715  37.314  -82.657  -1.374 0.0000000000
9716  31.077  -82.141  -0.953 0.0000000000
9721  37.374  -81.988  -1.564 0.0000000000
9722  37.136  -82.660  -1.867 0.0000000000
9723  36.599  -83.254  -2.225 0.0000000000
9724  35.741  -83.559  -2.421 0.0000000000
9725  33.844  -82.630  -1.691 0.0000000000
9726  32.799  -82.796  -1.480 0.0000000000
9727  31.731  -82.883  -1.278 0.0000000000
9728  30.766  -82.922  -1.244 0.0000000000
9781  35.694  -82.740  -7.312 0.0000000000
9782  33.625  -82.846  -6.728 0.0000000000
9792  36.396  -82.811  -8.060 0.0000000000
9793  36.211  -83.117  -7.810 0.0000000000
9794  35.426  -83.489  -7.429 0.0000000000
9795  31.465  -83.226  -7.062 0.0000000000
9807  35.923  -83.371  -8.279 0.0000000000
9808  34.950  -83.897  -8.599 0.0000000000
9809  33.928  -83.414  -9.037 0.0000000000
9819  33.147  -82.918  -9.616 0.0000000000
9828  32.740  -82.597  -10.222 0.0000000000
9838  33.270  -82.842  -11.682 0.0000000000
9839  32.905  -82.932  -10.919 0.0000000000
9848  34.437  -82.362  -13.300 0.0000000000
9849  33.843  -83.115  -12.727 0.0000000000
9850  27.937  -82.832  -13.334 0.0000000000
9860  34.721  -82.422  -13.948 0.0000000000
9869  34.663  -82.380  -14.418 0.0000000000
10434  31.990  -81.216  17.487 0.0000000000
10435  31.291  -81.290  18.011 0.0000000000
10436  31.014  -82.078  18.117 0.0000000000
10447  35.587  -81.475  15.986 0.0000000000
10448  33.298  -81.149  16.638 0.0000000000
10449  32.730  -81.657  16.987 0.0000000000
10457  38.942  -82.799  15.137 0.0000000000
10458  38.054  -82.754  15.584 0.0000000000
10467  40.033  -82.001  14.252 0.0000000000
10468  39.374  -82.391  14.730 0.0000000000
10469  38.949  -82.964  14.942 0.0000000000
10470  38.051  -83.398  14.990 0.0000000000
10471  36.615  -82.834  14.516 0.0000000000
10480  39.646  -82.249  14.319 0.0000000000
10481  39.214  -82.505  14.587 0.0000000000
10482  38.282  -82.488  14.406 0.0000000000
10483  35.919  -82.095  13.772 0.0000000000
10494  36.557  -81.591  13.556 0.0000000000
10495  35.620  -81.752  12.583 0.0000000000
10505  36.088  -81.357  11.633 0.0000000000
10515  36.937  -81.091  10.114 0.0000000000
10516  36.497  -81.720  10.589 0.0000000000
10527  37.468  -81.757  9.261 0.0000000000
10528  36.996  -82.330  9.754 0.0000000000
10537  38.349  -82.167  7.901 0.0000000000
10538  37.885  -82.445  8.504 0.0000000000
10548  39.219  -81.552  6.771 0.0000000000
10569  39.605  -81.551  5.065 0.0000000000
10581  39.759  -81.316  4.294 0.0000000000
10597  39.786  -81.146  3.511 0.0000000000
10598  39.216  -81.754  3.000 0.0000000000
10599  37.507  -82.590  3.203 0.0000000000
10607  39.645  -81.046  2.751 0.0000000000
10608  39.108  -81.579  2.046 0.0000000000
10609  36.877  -82.046  1.563 0.0000000000
10617  38.686  -81.737  1.030 0.0000000000
10618  36.687  -82.337  0.646 0.0000000000
10625  38.449  -81.646  0.285 0.0000000000
10626  38.105  -81.885  -0.459 0.0000000000
10627  37.297  -82.670  -0.496 0.0000000000
10628  36.148  -82.582  -0.044 0.0000000000
10640  37.747  -81.925  -1.122 0.0000000000
10641  32.345  -81.189  -0.848 0.0000000000
10642  31.385  -81.298  -0.738 0.0000000000
10658  36.950  -81.940  -1.813 0.0000000000
10659  36.513  -82.315  -2.089 0.0000000000
10660  35.539  -81.793  -1.870 0.0000000000
10661  33.925  -81.682  -1.475 0.0000000000
10662  33.009  -81.865  -1.252 0.0000000000
10663  32.047  -82.024  -1.037 0.0000000000
10725  36.445  -81.678  -7.359 0.0000000000
10726  36.224  -82.386  -7.490 0.0000000000
10727  35.542  -81.863  -7.006 0.0000000000
10728  33.741  -81.841  -6.568 0.0000000000
10729  32.704  -82.035  -6.542 0.0000000000
10743  37.093  -81.153  -8.215 0.0000000000
10744  36.690  -82.200  -7.875 0.0000000000
10753  36.387  -82.347  -8.310 0.0000000000
10754  35.783  -82.392  -8.597 0.0000000000
10764  33.359  -82.213  -9.118 0.0000000000
10765  32.765  -81.860  -9.656 0.0000000000
10774  32.569  -81.667  -10.267 0.0000000000
10782  33.088  -81.640  -11.577 0.0000000000
10783  32.756  -82.065  -10.891 0.0000000000
10794  34.470  -81.329  -12.949 0.0000000000
10795  33.760  -82.117  -12.450 0.0000000000
11406  32.110  -80.286  17.409 0.0000000000
11407  31.456  -80.496  17.920 0.0000000000
11416  35.492  -80.373  15.854 0.0000000000
11417  33.619  -80.345  16.481 0.0000000000
11418  32.781  -80.071  16.842 0.0000000000
11430  39.192  -81.980  15.177 0.0000000000
11431  37.447  -81.166  15.539 0.0000000000
11441  39.801  -81.748  14.604 0.0000000000
11451  41.192  -80.991  13.345 0.0000000000
11452  40.617  -81.542  13.902 0.0000000000
11453  40.142  -81.975  13.877 0.0000000000
11454  39.050  -81.984  13.815 0.0000000000
11455  37.205  -81.065  13.307 0.0000000000
11466  40.713  -81.388  13.416 0.0000000000
11467  39.587  -81.263  13.178 0.0000000000
11468  37.850  -80.544  12.790 0.0000000000
11480  37.319  -79.966  11.720 0.0000000000
11481  36.706  -80.540  12.234 0.0000000000
11497  37.240  -80.007  10.660 0.0000000000
11498  36.647  -80.636  11.138 0.0000000000
11517  38.156  -79.869  9.145 0.0000000000
11518  37.519  -80.481  9.620 0.0000000000
11533  39.297  -79.940  7.791 0.0000000000
11534  38.594  -80.281  8.354 0.0000000000
11535  38.056  -81.176  8.594 0.0000000000
11548  39.663  -80.517  6.955 0.0000000000
11549  38.824  -81.120  7.664 0.0000000000
11560  39.858  -80.833  6.139 0.0000000000
11571  40.488  -80.147  5.473 0.0000000000
11572  40.179  -80.682  4.809 0.0000000000
11583  40.492  -79.999  4.768 0.0000000000
11584  40.129  -80.509  4.099 0.0000000000
11601  39.872  -80.494  3.412 0.0000000000
11619  39.561  -80.497  2.776 0.0000000000
11620  39.405  -80.822  2.069 0.0000000000
11636  39.096  -81.203  1.434 0.0000000000
11649  38.725  -81.190  0.768 0.0000000000
11650  38.320  -81.261  0.026 0.0000000000
11665  37.835  -81.336  -0.652 0.0000000000
11666  37.165  -80.620  -0.829 0.0000000000
11667  36.343  -80.400  -1.140 0.0000000000
11668  35.048  -80.012  -1.114 0.0000000000
11669  34.356  -80.142  -1.026 0.0000000000
11670  32.680  -80.414  -0.682 0.0000000000
11671  31.780  -80.468  -0.541 0.0000000000
11686  37.473  -81.440  -1.173 0.0000000000
11687  36.956  -81.238  -1.428 0.0000000000
11688  36.155  -81.196  -1.643 0.0000000000
11689  35.041  -80.759  -1.457 0.0000000000
11690  34.093  -80.856  -1.282 0.0000000000
11691  33.240  -81.035  -1.070 0.0000000000
11732  33.309  -80.225  -6.156 0.0000000000
11744  37.259  -80.539  -7.218 0.0000000000
11745  36.723  -80.999  -7.169 0.0000000000
11746  35.941  -80.981  -6.869 0.0000000000
11747  34.914  -80.928  -6.573 0.0000000000
11748  33.942  -80.942  -6.429 0.0000000000
11749  33.022  -81.088  -6.345 0.0000000000
11762  37.351  -80.917  -7.825 0.0000000000
11763  36.996  -81.360  -7.655 0.0000000000
11777  36.509  -80.906  -8.590 0.0000000000
11778  35.626  -81.017  -8.677 0.0000000000
11779  34.380  -80.524  -8.572 0.0000000000
11780  33.149  -80.392  -8.845 0.0000000000
11793  33.746  -81.424  -8.761 0.0000000000
11794  32.636  -80.279  -9.464 0.0000000000
11803  32.438  -80.202  -10.243 0.0000000000
11815  33.092  -80.673  -11.606 0.0000000000
11816  32.614  -81.011  -10.771 0.0000000000
11834  33.848  -80.500  -12.349 0.0000000000
12420  32.249  -79.453  17.336 0.0000000000
12421  31.581  -79.650  17.868 0.0000000000
12430  34.630  -79.522  16.113 0.0000000000
12431  33.683  -79.402  16.480 0.0000000000
12432  32.898  -79.283  16.825 0.0000000000
12443  37.751  -79.521  15.155 0.0000000000
12444  37.110  -79.893  15.435 0.0000000000
12445  35.577  -79.339  15.821 0.0000000000
12456  40.422  -81.562  14.224 0.0000000000
12457  40.078  -80.862  14.476 0.0000000000
12458  38.960  -80.547  14.900 0.0000000000
12470  41.517  -80.491  13.268 0.0000000000
12471  40.966  -81.019  13.964 0.0000000000
12472  40.207  -80.121  14.204 0.0000000000
12484  42.112  -79.847  12.523 0.0000000000
12485  41.724  -80.463  12.862 0.0000000000
12486  41.285  -81.000  12.978 0.0000000000
12487  40.299  -80.800  12.635 0.0000000000
12500  42.036  -80.057  12.217 0.0000000000
12501  41.206  -80.403  12.291 0.0000000000
12502  39.355  -79.663  11.716 0.0000000000
12503  38.524  -79.993  12.227 0.0000000000
12518  38.816  -79.025  10.778 0.0000000000
12519  38.007  -79.415  11.247 0.0000000000
12532  39.664  -78.604  9.222 0.0000000000
12533  38.702  -78.964  9.731 0.0000000000
12534  37.916  -79.417  10.213 0.0000000000
12546  39.813  -79.053  8.139 0.0000000000
12547  38.934  -79.372  8.718 0.0000000000
12557  41.157  -78.956  6.758 0.0000000000
12567  40.868  -79.321  6.274 0.0000000000
12568  40.400  -80.012  6.267 0.0000000000
12577  40.702  -79.336  5.679 0.0000000000
12578  40.382  -79.576  4.907 0.0000000000
12592  40.194  -80.001  4.086 0.0000000000
12593  39.624  -79.356  4.287 0.0000000000
12607  39.499  -79.839  3.316 0.0000000000
12618  39.063  -80.107  2.390 0.0000000000
12619  38.222  -79.547  1.997 0.0000000000
12625  38.749  -80.442  1.461 0.0000000000
12626  37.801  -79.576  1.210 0.0000000000
12627  36.951  -79.072  0.840 0.0000000000
12633  38.230  -80.490  0.576 0.0000000000
12634  37.728  -80.554  -0.154 0.0000000000
12635  36.666  -79.344  0.106 0.0000000000
12636  35.915  -79.054  -0.179 0.0000000000
12649  36.465  -79.786  -0.546 0.0000000000
12650  35.602  -79.654  -0.784 0.0000000000
12651  34.676  -79.493  -0.724 0.0000000000
12652  33.806  -79.592  -0.645 0.0000000000
12653  32.297  -79.698  -0.410 0.0000000000
12703  37.534  -79.425  -6.466 0.0000000000
12704  36.677  -79.248  -6.262 0.0000000000
12705  35.649  -79.401  -6.238 0.0000000000
12706  34.677  -79.272  -6.033 0.0000000000
12728  38.140  -79.511  -7.175 0.0000000000
12729  37.729  -79.812  -6.923 0.0000000000
12730  36.458  -80.210  -6.667 0.0000000000
12731  35.307  -80.138  -6.429 0.0000000000
12732  34.265  -80.110  -6.274 0.0000000000
12750  37.970  -79.425  -7.903 0.0000000000
12751  37.702  -80.146  -7.532 0.0000000000
12765  37.494  -80.315  -8.106 0.0000000000
12766  36.687  -79.411  -8.637 0.0000000000
12767  35.533  -80.220  -8.604 0.0000000000
12768  34.530  -79.471  -8.429 0.0000000000
12769  33.433  -79.529  -8.608 0.0000000000
12770  32.778  -79.506  -9.087 0.0000000000
12777  32.453  -79.492  -9.792 0.0000000000
12782  32.497  -79.522  -10.473 0.0000000000
12791  33.337  -79.691  -11.762 0.0000000000
12792  32.619  -80.023  -11.000 0.0000000000
13478  32.431  -78.607  17.282 0.0000000000
13498  35.024  -78.566  16.060 0.0000000000
13499  34.198  -78.610  16.372 0.0000000000
13500  33.277  -78.410  16.753 0.0000000000
13512  36.814  -78.768  15.437 0.0000000000
13513  35.942  -78.320  15.811 0.0000000000
13521  39.232  -79.629  14.458 0.0000000000
13522  38.201  -79.061  14.738 0.0000000000
13523  37.296  -78.375  15.089 0.0000000000
13534  40.705  -79.836  13.758 0.0000000000
13535  39.531  -79.071  13.928 0.0000000000
13536  38.508  -78.552  14.154 0.0000000000
13545  42.381  -79.460  12.277 0.0000000000
13546  42.023  -80.015  12.820 0.0000000000
13547  41.255  -79.421  13.242 0.0000000000
13548  39.933  -78.670  13.340 0.0000000000
13561  43.203  -78.427  11.115 0.0000000000
13562  42.696  -79.185  11.714 0.0000000000
13563  41.486  -79.974  11.814 0.0000000000
13564  40.288  -79.436  11.314 0.0000000000
13578  43.471  -77.959  10.493 0.0000000000
13579  43.034  -78.518  10.730 0.0000000000
13580  42.508  -78.874  10.811 0.0000000000
13581  41.528  -79.287  11.084 0.0000000000
13592  43.000  -77.937  9.681 0.0000000000
13593  42.183  -78.218  9.582 0.0000000000
13594  40.472  -78.513  9.962 0.0000000000
13595  39.738  -78.740  10.360 0.0000000000
13609  42.297  -77.721  8.651 0.0000000000
13610  41.842  -78.145  8.075 0.0000000000
13611  40.951  -78.658  7.627 0.0000000000
13620  41.957  -77.900  7.551 0.0000000000
13621  41.594  -78.386  7.062 0.0000000000
13629  41.691  -78.184  6.940 0.0000000000
13630  41.201  -78.699  6.502 0.0000000000
13631  40.888  -78.678  6.020 0.0000000000
13642  40.547  -79.045  5.452 0.0000000000
13643  39.758  -78.869  5.066 0.0000000000
13657  38.756  -78.560  4.668 0.0000000000
13658  37.859  -78.206  4.187 0.0000000000
13669  38.639  -78.970  3.768 0.0000000000
13670  37.748  -78.507  3.270 0.0000000000
13671  36.980  -78.063  2.833 0.0000000000
13677  38.451  -79.305  2.845 0.0000000000
13678  37.552  -78.790  2.333 0.0000000000
13679  36.741  -78.260  2.041 0.0000000000
13684  37.186  -78.847  1.576 0.0000000000
13685  36.470  -78.433  1.280 0.0000000000
13686  35.732  -78.086  0.998 0.0000000000
13694  36.193  -78.681  0.522 0.0000000000
13695  35.412  -78.429  0.293 0.0000000000
13696  34.558  -78.267  0.129 0.0000000000
13697  33.593  -78.258  0.075 0.0000000000
13710  35.078  -78.889  -0.329 0.0000000000
13711  34.139  -78.877  -0.356 0.0000000000
13712  33.060  -79.016  -0.325 0.0000000000
13771  39.063  -78.067  -5.877 0.0000000000
13772  38.562  -78.515  -5.992 0.0000000000
13773  37.452  -78.812  -5.990 0.0000000000
13774  35.681  -78.700  -5.926 0.0000000000
13794  38.656  -78.634  -6.690 0.0000000000
13795  38.138  -79.098  -6.466 0.0000000000
13803  38.423  -78.966  -7.399 0.0000000000
13807  38.296  -78.454  -8.030 0.0000000000
13808  37.821  -78.673  -8.383 0.0000000000
13809  37.081  -78.669  -8.612 0.0000000000
13810  35.946  -78.460  -8.377 0.0000000000
13811  34.702  -78.618  -8.241 0.0000000000
13812  33.665  -78.702  -8.397 0.0000000000
13813  32.934  -78.703  -8.795 0.0000000000
13814  32.575  -78.714  -9.412 0.0000000000
13816  32.748  -78.256  -10.791 0.0000000000
13817  32.483  -78.819  -10.237 0.0000000000
13830  33.343  -78.680  -11.574 0.0000000000
13831  32.691  -79.152  -10.992 0.0000000000
14566  36.548  -77.779  15.466 0.0000000000
14587  38.787  -78.135  13.442 0.0000000000
14588  37.862  -77.728  13.683 0.0000000000
14589  37.114  -77.266  14.095 0.0000000000
14599  41.695  -78.960  12.710 0.0000000000
14600  40.350  -78.257  12.745 0.0000000000
14601  39.112  -77.735  12.753 0.0000000000
14602  38.083  -77.397  12.832 0.0000000000
14619  43.858  -76.964  10.796 0.0000000000
14620  43.094  -78.416  11.339 0.0000000000
14621  42.806  -78.954  11.860 0.0000000000
14622  42.199  -78.524  12.196 0.0000000000
14623  40.814  -77.806  12.226 0.0000000000
14624  39.512  -77.331  12.124 0.0000000000
14639  44.285  -76.834  10.246 0.0000000000
14640  44.021  -77.109  10.588 0.0000000000
14641  43.604  -77.741  10.876 0.0000000000
14652  43.529  -77.458  9.635 0.0000000000
14653  42.777  -77.498  9.003 0.0000000000
14666  42.965  -77.239  8.893 0.0000000000
14667  42.274  -77.491  8.264 0.0000000000
14679  41.908  -77.870  7.377 0.0000000000
14680  41.682  -77.926  6.902 0.0000000000
14681  40.862  -77.605  6.790 0.0000000000
14691  41.289  -78.261  6.582 0.0000000000
14692  40.403  -77.993  6.282 0.0000000000
14693  39.192  -77.686  6.163 0.0000000000
14694  38.158  -77.394  5.917 0.0000000000
14709  40.012  -78.443  5.727 0.0000000000
14710  38.906  -78.134  5.482 0.0000000000
14711  37.966  -77.823  5.095 0.0000000000
14729  37.177  -77.494  4.531 0.0000000000
14741  37.130  -77.811  3.661 0.0000000000
14742  36.470  -77.474  3.260 0.0000000000
14752  36.312  -77.667  2.491 0.0000000000
14753  35.638  -77.312  2.257 0.0000000000
14761  36.055  -77.834  1.736 0.0000000000
14773  34.933  -77.791  0.755 0.0000000000
14774  34.029  -77.622  0.577 0.0000000000
14824  39.332  -77.223  -4.233 0.0000000000
14838  39.730  -77.168  -4.836 0.0000000000
14839  39.505  -77.297  -4.569 0.0000000000
14840  38.951  -77.571  -4.619 0.0000000000
14841  38.065  -77.777  -4.985 0.0000000000
14842  36.914  -77.470  -5.141 0.0000000000
14859  39.502  -77.426  -5.311 0.0000000000
14860  38.711  -78.075  -5.354 0.0000000000
14861  38.139  -78.469  -5.694 0.0000000000
14862  37.446  -78.182  -5.484 0.0000000000
14870  39.449  -77.317  -6.358 0.0000000000
14871  39.108  -77.798  -6.946 0.0000000000
14873  39.313  -76.964  -7.270 0.0000000000
14874  38.958  -77.151  -7.855 0.0000000000
14875  34.972  -77.000  -7.699 0.0000000000
14876  34.200  -76.913  -7.736 0.0000000000
14880  38.549  -77.558  -8.135 0.0000000000
14881  38.117  -77.782  -8.417 0.0000000000
14882  37.403  -77.894  -8.536 0.0000000000
14883  35.835  -77.482  -8.045 0.0000000000
14884  34.698  -77.701  -7.932 0.0000000000
14885  33.567  -77.205  -8.119 0.0000000000
14886  32.948  -77.167  -8.681 0.0000000000
14890  32.694  -77.118  -9.322 0.0000000000
14902  32.885  -77.354  -10.648 0.0000000000
14903  32.538  -77.868  -9.895 0.0000000000
14924  33.431  -77.775  -11.438 0.0000000000
15634  37.262  -77.019  13.138 0.0000000000
15644  38.434  -76.998  12.141 0.0000000000
15662  43.343  -77.454  11.124 0.0000000000
15663  42.522  -77.774  11.591 0.0000000000
15664  41.152  -77.315  11.628 0.0000000000
15665  39.970  -76.881  11.581 0.0000000000
15666  38.898  -76.562  11.533 0.0000000000
15680  44.406  -76.422  10.260 0.0000000000
15681  44.239  -76.454  10.491 0.0000000000
15682  42.599  -76.591  11.150 0.0000000000
15683  41.418  -76.577  11.190 0.0000000000
15684  40.445  -76.482  11.200 0.0000000000
15699  44.430  -76.517  9.957 0.0000000000
15700  44.191  -76.929  9.870 0.0000000000
15714  43.588  -76.855  9.274 0.0000000000
15715  42.653  -76.846  8.543 0.0000000000
15716  41.624  -76.553  8.164 0.0000000000
15717  40.443  -76.249  8.011 0.0000000000
15732  42.038  -77.398  7.933 0.0000000000
15733  41.350  -77.305  7.433 0.0000000000
15734  40.024  -76.774  7.349 0.0000000000
15735  38.855  -76.465  7.268 0.0000000000
15751  39.581  -77.237  6.771 0.0000000000
15752  38.481  -76.925  6.628 0.0000000000
15753  37.553  -76.613  6.330 0.0000000000
15764  37.272  -77.067  5.461 0.0000000000
15820  40.290  -76.585  -3.152 0.0000000000
15828  40.241  -76.699  -3.658 0.0000000000
15829  39.749  -76.940  -3.784 0.0000000000
15830  38.951  -77.042  -4.024 0.0000000000
15831  38.138  -76.481  -4.002 0.0000000000
15839  40.009  -76.939  -4.344 0.0000000000
15840  38.358  -77.172  -4.433 0.0000000000
15841  37.388  -76.780  -4.520 0.0000000000
15853  39.854  -76.924  -5.161 0.0000000000
15854  39.704  -76.872  -5.935 0.0000000000
15860  39.891  -76.147  -5.964 0.0000000000
15861  39.637  -76.298  -6.942 0.0000000000
15868  39.273  -76.237  -7.816 0.0000000000
15869  37.913  -76.376  -8.364 0.0000000000
15870  37.051  -76.405  -8.086 0.0000000000
15871  35.793  -76.547  -7.671 0.0000000000
15872  34.525  -76.331  -7.521 0.0000000000
15873  33.703  -76.337  -7.829 0.0000000000
15880  38.412  -76.885  -8.355 0.0000000000
15881  37.661  -77.077  -8.460 0.0000000000
15882  36.757  -77.205  -8.264 0.0000000000
15883  33.219  -76.416  -8.369 0.0000000000
15884  32.841  -76.450  -8.921 0.0000000000
15892  32.857  -76.313  -9.590 0.0000000000
15906  33.123  -76.449  -10.505 0.0000000000
15907  32.716  -77.010  -9.979 0.0000000000
15921  33.551  -76.904  -11.331 0.0000000000
16626  39.525  -76.017  10.971 0.0000000000
16639  44.397  -75.653  10.562 0.0000000000
16640  43.950  -75.596  10.906 0.0000000000
16641  43.044  -75.630  10.964 0.0000000000
16642  41.714  -75.657  10.877 0.0000000000
16643  40.556  -75.771  10.836 0.0000000000
16653  44.326  -76.200  9.753 0.0000000000
16654  42.777  -75.151  9.152 0.0000000000
16663  43.363  -76.088  9.112 0.0000000000
16664  42.118  -75.850  8.701 0.0000000000
16710  42.490  -75.279  0.737 0.0000000000
16721  41.875  -75.463  0.127 0.0000000000
16722  41.439  -75.459  -0.321 0.0000000000
16734  42.335  -75.474  -0.205 0.0000000000
16735  41.875  -75.685  -0.668 0.0000000000
16736  41.330  -75.687  -0.958 0.0000000000
16744  42.150  -75.649  -0.961 0.0000000000
16745  41.655  -75.763  -1.341 0.0000000000
16746  41.174  -76.011  -1.736 0.0000000000
16747  40.425  -75.933  -1.982 0.0000000000
16752  41.885  -75.592  -1.532 0.0000000000
16753  41.426  -75.852  -2.099 0.0000000000
16754  40.853  -76.278  -2.581 0.0000000000
16755  40.156  -76.292  -2.630 0.0000000000
16756  39.259  -75.828  -2.763 0.0000000000
16757  38.291  -75.261  -2.973 0.0000000000
16764  41.073  -76.018  -2.951 0.0000000000
16765  40.576  -76.364  -3.292 0.0000000000
16766  39.779  -76.557  -3.122 0.0000000000
16767  38.870  -76.287  -3.434 0.0000000000
16768  37.820  -75.671  -3.554 0.0000000000
16785  40.468  -75.463  -4.823 0.0000000000
16786  37.364  -76.008  -4.011 0.0000000000
16798  40.239  -75.325  -5.917 0.0000000000
16802  39.979  -75.300  -6.926 0.0000000000
16803  39.602  -75.344  -7.615 0.0000000000
16808  39.161  -75.500  -8.036 0.0000000000
16809  38.541  -75.999  -8.292 0.0000000000
16810  37.599  -75.620  -7.940 0.0000000000
16811  36.295  -75.667  -7.457 0.0000000000
16812  34.992  -75.623  -7.241 0.0000000000
16813  33.928  -75.575  -7.518 0.0000000000
16814  33.388  -75.656  -8.019 0.0000000000
16820  33.072  -75.707  -8.696 0.0000000000
16829  33.030  -75.542  -9.349 0.0000000000
16838  33.184  -75.632  -10.129 0.0000000000
16848  33.474  -75.778  -10.814 0.0000000000
17578  45.022  -74.518  10.394 0.0000000000
17579  44.637  -74.730  10.735 0.0000000000
17580  42.265  -74.718  10.878 0.0000000000
17581  40.748  -74.762  10.691 0.0000000000
17591  44.778  -74.415  9.876 0.0000000000
17592  43.520  -74.409  9.411 0.0000000000
17635  44.271  -74.204  2.904 0.0000000000
17636  43.605  -74.403  2.995 0.0000000000
17637  42.764  -74.368  2.956 0.0000000000
17645  43.759  -74.523  2.518 0.0000000000
17646  43.167  -74.662  2.458 0.0000000000
17647  42.406  -74.591  2.308 0.0000000000
17648  41.542  -74.367  2.089 0.0000000000
17660  44.148  -74.323  2.225 0.0000000000
17661  43.448  -74.788  1.909 0.0000000000
17662  42.879  -75.066  1.464 0.0000000000
17663  42.205  -74.933  1.535 0.0000000000
17664  41.297  -74.611  1.293 0.0000000000
17674  43.926  -74.422  1.430 0.0000000000
17675  43.663  -74.445  0.574 0.0000000000
17676  42.980  -75.047  0.224 0.0000000000
17677  41.818  -75.172  0.834 0.0000000000
17678  41.118  -74.955  0.389 0.0000000000
17679  40.153  -74.387  0.139 0.0000000000
17686  43.456  -74.339  -0.318 0.0000000000
17687  42.699  -75.094  -0.607 0.0000000000
17688  40.743  -75.142  -0.430 0.0000000000
17689  39.291  -73.858  -0.194 0.0000000000
17690  39.114  -74.139  -0.931 0.0000000000
17699  43.075  -74.476  -1.020 0.0000000000
17700  42.433  -75.025  -1.391 0.0000000000
17701  40.553  -75.471  -1.217 0.0000000000
17702  39.534  -74.915  -1.544 0.0000000000
17703  38.561  -74.100  -1.467 0.0000000000
17715  41.928  -75.127  -2.086 0.0000000000
17716  41.452  -75.205  -2.787 0.0000000000
17717  39.643  -75.598  -2.215 0.0000000000
17734  40.734  -75.801  -3.785 0.0000000000
17748  40.827  -74.532  -4.561 0.0000000000
17753  40.600  -74.462  -5.832 0.0000000000
17757  40.294  -74.495  -6.779 0.0000000000
17758  39.938  -74.594  -7.379 0.0000000000
17759  37.139  -74.253  -6.938 0.0000000000
17760  35.988  -74.109  -6.700 0.0000000000
17761  34.959  -73.922  -6.709 0.0000000000
17767  39.562  -74.751  -7.689 0.0000000000
17768  39.116  -74.797  -7.890 0.0000000000
17769  38.328  -74.358  -7.418 0.0000000000
17770  36.726  -74.903  -7.245 0.0000000000
17771  35.390  -74.778  -6.955 0.0000000000
17772  34.254  -73.889  -7.032 0.0000000000
17773  33.536  -74.850  -7.776 0.0000000000
17781  33.270  -75.042  -8.329 0.0000000000
17798  33.291  -74.732  -9.871 0.0000000000
18589  45.517  -73.288  10.512 0.0000000000
18590  45.147  -73.924  10.811 0.0000000000
18591  44.454  -73.968  11.158 0.0000000000
18592  42.984  -73.869  11.119 0.0000000000
18593  41.498  -73.802  10.775 0.0000000000
18594  40.178  -73.768  10.613 0.0000000000
18604  45.046  -73.628  9.897 0.0000000000
18605  44.143  -73.762  9.595 0.0000000000
18657  45.212  -73.224  4.008 0.0000000000
18658  44.637  -73.540  4.019 0.0000000000
18659  43.712  -73.665  4.041 0.0000000000
18660  42.624  -73.477  4.024 0.0000000000
18661  41.602  -73.192  3.938 0.0000000000
18670  44.792  -73.565  3.410 0.0000000000
18671  44.124  -74.012  3.493 0.0000000000
18672  43.206  -74.027  3.504 0.0000000000
18673  42.193  -73.792  3.430 0.0000000000
18674  40.356  -73.217  3.101 0.0000000000
18680  44.568  -73.719  2.633 0.0000000000
18681  41.833  -74.094  2.802 0.0000000000
18682  40.940  -73.763  2.601 0.0000000000
18683  40.103  -73.405  2.358 0.0000000000
18689  44.382  -73.803  1.766 0.0000000000
18690  40.676  -73.994  1.845 0.0000000000
18691  39.861  -73.557  1.562 0.0000000000
18696  44.279  -73.688  0.796 0.0000000000
18697  44.016  -73.868  0.115 0.0000000000
18698  40.434  -74.184  1.004 0.0000000000
18699  39.575  -73.686  0.709 0.0000000000
18712  44.399  -73.242  -0.070 0.0000000000
18725  44.457  -73.024  -0.834 0.0000000000
18726  43.777  -73.640  -1.108 0.0000000000
18727  43.004  -73.997  -1.651 0.0000000000
18745  43.753  -73.162  -1.946 0.0000000000
18746  42.834  -73.410  -2.495 0.0000000000
18747  41.927  -74.031  -2.816 0.0000000000
18764  41.924  -73.086  -3.900 0.0000000000
18765  41.308  -74.179  -3.671 0.0000000000
18773  41.885  -72.635  -5.223 0.0000000000
18774  41.356  -73.442  -4.834 0.0000000000
18779  41.211  -73.060  -6.209 0.0000000000
18780  41.058  -73.625  -5.798 0.0000000000
18785  40.619  -73.739  -6.581 0.0000000000
18786  39.626  -73.653  -7.030 0.0000000000
18787  38.597  -73.584  -6.792 0.0000000000
18788  37.500  -73.553  -6.559 0.0000000000
18789  36.430  -73.421  -6.397 0.0000000000
18790  35.380  -73.236  -6.438 0.0000000000
18791  34.520  -73.205  -6.748 0.0000000000
18797  39.325  -74.251  -7.513 0.0000000000
18798  33.901  -73.273  -7.211 0.0000000000
18799  33.495  -73.346  -7.802 0.0000000000
18807  33.335  -73.317  -8.497 0.0000000000
19641  45.786  -72.340  10.341 0.0000000000
19649  45.349  -72.881  9.959 0.0000000000
19696  47.067  -71.325  5.588 0.0000000000
19697  45.558  -72.498  5.181 0.0000000000
19698  44.603  -72.735  5.109 0.0000000000
19699  42.724  -72.526  5.071 0.0000000000
19709  46.204  -72.186  4.856 0.0000000000
19710  45.201  -72.940  4.560 0.0000000000
19711  44.197  -73.229  4.562 0.0000000000
19712  43.136  -73.127  4.553 0.0000000000
19713  42.095  -72.846  4.522 0.0000000000
19721  45.666  -72.615  4.178 0.0000000000
19722  44.978  -73.119  3.049 0.0000000000
19723  40.678  -72.917  3.773 0.0000000000
19730  44.590  -73.208  2.193 0.0000000000
19731  44.231  -72.424  2.184 0.0000000000
19740  44.494  -73.190  1.232 0.0000000000
19741  44.323  -72.683  1.570 0.0000000000
19753  44.468  -72.943  0.373 0.0000000000
19754  44.068  -72.471  0.809 0.0000000000
19772  44.439  -72.669  -0.504 0.0000000000
19773  44.282  -72.463  -0.055 0.0000000000
19786  44.587  -72.224  -1.393 0.0000000000
19787  44.352  -72.836  -1.488 0.0000000000
19799  44.785  -71.699  -2.076 0.0000000000
19800  44.467  -72.326  -2.179 0.0000000000
19801  42.961  -72.594  -3.400 0.0000000000
19808  43.496  -71.790  -4.039 0.0000000000
19820  42.584  -72.216  -4.583 0.0000000000
19830  42.285  -71.963  -5.509 0.0000000000
19831  41.647  -72.472  -5.843 0.0000000000
19832  41.295  -72.541  -6.087 0.0000000000
19833  40.528  -72.424  -6.160 0.0000000000
19834  39.397  -72.245  -5.812 0.0000000000
19835  38.329  -72.074  -5.645 0.0000000000
19836  37.470  -71.802  -5.665 0.0000000000
19844  40.752  -73.148  -6.531 0.0000000000
19845  40.037  -73.024  -6.630 0.0000000000
19846  38.952  -72.881  -6.245 0.0000000000
19847  37.740  -72.711  -5.995 0.0000000000
19848  36.752  -72.005  -5.806 0.0000000000
19849  35.874  -72.391  -6.104 0.0000000000
19850  34.878  -72.418  -6.498 0.0000000000
19854  34.190  -72.544  -6.983 0.0000000000
19855  33.717  -72.642  -7.524 0.0000000000
19865  33.455  -72.636  -8.221 0.0000000000
19874  33.397  -72.642  -9.185 0.0000000000
20678  46.507  -71.199  10.254 0.0000000000
20679  45.291  -71.847  11.129 0.0000000000
20680  43.621  -71.567  11.296 0.0000000000
20681  42.144  -71.393  11.018 0.0000000000
20682  41.110  -71.323  10.743 0.0000000000
20696  46.277  -71.542  10.158 0.0000000000
20697  45.773  -72.060  9.920 0.0000000000
20711  47.911  -70.318  7.419 0.0000000000
20712  47.118  -71.086  7.460 0.0000000000
20730  47.687  -70.588  6.376 0.0000000000
20731  47.315  -71.199  6.463 0.0000000000
20732  46.090  -71.630  6.492 0.0000000000
20733  44.495  -71.592  6.451 0.0000000000
20734  43.097  -71.420  6.378 0.0000000000
20755  47.286  -70.734  5.556 0.0000000000
20756  46.352  -71.913  5.675 0.0000000000
20757  45.152  -72.203  5.757 0.0000000000
20758  43.678  -72.202  5.637 0.0000000000
20776  46.652  -71.351  4.821 0.0000000000
20787  45.331  -71.970  3.481 0.0000000000
20788  43.390  -71.340  3.032 0.0000000000
20796  44.337  -71.969  2.843 0.0000000000
20797  43.371  -71.872  2.263 0.0000000000
20798  42.319  -71.412  2.342 0.0000000000
20804  43.571  -72.190  1.564 0.0000000000
20805  42.667  -71.777  1.585 0.0000000000
20806  41.895  -71.497  1.590 0.0000000000
20812  43.057  -71.941  0.835 0.0000000000
20813  42.105  -71.614  0.875 0.0000000000
20827  44.459  -72.025  -0.854 0.0000000000
20828  43.667  -71.952  -0.094 0.0000000000
20829  42.686  -71.327  -0.563 0.0000000000
20830  41.578  -71.251  0.080 0.0000000000
20839  44.706  -71.485  -1.746 0.0000000000
20840  44.044  -71.353  -1.150 0.0000000000
20849  44.955  -71.188  -2.409 0.0000000000
20850  44.760  -71.572  -2.705 0.0000000000
20857  45.059  -70.946  -3.144 0.0000000000
20858  44.474  -71.368  -3.570 0.0000000000
20864  44.710  -70.750  -4.043 0.0000000000
20865  43.891  -71.194  -4.511 0.0000000000
20866  43.039  -71.540  -5.015 0.0000000000
20875  43.415  -70.976  -5.236 0.0000000000
20876  42.643  -71.304  -5.513 0.0000000000
20877  41.949  -71.824  -5.801 0.0000000000
20878  41.045  -71.691  -5.837 0.0000000000
20879  39.831  -71.576  -5.575 0.0000000000
20880  38.766  -71.387  -5.474 0.0000000000
20881  37.820  -71.177  -5.552 0.0000000000
20882  36.936  -71.027  -5.761 0.0000000000
20893  36.065  -71.350  -6.005 0.0000000000
20894  35.265  -71.552  -6.376 0.0000000000
20895  34.480  -71.658  -6.925 0.0000000000
20903  34.040  -71.436  -7.608 0.0000000000
20904  33.653  -71.984  -7.899 0.0000000000
20914  34.213  -70.746  -8.030 0.0000000000
20915  33.779  -71.324  -8.319 0.0000000000
20923  33.574  -71.709  -9.450 0.0000000000
21750  46.184  -70.940  10.546 0.0000000000
21751  45.422  -70.917  10.904 0.0000000000
21752  44.150  -70.794  11.152 0.0000000000
21753  42.690  -70.632  11.010 0.0000000000
21754  41.360  -70.483  10.739 0.0000000000
21767  46.113  -71.397  9.537 0.0000000000
21768  44.642  -71.447  9.363 0.0000000000
21778  47.942  -70.001  8.241 0.0000000000
21779  47.348  -70.340  9.038 0.0000000000
21780  46.873  -70.961  9.385 0.0000000000
21781  44.109  -70.901  8.826 0.0000000000
21789  47.675  -70.432  8.268 0.0000000000
21790  43.564  -70.594  8.058 0.0000000000
21806  47.966  -70.128  6.952 0.0000000000
21807  45.494  -71.147  7.336 0.0000000000
21808  43.916  -70.937  7.207 0.0000000000
21824  47.669  -70.303  6.180 0.0000000000
21825  47.177  -70.290  5.555 0.0000000000
21837  46.664  -70.715  4.868 0.0000000000
21838  45.772  -70.541  4.406 0.0000000000
21839  44.633  -70.387  4.219 0.0000000000
21840  43.479  -70.288  4.164 0.0000000000
21841  42.431  -70.143  4.100 0.0000000000
21848  46.032  -71.224  4.189 0.0000000000
21849  45.165  -71.000  3.777 0.0000000000
21850  44.038  -70.830  3.660 0.0000000000
21851  42.926  -70.658  3.575 0.0000000000
21852  41.939  -70.506  3.455 0.0000000000
21853  40.997  -70.404  3.231 0.0000000000
21855  42.399  -70.958  3.049 0.0000000000
21856  41.574  -70.862  2.738 0.0000000000
21857  40.633  -70.670  2.315 0.0000000000
21858  39.854  -70.348  2.143 0.0000000000
21860  41.352  -71.176  1.968 0.0000000000
21861  40.092  -70.584  1.486 0.0000000000
21863  40.533  -70.793  0.619 0.0000000000
21868  40.743  -70.617  -0.453 0.0000000000
21869  39.905  -70.314  -0.071 0.0000000000
21876  44.905  -70.983  -2.109 0.0000000000
21877  42.958  -70.765  -1.389 0.0000000000
21878  40.910  -70.239  -1.344 0.0000000000
21892  45.043  -70.715  -2.865 0.0000000000
21893  44.628  -70.456  -2.475 0.0000000000
21894  43.368  -70.241  -2.096 0.0000000000
21899  45.045  -70.144  -3.770 0.0000000000
21905  44.683  -70.233  -4.662 0.0000000000
21906  44.122  -70.726  -4.814 0.0000000000
21912  44.456  -69.864  -5.243 0.0000000000
21913  43.873  -70.458  -5.256 0.0000000000
21914  42.457  -71.110  -5.661 0.0000000000
21915  41.886  -70.510  -5.586 0.0000000000
21916  40.916  -70.658  -5.453 0.0000000000
21917  39.177  -70.656  -5.385 0.0000000000
21918  38.216  -70.489  -5.548 0.0000000000
21919  37.081  -70.242  -6.070 0.0000000000
21927  36.305  -70.559  -6.251 0.0000000000
21928  35.001  -70.840  -6.854 0.0000000000
21939  35.735  -70.236  -6.961 0.0000000000
21951  35.039  -69.585  -8.426 0.0000000000
21952  34.439  -70.077  -8.551 0.0000000000
21967  33.923  -70.693  -8.802 0.0000000000
22751  46.500  -70.560  10.221 0.0000000000
22752  45.581  -70.199  10.555 0.0000000000
22753  44.449  -70.002  10.781 0.0000000000
22754  43.175  -69.863  10.795 0.0000000000
22755  42.038  -69.764  10.704 0.0000000000
22756  40.084  -69.226  10.498 0.0000000000
22768  46.969  -70.091  9.638 0.0000000000
22769  45.878  -69.559  10.091 0.0000000000
22770  44.818  -69.476  10.397 0.0000000000
22782  47.506  -69.755  8.867 0.0000000000
22783  46.423  -69.347  9.457 0.0000000000
22793  48.117  -70.014  7.678 0.0000000000
22794  48.010  -69.931  8.074 0.0000000000
22795  47.105  -69.361  7.884 0.0000000000
22805  47.929  -69.891  7.277 0.0000000000
22806  46.880  -69.452  6.566 0.0000000000
22807  45.155  -69.262  5.924 0.0000000000
22818  42.521  -69.156  5.363 0.0000000000
22819  41.350  -69.115  5.136 0.0000000000
22820  40.583  -69.120  4.848 0.0000000000
22831  46.368  -70.235  5.002 0.0000000000
22832  45.233  -69.883  4.904 0.0000000000
22833  44.018  -69.915  4.608 0.0000000000
22834  43.013  -69.726  4.660 0.0000000000
22835  41.938  -69.596  4.611 0.0000000000
22836  41.002  -69.528  4.445 0.0000000000
22837  40.189  -69.434  4.269 0.0000000000
22838  39.284  -69.314  4.001 0.0000000000
22850  41.463  -70.011  3.949 0.0000000000
22851  40.584  -69.880  3.752 0.0000000000
22852  39.289  -69.686  3.140 0.0000000000
22853  38.668  -69.323  3.308 0.0000000000
22858  40.042  -70.155  2.963 0.0000000000
22859  39.278  -69.926  2.325 0.0000000000
22860  38.605  -69.464  2.547 0.0000000000
22862  39.387  -70.124  1.517 0.0000000000
22863  38.614  -69.536  1.577 0.0000000000
22868  39.657  -70.314  0.750 0.0000000000
22869  38.992  -69.792  0.791 0.0000000000
22875  40.101  -70.102  -0.914 0.0000000000
22876  39.418  -69.745  -0.531 0.0000000000
22877  38.758  -69.353  -0.017 0.0000000000
22883  41.952  -70.163  -1.878 0.0000000000
22884  40.323  -69.779  -1.540 0.0000000000
22885  39.679  -69.496  -1.327 0.0000000000
22900  44.974  -69.868  -3.297 0.0000000000
22901  43.922  -69.718  -2.692 0.0000000000
22902  41.649  -69.495  -2.458 0.0000000000
22903  40.147  -69.284  -2.032 0.0000000000
22914  45.225  -69.282  -4.123 0.0000000000
22915  44.221  -69.143  -3.292 0.0000000000
22916  43.233  -68.523  -3.346 0.0000000000
22922  45.443  -68.754  -4.739 0.0000000000
22923  45.174  -69.423  -4.705 0.0000000000
22928  45.433  -68.802  -5.042 0.0000000000
22929  44.958  -69.183  -5.329 0.0000000000
22930  44.119  -69.488  -5.555 0.0000000000
22931  43.412  -69.732  -5.618 0.0000000000
22932  41.958  -69.681  -5.488 0.0000000000
22933  40.863  -69.596  -5.397 0.0000000000
22934  39.764  -69.944  -5.352 0.0000000000
22935  38.655  -69.857  -5.586 0.0000000000
22936  37.812  -69.965  -5.831 0.0000000000
22943  39.125  -69.221  -5.750 0.0000000000
22944  38.257  -69.379  -6.174 0.0000000000
22945  37.432  -69.737  -6.412 0.0000000000
22946  36.625  -69.963  -6.679 0.0000000000
22960  37.068  -69.543  -7.300 0.0000000000
22961  36.284  -69.746  -7.344 0.0000000000
22962  35.640  -69.710  -7.796 0.0000000000
23773  43.600  -69.154  10.374 0.0000000000
23774  42.426  -69.069  10.461 0.0000000000
23775  40.665  -68.557  10.349 0.0000000000
23776  39.659  -68.295  10.403 0.0000000000
23789  44.500  -68.944  10.040 0.0000000000
23790  43.115  -68.562  9.868 0.0000000000
23791  41.186  -68.059  9.973 0.0000000000
23792  40.340  -67.911  10.146 0.0000000000
23798  43.428  -68.333  8.499 0.0000000000
23799  42.753  -68.138  9.140 0.0000000000
23808  45.465  -68.842  7.852 0.0000000000
23809  43.968  -68.562  7.686 0.0000000000
23810  42.769  -68.284  7.541 0.0000000000
23811  41.845  -68.032  7.445 0.0000000000
23826  44.426  -68.805  6.810 0.0000000000
23827  43.177  -68.563  6.763 0.0000000000
23828  41.334  -68.116  6.747 0.0000000000
23839  43.553  -68.949  5.986 0.0000000000
23840  42.561  -68.697  6.121 0.0000000000
23841  40.548  -68.606  5.499 0.0000000000
23842  39.578  -68.392  5.431 0.0000000000
23843  38.123  -68.365  4.808 0.0000000000
23844  37.322  -67.901  4.952 0.0000000000
23854  39.868  -68.919  4.803 0.0000000000
23855  38.240  -68.879  3.890 0.0000000000
23856  37.390  -68.335  4.091 0.0000000000
23866  38.031  -69.028  2.907 0.0000000000
23867  37.460  -68.540  3.205 0.0000000000
23878  37.939  -69.037  2.030 0.0000000000
23879  37.525  -68.619  2.450 0.0000000000
23885  37.954  -68.891  1.150 0.0000000000
23886  37.368  -68.300  1.664 0.0000000000
23892  38.155  -68.717  0.311 0.0000000000
23893  37.625  -68.153  0.696 0.0000000000
23895  38.973  -69.103  -0.975 0.0000000000
23896  38.402  -68.566  -0.528 0.0000000000
23904  39.357  -68.769  -1.864 0.0000000000
23905  38.677  -68.331  -1.365 0.0000000000
23914  42.127  -68.875  -3.019 0.0000000000
23915  40.879  -68.954  -2.678 0.0000000000
23916  39.516  -68.089  -2.537 0.0000000000
23929  44.287  -68.329  -3.705 0.0000000000
23930  41.347  -68.089  -3.253 0.0000000000
23939  45.511  -68.085  -4.736 0.0000000000
23940  45.043  -68.144  -4.221 0.0000000000
23945  45.592  -68.203  -5.035 0.0000000000
23946  45.288  -68.398  -5.337 0.0000000000
23947  44.496  -68.644  -5.653 0.0000000000
23948  43.513  -68.893  -5.707 0.0000000000
23949  42.403  -68.117  -5.804 0.0000000000
23950  41.413  -68.747  -5.586 0.0000000000
23951  40.434  -68.798  -5.615 0.0000000000
23956  41.395  -67.971  -5.908 0.0000000000
23957  40.579  -68.187  -5.986 0.0000000000
23958  39.647  -68.550  -6.090 0.0000000000
23959  38.863  -68.857  -6.386 0.0000000000
23973  39.871  -68.015  -7.809 0.0000000000
23974  39.151  -68.477  -7.188 0.0000000000
23975  38.341  -68.961  -7.017 0.0000000000
24778  39.688  -67.507  10.093 0.0000000000
24792  41.998  -68.081  9.567 0.0000000000
24793  40.380  -67.502  9.722 0.0000000000
24794  39.663  -66.996  9.562 0.0000000000
24802  41.769  -67.696  8.877 0.0000000000
24803  40.940  -67.313  8.622 0.0000000000
24813  42.314  -67.980  8.290 0.0000000000
24814  41.462  -67.620  8.088 0.0000000000
24815  40.733  -67.330  7.785 0.0000000000
24816  40.029  -67.074  7.505 0.0000000000
24833  41.179  -67.726  7.364 0.0000000000
24834  40.550  -67.653  6.894 0.0000000000
24835  39.650  -67.383  6.739 0.0000000000
24851  36.673  -67.478  4.967 0.0000000000
24859  36.742  -67.788  4.243 0.0000000000
24860  36.225  -67.185  4.427 0.0000000000
24869  36.824  -68.023  3.398 0.0000000000
24870  36.328  -67.368  3.598 0.0000000000
24884  36.996  -68.130  2.534 0.0000000000
24885  36.505  -67.464  2.739 0.0000000000
24890  37.167  -67.473  1.034 0.0000000000
24891  36.782  -67.518  1.876 0.0000000000
24896  37.842  -68.010  -0.150 0.0000000000
24897  37.466  -67.391  0.248 0.0000000000
24902  38.145  -67.775  -0.942 0.0000000000
24903  37.708  -67.211  -0.498 0.0000000000
24912  38.939  -68.047  -2.045 0.0000000000
24913  38.511  -67.518  -1.694 0.0000000000
24923  39.852  -67.326  -2.971 0.0000000000
24924  39.045  -67.263  -2.409 0.0000000000
24932  45.238  -67.119  -4.579 0.0000000000
24933  44.469  -67.600  -4.070 0.0000000000
24934  43.422  -67.589  -3.722 0.0000000000
24935  41.883  -67.102  -3.597 0.0000000000
24936  40.782  -67.266  -3.317 0.0000000000
24944  45.670  -67.448  -5.005 0.0000000000
24949  45.492  -67.586  -5.264 0.0000000000
24950  44.847  -67.592  -5.771 0.0000000000
24951  43.659  -67.852  -5.936 0.0000000000
24958  45.232  -66.785  -5.651 0.0000000000
24959  43.926  -66.909  -6.225 0.0000000000
24960  42.822  -67.202  -6.257 0.0000000000
24961  41.824  -67.418  -6.309 0.0000000000
24962  40.910  -67.600  -6.504 0.0000000000
24963  40.046  -67.925  -6.778 0.0000000000
24980  41.423  -67.099  -7.058 0.0000000000
24981  40.649  -67.514  -7.368 0.0000000000
24997  42.618  -66.690  -8.383 0.0000000000
25778  38.931  -67.044  10.032 0.0000000000
25790  40.326  -67.063  9.095 0.0000000000
25791  39.037  -66.630  9.392 0.0000000000
25801  40.215  -66.935  8.302 0.0000000000
25802  39.542  -66.627  8.733 0.0000000000
25812  39.659  -66.660  7.979 0.0000000000
25846  36.296  -66.899  5.275 0.0000000000
25847  35.880  -66.144  5.525 0.0000000000
25856  35.823  -66.484  4.668 0.0000000000
25866  35.876  -66.699  3.836 0.0000000000
25867  35.583  -65.971  4.106 0.0000000000
25881  36.082  -66.750  2.992 0.0000000000
25883  36.733  -66.713  1.267 0.0000000000
25885  37.112  -66.724  0.501 0.0000000000
25886  36.813  -65.964  0.661 0.0000000000
25890  37.609  -66.378  -0.666 0.0000000000
25899  38.017  -66.860  -1.291 0.0000000000
25900  37.928  -65.979  -1.338 0.0000000000
25907  40.306  -66.449  -3.222 0.0000000000
25908  39.512  -66.493  -2.820 0.0000000000
25909  38.921  -66.406  -2.403 0.0000000000
25918  44.123  -66.796  -4.170 0.0000000000
25919  42.946  -66.628  -3.892 0.0000000000
25920  41.223  -66.286  -3.520 0.0000000000
25929  45.582  -66.768  -4.977 0.0000000000
25930  43.725  -65.862  -4.291 0.0000000000
25931  42.903  -65.690  -4.073 0.0000000000
25941  45.398  -66.179  -5.142 0.0000000000
25942  45.241  -66.095  -5.585 0.0000000000
25952  44.974  -65.921  -6.131 0.0000000000
25953  44.334  -66.038  -6.573 0.0000000000
25954  42.322  -66.771  -6.856 0.0000000000
25967  44.118  -65.394  -8.208 0.0000000000
25968  43.257  -66.311  -7.609 0.0000000000
25969  42.095  -66.774  -7.494 0.0000000000
25983  43.937  -65.676  -8.953 0.0000000000
26835  35.580  -65.342  5.766 0.0000000000
26842  35.525  -65.675  4.912 0.0000000000
26849  35.749  -66.067  3.312 0.0000000000
26850  35.472  -64.790  3.525 0.0000000000
26867  35.970  -65.086  2.071 0.0000000000
26868  35.698  -65.317  2.920 0.0000000000
26875  36.407  -65.771  1.507 0.0000000000
26881  36.983  -65.283  0.088 0.0000000000
26882  36.636  -65.233  0.769 0.0000000000
26888  37.481  -65.441  -0.718 0.0000000000
26898  37.971  -65.153  -1.519 0.0000000000
26906  39.921  -65.663  -3.066 0.0000000000
26907  39.568  -64.967  -2.902 0.0000000000
26917  42.459  -65.043  -3.999 0.0000000000
26918  41.605  -65.261  -3.677 0.0000000000
26919  40.735  -65.498  -3.390 0.0000000000
26920  40.286  -64.825  -3.319 0.0000000000
26928  45.049  -65.502  -4.986 0.0000000000
26929  44.292  -65.155  -4.693 0.0000000000
26930  43.341  -64.991  -4.349 0.0000000000
26945  44.928  -65.283  -6.068 0.0000000000
26946  44.609  -65.201  -6.751 0.0000000000
26959  44.516  -64.837  -6.695 0.0000000000
26960  44.268  -64.953  -7.627 0.0000000000
26961  43.795  -64.857  -8.181 0.0000000000
26975  43.960  -65.328  -8.525 0.0000000000
26976  43.469  -65.255  -9.042 0.0000000000
26977  42.122  -65.311  -9.448 0.0000000000
26989  43.809  -65.694  -9.309 0.0000000000
26990  42.771  -65.608  -9.973 0.0000000000
26991  41.674  -65.228  -9.844 0.0000000000
27001  43.741  -66.179  -10.211 0.0000000000
27002  42.714  -65.645  -10.924 0.0000000000
27003  41.795  -65.208  -10.441 0.0000000000
27015  42.921  -65.441  -11.744 0.0000000000
27028  43.486  -65.219  -12.437 0.0000000000
27824  35.275  -64.723  5.117 0.0000000000
27825  35.004  -63.957  5.639 0.0000000000
27835  35.270  -64.359  4.220 0.0000000000
27845  35.374  -63.946  3.455 0.0000000000
27868  35.663  -64.392  2.645 0.0000000000
27879  36.321  -64.770  1.257 0.0000000000
27880  35.936  -64.239  1.804 0.0000000000
27891  36.693  -64.425  0.380 0.0000000000
27898  37.182  -64.606  -0.445 0.0000000000
27899  36.980  -63.886  -0.285 0.0000000000
27912  37.937  -64.338  -1.691 0.0000000000
27913  37.571  -64.691  -1.094 0.0000000000
27921  39.052  -64.447  -2.772 0.0000000000
27922  38.483  -64.774  -2.163 0.0000000000
27930  41.847  -64.534  -4.073 0.0000000000
27931  40.551  -64.281  -3.725 0.0000000000
27932  39.752  -64.254  -3.402 0.0000000000
27938  44.517  -64.874  -5.077 0.0000000000
27939  42.735  -64.447  -4.490 0.0000000000
27940  41.196  -64.106  -4.055 0.0000000000
27946  44.837  -65.048  -5.516 0.0000000000
27947  44.305  -64.561  -5.527 0.0000000000
27948  43.489  -64.242  -5.508 0.0000000000
27949  42.315  -64.052  -5.447 0.0000000000
27950  40.970  -64.170  -5.796 0.0000000000
27956  44.660  -64.756  -6.068 0.0000000000
27957  44.157  -64.464  -6.274 0.0000000000
27958  43.176  -64.307  -6.441 0.0000000000
27959  41.779  -64.398  -6.631 0.0000000000
27960  40.431  -64.448  -6.863 0.0000000000
27961  39.489  -64.191  -7.039 0.0000000000
27968  44.023  -64.615  -7.197 0.0000000000
27969  42.841  -64.589  -7.541 0.0000000000
27970  41.145  -64.738  -7.707 0.0000000000
27971  40.035  -64.483  -7.761 0.0000000000
27972  39.480  -64.050  -7.703 0.0000000000
27978  42.063  -65.047  -8.623 0.0000000000
27979  41.213  -65.020  -9.334 0.0000000000
27980  40.538  -64.380  -9.267 0.0000000000
27993  41.119  -64.872  -9.910 0.0000000000
28006  42.021  -65.042  -11.223 0.0000000000
28007  41.365  -64.626  -10.557 0.0000000000
28008  40.826  -64.305  -10.005 0.0000000000
28019  43.576  -64.584  -12.501 0.0000000000
28020  42.686  -64.643  -11.930 0.0000000000
28021  41.865  -64.256  -11.200 0.0000000000
28032  44.819  -64.498  -13.676 0.0000000000
28033  44.346  -64.849  -13.097 0.0000000000
28963  35.023  -63.825  4.815 0.0000000000
28964  34.723  -63.252  5.340 0.0000000000
28980  35.137  -63.636  4.104 0.0000000000
28981  34.831  -62.927  4.469 0.0000000000
28995  35.188  -63.083  3.573 0.0000000000
29021  35.528  -63.390  2.678 0.0000000000
29033  36.259  -63.869  1.075 0.0000000000
29034  35.838  -63.359  1.752 0.0000000000
29043  36.599  -63.299  0.287 0.0000000000
29051  37.398  -63.911  -1.054 0.0000000000
29052  37.061  -63.146  -0.582 0.0000000000
29065  38.433  -63.939  -2.412 0.0000000000
29066  37.823  -63.594  -1.835 0.0000000000
29074  39.001  -63.848  -3.134 0.0000000000
29075  37.693  -62.906  -2.132 0.0000000000
29086  40.332  -63.864  -4.099 0.0000000000
29087  39.355  -63.711  -3.842 0.0000000000
29088  38.683  -63.452  -3.621 0.0000000000
29095  41.960  -64.087  -4.615 0.0000000000
29096  39.554  -63.678  -4.538 0.0000000000
29097  38.627  -63.357  -4.564 0.0000000000
29104  41.405  -63.845  -4.987 0.0000000000
29105  40.365  -63.785  -4.981 0.0000000000
29106  39.169  -63.689  -5.386 0.0000000000
29107  38.400  -63.238  -5.706 0.0000000000
29118  39.812  -64.103  -6.089 0.0000000000
29119  38.925  -63.762  -6.384 0.0000000000
29120  38.540  -63.290  -6.546 0.0000000000
29127  38.914  -63.577  -7.231 0.0000000000
29134  39.931  -63.537  -8.799 0.0000000000
29135  39.358  -63.564  -8.022 0.0000000000
29144  40.582  -63.619  -9.610 0.0000000000
29148  42.039  -63.449  -10.978 0.0000000000
29149  41.275  -63.679  -10.438 0.0000000000
29156  44.564  -63.446  -12.555 0.0000000000
29157  43.446  -63.894  -12.302 0.0000000000
29158  42.642  -63.680  -11.622 0.0000000000
29172  45.388  -63.170  -13.169 0.0000000000
29173  44.868  -63.884  -13.177 0.0000000000
29174  44.208  -64.141  -12.757 0.0000000000
29188  45.256  -63.309  -13.396 0.0000000000
29189  45.073  -63.695  -13.509 0.0000000000
29202  45.103  -63.245  -13.814 0.0000000000
30083  34.457  -62.436  5.216 0.0000000000
30113  34.865  -62.097  3.768 0.0000000000
30142  35.300  -62.461  2.964 0.0000000000
30158  35.897  -62.455  1.442 0.0000000000
30159  35.572  -62.577  2.195 0.0000000000
30183  37.124  -62.369  -0.962 0.0000000000
30184  36.732  -62.417  -0.219 0.0000000000
30203  37.357  -62.282  -1.750 0.0000000000
30215  37.863  -62.898  -2.930 0.0000000000
30225  38.049  -63.011  -3.841 0.0000000000
30234  37.957  -62.789  -4.842 0.0000000000
30242  37.998  -62.651  -5.602 0.0000000000
30243  37.767  -62.221  -5.219 0.0000000000
30257  38.217  -62.753  -6.260 0.0000000000
30266  38.894  -62.843  -7.650 0.0000000000
30267  38.466  -62.877  -7.000 0.0000000000
30273  40.500  -62.675  -9.114 0.0000000000
30281  41.392  -62.508  -9.700 0.0000000000
30286  44.547  -62.145  -11.393 0.0000000000
30287  43.595  -62.326  -11.011 0.0000000000
30288  42.055  -62.727  -10.437 0.0000000000
30298  45.663  -62.316  -12.532 0.0000000000
30299  45.072  -62.636  -12.202 0.0000000000
30300  43.756  -62.969  -11.778 0.0000000000
30312  45.950  -61.873  -12.570 0.0000000000
30313  45.671  -62.465  -12.830 0.0000000000
30314  45.420  -62.991  -12.854 0.0000000000
30328  45.755  -62.279  -13.064 0.0000000000
30338  45.351  -62.750  -13.537 0.0000000000
31192  34.214  -61.592  5.090 0.0000000000
31212  34.421  -61.212  4.307 0.0000000000
31223  35.132  -61.633  3.045 0.0000000000
31224  34.781  -61.216  3.562 0.0000000000
31254  35.378  -61.249  2.444 0.0000000000
31266  35.972  -61.602  1.212 0.0000000000
31267  35.618  -61.805  1.914 0.0000000000
31276  36.272  -61.419  0.594 0.0000000000
31285  36.842  -61.713  -0.679 0.0000000000
31298  37.114  -61.668  -1.362 0.0000000000
31299  36.914  -60.990  -1.101 0.0000000000
31313  37.263  -61.459  -2.144 0.0000000000
31324  37.376  -61.533  -3.108 0.0000000000
31333  37.597  -62.080  -4.490 0.0000000000
31341  38.011  -61.898  -5.890 0.0000000000
31352  38.905  -61.465  -7.046 0.0000000000
31353  38.405  -62.071  -6.678 0.0000000000
31363  41.163  -60.951  -8.175 0.0000000000
31364  40.100  -61.455  -7.929 0.0000000000
31365  39.245  -61.919  -7.632 0.0000000000
31369  43.183  -60.896  -9.142 0.0000000000
31370  42.304  -61.405  -9.247 0.0000000000
31371  41.270  -61.709  -8.912 0.0000000000
31372  40.414  -61.982  -8.553 0.0000000000
31373  39.597  -62.593  -8.270 0.0000000000
31381  44.434  -61.131  -10.134 0.0000000000
31382  43.309  -61.405  -9.805 0.0000000000
31383  42.393  -61.994  -9.897 0.0000000000
31388  46.315  -61.416  -11.902 0.0000000000
31389  45.935  -61.336  -11.266 0.0000000000
31390  45.020  -61.518  -10.939 0.0000000000
31391  43.967  -61.720  -10.601 0.0000000000
31392  42.998  -62.135  -10.423 0.0000000000
31401  46.225  -61.520  -12.228 0.0000000000
31402  45.969  -61.839  -12.319 0.0000000000
31403  45.631  -61.927  -11.816 0.0000000000
31429  45.969  -61.673  -12.816 0.0000000000
31430  45.653  -61.556  -13.296 0.0000000000
31437  45.397  -62.047  -13.558 0.0000000000
32352  34.169  -60.268  4.601 0.0000000000
32369  35.041  -60.777  3.026 0.0000000000
32370  34.590  -60.297  3.745 0.0000000000
32393  35.362  -60.390  2.384 0.0000000000
32406  36.093  -60.643  0.971 0.0000000000
32407  35.684  -60.953  1.769 0.0000000000
32419  36.436  -60.879  0.148 0.0000000000
32428  36.658  -60.354  -0.531 0.0000000000
32439  37.122  -60.588  -1.845 0.0000000000
32440  36.900  -60.251  -1.237 0.0000000000
32451  37.297  -60.692  -2.736 0.0000000000
32470  37.986  -60.523  -4.870 0.0000000000
32471  37.748  -60.187  -4.126 0.0000000000
32481  38.879  -60.279  -6.016 0.0000000000
32482  37.770  -61.473  -5.106 0.0000000000
32495  40.050  -60.110  -6.874 0.0000000000
32496  39.235  -60.607  -6.686 0.0000000000
32497  38.553  -61.180  -6.364 0.0000000000
32509  43.133  -60.009  -8.149 0.0000000000
32510  42.206  -60.356  -8.109 0.0000000000
32511  40.593  -60.483  -7.460 0.0000000000
32512  39.647  -60.966  -7.320 0.0000000000
32521  44.926  -59.979  -9.075 0.0000000000
32522  42.740  -60.655  -8.644 0.0000000000
32523  41.934  -60.978  -8.624 0.0000000000
32530  46.318  -60.265  -10.319 0.0000000000
32531  45.632  -60.148  -9.660 0.0000000000
32532  44.951  -60.566  -9.723 0.0000000000
32533  43.965  -60.728  -9.431 0.0000000000
32541  46.966  -60.154  -10.911 0.0000000000
32542  45.827  -60.726  -10.435 0.0000000000
32557  46.997  -60.418  -11.707 0.0000000000
32558  46.610  -61.082  -11.991 0.0000000000
32574  46.826  -60.429  -12.244 0.0000000000
32575  46.301  -61.196  -12.464 0.0000000000
32584  45.970  -60.968  -12.992 0.0000000000
32585  45.448  -60.810  -13.395 0.0000000000
33491  34.362  -59.432  4.316 0.0000000000
33510  35.066  -59.062  2.984 0.0000000000
33511  34.722  -59.265  3.596 0.0000000000
33533  35.370  -59.471  2.374 0.0000000000
33546  36.105  -59.590  1.034 0.0000000000
33547  35.748  -59.053  1.712 0.0000000000
33559  36.390  -59.102  0.396 0.0000000000
33569  36.618  -59.444  -0.338 0.0000000000
33587  37.061  -59.586  -1.707 0.0000000000
33588  36.887  -58.854  -0.994 0.0000000000
33598  37.410  -59.171  -2.544 0.0000000000
33611  38.011  -59.320  -3.943 0.0000000000
33612  37.541  -59.841  -3.254 0.0000000000
33624  38.918  -59.024  -4.953 0.0000000000
33625  38.293  -59.631  -4.594 0.0000000000
33633  39.989  -59.031  -5.982 0.0000000000
33634  39.279  -59.427  -5.650 0.0000000000
33635  38.580  -59.941  -5.299 0.0000000000
33648  42.041  -59.212  -7.094 0.0000000000
33649  40.993  -59.525  -6.897 0.0000000000
33650  39.607  -59.795  -6.296 0.0000000000
33660  44.317  -59.207  -7.926 0.0000000000
33661  43.518  -59.402  -7.725 0.0000000000
33662  42.607  -59.659  -7.608 0.0000000000
33663  41.616  -60.020  -7.534 0.0000000000
33671  46.215  -59.276  -9.228 0.0000000000
33672  45.487  -59.525  -8.943 0.0000000000
33673  44.690  -59.559  -8.488 0.0000000000
33674  43.961  -59.731  -8.252 0.0000000000
33680  47.275  -59.401  -10.619 0.0000000000
33681  46.622  -59.676  -10.054 0.0000000000
33682  46.073  -59.800  -9.612 0.0000000000
33694  47.430  -59.681  -11.526 0.0000000000
33712  47.337  -59.760  -12.096 0.0000000000
33729  47.162  -59.426  -12.588 0.0000000000
33739  45.856  -60.189  -13.182 0.0000000000
34592  34.962  -58.322  3.487 0.0000000000
34614  35.433  -58.430  2.507 0.0000000000
34625  36.149  -58.685  1.068 0.0000000000
34626  35.895  -58.147  1.679 0.0000000000
34636  36.415  -58.251  0.480 0.0000000000
34648  36.807  -58.112  -0.642 0.0000000000
34690  38.346  -58.592  -3.902 0.0000000000
34691  37.812  -58.866  -3.295 0.0000000000
34702  39.320  -58.366  -4.865 0.0000000000
34703  38.856  -58.429  -4.431 0.0000000000
34713  41.135  -58.294  -6.126 0.0000000000
34714  40.421  -58.280  -5.681 0.0000000000
34715  39.622  -58.654  -5.384 0.0000000000
34729  44.339  -58.168  -7.172 0.0000000000
34730  43.428  -58.248  -6.820 0.0000000000
34731  42.446  -58.535  -6.692 0.0000000000
34732  41.546  -58.749  -6.544 0.0000000000
34733  40.733  -58.855  -6.297 0.0000000000
34744  45.321  -58.476  -7.920 0.0000000000
34745  44.662  -58.654  -7.668 0.0000000000
34746  43.902  -58.789  -7.410 0.0000000000
34747  43.019  -58.977  -7.212 0.0000000000
34758  46.409  -58.586  -8.869 0.0000000000
34759  45.740  -58.867  -8.528 0.0000000000
34760  45.040  -59.047  -8.227 0.0000000000
34770  47.510  -58.567  -10.289 0.0000000000
34771  46.868  -58.991  -9.675 0.0000000000
34783  48.194  -58.046  -11.049 0.0000000000
34784  47.838  -58.856  -11.330 0.0000000000
34802  48.355  -58.160  -11.997 0.0000000000
34803  47.835  -58.943  -12.099 0.0000000000
34820  48.152  -58.007  -12.555 0.0000000000
34821  47.635  -58.628  -12.583 0.0000000000
34822  46.683  -59.092  -13.007 0.0000000000
34832  46.152  -59.536  -13.088 0.0000000000
35617  35.437  -57.564  3.107 0.0000000000
35642  36.301  -56.589  2.223 0.0000000000
35643  35.824  -57.482  2.310 0.0000000000
35655  36.221  -57.350  1.521 0.0000000000
35661  36.518  -57.356  0.651 0.0000000000
35672  36.926  -57.383  -0.656 0.0000000000
35673  36.803  -57.071  -0.044 0.0000000000
35690  37.275  -57.065  -1.311 0.0000000000
35702  38.043  -57.347  -2.754 0.0000000000
35703  37.726  -56.775  -1.972 0.0000000000
35715  39.054  -57.264  -3.855 0.0000000000
35716  38.522  -57.496  -3.453 0.0000000000
35717  37.641  -58.268  -2.657 0.0000000000
35729  40.338  -56.910  -4.738 0.0000000000
35730  39.339  -57.782  -4.475 0.0000000000
35731  38.703  -57.937  -3.945 0.0000000000
35739  42.074  -57.334  -5.908 0.0000000000
35740  41.172  -57.614  -5.704 0.0000000000
35741  40.411  -57.548  -5.217 0.0000000000
35742  39.812  -57.989  -5.104 0.0000000000
35758  44.932  -57.480  -7.046 0.0000000000
35759  44.053  -57.574  -6.667 0.0000000000
35760  42.674  -57.832  -6.367 0.0000000000
35761  41.840  -58.066  -6.242 0.0000000000
35774  46.171  -57.440  -7.916 0.0000000000
35775  45.519  -57.817  -7.623 0.0000000000
35776  44.970  -58.147  -7.459 0.0000000000
35786  47.237  -57.377  -9.044 0.0000000000
35787  46.595  -57.815  -8.572 0.0000000000
35788  45.953  -58.183  -8.211 0.0000000000
35799  47.708  -57.724  -9.961 0.0000000000
35800  47.054  -58.198  -9.343 0.0000000000
35816  48.591  -57.385  -11.840 0.0000000000
35832  48.460  -57.302  -12.476 0.0000000000
35845  48.219  -57.231  -12.869 0.0000000000
35846  47.678  -57.703  -12.911 0.0000000000
36752  36.590  -56.556  1.266 0.0000000000
36760  36.859  -56.487  0.441 0.0000000000
36788  37.991  -55.935  -1.770 0.0000000000
36789  37.569  -56.349  -1.334 0.0000000000
36802  38.906  -55.901  -2.994 0.0000000000
36803  38.305  -56.376  -2.498 0.0000000000
36814  40.133  -56.069  -4.179 0.0000000000
36815  39.346  -56.443  -3.676 0.0000000000
36816  38.661  -56.796  -3.233 0.0000000000
36826  41.850  -55.932  -5.083 0.0000000000
36827  40.973  -56.199  -4.811 0.0000000000
36828  39.682  -57.000  -4.303 0.0000000000
36838  43.999  -56.180  -5.999 0.0000000000
36839  43.167  -56.337  -5.772 0.0000000000
36840  42.357  -56.534  -5.578 0.0000000000
36841  40.872  -57.016  -5.195 0.0000000000
36856  45.299  -56.577  -6.759 0.0000000000
36857  44.482  -56.820  -6.478 0.0000000000
36858  43.662  -56.952  -6.232 0.0000000000
36859  42.878  -57.109  -6.062 0.0000000000
36874  47.020  -56.225  -8.034 0.0000000000
36875  46.404  -56.652  -7.646 0.0000000000
36876  45.727  -57.045  -7.338 0.0000000000
36885  47.420  -56.553  -8.767 0.0000000000
36886  46.783  -57.010  -8.311 0.0000000000
36897  48.498  -56.377  -10.403 0.0000000000
36898  47.883  -56.894  -9.639 0.0000000000
36916  48.821  -56.620  -11.648 0.0000000000
36917  48.365  -57.200  -10.720 0.0000000000
36933  48.750  -56.592  -12.490 0.0000000000
36946  48.517  -56.571  -12.829 0.0000000000
36947  48.094  -56.821  -13.035 0.0000000000
37923  37.684  -55.080  1.886 0.0000000000
37924  37.419  -55.339  1.153 0.0000000000
37933  37.814  -54.949  0.557 0.0000000000
37945  38.270  -54.625  -0.036 0.0000000000
37946  37.686  -55.312  -0.242 0.0000000000
37964  38.982  -54.612  -1.753 0.0000000000
37965  38.336  -55.141  -1.385 0.0000000000
37966  37.777  -55.650  -1.016 0.0000000000
37979  39.259  -54.995  -2.631 0.0000000000
37980  38.594  -55.474  -2.200 0.0000000000
37989  41.045  -54.770  -3.999 0.0000000000
37990  40.353  -55.099  -3.738 0.0000000000
37991  39.636  -55.499  -3.404 0.0000000000
38001  42.207  -55.115  -4.768 0.0000000000
38002  41.434  -55.332  -4.540 0.0000000000
38003  40.775  -55.474  -4.280 0.0000000000
38012  45.136  -55.142  -6.008 0.0000000000
38013  44.324  -55.337  -5.740 0.0000000000
38014  43.485  -55.514  -5.512 0.0000000000
38015  42.660  -55.709  -5.299 0.0000000000
38028  46.295  -55.410  -6.813 0.0000000000
38029  45.605  -55.734  -6.529 0.0000000000
38030  44.818  -55.983  -6.267 0.0000000000
38046  47.247  -55.412  -7.800 0.0000000000
38047  46.651  -55.843  -7.400 0.0000000000
38048  46.034  -56.239  -7.038 0.0000000000
38058  48.205  -55.252  -9.066 0.0000000000
38059  47.603  -55.743  -8.515 0.0000000000
38068  48.641  -55.566  -10.075 0.0000000000
38069  48.028  -56.062  -9.351 0.0000000000
38090  49.066  -55.855  -11.343 0.0000000000
38091  48.014  -55.511  -12.839 0.0000000000
38105  49.555  -55.232  -12.268 0.0000000000
38106  49.158  -55.901  -12.489 0.0000000000
38114  49.479  -54.991  -13.049 0.0000000000
38115  49.033  -55.762  -12.998 0.0000000000
38116  48.444  -56.062  -12.978 0.0000000000
39054  39.989  -54.341  1.331 0.0000000000
39055  39.195  -54.419  1.520 0.0000000000
39056  38.451  -54.679  1.755 0.0000000000
39057  37.969  -54.817  1.259 0.0000000000
39061  41.188  -54.377  0.451 0.0000000000
39062  40.379  -54.109  0.555 0.0000000000
39063  39.529  -54.111  0.583 0.0000000000
39064  38.574  -54.439  0.847 0.0000000000
39072  43.179  -54.701  -0.479 0.0000000000
39073  42.338  -54.219  -0.389 0.0000000000
39074  41.561  -54.125  -0.099 0.0000000000
39075  40.889  -53.862  -0.086 0.0000000000
39076  39.510  -53.931  -0.338 0.0000000000
39077  38.758  -54.392  -0.763 0.0000000000
39092  43.734  -54.126  -0.811 0.0000000000
39093  39.494  -53.946  -1.226 0.0000000000
39108  40.377  -54.027  -2.730 0.0000000000
39109  39.758  -54.129  -2.184 0.0000000000
39120  42.195  -53.832  -3.776 0.0000000000
39121  41.424  -54.069  -3.586 0.0000000000
39122  40.681  -54.330  -3.355 0.0000000000
39123  39.957  -54.611  -3.052 0.0000000000
39133  44.291  -53.756  -4.729 0.0000000000
39134  43.382  -54.092  -4.593 0.0000000000
39135  42.576  -54.318  -4.408 0.0000000000
39136  41.795  -54.551  -4.205 0.0000000000
39146  46.182  -53.941  -5.879 0.0000000000
39147  45.452  -54.285  -5.660 0.0000000000
39148  44.680  -54.494  -5.429 0.0000000000
39149  43.838  -54.660  -5.208 0.0000000000
39150  43.001  -54.884  -4.996 0.0000000000
39167  47.229  -54.078  -6.862 0.0000000000
39168  46.564  -54.508  -6.547 0.0000000000
39169  45.869  -54.860  -6.283 0.0000000000
39186  48.126  -54.101  -7.965 0.0000000000
39187  47.505  -54.560  -7.562 0.0000000000
39188  46.892  -55.000  -7.181 0.0000000000
39201  48.437  -54.429  -8.756 0.0000000000
39202  47.813  -54.926  -8.271 0.0000000000
39218  49.583  -54.179  -10.627 0.0000000000
39219  48.821  -54.736  -9.742 0.0000000000
39238  49.795  -54.653  -11.837 0.0000000000
39239  49.294  -55.090  -10.941 0.0000000000
39240  47.812  -54.705  -12.185 0.0000000000
39251  50.042  -53.864  -13.542 0.0000000000
39252  50.133  -54.444  -12.929 0.0000000000
39253  48.962  -54.074  -13.361 0.0000000000
39254  48.624  -54.763  -13.073 0.0000000000
39260  49.852  -54.261  -13.436 0.0000000000
39261  49.355  -54.727  -13.261 0.0000000000
39262  48.798  -55.357  -13.113 0.0000000000
40143  40.186  -53.794  -0.110 0.0000000000
40151  43.010  -53.970  -0.753 0.0000000000
40152  42.391  -53.518  -1.150 0.0000000000
40153  41.486  -53.666  -0.688 0.0000000000
40154  40.746  -53.596  -0.671 0.0000000000
40155  40.119  -53.631  -0.837 0.0000000000
40171  44.244  -53.597  -1.291 0.0000000000
40172  43.380  -53.546  -1.222 0.0000000000
40173  41.513  -53.379  -1.395 0.0000000000
40174  40.752  -53.471  -1.374 0.0000000000
40175  40.097  -53.690  -1.549 0.0000000000
40188  45.933  -53.174  -1.980 0.0000000000
40189  42.125  -53.167  -1.925 0.0000000000
40190  41.299  -53.319  -2.078 0.0000000000
40191  40.525  -53.636  -2.147 0.0000000000
40202  44.281  -52.756  -3.418 0.0000000000
40203  43.573  -53.060  -3.513 0.0000000000
40204  41.119  -53.667  -2.850 0.0000000000
40215  46.169  -52.736  -4.636 0.0000000000
40216  44.304  -53.040  -4.018 0.0000000000
40217  42.979  -53.583  -3.977 0.0000000000
40230  47.389  -52.734  -5.628 0.0000000000
40231  46.570  -53.065  -5.388 0.0000000000
40232  45.763  -53.428  -5.192 0.0000000000
40252  48.515  -52.732  -6.849 0.0000000000
40253  47.685  -53.070  -6.441 0.0000000000
40254  46.925  -53.525  -6.127 0.0000000000
40271  48.462  -53.290  -7.642 0.0000000000
40272  47.878  -53.621  -7.252 0.0000000000
40283  49.581  -52.965  -8.857 0.0000000000
40284  48.757  -53.518  -8.376 0.0000000000
40303  49.081  -53.885  -9.332 0.0000000000
40320  50.857  -53.121  -12.429 0.0000000000
40321  50.244  -53.962  -12.128 0.0000000000
40322  48.401  -53.276  -11.913 0.0000000000
40334  50.384  -53.515  -13.252 0.0000000000
40335  49.011  -53.604  -12.975 0.0000000000
40336  48.411  -54.071  -12.583 0.0000000000
40340  50.285  -53.186  -13.462 0.0000000000
40341  50.040  -53.705  -13.580 0.0000000000
40342  49.692  -53.594  -13.477 0.0000000000
41213  44.592  -53.090  -1.745 0.0000000000
41214  43.848  -53.089  -1.732 0.0000000000
41215  42.996  -53.144  -1.795 0.0000000000
41224  46.965  -52.726  -2.836 0.0000000000
41225  46.109  -52.703  -2.611 0.0000000000
41226  45.217  -52.795  -2.256 0.0000000000
41227  44.295  -52.768  -2.307 0.0000000000
41228  43.501  -52.881  -2.358 0.0000000000
41229  42.737  -53.067  -2.485 0.0000000000
41240  47.228  -52.503  -3.592 0.0000000000
41241  46.368  -52.486  -3.354 0.0000000000
41242  45.517  -52.506  -3.113 0.0000000000
41243  44.692  -52.579  -2.943 0.0000000000
41244  43.911  -52.704  -2.924 0.0000000000
41245  43.255  -52.914  -2.920 0.0000000000
41256  47.518  -52.432  -4.363 0.0000000000
41257  46.667  -52.428  -4.108 0.0000000000
41258  45.784  -52.494  -3.901 0.0000000000
41259  44.946  -52.638  -3.662 0.0000000000
41274  47.869  -52.413  -5.141 0.0000000000
41275  47.043  -52.518  -4.853 0.0000000000
41295  48.188  -52.526  -5.947 0.0000000000
41312  49.925  -52.462  -7.409 0.0000000000
41313  49.221  -52.714  -7.689 0.0000000000
41327  49.944  -52.540  -8.136 0.0000000000
41349  51.097  -52.564  -10.073 0.0000000000
41350  50.349  -52.831  -9.867 0.0000000000
41368  51.052  -52.761  -11.206 0.0000000000
41369  50.313  -53.370  -10.967 0.0000000000
41370  48.597  -52.465  -11.243 0.0000000000
41383  51.834  -52.088  -13.143 0.0000000000
41384  51.014  -52.547  -13.310 0.0000000000
41385  50.117  -52.242  -13.157 0.0000000000
41386  49.356  -52.826  -12.820 0.0000000000
41392  51.346  -52.071  -13.356 0.0000000000
41393  50.688  -52.481  -13.405 0.0000000000
41394  50.238  -52.888  -13.527 0.0000000000
42370  48.962  -51.128  -9.704 0.0000000000
42371  48.209  -51.381  -9.158 0.0000000000
42386  50.597  -51.081  -12.005 0.0000000000
42387  49.726  -51.249  -11.052 0.0000000000
42388  48.799  -51.724  -10.435 0.0000000000
42399  51.253  -51.431  -12.960 0.0000000000
42400  50.358  -51.636  -12.685 0.0000000000
42401  49.447  -51.953  -12.033 0.0000000000
42408  50.746  -52.127  -13.433 0.0000000000
43340  49.807  -49.854  -8.872 0.0000000000
43341  48.958  -49.884  -8.541 0.0000000000
43363  51.666  -50.207  -10.508 0.0000000000
43364  50.651  -50.227  -9.804 0.0000000000
43365  49.573  -50.549  -9.559 0.0000000000
43366  48.547  -50.637  -8.791 0.0000000000
43380  51.239  -50.689  -11.694 0.0000000000
43381  50.370  -50.762  -10.874 0.0000000000
43391  51.865  -50.991  -12.641 0.0000000000
44329  50.463  -49.310  -8.701 0.0000000000
44330  49.402  -49.204  -8.384 0.0000000000
44354  51.269  -49.709  -9.355 0.0000000000
124783  37.454  -57.651  -1.991 0.0000000000
124875  50.457  -52.595  -8.908 0.0000000000
124918  36.362  -80.184  15.655 0.0000000000
124961  43.261  -74.988  1.092 0.0000000000
125009  41.555  -68.746  10.346 0.0000000000
125039  36.672  -57.799  -0.070 0.0000000000
125049  38.185  -80.859  15.302 0.0000000000
125061  38.977  -68.724  4.740 0.0000000000
125091  36.217  -57.955  1.064 0.0000000000
125103  34.595  -80.498  16.143 0.0000000000
125433  35.720  -82.538  16.264 0.0000000000
125439  41.429  -67.174  -7.859 0.0000000000
125495  41.739  -70.767  -0.964 0.0000000000
125677  41.599  -68.580  5.942 0.0000000000
125688  44.384  -60.292  -9.092 0.0000000000
125735  36.642  -77.936  -8.438 0.0000000000
125881  23.278  -90.915  5.054 0.0000000000
125887  37.480  -79.526  -8.398 0.0000000000
125903  27.132  -91.283  -1.152 0.0000000000
125958  33.129  -87.612  13.584 0.0000000000
125990  41.941  -53.274  -2.652 0.0000000000
126036  36.612  -81.405  15.751 0.0000000000
126084  42.422  -74.361  -2.075 0.0000000000
126274  42.863  -74.892  1.942 0.0000000000
126318  36.014  -65.963  2.464 0.0000000000
126412  37.251  -79.914  -6.702 0.0000000000
126432  33.529  -86.776  14.120 0.0000000000
126560  24.565  -90.546  18.015 0.0000000000
126640  26.093  -90.467  -1.046 0.0000000000
126673  49.761  -54.092  -13.500 0.0000000000
126722  25.355  -91.667  -0.589 0.0000000000
126804  37.219  -58.569  -1.872 0.0000000000
126927  49.319  -52.477  -6.789 0.0000000000
126931  41.414  -78.530  10.075 0.0000000000
127011  37.230  -66.072  -0.038 0.0000000000
127020  40.661  -64.692  -8.569 0.0000000000
127069  41.502  -73.001  -5.767 0.0000000000
127192  40.002  -68.689  -2.468 0.0000000000
127302  24.439  -85.716  -13.148 0.0000000000
127358  24.252  -91.250  -0.543 0.0000000000
127441  37.434  -63.029  -1.356 0.0000000000
127465  40.928  -69.703  -2.034 0.0000000000
127559  29.738  -85.164  -2.482 0.0000000000
127576  37.216  -56.360  -0.502 0.0000000000
127753  40.255  -73.703  -6.961 0.0000000000
127812  35.388  -61.951  2.506 0.0000000000
127815  39.921  -80.966  5.456 0.0000000000
127843  45.036  -68.702  8.849 0.0000000000
127892  30.049  -85.388  -15.175 0.0000000000
127940  30.500  -84.694  17.603 0.0000000000
127959  34.879  -70.235  -7.660 0.0000000000
127967  43.731  -64.459  -4.862 0.0000000000
128063  37.863  -82.424  0.237 0.0000000000
128071  32.637  -80.829  16.980 0.0000000000
128075  34.247  -84.502  -0.444 0.0000000000
128083  38.515  -75.176  -8.002 0.0000000000
128121  27.691  -83.953  -2.463 0.0000000000
128214  38.160  -58.082  -3.362 0.0000000000
128278  29.725  -83.494  -11.884 0.0000000000
128294  42.161  -65.991  -3.777 0.0000000000
128327  38.241  -60.873  -5.619 0.0000000000
128338  43.116  -70.755  -5.521 0.0000000000
128435  37.765  -69.356  -6.877 0.0000000000
128479  30.409  -84.170  -11.340 0.0000000000
128569  27.410  -87.535  20.027 0.0000000000
128768  28.378  -86.030  14.925 0.0000000000
128896  26.670  -88.309  15.690 0.0000000000
128914  38.704  -78.140  -7.565 0.0000000000
128987  23.511  -86.857  20.712 0.0000000000
129005  35.218  -82.826  12.100 0.0000000000
129099  34.547  -62.062  4.558 0.0000000000
129120  42.636  -69.617  -2.520 0.0000000000
129147  29.737  -83.292  -11.034 0.0000000000
129150  29.570  -84.813  -14.521 0.0000000000
129226  41.066  -64.642  -3.664 0.0000000000
129244  46.760  -70.920  8.504 0.0000000000
129321  23.971  -92.275  5.131 0.0000000000
129327  36.665  -61.130  -0.438 0.0000000000
129508  44.154  -75.328  9.544 0.0000000000
129597  33.870  -78.031  -8.166 0.0000000000
129651  38.485  -82.338  2.643 0.0000000000
129684  24.847  -90.061  -15.073 0.0000000000
129757  35.305  -77.490  1.494 0.0000000000
129810  26.310  -90.225  15.704 0.0000000000
129846  28.512  -85.853  -17.211 0.0000000000
129881  38.725  -74.806  -2.250 0.0000000000
129902  40.175  -76.288  -4.983 0.0000000000
129912  37.279  -59.969  -2.417 0.0000000000
129989  27.186  -88.434  4.272 0.0000000000
129997  25.656  -87.379  -14.099 0.0000000000
130111  38.495  -65.769  -2.052 0.0000000000
130121  30.767  -85.107  12.840 0.0000000000
130351  40.375  -79.533  7.042 0.0000000000
130353  34.562  -81.625  -6.655 0.0000000000
130368  28.702  -83.389  -1.978 0.0000000000
130410  35.048  -81.635  -8.688 0.0000000000
130562  44.996  -68.951  -3.811 0.0000000000
130577  37.410  -66.747  -0.093 0.0000000000
130691  41.848  -53.557  -3.226 0.0000000000
130734  33.809  -87.353  11.011 0.0000000000
130742  27.289  -89.060  17.793 0.0000000000
130758  42.786  -62.832  -11.056 0.0000000000
130779  28.919  -86.478  -2.870 0.0000000000
130792  27.574  -85.192  -2.528 0.0000000000
130803  39.907  -69.155  -5.523 0.0000000000
130853  36.019  -85.708  9.761 0.0000000000
130862  42.170  -68.379  6.730 0.0000000000
130901  43.624  -70.155  -5.496 0.0000000000
130929  45.369  -70.888  8.685 0.0000000000
131037  37.485  -62.248  -2.628 0.0000000000
131041  23.340  -88.111  20.875 0.0000000000
131071  41.118  -67.538  9.369 0.0000000000
131079  41.112  -69.414  10.549 0.0000000000
131106  30.283  -83.745  -9.691 0.0000000000
131147  40.856  -78.302  9.042 0.0000000000
131154  46.464  -60.134  -12.818 0.0000000000
131223  43.869  -69.453  5.196 0.0000000000
131277  28.439  -89.228  2.488 0.0000000000
131286  35.717  -60.018  1.702 0.0000000000
131449  44.915  -70.750  7.926 0.0000000000
131454  36.290  -84.290  16.586 0.0000000000
131565  33.936  -85.839  9.350 0.0000000000
131640  44.777  -66.037  -4.590 0.0000000000
131888  41.546  -56.770  -5.384 0.0000000000
131921  44.512  -72.511  11.345 0.0000000000
131968  44.343  -59.966  -8.684 0.0000000000
132042  44.259  -70.814  -1.762 0.0000000000
132103  38.918  -54.215  0.085 0.0000000000
132136  25.857  -92.771  17.835 0.0000000000
132181  35.653  -79.365  -8.506 0.0000000000
132275  29.073  -85.729  -16.965 0.0000000000
132451  29.318  -87.067  4.355 0.0000000000
132467  34.912  -82.439  -1.984 0.0000000000
132468  31.207  -85.532  -14.008 0.0000000000
132475  43.388  -66.445  -6.777 0.0000000000
132532  27.205  -88.544  -12.110 0.0000000000
132573  46.132  -71.537  10.499 0.0000000000
132615  23.547  -90.081  4.733 0.0000000000
132709  41.456  -72.123  10.839 0.0000000000
132757  40.221  -70.862  10.582 0.0000000000
132943  24.821  -86.349  -13.899 0.0000000000
132951  39.795  -75.242  10.687 0.0000000000
132982  45.541  -62.846  -13.136 0.0000000000
133119  36.138  -81.676  -8.598 0.0000000000
133153  40.335  -68.124  -2.967 0.0000000000
133161  22.351  -90.912  5.144 0.0000000000
133290  47.636  -69.966  6.284 0.0000000000
133301  40.457  -69.999  10.572 0.0000000000
133368  24.363  -90.323  -0.541 0.0000000000
133390  33.593  -81.244  -12.200 0.0000000000
133406  42.913  -72.274  11.228 0.0000000000
133435  36.386  -66.712  2.126 0.0000000000
133461  35.420  -65.184  4.267 0.0000000000
133613  37.436  -79.782  0.367 0.0000000000
133699  33.139  -74.828  -8.915 0.0000000000
133753  29.900  -86.911  -3.212 0.0000000000
133756  33.121  -86.124  -2.536 0.0000000000
133794  30.182  -87.755  16.584 0.0000000000
133797  42.390  -67.940  -3.456 0.0000000000
133818  28.575  -88.453  4.269 0.0000000000
133828  47.207  -58.560  -12.897 0.0000000000
133865  42.631  -53.263  -3.233 0.0000000000
133868  45.339  -66.286  -4.888 0.0000000000
134049  31.845  -84.107  11.314 0.0000000000
134057  38.132  -54.980  -0.700 0.0000000000
134090  44.100  -72.092  -3.108 0.0000000000
134125  42.181  -68.518  10.069 0.0000000000
134213  35.698  -84.793  17.017 0.0000000000
134246  37.449  -84.216  15.976 0.0000000000
134278  36.425  -85.042  16.632 0.0000000000
134283  46.706  -70.858  9.800 0.0000000000
134386  24.115  -84.907  -12.933 0.0000000000
134542  36.321  -62.280  0.624 0.0000000000
134576  29.901  -82.902  -1.381 0.0000000000
134663  25.726  -90.039  16.318 0.0000000000
134690  36.627  -58.597  -0.193 0.0000000000
134705  34.239  -74.709  -7.207 0.0000000000
134740  23.859  -92.844  -0.381 0.0000000000
134787  32.690  -77.918  -9.022 0.0000000000
134974  22.501  -90.158  4.879 0.0000000000
135000  32.002  -82.654  -6.708 0.0000000000
135031  36.822  -72.834  -6.103 0.0000000000
135084  37.786  -82.420  1.684 0.0000000000
135086  44.505  -71.417  3.348 0.0000000000
135108  36.764  -81.973  -8.108 0.0000000000
135325  33.653  -76.221  -11.238 0.0000000000
135332  37.059  -57.934  -1.257 0.0000000000
135341  43.924  -77.361  10.319 0.0000000000
135484  41.304  -71.272  1.103 0.0000000000
135505  42.645  -69.260  -5.603 0.0000000000
135770  24.345  -89.542  4.464 0.0000000000
135952  44.755  -75.213  9.970 0.0000000000
135956  39.209  -65.733  -2.645 0.0000000000
136012  37.703  -74.860  -7.578 0.0000000000
136158  34.989  -59.873  3.000 0.0000000000
136255  46.508  -60.838  -11.265 0.0000000000
136359  32.393  -86.835  -0.712 0.0000000000
136439  33.536  -71.917  -8.657 0.0000000000
136596  40.790  -72.884  10.684 0.0000000000
136597  42.199  -72.996  10.989 0.0000000000
136598  43.750  -73.150  11.319 0.0000000000
136701  34.666  -81.469  -1.603 0.0000000000
136714  28.423  -84.764  20.210 0.0000000000
136716  38.497  -58.972  -4.370 0.0000000000
136751  37.240  -82.153  2.359 0.0000000000
136899  42.836  -70.307  -5.637 0.0000000000
136995  40.415  -76.421  -4.048 0.0000000000
137007  39.090  -67.681  10.347 0.0000000000
137192  45.233  -73.924  10.284 0.0000000000
137342  36.473  -78.233  -5.660 0.0000000000
137345  26.984  -86.413  -19.298 0.0000000000
137364  41.235  -73.503  3.291 0.0000000000
137409  33.965  -72.052  -7.342 0.0000000000
137426  34.891  -84.785  -8.067 0.0000000000
137507  37.103  -80.290  -8.497 0.0000000000
137573  26.387  -87.550  3.819 0.0000000000
137587  33.269  -73.792  -9.274 0.0000000000
137609  39.913  -74.203  -7.383 0.0000000000
137691  39.166  -77.762  -5.087 0.0000000000
137704  33.187  -77.927  -8.549 0.0000000000
137917  37.614  -61.117  -4.359 0.0000000000
137934  29.620  -88.289  16.458 0.0000000000
137952  46.569  -69.780  5.577 0.0000000000
137997  25.719  -90.178  -15.875 0.0000000000
138016  32.911  -81.166  -9.225 0.0000000000
138112  22.091  -91.611  5.303 0.0000000000
138113  25.452  -87.298  17.257 0.0000000000
138117  43.994  -68.559  9.430 0.0000000000
138311  36.541  -61.653  0.005 0.0000000000
138409  36.650  -81.631  -8.366 0.0000000000
138444  43.725  -74.739  11.048 0.0000000000
138468  36.379  -60.009  0.281 0.0000000000
138529  36.912  -55.741  1.838 0.0000000000
138612  36.817  -59.706  -0.967 0.0000000000
138648  28.370  -89.010  14.228 0.0000000000
138838  41.108  -63.879  -4.505 0.0000000000
138859  43.670  -60.326  -8.733 0.0000000000
139038  27.958  -91.143  14.658 0.0000000000
139041  38.400  -63.413  -2.997 0.0000000000
139318  33.299  -74.167  -8.240 0.0000000000
139368  23.422  -90.322  -0.553 0.0000000000
139371  46.013  -71.950  4.180 0.0000000000
139475  30.728  -87.401  1.491 0.0000000000
139532  30.402  -84.514  -16.467 0.0000000000
139539  45.061  -73.300  11.181 0.0000000000
139670  41.803  -71.294  -5.769 0.0000000000
139723  37.715  -82.223  -1.048 0.0000000000
139769  40.116  -70.895  -5.394 0.0000000000
140001  32.380  -86.602  10.429 0.0000000000
140049  51.529  -52.613  -12.688 0.0000000000
140079  25.634  -89.143  -18.208 0.0000000000
140181  43.582  -76.444  10.941 0.0000000000
140251  32.494  -81.015  -9.862 0.0000000000
140297  32.795  -82.994  -6.728 0.0000000000
140326  42.914  -64.106  -4.900 0.0000000000
140327  26.130  -88.760  -16.284 0.0000000000
140381  34.637  -82.675  -8.777 0.0000000000
140421  45.514  -66.839  -5.200 0.0000000000
140488  42.559  -71.631  0.215 0.0000000000
140581  38.741  -82.743  6.515 0.0000000000
140656  25.365  -86.766  -16.402 0.0000000000
140663  38.498  -66.703  -1.948 0.0000000000
140695  33.529  -80.305  -0.856 0.0000000000
140734  28.869  -85.213  14.642 0.0000000000
140765  33.691  -74.023  -7.511 0.0000000000
140768  31.351  -87.206  0.095 0.0000000000
141088  35.626  -80.339  -1.264 0.0000000000
141113  25.284  -90.241  4.691 0.0000000000
141146  34.465  -84.370  13.686 0.0000000000
141160  27.122  -88.164  19.620 0.0000000000
141252  38.038  -63.368  -2.443 0.0000000000
141296  28.736  -90.582  13.968 0.0000000000
141302  32.519  -83.959  17.437 0.0000000000
141372  37.001  -82.390  14.309 0.0000000000
141395  44.185  -65.558  -7.330 0.0000000000
141519  43.347  -57.567  -6.429 0.0000000000
141649  36.287  -81.034  12.709 0.0000000000
141760  32.572  -87.569  16.837 0.0000000000
141763  33.454  -86.622  17.306 0.0000000000
141765  25.040  -90.984  -0.694 0.0000000000
141989  45.255  -68.929  9.704 0.0000000000
142022  34.482  -70.944  -7.359 0.0000000000
142072  45.456  -72.736  11.009 0.0000000000
142093  37.490  -61.591  -3.846 0.0000000000
142123  33.208  -79.765  16.630 0.0000000000
142151  37.471  -60.816  -3.589 0.0000000000
142207  27.698  -86.777  -18.446 0.0000000000
142282  37.061  -81.578  -7.981 0.0000000000
142386  34.657  -77.970  16.311 0.0000000000
142428  25.721  -93.035  18.649 0.0000000000
142775  24.237  -88.346  -19.741 0.0000000000
142799  38.883  -76.452  -8.171 0.0000000000
142854  35.757  -83.340  16.485 0.0000000000
143041  43.843  -65.985  -8.484 0.0000000000
143124  38.223  -66.323  -1.662 0.0000000000
143127  25.525  -88.744  16.757 0.0000000000
143380  34.397  -81.489  16.357 0.0000000000
143484  43.670  -72.693  -2.618 0.0000000000
143532  33.467  -84.533  -13.033 0.0000000000
143551  30.405  -86.462  4.297 0.0000000000
143597  24.583  -90.422  4.803 0.0000000000
143611  40.053  -68.016  6.134 0.0000000000
143819  46.544  -69.152  8.785 0.0000000000
143826  45.351  -72.838  3.608 0.0000000000
143885  31.602  -81.854  17.711 0.0000000000
143915  31.779  -84.163  17.512 0.0000000000
143970  44.700  -75.149  10.368 0.0000000000
144010  49.704  -53.415  -9.878 0.0000000000
144133  44.072  -73.606  -0.438 0.0000000000
144147  28.468  -86.906  -2.621 0.0000000000
144161  31.065  -87.915  11.445 0.0000000000
144236  29.938  -86.965  16.853 0.0000000000
144242  41.753  -69.223  10.535 0.0000000000
144347  35.426  -84.604  11.158 0.0000000000
144398  23.516  -85.677  20.944 0.0000000000
144439  34.592  -58.687  4.122 0.0000000000
144443  37.526  -70.511  -5.734 0.0000000000
144445  43.654  -72.795  4.979 0.0000000000
144525  39.900  -64.197  -8.360 0.0000000000
144567  40.802  -68.213  6.239 0.0000000000
144626  27.296  -89.152  4.419 0.0000000000
144644  26.114  -88.912  -17.455 0.0000000000
144687  39.308  -69.943  0.182 0.0000000000
144710  33.662  -71.282  -8.971 0.0000000000
144869  44.839  -72.622  2.871 0.0000000000
144884  30.709  -87.346  2.888 0.0000000000
144913  34.044  -60.875  4.966 0.0000000000
145034  40.220  -74.107  -7.129 0.0000000000
145063  29.123  -88.375  -2.887 0.0000000000
145147  45.135  -65.611  -5.440 0.0000000000
145214  37.271  -55.693  0.380 0.0000000000
145250  33.505  -87.177  12.974 0.0000000000
145271  39.863  -74.623  -0.700 0.0000000000
145284  40.290  -59.436  -6.466 0.0000000000
145427  36.325  -79.242  15.628 0.0000000000
145562  29.177  -87.824  13.972 0.0000000000
145618  43.689  -53.452  -4.170 0.0000000000
145623  21.609  -90.923  5.159 0.0000000000
145678  24.077  -86.956  19.864 0.0000000000
145762  23.957  -91.589  5.129 0.0000000000
145815  38.535  -82.089  15.418 0.0000000000
145844  37.594  -62.325  -3.605 0.0000000000
145849  29.425  -90.460  14.749 0.0000000000
145880  37.638  -78.044  14.522 0.0000000000
145907  44.576  -75.960  10.219 0.0000000000
145930  26.712  -87.992  -12.573 0.0000000000
146035  26.596  -92.047  16.126 0.0000000000
146077  35.555  -65.481  3.633 0.0000000000
146111  36.394  -80.055  -8.645 0.0000000000
146431  36.927  -77.487  14.951 0.0000000000
146441  41.108  -53.442  -1.012 0.0000000000
146556  34.654  -84.090  12.722 0.0000000000
146566  33.839  -85.640  -2.351 0.0000000000
146587  29.610  -84.052  -13.312 0.0000000000
146622  45.291  -61.048  -10.473 0.0000000000
146638  24.909  -83.745  -13.564 0.0000000000
146651  40.502  -71.746  10.638 0.0000000000
146662  33.525  -85.767  17.439 0.0000000000
146775  32.978  -86.323  -8.625 0.0000000000
146915  43.179  -69.184  -2.982 0.0000000000
146932  31.227  -87.806  -1.681 0.0000000000
146962  34.686  -83.314  -2.227 0.0000000000
146999  26.036  -88.467  -17.151 0.0000000000
147020  44.743  -66.620  -6.060 0.0000000000
147173  38.802  -68.234  5.353 0.0000000000
147261  35.979  -82.718  -2.325 0.0000000000
147265  34.313  -84.182  -8.877 0.0000000000
147342  39.883  -69.697  3.621 0.0000000000
147402  37.763  -62.581  -4.226 0.0000000000
147688  22.622  -85.995  21.770 0.0000000000
147785  26.707  -87.574  15.833 0.0000000000
147800  23.366  -89.229  4.400 0.0000000000
147801  45.311  -68.664  -4.321 0.0000000000
147891  34.110  -79.928  16.287 0.0000000000
147940  28.868  -85.994  14.585 0.0000000000
148004  37.111  -61.176  -1.605 0.0000000000
148008  24.826  -90.593  17.447 0.0000000000
148038  33.517  -87.288  16.704 0.0000000000
148042  37.103  -79.960  -0.249 0.0000000000
148103  23.270  -91.244  -0.659 0.0000000000
148122  38.389  -79.147  -6.895 0.0000000000
148168  33.045  -80.587  16.687 0.0000000000
148175  47.538  -59.216  -12.316 0.0000000000
148238  29.258  -84.303  -2.211 0.0000000000
148301  38.718  -62.245  -7.244 0.0000000000
148324  42.367  -73.248  -3.139 0.0000000000
148327  26.856  -90.876  -1.315 0.0000000000
148341  25.035  -84.364  -20.167 0.0000000000
148403  31.879  -85.049  -14.428 0.0000000000
148697  48.839  -52.454  -6.227 0.0000000000
148821  24.928  -84.622  19.718 0.0000000000
148924  33.968  -84.243  9.453 0.0000000000
148963  42.623  -67.322  -3.654 0.0000000000
148985  44.595  -71.138  -1.687 0.0000000000
149015  24.882  -86.330  18.813 0.0000000000
149068  36.196  -63.055  1.037 0.0000000000
149070  45.173  -53.043  -4.464 0.0000000000
149183  40.227  -78.597  8.514 0.0000000000
149274  27.886  -84.129  -15.372 0.0000000000
149309  26.659  -91.399  -1.025 0.0000000000
149380  35.193  -78.954  -5.995 0.0000000000
149408  34.655  -74.320  -6.932 0.0000000000
149482  27.341  -89.135  20.359 0.0000000000
149494  39.912  -57.454  -4.777 0.0000000000
149536  45.060  -53.767  -5.117 0.0000000000
149554  38.719  -76.998  -8.203 0.0000000000
149567  26.931  -84.897  -2.389 0.0000000000
149596  42.814  -68.777  10.196 0.0000000000
149628  35.730  -63.865  2.200 0.0000000000
149873  45.656  -72.362  3.865 0.0000000000
149874  43.962  -76.174  10.805 0.0000000000
149905  40.047  -62.701  -8.726 0.0000000000
149977  38.731  -82.139  7.271 0.0000000000
149995  35.625  -70.859  -6.410 0.0000000000
150016  33.369  -85.494  9.783 0.0000000000
150156  33.053  -79.792  -0.577 0.0000000000
150299  36.966  -55.930  1.003 0.0000000000
150340  40.683  -79.652  5.874 0.0000000000
150461  33.567  -83.085  9.858 0.0000000000
150492  41.058  -75.255  -3.492 0.0000000000
150534  38.959  -65.118  -2.511 0.0000000000
150588  30.159  -85.340  17.462 0.0000000000
150631  46.116  -61.635  -11.901 0.0000000000
150633  38.453  -69.286  0.751 0.0000000000
150849  36.678  -84.925  16.356 0.0000000000
150857  32.879  -76.010  -9.108 0.0000000000
150875  25.596  -92.971  18.240 0.0000000000
150899  40.692  -72.268  10.666 0.0000000000
150915  40.742  -70.929  1.517 0.0000000000
151085  45.165  -72.667  3.272 0.0000000000
151147  45.776  -68.997  6.957 0.0000000000
151169  28.987  -83.808  -2.088 0.0000000000
151170  37.652  -79.183  1.792 0.0000000000
151180  27.231  -83.790  -15.289 0.0000000000
