#!ascii label , from subject sub-11 vox2ras=TkReg lh ROI=ITG coords=white drawn-with=delineation-helper-0.1.0
2622
24301  -50.024  -56.189  6.802 0.0000000000
24322  -46.486  -56.708  6.156 0.0000000000
24323  -47.674  -56.780  6.173 0.0000000000
24324  -48.888  -56.600  6.052 0.0000000000
24325  -49.678  -56.303  6.332 0.0000000000
24341  -44.222  -55.989  5.637 0.0000000000
24342  -45.146  -56.149  5.516 0.0000000000
24343  -46.175  -56.253  5.464 0.0000000000
24344  -47.289  -56.327  5.448 0.0000000000
24345  -48.408  -56.295  5.498 0.0000000000
24346  -49.341  -56.052  5.712 0.0000000000
24347  -49.724  -55.829  6.224 0.0000000000
25189  -48.757  -55.320  7.713 0.0000000000
25190  -49.477  -55.354  6.851 0.0000000000
25191  -49.922  -55.830  6.744 0.0000000000
25207  -49.491  -55.386  6.128 0.0000000000
25213  -43.172  -55.067  5.371 0.0000000000
25214  -43.909  -55.360  5.139 0.0000000000
25215  -44.820  -55.523  4.893 0.0000000000
25216  -45.860  -55.751  4.867 0.0000000000
25217  -46.945  -55.860  4.872 0.0000000000
25218  -48.080  -55.888  4.951 0.0000000000
25219  -49.307  -55.417  5.565 0.0000000000
25224  -44.248  -55.096  4.522 0.0000000000
25225  -44.800  -55.060  4.288 0.0000000000
25226  -45.560  -55.248  4.311 0.0000000000
25227  -46.570  -55.370  4.358 0.0000000000
25228  -47.710  -55.398  4.468 0.0000000000
25229  -48.819  -55.256  4.842 0.0000000000
26001  -44.970  -54.281  9.251 0.0000000000
26002  -45.783  -54.571  8.876 0.0000000000
26003  -46.675  -54.793  8.416 0.0000000000
26004  -47.651  -55.057  8.031 0.0000000000
26018  -46.034  -54.332  7.877 0.0000000000
26019  -47.081  -54.495  7.387 0.0000000000
26020  -48.325  -54.822  7.092 0.0000000000
26030  -42.419  -54.653  5.611 0.0000000000
26031  -47.865  -54.225  6.501 0.0000000000
26032  -49.011  -54.659  6.042 0.0000000000
26038  -42.112  -54.327  4.451 0.0000000000
26039  -42.821  -54.641  4.786 0.0000000000
26040  -43.512  -54.803  4.482 0.0000000000
26041  -49.227  -54.887  5.446 0.0000000000
26046  -41.867  -54.134  3.787 0.0000000000
26047  -42.733  -54.450  4.031 0.0000000000
26048  -44.218  -54.669  3.971 0.0000000000
26049  -45.190  -54.755  3.908 0.0000000000
26050  -46.169  -54.874  3.888 0.0000000000
26051  -47.235  -54.882  4.041 0.0000000000
26052  -48.277  -54.753  4.313 0.0000000000
26053  -49.013  -54.386  4.831 0.0000000000
26054  -42.844  -54.159  3.719 0.0000000000
26055  -43.770  -54.202  3.686 0.0000000000
26056  -44.735  -54.248  3.649 0.0000000000
26057  -45.749  -54.306  3.624 0.0000000000
26058  -46.815  -54.333  3.671 0.0000000000
26059  -47.832  -54.248  3.874 0.0000000000
26060  -48.490  -54.104  4.248 0.0000000000
26754  -42.896  -52.895  10.229 0.0000000000
26755  -43.756  -53.198  10.800 0.0000000000
26765  -43.329  -53.273  9.682 0.0000000000
26766  -44.082  -53.693  10.122 0.0000000000
26778  -43.822  -53.563  9.074 0.0000000000
26779  -44.464  -53.781  8.630 0.0000000000
26780  -45.179  -54.096  8.270 0.0000000000
26788  -44.762  -53.438  7.821 0.0000000000
26789  -45.550  -53.679  7.448 0.0000000000
26790  -46.426  -53.924  7.062 0.0000000000
26798  -46.058  -53.190  6.652 0.0000000000
26799  -48.445  -53.691  5.565 0.0000000000
26800  -48.964  -54.268  5.305 0.0000000000
26807  -41.650  -54.169  5.232 0.0000000000
26808  -47.842  -52.865  5.506 0.0000000000
26809  -48.426  -52.778  4.947 0.0000000000
26810  -48.786  -53.547  4.943 0.0000000000
26815  -41.208  -54.159  4.085 0.0000000000
26816  -48.664  -53.524  4.456 0.0000000000
26818  -41.034  -53.915  3.706 0.0000000000
26819  -42.340  -53.788  3.605 0.0000000000
26820  -43.321  -53.706  3.596 0.0000000000
26821  -44.322  -53.629  3.581 0.0000000000
26822  -45.346  -53.601  3.532 0.0000000000
26823  -46.426  -53.596  3.517 0.0000000000
26824  -47.506  -53.558  3.631 0.0000000000
26825  -48.283  -53.511  3.947 0.0000000000
27485  -42.783  -52.188  11.734 0.0000000000
27493  -42.447  -52.422  10.627 0.0000000000
27494  -43.349  -52.658  11.348 0.0000000000
27516  -42.768  -52.655  9.278 0.0000000000
27517  -43.325  -52.897  8.729 0.0000000000
27518  -44.004  -53.093  8.146 0.0000000000
27526  -43.552  -52.440  8.115 0.0000000000
27527  -44.064  -52.339  7.576 0.0000000000
27528  -45.160  -52.961  7.107 0.0000000000
27538  -44.722  -52.277  7.010 0.0000000000
27539  -45.641  -52.258  6.371 0.0000000000
27540  -46.811  -52.586  5.856 0.0000000000
27548  -46.623  -51.595  5.592 0.0000000000
27549  -47.854  -51.878  5.002 0.0000000000
27550  -48.241  -52.128  4.441 0.0000000000
27551  -48.486  -52.804  4.511 0.0000000000
27555  -42.550  -52.591  3.943 0.0000000000
27556  -43.556  -52.349  4.037 0.0000000000
27557  -48.343  -52.056  4.065 0.0000000000
27562  -41.976  -53.279  3.611 0.0000000000
27563  -42.916  -53.159  3.681 0.0000000000
27564  -44.997  -52.811  3.635 0.0000000000
27565  -46.069  -52.768  3.530 0.0000000000
27566  -47.906  -51.887  3.757 0.0000000000
27567  -48.117  -52.733  3.798 0.0000000000
28272  -42.194  -51.340  13.709 0.0000000000
28285  -40.774  -50.904  11.393 0.0000000000
28286  -41.459  -51.189  12.441 0.0000000000
28287  -42.248  -51.664  12.215 0.0000000000
28295  -41.143  -51.261  10.715 0.0000000000
28296  -41.810  -51.896  10.943 0.0000000000
28302  -41.742  -51.182  9.306 0.0000000000
28303  -41.899  -52.013  9.946 0.0000000000
28317  -42.291  -51.953  9.163 0.0000000000
28318  -42.930  -52.043  8.449 0.0000000000
28328  -43.548  -51.776  7.743 0.0000000000
28329  -44.243  -51.526  7.091 0.0000000000
28338  -44.955  -51.676  6.562 0.0000000000
28339  -45.615  -51.303  6.004 0.0000000000
28349  -46.427  -50.790  5.484 0.0000000000
28350  -47.385  -50.718  4.709 0.0000000000
28351  -48.030  -51.215  4.168 0.0000000000
28358  -42.160  -51.984  4.341 0.0000000000
28359  -43.136  -51.714  4.392 0.0000000000
28360  -43.992  -51.480  4.262 0.0000000000
28361  -48.076  -51.269  3.964 0.0000000000
28366  -44.672  -51.899  3.916 0.0000000000
28367  -45.619  -50.917  3.709 0.0000000000
28368  -46.627  -50.989  3.590 0.0000000000
28369  -47.629  -51.055  3.749 0.0000000000
29136  -39.820  -49.944  14.928 0.0000000000
29145  -39.913  -50.025  13.566 0.0000000000
29146  -40.813  -50.556  14.055 0.0000000000
29155  -39.700  -49.832  12.736 0.0000000000
29156  -40.299  -50.329  12.982 0.0000000000
29157  -41.199  -50.825  13.354 0.0000000000
29166  -39.921  -50.071  12.202 0.0000000000
29167  -40.538  -50.585  12.223 0.0000000000
29173  -40.661  -50.513  10.527 0.0000000000
29174  -41.164  -50.806  9.895 0.0000000000
29182  -40.873  -50.022  9.771 0.0000000000
29183  -41.487  -50.239  9.254 0.0000000000
29196  -42.056  -50.378  8.695 0.0000000000
29197  -42.701  -50.364  8.136 0.0000000000
29198  -43.062  -51.143  7.931 0.0000000000
29210  -43.427  -50.269  7.513 0.0000000000
29211  -44.145  -50.563  6.938 0.0000000000
29221  -44.858  -50.905  6.427 0.0000000000
29222  -45.688  -50.385  5.778 0.0000000000
29233  -43.084  -50.178  5.006 0.0000000000
29234  -46.684  -49.971  5.034 0.0000000000
29235  -47.237  -49.783  4.247 0.0000000000
29236  -47.686  -50.346  4.075 0.0000000000
29246  -42.642  -51.128  4.748 0.0000000000
29247  -43.812  -50.624  4.484 0.0000000000
29248  -44.859  -49.679  4.002 0.0000000000
29249  -47.392  -49.712  3.960 0.0000000000
29250  -47.813  -50.573  3.964 0.0000000000
29259  -45.585  -49.937  3.700 0.0000000000
29260  -46.430  -50.105  3.631 0.0000000000
29261  -47.297  -50.248  3.777 0.0000000000
30019  -39.208  -49.085  15.987 0.0000000000
30034  -39.152  -49.151  14.942 0.0000000000
30048  -38.853  -48.869  13.904 0.0000000000
30049  -39.515  -49.602  14.147 0.0000000000
30050  -50.302  -49.167  12.921 0.0000000000
30062  -38.746  -48.643  13.198 0.0000000000
30063  -39.206  -49.310  13.121 0.0000000000
30064  -50.487  -49.401  11.734 0.0000000000
30079  -39.416  -49.371  12.070 0.0000000000
30080  -40.055  -50.012  11.260 0.0000000000
30081  -50.239  -49.452  10.694 0.0000000000
30082  -51.289  -49.961  10.751 0.0000000000
30090  -39.556  -48.985  11.159 0.0000000000
30091  -51.085  -50.024  9.664 0.0000000000
30092  -52.092  -50.348  9.255 0.0000000000
30101  -40.705  -49.249  9.833 0.0000000000
30102  -41.360  -49.408  9.281 0.0000000000
30103  -51.973  -49.444  7.984 0.0000000000
30104  -52.192  -50.032  8.707 0.0000000000
30114  -41.833  -49.663  8.813 0.0000000000
30115  -42.393  -49.580  8.385 0.0000000000
30123  -43.010  -49.524  7.837 0.0000000000
30124  -43.562  -49.422  7.404 0.0000000000
30125  -44.076  -49.645  6.949 0.0000000000
30133  -44.933  -49.805  6.274 0.0000000000
30134  -46.000  -49.395  5.440 0.0000000000
30147  -43.395  -49.243  4.946 0.0000000000
30148  -46.717  -49.146  4.572 0.0000000000
30149  -47.006  -49.161  4.062 0.0000000000
30157  -44.129  -48.390  4.428 0.0000000000
30158  -45.100  -48.479  3.850 0.0000000000
30159  -46.742  -48.859  3.927 0.0000000000
30170  -45.615  -49.082  3.673 0.0000000000
30171  -46.308  -49.234  3.662 0.0000000000
30172  -46.977  -49.541  3.807 0.0000000000
30995  -38.768  -47.825  15.918 0.0000000000
31011  -38.788  -48.407  15.448 0.0000000000
31023  -38.571  -48.203  14.584 0.0000000000
31024  -47.480  -48.041  14.735 0.0000000000
31025  -48.273  -48.344  14.414 0.0000000000
31026  -49.107  -48.608  14.070 0.0000000000
31034  -38.511  -48.134  13.631 0.0000000000
31035  -47.546  -47.937  13.765 0.0000000000
31036  -48.291  -48.302  13.431 0.0000000000
31037  -49.169  -48.623  13.035 0.0000000000
31044  -38.584  -48.148  12.946 0.0000000000
31045  -47.586  -47.944  12.764 0.0000000000
31046  -48.081  -48.144  11.978 0.0000000000
31047  -48.815  -48.554  12.070 0.0000000000
31058  -38.724  -47.873  12.372 0.0000000000
31059  -39.137  -48.465  11.795 0.0000000000
31060  -48.830  -48.399  11.408 0.0000000000
31061  -49.469  -48.824  10.737 0.0000000000
31070  -39.470  -48.185  11.167 0.0000000000
31071  -39.917  -48.345  10.596 0.0000000000
31072  -50.057  -49.345  10.004 0.0000000000
31079  -40.548  -48.452  9.999 0.0000000000
31080  -41.259  -48.552  9.418 0.0000000000
31081  -50.480  -49.203  9.122 0.0000000000
31082  -52.148  -49.487  8.225 0.0000000000
31093  -42.024  -48.735  8.714 0.0000000000
31094  -43.107  -47.919  8.016 0.0000000000
31095  -51.898  -48.873  7.279 0.0000000000
31096  -52.039  -48.832  7.226 0.0000000000
31097  -52.124  -48.457  6.818 0.0000000000
31102  -42.744  -48.797  8.148 0.0000000000
31103  -43.461  -48.648  7.574 0.0000000000
31104  -44.251  -48.109  6.989 0.0000000000
31105  -52.035  -48.475  6.786 0.0000000000
31113  -42.465  -47.918  5.825 0.0000000000
31114  -45.107  -47.558  6.217 0.0000000000
31115  -45.722  -47.749  5.365 0.0000000000
31120  -43.163  -48.478  5.233 0.0000000000
31121  -44.119  -47.419  4.487 0.0000000000
31122  -46.072  -47.775  4.434 0.0000000000
31123  -46.549  -48.530  4.210 0.0000000000
31126  -44.888  -47.463  3.998 0.0000000000
31127  -45.583  -47.648  3.943 0.0000000000
31128  -46.180  -47.992  3.960 0.0000000000
31138  -46.038  -48.402  3.717 0.0000000000
31962  -38.642  -47.231  15.409 0.0000000000
31963  -38.889  -47.150  15.968 0.0000000000
31965  -45.528  -47.368  15.114 0.0000000000
31975  -38.470  -47.483  14.835 0.0000000000
31976  -45.263  -47.126  14.138 0.0000000000
31977  -45.913  -47.362  14.145 0.0000000000
31978  -46.758  -47.628  14.034 0.0000000000
31985  -38.384  -47.402  14.142 0.0000000000
31986  -45.515  -47.035  13.556 0.0000000000
31987  -46.144  -47.256  13.342 0.0000000000
31988  -46.885  -47.553  13.169 0.0000000000
31996  -46.475  -47.175  12.860 0.0000000000
31997  -47.078  -47.429  12.711 0.0000000000
31998  -47.527  -47.544  12.298 0.0000000000
32009  -39.179  -47.502  11.616 0.0000000000
32010  -48.099  -47.501  11.809 0.0000000000
32011  -48.745  -47.401  11.239 0.0000000000
32018  -39.768  -47.558  10.846 0.0000000000
32019  -40.436  -47.642  10.246 0.0000000000
32020  -49.357  -47.565  10.494 0.0000000000
32030  -41.120  -47.708  9.676 0.0000000000
32031  -41.835  -47.762  9.105 0.0000000000
32032  -42.515  -46.966  8.899 0.0000000000
32033  -49.933  -47.981  9.576 0.0000000000
32034  -50.500  -48.270  8.562 0.0000000000
32035  -52.281  -48.455  8.092 0.0000000000
32045  -42.502  -47.798  8.560 0.0000000000
32046  -43.184  -47.024  8.344 0.0000000000
32047  -43.820  -47.004  7.721 0.0000000000
32048  -51.168  -48.394  7.566 0.0000000000
32049  -52.288  -48.147  6.950 0.0000000000
32056  -44.576  -46.957  6.949 0.0000000000
32057  -45.300  -46.372  5.949 0.0000000000
32058  -51.747  -48.270  6.845 0.0000000000
32059  -52.002  -47.923  6.471 0.0000000000
32060  -52.103  -48.121  6.628 0.0000000000
32069  -42.436  -46.922  6.035 0.0000000000
32070  -45.518  -46.911  5.444 0.0000000000
32071  -52.114  -47.493  6.369 0.0000000000
32075  -43.202  -46.889  5.394 0.0000000000
32076  -44.144  -46.488  4.682 0.0000000000
32077  -45.642  -46.992  4.715 0.0000000000
32080  -44.778  -46.776  4.221 0.0000000000
32081  -45.210  -46.900  4.158 0.0000000000
32082  -45.606  -47.303  4.229 0.0000000000
32776  -39.368  -46.797  16.285 0.0000000000
32777  -40.155  -46.535  16.547 0.0000000000
32778  -41.100  -46.448  16.589 0.0000000000
32779  -42.124  -46.527  16.528 0.0000000000
32780  -43.071  -46.581  16.212 0.0000000000
32781  -43.899  -46.786  15.903 0.0000000000
32793  -38.522  -46.779  14.781 0.0000000000
32794  -38.947  -46.523  15.506 0.0000000000
32795  -39.673  -46.182  15.886 0.0000000000
32796  -40.532  -46.008  16.012 0.0000000000
32797  -41.506  -46.020  15.918 0.0000000000
32798  -42.475  -46.135  15.665 0.0000000000
32799  -44.111  -46.579  14.963 0.0000000000
32800  -44.788  -46.912  14.575 0.0000000000
32811  -38.853  -45.905  14.650 0.0000000000
32812  -43.635  -46.096  14.739 0.0000000000
32813  -44.380  -46.355  14.352 0.0000000000
32814  -44.977  -46.727  13.925 0.0000000000
32823  -38.470  -46.458  13.852 0.0000000000
32824  -45.876  -46.963  13.120 0.0000000000
32825  -46.469  -46.484  12.964 0.0000000000
32832  -38.531  -46.546  13.006 0.0000000000
32833  -38.840  -46.141  12.552 0.0000000000
32834  -47.007  -46.967  12.509 0.0000000000
32835  -47.739  -46.787  12.192 0.0000000000
32847  -38.719  -46.993  12.384 0.0000000000
32848  -39.212  -46.520  11.820 0.0000000000
32849  -39.863  -46.103  11.272 0.0000000000
32850  -48.478  -46.586  11.732 0.0000000000
32857  -39.625  -46.892  11.188 0.0000000000
32858  -40.339  -46.755  10.593 0.0000000000
32859  -41.252  -46.281  10.108 0.0000000000
32860  -49.785  -46.875  10.008 0.0000000000
32870  -40.963  -47.039  9.981 0.0000000000
32871  -41.765  -46.832  9.516 0.0000000000
32872  -42.665  -46.121  9.196 0.0000000000
32873  -50.211  -47.308  9.196 0.0000000000
32874  -50.553  -47.199  8.241 0.0000000000
32882  -43.305  -46.149  8.626 0.0000000000
32883  -43.925  -46.134  8.021 0.0000000000
32884  -50.927  -46.520  7.337 0.0000000000
32885  -52.320  -47.279  8.164 0.0000000000
32886  -52.595  -47.016  7.141 0.0000000000
32895  -44.487  -46.065  7.326 0.0000000000
32896  -44.957  -45.787  6.474 0.0000000000
32897  -51.612  -47.419  6.620 0.0000000000
32898  -52.070  -47.025  6.154 0.0000000000
32899  -52.326  -47.385  6.499 0.0000000000
32905  -42.476  -46.010  6.273 0.0000000000
32906  -43.481  -45.953  5.432 0.0000000000
32907  -45.085  -45.625  5.599 0.0000000000
32908  -45.383  -46.203  5.043 0.0000000000
32913  -44.552  -45.730  4.990 0.0000000000
32914  -45.074  -45.841  4.913 0.0000000000
32917  -44.958  -46.257  4.438 0.0000000000
32918  -45.254  -46.526  4.500 0.0000000000
33650  -39.332  -45.865  15.286 0.0000000000
33651  -39.974  -45.583  15.438 0.0000000000
33652  -40.847  -45.483  15.473 0.0000000000
33653  -41.860  -45.579  15.404 0.0000000000
33654  -42.848  -45.806  15.163 0.0000000000
33664  -39.503  -45.326  14.782 0.0000000000
33665  -40.217  -44.959  14.898 0.0000000000
33666  -41.085  -44.886  15.061 0.0000000000
33667  -42.139  -45.157  15.102 0.0000000000
33668  -43.130  -45.461  14.913 0.0000000000
33669  -43.974  -45.732  14.483 0.0000000000
33670  -44.699  -46.062  13.970 0.0000000000
33677  -38.774  -45.688  13.892 0.0000000000
33678  -39.044  -45.268  13.446 0.0000000000
33679  -45.439  -46.502  13.536 0.0000000000
33686  -38.681  -45.889  13.256 0.0000000000
33687  -38.993  -45.495  12.841 0.0000000000
33688  -47.391  -46.050  12.696 0.0000000000
33689  -48.178  -45.805  12.307 0.0000000000
33700  -39.429  -45.528  12.136 0.0000000000
33701  -40.273  -45.218  11.500 0.0000000000
33702  -41.233  -44.847  11.007 0.0000000000
33703  -48.823  -45.570  11.707 0.0000000000
33704  -49.387  -45.283  11.050 0.0000000000
33712  -40.720  -45.766  10.743 0.0000000000
33713  -41.732  -45.358  10.294 0.0000000000
33714  -42.733  -44.945  9.843 0.0000000000
33715  -49.783  -45.811  10.273 0.0000000000
33721  -42.134  -45.851  9.709 0.0000000000
33722  -42.911  -45.407  9.405 0.0000000000
33723  -44.249  -44.325  8.591 0.0000000000
33724  -50.186  -45.159  9.581 0.0000000000
33725  -50.428  -44.898  8.743 0.0000000000
33737  -43.503  -45.313  8.910 0.0000000000
33738  -44.133  -45.221  8.286 0.0000000000
33739  -44.435  -44.306  7.755 0.0000000000
33740  -50.655  -45.260  7.840 0.0000000000
33748  -42.395  -44.568  7.234 0.0000000000
33749  -43.316  -44.515  6.742 0.0000000000
33750  -44.509  -45.231  7.555 0.0000000000
33751  -51.203  -45.680  6.836 0.0000000000
33752  -51.800  -46.132  6.014 0.0000000000
33753  -52.813  -46.425  6.409 0.0000000000
33757  -42.622  -45.163  6.599 0.0000000000
33758  -43.701  -44.812  6.198 0.0000000000
33759  -44.313  -44.832  6.096 0.0000000000
33760  -44.500  -44.799  6.498 0.0000000000
33761  -52.238  -46.312  5.894 0.0000000000
33762  -53.287  -45.801  6.094 0.0000000000
33766  -44.087  -45.183  5.598 0.0000000000
33767  -44.694  -45.299  5.687 0.0000000000
33768  -52.569  -45.837  5.776 0.0000000000
33769  -53.143  -45.825  5.906 0.0000000000
34595  -39.771  -44.649  14.257 0.0000000000
34596  -40.525  -44.096  14.393 0.0000000000
34597  -41.384  -44.180  14.847 0.0000000000
34598  -42.417  -44.365  15.000 0.0000000000
34599  -43.550  -44.613  14.865 0.0000000000
34600  -44.568  -45.080  14.457 0.0000000000
34601  -45.306  -44.331  14.441 0.0000000000
34602  -46.002  -43.650  14.363 0.0000000000
34610  -39.536  -44.668  13.623 0.0000000000
34611  -40.151  -44.089  13.765 0.0000000000
34612  -46.125  -44.736  13.922 0.0000000000
34613  -46.938  -45.176  13.315 0.0000000000
34620  -39.395  -44.886  12.891 0.0000000000
34621  -40.000  -44.244  13.084 0.0000000000
34622  -40.874  -43.823  12.514 0.0000000000
34623  -47.798  -44.997  12.773 0.0000000000
34624  -48.470  -44.825  12.256 0.0000000000
34633  -40.029  -44.642  12.312 0.0000000000
34634  -41.722  -43.936  11.522 0.0000000000
34635  -43.124  -43.157  11.126 0.0000000000
34636  -49.034  -44.613  11.640 0.0000000000
34637  -49.496  -44.391  10.908 0.0000000000
34644  -42.544  -44.266  10.565 0.0000000000
34645  -43.640  -43.924  9.812 0.0000000000
34646  -44.260  -42.801  9.661 0.0000000000
34647  -49.898  -44.272  10.103 0.0000000000
34658  -41.216  -43.433  8.940 0.0000000000
34659  -43.644  -44.591  9.295 0.0000000000
34660  -44.328  -43.495  9.065 0.0000000000
34661  -50.261  -44.207  9.266 0.0000000000
34662  -50.524  -44.197  8.283 0.0000000000
34664  -52.185  -44.943  8.889 0.0000000000
34676  -42.799  -43.684  7.784 0.0000000000
34677  -44.293  -43.522  8.353 0.0000000000
34678  -44.297  -43.789  7.802 0.0000000000
34679  -52.872  -45.266  7.740 0.0000000000
34680  -53.694  -44.803  7.314 0.0000000000
34689  -40.992  -44.596  8.129 0.0000000000
34690  -41.726  -44.380  7.786 0.0000000000
34691  -43.552  -43.986  7.247 0.0000000000
34692  -44.191  -43.832  7.538 0.0000000000
34693  -44.334  -44.297  7.249 0.0000000000
34694  -50.928  -44.635  7.268 0.0000000000
34695  -51.535  -45.070  6.269 0.0000000000
34696  -53.367  -45.638  6.709 0.0000000000
34697  -53.849  -45.077  6.480 0.0000000000
34698  -54.421  -44.383  6.999 0.0000000000
34701  -44.136  -44.355  6.741 0.0000000000
34702  -52.173  -44.916  5.726 0.0000000000
34703  -53.627  -45.255  6.033 0.0000000000
34704  -54.191  -44.425  6.397 0.0000000000
34708  -53.079  -45.168  5.700 0.0000000000
35504  -41.240  -43.368  14.266 0.0000000000
35505  -41.886  -42.806  14.314 0.0000000000
35506  -42.497  -43.223  14.788 0.0000000000
35507  -43.406  -43.362  14.959 0.0000000000
35508  -44.167  -43.023  14.954 0.0000000000
35515  -40.881  -43.472  13.839 0.0000000000
35516  -41.655  -42.760  13.949 0.0000000000
35517  -47.192  -43.211  13.621 0.0000000000
35527  -40.614  -43.719  13.343 0.0000000000
35528  -41.602  -42.946  13.265 0.0000000000
35529  -43.058  -41.911  12.546 0.0000000000
35530  -48.331  -43.397  12.504 0.0000000000
35541  -42.332  -42.994  12.165 0.0000000000
35542  -43.642  -41.983  11.447 0.0000000000
35543  -44.026  -41.413  10.749 0.0000000000
35544  -48.746  -43.106  11.968 0.0000000000
35545  -49.266  -42.842  11.201 0.0000000000
35557  -40.219  -43.060  10.053 0.0000000000
35558  -41.237  -42.190  10.350 0.0000000000
35559  -44.119  -42.208  10.410 0.0000000000
35560  -49.698  -42.615  10.191 0.0000000000
35561  -51.726  -43.723  10.018 0.0000000000
35562  -51.996  -42.910  9.967 0.0000000000
35571  -41.349  -42.723  9.587 0.0000000000
35572  -42.529  -42.540  9.107 0.0000000000
35573  -43.500  -42.512  8.756 0.0000000000
35574  -49.994  -43.472  9.766 0.0000000000
35575  -50.299  -43.438  8.974 0.0000000000
35576  -52.069  -44.168  9.332 0.0000000000
35577  -52.396  -43.461  9.267 0.0000000000
35585  -42.552  -43.139  8.481 0.0000000000
35586  -43.710  -42.983  8.266 0.0000000000
35587  -44.176  -43.245  8.258 0.0000000000
35588  -50.544  -43.318  8.227 0.0000000000
35589  -52.815  -44.209  8.398 0.0000000000
35590  -53.900  -43.893  7.824 0.0000000000
35591  -54.662  -43.549  7.474 0.0000000000
35599  -43.891  -43.455  7.765 0.0000000000
35600  -50.874  -43.249  7.527 0.0000000000
35601  -51.228  -44.009  6.844 0.0000000000
35602  -54.755  -43.906  6.856 0.0000000000
35606  -51.849  -43.793  6.259 0.0000000000
35607  -52.879  -44.124  5.739 0.0000000000
35608  -53.718  -44.580  5.871 0.0000000000
35609  -54.643  -43.650  6.513 0.0000000000
36310  -42.439  -42.071  14.040 0.0000000000
36311  -42.615  -42.402  14.447 0.0000000000
36312  -43.430  -42.349  14.744 0.0000000000
36313  -44.431  -42.338  14.842 0.0000000000
36314  -45.207  -42.359  14.752 0.0000000000
36325  -43.290  -40.988  13.454 0.0000000000
36326  -46.296  -42.340  14.372 0.0000000000
36327  -46.856  -42.397  13.980 0.0000000000
36337  -38.722  -41.895  12.169 0.0000000000
36338  -39.477  -42.038  11.767 0.0000000000
36339  -42.601  -41.936  13.506 0.0000000000
36340  -43.417  -41.044  12.701 0.0000000000
36341  -47.510  -42.461  13.371 0.0000000000
36342  -48.224  -42.521  12.616 0.0000000000
36352  -41.854  -41.287  10.982 0.0000000000
36353  -43.736  -41.024  11.556 0.0000000000
36354  -43.896  -41.149  10.681 0.0000000000
36355  -48.810  -42.190  11.794 0.0000000000
36366  -43.904  -41.397  9.985 0.0000000000
36367  -44.116  -41.579  10.130 0.0000000000
36369  -52.320  -42.254  9.978 0.0000000000
36377  -42.739  -41.743  9.812 0.0000000000
36378  -43.743  -41.936  9.299 0.0000000000
36379  -44.161  -41.932  9.552 0.0000000000
36380  -50.043  -42.233  9.439 0.0000000000
36381  -50.320  -42.735  8.841 0.0000000000
36382  -52.863  -42.631  9.239 0.0000000000
36383  -53.592  -42.071  9.025 0.0000000000
36392  -44.123  -42.440  8.886 0.0000000000
36393  -50.613  -42.601  8.159 0.0000000000
36394  -53.160  -43.365  8.605 0.0000000000
36395  -53.981  -42.879  8.385 0.0000000000
36396  -54.950  -42.736  7.907 0.0000000000
36397  -55.212  -42.076  8.162 0.0000000000
36403  -51.072  -42.572  7.474 0.0000000000
36404  -51.678  -42.763  6.791 0.0000000000
36405  -55.153  -43.214  7.063 0.0000000000
36406  -55.408  -42.371  7.563 0.0000000000
36410  -52.479  -43.085  6.259 0.0000000000
36411  -53.498  -43.324  5.960 0.0000000000
36412  -54.358  -43.174  6.153 0.0000000000
36413  -55.331  -42.431  6.737 0.0000000000
37203  -43.433  -40.353  14.000 0.0000000000
37204  -43.882  -41.474  14.618 0.0000000000
37205  -44.829  -41.669  14.747 0.0000000000
37206  -45.721  -41.856  14.612 0.0000000000
37207  -46.026  -41.136  14.505 0.0000000000
37215  -38.947  -40.921  13.080 0.0000000000
37216  -39.778  -40.878  12.882 0.0000000000
37217  -43.228  -40.263  13.311 0.0000000000
37218  -46.455  -41.704  14.279 0.0000000000
37219  -47.105  -41.655  13.770 0.0000000000
37230  -38.394  -41.404  12.633 0.0000000000
37231  -39.485  -41.446  12.448 0.0000000000
37232  -41.487  -40.591  12.188 0.0000000000
37233  -42.798  -40.314  11.912 0.0000000000
37234  -43.266  -40.545  12.340 0.0000000000
37235  -47.763  -41.648  13.098 0.0000000000
37236  -48.374  -41.521  12.376 0.0000000000
37248  -40.714  -41.358  11.804 0.0000000000
37249  -42.860  -40.632  11.231 0.0000000000
37250  -43.459  -40.747  11.321 0.0000000000
37251  -48.851  -41.267  11.592 0.0000000000
37262  -43.246  -40.999  10.585 0.0000000000
37263  -49.684  -41.541  10.042 0.0000000000
37265  -52.861  -41.015  10.089 0.0000000000
37272  -50.087  -41.636  9.357 0.0000000000
37273  -50.340  -41.319  8.928 0.0000000000
37274  -52.899  -41.777  9.637 0.0000000000
37275  -53.781  -41.254  9.335 0.0000000000
37276  -54.648  -41.207  8.909 0.0000000000
37284  -50.761  -41.739  8.147 0.0000000000
37285  -51.262  -40.942  7.909 0.0000000000
37286  -54.504  -41.962  8.598 0.0000000000
37287  -55.114  -41.534  8.514 0.0000000000
37288  -55.667  -41.572  8.079 0.0000000000
37296  -51.491  -41.822  7.377 0.0000000000
37297  -52.121  -40.915  7.241 0.0000000000
37298  -55.734  -41.901  7.255 0.0000000000
37303  -52.294  -42.057  6.724 0.0000000000
37304  -54.222  -41.888  6.147 0.0000000000
37305  -55.034  -41.889  6.140 0.0000000000
37306  -55.615  -41.628  6.581 0.0000000000
38060  -43.178  -39.575  13.832 0.0000000000
38061  -43.605  -39.830  14.174 0.0000000000
38062  -44.149  -40.097  14.472 0.0000000000
38063  -45.830  -40.231  14.480 0.0000000000
38071  -37.774  -39.965  13.374 0.0000000000
38072  -38.624  -40.210  13.437 0.0000000000
38073  -39.544  -40.362  13.298 0.0000000000
38074  -41.209  -39.683  13.264 0.0000000000
38075  -42.257  -39.614  13.173 0.0000000000
38076  -43.043  -39.777  13.393 0.0000000000
38077  -46.657  -40.809  14.098 0.0000000000
38078  -47.371  -40.878  13.477 0.0000000000
38089  -38.024  -40.745  13.125 0.0000000000
38090  -40.663  -40.365  12.933 0.0000000000
38091  -42.002  -39.997  12.638 0.0000000000
38092  -42.911  -39.970  12.723 0.0000000000
38093  -47.948  -40.814  12.818 0.0000000000
38094  -48.461  -40.669  12.154 0.0000000000
38104  -48.865  -40.394  11.458 0.0000000000
38105  -49.251  -40.036  10.856 0.0000000000
38115  -49.616  -40.547  10.205 0.0000000000
38116  -52.793  -40.251  10.600 0.0000000000
38117  -53.587  -40.369  9.869 0.0000000000
38127  -49.973  -40.984  9.553 0.0000000000
38128  -50.330  -40.539  9.170 0.0000000000
38129  -54.455  -40.544  9.329 0.0000000000
38130  -55.302  -40.792  8.787 0.0000000000
38131  -55.786  -39.967  8.891 0.0000000000
38141  -50.742  -39.992  8.829 0.0000000000
38142  -51.129  -40.257  8.347 0.0000000000
38143  -56.022  -40.658  8.317 0.0000000000
38144  -56.218  -39.898  8.446 0.0000000000
38148  -51.640  -40.104  7.869 0.0000000000
38149  -52.234  -39.939  7.436 0.0000000000
38150  -56.086  -41.125  7.324 0.0000000000
38151  -56.356  -40.236  7.731 0.0000000000
38156  -52.870  -40.209  6.880 0.0000000000
38157  -55.230  -41.197  5.935 0.0000000000
38158  -55.911  -40.904  6.336 0.0000000000
38159  -56.279  -40.457  6.891 0.0000000000
38167  -55.531  -40.490  5.662 0.0000000000
38946  -43.018  -39.074  14.036 0.0000000000
38947  -43.775  -39.083  14.353 0.0000000000
38948  -44.489  -39.541  14.512 0.0000000000
38949  -45.186  -39.400  14.536 0.0000000000
38950  -45.983  -39.145  14.344 0.0000000000
38956  -37.729  -39.244  13.360 0.0000000000
38957  -38.394  -39.417  13.545 0.0000000000
38958  -39.223  -39.634  13.606 0.0000000000
38959  -40.615  -39.118  13.689 0.0000000000
38960  -41.620  -39.142  13.637 0.0000000000
38961  -42.533  -39.284  13.653 0.0000000000
38962  -46.588  -39.784  14.031 0.0000000000
38963  -47.182  -39.473  13.513 0.0000000000
38973  -47.716  -39.323  12.899 0.0000000000
38974  -48.269  -39.300  12.220 0.0000000000
38984  -48.801  -39.500  11.477 0.0000000000
38985  -49.223  -39.224  10.946 0.0000000000
38997  -49.637  -39.583  10.340 0.0000000000
38999  -53.482  -39.578  10.350 0.0000000000
39007  -50.373  -39.697  9.394 0.0000000000
39008  -55.075  -39.933  9.287 0.0000000000
39009  -55.527  -39.259  9.287 0.0000000000
39017  -50.764  -39.192  9.063 0.0000000000
39018  -51.303  -39.324  8.473 0.0000000000
39019  -56.156  -39.145  8.829 0.0000000000
39020  -56.482  -39.395  8.049 0.0000000000
39025  -51.969  -39.205  7.808 0.0000000000
39026  -52.624  -39.267  7.246 0.0000000000
39027  -56.452  -39.705  7.097 0.0000000000
39031  -53.396  -39.396  6.541 0.0000000000
39032  -54.191  -39.896  5.925 0.0000000000
39033  -54.774  -40.528  5.649 0.0000000000
39034  -56.151  -40.099  6.079 0.0000000000
39043  -44.295  -39.440  4.405 0.0000000000
39044  -54.790  -39.794  5.158 0.0000000000
39045  -55.800  -39.954  5.319 0.0000000000
39051  -44.699  -39.496  3.929 0.0000000000
39052  -44.902  -39.616  4.076 0.0000000000
39053  -45.396  -39.481  3.423 0.0000000000
39057  -46.180  -39.674  2.939 0.0000000000
39058  -47.127  -39.649  2.430 0.0000000000
39059  -47.862  -39.321  2.943 0.0000000000
39065  -45.820  -39.556  2.853 0.0000000000
39066  -46.490  -39.571  2.425 0.0000000000
39067  -47.166  -39.661  2.018 0.0000000000
39068  -48.206  -39.616  2.145 0.0000000000
39069  -49.740  -39.656  1.208 0.0000000000
39073  -47.853  -39.494  1.556 0.0000000000
39074  -48.753  -39.424  0.913 0.0000000000
39075  -49.392  -39.661  0.998 0.0000000000
39076  -50.628  -39.643  1.035 0.0000000000
39077  -49.701  -39.464  0.784 0.0000000000
39078  -50.518  -39.466  0.824 0.0000000000
39824  -42.179  -37.725  14.193 0.0000000000
39825  -44.532  -38.733  14.483 0.0000000000
39826  -45.339  -38.510  14.432 0.0000000000
39835  -38.152  -38.671  13.426 0.0000000000
39836  -39.001  -38.725  13.667 0.0000000000
39837  -39.959  -38.407  13.764 0.0000000000
39838  -41.051  -38.269  13.936 0.0000000000
39839  -42.120  -38.557  13.987 0.0000000000
39840  -46.650  -38.833  13.854 0.0000000000
39841  -47.274  -38.605  13.280 0.0000000000
39851  -37.464  -38.622  13.050 0.0000000000
39852  -37.955  -37.955  13.048 0.0000000000
39853  -47.836  -38.404  12.550 0.0000000000
39863  -48.528  -38.558  11.751 0.0000000000
39864  -49.111  -38.380  11.106 0.0000000000
39874  -49.598  -37.971  10.537 0.0000000000
39876  -54.425  -38.147  10.070 0.0000000000
39883  -50.066  -38.063  10.020 0.0000000000
39884  -50.389  -38.711  9.606 0.0000000000
39885  -55.054  -38.543  9.606 0.0000000000
39886  -55.607  -37.982  9.320 0.0000000000
39894  -51.019  -38.177  8.931 0.0000000000
39895  -51.715  -38.287  8.178 0.0000000000
39896  -56.139  -38.236  8.901 0.0000000000
39897  -56.469  -38.516  8.276 0.0000000000
39902  -42.148  -39.192  6.207 0.0000000000
39903  -43.043  -39.170  6.353 0.0000000000
39904  -52.338  -38.385  7.528 0.0000000000
39905  -52.885  -38.582  6.975 0.0000000000
39906  -56.543  -38.813  7.392 0.0000000000
39911  -42.787  -39.367  5.661 0.0000000000
39912  -43.601  -39.332  5.833 0.0000000000
39913  -44.225  -39.329  5.478 0.0000000000
39914  -53.366  -38.358  6.302 0.0000000000
39915  -54.112  -39.190  5.710 0.0000000000
39916  -56.406  -39.186  6.405 0.0000000000
39925  -42.277  -39.184  5.734 0.0000000000
39926  -42.834  -39.295  5.293 0.0000000000
39927  -43.564  -39.469  4.988 0.0000000000
39928  -44.493  -39.474  4.788 0.0000000000
39929  -45.485  -39.252  4.726 0.0000000000
39930  -46.551  -38.731  4.727 0.0000000000
39931  -54.673  -39.286  4.559 0.0000000000
39932  -55.198  -39.558  4.257 0.0000000000
39933  -55.708  -39.502  4.779 0.0000000000
39934  -56.132  -39.469  5.471 0.0000000000
39939  -43.270  -39.301  4.849 0.0000000000
39940  -44.025  -39.355  4.447 0.0000000000
39941  -45.920  -39.528  3.791 0.0000000000
39942  -46.929  -39.014  4.089 0.0000000000
39943  -47.818  -38.635  3.858 0.0000000000
39944  -54.844  -39.255  3.046 0.0000000000
39945  -55.107  -39.346  3.413 0.0000000000
39946  -55.664  -39.089  4.083 0.0000000000
39947  -56.136  -38.884  5.019 0.0000000000
39952  -44.517  -39.242  3.802 0.0000000000
39953  -45.249  -39.383  3.162 0.0000000000
39954  -46.910  -39.481  3.300 0.0000000000
39955  -48.832  -39.118  2.688 0.0000000000
39956  -49.925  -38.933  2.462 0.0000000000
39957  -53.406  -39.243  1.927 0.0000000000
39958  -54.326  -38.894  2.570 0.0000000000
39959  -54.998  -39.197  2.937 0.0000000000
39960  -55.376  -39.029  3.382 0.0000000000
39964  -45.948  -39.300  2.327 0.0000000000
39965  -49.292  -39.526  1.890 0.0000000000
39966  -50.421  -39.473  1.610 0.0000000000
39967  -52.490  -39.365  1.567 0.0000000000
39970  -46.917  -39.359  1.745 0.0000000000
39971  -47.851  -39.015  1.030 0.0000000000
39972  -51.389  -39.450  0.906 0.0000000000
39973  -52.365  -39.393  1.026 0.0000000000
39974  -53.051  -38.910  1.011 0.0000000000
39975  -53.611  -39.074  1.675 0.0000000000
39976  -49.331  -38.851  0.520 0.0000000000
39977  -50.216  -38.971  0.507 0.0000000000
39978  -51.076  -39.071  0.584 0.0000000000
39979  -51.814  -39.147  0.735 0.0000000000
39980  -52.314  -38.860  0.732 0.0000000000
40732  -42.193  -36.913  14.113 0.0000000000
40733  -42.934  -37.395  14.300 0.0000000000
40734  -44.755  -37.863  14.443 0.0000000000
40735  -45.437  -37.767  14.299 0.0000000000
40736  -46.052  -38.210  14.182 0.0000000000
40743  -38.563  -38.099  13.377 0.0000000000
40744  -39.249  -37.798  13.481 0.0000000000
40745  -40.227  -37.327  13.616 0.0000000000
40746  -41.353  -37.266  13.964 0.0000000000
40747  -45.865  -37.331  13.928 0.0000000000
40748  -46.672  -37.798  13.557 0.0000000000
40749  -47.313  -37.849  13.018 0.0000000000
40756  -37.908  -37.349  12.435 0.0000000000
40757  -38.580  -37.447  12.963 0.0000000000
40758  -47.001  -37.074  12.981 0.0000000000
40759  -47.589  -37.414  12.510 0.0000000000
40760  -48.128  -37.753  12.086 0.0000000000
40769  -47.931  -36.904  11.944 0.0000000000
40770  -48.601  -37.488  11.481 0.0000000000
40771  -49.126  -37.538  10.960 0.0000000000
40780  -48.825  -36.862  11.008 0.0000000000
40781  -49.329  -36.974  10.564 0.0000000000
40792  -39.728  -37.787  8.143 0.0000000000
40793  -40.026  -38.172  8.208 0.0000000000
40794  -40.805  -38.159  8.439 0.0000000000
40795  -49.880  -37.243  10.047 0.0000000000
40796  -50.416  -37.614  9.535 0.0000000000
40797  -54.863  -37.631  9.681 0.0000000000
40798  -55.404  -37.383  9.276 0.0000000000
40805  -40.038  -38.212  7.679 0.0000000000
40806  -40.572  -38.450  7.729 0.0000000000
40807  -41.450  -38.424  7.945 0.0000000000
40808  -43.458  -37.837  7.830 0.0000000000
40809  -44.429  -37.627  7.592 0.0000000000
40810  -50.760  -37.001  8.918 0.0000000000
40811  -51.378  -37.306  8.307 0.0000000000
40812  -55.935  -37.470  8.914 0.0000000000
40813  -56.377  -37.643  8.364 0.0000000000
40817  -40.619  -38.444  7.310 0.0000000000
40818  -41.373  -38.838  7.016 0.0000000000
40819  -42.572  -38.809  6.983 0.0000000000
40820  -43.742  -38.376  7.086 0.0000000000
40821  -44.762  -37.981  6.944 0.0000000000
40822  -45.726  -37.463  6.927 0.0000000000
40823  -51.972  -37.488  7.644 0.0000000000
40824  -52.630  -37.656  6.905 0.0000000000
40825  -56.599  -37.906  7.612 0.0000000000
40828  -41.010  -38.575  6.775 0.0000000000
40829  -41.670  -38.964  6.282 0.0000000000
40830  -42.016  -38.744  5.720 0.0000000000
40831  -43.973  -38.738  6.529 0.0000000000
40832  -44.546  -38.764  6.203 0.0000000000
40833  -46.002  -37.873  6.271 0.0000000000
40834  -46.845  -37.428  6.081 0.0000000000
40835  -53.072  -37.504  5.951 0.0000000000
40836  -56.524  -38.282  6.664 0.0000000000
40845  -42.589  -39.093  5.246 0.0000000000
40846  -43.245  -38.618  4.830 0.0000000000
40847  -45.207  -38.795  5.678 0.0000000000
40848  -46.243  -38.351  5.528 0.0000000000
40849  -47.186  -37.796  5.368 0.0000000000
40850  -48.194  -37.295  5.181 0.0000000000
40851  -53.291  -37.642  4.869 0.0000000000
40852  -53.870  -38.391  5.228 0.0000000000
40853  -56.397  -37.876  5.785 0.0000000000
40858  -43.830  -38.985  4.312 0.0000000000
40859  -44.553  -38.267  3.841 0.0000000000
40860  -47.492  -38.188  4.638 0.0000000000
40861  -48.243  -37.818  4.468 0.0000000000
40862  -49.588  -37.487  4.019 0.0000000000
40863  -50.350  -37.158  4.184 0.0000000000
40864  -52.194  -37.566  3.763 0.0000000000
40865  -53.272  -38.006  3.732 0.0000000000
40866  -54.339  -38.790  3.823 0.0000000000
40867  -55.735  -38.224  3.949 0.0000000000
40868  -56.133  -38.137  4.738 0.0000000000
40871  -45.059  -38.613  3.201 0.0000000000
40872  -49.334  -38.300  3.327 0.0000000000
40873  -51.770  -38.162  2.953 0.0000000000
40874  -52.965  -38.596  2.762 0.0000000000
40875  -54.115  -38.940  2.745 0.0000000000
40876  -54.753  -38.741  2.628 0.0000000000
40877  -55.258  -38.298  3.183 0.0000000000
40882  -45.490  -38.822  2.623 0.0000000000
40883  -51.354  -39.074  2.143 0.0000000000
40884  -52.506  -39.136  2.170 0.0000000000
40885  -54.246  -38.372  1.974 0.0000000000
40889  -46.648  -37.672  1.567 0.0000000000
40890  -47.191  -38.364  1.290 0.0000000000
40891  -52.333  -37.929  0.587 0.0000000000
40892  -53.591  -38.393  1.394 0.0000000000
40893  -48.041  -37.823  0.589 0.0000000000
40894  -49.030  -37.822  0.401 0.0000000000
40895  -49.936  -38.035  0.375 0.0000000000
40896  -51.534  -38.322  0.474 0.0000000000
41659  -42.923  -36.640  14.106 0.0000000000
41660  -43.634  -36.990  14.312 0.0000000000
41661  -44.327  -37.263  14.358 0.0000000000
41662  -45.059  -37.035  14.194 0.0000000000
41672  -40.132  -36.557  12.963 0.0000000000
41673  -41.613  -36.460  13.625 0.0000000000
41674  -42.346  -36.301  13.729 0.0000000000
41675  -43.578  -36.280  13.898 0.0000000000
41676  -44.310  -36.572  14.079 0.0000000000
41677  -45.541  -36.542  13.604 0.0000000000
41678  -46.298  -36.797  13.356 0.0000000000
41685  -38.568  -36.884  12.200 0.0000000000
41686  -39.338  -36.969  12.993 0.0000000000
41687  -40.364  -36.224  12.340 0.0000000000
41688  -41.190  -36.040  12.931 0.0000000000
41689  -45.903  -36.055  13.022 0.0000000000
41690  -46.579  -36.290  12.715 0.0000000000
41691  -47.260  -36.538  12.344 0.0000000000
41701  -37.327  -36.612  11.256 0.0000000000
41702  -37.988  -36.626  11.294 0.0000000000
41703  -38.764  -36.653  11.467 0.0000000000
41704  -47.532  -36.059  11.663 0.0000000000
41705  -48.263  -36.429  11.307 0.0000000000
41716  -37.541  -36.172  10.666 0.0000000000
41717  -38.302  -36.404  10.459 0.0000000000
41718  -39.011  -36.905  9.607 0.0000000000
41719  -39.512  -36.993  10.107 0.0000000000
41720  -41.010  -36.955  9.865 0.0000000000
41721  -42.211  -36.516  10.030 0.0000000000
41722  -43.330  -36.043  10.215 0.0000000000
41723  -47.838  -35.757  10.977 0.0000000000
41724  -48.678  -36.121  10.565 0.0000000000
41725  -49.447  -36.358  9.947 0.0000000000
41736  -39.471  -37.371  8.685 0.0000000000
41737  -39.602  -37.487  9.148 0.0000000000
41738  -40.245  -37.752  8.973 0.0000000000
41739  -41.843  -37.759  8.653 0.0000000000
41740  -42.794  -36.918  9.247 0.0000000000
41741  -44.788  -36.301  9.028 0.0000000000
41742  -49.570  -35.966  9.206 0.0000000000
41743  -50.110  -36.662  9.432 0.0000000000
41745  -54.988  -36.985  9.415 0.0000000000
41751  -39.902  -37.519  7.698 0.0000000000
41752  -42.622  -37.730  8.361 0.0000000000
41753  -44.579  -37.006  8.245 0.0000000000
41754  -45.481  -36.369  8.529 0.0000000000
41755  -46.235  -36.291  8.112 0.0000000000
41756  -49.590  -35.771  8.464 0.0000000000
41757  -50.235  -36.236  8.713 0.0000000000
41758  -50.889  -36.491  8.198 0.0000000000
41759  -55.500  -36.806  8.989 0.0000000000
41760  -56.207  -36.712  8.378 0.0000000000
41765  -40.359  -38.056  7.139 0.0000000000
41766  -41.065  -37.687  6.677 0.0000000000
41767  -42.932  -36.348  6.596 0.0000000000
41768  -45.373  -37.056  7.687 0.0000000000
41769  -46.299  -36.738  7.381 0.0000000000
41770  -47.709  -36.141  7.273 0.0000000000
41771  -50.873  -36.197  7.435 0.0000000000
41772  -51.477  -36.748  7.646 0.0000000000
41773  -56.584  -37.010  7.721 0.0000000000
41778  -42.262  -37.584  5.883 0.0000000000
41779  -43.373  -36.819  5.854 0.0000000000
41780  -46.532  -37.094  6.735 0.0000000000
41781  -47.347  -36.680  6.603 0.0000000000
41782  -48.377  -36.250  6.608 0.0000000000
41783  -49.429  -36.184  6.241 0.0000000000
41784  -50.328  -36.160  6.311 0.0000000000
41785  -51.732  -36.555  6.336 0.0000000000
41786  -52.032  -36.857  7.047 0.0000000000
41787  -56.637  -37.296  6.863 0.0000000000
41797  -42.733  -38.094  5.339 0.0000000000
41798  -43.774  -37.339  5.217 0.0000000000
41799  -44.694  -36.685  5.045 0.0000000000
41800  -47.731  -36.937  5.918 0.0000000000
41801  -49.169  -36.672  5.346 0.0000000000
41802  -50.090  -36.400  5.569 0.0000000000
41803  -50.953  -36.327  5.873 0.0000000000
41804  -51.676  -36.665  5.360 0.0000000000
41805  -52.448  -36.978  5.646 0.0000000000
41806  -55.871  -36.241  4.830 0.0000000000
41807  -56.584  -36.487  6.134 0.0000000000
41812  -44.125  -37.832  4.521 0.0000000000
41813  -44.992  -37.070  4.276 0.0000000000
41814  -48.957  -37.287  4.634 0.0000000000
41815  -49.816  -36.831  4.757 0.0000000000
41816  -50.814  -36.666  4.889 0.0000000000
41817  -51.632  -36.979  4.558 0.0000000000
41818  -52.408  -37.192  4.689 0.0000000000
41819  -54.966  -36.794  3.583 0.0000000000
41820  -55.552  -37.162  4.061 0.0000000000
41821  -56.021  -37.265  4.688 0.0000000000
41826  -45.313  -37.417  3.442 0.0000000000
41827  -46.047  -36.446  2.797 0.0000000000
41828  -54.020  -36.781  2.457 0.0000000000
41829  -54.671  -37.553  2.785 0.0000000000
41834  -45.625  -37.810  2.649 0.0000000000
41835  -52.676  -36.471  1.596 0.0000000000
41840  -46.227  -37.035  1.998 0.0000000000
41841  -47.041  -36.379  1.176 0.0000000000
41842  -50.835  -36.501  0.656 0.0000000000
41843  -51.981  -36.703  0.880 0.0000000000
41844  -52.987  -37.568  1.035 0.0000000000
41845  -48.765  -36.688  0.276 0.0000000000
41846  -49.671  -36.971  0.293 0.0000000000
41847  -51.505  -37.304  0.490 0.0000000000
42637  -41.910  -35.979  13.296 0.0000000000
42638  -42.551  -35.827  13.292 0.0000000000
42639  -43.353  -35.775  13.366 0.0000000000
42640  -44.290  -35.887  13.460 0.0000000000
42641  -45.162  -35.899  13.218 0.0000000000
42649  -41.169  -35.847  12.111 0.0000000000
42650  -41.957  -35.719  12.695 0.0000000000
42651  -42.873  -35.544  12.649 0.0000000000
42652  -43.844  -35.485  12.751 0.0000000000
42653  -44.714  -35.540  12.713 0.0000000000
42654  -46.166  -35.739  12.426 0.0000000000
42655  -46.786  -35.798  12.048 0.0000000000
42662  -40.182  -36.368  11.374 0.0000000000
42663  -41.152  -35.997  11.385 0.0000000000
42664  -42.136  -35.633  11.785 0.0000000000
42665  -44.352  -35.343  11.484 0.0000000000
42666  -45.046  -35.299  11.999 0.0000000000
42667  -46.011  -35.414  11.746 0.0000000000
42675  -37.268  -35.588  10.387 0.0000000000
42676  -37.892  -35.746  10.185 0.0000000000
42677  -38.546  -36.259  9.746 0.0000000000
42678  -40.531  -36.595  10.574 0.0000000000
42679  -41.657  -36.149  10.764 0.0000000000
42680  -43.650  -35.521  11.012 0.0000000000
42681  -44.321  -35.578  10.552 0.0000000000
42682  -46.178  -35.309  10.723 0.0000000000
42683  -47.922  -35.560  10.261 0.0000000000
42692  -38.968  -36.559  9.041 0.0000000000
42693  -39.717  -36.008  8.629 0.0000000000
42694  -40.991  -35.489  8.653 0.0000000000
42695  -42.068  -35.214  8.603 0.0000000000
42696  -44.053  -36.203  9.600 0.0000000000
42697  -47.148  -35.474  9.419 0.0000000000
42698  -47.927  -35.466  9.529 0.0000000000
42699  -48.747  -35.681  9.645 0.0000000000
42700  -49.055  -35.613  8.924 0.0000000000
42709  -39.462  -37.080  8.303 0.0000000000
42710  -40.169  -36.442  7.961 0.0000000000
42711  -42.058  -35.737  7.786 0.0000000000
42712  -43.000  -35.601  7.478 0.0000000000
42713  -46.294  -35.798  8.910 0.0000000000
42714  -47.042  -35.754  8.519 0.0000000000
42715  -47.686  -35.522  8.901 0.0000000000
42716  -48.375  -35.494  8.908 0.0000000000
42717  -54.848  -35.352  8.848 0.0000000000
42718  -55.578  -36.003  8.623 0.0000000000
42719  -56.366  -35.710  8.035 0.0000000000
42727  -40.788  -36.826  7.303 0.0000000000
42728  -43.865  -35.431  7.159 0.0000000000
42729  -47.013  -36.149  7.737 0.0000000000
42730  -47.899  -35.667  8.132 0.0000000000
42731  -48.609  -35.782  7.492 0.0000000000
42732  -49.458  -35.732  7.707 0.0000000000
42733  -50.235  -35.925  7.933 0.0000000000
42734  -56.810  -35.434  7.309 0.0000000000
42738  -44.076  -35.877  6.463 0.0000000000
42739  -49.231  -35.854  7.013 0.0000000000
42740  -50.113  -35.882  7.046 0.0000000000
42741  -57.017  -35.294  6.591 0.0000000000
42751  -44.397  -36.282  5.764 0.0000000000
42752  -45.203  -35.802  5.494 0.0000000000
42753  -45.762  -35.376  5.140 0.0000000000
42754  -55.273  -35.440  4.696 0.0000000000
42755  -56.437  -35.835  5.613 0.0000000000
42761  -45.431  -36.084  4.750 0.0000000000
42762  -45.987  -35.392  4.437 0.0000000000
42763  -51.384  -34.895  4.066 0.0000000000
42764  -52.111  -35.100  3.832 0.0000000000
42765  -53.300  -35.232  3.853 0.0000000000
42766  -54.556  -35.657  4.071 0.0000000000
42767  -55.235  -36.216  4.247 0.0000000000
42773  -45.679  -36.282  3.873 0.0000000000
42774  -46.218  -35.403  3.476 0.0000000000
42775  -50.649  -35.073  3.367 0.0000000000
42776  -51.647  -35.358  3.073 0.0000000000
42777  -52.690  -35.427  3.235 0.0000000000
42778  -53.571  -35.793  3.150 0.0000000000
42779  -54.279  -36.257  3.304 0.0000000000
42784  -46.458  -35.135  2.395 0.0000000000
42785  -49.895  -35.100  2.664 0.0000000000
42786  -50.826  -35.592  2.186 0.0000000000
42787  -51.784  -36.032  1.739 0.0000000000
42788  -53.173  -36.131  2.368 0.0000000000
42791  -46.569  -35.749  1.765 0.0000000000
42792  -47.192  -35.099  0.858 0.0000000000
42793  -49.446  -35.364  0.624 0.0000000000
42794  -51.175  -36.133  1.277 0.0000000000
42795  -48.055  -34.596  0.179 0.0000000000
42796  -48.735  -34.883  0.266 0.0000000000
42797  -49.993  -36.033  0.520 0.0000000000
43632  -38.759  -35.584  9.609 0.0000000000
43633  -40.486  -34.427  10.114 0.0000000000
43634  -41.494  -34.285  10.134 0.0000000000
43635  -42.435  -34.110  9.984 0.0000000000
43645  -39.540  -35.347  9.379 0.0000000000
43646  -40.707  -35.015  9.392 0.0000000000
43647  -43.650  -34.220  8.997 0.0000000000
43648  -44.414  -33.874  8.740 0.0000000000
43657  -43.090  -34.952  8.342 0.0000000000
43658  -44.643  -34.295  7.995 0.0000000000
43659  -54.937  -34.404  8.591 0.0000000000
43660  -55.747  -35.083  8.318 0.0000000000
43661  -56.670  -34.600  7.622 0.0000000000
43669  -43.852  -34.921  7.815 0.0000000000
43670  -44.449  -34.829  7.451 0.0000000000
43671  -45.117  -34.431  7.312 0.0000000000
43672  -57.358  -34.440  7.002 0.0000000000
43673  -57.558  -33.496  6.718 0.0000000000
43675  -44.684  -35.121  6.899 0.0000000000
43676  -45.446  -34.664  6.586 0.0000000000
43677  -46.134  -34.210  6.104 0.0000000000
43678  -57.274  -34.142  6.371 0.0000000000
43689  -45.674  -35.013  5.795 0.0000000000
43690  -46.231  -34.643  5.147 0.0000000000
43691  -50.419  -34.177  4.951 0.0000000000
43692  -51.979  -34.189  5.262 0.0000000000
43693  -52.745  -34.224  5.093 0.0000000000
43694  -53.749  -34.334  4.896 0.0000000000
43695  -54.563  -34.842  4.658 0.0000000000
43696  -56.579  -34.159  5.640 0.0000000000
43697  -57.104  -33.825  5.877 0.0000000000
43704  -46.364  -34.645  4.168 0.0000000000
43705  -49.873  -34.244  4.414 0.0000000000
43706  -50.555  -34.586  4.284 0.0000000000
43707  -52.172  -34.649  4.557 0.0000000000
43708  -53.096  -34.705  4.454 0.0000000000
43709  -53.859  -34.984  4.267 0.0000000000
43714  -46.473  -34.485  3.156 0.0000000000
43715  -49.335  -34.509  2.881 0.0000000000
43716  -49.903  -34.668  3.631 0.0000000000
43721  -46.505  -34.106  2.047 0.0000000000
43722  -48.911  -34.144  2.136 0.0000000000
43723  -49.266  -34.790  1.638 0.0000000000
43724  -46.768  -34.558  1.409 0.0000000000
43725  -47.371  -34.019  0.578 0.0000000000
43726  -48.863  -34.386  0.499 0.0000000000
43727  -47.959  -33.729  0.235 0.0000000000
43728  -48.208  -33.336  0.375 0.0000000000
44563  -41.170  -33.685  10.739 0.0000000000
44564  -42.913  -33.405  10.533 0.0000000000
44565  -43.752  -33.094  10.261 0.0000000000
44566  -44.455  -32.756  9.830 0.0000000000
44574  -43.306  -33.818  9.745 0.0000000000
44575  -44.117  -33.494  9.489 0.0000000000
44583  -45.118  -33.519  8.396 0.0000000000
44585  -55.506  -33.647  8.329 0.0000000000
44586  -56.593  -33.489  7.766 0.0000000000
44595  -45.723  -33.160  7.887 0.0000000000
44596  -57.449  -33.612  7.143 0.0000000000
44597  -57.746  -32.968  6.974 0.0000000000
44602  -45.858  -33.797  7.068 0.0000000000
44603  -46.426  -33.303  6.371 0.0000000000
44604  -50.144  -33.237  6.011 0.0000000000
44605  -50.885  -33.324  6.258 0.0000000000
44606  -51.787  -33.260  6.380 0.0000000000
44607  -52.819  -33.232  6.195 0.0000000000
44608  -53.848  -33.169  5.955 0.0000000000
44609  -57.451  -32.734  6.398 0.0000000000
44621  -46.504  -33.723  5.454 0.0000000000
44622  -49.144  -33.067  4.834 0.0000000000
44623  -49.847  -33.695  5.198 0.0000000000
44624  -50.656  -33.802  5.582 0.0000000000
44625  -51.464  -33.810  5.740 0.0000000000
44626  -52.325  -33.753  5.727 0.0000000000
44627  -53.256  -33.746  5.531 0.0000000000
44628  -56.277  -33.488  5.620 0.0000000000
44629  -57.046  -33.159  5.754 0.0000000000
44630  -57.269  -33.231  6.071 0.0000000000
44637  -46.547  -33.880  3.903 0.0000000000
44638  -48.755  -32.907  3.673 0.0000000000
44639  -49.237  -33.729  4.238 0.0000000000
44645  -46.518  -33.626  2.878 0.0000000000
44646  -48.880  -33.741  3.047 0.0000000000
44650  -46.497  -33.346  1.919 0.0000000000
44651  -48.699  -33.366  1.778 0.0000000000
44652  -47.526  -32.977  0.500 0.0000000000
44653  -48.547  -33.033  0.776 0.0000000000
44654  -48.165  -32.680  0.490 0.0000000000
45546  -43.224  -32.614  11.029 0.0000000000
45547  -44.744  -32.032  9.966 0.0000000000
45555  -45.287  -31.921  9.381 0.0000000000
45562  -46.039  -32.310  8.061 0.0000000000
45564  -55.819  -32.372  8.376 0.0000000000
45571  -46.259  -32.838  7.257 0.0000000000
45576  -57.509  -32.746  7.222 0.0000000000
45577  -57.603  -32.178  6.813 0.0000000000
45585  -46.572  -32.373  6.546 0.0000000000
45592  -56.748  -32.018  5.898 0.0000000000
45593  -57.013  -32.076  5.977 0.0000000000
45594  -57.192  -32.213  6.155 0.0000000000
45603  -48.809  -32.201  4.278 0.0000000000
45604  -49.158  -32.417  5.379 0.0000000000
45605  -55.902  -32.739  5.745 0.0000000000
45606  -56.910  -32.531  5.782 0.0000000000
45607  -57.103  -32.541  5.946 0.0000000000
45610  -48.789  -31.877  2.944 0.0000000000
45615  -46.517  -32.079  3.254 0.0000000000
45617  -46.650  -32.641  1.392 0.0000000000
45618  -48.775  -31.930  1.796 0.0000000000
45619  -47.214  -32.158  0.866 0.0000000000
45620  -47.859  -32.138  0.628 0.0000000000
45621  -48.451  -32.128  0.949 0.0000000000
46473  -45.044  -31.263  9.916 0.0000000000
46481  -45.515  -31.346  9.285 0.0000000000
46491  -45.895  -31.024  8.820 0.0000000000
46492  -46.214  -31.443  8.108 0.0000000000
46498  -56.796  -31.624  8.164 0.0000000000
46499  -57.439  -30.865  8.065 0.0000000000
46508  -46.441  -31.944  7.369 0.0000000000
46514  -57.504  -31.592  7.423 0.0000000000
46515  -57.597  -31.154  6.913 0.0000000000
46524  -46.611  -31.598  6.669 0.0000000000
46525  -49.148  -31.176  5.833 0.0000000000
46531  -57.252  -31.691  6.362 0.0000000000
46543  -46.714  -31.729  5.865 0.0000000000
46544  -48.935  -31.506  4.890 0.0000000000
46545  -49.223  -31.886  5.854 0.0000000000
46550  -46.470  -31.146  3.225 0.0000000000
46551  -49.227  -30.982  2.769 0.0000000000
46555  -46.494  -31.564  2.514 0.0000000000
46556  -49.089  -31.255  2.030 0.0000000000
46557  -48.725  -31.417  1.468 0.0000000000
46558  -47.447  -31.554  1.035 0.0000000000
46559  -48.185  -31.485  0.988 0.0000000000
47294  -45.479  -30.734  9.461 0.0000000000
47303  -46.210  -30.560  8.139 0.0000000000
47317  -46.509  -30.963  7.234 0.0000000000
47330  -46.497  -30.250  6.590 0.0000000000
47331  -49.257  -30.315  5.679 0.0000000000
47332  -49.314  -30.831  6.677 0.0000000000
47346  -46.489  -30.082  5.718 0.0000000000
47347  -49.105  -30.798  5.005 0.0000000000
47348  -49.400  -30.318  4.550 0.0000000000
47353  -46.445  -29.939  4.707 0.0000000000
47354  -49.265  -30.722  3.826 0.0000000000
47355  -49.802  -30.004  3.530 0.0000000000
47360  -46.478  -30.579  3.995 0.0000000000
47361  -49.605  -30.228  2.716 0.0000000000
47362  -49.959  -29.595  2.728 0.0000000000
47363  -46.654  -30.879  2.319 0.0000000000
47364  -47.535  -30.457  1.816 0.0000000000
47365  -48.526  -30.835  1.462 0.0000000000
47366  -47.111  -31.062  1.508 0.0000000000
47367  -47.752  -31.039  1.249 0.0000000000
48108  -46.039  -29.673  8.167 0.0000000000
48122  -45.791  -28.865  8.085 0.0000000000
48123  -46.058  -29.177  7.393 0.0000000000
48136  -46.256  -29.365  6.431 0.0000000000
48137  -49.314  -29.968  6.828 0.0000000000
48147  -46.326  -29.231  5.336 0.0000000000
48148  -49.745  -29.703  4.609 0.0000000000
48151  -46.455  -29.229  4.527 0.0000000000
48152  -50.253  -29.401  3.343 0.0000000000
48153  -50.526  -29.013  3.207 0.0000000000
48158  -46.547  -29.756  3.730 0.0000000000
48159  -47.161  -29.357  3.061 0.0000000000
48160  -49.389  -29.826  2.252 0.0000000000
48161  -50.222  -29.095  2.769 0.0000000000
48162  -46.820  -30.087  2.713 0.0000000000
48163  -48.597  -30.099  1.900 0.0000000000
49127  -45.566  -28.074  7.596 0.0000000000
49128  -45.877  -28.574  6.859 0.0000000000
49141  -45.664  -27.810  6.572 0.0000000000
49142  -49.573  -28.674  6.437 0.0000000000
49148  -46.326  -28.561  4.956 0.0000000000
49149  -49.942  -29.004  5.250 0.0000000000
49150  -50.638  -28.601  4.570 0.0000000000
49155  -47.217  -27.962  4.010 0.0000000000
49156  -50.470  -29.148  3.941 0.0000000000
49157  -50.834  -28.540  3.462 0.0000000000
49161  -46.683  -28.779  4.033 0.0000000000
49162  -47.686  -28.639  3.253 0.0000000000
49163  -50.424  -28.640  2.936 0.0000000000
50044  -45.492  -26.931  6.428 0.0000000000
50045  -45.782  -27.495  5.823 0.0000000000
50055  -45.718  -26.767  5.773 0.0000000000
50056  -46.171  -27.119  5.271 0.0000000000
50057  -50.083  -28.226  5.776 0.0000000000
50058  -50.834  -27.894  5.149 0.0000000000
50059  -51.459  -27.675  4.628 0.0000000000
50063  -46.883  -27.188  4.629 0.0000000000
50064  -47.862  -27.203  3.982 0.0000000000
50065  -51.311  -28.214  4.060 0.0000000000
50066  -51.792  -27.741  3.749 0.0000000000
50067  -52.435  -27.295  3.597 0.0000000000
50071  -48.338  -28.060  3.365 0.0000000000
50072  -49.064  -27.638  3.380 0.0000000000
50073  -50.039  -28.070  2.916 0.0000000000
50074  -51.348  -28.015  3.271 0.0000000000
50075  -51.916  -27.447  2.978 0.0000000000
50076  -52.624  -27.146  2.946 0.0000000000
50899  -45.483  -26.137  6.023 0.0000000000
50901  -51.447  -26.532  5.551 0.0000000000
50908  -45.908  -26.178  5.569 0.0000000000
50909  -46.610  -26.279  5.128 0.0000000000
50910  -51.122  -27.164  5.428 0.0000000000
50911  -51.936  -27.104  4.726 0.0000000000
50912  -52.723  -26.637  4.436 0.0000000000
50916  -47.313  -26.589  4.589 0.0000000000
50917  -48.681  -26.757  3.800 0.0000000000
50918  -50.281  -26.498  3.230 0.0000000000
50919  -53.136  -26.796  3.385 0.0000000000
50920  -53.723  -26.189  3.471 0.0000000000
50923  -49.887  -27.277  3.241 0.0000000000
50924  -51.359  -26.766  2.782 0.0000000000
50925  -52.370  -26.717  2.595 0.0000000000
50926  -52.976  -26.771  2.725 0.0000000000
50927  -53.455  -26.382  2.813 0.0000000000
50928  -53.043  -26.260  2.460 0.0000000000
51777  -45.636  -25.398  5.810 0.0000000000
51778  -46.087  -25.425  5.481 0.0000000000
51779  -46.718  -25.427  5.249 0.0000000000
51780  -52.086  -26.164  5.332 0.0000000000
51781  -52.816  -25.702  5.048 0.0000000000
51782  -53.569  -25.287  4.773 0.0000000000
51786  -47.437  -25.828  4.776 0.0000000000
51787  -48.326  -25.950  4.235 0.0000000000
51788  -49.225  -26.178  3.718 0.0000000000
51789  -53.480  -26.140  4.204 0.0000000000
51790  -54.222  -25.576  3.991 0.0000000000
51792  -49.651  -25.445  3.675 0.0000000000
51793  -50.601  -25.706  3.165 0.0000000000
51794  -51.611  -25.795  2.668 0.0000000000
51795  -53.986  -25.723  3.105 0.0000000000
51796  -54.578  -25.073  3.630 0.0000000000
51797  -52.509  -25.954  2.396 0.0000000000
51798  -53.502  -25.897  2.574 0.0000000000
52698  -45.799  -24.670  5.665 0.0000000000
52699  -46.355  -24.704  5.425 0.0000000000
52700  -47.284  -24.839  5.123 0.0000000000
52701  -54.222  -24.803  4.618 0.0000000000
52702  -54.859  -24.329  4.486 0.0000000000
52705  -48.192  -24.576  4.690 0.0000000000
52706  -49.183  -24.452  4.198 0.0000000000
52707  -50.138  -24.683  3.596 0.0000000000
52708  -50.317  -23.971  3.682 0.0000000000
52709  -55.132  -24.525  3.967 0.0000000000
52710  -55.437  -23.967  3.926 0.0000000000
52711  -50.839  -24.288  3.289 0.0000000000
52712  -52.333  -24.537  2.653 0.0000000000
52713  -54.251  -25.027  3.004 0.0000000000
52714  -54.785  -24.503  3.533 0.0000000000
52715  -53.039  -25.335  2.368 0.0000000000
52716  -53.597  -24.731  2.658 0.0000000000
52717  -54.203  -24.310  3.058 0.0000000000
53593  -46.064  -23.877  5.529 0.0000000000
53594  -46.723  -23.271  5.397 0.0000000000
53595  -47.713  -23.031  5.287 0.0000000000
53597  -55.007  -23.648  4.895 0.0000000000
53598  -55.656  -23.349  4.706 0.0000000000
53605  -47.513  -23.916  5.184 0.0000000000
53606  -48.474  -23.706  4.828 0.0000000000
53607  -49.379  -23.515  4.432 0.0000000000
53608  -50.153  -23.439  4.033 0.0000000000
53609  -55.467  -23.881  4.279 0.0000000000
53610  -55.987  -23.215  4.379 0.0000000000
53611  -50.849  -23.543  3.535 0.0000000000
53612  -51.594  -23.930  3.080 0.0000000000
53613  -52.401  -23.758  2.964 0.0000000000
53614  -53.310  -23.822  2.921 0.0000000000
53615  -54.899  -23.895  3.514 0.0000000000
53616  -52.954  -24.410  2.593 0.0000000000
54482  -46.009  -22.581  5.653 0.0000000000
54483  -46.440  -22.498  5.499 0.0000000000
54484  -47.020  -22.536  5.346 0.0000000000
54486  -54.237  -23.059  5.468 0.0000000000
54487  -55.175  -22.979  5.211 0.0000000000
54488  -56.055  -22.799  5.078 0.0000000000
54489  -56.833  -22.484  4.780 0.0000000000
54490  -57.444  -22.311  4.989 0.0000000000
54498  -48.807  -22.747  5.029 0.0000000000
54499  -49.843  -22.817  4.482 0.0000000000
54500  -50.709  -22.905  3.990 0.0000000000
54501  -51.294  -22.423  4.058 0.0000000000
54502  -51.611  -23.101  3.430 0.0000000000
54503  -52.537  -23.044  3.280 0.0000000000
54504  -53.484  -23.002  3.304 0.0000000000
54505  -54.586  -23.114  3.469 0.0000000000
54506  -55.706  -23.250  3.887 0.0000000000
54507  -56.846  -22.384  4.558 0.0000000000
55387  -45.891  -22.129  5.898 0.0000000000
55388  -46.142  -21.289  5.914 0.0000000000
55392  -54.691  -21.454  5.821 0.0000000000
55399  -46.363  -21.697  5.554 0.0000000000
55400  -47.706  -22.019  5.319 0.0000000000
55401  -54.401  -22.249  5.655 0.0000000000
55402  -55.241  -22.320  5.461 0.0000000000
55403  -56.900  -22.223  5.196 0.0000000000
55404  -57.514  -22.302  5.037 0.0000000000
55405  -58.055  -21.974  5.095 0.0000000000
55414  -47.563  -20.060  4.978 0.0000000000
55415  -48.699  -21.878  5.224 0.0000000000
55416  -49.940  -21.445  4.928 0.0000000000
55417  -50.975  -21.511  4.543 0.0000000000
55418  -51.857  -21.972  4.098 0.0000000000
55419  -53.154  -21.574  3.964 0.0000000000
55420  -54.186  -21.517  3.919 0.0000000000
55421  -55.315  -21.429  3.980 0.0000000000
55422  -56.451  -21.752  4.141 0.0000000000
55423  -57.492  -21.952  4.606 0.0000000000
55424  -51.969  -22.557  3.652 0.0000000000
55425  -52.697  -22.276  3.661 0.0000000000
55426  -53.841  -22.284  3.624 0.0000000000
55427  -55.036  -22.354  3.713 0.0000000000
55428  -56.055  -22.379  3.948 0.0000000000
56261  -46.292  -20.406  6.023 0.0000000000
56265  -55.435  -20.405  5.997 0.0000000000
56268  -46.579  -20.500  5.468 0.0000000000
56269  -47.009  -21.015  5.188 0.0000000000
56270  -55.749  -21.908  5.507 0.0000000000
56271  -56.132  -21.276  5.643 0.0000000000
56272  -57.775  -22.003  5.181 0.0000000000
56273  -58.609  -21.599  5.219 0.0000000000
56274  -59.071  -21.489  5.030 0.0000000000
56275  -59.882  -21.038  4.989 0.0000000000
56285  -46.758  -19.548  5.131 0.0000000000
56286  -46.912  -20.057  5.094 0.0000000000
56287  -48.437  -19.624  4.882 0.0000000000
56288  -50.221  -20.623  4.950 0.0000000000
56289  -51.170  -20.517  4.698 0.0000000000
56290  -52.066  -20.294  4.540 0.0000000000
56291  -53.531  -20.819  4.242 0.0000000000
56292  -54.384  -20.813  4.200 0.0000000000
56293  -55.864  -20.903  4.168 0.0000000000
56294  -56.706  -21.020  4.257 0.0000000000
56295  -58.443  -21.597  4.788 0.0000000000
57103  -46.465  -19.579  6.282 0.0000000000
57107  -55.592  -19.740  6.184 0.0000000000
57108  -57.239  -19.899  5.966 0.0000000000
57109  -58.263  -19.788  5.982 0.0000000000
57110  -59.393  -20.208  5.697 0.0000000000
57111  -60.192  -20.312  5.335 0.0000000000
57119  -46.556  -19.704  5.486 0.0000000000
57120  -56.435  -20.469  5.844 0.0000000000
57121  -57.671  -21.168  5.581 0.0000000000
57122  -58.597  -20.823  5.614 0.0000000000
57123  -59.636  -21.070  5.198 0.0000000000
57124  -60.444  -20.520  5.005 0.0000000000
57125  -60.764  -19.862  5.016 0.0000000000
57133  -47.086  -19.346  4.835 0.0000000000
57134  -47.653  -19.206  4.725 0.0000000000
57135  -48.965  -18.997  4.759 0.0000000000
57136  -50.462  -19.732  4.915 0.0000000000
57137  -51.414  -19.626  4.744 0.0000000000
57138  -52.325  -19.454  4.610 0.0000000000
57139  -53.008  -20.027  4.479 0.0000000000
57140  -53.985  -20.118  4.385 0.0000000000
57141  -55.911  -20.134  4.324 0.0000000000
57142  -56.745  -20.204  4.336 0.0000000000
57143  -58.511  -20.765  4.554 0.0000000000
57144  -59.564  -20.612  4.747 0.0000000000
57145  -60.480  -20.345  5.070 0.0000000000
57947  -45.850  -18.002  8.812 0.0000000000
57948  -46.413  -18.601  8.290 0.0000000000
57957  -46.582  -18.375  7.513 0.0000000000
57970  -46.593  -18.684  6.545 0.0000000000
57973  -55.385  -18.896  6.440 0.0000000000
57974  -56.382  -18.798  6.315 0.0000000000
57975  -57.442  -18.844  6.222 0.0000000000
57976  -58.693  -19.039  6.182 0.0000000000
57977  -60.527  -18.956  5.686 0.0000000000
57988  -46.661  -18.469  4.998 0.0000000000
57989  -60.637  -19.786  5.254 0.0000000000
57990  -60.811  -19.350  5.146 0.0000000000
57994  -46.869  -18.701  4.821 0.0000000000
57995  -48.209  -18.542  4.507 0.0000000000
57996  -49.096  -18.232  4.501 0.0000000000
57997  -49.989  -18.094  4.653 0.0000000000
57998  -50.983  -17.987  4.688 0.0000000000
57999  -52.795  -18.621  4.586 0.0000000000
58000  -53.787  -18.176  4.478 0.0000000000
58001  -54.525  -18.727  4.457 0.0000000000
58002  -55.461  -18.389  4.380 0.0000000000
58003  -56.239  -19.233  4.391 0.0000000000
58004  -58.544  -19.575  4.451 0.0000000000
58005  -59.769  -19.474  4.633 0.0000000000
58006  -60.700  -19.413  4.953 0.0000000000
58007  -60.774  -19.221  4.954 0.0000000000
58016  -47.760  -17.729  4.340 0.0000000000
58832  -43.593  -16.900  9.624 0.0000000000
58833  -44.448  -17.271  9.423 0.0000000000
58834  -45.200  -17.380  9.008 0.0000000000
58844  -45.577  -17.073  8.411 0.0000000000
58845  -46.332  -17.711  8.012 0.0000000000
58856  -46.034  -16.776  7.606 0.0000000000
58857  -46.584  -17.575  6.916 0.0000000000
58871  -46.568  -17.059  5.862 0.0000000000
58873  -55.698  -17.983  6.580 0.0000000000
58874  -56.670  -17.911  6.459 0.0000000000
58875  -57.802  -17.936  6.406 0.0000000000
58876  -59.164  -18.064  6.379 0.0000000000
58877  -60.402  -18.072  6.210 0.0000000000
58878  -60.851  -17.906  5.985 0.0000000000
58889  -46.858  -17.874  4.704 0.0000000000
58890  -60.734  -18.699  5.400 0.0000000000
58895  -47.025  -17.306  4.494 0.0000000000
58896  -47.133  -17.899  4.550 0.0000000000
58897  -48.591  -17.517  4.232 0.0000000000
58898  -49.408  -17.384  4.261 0.0000000000
58899  -50.294  -17.269  4.370 0.0000000000
58900  -51.277  -17.126  4.433 0.0000000000
58901  -53.986  -17.337  4.296 0.0000000000
58902  -54.776  -17.657  4.301 0.0000000000
58903  -55.762  -17.409  4.131 0.0000000000
58904  -57.169  -17.491  4.154 0.0000000000
58905  -58.431  -18.125  4.372 0.0000000000
58906  -59.809  -18.182  4.618 0.0000000000
58907  -60.558  -18.515  4.907 0.0000000000
58908  -60.715  -18.565  5.249 0.0000000000
58916  -47.020  -16.559  4.264 0.0000000000
58917  -47.398  -17.068  4.315 0.0000000000
58918  -48.254  -16.654  3.992 0.0000000000
58919  -49.131  -16.604  3.919 0.0000000000
58920  -49.820  -16.656  4.019 0.0000000000
58921  -56.069  -16.578  3.720 0.0000000000
58922  -56.855  -16.633  3.815 0.0000000000
58923  -57.685  -16.869  4.053 0.0000000000
58924  -58.624  -17.181  4.300 0.0000000000
59754  -43.050  -16.294  9.724 0.0000000000
59767  -43.783  -16.244  9.100 0.0000000000
59768  -44.675  -16.599  8.762 0.0000000000
59779  -44.997  -15.959  8.008 0.0000000000
59789  -45.529  -15.310  6.476 0.0000000000
59790  -46.237  -16.460  6.699 0.0000000000
59794  -57.452  -16.200  7.037 0.0000000000
59795  -58.655  -16.084  7.074 0.0000000000
59796  -59.813  -15.990  7.099 0.0000000000
59803  -46.275  -16.010  5.786 0.0000000000
59804  -56.027  -17.132  6.731 0.0000000000
59805  -57.027  -17.038  6.633 0.0000000000
59806  -58.206  -17.005  6.618 0.0000000000
59807  -59.567  -17.004  6.646 0.0000000000
59808  -60.474  -16.903  6.452 0.0000000000
59809  -60.746  -16.701  6.245 0.0000000000
59820  -46.329  -15.607  4.844 0.0000000000
59821  -60.746  -17.630  5.662 0.0000000000
59828  -46.715  -15.829  4.287 0.0000000000
59829  -50.642  -16.407  4.019 0.0000000000
59830  -51.678  -16.278  4.052 0.0000000000
59831  -52.729  -16.389  4.105 0.0000000000
59832  -53.699  -16.600  4.071 0.0000000000
59833  -54.599  -16.771  4.016 0.0000000000
59834  -55.333  -16.894  3.966 0.0000000000
59835  -59.261  -16.917  4.429 0.0000000000
59836  -59.913  -16.743  4.726 0.0000000000
59837  -60.539  -17.764  5.124 0.0000000000
59842  -46.990  -15.801  3.972 0.0000000000
59843  -47.596  -16.038  3.906 0.0000000000
59844  -48.351  -15.706  3.744 0.0000000000
59845  -48.977  -15.761  3.678 0.0000000000
59846  -49.926  -15.702  3.708 0.0000000000
59847  -51.062  -15.565  3.833 0.0000000000
59848  -52.279  -15.490  3.861 0.0000000000
59849  -53.403  -15.749  3.769 0.0000000000
59850  -54.367  -16.026  3.678 0.0000000000
59851  -55.279  -16.276  3.661 0.0000000000
59852  -56.641  -16.017  3.574 0.0000000000
59853  -57.328  -16.098  3.703 0.0000000000
59854  -58.181  -16.320  3.971 0.0000000000
59855  -58.858  -15.806  4.077 0.0000000000
60700  -43.425  -15.695  9.344 0.0000000000
60701  -43.879  -15.350  8.764 0.0000000000
60710  -44.278  -15.112  8.012 0.0000000000
60715  -57.434  -14.825  8.299 0.0000000000
60720  -44.571  -14.467  7.481 0.0000000000
60721  -44.776  -14.844  7.256 0.0000000000
60722  -56.868  -15.563  7.620 0.0000000000
60723  -57.940  -15.372  7.618 0.0000000000
60724  -59.075  -15.196  7.640 0.0000000000
60725  -59.977  -15.103  7.543 0.0000000000
60726  -60.440  -15.041  7.244 0.0000000000
60734  -44.834  -14.081  6.383 0.0000000000
60735  -45.644  -14.831  5.619 0.0000000000
60736  -60.412  -15.839  6.867 0.0000000000
60737  -60.672  -15.435  6.533 0.0000000000
60747  -45.262  -13.883  5.509 0.0000000000
60748  -45.757  -14.329  4.878 0.0000000000
60749  -60.739  -16.202  5.816 0.0000000000
60757  -46.298  -14.775  4.379 0.0000000000
60758  -50.710  -14.947  3.824 0.0000000000
60759  -51.486  -15.070  3.901 0.0000000000
60760  -52.461  -15.091  3.890 0.0000000000
60761  -59.761  -15.659  4.565 0.0000000000
60762  -60.380  -15.271  5.175 0.0000000000
60767  -46.717  -15.059  3.962 0.0000000000
60768  -47.294  -15.147  3.738 0.0000000000
60769  -47.995  -15.095  3.584 0.0000000000
60770  -48.692  -15.062  3.580 0.0000000000
60771  -50.022  -14.987  3.677 0.0000000000
60772  -50.597  -15.119  3.750 0.0000000000
60773  -53.218  -15.153  3.715 0.0000000000
60774  -54.094  -15.329  3.560 0.0000000000
60775  -55.151  -15.527  3.454 0.0000000000
60776  -56.485  -15.544  3.453 0.0000000000
60777  -57.086  -15.475  3.491 0.0000000000
60778  -57.835  -15.584  3.647 0.0000000000
61628  -44.236  -14.443  10.077 0.0000000000
61646  -43.626  -15.110  9.541 0.0000000000
61647  -44.149  -14.745  9.089 0.0000000000
61648  -44.659  -14.378  8.793 0.0000000000
61654  -58.214  -13.434  9.391 0.0000000000
61660  -44.276  -14.744  8.227 0.0000000000
61661  -44.877  -14.110  7.984 0.0000000000
61664  -58.051  -14.101  9.100 0.0000000000
61665  -58.928  -13.747  8.919 0.0000000000
61666  -59.680  -13.845  8.328 0.0000000000
61672  -44.698  -13.908  6.736 0.0000000000
61673  -58.543  -14.561  8.355 0.0000000000
61674  -59.502  -14.391  8.197 0.0000000000
61675  -60.129  -14.389  7.760 0.0000000000
61676  -60.514  -14.482  7.127 0.0000000000
61685  -45.123  -13.530  5.818 0.0000000000
61686  -49.694  -13.891  6.134 0.0000000000
61687  -60.686  -14.463  6.341 0.0000000000
61697  -45.949  -13.948  4.411 0.0000000000
61698  -48.559  -14.048  4.511 0.0000000000
61699  -49.522  -14.421  5.214 0.0000000000
61700  -50.466  -14.341  5.718 0.0000000000
61701  -51.911  -14.589  5.192 0.0000000000
61702  -52.757  -14.466  5.089 0.0000000000
61703  -60.588  -14.323  5.501 0.0000000000
61712  -46.394  -14.172  4.016 0.0000000000
61713  -47.537  -13.790  3.707 0.0000000000
61714  -48.331  -14.101  3.813 0.0000000000
61715  -49.315  -14.535  3.962 0.0000000000
61716  -50.119  -14.836  3.824 0.0000000000
61717  -51.409  -14.874  4.186 0.0000000000
61718  -52.214  -14.865  4.177 0.0000000000
61719  -55.070  -14.472  3.738 0.0000000000
61720  -59.785  -14.794  4.397 0.0000000000
61721  -60.178  -14.185  4.596 0.0000000000
61726  -46.911  -14.473  3.713 0.0000000000
61727  -47.492  -14.397  3.613 0.0000000000
61728  -48.210  -14.463  3.633 0.0000000000
61729  -48.923  -14.650  3.641 0.0000000000
61730  -53.844  -14.942  3.629 0.0000000000
61731  -54.638  -14.938  3.486 0.0000000000
61732  -55.579  -14.938  3.390 0.0000000000
61733  -57.394  -14.539  3.414 0.0000000000
61734  -58.091  -14.348  3.424 0.0000000000
61735  -58.791  -14.171  3.535 0.0000000000
61736  -59.137  -14.887  3.911 0.0000000000
62571  -44.671  -13.561  10.411 0.0000000000
62572  -45.290  -13.362  9.897 0.0000000000
62604  -44.770  -14.098  9.618 0.0000000000
62605  -45.300  -13.831  9.118 0.0000000000
62606  -45.851  -13.515  8.585 0.0000000000
62609  -58.438  -13.111  9.338 0.0000000000
62618  -45.528  -13.656  7.458 0.0000000000
62619  -46.527  -13.202  8.114 0.0000000000
62620  -47.584  -12.969  7.356 0.0000000000
62627  -45.374  -13.406  6.191 0.0000000000
62628  -46.567  -13.395  7.084 0.0000000000
62629  -48.122  -13.234  6.792 0.0000000000
62630  -59.151  -13.425  8.570 0.0000000000
62631  -60.162  -13.819  7.670 0.0000000000
62632  -60.489  -13.749  6.748 0.0000000000
62639  -45.559  -13.294  5.363 0.0000000000
62640  -46.205  -13.162  5.656 0.0000000000
62641  -47.404  -13.505  5.913 0.0000000000
62642  -50.632  -13.404  6.287 0.0000000000
62643  -60.617  -13.511  5.891 0.0000000000
62651  -46.254  -13.512  4.306 0.0000000000
62652  -46.060  -13.156  4.695 0.0000000000
62653  -46.865  -13.203  4.742 0.0000000000
62654  -47.951  -13.639  5.212 0.0000000000
62655  -48.827  -14.009  5.726 0.0000000000
62656  -51.362  -14.168  5.880 0.0000000000
62657  -52.191  -13.988  5.811 0.0000000000
62658  -53.659  -14.241  4.857 0.0000000000
62659  -54.989  -13.263  5.085 0.0000000000
62660  -55.359  -12.596  5.084 0.0000000000
62661  -60.493  -13.370  4.918 0.0000000000
62668  -46.741  -13.376  4.087 0.0000000000
62669  -47.592  -13.537  4.109 0.0000000000
62670  -54.583  -13.962  4.585 0.0000000000
62671  -55.439  -13.724  4.324 0.0000000000
62672  -56.252  -13.483  4.088 0.0000000000
62673  -56.954  -13.127  3.918 0.0000000000
62674  -59.535  -14.108  3.886 0.0000000000
62675  -59.989  -13.326  4.022 0.0000000000
62678  -46.830  -13.793  3.746 0.0000000000
62679  -55.994  -14.307  3.556 0.0000000000
62680  -56.994  -13.937  3.434 0.0000000000
62681  -57.718  -13.150  3.508 0.0000000000
62682  -58.495  -13.014  3.344 0.0000000000
62683  -59.299  -13.383  3.524 0.0000000000
62684  -59.800  -12.558  3.619 0.0000000000
63497  -44.582  -12.666  10.774 0.0000000000
63498  -45.095  -12.821  10.388 0.0000000000
63526  -45.540  -12.523  9.999 0.0000000000
63527  -45.983  -12.280  9.590 0.0000000000
63540  -46.446  -12.574  8.990 0.0000000000
63541  -47.064  -12.321  8.377 0.0000000000
63543  -57.985  -12.692  9.168 0.0000000000
63544  -58.639  -12.917  8.868 0.0000000000
63549  -47.640  -12.175  7.866 0.0000000000
63550  -48.361  -12.184  7.382 0.0000000000
63551  -49.082  -11.769  7.044 0.0000000000
63552  -57.206  -12.324  8.365 0.0000000000
63553  -58.046  -12.646  8.091 0.0000000000
63554  -58.887  -12.952  7.907 0.0000000000
63555  -59.686  -13.306  7.638 0.0000000000
63556  -60.186  -13.341  6.997 0.0000000000
63560  -48.985  -12.612  6.879 0.0000000000
63561  -49.573  -12.198  6.747 0.0000000000
63562  -51.059  -12.671  6.259 0.0000000000
63563  -58.298  -12.403  6.966 0.0000000000
63564  -59.204  -12.677  6.917 0.0000000000
63565  -59.978  -12.716  6.625 0.0000000000
63566  -60.426  -12.780  6.168 0.0000000000
63574  -51.559  -13.337  6.140 0.0000000000
63575  -52.305  -13.051  5.970 0.0000000000
63576  -53.044  -12.383  5.687 0.0000000000
63577  -54.036  -13.273  5.437 0.0000000000
63578  -54.636  -12.648  5.344 0.0000000000
63579  -60.554  -12.523  5.303 0.0000000000
63584  -56.277  -12.595  4.586 0.0000000000
63585  -57.282  -12.346  4.131 0.0000000000
63586  -60.376  -12.471  4.326 0.0000000000
63590  -58.234  -12.335  3.600 0.0000000000
63591  -58.971  -12.230  3.341 0.0000000000
63592  -59.592  -11.947  3.441 0.0000000000
63593  -60.239  -11.560  3.860 0.0000000000
64341  -44.287  -11.910  10.914 0.0000000000
64342  -45.019  -11.952  10.443 0.0000000000
64361  -45.647  -11.671  9.894 0.0000000000
64362  -46.259  -11.615  9.427 0.0000000000
64373  -46.799  -11.575  8.848 0.0000000000
64374  -47.393  -11.453  8.326 0.0000000000
64382  -48.631  -11.358  7.354 0.0000000000
64383  -49.117  -10.890  7.023 0.0000000000
64386  -56.439  -11.883  7.551 0.0000000000
64387  -57.311  -12.183  7.280 0.0000000000
64391  -50.326  -12.244  6.456 0.0000000000
64392  -51.055  -11.898  6.137 0.0000000000
64393  -55.757  -11.334  6.872 0.0000000000
64394  -56.732  -11.539  6.718 0.0000000000
64395  -57.698  -11.631  6.488 0.0000000000
64396  -58.699  -11.654  6.296 0.0000000000
64397  -59.647  -11.859  6.242 0.0000000000
64398  -60.265  -11.967  6.057 0.0000000000
64401  -51.693  -11.656  5.814 0.0000000000
64402  -52.404  -11.475  5.520 0.0000000000
64403  -53.287  -11.206  5.213 0.0000000000
64404  -54.001  -12.102  5.463 0.0000000000
64405  -54.801  -11.904  5.231 0.0000000000
64406  -60.229  -11.089  5.657 0.0000000000
64407  -60.449  -11.759  5.509 0.0000000000
64412  -54.829  -11.100  4.807 0.0000000000
64413  -56.573  -11.608  4.515 0.0000000000
64414  -60.580  -11.617  4.757 0.0000000000
64419  -58.645  -11.660  3.541 0.0000000000
64420  -59.273  -11.413  3.415 0.0000000000
64421  -59.897  -11.058  3.470 0.0000000000
64422  -60.249  -10.579  3.790 0.0000000000
65174  -44.518  -11.251  10.533 0.0000000000
65175  -45.177  -11.036  10.161 0.0000000000
65192  -44.557  -10.531  10.227 0.0000000000
65193  -45.834  -10.789  9.591 0.0000000000
65194  -46.471  -10.937  9.182 0.0000000000
65211  -46.973  -10.643  8.658 0.0000000000
65212  -47.591  -10.741  8.171 0.0000000000
65218  -48.000  -10.387  7.743 0.0000000000
65219  -48.493  -10.771  7.445 0.0000000000
65226  -49.755  -10.755  6.554 0.0000000000
65227  -50.455  -11.159  6.272 0.0000000000
65228  -51.167  -11.182  5.881 0.0000000000
65231  -55.823  -10.424  6.252 0.0000000000
65232  -56.410  -10.866  6.334 0.0000000000
65233  -57.250  -10.827  6.089 0.0000000000
65234  -58.340  -10.811  5.897 0.0000000000
65239  -50.914  -10.477  5.712 0.0000000000
65240  -51.744  -10.784  5.434 0.0000000000
65241  -52.515  -10.756  5.132 0.0000000000
65242  -56.704  -10.116  5.848 0.0000000000
65243  -57.914  -9.842  5.670 0.0000000000
65244  -59.429  -10.878  5.823 0.0000000000
65245  -60.129  -10.132  5.464 0.0000000000
65246  -60.544  -10.125  5.010 0.0000000000
65251  -52.171  -10.151  4.844 0.0000000000
65252  -52.963  -10.322  4.697 0.0000000000
65253  -53.929  -10.520  4.634 0.0000000000
65254  -54.842  -10.308  4.412 0.0000000000
65255  -55.685  -10.879  4.565 0.0000000000
65256  -56.636  -10.595  4.266 0.0000000000
65257  -57.721  -11.363  4.019 0.0000000000
65258  -60.458  -9.994  4.301 0.0000000000
65267  -57.636  -10.127  3.796 0.0000000000
65268  -58.612  -10.827  3.590 0.0000000000
65269  -59.410  -10.517  3.433 0.0000000000
65270  -59.949  -10.187  3.514 0.0000000000
65271  -60.219  -9.897  3.780 0.0000000000
65985  -43.851  -10.203  10.289 0.0000000000
65994  -44.390  -9.802  9.777 0.0000000000
65995  -45.697  -9.989  9.369 0.0000000000
65996  -46.310  -10.228  9.101 0.0000000000
66012  -45.080  -9.386  9.231 0.0000000000
66013  -45.971  -9.470  8.911 0.0000000000
66014  -46.721  -9.715  8.577 0.0000000000
66015  -47.431  -10.017  8.211 0.0000000000
66024  -47.167  -9.221  8.038 0.0000000000
66025  -47.843  -9.569  7.637 0.0000000000
66026  -48.626  -10.002  7.237 0.0000000000
66027  -49.375  -10.114  6.663 0.0000000000
66034  -48.972  -9.364  6.658 0.0000000000
66035  -49.560  -9.549  6.290 0.0000000000
66036  -50.112  -10.135  6.134 0.0000000000
66040  -55.097  -10.025  6.246 0.0000000000
66047  -49.947  -9.276  5.787 0.0000000000
66048  -50.649  -9.656  5.470 0.0000000000
66049  -51.422  -9.939  5.142 0.0000000000
66050  -54.920  -9.207  5.860 0.0000000000
66051  -55.946  -9.445  5.733 0.0000000000
66052  -57.104  -9.199  5.556 0.0000000000
66053  -58.878  -9.060  5.510 0.0000000000
66054  -59.788  -9.226  5.376 0.0000000000
66055  -60.288  -9.467  5.148 0.0000000000
66056  -60.402  -9.360  4.770 0.0000000000
66062  -51.081  -9.243  4.794 0.0000000000
66063  -51.830  -9.482  4.533 0.0000000000
66064  -52.584  -9.643  4.375 0.0000000000
66065  -53.371  -9.755  4.264 0.0000000000
66066  -54.889  -9.681  4.034 0.0000000000
66067  -55.633  -10.033  4.175 0.0000000000
66068  -56.442  -9.684  3.855 0.0000000000
66069  -60.297  -9.319  4.108 0.0000000000
66074  -52.938  -9.216  3.899 0.0000000000
66075  -53.660  -9.244  3.768 0.0000000000
66076  -54.459  -9.196  3.667 0.0000000000
66077  -57.138  -9.306  3.622 0.0000000000
66078  -58.025  -9.227  3.468 0.0000000000
66079  -59.525  -9.607  3.472 0.0000000000
66080  -60.002  -9.393  3.687 0.0000000000
66794  -44.072  -9.082  9.210 0.0000000000
66811  -42.911  -8.242  8.693 0.0000000000
66812  -43.641  -8.457  8.641 0.0000000000
66813  -44.609  -8.597  8.594 0.0000000000
66814  -46.349  -8.860  8.278 0.0000000000
66827  -45.611  -8.323  8.054 0.0000000000
66828  -46.918  -8.598  7.727 0.0000000000
66829  -47.556  -8.770  7.455 0.0000000000
66830  -48.305  -9.065  7.133 0.0000000000
66841  -47.896  -8.316  6.856 0.0000000000
66842  -48.608  -8.591  6.491 0.0000000000
66843  -49.315  -8.880  6.139 0.0000000000
66854  -48.910  -8.171  5.837 0.0000000000
66855  -49.644  -8.519  5.482 0.0000000000
66856  -50.372  -8.890  5.166 0.0000000000
66858  -54.645  -8.410  5.603 0.0000000000
66859  -55.580  -8.543  5.493 0.0000000000
66860  -56.617  -8.509  5.399 0.0000000000
66861  -58.637  -8.254  5.355 0.0000000000
66862  -59.507  -8.386  5.244 0.0000000000
66863  -60.108  -8.681  5.036 0.0000000000
66872  -49.981  -8.171  4.786 0.0000000000
66873  -50.730  -8.546  4.455 0.0000000000
66874  -51.490  -8.827  4.214 0.0000000000
66875  -52.228  -9.055  4.033 0.0000000000
66876  -59.901  -8.165  4.601 0.0000000000
66877  -60.222  -8.786  4.545 0.0000000000
66883  -51.078  -8.221  3.787 0.0000000000
66884  -51.852  -8.496  3.602 0.0000000000
66885  -52.603  -8.701  3.522 0.0000000000
66886  -53.899  -8.659  3.250 0.0000000000
66887  -54.857  -8.617  3.248 0.0000000000
66888  -55.688  -8.534  3.255 0.0000000000
66889  -57.348  -8.597  3.348 0.0000000000
66890  -58.338  -8.363  3.279 0.0000000000
66891  -59.640  -8.722  3.653 0.0000000000
66892  -60.073  -8.636  4.012 0.0000000000
66898  -53.089  -8.434  3.038 0.0000000000
66899  -53.655  -8.222  2.655 0.0000000000
66900  -54.443  -8.181  2.700 0.0000000000
66901  -55.381  -8.080  2.789 0.0000000000
67593  -42.787  -7.540  8.171 0.0000000000
67594  -43.309  -7.977  8.207 0.0000000000
67595  -44.005  -8.038  8.082 0.0000000000
67609  -43.460  -7.569  7.656 0.0000000000
67610  -44.332  -7.614  7.464 0.0000000000
67611  -46.294  -7.562  6.971 0.0000000000
67612  -47.104  -8.022  7.151 0.0000000000
67624  -44.662  -7.163  6.796 0.0000000000
67625  -45.584  -7.158  6.615 0.0000000000
67626  -47.550  -7.734  6.537 0.0000000000
67627  -48.193  -7.856  6.229 0.0000000000
67638  -47.577  -7.168  5.872 0.0000000000
67639  -48.458  -7.448  5.503 0.0000000000
67640  -49.241  -7.770  5.153 0.0000000000
67643  -54.377  -7.633  5.365 0.0000000000
67644  -56.250  -7.846  5.178 0.0000000000
67645  -57.320  -7.678  5.142 0.0000000000
67646  -58.380  -7.507  5.148 0.0000000000
67647  -59.239  -7.595  5.095 0.0000000000
67648  -59.720  -7.977  4.956 0.0000000000
67656  -48.773  -7.112  4.750 0.0000000000
67657  -49.538  -7.452  4.394 0.0000000000
67658  -50.331  -7.823  4.085 0.0000000000
67659  -55.119  -6.965  4.920 0.0000000000
67660  -56.878  -7.118  4.878 0.0000000000
67661  -57.917  -6.903  4.908 0.0000000000
67662  -58.903  -6.862  4.839 0.0000000000
67663  -59.386  -7.396  4.643 0.0000000000
67670  -49.879  -7.211  3.615 0.0000000000
67671  -50.660  -7.600  3.357 0.0000000000
67672  -52.280  -8.200  2.976 0.0000000000
67673  -57.675  -7.821  3.044 0.0000000000
67674  -58.572  -7.507  3.279 0.0000000000
67675  -59.192  -7.222  3.709 0.0000000000
67676  -59.709  -7.784  3.993 0.0000000000
67683  -50.959  -7.331  1.991 0.0000000000
67684  -51.795  -7.727  2.306 0.0000000000
67685  -52.915  -7.988  2.253 0.0000000000
67686  -53.994  -7.794  2.012 0.0000000000
67687  -54.982  -7.653  2.189 0.0000000000
67688  -55.929  -7.467  2.343 0.0000000000
67689  -56.932  -7.056  2.455 0.0000000000
67690  -57.977  -6.925  2.878 0.0000000000
67691  -58.725  -6.772  3.473 0.0000000000
67696  -50.902  -7.202  1.020 0.0000000000
67697  -51.643  -7.454  1.380 0.0000000000
67698  -52.449  -7.629  1.518 0.0000000000
67699  -53.314  -7.619  1.425 0.0000000000
67700  -55.552  -7.099  1.693 0.0000000000
67701  -51.622  -7.345  0.424 0.0000000000
67702  -52.894  -7.450  0.747 0.0000000000
67703  -53.688  -7.309  0.661 0.0000000000
67704  -54.443  -7.064  0.733 0.0000000000
68382  -42.570  -6.756  7.909 0.0000000000
68383  -43.007  -7.021  7.321 0.0000000000
68384  -43.725  -7.118  6.963 0.0000000000
68397  -42.760  -6.279  7.182 0.0000000000
68398  -43.274  -6.476  6.554 0.0000000000
68399  -44.054  -6.704  6.277 0.0000000000
68400  -44.961  -6.694  6.139 0.0000000000
68401  -45.835  -6.738  6.000 0.0000000000
68414  -43.637  -6.268  5.921 0.0000000000
68415  -44.308  -6.302  5.535 0.0000000000
68416  -45.278  -6.369  5.476 0.0000000000
68417  -46.135  -6.415  5.355 0.0000000000
68418  -47.086  -6.437  5.140 0.0000000000
68419  -48.023  -6.768  5.071 0.0000000000
68422  -54.025  -6.888  5.103 0.0000000000
68428  -45.581  -6.093  4.919 0.0000000000
68429  -46.283  -6.037  4.642 0.0000000000
68430  -47.685  -6.299  4.445 0.0000000000
68431  -48.351  -6.606  4.413 0.0000000000
68432  -49.027  -6.752  3.920 0.0000000000
68433  -53.710  -6.239  4.917 0.0000000000
68434  -54.539  -6.220  4.698 0.0000000000
68435  -55.622  -6.063  4.539 0.0000000000
68436  -57.416  -6.302  4.667 0.0000000000
68437  -58.400  -6.099  4.476 0.0000000000
68438  -58.964  -6.587  4.387 0.0000000000
68439  -59.318  -7.028  4.183 0.0000000000
68443  -48.213  -6.236  3.797 0.0000000000
68444  -48.811  -6.300  3.130 0.0000000000
68445  -49.508  -6.699  3.171 0.0000000000
68446  -58.989  -6.506  3.915 0.0000000000
68451  -48.802  -6.081  1.597 0.0000000000
68452  -50.264  -7.041  2.725 0.0000000000
68453  -56.367  -6.751  1.982 0.0000000000
68454  -56.884  -5.872  1.928 0.0000000000
68455  -57.591  -6.068  2.550 0.0000000000
68456  -58.413  -5.933  3.463 0.0000000000
68458  -48.844  -6.187  0.596 0.0000000000
68459  -49.519  -6.458  1.176 0.0000000000
68460  -50.239  -6.847  1.674 0.0000000000
68461  -55.217  -6.735  0.977 0.0000000000
68462  -56.052  -6.339  1.308 0.0000000000
68463  -48.813  -6.320  -0.238 0.0000000000
68464  -49.440  -6.525  0.140 0.0000000000
68465  -50.833  -7.174  -0.070 0.0000000000
68466  -52.449  -7.301  0.027 0.0000000000
68467  -53.329  -7.120  -0.106 0.0000000000
68468  -54.145  -6.791  -0.054 0.0000000000
68469  -54.873  -6.393  0.194 0.0000000000
68470  -55.624  -5.936  0.540 0.0000000000
68471  -48.215  -6.055  -1.646 0.0000000000
68472  -48.332  -6.289  -0.952 0.0000000000
68473  -49.209  -6.574  -0.785 0.0000000000
68474  -50.762  -6.929  -1.137 0.0000000000
68475  -51.806  -7.086  -0.830 0.0000000000
68476  -52.920  -6.826  -0.970 0.0000000000
68477  -53.812  -6.457  -0.923 0.0000000000
68478  -54.554  -6.026  -0.674 0.0000000000
68479  -50.710  -6.506  -2.086 0.0000000000
68480  -51.639  -6.529  -1.933 0.0000000000
68481  -52.588  -6.417  -1.879 0.0000000000
68482  -53.462  -6.059  -1.811 0.0000000000
68483  -49.838  -6.335  -2.233 0.0000000000
68484  -51.170  -5.365  -3.378 0.0000000000
68485  -51.641  -5.796  -2.837 0.0000000000
68486  -52.356  -5.903  -2.533 0.0000000000
69213  -42.533  -5.275  7.354 0.0000000000
69223  -42.833  -5.738  6.529 0.0000000000
69224  -43.196  -5.963  6.003 0.0000000000
69235  -42.926  -5.368  5.813 0.0000000000
69236  -43.497  -5.866  5.354 0.0000000000
69237  -44.082  -5.940  4.909 0.0000000000
69238  -44.820  -5.991  4.901 0.0000000000
69241  -53.101  -5.766  4.966 0.0000000000
69247  -43.587  -5.587  4.564 0.0000000000
69248  -44.306  -5.749  4.293 0.0000000000
69249  -45.358  -5.739  4.188 0.0000000000
69250  -46.441  -5.654  3.796 0.0000000000
69251  -47.396  -5.845  3.778 0.0000000000
69252  -53.298  -4.955  4.583 0.0000000000
69253  -53.954  -5.556  4.575 0.0000000000
69254  -55.042  -5.383  4.350 0.0000000000
69255  -56.280  -5.188  4.286 0.0000000000
69256  -57.415  -5.063  4.245 0.0000000000
69257  -58.136  -5.286  4.166 0.0000000000
69258  -58.542  -5.865  4.107 0.0000000000
69261  -43.694  -5.452  3.732 0.0000000000
69262  -44.506  -5.557  3.484 0.0000000000
69263  -45.533  -5.475  3.148 0.0000000000
69264  -47.942  -5.770  2.964 0.0000000000
69265  -57.726  -4.643  3.937 0.0000000000
69266  -58.111  -5.116  3.853 0.0000000000
69267  -44.338  -5.415  2.129 0.0000000000
69268  -45.152  -5.408  2.150 0.0000000000
69269  -46.242  -5.413  2.390 0.0000000000
69270  -47.240  -5.480  2.254 0.0000000000
69271  -48.074  -5.674  1.948 0.0000000000
69272  -57.207  -4.777  2.178 0.0000000000
69273  -57.821  -5.051  3.060 0.0000000000
69274  -43.836  -5.292  1.759 0.0000000000
69275  -44.498  -5.386  1.227 0.0000000000
69276  -45.713  -5.443  1.168 0.0000000000
69277  -46.657  -5.437  1.570 0.0000000000
69278  -47.410  -5.544  1.273 0.0000000000
69279  -48.181  -5.780  0.942 0.0000000000
69280  -56.406  -5.276  1.106 0.0000000000
69281  -43.852  -5.212  1.016 0.0000000000
69282  -44.207  -5.199  0.350 0.0000000000
69283  -44.996  -5.402  0.223 0.0000000000
69284  -46.655  -5.525  0.622 0.0000000000
69285  -47.482  -5.708  0.259 0.0000000000
69286  -48.204  -6.037  -0.042 0.0000000000
69287  -55.178  -5.580  -0.220 0.0000000000
69288  -55.787  -5.140  0.227 0.0000000000
69289  -56.155  -4.492  0.594 0.0000000000
69290  -44.640  -5.107  -0.423 0.0000000000
69291  -45.347  -5.348  -0.653 0.0000000000
69292  -46.130  -5.572  -0.923 0.0000000000
69293  -46.959  -5.735  -1.147 0.0000000000
69294  -54.099  -5.615  -1.453 0.0000000000
69295  -54.719  -5.251  -0.942 0.0000000000
69296  -45.674  -5.242  -1.262 0.0000000000
69297  -46.455  -5.433  -1.480 0.0000000000
69298  -47.388  -5.681  -1.711 0.0000000000
69299  -48.139  -5.788  -2.114 0.0000000000
69300  -49.001  -5.984  -2.344 0.0000000000
69301  -53.004  -5.513  -2.413 0.0000000000
69302  -53.599  -5.224  -2.050 0.0000000000
69303  -54.162  -5.012  -1.568 0.0000000000
69304  -46.790  -5.249  -2.080 0.0000000000
69305  -47.719  -5.393  -2.387 0.0000000000
69306  -48.630  -5.493  -2.754 0.0000000000
69307  -50.165  -5.694  -3.115 0.0000000000
69308  -51.881  -5.044  -3.322 0.0000000000
69309  -52.470  -5.199  -2.905 0.0000000000
69310  -49.360  -5.030  -3.591 0.0000000000
69311  -50.195  -5.084  -3.722 0.0000000000
69312  -50.811  -5.091  -3.701 0.0000000000
69313  -51.263  -4.878  -3.624 0.0000000000
70037  -42.460  -4.382  7.199 0.0000000000
70041  -42.654  -4.822  6.527 0.0000000000
70046  -42.707  -4.362  5.667 0.0000000000
70047  -43.032  -5.191  5.005 0.0000000000
70050  -42.804  -4.437  4.662 0.0000000000
70051  -43.163  -5.099  4.152 0.0000000000
70053  -53.495  -4.176  4.264 0.0000000000
70054  -54.373  -4.575  4.133 0.0000000000
70055  -55.770  -4.506  3.958 0.0000000000
70056  -57.015  -4.417  4.012 0.0000000000
70058  -42.897  -4.519  3.899 0.0000000000
70059  -43.185  -4.959  3.196 0.0000000000
70060  -54.129  -3.493  3.692 0.0000000000
70061  -55.285  -3.653  3.555 0.0000000000
70062  -56.570  -3.745  3.564 0.0000000000
70063  -57.285  -4.015  3.580 0.0000000000
70064  -43.412  -4.986  2.149 0.0000000000
70065  -57.179  -3.723  2.383 0.0000000000
70066  -57.604  -4.462  3.505 0.0000000000
70067  -43.570  -5.016  1.358 0.0000000000
70068  -56.717  -4.132  1.453 0.0000000000
70069  -43.690  -4.804  0.574 0.0000000000
70070  -44.125  -4.861  -0.153 0.0000000000
70073  -55.146  -3.963  -0.237 0.0000000000
70074  -55.348  -4.787  -0.335 0.0000000000
70075  -56.251  -3.506  0.922 0.0000000000
70076  -43.878  -4.395  -0.168 0.0000000000
70077  -44.467  -4.590  -0.735 0.0000000000
70078  -45.015  -4.967  -1.058 0.0000000000
70081  -51.919  -4.459  -1.593 0.0000000000
70082  -52.841  -4.608  -1.699 0.0000000000
70083  -53.683  -4.687  -1.499 0.0000000000
70084  -54.703  -4.677  -0.869 0.0000000000
70085  -44.893  -4.337  -1.349 0.0000000000
70086  -45.383  -4.796  -1.486 0.0000000000
70087  -45.970  -4.994  -1.774 0.0000000000
70089  -51.181  -4.439  -2.952 0.0000000000
70090  -52.356  -4.790  -2.603 0.0000000000
70091  -53.052  -4.960  -2.412 0.0000000000
70092  -45.505  -4.284  -2.004 0.0000000000
70093  -46.355  -4.547  -2.404 0.0000000000
70094  -47.316  -4.789  -2.783 0.0000000000
70095  -48.350  -4.951  -3.221 0.0000000000
70096  -50.541  -3.934  -3.355 0.0000000000
70097  -50.906  -4.573  -3.653 0.0000000000
70098  -51.718  -4.881  -3.270 0.0000000000
70099  -52.324  -5.027  -3.006 0.0000000000
70100  -46.922  -4.027  -3.211 0.0000000000
70101  -48.034  -4.280  -3.723 0.0000000000
70102  -49.226  -4.419  -4.156 0.0000000000
70103  -50.167  -4.431  -4.183 0.0000000000
70104  -50.699  -4.591  -3.859 0.0000000000
70105  -49.966  -3.792  -4.676 0.0000000000
70878  -42.495  -3.801  6.652 0.0000000000
70882  -42.626  -3.522  5.124 0.0000000000
70886  -42.704  -3.711  4.229 0.0000000000
70888  -53.256  -3.322  4.115 0.0000000000
70889  -42.815  -4.009  3.379 0.0000000000
70890  -55.023  -2.510  3.073 0.0000000000
70891  -56.207  -2.908  3.117 0.0000000000
70892  -56.965  -3.227  3.153 0.0000000000
70893  -57.303  -3.711  3.104 0.0000000000
70894  -42.754  -3.271  2.842 0.0000000000
70895  -43.011  -4.262  2.485 0.0000000000
70899  -56.493  -2.542  2.604 0.0000000000
70900  -56.886  -3.018  2.588 0.0000000000
70901  -42.919  -3.467  1.990 0.0000000000
70902  -43.254  -4.364  1.432 0.0000000000
70908  -55.359  -1.875  0.988 0.0000000000
70909  -43.417  -4.019  0.512 0.0000000000
70914  -52.471  -3.759  0.056 0.0000000000
70915  -53.903  -3.196  0.228 0.0000000000
70916  -54.824  -3.043  0.282 0.0000000000
70917  -55.619  -3.118  0.539 0.0000000000
70920  -43.694  -3.686  -0.140 0.0000000000
70921  -44.150  -4.048  -0.682 0.0000000000
70924  -52.199  -4.223  -0.648 0.0000000000
70925  -53.237  -4.070  -0.529 0.0000000000
70926  -54.256  -4.084  -0.565 0.0000000000
70927  -44.447  -3.639  -1.144 0.0000000000
70930  -45.989  -3.688  -2.714 0.0000000000
70932  -46.632  -3.219  -3.585 0.0000000000
70933  -47.655  -3.523  -4.140 0.0000000000
70934  -49.004  -3.670  -4.716 0.0000000000
70935  -50.486  -3.988  -4.307 0.0000000000
70936  -48.392  -2.986  -4.927 0.0000000000
70937  -49.746  -3.258  -5.009 0.0000000000
71706  -42.349  -2.874  6.542 0.0000000000
71709  -42.457  -2.548  5.633 0.0000000000
71712  -42.573  -2.773  4.606 0.0000000000
71717  -42.574  -2.240  3.193 0.0000000000
71722  -53.912  -2.181  3.326 0.0000000000
71723  -55.299  -1.296  2.340 0.0000000000
71724  -55.952  -2.150  2.631 0.0000000000
71725  -42.723  -2.611  2.331 0.0000000000
71731  -55.301  -0.967  1.874 0.0000000000
71732  -56.042  -1.735  2.150 0.0000000000
71733  -56.485  -2.275  2.042 0.0000000000
71734  -43.092  -3.403  1.197 0.0000000000
71740  -53.937  -1.068  1.032 0.0000000000
71741  -54.641  -0.902  1.242 0.0000000000
71742  -55.878  -1.590  1.677 0.0000000000
71744  -43.340  -3.097  0.524 0.0000000000
71747  -53.470  -2.391  0.722 0.0000000000
71748  -54.409  -2.006  0.735 0.0000000000
71753  -43.679  -2.860  -0.117 0.0000000000
71754  -44.119  -2.789  -0.733 0.0000000000
71757  -44.592  -2.749  -1.418 0.0000000000
71758  -45.090  -2.580  -2.066 0.0000000000
71761  -45.502  -3.057  -2.555 0.0000000000
71762  -46.027  -2.943  -3.144 0.0000000000
71764  -50.183  -3.304  -3.998 0.0000000000
71765  -45.844  -2.346  -3.094 0.0000000000
71766  -46.458  -2.335  -3.827 0.0000000000
71767  -47.304  -2.738  -4.417 0.0000000000
71769  -49.993  -3.213  -4.786 0.0000000000
72556  -42.233  -1.612  5.833 0.0000000000
72567  -42.496  -1.386  3.126 0.0000000000
72574  -54.364  -0.571  2.554 0.0000000000
72576  -42.615  -1.758  2.431 0.0000000000
72582  -54.149  0.435  2.098 0.0000000000
72583  -54.687  -0.206  1.975 0.0000000000
72585  -42.828  -1.432  1.568 0.0000000000
72586  -42.991  -2.493  1.230 0.0000000000
72591  -54.143  -0.075  1.479 0.0000000000
72592  -54.675  -0.318  1.701 0.0000000000
72595  -43.188  -1.054  0.890 0.0000000000
72596  -43.308  -2.041  0.594 0.0000000000
72603  -43.792  -2.010  -0.165 0.0000000000
72604  -44.317  -1.894  -0.809 0.0000000000
72610  -44.825  -1.813  -1.527 0.0000000000
72611  -45.302  -1.731  -2.189 0.0000000000
73363  -42.328  -0.844  4.474 0.0000000000
73370  -42.408  -0.729  3.572 0.0000000000
73378  -54.197  0.386  1.872 0.0000000000
73381  -42.701  -0.406  1.757 0.0000000000
73388  -43.045  -0.177  1.098 0.0000000000
73389  -43.535  -0.544  0.454 0.0000000000
73395  -43.972  -1.103  -0.165 0.0000000000
73396  -44.546  -0.794  -0.846 0.0000000000
73400  -45.148  -0.907  -1.645 0.0000000000
112893  -50.339  -42.046  8.807 0.0000000000
112952  -45.213  -35.612  9.980 0.0000000000
113020  -46.489  -27.934  4.723 0.0000000000
113172  -42.544  -3.394  5.936 0.0000000000
113449  -47.117  -35.401  10.321 0.0000000000
113497  -49.900  -35.405  1.696 0.0000000000
113583  -45.142  -10.234  9.757 0.0000000000
113586  -52.279  -35.797  2.373 0.0000000000
113588  -50.172  -6.836  0.584 0.0000000000
113692  -42.438  -1.752  4.852 0.0000000000
113753  -50.625  -37.396  0.374 0.0000000000
113756  -48.861  -33.879  1.024 0.0000000000
113883  -43.749  -36.950  8.711 0.0000000000
113926  -59.135  -12.775  3.357 0.0000000000
113969  -55.481  -34.509  5.198 0.0000000000
113991  -51.519  -39.482  1.289 0.0000000000
114058  -46.507  -34.059  4.705 0.0000000000
114147  -43.821  -37.943  14.430 0.0000000000
114257  -42.488  -1.507  3.890 0.0000000000
114274  -42.773  -34.529  9.185 0.0000000000
114279  -49.595  -33.056  5.639 0.0000000000
114316  -40.742  -44.473  11.752 0.0000000000
114338  -50.995  -7.540  2.719 0.0000000000
114388  -45.260  -18.013  9.371 0.0000000000
114415  -41.942  -36.488  6.996 0.0000000000
114423  -55.193  -1.015  1.539 0.0000000000
114441  -46.529  -18.997  5.539 0.0000000000
114453  -43.951  -52.961  3.694 0.0000000000
114465  -45.223  -35.290  11.122 0.0000000000
114521  -53.787  -40.445  6.278 0.0000000000
114535  -50.473  -37.947  3.260 0.0000000000
114596  -40.373  -42.090  11.134 0.0000000000
114650  -44.953  -35.459  6.213 0.0000000000
114652  -50.749  -28.134  2.934 0.0000000000
114804  -55.618  -11.769  4.884 0.0000000000
114854  -42.752  -35.751  10.942 0.0000000000
114864  -46.578  -18.127  5.676 0.0000000000
114892  -45.844  -42.731  14.573 0.0000000000
115022  -49.361  -15.079  3.577 0.0000000000
115042  -60.540  -10.916  5.133 0.0000000000
115056  -56.773  -36.289  7.096 0.0000000000
115140  -46.480  -32.813  2.551 0.0000000000
115251  -49.316  -35.925  0.248 0.0000000000
115263  -49.008  -6.407  -1.560 0.0000000000
115282  -57.395  -19.749  4.372 0.0000000000
115299  -56.441  -18.133  4.303 0.0000000000
115318  -56.394  -8.876  3.478 0.0000000000
115335  -44.678  -48.742  6.477 0.0000000000
115391  -56.557  -36.242  7.719 0.0000000000
115402  -48.704  -39.591  1.455 0.0000000000
115498  -51.733  -18.749  4.717 0.0000000000
115585  -49.499  -38.803  10.627 0.0000000000
115615  -55.219  -19.386  4.421 0.0000000000
115616  -53.625  -19.225  4.496 0.0000000000
115639  -48.680  -32.714  2.434 0.0000000000
115652  -45.488  -48.724  5.772 0.0000000000
115661  -55.900  -34.258  8.153 0.0000000000
115738  -50.022  -6.848  -0.456 0.0000000000
115781  -46.589  -33.035  3.635 0.0000000000
115834  -45.398  -7.688  7.387 0.0000000000
115904  -44.293  -42.641  9.070 0.0000000000
115948  -47.365  -18.560  4.614 0.0000000000
116039  -57.025  -21.501  5.485 0.0000000000
116056  -46.624  -30.923  5.101 0.0000000000
116081  -54.185  -38.887  10.099 0.0000000000
116127  -45.887  -5.549  -0.052 0.0000000000
116186  -49.859  -6.692  -1.383 0.0000000000
116268  -59.143  -9.953  5.642 0.0000000000
116325  -41.589  -43.914  8.276 0.0000000000
116332  -48.087  -40.035  12.555 0.0000000000
116335  -39.490  -36.572  12.296 0.0000000000
116407  -42.769  -2.207  1.848 0.0000000000
116467  -42.953  -38.287  14.243 0.0000000000
116474  -46.970  -5.505  3.098 0.0000000000
116491  -58.990  -8.961  3.348 0.0000000000
116528  -44.281  -42.098  9.713 0.0000000000
116572  -50.717  -18.865  4.829 0.0000000000
116716  -48.384  -34.044  0.323 0.0000000000
116812  -49.420  -34.248  3.728 0.0000000000
116896  -60.190  -17.675  4.803 0.0000000000
116919  -44.644  -5.457  2.741 0.0000000000
117021  -59.212  -21.300  4.882 0.0000000000
117027  -43.178  -41.341  14.147 0.0000000000
117082  -51.442  -7.916  3.136 0.0000000000
117085  -41.243  -35.854  8.025 0.0000000000
117107  -46.760  -5.659  -0.404 0.0000000000
117120  -60.443  -16.618  5.228 0.0000000000
117177  -49.260  -30.596  1.987 0.0000000000
117188  -51.224  -34.353  4.979 0.0000000000
117276  -57.600  -20.998  4.418 0.0000000000
117297  -53.225  -8.850  3.498 0.0000000000
117302  -41.808  -34.768  9.360 0.0000000000
117310  -48.850  -35.593  8.279 0.0000000000
117321  -48.732  -37.954  3.964 0.0000000000
117354  -40.124  -49.169  10.478 0.0000000000
117414  -46.547  -30.458  3.175 0.0000000000
117442  -44.379  -53.951  9.469 0.0000000000
117591  -55.188  -33.714  5.439 0.0000000000
117750  -56.174  -2.444  1.310 0.0000000000
117772  -49.881  -38.771  10.186 0.0000000000
117773  -49.971  -40.168  9.741 0.0000000000
117774  -49.290  -40.937  10.838 0.0000000000
117775  -49.294  -41.885  10.932 0.0000000000
117937  -55.925  -33.017  8.194 0.0000000000
117975  -54.179  -9.759  4.147 0.0000000000
117986  -45.476  -2.315  -2.569 0.0000000000
118008  -48.652  -32.564  1.440 0.0000000000
118068  -42.409  -51.201  8.562 0.0000000000
118073  -46.002  -28.407  5.862 0.0000000000
118144  -46.755  -43.974  13.792 0.0000000000
118160  -46.783  -33.569  1.168 0.0000000000
118182  -42.649  -3.023  3.716 0.0000000000
118201  -55.979  -15.889  3.475 0.0000000000
118214  -49.484  -19.739  5.003 0.0000000000
118240  -49.708  -12.978  6.558 0.0000000000
118320  -48.498  -35.566  0.170 0.0000000000
118330  -45.772  -51.882  3.626 0.0000000000
118386  -51.154  -47.628  7.250 0.0000000000
118435  -56.418  -16.345  7.106 0.0000000000
118452  -51.382  -49.192  8.068 0.0000000000
118513  -51.545  -24.783  2.851 0.0000000000
118556  -44.890  -40.227  14.625 0.0000000000
118569  -54.158  -14.578  3.912 0.0000000000
118596  -40.400  -40.985  12.464 0.0000000000
118610  -44.808  -33.139  9.143 0.0000000000
118638  -49.842  -48.891  13.737 0.0000000000
118640  -49.938  -55.835  7.407 0.0000000000
118690  -43.425  -47.423  5.120 0.0000000000
118737  -50.462  -45.861  8.557 0.0000000000
118742  -48.567  -36.589  5.830 0.0000000000
118791  -42.038  -40.710  11.558 0.0000000000
118813  -53.578  -37.231  1.682 0.0000000000
118849  -47.202  -52.739  3.545 0.0000000000
118857  -44.087  -32.304  10.511 0.0000000000
118858  -43.961  -34.479  8.392 0.0000000000
118961  -53.839  -42.430  6.127 0.0000000000
118965  -39.984  -42.702  10.625 0.0000000000
118982  -57.755  -5.604  4.447 0.0000000000
119001  -39.463  -34.527  10.039 0.0000000000
119026  -49.366  -29.149  7.129 0.0000000000
119070  -40.294  -50.302  14.550 0.0000000000
119111  -48.293  -48.308  12.577 0.0000000000
119143  -46.298  -8.164  7.606 0.0000000000
119229  -51.955  -50.434  10.006 0.0000000000
119317  -48.206  -21.046  5.200 0.0000000000
119321  -45.814  -30.215  8.913 0.0000000000
119385  -52.629  -50.378  9.968 0.0000000000
119397  -47.189  -53.521  6.276 0.0000000000
119472  -45.099  -43.192  14.774 0.0000000000
119579  -53.902  -35.509  3.733 0.0000000000
119592  -46.670  -6.828  5.916 0.0000000000
119636  -43.809  -47.749  7.479 0.0000000000
119688  -55.335  -39.910  5.101 0.0000000000
119719  -43.566  -1.350  0.336 0.0000000000
119773  -48.629  -6.043  2.424 0.0000000000
119800  -49.767  -18.943  4.825 0.0000000000
119815  -53.570  -24.558  5.180 0.0000000000
119823  -46.935  -7.383  6.500 0.0000000000
119916  -42.055  -33.613  10.693 0.0000000000
120039  -51.838  -21.164  4.392 0.0000000000
120052  -44.000  -0.004  -0.076 0.0000000000
120077  -43.220  -8.829  9.235 0.0000000000
120105  -46.468  -32.135  2.225 0.0000000000
120183  -50.070  -36.537  0.405 0.0000000000
120251  -56.163  -19.516  6.154 0.0000000000
120359  -55.668  -13.136  4.760 0.0000000000
120388  -46.510  -16.694  4.992 0.0000000000
120468  -52.347  -46.074  8.297 0.0000000000
120496  -51.175  -37.300  3.942 0.0000000000
120525  -50.410  -22.215  4.505 0.0000000000
120602  -46.790  -21.927  5.387 0.0000000000
120774  -51.103  -14.713  5.100 0.0000000000
120785  -57.906  -13.785  3.371 0.0000000000
120848  -47.837  -43.301  13.017 0.0000000000
120883  -54.713  -42.514  6.266 0.0000000000
120899  -54.986  -20.313  4.310 0.0000000000
120983  -48.524  -33.719  0.520 0.0000000000
120998  -56.301  -37.268  5.325 0.0000000000
121039  -54.759  -36.243  9.261 0.0000000000
121173  -48.986  -48.151  10.868 0.0000000000
121191  -55.437  -9.223  3.668 0.0000000000
121237  -51.664  -49.952  8.617 0.0000000000
121285  -49.122  -20.606  5.133 0.0000000000
121401  -50.715  -40.814  8.542 0.0000000000
121449  -52.210  -25.292  2.500 0.0000000000
121474  -49.712  -11.496  6.680 0.0000000000
121484  -49.252  -46.424  10.998 0.0000000000
121527  -45.483  -8.826  8.594 0.0000000000
121546  -44.070  -49.432  4.451 0.0000000000
121613  -60.727  -15.164  5.898 0.0000000000
121630  -39.018  -36.682  10.781 0.0000000000
121699  -45.026  -3.531  -1.867 0.0000000000
121751  -57.664  -8.332  5.354 0.0000000000
121760  -45.294  -38.173  6.455 0.0000000000
121777  -50.258  -14.724  4.646 0.0000000000
121795  -56.354  -38.751  5.831 0.0000000000
121859  -41.479  -37.417  9.218 0.0000000000
121893  -46.026  -45.845  13.423 0.0000000000
121961  -46.528  -43.035  14.183 0.0000000000
121981  -54.200  -33.751  5.387 0.0000000000
122038  -49.802  -24.001  3.978 0.0000000000
122083  -46.659  -32.416  4.397 0.0000000000
122088  -56.087  -35.201  5.300 0.0000000000
122096  -44.395  -43.938  14.839 0.0000000000
122227  -39.190  -45.205  14.130 0.0000000000
122260  -44.768  -45.165  6.284 0.0000000000
122411  -44.754  -50.750  4.053 0.0000000000
122444  -50.211  -46.330  9.372 0.0000000000
122476  -47.554  -5.911  -0.671 0.0000000000
122800  -48.930  -13.476  6.433 0.0000000000
122819  -53.188  -14.794  3.963 0.0000000000
122874  -45.566  -15.892  7.224 0.0000000000
122876  -56.578  -14.899  3.383 0.0000000000
122990  -55.771  -38.634  9.231 0.0000000000
123104  -48.487  -29.331  2.481 0.0000000000
123152  -48.030  -11.288  7.767 0.0000000000
123255  -40.398  -43.418  9.502 0.0000000000
123256  -44.011  -3.449  -0.601 0.0000000000
123261  -51.302  -43.266  6.954 0.0000000000
123367  -54.941  -39.432  3.632 0.0000000000
123423  -44.462  -40.897  14.613 0.0000000000
123477  -46.724  -24.105  5.364 0.0000000000
123515  -43.420  -35.404  11.832 0.0000000000
123540  -53.042  -42.445  6.298 0.0000000000
123592  -43.346  -46.295  15.321 0.0000000000
123644  -46.795  -16.875  4.568 0.0000000000
123679  -41.482  -51.498  10.134 0.0000000000
123745  -45.430  -32.622  8.748 0.0000000000
123748  -46.351  -29.988  7.345 0.0000000000
123781  -52.023  -17.838  4.623 0.0000000000
123797  -40.151  -39.786  13.458 0.0000000000
123882  -42.230  -38.481  7.626 0.0000000000
123943  -50.371  -35.847  1.061 0.0000000000
123947  -48.253  -13.678  6.108 0.0000000000
123968  -46.681  -19.099  5.124 0.0000000000
124045  -44.298  -35.351  12.180 0.0000000000
124060  -46.635  -33.322  4.641 0.0000000000
124130  -37.321  -37.907  12.558 0.0000000000
124304  -51.010  -27.533  2.887 0.0000000000
124354  -56.545  -7.983  2.951 0.0000000000
124414  -42.174  -6.197  8.463 0.0000000000
124451  -45.750  -31.777  8.751 0.0000000000
124560  -47.582  -40.121  13.179 0.0000000000
124693  -43.821  -40.676  14.402 0.0000000000
124818  -56.450  -17.160  4.012 0.0000000000
124822  -47.490  -44.125  13.237 0.0000000000
124846  -45.648  -13.467  4.956 0.0000000000
124911  -49.593  -43.548  10.614 0.0000000000
124986  -46.648  -30.920  6.210 0.0000000000
125010  -40.831  -36.580  13.387 0.0000000000
125034  -56.312  -22.803  4.384 0.0000000000
125094  -58.321  -14.940  3.613 0.0000000000
125096  -52.054  -45.725  5.746 0.0000000000
125197  -45.353  -45.467  13.929 0.0000000000
125202  -43.973  -48.927  7.085 0.0000000000
125205  -40.436  -49.803  10.341 0.0000000000
125278  -46.888  -51.872  3.554 0.0000000000
125327  -46.284  -35.482  9.778 0.0000000000
125336  -54.710  -7.337  1.488 0.0000000000
125351  -42.391  -52.445  9.805 0.0000000000
125387  -43.644  -51.072  7.423 0.0000000000
125421  -49.175  -43.737  11.466 0.0000000000
125463  -49.514  -48.921  11.462 0.0000000000
125471  -46.629  -17.618  4.915 0.0000000000
125475  -46.140  -23.102  5.550 0.0000000000
125494  -53.042  -13.655  5.646 0.0000000000
125544  -48.747  -25.300  4.184 0.0000000000
125564  -56.864  -34.840  5.891 0.0000000000
125594  -52.569  -46.533  6.134 0.0000000000
125602  -48.666  -43.957  12.128 0.0000000000
125605  -48.134  -44.092  12.688 0.0000000000
125614  -47.740  -35.573  0.437 0.0000000000
125655  -58.616  -13.572  3.403 0.0000000000
125721  -51.530  -46.582  6.487 0.0000000000
125802  -55.292  -7.792  5.272 0.0000000000
125820  -56.793  -5.786  4.506 0.0000000000
125826  -44.944  0.023  -1.196 0.0000000000
125828  -44.500  0.210  -0.629 0.0000000000
125867  -45.299  -41.024  14.643 0.0000000000
125897  -46.280  -48.453  4.939 0.0000000000
126089  -41.778  -43.499  14.682 0.0000000000
126092  -47.893  -36.519  0.482 0.0000000000
126156  -45.831  -13.065  9.434 0.0000000000
126170  -60.534  -10.769  4.459 0.0000000000
126331  -47.005  -5.994  4.392 0.0000000000
126425  -51.445  -36.458  7.062 0.0000000000
126464  -49.442  -5.518  -3.119 0.0000000000
126554  -57.435  -18.605  4.349 0.0000000000
126775  -47.087  -40.212  13.673 0.0000000000
126816  -50.771  -43.845  7.615 0.0000000000
126859  -59.155  -8.070  3.470 0.0000000000
126876  -49.637  -48.550  10.120 0.0000000000
127049  -52.201  -7.459  0.850 0.0000000000
127052  -40.023  -37.305  9.705 0.0000000000
127083  -52.666  -35.045  4.028 0.0000000000
127144  -49.578  -28.504  2.840 0.0000000000
127165  -46.104  -27.903  5.307 0.0000000000
127207  -49.514  -22.111  4.924 0.0000000000
127237  -55.994  -15.371  3.387 0.0000000000
127311  -53.044  -17.439  4.434 0.0000000000
127326  -52.172  -17.020  4.422 0.0000000000
127464  -52.634  -20.929  4.300 0.0000000000
127563  -50.783  -14.820  4.112 0.0000000000
127571  -41.539  -53.818  3.628 0.0000000000
127744  -56.267  -6.620  4.704 0.0000000000
128127  -38.894  -48.665  12.558 0.0000000000
128242  -56.747  -3.054  1.792 0.0000000000
128275  -42.945  -36.127  13.721 0.0000000000
128305  -45.823  -28.667  7.473 0.0000000000
128322  -45.965  -38.295  2.087 0.0000000000
128344  -44.062  -10.802  10.566 0.0000000000
128378  -50.050  -39.413  9.868 0.0000000000
128411  -48.556  -38.692  0.634 0.0000000000
128454  -46.577  -31.484  4.172 0.0000000000
128459  -46.438  -38.735  1.763 0.0000000000
128522  -48.503  -39.980  11.979 0.0000000000
128567  -49.043  -31.020  1.705 0.0000000000
128635  -53.028  -39.244  1.424 0.0000000000
128636  -39.761  -39.154  13.702 0.0000000000
128881  -38.459  -47.362  13.154 0.0000000000
128889  -46.705  -31.670  1.611 0.0000000000
128989  -57.626  -15.014  3.478 0.0000000000
128990  -58.734  -9.883  3.473 0.0000000000
128999  -47.917  -26.450  4.287 0.0000000000
129014  -47.174  -13.395  6.607 0.0000000000
129200  -55.175  -10.757  6.662 0.0000000000
129278  -41.517  -38.291  6.237 0.0000000000
129336  -48.938  -31.437  3.735 0.0000000000
129351  -54.271  -39.745  9.732 0.0000000000
129352  -54.843  -39.267  9.596 0.0000000000
129391  -41.419  -51.422  11.481 0.0000000000
129442  -48.512  -38.656  3.394 0.0000000000
129518  -43.552  -9.503  9.780 0.0000000000
129572  -49.518  -29.182  2.550 0.0000000000
129619  -47.016  -35.522  11.200 0.0000000000
129788  -47.071  -54.087  6.796 0.0000000000
129833  -45.614  -35.862  9.231 0.0000000000
129838  -54.148  -43.939  5.992 0.0000000000
129877  -45.329  -33.844  7.737 0.0000000000
129902  -49.134  -21.433  5.163 0.0000000000
129905  -43.396  -54.451  3.892 0.0000000000
130111  -43.303  -45.364  5.977 0.0000000000
130247  -47.668  -5.950  -1.266 0.0000000000
130268  -37.816  -36.927  11.817 0.0000000000
130302  -52.905  -46.138  7.132 0.0000000000
130325  -47.692  -29.805  2.324 0.0000000000
130340  -44.885  -36.336  13.740 0.0000000000
130376  -46.688  -32.693  5.511 0.0000000000
130402  -39.571  -36.470  11.698 0.0000000000
130407  -54.603  -34.254  5.065 0.0000000000
130449  -46.614  -47.746  15.120 0.0000000000
130487  -52.402  -21.630  4.108 0.0000000000
130517  -42.454  -5.991  7.818 0.0000000000
130547  -48.462  -52.885  4.151 0.0000000000
130560  -45.508  -35.605  12.526 0.0000000000
130571  -39.770  -37.791  8.531 0.0000000000
130584  -49.463  -29.475  6.037 0.0000000000
130618  -51.650  -12.476  6.057 0.0000000000
130665  -54.114  -23.642  3.191 0.0000000000
130671  -56.292  -36.612  5.314 0.0000000000
130685  -55.936  -7.310  4.941 0.0000000000
130716  -48.888  -55.782  5.269 0.0000000000
130737  -58.016  -8.928  5.488 0.0000000000
130794  -49.548  -14.809  3.676 0.0000000000
130799  -42.928  -0.771  1.328 0.0000000000
130877  -49.746  -44.965  10.402 0.0000000000
130893  -49.616  -48.897  12.265 0.0000000000
130976  -42.879  -2.822  1.714 0.0000000000
131048  -57.423  -5.423  2.412 0.0000000000
131125  -55.737  -4.093  0.200 0.0000000000
131199  -47.762  -39.657  1.907 0.0000000000
131606  -50.705  -6.018  -2.794 0.0000000000
131654  -45.460  -27.386  7.089 0.0000000000
131657  -54.054  -23.942  5.180 0.0000000000
131663  -54.945  -43.047  6.503 0.0000000000
131872  -44.600  -44.739  6.963 0.0000000000
131911  -46.972  -36.531  7.132 0.0000000000
131921  -40.634  -36.301  12.922 0.0000000000
132053  -45.260  -48.192  5.994 0.0000000000
132126  -43.846  -5.378  2.733 0.0000000000
132207  -50.929  -36.193  6.695 0.0000000000
132327  -45.677  -18.431  9.215 0.0000000000
132370  -50.004  -39.660  0.955 0.0000000000
132455  -55.292  -21.079  5.813 0.0000000000
132456  -53.086  -3.331  0.294 0.0000000000
132462  -59.878  -19.292  5.956 0.0000000000
132615  -44.857  -8.090  8.000 0.0000000000
132656  -53.726  -25.404  2.664 0.0000000000
132720  -50.090  -42.877  9.438 0.0000000000
132756  -56.764  -32.469  7.845 0.0000000000
132818  -52.406  -37.010  6.411 0.0000000000
132936  -51.719  -4.590  -2.518 0.0000000000
133019  -46.325  -5.475  3.134 0.0000000000
133068  -45.154  -8.442  8.324 0.0000000000
133112  -46.281  -7.133  6.403 0.0000000000
133175  -46.702  -31.847  5.027 0.0000000000
133186  -45.460  -3.674  -2.275 0.0000000000
133348  -54.718  -24.896  4.098 0.0000000000
133383  -47.344  -37.321  1.027 0.0000000000
133393  -42.957  -43.869  15.036 0.0000000000
133445  -44.596  -14.222  6.950 0.0000000000
133491  -43.940  -11.321  10.843 0.0000000000
133520  -48.771  -28.711  2.812 0.0000000000
133580  -53.648  -4.989  -2.006 0.0000000000
133604  -54.759  -33.182  5.727 0.0000000000
133646  -42.582  -48.325  8.368 0.0000000000
133658  -47.982  -25.283  4.598 0.0000000000
133728  -42.546  -2.234  4.057 0.0000000000
133817  -52.936  -19.340  4.548 0.0000000000
133863  -54.256  -4.669  -1.184 0.0000000000
133869  -38.905  -48.410  15.999 0.0000000000
133984  -54.168  -11.339  5.094 0.0000000000
134006  -47.476  -35.549  10.711 0.0000000000
134034  -54.638  -1.683  2.828 0.0000000000
134036  -56.829  -18.901  4.376 0.0000000000
134080  -51.629  -35.679  2.352 0.0000000000
134091  -47.166  -12.895  7.816 0.0000000000
134099  -45.918  -46.552  13.223 0.0000000000
134102  -49.509  -55.559  7.461 0.0000000000
134251  -57.532  -4.253  2.903 0.0000000000
134274  -57.635  -30.619  7.426 0.0000000000
134283  -56.933  -6.454  2.215 0.0000000000
134508  -48.301  -20.322  5.054 0.0000000000
134624  -42.934  -42.787  14.778 0.0000000000
134692  -38.567  -47.832  15.248 0.0000000000
134745  -42.240  -51.425  12.953 0.0000000000
134774  -43.555  -41.020  14.283 0.0000000000
134836  -44.978  -32.486  9.433 0.0000000000
134894  -55.753  -4.656  0.131 0.0000000000
134925  -41.879  -45.233  7.121 0.0000000000
134930  -54.445  -19.560  4.433 0.0000000000
135068  -54.376  -41.256  6.069 0.0000000000
135090  -41.857  -37.244  6.383 0.0000000000
135138  -44.217  -15.783  8.537 0.0000000000
135146  -38.317  -35.502  9.918 0.0000000000
135147  -59.688  -13.665  8.160 0.0000000000
135166  -41.652  -37.962  14.107 0.0000000000
135221  -48.928  -38.941  11.311 0.0000000000
135338  -51.675  -44.434  6.214 0.0000000000
135400  -53.617  -44.030  5.807 0.0000000000
135416  -49.430  -6.463  2.316 0.0000000000
135434  -43.676  -43.295  10.343 0.0000000000
135455  -47.556  -35.426  9.908 0.0000000000
135606  -60.408  -10.538  5.286 0.0000000000
135635  -53.271  -41.417  6.466 0.0000000000
135775  -50.699  -38.367  0.416 0.0000000000
135939  -57.180  -15.037  3.419 0.0000000000
135970  -57.258  -7.473  2.789 0.0000000000
135990  -42.301  -41.508  10.394 0.0000000000
135996  -52.211  -12.203  5.824 0.0000000000
136049  -44.521  -52.824  7.518 0.0000000000
136053  -56.760  -35.570  6.100 0.0000000000
136089  -49.239  -54.971  5.146 0.0000000000
136138  -50.883  -25.033  3.095 0.0000000000
136177  -54.020  -7.463  1.261 0.0000000000
136194  -44.497  -4.205  -1.013 0.0000000000
136200  -49.307  -3.019  -5.195 0.0000000000
136274  -44.754  -45.257  6.857 0.0000000000
136283  -48.436  -48.009  11.432 0.0000000000
136338  -58.918  -12.205  6.576 0.0000000000
