#!ascii label  , from subject sub-04 vox2ras=TkReg coords=white rater=tiger surface-annotate=0.1.0
2826
16535  -23.031  -62.751  1.388 1.0000000000
16555  -36.075  -62.916  0.793 1.0000000000
16563  -22.009  -62.092  -0.712 1.0000000000
17292  -25.510  -62.334  2.938 1.0000000000
17301  -23.823  -62.564  2.142 1.0000000000
17302  -24.618  -62.393  2.570 1.0000000000
17314  -22.636  -62.549  0.196 1.0000000000
17315  -23.248  -61.996  0.094 1.0000000000
17316  -24.408  -61.995  1.473 1.0000000000
17321  -35.762  -62.454  1.335 1.0000000000
17322  -36.077  -62.362  0.710 1.0000000000
17329  -20.719  -62.260  -0.328 1.0000000000
17330  -22.524  -62.038  -0.451 1.0000000000
17331  -23.016  -61.532  -0.375 1.0000000000
17332  -30.381  -61.784  0.071 1.0000000000
17333  -31.255  -62.403  0.163 1.0000000000
17334  -32.259  -62.583  0.071 1.0000000000
17335  -33.326  -62.717  0.090 1.0000000000
17336  -34.669  -62.897  0.209 1.0000000000
17337  -35.749  -62.552  0.357 1.0000000000
17338  -36.065  -62.243  0.437 1.0000000000
17340  -21.845  -61.937  -0.702 1.0000000000
17341  -22.277  -61.614  -0.545 1.0000000000
17342  -31.128  -61.673  -0.271 1.0000000000
17343  -31.890  -61.857  -0.325 1.0000000000
17344  -32.884  -62.002  -0.342 1.0000000000
17345  -34.073  -62.136  -0.268 1.0000000000
17346  -35.168  -62.210  -0.090 1.0000000000
18113  -21.844  -61.257  2.971 1.0000000000
18119  -21.313  -61.591  2.146 1.0000000000
18120  -22.094  -61.167  1.744 1.0000000000
18121  -25.215  -61.746  1.958 1.0000000000
18122  -26.103  -61.629  2.204 1.0000000000
18123  -26.954  -61.776  2.295 1.0000000000
18125  -33.927  -61.192  1.997 1.0000000000
18126  -34.729  -62.029  1.890 1.0000000000
18132  -20.846  -61.879  0.634 1.0000000000
18133  -21.540  -61.377  0.701 1.0000000000
18134  -22.328  -60.804  0.373 1.0000000000
18135  -24.051  -61.610  0.379 1.0000000000
18136  -24.854  -61.386  0.710 1.0000000000
18137  -25.716  -61.168  1.019 1.0000000000
18138  -26.671  -61.114  1.311 1.0000000000
18139  -27.642  -61.337  1.427 1.0000000000
18140  -29.053  -61.763  0.898 1.0000000000
18141  -35.253  -61.428  1.424 1.0000000000
18142  -36.009  -61.601  0.715 1.0000000000
18146  -21.445  -61.654  -0.292 1.0000000000
18147  -21.987  -61.184  -0.212 1.0000000000
18148  -23.588  -61.194  -0.307 1.0000000000
18149  -24.357  -60.968  -0.114 1.0000000000
18150  -25.081  -60.685  0.147 1.0000000000
18151  -25.998  -60.371  0.302 1.0000000000
18152  -27.985  -60.655  0.612 1.0000000000
18153  -28.753  -61.019  0.409 1.0000000000
18154  -29.509  -61.414  0.251 1.0000000000
18155  -36.162  -61.551  0.235 1.0000000000
18156  -21.473  -62.028  -0.624 1.0000000000
18157  -22.403  -61.271  -0.442 1.0000000000
18158  -23.077  -60.972  -0.447 1.0000000000
18159  -23.890  -60.584  -0.296 1.0000000000
18160  -29.924  -61.022  -0.278 1.0000000000
18161  -30.691  -61.126  -0.451 1.0000000000
18162  -31.528  -61.145  -0.561 1.0000000000
18163  -32.490  -61.248  -0.579 1.0000000000
18164  -33.593  -61.392  -0.535 1.0000000000
18165  -34.988  -61.501  -0.387 1.0000000000
18166  -35.906  -61.919  -0.011 1.0000000000
18994  -38.525  -61.713  6.074 1.0000000000
18995  -39.015  -61.725  5.878 1.0000000000
18996  -39.315  -61.117  4.867 1.0000000000
19004  -38.764  -61.509  5.526 1.0000000000
19005  -39.236  -61.359  5.070 1.0000000000
19006  -39.434  -60.811  4.602 1.0000000000
19029  -24.657  -59.588  2.585 1.0000000000
19036  -22.653  -60.907  2.656 1.0000000000
19037  -23.403  -60.439  2.299 1.0000000000
19038  -24.080  -59.957  1.828 1.0000000000
19039  -33.020  -60.463  2.396 1.0000000000
19040  -33.666  -60.302  1.886 1.0000000000
19046  -22.848  -60.528  1.160 1.0000000000
19047  -23.535  -60.159  1.179 1.0000000000
19048  -27.106  -60.463  0.572 1.0000000000
19049  -34.638  -60.522  1.502 1.0000000000
19050  -35.738  -60.725  0.868 1.0000000000
19051  -36.213  -60.773  0.202 1.0000000000
19053  -22.841  -60.734  -0.267 1.0000000000
19054  -23.384  -60.239  0.214 1.0000000000
19055  -24.517  -60.358  -0.234 1.0000000000
19056  -25.125  -60.093  -0.187 1.0000000000
19057  -26.556  -59.822  0.163 1.0000000000
19058  -28.464  -60.294  0.167 1.0000000000
19059  -29.213  -60.670  -0.054 1.0000000000
19060  -36.260  -60.676  -0.005 1.0000000000
19061  -23.703  -60.356  -0.233 1.0000000000
19062  -24.172  -60.180  -0.268 1.0000000000
19063  -28.984  -60.025  -0.197 1.0000000000
19064  -29.714  -60.346  -0.394 1.0000000000
19065  -30.334  -60.020  -0.642 1.0000000000
19066  -31.060  -60.402  -0.693 1.0000000000
19067  -32.106  -60.473  -0.714 1.0000000000
19068  -34.137  -60.104  -0.722 1.0000000000
19069  -35.446  -60.566  -0.431 1.0000000000
19903  -37.741  -60.959  5.809 1.0000000000
19904  -39.257  -61.261  5.901 1.0000000000
19905  -39.511  -61.012  5.118 1.0000000000
19913  -37.442  -59.961  5.505 1.0000000000
19914  -38.461  -60.993  5.182 1.0000000000
19915  -40.091  -60.537  4.405 1.0000000000
19929  -38.104  -60.026  4.972 1.0000000000
19930  -39.131  -60.628  4.567 1.0000000000
19931  -40.288  -60.412  4.082 1.0000000000
19932  -40.866  -59.981  3.878 1.0000000000
19945  -40.862  -59.869  3.777 1.0000000000
19949  -25.353  -59.122  2.134 1.0000000000
19950  -31.881  -58.905  2.790 1.0000000000
19951  -32.332  -59.737  2.691 1.0000000000
19952  -33.150  -59.659  2.071 1.0000000000
19959  -24.744  -59.459  1.200 1.0000000000
19960  -25.554  -59.085  1.060 1.0000000000
19961  -34.094  -59.713  1.536 1.0000000000
19962  -35.297  -59.874  1.017 1.0000000000
19963  -36.025  -60.098  0.374 1.0000000000
19964  -24.003  -59.811  0.628 1.0000000000
19965  -24.479  -59.686  0.187 1.0000000000
19966  -24.943  -59.698  -0.043 1.0000000000
19967  -25.705  -59.730  0.056 1.0000000000
19968  -26.939  -59.412  0.310 1.0000000000
19969  -27.814  -59.385  0.303 1.0000000000
19970  -28.833  -59.371  0.085 1.0000000000
19971  -35.884  -59.236  0.364 1.0000000000
19972  -36.257  -59.833  0.023 1.0000000000
19973  -23.944  -59.901  -0.034 1.0000000000
19974  -24.277  -59.929  -0.202 1.0000000000
19975  -29.683  -59.680  -0.369 1.0000000000
19976  -30.475  -59.381  -0.561 1.0000000000
19977  -30.930  -59.738  -0.745 1.0000000000
19978  -32.874  -59.715  -0.805 1.0000000000
19979  -33.961  -59.367  -0.837 1.0000000000
19980  -35.191  -59.507  -0.626 1.0000000000
19981  -36.030  -59.056  -0.216 1.0000000000
19982  -33.247  -58.729  -0.900 1.0000000000
20785  -39.384  -60.060  5.928 1.0000000000
20800  -36.626  -58.764  5.933 1.0000000000
20801  -37.452  -58.907  5.267 1.0000000000
20802  -40.270  -60.082  5.020 1.0000000000
20803  -40.971  -59.740  4.351 1.0000000000
20821  -38.313  -59.217  4.653 1.0000000000
20822  -39.424  -59.547  4.087 1.0000000000
20823  -40.398  -59.460  3.682 1.0000000000
20824  -41.363  -59.213  3.973 1.0000000000
20825  -41.437  -58.419  3.928 1.0000000000
20833  -40.979  -59.111  3.586 1.0000000000
20834  -41.274  -58.785  3.777 1.0000000000
20838  -25.956  -58.646  1.911 1.0000000000
20839  -26.576  -58.240  1.838 1.0000000000
20840  -32.103  -58.093  2.405 1.0000000000
20841  -33.554  -58.906  1.632 1.0000000000
20847  -26.258  -58.788  1.013 1.0000000000
20848  -26.986  -58.542  1.066 1.0000000000
20849  -27.783  -58.399  1.104 1.0000000000
20850  -28.631  -58.190  1.099 1.0000000000
20851  -33.027  -57.938  1.737 1.0000000000
20852  -34.216  -58.183  1.219 1.0000000000
20853  -35.351  -58.334  0.634 1.0000000000
20854  -25.726  -59.331  0.369 1.0000000000
20855  -26.537  -59.021  0.466 1.0000000000
20856  -27.323  -58.922  0.495 1.0000000000
20857  -28.206  -58.843  0.480 1.0000000000
20858  -29.892  -58.906  -0.174 1.0000000000
20859  -30.473  -58.182  -0.098 1.0000000000
20860  -36.037  -58.388  0.057 1.0000000000
20861  -36.031  -58.379  -0.157 1.0000000000
20862  -30.807  -58.691  -0.502 1.0000000000
20863  -31.587  -58.478  -0.696 1.0000000000
20864  -32.387  -58.233  -0.864 1.0000000000
20865  -34.519  -58.753  -0.909 1.0000000000
20866  -35.434  -58.708  -0.684 1.0000000000
20867  -35.781  -58.160  -0.515 1.0000000000
20868  -33.128  -57.963  -0.990 1.0000000000
20869  -34.052  -58.035  -1.072 1.0000000000
20870  -35.135  -58.097  -0.994 1.0000000000
21635  -36.260  -57.486  6.282 1.0000000000
21637  -39.652  -58.715  5.957 1.0000000000
21652  -36.997  -57.754  5.596 1.0000000000
21653  -37.748  -57.988  5.008 1.0000000000
21654  -40.653  -58.788  5.157 1.0000000000
21655  -41.248  -58.573  4.503 1.0000000000
21656  -41.392  -57.350  4.638 1.0000000000
21672  -38.551  -58.212  4.424 1.0000000000
21673  -39.477  -58.302  3.891 1.0000000000
21674  -40.375  -58.218  3.544 1.0000000000
21675  -41.525  -57.613  4.040 1.0000000000
21682  -41.071  -58.049  3.512 1.0000000000
21683  -41.334  -57.832  3.759 1.0000000000
21690  -26.135  -58.111  2.731 1.0000000000
21692  -27.544  -57.235  2.101 1.0000000000
21693  -28.220  -57.073  2.019 1.0000000000
21695  -32.344  -57.258  2.206 1.0000000000
21700  -27.300  -57.921  1.686 1.0000000000
21701  -29.004  -57.372  1.718 1.0000000000
21702  -29.985  -57.225  1.352 1.0000000000
21703  -30.698  -57.012  0.720 1.0000000000
21704  -33.058  -56.925  1.702 1.0000000000
21705  -33.969  -57.301  1.285 1.0000000000
21706  -34.870  -57.620  0.825 1.0000000000
21707  -29.135  -58.622  0.412 1.0000000000
21708  -30.890  -57.510  0.065 1.0000000000
21709  -31.499  -57.273  -0.311 1.0000000000
21710  -35.688  -57.586  0.239 1.0000000000
21711  -31.181  -57.981  -0.429 1.0000000000
21712  -31.876  -57.732  -0.690 1.0000000000
21713  -32.636  -57.459  -0.883 1.0000000000
21714  -35.810  -57.486  -0.543 1.0000000000
21715  -33.559  -57.299  -1.123 1.0000000000
21716  -34.796  -57.247  -1.175 1.0000000000
21717  -35.573  -57.542  -0.854 1.0000000000
22424  -35.739  -56.816  6.806 1.0000000000
22425  -36.339  -56.471  6.429 1.0000000000
22427  -40.106  -56.469  5.967 1.0000000000
22428  -41.028  -56.594  5.311 1.0000000000
22441  -36.866  -56.668  5.919 1.0000000000
22442  -37.518  -56.951  5.343 1.0000000000
22443  -38.159  -56.314  4.980 1.0000000000
22444  -40.852  -57.538  5.276 1.0000000000
22445  -41.575  -56.751  4.339 1.0000000000
22455  -38.099  -57.274  4.841 1.0000000000
22456  -38.760  -57.193  4.355 1.0000000000
22457  -39.658  -57.182  3.781 1.0000000000
22458  -41.425  -56.782  3.765 1.0000000000
22466  -40.574  -57.142  3.448 1.0000000000
22467  -41.148  -57.065  3.467 1.0000000000
22477  -31.927  -56.621  2.562 1.0000000000
22478  -32.527  -56.546  2.163 1.0000000000
22484  -28.596  -56.437  2.155 1.0000000000
22485  -29.546  -56.470  1.905 1.0000000000
22486  -30.422  -56.404  1.444 1.0000000000
22487  -33.078  -56.077  1.817 1.0000000000
22488  -33.904  -56.404  1.360 1.0000000000
22489  -35.002  -56.739  0.690 1.0000000000
22490  -31.190  -56.227  0.704 1.0000000000
22491  -31.692  -56.523  -0.095 1.0000000000
22492  -35.817  -56.793  -0.011 1.0000000000
22493  -32.135  -56.938  -0.620 1.0000000000
22494  -33.712  -55.702  -1.063 1.0000000000
22495  -35.818  -56.836  -0.479 1.0000000000
22496  -32.999  -56.525  -0.928 1.0000000000
22497  -34.082  -56.478  -1.228 1.0000000000
22498  -35.025  -56.398  -1.221 1.0000000000
22499  -35.625  -56.776  -0.909 1.0000000000
23173  -36.290  -55.168  6.960 1.0000000000
23183  -36.037  -55.922  6.874 1.0000000000
23184  -37.489  -55.181  5.789 1.0000000000
23185  -39.764  -55.392  6.447 1.0000000000
23186  -40.671  -55.640  5.715 1.0000000000
23203  -37.438  -55.985  5.620 1.0000000000
23204  -37.927  -55.469  5.372 1.0000000000
23205  -38.533  -55.382  4.834 1.0000000000
23206  -41.496  -56.015  4.976 1.0000000000
23216  -41.719  -55.874  4.235 1.0000000000
23221  -27.351  -55.012  2.592 1.0000000000
23224  -31.833  -55.237  3.106 1.0000000000
23225  -40.843  -56.234  3.304 1.0000000000
23226  -41.158  -56.245  3.399 1.0000000000
23227  -41.424  -55.692  3.575 1.0000000000
23237  -28.015  -55.512  2.253 1.0000000000
23239  -32.373  -55.810  2.464 1.0000000000
23240  -33.264  -55.145  2.032 1.0000000000
23246  -28.976  -55.597  2.173 1.0000000000
23247  -29.999  -55.535  2.018 1.0000000000
23248  -30.752  -55.705  1.421 1.0000000000
23249  -31.379  -55.209  1.076 1.0000000000
23250  -33.795  -55.664  1.518 1.0000000000
23251  -34.670  -55.716  0.956 1.0000000000
23252  -31.856  -55.691  0.201 1.0000000000
23253  -32.562  -55.111  -0.238 1.0000000000
23254  -35.519  -55.847  0.240 1.0000000000
23255  -35.773  -56.023  -0.339 1.0000000000
23256  -32.339  -56.090  -0.427 1.0000000000
23257  -32.959  -55.680  -0.717 1.0000000000
23258  -35.509  -55.300  -0.697 1.0000000000
23259  -34.685  -55.704  -1.216 1.0000000000
23260  -35.465  -55.874  -1.022 1.0000000000
23933  -36.697  -54.543  6.765 1.0000000000
23947  -37.342  -54.436  6.214 1.0000000000
23948  -39.491  -54.454  6.832 1.0000000000
23949  -40.315  -54.663  6.186 1.0000000000
23966  -38.054  -54.624  5.474 1.0000000000
23967  -41.183  -54.860  5.523 1.0000000000
23968  -41.831  -54.881  4.888 1.0000000000
23969  -42.060  -53.982  4.991 1.0000000000
23974  -30.625  -54.488  4.763 1.0000000000
23975  -31.171  -54.520  4.194 1.0000000000
23976  -38.886  -54.537  4.684 1.0000000000
23977  -41.953  -54.911  4.003 1.0000000000
23978  -42.177  -54.071  4.366 1.0000000000
23982  -27.001  -54.590  3.171 1.0000000000
23983  -31.735  -54.475  3.593 1.0000000000
23984  -32.353  -54.411  3.030 1.0000000000
23985  -40.395  -55.404  3.384 1.0000000000
23986  -41.059  -55.374  3.106 1.0000000000
23987  -41.352  -54.826  3.239 1.0000000000
23988  -41.854  -54.185  3.583 1.0000000000
23997  -27.449  -54.186  2.542 1.0000000000
23998  -27.838  -54.550  2.179 1.0000000000
23999  -33.043  -54.336  2.480 1.0000000000
24000  -33.924  -54.140  1.813 1.0000000000
24001  -41.027  -54.425  2.772 1.0000000000
24005  -27.764  -53.887  2.065 1.0000000000
24006  -28.129  -54.027  1.888 1.0000000000
24007  -28.862  -54.175  1.949 1.0000000000
24008  -29.927  -54.457  2.024 1.0000000000
24009  -30.905  -54.354  1.617 1.0000000000
24010  -34.716  -53.563  1.295 1.0000000000
24011  -35.215  -53.850  0.621 1.0000000000
24012  -31.747  -54.265  0.991 1.0000000000
24013  -32.444  -54.220  0.238 1.0000000000
24014  -35.571  -54.165  0.021 1.0000000000
24015  -35.469  -54.510  -0.447 1.0000000000
24016  -33.197  -54.184  -0.408 1.0000000000
24017  -34.138  -54.143  -0.813 1.0000000000
24018  -34.927  -54.191  -0.987 1.0000000000
24019  -35.250  -54.356  -0.789 1.0000000000
24020  -34.408  -54.913  -1.080 1.0000000000
24021  -35.167  -55.013  -1.064 1.0000000000
24697  -30.108  -53.073  5.931 1.0000000000
24698  -37.041  -53.778  6.722 1.0000000000
24699  -40.050  -53.660  6.580 1.0000000000
24700  -40.796  -53.306  6.115 1.0000000000
24701  -41.356  -53.033  5.771 1.0000000000
24712  -30.535  -53.660  5.268 1.0000000000
24713  -31.247  -53.010  4.912 1.0000000000
24714  -37.793  -53.741  5.945 1.0000000000
24715  -38.492  -53.746  5.311 1.0000000000
24716  -41.488  -53.909  5.514 1.0000000000
24717  -41.977  -53.185  5.360 1.0000000000
24718  -42.390  -53.215  4.789 1.0000000000
24722  -26.973  -53.283  4.058 1.0000000000
24723  -31.154  -53.796  4.585 1.0000000000
24724  -31.855  -53.129  4.236 1.0000000000
24725  -32.564  -52.827  3.656 1.0000000000
24726  -39.279  -53.687  4.533 1.0000000000
24727  -42.323  -53.514  3.962 1.0000000000
24731  -26.704  -54.175  4.094 1.0000000000
24732  -27.186  -53.760  3.215 1.0000000000
24733  -32.295  -53.651  3.505 1.0000000000
24734  -33.140  -53.004  3.002 1.0000000000
24735  -33.841  -52.870  2.394 1.0000000000
24736  -40.145  -53.616  3.528 1.0000000000
24737  -40.678  -54.593  3.043 1.0000000000
24738  -41.301  -54.147  2.898 1.0000000000
24739  -41.794  -53.497  3.127 1.0000000000
24748  -27.571  -53.358  2.336 1.0000000000
24749  -33.495  -53.551  2.435 1.0000000000
24750  -34.238  -53.225  1.891 1.0000000000
24751  -34.756  -52.903  1.309 1.0000000000
24752  -40.915  -53.767  2.584 1.0000000000
24753  -41.067  -53.546  2.441 1.0000000000
24754  -41.512  -53.035  2.492 1.0000000000
24759  -27.922  -53.377  1.771 1.0000000000
24760  -28.411  -53.542  1.725 1.0000000000
24761  -30.106  -53.031  1.657 1.0000000000
24762  -31.166  -53.342  1.481 1.0000000000
24763  -35.145  -53.069  0.624 1.0000000000
24764  -32.178  -53.362  0.715 1.0000000000
24765  -32.996  -53.351  -0.086 1.0000000000
24766  -35.412  -53.371  0.008 1.0000000000
24767  -35.298  -53.712  -0.457 1.0000000000
24768  -33.873  -53.336  -0.597 1.0000000000
24769  -34.723  -53.451  -0.706 1.0000000000
24770  -35.073  -53.704  -0.743 1.0000000000
25477  -30.506  -52.110  6.108 1.0000000000
25478  -37.476  -52.991  6.534 1.0000000000
25479  -37.958  -52.378  6.201 1.0000000000
25480  -40.306  -52.833  6.600 1.0000000000
25481  -40.912  -52.415  6.258 1.0000000000
25482  -41.631  -52.403  5.711 1.0000000000
25492  -31.068  -52.008  5.593 1.0000000000
25493  -31.408  -52.253  5.142 1.0000000000
25494  -38.168  -53.006  5.847 1.0000000000
25495  -42.286  -52.451  5.248 1.0000000000
25496  -42.572  -52.422  4.754 1.0000000000
25500  -32.416  -52.206  4.146 1.0000000000
25501  -38.817  -52.919  5.184 1.0000000000
25502  -39.514  -52.783  4.435 1.0000000000
25503  -42.556  -52.719  4.089 1.0000000000
25506  -27.359  -52.920  3.224 1.0000000000
25507  -33.115  -52.214  3.372 1.0000000000
25508  -33.776  -52.238  2.623 1.0000000000
25509  -40.127  -52.562  3.661 1.0000000000
25510  -40.515  -52.323  2.820 1.0000000000
25511  -42.246  -52.746  3.141 1.0000000000
25519  -27.815  -52.681  1.821 1.0000000000
25520  -28.096  -52.015  1.452 1.0000000000
25521  -34.427  -52.371  1.760 1.0000000000
25522  -40.964  -52.894  2.152 1.0000000000
25523  -41.111  -52.705  2.058 1.0000000000
25524  -41.806  -52.485  2.272 1.0000000000
25528  -28.334  -52.770  1.507 1.0000000000
25529  -29.236  -52.469  1.410 1.0000000000
25530  -30.562  -52.191  1.392 1.0000000000
25531  -31.817  -52.415  0.996 1.0000000000
25532  -34.893  -52.345  0.683 1.0000000000
25533  -41.046  -52.172  1.673 1.0000000000
25534  -41.428  -52.089  1.695 1.0000000000
25535  -32.776  -52.498  0.213 1.0000000000
25536  -33.679  -52.484  -0.423 1.0000000000
25537  -34.140  -51.551  -0.445 1.0000000000
25538  -35.207  -53.150  -0.298 1.0000000000
25539  -34.454  -52.603  -0.502 1.0000000000
25540  -34.988  -53.017  -0.490 1.0000000000
26216  -30.786  -51.155  6.472 1.0000000000
26217  -31.419  -50.883  5.875 1.0000000000
26219  -40.749  -51.549  6.565 1.0000000000
26220  -41.312  -51.798  6.106 1.0000000000
26229  -31.081  -51.522  5.879 1.0000000000
26230  -31.577  -51.472  5.338 1.0000000000
26232  -39.202  -51.245  4.976 1.0000000000
26233  -42.564  -51.789  5.038 1.0000000000
26237  -32.069  -51.185  4.810 1.0000000000
26238  -32.439  -51.399  4.303 1.0000000000
26239  -39.070  -52.079  5.099 1.0000000000
26240  -39.634  -51.883  4.394 1.0000000000
26241  -42.755  -51.927  4.346 1.0000000000
26244  -27.579  -52.015  3.201 1.0000000000
26245  -27.937  -51.326  2.605 1.0000000000
26246  -32.925  -51.523  3.634 1.0000000000
26247  -33.564  -51.531  2.874 1.0000000000
26248  -40.150  -51.674  3.685 1.0000000000
26249  -40.464  -51.429  2.910 1.0000000000
26250  -42.702  -52.032  3.576 1.0000000000
26251  -42.864  -51.456  2.883 1.0000000000
26257  -27.818  -52.009  2.086 1.0000000000
26258  -28.202  -51.387  1.612 1.0000000000
26259  -40.643  -50.954  2.154 1.0000000000
26263  -28.500  -51.367  1.176 1.0000000000
26264  -29.219  -51.459  1.065 1.0000000000
26265  -31.504  -51.464  0.893 1.0000000000
26266  -34.324  -50.826  1.025 1.0000000000
26267  -34.625  -51.579  0.891 1.0000000000
26268  -40.929  -51.525  1.390 1.0000000000
26269  -41.232  -51.613  1.324 1.0000000000
26270  -41.970  -51.514  1.354 1.0000000000
26271  -31.197  -50.533  0.667 1.0000000000
26272  -32.554  -51.602  0.309 1.0000000000
26273  -33.581  -50.811  -0.368 1.0000000000
26274  -34.734  -51.733  0.018 1.0000000000
26275  -41.547  -51.210  1.001 1.0000000000
26276  -34.049  -50.678  -0.431 1.0000000000
26277  -34.593  -52.085  -0.257 1.0000000000
26954  -31.241  -50.444  6.382 1.0000000000
26957  -40.663  -50.762  6.771 1.0000000000
26958  -41.268  -51.096  6.260 1.0000000000
26968  -31.578  -50.099  5.859 1.0000000000
26969  -41.703  -50.630  5.834 1.0000000000
26970  -42.376  -50.972  5.245 1.0000000000
26976  -31.887  -50.576  5.148 1.0000000000
26977  -32.351  -50.689  4.372 1.0000000000
26979  -39.255  -50.353  4.838 1.0000000000
26980  -42.685  -50.403  4.630 1.0000000000
26981  -43.124  -50.535  3.853 1.0000000000
26984  -27.786  -51.154  3.641 1.0000000000
26985  -28.133  -50.699  3.123 1.0000000000
26986  -33.219  -50.842  3.133 1.0000000000
26987  -40.140  -50.863  3.673 1.0000000000
26988  -40.390  -50.680  3.071 1.0000000000
26989  -42.993  -51.291  3.825 1.0000000000
26990  -43.282  -50.735  3.114 1.0000000000
26997  -28.342  -50.671  2.188 1.0000000000
26998  -33.257  -50.181  2.285 1.0000000000
26999  -33.800  -50.848  2.148 1.0000000000
27000  -43.190  -50.814  2.294 1.0000000000
27005  -28.594  -50.595  1.147 1.0000000000
27006  -28.985  -49.943  0.735 1.0000000000
27007  -29.734  -50.380  0.750 1.0000000000
27008  -34.167  -50.204  0.117 1.0000000000
27009  -40.845  -50.643  1.259 1.0000000000
27010  -42.747  -50.897  1.476 1.0000000000
27011  -43.459  -50.290  1.567 1.0000000000
27012  -29.802  -49.317  0.511 1.0000000000
27013  -30.953  -49.612  0.423 1.0000000000
27014  -32.188  -49.763  -0.063 1.0000000000
27015  -33.256  -49.947  -0.373 1.0000000000
27016  -34.087  -50.408  -0.338 1.0000000000
27017  -34.464  -50.911  0.083 1.0000000000
27018  -41.146  -51.053  1.001 1.0000000000
27019  -42.117  -50.933  0.858 1.0000000000
27020  -42.860  -50.387  0.853 1.0000000000
27021  -34.285  -51.137  -0.277 1.0000000000
27696  -41.497  -49.756  6.053 1.0000000000
27708  -41.821  -49.077  5.589 1.0000000000
27713  -31.817  -49.660  5.088 1.0000000000
27714  -32.163  -50.070  4.487 1.0000000000
27716  -39.535  -49.699  4.281 1.0000000000
27717  -42.418  -49.375  4.884 1.0000000000
27718  -42.964  -49.586  4.042 1.0000000000
27722  -28.490  -49.948  3.083 1.0000000000
27723  -31.946  -49.356  4.137 1.0000000000
27724  -32.597  -50.102  3.504 1.0000000000
27725  -40.077  -50.041  3.571 1.0000000000
27726  -40.414  -50.167  2.801 1.0000000000
27727  -43.454  -49.993  3.231 1.0000000000
27737  -28.696  -49.917  1.782 1.0000000000
27738  -28.942  -49.119  1.237 1.0000000000
27739  -32.718  -49.453  2.215 1.0000000000
27740  -33.351  -49.495  1.171 1.0000000000
27741  -40.188  -49.301  2.943 1.0000000000
27742  -40.572  -49.926  2.035 1.0000000000
27743  -43.723  -49.401  2.517 1.0000000000
27744  -44.019  -49.575  1.522 1.0000000000
27747  -28.848  -49.728  0.933 1.0000000000
27748  -33.364  -48.788  0.123 1.0000000000
27749  -33.715  -49.547  0.141 1.0000000000
27750  -40.724  -49.609  1.120 1.0000000000
27751  -44.455  -49.140  0.813 1.0000000000
27752  -29.280  -48.931  0.667 1.0000000000
27753  -30.378  -48.352  0.269 1.0000000000
27754  -32.001  -48.874  -0.274 1.0000000000
27755  -33.335  -49.037  -0.200 1.0000000000
27756  -33.796  -49.820  -0.282 1.0000000000
27757  -41.673  -49.629  0.089 1.0000000000
27758  -42.708  -49.793  0.235 1.0000000000
27759  -43.762  -49.764  0.788 1.0000000000
27760  -33.597  -49.605  -0.291 1.0000000000
27761  -42.263  -49.072  -0.190 1.0000000000
28445  -31.449  -48.250  5.749 1.0000000000
28452  -29.113  -48.250  3.905 1.0000000000
28455  -42.681  -48.643  4.354 1.0000000000
28459  -28.803  -49.051  3.564 1.0000000000
28460  -29.190  -48.366  2.870 1.0000000000
28461  -31.581  -48.382  3.598 1.0000000000
28462  -32.094  -49.098  2.998 1.0000000000
28464  -39.619  -48.587  3.502 1.0000000000
28473  -28.912  -49.188  2.422 1.0000000000
28474  -29.234  -48.531  1.904 1.0000000000
28475  -31.787  -48.303  2.409 1.0000000000
28476  -32.341  -48.633  1.727 1.0000000000
28477  -39.873  -48.367  2.648 1.0000000000
28478  -40.384  -48.953  1.952 1.0000000000
28479  -43.614  -48.448  2.817 1.0000000000
28480  -44.199  -48.891  1.942 1.0000000000
28481  -29.358  -48.209  1.003 1.0000000000
28482  -32.164  -47.534  1.009 1.0000000000
28483  -32.994  -48.110  0.304 1.0000000000
28484  -40.056  -48.090  1.724 1.0000000000
28485  -40.498  -48.626  1.034 1.0000000000
28486  -44.667  -48.856  1.167 1.0000000000
28487  -45.141  -48.329  0.709 1.0000000000
28488  -29.986  -47.757  0.394 1.0000000000
28489  -31.123  -47.384  -0.128 1.0000000000
28490  -32.148  -47.333  -0.321 1.0000000000
28491  -32.627  -47.396  -0.095 1.0000000000
28492  -40.918  -49.111  0.306 1.0000000000
28493  -41.431  -48.895  -0.137 1.0000000000
28494  -43.509  -49.150  0.074 1.0000000000
28495  -44.510  -48.720  0.300 1.0000000000
28496  -45.159  -48.078  0.140 1.0000000000
28497  -40.918  -48.154  -0.157 1.0000000000
28498  -41.735  -48.251  -0.314 1.0000000000
28499  -42.755  -48.357  -0.303 1.0000000000
28500  -43.779  -48.351  -0.213 1.0000000000
28501  -44.519  -48.149  -0.140 1.0000000000
29216  -29.166  -47.140  4.840 1.0000000000
29217  -31.343  -47.376  5.911 1.0000000000
29224  -29.388  -46.859  3.787 1.0000000000
29225  -31.460  -45.418  2.890 1.0000000000
29226  -31.177  -46.466  4.076 1.0000000000
29234  -29.361  -47.553  3.246 1.0000000000
29235  -31.376  -46.479  2.687 1.0000000000
29237  -39.373  -47.807  3.237 1.0000000000
29249  -29.437  -47.538  1.932 1.0000000000
29250  -31.837  -46.383  1.143 1.0000000000
29251  -39.028  -47.072  2.898 1.0000000000
29252  -39.532  -47.565  2.342 1.0000000000
29254  -44.823  -47.641  1.842 1.0000000000
29255  -45.709  -47.468  1.463 1.0000000000
29256  -46.466  -47.180  1.302 1.0000000000
29257  -29.805  -47.062  0.745 1.0000000000
29258  -32.098  -46.387  0.038 1.0000000000
29259  -39.672  -47.289  1.378 1.0000000000
29260  -40.619  -48.253  0.368 1.0000000000
29261  -45.251  -48.196  1.129 1.0000000000
29262  -45.895  -47.710  0.916 1.0000000000
29263  -46.492  -47.264  0.862 1.0000000000
29264  -30.679  -46.688  0.019 1.0000000000
29265  -31.689  -46.590  -0.207 1.0000000000
29266  -32.220  -46.888  -0.093 1.0000000000
29267  -39.865  -47.013  0.438 1.0000000000
29268  -40.410  -47.541  0.105 1.0000000000
29269  -40.661  -47.285  -0.293 1.0000000000
29270  -41.219  -47.366  -0.441 1.0000000000
29271  -42.183  -47.441  -0.388 1.0000000000
29272  -43.838  -47.512  -0.383 1.0000000000
29273  -44.715  -47.471  -0.263 1.0000000000
29274  -45.417  -47.424  -0.053 1.0000000000
29965  -46.769  -46.461  10.013 1.0000000000
29978  -46.934  -46.653  9.444 1.0000000000
29979  -47.554  -46.513  9.448 1.0000000000
29980  -48.723  -46.314  9.068 1.0000000000
29994  -46.961  -46.694  8.728 1.0000000000
29995  -47.692  -46.756  8.790 1.0000000000
29996  -49.108  -46.179  8.788 1.0000000000
30008  -47.530  -46.659  8.005 1.0000000000
30009  -48.031  -46.616  7.063 1.0000000000
30010  -48.635  -46.570  7.448 1.0000000000
30011  -49.313  -45.885  8.295 1.0000000000
30018  -28.975  -46.091  6.026 1.0000000000
30026  -48.663  -46.534  6.544 1.0000000000
30027  -49.045  -46.417  6.529 1.0000000000
30033  -28.806  -47.045  5.914 1.0000000000
30034  -29.161  -46.442  5.240 1.0000000000
30041  -48.329  -46.399  5.931 1.0000000000
30042  -48.966  -46.425  5.787 1.0000000000
30043  -49.218  -46.153  5.798 1.0000000000
30046  -29.349  -46.234  4.385 1.0000000000
30047  -31.335  -45.525  3.992 1.0000000000
30053  -48.630  -46.317  4.892 1.0000000000
30061  -29.492  -46.632  2.620 1.0000000000
30062  -31.756  -45.314  1.420 1.0000000000
30066  -45.659  -46.152  2.973 1.0000000000
30067  -46.607  -46.346  2.646 1.0000000000
30068  -47.563  -46.360  2.647 1.0000000000
30069  -48.541  -45.912  2.578 1.0000000000
30080  -31.750  -45.294  0.338 1.0000000000
30081  -38.593  -46.346  2.442 1.0000000000
30082  -39.158  -46.788  1.946 1.0000000000
30083  -45.104  -46.816  2.299 1.0000000000
30084  -46.131  -46.810  2.042 1.0000000000
30085  -46.988  -46.715  1.909 1.0000000000
30086  -47.601  -46.449  1.884 1.0000000000
30087  -30.408  -45.979  0.303 1.0000000000
30088  -30.922  -45.085  -0.021 1.0000000000
30089  -31.597  -45.420  0.146 1.0000000000
30090  -38.707  -46.036  1.437 1.0000000000
30091  -39.261  -46.396  0.882 1.0000000000
30092  -47.027  -46.836  1.323 1.0000000000
30093  -47.435  -46.208  1.345 1.0000000000
30094  -31.337  -45.702  -0.100 1.0000000000
30095  -39.571  -46.165  -0.060 1.0000000000
30096  -40.172  -46.754  -0.227 1.0000000000
30097  -45.807  -46.742  0.054 1.0000000000
30098  -46.838  -46.589  0.793 1.0000000000
30099  -47.062  -45.626  0.909 1.0000000000
30100  -39.959  -45.895  -0.480 1.0000000000
30101  -41.580  -46.363  -0.540 1.0000000000
30102  -42.887  -46.674  -0.473 1.0000000000
30103  -43.988  -46.592  -0.446 1.0000000000
30104  -44.934  -46.617  -0.266 1.0000000000
30781  -45.912  -45.994  11.332 1.0000000000
30792  -46.115  -46.276  10.659 1.0000000000
30793  -46.586  -46.085  10.498 1.0000000000
30794  -47.446  -46.109  9.925 1.0000000000
30795  -48.097  -45.428  9.820 1.0000000000
30805  -48.368  -46.076  9.457 1.0000000000
30806  -49.229  -45.579  9.292 1.0000000000
30819  -49.506  -45.616  8.987 1.0000000000
30837  -49.439  -45.303  7.563 1.0000000000
30858  -49.378  -45.599  6.462 1.0000000000
30863  -29.249  -45.251  5.737 1.0000000000
30873  -47.681  -46.029  5.155 1.0000000000
30874  -49.204  -46.093  5.048 1.0000000000
30875  -49.412  -45.409  5.370 1.0000000000
30879  -29.464  -45.278  3.995 1.0000000000
30880  -31.725  -44.325  3.096 1.0000000000
30881  -36.646  -45.203  4.591 1.0000000000
30886  -47.005  -45.704  4.253 1.0000000000
30887  -48.496  -46.255  3.884 1.0000000000
30888  -49.130  -46.019  4.166 1.0000000000
30889  -49.283  -45.351  3.563 1.0000000000
30899  -29.923  -44.489  2.078 1.0000000000
30900  -37.404  -45.364  3.281 1.0000000000
30901  -38.018  -45.859  2.889 1.0000000000
30903  -46.065  -45.674  3.823 1.0000000000
30904  -46.876  -45.985  3.327 1.0000000000
30905  -47.754  -46.230  3.567 1.0000000000
30906  -48.876  -45.953  3.326 1.0000000000
30911  -30.383  -44.462  0.935 1.0000000000
30912  -31.728  -44.246  0.465 1.0000000000
30913  -37.556  -44.995  2.177 1.0000000000
30914  -38.160  -45.524  1.793 1.0000000000
30915  -48.163  -45.893  1.859 1.0000000000
30916  -48.591  -45.394  2.248 1.0000000000
30917  -30.341  -45.252  0.629 1.0000000000
30918  -30.946  -44.395  0.089 1.0000000000
30919  -31.516  -44.423  0.271 1.0000000000
30920  -37.753  -44.576  0.941 1.0000000000
30921  -38.389  -45.200  0.651 1.0000000000
30922  -38.977  -45.557  0.193 1.0000000000
30923  -47.654  -45.293  1.359 1.0000000000
30924  -31.309  -44.719  0.066 1.0000000000
30925  -38.597  -44.559  -0.231 1.0000000000
30926  -39.309  -45.258  -0.321 1.0000000000
30927  -45.963  -44.765  0.453 1.0000000000
30928  -39.058  -44.568  -0.422 1.0000000000
30929  -39.662  -45.054  -0.503 1.0000000000
30930  -40.597  -45.556  -0.576 1.0000000000
30931  -41.508  -45.410  -0.549 1.0000000000
30932  -42.367  -45.582  -0.516 1.0000000000
30933  -44.251  -45.645  -0.348 1.0000000000
30934  -45.104  -45.654  -0.111 1.0000000000
31639  -45.527  -45.674  11.990 1.0000000000
31640  -46.098  -44.927  11.314 1.0000000000
31649  -46.478  -45.387  10.799 1.0000000000
31650  -47.306  -45.124  10.293 1.0000000000
31651  -48.346  -44.572  10.122 1.0000000000
31652  -49.391  -44.263  10.179 1.0000000000
31661  -48.954  -45.132  9.721 1.0000000000
31662  -49.749  -44.624  9.761 1.0000000000
31663  -50.175  -44.268  9.965 1.0000000000
31675  -49.821  -44.816  9.460 1.0000000000
31676  -50.267  -44.154  9.768 1.0000000000
31692  -49.584  -44.364  7.824 1.0000000000
31706  -49.484  -44.524  6.844 1.0000000000
31709  -29.480  -44.525  5.538 1.0000000000
31710  -32.345  -43.846  5.135 1.0000000000
31713  -35.994  -44.736  5.031 1.0000000000
31714  -49.502  -44.537  5.871 1.0000000000
31719  -31.873  -44.134  4.399 1.0000000000
31720  -35.506  -43.946  4.501 1.0000000000
31721  -36.183  -44.383  4.085 1.0000000000
31722  -36.799  -44.857  3.659 1.0000000000
31723  -49.542  -44.396  3.767 1.0000000000
31733  -30.246  -43.634  2.131 1.0000000000
31734  -31.147  -42.983  0.884 1.0000000000
31735  -32.091  -42.959  1.151 1.0000000000
31736  -36.389  -43.906  3.048 1.0000000000
31737  -36.974  -44.447  2.606 1.0000000000
31738  -48.980  -45.362  2.813 1.0000000000
31739  -49.286  -44.505  2.949 1.0000000000
31741  -30.509  -43.758  1.157 1.0000000000
31742  -31.064  -43.706  0.342 1.0000000000
31743  -31.728  -43.445  0.570 1.0000000000
31744  -36.584  -43.285  1.799 1.0000000000
31745  -37.178  -43.925  1.336 1.0000000000
31746  -48.754  -44.588  2.311 1.0000000000
31747  -31.394  -43.992  0.182 1.0000000000
31748  -31.610  -43.818  0.353 1.0000000000
31749  -37.534  -43.363  -0.030 1.0000000000
31750  -37.985  -44.252  -0.054 1.0000000000
31751  -47.505  -44.107  1.377 1.0000000000
31752  -48.268  -44.908  1.761 1.0000000000
31753  -37.749  -42.810  -0.344 1.0000000000
31754  -38.083  -43.560  -0.409 1.0000000000
31755  -40.610  -44.370  -0.205 1.0000000000
31756  -41.594  -44.516  -0.131 1.0000000000
31757  -42.610  -44.449  -0.125 1.0000000000
31758  -43.648  -44.315  -0.054 1.0000000000
31759  -44.673  -43.927  0.360 1.0000000000
31760  -45.473  -43.813  0.562 1.0000000000
31761  -46.199  -44.001  0.755 1.0000000000
31762  -46.937  -44.555  1.027 1.0000000000
31763  -38.641  -43.860  -0.435 1.0000000000
31764  -39.312  -44.304  -0.436 1.0000000000
31765  -40.135  -44.711  -0.483 1.0000000000
31766  -41.072  -44.856  -0.462 1.0000000000
31767  -42.023  -44.855  -0.380 1.0000000000
31768  -43.708  -44.913  -0.339 1.0000000000
31769  -44.403  -44.718  -0.116 1.0000000000
31770  -45.212  -44.665  0.199 1.0000000000
32441  -45.664  -44.250  11.828 1.0000000000
32442  -46.345  -43.686  11.301 1.0000000000
32443  -47.104  -43.294  10.908 1.0000000000
32446  -46.760  -44.311  10.764 1.0000000000
32447  -47.620  -43.953  10.503 1.0000000000
32448  -48.613  -43.672  10.482 1.0000000000
32449  -49.675  -43.394  10.618 1.0000000000
32450  -50.147  -43.911  10.234 1.0000000000
32453  -50.456  -43.664  10.165 1.0000000000
32462  -50.042  -44.167  8.923 1.0000000000
32463  -50.471  -43.498  9.642 1.0000000000
32470  -30.259  -43.422  7.346 1.0000000000
32471  -49.694  -43.579  8.017 1.0000000000
32479  -30.300  -43.249  6.117 1.0000000000
32486  -49.499  -43.530  7.086 1.0000000000
32489  -29.785  -43.788  5.452 1.0000000000
32490  -30.279  -42.866  4.716 1.0000000000
32491  -32.824  -43.271  4.744 1.0000000000
32492  -33.416  -43.166  4.907 1.0000000000
32493  -34.095  -43.234  4.963 1.0000000000
32494  -34.797  -43.554  4.834 1.0000000000
32502  -49.535  -43.538  5.565 1.0000000000
32510  -29.936  -43.407  4.347 1.0000000000
32511  -30.387  -42.660  3.354 1.0000000000
32512  -32.535  -42.860  3.597 1.0000000000
32513  -32.331  -41.773  1.867 1.0000000000
32514  -34.417  -42.505  4.013 1.0000000000
32515  -35.096  -42.902  3.874 1.0000000000
32516  -35.762  -43.396  3.483 1.0000000000
32517  -38.748  -42.877  3.613 1.0000000000
32518  -39.257  -43.168  4.318 1.0000000000
32519  -40.438  -43.444  4.376 1.0000000000
32526  -49.720  -43.290  3.874 1.0000000000
32534  -29.930  -43.616  3.418 1.0000000000
32535  -30.690  -42.702  2.048 1.0000000000
32536  -32.021  -42.122  1.216 1.0000000000
32537  -32.166  -41.637  1.756 1.0000000000
32538  -35.417  -42.008  2.692 1.0000000000
32539  -36.034  -42.619  2.264 1.0000000000
32540  -38.488  -42.571  2.499 1.0000000000
32541  -40.729  -43.568  3.483 1.0000000000
32542  -41.550  -43.604  3.481 1.0000000000
32544  -44.120  -43.554  2.900 1.0000000000
32545  -44.653  -43.468  3.535 1.0000000000
32546  -45.443  -43.328  3.042 1.0000000000
32547  -46.053  -42.925  2.555 1.0000000000
32548  -49.490  -43.439  3.037 1.0000000000
32551  -31.821  -42.661  0.920 1.0000000000
32552  -36.306  -41.777  0.835 1.0000000000
32553  -36.887  -42.633  0.439 1.0000000000
32554  -38.215  -42.344  0.329 1.0000000000
32555  -39.910  -43.482  1.250 1.0000000000
32556  -40.882  -43.790  1.776 1.0000000000
32557  -41.826  -43.874  2.046 1.0000000000
32558  -42.768  -43.796  2.165 1.0000000000
32559  -43.723  -43.692  2.118 1.0000000000
32560  -44.609  -43.459  1.915 1.0000000000
32561  -48.295  -42.487  1.782 1.0000000000
32562  -48.879  -43.531  2.381 1.0000000000
32564  -31.599  -43.504  0.470 1.0000000000
32565  -36.743  -41.710  0.180 1.0000000000
32566  -37.231  -42.281  -0.109 1.0000000000
32567  -38.542  -42.847  -0.185 1.0000000000
32568  -39.472  -43.418  0.213 1.0000000000
32569  -40.525  -43.824  0.681 1.0000000000
32570  -41.501  -44.027  1.083 1.0000000000
32571  -42.447  -44.002  1.241 1.0000000000
32572  -43.386  -43.829  1.260 1.0000000000
32573  -44.268  -43.552  1.180 1.0000000000
32574  -45.634  -42.957  1.040 1.0000000000
32575  -46.563  -42.569  1.366 1.0000000000
32576  -47.233  -42.930  1.353 1.0000000000
32577  -48.149  -43.576  1.731 1.0000000000
32578  -38.192  -43.074  -0.448 1.0000000000
32579  -39.092  -43.560  -0.334 1.0000000000
32580  -40.084  -43.886  -0.022 1.0000000000
32581  -41.076  -44.205  0.237 1.0000000000
32582  -42.085  -44.258  0.392 1.0000000000
32583  -43.076  -44.089  0.399 1.0000000000
32584  -44.007  -43.834  0.539 1.0000000000
32585  -45.250  -43.310  0.768 1.0000000000
32586  -45.911  -43.036  0.924 1.0000000000
32587  -46.652  -43.423  1.106 1.0000000000
32588  -39.816  -44.125  -0.329 1.0000000000
33249  -45.980  -43.141  11.726 1.0000000000
33250  -46.669  -42.692  11.472 1.0000000000
33251  -47.757  -42.423  11.255 1.0000000000
33252  -48.804  -42.104  11.318 1.0000000000
33253  -49.592  -41.763  11.262 1.0000000000
33257  -47.927  -43.165  10.732 1.0000000000
33258  -48.764  -42.831  10.873 1.0000000000
33259  -49.773  -42.544  11.067 1.0000000000
33260  -50.443  -42.977  10.618 1.0000000000
33264  -50.799  -42.887  10.225 1.0000000000
33280  -50.098  -43.147  8.656 1.0000000000
33281  -50.599  -42.572  9.397 1.0000000000
33289  -30.842  -42.796  6.841 1.0000000000
33290  -31.377  -42.455  7.572 1.0000000000
33301  -49.655  -42.810  7.683 1.0000000000
33305  -30.836  -42.238  5.312 1.0000000000
33306  -31.413  -42.133  6.393 1.0000000000
33307  -36.817  -41.970  6.911 1.0000000000
33308  -37.604  -42.359  6.905 1.0000000000
33318  -49.504  -42.607  6.711 1.0000000000
33322  -30.813  -41.864  3.611 1.0000000000
33323  -31.289  -41.289  4.069 1.0000000000
33324  -33.093  -42.391  3.823 1.0000000000
33325  -33.728  -42.073  3.768 1.0000000000
33326  -37.135  -42.014  6.064 1.0000000000
33327  -37.357  -41.992  5.135 1.0000000000
33328  -38.229  -42.577  5.306 1.0000000000
33329  -39.091  -43.042  5.146 1.0000000000
33333  -47.092  -42.277  4.813 1.0000000000
33334  -49.588  -42.496  5.608 1.0000000000
33344  -31.320  -41.860  2.012 1.0000000000
33345  -31.619  -41.144  2.626 1.0000000000
33346  -33.105  -41.319  2.543 1.0000000000
33347  -33.533  -40.591  2.363 1.0000000000
33348  -34.191  -41.188  2.838 1.0000000000
33349  -34.777  -41.544  2.929 1.0000000000
33350  -37.485  -41.899  3.911 1.0000000000
33351  -38.461  -42.695  4.297 1.0000000000
33353  -46.750  -42.680  4.131 1.0000000000
33354  -47.439  -42.106  3.938 1.0000000000
33355  -49.927  -42.426  3.886 1.0000000000
33360  -32.590  -41.167  2.118 1.0000000000
33361  -33.017  -40.499  2.339 1.0000000000
33362  -34.477  -40.100  1.728 1.0000000000
33363  -35.155  -40.443  1.564 1.0000000000
33364  -35.685  -41.178  1.238 1.0000000000
33365  -37.468  -41.539  1.636 1.0000000000
33366  -46.709  -42.450  2.786 1.0000000000
33367  -49.727  -42.279  2.991 1.0000000000
33371  -31.921  -42.070  1.212 1.0000000000
33372  -35.797  -40.409  1.168 1.0000000000
33373  -36.021  -40.855  0.660 1.0000000000
33374  -37.260  -41.509  0.397 1.0000000000
33375  -46.418  -42.375  1.705 1.0000000000
33376  -46.994  -41.738  1.748 1.0000000000
33377  -47.642  -41.583  1.644 1.0000000000
33378  -49.076  -41.233  1.974 1.0000000000
33381  -36.476  -41.088  0.455 1.0000000000
33382  -36.861  -41.566  0.146 1.0000000000
33383  -37.617  -42.301  -0.167 1.0000000000
33384  -46.837  -42.143  1.505 1.0000000000
33385  -47.116  -42.042  1.442 1.0000000000
33386  -47.619  -42.408  1.492 1.0000000000
34084  -47.012  -41.796  11.797 1.0000000000
34085  -47.967  -41.569  11.518 1.0000000000
34086  -48.746  -41.455  11.356 1.0000000000
34092  -50.497  -42.125  11.029 1.0000000000
34093  -50.813  -42.315  10.582 1.0000000000
34108  -51.066  -41.932  10.060 1.0000000000
34115  -31.938  -42.023  8.096 1.0000000000
34129  -50.040  -42.214  8.333 1.0000000000
34130  -50.683  -41.652  9.034 1.0000000000
34137  -31.861  -41.962  7.089 1.0000000000
34138  -32.438  -41.541  7.191 1.0000000000
34139  -33.165  -41.145  7.279 1.0000000000
34140  -35.552  -41.394  7.655 1.0000000000
34145  -49.655  -41.958  7.333 1.0000000000
34146  -50.101  -41.343  7.939 1.0000000000
34149  -31.983  -41.369  6.011 1.0000000000
34150  -32.710  -40.839  6.158 1.0000000000
34151  -33.487  -40.528  6.309 1.0000000000
34152  -34.334  -40.540  6.475 1.0000000000
34153  -35.139  -40.801  6.590 1.0000000000
34154  -36.394  -41.416  5.873 1.0000000000
34158  -49.634  -41.783  6.319 1.0000000000
34159  -50.063  -40.892  5.941 1.0000000000
34162  -31.766  -40.875  4.631 1.0000000000
34163  -32.315  -40.264  4.017 1.0000000000
34164  -35.492  -40.615  5.431 1.0000000000
34165  -36.050  -40.769  4.502 1.0000000000
34166  -36.637  -41.183  3.991 1.0000000000
34169  -48.243  -40.848  4.159 1.0000000000
34170  -49.864  -41.608  5.356 1.0000000000
34171  -50.335  -41.007  4.695 1.0000000000
34180  -31.868  -40.578  3.262 1.0000000000
34181  -32.585  -40.230  2.845 1.0000000000
34182  -33.966  -40.031  1.905 1.0000000000
34183  -35.213  -40.026  3.779 1.0000000000
34184  -35.577  -40.167  2.563 1.0000000000
34185  -36.513  -40.790  2.509 1.0000000000
34186  -47.870  -41.174  3.329 1.0000000000
34187  -48.198  -40.636  3.256 1.0000000000
34188  -50.463  -40.967  3.681 1.0000000000
34191  -32.421  -40.790  2.331 1.0000000000
34192  -33.698  -39.941  2.162 1.0000000000
34193  -34.258  -39.952  1.826 1.0000000000
34194  -35.028  -40.023  1.534 1.0000000000
34195  -35.786  -40.302  1.318 1.0000000000
34196  -36.585  -40.729  1.392 1.0000000000
34197  -47.832  -40.876  2.209 1.0000000000
34198  -48.224  -40.488  2.448 1.0000000000
34199  -50.132  -41.627  3.408 1.0000000000
34200  -50.236  -40.764  2.755 1.0000000000
34203  -36.168  -40.688  0.705 1.0000000000
34204  -36.713  -40.918  0.704 1.0000000000
34205  -47.704  -41.261  1.808 1.0000000000
34206  -48.700  -40.282  1.921 1.0000000000
34207  -49.504  -40.418  2.139 1.0000000000
34208  -50.021  -40.070  2.313 1.0000000000
34212  -36.580  -41.042  0.424 1.0000000000
34839  -47.166  -40.852  11.729 1.0000000000
34840  -48.212  -40.892  11.360 1.0000000000
34841  -49.166  -41.003  11.195 1.0000000000
34855  -47.616  -40.251  11.162 1.0000000000
34856  -48.522  -40.327  10.908 1.0000000000
34857  -49.560  -40.421  10.726 1.0000000000
34858  -50.659  -40.588  10.423 1.0000000000
34876  -51.213  -40.659  9.974 1.0000000000
34877  -51.290  -39.908  9.484 1.0000000000
34889  -51.270  -40.290  9.280 1.0000000000
34900  -50.342  -40.462  7.281 1.0000000000
34904  -32.984  -40.152  4.962 1.0000000000
34905  -33.890  -40.041  5.365 1.0000000000
34906  -34.683  -40.258  5.533 1.0000000000
34910  -50.548  -40.358  5.097 1.0000000000
34914  -32.963  -39.854  3.460 1.0000000000
34915  -33.581  -39.698  4.081 1.0000000000
34916  -34.276  -39.762  4.455 1.0000000000
34917  -34.870  -39.991  4.587 1.0000000000
34919  -48.535  -40.221  4.524 1.0000000000
34920  -50.824  -40.178  3.941 1.0000000000
34925  -33.148  -39.964  2.572 1.0000000000
34926  -33.988  -39.518  3.394 1.0000000000
34927  -34.521  -39.636  3.447 1.0000000000
34928  -48.552  -40.115  3.127 1.0000000000
34929  -50.633  -40.155  2.921 1.0000000000
34934  -33.561  -39.672  2.848 1.0000000000
34935  -34.077  -39.589  2.430 1.0000000000
34936  -48.745  -39.946  2.145 1.0000000000
34941  -49.226  -39.742  2.062 1.0000000000
35605  -47.872  -39.676  10.622 1.0000000000
35606  -48.812  -39.679  10.383 1.0000000000
35607  -49.943  -39.706  10.232 1.0000000000
35608  -51.026  -39.738  9.870 1.0000000000
35620  -49.071  -38.950  9.856 1.0000000000
35621  -50.162  -38.968  9.739 1.0000000000
35622  -51.044  -38.851  9.491 1.0000000000
35623  -51.450  -39.323  9.303 1.0000000000
35631  -51.495  -39.616  8.931 1.0000000000
35639  -51.090  -39.923  8.288 1.0000000000
35640  -51.607  -39.139  8.086 1.0000000000
35646  -50.887  -39.538  7.107 1.0000000000
35647  -51.144  -39.155  5.867 1.0000000000
35651  -48.824  -39.548  4.871 1.0000000000
35652  -49.329  -38.955  3.886 1.0000000000
35653  -50.944  -39.663  4.829 1.0000000000
35654  -51.401  -38.939  4.538 1.0000000000
35662  -48.937  -39.566  3.570 1.0000000000
35663  -49.783  -38.497  3.016 1.0000000000
35664  -51.221  -39.284  3.624 1.0000000000
35665  -51.410  -38.414  3.435 1.0000000000
35671  -48.967  -39.549  2.583 1.0000000000
35672  -49.937  -38.878  2.486 1.0000000000
35677  -49.344  -39.478  2.362 1.0000000000
35678  -49.695  -39.393  2.322 1.0000000000
36433  -48.059  -38.992  10.083 1.0000000000
36447  -49.425  -38.230  9.495 1.0000000000
36448  -50.344  -38.323  9.431 1.0000000000
36449  -51.642  -38.630  9.090 1.0000000000
36462  -52.021  -38.440  8.420 1.0000000000
36463  -52.308  -37.764  8.335 1.0000000000
36471  -51.924  -38.427  7.421 1.0000000000
36472  -52.439  -37.851  7.816 1.0000000000
36477  -49.124  -38.819  5.247 1.0000000000
36478  -49.271  -37.971  5.626 1.0000000000
36479  -51.698  -38.393  6.065 1.0000000000
36480  -52.238  -37.797  6.730 1.0000000000
36484  -49.739  -38.172  4.122 1.0000000000
36485  -51.757  -38.152  4.549 1.0000000000
36493  -50.161  -38.042  3.118 1.0000000000
36494  -50.649  -37.885  3.021 1.0000000000
36495  -51.599  -37.690  3.530 1.0000000000
36501  -50.402  -38.297  2.783 1.0000000000
36502  -51.037  -37.884  2.951 1.0000000000
37279  -48.956  -37.392  9.361 1.0000000000
37280  -51.094  -37.987  9.168 1.0000000000
37281  -51.878  -37.917  8.802 1.0000000000
37295  -51.402  -37.161  8.813 1.0000000000
37296  -52.249  -37.237  8.485 1.0000000000
37297  -52.759  -37.140  8.040 1.0000000000
37308  -41.761  -37.461  7.505 1.0000000000
37313  -52.682  -37.194  7.187 1.0000000000
37317  -42.273  -37.216  7.049 1.0000000000
37319  -48.568  -37.485  6.485 1.0000000000
37320  -49.331  -37.141  5.902 1.0000000000
37321  -52.169  -37.614  5.451 1.0000000000
37322  -52.498  -37.199  6.185 1.0000000000
37326  -49.953  -37.464  4.828 1.0000000000
37327  -50.638  -36.868  4.165 1.0000000000
37328  -52.107  -37.320  4.271 1.0000000000
37329  -52.468  -36.852  5.189 1.0000000000
37338  -41.591  -37.584  2.347 1.0000000000
37339  -50.389  -37.600  3.579 1.0000000000
37340  -51.020  -37.335  3.277 1.0000000000
37341  -51.640  -37.046  3.603 1.0000000000
37342  -52.214  -36.594  4.337 1.0000000000
37348  -41.191  -37.442  1.100 1.0000000000
38157  -48.670  -36.556  9.371 1.0000000000
38158  -49.468  -36.718  9.213 1.0000000000
38159  -50.406  -36.688  8.961 1.0000000000
38174  -51.237  -36.244  8.700 1.0000000000
38175  -51.985  -36.625  8.586 1.0000000000
38176  -52.744  -36.471  8.281 1.0000000000
38177  -53.341  -35.941  7.961 1.0000000000
38190  -39.722  -36.561  7.301 1.0000000000
38191  -40.392  -36.955  7.415 1.0000000000
38192  -41.093  -37.144  6.955 1.0000000000
38197  -53.077  -36.534  7.581 1.0000000000
38203  -39.952  -36.513  5.297 1.0000000000
38204  -41.007  -37.045  5.879 1.0000000000
38205  -41.756  -37.273  6.431 1.0000000000
38206  -42.162  -37.077  6.101 1.0000000000
38207  -48.758  -35.948  6.493 1.0000000000
38208  -49.463  -36.322  5.986 1.0000000000
38209  -52.872  -36.468  6.363 1.0000000000
38210  -53.382  -35.835  7.130 1.0000000000
38214  -39.779  -36.479  3.618 1.0000000000
38215  -40.774  -37.055  4.513 1.0000000000
38216  -41.689  -37.273  5.262 1.0000000000
38217  -42.342  -37.013  4.799 1.0000000000
38218  -50.359  -36.302  5.243 1.0000000000
38219  -51.158  -36.261  4.419 1.0000000000
38220  -51.665  -35.730  4.739 1.0000000000
38221  -52.667  -36.112  5.225 1.0000000000
38231  -39.631  -36.369  2.312 1.0000000000
38232  -40.351  -37.013  2.984 1.0000000000
38233  -41.474  -37.440  3.664 1.0000000000
38234  -42.383  -37.308  3.155 1.0000000000
38235  -51.286  -36.813  3.753 1.0000000000
38236  -51.745  -36.445  4.133 1.0000000000
38237  -52.229  -35.856  4.648 1.0000000000
38243  -40.121  -36.778  1.838 1.0000000000
38244  -40.727  -37.395  2.044 1.0000000000
38245  -42.137  -37.490  1.553 1.0000000000
38246  -42.949  -37.039  2.286 1.0000000000
38251  -40.658  -37.107  1.113 1.0000000000
38252  -41.209  -37.188  0.461 1.0000000000
38253  -41.718  -37.233  0.208 1.0000000000
38254  -42.593  -37.021  0.539 1.0000000000
38258  -41.716  -37.054  -0.012 1.0000000000
38259  -42.236  -36.849  -0.185 1.0000000000
39083  -48.512  -35.730  9.396 1.0000000000
39084  -50.371  -35.753  8.877 1.0000000000
39097  -51.248  -35.358  8.673 1.0000000000
39098  -52.120  -35.879  8.527 1.0000000000
39099  -53.062  -35.573  8.275 1.0000000000
39100  -53.591  -35.049  8.026 1.0000000000
39122  -53.616  -35.300  7.554 1.0000000000
39134  -37.796  -35.118  5.743 1.0000000000
39135  -38.484  -35.563  5.976 1.0000000000
39136  -38.967  -35.989  6.914 1.0000000000
39137  -48.496  -35.218  6.656 1.0000000000
39138  -49.966  -35.124  5.939 1.0000000000
39139  -50.641  -34.855  5.717 1.0000000000
39140  -53.148  -35.609  6.153 1.0000000000
39141  -53.608  -35.051  6.863 1.0000000000
39145  -38.602  -35.417  2.376 1.0000000000
39146  -39.075  -35.954  3.930 1.0000000000
39147  -43.319  -35.708  4.569 1.0000000000
39148  -49.930  -35.765  5.746 1.0000000000
39149  -50.751  -35.571  5.305 1.0000000000
39150  -52.134  -35.154  5.134 1.0000000000
39151  -52.716  -35.361  5.413 1.0000000000
39152  -53.293  -34.809  6.150 1.0000000000
39161  -39.074  -35.628  2.110 1.0000000000
39162  -39.058  -36.050  2.385 1.0000000000
39163  -43.061  -36.643  3.871 1.0000000000
39164  -43.591  -35.849  3.705 1.0000000000
39174  -39.321  -35.982  1.885 1.0000000000
39175  -40.812  -36.586  1.185 1.0000000000
39176  -43.494  -36.406  1.416 1.0000000000
39182  -40.973  -37.063  0.641 1.0000000000
39183  -41.747  -36.380  0.280 1.0000000000
39184  -42.995  -36.201  -0.104 1.0000000000
39185  -43.923  -35.519  0.760 1.0000000000
39190  -42.495  -36.490  -0.094 1.0000000000
39191  -43.540  -35.191  0.152 1.0000000000
39990  -48.084  -34.283  9.517 1.0000000000
39991  -48.704  -34.845  9.383 1.0000000000
39992  -49.427  -34.417  9.242 1.0000000000
39993  -50.369  -34.754  8.925 1.0000000000
40000  -51.315  -34.607  8.700 1.0000000000
40001  -52.289  -34.910  8.521 1.0000000000
40002  -53.024  -34.043  8.442 1.0000000000
40003  -53.815  -34.032  8.034 1.0000000000
40019  -53.857  -34.536  7.497 1.0000000000
40035  -35.536  -33.900  5.906 1.0000000000
40036  -36.220  -34.397  6.434 1.0000000000
40037  -37.041  -34.858  6.685 1.0000000000
40041  -48.615  -34.474  6.658 1.0000000000
40042  -51.071  -34.302  5.794 1.0000000000
40043  -51.695  -33.734  5.943 1.0000000000
40044  -53.394  -33.951  6.180 1.0000000000
40045  -53.801  -34.160  6.793 1.0000000000
40055  -36.442  -34.120  4.715 1.0000000000
40056  -37.448  -34.495  2.581 1.0000000000
40057  -37.734  -34.980  3.506 1.0000000000
40058  -38.115  -35.255  2.422 1.0000000000
40059  -51.409  -35.006  5.367 1.0000000000
40060  -51.950  -34.412  5.544 1.0000000000
40061  -52.698  -34.576  5.639 1.0000000000
40067  -38.023  -34.936  1.845 1.0000000000
40068  -39.105  -35.302  2.290 1.0000000000
40069  -40.236  -35.123  3.096 1.0000000000
40070  -41.388  -34.744  3.339 1.0000000000
40071  -43.740  -34.872  4.185 1.0000000000
40079  -39.267  -36.049  1.785 1.0000000000
40080  -40.441  -35.874  2.107 1.0000000000
40081  -41.618  -35.600  1.876 1.0000000000
40082  -44.047  -35.572  2.580 1.0000000000
40083  -44.593  -34.867  1.723 1.0000000000
40089  -42.718  -35.515  0.016 1.0000000000
40090  -43.397  -34.686  0.134 1.0000000000
40091  -44.272  -34.807  0.631 1.0000000000
40096  -42.981  -35.641  -0.142 1.0000000000
40097  -44.112  -34.384  0.342 1.0000000000
40942  -47.814  -33.412  9.612 1.0000000000
40943  -48.556  -33.458  9.495 1.0000000000
40944  -50.876  -33.063  9.008 1.0000000000
40945  -51.816  -32.837  8.812 1.0000000000
40948  -50.976  -33.955  8.857 1.0000000000
40949  -53.750  -33.146  8.222 1.0000000000
40950  -54.095  -33.028  7.872 1.0000000000
40958  -54.082  -33.549  7.442 1.0000000000
40967  -34.849  -33.639  5.662 1.0000000000
40969  -49.160  -33.986  6.532 1.0000000000
40970  -50.778  -33.583  6.205 1.0000000000
40971  -53.284  -33.081  6.334 1.0000000000
40972  -53.929  -33.252  6.819 1.0000000000
40982  -34.569  -33.380  4.937 1.0000000000
40983  -35.707  -33.623  4.535 1.0000000000
40984  -36.701  -34.014  3.236 1.0000000000
40985  -39.102  -33.854  3.796 1.0000000000
40986  -39.748  -33.714  4.644 1.0000000000
40989  -52.345  -33.254  6.126 1.0000000000
40997  -34.166  -33.125  4.114 1.0000000000
40998  -35.335  -33.175  3.734 1.0000000000
40999  -36.455  -33.611  2.747 1.0000000000
41000  -37.540  -34.061  1.650 1.0000000000
41001  -37.985  -34.266  1.541 1.0000000000
41002  -38.320  -34.778  1.837 1.0000000000
41003  -39.170  -34.602  2.904 1.0000000000
41004  -40.042  -34.435  3.871 1.0000000000
41006  -42.199  -33.742  3.489 1.0000000000
41007  -44.147  -33.879  4.074 1.0000000000
41008  -44.566  -33.093  3.854 1.0000000000
41020  -33.487  -33.161  3.437 1.0000000000
41021  -37.254  -33.417  1.438 1.0000000000
41022  -37.666  -33.661  1.531 1.0000000000
41023  -42.269  -34.602  2.374 1.0000000000
41024  -44.371  -34.655  3.127 1.0000000000
41025  -44.894  -33.950  2.638 1.0000000000
41037  -33.288  -32.976  2.227 1.0000000000
41038  -42.877  -34.345  0.865 1.0000000000
41039  -43.392  -33.781  0.575 1.0000000000
41040  -44.937  -34.125  1.032 1.0000000000
41041  -45.376  -33.329  1.076 1.0000000000
41049  -33.164  -32.751  1.157 1.0000000000
41050  -43.861  -33.719  0.345 1.0000000000
41051  -44.624  -33.584  0.637 1.0000000000
41883  -47.541  -32.719  9.675 1.0000000000
41884  -48.300  -32.613  9.583 1.0000000000
41885  -49.714  -32.301  9.439 1.0000000000
41886  -50.553  -32.238  9.276 1.0000000000
41887  -51.647  -32.176  9.013 1.0000000000
41890  -52.739  -32.253  8.708 1.0000000000
41891  -54.163  -32.088  8.014 1.0000000000
41897  -48.712  -32.342  7.054 1.0000000000
41898  -54.152  -32.441  7.439 1.0000000000
41904  -37.446  -32.252  5.084 1.0000000000
41905  -38.048  -32.532  5.717 1.0000000000
41911  -48.950  -33.181  6.773 1.0000000000
41912  -49.677  -32.496  6.791 1.0000000000
41913  -50.655  -32.743  6.518 1.0000000000
41914  -52.582  -32.573  6.367 1.0000000000
41915  -53.481  -32.261  6.600 1.0000000000
41916  -53.953  -32.491  6.843 1.0000000000
41927  -37.753  -32.518  3.328 1.0000000000
41928  -38.227  -32.968  3.898 1.0000000000
41929  -38.674  -33.153  4.794 1.0000000000
41934  -43.850  -33.021  4.987 1.0000000000
41943  -34.325  -32.798  3.173 1.0000000000
41944  -34.969  -32.789  3.211 1.0000000000
41945  -36.100  -33.010  2.240 1.0000000000
41946  -37.711  -32.840  1.649 1.0000000000
41947  -38.078  -33.501  1.806 1.0000000000
41948  -38.456  -33.926  2.413 1.0000000000
41949  -42.079  -32.873  4.295 1.0000000000
41950  -44.322  -32.312  4.704 1.0000000000
41960  -34.086  -32.609  2.371 1.0000000000
41961  -35.176  -32.468  2.039 1.0000000000
41962  -36.680  -32.647  1.241 1.0000000000
41963  -37.230  -32.811  1.212 1.0000000000
41964  -42.703  -32.807  3.067 1.0000000000
41965  -43.143  -32.229  1.689 1.0000000000
41966  -45.419  -33.012  2.639 1.0000000000
41967  -46.207  -32.470  2.104 1.0000000000
41978  -33.818  -32.452  1.537 1.0000000000
41979  -34.641  -32.163  1.255 1.0000000000
41980  -35.790  -32.116  1.007 1.0000000000
41981  -36.673  -32.265  1.029 1.0000000000
41982  -43.034  -33.239  1.455 1.0000000000
41983  -43.540  -32.921  0.788 1.0000000000
41984  -45.436  -33.537  1.713 1.0000000000
41985  -45.828  -32.915  1.648 1.0000000000
41989  -32.926  -32.468  0.786 1.0000000000
41990  -33.929  -32.065  0.936 1.0000000000
41991  -34.909  -31.880  1.017 1.0000000000
41992  -35.358  -31.562  0.968 1.0000000000
41993  -44.202  -32.881  0.607 1.0000000000
41994  -45.135  -32.887  0.808 1.0000000000
41995  -45.752  -32.762  1.226 1.0000000000
41999  -32.452  -32.160  0.619 1.0000000000
42000  -33.302  -31.790  0.832 1.0000000000
42798  -46.361  -32.077  9.905 1.0000000000
42799  -47.319  -32.001  9.696 1.0000000000
42800  -48.171  -31.814  9.622 1.0000000000
42801  -50.089  -31.601  9.436 1.0000000000
42802  -51.416  -31.237  9.225 1.0000000000
42804  -52.834  -31.310  8.819 1.0000000000
42805  -54.021  -30.500  8.328 1.0000000000
42806  -54.308  -30.976  8.020 1.0000000000
42821  -49.476  -31.576  7.104 1.0000000000
42822  -51.663  -30.763  7.149 1.0000000000
42823  -53.037  -30.788  7.047 1.0000000000
42824  -54.185  -30.796  7.702 1.0000000000
42825  -54.233  -31.499  7.730 1.0000000000
42835  -35.994  -31.150  5.224 1.0000000000
42836  -36.667  -31.669  5.900 1.0000000000
42844  -50.717  -31.728  6.865 1.0000000000
42845  -51.703  -32.199  6.545 1.0000000000
42846  -53.064  -31.641  6.664 1.0000000000
42847  -54.055  -31.658  7.123 1.0000000000
42858  -32.539  -31.400  5.396 1.0000000000
42859  -33.290  -30.848  5.683 1.0000000000
42860  -36.463  -31.220  3.506 1.0000000000
42861  -36.930  -31.744  4.439 1.0000000000
42865  -44.419  -31.553  5.366 1.0000000000
42872  -32.568  -31.372  4.277 1.0000000000
42873  -33.341  -30.800  4.554 1.0000000000
42874  -36.565  -31.175  2.025 1.0000000000
42875  -37.260  -31.984  1.746 1.0000000000
42876  -42.490  -31.367  4.394 1.0000000000
42877  -45.780  -31.293  3.671 1.0000000000
42878  -47.018  -31.041  2.968 1.0000000000
42885  -31.691  -31.829  3.132 1.0000000000
42886  -32.450  -31.250  3.152 1.0000000000
42887  -33.233  -30.706  3.371 1.0000000000
42888  -36.381  -31.442  1.276 1.0000000000
42889  -36.993  -31.994  1.120 1.0000000000
42890  -42.892  -31.610  3.052 1.0000000000
42891  -43.160  -31.373  1.648 1.0000000000
42892  -45.701  -32.164  3.060 1.0000000000
42893  -47.510  -31.139  2.138 1.0000000000
42899  -31.736  -31.478  1.227 1.0000000000
42900  -32.533  -31.145  1.444 1.0000000000
42901  -33.024  -30.649  2.087 1.0000000000
42902  -36.025  -31.833  0.917 1.0000000000
42903  -43.660  -31.915  0.987 1.0000000000
42904  -46.340  -32.191  1.658 1.0000000000
42905  -47.159  -31.400  1.876 1.0000000000
42906  -31.889  -31.776  0.703 1.0000000000
42907  -32.532  -31.510  0.873 1.0000000000
42908  -34.341  -31.431  1.019 1.0000000000
42909  -44.695  -32.213  0.852 1.0000000000
42910  -45.714  -32.337  1.171 1.0000000000
43666  -47.489  -30.177  9.458 1.0000000000
43667  -48.455  -30.224  9.473 1.0000000000
43668  -49.652  -30.196  9.446 1.0000000000
43669  -50.515  -30.712  9.408 1.0000000000
43670  -51.674  -30.243  9.239 1.0000000000
43680  -52.941  -30.181  8.823 1.0000000000
43681  -53.933  -29.542  8.267 1.0000000000
43682  -54.292  -30.051  8.006 1.0000000000
43698  -50.243  -29.980  7.397 1.0000000000
43699  -53.318  -29.131  7.746 1.0000000000
43700  -53.946  -30.069  7.680 1.0000000000
43707  -35.176  -30.690  5.952 1.0000000000
43720  -33.878  -30.512  6.055 1.0000000000
43721  -34.519  -30.472  5.610 1.0000000000
43724  -45.348  -30.236  5.486 1.0000000000
43730  -34.073  -30.422  4.885 1.0000000000
43731  -34.642  -30.314  3.925 1.0000000000
43732  -35.596  -30.542  3.217 1.0000000000
43734  -44.919  -30.847  4.902 1.0000000000
43735  -45.858  -30.423  4.348 1.0000000000
43736  -47.093  -30.190  3.583 1.0000000000
43741  -33.973  -30.333  3.721 1.0000000000
43742  -34.773  -30.256  2.911 1.0000000000
43743  -35.722  -30.595  2.041 1.0000000000
43744  -42.789  -30.611  3.501 1.0000000000
43745  -42.951  -30.663  2.076 1.0000000000
43746  -47.687  -30.604  2.457 1.0000000000
43747  -48.166  -30.137  2.869 1.0000000000
43754  -33.948  -30.320  2.565 1.0000000000
43755  -34.875  -30.438  1.830 1.0000000000
43756  -35.626  -31.007  1.206 1.0000000000
43757  -43.393  -30.967  1.524 1.0000000000
43758  -43.845  -30.569  1.558 1.0000000000
43759  -45.507  -31.114  1.486 1.0000000000
43760  -47.658  -30.731  2.122 1.0000000000
43761  -47.869  -30.394  2.446 1.0000000000
43766  -34.065  -30.628  1.509 1.0000000000
43767  -34.912  -30.912  1.169 1.0000000000
43768  -44.263  -31.426  1.190 1.0000000000
43769  -45.348  -31.812  1.146 1.0000000000
43770  -46.359  -31.745  1.499 1.0000000000
44491  -45.975  -29.690  9.347 1.0000000000
44492  -47.082  -29.502  9.274 1.0000000000
44493  -48.082  -29.422  9.290 1.0000000000
44494  -49.152  -29.307  9.296 1.0000000000
44495  -51.880  -28.456  9.183 1.0000000000
44506  -52.969  -28.266  8.850 1.0000000000
44507  -53.821  -29.073  8.123 1.0000000000
44516  -49.695  -29.391  7.324 1.0000000000
44517  -50.846  -29.183  7.434 1.0000000000
44518  -52.325  -28.351  7.662 1.0000000000
44519  -53.326  -28.288  8.091 1.0000000000
44527  -46.727  -28.985  6.157 1.0000000000
44528  -47.905  -28.988  6.879 1.0000000000
44536  -46.109  -29.580  4.939 1.0000000000
44537  -46.669  -28.970  5.467 1.0000000000
44546  -42.576  -29.749  3.863 1.0000000000
44547  -47.428  -29.407  4.028 1.0000000000
44548  -48.480  -29.448  3.165 1.0000000000
44554  -42.848  -29.214  1.991 1.0000000000
44555  -43.078  -30.082  1.775 1.0000000000
44556  -45.746  -29.532  2.538 1.0000000000
44557  -48.133  -30.080  2.674 1.0000000000
44561  -42.991  -28.856  1.993 1.0000000000
44562  -43.350  -29.711  1.870 1.0000000000
44563  -44.778  -30.136  2.034 1.0000000000
44564  -46.582  -30.519  1.939 1.0000000000
45223  -46.570  -28.861  8.977 1.0000000000
45224  -47.657  -28.698  8.983 1.0000000000
45225  -48.747  -28.512  9.046 1.0000000000
45226  -51.096  -27.958  9.165 1.0000000000
45242  -45.983  -28.224  8.662 1.0000000000
45243  -47.121  -27.947  8.635 1.0000000000
45244  -48.347  -27.731  8.719 1.0000000000
45245  -50.770  -27.214  8.923 1.0000000000
45246  -51.863  -27.124  8.911 1.0000000000
45247  -52.533  -27.260  8.488 1.0000000000
45248  -53.059  -27.944  8.365 1.0000000000
45254  -49.132  -28.513  7.089 1.0000000000
45255  -49.341  -27.548  6.508 1.0000000000
45256  -50.810  -28.139  7.376 1.0000000000
45257  -52.207  -27.117  7.733 1.0000000000
45258  -52.840  -27.664  7.982 1.0000000000
45265  -47.352  -28.456  5.798 1.0000000000
45266  -48.294  -27.821  6.046 1.0000000000
45275  -47.681  -28.615  4.626 1.0000000000
45276  -48.159  -27.976  5.175 1.0000000000
45283  -41.943  -28.154  3.085 1.0000000000
45284  -42.448  -28.880  2.754 1.0000000000
45285  -48.780  -28.489  3.575 1.0000000000
45286  -49.260  -27.965  3.341 1.0000000000
45292  -43.672  -28.356  2.610 1.0000000000
45293  -44.955  -28.573  3.046 1.0000000000
45294  -46.565  -28.762  2.926 1.0000000000
45295  -48.269  -28.874  2.782 1.0000000000
45296  -48.621  -29.114  2.982 1.0000000000
45300  -42.472  -28.472  2.198 1.0000000000
45301  -44.153  -29.202  2.406 1.0000000000
45302  -47.543  -29.926  2.394 1.0000000000
45303  -48.124  -29.875  2.571 1.0000000000
46016  -46.381  -27.504  8.424 1.0000000000
46017  -47.860  -26.979  8.434 1.0000000000
46018  -49.274  -26.596  8.545 1.0000000000
46019  -50.673  -26.351  8.551 1.0000000000
46020  -52.056  -26.617  8.457 1.0000000000
46021  -52.317  -26.869  8.340 1.0000000000
46022  -52.531  -27.151  8.215 1.0000000000
46031  -50.874  -26.452  6.820 1.0000000000
46032  -52.074  -26.302  7.934 1.0000000000
46033  -52.343  -26.848  7.771 1.0000000000
46038  -49.081  -27.373  5.411 1.0000000000
46039  -50.068  -26.714  6.082 1.0000000000
46040  -51.260  -25.676  6.692 1.0000000000
46047  -50.362  -26.558  5.247 1.0000000000
46056  -40.851  -27.162  5.039 1.0000000000
46057  -41.391  -27.429  4.115 1.0000000000
46058  -49.152  -27.937  4.129 1.0000000000
46059  -49.871  -27.461  4.074 1.0000000000
46060  -50.702  -26.735  4.003 1.0000000000
46064  -41.595  -27.310  2.635 1.0000000000
46065  -41.958  -27.886  2.029 1.0000000000
46066  -43.485  -27.600  2.700 1.0000000000
46067  -44.486  -27.719  3.146 1.0000000000
46068  -45.541  -27.915  3.294 1.0000000000
46069  -49.138  -27.975  3.229 1.0000000000
46070  -50.543  -26.635  3.413 1.0000000000
46077  -41.698  -27.098  2.056 1.0000000000
46078  -42.484  -28.049  2.172 1.0000000000
46851  -45.965  -26.896  8.145 1.0000000000
46852  -46.901  -26.877  8.247 1.0000000000
46853  -48.790  -25.983  8.240 1.0000000000
46854  -50.419  -25.612  8.126 1.0000000000
46855  -51.669  -26.010  8.124 1.0000000000
46856  -52.171  -26.524  8.138 1.0000000000
46857  -52.351  -26.792  8.155 1.0000000000
46872  -46.728  -26.113  7.892 1.0000000000
46873  -48.009  -25.697  7.889 1.0000000000
46874  -49.343  -25.365  7.796 1.0000000000
46875  -51.210  -25.576  7.655 1.0000000000
46882  -51.154  -25.372  6.884 1.0000000000
46888  -40.282  -26.502  5.318 1.0000000000
46889  -51.317  -25.346  4.182 1.0000000000
46899  -40.809  -26.640  4.330 1.0000000000
46900  -41.183  -26.792  3.344 1.0000000000
46901  -51.114  -26.050  3.817 1.0000000000
46910  -40.755  -26.143  3.341 1.0000000000
46911  -41.228  -26.486  2.235 1.0000000000
46912  -44.110  -26.857  3.074 1.0000000000
46913  -45.057  -26.352  3.183 1.0000000000
46914  -46.084  -26.522  3.192 1.0000000000
46915  -47.262  -26.574  3.057 1.0000000000
46916  -49.325  -26.905  2.948 1.0000000000
46917  -50.163  -26.582  2.952 1.0000000000
46918  -50.754  -26.087  3.224 1.0000000000
46919  -51.109  -25.574  3.679 1.0000000000
46925  -41.449  -26.582  2.014 1.0000000000
46926  -42.164  -26.508  2.110 1.0000000000
46927  -43.372  -26.142  2.752 1.0000000000
46928  -44.341  -26.086  3.036 1.0000000000
46929  -47.773  -25.826  2.465 1.0000000000
46930  -48.880  -25.976  2.473 1.0000000000
46931  -49.675  -26.140  2.635 1.0000000000
46932  -50.263  -25.768  2.759 1.0000000000
47691  -50.632  -25.201  7.409 1.0000000000
47710  -46.043  -25.427  7.570 1.0000000000
47711  -47.166  -25.313  7.537 1.0000000000
47712  -48.326  -25.146  7.460 1.0000000000
47713  -49.613  -24.919  7.136 1.0000000000
47723  -48.400  -24.737  6.833 1.0000000000
47724  -50.820  -24.926  6.566 1.0000000000
47728  -39.444  -25.208  5.533 1.0000000000
47729  -40.325  -25.875  4.424 1.0000000000
47730  -51.325  -24.959  4.743 1.0000000000
47735  -39.830  -25.065  4.592 1.0000000000
47736  -40.351  -25.357  3.472 1.0000000000
47737  -51.189  -25.024  3.928 1.0000000000
47744  -40.740  -25.705  2.319 1.0000000000
47745  -44.962  -25.723  2.971 1.0000000000
47746  -45.780  -25.769  2.910 1.0000000000
47747  -46.715  -25.882  2.771 1.0000000000
47748  -50.747  -25.355  3.260 1.0000000000
47753  -40.818  -25.288  1.936 1.0000000000
47754  -41.045  -25.907  1.849 1.0000000000
47755  -41.970  -25.190  2.144 1.0000000000
47756  -43.284  -24.760  2.539 1.0000000000
47757  -44.239  -25.371  2.800 1.0000000000
47758  -45.418  -25.127  2.644 1.0000000000
47759  -46.563  -25.197  2.331 1.0000000000
47760  -48.659  -25.192  1.909 1.0000000000
47761  -49.558  -25.353  2.340 1.0000000000
48461  -44.774  -24.272  7.174 1.0000000000
48462  -46.412  -24.710  7.178 1.0000000000
48463  -47.174  -24.433  6.532 1.0000000000
48472  -38.983  -24.641  6.037 1.0000000000
48473  -45.557  -24.200  6.944 1.0000000000
48474  -46.206  -24.145  6.635 1.0000000000
48475  -48.313  -24.501  5.877 1.0000000000
48476  -49.668  -24.695  6.239 1.0000000000
48484  -39.390  -24.500  5.256 1.0000000000
48485  -47.321  -24.137  5.542 1.0000000000
48486  -48.259  -24.299  4.857 1.0000000000
48487  -49.571  -24.512  5.151 1.0000000000
48488  -50.888  -24.776  5.518 1.0000000000
48491  -39.666  -24.279  4.523 1.0000000000
48492  -40.034  -24.584  3.650 1.0000000000
48493  -49.373  -24.357  4.050 1.0000000000
48494  -50.083  -24.510  3.423 1.0000000000
48495  -50.707  -24.688  4.295 1.0000000000
48501  -40.394  -24.909  2.530 1.0000000000
48502  -49.807  -24.563  2.703 1.0000000000
48503  -50.576  -24.863  3.352 1.0000000000
48510  -40.678  -24.437  1.970 1.0000000000
48511  -42.010  -24.420  2.135 1.0000000000
48512  -44.821  -24.418  2.465 1.0000000000
48513  -46.116  -24.501  2.035 1.0000000000
48514  -47.308  -24.595  1.492 1.0000000000
48515  -48.343  -24.502  1.441 1.0000000000
48516  -49.322  -24.475  1.956 1.0000000000
48517  -50.157  -25.000  2.638 1.0000000000
48522  -46.950  -24.003  1.077 1.0000000000
48523  -47.992  -23.941  0.898 1.0000000000
48524  -48.680  -23.808  1.360 1.0000000000
49213  -38.881  -23.184  6.004 1.0000000000
49215  -44.761  -23.167  6.483 1.0000000000
49216  -45.573  -23.549  6.359 1.0000000000
49217  -46.444  -23.796  6.010 1.0000000000
49224  -39.337  -23.298  5.322 1.0000000000
49225  -45.880  -23.172  5.549 1.0000000000
49226  -46.649  -23.534  5.130 1.0000000000
49227  -47.416  -23.893  4.714 1.0000000000
49231  -39.657  -23.583  4.590 1.0000000000
49232  -39.869  -23.944  3.898 1.0000000000
49233  -47.042  -23.396  4.169 1.0000000000
49234  -48.166  -23.890  3.791 1.0000000000
49240  -40.165  -23.959  2.846 1.0000000000
49241  -48.510  -23.570  2.544 1.0000000000
49242  -49.365  -24.135  2.948 1.0000000000
49248  -40.534  -23.552  2.087 1.0000000000
49249  -41.091  -23.283  1.824 1.0000000000
49250  -42.037  -23.541  2.078 1.0000000000
49251  -43.102  -23.828  2.360 1.0000000000
49252  -44.784  -23.709  2.229 1.0000000000
49253  -45.729  -23.848  1.766 1.0000000000
49254  -48.469  -23.312  1.456 1.0000000000
49255  -49.125  -23.935  2.057 1.0000000000
49262  -45.219  -23.143  1.690 1.0000000000
49263  -46.501  -23.375  0.908 1.0000000000
49264  -47.659  -23.307  0.465 1.0000000000
49265  -48.319  -23.297  0.757 1.0000000000
49269  -47.799  -22.708  0.008 1.0000000000
49999  -45.172  -22.774  5.905 1.0000000000
50008  -40.065  -22.002  4.649 1.0000000000
50010  -45.501  -22.543  5.210 1.0000000000
50017  -39.777  -22.734  4.778 1.0000000000
50018  -40.206  -22.412  3.948 1.0000000000
50020  -46.183  -22.813  4.598 1.0000000000
50023  -40.240  -22.865  2.810 1.0000000000
50024  -46.205  -22.012  3.513 1.0000000000
50025  -46.813  -22.713  3.478 1.0000000000
50026  -47.800  -22.960  2.352 1.0000000000
50033  -40.593  -22.718  2.000 1.0000000000
50034  -41.092  -22.234  1.789 1.0000000000
50035  -42.064  -22.676  1.962 1.0000000000
50036  -43.111  -23.024  2.199 1.0000000000
50037  -44.083  -23.354  2.261 1.0000000000
50038  -47.263  -22.158  2.267 1.0000000000
50039  -48.203  -22.729  1.395 1.0000000000
50043  -41.284  -21.303  1.709 1.0000000000
50044  -42.133  -21.812  1.803 1.0000000000
50045  -43.162  -22.252  2.036 1.0000000000
50046  -44.152  -22.662  2.036 1.0000000000
50047  -46.213  -22.785  0.776 1.0000000000
50048  -47.116  -22.984  0.280 1.0000000000
50049  -48.089  -22.602  0.076 1.0000000000
50050  -47.127  -22.526  0.008 1.0000000000
50789  -40.092  -21.267  5.040 1.0000000000
50800  -40.371  -21.570  4.151 1.0000000000
50807  -40.329  -21.916  3.187 1.0000000000
50815  -40.680  -21.486  1.958 1.0000000000
50816  -46.676  -21.019  2.286 1.0000000000
50817  -48.210  -22.472  0.766 1.0000000000
50819  -40.798  -20.645  1.773 1.0000000000
50820  -42.195  -20.970  1.672 1.0000000000
50821  -44.795  -21.583  1.385 1.0000000000
50822  -46.064  -22.153  0.631 1.0000000000
50823  -48.051  -22.300  -0.148 1.0000000000
50824  -46.974  -22.059  -0.359 1.0000000000
50825  -47.845  -22.285  -0.482 1.0000000000
51573  -40.515  -20.564  4.268 1.0000000000
51586  -40.508  -20.378  2.962 1.0000000000
51587  -45.819  -20.525  3.201 1.0000000000
51593  -40.530  -20.600  2.129 1.0000000000
51594  -46.394  -20.230  2.435 1.0000000000
51595  -47.324  -20.805  1.470 1.0000000000
51596  -40.591  -19.913  1.903 1.0000000000
51597  -41.025  -19.940  1.605 1.0000000000
51598  -43.111  -20.548  1.658 1.0000000000
51599  -44.839  -20.734  1.228 1.0000000000
51600  -45.778  -20.564  0.498 1.0000000000
51601  -48.279  -21.631  -0.194 1.0000000000
51602  -46.892  -21.498  -0.643 1.0000000000
51603  -47.866  -21.359  -1.576 1.0000000000
51604  -48.055  -21.809  -0.951 1.0000000000
51605  -48.689  -21.133  -2.045 1.0000000000
52321  -40.565  -19.568  4.793 1.0000000000
52332  -40.699  -19.562  3.726 1.0000000000
52346  -40.548  -19.390  2.638 1.0000000000
52352  -40.451  -19.237  1.993 1.0000000000
52354  -46.885  -19.898  1.795 1.0000000000
52355  -40.656  -19.202  1.762 1.0000000000
52356  -41.370  -19.201  1.520 1.0000000000
52357  -42.450  -19.187  1.536 1.0000000000
52358  -43.648  -19.280  1.577 1.0000000000
52359  -44.656  -19.859  1.295 1.0000000000
52360  -45.242  -19.427  1.025 1.0000000000
52361  -47.540  -19.605  1.194 1.0000000000
52362  -48.527  -20.561  -0.265 1.0000000000
52363  -46.160  -19.875  0.121 1.0000000000
52364  -47.057  -20.362  -1.360 1.0000000000
52365  -49.045  -20.778  -1.664 1.0000000000
52366  -48.109  -20.575  -2.145 1.0000000000
52367  -48.939  -20.464  -2.145 1.0000000000
52368  -49.158  -19.919  -1.712 1.0000000000
52369  -49.074  -19.708  -2.020 1.0000000000
53199  -40.834  -18.742  4.326 1.0000000000
53211  -40.697  -18.660  3.187 1.0000000000
53222  -40.452  -18.563  2.200 1.0000000000
53223  -46.700  -18.964  2.115 1.0000000000
53224  -47.454  -18.448  1.570 1.0000000000
53227  -40.474  -18.500  1.903 1.0000000000
53228  -40.826  -18.452  1.616 1.0000000000
53229  -41.728  -18.403  1.528 1.0000000000
53230  -42.881  -18.418  1.638 1.0000000000
53231  -43.966  -18.460  1.651 1.0000000000
53232  -44.845  -18.559  1.417 1.0000000000
53233  -48.421  -18.528  0.585 1.0000000000
53234  -49.178  -18.523  -0.371 1.0000000000
53235  -45.641  -18.797  0.835 1.0000000000
53236  -46.468  -19.117  -0.230 1.0000000000
53237  -49.000  -19.583  -0.657 1.0000000000
53238  -49.277  -18.930  -1.182 1.0000000000
53239  -47.366  -19.425  -1.582 1.0000000000
53240  -48.498  -19.467  -2.109 1.0000000000
53241  -49.150  -19.269  -1.742 1.0000000000
54087  -40.780  -17.174  3.177 1.0000000000
54095  -40.568  -17.768  2.548 1.0000000000
54107  -40.481  -17.371  1.977 1.0000000000
54108  -42.746  -16.989  2.038 1.0000000000
54109  -43.837  -16.854  2.151 1.0000000000
54118  -40.533  -17.820  1.831 1.0000000000
54119  -41.060  -17.702  1.579 1.0000000000
54120  -42.046  -17.543  1.686 1.0000000000
54121  -43.343  -17.667  1.837 1.0000000000
54122  -44.385  -17.739  1.742 1.0000000000
54123  -45.281  -17.912  1.400 1.0000000000
54124  -45.780  -17.262  1.299 1.0000000000
54125  -48.063  -17.575  1.448 1.0000000000
54126  -48.962  -17.734  0.503 1.0000000000
54127  -46.070  -18.087  0.639 1.0000000000
54128  -46.532  -17.333  0.459 1.0000000000
54129  -47.508  -17.393  -0.830 1.0000000000
54130  -49.508  -17.747  -0.562 1.0000000000
54131  -49.574  -17.245  -0.760 1.0000000000
54132  -47.737  -18.515  -1.518 1.0000000000
54133  -48.631  -18.174  -1.637 1.0000000000
54134  -49.230  -18.307  -1.336 1.0000000000
54135  -49.050  -19.073  -1.904 1.0000000000
54876  -41.140  -15.920  4.200 1.0000000000
54898  -51.488  -16.661  4.133 1.0000000000
54909  -40.603  -16.898  2.306 1.0000000000
54910  -40.781  -16.402  3.046 1.0000000000
54914  -51.169  -16.874  4.121 1.0000000000
54915  -51.442  -16.522  3.371 1.0000000000
54916  -52.052  -16.274  3.413 1.0000000000
54917  -52.535  -15.804  2.788 1.0000000000
54926  -40.615  -16.773  1.984 1.0000000000
54927  -40.834  -16.376  1.895 1.0000000000
54928  -41.684  -16.617  1.839 1.0000000000
54929  -43.797  -16.009  2.364 1.0000000000
54930  -44.781  -16.193  2.217 1.0000000000
54933  -49.015  -16.430  1.755 1.0000000000
54934  -50.268  -16.373  1.100 1.0000000000
54935  -51.854  -16.149  2.396 1.0000000000
54944  -40.675  -17.155  1.841 1.0000000000
54945  -41.147  -17.052  1.702 1.0000000000
54946  -44.927  -17.082  1.802 1.0000000000
54947  -45.501  -16.599  1.715 1.0000000000
54948  -46.232  -16.580  1.255 1.0000000000
54949  -48.687  -17.009  1.367 1.0000000000
54950  -49.588  -17.010  0.572 1.0000000000
54951  -50.681  -16.100  0.592 1.0000000000
54952  -46.951  -16.530  0.373 1.0000000000
54953  -47.807  -16.475  -0.457 1.0000000000
54954  -50.037  -16.736  -0.067 1.0000000000
54955  -50.336  -16.306  -0.033 1.0000000000
54956  -48.694  -16.503  -0.925 1.0000000000
54957  -49.413  -16.604  -0.919 1.0000000000
54958  -49.951  -16.575  -0.447 1.0000000000
54959  -50.237  -16.137  -0.252 1.0000000000
55666  -40.919  -15.685  5.311 1.0000000000
55667  -41.107  -15.134  4.612 1.0000000000
55683  -41.044  -15.163  3.664 1.0000000000
55689  -51.331  -16.643  4.442 1.0000000000
55690  -51.884  -16.246  3.876 1.0000000000
55701  -40.774  -16.057  2.135 1.0000000000
55702  -40.805  -15.513  2.800 1.0000000000
55706  -50.340  -16.327  3.193 1.0000000000
55707  -50.754  -16.159  2.251 1.0000000000
55708  -52.490  -15.744  3.272 1.0000000000
55709  -52.934  -15.171  2.900 1.0000000000
55718  -40.906  -15.542  1.981 1.0000000000
55719  -41.045  -14.772  1.930 1.0000000000
55720  -43.153  -15.361  2.397 1.0000000000
55721  -44.294  -15.396  2.475 1.0000000000
55722  -45.219  -15.345  2.339 1.0000000000
55723  -46.092  -15.170  2.076 1.0000000000
55725  -49.519  -16.088  2.337 1.0000000000
55726  -52.229  -15.669  2.101 1.0000000000
55727  -52.717  -15.229  2.276 1.0000000000
55737  -45.769  -15.946  1.862 1.0000000000
55738  -46.688  -15.765  1.285 1.0000000000
55739  -47.506  -15.293  0.873 1.0000000000
55740  -51.118  -16.035  1.437 1.0000000000
55741  -51.465  -15.713  1.334 1.0000000000
55742  -52.110  -15.207  1.562 1.0000000000
55747  -47.382  -15.933  0.413 1.0000000000
55748  -48.214  -15.739  -0.163 1.0000000000
55749  -49.109  -15.445  -0.310 1.0000000000
55750  -50.018  -15.540  -0.192 1.0000000000
55751  -50.701  -15.698  0.402 1.0000000000
55752  -51.432  -15.224  1.001 1.0000000000
55753  -49.039  -16.018  -0.737 1.0000000000
55754  -49.713  -16.061  -0.597 1.0000000000
56477  -41.015  -14.462  4.984 1.0000000000
56492  -41.046  -14.442  3.694 1.0000000000
56494  -51.465  -15.716  4.352 1.0000000000
56495  -51.717  -14.404  3.863 1.0000000000
56507  -40.802  -14.131  2.346 1.0000000000
56508  -52.651  -14.342  3.383 1.0000000000
56509  -53.103  -14.362  3.005 1.0000000000
56522  -40.864  -13.943  1.983 1.0000000000
56523  -41.152  -13.836  1.885 1.0000000000
56524  -42.324  -14.533  2.272 1.0000000000
56525  -43.798  -14.692  2.621 1.0000000000
56526  -45.483  -14.592  2.498 1.0000000000
56527  -46.326  -14.360  2.294 1.0000000000
56528  -47.139  -14.052  1.975 1.0000000000
56529  -53.032  -14.446  2.435 1.0000000000
56545  -46.879  -14.855  1.651 1.0000000000
56546  -47.717  -14.525  1.273 1.0000000000
56547  -48.630  -14.224  0.894 1.0000000000
56548  -49.605  -14.033  0.651 1.0000000000
56549  -51.738  -14.523  1.226 1.0000000000
56550  -52.549  -14.492  1.728 1.0000000000
56556  -48.350  -14.946  0.422 1.0000000000
56557  -49.330  -14.780  0.174 1.0000000000
56558  -50.262  -14.795  0.312 1.0000000000
56559  -51.042  -14.718  0.734 1.0000000000
57265  -41.047  -13.744  4.342 1.0000000000
57289  -40.811  -13.624  2.943 1.0000000000
57291  -50.741  -14.225  4.435 1.0000000000
57292  -51.230  -13.465  4.030 1.0000000000
57298  -40.687  -13.472  2.142 1.0000000000
57299  -41.311  -13.124  1.883 1.0000000000
57300  -42.745  -13.172  2.643 1.0000000000
57301  -44.018  -13.220  3.080 1.0000000000
57302  -45.119  -13.210  3.104 1.0000000000
57303  -52.179  -13.390  3.585 1.0000000000
57304  -53.029  -13.428  3.097 1.0000000000
57312  -40.641  -13.128  1.983 1.0000000000
57313  -43.348  -13.925  2.705 1.0000000000
57314  -44.645  -14.057  2.821 1.0000000000
57315  -45.716  -13.820  2.743 1.0000000000
57316  -46.564  -13.537  2.522 1.0000000000
57317  -47.433  -13.202  2.261 1.0000000000
57318  -48.405  -12.873  1.894 1.0000000000
57319  -53.178  -13.509  2.537 1.0000000000
57334  -48.010  -13.719  1.595 1.0000000000
57335  -49.000  -13.420  1.232 1.0000000000
57336  -49.956  -13.211  0.972 1.0000000000
57337  -50.786  -12.998  1.040 1.0000000000
57338  -52.044  -13.640  1.372 1.0000000000
57339  -52.847  -13.592  1.871 1.0000000000
57348  -50.475  -13.911  0.763 1.0000000000
57349  -51.214  -13.729  1.081 1.0000000000
58009  -40.926  -12.938  4.861 1.0000000000
58010  -40.968  -12.411  3.553 1.0000000000
58041  -40.612  -12.884  2.230 1.0000000000
58043  -49.678  -12.070  4.539 1.0000000000
58044  -50.315  -12.970  4.396 1.0000000000
58061  -40.461  -12.100  1.872 1.0000000000
58062  -41.867  -12.370  2.252 1.0000000000
58063  -43.368  -12.414  3.073 1.0000000000
58064  -45.492  -12.574  3.253 1.0000000000
58065  -46.126  -12.268  3.199 1.0000000000
58066  -51.462  -12.573  3.841 1.0000000000
58067  -52.648  -12.317  3.276 1.0000000000
58077  -40.593  -12.202  1.675 1.0000000000
58078  -45.991  -13.042  2.962 1.0000000000
58079  -46.781  -12.699  2.757 1.0000000000
58080  -47.759  -12.241  2.517 1.0000000000
58081  -48.829  -12.034  2.046 1.0000000000
58082  -49.656  -11.758  1.723 1.0000000000
58083  -53.132  -12.518  2.575 1.0000000000
58096  -49.488  -12.522  1.460 1.0000000000
58097  -50.311  -11.853  1.407 1.0000000000
58098  -51.130  -12.038  1.248 1.0000000000
58099  -52.248  -11.995  1.463 1.0000000000
58100  -52.950  -12.665  1.918 1.0000000000
58755  -40.961  -11.946  4.747 1.0000000000
58776  -41.025  -11.023  4.617 1.0000000000
58777  -40.984  -11.550  3.418 1.0000000000
58779  -50.049  -11.274  4.313 1.0000000000
58780  -51.002  -11.061  3.945 1.0000000000
58798  -40.346  -11.130  1.775 1.0000000000
58799  -41.092  -11.529  1.426 1.0000000000
58800  -42.697  -11.656  2.839 1.0000000000
58801  -43.790  -11.727  3.389 1.0000000000
58802  -45.405  -11.857  3.453 1.0000000000
58803  -46.092  -11.437  3.437 1.0000000000
58804  -46.832  -11.006  3.317 1.0000000000
58805  -51.785  -11.628  3.651 1.0000000000
58806  -52.616  -11.350  3.184 1.0000000000
58807  -52.951  -11.567  2.640 1.0000000000
58816  -40.226  -11.408  1.014 1.0000000000
58817  -46.870  -11.847  3.043 1.0000000000
58818  -47.645  -11.320  2.860 1.0000000000
58819  -48.416  -11.521  2.468 1.0000000000
58820  -49.390  -11.200  2.161 1.0000000000
58821  -52.943  -11.749  1.990 1.0000000000
58832  -50.244  -11.216  1.732 1.0000000000
58833  -50.920  -11.219  1.506 1.0000000000
58834  -51.626  -11.209  1.459 1.0000000000
58835  -52.429  -11.077  1.707 1.0000000000
59489  -40.798  -10.205  4.975 1.0000000000
59508  -41.203  -10.438  3.859 1.0000000000
59509  -40.547  -10.860  2.131 1.0000000000
59512  -50.168  -9.891  4.148 1.0000000000
59530  -40.062  -11.137  1.306 1.0000000000
59531  -42.019  -11.074  2.301 1.0000000000
59532  -43.470  -10.920  3.381 1.0000000000
59533  -44.727  -10.409  3.690 1.0000000000
59534  -45.949  -10.504  3.630 1.0000000000
59535  -46.796  -10.304  3.455 1.0000000000
59536  -47.558  -10.516  3.147 1.0000000000
59537  -48.203  -9.882  3.016 1.0000000000
59538  -51.087  -10.297  3.794 1.0000000000
59539  -52.075  -10.684  3.470 1.0000000000
59540  -52.495  -9.813  3.123 1.0000000000
59549  -40.558  -11.255  1.117 1.0000000000
59550  -41.427  -10.297  1.555 1.0000000000
59551  -48.548  -10.699  2.639 1.0000000000
59552  -50.247  -10.628  2.016 1.0000000000
59553  -50.818  -10.094  1.837 1.0000000000
59554  -52.700  -10.017  2.439 1.0000000000
59561  -50.763  -10.710  1.720 1.0000000000
59562  -51.260  -10.537  1.594 1.0000000000
59563  -51.711  -10.052  1.562 1.0000000000
59564  -52.396  -10.197  1.809 1.0000000000
60240  -41.132  -9.758  4.329 1.0000000000
60241  -41.105  -10.031  2.819 1.0000000000
60242  -48.578  -9.160  4.790 1.0000000000
60243  -49.567  -9.082  4.405 1.0000000000
60269  -40.683  -10.176  1.783 1.0000000000
60270  -42.324  -10.153  2.441 1.0000000000
60271  -43.324  -9.599  3.257 1.0000000000
60272  -44.429  -9.478  3.655 1.0000000000
60273  -45.430  -9.594  3.736 1.0000000000
60274  -46.375  -9.683  3.619 1.0000000000
60275  -47.291  -9.768  3.394 1.0000000000
60276  -48.811  -9.136  2.806 1.0000000000
60277  -51.161  -9.586  3.698 1.0000000000
60278  -52.043  -9.312  3.431 1.0000000000
60279  -52.482  -9.026  3.141 1.0000000000
60289  -49.812  -9.258  2.422 1.0000000000
60290  -50.625  -9.400  2.111 1.0000000000
60291  -51.048  -9.431  1.822 1.0000000000
60292  -52.671  -9.180  2.717 1.0000000000
60300  -51.443  -9.463  1.681 1.0000000000
60301  -52.124  -9.465  1.676 1.0000000000
60302  -52.499  -9.353  2.047 1.0000000000
61081  -47.997  -8.372  5.234 1.0000000000
61092  -41.129  -9.046  4.251 1.0000000000
61093  -41.249  -9.465  2.965 1.0000000000
61094  -49.016  -8.216  4.636 1.0000000000
61095  -50.077  -8.218  4.201 1.0000000000
61117  -40.726  -9.875  2.015 1.0000000000
61118  -42.505  -9.695  2.516 1.0000000000
61119  -42.926  -8.840  2.613 1.0000000000
61120  -44.146  -8.731  3.481 1.0000000000
61121  -45.780  -8.055  3.632 1.0000000000
61122  -46.693  -8.283  3.589 1.0000000000
61123  -47.860  -9.105  3.295 1.0000000000
61124  -48.424  -8.219  3.097 1.0000000000
61125  -51.116  -8.367  3.690 1.0000000000
61126  -52.115  -8.521  3.388 1.0000000000
61127  -52.618  -8.430  3.026 1.0000000000
61137  -40.627  -9.859  1.599 1.0000000000
61138  -41.784  -9.886  1.717 1.0000000000
61139  -49.591  -8.368  2.526 1.0000000000
61140  -50.450  -8.228  2.230 1.0000000000
61141  -50.857  -8.761  2.030 1.0000000000
61142  -52.487  -8.495  2.338 1.0000000000
61149  -40.158  -10.022  0.082 1.0000000000
61150  -40.642  -9.960  0.338 1.0000000000
61151  -41.152  -10.172  0.860 1.0000000000
61152  -51.227  -8.766  1.826 1.0000000000
61153  -51.775  -8.822  1.692 1.0000000000
61154  -52.272  -8.882  1.853 1.0000000000
61166  -39.978  -9.880  -0.061 1.0000000000
61167  -40.279  -10.037  0.013 1.0000000000
61168  -41.054  -10.050  0.551 1.0000000000
61866  -48.497  -7.456  5.094 1.0000000000
61881  -40.732  -7.968  4.459 1.0000000000
61882  -41.268  -8.552  3.750 1.0000000000
61883  -49.216  -7.350  4.638 1.0000000000
61884  -49.993  -7.369  4.282 1.0000000000
61885  -50.879  -7.555  3.805 1.0000000000
61905  -41.165  -7.743  3.766 1.0000000000
61906  -41.282  -8.776  2.835 1.0000000000
61907  -43.873  -8.173  3.116 1.0000000000
61908  -45.624  -7.132  3.183 1.0000000000
61909  -46.564  -7.448  3.399 1.0000000000
61910  -47.482  -7.743  3.356 1.0000000000
61911  -51.745  -7.807  3.521 1.0000000000
61912  -52.354  -7.726  3.211 1.0000000000
61913  -52.580  -7.722  2.810 1.0000000000
61931  -41.150  -8.457  2.247 1.0000000000
61932  -42.419  -8.946  1.824 1.0000000000
61933  -43.473  -7.865  2.417 1.0000000000
61934  -44.565  -7.199  2.789 1.0000000000
61935  -48.304  -7.198  2.875 1.0000000000
61936  -49.135  -7.554  2.620 1.0000000000
61937  -50.046  -7.412  2.251 1.0000000000
61938  -52.346  -7.738  2.200 1.0000000000
61949  -40.397  -9.630  0.985 1.0000000000
61950  -41.945  -9.056  1.018 1.0000000000
61951  -43.023  -7.737  1.588 1.0000000000
61952  -50.874  -7.892  1.937 1.0000000000
61953  -51.539  -8.023  1.765 1.0000000000
61954  -52.154  -8.195  1.864 1.0000000000
61961  -39.965  -9.558  0.072 1.0000000000
61962  -40.484  -9.422  -0.412 1.0000000000
61963  -41.471  -8.900  -0.076 1.0000000000
61977  -40.655  -8.670  -1.128 1.0000000000
61978  -41.426  -8.441  -0.799 1.0000000000
61986  -40.390  -7.498  -2.340 1.0000000000
61987  -40.739  -7.960  -1.914 1.0000000000
61988  -41.391  -7.919  -1.520 1.0000000000
62600  -49.443  -5.656  5.093 1.0000000000
62615  -48.924  -6.619  5.043 1.0000000000
62616  -50.404  -5.710  4.382 1.0000000000
62631  -41.028  -6.926  3.622 1.0000000000
62632  -41.295  -6.969  2.823 1.0000000000
62633  -46.508  -6.752  2.982 1.0000000000
62634  -47.350  -6.897  3.020 1.0000000000
62635  -51.815  -6.936  3.477 1.0000000000
62636  -52.384  -7.000  3.100 1.0000000000
62648  -41.145  -7.633  1.875 1.0000000000
62649  -43.979  -6.849  2.014 1.0000000000
62650  -44.987  -6.245  2.184 1.0000000000
62651  -45.988  -6.269  2.506 1.0000000000
62652  -47.070  -6.224  2.491 1.0000000000
62653  -48.084  -6.390  2.451 1.0000000000
62654  -49.161  -6.668  2.319 1.0000000000
62655  -50.520  -6.932  1.815 1.0000000000
62656  -52.079  -6.522  2.165 1.0000000000
62657  -52.358  -7.077  2.466 1.0000000000
62669  -40.607  -8.117  0.822 1.0000000000
62670  -42.656  -7.699  0.707 1.0000000000
62671  -43.576  -6.637  1.201 1.0000000000
62672  -44.439  -5.997  1.496 1.0000000000
62673  -49.497  -5.947  1.704 1.0000000000
62674  -50.172  -6.300  1.673 1.0000000000
62675  -50.703  -6.373  1.610 1.0000000000
62676  -51.474  -6.309  1.777 1.0000000000
62677  -51.970  -7.260  1.849 1.0000000000
62684  -40.778  -6.810  0.729 1.0000000000
62685  -42.381  -7.560  -0.174 1.0000000000
62686  -43.201  -6.482  0.425 1.0000000000
62695  -40.052  -9.096  -0.549 1.0000000000
62696  -42.188  -7.257  -0.944 1.0000000000
62708  -40.030  -7.511  -2.112 1.0000000000
62709  -40.845  -7.393  -2.622 1.0000000000
62710  -41.388  -7.402  -2.106 1.0000000000
62716  -39.926  -6.285  -3.708 1.0000000000
62717  -40.113  -6.866  -2.991 1.0000000000
62718  -40.286  -6.452  -3.614 1.0000000000
62719  -39.903  -6.134  -4.027 1.0000000000
63353  -48.440  -5.276  6.421 1.0000000000
63362  -48.946  -5.163  5.852 1.0000000000
63363  -49.495  -4.750  5.396 1.0000000000
63380  -50.162  -4.807  4.839 1.0000000000
63381  -50.981  -4.814  4.164 1.0000000000
63398  -51.559  -4.816  3.483 1.0000000000
63399  -52.047  -5.563  3.097 1.0000000000
63400  -52.285  -6.324  2.785 1.0000000000
63414  -45.113  -5.587  1.660 1.0000000000
63415  -45.809  -5.598  1.853 1.0000000000
63416  -46.762  -5.599  1.938 1.0000000000
63417  -47.806  -5.696  1.959 1.0000000000
63418  -48.685  -5.937  1.975 1.0000000000
63419  -51.873  -5.687  2.412 1.0000000000
63435  -40.997  -5.544  1.167 1.0000000000
63436  -41.180  -6.404  1.743 1.0000000000
63437  -43.977  -5.525  0.901 1.0000000000
63438  -44.830  -5.174  1.289 1.0000000000
63439  -45.617  -5.095  1.433 1.0000000000
63440  -46.469  -5.126  1.517 1.0000000000
63441  -47.466  -5.160  1.542 1.0000000000
63442  -48.610  -5.314  1.550 1.0000000000
63443  -50.131  -5.734  1.497 1.0000000000
63444  -50.802  -5.794  1.589 1.0000000000
63445  -51.312  -5.380  1.927 1.0000000000
63454  -42.833  -6.302  -0.301 1.0000000000
63455  -43.417  -5.415  0.243 1.0000000000
63462  -39.969  -6.833  -1.749 1.0000000000
63463  -42.509  -6.025  -1.097 1.0000000000
63464  -42.963  -5.158  -0.343 1.0000000000
63476  -39.937  -6.824  -2.623 1.0000000000
63477  -41.405  -6.893  -2.559 1.0000000000
63478  -41.974  -6.447  -1.939 1.0000000000
63490  -39.708  -5.998  -3.818 1.0000000000
63491  -39.836  -6.342  -3.316 1.0000000000
63492  -41.002  -6.735  -3.272 1.0000000000
63493  -41.759  -6.005  -2.584 1.0000000000
63497  -39.750  -5.974  -4.052 1.0000000000
63498  -40.757  -6.077  -3.957 1.0000000000
63499  -39.777  -5.726  -4.339 1.0000000000
63500  -40.154  -5.941  -4.244 1.0000000000
63501  -40.506  -5.554  -4.422 1.0000000000
64198  -47.984  -4.801  6.457 1.0000000000
64199  -48.484  -4.723  6.041 1.0000000000
64213  -47.947  -4.180  5.763 1.0000000000
64214  -48.991  -4.196  5.561 1.0000000000
64215  -49.893  -4.006  5.109 1.0000000000
64230  -50.643  -3.984  4.518 1.0000000000
64231  -51.252  -4.029  3.918 1.0000000000
64241  -51.533  -4.149  3.328 1.0000000000
64242  -51.746  -4.762  2.835 1.0000000000
64250  -50.655  -3.947  2.035 1.0000000000
64251  -51.283  -4.480  2.327 1.0000000000
64264  -40.657  -4.525  1.645 1.0000000000
64265  -43.801  -4.596  0.696 1.0000000000
64266  -44.455  -4.557  1.144 1.0000000000
64267  -45.286  -4.491  1.433 1.0000000000
64268  -46.167  -4.537  1.514 1.0000000000
64269  -47.088  -4.621  1.490 1.0000000000
64270  -48.044  -4.716  1.408 1.0000000000
64271  -49.833  -4.502  1.509 1.0000000000
64272  -50.580  -5.010  1.626 1.0000000000
64287  -40.719  -4.758  0.524 1.0000000000
64288  -42.765  -4.151  -0.145 1.0000000000
64289  -43.250  -4.453  0.278 1.0000000000
64297  -40.279  -5.160  -1.356 1.0000000000
64298  -42.554  -4.733  -0.890 1.0000000000
64304  -39.622  -4.693  -2.860 1.0000000000
64305  -41.891  -4.842  -2.436 1.0000000000
64306  -42.269  -5.337  -1.745 1.0000000000
64318  -39.575  -5.633  -3.574 1.0000000000
64319  -39.806  -5.844  -2.565 1.0000000000
64320  -41.463  -5.615  -3.344 1.0000000000
64327  -39.508  -5.488  -4.205 1.0000000000
64328  -41.179  -5.148  -4.070 1.0000000000
64329  -39.206  -4.557  -5.033 1.0000000000
64330  -39.504  -5.170  -4.705 1.0000000000
64331  -39.964  -5.341  -4.826 1.0000000000
64332  -40.633  -4.788  -4.672 1.0000000000
64333  -39.639  -4.814  -5.094 1.0000000000
65043  -47.432  -3.383  5.108 1.0000000000
65044  -48.501  -3.317  5.026 1.0000000000
65045  -49.403  -3.315  4.878 1.0000000000
65056  -46.971  -2.547  4.620 1.0000000000
65057  -48.102  -2.198  4.483 1.0000000000
65058  -49.221  -2.282  4.434 1.0000000000
65059  -50.226  -3.111  4.504 1.0000000000
65060  -50.888  -3.351  4.104 1.0000000000
65066  -51.209  -3.364  3.442 1.0000000000
65067  -51.483  -3.985  2.889 1.0000000000
65076  -44.698  -2.555  2.313 1.0000000000
65077  -45.612  -2.723  2.450 1.0000000000
65078  -46.557  -2.892  2.498 1.0000000000
65079  -47.447  -3.025  2.442 1.0000000000
65080  -48.484  -3.096  2.334 1.0000000000
65081  -50.070  -3.365  2.170 1.0000000000
65082  -51.100  -3.494  2.711 1.0000000000
65091  -40.388  -3.765  1.237 1.0000000000
65092  -42.940  -3.230  0.994 1.0000000000
65093  -43.464  -3.812  0.822 1.0000000000
65094  -44.777  -3.644  1.670 1.0000000000
65095  -45.818  -3.787  1.832 1.0000000000
65096  -46.765  -3.887  1.785 1.0000000000
65097  -47.684  -3.967  1.669 1.0000000000
65098  -49.229  -3.791  1.771 1.0000000000
65114  -40.388  -3.708  0.255 1.0000000000
65115  -41.932  -3.074  -0.366 1.0000000000
65116  -42.427  -3.293  0.218 1.0000000000
65117  -42.961  -3.767  0.448 1.0000000000
65125  -39.937  -2.930  -0.032 1.0000000000
65126  -40.219  -3.806  -0.899 1.0000000000
65127  -41.723  -3.241  -1.204 1.0000000000
65128  -42.120  -4.234  -1.517 1.0000000000
65134  -39.732  -3.655  -1.902 1.0000000000
65135  -39.988  -4.606  -1.948 1.0000000000
65144  -39.403  -3.622  -2.921 1.0000000000
65145  -41.568  -4.424  -3.218 1.0000000000
65154  -38.847  -3.833  -4.642 1.0000000000
65155  -39.175  -4.640  -3.951 1.0000000000
65156  -40.994  -3.209  -4.260 1.0000000000
65157  -41.228  -4.107  -4.102 1.0000000000
65158  -39.226  -4.692  -4.665 1.0000000000
65159  -40.114  -4.352  -5.261 1.0000000000
65160  -39.082  -3.841  -5.338 1.0000000000
65161  -39.701  -3.421  -5.576 1.0000000000
65824  -46.691  -1.613  4.334 1.0000000000
65825  -47.563  -1.360  4.221 1.0000000000
65826  -48.880  -1.405  4.077 1.0000000000
65827  -50.028  -2.141  4.146 1.0000000000
65828  -50.612  -2.585  3.833 1.0000000000
65836  -49.213  -1.489  3.584 1.0000000000
65837  -50.069  -1.932  3.549 1.0000000000
65847  -44.833  -1.659  2.480 1.0000000000
65848  -45.754  -1.478  2.621 1.0000000000
65849  -46.755  -1.359  2.793 1.0000000000
65850  -47.396  -1.782  2.816 1.0000000000
65851  -48.184  -1.901  2.844 1.0000000000
65852  -49.045  -1.827  2.925 1.0000000000
65853  -50.279  -2.355  2.876 1.0000000000
65854  -50.788  -2.596  3.153 1.0000000000
65866  -43.075  -2.425  1.604 1.0000000000
65867  -43.938  -2.099  2.227 1.0000000000
65881  -41.880  -2.553  0.263 1.0000000000
65882  -42.396  -2.576  0.923 1.0000000000
65893  -39.657  -2.708  -0.942 1.0000000000
65894  -41.554  -2.488  -0.510 1.0000000000
65902  -39.401  -2.730  -1.988 1.0000000000
65911  -38.695  -1.835  -3.053 1.0000000000
65912  -39.092  -2.725  -3.001 1.0000000000
65913  -40.885  -1.922  -2.933 1.0000000000
65922  -38.762  -2.838  -4.019 1.0000000000
65923  -39.034  -3.559  -3.797 1.0000000000
65924  -41.028  -2.500  -3.588 1.0000000000
65925  -41.390  -3.302  -3.171 1.0000000000
65931  -38.801  -3.333  -5.218 1.0000000000
65932  -40.676  -2.335  -4.583 1.0000000000
65933  -38.994  -3.065  -5.638 1.0000000000
65934  -39.467  -2.489  -5.796 1.0000000000
65935  -40.157  -2.490  -5.472 1.0000000000
66541  -47.279  -0.754  3.840 1.0000000000
66542  -47.821  -0.915  3.787 1.0000000000
66543  -48.409  -1.174  3.755 1.0000000000
66552  -46.101  0.025  3.456 1.0000000000
66553  -46.830  -0.287  3.238 1.0000000000
66554  -47.321  -0.734  3.366 1.0000000000
66555  -47.895  -1.073  3.274 1.0000000000
66556  -48.556  -1.342  3.290 1.0000000000
66566  -44.524  -1.041  2.390 1.0000000000
66567  -45.685  -0.496  2.570 1.0000000000
66568  -46.587  -0.119  2.931 1.0000000000
66569  -47.339  -0.838  2.996 1.0000000000
66579  -41.669  -1.104  0.856 1.0000000000
66580  -41.929  -1.890  0.951 1.0000000000
66581  -43.338  -1.358  2.005 1.0000000000
66595  -41.456  -1.812  0.203 1.0000000000
66610  -39.228  -1.885  -0.547 1.0000000000
66611  -40.687  -1.304  -1.410 1.0000000000
66612  -41.073  -1.714  -0.757 1.0000000000
66620  -38.995  -1.976  -2.078 1.0000000000
66621  -41.058  -2.016  -1.939 1.0000000000
66629  -40.641  -1.313  -3.236 1.0000000000
66636  -38.501  -1.978  -4.320 1.0000000000
66637  -40.628  -1.426  -4.223 1.0000000000
66643  -38.581  -2.384  -5.286 1.0000000000
66644  -40.384  -1.620  -5.197 1.0000000000
66646  -38.876  -2.263  -5.819 1.0000000000
66647  -39.284  -1.868  -5.994 1.0000000000
66648  -39.835  -1.784  -5.765 1.0000000000
66649  -38.883  -1.363  -6.179 1.0000000000
67271  -45.874  0.618  3.103 1.0000000000
67272  -46.280  0.364  2.971 1.0000000000
67282  -45.479  0.299  2.407 1.0000000000
67292  -42.378  -0.267  1.247 1.0000000000
67293  -43.580  -0.181  1.708 1.0000000000
67294  -45.003  0.587  1.871 1.0000000000
67295  -45.511  1.009  2.215 1.0000000000
67306  -40.926  -0.093  -0.000 1.0000000000
67320  -40.644  -0.757  -0.670 1.0000000000
67321  -41.044  -1.003  0.138 1.0000000000
67330  -37.830  0.068  -1.655 1.0000000000
67332  -40.436  -0.609  -1.608 1.0000000000
67339  -38.120  -0.415  -3.242 1.0000000000
67340  -38.415  -0.892  -2.561 1.0000000000
67347  -38.058  -0.482  -4.329 1.0000000000
67348  -38.297  -1.086  -4.117 1.0000000000
67349  -40.502  -0.688  -3.623 1.0000000000
67354  -38.127  -0.616  -5.266 1.0000000000
67355  -38.269  -1.372  -5.029 1.0000000000
67356  -40.482  -0.695  -4.719 1.0000000000
67361  -38.423  -0.824  -5.992 1.0000000000
67362  -39.508  -1.347  -6.102 1.0000000000
67365  -38.756  -0.475  -6.423 1.0000000000
67366  -39.459  -0.604  -6.325 1.0000000000
68039  -45.722  0.716  2.781 1.0000000000
68052  -45.032  1.459  2.399 1.0000000000
68053  -45.386  1.156  2.278 1.0000000000
68062  -42.474  0.567  0.806 1.0000000000
68063  -43.562  0.665  1.213 1.0000000000
68064  -44.592  1.540  1.268 1.0000000000
68065  -45.196  1.341  1.836 1.0000000000
68079  -43.753  1.464  0.744 1.0000000000
68080  -44.484  2.078  0.868 1.0000000000
68094  -40.459  0.309  -0.836 1.0000000000
68095  -41.232  0.918  -0.109 1.0000000000
68102  -40.192  0.181  -1.948 1.0000000000
68110  -37.695  0.458  -2.391 1.0000000000
68111  -40.286  0.051  -2.995 1.0000000000
68119  -37.750  0.352  -3.591 1.0000000000
68120  -40.389  -0.103  -3.903 1.0000000000
68123  -37.812  0.222  -4.646 1.0000000000
68124  -40.326  -0.221  -5.367 1.0000000000
68129  -37.966  0.107  -5.662 1.0000000000
68130  -38.345  -0.126  -6.253 1.0000000000
68131  -40.051  -0.074  -5.988 1.0000000000
68136  -38.026  0.566  -6.286 1.0000000000
68137  -38.505  0.278  -6.632 1.0000000000
68138  -39.176  0.212  -6.723 1.0000000000
68139  -39.692  0.188  -6.384 1.0000000000
68140  -38.598  1.442  -7.223 1.0000000000
68829  -44.623  2.050  1.840 1.0000000000
68830  -45.144  1.545  1.985 1.0000000000
68839  -44.665  1.926  1.411 1.0000000000
68851  -42.514  1.418  0.289 1.0000000000
68852  -43.886  2.225  0.411 1.0000000000
68853  -44.246  2.502  0.758 1.0000000000
68866  -36.870  1.416  -1.182 1.0000000000
68868  -40.806  1.410  -0.732 1.0000000000
68869  -41.880  1.895  -0.357 1.0000000000
68870  -43.248  2.466  -0.184 1.0000000000
68878  -36.693  1.985  -1.696 1.0000000000
68879  -37.201  1.324  -1.975 1.0000000000
68880  -40.262  1.082  -1.461 1.0000000000
68889  -40.160  1.793  -1.918 1.0000000000
68898  -37.503  1.079  -4.018 1.0000000000
68899  -39.993  1.617  -2.978 1.0000000000
68904  -37.498  1.634  -5.392 1.0000000000
68905  -40.042  1.290  -4.322 1.0000000000
68909  -37.700  1.411  -6.223 1.0000000000
68910  -40.217  0.536  -5.408 1.0000000000
68915  -38.072  1.124  -6.841 1.0000000000
68916  -40.020  0.817  -6.190 1.0000000000
68919  -37.976  1.793  -7.194 1.0000000000
68920  -39.278  1.056  -7.043 1.0000000000
69631  -44.313  2.545  1.067 1.0000000000
69643  -43.895  3.063  0.839 1.0000000000
69644  -44.002  2.911  0.490 1.0000000000
69657  -43.936  2.887  0.176 1.0000000000
69671  -41.364  2.323  -0.939 1.0000000000
69672  -43.484  3.249  -0.366 1.0000000000
69683  -40.825  2.608  -1.516 1.0000000000
69684  -42.206  3.407  -1.285 1.0000000000
69685  -43.105  3.592  -0.855 1.0000000000
69695  -36.932  1.983  -2.531 1.0000000000
69696  -40.274  2.624  -2.297 1.0000000000
69706  -37.198  1.945  -3.493 1.0000000000
69707  -39.939  2.594  -3.421 1.0000000000
69713  -39.903  2.286  -4.664 1.0000000000
69718  -39.912  2.309  -5.639 1.0000000000
69725  -37.675  1.978  -6.811 1.0000000000
69726  -39.739  2.294  -6.982 1.0000000000
69727  -39.862  2.295  -6.441 1.0000000000
69732  -37.839  2.451  -7.262 1.0000000000
69733  -38.475  2.181  -7.446 1.0000000000
69734  -39.339  1.993  -7.277 1.0000000000
70472  -43.770  3.275  0.329 1.0000000000
70485  -43.458  3.665  -0.053 1.0000000000
70486  -43.725  3.303  -0.006 1.0000000000
70496  -43.254  3.788  -0.569 1.0000000000
70506  -41.179  3.518  -1.855 1.0000000000
70507  -42.282  4.328  -1.646 1.0000000000
70508  -42.985  4.144  -1.171 1.0000000000
70518  -40.359  3.841  -3.171 1.0000000000
70519  -41.489  4.427  -2.312 1.0000000000
70526  -40.158  4.196  -4.050 1.0000000000
70531  -39.942  4.069  -5.107 1.0000000000
70536  -39.884  3.224  -5.992 1.0000000000
70543  -39.487  2.850  -7.282 1.0000000000
70544  -39.782  2.951  -6.856 1.0000000000
70546  -37.866  3.161  -7.464 1.0000000000
70547  -38.499  3.368  -7.745 1.0000000000
70548  -39.185  3.510  -7.729 1.0000000000
70549  -39.616  3.591  -7.286 1.0000000000
71280  -43.087  4.147  -0.516 1.0000000000
71289  -42.379  4.707  -1.497 1.0000000000
71290  -43.027  4.280  -1.003 1.0000000000
71300  -41.148  4.880  -3.100 1.0000000000
71301  -41.983  5.200  -2.266 1.0000000000
71308  -40.773  5.219  -3.855 1.0000000000
71313  -40.298  4.743  -4.540 1.0000000000
71320  -40.163  4.788  -5.163 1.0000000000
71328  -39.942  4.329  -6.023 1.0000000000
71333  -38.691  4.234  -8.110 1.0000000000
71334  -39.370  4.414  -7.852 1.0000000000
71335  -39.826  4.306  -7.067 1.0000000000
71949  -42.119  5.167  -1.514 1.0000000000
71972  -41.755  5.657  -2.406 1.0000000000
71978  -41.111  6.043  -3.978 1.0000000000
71979  -41.548  5.740  -3.064 1.0000000000
71985  -40.555  5.414  -4.630 1.0000000000
71992  -40.240  5.399  -5.592 1.0000000000
71999  -40.115  5.750  -6.504 1.0000000000
72005  -39.793  5.184  -7.434 1.0000000000
72603  -41.548  6.076  -2.478 1.0000000000
72612  -41.568  6.071  -2.799 1.0000000000
72618  -41.208  6.454  -3.482 1.0000000000
72625  -40.843  6.954  -4.848 1.0000000000
72633  -40.452  6.371  -5.635 1.0000000000
96818  -50.104  -33.795  9.120 1.0000000000
96857  -29.477  -45.957  3.324 1.0000000000
96864  -49.306  -35.530  6.249 1.0000000000
96985  -52.618  -33.190  8.615 1.0000000000
97083  -49.297  -33.590  9.356 1.0000000000
97268  -49.121  -32.795  9.475 1.0000000000
97297  -41.255  -15.734  1.900 1.0000000000
97356  -42.447  -52.139  2.810 1.0000000000
97362  -41.095  -25.139  1.801 1.0000000000
97377  -35.971  -41.375  6.761 1.0000000000
97498  -49.548  -2.645  2.552 1.0000000000
97501  -42.163  -13.739  2.296 1.0000000000
97522  -29.708  -45.464  1.963 1.0000000000
97564  -32.748  -48.177  -0.370 1.0000000000
97634  -40.660  -46.550  -0.492 1.0000000000
97647  -37.105  -34.601  5.038 1.0000000000
97702  -44.025  -23.992  2.434 1.0000000000
97714  -45.107  -22.386  1.454 1.0000000000
97773  -31.807  -46.188  -0.035 1.0000000000
97780  -49.500  -43.849  6.313 1.0000000000
97789  -49.253  -34.772  6.373 1.0000000000
97807  -48.944  -4.683  1.382 1.0000000000
97881  -41.422  -20.597  1.614 1.0000000000
97937  -40.449  -21.291  2.603 1.0000000000
97957  -48.554  -21.405  -1.456 1.0000000000
97983  -40.310  -36.726  6.595 1.0000000000
97993  -49.909  -32.965  9.305 1.0000000000
97996  -49.442  -35.384  9.187 1.0000000000
98024  -49.637  -45.097  8.596 1.0000000000
98035  -39.829  -43.283  4.879 1.0000000000
98037  -45.399  -24.827  7.332 1.0000000000
98047  -43.055  -19.836  1.607 1.0000000000
98054  -29.725  -46.306  1.270 1.0000000000
98086  -49.080  -31.900  9.558 1.0000000000
98145  -31.282  -47.446  3.710 1.0000000000
98255  -32.926  -48.930  1.122 1.0000000000
98270  -37.969  -42.246  3.168 1.0000000000
98285  -49.570  -44.236  4.772 1.0000000000
98335  -40.823  -14.805  2.725 1.0000000000
98363  -39.076  -42.974  1.672 1.0000000000
98381  -49.681  -42.967  4.660 1.0000000000
98403  -37.852  -42.426  6.093 1.0000000000
98415  -48.200  -46.590  9.093 1.0000000000
98439  -33.448  -54.950  -0.751 1.0000000000
98444  -43.568  -50.179  2.369 1.0000000000
98530  -44.630  -48.382  1.593 1.0000000000
98547  -44.821  -7.951  3.430 1.0000000000
98596  -40.970  -17.905  3.810 1.0000000000
98649  -29.417  -44.889  4.837 1.0000000000
98688  -42.488  -32.146  4.095 1.0000000000
98717  -41.993  -50.375  0.413 1.0000000000
98915  -43.905  -20.168  1.571 1.0000000000
98918  -40.505  -19.906  2.200 1.0000000000
98938  -30.241  -57.700  0.563 1.0000000000
98951  -50.798  -40.755  8.662 1.0000000000
98973  -34.207  -51.543  1.964 1.0000000000
99008  -38.650  -1.319  -2.041 1.0000000000
99067  -40.455  -3.299  -5.128 1.0000000000
99088  -38.174  -35.567  6.924 1.0000000000
99112  -45.101  -8.745  3.692 1.0000000000
99133  -40.461  -21.161  3.467 1.0000000000
99150  -44.014  -20.874  1.602 1.0000000000
99180  -31.687  -59.741  -0.773 1.0000000000
99198  -46.027  -8.890  3.727 1.0000000000
99232  -40.726  6.171  -4.790 1.0000000000
99284  -43.791  -3.151  1.585 1.0000000000
99344  -33.302  -31.109  1.166 1.0000000000
99498  -51.174  -25.025  5.783 1.0000000000
99525  -31.311  -47.572  4.870 1.0000000000
99579  -33.194  -60.619  -0.696 1.0000000000
99603  -41.441  -2.868  -2.074 1.0000000000
99628  -32.332  -42.856  2.340 1.0000000000
99633  -32.737  -50.909  3.839 1.0000000000
99660  -51.578  -33.024  6.278 1.0000000000
99661  -51.498  -26.707  7.413 1.0000000000
99713  -47.702  -21.696  1.244 1.0000000000
99756  -29.629  -44.112  4.628 1.0000000000
99772  -40.976  -13.122  3.626 1.0000000000
99874  -36.070  -59.936  -0.153 1.0000000000
99877  -32.395  -50.685  0.188 1.0000000000
99894  -45.931  -21.458  0.509 1.0000000000
99980  -28.090  -57.705  1.633 1.0000000000
100011  -49.845  -33.386  6.500 1.0000000000
100090  -47.460  -28.562  6.296 1.0000000000
100091  -39.702  -51.050  4.320 1.0000000000
100095  -47.058  -0.477  2.995 1.0000000000
100096  -48.148  -19.325  0.573 1.0000000000
100106  -48.084  -46.780  7.998 1.0000000000
100112  -51.567  -12.809  1.231 1.0000000000
100149  -37.369  1.788  -4.492 1.0000000000
100209  -32.311  -40.651  5.179 1.0000000000
100257  -49.820  -41.248  2.609 1.0000000000
100354  -38.599  -2.963  -4.832 1.0000000000
100417  -28.528  -51.974  1.283 1.0000000000
100508  -51.078  -25.458  6.014 1.0000000000
100518  -32.131  -31.215  2.073 1.0000000000
100538  -41.900  -51.587  5.628 1.0000000000
100569  -47.669  -25.150  1.869 1.0000000000
100587  -48.409  -17.133  -1.151 1.0000000000
100615  -48.998  -42.426  2.285 1.0000000000
100638  -40.560  -53.098  2.853 1.0000000000
100649  -41.129  -24.143  1.831 1.0000000000
100722  -52.590  -29.257  9.002 1.0000000000
100806  -27.553  -59.928  0.235 1.0000000000
100815  -44.909  -32.434  3.738 1.0000000000
100893  -42.059  -20.042  1.523 1.0000000000
100913  -40.731  -54.060  5.954 1.0000000000
100936  -35.107  -52.624  -0.114 1.0000000000
100986  -41.380  -2.466  -1.285 1.0000000000
101118  -38.830  -45.794  0.790 1.0000000000
101124  -48.312  -46.265  3.035 1.0000000000
101184  -34.268  -54.962  1.393 1.0000000000
101251  -50.389  -30.752  7.237 1.0000000000
101281  -51.919  -34.035  8.645 1.0000000000
101293  -46.134  0.373  2.809 1.0000000000
101299  -47.650  -21.866  -0.950 1.0000000000
101305  -51.230  -7.126  1.655 1.0000000000
101414  -40.788  -52.009  1.950 1.0000000000
101502  -37.222  -41.396  2.554 1.0000000000
101505  -43.738  -10.111  3.507 1.0000000000
101567  -40.908  -14.906  2.092 1.0000000000
101582  -36.879  -59.834  6.057 1.0000000000
101651  -43.509  -36.352  2.878 1.0000000000
101693  -42.630  -16.136  2.164 1.0000000000
101790  -48.220  -1.190  4.083 1.0000000000
101801  -42.596  -25.661  2.427 1.0000000000
101811  -34.761  -59.030  1.119 1.0000000000
101915  -51.156  -41.086  9.672 1.0000000000
102013  -46.940  -9.043  3.562 1.0000000000
102021  -44.129  -22.045  1.834 1.0000000000
102106  -38.583  -35.186  2.046 1.0000000000
102108  -42.774  -29.779  2.393 1.0000000000
102153  -50.808  -38.743  2.789 1.0000000000
102160  -31.215  -56.912  0.182 1.0000000000
102181  -38.444  -52.248  5.694 1.0000000000
102203  -36.816  -55.529  6.317 1.0000000000
102270  -33.036  -49.151  -0.410 1.0000000000
102314  -40.639  -1.311  -2.270 1.0000000000
102332  -51.215  -25.541  4.775 1.0000000000
102349  -51.718  -39.063  8.809 1.0000000000
102352  -25.660  -58.641  2.774 1.0000000000
102358  -52.743  -10.728  2.859 1.0000000000
102388  -42.274  -3.749  -0.648 1.0000000000
102496  -39.923  -57.537  5.911 1.0000000000
102516  -42.760  -51.243  4.567 1.0000000000
102545  -29.294  -45.698  5.034 1.0000000000
102629  -44.574  0.868  1.513 1.0000000000
102760  -40.224  -43.538  2.465 1.0000000000
102763  -28.833  -50.745  0.899 1.0000000000
102765  -46.495  -45.717  0.524 1.0000000000
102799  -42.832  -27.095  2.446 1.0000000000
102830  -38.982  2.761  -7.630 1.0000000000
102834  -33.930  -40.877  7.424 1.0000000000
102850  -28.390  -61.328  1.015 1.0000000000
102851  -35.995  -58.311  6.534 1.0000000000
102956  -33.445  -51.760  -0.277 1.0000000000
102961  -49.572  -1.619  4.002 1.0000000000
102979  -31.575  -48.644  4.831 1.0000000000
103030  -38.426  -1.221  -3.451 1.0000000000
103037  -39.879  3.208  -4.026 1.0000000000
103094  -29.270  -53.451  1.730 1.0000000000
103149  -49.190  -46.185  7.390 1.0000000000
103167  -44.880  -31.685  4.305 1.0000000000
103235  -48.755  -31.063  9.570 1.0000000000
103238  -43.125  -43.643  3.172 1.0000000000
103239  -42.123  -43.700  2.954 1.0000000000
103240  -41.225  -43.709  2.751 1.0000000000
103262  -40.456  -5.733  -0.606 1.0000000000
103321  -49.573  -31.114  9.519 1.0000000000
103338  -49.484  -5.273  1.427 1.0000000000
103406  -31.312  -55.091  3.750 1.0000000000
103501  -49.713  -6.569  4.542 1.0000000000
103538  -32.629  -58.876  2.228 1.0000000000
103542  -31.892  -44.170  1.426 1.0000000000
103620  -47.378  -41.640  2.619 1.0000000000
103643  -39.505  -2.324  -0.123 1.0000000000
103708  -35.667  -55.094  -0.124 1.0000000000
103718  -49.472  -43.186  6.249 1.0000000000
103750  -49.578  -27.436  8.829 1.0000000000
103771  -43.366  -21.432  1.796 1.0000000000
103786  -40.062  1.457  -5.432 1.0000000000
103853  -31.501  -47.502  2.465 1.0000000000
103896  -45.027  -43.160  1.072 1.0000000000
104008  -33.844  -50.160  1.124 1.0000000000
104066  -32.529  -54.984  2.611 1.0000000000
104090  -43.343  -45.652  -0.476 1.0000000000
104254  -41.666  5.795  -1.967 1.0000000000
104256  -42.298  -53.128  3.630 1.0000000000
104275  -46.784  -20.881  -0.782 1.0000000000
104306  -46.844  -18.252  -0.561 1.0000000000
104311  -48.424  -6.694  5.612 1.0000000000
104411  -49.907  -27.271  3.355 1.0000000000
104419  -53.846  -31.552  8.375 1.0000000000
104437  -38.653  -23.856  6.304 1.0000000000
104444  -42.241  -51.900  2.099 1.0000000000
104457  -40.786  -1.893  -3.738 1.0000000000
104465  -50.549  -9.036  3.912 1.0000000000
104489  -39.695  -36.240  1.774 1.0000000000
104491  -50.627  -3.088  2.611 1.0000000000
104526  -39.994  -23.269  3.828 1.0000000000
104587  -50.704  -11.902  4.147 1.0000000000
104655  -40.254  -8.293  -1.288 1.0000000000
104681  -48.659  -36.645  6.509 1.0000000000
104704  -40.012  -8.058  -1.242 1.0000000000
104742  -47.701  -31.053  9.596 1.0000000000
104814  -49.407  -45.346  4.430 1.0000000000
104840  -39.830  3.188  -4.927 1.0000000000
104857  -38.594  -1.590  -5.706 1.0000000000
104878  -50.033  -37.531  9.238 1.0000000000
104892  -42.757  -10.373  3.011 1.0000000000
104902  -40.483  -10.506  1.297 1.0000000000
104906  -39.832  3.656  -6.683 1.0000000000
105074  -39.749  -50.388  4.164 1.0000000000
105116  -31.994  -54.917  0.411 1.0000000000
105144  -38.390  -35.425  4.264 1.0000000000
105219  -37.406  1.220  -2.957 1.0000000000
105255  -47.087  -31.106  1.745 1.0000000000
105256  -39.613  0.738  -6.620 1.0000000000
105308  -44.481  -19.102  1.423 1.0000000000
105432  -46.680  -31.342  9.688 1.0000000000
105544  -34.723  -41.042  7.511 1.0000000000
105545  -42.634  -33.759  2.379 1.0000000000
105549  -48.313  -27.410  3.096 1.0000000000
105595  -39.065  -23.901  5.653 1.0000000000
105660  -50.351  -39.362  2.536 1.0000000000
105678  -36.189  -58.992  -0.017 1.0000000000
105698  -41.012  -10.920  3.323 1.0000000000
105759  -45.371  -11.105  3.608 1.0000000000
105803  -40.189  -8.089  -0.260 1.0000000000
105853  -30.800  -52.689  5.492 1.0000000000
105894  -40.330  0.224  -4.572 1.0000000000
106005  -40.065  0.898  -2.427 1.0000000000
106023  -30.612  -55.052  1.687 1.0000000000
106064  -44.594  -11.383  3.571 1.0000000000
106069  -40.167  0.642  -3.533 1.0000000000
106094  -32.816  -53.772  2.865 1.0000000000
106095  -31.607  -53.914  4.036 1.0000000000
106126  -41.856  -27.317  2.003 1.0000000000
106150  -46.334  -21.420  2.914 1.0000000000
106160  -39.389  -23.918  5.076 1.0000000000
106192  -31.527  -42.326  1.252 1.0000000000
106211  -28.471  -54.770  2.111 1.0000000000
106224  -49.100  -9.920  4.592 1.0000000000
106426  -46.775  -31.756  2.277 1.0000000000
106482  -31.942  -51.826  4.743 1.0000000000
106491  -51.478  -25.825  7.538 1.0000000000
106538  -52.232  -15.332  3.621 1.0000000000
106640  -33.072  -48.094  -0.229 1.0000000000
106665  -37.348  -31.990  2.925 1.0000000000
106670  -21.923  -61.601  -0.580 1.0000000000
106690  -49.790  -41.238  6.971 1.0000000000
106698  -51.857  -9.942  3.511 1.0000000000
106718  -52.827  -15.050  3.204 1.0000000000
106723  -46.270  -45.976  3.182 1.0000000000
106767  -40.430  -0.615  -2.597 1.0000000000
106821  -48.287  -26.518  2.819 1.0000000000
106860  -42.509  -36.601  6.022 1.0000000000
106863  -40.112  -0.938  -5.754 1.0000000000
106937  -31.236  -59.172  -0.738 1.0000000000
107005  -34.651  -39.661  2.296 1.0000000000
107037  -50.369  -12.510  1.182 1.0000000000
107056  -39.971  1.645  -6.145 1.0000000000
107062  -39.969  4.974  -6.539 1.0000000000
107093  -36.741  -41.523  5.186 1.0000000000
107099  -40.620  -6.279  0.128 1.0000000000
107139  -29.238  -54.904  2.113 1.0000000000
107248  -42.118  5.339  -1.969 1.0000000000
107259  -50.379  -8.794  2.267 1.0000000000
107344  -51.545  -26.535  8.582 1.0000000000
107362  -40.749  -34.273  4.154 1.0000000000
107374  -38.349  -35.050  1.957 1.0000000000
107407  -41.505  -25.918  1.933 1.0000000000
107481  -51.467  -5.781  3.644 1.0000000000
107485  -49.979  -36.840  5.316 1.0000000000
107550  -47.614  -30.671  2.109 1.0000000000
107597  -39.058  -56.232  4.312 1.0000000000
107715  -40.497  -4.539  -0.383 1.0000000000
107733  -49.191  -9.920  2.549 1.0000000000
107843  -50.708  -6.642  4.003 1.0000000000
107875  -52.532  -27.550  8.847 1.0000000000
107879  -50.163  -9.984  2.216 1.0000000000
107883  -44.037  -3.937  1.140 1.0000000000
107884  -39.433  -55.367  4.136 1.0000000000
108007  -32.126  -59.008  -0.820 1.0000000000
108018  -50.187  -41.266  10.988 1.0000000000
108077  -46.665  -30.136  9.451 1.0000000000
108133  -25.090  -59.442  0.400 1.0000000000
108184  -48.293  -40.627  1.945 1.0000000000
108202  -51.220  -9.942  1.676 1.0000000000
108286  -44.348  -0.378  2.130 1.0000000000
108324  -35.203  -54.810  0.601 1.0000000000
108345  -52.807  -10.896  2.189 1.0000000000
108395  -39.269  -2.071  -1.309 1.0000000000
108415  -41.118  -50.297  6.439 1.0000000000
108469  -46.222  -42.652  1.288 1.0000000000
108473  -42.100  -50.052  5.401 1.0000000000
108613  -44.884  -43.425  2.628 1.0000000000
108637  -43.317  -49.086  3.374 1.0000000000
108656  -42.668  2.847  -0.735 1.0000000000
108686  -39.753  1.520  -6.716 1.0000000000
108700  -30.294  -53.729  1.792 1.0000000000
108755  -49.121  -17.302  -1.313 1.0000000000
108795  -35.206  -30.516  4.671 1.0000000000
108852  -40.010  -56.247  3.602 1.0000000000
108900  -42.422  -1.156  1.469 1.0000000000
108950  -36.571  -53.934  7.175 1.0000000000
108956  -35.946  -57.653  -0.189 1.0000000000
108978  -37.607  0.949  -4.996 1.0000000000
109080  -29.705  -44.454  3.155 1.0000000000
109087  -39.801  -54.548  3.824 1.0000000000
109090  -49.758  -1.807  3.084 1.0000000000
109160  -38.079  -0.242  -2.261 1.0000000000
109333  -51.078  -29.683  9.312 1.0000000000
109531  -26.399  -62.225  2.833 1.0000000000
109543  -39.079  -35.922  5.554 1.0000000000
109603  -50.395  -29.020  9.269 1.0000000000
109605  -41.329  -7.704  3.102 1.0000000000
109680  -36.007  -61.269  -0.153 1.0000000000
109736  -40.205  -36.642  1.529 1.0000000000
109757  -51.381  -38.908  6.954 1.0000000000
109761  -50.080  -34.289  6.175 1.0000000000
109840  -51.598  -29.765  7.435 1.0000000000
109906  -50.011  -41.881  4.431 1.0000000000
109909  -44.706  -43.496  0.727 1.0000000000
109991  -50.944  -41.510  10.511 1.0000000000
110008  -45.288  -27.137  3.308 1.0000000000
110031  -50.550  -39.972  6.042 1.0000000000
110075  -49.890  -28.268  9.101 1.0000000000
110162  -53.473  -28.828  8.458 1.0000000000
110195  -39.875  -25.714  5.188 1.0000000000
110228  -42.661  -51.344  2.010 1.0000000000
110261  -53.574  -32.444  8.403 1.0000000000
110284  -46.911  -30.684  9.547 1.0000000000
110319  -38.957  -4.140  -5.034 1.0000000000
110395  -41.900  -15.303  2.071 1.0000000000
110492  -41.832  -10.736  2.162 1.0000000000
110521  -39.566  -43.298  3.407 1.0000000000
110544  -52.378  -12.880  1.500 1.0000000000
110559  -49.380  -39.060  3.002 1.0000000000
110631  -29.490  -57.921  0.947 1.0000000000
110633  -38.355  -1.146  -5.576 1.0000000000
110830  -53.290  -34.765  8.275 1.0000000000
110842  -49.741  -36.116  9.098 1.0000000000
110898  -47.945  -46.235  4.346 1.0000000000
111053  -47.591  -23.319  3.273 1.0000000000
111055  -39.592  -36.333  6.393 1.0000000000
111066  -48.796  -34.120  9.406 1.0000000000
111183  -42.888  -36.099  5.385 1.0000000000
111184  -48.286  -22.880  0.682 1.0000000000
111256  -40.523  -6.999  -2.969 1.0000000000
111277  -48.250  -28.257  6.517 1.0000000000
111278  -38.711  0.761  -6.973 1.0000000000
111314  -45.845  -45.670  0.218 1.0000000000
111322  -31.630  -48.079  -0.263 1.0000000000
111438  -41.463  -58.272  4.168 1.0000000000
111473  -41.046  6.635  -4.216 1.0000000000
111519  -42.982  -48.877  3.864 1.0000000000
111683  -40.479  -22.101  2.319 1.0000000000
111735  -41.214  -10.197  1.229 1.0000000000
111783  -42.530  -1.894  1.448 1.0000000000
111821  -50.281  -27.476  7.043 1.0000000000
111864  -39.051  -42.950  0.501 1.0000000000
112013  -47.741  -20.509  0.855 1.0000000000
112084  -40.510  3.443  -2.537 1.0000000000
112099  -44.583  -12.358  3.367 1.0000000000
112161  -45.002  -23.758  6.797 1.0000000000
112180  -43.369  -8.927  3.136 1.0000000000
112276  -52.107  -6.306  3.218 1.0000000000
112322  -42.948  -44.823  -0.391 1.0000000000
112324  -38.066  -42.097  1.153 1.0000000000
112352  -52.594  -33.828  5.872 1.0000000000
112455  -40.209  -47.793  0.837 1.0000000000
112463  -44.135  -49.242  0.508 1.0000000000
112662  -51.574  -33.428  8.775 1.0000000000
112712  -45.834  -47.607  0.453 1.0000000000
112731  -51.904  -10.598  1.519 1.0000000000
112759  -41.165  -50.234  0.594 1.0000000000
112881  -44.728  -14.807  2.573 1.0000000000
112894  -47.844  -32.278  9.637 1.0000000000
112895  -31.246  -46.642  5.289 1.0000000000
113031  -26.227  -59.442  0.276 1.0000000000
113041  -53.858  -30.947  7.213 1.0000000000
113049  -49.949  -6.593  1.934 1.0000000000
113061  -51.990  -31.421  6.793 1.0000000000
113091  -52.768  -30.059  7.394 1.0000000000
113119  -48.454  -4.124  1.574 1.0000000000
113129  -41.566  -0.271  0.628 1.0000000000
113138  -29.243  -47.574  4.137 1.0000000000
113162  -34.251  -60.836  -0.616 1.0000000000
113170  -40.730  -3.931  -4.746 1.0000000000
113254  -31.237  -45.952  4.768 1.0000000000
113367  -32.634  -47.550  -0.184 1.0000000000
113406  -37.740  0.920  -5.740 1.0000000000
113495  -41.210  -2.493  -2.752 1.0000000000
113549  -42.327  -35.321  1.073 1.0000000000
113785  -47.916  -30.352  2.408 1.0000000000
113825  -40.205  -7.138  -0.831 1.0000000000
113832  -29.577  -44.477  4.044 1.0000000000
113875  -48.177  -40.894  1.755 1.0000000000
113893  -45.557  -42.991  1.712 1.0000000000
113933  -24.570  -59.988  -0.255 1.0000000000
113985  -46.725  -27.551  3.283 1.0000000000
114127  -41.978  -7.038  -1.543 1.0000000000
114151  -41.691  -3.786  -2.235 1.0000000000
114181  -30.321  -60.591  -0.518 1.0000000000
114193  -49.559  -10.498  2.311 1.0000000000
114222  -53.057  -36.545  8.009 1.0000000000
114259  -47.470  -8.490  3.430 1.0000000000
114264  -28.308  -59.801  0.115 1.0000000000
114322  -45.288  -6.671  2.705 1.0000000000
114343  -47.056  -27.359  8.437 1.0000000000
114387  -48.498  -46.600  8.520 1.0000000000
114587  -51.286  -37.467  3.274 1.0000000000
114651  -39.507  -4.234  -5.301 1.0000000000
114694  -46.138  -22.386  4.032 1.0000000000
114821  -43.397  -25.477  2.673 1.0000000000
114828  -41.631  0.498  0.393 1.0000000000
114872  -31.414  -48.032  4.288 1.0000000000
114883  -40.799  -15.036  5.412 1.0000000000
114893  -40.161  -9.206  -0.545 1.0000000000
114942  -46.341  -47.039  0.503 1.0000000000
114970  -42.184  -28.268  2.231 1.0000000000
114985  -46.554  -44.934  0.694 1.0000000000
115031  -40.524  -12.542  1.878 1.0000000000
115070  -50.739  -37.335  9.044 1.0000000000
115152  -34.713  -54.263  1.200 1.0000000000
115214  -21.023  -61.760  1.413 1.0000000000
115229  -40.593  1.839  -1.269 1.0000000000
115325  -50.905  -39.529  3.002 1.0000000000
115350  -49.956  -5.188  1.398 1.0000000000
115357  -47.134  -25.510  2.364 1.0000000000
115390  -49.132  -36.096  9.265 1.0000000000
115458  -51.502  -38.684  5.273 1.0000000000
115529  -50.349  -10.630  4.142 1.0000000000
115564  -40.812  -23.878  1.851 1.0000000000
115568  -42.942  -50.909  4.231 1.0000000000
115595  -49.540  -7.799  4.452 1.0000000000
115600  -27.602  -52.596  2.479 1.0000000000
115606  -48.129  -22.892  0.315 1.0000000000
115647  -48.377  -41.590  1.750 1.0000000000
115668  -42.041  -54.473  4.622 1.0000000000
115700  -33.849  -50.139  -0.396 1.0000000000
115767  -22.832  -60.504  0.211 1.0000000000
115778  -43.078  -47.673  -0.392 1.0000000000
115783  -29.599  -45.150  2.953 1.0000000000
115831  -47.479  -24.852  7.190 1.0000000000
115848  -47.118  -42.304  3.452 1.0000000000
115882  -48.860  -6.015  5.569 1.0000000000
115885  -31.407  -41.576  5.313 1.0000000000
115970  -47.305  -4.526  6.249 1.0000000000
115990  -30.921  -48.828  0.210 1.0000000000
116006  -30.446  -51.206  1.053 1.0000000000
116123  -35.680  -56.191  -0.737 1.0000000000
116124  -46.333  -46.447  0.396 1.0000000000
116128  -51.913  -27.713  9.130 1.0000000000
116144  -46.942  -21.538  2.234 1.0000000000
116153  -49.725  -2.700  4.516 1.0000000000
116198  -35.933  -57.939  -0.320 1.0000000000
116209  -38.822  -2.781  -5.522 1.0000000000
116227  -42.224  4.772  -1.930 1.0000000000
116253  -37.423  -53.730  6.367 1.0000000000
116280  -47.653  -26.310  8.161 1.0000000000
116328  -23.740  -62.211  1.057 1.0000000000
116339  -31.762  -52.479  4.645 1.0000000000
116394  -48.995  -46.410  8.118 1.0000000000
116478  -51.175  -41.308  10.125 1.0000000000
116483  -53.405  -29.379  8.630 1.0000000000
116553  -41.547  -50.779  0.733 1.0000000000
116646  -51.588  -5.059  2.389 1.0000000000
116679  -38.299  2.779  -7.557 1.0000000000
116725  -41.117  -59.522  3.776 1.0000000000
116798  -37.564  -35.283  7.022 1.0000000000
116883  -48.135  -46.270  2.345 1.0000000000
116888  -51.961  -27.053  9.039 1.0000000000
116892  -39.776  -43.357  4.275 1.0000000000
116898  -29.850  -58.286  0.288 1.0000000000
116946  -51.407  -8.978  3.608 1.0000000000
116997  -40.676  -22.173  1.961 1.0000000000
117028  -47.249  -41.719  1.634 1.0000000000
117213  -40.393  -17.963  1.973 1.0000000000
117220  -32.764  -41.727  2.515 1.0000000000
