#!ascii label  , from subject sub-05 vox2ras=TkReg aparc.a2009s=G_occipital_middle
2471
209  -22.392  -91.792  10.239 0.0000000000
213  -21.322  -92.113  8.567 0.0000000000
216  -20.748  -92.413  7.754 0.0000000000
220  -20.929  -92.090  6.983 0.0000000000
228  -20.716  -92.310  5.317 0.0000000000
236  -20.702  -92.336  4.397 0.0000000000
241  -20.462  -92.267  3.478 0.0000000000
242  -21.086  -92.123  3.558 0.0000000000
328  -22.539  -91.726  10.959 0.0000000000
329  -22.915  -91.134  10.290 0.0000000000
336  -22.001  -91.790  9.338 0.0000000000
337  -22.783  -91.208  9.675 0.0000000000
338  -23.191  -90.716  9.747 0.0000000000
342  -21.884  -91.577  8.606 0.0000000000
343  -22.546  -91.169  8.940 0.0000000000
344  -23.167  -90.663  9.210 0.0000000000
346  -21.424  -91.758  7.899 0.0000000000
347  -22.168  -91.110  8.157 0.0000000000
349  -21.165  -91.732  6.084 0.0000000000
350  -21.883  -90.665  6.475 0.0000000000
354  -21.137  -91.888  5.083 0.0000000000
361  -21.459  -91.610  4.306 0.0000000000
362  -21.688  -91.674  3.254 0.0000000000
369  -21.097  -92.032  2.667 0.0000000000
370  -21.944  -91.721  2.371 0.0000000000
379  -20.714  -91.852  1.983 0.0000000000
380  -21.475  -91.770  1.804 0.0000000000
381  -22.153  -91.675  1.652 0.0000000000
382  -22.834  -91.527  1.164 0.0000000000
390  -21.121  -91.551  1.330 0.0000000000
391  -21.904  -91.616  1.169 0.0000000000
457  -24.986  -90.509  22.033 0.0000000000
458  -25.520  -90.615  22.049 0.0000000000
459  -23.297  -90.865  20.946 0.0000000000
460  -24.112  -90.699  21.428 0.0000000000
461  -24.764  -90.817  21.469 0.0000000000
462  -25.483  -90.805  20.932 0.0000000000
463  -24.075  -91.036  20.841 0.0000000000
464  -25.378  -90.792  19.746 0.0000000000
465  -23.485  -90.992  20.103 0.0000000000
466  -24.347  -90.821  19.091 0.0000000000
467  -25.206  -90.726  18.597 0.0000000000
468  -25.932  -90.492  18.728 0.0000000000
469  -24.806  -90.613  18.153 0.0000000000
470  -25.451  -90.551  17.618 0.0000000000
471  -26.090  -90.549  17.748 0.0000000000
472  -25.868  -90.500  16.880 0.0000000000
515  -22.898  -90.936  10.946 0.0000000000
516  -23.327  -90.417  10.050 0.0000000000
522  -23.500  -90.221  9.367 0.0000000000
530  -23.553  -90.149  8.727 0.0000000000
535  -22.975  -90.593  8.490 0.0000000000
536  -23.440  -90.115  8.068 0.0000000000
539  -22.660  -89.993  6.663 0.0000000000
540  -23.538  -89.709  7.226 0.0000000000
545  -21.564  -91.071  5.400 0.0000000000
546  -22.294  -90.046  5.652 0.0000000000
555  -22.114  -90.789  3.933 0.0000000000
562  -22.424  -91.049  3.004 0.0000000000
563  -23.249  -90.427  2.809 0.0000000000
574  -22.707  -91.339  2.092 0.0000000000
575  -23.567  -90.881  1.881 0.0000000000
576  -24.565  -90.438  1.745 0.0000000000
582  -21.575  -91.277  0.791 0.0000000000
583  -22.413  -91.346  0.615 0.0000000000
584  -23.409  -91.224  0.406 0.0000000000
585  -24.408  -90.911  0.774 0.0000000000
586  -25.124  -90.644  0.488 0.0000000000
590  -22.109  -90.968  0.303 0.0000000000
591  -22.835  -91.132  0.112 0.0000000000
592  -23.477  -90.911  -0.194 0.0000000000
593  -24.337  -90.885  -0.078 0.0000000000
594  -25.142  -90.623  -0.244 0.0000000000
601  -24.057  -90.612  -0.567 0.0000000000
602  -24.757  -90.474  -0.720 0.0000000000
698  -28.079  -89.570  24.118 0.0000000000
699  -28.648  -89.579  24.234 0.0000000000
703  -26.217  -89.841  23.052 0.0000000000
704  -27.624  -89.991  23.736 0.0000000000
705  -28.203  -89.963  23.970 0.0000000000
708  -24.417  -90.346  21.771 0.0000000000
709  -25.855  -90.264  22.647 0.0000000000
710  -26.346  -90.360  22.563 0.0000000000
711  -27.269  -90.180  23.044 0.0000000000
717  -23.486  -90.471  21.255 0.0000000000
718  -26.210  -90.526  21.383 0.0000000000
719  -27.044  -90.102  21.807 0.0000000000
725  -26.079  -90.479  20.010 0.0000000000
726  -26.890  -89.673  20.229 0.0000000000
732  -23.738  -90.656  18.982 0.0000000000
733  -26.677  -90.060  17.801 0.0000000000
737  -24.543  -90.333  17.828 0.0000000000
738  -25.294  -90.413  17.277 0.0000000000
739  -26.452  -90.388  16.723 0.0000000000
740  -27.092  -90.083  16.777 0.0000000000
744  -24.870  -89.852  16.932 0.0000000000
745  -25.666  -90.293  16.485 0.0000000000
746  -26.351  -90.352  15.972 0.0000000000
747  -27.028  -90.338  15.948 0.0000000000
748  -27.705  -89.953  15.410 0.0000000000
757  -25.906  -90.161  15.833 0.0000000000
758  -26.365  -90.086  15.235 0.0000000000
759  -27.030  -90.262  15.011 0.0000000000
760  -27.785  -89.987  14.552 0.0000000000
770  -26.778  -89.890  14.468 0.0000000000
771  -27.354  -89.993  14.175 0.0000000000
772  -27.958  -89.898  14.005 0.0000000000
782  -27.662  -89.766  13.690 0.0000000000
811  -23.152  -90.144  10.580 0.0000000000
812  -23.468  -89.617  10.073 0.0000000000
814  -23.665  -89.728  9.449 0.0000000000
815  -23.994  -89.223  9.015 0.0000000000
821  -23.841  -89.679  8.850 0.0000000000
822  -24.297  -89.051  8.334 0.0000000000
830  -23.944  -89.669  8.117 0.0000000000
831  -24.316  -89.117  7.260 0.0000000000
836  -23.231  -89.498  6.198 0.0000000000
837  -24.040  -89.193  6.440 0.0000000000
838  -24.352  -88.826  6.385 0.0000000000
844  -23.041  -89.470  5.342 0.0000000000
845  -23.809  -89.166  5.586 0.0000000000
846  -24.251  -88.847  5.738 0.0000000000
851  -22.531  -89.915  4.646 0.0000000000
852  -23.536  -89.355  4.600 0.0000000000
853  -24.407  -89.023  4.341 0.0000000000
862  -22.852  -90.024  3.727 0.0000000000
863  -23.853  -89.575  3.605 0.0000000000
864  -24.798  -89.240  3.485 0.0000000000
865  -25.321  -88.964  3.174 0.0000000000
874  -24.223  -89.969  2.701 0.0000000000
875  -25.127  -89.573  2.627 0.0000000000
876  -25.706  -89.196  2.462 0.0000000000
880  -20.810  -90.891  1.101 0.0000000000
881  -21.297  -90.437  0.714 0.0000000000
882  -25.733  -90.117  1.122 0.0000000000
883  -26.311  -89.656  0.857 0.0000000000
889  -22.767  -90.524  -0.052 0.0000000000
890  -23.464  -89.981  -0.446 0.0000000000
891  -25.792  -90.319  0.215 0.0000000000
892  -26.368  -89.871  -0.118 0.0000000000
899  -24.288  -90.008  -0.965 0.0000000000
900  -25.640  -90.237  -0.765 0.0000000000
901  -26.860  -89.327  -0.540 0.0000000000
902  -27.034  -89.214  -1.107 0.0000000000
908  -25.920  -89.752  -1.513 0.0000000000
909  -26.593  -89.469  -1.333 0.0000000000
1055  -28.687  -89.269  24.397 0.0000000000
1056  -29.375  -89.267  24.487 0.0000000000
1057  -30.397  -89.065  24.669 0.0000000000
1058  -31.334  -88.641  24.682 0.0000000000
1059  -32.301  -88.220  24.887 0.0000000000
1063  -27.233  -89.697  23.598 0.0000000000
1064  -29.036  -89.714  23.941 0.0000000000
1065  -30.864  -89.158  24.082 0.0000000000
1066  -31.746  -88.675  23.929 0.0000000000
1074  -27.960  -89.640  22.092 0.0000000000
1075  -28.302  -89.888  23.389 0.0000000000
1076  -30.371  -89.190  22.913 0.0000000000
1077  -31.223  -88.755  22.742 0.0000000000
1084  -27.738  -89.086  20.842 0.0000000000
1085  -28.554  -88.733  21.148 0.0000000000
1086  -30.672  -88.552  21.777 0.0000000000
1096  -27.762  -88.618  19.687 0.0000000000
1105  -27.248  -89.237  18.766 0.0000000000
1106  -28.154  -88.299  18.538 0.0000000000
1116  -27.629  -89.187  17.484 0.0000000000
1117  -28.366  -88.369  17.594 0.0000000000
1123  -25.396  -89.696  16.295 0.0000000000
1124  -27.678  -89.666  16.347 0.0000000000
1125  -28.308  -89.184  15.913 0.0000000000
1133  -25.812  -89.521  15.568 0.0000000000
1134  -26.218  -89.356  14.866 0.0000000000
1135  -28.375  -89.470  15.026 0.0000000000
1145  -26.581  -88.967  14.139 0.0000000000
1146  -27.136  -89.579  13.810 0.0000000000
1147  -28.439  -89.644  14.187 0.0000000000
1148  -29.045  -89.297  13.706 0.0000000000
1153  -27.029  -88.890  13.560 0.0000000000
1154  -27.651  -89.345  13.214 0.0000000000
1155  -28.321  -89.587  13.449 0.0000000000
1156  -29.683  -88.838  13.151 0.0000000000
1165  -28.414  -89.368  12.672 0.0000000000
1166  -29.088  -89.224  12.098 0.0000000000
1167  -29.699  -89.081  12.472 0.0000000000
1168  -30.381  -88.594  12.231 0.0000000000
1182  -30.260  -88.786  11.640 0.0000000000
1192  -23.291  -88.726  10.183 0.0000000000
1193  -30.312  -88.620  11.095 0.0000000000
1197  -23.761  -88.906  9.531 0.0000000000
1198  -24.175  -88.462  8.968 0.0000000000
1206  -24.541  -88.373  7.583 0.0000000000
1217  -24.556  -88.438  6.632 0.0000000000
1225  -24.490  -88.495  5.804 0.0000000000
1230  -24.834  -88.601  4.083 0.0000000000
1231  -24.998  -87.972  4.190 0.0000000000
1240  -25.292  -88.434  3.402 0.0000000000
1247  -26.024  -88.771  2.234 0.0000000000
1254  -20.712  -88.698  1.325 0.0000000000
1255  -21.992  -89.712  0.469 0.0000000000
1256  -26.078  -89.415  1.744 0.0000000000
1257  -26.508  -88.781  1.352 0.0000000000
1265  -22.782  -89.435  0.131 0.0000000000
1266  -23.238  -88.612  0.129 0.0000000000
1267  -26.784  -89.160  0.401 0.0000000000
1268  -27.141  -88.721  -0.097 0.0000000000
1275  -23.932  -88.992  -0.652 0.0000000000
1276  -24.541  -89.308  -1.231 0.0000000000
1277  -27.399  -88.758  -0.852 0.0000000000
1282  -25.013  -88.997  -1.707 0.0000000000
1283  -25.697  -89.281  -1.928 0.0000000000
1284  -26.315  -89.227  -2.005 0.0000000000
1285  -27.108  -89.037  -1.666 0.0000000000
1295  -26.110  -88.700  -2.570 0.0000000000
1296  -26.854  -88.761  -2.491 0.0000000000
1467  -27.699  -88.920  23.871 0.0000000000
1468  -28.306  -88.985  24.325 0.0000000000
1469  -29.103  -88.881  24.542 0.0000000000
1470  -29.913  -88.919  24.710 0.0000000000
1471  -32.029  -88.129  25.024 0.0000000000
1472  -32.818  -87.847  25.116 0.0000000000
1473  -33.536  -87.462  25.107 0.0000000000
1478  -26.851  -88.960  23.280 0.0000000000
1479  -28.487  -88.508  23.977 0.0000000000
1480  -29.351  -88.401  24.219 0.0000000000
1481  -30.415  -88.305  24.491 0.0000000000
1482  -32.630  -88.149  23.842 0.0000000000
1483  -33.197  -87.776  24.939 0.0000000000
1484  -33.855  -87.397  24.975 0.0000000000
1490  -31.381  -88.180  21.371 0.0000000000
1491  -32.016  -88.299  22.454 0.0000000000
1492  -32.745  -87.705  22.213 0.0000000000
1493  -33.334  -87.289  22.042 0.0000000000
1500  -29.001  -88.032  20.353 0.0000000000
1501  -30.539  -87.959  20.717 0.0000000000
1502  -32.176  -87.671  20.825 0.0000000000
1503  -32.961  -87.346  20.795 0.0000000000
1513  -28.536  -87.957  19.520 0.0000000000
1514  -29.361  -87.609  19.506 0.0000000000
1515  -30.413  -87.472  19.494 0.0000000000
1516  -31.335  -87.608  20.110 0.0000000000
1517  -32.671  -87.285  19.672 0.0000000000
1526  -28.878  -87.781  18.001 0.0000000000
1527  -29.741  -87.413  18.505 0.0000000000
1528  -30.691  -87.254  18.500 0.0000000000
1529  -32.346  -87.169  18.832 0.0000000000
1537  -28.833  -87.960  17.172 0.0000000000
1538  -29.488  -87.416  17.551 0.0000000000
1539  -30.362  -87.134  17.848 0.0000000000
1548  -25.221  -88.449  16.142 0.0000000000
1549  -28.705  -88.245  16.345 0.0000000000
1550  -29.230  -87.374  16.666 0.0000000000
1559  -25.524  -87.519  15.446 0.0000000000
1560  -26.081  -88.243  14.825 0.0000000000
1561  -28.692  -88.606  15.503 0.0000000000
1562  -28.918  -87.939  15.115 0.0000000000
1572  -25.946  -87.308  14.835 0.0000000000
1573  -26.354  -87.698  14.322 0.0000000000
1574  -28.864  -88.938  14.614 0.0000000000
1575  -29.302  -88.292  14.096 0.0000000000
1579  -26.813  -88.078  13.722 0.0000000000
1580  -27.326  -88.444  13.157 0.0000000000
1581  -29.769  -87.908  13.516 0.0000000000
1582  -30.297  -88.019  12.837 0.0000000000
1589  -27.877  -88.836  12.584 0.0000000000
1590  -28.440  -88.995  12.151 0.0000000000
1591  -31.008  -87.736  12.166 0.0000000000
1592  -31.532  -87.476  11.646 0.0000000000
1602  -28.739  -88.693  11.525 0.0000000000
1603  -29.541  -88.852  11.323 0.0000000000
1604  -31.640  -87.673  11.200 0.0000000000
1616  -22.957  -87.922  10.174 0.0000000000
1617  -23.561  -88.093  9.745 0.0000000000
1618  -29.036  -88.317  10.732 0.0000000000
1619  -29.870  -88.528  10.397 0.0000000000
1620  -31.012  -88.241  10.625 0.0000000000
1621  -31.969  -87.514  10.529 0.0000000000
1629  -23.250  -87.286  9.715 0.0000000000
1630  -23.936  -87.573  9.278 0.0000000000
1631  -29.960  -88.013  8.720 0.0000000000
1632  -30.713  -88.111  9.127 0.0000000000
1633  -31.367  -87.895  9.760 0.0000000000
1636  -24.304  -87.703  8.736 0.0000000000
1637  -30.144  -87.721  7.955 0.0000000000
1638  -30.910  -87.895  8.261 0.0000000000
1640  -24.505  -87.368  8.039 0.0000000000
1641  -31.491  -87.299  6.811 0.0000000000
1652  -24.634  -87.525  6.843 0.0000000000
1653  -30.441  -87.446  6.698 0.0000000000
1654  -31.140  -87.509  6.398 0.0000000000
1655  -31.514  -87.259  6.118 0.0000000000
1665  -24.706  -87.936  5.957 0.0000000000
1666  -30.674  -87.443  5.906 0.0000000000
1675  -24.797  -87.059  3.629 0.0000000000
1676  -25.269  -87.815  3.386 0.0000000000
1682  -25.663  -88.074  2.712 0.0000000000
1683  -26.157  -88.049  1.913 0.0000000000
1689  -21.044  -87.560  1.397 0.0000000000
1690  -22.138  -87.532  1.268 0.0000000000
1691  -25.716  -87.184  2.139 0.0000000000
1692  -26.554  -87.745  1.155 0.0000000000
1701  -22.961  -87.544  0.802 0.0000000000
1702  -26.950  -88.301  0.538 0.0000000000
1703  -27.508  -87.854  -0.255 0.0000000000
1710  -23.803  -87.629  -0.088 0.0000000000
1711  -24.481  -88.333  -1.058 0.0000000000
1717  -25.005  -87.944  -1.804 0.0000000000
1718  -25.615  -87.981  -2.531 0.0000000000
1719  -27.832  -88.401  -2.073 0.0000000000
1720  -28.508  -87.608  -1.594 0.0000000000
1727  -26.121  -87.977  -3.076 0.0000000000
1728  -26.695  -88.175  -3.254 0.0000000000
1729  -27.389  -88.311  -2.912 0.0000000000
1730  -28.734  -87.613  -2.312 0.0000000000
1736  -26.347  -87.457  -3.629 0.0000000000
1737  -27.610  -87.737  -3.667 0.0000000000
1738  -28.836  -87.319  -3.343 0.0000000000
1789  -24.383  -86.909  -10.414 0.0000000000
1794  -24.071  -87.224  -10.984 0.0000000000
1795  -24.649  -86.688  -11.084 0.0000000000
1946  -31.568  -87.939  24.912 0.0000000000
1947  -32.614  -87.524  25.132 0.0000000000
1948  -34.051  -87.230  25.145 0.0000000000
1953  -29.695  -87.479  23.429 0.0000000000
1954  -30.815  -87.394  23.848 0.0000000000
1955  -32.083  -87.154  24.627 0.0000000000
1956  -33.181  -86.743  25.269 0.0000000000
1957  -34.103  -87.150  24.583 0.0000000000
1965  -30.057  -86.681  22.530 0.0000000000
1966  -31.264  -86.599  22.921 0.0000000000
1967  -32.589  -86.307  24.006 0.0000000000
1968  -33.929  -86.894  22.879 0.0000000000
1969  -34.538  -86.503  23.900 0.0000000000
1978  -33.588  -86.892  21.056 0.0000000000
1979  -34.354  -86.351  21.712 0.0000000000
1991  -33.025  -86.968  18.790 0.0000000000
1992  -33.326  -86.997  19.706 0.0000000000
1993  -34.511  -86.309  18.854 0.0000000000
2007  -31.290  -87.001  18.064 0.0000000000
2008  -32.011  -86.994  18.249 0.0000000000
2009  -33.756  -86.638  18.667 0.0000000000
2010  -34.366  -86.386  18.040 0.0000000000
2015  -29.896  -86.856  17.225 0.0000000000
2016  -30.850  -86.563  17.602 0.0000000000
2017  -32.036  -86.518  17.788 0.0000000000
2018  -33.092  -86.416  17.750 0.0000000000
2019  -33.823  -86.417  17.803 0.0000000000
2026  -29.577  -86.606  16.579 0.0000000000
2027  -30.125  -86.168  16.933 0.0000000000
2038  -29.175  -86.910  15.812 0.0000000000
2049  -29.328  -86.347  14.164 0.0000000000
2053  -26.575  -87.098  13.916 0.0000000000
2054  -27.084  -87.228  13.296 0.0000000000
2055  -29.879  -86.874  13.332 0.0000000000
2056  -30.711  -86.930  12.523 0.0000000000
2061  -27.513  -86.935  12.588 0.0000000000
2062  -28.043  -87.990  12.064 0.0000000000
2063  -31.550  -86.867  11.906 0.0000000000
2070  -27.905  -86.639  11.868 0.0000000000
2071  -28.436  -87.502  11.268 0.0000000000
2072  -32.185  -86.938  11.264 0.0000000000
2081  -28.782  -87.141  10.370 0.0000000000
2082  -29.295  -88.072  10.036 0.0000000000
2083  -32.467  -86.726  10.387 0.0000000000
2094  -23.581  -86.456  9.356 0.0000000000
2095  -24.203  -86.834  8.847 0.0000000000
2096  -28.846  -86.487  9.714 0.0000000000
2097  -29.285  -87.463  9.396 0.0000000000
2098  -32.142  -87.294  9.622 0.0000000000
2099  -32.429  -86.570  9.519 0.0000000000
2107  -24.035  -85.884  8.929 0.0000000000
2108  -24.344  -86.236  8.308 0.0000000000
2109  -29.042  -86.573  9.068 0.0000000000
2110  -29.582  -86.984  7.769 0.0000000000
2111  -32.166  -87.096  8.765 0.0000000000
2112  -32.276  -86.458  8.863 0.0000000000
2115  -24.471  -86.511  7.416 0.0000000000
2116  -29.705  -86.964  7.012 0.0000000000
2117  -31.822  -86.989  7.151 0.0000000000
2123  -24.404  -86.383  6.475 0.0000000000
2124  -29.871  -87.011  6.245 0.0000000000
2125  -31.729  -87.056  6.318 0.0000000000
2137  -24.534  -87.146  5.817 0.0000000000
2138  -30.149  -87.095  5.456 0.0000000000
2139  -31.032  -87.480  5.119 0.0000000000
2140  -31.690  -87.098  5.576 0.0000000000
2143  -24.398  -86.730  4.983 0.0000000000
2144  -30.478  -87.184  4.628 0.0000000000
2145  -31.386  -87.315  4.319 0.0000000000
2146  -31.841  -87.079  4.195 0.0000000000
2148  -25.223  -87.076  2.842 0.0000000000
2149  -30.884  -87.279  3.749 0.0000000000
2150  -31.780  -87.162  3.392 0.0000000000
2151  -32.210  -87.007  2.759 0.0000000000
2155  -24.632  -85.980  2.987 0.0000000000
2156  -25.292  -86.168  2.201 0.0000000000
2157  -31.298  -87.169  2.866 0.0000000000
2158  -31.970  -87.172  2.632 0.0000000000
2159  -32.176  -86.914  2.126 0.0000000000
2165  -22.567  -86.632  1.288 0.0000000000
2166  -22.877  -85.794  1.124 0.0000000000
2167  -25.839  -86.352  1.544 0.0000000000
2168  -26.405  -86.691  0.987 0.0000000000
2178  -23.296  -86.614  0.665 0.0000000000
2179  -26.965  -87.190  0.422 0.0000000000
2180  -27.512  -86.524  -0.188 0.0000000000
2188  -23.908  -86.359  -0.136 0.0000000000
2189  -24.518  -87.084  -0.984 0.0000000000
2190  -28.123  -87.097  -0.752 0.0000000000
2191  -28.930  -86.700  -1.234 0.0000000000
2192  -30.045  -86.451  -1.586 0.0000000000
2200  -25.185  -87.141  -2.198 0.0000000000
2201  -29.334  -87.095  -1.921 0.0000000000
2202  -30.182  -86.602  -2.153 0.0000000000
2203  -30.834  -86.158  -2.498 0.0000000000
2213  -25.731  -87.109  -3.050 0.0000000000
2214  -29.499  -87.066  -2.562 0.0000000000
2215  -30.147  -86.573  -2.865 0.0000000000
2216  -30.508  -85.960  -3.246 0.0000000000
2221  -26.036  -86.679  -3.994 0.0000000000
2222  -27.290  -87.149  -4.487 0.0000000000
2223  -28.279  -86.945  -4.354 0.0000000000
2224  -29.287  -86.384  -4.059 0.0000000000
2231  -26.310  -86.339  -4.861 0.0000000000
2232  -26.981  -86.584  -5.107 0.0000000000
2233  -27.728  -86.559  -4.959 0.0000000000
2268  -23.642  -86.707  -9.396 0.0000000000
2269  -24.447  -86.586  -10.164 0.0000000000
2278  -24.786  -86.157  -10.614 0.0000000000
2290  -23.380  -87.049  -11.648 0.0000000000
2291  -24.081  -86.909  -11.603 0.0000000000
2302  -23.557  -86.694  -12.237 0.0000000000
2303  -24.485  -86.518  -12.029 0.0000000000
2312  -23.097  -86.274  -12.918 0.0000000000
2313  -23.837  -86.472  -12.747 0.0000000000
2314  -24.443  -86.235  -12.816 0.0000000000
2452  -35.057  -86.343  26.452 0.0000000000
2456  -34.723  -86.394  26.103 0.0000000000
2460  -34.000  -86.858  25.513 0.0000000000
2462  -34.018  -86.776  24.753 0.0000000000
2463  -34.615  -86.380  24.289 0.0000000000
2464  -34.774  -86.292  23.869 0.0000000000
2469  -30.415  -85.961  21.698 0.0000000000
2470  -31.697  -85.768  21.926 0.0000000000
2471  -32.798  -85.651  23.067 0.0000000000
2472  -33.300  -85.615  23.857 0.0000000000
2473  -34.818  -86.170  23.102 0.0000000000
2474  -35.150  -85.769  22.604 0.0000000000
2482  -32.436  -85.093  21.562 0.0000000000
2483  -33.049  -85.169  22.390 0.0000000000
2484  -34.960  -85.768  21.449 0.0000000000
2485  -35.506  -85.388  20.169 0.0000000000
2497  -35.201  -85.805  19.009 0.0000000000
2510  -35.004  -86.090  18.019 0.0000000000
2511  -35.686  -85.561  18.175 0.0000000000
2512  -36.199  -85.173  17.418 0.0000000000
2519  -30.903  -85.870  17.296 0.0000000000
2520  -31.764  -85.848  17.444 0.0000000000
2521  -32.765  -85.951  17.413 0.0000000000
2522  -33.728  -86.000  17.359 0.0000000000
2523  -34.594  -85.953  17.435 0.0000000000
2524  -35.460  -85.597  17.333 0.0000000000
2530  -29.576  -85.758  16.181 0.0000000000
2531  -30.281  -85.287  16.768 0.0000000000
2532  -31.171  -85.099  17.189 0.0000000000
2533  -35.215  -85.370  16.840 0.0000000000
2544  -29.457  -85.013  15.413 0.0000000000
2558  -29.363  -85.320  14.438 0.0000000000
2568  -29.668  -85.713  13.551 0.0000000000
2569  -30.277  -86.003  12.811 0.0000000000
2575  -27.322  -85.759  12.424 0.0000000000
2576  -31.166  -85.920  12.205 0.0000000000
2581  -27.741  -85.583  11.635 0.0000000000
2582  -28.262  -86.280  11.114 0.0000000000
2583  -32.051  -86.032  11.567 0.0000000000
2584  -32.528  -85.998  10.946 0.0000000000
2593  -28.449  -85.750  10.338 0.0000000000
2594  -32.556  -85.857  10.154 0.0000000000
2603  -23.489  -85.626  9.136 0.0000000000
2604  -28.665  -85.620  9.353 0.0000000000
2605  -32.348  -85.796  9.340 0.0000000000
2614  -23.717  -85.107  8.774 0.0000000000
2615  -24.136  -85.483  8.474 0.0000000000
2616  -29.054  -86.123  8.399 0.0000000000
2617  -32.140  -85.981  8.645 0.0000000000
2623  -24.316  -85.579  7.741 0.0000000000
2624  -28.847  -85.501  7.050 0.0000000000
2625  -29.219  -86.182  7.456 0.0000000000
2626  -31.763  -86.385  7.432 0.0000000000
2630  -23.905  -84.779  6.389 0.0000000000
2631  -24.229  -85.510  6.839 0.0000000000
2632  -28.867  -85.580  6.287 0.0000000000
2633  -29.307  -86.262  6.639 0.0000000000
2634  -31.499  -85.938  6.148 0.0000000000
2635  -31.717  -86.774  5.775 0.0000000000
2646  -23.786  -84.940  5.266 0.0000000000
2647  -24.085  -85.627  5.898 0.0000000000
2648  -28.858  -85.571  5.525 0.0000000000
2649  -29.376  -86.344  5.860 0.0000000000
2650  -31.636  -86.303  5.328 0.0000000000
2651  -31.836  -86.896  4.812 0.0000000000
2659  -23.859  -85.131  4.294 0.0000000000
2660  -28.841  -85.467  4.644 0.0000000000
2661  -29.736  -86.483  4.157 0.0000000000
2662  -31.679  -85.992  4.464 0.0000000000
2663  -32.042  -86.835  3.636 0.0000000000
2666  -24.185  -85.279  3.525 0.0000000000
2667  -29.087  -85.528  3.692 0.0000000000
2668  -30.072  -86.469  3.201 0.0000000000
2669  -31.926  -86.106  3.506 0.0000000000
2670  -32.223  -86.441  2.831 0.0000000000
2673  -24.488  -84.787  2.846 0.0000000000
2674  -25.008  -85.131  2.239 0.0000000000
2675  -30.434  -86.455  2.213 0.0000000000
2676  -31.662  -87.019  2.079 0.0000000000
2677  -32.310  -86.622  2.275 0.0000000000
2686  -25.596  -85.306  1.582 0.0000000000
2687  -26.231  -85.581  0.958 0.0000000000
2688  -30.553  -86.033  0.569 0.0000000000
2689  -31.918  -86.680  1.207 0.0000000000
2690  -32.260  -86.378  1.421 0.0000000000
2701  -26.847  -85.989  0.344 0.0000000000
2702  -27.610  -85.474  -0.004 0.0000000000
2703  -28.605  -85.242  -0.063 0.0000000000
2704  -29.780  -85.598  -0.076 0.0000000000
2705  -31.682  -86.298  -0.020 0.0000000000
2706  -32.221  -86.094  -0.207 0.0000000000
2715  -24.386  -85.880  -0.921 0.0000000000
2716  -28.312  -85.964  -0.584 0.0000000000
2717  -29.402  -85.891  -0.714 0.0000000000
2718  -30.813  -86.235  -0.964 0.0000000000
2719  -31.826  -86.163  -0.880 0.0000000000
2720  -32.132  -85.781  -0.913 0.0000000000
2732  -25.152  -86.251  -2.439 0.0000000000
2733  -31.133  -86.189  -1.653 0.0000000000
2734  -31.517  -85.693  -2.143 0.0000000000
2735  -31.894  -85.278  -1.620 0.0000000000
2745  -25.449  -86.127  -3.370 0.0000000000
2746  -30.995  -85.433  -2.879 0.0000000000
2753  -25.617  -85.868  -4.515 0.0000000000
2754  -29.180  -85.340  -4.320 0.0000000000
2755  -29.927  -85.658  -3.795 0.0000000000
2760  -26.022  -85.777  -5.305 0.0000000000
2761  -26.623  -85.893  -5.466 0.0000000000
2762  -27.570  -85.746  -5.376 0.0000000000
2763  -28.516  -85.982  -4.847 0.0000000000
2768  -26.102  -85.233  -5.709 0.0000000000
2769  -26.884  -85.290  -5.617 0.0000000000
2795  -22.802  -85.586  -9.422 0.0000000000
2796  -24.236  -86.626  -9.839 0.0000000000
2811  -24.543  -85.941  -10.143 0.0000000000
2824  -25.027  -86.067  -11.376 0.0000000000
2825  -25.137  -85.373  -11.691 0.0000000000
2831  -25.059  -85.933  -12.302 0.0000000000
2837  -23.720  -86.117  -13.468 0.0000000000
2838  -24.786  -85.693  -13.395 0.0000000000
2845  -23.286  -85.664  -14.247 0.0000000000
2846  -24.280  -85.581  -14.338 0.0000000000
2847  -25.020  -85.206  -14.192 0.0000000000
2852  -22.783  -85.164  -14.797 0.0000000000
2853  -23.654  -85.321  -14.947 0.0000000000
2946  -31.247  -85.971  31.670 0.0000000000
2947  -31.877  -85.418  32.360 0.0000000000
2948  -32.557  -84.841  32.581 0.0000000000
2958  -31.978  -85.810  31.748 0.0000000000
2959  -32.702  -85.203  31.826 0.0000000000
2969  -30.661  -86.034  30.893 0.0000000000
2970  -31.441  -86.223  30.946 0.0000000000
2971  -32.433  -85.821  30.899 0.0000000000
2972  -33.223  -84.951  31.134 0.0000000000
2980  -30.659  -85.649  30.183 0.0000000000
2981  -31.910  -85.693  30.192 0.0000000000
3002  -35.130  -86.082  26.758 0.0000000000
3003  -35.613  -85.785  26.617 0.0000000000
3009  -34.696  -86.370  26.255 0.0000000000
3010  -35.395  -86.107  26.005 0.0000000000
3011  -36.104  -85.302  26.020 0.0000000000
3016  -34.280  -86.281  26.003 0.0000000000
3017  -35.122  -86.245  25.251 0.0000000000
3018  -36.151  -85.179  24.162 0.0000000000
3021  -33.736  -85.865  24.478 0.0000000000
3022  -34.409  -86.311  24.500 0.0000000000
3023  -35.211  -85.945  23.791 0.0000000000
3024  -36.079  -85.020  22.986 0.0000000000
3029  -33.551  -84.902  22.822 0.0000000000
3030  -33.726  -85.188  23.818 0.0000000000
3031  -35.741  -85.204  22.178 0.0000000000
3032  -36.436  -84.465  21.613 0.0000000000
3044  -36.035  -84.842  20.872 0.0000000000
3045  -36.677  -84.239  20.452 0.0000000000
3056  -36.298  -84.764  19.587 0.0000000000
3057  -36.963  -84.143  19.390 0.0000000000
3068  -36.284  -85.043  18.431 0.0000000000
3069  -36.782  -84.614  17.835 0.0000000000
3070  -37.329  -84.110  17.362 0.0000000000
3081  -32.195  -85.100  17.265 0.0000000000
3082  -33.372  -85.140  17.108 0.0000000000
3083  -34.375  -85.436  16.975 0.0000000000
3084  -35.993  -85.081  16.812 0.0000000000
3085  -36.708  -84.532  16.928 0.0000000000
3090  -29.827  -84.700  16.151 0.0000000000
3091  -30.583  -84.291  16.664 0.0000000000
3092  -31.562  -84.432  17.052 0.0000000000
3093  -34.351  -84.276  16.606 0.0000000000
3094  -34.852  -84.854  16.607 0.0000000000
3095  -36.294  -84.483  16.625 0.0000000000
3101  -29.629  -84.265  15.569 0.0000000000
3115  -29.444  -84.285  14.678 0.0000000000
3129  -29.573  -83.843  13.768 0.0000000000
3130  -29.981  -84.312  12.998 0.0000000000
3135  -31.632  -84.492  11.586 0.0000000000
3141  -32.227  -85.105  11.204 0.0000000000
3142  -32.445  -85.264  10.618 0.0000000000
3150  -27.959  -84.808  10.597 0.0000000000
3151  -28.274  -84.945  9.938 0.0000000000
3152  -32.205  -84.512  10.693 0.0000000000
3153  -32.288  -84.900  9.937 0.0000000000
3162  -27.863  -84.247  10.037 0.0000000000
3163  -28.255  -84.565  9.225 0.0000000000
3173  -24.037  -84.861  8.257 0.0000000000
3174  -28.388  -84.574  8.291 0.0000000000
3175  -31.841  -85.080  8.902 0.0000000000
3184  -28.470  -84.724  7.421 0.0000000000
3185  -30.847  -84.610  7.350 0.0000000000
3186  -31.318  -84.897  8.053 0.0000000000
3191  -24.080  -84.737  7.525 0.0000000000
3192  -27.974  -84.072  5.806 0.0000000000
3193  -28.452  -84.847  6.047 0.0000000000
3194  -30.880  -85.017  6.515 0.0000000000
3195  -31.433  -85.617  7.182 0.0000000000
3206  -23.691  -84.031  5.715 0.0000000000
3207  -27.754  -83.963  4.860 0.0000000000
3208  -28.366  -84.753  5.253 0.0000000000
3209  -31.010  -85.226  5.517 0.0000000000
3218  -23.713  -84.215  4.605 0.0000000000
3219  -24.027  -84.311  3.600 0.0000000000
3220  -28.280  -84.614  4.569 0.0000000000
3221  -31.242  -85.069  3.796 0.0000000000
3225  -27.878  -84.121  3.883 0.0000000000
3226  -28.447  -84.657  3.219 0.0000000000
3227  -31.734  -85.465  2.982 0.0000000000
3229  -24.589  -83.856  2.840 0.0000000000
3230  -24.931  -84.320  2.351 0.0000000000
3231  -27.705  -83.931  2.800 0.0000000000
3232  -28.380  -84.444  2.062 0.0000000000
3233  -29.263  -85.416  2.635 0.0000000000
3234  -31.441  -84.838  2.496 0.0000000000
3235  -32.254  -85.840  2.120 0.0000000000
3241  -25.477  -84.397  1.855 0.0000000000
3242  -26.246  -84.493  1.249 0.0000000000
3243  -27.340  -84.269  1.127 0.0000000000
3244  -28.429  -84.580  1.057 0.0000000000
3245  -29.550  -85.391  1.432 0.0000000000
3246  -31.511  -84.686  1.790 0.0000000000
3247  -32.213  -85.547  1.090 0.0000000000
3259  -26.948  -84.944  0.531 0.0000000000
3260  -27.929  -84.736  0.457 0.0000000000
3261  -28.750  -84.949  0.450 0.0000000000
3262  -29.295  -85.179  0.640 0.0000000000
3263  -32.235  -85.615  -0.394 0.0000000000
3275  -32.134  -85.251  -1.002 0.0000000000
3287  -31.409  -84.962  -2.418 0.0000000000
3288  -31.752  -84.563  -1.289 0.0000000000
3294  -29.529  -84.386  -3.361 0.0000000000
3295  -30.563  -84.705  -3.052 0.0000000000
3307  -27.977  -84.569  -4.538 0.0000000000
3308  -28.930  -84.736  -4.132 0.0000000000
3309  -29.829  -84.944  -3.741 0.0000000000
3310  -30.439  -85.275  -3.412 0.0000000000
3318  -25.433  -85.327  -5.402 0.0000000000
3319  -26.643  -84.687  -5.654 0.0000000000
3320  -27.465  -84.881  -5.317 0.0000000000
3321  -28.307  -85.092  -4.843 0.0000000000
3360  -23.185  -84.770  -9.724 0.0000000000
3367  -24.130  -84.948  -10.067 0.0000000000
3368  -24.700  -85.204  -10.588 0.0000000000
3374  -24.946  -84.877  -11.248 0.0000000000
3386  -25.084  -84.613  -12.092 0.0000000000
3387  -25.221  -85.180  -12.626 0.0000000000
3394  -25.302  -84.767  -13.601 0.0000000000
3403  -24.683  -85.068  -14.898 0.0000000000
3404  -25.429  -84.387  -14.571 0.0000000000
3410  -23.027  -84.917  -15.437 0.0000000000
3411  -24.040  -84.901  -15.585 0.0000000000
3412  -25.112  -84.351  -15.593 0.0000000000
3418  -23.329  -84.492  -16.087 0.0000000000
3419  -24.283  -84.362  -16.143 0.0000000000
3420  -24.952  -83.755  -16.452 0.0000000000
3507  -31.356  -85.164  32.282 0.0000000000
3517  -29.906  -84.405  30.899 0.0000000000
3518  -30.537  -85.428  31.348 0.0000000000
3519  -33.411  -84.338  32.745 0.0000000000
3524  -29.661  -84.307  29.817 0.0000000000
3525  -30.117  -85.323  30.335 0.0000000000
3526  -33.281  -85.406  30.126 0.0000000000
3527  -33.881  -84.817  29.982 0.0000000000
3536  -29.966  -84.928  29.275 0.0000000000
3537  -30.812  -84.920  29.252 0.0000000000
3538  -32.608  -84.765  29.325 0.0000000000
3539  -34.241  -85.050  29.230 0.0000000000
3549  -30.122  -84.159  28.345 0.0000000000
3550  -31.409  -83.907  28.320 0.0000000000
3551  -33.284  -83.982  28.355 0.0000000000
3552  -34.923  -84.913  28.486 0.0000000000
3569  -35.172  -85.634  27.210 0.0000000000
3570  -35.817  -85.339  27.012 0.0000000000
3579  -34.431  -85.976  26.292 0.0000000000
3580  -36.325  -84.592  26.150 0.0000000000
3587  -33.916  -85.423  25.105 0.0000000000
3588  -36.668  -84.119  23.724 0.0000000000
3592  -34.112  -84.390  23.547 0.0000000000
3593  -36.754  -83.983  22.175 0.0000000000
3596  -33.865  -84.259  22.236 0.0000000000
3597  -34.179  -83.820  22.378 0.0000000000
3598  -36.885  -83.729  21.096 0.0000000000
3607  -37.130  -83.610  20.069 0.0000000000
3619  -37.432  -83.554  18.981 0.0000000000
3630  -37.230  -84.135  18.354 0.0000000000
3631  -37.697  -83.593  17.854 0.0000000000
3647  -37.262  -83.953  16.793 0.0000000000
3648  -37.765  -83.543  16.981 0.0000000000
3658  -29.941  -83.851  16.035 0.0000000000
3659  -30.535  -83.215  16.329 0.0000000000
3660  -32.487  -84.164  16.983 0.0000000000
3661  -32.983  -83.385  16.735 0.0000000000
3662  -35.120  -83.958  16.441 0.0000000000
3663  -36.143  -84.019  16.412 0.0000000000
3664  -36.801  -83.997  16.559 0.0000000000
3665  -37.387  -83.450  16.635 0.0000000000
3670  -29.687  -82.846  15.248 0.0000000000
3671  -29.944  -83.199  15.788 0.0000000000
3678  -29.497  -83.315  14.544 0.0000000000
3690  -29.580  -82.975  13.714 0.0000000000
3691  -29.913  -83.481  13.030 0.0000000000
3702  -30.447  -83.917  12.526 0.0000000000
3703  -31.059  -83.859  11.977 0.0000000000
3709  -31.559  -83.748  11.390 0.0000000000
3717  -31.791  -83.658  10.841 0.0000000000
3726  -27.773  -83.799  9.455 0.0000000000
3727  -31.596  -83.428  9.766 0.0000000000
3736  -27.663  -83.268  8.232 0.0000000000
3737  -27.979  -83.883  8.686 0.0000000000
3738  -30.685  -83.328  8.265 0.0000000000
3739  -31.315  -84.112  8.649 0.0000000000
3747  -27.678  -83.326  7.313 0.0000000000
3748  -28.092  -83.961  7.790 0.0000000000
3749  -30.524  -83.764  7.468 0.0000000000
3750  -30.879  -84.153  7.997 0.0000000000
3756  -27.585  -83.349  6.387 0.0000000000
3757  -28.141  -84.165  6.772 0.0000000000
3759  -30.132  -83.642  6.269 0.0000000000
3760  -36.151  -84.154  5.880 0.0000000000
3768  -27.417  -83.322  5.499 0.0000000000
3769  -30.307  -84.051  5.488 0.0000000000
3781  -23.680  -83.257  4.943 0.0000000000
3782  -23.989  -82.998  4.145 0.0000000000
3783  -26.594  -82.877  3.860 0.0000000000
3784  -27.126  -83.129  4.680 0.0000000000
3786  -30.721  -84.621  4.663 0.0000000000
3787  -36.106  -84.115  5.154 0.0000000000
3794  -23.853  -83.626  4.125 0.0000000000
3795  -24.285  -83.414  3.509 0.0000000000
3796  -24.898  -83.066  3.043 0.0000000000
3797  -26.327  -83.088  2.937 0.0000000000
3798  -27.140  -83.431  3.321 0.0000000000
3801  -36.116  -83.915  4.497 0.0000000000
3805  -25.333  -83.681  2.344 0.0000000000
3806  -26.101  -83.454  2.253 0.0000000000
3807  -26.888  -83.518  2.432 0.0000000000
3812  -25.917  -83.885  1.784 0.0000000000
3813  -26.630  -83.825  1.707 0.0000000000
3814  -31.411  -84.260  0.962 0.0000000000
3815  -32.048  -84.967  0.141 0.0000000000
3827  -31.248  -83.632  0.102 0.0000000000
3840  -31.345  -83.756  -0.792 0.0000000000
3841  -31.959  -84.756  -0.639 0.0000000000
3859  -30.396  -83.455  -1.819 0.0000000000
3860  -31.138  -83.880  -1.570 0.0000000000
3873  -30.038  -83.906  -2.592 0.0000000000
3874  -30.920  -84.219  -2.265 0.0000000000
3931  -23.344  -83.859  -10.028 0.0000000000
3938  -22.954  -82.908  -10.015 0.0000000000
3939  -24.107  -84.216  -10.436 0.0000000000
3940  -24.539  -84.370  -10.889 0.0000000000
3953  -24.023  -83.497  -10.859 0.0000000000
3954  -24.560  -83.813  -11.662 0.0000000000
3968  -24.872  -83.720  -12.738 0.0000000000
3969  -25.232  -84.431  -13.013 0.0000000000
3975  -25.299  -83.680  -13.542 0.0000000000
3976  -25.446  -84.147  -13.713 0.0000000000
3982  -25.917  -83.518  -14.718 0.0000000000
3983  -26.505  -82.913  -15.201 0.0000000000
3989  -25.919  -83.609  -15.301 0.0000000000
3990  -26.449  -82.882  -15.799 0.0000000000
3997  -23.814  -83.797  -16.785 0.0000000000
3998  -25.765  -83.457  -16.080 0.0000000000
4006  -24.700  -83.096  -17.089 0.0000000000
4007  -25.448  -83.079  -16.695 0.0000000000
4119  -34.868  -83.297  32.786 0.0000000000
4123  -29.432  -83.133  30.658 0.0000000000
4124  -34.010  -83.950  32.011 0.0000000000
4125  -34.263  -83.557  30.801 0.0000000000
4129  -29.348  -83.055  29.659 0.0000000000
4130  -29.752  -84.001  28.678 0.0000000000
4131  -34.555  -84.845  29.024 0.0000000000
4138  -29.561  -82.871  28.480 0.0000000000
4139  -29.996  -83.353  27.712 0.0000000000
4140  -32.306  -83.062  27.480 0.0000000000
4141  -34.441  -84.938  28.416 0.0000000000
4142  -35.024  -84.874  28.411 0.0000000000
4153  -30.841  -82.294  26.098 0.0000000000
4154  -31.565  -82.399  26.213 0.0000000000
4155  -33.341  -83.049  27.101 0.0000000000
4156  -34.898  -85.121  28.251 0.0000000000
4157  -35.196  -84.849  28.213 0.0000000000
4158  -35.461  -84.434  27.678 0.0000000000
4168  -34.221  -83.873  26.674 0.0000000000
4169  -35.169  -85.361  27.841 0.0000000000
4170  -35.697  -84.959  27.352 0.0000000000
4179  -34.451  -85.126  26.797 0.0000000000
4180  -36.140  -83.761  26.420 0.0000000000
4181  -36.431  -83.415  25.120 0.0000000000
4191  -34.325  -83.968  25.140 0.0000000000
4192  -36.638  -83.345  23.894 0.0000000000
4199  -34.402  -83.234  23.519 0.0000000000
4203  -34.411  -83.171  22.528 0.0000000000
4204  -36.966  -83.072  21.530 0.0000000000
4210  -37.130  -83.142  20.625 0.0000000000
4223  -37.472  -82.810  19.640 0.0000000000
4224  -37.920  -82.973  18.362 0.0000000000
4235  -38.200  -83.053  17.287 0.0000000000
4248  -38.112  -82.899  16.739 0.0000000000
4259  -30.833  -82.275  16.286 0.0000000000
4260  -31.433  -82.843  16.591 0.0000000000
4261  -32.378  -82.555  16.636 0.0000000000
4262  -33.287  -82.724  16.615 0.0000000000
4263  -33.906  -82.445  16.525 0.0000000000
4264  -35.819  -83.257  16.351 0.0000000000
4265  -36.737  -83.429  16.417 0.0000000000
4266  -37.417  -82.874  16.453 0.0000000000
4273  -29.828  -82.133  15.283 0.0000000000
4274  -30.170  -82.529  15.796 0.0000000000
4280  -29.552  -82.338  14.475 0.0000000000
4291  -29.624  -82.216  13.589 0.0000000000
4292  -29.915  -82.665  12.949 0.0000000000
4307  -30.467  -83.227  12.386 0.0000000000
4308  -31.039  -83.118  11.735 0.0000000000
4317  -30.956  -82.394  11.407 0.0000000000
4324  -31.213  -82.413  10.263 0.0000000000
4325  -31.404  -82.785  10.806 0.0000000000
4335  -30.829  -82.007  9.704 0.0000000000
4336  -31.257  -82.754  9.678 0.0000000000
4337  -37.647  -82.904  9.484 0.0000000000
4338  -37.756  -83.229  9.099 0.0000000000
4339  -37.969  -83.232  9.094 0.0000000000
4351  -30.665  -82.432  8.898 0.0000000000
4352  -31.232  -83.330  9.136 0.0000000000
4353  -37.383  -83.278  8.903 0.0000000000
4354  -37.510  -83.387  8.655 0.0000000000
4355  -37.754  -83.301  8.615 0.0000000000
4366  -27.202  -82.488  6.917 0.0000000000
4367  -29.720  -82.197  7.344 0.0000000000
4368  -35.845  -83.125  7.000 0.0000000000
4369  -36.951  -83.711  8.034 0.0000000000
4370  -37.267  -83.626  7.983 0.0000000000
4377  -26.640  -81.967  6.221 0.0000000000
4378  -27.105  -82.665  5.977 0.0000000000
4379  -29.812  -82.938  6.683 0.0000000000
4380  -30.185  -83.019  7.461 0.0000000000
4381  -35.980  -83.963  6.399 0.0000000000
4382  -36.532  -84.055  6.451 0.0000000000
4383  -36.939  -84.024  7.188 0.0000000000
4390  -26.229  -82.131  4.974 0.0000000000
4391  -26.870  -82.664  5.207 0.0000000000
4392  -35.632  -83.668  4.909 0.0000000000
4393  -35.783  -83.895  5.654 0.0000000000
4394  -36.435  -84.017  5.719 0.0000000000
4402  -23.899  -82.597  4.771 0.0000000000
4403  -24.415  -82.408  4.251 0.0000000000
4404  -25.162  -82.152  4.113 0.0000000000
4405  -25.932  -82.290  4.259 0.0000000000
4406  -26.543  -82.587  4.566 0.0000000000
4408  -36.354  -83.837  4.857 0.0000000000
4416  -24.489  -82.852  3.661 0.0000000000
4417  -24.879  -82.559  3.616 0.0000000000
4418  -25.621  -82.652  3.432 0.0000000000
4420  -35.510  -83.348  4.142 0.0000000000
4421  -36.106  -83.795  3.969 0.0000000000
4422  -36.404  -83.560  3.892 0.0000000000
4428  -25.640  -83.128  2.738 0.0000000000
4431  -35.874  -83.474  3.353 0.0000000000
4432  -36.420  -83.363  2.768 0.0000000000
4433  -36.969  -83.118  2.032 0.0000000000
4434  -37.339  -82.733  1.418 0.0000000000
4438  -30.722  -83.162  0.940 0.0000000000
4439  -36.332  -83.159  1.915 0.0000000000
4440  -37.024  -83.004  1.166 0.0000000000
4441  -37.413  -82.600  0.845 0.0000000000
4452  -30.657  -82.706  0.220 0.0000000000
4453  -36.503  -82.720  0.725 0.0000000000
4454  -36.999  -82.747  0.381 0.0000000000
4462  -30.721  -82.819  -0.459 0.0000000000
4463  -36.641  -82.459  -0.039 0.0000000000
4475  -30.624  -83.049  -1.170 0.0000000000
4541  -23.399  -82.451  -10.740 0.0000000000
4547  -23.804  -82.547  -11.631 0.0000000000
4555  -24.263  -82.783  -12.588 0.0000000000
4564  -24.741  -82.788  -13.400 0.0000000000
4565  -25.753  -83.447  -14.272 0.0000000000
4572  -25.924  -82.287  -14.313 0.0000000000
4573  -26.480  -82.814  -14.820 0.0000000000
4574  -27.090  -82.230  -15.207 0.0000000000
4575  -27.703  -81.636  -15.690 0.0000000000
4581  -26.969  -82.359  -15.611 0.0000000000
4588  -26.115  -82.626  -16.503 0.0000000000
4598  -24.388  -82.375  -17.549 0.0000000000
4599  -25.404  -82.292  -17.192 0.0000000000
4600  -26.300  -81.786  -16.921 0.0000000000
4726  -35.431  -82.975  32.340 0.0000000000
4727  -34.979  -82.602  30.580 0.0000000000
4732  -28.983  -81.996  29.615 0.0000000000
4736  -29.470  -81.815  28.382 0.0000000000
4737  -29.979  -81.704  27.251 0.0000000000
4738  -35.047  -83.916  28.422 0.0000000000
4745  -30.458  -81.421  26.266 0.0000000000
4746  -31.099  -82.025  25.560 0.0000000000
4747  -32.115  -82.071  25.621 0.0000000000
4748  -35.187  -83.146  27.839 0.0000000000
4749  -35.337  -82.086  26.785 0.0000000000
4759  -30.920  -81.512  25.452 0.0000000000
4760  -31.514  -81.427  24.926 0.0000000000
4761  -33.322  -82.571  26.105 0.0000000000
4762  -35.584  -82.139  25.960 0.0000000000
4775  -32.570  -81.668  24.922 0.0000000000
4776  -33.521  -82.239  25.185 0.0000000000
4777  -34.171  -83.030  25.285 0.0000000000
4778  -36.017  -82.300  25.139 0.0000000000
4787  -34.224  -82.484  24.031 0.0000000000
4788  -35.840  -81.320  24.249 0.0000000000
4789  -36.311  -82.313  24.093 0.0000000000
4801  -36.404  -81.282  22.397 0.0000000000
4809  -36.670  -81.316  21.518 0.0000000000
4816  -37.016  -81.482  20.700 0.0000000000
4817  -37.421  -81.749  19.782 0.0000000000
4827  -37.977  -82.167  18.720 0.0000000000
4838  -38.489  -82.512  17.550 0.0000000000
4839  -39.074  -82.050  16.902 0.0000000000
4852  -38.616  -82.415  16.822 0.0000000000
4866  -31.294  -81.550  16.310 0.0000000000
4867  -31.917  -80.864  16.348 0.0000000000
4868  -33.144  -81.920  16.558 0.0000000000
4869  -34.411  -81.992  16.476 0.0000000000
4870  -35.373  -82.319  16.414 0.0000000000
4871  -35.942  -81.718  16.467 0.0000000000
4872  -37.090  -82.088  16.449 0.0000000000
4873  -38.134  -82.398  16.575 0.0000000000
4874  -38.882  -81.977  16.718 0.0000000000
4883  -30.412  -81.521  15.753 0.0000000000
4884  -31.084  -80.933  16.116 0.0000000000
4889  -29.745  -81.475  14.924 0.0000000000
4897  -29.560  -81.395  13.941 0.0000000000
4898  -29.889  -81.721  12.853 0.0000000000
4909  -30.471  -82.444  12.207 0.0000000000
4920  -30.674  -81.571  11.261 0.0000000000
4921  -30.990  -82.063  10.767 0.0000000000
4922  -39.037  -81.789  10.810 0.0000000000
4923  -39.599  -81.484  11.020 0.0000000000
4924  -40.278  -81.259  11.010 0.0000000000
4933  -30.678  -81.360  10.629 0.0000000000
4934  -37.340  -82.185  9.883 0.0000000000
4935  -37.909  -82.441  10.205 0.0000000000
4936  -38.671  -82.293  10.347 0.0000000000
4937  -39.525  -81.730  10.584 0.0000000000
4941  -30.606  -81.280  9.940 0.0000000000
4942  -38.157  -82.855  9.642 0.0000000000
4943  -39.868  -81.661  10.186 0.0000000000
4944  -40.250  -81.321  10.718 0.0000000000
4955  -30.344  -81.392  9.116 0.0000000000
4956  -36.816  -82.839  8.790 0.0000000000
4957  -38.412  -82.624  8.840 0.0000000000
4958  -39.155  -82.136  9.542 0.0000000000
4972  -30.034  -81.816  8.265 0.0000000000
4973  -36.217  -82.593  7.858 0.0000000000
4974  -37.839  -82.870  7.930 0.0000000000
4986  -34.952  -82.033  5.811 0.0000000000
4987  -35.242  -81.882  6.499 0.0000000000
4988  -36.881  -83.857  6.382 0.0000000000
4989  -37.289  -83.544  7.140 0.0000000000
4997  -26.058  -81.639  5.594 0.0000000000
5000  -35.193  -82.868  5.371 0.0000000000
5001  -35.427  -83.060  6.134 0.0000000000
5002  -36.701  -83.527  5.413 0.0000000000
5009  -24.693  -81.855  4.691 0.0000000000
5010  -25.450  -81.735  4.925 0.0000000000
5013  -34.677  -82.116  4.231 0.0000000000
5014  -36.810  -83.088  4.256 0.0000000000
5022  -35.076  -82.482  3.447 0.0000000000
5023  -36.871  -83.081  3.392 0.0000000000
5030  -35.522  -82.719  2.528 0.0000000000
5031  -37.179  -82.681  2.512 0.0000000000
5032  -37.545  -82.333  1.728 0.0000000000
5037  -34.974  -81.554  2.016 0.0000000000
5038  -35.639  -82.445  1.588 0.0000000000
5039  -37.873  -82.089  1.228 0.0000000000
5040  -38.572  -81.375  0.920 0.0000000000
5050  -35.799  -82.255  0.800 0.0000000000
5051  -37.940  -81.990  0.595 0.0000000000
5052  -38.465  -81.386  0.115 0.0000000000
5062  -36.082  -82.062  -0.143 0.0000000000
5063  -36.581  -82.166  -0.644 0.0000000000
5064  -37.047  -82.405  -0.426 0.0000000000
5076  -36.865  -82.043  -1.228 0.0000000000
5086  -36.233  -81.275  -2.246 0.0000000000
5087  -36.753  -81.637  -2.071 0.0000000000
5088  -37.392  -81.598  -1.642 0.0000000000
5118  -29.144  -82.055  -6.359 0.0000000000
5119  -29.751  -82.226  -6.240 0.0000000000
5120  -30.366  -82.347  -6.646 0.0000000000
5121  -31.189  -82.195  -7.038 0.0000000000
5122  -31.869  -81.969  -7.086 0.0000000000
5127  -29.636  -82.332  -6.817 0.0000000000
5128  -30.206  -82.194  -7.137 0.0000000000
5135  -29.031  -82.175  -6.930 0.0000000000
5136  -29.321  -82.095  -7.213 0.0000000000
5186  -24.848  -82.025  -13.828 0.0000000000
5187  -26.254  -81.375  -14.086 0.0000000000
5188  -27.440  -81.453  -14.261 0.0000000000
5189  -28.574  -81.231  -14.641 0.0000000000
5190  -29.292  -80.669  -14.745 0.0000000000
5198  -26.953  -81.990  -14.653 0.0000000000
5199  -27.864  -81.663  -15.046 0.0000000000
5200  -28.611  -81.148  -15.320 0.0000000000
5211  -28.364  -80.848  -15.891 0.0000000000
5219  -26.969  -82.038  -16.269 0.0000000000
5220  -27.620  -81.166  -16.304 0.0000000000
5231  -25.611  -81.350  -17.369 0.0000000000
5376  -36.980  -82.043  31.480 0.0000000000
5378  -38.445  -81.316  31.450 0.0000000000
5379  -39.212  -81.013  31.099 0.0000000000
5380  -39.665  -80.502  30.597 0.0000000000
5386  -35.445  -81.848  29.718 0.0000000000
5387  -37.901  -81.392  30.657 0.0000000000
5388  -38.909  -81.012  30.435 0.0000000000
5389  -39.460  -80.653  30.261 0.0000000000
5393  -29.527  -80.783  28.098 0.0000000000
5394  -30.125  -80.618  27.089 0.0000000000
5395  -34.930  -82.072  28.316 0.0000000000
5396  -35.431  -80.955  28.145 0.0000000000
5397  -36.388  -81.042  29.360 0.0000000000
5401  -30.451  -80.404  26.370 0.0000000000
5402  -35.219  -81.393  27.341 0.0000000000
5403  -35.429  -80.631  26.422 0.0000000000
5407  -30.720  -80.648  25.663 0.0000000000
5408  -31.079  -80.698  24.983 0.0000000000
5409  -35.474  -80.794  25.550 0.0000000000
5423  -33.079  -81.384  24.283 0.0000000000
5424  -35.617  -80.510  24.550 0.0000000000
5436  -35.814  -80.395  23.708 0.0000000000
5437  -36.153  -81.299  23.331 0.0000000000
5445  -36.148  -80.130  22.769 0.0000000000
5453  -36.487  -80.290  21.811 0.0000000000
5460  -36.868  -80.441  20.937 0.0000000000
5461  -37.323  -80.729  20.035 0.0000000000
5473  -37.917  -81.199  19.061 0.0000000000
5474  -38.692  -80.924  18.487 0.0000000000
5484  -38.761  -81.859  17.881 0.0000000000
5485  -39.694  -81.436  17.281 0.0000000000
5486  -40.645  -80.657  17.296 0.0000000000
5492  -37.217  -80.595  16.822 0.0000000000
5493  -38.653  -81.174  16.674 0.0000000000
5494  -39.818  -81.334  16.918 0.0000000000
5506  -33.757  -81.160  16.497 0.0000000000
5507  -34.505  -80.493  16.553 0.0000000000
5508  -35.465  -80.784  16.595 0.0000000000
5509  -36.566  -81.143  16.604 0.0000000000
5510  -37.856  -81.612  16.556 0.0000000000
5536  -29.708  -80.807  13.182 0.0000000000
5543  -30.075  -80.982  12.352 0.0000000000
5554  -30.462  -80.829  11.134 0.0000000000
5555  -38.204  -80.787  11.165 0.0000000000
5556  -38.986  -81.257  11.149 0.0000000000
5557  -40.910  -80.641  11.184 0.0000000000
5558  -41.606  -80.292  11.043 0.0000000000
5572  -30.390  -80.595  10.377 0.0000000000
5573  -37.483  -81.456  10.463 0.0000000000
5574  -38.268  -81.650  10.777 0.0000000000
5575  -40.926  -80.783  10.920 0.0000000000
5586  -30.245  -80.688  9.603 0.0000000000
5587  -36.802  -81.821  9.389 0.0000000000
5588  -40.378  -80.922  9.937 0.0000000000
5589  -40.518  -81.052  10.463 0.0000000000
5602  -35.849  -79.910  8.336 0.0000000000
5603  -36.328  -81.364  8.541 0.0000000000
5604  -39.076  -81.321  8.722 0.0000000000
5605  -39.781  -81.084  9.351 0.0000000000
5621  -35.757  -80.957  7.700 0.0000000000
5622  -37.841  -81.316  7.313 0.0000000000
5623  -38.455  -81.482  8.016 0.0000000000
5634  -34.680  -81.005  6.004 0.0000000000
5635  -35.167  -80.628  6.850 0.0000000000
5636  -37.080  -82.602  6.181 0.0000000000
5637  -37.349  -80.917  6.561 0.0000000000
5644  -34.493  -81.561  5.100 0.0000000000
5645  -36.691  -81.967  4.851 0.0000000000
5651  -34.251  -81.095  4.353 0.0000000000
5652  -36.484  -80.716  3.915 0.0000000000
5660  -34.367  -81.302  3.683 0.0000000000
5661  -36.662  -80.904  3.125 0.0000000000
5671  -34.643  -81.514  2.853 0.0000000000
5672  -37.111  -81.273  2.526 0.0000000000
5673  -37.748  -81.600  1.928 0.0000000000
5678  -35.214  -81.431  1.211 0.0000000000
5679  -38.336  -81.331  1.376 0.0000000000
5680  -39.188  -80.650  1.120 0.0000000000
5687  -34.918  -80.472  0.919 0.0000000000
5688  -35.450  -81.303  0.352 0.0000000000
5689  -39.261  -80.664  0.430 0.0000000000
5700  -35.634  -81.169  -0.616 0.0000000000
5701  -38.811  -80.812  -0.466 0.0000000000
5702  -39.410  -80.103  -0.599 0.0000000000
5711  -35.755  -80.958  -1.580 0.0000000000
5712  -37.976  -81.026  -1.796 0.0000000000
5713  -38.616  -80.565  -1.335 0.0000000000
5723  -36.113  -81.123  -2.959 0.0000000000
5724  -36.641  -81.298  -3.094 0.0000000000
5725  -38.278  -80.477  -2.286 0.0000000000
5736  -36.185  -81.143  -4.680 0.0000000000
5737  -36.794  -81.054  -4.160 0.0000000000
5738  -37.410  -80.628  -3.943 0.0000000000
5750  -29.791  -81.035  -4.998 0.0000000000
5751  -30.792  -81.248  -5.068 0.0000000000
5752  -31.917  -81.710  -5.622 0.0000000000
5753  -34.503  -81.326  -5.718 0.0000000000
5754  -35.269  -81.192  -5.695 0.0000000000
5755  -36.091  -80.897  -5.615 0.0000000000
5756  -36.597  -80.839  -4.929 0.0000000000
5760  -28.642  -81.335  -5.758 0.0000000000
5761  -29.395  -81.630  -5.609 0.0000000000
5762  -30.214  -81.976  -5.741 0.0000000000
5763  -31.127  -82.188  -6.212 0.0000000000
5764  -33.881  -81.555  -6.493 0.0000000000
5765  -34.774  -81.202  -6.430 0.0000000000
5766  -35.416  -80.818  -6.357 0.0000000000
5773  -28.496  -81.746  -6.631 0.0000000000
5774  -30.756  -81.852  -7.249 0.0000000000
5775  -31.634  -81.596  -7.284 0.0000000000
5776  -32.445  -81.673  -7.205 0.0000000000
5777  -33.130  -81.820  -6.997 0.0000000000
5778  -34.392  -81.152  -7.029 0.0000000000
5779  -34.936  -80.682  -6.973 0.0000000000
5788  -27.657  -81.342  -7.750 0.0000000000
5789  -28.466  -81.696  -7.384 0.0000000000
5790  -28.927  -81.557  -7.605 0.0000000000
5791  -29.743  -81.458  -7.414 0.0000000000
5799  -26.982  -80.923  -8.008 0.0000000000
5800  -27.538  -81.102  -8.409 0.0000000000
5801  -27.927  -81.286  -8.205 0.0000000000
5812  -27.152  -80.593  -9.393 0.0000000000
5813  -27.618  -80.838  -9.158 0.0000000000
5814  -28.080  -80.718  -9.546 0.0000000000
5826  -27.462  -80.381  -10.928 0.0000000000
5827  -28.046  -80.728  -9.875 0.0000000000
5828  -28.806  -80.544  -10.519 0.0000000000
5839  -27.267  -80.219  -11.916 0.0000000000
5840  -28.241  -80.670  -11.541 0.0000000000
5841  -29.240  -80.713  -11.417 0.0000000000
5842  -30.366  -80.442  -11.857 0.0000000000
5843  -30.708  -80.133  -12.500 0.0000000000
5856  -27.136  -80.494  -12.859 0.0000000000
5857  -28.504  -80.840  -13.084 0.0000000000
5858  -29.595  -80.778  -13.064 0.0000000000
5859  -30.281  -80.472  -12.864 0.0000000000
5860  -30.543  -80.097  -13.271 0.0000000000
5868  -26.630  -80.825  -13.593 0.0000000000
5869  -27.969  -81.087  -13.724 0.0000000000
5870  -29.198  -80.909  -13.956 0.0000000000
5871  -30.049  -80.356  -13.818 0.0000000000
5878  -29.624  -80.088  -14.767 0.0000000000
5889  -28.517  -80.264  -15.887 0.0000000000
5890  -29.004  -80.450  -15.432 0.0000000000
5891  -29.078  -80.084  -15.461 0.0000000000
5902  -26.370  -80.390  -16.941 0.0000000000
5903  -27.190  -80.565  -16.647 0.0000000000
5904  -27.983  -80.517  -16.233 0.0000000000
5917  -25.542  -80.615  -17.343 0.0000000000
5918  -26.383  -80.979  -17.076 0.0000000000
6109  -37.189  -80.493  28.848 0.0000000000
6110  -38.343  -80.517  29.076 0.0000000000
6111  -39.296  -80.363  29.228 0.0000000000
6112  -40.128  -80.164  29.729 0.0000000000
6118  -35.520  -80.471  27.122 0.0000000000
6119  -36.279  -80.099  27.704 0.0000000000
6120  -37.581  -79.866  27.740 0.0000000000
6121  -38.946  -79.876  27.779 0.0000000000
6122  -39.742  -79.758  28.516 0.0000000000
6128  -35.824  -79.792  26.536 0.0000000000
6129  -36.977  -79.316  26.635 0.0000000000
6130  -38.365  -79.494  26.843 0.0000000000
6136  -35.631  -79.869  25.660 0.0000000000
6137  -36.221  -79.100  25.113 0.0000000000
6146  -35.656  -79.846  24.832 0.0000000000
6147  -36.014  -79.188  24.267 0.0000000000
6162  -36.019  -79.473  23.521 0.0000000000
6163  -36.646  -78.660  23.646 0.0000000000
6187  -36.894  -79.399  21.335 0.0000000000
6188  -37.446  -79.118  20.749 0.0000000000
6198  -37.307  -79.790  20.413 0.0000000000
6204  -38.517  -79.882  19.229 0.0000000000
6205  -39.916  -80.750  18.167 0.0000000000
6206  -40.503  -80.108  18.587 0.0000000000
6207  -41.328  -80.047  18.414 0.0000000000
6208  -41.841  -79.727  18.244 0.0000000000
6219  -40.788  -80.545  17.733 0.0000000000
6220  -41.341  -80.218  17.730 0.0000000000
6221  -41.698  -79.821  17.800 0.0000000000
6231  -36.534  -79.613  17.187 0.0000000000
6232  -37.774  -79.993  17.119 0.0000000000
6233  -39.202  -80.535  16.866 0.0000000000
6234  -40.236  -80.769  16.918 0.0000000000
6235  -41.177  -80.158  17.535 0.0000000000
6246  -33.315  -79.551  16.449 0.0000000000
6247  -34.201  -79.616  16.628 0.0000000000
6248  -35.082  -79.888  16.740 0.0000000000
6249  -36.035  -80.213  16.827 0.0000000000
6295  -36.943  -79.324  11.413 0.0000000000
6296  -37.642  -79.882  11.358 0.0000000000
6297  -38.753  -80.317  11.410 0.0000000000
6298  -40.692  -80.129  11.493 0.0000000000
6299  -41.512  -80.022  11.355 0.0000000000
6300  -41.943  -79.799  11.218 0.0000000000
6301  -42.266  -79.377  11.362 0.0000000000
6309  -37.025  -79.894  11.162 0.0000000000
6310  -37.556  -80.658  10.944 0.0000000000
6311  -41.570  -80.318  10.937 0.0000000000
6312  -42.042  -79.862  10.905 0.0000000000
6326  -36.029  -79.273  9.312 0.0000000000
6327  -36.470  -79.808  10.196 0.0000000000
6328  -40.223  -80.025  9.456 0.0000000000
6329  -40.981  -80.402  10.388 0.0000000000
6340  -36.443  -80.469  9.291 0.0000000000
6341  -39.388  -80.185  8.776 0.0000000000
6346  -34.886  -79.476  6.980 0.0000000000
6347  -35.388  -79.947  7.501 0.0000000000
6348  -38.079  -80.118  7.471 0.0000000000
6349  -38.754  -80.252  8.168 0.0000000000
6359  -34.513  -79.912  6.236 0.0000000000
6360  -36.880  -79.747  6.060 0.0000000000
6361  -37.463  -79.628  6.801 0.0000000000
6373  -34.226  -80.280  5.465 0.0000000000
6374  -36.501  -79.600  5.153 0.0000000000
6384  -34.004  -80.390  4.750 0.0000000000
6385  -36.309  -79.577  4.117 0.0000000000
6394  -36.436  -79.738  3.178 0.0000000000
6404  -36.755  -79.983  2.519 0.0000000000
6405  -37.388  -80.382  1.998 0.0000000000
6412  -38.359  -80.663  1.555 0.0000000000
6413  -39.025  -80.502  1.365 0.0000000000
6414  -39.687  -79.983  1.331 0.0000000000
6415  -40.271  -79.617  1.325 0.0000000000
6424  -35.197  -80.302  0.033 0.0000000000
6425  -39.896  -80.125  0.972 0.0000000000
6426  -40.462  -79.531  0.753 0.0000000000
6439  -35.377  -80.178  -0.898 0.0000000000
6440  -40.109  -79.485  -0.181 0.0000000000
6451  -35.447  -79.952  -1.926 0.0000000000
6452  -38.971  -79.803  -1.772 0.0000000000
6453  -39.608  -79.297  -1.041 0.0000000000
6463  -35.104  -79.849  -3.407 0.0000000000
6464  -35.637  -80.501  -3.080 0.0000000000
6465  -37.902  -80.447  -3.213 0.0000000000
6466  -38.484  -79.909  -2.630 0.0000000000
6476  -34.164  -79.973  -4.298 0.0000000000
6477  -34.735  -79.903  -3.909 0.0000000000
6478  -35.539  -80.815  -4.152 0.0000000000
6479  -37.779  -79.959  -3.922 0.0000000000
6480  -38.210  -79.518  -3.163 0.0000000000
6491  -32.715  -81.031  -5.047 0.0000000000
6492  -34.158  -80.910  -4.999 0.0000000000
6493  -34.905  -80.950  -4.848 0.0000000000
6494  -35.616  -81.154  -5.013 0.0000000000
6495  -36.698  -80.355  -5.264 0.0000000000
6496  -37.203  -80.383  -4.598 0.0000000000
6504  -35.379  -80.269  -6.720 0.0000000000
6511  -30.643  -80.922  -7.378 0.0000000000
6512  -32.622  -80.013  -7.292 0.0000000000
6513  -34.130  -80.378  -7.315 0.0000000000
6523  -28.365  -81.160  -8.102 0.0000000000
6524  -28.943  -80.231  -7.868 0.0000000000
6536  -28.266  -80.658  -9.036 0.0000000000
6537  -28.703  -79.808  -8.502 0.0000000000
6549  -28.959  -80.242  -9.976 0.0000000000
6550  -29.171  -79.463  -9.378 0.0000000000
6560  -30.312  -79.458  -10.536 0.0000000000
6561  -30.849  -79.337  -11.252 0.0000000000
6572  -30.576  -80.019  -11.234 0.0000000000
6573  -30.843  -79.721  -11.842 0.0000000000
6583  -30.336  -79.680  -13.312 0.0000000000
6584  -30.751  -79.823  -12.638 0.0000000000
6591  -29.827  -79.773  -14.300 0.0000000000
6592  -30.205  -79.988  -13.970 0.0000000000
6599  -29.243  -79.799  -15.082 0.0000000000
6608  -25.977  -79.289  -15.953 0.0000000000
6609  -27.293  -79.620  -15.992 0.0000000000
6610  -28.429  -79.840  -15.739 0.0000000000
6619  -25.572  -79.828  -16.793 0.0000000000
6620  -26.850  -79.974  -16.611 0.0000000000
6621  -27.824  -80.096  -16.287 0.0000000000
6845  -40.665  -79.417  29.159 0.0000000000
6857  -39.345  -79.466  27.561 0.0000000000
6858  -40.074  -79.188  28.181 0.0000000000
6866  -38.311  -79.224  25.991 0.0000000000
6867  -39.009  -79.359  26.585 0.0000000000
6868  -39.496  -79.055  27.227 0.0000000000
6878  -37.078  -78.926  25.657 0.0000000000
6879  -38.192  -78.968  25.205 0.0000000000
6880  -39.072  -78.802  24.898 0.0000000000
6888  -36.659  -78.737  24.485 0.0000000000
6889  -37.763  -78.579  24.422 0.0000000000
6890  -39.095  -77.737  24.365 0.0000000000
6901  -36.920  -78.535  22.852 0.0000000000
6902  -37.877  -78.428  23.476 0.0000000000
6903  -39.205  -78.843  23.791 0.0000000000
6919  -36.876  -78.789  22.162 0.0000000000
6920  -37.498  -78.457  22.431 0.0000000000
6921  -38.535  -78.532  22.904 0.0000000000
6922  -39.688  -79.038  23.379 0.0000000000
6923  -40.423  -79.106  22.951 0.0000000000
6935  -37.510  -78.662  21.475 0.0000000000
6936  -38.388  -78.491  21.290 0.0000000000
6937  -40.317  -79.049  21.806 0.0000000000
6938  -41.096  -79.073  22.250 0.0000000000
6939  -41.818  -78.864  21.523 0.0000000000
6952  -37.952  -78.796  20.604 0.0000000000
6953  -38.757  -78.731  20.454 0.0000000000
6954  -39.874  -78.847  20.481 0.0000000000
6955  -41.218  -79.088  20.801 0.0000000000
6956  -42.134  -78.937  20.244 0.0000000000
6957  -42.705  -78.532  19.786 0.0000000000
6971  -38.366  -79.117  19.940 0.0000000000
6972  -39.454  -79.433  19.417 0.0000000000
6973  -40.728  -79.440  19.465 0.0000000000
6974  -41.744  -79.414  19.272 0.0000000000
6975  -42.275  -79.177  18.984 0.0000000000
6976  -42.546  -78.685  18.863 0.0000000000
6987  -38.496  -78.456  17.737 0.0000000000
6988  -39.650  -78.658  17.618 0.0000000000
6989  -40.728  -78.831  17.633 0.0000000000
6990  -41.724  -79.001  17.846 0.0000000000
6991  -42.059  -79.312  18.297 0.0000000000
7003  -35.061  -78.041  17.352 0.0000000000
7004  -35.856  -78.672  17.401 0.0000000000
7005  -36.986  -78.945  17.509 0.0000000000
7006  -38.174  -79.266  17.428 0.0000000000
7007  -39.408  -79.609  17.287 0.0000000000
7008  -40.548  -79.868  17.303 0.0000000000
7009  -41.267  -79.644  17.582 0.0000000000
7019  -33.765  -78.688  16.649 0.0000000000
7020  -34.828  -78.920  16.988 0.0000000000
7059  -36.940  -78.179  12.060 0.0000000000
7060  -39.719  -77.872  11.907 0.0000000000
7061  -41.536  -78.877  12.081 0.0000000000
7062  -42.451  -78.727  12.157 0.0000000000
7063  -43.086  -78.355  12.144 0.0000000000
7072  -36.197  -77.952  12.018 0.0000000000
7073  -36.610  -78.638  11.606 0.0000000000
7074  -37.322  -78.917  11.655 0.0000000000
7075  -38.329  -79.257  11.584 0.0000000000
7076  -40.354  -78.866  11.762 0.0000000000
7077  -41.023  -79.402  11.749 0.0000000000
7078  -42.054  -79.367  11.673 0.0000000000
7079  -42.630  -78.833  11.847 0.0000000000
7085  -36.010  -78.332  11.363 0.0000000000
7086  -36.525  -79.278  11.052 0.0000000000
7087  -41.695  -79.816  10.701 0.0000000000
7088  -42.262  -79.356  10.966 0.0000000000
7099  -35.933  -78.660  10.311 0.0000000000
7100  -40.002  -78.769  9.492 0.0000000000
7101  -40.929  -79.415  10.051 0.0000000000
7111  -38.671  -78.640  8.482 0.0000000000
7112  -39.391  -79.176  8.912 0.0000000000
7118  -37.791  -78.983  7.371 0.0000000000
7119  -38.368  -79.228  7.947 0.0000000000
7127  -36.777  -78.277  6.236 0.0000000000
7128  -37.297  -78.650  6.815 0.0000000000
7136  -36.370  -77.960  5.414 0.0000000000
7143  -36.266  -78.547  4.562 0.0000000000
7151  -36.294  -78.710  3.364 0.0000000000
7152  -41.595  -78.404  2.939 0.0000000000
7162  -37.612  -78.468  1.887 0.0000000000
7163  -38.684  -79.080  1.690 0.0000000000
7164  -39.942  -79.055  2.056 0.0000000000
7165  -40.836  -78.597  2.688 0.0000000000
7170  -37.961  -79.595  1.682 0.0000000000
7171  -39.232  -79.823  1.532 0.0000000000
7172  -40.176  -79.397  1.706 0.0000000000
7173  -40.880  -79.191  1.544 0.0000000000
7174  -41.342  -78.488  1.430 0.0000000000
7183  -40.930  -78.876  0.765 0.0000000000
7196  -40.085  -78.810  -0.461 0.0000000000
7197  -40.542  -79.061  0.160 0.0000000000
7208  -39.157  -79.083  -1.716 0.0000000000
7220  -38.061  -78.528  -2.728 0.0000000000
7221  -38.656  -79.253  -2.369 0.0000000000
7235  -37.102  -78.556  -4.098 0.0000000000
7236  -37.737  -79.004  -3.648 0.0000000000
7253  -33.466  -80.313  -4.613 0.0000000000
7254  -36.265  -79.682  -5.809 0.0000000000
7255  -36.857  -79.306  -4.920 0.0000000000
7256  -37.430  -79.464  -4.312 0.0000000000
7264  -35.097  -78.863  -6.366 0.0000000000
7265  -35.541  -79.569  -6.420 0.0000000000
7275  -30.330  -79.337  -6.960 0.0000000000
7276  -31.529  -79.064  -6.749 0.0000000000
7277  -32.492  -78.857  -6.718 0.0000000000
7278  -33.421  -79.303  -7.002 0.0000000000
7287  -29.068  -78.763  -7.895 0.0000000000
7302  -29.310  -78.538  -8.747 0.0000000000
7313  -30.305  -78.504  -9.950 0.0000000000
7314  -30.514  -78.022  -10.217 0.0000000000
7323  -30.760  -78.713  -10.795 0.0000000000
7331  -30.247  -78.365  -11.517 0.0000000000
7332  -30.922  -79.013  -11.326 0.0000000000
7340  -28.412  -78.208  -12.782 0.0000000000
7341  -28.766  -77.825  -12.024 0.0000000000
7342  -30.688  -79.336  -12.183 0.0000000000
7351  -26.794  -78.026  -13.891 0.0000000000
7352  -27.426  -77.893  -13.240 0.0000000000
7353  -29.490  -79.189  -13.601 0.0000000000
7364  -28.217  -79.291  -14.879 0.0000000000
7365  -28.921  -79.258  -14.287 0.0000000000
7377  -26.398  -78.766  -15.152 0.0000000000
7378  -27.523  -79.293  -15.314 0.0000000000
7622  -40.256  -78.687  28.004 0.0000000000
7629  -39.164  -79.037  26.099 0.0000000000
7630  -39.691  -78.133  27.254 0.0000000000
7637  -39.189  -78.830  25.084 0.0000000000
7644  -39.359  -78.234  24.653 0.0000000000
7651  -39.502  -78.705  24.271 0.0000000000
7652  -39.701  -78.897  23.758 0.0000000000
7664  -40.211  -79.012  23.417 0.0000000000
7665  -40.732  -79.017  22.827 0.0000000000
7678  -41.516  -78.685  22.261 0.0000000000
7679  -42.213  -78.451  21.747 0.0000000000
7680  -42.831  -77.887  21.382 0.0000000000
7694  -42.512  -78.491  20.962 0.0000000000
7695  -43.185  -77.907  20.489 0.0000000000
7696  -43.777  -77.265  20.172 0.0000000000
7711  -43.170  -77.850  19.502 0.0000000000
7725  -37.744  -77.585  18.142 0.0000000000
7726  -38.801  -77.634  18.102 0.0000000000
7727  -39.907  -77.776  17.989 0.0000000000
7728  -40.915  -77.982  18.045 0.0000000000
7729  -41.798  -77.857  18.315 0.0000000000
7730  -42.719  -78.040  18.758 0.0000000000
7743  -37.421  -78.274  17.812 0.0000000000
7779  -35.919  -77.231  12.284 0.0000000000
7780  -36.609  -77.450  12.317 0.0000000000
7781  -37.536  -77.543  12.209 0.0000000000
7782  -38.604  -77.654  11.961 0.0000000000
7783  -42.671  -78.083  12.448 0.0000000000
7784  -43.172  -77.629  12.499 0.0000000000
7785  -43.481  -77.750  12.140 0.0000000000
7789  -35.673  -77.558  11.731 0.0000000000
7790  -37.901  -78.329  11.846 0.0000000000
7791  -39.070  -78.551  11.693 0.0000000000
7792  -43.183  -78.354  11.901 0.0000000000
7795  -35.510  -77.762  10.796 0.0000000000
7796  -41.334  -77.822  10.432 0.0000000000
7797  -42.315  -78.497  10.864 0.0000000000
7798  -42.582  -78.785  11.459 0.0000000000
7805  -38.846  -77.264  9.275 0.0000000000
7806  -39.663  -77.716  9.662 0.0000000000
7807  -40.610  -78.293  10.070 0.0000000000
7815  -37.763  -77.254  8.173 0.0000000000
7816  -38.418  -77.724  8.617 0.0000000000
7817  -39.124  -78.194  9.088 0.0000000000
7823  -36.772  -77.046  6.965 0.0000000000
7824  -37.381  -77.572  7.482 0.0000000000
7825  -37.982  -78.225  7.908 0.0000000000
7834  -36.455  -77.357  6.112 0.0000000000
7835  -37.035  -77.870  6.838 0.0000000000
7841  -36.137  -77.543  4.542 0.0000000000
7849  -36.199  -77.776  3.595 0.0000000000
7850  -41.892  -77.690  4.161 0.0000000000
7851  -42.645  -77.510  4.230 0.0000000000
7859  -36.106  -77.071  3.841 0.0000000000
7860  -40.353  -77.903  3.097 0.0000000000
7861  -41.368  -78.108  3.397 0.0000000000
7862  -42.134  -78.051  3.450 0.0000000000
7863  -42.575  -77.520  3.630 0.0000000000
7873  -36.996  -77.445  2.343 0.0000000000
7874  -37.946  -77.502  2.130 0.0000000000
7875  -38.840  -78.347  1.976 0.0000000000
7876  -39.922  -78.387  2.493 0.0000000000
7877  -42.296  -77.735  2.810 0.0000000000
7884  -41.440  -77.724  1.383 0.0000000000
7885  -41.848  -78.152  2.087 0.0000000000
7896  -40.235  -77.600  0.296 0.0000000000
7897  -41.003  -78.101  0.746 0.0000000000
7912  -38.935  -77.527  -0.755 0.0000000000
7913  -39.819  -78.019  -0.379 0.0000000000
7914  -40.501  -78.453  0.164 0.0000000000
7924  -38.060  -77.776  -1.971 0.0000000000
7925  -38.630  -77.869  -1.409 0.0000000000
7926  -39.336  -78.486  -1.133 0.0000000000
7935  -37.533  -77.682  -2.561 0.0000000000
7947  -37.321  -78.055  -3.273 0.0000000000
7961  -36.213  -78.635  -5.238 0.0000000000
7962  -36.434  -78.131  -4.530 0.0000000000
7971  -32.348  -77.072  -5.874 0.0000000000
7972  -33.338  -77.417  -5.954 0.0000000000
7973  -34.106  -77.671  -5.955 0.0000000000
7974  -34.792  -77.999  -5.864 0.0000000000
7975  -35.554  -78.520  -5.744 0.0000000000
7984  -29.838  -77.352  -6.740 0.0000000000
7985  -30.626  -77.983  -6.457 0.0000000000
7986  -31.871  -77.986  -6.315 0.0000000000
7987  -32.915  -78.118  -6.393 0.0000000000
7988  -33.779  -78.367  -6.458 0.0000000000
7989  -34.509  -78.628  -6.438 0.0000000000
7997  -29.512  -77.757  -7.333 0.0000000000
8018  -30.104  -77.293  -9.732 0.0000000000
8024  -29.316  -77.006  -10.602 0.0000000000
8025  -30.237  -77.559  -10.282 0.0000000000
8026  -30.642  -78.321  -10.744 0.0000000000
8034  -27.963  -77.047  -11.731 0.0000000000
8035  -29.033  -77.394  -11.255 0.0000000000
8042  -27.700  -77.432  -12.474 0.0000000000
8346  -39.132  -78.106  26.016 0.0000000000
8353  -39.146  -77.975  25.057 0.0000000000
8358  -39.124  -77.586  24.461 0.0000000000
8365  -39.407  -77.738  24.037 0.0000000000
8366  -39.799  -78.399  23.871 0.0000000000
8372  -40.023  -77.723  23.242 0.0000000000
8373  -40.766  -78.277  22.836 0.0000000000
8378  -40.441  -76.907  22.393 0.0000000000
8379  -41.472  -77.544  22.238 0.0000000000
8380  -42.289  -77.870  21.917 0.0000000000
8381  -43.052  -77.147  21.567 0.0000000000
8382  -44.297  -76.380  20.973 0.0000000000
8383  -44.881  -75.692  20.967 0.0000000000
8394  -43.629  -77.156  20.968 0.0000000000
8395  -44.161  -76.715  20.541 0.0000000000
8396  -44.622  -76.164  20.516 0.0000000000
8407  -43.819  -76.579  19.602 0.0000000000
8408  -44.269  -76.694  20.004 0.0000000000
8431  -39.144  -76.663  18.321 0.0000000000
8432  -40.271  -77.025  18.296 0.0000000000
8433  -41.076  -76.509  18.528 0.0000000000
8434  -42.375  -77.064  18.709 0.0000000000
8435  -43.205  -77.255  19.186 0.0000000000
8483  -42.416  -76.209  13.143 0.0000000000
8484  -43.724  -76.496  13.013 0.0000000000
8485  -44.134  -76.258  12.866 0.0000000000
8491  -35.761  -76.361  12.434 0.0000000000
8492  -36.330  -76.790  12.464 0.0000000000
8493  -37.205  -76.660  12.431 0.0000000000
8494  -38.239  -76.838  12.252 0.0000000000
8495  -39.946  -76.297  12.340 0.0000000000
8496  -40.368  -77.304  12.264 0.0000000000
8497  -42.302  -77.141  12.740 0.0000000000
8498  -43.163  -76.835  12.939 0.0000000000
8499  -44.146  -76.409  12.311 0.0000000000
8503  -35.403  -76.791  12.004 0.0000000000
8504  -43.440  -77.362  11.728 0.0000000000
8505  -43.786  -77.059  12.067 0.0000000000
8510  -39.974  -76.250  10.272 0.0000000000
8511  -41.039  -76.637  10.514 0.0000000000
8512  -42.141  -77.438  10.760 0.0000000000
8513  -42.859  -78.006  11.329 0.0000000000
8519  -38.629  -76.365  9.423 0.0000000000
8520  -39.384  -76.765  9.814 0.0000000000
8521  -40.271  -77.213  10.175 0.0000000000
8526  -37.551  -76.356  8.361 0.0000000000
8527  -38.171  -76.829  8.834 0.0000000000
8535  -36.538  -76.194  7.143 0.0000000000
8536  -37.163  -76.727  7.682 0.0000000000
8547  -35.843  -75.927  5.799 0.0000000000
8553  -36.006  -76.596  5.522 0.0000000000
8554  -41.358  -76.852  4.701 0.0000000000
8555  -42.112  -76.746  5.280 0.0000000000
8556  -42.920  -76.865  5.422 0.0000000000
8557  -43.445  -76.639  5.382 0.0000000000
8563  -35.962  -76.678  4.576 0.0000000000
8564  -40.224  -76.401  4.203 0.0000000000
8565  -42.491  -77.259  4.845 0.0000000000
8566  -43.197  -77.165  4.904 0.0000000000
8567  -43.560  -76.729  5.061 0.0000000000
8574  -36.081  -76.442  3.706 0.0000000000
8575  -36.406  -76.215  3.148 0.0000000000
8576  -37.307  -76.030  2.764 0.0000000000
8577  -38.297  -75.988  3.084 0.0000000000
8578  -39.521  -76.838  3.324 0.0000000000
8579  -40.839  -77.391  3.869 0.0000000000
8580  -43.127  -77.134  4.278 0.0000000000
8581  -43.479  -76.599  4.549 0.0000000000
8592  -36.825  -76.469  2.735 0.0000000000
8593  -38.331  -76.774  2.593 0.0000000000
8594  -39.161  -77.606  2.531 0.0000000000
8595  -42.300  -76.892  2.613 0.0000000000
8596  -42.735  -77.130  3.349 0.0000000000
8604  -40.252  -76.282  1.155 0.0000000000
8605  -41.136  -76.760  1.493 0.0000000000
8606  -41.876  -77.349  2.033 0.0000000000
8615  -38.925  -76.236  0.264 0.0000000000
8616  -39.802  -76.700  0.572 0.0000000000
8617  -40.692  -77.192  0.905 0.0000000000
8631  -37.759  -76.128  -0.777 0.0000000000
8632  -38.520  -76.608  -0.438 0.0000000000
8633  -39.367  -77.111  -0.070 0.0000000000
8645  -36.799  -76.199  -2.076 0.0000000000
8646  -37.425  -77.029  -2.002 0.0000000000
8647  -38.083  -77.034  -1.231 0.0000000000
8657  -36.865  -77.072  -2.842 0.0000000000
8672  -35.627  -76.310  -3.952 0.0000000000
8673  -36.217  -76.689  -3.487 0.0000000000
8685  -34.715  -76.476  -4.913 0.0000000000
8686  -35.365  -76.794  -4.622 0.0000000000
8687  -35.990  -77.176  -4.208 0.0000000000
8693  -30.917  -75.682  -5.701 0.0000000000
8694  -31.529  -76.262  -5.716 0.0000000000
8695  -32.456  -76.124  -5.520 0.0000000000
8696  -33.715  -76.805  -5.567 0.0000000000
8697  -34.417  -77.046  -5.452 0.0000000000
8698  -35.107  -77.377  -5.280 0.0000000000
8702  -29.899  -76.482  -6.605 0.0000000000
8703  -30.557  -76.278  -6.056 0.0000000000
8704  -31.203  -77.081  -6.040 0.0000000000
8708  -29.649  -76.150  -7.236 0.0000000000
8716  -29.614  -76.719  -7.901 0.0000000000
8726  -29.671  -76.345  -9.293 0.0000000000
8735  -28.670  -76.210  -10.467 0.0000000000
8736  -29.641  -76.702  -9.992 0.0000000000
8745  -28.351  -76.587  -11.126 0.0000000000
9105  -38.859  -76.746  25.926 0.0000000000
9146  -41.118  -76.083  21.693 0.0000000000
9147  -42.080  -75.843  21.544 0.0000000000
9148  -43.161  -76.125  21.539 0.0000000000
9149  -44.263  -75.905  21.313 0.0000000000
9153  -45.055  -75.579  20.600 0.0000000000
9159  -42.431  -75.312  19.141 0.0000000000
9160  -43.772  -75.745  19.483 0.0000000000
9161  -44.658  -75.926  19.955 0.0000000000
9178  -39.657  -75.207  18.480 0.0000000000
9179  -40.358  -75.441  18.564 0.0000000000
9180  -41.994  -76.117  18.845 0.0000000000
9181  -42.974  -76.381  19.137 0.0000000000
9219  -42.513  -75.387  13.468 0.0000000000
9220  -43.249  -76.108  13.336 0.0000000000
9221  -44.001  -75.953  13.308 0.0000000000
9222  -44.586  -75.572  13.131 0.0000000000
9223  -45.201  -75.074  12.979 0.0000000000
9232  -37.997  -76.112  12.368 0.0000000000
9233  -39.496  -75.355  12.415 0.0000000000
9234  -40.638  -75.580  12.632 0.0000000000
9235  -41.633  -75.435  13.095 0.0000000000
9236  -44.583  -75.727  12.650 0.0000000000
9241  -43.132  -76.083  11.300 0.0000000000
9242  -43.776  -75.597  11.584 0.0000000000
9243  -44.382  -75.617  12.015 0.0000000000
9247  -39.799  -75.367  10.344 0.0000000000
9248  -40.524  -75.725  10.497 0.0000000000
9249  -41.419  -75.627  10.731 0.0000000000
9250  -42.286  -76.060  10.962 0.0000000000
9254  -37.721  -75.058  9.171 0.0000000000
9255  -38.452  -75.485  9.558 0.0000000000
9256  -39.171  -75.877  9.946 0.0000000000
9265  -36.648  -74.990  8.025 0.0000000000
9266  -37.303  -75.465  8.526 0.0000000000
9267  -37.936  -75.949  9.025 0.0000000000
9277  -36.293  -75.336  7.295 0.0000000000
9278  -36.913  -75.851  7.858 0.0000000000
9290  -35.573  -75.086  5.659 0.0000000000
9291  -35.985  -75.646  6.500 0.0000000000
9292  -42.834  -75.650  6.254 0.0000000000
9293  -43.810  -75.703  6.344 0.0000000000
9302  -35.695  -75.825  4.981 0.0000000000
9303  -41.333  -76.111  5.320 0.0000000000
9304  -42.268  -76.128  5.746 0.0000000000
9305  -43.339  -76.289  5.888 0.0000000000
9306  -43.893  -76.172  5.766 0.0000000000
9314  -35.779  -75.400  4.307 0.0000000000
9315  -36.223  -75.039  3.747 0.0000000000
9316  -39.180  -75.100  4.328 0.0000000000
9317  -39.255  -75.831  3.854 0.0000000000
9318  -40.526  -75.890  4.831 0.0000000000
9319  -43.499  -76.082  4.359 0.0000000000
9320  -43.820  -76.229  5.093 0.0000000000
9327  -36.101  -75.764  3.664 0.0000000000
9328  -36.698  -75.639  3.181 0.0000000000
9329  -37.459  -75.333  3.269 0.0000000000
9330  -38.389  -75.195  3.694 0.0000000000
9331  -42.561  -75.886  3.302 0.0000000000
9332  -43.097  -76.495  3.787 0.0000000000
9341  -41.165  -75.493  2.288 0.0000000000
9342  -41.944  -75.834  2.733 0.0000000000
9343  -42.559  -76.480  3.119 0.0000000000
9353  -39.853  -75.519  1.339 0.0000000000
9354  -40.631  -75.724  1.737 0.0000000000
9355  -41.540  -76.342  2.104 0.0000000000
9367  -37.876  -74.924  0.197 0.0000000000
9368  -38.612  -75.363  0.523 0.0000000000
9369  -39.416  -75.825  0.849 0.0000000000
9384  -37.479  -75.299  -0.479 0.0000000000
9385  -38.175  -75.744  -0.113 0.0000000000
9399  -36.503  -75.269  -1.725 0.0000000000
9400  -37.106  -75.696  -1.205 0.0000000000
9414  -35.598  -75.174  -2.974 0.0000000000
9415  -36.171  -75.599  -2.545 0.0000000000
9430  -34.676  -75.216  -4.016 0.0000000000
9431  -35.307  -75.549  -3.677 0.0000000000
9432  -35.874  -75.913  -3.271 0.0000000000
9443  -33.483  -75.319  -4.808 0.0000000000
9444  -34.341  -75.671  -4.608 0.0000000000
9445  -35.028  -75.967  -4.333 0.0000000000
9452  -31.732  -75.391  -5.401 0.0000000000
9453  -32.700  -75.448  -5.171 0.0000000000
9454  -34.013  -76.193  -5.141 0.0000000000
9462  -29.812  -75.732  -6.684 0.0000000000
9463  -30.214  -75.457  -6.094 0.0000000000
9474  -29.654  -75.290  -7.412 0.0000000000
9487  -29.502  -74.852  -8.310 0.0000000000
9496  -28.751  -74.970  -9.910 0.0000000000
9497  -29.201  -75.406  -9.354 0.0000000000
9508  -28.532  -75.425  -10.484 0.0000000000
9509  -28.942  -75.803  -9.855 0.0000000000
9520  -28.152  -75.809  -11.096 0.0000000000
9933  -43.249  -74.279  21.396 0.0000000000
9934  -44.573  -74.442  21.472 0.0000000000
9935  -45.511  -74.347  21.327 0.0000000000
9936  -45.931  -74.083  21.149 0.0000000000
9942  -41.356  -74.370  21.187 0.0000000000
9948  -42.317  -74.273  19.209 0.0000000000
9949  -43.530  -74.786  19.398 0.0000000000
9950  -44.665  -75.142  19.790 0.0000000000
9951  -45.198  -75.091  20.430 0.0000000000
9967  -40.472  -74.661  18.689 0.0000000000
9968  -41.408  -74.550  19.001 0.0000000000
9999  -44.291  -74.566  13.988 0.0000000000
10000  -44.998  -74.339  14.069 0.0000000000
10001  -45.559  -74.203  13.799 0.0000000000
10011  -41.162  -74.081  13.359 0.0000000000
10012  -41.780  -74.646  13.452 0.0000000000
10013  -45.016  -74.828  13.534 0.0000000000
10014  -45.537  -74.465  13.310 0.0000000000
10027  -40.938  -74.688  12.978 0.0000000000
10028  -45.143  -74.572  12.510 0.0000000000
10029  -45.643  -74.298  12.908 0.0000000000
10035  -43.008  -74.812  11.289 0.0000000000
10036  -43.946  -74.811  11.653 0.0000000000
10037  -44.610  -74.754  12.091 0.0000000000
10043  -39.020  -74.154  10.248 0.0000000000
10044  -39.762  -74.530  10.404 0.0000000000
10045  -40.578  -74.812  10.597 0.0000000000
10046  -41.496  -74.569  10.815 0.0000000000
10047  -42.168  -74.402  11.016 0.0000000000
10061  -38.317  -74.599  9.707 0.0000000000
10062  -39.042  -75.018  10.089 0.0000000000
10078  -37.061  -74.597  8.682 0.0000000000
10092  -36.054  -74.502  7.450 0.0000000000
10105  -35.429  -74.155  5.992 0.0000000000
10106  -35.734  -74.794  6.632 0.0000000000
10107  -42.165  -74.865  6.285 0.0000000000
10108  -43.206  -75.069  6.595 0.0000000000
10109  -44.197  -75.096  6.755 0.0000000000
10110  -44.662  -74.929  6.745 0.0000000000
10119  -35.511  -74.257  5.031 0.0000000000
10120  -40.108  -74.537  5.283 0.0000000000
10121  -40.762  -74.815  5.521 0.0000000000
10122  -41.348  -74.740  5.833 0.0000000000
10123  -44.349  -75.388  6.338 0.0000000000
10133  -35.799  -74.670  4.354 0.0000000000
10134  -36.369  -74.334  3.988 0.0000000000
10135  -37.015  -74.026  3.892 0.0000000000
10136  -38.493  -74.586  4.145 0.0000000000
10137  -40.619  -75.306  5.266 0.0000000000
10138  -43.694  -75.334  4.743 0.0000000000
10139  -44.447  -75.094  5.704 0.0000000000
10148  -36.848  -74.781  3.564 0.0000000000
10149  -37.631  -74.587  3.732 0.0000000000
10150  -42.114  -75.042  3.325 0.0000000000
10151  -42.678  -74.458  3.998 0.0000000000
10162  -39.983  -74.235  2.085 0.0000000000
10163  -40.547  -74.839  2.191 0.0000000000
10164  -41.250  -74.707  2.747 0.0000000000
10172  -39.100  -74.880  1.188 0.0000000000
10173  -39.907  -74.874  1.702 0.0000000000
10182  -37.710  -73.990  0.483 0.0000000000
10183  -38.343  -74.585  0.707 0.0000000000
10194  -36.643  -74.022  -0.616 0.0000000000
10195  -37.247  -74.455  -0.197 0.0000000000
10208  -36.283  -74.404  -1.372 0.0000000000
10209  -36.838  -74.875  -0.894 0.0000000000
10224  -35.330  -74.365  -2.602 0.0000000000
10225  -35.917  -74.806  -2.189 0.0000000000
10240  -34.290  -74.359  -3.680 0.0000000000
10241  -35.003  -74.778  -3.359 0.0000000000
10250  -32.266  -74.799  -4.963 0.0000000000
10251  -33.629  -74.337  -4.127 0.0000000000
10252  -34.039  -74.928  -4.338 0.0000000000
10260  -30.538  -73.903  -5.444 0.0000000000
10271  -30.002  -74.494  -6.002 0.0000000000
10286  -29.521  -74.271  -7.541 0.0000000000
10302  -29.360  -73.925  -8.510 0.0000000000
10786  -42.174  -74.061  21.212 0.0000000000
10787  -42.691  -73.321  21.202 0.0000000000
10788  -43.951  -73.705  21.447 0.0000000000
10789  -45.167  -73.674  21.542 0.0000000000
10790  -46.018  -73.502  21.366 0.0000000000
10796  -46.338  -73.406  21.102 0.0000000000
10807  -43.230  -73.832  19.334 0.0000000000
10808  -44.523  -74.306  19.670 0.0000000000
10809  -45.513  -73.742  20.231 0.0000000000
10863  -43.178  -73.390  14.394 0.0000000000
10864  -44.250  -73.768  14.392 0.0000000000
10865  -45.331  -73.809  14.330 0.0000000000
10866  -46.120  -73.724  14.027 0.0000000000
10867  -46.491  -73.470  13.631 0.0000000000
10877  -41.842  -73.780  13.783 0.0000000000
10878  -43.430  -74.158  14.164 0.0000000000
10879  -46.041  -73.923  13.385 0.0000000000
10880  -46.354  -73.323  13.068 0.0000000000
10893  -45.323  -73.794  12.464 0.0000000000
10894  -45.928  -73.688  12.842 0.0000000000
10901  -43.327  -73.957  11.503 0.0000000000
10902  -44.150  -74.064  11.848 0.0000000000
10903  -44.773  -74.140  12.191 0.0000000000
10910  -39.105  -73.355  10.329 0.0000000000
10911  -40.875  -73.824  10.668 0.0000000000
10912  -41.693  -73.754  10.904 0.0000000000
10913  -42.461  -73.807  11.192 0.0000000000
10937  -42.492  -74.369  6.486 0.0000000000
10938  -43.396  -74.432  6.794 0.0000000000
10939  -44.483  -74.632  7.052 0.0000000000
10940  -45.171  -74.478  6.998 0.0000000000
10943  -38.908  -72.801  5.172 0.0000000000
10944  -39.739  -73.473  5.391 0.0000000000
10945  -40.657  -74.169  5.656 0.0000000000
10946  -41.528  -74.030  6.111 0.0000000000
10947  -44.876  -74.863  6.507 0.0000000000
10952  -38.643  -73.365  4.843 0.0000000000
10953  -43.581  -74.153  4.770 0.0000000000
10954  -44.620  -74.224  5.634 0.0000000000
10958  -40.892  -73.241  3.035 0.0000000000
10959  -41.641  -73.865  3.347 0.0000000000
10960  -42.411  -73.093  3.968 0.0000000000
10969  -39.740  -73.443  2.205 0.0000000000
10970  -40.493  -73.912  2.558 0.0000000000
10977  -38.465  -73.796  1.179 0.0000000000
10978  -38.999  -72.977  1.817 0.0000000000
11680  -44.101  -72.781  21.396 0.0000000000
11681  -45.741  -72.771  21.567 0.0000000000
11682  -46.452  -72.562  21.351 0.0000000000
11698  -46.736  -72.283  21.129 0.0000000000
11712  -44.210  -73.377  19.519 0.0000000000
11713  -46.259  -72.752  20.621 0.0000000000
11714  -46.960  -71.864  20.963 0.0000000000
11761  -46.479  -72.556  14.801 0.0000000000
11771  -43.757  -72.831  14.654 0.0000000000
11772  -44.800  -73.090  14.710 0.0000000000
11773  -45.886  -73.241  14.557 0.0000000000
11774  -46.720  -73.115  14.123 0.0000000000
11775  -47.196  -72.444  14.515 0.0000000000
11795  -46.377  -72.648  13.020 0.0000000000
11796  -46.760  -72.941  13.532 0.0000000000
11797  -47.319  -72.554  13.979 0.0000000000
11809  -44.900  -73.115  12.349 0.0000000000
11810  -45.699  -73.032  12.631 0.0000000000
11815  -42.773  -73.129  11.421 0.0000000000
11816  -44.073  -72.808  12.188 0.0000000000
11817  -44.481  -73.528  12.131 0.0000000000
11820  -39.730  -72.551  10.446 0.0000000000
11821  -40.650  -72.898  10.617 0.0000000000
11822  -41.223  -72.421  10.822 0.0000000000
11823  -41.713  -72.093  11.116 0.0000000000
11845  -42.377  -73.685  6.473 0.0000000000
11846  -43.425  -73.696  6.869 0.0000000000
11847  -44.638  -73.965  7.260 0.0000000000
11848  -45.972  -73.804  7.109 0.0000000000
11849  -46.836  -73.327  6.905 0.0000000000
11850  -47.000  -73.133  7.122 0.0000000000
11857  -39.405  -72.377  5.415 0.0000000000
11858  -41.401  -73.106  6.083 0.0000000000
11859  -42.318  -72.825  6.408 0.0000000000
11860  -45.446  -74.180  6.507 0.0000000000
11884  -40.212  -72.865  2.646 0.0000000000
12572  -45.000  -71.901  21.493 0.0000000000
12573  -46.334  -71.885  21.581 0.0000000000
12574  -46.881  -71.822  21.316 0.0000000000
12593  -45.682  -71.116  21.562 0.0000000000
12594  -47.066  -71.432  21.203 0.0000000000
12608  -46.111  -71.373  20.185 0.0000000000
12609  -47.382  -71.037  21.041 0.0000000000
12652  -44.854  -71.486  15.260 0.0000000000
12653  -45.802  -71.816  15.210 0.0000000000
12654  -47.697  -71.865  15.119 0.0000000000
12655  -48.484  -71.484  15.186 0.0000000000
12656  -49.087  -71.120  15.233 0.0000000000
12677  -44.292  -72.191  14.953 0.0000000000
12678  -45.331  -72.439  14.954 0.0000000000
12679  -47.846  -71.984  14.497 0.0000000000
12680  -48.640  -71.334  14.426 0.0000000000
12693  -45.514  -72.073  12.811 0.0000000000
12694  -47.052  -72.178  13.389 0.0000000000
12695  -47.888  -71.882  13.880 0.0000000000
12697  -42.790  -71.606  12.116 0.0000000000
12698  -43.742  -72.011  12.392 0.0000000000
12699  -44.477  -71.546  12.835 0.0000000000
12701  -41.543  -71.386  11.250 0.0000000000
12702  -42.228  -71.843  11.503 0.0000000000
12703  -43.057  -72.451  11.797 0.0000000000
12711  -41.113  -71.637  10.876 0.0000000000
12728  -43.395  -72.775  6.781 0.0000000000
12729  -44.575  -73.064  7.263 0.0000000000
12730  -45.571  -73.350  7.395 0.0000000000
12731  -46.403  -73.320  7.284 0.0000000000
12732  -47.357  -72.556  7.006 0.0000000000
12744  -39.855  -71.644  5.537 0.0000000000
12745  -41.281  -71.213  5.750 0.0000000000
12746  -42.264  -71.833  6.234 0.0000000000
13492  -46.833  -71.225  21.489 0.0000000000
13508  -46.264  -70.417  21.457 0.0000000000
13509  -47.410  -70.626  21.145 0.0000000000
13519  -46.634  -70.628  20.233 0.0000000000
13520  -47.716  -70.251  21.050 0.0000000000
13550  -46.488  -70.101  16.438 0.0000000000
13551  -47.918  -70.512  16.665 0.0000000000
13552  -48.900  -70.678  16.572 0.0000000000
13553  -49.291  -70.460  16.477 0.0000000000
13571  -44.468  -70.449  15.568 0.0000000000
13572  -45.715  -70.797  15.646 0.0000000000
13573  -47.814  -71.163  15.833 0.0000000000
13574  -48.456  -71.227  15.678 0.0000000000
13575  -49.449  -70.562  15.689 0.0000000000
13576  -49.665  -70.328  14.941 0.0000000000
13595  -49.398  -70.771  14.702 0.0000000000
13601  -43.141  -70.383  13.113 0.0000000000
13602  -44.148  -70.643  13.184 0.0000000000
13603  -45.282  -71.042  13.189 0.0000000000
13604  -46.337  -71.096  13.198 0.0000000000
13605  -47.371  -71.202  13.258 0.0000000000
13606  -48.327  -71.094  13.498 0.0000000000
13607  -49.254  -70.692  13.677 0.0000000000
13608  -49.749  -70.317  14.124 0.0000000000
13612  -42.536  -70.828  12.461 0.0000000000
13613  -43.454  -71.180  12.714 0.0000000000
13614  -48.770  -70.513  12.854 0.0000000000
13615  -49.532  -70.256  12.888 0.0000000000
13616  -49.823  -70.192  13.330 0.0000000000
13620  -42.009  -71.138  11.755 0.0000000000
13653  -43.929  -70.789  6.492 0.0000000000
13654  -45.609  -72.367  7.296 0.0000000000
13655  -46.708  -71.461  6.765 0.0000000000
13656  -47.691  -71.664  6.587 0.0000000000
13664  -39.942  -69.999  5.414 0.0000000000
13665  -41.073  -70.108  5.510 0.0000000000
13666  -42.079  -69.728  5.668 0.0000000000
13667  -42.975  -70.264  6.057 0.0000000000
13668  -43.588  -69.689  6.067 0.0000000000
14463  -45.120  -69.609  21.036 0.0000000000
14464  -46.734  -69.743  21.245 0.0000000000
14465  -47.731  -69.895  21.044 0.0000000000
14471  -45.231  -70.216  19.308 0.0000000000
14472  -46.935  -69.948  19.870 0.0000000000
14483  -44.516  -69.653  18.668 0.0000000000
14498  -47.711  -69.565  18.360 0.0000000000
14499  -49.017  -69.508  18.539 0.0000000000
14515  -44.777  -69.119  16.710 0.0000000000
14516  -46.163  -69.476  17.039 0.0000000000
14517  -47.825  -69.941  17.505 0.0000000000
14518  -49.017  -70.177  17.689 0.0000000000
14519  -49.291  -70.103  17.235 0.0000000000
14538  -45.185  -69.774  16.182 0.0000000000
14539  -49.506  -70.110  16.517 0.0000000000
14540  -49.681  -70.086  15.532 0.0000000000
14553  -49.848  -70.049  14.563 0.0000000000
14557  -43.768  -69.783  13.433 0.0000000000
14558  -44.359  -69.157  13.481 0.0000000000
14559  -45.305  -69.510  13.288 0.0000000000
14560  -46.412  -70.154  13.113 0.0000000000
14561  -47.653  -70.461  12.905 0.0000000000
14562  -49.990  -69.962  13.587 0.0000000000
14567  -45.962  -69.021  12.957 0.0000000000
14568  -46.974  -69.523  12.611 0.0000000000
14569  -48.158  -69.893  12.326 0.0000000000
14570  -49.307  -69.988  12.262 0.0000000000
14571  -50.015  -69.674  12.552 0.0000000000
14579  -48.748  -69.455  11.704 0.0000000000
14580  -49.796  -69.490  11.719 0.0000000000
14581  -50.347  -69.160  11.723 0.0000000000
14623  -44.105  -69.085  6.041 0.0000000000
14624  -44.951  -69.561  6.128 0.0000000000
14625  -45.931  -70.054  6.123 0.0000000000
14635  -40.442  -69.176  5.342 0.0000000000
14636  -41.388  -69.108  5.439 0.0000000000
14637  -42.790  -69.288  5.813 0.0000000000
14638  -46.400  -69.167  5.704 0.0000000000
14639  -46.996  -70.430  6.124 0.0000000000
14640  -48.393  -69.900  5.554 0.0000000000
15498  -44.042  -68.951  20.543 0.0000000000
15499  -45.430  -69.005  20.753 0.0000000000
15509  -44.279  -68.331  20.230 0.0000000000
15510  -45.649  -68.453  20.433 0.0000000000
15511  -47.722  -69.408  20.591 0.0000000000
15512  -48.190  -69.074  20.182 0.0000000000
15520  -45.121  -69.282  18.496 0.0000000000
15521  -47.945  -69.264  20.312 0.0000000000
15522  -48.545  -68.984  19.842 0.0000000000
15523  -48.726  -68.938  19.293 0.0000000000
15531  -44.246  -68.849  17.802 0.0000000000
15532  -45.497  -69.106  18.165 0.0000000000
15533  -47.645  -69.487  19.278 0.0000000000
15534  -48.731  -69.158  19.479 0.0000000000
15535  -49.003  -69.413  19.010 0.0000000000
15547  -44.417  -68.806  17.320 0.0000000000
15548  -45.881  -69.159  17.719 0.0000000000
15549  -49.131  -69.650  18.057 0.0000000000
15550  -49.377  -69.813  17.181 0.0000000000
15561  -49.001  -69.171  17.092 0.0000000000
15562  -49.463  -69.668  16.087 0.0000000000
15563  -49.688  -69.820  15.046 0.0000000000
15574  -49.423  -69.300  14.796 0.0000000000
15575  -49.830  -69.660  14.112 0.0000000000
15581  -44.981  -68.423  13.229 0.0000000000
15583  -50.083  -69.428  13.039 0.0000000000
15590  -45.806  -68.053  12.688 0.0000000000
15591  -46.607  -68.556  12.400 0.0000000000
15592  -47.592  -68.999  12.020 0.0000000000
15601  -47.136  -68.120  11.876 0.0000000000
15602  -48.284  -68.540  11.370 0.0000000000
15603  -50.176  -69.030  11.237 0.0000000000
15604  -50.695  -68.574  11.317 0.0000000000
15617  -50.544  -68.477  10.862 0.0000000000
15643  -43.844  -68.094  6.059 0.0000000000
15644  -44.600  -68.398  5.966 0.0000000000
15645  -45.454  -68.784  5.820 0.0000000000
15655  -41.794  -68.367  5.578 0.0000000000
15656  -42.601  -68.477  5.791 0.0000000000
15657  -43.353  -68.732  5.938 0.0000000000
15658  -47.036  -68.381  5.516 0.0000000000
15659  -48.130  -68.777  5.359 0.0000000000
15660  -49.021  -69.296  5.273 0.0000000000
16489  -44.531  -67.745  19.832 0.0000000000
16490  -45.869  -67.964  20.083 0.0000000000
16491  -47.263  -68.568  20.263 0.0000000000
16497  -46.056  -67.619  19.481 0.0000000000
16498  -47.473  -68.289  19.595 0.0000000000
16506  -47.026  -67.646  18.560 0.0000000000
16514  -48.799  -68.830  18.272 0.0000000000
16574  -47.566  -67.566  11.485 0.0000000000
16575  -48.579  -67.753  10.971 0.0000000000
16586  -49.719  -67.808  10.610 0.0000000000
16619  -43.587  -67.219  6.281 0.0000000000
16620  -44.344  -67.388  6.173 0.0000000000
16621  -45.206  -67.556  5.923 0.0000000000
16630  -42.327  -67.713  5.891 0.0000000000
16631  -43.106  -67.875  6.071 0.0000000000
16632  -45.941  -67.215  5.782 0.0000000000
16633  -46.708  -67.384  5.642 0.0000000000
16634  -47.902  -67.570  5.472 0.0000000000
16635  -49.006  -67.188  5.430 0.0000000000
17576  -44.756  -67.186  19.339 0.0000000000
17588  -46.024  -67.199  18.649 0.0000000000
17675  -47.961  -66.896  11.241 0.0000000000
17725  -45.589  -66.621  6.070 0.0000000000
17735  -46.358  -66.576  5.876 0.0000000000
17736  -48.307  -66.599  5.657 0.0000000000
131394  -26.749  -90.097  23.236 0.0000000000
131401  -36.532  -83.893  7.094 0.0000000000
131473  -32.383  -85.981  0.398 0.0000000000
131556  -29.180  -74.577  -9.223 0.0000000000
131645  -37.995  -73.874  4.278 0.0000000000
131652  -42.155  -70.752  5.925 0.0000000000
131723  -44.914  -75.142  21.287 0.0000000000
131797  -41.322  -75.407  5.621 0.0000000000
132121  -37.805  -80.216  19.515 0.0000000000
132123  -36.482  -80.465  4.733 0.0000000000
132186  -35.596  -81.796  7.196 0.0000000000
132257  -36.472  -78.043  17.764 0.0000000000
132408  -35.565  -75.051  4.863 0.0000000000
132414  -30.082  -77.710  -10.841 0.0000000000
132430  -49.275  -68.164  5.165 0.0000000000
132688  -31.599  -87.353  7.853 0.0000000000
132748  -47.421  -69.522  5.626 0.0000000000
132819  -43.908  -76.434  11.836 0.0000000000
132826  -43.745  -76.585  21.313 0.0000000000
132838  -29.716  -75.787  -8.108 0.0000000000
132978  -29.053  -89.409  12.855 0.0000000000
132982  -27.600  -80.624  -9.966 0.0000000000
133181  -30.415  -82.478  26.772 0.0000000000
133216  -30.375  -81.075  11.699 0.0000000000
133269  -27.559  -87.940  12.710 0.0000000000
133293  -41.460  -75.186  21.383 0.0000000000
133417  -42.445  -74.990  21.398 0.0000000000
133452  -31.585  -83.148  10.278 0.0000000000
133463  -35.848  -80.873  -2.385 0.0000000000
133472  -44.223  -75.251  13.611 0.0000000000
133507  -34.025  -86.569  19.916 0.0000000000
133606  -27.769  -78.637  -14.027 0.0000000000
133729  -39.036  -79.119  25.535 0.0000000000
133744  -37.062  -79.218  2.043 0.0000000000
133820  -29.146  -87.109  14.709 0.0000000000
133824  -29.807  -78.221  -6.867 0.0000000000
133854  -29.438  -77.619  -8.245 0.0000000000
133880  -30.523  -83.269  27.458 0.0000000000
133910  -31.422  -83.679  16.800 0.0000000000
133916  -36.528  -82.349  23.051 0.0000000000
133947  -30.071  -77.701  -9.482 0.0000000000
133992  -44.440  -70.193  6.330 0.0000000000
134014  -36.692  -83.262  3.047 0.0000000000
134094  -31.552  -80.390  -7.263 0.0000000000
134096  -27.123  -78.681  -14.584 0.0000000000
134142  -28.470  -78.644  -13.498 0.0000000000
134162  -42.713  -76.948  11.114 0.0000000000
134201  -28.630  -85.207  8.648 0.0000000000
134239  -47.932  -68.182  18.453 0.0000000000
134256  -21.591  -88.548  1.043 0.0000000000
134341  -26.502  -89.971  19.056 0.0000000000
134349  -36.961  -80.338  10.718 0.0000000000
134404  -29.862  -88.274  9.520 0.0000000000
134423  -21.751  -86.645  1.559 0.0000000000
134541  -36.717  -84.524  18.738 0.0000000000
134699  -27.014  -80.819  -8.742 0.0000000000
134727  -39.169  -74.295  4.759 0.0000000000
134804  -39.349  -74.030  1.698 0.0000000000
134885  -36.780  -83.397  22.758 0.0000000000
134905  -20.568  -89.846  1.245 0.0000000000
134937  -27.375  -82.676  7.788 0.0000000000
134958  -36.638  -77.594  -3.730 0.0000000000
134968  -29.222  -86.020  15.163 0.0000000000
134998  -43.645  -76.955  12.483 0.0000000000
135148  -45.283  -74.595  20.163 0.0000000000
135160  -44.637  -72.085  7.087 0.0000000000
135196  -36.751  -80.830  5.625 0.0000000000
135214  -33.256  -76.066  -5.321 0.0000000000
135228  -23.482  -83.243  -10.369 0.0000000000
135229  -32.858  -80.379  16.416 0.0000000000
135295  -35.754  -77.747  -4.936 0.0000000000
135326  -38.589  -82.615  16.935 0.0000000000
135430  -39.652  -79.651  11.570 0.0000000000
135648  -39.891  -75.120  4.867 0.0000000000
135695  -32.163  -81.681  16.522 0.0000000000
135754  -25.774  -88.630  15.355 0.0000000000
135804  -34.715  -85.999  20.115 0.0000000000
135845  -41.581  -76.215  12.812 0.0000000000
135875  -41.356  -72.185  5.949 0.0000000000
135919  -24.455  -88.624  5.024 0.0000000000
135938  -33.608  -85.806  24.512 0.0000000000
135939  -33.730  -80.233  16.490 0.0000000000
135955  -36.164  -81.135  -3.761 0.0000000000
136008  -24.674  -88.247  5.037 0.0000000000
136047  -36.372  -76.272  -2.862 0.0000000000
136186  -24.684  -87.675  5.076 0.0000000000
136239  -35.494  -85.354  21.394 0.0000000000
136267  -28.270  -80.655  -10.635 0.0000000000
136339  -44.742  -70.054  13.393 0.0000000000
136611  -31.324  -87.360  5.646 0.0000000000
136631  -36.479  -84.468  24.910 0.0000000000
136643  -42.949  -75.549  3.874 0.0000000000
136920  -47.261  -66.633  5.728 0.0000000000
136927  -28.893  -87.668  18.814 0.0000000000
136944  -28.796  -89.341  22.210 0.0000000000
137055  -24.532  -90.986  19.813 0.0000000000
137064  -41.657  -78.937  10.462 0.0000000000
137084  -37.083  -78.723  24.977 0.0000000000
137240  -42.242  -75.225  10.992 0.0000000000
137340  -29.615  -76.898  -7.061 0.0000000000
137390  -29.755  -87.797  20.297 0.0000000000
137400  -29.936  -89.459  24.087 0.0000000000
137460  -43.514  -72.965  4.611 0.0000000000
137528  -29.498  -86.409  5.048 0.0000000000
137556  -25.609  -88.744  2.809 0.0000000000
137653  -45.535  -71.056  6.723 0.0000000000
137748  -40.575  -71.986  10.609 0.0000000000
137953  -37.001  -78.999  6.349 0.0000000000
137957  -22.154  -85.797  1.563 0.0000000000
137989  -41.468  -72.805  3.402 0.0000000000
138071  -36.593  -84.286  23.131 0.0000000000
138076  -36.604  -78.827  5.656 0.0000000000
138108  -38.985  -82.409  10.042 0.0000000000
138131  -44.745  -72.418  12.518 0.0000000000
138180  -25.123  -90.457  1.233 0.0000000000
138214  -29.960  -76.958  -8.983 0.0000000000
138249  -32.935  -74.422  -4.532 0.0000000000
138257  -33.559  -86.094  25.033 0.0000000000
138401  -31.991  -86.657  8.098 0.0000000000
138456  -23.759  -91.136  1.123 0.0000000000
138512  -28.950  -80.828  -12.259 0.0000000000
138516  -38.639  -76.840  24.975 0.0000000000
138611  -24.290  -86.176  4.087 0.0000000000
138654  -29.879  -82.577  27.554 0.0000000000
138741  -43.384  -75.357  13.621 0.0000000000
138771  -28.771  -85.350  7.889 0.0000000000
138820  -31.684  -86.545  6.655 0.0000000000
138897  -29.537  -75.557  -8.827 0.0000000000
139055  -24.811  -86.448  -1.639 0.0000000000
139066  -36.175  -82.852  1.291 0.0000000000
139094  -26.595  -82.210  5.581 0.0000000000
139129  -39.215  -78.663  22.231 0.0000000000
139289  -37.505  -78.258  7.290 0.0000000000
139302  -45.839  -72.141  20.178 0.0000000000
139397  -37.540  -82.323  7.037 0.0000000000
139595  -34.819  -86.387  24.888 0.0000000000
139664  -33.754  -81.967  24.415 0.0000000000
139724  -24.068  -85.823  5.000 0.0000000000
139740  -29.459  -87.183  8.526 0.0000000000
139814  -43.390  -71.604  6.548 0.0000000000
140104  -29.702  -78.771  -12.663 0.0000000000
140147  -42.725  -74.554  13.821 0.0000000000
140216  -36.244  -79.295  25.907 0.0000000000
140235  -43.640  -73.301  11.784 0.0000000000
140266  -46.671  -69.509  19.129 0.0000000000
140269  -27.319  -83.486  4.133 0.0000000000
140282  -42.315  -72.471  11.360 0.0000000000
140305  -39.938  -73.639  10.475 0.0000000000
140365  -45.084  -72.773  19.784 0.0000000000
140464  -32.375  -81.038  -7.441 0.0000000000
140527  -21.627  -91.257  7.228 0.0000000000
140732  -36.524  -76.075  12.554 0.0000000000
140765  -27.467  -83.923  1.897 0.0000000000
140851  -41.936  -78.317  2.726 0.0000000000
140906  -32.943  -81.870  -6.132 0.0000000000
140929  -34.209  -79.274  -6.913 0.0000000000
140930  -46.410  -67.819  12.281 0.0000000000
140979  -26.309  -89.847  -0.915 0.0000000000
141055  -45.759  -74.359  20.807 0.0000000000
141072  -25.482  -89.856  1.879 0.0000000000
141106  -27.565  -83.268  9.079 0.0000000000
141135  -30.824  -83.719  1.619 0.0000000000
141273  -45.419  -74.908  21.003 0.0000000000
141401  -31.772  -85.770  8.055 0.0000000000
141438  -22.600  -90.440  7.529 0.0000000000
141593  -35.041  -82.750  4.735 0.0000000000
141624  -40.692  -79.001  2.148 0.0000000000
141659  -48.472  -69.172  19.978 0.0000000000
141798  -25.569  -84.071  -14.150 0.0000000000
141867  -36.508  -79.459  22.153 0.0000000000
141869  -42.264  -76.833  21.786 0.0000000000
141901  -45.373  -73.930  7.331 0.0000000000
142063  -40.928  -68.359  5.389 0.0000000000
142064  -39.893  -76.047  18.414 0.0000000000
142156  -31.404  -74.491  -5.182 0.0000000000
142216  -31.647  -85.267  11.746 0.0000000000
142230  -29.642  -74.025  -6.700 0.0000000000
142250  -31.992  -84.293  11.135 0.0000000000
142311  -30.947  -87.711  7.302 0.0000000000
142396  -40.350  -70.892  5.550 0.0000000000
142412  -32.123  -82.094  -6.725 0.0000000000
142619  -49.044  -71.021  15.895 0.0000000000
142650  -38.889  -76.113  12.292 0.0000000000
142825  -42.121  -68.978  5.582 0.0000000000
142830  -30.380  -77.008  -6.328 0.0000000000
142899  -22.472  -88.473  0.690 0.0000000000
142907  -36.777  -82.067  3.810 0.0000000000
142950  -29.754  -74.911  -6.679 0.0000000000
142994  -36.520  -77.958  2.683 0.0000000000
143005  -22.561  -84.015  -9.707 0.0000000000
143197  -29.400  -89.537  23.085 0.0000000000
143212  -36.623  -83.090  1.441 0.0000000000
143258  -33.275  -86.685  18.159 0.0000000000
143277  -41.904  -72.951  11.082 0.0000000000
143308  -33.213  -81.026  -7.457 0.0000000000
143468  -36.257  -76.466  6.357 0.0000000000
143575  -31.420  -83.130  11.220 0.0000000000
143581  -31.727  -84.111  9.456 0.0000000000
143720  -40.500  -79.556  11.637 0.0000000000
143741  -46.061  -68.061  5.647 0.0000000000
143764  -29.763  -80.750  -12.262 0.0000000000
143774  -35.391  -85.898  24.229 0.0000000000
143890  -34.885  -81.395  16.488 0.0000000000
144001  -28.270  -88.750  16.813 0.0000000000
144028  -28.001  -88.059  -1.093 0.0000000000
144052  -33.643  -81.343  -5.544 0.0000000000
144190  -37.135  -82.433  20.616 0.0000000000
144413  -34.780  -82.896  16.437 0.0000000000
144436  -36.319  -83.521  3.432 0.0000000000
144504  -29.632  -83.617  15.336 0.0000000000
144509  -31.477  -87.291  18.908 0.0000000000
144543  -46.859  -70.786  15.931 0.0000000000
144737  -43.678  -77.129  19.696 0.0000000000
144807  -37.485  -81.163  -2.591 0.0000000000
144814  -26.938  -81.315  -16.687 0.0000000000
144859  -36.409  -79.011  22.812 0.0000000000
144886  -29.584  -84.748  13.714 0.0000000000
144902  -30.915  -86.558  1.401 0.0000000000
144969  -30.985  -88.626  24.711 0.0000000000
145057  -44.814  -75.164  12.487 0.0000000000
145067  -37.707  -81.955  -0.241 0.0000000000
145068  -29.438  -87.280  13.965 0.0000000000
145163  -41.283  -73.143  10.797 0.0000000000
145174  -48.113  -68.473  19.278 0.0000000000
145185  -39.910  -80.011  0.336 0.0000000000
145225  -30.083  -85.155  12.953 0.0000000000
145294  -31.936  -83.947  10.203 0.0000000000
145357  -40.401  -81.108  17.148 0.0000000000
145496  -34.004  -83.413  16.565 0.0000000000
145534  -28.491  -84.854  4.046 0.0000000000
145579  -38.685  -78.545  -1.906 0.0000000000
145611  -32.660  -86.816  18.180 0.0000000000
145646  -20.515  -92.535  6.057 0.0000000000
145655  -39.925  -80.869  11.359 0.0000000000
145661  -36.604  -78.925  2.560 0.0000000000
145923  -30.257  -82.536  8.050 0.0000000000
146008  -20.943  -86.601  1.559 0.0000000000
146058  -32.212  -86.277  0.596 0.0000000000
146061  -34.615  -83.903  28.920 0.0000000000
146111  -39.287  -76.978  12.156 0.0000000000
146338  -36.875  -81.050  10.091 0.0000000000
146411  -25.283  -81.469  -13.924 0.0000000000
146416  -28.548  -84.957  6.699 0.0000000000
146587  -30.484  -84.124  6.767 0.0000000000
146599  -37.416  -76.402  -1.435 0.0000000000
146602  -43.592  -74.773  13.869 0.0000000000
146653  -41.241  -75.409  18.789 0.0000000000
146738  -35.713  -83.472  26.900 0.0000000000
146751  -28.090  -87.983  -2.884 0.0000000000
146758  -41.941  -75.355  5.985 0.0000000000
146759  -36.429  -82.644  16.370 0.0000000000
146763  -26.615  -86.997  -4.372 0.0000000000
146805  -35.667  -84.703  16.578 0.0000000000
146831  -38.891  -79.450  8.440 0.0000000000
146934  -34.272  -84.506  27.524 0.0000000000
146985  -45.579  -70.341  13.285 0.0000000000
146986  -41.048  -76.724  12.537 0.0000000000
147013  -38.133  -78.353  22.016 0.0000000000
147029  -23.875  -85.772  -9.752 0.0000000000
147082  -29.777  -89.050  11.914 0.0000000000
147192  -37.414  -76.726  2.487 0.0000000000
147349  -32.131  -83.308  16.770 0.0000000000
147365  -25.005  -85.553  -11.029 0.0000000000
147447  -42.675  -73.810  14.119 0.0000000000
147530  -33.572  -84.215  16.773 0.0000000000
147583  -46.786  -71.694  15.337 0.0000000000
147694  -30.517  -84.392  6.100 0.0000000000
147730  -50.508  -68.903  11.916 0.0000000000
147758  -35.912  -85.535  25.240 0.0000000000
147859  -28.908  -87.782  15.920 0.0000000000
147886  -24.102  -88.989  4.996 0.0000000000
147891  -21.923  -90.624  4.774 0.0000000000
147900  -29.642  -88.602  21.498 0.0000000000
147950  -30.974  -88.218  11.578 0.0000000000
148098  -33.040  -76.661  -5.637 0.0000000000
148300  -31.565  -87.634  8.866 0.0000000000
148359  -24.417  -88.240  8.355 0.0000000000
148542  -33.809  -81.300  -7.213 0.0000000000
148565  -38.438  -82.733  9.495 0.0000000000
149012  -42.241  -78.719  18.400 0.0000000000
149034  -34.411  -83.330  30.146 0.0000000000
149125  -29.428  -78.965  -7.385 0.0000000000
149305  -46.955  -71.835  21.189 0.0000000000
149332  -34.719  -80.730  1.619 0.0000000000
149348  -28.311  -88.388  20.266 0.0000000000
149418  -27.057  -86.244  13.048 0.0000000000
149499  -40.295  -74.187  10.530 0.0000000000
149503  -29.944  -86.320  -3.487 0.0000000000
149557  -30.763  -74.923  -5.601 0.0000000000
149747  -47.986  -70.721  6.029 0.0000000000
149768  -23.422  -85.794  0.474 0.0000000000
149853  -29.764  -76.287  -8.674 0.0000000000
149917  -37.390  -75.729  12.486 0.0000000000
149949  -24.840  -90.969  20.591 0.0000000000
150034  -35.622  -81.320  25.037 0.0000000000
150129  -29.693  -80.167  -7.411 0.0000000000
150261  -31.823  -73.859  -4.700 0.0000000000
150295  -35.722  -79.836  24.148 0.0000000000
150350  -28.039  -85.389  11.022 0.0000000000
150362  -43.864  -75.197  21.473 0.0000000000
150411  -36.887  -82.168  21.291 0.0000000000
150516  -36.720  -82.307  22.076 0.0000000000
150626  -32.763  -81.182  16.482 0.0000000000
150689  -27.782  -80.985  -8.790 0.0000000000
150752  -29.850  -80.475  -11.148 0.0000000000
150758  -30.889  -82.672  26.612 0.0000000000
150803  -40.429  -81.092  16.967 0.0000000000
150999  -33.494  -87.488  23.782 0.0000000000
151150  -35.823  -80.332  -6.307 0.0000000000
151196  -21.290  -92.364  9.190 0.0000000000
151207  -37.805  -79.370  20.048 0.0000000000
151211  -24.308  -86.332  5.614 0.0000000000
151246  -40.429  -72.571  5.700 0.0000000000
151375  -35.840  -76.027  4.246 0.0000000000
151424  -25.362  -82.877  -13.938 0.0000000000
151427  -46.188  -71.831  13.052 0.0000000000
151624  -23.871  -83.053  -17.374 0.0000000000
151644  -31.587  -87.184  4.918 0.0000000000
151676  -39.820  -75.644  4.449 0.0000000000
151736  -30.868  -81.830  10.272 0.0000000000
151759  -30.849  -84.378  3.134 0.0000000000
151805  -37.345  -81.955  -0.940 0.0000000000
151847  -41.932  -76.526  10.756 0.0000000000
151919  -37.794  -76.330  2.666 0.0000000000
151972  -25.127  -89.880  -1.397 0.0000000000
152017  -25.514  -88.667  -2.163 0.0000000000
152182  -46.931  -69.211  20.936 0.0000000000
152496  -40.640  -71.699  5.683 0.0000000000
152518  -36.142  -77.236  5.249 0.0000000000
152541  -38.078  -81.355  -0.928 0.0000000000
152548  -46.525  -72.515  7.240 0.0000000000
152662  -36.272  -81.672  -1.236 0.0000000000
152687  -21.164  -89.456  0.931 0.0000000000
152769  -27.790  -81.383  -6.961 0.0000000000
152794  -24.624  -87.163  4.387 0.0000000000
152826  -31.849  -85.908  -1.438 0.0000000000
152884  -47.863  -69.848  20.828 0.0000000000
152976  -35.621  -79.441  17.047 0.0000000000
153118  -40.731  -78.172  12.122 0.0000000000
153153  -25.325  -90.180  22.383 0.0000000000
153421  -36.048  -85.255  26.630 0.0000000000
153494  -49.470  -68.582  10.904 0.0000000000
153606  -30.199  -83.473  6.929 0.0000000000
153697  -41.622  -77.924  12.427 0.0000000000
153714  -35.906  -74.050  4.420 0.0000000000
153799  -26.143  -87.237  1.568 0.0000000000
153863  -37.260  -81.019  -3.483 0.0000000000
154120  -36.369  -76.980  2.961 0.0000000000
154283  -44.155  -75.758  5.655 0.0000000000
154330  -41.392  -78.695  2.261 0.0000000000
154358  -34.740  -82.599  29.061 0.0000000000
154513  -27.983  -80.644  -12.343 0.0000000000
154797  -28.362  -87.425  -1.163 0.0000000000
154808  -30.062  -88.666  12.696 0.0000000000
154880  -44.787  -71.264  6.788 0.0000000000
154888  -37.663  -80.407  7.038 0.0000000000
154951  -33.411  -80.217  -7.393 0.0000000000
154994  -32.873  -75.013  -4.877 0.0000000000
155038  -31.619  -84.247  -0.296 0.0000000000
155057  -36.294  -82.441  32.046 0.0000000000
155070  -31.173  -73.880  -5.042 0.0000000000
155301  -40.976  -77.315  18.316 0.0000000000
155314  -26.860  -87.557  -3.932 0.0000000000
155318  -35.806  -85.321  19.059 0.0000000000
155379  -30.833  -84.789  12.295 0.0000000000
155380  -30.498  -88.289  9.843 0.0000000000
155405  -37.213  -82.742  9.333 0.0000000000
155468  -41.028  -73.940  2.928 0.0000000000
155676  -34.134  -84.822  16.782 0.0000000000
155712  -32.037  -87.430  19.611 0.0000000000
155738  -24.867  -87.140  -1.653 0.0000000000
155815  -36.437  -83.553  7.495 0.0000000000
155822  -30.583  -85.462  12.552 0.0000000000
155847  -30.118  -87.483  7.331 0.0000000000
155877  -37.385  -82.417  0.219 0.0000000000
155950  -33.800  -81.853  16.510 0.0000000000
155957  -40.720  -73.468  5.779 0.0000000000
156060  -27.882  -84.224  1.511 0.0000000000
156090  -24.063  -87.111  -9.639 0.0000000000
156162  -23.891  -88.265  9.367 0.0000000000
156177  -34.907  -79.696  -6.894 0.0000000000
156237  -49.339  -69.112  11.287 0.0000000000
156376  -33.550  -74.766  -4.468 0.0000000000
156556  -30.445  -81.678  11.959 0.0000000000
156623  -30.094  -75.986  -6.356 0.0000000000
156632  -36.896  -78.338  2.210 0.0000000000
156682  -29.008  -78.705  -13.130 0.0000000000
156693  -31.586  -82.159  16.499 0.0000000000
156733  -37.029  -82.177  3.060 0.0000000000
156772  -30.761  -82.040  25.938 0.0000000000
156802  -27.599  -88.617  -1.413 0.0000000000
156929  -31.414  -86.249  17.552 0.0000000000
157249  -24.035  -85.882  -13.965 0.0000000000
157302  -29.778  -80.227  -10.701 0.0000000000
157331  -46.819  -68.708  20.571 0.0000000000
157349  -39.229  -78.579  21.201 0.0000000000
157409  -29.606  -86.810  -3.276 0.0000000000
157421  -30.318  -80.304  -13.327 0.0000000000
157614  -24.387  -85.989  7.096 0.0000000000
157809  -40.028  -74.953  18.548 0.0000000000
157842  -35.873  -82.617  32.314 0.0000000000
157912  -35.870  -84.016  4.627 0.0000000000
157943  -39.468  -77.178  26.823 0.0000000000
158114  -31.521  -84.577  -1.889 0.0000000000
158260  -47.067  -72.261  14.926 0.0000000000
