#!ascii label  , from subject sub-05 vox2ras=TkReg aparc.a2009s=G_temporal_inf
3722
23763  -52.116  -60.293  3.002 0.0000000000
23778  -48.412  -60.409  2.388 0.0000000000
23779  -49.943  -60.553  2.805 0.0000000000
23780  -51.500  -60.543  2.162 0.0000000000
23781  -51.809  -60.200  1.880 0.0000000000
23792  -48.364  -60.881  1.116 0.0000000000
23793  -49.853  -61.190  0.548 0.0000000000
23794  -51.290  -60.791  1.099 0.0000000000
23795  -51.572  -60.384  0.832 0.0000000000
23802  -46.081  -60.731  0.642 0.0000000000
23803  -48.303  -61.299  0.082 0.0000000000
23804  -49.710  -61.415  -0.181 0.0000000000
23805  -51.024  -61.149  0.097 0.0000000000
23806  -51.469  -60.659  0.044 0.0000000000
23812  -46.073  -60.511  0.176 0.0000000000
23813  -46.890  -60.699  -0.147 0.0000000000
23814  -49.009  -61.270  -0.613 0.0000000000
23815  -50.336  -61.367  -0.729 0.0000000000
23816  -51.193  -61.074  -0.596 0.0000000000
23817  -51.316  -60.737  -1.064 0.0000000000
23824  -48.445  -60.823  -1.030 0.0000000000
23825  -49.730  -61.106  -1.335 0.0000000000
23826  -50.827  -61.043  -1.318 0.0000000000
24778  -52.062  -59.884  2.596 0.0000000000
24791  -51.889  -60.113  1.490 0.0000000000
24812  -46.449  -60.124  -0.354 0.0000000000
24813  -47.345  -60.411  -0.626 0.0000000000
24823  -46.878  -59.614  -0.796 0.0000000000
24824  -47.828  -59.705  -1.352 0.0000000000
24825  -49.221  -60.324  -1.800 0.0000000000
24826  -50.497  -60.560  -1.953 0.0000000000
24827  -51.148  -60.388  -1.696 0.0000000000
24834  -50.137  -59.877  -2.570 0.0000000000
24835  -50.935  -59.868  -2.476 0.0000000000
25761  -49.450  -58.714  1.518 0.0000000000
25762  -51.006  -59.288  1.954 0.0000000000
25772  -49.396  -58.667  0.755 0.0000000000
25773  -51.605  -60.182  0.473 0.0000000000
25774  -51.523  -60.308  -0.197 0.0000000000
25787  -50.435  -58.769  -0.453 0.0000000000
25788  -51.164  -59.321  -1.273 0.0000000000
25799  -48.776  -59.335  -2.210 0.0000000000
25800  -51.190  -59.617  -2.145 0.0000000000
25810  -49.624  -59.070  -3.037 0.0000000000
25811  -50.706  -59.293  -3.153 0.0000000000
25812  -51.047  -59.222  -3.042 0.0000000000
25827  -50.247  -58.731  -3.744 0.0000000000
25828  -50.856  -58.733  -3.625 0.0000000000
26798  -50.446  -58.293  -1.208 0.0000000000
26799  -51.126  -58.809  -1.937 0.0000000000
26814  -50.668  -57.851  -2.057 0.0000000000
26815  -51.208  -58.789  -2.708 0.0000000000
26831  -51.149  -58.079  -2.905 0.0000000000
26832  -51.110  -58.617  -3.433 0.0000000000
26849  -50.504  -58.265  -4.244 0.0000000000
26850  -50.940  -58.298  -4.061 0.0000000000
26868  -49.963  -57.772  -5.051 0.0000000000
26869  -50.556  -57.816  -4.658 0.0000000000
26883  -50.313  -57.455  -5.438 0.0000000000
27935  -50.589  -57.225  -2.678 0.0000000000
27936  -51.106  -57.857  -3.517 0.0000000000
27956  -50.657  -56.871  -3.413 0.0000000000
27957  -50.938  -57.616  -4.243 0.0000000000
27978  -49.088  -57.060  -5.367 0.0000000000
27979  -49.791  -57.220  -5.812 0.0000000000
27980  -50.757  -57.195  -5.018 0.0000000000
27999  -49.563  -56.695  -6.517 0.0000000000
28000  -50.449  -56.983  -5.811 0.0000000000
28016  -50.150  -56.743  -6.527 0.0000000000
28951  -50.729  -56.709  -4.161 0.0000000000
28967  -48.437  -56.279  -5.577 0.0000000000
28968  -50.519  -55.973  -4.610 0.0000000000
28980  -48.074  -55.613  -5.736 0.0000000000
28981  -48.619  -56.157  -6.432 0.0000000000
28982  -50.516  -56.252  -6.247 0.0000000000
28993  -49.090  -56.179  -7.258 0.0000000000
28994  -49.688  -56.384  -7.158 0.0000000000
28995  -50.226  -56.328  -6.970 0.0000000000
29006  -49.394  -56.021  -7.733 0.0000000000
29007  -49.996  -56.055  -7.691 0.0000000000
29018  -49.527  -55.683  -8.320 0.0000000000
29019  -50.170  -55.518  -8.362 0.0000000000
29936  -50.527  -55.590  -5.448 0.0000000000
29946  -48.082  -55.204  -6.212 0.0000000000
29948  -50.561  -55.216  -6.192 0.0000000000
29958  -48.126  -54.681  -6.680 0.0000000000
29959  -48.544  -55.561  -7.061 0.0000000000
29960  -50.654  -54.697  -6.873 0.0000000000
29972  -48.928  -55.630  -7.907 0.0000000000
29973  -50.817  -54.844  -7.864 0.0000000000
29985  -49.778  -55.347  -9.056 0.0000000000
29986  -50.584  -55.068  -8.994 0.0000000000
29999  -50.184  -55.026  -9.683 0.0000000000
30891  -50.359  -54.347  -6.100 0.0000000000
30903  -48.276  -54.185  -7.147 0.0000000000
30904  -50.330  -53.662  -6.393 0.0000000000
30916  -48.685  -54.794  -8.016 0.0000000000
30917  -51.132  -54.181  -8.238 0.0000000000
30930  -49.057  -54.491  -8.746 0.0000000000
30931  -49.637  -54.969  -9.372 0.0000000000
30932  -51.116  -54.543  -9.341 0.0000000000
30933  -51.448  -53.568  -8.698 0.0000000000
30944  -50.256  -54.615  -9.866 0.0000000000
30945  -50.790  -54.542  -10.014 0.0000000000
30946  -51.591  -54.008  -9.801 0.0000000000
30953  -51.473  -53.923  -10.531 0.0000000000
31879  -48.047  -53.195  -6.784 0.0000000000
31880  -50.377  -52.853  -6.763 0.0000000000
31894  -48.523  -53.570  -7.731 0.0000000000
31895  -50.892  -53.013  -7.670 0.0000000000
31909  -49.001  -53.277  -8.585 0.0000000000
31910  -51.171  -52.464  -8.207 0.0000000000
31911  -52.484  -52.452  -10.038 0.0000000000
31919  -50.179  -53.718  -10.129 0.0000000000
31920  -50.850  -54.117  -10.463 0.0000000000
31921  -52.189  -53.419  -10.338 0.0000000000
31929  -50.714  -53.049  -10.878 0.0000000000
31930  -51.627  -52.970  -11.389 0.0000000000
31931  -52.167  -53.391  -11.006 0.0000000000
31932  -52.707  -52.779  -10.829 0.0000000000
31943  -52.298  -52.858  -11.473 0.0000000000
31944  -52.660  -52.740  -11.260 0.0000000000
32875  -48.205  -52.602  -7.136 0.0000000000
32876  -50.426  -52.109  -7.161 0.0000000000
32889  -48.113  -51.719  -7.149 0.0000000000
32890  -48.519  -52.409  -7.793 0.0000000000
32896  -48.905  -52.019  -8.536 0.0000000000
32897  -49.458  -52.808  -9.323 0.0000000000
32898  -51.254  -51.563  -8.529 0.0000000000
32899  -51.820  -51.562  -9.324 0.0000000000
32908  -49.165  -51.595  -9.360 0.0000000000
32909  -49.804  -52.290  -10.101 0.0000000000
32910  -52.382  -51.437  -9.935 0.0000000000
32911  -52.963  -51.904  -10.644 0.0000000000
32922  -49.179  -51.368  -10.255 0.0000000000
32923  -49.933  -51.860  -10.899 0.0000000000
32924  -50.686  -52.265  -11.466 0.0000000000
32925  -53.130  -52.016  -11.369 0.0000000000
32932  -46.854  -51.963  -13.655 0.0000000000
32933  -48.068  -51.427  -11.897 0.0000000000
32934  -49.937  -51.759  -11.983 0.0000000000
32935  -51.004  -51.999  -12.105 0.0000000000
32936  -51.898  -52.324  -12.072 0.0000000000
32937  -52.731  -52.198  -11.901 0.0000000000
32938  -47.435  -52.010  -14.007 0.0000000000
32939  -48.301  -51.666  -13.550 0.0000000000
32940  -50.170  -51.612  -12.983 0.0000000000
32941  -51.165  -51.631  -12.875 0.0000000000
32942  -52.077  -51.677  -12.763 0.0000000000
32943  -52.774  -51.481  -12.638 0.0000000000
32944  -46.830  -52.003  -14.235 0.0000000000
32945  -47.250  -51.899  -14.205 0.0000000000
32946  -47.998  -51.651  -13.884 0.0000000000
32947  -49.174  -51.426  -13.583 0.0000000000
32948  -50.375  -51.280  -13.581 0.0000000000
32949  -51.402  -51.212  -13.547 0.0000000000
33856  -47.951  -50.753  -7.300 0.0000000000
33865  -48.393  -51.301  -7.885 0.0000000000
33874  -47.962  -50.203  -9.182 0.0000000000
33875  -48.583  -50.912  -8.759 0.0000000000
33876  -50.662  -50.559  -8.192 0.0000000000
33877  -51.238  -50.587  -8.875 0.0000000000
33883  -47.704  -50.421  -10.178 0.0000000000
33884  -48.541  -50.788  -9.711 0.0000000000
33885  -51.807  -50.568  -9.556 0.0000000000
33886  -52.567  -50.623  -10.330 0.0000000000
33896  -46.563  -51.002  -11.951 0.0000000000
33897  -47.400  -50.900  -11.302 0.0000000000
33898  -48.345  -50.975  -10.708 0.0000000000
33899  -53.332  -51.191  -11.165 0.0000000000
33900  -53.591  -50.399  -11.703 0.0000000000
33906  -45.562  -51.241  -13.592 0.0000000000
33907  -46.235  -51.540  -13.045 0.0000000000
33908  -47.091  -51.534  -12.524 0.0000000000
33909  -53.268  -51.431  -12.150 0.0000000000
33910  -53.629  -50.437  -12.513 0.0000000000
33911  -45.733  -51.307  -14.431 0.0000000000
33912  -46.197  -51.824  -14.043 0.0000000000
33913  -47.678  -51.091  -14.053 0.0000000000
33914  -48.578  -51.363  -13.813 0.0000000000
33915  -52.317  -51.076  -13.367 0.0000000000
33916  -46.423  -51.679  -14.362 0.0000000000
33917  -47.473  -51.698  -14.189 0.0000000000
33918  -49.733  -51.174  -13.721 0.0000000000
33919  -50.828  -51.003  -13.837 0.0000000000
33920  -51.749  -50.703  -13.741 0.0000000000
33921  -52.621  -50.311  -13.627 0.0000000000
34837  -46.803  -49.230  -9.109 0.0000000000
34838  -47.463  -49.627  -8.716 0.0000000000
34839  -50.797  -49.722  -8.605 0.0000000000
34840  -51.328  -49.716  -9.204 0.0000000000
34850  -45.767  -48.960  -10.088 0.0000000000
34851  -46.235  -48.899  -9.414 0.0000000000
34852  -47.192  -49.803  -9.635 0.0000000000
34853  -51.860  -49.764  -9.786 0.0000000000
34861  -45.797  -49.698  -10.929 0.0000000000
34862  -46.663  -50.258  -10.809 0.0000000000
34863  -53.487  -49.291  -11.330 0.0000000000
34866  -44.706  -50.029  -13.389 0.0000000000
34867  -45.077  -50.452  -12.918 0.0000000000
34868  -45.783  -50.642  -12.147 0.0000000000
34869  -47.826  -49.814  -12.878 0.0000000000
34870  -48.966  -49.664  -12.560 0.0000000000
34871  -45.045  -50.828  -14.108 0.0000000000
34872  -46.648  -50.592  -14.150 0.0000000000
34873  -48.596  -50.596  -13.483 0.0000000000
34874  -49.645  -50.572  -13.477 0.0000000000
34875  -50.695  -50.033  -13.420 0.0000000000
34876  -51.672  -49.627  -13.526 0.0000000000
34877  -54.033  -49.448  -13.111 0.0000000000
34878  -44.824  -50.296  -14.427 0.0000000000
34879  -45.334  -50.579  -14.716 0.0000000000
34880  -45.983  -51.179  -14.624 0.0000000000
34881  -46.806  -51.521  -14.396 0.0000000000
34882  -50.493  -50.808  -13.752 0.0000000000
34883  -51.311  -50.485  -13.714 0.0000000000
34884  -52.216  -50.002  -13.779 0.0000000000
34885  -53.039  -49.477  -13.724 0.0000000000
34886  -53.747  -49.021  -13.537 0.0000000000
35786  -46.603  -48.558  -7.896 0.0000000000
35796  -45.738  -48.345  -9.281 0.0000000000
35797  -46.413  -48.683  -8.710 0.0000000000
35798  -47.016  -49.105  -8.294 0.0000000000
35808  -45.364  -48.457  -10.095 0.0000000000
35809  -51.563  -48.855  -9.490 0.0000000000
35810  -52.431  -49.316  -10.343 0.0000000000
35816  -44.774  -48.564  -11.484 0.0000000000
35817  -45.208  -49.038  -10.980 0.0000000000
35818  -52.875  -48.373  -10.558 0.0000000000
35819  -54.282  -48.677  -12.120 0.0000000000
35820  -54.549  -47.715  -11.955 0.0000000000
35821  -44.575  -48.994  -12.601 0.0000000000
35822  -44.865  -49.526  -12.169 0.0000000000
35823  -46.858  -48.439  -12.404 0.0000000000
35824  -47.596  -48.679  -11.918 0.0000000000
35825  -48.471  -48.824  -11.764 0.0000000000
35826  -50.291  -48.740  -12.046 0.0000000000
35827  -51.126  -48.223  -12.111 0.0000000000
35828  -52.275  -47.843  -12.735 0.0000000000
35829  -54.421  -48.791  -12.866 0.0000000000
35830  -54.694  -47.988  -12.793 0.0000000000
35831  -44.533  -49.406  -13.868 0.0000000000
35832  -46.393  -49.401  -13.725 0.0000000000
35833  -47.022  -49.376  -12.858 0.0000000000
35834  -49.976  -49.489  -12.583 0.0000000000
35835  -50.949  -49.141  -12.747 0.0000000000
35836  -51.953  -48.712  -13.132 0.0000000000
35837  -52.935  -48.295  -13.498 0.0000000000
35838  -54.183  -48.696  -13.365 0.0000000000
35839  -54.474  -48.058  -13.296 0.0000000000
35840  -44.868  -49.738  -14.991 0.0000000000
35841  -45.359  -49.737  -15.079 0.0000000000
35842  -46.022  -49.147  -14.919 0.0000000000
35843  -52.651  -49.158  -13.668 0.0000000000
35844  -53.516  -48.550  -13.610 0.0000000000
35845  -54.082  -48.200  -13.597 0.0000000000
35846  -45.220  -48.666  -15.502 0.0000000000
35847  -45.217  -49.214  -15.357 0.0000000000
35848  -45.690  -48.897  -15.449 0.0000000000
35849  -45.635  -48.777  -15.553 0.0000000000
36849  -45.790  -47.476  -6.976 0.0000000000
36850  -46.179  -48.022  -7.456 0.0000000000
36858  -45.345  -47.528  -8.755 0.0000000000
36859  -45.973  -48.097  -8.307 0.0000000000
36869  -44.817  -47.415  -10.108 0.0000000000
36870  -45.174  -47.862  -9.681 0.0000000000
36871  -51.673  -47.833  -9.362 0.0000000000
36872  -52.518  -47.505  -9.906 0.0000000000
36873  -53.226  -46.962  -10.243 0.0000000000
36880  -44.696  -47.674  -10.967 0.0000000000
36881  -44.978  -48.162  -10.528 0.0000000000
36882  -47.963  -47.391  -10.729 0.0000000000
36883  -48.760  -47.429  -10.629 0.0000000000
36884  -49.901  -47.417  -10.788 0.0000000000
36885  -53.479  -47.608  -10.761 0.0000000000
36886  -44.563  -47.957  -11.949 0.0000000000
36887  -46.766  -47.537  -12.143 0.0000000000
36888  -47.352  -47.680  -11.396 0.0000000000
36889  -48.168  -48.065  -11.104 0.0000000000
36890  -49.109  -48.137  -11.138 0.0000000000
36891  -50.730  -47.606  -11.408 0.0000000000
36892  -51.624  -47.369  -11.851 0.0000000000
36893  -52.679  -47.038  -12.529 0.0000000000
36894  -55.136  -47.255  -13.014 0.0000000000
36895  -44.460  -48.260  -13.070 0.0000000000
36896  -46.510  -48.165  -13.234 0.0000000000
36897  -53.423  -47.544  -13.378 0.0000000000
36898  -54.326  -47.086  -13.545 0.0000000000
36899  -54.803  -47.433  -13.253 0.0000000000
36900  -44.499  -48.583  -14.345 0.0000000000
36901  -46.426  -47.747  -13.968 0.0000000000
36902  -53.979  -47.794  -13.670 0.0000000000
36903  -54.424  -47.445  -13.500 0.0000000000
36904  -44.773  -48.217  -15.192 0.0000000000
36905  -46.371  -48.144  -15.474 0.0000000000
36906  -45.180  -47.911  -15.559 0.0000000000
36907  -45.788  -48.289  -15.801 0.0000000000
36908  -46.126  -48.356  -15.808 0.0000000000
36909  -46.788  -47.624  -16.034 0.0000000000
37950  -45.144  -46.866  -8.017 0.0000000000
37962  -44.758  -46.207  -8.192 0.0000000000
37963  -44.876  -46.777  -8.809 0.0000000000
37973  -44.685  -46.620  -9.643 0.0000000000
37974  -52.703  -46.612  -9.594 0.0000000000
37975  -53.534  -46.318  -10.133 0.0000000000
37976  -54.424  -46.132  -10.876 0.0000000000
37983  -44.616  -46.871  -10.545 0.0000000000
37984  -47.525  -46.946  -10.801 0.0000000000
37985  -48.227  -46.689  -10.344 0.0000000000
37986  -49.274  -46.736  -10.256 0.0000000000
37987  -50.324  -46.542  -10.436 0.0000000000
37988  -51.337  -46.211  -10.835 0.0000000000
37989  -54.258  -46.853  -11.170 0.0000000000
37990  -55.333  -46.297  -12.284 0.0000000000
37991  -44.417  -46.334  -11.938 0.0000000000
37992  -46.665  -46.980  -12.614 0.0000000000
37993  -46.990  -46.715  -11.488 0.0000000000
37994  -50.983  -46.950  -11.111 0.0000000000
37995  -51.989  -46.612  -11.626 0.0000000000
37996  -53.065  -46.314  -12.353 0.0000000000
37997  -54.298  -46.049  -13.263 0.0000000000
37998  -55.341  -46.404  -13.283 0.0000000000
37999  -44.270  -46.443  -12.949 0.0000000000
38000  -53.811  -46.710  -13.296 0.0000000000
38001  -54.659  -46.512  -13.515 0.0000000000
38002  -54.882  -46.783  -13.485 0.0000000000
38003  -44.171  -46.561  -13.876 0.0000000000
38004  -46.780  -47.189  -14.526 0.0000000000
38005  -47.406  -46.752  -14.984 0.0000000000
38006  -44.491  -46.706  -14.646 0.0000000000
38007  -47.208  -47.325  -15.725 0.0000000000
38008  -44.989  -47.005  -15.344 0.0000000000
38009  -45.821  -47.393  -15.895 0.0000000000
38010  -47.131  -47.149  -16.299 0.0000000000
38011  -47.567  -46.971  -16.215 0.0000000000
38012  -48.158  -46.541  -16.290 0.0000000000
38013  -47.980  -46.469  -16.501 0.0000000000
39042  -44.588  -45.494  -8.543 0.0000000000
39046  -54.597  -44.888  -10.126 0.0000000000
39053  -44.545  -45.608  -9.530 0.0000000000
39059  -53.948  -45.593  -10.072 0.0000000000
39060  -55.066  -45.580  -11.272 0.0000000000
39064  -44.473  -45.516  -10.526 0.0000000000
39069  -51.662  -45.483  -10.621 0.0000000000
39070  -52.714  -45.171  -11.262 0.0000000000
39071  -55.859  -45.552  -12.963 0.0000000000
39073  -44.377  -45.555  -11.444 0.0000000000
39074  -46.828  -46.181  -11.927 0.0000000000
39075  -46.996  -45.429  -11.874 0.0000000000
39076  -52.317  -45.891  -11.421 0.0000000000
39077  -53.292  -45.712  -12.133 0.0000000000
39078  -55.408  -45.630  -13.478 0.0000000000
39079  -44.228  -45.599  -12.392 0.0000000000
39080  -46.805  -46.141  -12.655 0.0000000000
39081  -47.088  -45.486  -12.786 0.0000000000
39082  -55.022  -46.081  -13.647 0.0000000000
39083  -44.092  -45.636  -13.325 0.0000000000
39084  -47.044  -46.139  -13.759 0.0000000000
39085  -44.199  -45.652  -14.184 0.0000000000
39086  -44.702  -45.283  -14.686 0.0000000000
39087  -47.888  -46.738  -15.820 0.0000000000
39088  -48.547  -46.302  -15.974 0.0000000000
39089  -44.765  -46.086  -14.961 0.0000000000
39090  -45.332  -45.595  -15.316 0.0000000000
39091  -48.610  -46.142  -16.531 0.0000000000
39092  -49.312  -45.612  -16.822 0.0000000000
39093  -47.364  -46.335  -16.433 0.0000000000
40082  -44.490  -44.612  -8.929 0.0000000000
40095  -44.428  -44.721  -10.004 0.0000000000
40101  -55.379  -44.158  -10.108 0.0000000000
40105  -44.333  -44.817  -10.954 0.0000000000
40106  -53.389  -44.685  -11.484 0.0000000000
40107  -54.372  -44.498  -12.314 0.0000000000
40108  -56.256  -44.550  -13.122 0.0000000000
40109  -56.516  -44.134  -12.754 0.0000000000
40111  -43.848  -44.096  -12.068 0.0000000000
40112  -44.150  -44.858  -11.837 0.0000000000
40113  -54.115  -45.254  -12.571 0.0000000000
40114  -55.423  -45.025  -13.417 0.0000000000
40115  -56.076  -44.271  -13.366 0.0000000000
40116  -56.395  -43.971  -13.202 0.0000000000
40117  -56.665  -43.505  -12.884 0.0000000000
40118  -43.714  -43.944  -12.924 0.0000000000
40119  -43.948  -44.824  -12.716 0.0000000000
40120  -47.336  -44.769  -12.402 0.0000000000
40121  -56.265  -43.744  -13.217 0.0000000000
40122  -56.487  -43.616  -13.014 0.0000000000
40123  -43.960  -44.785  -13.514 0.0000000000
40124  -47.505  -45.148  -13.444 0.0000000000
40125  -47.817  -44.260  -12.976 0.0000000000
40126  -44.377  -44.537  -14.177 0.0000000000
40127  -45.133  -44.634  -14.886 0.0000000000
40128  -47.891  -45.922  -14.794 0.0000000000
40129  -48.760  -45.479  -15.338 0.0000000000
40130  -49.606  -45.270  -15.888 0.0000000000
40131  -45.955  -44.935  -15.586 0.0000000000
40132  -46.921  -45.352  -16.230 0.0000000000
40133  -49.154  -45.843  -16.405 0.0000000000
40134  -49.970  -45.531  -16.859 0.0000000000
40135  -50.727  -45.089  -17.189 0.0000000000
40136  -47.957  -45.677  -16.686 0.0000000000
40137  -48.886  -45.435  -17.011 0.0000000000
40138  -50.248  -45.224  -17.250 0.0000000000
40139  -51.437  -44.530  -17.482 0.0000000000
40140  -49.761  -45.171  -17.356 0.0000000000
40141  -50.421  -44.873  -17.573 0.0000000000
40142  -50.917  -44.724  -17.556 0.0000000000
41133  -56.351  -43.279  -9.069 0.0000000000
41139  -44.319  -43.855  -9.597 0.0000000000
41143  -53.543  -43.418  -10.410 0.0000000000
41144  -56.087  -43.581  -10.001 0.0000000000
41145  -56.494  -43.992  -11.664 0.0000000000
41146  -56.991  -43.111  -10.935 0.0000000000
41149  -43.613  -42.591  -10.734 0.0000000000
41150  -43.985  -43.226  -10.190 0.0000000000
41152  -53.410  -44.098  -10.995 0.0000000000
41153  -54.407  -43.780  -11.713 0.0000000000
41154  -55.387  -43.389  -12.396 0.0000000000
41155  -57.205  -43.432  -11.808 0.0000000000
41157  -43.814  -43.444  -11.241 0.0000000000
41158  -47.644  -43.517  -10.966 0.0000000000
41159  -48.021  -43.174  -11.634 0.0000000000
41160  -55.473  -44.139  -13.123 0.0000000000
41161  -55.839  -43.764  -13.237 0.0000000000
41162  -56.407  -43.393  -12.994 0.0000000000
41163  -56.623  -43.309  -12.892 0.0000000000
41164  -43.602  -43.287  -12.213 0.0000000000
41165  -47.584  -43.960  -11.860 0.0000000000
41166  -48.219  -43.485  -12.534 0.0000000000
41167  -48.961  -43.110  -13.053 0.0000000000
41168  -56.505  -43.542  -12.970 0.0000000000
41169  -57.014  -43.189  -13.121 0.0000000000
41170  -43.562  -43.126  -12.855 0.0000000000
41171  -43.808  -43.315  -13.360 0.0000000000
41172  -48.545  -43.878  -13.547 0.0000000000
41173  -49.351  -43.551  -14.026 0.0000000000
41174  -44.328  -43.529  -13.906 0.0000000000
41175  -44.939  -43.744  -14.498 0.0000000000
41176  -49.029  -44.479  -14.650 0.0000000000
41177  -49.842  -44.175  -15.130 0.0000000000
41178  -50.677  -43.895  -15.526 0.0000000000
41179  -45.627  -43.851  -15.149 0.0000000000
41180  -46.565  -43.977  -15.734 0.0000000000
41181  -47.419  -43.601  -16.140 0.0000000000
41182  -50.388  -44.931  -16.345 0.0000000000
41183  -51.201  -44.532  -16.665 0.0000000000
41184  -51.976  -44.145  -17.080 0.0000000000
41185  -47.377  -44.617  -16.343 0.0000000000
41186  -48.144  -44.542  -16.698 0.0000000000
41187  -49.007  -44.401  -17.131 0.0000000000
41188  -52.050  -44.124  -17.759 0.0000000000
41189  -52.423  -43.665  -17.961 0.0000000000
41190  -49.946  -44.215  -17.590 0.0000000000
41191  -50.909  -44.406  -17.845 0.0000000000
41192  -51.713  -44.213  -17.920 0.0000000000
42119  -54.173  -42.064  -9.262 0.0000000000
42120  -57.470  -42.537  -10.048 0.0000000000
42133  -53.810  -42.723  -9.839 0.0000000000
42134  -54.853  -42.350  -10.426 0.0000000000
42135  -55.989  -41.910  -11.159 0.0000000000
42136  -57.395  -42.332  -11.733 0.0000000000
42137  -57.799  -41.339  -11.061 0.0000000000
42142  -54.557  -43.058  -11.018 0.0000000000
42143  -55.645  -42.599  -11.775 0.0000000000
42144  -56.751  -42.227  -12.324 0.0000000000
42145  -57.371  -41.636  -11.775 0.0000000000
42146  -43.445  -42.599  -11.641 0.0000000000
42147  -47.943  -42.930  -10.941 0.0000000000
42148  -48.441  -42.543  -11.363 0.0000000000
42149  -49.125  -42.152  -11.800 0.0000000000
42150  -56.129  -42.883  -12.708 0.0000000000
42151  -56.811  -42.893  -12.825 0.0000000000
42152  -57.012  -42.936  -12.758 0.0000000000
42153  -43.397  -42.493  -12.496 0.0000000000
42154  -48.642  -42.761  -12.188 0.0000000000
42155  -49.429  -42.435  -12.612 0.0000000000
42156  -50.231  -42.094  -13.022 0.0000000000
42157  -43.599  -42.517  -13.156 0.0000000000
42158  -44.158  -42.551  -13.700 0.0000000000
42159  -49.759  -42.772  -13.493 0.0000000000
42160  -50.592  -42.486  -13.877 0.0000000000
42161  -51.358  -42.216  -14.287 0.0000000000
42162  -44.673  -41.884  -14.210 0.0000000000
42163  -45.415  -42.078  -14.779 0.0000000000
42164  -46.217  -41.945  -15.226 0.0000000000
42165  -50.190  -43.255  -14.440 0.0000000000
42166  -51.007  -42.985  -14.860 0.0000000000
42167  -51.811  -42.733  -15.343 0.0000000000
42168  -52.630  -42.469  -15.958 0.0000000000
42169  -45.964  -42.907  -15.261 0.0000000000
42170  -46.794  -42.787  -15.595 0.0000000000
42171  -47.604  -42.598  -15.936 0.0000000000
42172  -48.420  -42.429  -16.229 0.0000000000
42173  -49.269  -42.283  -16.474 0.0000000000
42174  -51.540  -43.639  -15.965 0.0000000000
42175  -52.345  -43.342  -16.519 0.0000000000
42176  -53.066  -42.954  -17.218 0.0000000000
42177  -48.230  -43.403  -16.554 0.0000000000
42178  -49.082  -43.226  -16.905 0.0000000000
42179  -49.886  -42.983  -17.279 0.0000000000
42180  -50.754  -42.832  -17.654 0.0000000000
42181  -52.539  -43.632  -17.581 0.0000000000
42182  -53.050  -43.150  -17.971 0.0000000000
42183  -53.267  -42.431  -18.074 0.0000000000
42184  -50.577  -43.686  -17.781 0.0000000000
42185  -51.383  -43.690  -18.054 0.0000000000
42186  -52.236  -43.502  -18.132 0.0000000000
42187  -52.819  -43.187  -18.076 0.0000000000
43089  -55.565  -40.942  -9.365 0.0000000000
43090  -58.218  -41.581  -9.724 0.0000000000
43091  -58.515  -40.776  -9.539 0.0000000000
43100  -55.198  -41.656  -9.872 0.0000000000
43101  -56.326  -41.245  -10.592 0.0000000000
43102  -58.217  -40.658  -10.564 0.0000000000
43103  -58.446  -40.172  -10.121 0.0000000000
43110  -56.906  -41.497  -11.661 0.0000000000
43111  -57.386  -40.985  -11.167 0.0000000000
43112  -57.872  -40.783  -11.108 0.0000000000
43114  -42.872  -41.196  -11.219 0.0000000000
43115  -43.046  -41.694  -12.066 0.0000000000
43116  -48.797  -41.921  -10.997 0.0000000000
43117  -49.563  -41.505  -11.436 0.0000000000
43118  -50.362  -41.118  -11.857 0.0000000000
43119  -42.973  -40.660  -12.631 0.0000000000
43120  -43.343  -41.654  -12.900 0.0000000000
43121  -49.875  -41.754  -12.238 0.0000000000
43122  -50.660  -41.426  -12.629 0.0000000000
43123  -51.330  -41.130  -13.017 0.0000000000
43124  -43.820  -41.743  -13.452 0.0000000000
43125  -44.387  -41.007  -13.939 0.0000000000
43126  -50.970  -41.776  -13.420 0.0000000000
43127  -51.659  -41.492  -13.824 0.0000000000
43128  -52.326  -41.176  -14.307 0.0000000000
43129  -45.109  -41.043  -14.506 0.0000000000
43130  -45.811  -41.128  -14.818 0.0000000000
43131  -46.538  -41.209  -15.020 0.0000000000
43132  -47.344  -41.312  -15.077 0.0000000000
43133  -48.227  -41.383  -15.044 0.0000000000
43134  -49.169  -41.356  -15.089 0.0000000000
43135  -49.957  -41.194  -15.281 0.0000000000
43136  -52.098  -41.947  -14.780 0.0000000000
43137  -52.821  -41.607  -15.423 0.0000000000
43138  -47.032  -41.889  -15.456 0.0000000000
43139  -47.868  -41.851  -15.593 0.0000000000
43140  -48.719  -41.800  -15.733 0.0000000000
43141  -49.615  -41.635  -15.919 0.0000000000
43142  -50.609  -41.284  -16.097 0.0000000000
43143  -53.431  -42.113  -16.677 0.0000000000
43144  -54.015  -41.465  -17.325 0.0000000000
43145  -50.164  -42.107  -16.784 0.0000000000
43146  -51.746  -42.806  -18.092 0.0000000000
43147  -52.186  -41.933  -17.930 0.0000000000
43148  -53.500  -42.350  -17.717 0.0000000000
43149  -53.813  -41.585  -17.929 0.0000000000
43150  -52.676  -42.715  -18.198 0.0000000000
44061  -55.988  -40.207  -8.937 0.0000000000
44062  -57.154  -39.800  -9.629 0.0000000000
44063  -58.737  -40.008  -9.402 0.0000000000
44073  -56.729  -40.542  -10.123 0.0000000000
44074  -57.811  -40.278  -10.665 0.0000000000
44075  -58.175  -40.150  -10.547 0.0000000000
44079  -46.438  -40.260  -11.118 0.0000000000
44080  -47.190  -40.224  -10.934 0.0000000000
44082  -50.402  -40.148  -10.707 0.0000000000
44084  -42.447  -40.324  -11.878 0.0000000000
44085  -45.882  -40.031  -11.934 0.0000000000
44086  -46.787  -40.382  -11.697 0.0000000000
44087  -47.526  -40.311  -11.491 0.0000000000
44088  -48.232  -40.233  -11.786 0.0000000000
44089  -49.984  -40.834  -11.077 0.0000000000
44090  -50.761  -40.407  -11.535 0.0000000000
44091  -51.506  -39.989  -12.064 0.0000000000
44092  -42.769  -39.637  -12.625 0.0000000000
44093  -43.537  -39.407  -13.214 0.0000000000
44094  -46.453  -40.266  -12.658 0.0000000000
44095  -47.054  -40.536  -13.342 0.0000000000
44096  -48.075  -40.619  -12.737 0.0000000000
44097  -48.933  -40.190  -12.434 0.0000000000
44098  -51.049  -40.748  -12.305 0.0000000000
44099  -51.579  -40.517  -12.741 0.0000000000
44100  -52.651  -39.759  -13.597 0.0000000000
44101  -44.391  -39.738  -13.772 0.0000000000
44102  -45.494  -40.308  -14.450 0.0000000000
44103  -45.782  -39.876  -14.238 0.0000000000
44104  -46.471  -40.337  -14.179 0.0000000000
44105  -47.900  -40.814  -13.680 0.0000000000
44106  -48.797  -40.627  -13.276 0.0000000000
44107  -49.660  -40.037  -13.140 0.0000000000
44108  -50.444  -40.244  -14.371 0.0000000000
44109  -51.899  -40.772  -13.431 0.0000000000
44110  -52.514  -40.403  -13.898 0.0000000000
44111  -46.148  -40.513  -14.616 0.0000000000
44112  -46.861  -40.805  -14.622 0.0000000000
44113  -47.677  -41.018  -14.481 0.0000000000
44114  -48.697  -41.003  -14.230 0.0000000000
44115  -49.739  -40.803  -14.496 0.0000000000
44116  -50.488  -40.686  -15.105 0.0000000000
44117  -51.206  -40.502  -15.741 0.0000000000
44118  -52.994  -40.778  -14.931 0.0000000000
44119  -53.732  -40.414  -15.631 0.0000000000
44120  -51.614  -41.094  -16.931 0.0000000000
44121  -53.613  -41.251  -16.085 0.0000000000
44122  -54.166  -40.809  -16.621 0.0000000000
44123  -52.674  -41.048  -17.777 0.0000000000
44124  -54.409  -40.634  -17.367 0.0000000000
44125  -54.475  -40.122  -17.578 0.0000000000
44126  -53.111  -41.892  -18.205 0.0000000000
44127  -53.617  -41.102  -18.070 0.0000000000
44128  -54.208  -40.700  -17.913 0.0000000000
45041  -59.180  -38.705  -8.340 0.0000000000
45056  -56.391  -39.299  -8.571 0.0000000000
45057  -57.552  -39.103  -9.205 0.0000000000
45058  -58.418  -38.601  -9.016 0.0000000000
45059  -58.859  -39.242  -9.131 0.0000000000
45075  -58.169  -39.552  -9.910 0.0000000000
45076  -58.491  -39.697  -9.840 0.0000000000
45080  -42.010  -39.650  -11.324 0.0000000000
45082  -45.813  -40.027  -10.881 0.0000000000
45083  -46.693  -40.029  -10.275 0.0000000000
45084  -47.580  -39.675  -10.358 0.0000000000
45085  -48.255  -39.292  -10.580 0.0000000000
45087  -51.299  -38.958  -10.778 0.0000000000
45089  -42.124  -38.366  -12.254 0.0000000000
45090  -42.237  -39.295  -12.226 0.0000000000
45091  -44.621  -38.685  -12.698 0.0000000000
45092  -45.076  -39.425  -11.652 0.0000000000
45093  -47.899  -39.950  -11.039 0.0000000000
45094  -48.558  -39.513  -11.238 0.0000000000
45095  -49.224  -38.913  -11.460 0.0000000000
45096  -51.070  -39.670  -11.180 0.0000000000
45097  -42.999  -38.547  -12.750 0.0000000000
45098  -43.774  -38.493  -13.119 0.0000000000
45099  -44.913  -38.976  -13.270 0.0000000000
45100  -45.645  -39.619  -13.094 0.0000000000
45101  -48.928  -39.670  -11.807 0.0000000000
45102  -49.611  -39.252  -12.279 0.0000000000
45103  -50.280  -39.152  -13.051 0.0000000000
45104  -52.077  -39.315  -12.311 0.0000000000
45105  -52.547  -39.281  -13.032 0.0000000000
45106  -44.188  -38.899  -13.398 0.0000000000
45107  -44.725  -39.085  -13.556 0.0000000000
45108  -45.321  -39.463  -13.760 0.0000000000
45109  -46.099  -39.915  -13.699 0.0000000000
45110  -53.082  -39.222  -13.767 0.0000000000
45111  -50.944  -39.581  -14.445 0.0000000000
45112  -51.413  -39.686  -15.327 0.0000000000
45113  -53.214  -39.921  -14.481 0.0000000000
45114  -53.911  -39.675  -15.383 0.0000000000
45115  -52.058  -40.083  -16.630 0.0000000000
45116  -52.717  -39.212  -17.061 0.0000000000
45117  -54.493  -39.984  -16.494 0.0000000000
45118  -55.081  -39.205  -16.933 0.0000000000
45119  -53.149  -40.141  -17.690 0.0000000000
45120  -54.707  -39.878  -17.235 0.0000000000
45121  -53.960  -40.104  -17.971 0.0000000000
45122  -54.376  -39.960  -17.757 0.0000000000
45967  -59.147  -37.685  -7.204 0.0000000000
45980  -56.171  -38.440  -7.926 0.0000000000
45981  -56.993  -37.537  -7.995 0.0000000000
45982  -59.196  -37.333  -7.610 0.0000000000
45995  -57.286  -38.416  -8.559 0.0000000000
45996  -58.166  -37.632  -8.393 0.0000000000
45997  -58.923  -37.769  -8.492 0.0000000000
45998  -59.220  -37.824  -8.250 0.0000000000
46019  -44.039  -38.190  -11.682 0.0000000000
46020  -47.993  -38.906  -9.873 0.0000000000
46021  -48.394  -38.067  -9.915 0.0000000000
46022  -48.800  -37.959  -10.485 0.0000000000
46024  -51.434  -38.213  -10.534 0.0000000000
46026  -43.515  -37.599  -12.163 0.0000000000
46027  -44.096  -38.067  -12.536 0.0000000000
46028  -48.788  -38.727  -10.846 0.0000000000
46029  -49.250  -38.023  -11.089 0.0000000000
46030  -51.776  -38.486  -11.277 0.0000000000
46031  -52.349  -38.004  -11.785 0.0000000000
46032  -41.998  -37.596  -12.138 0.0000000000
46033  -42.768  -37.650  -12.389 0.0000000000
46034  -43.578  -37.887  -12.645 0.0000000000
46035  -44.279  -38.439  -13.123 0.0000000000
46036  -49.795  -38.108  -11.848 0.0000000000
46037  -50.178  -38.509  -12.536 0.0000000000
46038  -52.091  -38.737  -11.871 0.0000000000
46039  -52.539  -38.594  -12.515 0.0000000000
46040  -53.115  -38.118  -13.064 0.0000000000
46041  -50.633  -38.292  -13.177 0.0000000000
46042  -51.168  -38.065  -13.949 0.0000000000
46043  -52.912  -38.726  -13.246 0.0000000000
46044  -53.560  -38.444  -13.923 0.0000000000
46045  -50.866  -38.935  -13.803 0.0000000000
46046  -51.443  -38.763  -14.723 0.0000000000
46047  -54.222  -38.509  -14.841 0.0000000000
46048  -54.932  -38.105  -15.503 0.0000000000
46049  -51.881  -38.112  -15.471 0.0000000000
46050  -52.485  -38.325  -16.499 0.0000000000
46051  -55.292  -38.292  -16.498 0.0000000000
46052  -55.519  -37.729  -16.582 0.0000000000
46053  -53.489  -38.552  -17.382 0.0000000000
46054  -54.416  -38.443  -17.511 0.0000000000
46055  -55.239  -38.415  -17.059 0.0000000000
46056  -53.565  -39.437  -17.647 0.0000000000
46057  -54.333  -39.261  -17.675 0.0000000000
46058  -54.786  -39.410  -17.357 0.0000000000
46916  -55.739  -36.278  -7.119 0.0000000000
46917  -58.377  -36.459  -6.521 0.0000000000
46918  -59.108  -36.852  -7.013 0.0000000000
46928  -55.900  -37.513  -7.494 0.0000000000
46929  -56.751  -36.584  -7.512 0.0000000000
46930  -57.868  -36.748  -7.754 0.0000000000
46931  -58.716  -36.691  -7.520 0.0000000000
46932  -59.058  -36.856  -7.346 0.0000000000
46940  -58.685  -37.172  -8.070 0.0000000000
46941  -59.073  -37.212  -7.942 0.0000000000
46955  -48.624  -37.252  -10.056 0.0000000000
46956  -49.136  -37.151  -10.717 0.0000000000
46957  -51.531  -37.456  -10.382 0.0000000000
46958  -51.889  -37.089  -10.832 0.0000000000
46963  -49.553  -37.269  -11.357 0.0000000000
46964  -51.882  -37.740  -11.050 0.0000000000
46965  -52.362  -37.075  -11.429 0.0000000000
46967  -43.033  -37.290  -12.158 0.0000000000
46968  -50.042  -37.091  -11.987 0.0000000000
46969  -50.363  -37.693  -12.567 0.0000000000
46970  -52.792  -37.288  -12.158 0.0000000000
46971  -53.284  -37.411  -12.809 0.0000000000
46972  -50.786  -37.394  -13.375 0.0000000000
46973  -53.806  -37.594  -13.615 0.0000000000
46974  -54.777  -37.136  -14.262 0.0000000000
46975  -51.240  -37.113  -14.293 0.0000000000
46976  -54.407  -37.864  -14.528 0.0000000000
46977  -55.393  -37.419  -15.253 0.0000000000
46978  -56.200  -37.012  -15.864 0.0000000000
46979  -51.643  -37.269  -15.188 0.0000000000
46980  -52.264  -37.355  -16.129 0.0000000000
46981  -55.660  -37.622  -15.961 0.0000000000
46982  -55.888  -37.250  -16.289 0.0000000000
46983  -53.010  -37.771  -16.911 0.0000000000
46984  -53.939  -37.755  -17.328 0.0000000000
46985  -54.954  -37.901  -17.299 0.0000000000
46986  -55.472  -37.563  -16.776 0.0000000000
46987  -54.892  -38.728  -17.425 0.0000000000
47941  -56.580  -35.468  -5.605 0.0000000000
47942  -57.257  -35.764  -5.800 0.0000000000
47943  -57.724  -35.896  -6.331 0.0000000000
47956  -54.831  -35.646  -6.700 0.0000000000
47957  -56.017  -35.183  -6.706 0.0000000000
47958  -57.531  -35.751  -6.678 0.0000000000
47959  -58.165  -36.125  -6.756 0.0000000000
47969  -56.734  -35.668  -7.074 0.0000000000
47970  -58.090  -36.061  -7.106 0.0000000000
47971  -58.771  -36.429  -6.999 0.0000000000
47993  -48.765  -36.402  -10.291 0.0000000000
47994  -49.216  -36.356  -10.905 0.0000000000
47995  -51.616  -36.609  -10.306 0.0000000000
47996  -52.097  -36.432  -10.918 0.0000000000
47999  -49.610  -36.468  -11.519 0.0000000000
48000  -52.515  -36.257  -11.406 0.0000000000
48001  -52.896  -36.531  -11.955 0.0000000000
48002  -50.033  -36.246  -12.260 0.0000000000
48003  -50.434  -36.791  -12.775 0.0000000000
48004  -54.582  -36.055  -13.228 0.0000000000
48005  -50.724  -36.457  -13.684 0.0000000000
48006  -54.039  -36.746  -13.248 0.0000000000
48007  -55.292  -36.470  -14.010 0.0000000000
48008  -56.540  -36.091  -14.635 0.0000000000
48009  -50.948  -36.151  -14.568 0.0000000000
48010  -51.260  -35.964  -15.265 0.0000000000
48011  -55.984  -36.717  -15.070 0.0000000000
48012  -56.483  -36.241  -15.434 0.0000000000
48013  -51.751  -36.550  -15.637 0.0000000000
48014  -52.436  -36.441  -16.235 0.0000000000
48015  -53.460  -36.338  -16.580 0.0000000000
48016  -56.243  -36.869  -16.072 0.0000000000
48017  -53.164  -37.066  -16.813 0.0000000000
48018  -54.291  -37.076  -17.055 0.0000000000
48019  -55.137  -37.079  -16.946 0.0000000000
48020  -55.794  -37.105  -16.502 0.0000000000
48953  -54.911  -35.066  -4.807 0.0000000000
48954  -55.759  -35.267  -5.235 0.0000000000
48967  -56.123  -34.785  -5.976 0.0000000000
48968  -56.920  -35.352  -6.220 0.0000000000
48982  -55.281  -34.460  -6.344 0.0000000000
48983  -56.126  -34.870  -6.224 0.0000000000
48991  -57.340  -35.690  -6.958 0.0000000000
49003  -48.392  -35.624  -9.840 0.0000000000
49006  -48.878  -35.522  -10.706 0.0000000000
49007  -49.338  -35.820  -11.279 0.0000000000
49009  -49.248  -35.069  -11.508 0.0000000000
49010  -49.649  -35.693  -11.884 0.0000000000
49011  -52.309  -35.460  -10.998 0.0000000000
49012  -52.935  -35.738  -11.730 0.0000000000
49013  -49.934  -35.560  -12.553 0.0000000000
49014  -50.330  -35.897  -13.069 0.0000000000
49015  -53.642  -36.023  -12.501 0.0000000000
49016  -54.619  -35.328  -12.812 0.0000000000
49017  -55.992  -35.265  -13.444 0.0000000000
49018  -49.964  -34.972  -13.283 0.0000000000
49019  -50.475  -35.464  -14.089 0.0000000000
49020  -55.647  -35.849  -13.695 0.0000000000
49021  -56.656  -35.655  -14.122 0.0000000000
49022  -57.229  -35.261  -13.933 0.0000000000
49023  -50.832  -35.430  -14.877 0.0000000000
49024  -51.334  -35.329  -15.326 0.0000000000
49025  -57.114  -35.349  -14.594 0.0000000000
49026  -51.822  -35.828  -15.784 0.0000000000
49027  -52.676  -35.719  -16.080 0.0000000000
49028  -53.850  -35.714  -16.182 0.0000000000
49029  -55.252  -35.928  -16.206 0.0000000000
49030  -54.651  -36.415  -16.650 0.0000000000
49031  -55.710  -36.660  -16.434 0.0000000000
49866  -55.292  -34.360  -5.721 0.0000000000
49876  -54.729  -33.847  -5.870 0.0000000000
49885  -54.914  -33.920  -6.034 0.0000000000
49899  -48.392  -34.624  -10.232 0.0000000000
49901  -52.527  -34.480  -11.096 0.0000000000
49902  -49.208  -34.349  -12.159 0.0000000000
49903  -49.612  -35.002  -12.354 0.0000000000
49904  -53.196  -34.364  -11.567 0.0000000000
49905  -54.065  -34.421  -12.183 0.0000000000
49906  -49.507  -34.387  -12.896 0.0000000000
49907  -55.213  -34.612  -12.712 0.0000000000
49908  -56.469  -34.745  -13.262 0.0000000000
49909  -57.602  -34.759  -13.748 0.0000000000
49910  -50.133  -34.555  -14.158 0.0000000000
49911  -57.683  -34.968  -14.213 0.0000000000
49912  -57.759  -34.798  -14.200 0.0000000000
49913  -50.448  -34.340  -14.548 0.0000000000
49914  -52.235  -34.636  -15.020 0.0000000000
49915  -53.381  -34.558  -14.861 0.0000000000
49916  -54.743  -34.648  -14.879 0.0000000000
49917  -56.299  -34.938  -14.995 0.0000000000
49918  -57.164  -35.083  -14.689 0.0000000000
49919  -57.546  -35.026  -14.403 0.0000000000
49920  -52.017  -35.214  -15.570 0.0000000000
49921  -52.995  -35.132  -15.595 0.0000000000
49922  -54.311  -35.196  -15.524 0.0000000000
49923  -55.821  -35.510  -15.573 0.0000000000
49924  -56.750  -35.679  -15.210 0.0000000000
50730  -48.137  -33.556  -10.382 0.0000000000
50734  -47.994  -32.811  -11.016 0.0000000000
50735  -48.726  -33.674  -11.909 0.0000000000
50736  -53.614  -33.566  -11.558 0.0000000000
50737  -54.653  -33.717  -12.128 0.0000000000
50738  -55.701  -33.400  -12.274 0.0000000000
50739  -56.841  -34.235  -12.938 0.0000000000
50740  -57.862  -34.156  -13.409 0.0000000000
50741  -48.721  -32.886  -13.293 0.0000000000
50742  -49.283  -33.279  -13.715 0.0000000000
50743  -51.984  -33.300  -13.928 0.0000000000
50744  -52.984  -33.241  -13.862 0.0000000000
50745  -53.968  -33.034  -13.873 0.0000000000
50746  -57.977  -34.506  -14.058 0.0000000000
50747  -49.848  -33.757  -14.166 0.0000000000
50748  -50.411  -33.764  -14.370 0.0000000000
50749  -51.316  -34.109  -14.590 0.0000000000
50750  -52.595  -33.940  -14.358 0.0000000000
50751  -53.751  -33.878  -14.309 0.0000000000
50752  -55.126  -33.803  -14.340 0.0000000000
50753  -56.615  -34.216  -14.527 0.0000000000
50754  -57.522  -34.645  -14.406 0.0000000000
51527  -47.691  -32.770  -10.202 0.0000000000
51531  -54.149  -32.301  -11.198 0.0000000000
51532  -47.771  -32.330  -11.613 0.0000000000
51533  -48.272  -32.821  -11.938 0.0000000000
51534  -53.766  -32.802  -11.323 0.0000000000
51535  -54.611  -32.880  -11.642 0.0000000000
51536  -56.113  -32.654  -11.966 0.0000000000
51537  -56.928  -32.172  -11.854 0.0000000000
51538  -58.082  -32.674  -12.413 0.0000000000
51539  -47.760  -32.153  -12.441 0.0000000000
51540  -48.235  -32.545  -12.873 0.0000000000
51541  -57.072  -33.586  -12.630 0.0000000000
51542  -58.167  -33.538  -12.923 0.0000000000
51543  -58.957  -32.982  -12.954 0.0000000000
51544  -59.491  -32.432  -12.999 0.0000000000
51545  -47.870  -32.041  -13.101 0.0000000000
51546  -48.391  -32.354  -13.294 0.0000000000
51547  -48.901  -32.548  -13.608 0.0000000000
51548  -49.581  -32.435  -13.772 0.0000000000
51549  -51.579  -32.461  -13.727 0.0000000000
51550  -52.430  -32.633  -13.726 0.0000000000
51551  -53.177  -32.370  -13.784 0.0000000000
51552  -58.341  -33.655  -13.542 0.0000000000
51553  -58.928  -32.821  -13.254 0.0000000000
51554  -49.455  -33.098  -13.902 0.0000000000
51555  -50.002  -33.152  -14.111 0.0000000000
51556  -50.918  -33.225  -14.042 0.0000000000
51557  -54.101  -31.949  -13.944 0.0000000000
51558  -54.783  -32.757  -13.966 0.0000000000
51559  -56.235  -32.177  -14.250 0.0000000000
51560  -57.556  -32.331  -14.230 0.0000000000
51561  -58.416  -32.898  -13.753 0.0000000000
51562  -58.825  -32.007  -13.845 0.0000000000
52418  -46.852  -31.351  -10.002 0.0000000000
52419  -47.476  -32.103  -10.872 0.0000000000
52422  -54.229  -31.687  -10.763 0.0000000000
52423  -55.088  -31.383  -10.802 0.0000000000
52424  -55.857  -31.181  -10.847 0.0000000000
52425  -46.765  -31.351  -11.081 0.0000000000
52426  -47.298  -31.740  -11.817 0.0000000000
52427  -55.858  -31.766  -11.389 0.0000000000
52428  -56.639  -31.388  -11.261 0.0000000000
52429  -57.824  -31.752  -11.729 0.0000000000
52430  -58.981  -31.756  -11.858 0.0000000000
52431  -59.928  -31.611  -12.012 0.0000000000
52432  -46.611  -31.108  -12.026 0.0000000000
52433  -47.336  -31.484  -12.672 0.0000000000
52434  -58.781  -32.345  -12.353 0.0000000000
52435  -59.433  -32.215  -12.594 0.0000000000
52436  -59.844  -31.920  -12.693 0.0000000000
52437  -47.793  -31.581  -13.165 0.0000000000
52438  -48.282  -31.976  -13.409 0.0000000000
52439  -48.961  -31.789  -13.629 0.0000000000
52440  -50.063  -31.455  -13.686 0.0000000000
52441  -51.190  -31.574  -13.763 0.0000000000
52442  -52.329  -31.708  -13.828 0.0000000000
52443  -53.236  -31.539  -14.035 0.0000000000
52444  -59.323  -32.123  -13.452 0.0000000000
52445  -59.751  -31.553  -13.366 0.0000000000
52446  -51.768  -30.738  -14.153 0.0000000000
52447  -52.849  -30.672  -14.454 0.0000000000
52448  -53.799  -30.945  -14.472 0.0000000000
52449  -54.714  -31.083  -14.545 0.0000000000
52450  -55.654  -31.170  -14.622 0.0000000000
52451  -57.532  -30.873  -14.784 0.0000000000
52452  -58.419  -30.752  -14.681 0.0000000000
52453  -59.178  -31.230  -14.064 0.0000000000
52454  -59.466  -30.660  -14.049 0.0000000000
53302  -45.549  -30.194  -10.565 0.0000000000
53307  -56.973  -30.152  -10.004 0.0000000000
53308  -57.761  -30.115  -10.180 0.0000000000
53309  -45.160  -30.041  -11.399 0.0000000000
53310  -46.133  -30.723  -10.662 0.0000000000
53311  -55.458  -30.737  -10.302 0.0000000000
53312  -56.507  -30.716  -10.567 0.0000000000
53313  -58.555  -30.470  -10.646 0.0000000000
53314  -59.704  -30.621  -10.859 0.0000000000
53315  -60.623  -30.570  -11.057 0.0000000000
53316  -61.193  -30.168  -10.949 0.0000000000
53317  -57.289  -31.031  -11.111 0.0000000000
53318  -58.201  -31.064  -11.244 0.0000000000
53319  -59.268  -31.112  -11.347 0.0000000000
53320  -60.533  -31.007  -11.771 0.0000000000
53321  -60.945  -30.355  -11.576 0.0000000000
53322  -46.758  -30.514  -12.450 0.0000000000
53323  -47.405  -30.993  -13.019 0.0000000000
53324  -48.424  -30.357  -12.993 0.0000000000
53325  -60.298  -31.171  -12.644 0.0000000000
53326  -60.677  -30.559  -12.230 0.0000000000
53327  -48.282  -31.297  -13.365 0.0000000000
53328  -49.192  -30.857  -13.508 0.0000000000
53329  -50.073  -30.451  -13.674 0.0000000000
53330  -51.366  -30.061  -14.276 0.0000000000
53331  -59.378  -29.969  -14.212 0.0000000000
53332  -59.963  -30.530  -13.556 0.0000000000
53333  -60.447  -30.159  -13.009 0.0000000000
53334  -52.257  -29.926  -14.675 0.0000000000
53335  -53.220  -29.696  -15.116 0.0000000000
53336  -54.209  -29.497  -15.523 0.0000000000
53337  -55.415  -30.272  -15.391 0.0000000000
53338  -56.923  -30.091  -15.667 0.0000000000
53339  -57.634  -29.959  -15.540 0.0000000000
53340  -58.297  -29.911  -15.204 0.0000000000
53341  -58.959  -30.235  -14.654 0.0000000000
53342  -55.383  -29.245  -15.833 0.0000000000
53343  -56.272  -29.586  -15.789 0.0000000000
53344  -56.862  -29.551  -15.741 0.0000000000
54223  -62.788  -29.342  -7.037 0.0000000000
54233  -62.361  -29.411  -7.555 0.0000000000
54234  -62.742  -29.118  -7.699 0.0000000000
54248  -57.879  -29.263  -8.944 0.0000000000
54249  -61.079  -29.421  -8.726 0.0000000000
54250  -62.349  -29.213  -8.479 0.0000000000
54251  -62.654  -28.917  -8.330 0.0000000000
54252  -45.104  -29.643  -10.571 0.0000000000
54257  -57.576  -29.671  -9.560 0.0000000000
54258  -58.737  -29.524  -9.530 0.0000000000
54259  -61.793  -29.457  -9.114 0.0000000000
54260  -62.114  -29.186  -9.418 0.0000000000
54261  -44.165  -28.997  -11.075 0.0000000000
54262  -44.366  -29.263  -11.088 0.0000000000
54263  -58.343  -29.888  -10.058 0.0000000000
54264  -59.222  -30.011  -10.274 0.0000000000
54265  -61.502  -29.552  -10.629 0.0000000000
54266  -61.912  -29.031  -10.188 0.0000000000
54267  -44.516  -29.380  -11.216 0.0000000000
54268  -45.300  -29.780  -11.678 0.0000000000
54269  -55.419  -29.170  -12.259 0.0000000000
54270  -56.241  -29.228  -12.419 0.0000000000
54271  -61.234  -29.331  -11.564 0.0000000000
54272  -46.100  -30.083  -12.120 0.0000000000
54273  -46.940  -29.826  -12.344 0.0000000000
54274  -48.063  -29.573  -12.422 0.0000000000
54275  -49.047  -29.458  -12.630 0.0000000000
54276  -49.922  -29.224  -12.872 0.0000000000
54277  -55.276  -29.134  -13.048 0.0000000000
54278  -55.982  -29.320  -13.314 0.0000000000
54279  -56.874  -29.406  -13.510 0.0000000000
54280  -57.851  -29.390  -13.519 0.0000000000
54281  -59.230  -29.146  -13.332 0.0000000000
54282  -60.082  -29.208  -13.122 0.0000000000
54283  -60.784  -29.694  -12.360 0.0000000000
54284  -49.477  -29.988  -13.271 0.0000000000
54285  -50.314  -29.696  -13.583 0.0000000000
54286  -51.091  -29.558  -14.017 0.0000000000
54287  -55.808  -28.686  -14.442 0.0000000000
54288  -56.571  -29.085  -14.839 0.0000000000
54289  -57.505  -29.463  -14.825 0.0000000000
54290  -58.281  -29.543  -14.306 0.0000000000
54291  -58.899  -29.620  -14.231 0.0000000000
54292  -59.906  -29.804  -13.593 0.0000000000
54293  -51.905  -29.421  -14.510 0.0000000000
54294  -52.855  -29.147  -15.060 0.0000000000
54295  -53.958  -28.858  -15.556 0.0000000000
54296  -56.668  -29.339  -15.602 0.0000000000
54297  -57.482  -29.731  -15.456 0.0000000000
54298  -58.255  -29.720  -14.983 0.0000000000
54299  -58.731  -29.897  -14.796 0.0000000000
54300  -54.897  -28.720  -15.821 0.0000000000
54301  -56.240  -29.024  -15.819 0.0000000000
55164  -63.153  -28.919  -6.999 0.0000000000
55177  -58.314  -28.742  -7.776 0.0000000000
55178  -59.377  -28.828  -7.723 0.0000000000
55180  -62.857  -28.631  -7.828 0.0000000000
55187  -58.750  -29.054  -8.599 0.0000000000
55188  -60.026  -29.199  -8.647 0.0000000000
55189  -60.608  -29.159  -7.978 0.0000000000
55190  -62.419  -28.776  -8.970 0.0000000000
55191  -62.544  -28.299  -8.543 0.0000000000
55192  -44.789  -28.948  -10.503 0.0000000000
55193  -45.747  -28.359  -9.731 0.0000000000
55197  -59.635  -29.403  -9.247 0.0000000000
55198  -62.097  -28.557  -9.665 0.0000000000
55199  -44.032  -28.641  -10.943 0.0000000000
55200  -52.714  -28.223  -10.714 0.0000000000
55203  -55.056  -28.781  -11.144 0.0000000000
55204  -57.129  -28.152  -10.802 0.0000000000
55205  -58.158  -27.860  -10.867 0.0000000000
55206  -59.033  -28.054  -11.719 0.0000000000
55207  -61.476  -28.606  -10.938 0.0000000000
55208  -61.644  -28.164  -10.289 0.0000000000
55209  -44.112  -28.727  -11.118 0.0000000000
55210  -44.729  -28.967  -11.539 0.0000000000
55211  -45.951  -29.430  -11.995 0.0000000000
55212  -45.981  -28.469  -11.776 0.0000000000
55213  -53.348  -28.382  -11.515 0.0000000000
55214  -54.672  -29.029  -12.238 0.0000000000
55215  -55.843  -28.921  -11.603 0.0000000000
55216  -56.695  -28.730  -11.574 0.0000000000
55217  -57.798  -28.451  -11.627 0.0000000000
55218  -60.005  -27.994  -12.058 0.0000000000
55219  -60.751  -28.146  -11.631 0.0000000000
55220  -48.628  -28.784  -12.233 0.0000000000
55221  -49.211  -28.111  -12.230 0.0000000000
55222  -50.165  -28.308  -12.586 0.0000000000
55223  -51.029  -28.058  -12.931 0.0000000000
55224  -54.057  -28.534  -12.403 0.0000000000
55225  -54.902  -28.537  -13.403 0.0000000000
55226  -57.291  -29.123  -12.470 0.0000000000
55227  -58.511  -28.849  -12.641 0.0000000000
55228  -59.581  -28.537  -12.585 0.0000000000
55229  -60.492  -28.669  -12.330 0.0000000000
55230  -50.836  -28.858  -13.374 0.0000000000
55231  -51.809  -28.067  -13.621 0.0000000000
55232  -52.853  -27.628  -14.494 0.0000000000
55233  -54.540  -27.781  -13.435 0.0000000000
55234  -55.964  -28.573  -15.488 0.0000000000
55235  -52.416  -28.584  -14.573 0.0000000000
55236  -54.895  -28.061  -15.751 0.0000000000
55237  -55.563  -28.514  -15.701 0.0000000000
56226  -62.789  -27.629  -6.961 0.0000000000
56239  -60.514  -27.087  -8.522 0.0000000000
56240  -61.553  -27.275  -8.235 0.0000000000
56241  -62.555  -27.772  -7.915 0.0000000000
56252  -60.342  -27.232  -9.365 0.0000000000
56253  -61.436  -27.450  -9.175 0.0000000000
56254  -62.214  -28.038  -9.220 0.0000000000
56255  -44.631  -28.016  -10.439 0.0000000000
56256  -45.820  -27.436  -9.633 0.0000000000
56265  -60.102  -27.325  -10.121 0.0000000000
56266  -61.073  -27.505  -9.985 0.0000000000
56267  -61.775  -27.859  -9.734 0.0000000000
56268  -43.343  -26.824  -11.076 0.0000000000
56269  -43.757  -28.038  -10.935 0.0000000000
56270  -51.602  -27.437  -10.305 0.0000000000
56274  -59.083  -27.579  -10.861 0.0000000000
56275  -59.825  -27.450  -10.699 0.0000000000
56276  -60.777  -27.665  -10.810 0.0000000000
56277  -43.487  -27.224  -11.052 0.0000000000
56278  -44.000  -28.025  -11.251 0.0000000000
56279  -44.861  -27.927  -11.565 0.0000000000
56280  -46.806  -26.912  -11.833 0.0000000000
56281  -51.865  -27.252  -11.170 0.0000000000
56282  -52.706  -27.740  -11.616 0.0000000000
56283  -53.608  -27.920  -12.455 0.0000000000
56284  -59.936  -27.671  -11.368 0.0000000000
56285  -47.874  -27.055  -12.015 0.0000000000
56286  -48.832  -27.267  -12.185 0.0000000000
56287  -50.607  -27.435  -12.712 0.0000000000
56288  -51.393  -27.402  -13.234 0.0000000000
56289  -53.510  -27.004  -12.600 0.0000000000
56290  -54.266  -27.150  -13.235 0.0000000000
56291  -52.293  -27.172  -13.873 0.0000000000
56292  -53.325  -26.772  -14.743 0.0000000000
56293  -55.014  -26.603  -14.265 0.0000000000
56294  -55.184  -26.319  -14.911 0.0000000000
56295  -54.485  -26.449  -15.254 0.0000000000
56296  -55.074  -26.326  -15.121 0.0000000000
57417  -44.859  -27.055  -10.256 0.0000000000
57418  -45.900  -26.521  -9.518 0.0000000000
57421  -43.448  -27.160  -10.953 0.0000000000
57422  -43.788  -26.898  -10.708 0.0000000000
57423  -50.596  -26.281  -10.106 0.0000000000
57424  -51.208  -26.774  -10.641 0.0000000000
57425  -43.399  -26.740  -11.145 0.0000000000
57426  -44.047  -26.972  -11.401 0.0000000000
57427  -44.832  -26.228  -11.552 0.0000000000
57428  -46.330  -26.130  -11.746 0.0000000000
57429  -50.956  -26.006  -11.006 0.0000000000
57430  -51.740  -26.378  -11.488 0.0000000000
57431  -52.607  -26.719  -12.025 0.0000000000
57432  -47.501  -26.174  -12.092 0.0000000000
57433  -48.470  -26.339  -12.346 0.0000000000
57434  -49.273  -26.589  -12.478 0.0000000000
57435  -50.134  -26.437  -12.795 0.0000000000
57436  -50.953  -26.763  -13.080 0.0000000000
57437  -53.658  -26.017  -12.874 0.0000000000
57438  -54.473  -26.268  -13.557 0.0000000000
57439  -50.922  -25.976  -13.451 0.0000000000
57440  -51.697  -26.565  -13.603 0.0000000000
57441  -52.696  -26.265  -14.417 0.0000000000
57442  -54.987  -25.880  -14.530 0.0000000000
57443  -55.077  -25.898  -14.955 0.0000000000
57444  -53.980  -25.881  -15.162 0.0000000000
57445  -54.829  -25.801  -15.070 0.0000000000
58430  -44.742  -26.116  -10.243 0.0000000000
58431  -45.926  -25.726  -9.417 0.0000000000
58434  -42.828  -25.283  -11.117 0.0000000000
58435  -43.204  -26.302  -10.931 0.0000000000
58436  -50.339  -25.339  -10.523 0.0000000000
58437  -43.493  -26.273  -11.279 0.0000000000
58438  -44.120  -25.514  -11.513 0.0000000000
58439  -45.727  -25.378  -11.624 0.0000000000
58440  -47.163  -25.277  -11.953 0.0000000000
58441  -51.067  -25.183  -11.446 0.0000000000
58442  -51.634  -25.652  -11.665 0.0000000000
58443  -52.599  -25.683  -12.324 0.0000000000
58444  -48.187  -25.507  -12.406 0.0000000000
58445  -49.196  -25.663  -12.776 0.0000000000
58446  -50.105  -25.390  -13.393 0.0000000000
58447  -53.152  -24.723  -12.915 0.0000000000
58448  -54.595  -25.354  -13.883 0.0000000000
58449  -50.407  -24.570  -13.871 0.0000000000
58450  -50.919  -25.150  -13.864 0.0000000000
58451  -53.327  -25.290  -14.944 0.0000000000
58452  -53.935  -24.319  -15.243 0.0000000000
58453  -54.427  -25.150  -15.053 0.0000000000
58454  -54.829  -25.335  -14.794 0.0000000000
59396  -44.411  -24.536  -10.191 0.0000000000
59397  -42.703  -24.786  -11.101 0.0000000000
59398  -42.889  -24.753  -10.865 0.0000000000
59399  -43.738  -25.387  -10.578 0.0000000000
59401  -50.010  -24.439  -10.475 0.0000000000
59402  -42.822  -24.823  -11.297 0.0000000000
59403  -43.451  -24.814  -11.497 0.0000000000
59404  -45.038  -24.684  -11.568 0.0000000000
59405  -46.453  -24.544  -11.693 0.0000000000
59406  -50.576  -24.548  -11.233 0.0000000000
59407  -51.403  -24.392  -11.905 0.0000000000
59408  -47.552  -24.424  -12.004 0.0000000000
59409  -48.413  -24.327  -12.467 0.0000000000
59410  -49.165  -24.204  -13.024 0.0000000000
59411  -52.446  -24.122  -12.636 0.0000000000
59412  -53.764  -23.761  -13.699 0.0000000000
59413  -54.260  -24.596  -13.796 0.0000000000
59414  -49.927  -23.990  -13.682 0.0000000000
59415  -50.833  -23.772  -14.407 0.0000000000
59416  -51.567  -24.449  -14.550 0.0000000000
59417  -54.385  -24.081  -14.614 0.0000000000
59418  -51.947  -23.457  -15.114 0.0000000000
59419  -52.881  -23.885  -15.277 0.0000000000
59420  -53.727  -23.546  -15.289 0.0000000000
59421  -54.168  -23.749  -15.070 0.0000000000
60264  -45.724  -23.216  -8.887 0.0000000000
60268  -43.789  -23.847  -10.423 0.0000000000
60269  -45.236  -23.872  -9.548 0.0000000000
60271  -42.592  -23.907  -11.096 0.0000000000
60273  -50.295  -23.821  -11.101 0.0000000000
60274  -42.699  -24.090  -11.277 0.0000000000
60275  -42.747  -23.199  -11.756 0.0000000000
60276  -44.247  -24.051  -11.621 0.0000000000
60277  -45.782  -23.887  -11.606 0.0000000000
60278  -47.014  -23.753  -11.731 0.0000000000
60279  -50.059  -23.030  -10.910 0.0000000000
60280  -50.869  -23.061  -11.737 0.0000000000
60281  -51.753  -23.487  -12.365 0.0000000000
60282  -48.022  -23.714  -12.117 0.0000000000
60283  -48.631  -23.054  -12.428 0.0000000000
60284  -49.466  -23.285  -13.215 0.0000000000
60285  -51.738  -22.661  -12.426 0.0000000000
60286  -52.628  -22.619  -13.139 0.0000000000
60287  -53.573  -22.713  -14.006 0.0000000000
60288  -50.410  -23.090  -14.095 0.0000000000
60289  -51.416  -22.843  -14.835 0.0000000000
60290  -53.994  -23.095  -14.765 0.0000000000
60291  -52.374  -22.626  -15.338 0.0000000000
60292  -53.144  -22.970  -15.446 0.0000000000
60293  -53.844  -22.991  -15.142 0.0000000000
61322  -44.716  -23.075  -9.668 0.0000000000
61323  -42.589  -23.181  -11.371 0.0000000000
61324  -42.552  -23.038  -11.149 0.0000000000
61326  -43.921  -22.784  -11.959 0.0000000000
61327  -45.491  -22.516  -11.780 0.0000000000
61328  -46.735  -22.289  -11.740 0.0000000000
61329  -47.626  -22.052  -11.848 0.0000000000
61330  -49.833  -22.193  -10.586 0.0000000000
61331  -50.470  -22.150  -11.349 0.0000000000
61332  -47.573  -22.887  -11.853 0.0000000000
61333  -48.436  -22.187  -12.182 0.0000000000
61334  -49.317  -22.276  -12.839 0.0000000000
61335  -51.371  -21.992  -12.124 0.0000000000
61336  -52.416  -21.781  -12.933 0.0000000000
61337  -53.423  -21.511  -13.989 0.0000000000
61338  -50.159  -22.213  -13.689 0.0000000000
61339  -51.148  -21.998  -14.575 0.0000000000
61340  -53.699  -22.094  -14.688 0.0000000000
61341  -53.807  -22.434  -15.041 0.0000000000
61342  -52.311  -21.816  -15.226 0.0000000000
61343  -53.155  -22.012  -15.345 0.0000000000
62256  -55.401  -21.511  -6.371 0.0000000000
62267  -53.796  -22.257  -7.496 0.0000000000
62268  -55.647  -21.796  -7.414 0.0000000000
62278  -53.646  -22.071  -7.808 0.0000000000
62279  -55.142  -21.738  -8.308 0.0000000000
62280  -55.748  -21.733  -8.212 0.0000000000
62281  -56.394  -21.531  -7.594 0.0000000000
62282  -57.136  -21.324  -8.865 0.0000000000
62283  -45.261  -21.602  -8.511 0.0000000000
62286  -55.778  -21.397  -8.732 0.0000000000
62287  -56.482  -21.496  -8.522 0.0000000000
62288  -43.116  -22.146  -10.623 0.0000000000
62289  -44.432  -22.238  -9.656 0.0000000000
62291  -42.394  -21.882  -11.702 0.0000000000
62292  -42.498  -22.411  -11.436 0.0000000000
62293  -49.832  -21.281  -10.285 0.0000000000
62294  -42.499  -21.464  -12.023 0.0000000000
62295  -43.095  -22.082  -12.155 0.0000000000
62296  -45.277  -21.126  -12.198 0.0000000000
62297  -46.028  -21.707  -11.884 0.0000000000
62298  -47.131  -21.510  -11.785 0.0000000000
62299  -48.230  -21.304  -11.911 0.0000000000
62300  -50.276  -21.343  -10.941 0.0000000000
62301  -51.118  -21.004  -11.676 0.0000000000
62302  -52.133  -19.567  -12.206 0.0000000000
62303  -43.264  -21.068  -12.342 0.0000000000
62304  -44.067  -21.391  -12.337 0.0000000000
62305  -49.180  -21.305  -12.515 0.0000000000
62306  -50.007  -21.170  -13.308 0.0000000000
62307  -52.183  -20.829  -12.587 0.0000000000
62308  -52.910  -19.642  -13.252 0.0000000000
62309  -53.362  -20.083  -14.192 0.0000000000
62310  -51.025  -20.985  -14.140 0.0000000000
62311  -52.207  -20.798  -14.877 0.0000000000
62312  -52.881  -19.982  -14.707 0.0000000000
62313  -53.339  -20.744  -14.727 0.0000000000
62314  -53.146  -20.888  -15.119 0.0000000000
63264  -55.769  -20.541  -5.755 0.0000000000
63265  -56.350  -20.481  -6.289 0.0000000000
63276  -56.142  -21.224  -6.678 0.0000000000
63277  -56.743  -20.912  -6.927 0.0000000000
63278  -57.180  -21.279  -7.899 0.0000000000
63287  -50.592  -20.281  -7.927 0.0000000000
63288  -51.336  -20.562  -7.486 0.0000000000
63289  -52.223  -20.995  -7.491 0.0000000000
63290  -53.209  -21.491  -7.741 0.0000000000
63291  -54.331  -21.650  -8.192 0.0000000000
63292  -57.773  -21.084  -8.635 0.0000000000
63293  -58.276  -20.863  -9.088 0.0000000000
63298  -44.882  -19.919  -8.418 0.0000000000
63299  -44.970  -20.665  -8.472 0.0000000000
63301  -55.068  -21.368  -8.544 0.0000000000
63302  -56.699  -21.184  -9.173 0.0000000000
63303  -57.667  -20.930  -9.366 0.0000000000
63304  -58.510  -20.577  -9.567 0.0000000000
63305  -59.240  -20.084  -9.633 0.0000000000
63306  -44.244  -20.288  -9.395 0.0000000000
63307  -44.316  -21.309  -9.519 0.0000000000
63309  -50.172  -19.855  -9.329 0.0000000000
63310  -57.341  -20.667  -9.592 0.0000000000
63311  -58.110  -20.512  -9.886 0.0000000000
63312  -58.870  -20.197  -10.039 0.0000000000
63313  -42.404  -21.237  -11.658 0.0000000000
63314  -43.263  -20.210  -10.484 0.0000000000
63315  -49.994  -20.437  -9.893 0.0000000000
63316  -50.871  -18.939  -10.178 0.0000000000
63317  -46.608  -20.784  -11.923 0.0000000000
63318  -47.625  -20.094  -11.587 0.0000000000
63319  -48.530  -20.294  -11.719 0.0000000000
63320  -49.783  -19.266  -11.952 0.0000000000
63321  -51.728  -17.929  -11.130 0.0000000000
63322  -52.266  -18.230  -11.937 0.0000000000
63323  -42.743  -20.509  -12.223 0.0000000000
63324  -43.631  -20.181  -12.482 0.0000000000
63325  -44.426  -20.653  -12.446 0.0000000000
63326  -45.611  -20.145  -12.336 0.0000000000
63327  -49.117  -20.494  -12.184 0.0000000000
63328  -50.191  -19.851  -12.817 0.0000000000
63329  -51.701  -18.809  -13.447 0.0000000000
63330  -52.696  -18.621  -12.888 0.0000000000
63331  -53.105  -18.928  -13.715 0.0000000000
63332  -50.935  -20.033  -13.669 0.0000000000
63333  -52.134  -19.565  -14.345 0.0000000000
63334  -53.003  -19.192  -14.319 0.0000000000
63335  -53.147  -19.214  -14.159 0.0000000000
63336  -53.117  -19.917  -14.555 0.0000000000
64204  -56.248  -19.710  -5.785 0.0000000000
64212  -51.692  -19.257  -6.933 0.0000000000
64213  -52.376  -19.365  -6.817 0.0000000000
64214  -53.204  -19.511  -6.906 0.0000000000
64215  -54.088  -19.560  -7.296 0.0000000000
64216  -56.741  -19.955  -6.363 0.0000000000
64217  -57.259  -20.353  -7.004 0.0000000000
64224  -52.752  -20.333  -7.297 0.0000000000
64225  -53.652  -20.593  -7.669 0.0000000000
64226  -54.679  -20.625  -8.263 0.0000000000
64227  -55.457  -20.220  -8.583 0.0000000000
64228  -57.818  -20.510  -7.705 0.0000000000
64229  -58.402  -20.492  -8.394 0.0000000000
64235  -44.615  -19.486  -8.891 0.0000000000
64236  -50.611  -19.068  -8.002 0.0000000000
64237  -55.356  -20.978  -8.786 0.0000000000
64238  -55.962  -20.933  -9.136 0.0000000000
64239  -56.613  -20.698  -9.350 0.0000000000
64240  -58.904  -20.410  -9.039 0.0000000000
64241  -43.986  -19.438  -9.806 0.0000000000
64242  -50.763  -18.458  -9.611 0.0000000000
64243  -57.809  -20.014  -9.971 0.0000000000
64244  -58.488  -20.068  -10.146 0.0000000000
64245  -59.158  -19.597  -10.299 0.0000000000
64246  -59.540  -19.649  -10.065 0.0000000000
64247  -42.581  -20.259  -11.512 0.0000000000
64248  -43.052  -19.358  -10.858 0.0000000000
64249  -48.355  -18.781  -10.795 0.0000000000
64250  -49.628  -18.172  -10.832 0.0000000000
64251  -51.380  -17.414  -10.723 0.0000000000
64252  -59.680  -19.373  -10.200 0.0000000000
64253  -42.622  -19.927  -12.045 0.0000000000
64254  -46.813  -19.774  -11.803 0.0000000000
64255  -47.682  -19.396  -11.283 0.0000000000
64256  -48.931  -19.210  -11.257 0.0000000000
64257  -50.874  -17.718  -11.422 0.0000000000
64258  -51.957  -17.627  -11.781 0.0000000000
64259  -52.390  -18.217  -12.601 0.0000000000
64260  -43.082  -19.601  -12.343 0.0000000000
64261  -44.093  -19.395  -12.578 0.0000000000
64262  -45.133  -19.302  -12.609 0.0000000000
64263  -46.135  -19.179  -12.308 0.0000000000
64264  -51.434  -18.215  -12.413 0.0000000000
64265  -52.380  -18.230  -12.846 0.0000000000
64266  -52.747  -18.534  -13.297 0.0000000000
64267  -52.682  -18.703  -13.739 0.0000000000
64268  -53.038  -18.806  -13.871 0.0000000000
65156  -56.635  -18.924  -5.914 0.0000000000
65167  -50.997  -18.055  -6.834 0.0000000000
65168  -51.839  -18.527  -6.512 0.0000000000
65169  -52.756  -18.603  -6.400 0.0000000000
65170  -53.661  -18.666  -6.577 0.0000000000
65171  -54.580  -18.630  -7.013 0.0000000000
65172  -57.122  -19.427  -6.483 0.0000000000
65173  -57.636  -19.512  -6.993 0.0000000000
65174  -57.997  -18.675  -7.064 0.0000000000
65181  -50.840  -18.597  -7.431 0.0000000000
65182  -51.295  -18.827  -6.974 0.0000000000
65183  -54.978  -19.439  -7.757 0.0000000000
65184  -55.710  -19.155  -8.189 0.0000000000
65185  -56.416  -18.873  -8.625 0.0000000000
65186  -58.310  -19.668  -7.631 0.0000000000
65187  -58.763  -18.820  -7.749 0.0000000000
65188  -59.678  -19.007  -8.647 0.0000000000
65194  -45.172  -18.281  -8.221 0.0000000000
65195  -50.562  -17.976  -8.282 0.0000000000
65196  -56.144  -20.002  -8.996 0.0000000000
65197  -56.950  -19.772  -9.449 0.0000000000
65198  -57.620  -18.942  -9.684 0.0000000000
65199  -58.982  -19.800  -8.420 0.0000000000
65200  -59.938  -19.304  -9.604 0.0000000000
65201  -60.407  -18.587  -9.243 0.0000000000
65204  -43.839  -18.638  -10.263 0.0000000000
65205  -50.595  -17.283  -9.429 0.0000000000
65206  -58.401  -19.312  -10.236 0.0000000000
65207  -59.002  -18.664  -10.511 0.0000000000
65208  -60.158  -18.989  -10.089 0.0000000000
65209  -60.585  -18.429  -9.685 0.0000000000
65210  -43.081  -18.598  -11.301 0.0000000000
65211  -47.802  -18.217  -10.524 0.0000000000
65212  -49.244  -17.893  -10.346 0.0000000000
65213  -50.770  -17.242  -10.568 0.0000000000
65214  -51.202  -17.183  -10.525 0.0000000000
65215  -59.697  -18.965  -10.348 0.0000000000
65216  -46.319  -18.311  -12.208 0.0000000000
65217  -47.033  -18.829  -11.407 0.0000000000
65218  -51.379  -17.401  -10.904 0.0000000000
65219  -43.652  -18.668  -12.463 0.0000000000
65220  -44.615  -18.091  -12.812 0.0000000000
65221  -45.534  -18.430  -12.768 0.0000000000
66104  -51.053  -16.892  -5.808 0.0000000000
66105  -51.832  -17.040  -5.571 0.0000000000
66106  -52.639  -17.085  -5.575 0.0000000000
66107  -53.345  -17.006  -5.706 0.0000000000
66108  -53.940  -17.169  -6.059 0.0000000000
66121  -50.716  -17.250  -6.517 0.0000000000
66122  -51.470  -17.617  -6.132 0.0000000000
66123  -52.276  -17.795  -5.962 0.0000000000
66124  -53.234  -17.773  -6.018 0.0000000000
66125  -55.094  -17.734  -6.929 0.0000000000
66126  -57.305  -18.508  -6.389 0.0000000000
66127  -57.793  -17.868  -6.629 0.0000000000
66128  -58.410  -17.877  -7.154 0.0000000000
66134  -50.442  -17.327  -7.424 0.0000000000
66135  -55.940  -17.998  -7.748 0.0000000000
66136  -59.249  -17.969  -7.835 0.0000000000
66137  -60.253  -18.033  -8.582 0.0000000000
66138  -60.894  -17.327  -8.539 0.0000000000
66142  -44.940  -17.769  -8.814 0.0000000000
66144  -50.149  -16.827  -8.937 0.0000000000
66145  -50.398  -17.225  -8.549 0.0000000000
66146  -56.705  -17.824  -8.453 0.0000000000
66147  -57.410  -17.822  -9.126 0.0000000000
66148  -61.044  -17.790  -9.203 0.0000000000
66149  -61.673  -17.195  -9.209 0.0000000000
66153  -44.398  -17.911  -9.756 0.0000000000
66154  -47.968  -17.042  -9.628 0.0000000000
66155  -49.156  -17.054  -9.435 0.0000000000
66156  -50.217  -16.966  -9.507 0.0000000000
66157  -50.456  -17.077  -9.486 0.0000000000
66158  -58.240  -17.984  -9.961 0.0000000000
66159  -58.978  -17.588  -10.514 0.0000000000
66160  -61.045  -17.611  -9.592 0.0000000000
66161  -43.607  -17.162  -11.309 0.0000000000
66162  -43.643  -17.879  -10.782 0.0000000000
66163  -46.656  -16.951  -11.024 0.0000000000
66164  -47.397  -17.468  -10.347 0.0000000000
66165  -48.595  -17.570  -9.925 0.0000000000
66166  -50.047  -17.148  -9.974 0.0000000000
66167  -50.861  -17.050  -10.075 0.0000000000
66168  -60.259  -18.323  -10.260 0.0000000000
66169  -60.644  -18.213  -9.973 0.0000000000
66170  -43.324  -17.241  -11.999 0.0000000000
66171  -46.417  -17.519  -12.106 0.0000000000
66172  -46.812  -17.905  -11.266 0.0000000000
66173  -43.672  -17.267  -12.395 0.0000000000
66174  -44.572  -17.280  -12.985 0.0000000000
66175  -45.506  -17.568  -13.094 0.0000000000
66176  -46.054  -17.706  -12.910 0.0000000000
66177  -45.583  -16.890  -13.366 0.0000000000
66178  -46.065  -17.074  -13.275 0.0000000000
67022  -51.498  -15.688  -4.924 0.0000000000
67023  -52.122  -15.336  -4.866 0.0000000000
67029  -50.638  -16.243  -5.567 0.0000000000
67030  -51.353  -16.357  -5.309 0.0000000000
67031  -52.187  -16.262  -5.183 0.0000000000
67032  -53.088  -16.395  -5.440 0.0000000000
67033  -53.832  -16.462  -5.808 0.0000000000
67041  -49.723  -16.162  -6.756 0.0000000000
67042  -50.348  -16.578  -6.244 0.0000000000
67043  -54.461  -16.583  -6.266 0.0000000000
67044  -55.070  -16.824  -6.673 0.0000000000
67053  -49.614  -16.321  -7.627 0.0000000000
67054  -50.140  -16.754  -7.101 0.0000000000
67055  -55.653  -17.006  -7.255 0.0000000000
67056  -58.809  -17.175  -7.261 0.0000000000
67057  -59.743  -17.035  -7.797 0.0000000000
67058  -61.403  -16.785  -8.433 0.0000000000
67059  -62.251  -16.488  -8.724 0.0000000000
67063  -47.483  -15.605  -9.072 0.0000000000
67064  -48.026  -15.997  -8.792 0.0000000000
67065  -49.574  -16.497  -8.390 0.0000000000
67066  -50.082  -16.786  -8.074 0.0000000000
67067  -56.377  -16.964  -7.863 0.0000000000
67068  -57.047  -16.887  -8.597 0.0000000000
67069  -61.807  -17.141  -8.945 0.0000000000
67070  -62.278  -16.646  -9.093 0.0000000000
67075  -44.676  -16.555  -9.593 0.0000000000
67077  -47.483  -16.232  -9.485 0.0000000000
67078  -48.469  -16.561  -9.104 0.0000000000
67079  -49.495  -16.699  -8.986 0.0000000000
67080  -57.733  -16.867  -9.390 0.0000000000
67081  -58.452  -16.729  -10.126 0.0000000000
67082  -61.620  -16.834  -9.494 0.0000000000
67083  -43.574  -16.469  -11.754 0.0000000000
67084  -44.125  -16.321  -10.703 0.0000000000
67085  -46.795  -16.121  -10.332 0.0000000000
67086  -47.165  -16.752  -10.131 0.0000000000
67087  -59.838  -17.468  -10.475 0.0000000000
67088  -60.789  -17.446  -10.063 0.0000000000
67089  -43.560  -15.790  -12.017 0.0000000000
67090  -46.445  -16.771  -12.142 0.0000000000
67091  -43.621  -16.526  -12.205 0.0000000000
67092  -44.016  -15.786  -12.756 0.0000000000
67093  -46.368  -16.616  -13.113 0.0000000000
67094  -44.798  -16.504  -13.252 0.0000000000
67095  -45.752  -16.287  -13.590 0.0000000000
67096  -46.184  -16.406  -13.493 0.0000000000
67966  -50.797  -15.166  -4.791 0.0000000000
67967  -51.542  -15.048  -4.708 0.0000000000
67976  -50.309  -15.602  -5.300 0.0000000000
67977  -50.921  -15.844  -5.107 0.0000000000
67978  -53.676  -15.687  -5.623 0.0000000000
67987  -48.593  -14.934  -6.931 0.0000000000
67988  -49.343  -15.490  -6.422 0.0000000000
67989  -49.950  -15.969  -5.939 0.0000000000
67990  -54.372  -15.825  -6.095 0.0000000000
67991  -54.936  -15.158  -6.558 0.0000000000
67995  -60.302  -15.398  -7.186 0.0000000000
68002  -48.468  -15.409  -7.803 0.0000000000
68003  -49.109  -15.708  -7.286 0.0000000000
68004  -55.491  -15.670  -7.011 0.0000000000
68005  -56.015  -15.335  -7.585 0.0000000000
68006  -59.953  -16.099  -7.447 0.0000000000
68007  -61.287  -16.117  -7.872 0.0000000000
68008  -62.707  -15.835  -8.324 0.0000000000
68009  -63.411  -15.325  -8.610 0.0000000000
68016  -47.815  -15.319  -8.433 0.0000000000
68017  -49.023  -15.992  -8.025 0.0000000000
68018  -56.635  -15.925  -8.190 0.0000000000
68019  -57.330  -16.098  -8.914 0.0000000000
68020  -62.923  -16.012  -8.937 0.0000000000
68028  -46.960  -15.482  -9.689 0.0000000000
68029  -47.207  -14.963  -9.074 0.0000000000
68030  -57.886  -15.852  -9.695 0.0000000000
68031  -58.598  -15.697  -10.351 0.0000000000
68032  -62.434  -16.133  -9.183 0.0000000000
68033  -63.065  -15.432  -9.009 0.0000000000
68034  -44.218  -15.437  -10.677 0.0000000000
68035  -46.628  -15.337  -10.668 0.0000000000
68036  -59.429  -15.709  -10.420 0.0000000000
68037  -60.429  -15.881  -10.074 0.0000000000
68038  -61.011  -16.640  -9.933 0.0000000000
68039  -43.838  -15.206  -11.435 0.0000000000
68040  -46.572  -15.991  -12.388 0.0000000000
68041  -46.607  -15.917  -13.535 0.0000000000
68042  -46.561  -15.738  -13.806 0.0000000000
68871  -50.368  -14.314  -4.663 0.0000000000
68872  -51.222  -14.425  -4.587 0.0000000000
68873  -51.983  -14.533  -4.695 0.0000000000
68882  -48.943  -13.961  -5.506 0.0000000000
68883  -49.629  -14.094  -4.891 0.0000000000
68884  -49.857  -14.873  -5.083 0.0000000000
68885  -52.687  -14.682  -5.072 0.0000000000
68886  -53.477  -14.828  -5.498 0.0000000000
68887  -53.978  -14.171  -5.859 0.0000000000
68895  -48.557  -14.275  -6.320 0.0000000000
68896  -54.601  -14.295  -6.408 0.0000000000
68897  -55.247  -14.335  -6.943 0.0000000000
68900  -60.563  -14.747  -6.795 0.0000000000
68901  -62.096  -14.708  -7.074 0.0000000000
68902  -63.726  -14.537  -7.669 0.0000000000
68908  -47.942  -14.728  -7.754 0.0000000000
68909  -55.898  -14.328  -7.686 0.0000000000
68910  -61.698  -15.366  -7.469 0.0000000000
68911  -63.263  -15.232  -7.917 0.0000000000
68912  -63.874  -14.682  -8.332 0.0000000000
68917  -47.468  -14.527  -8.466 0.0000000000
68918  -56.620  -14.286  -8.544 0.0000000000
68919  -57.266  -14.184  -9.398 0.0000000000
68920  -61.405  -15.142  -9.453 0.0000000000
68921  -62.798  -15.021  -9.177 0.0000000000
68922  -63.514  -14.813  -8.714 0.0000000000
68930  -46.795  -14.659  -9.865 0.0000000000
68931  -47.073  -14.130  -9.178 0.0000000000
68932  -57.934  -14.780  -10.116 0.0000000000
68933  -58.795  -14.738  -10.571 0.0000000000
68934  -60.021  -14.922  -9.888 0.0000000000
68936  -46.732  -14.430  -10.798 0.0000000000
68937  -58.336  -13.954  -10.598 0.0000000000
68938  -58.912  -13.862  -10.725 0.0000000000
68939  -59.120  -13.862  -10.581 0.0000000000
68940  -43.621  -15.053  -12.157 0.0000000000
68941  -43.794  -14.461  -11.537 0.0000000000
68942  -47.015  -14.355  -11.916 0.0000000000
68943  -47.589  -14.369  -13.059 0.0000000000
68944  -43.926  -14.858  -12.737 0.0000000000
68945  -44.686  -15.100  -13.353 0.0000000000
68946  -47.102  -15.312  -13.159 0.0000000000
68947  -47.864  -14.635  -14.134 0.0000000000
68948  -46.112  -15.017  -14.017 0.0000000000
68949  -47.428  -14.861  -14.285 0.0000000000
68950  -48.199  -14.201  -14.708 0.0000000000
68951  -48.045  -14.230  -14.831 0.0000000000
69890  -50.057  -13.512  -4.601 0.0000000000
69891  -50.865  -13.650  -4.508 0.0000000000
69892  -51.723  -13.747  -4.599 0.0000000000
69893  -52.451  -13.866  -4.886 0.0000000000
69904  -48.695  -13.088  -5.541 0.0000000000
69905  -49.338  -13.300  -4.951 0.0000000000
69906  -53.242  -13.897  -5.405 0.0000000000
69907  -53.804  -13.489  -5.830 0.0000000000
69908  -54.317  -13.534  -6.281 0.0000000000
69911  -61.064  -13.407  -5.906 0.0000000000
69912  -62.640  -13.389  -6.168 0.0000000000
69913  -64.266  -13.182  -6.696 0.0000000000
69919  -47.765  -12.955  -6.829 0.0000000000
69920  -48.333  -13.548  -6.230 0.0000000000
69921  -54.903  -13.603  -6.816 0.0000000000
69922  -55.388  -13.736  -7.288 0.0000000000
69924  -60.798  -14.075  -6.368 0.0000000000
69925  -62.433  -14.084  -6.618 0.0000000000
69926  -64.090  -13.867  -7.213 0.0000000000
69927  -64.726  -13.243  -7.601 0.0000000000
69934  -47.596  -13.402  -7.520 0.0000000000
69935  -47.969  -14.019  -7.046 0.0000000000
69936  -55.688  -13.468  -7.692 0.0000000000
69937  -56.180  -13.559  -8.221 0.0000000000
69938  -62.415  -13.769  -8.552 0.0000000000
69939  -64.076  -13.603  -8.265 0.0000000000
69940  -64.383  -13.877  -8.057 0.0000000000
69946  -47.367  -13.214  -8.255 0.0000000000
69947  -56.758  -13.543  -8.924 0.0000000000
69948  -57.322  -13.420  -9.707 0.0000000000
69949  -59.870  -13.759  -9.296 0.0000000000
69950  -61.465  -14.442  -9.008 0.0000000000
69951  -63.318  -14.469  -8.757 0.0000000000
69952  -63.917  -14.374  -8.388 0.0000000000
69959  -46.915  -13.738  -10.030 0.0000000000
69960  -47.202  -13.085  -9.232 0.0000000000
69961  -57.885  -13.329  -10.501 0.0000000000
69962  -59.502  -13.866  -10.138 0.0000000000
69963  -60.261  -14.515  -9.515 0.0000000000
69965  -47.146  -13.500  -11.059 0.0000000000
69966  -47.439  -12.728  -10.322 0.0000000000
69967  -58.626  -13.234  -10.849 0.0000000000
69968  -58.951  -13.214  -10.902 0.0000000000
69969  -59.090  -13.043  -10.821 0.0000000000
69970  -43.638  -14.244  -12.309 0.0000000000
69972  -47.746  -13.443  -12.254 0.0000000000
69973  -43.995  -14.134  -13.004 0.0000000000
69974  -48.748  -13.738  -14.539 0.0000000000
69975  -49.464  -13.087  -13.981 0.0000000000
69976  -44.083  -13.238  -13.111 0.0000000000
69977  -45.092  -13.157  -13.526 0.0000000000
69978  -46.071  -13.986  -14.057 0.0000000000
69979  -47.225  -13.584  -14.616 0.0000000000
69980  -48.741  -13.596  -14.885 0.0000000000
69981  -49.232  -13.220  -14.611 0.0000000000
69982  -48.370  -13.575  -15.001 0.0000000000
70809  -49.793  -12.706  -4.638 0.0000000000
70810  -50.940  -12.221  -4.515 0.0000000000
70811  -51.824  -12.132  -4.656 0.0000000000
70824  -48.502  -12.430  -5.718 0.0000000000
70825  -49.053  -12.338  -5.105 0.0000000000
70826  -52.754  -12.396  -5.155 0.0000000000
70827  -53.974  -12.859  -6.082 0.0000000000
70830  -61.337  -12.741  -5.485 0.0000000000
70831  -62.890  -12.712  -5.698 0.0000000000
70832  -64.520  -12.401  -6.322 0.0000000000
70833  -65.218  -11.936  -6.892 0.0000000000
70841  -47.696  -11.953  -7.176 0.0000000000
70842  -48.050  -12.131  -6.358 0.0000000000
70843  -54.586  -12.794  -6.676 0.0000000000
70844  -55.233  -12.039  -7.368 0.0000000000
70845  -60.743  -12.366  -7.389 0.0000000000
70846  -62.550  -12.378  -7.623 0.0000000000
70847  -64.154  -11.961  -7.759 0.0000000000
70854  -47.507  -12.556  -7.745 0.0000000000
70855  -55.834  -12.729  -7.970 0.0000000000
70856  -59.851  -12.622  -7.872 0.0000000000
70857  -61.356  -13.043  -7.922 0.0000000000
70858  -64.345  -12.610  -8.032 0.0000000000
70859  -64.869  -12.853  -7.888 0.0000000000
70860  -65.065  -12.266  -7.519 0.0000000000
70868  -47.512  -12.193  -8.723 0.0000000000
70869  -55.887  -11.746  -8.031 0.0000000000
70870  -56.400  -12.303  -8.646 0.0000000000
70871  -56.858  -12.837  -9.216 0.0000000000
70872  -59.577  -12.771  -8.763 0.0000000000
70873  -60.474  -13.467  -8.475 0.0000000000
70879  -47.783  -11.994  -9.706 0.0000000000
70880  -56.989  -12.093  -9.420 0.0000000000
70881  -57.452  -12.693  -10.035 0.0000000000
70882  -59.511  -12.867  -10.194 0.0000000000
70884  -48.585  -11.826  -10.697 0.0000000000
70885  -58.204  -12.624  -10.756 0.0000000000
70886  -58.936  -12.555  -11.038 0.0000000000
70887  -59.178  -12.143  -10.868 0.0000000000
70888  -43.493  -12.412  -12.285 0.0000000000
70890  -49.165  -12.547  -12.806 0.0000000000
70891  -49.777  -11.708  -11.793 0.0000000000
70892  -43.740  -12.511  -12.762 0.0000000000
70893  -49.801  -12.218  -13.421 0.0000000000
70894  -44.281  -12.170  -13.193 0.0000000000
70895  -45.554  -12.302  -13.709 0.0000000000
70896  -46.733  -12.469  -14.373 0.0000000000
70897  -49.566  -12.621  -14.105 0.0000000000
70898  -47.984  -12.813  -14.897 0.0000000000
70899  -48.869  -13.137  -15.024 0.0000000000
70900  -49.218  -13.125  -14.765 0.0000000000
71671  -49.683  -11.867  -4.692 0.0000000000
71672  -50.378  -11.604  -4.558 0.0000000000
71673  -51.130  -11.462  -4.567 0.0000000000
71674  -51.753  -11.311  -4.679 0.0000000000
71680  -63.606  -11.236  -5.062 0.0000000000
71681  -64.765  -10.930  -5.595 0.0000000000
71687  -48.566  -11.674  -5.717 0.0000000000
71688  -49.124  -11.268  -5.174 0.0000000000
71689  -52.375  -11.521  -4.923 0.0000000000
71690  -53.068  -11.570  -5.394 0.0000000000
71691  -53.703  -11.465  -5.907 0.0000000000
71693  -61.634  -12.057  -5.089 0.0000000000
71694  -63.207  -11.958  -5.357 0.0000000000
71695  -64.829  -11.574  -5.979 0.0000000000
71696  -65.134  -11.046  -6.363 0.0000000000
71705  -48.307  -11.202  -6.508 0.0000000000
71706  -54.297  -11.353  -6.418 0.0000000000
71707  -54.871  -11.254  -6.922 0.0000000000
71708  -58.890  -11.321  -7.408 0.0000000000
71709  -59.610  -11.794  -7.191 0.0000000000
71710  -61.110  -11.777  -6.898 0.0000000000
71711  -62.953  -11.504  -7.218 0.0000000000
71712  -64.560  -11.417  -7.408 0.0000000000
71713  -65.117  -11.541  -7.143 0.0000000000
71721  -48.298  -11.011  -7.482 0.0000000000
71722  -55.429  -11.101  -7.476 0.0000000000
71723  -55.997  -10.878  -8.032 0.0000000000
71724  -59.172  -11.903  -7.984 0.0000000000
71725  -64.958  -12.122  -7.768 0.0000000000
71732  -48.511  -11.291  -9.247 0.0000000000
71733  -48.938  -10.640  -8.653 0.0000000000
71734  -56.522  -11.416  -8.743 0.0000000000
71735  -58.869  -11.271  -7.874 0.0000000000
71736  -59.423  -12.023  -8.996 0.0000000000
71740  -48.908  -11.425  -10.083 0.0000000000
71741  -49.874  -10.490  -9.631 0.0000000000
71742  -50.114  -10.622  -10.167 0.0000000000
71743  -57.132  -11.431  -9.499 0.0000000000
71744  -57.668  -11.861  -10.315 0.0000000000
71745  -59.626  -11.811  -10.436 0.0000000000
71748  -50.021  -11.125  -10.833 0.0000000000
71749  -58.516  -11.989  -10.902 0.0000000000
71750  -59.046  -11.582  -11.105 0.0000000000
71751  -59.572  -11.347  -10.891 0.0000000000
71752  -43.482  -11.501  -12.521 0.0000000000
71754  -50.274  -11.267  -11.962 0.0000000000
71755  -44.189  -11.047  -13.161 0.0000000000
71756  -50.025  -11.716  -13.042 0.0000000000
71757  -45.265  -11.383  -13.561 0.0000000000
71758  -48.813  -11.794  -14.354 0.0000000000
71759  -49.591  -12.094  -14.010 0.0000000000
71760  -48.572  -12.457  -14.755 0.0000000000
71761  -49.222  -12.645  -14.564 0.0000000000
72598  -49.774  -10.971  -4.750 0.0000000000
72599  -50.513  -10.800  -4.634 0.0000000000
72600  -51.280  -10.679  -4.653 0.0000000000
72601  -52.061  -10.740  -4.812 0.0000000000
72608  -64.836  -10.278  -5.530 0.0000000000
72609  -64.786  -9.889  -5.541 0.0000000000
72613  -48.733  -10.639  -5.943 0.0000000000
72614  -49.424  -10.169  -5.427 0.0000000000
72615  -52.676  -10.953  -5.149 0.0000000000
72616  -53.258  -10.799  -5.509 0.0000000000
72617  -53.898  -10.673  -6.006 0.0000000000
72618  -58.981  -10.472  -6.181 0.0000000000
72619  -60.357  -10.377  -5.898 0.0000000000
72620  -62.059  -10.015  -5.997 0.0000000000
72621  -63.940  -9.961  -6.405 0.0000000000
72622  -65.013  -10.310  -6.097 0.0000000000
72631  -48.793  -10.262  -6.997 0.0000000000
72632  -54.516  -10.559  -6.497 0.0000000000
72633  -55.117  -10.429  -6.962 0.0000000000
72634  -58.918  -11.069  -6.815 0.0000000000
72635  -59.927  -11.161  -6.458 0.0000000000
72636  -61.551  -10.951  -6.470 0.0000000000
72637  -63.405  -10.716  -6.788 0.0000000000
72638  -64.811  -10.719  -6.884 0.0000000000
72639  -64.803  -10.181  -6.320 0.0000000000
72645  -49.439  -10.006  -8.239 0.0000000000
72646  -55.651  -10.261  -7.488 0.0000000000
72647  -56.196  -10.100  -7.999 0.0000000000
72648  -58.583  -10.720  -7.139 0.0000000000
72654  -50.395  -9.796  -9.436 0.0000000000
72655  -56.668  -10.036  -8.633 0.0000000000
72656  -57.263  -10.098  -9.363 0.0000000000
72657  -58.671  -10.531  -7.798 0.0000000000
72658  -59.272  -11.016  -8.708 0.0000000000
72659  -59.884  -10.281  -9.237 0.0000000000
72665  -50.676  -10.063  -9.990 0.0000000000
72666  -50.469  -10.262  -10.283 0.0000000000
72667  -56.904  -10.770  -9.118 0.0000000000
72668  -57.524  -10.938  -9.932 0.0000000000
72669  -57.971  -10.155  -10.269 0.0000000000
72670  -60.054  -11.067  -10.377 0.0000000000
72671  -60.410  -10.427  -9.924 0.0000000000
72674  -49.830  -10.472  -11.434 0.0000000000
72675  -50.175  -10.812  -10.895 0.0000000000
72676  -58.284  -11.219  -10.712 0.0000000000
72677  -58.753  -10.635  -10.888 0.0000000000
72678  -59.994  -10.713  -10.815 0.0000000000
72679  -60.363  -10.344  -10.300 0.0000000000
72680  -60.662  -9.870  -10.201 0.0000000000
72682  -49.023  -10.651  -12.281 0.0000000000
72683  -50.321  -11.005  -12.125 0.0000000000
72684  -59.375  -10.818  -11.029 0.0000000000
72685  -59.720  -10.290  -10.893 0.0000000000
72686  -60.276  -10.018  -10.604 0.0000000000
72687  -43.456  -10.424  -12.716 0.0000000000
72688  -44.494  -10.161  -13.196 0.0000000000
72689  -45.768  -9.946  -13.354 0.0000000000
72690  -47.002  -10.229  -13.347 0.0000000000
72691  -48.367  -10.760  -13.145 0.0000000000
72692  -49.741  -11.164  -12.833 0.0000000000
72693  -45.200  -10.610  -13.446 0.0000000000
72694  -46.472  -10.720  -13.801 0.0000000000
72695  -47.957  -10.908  -13.967 0.0000000000
72696  -49.190  -11.437  -13.591 0.0000000000
73625  -64.614  -8.857  -4.638 0.0000000000
73634  -50.670  -9.894  -4.805 0.0000000000
73635  -51.627  -9.912  -4.804 0.0000000000
73641  -64.723  -9.535  -4.954 0.0000000000
73642  -64.711  -9.296  -5.205 0.0000000000
73651  -49.830  -9.079  -6.121 0.0000000000
73652  -50.418  -9.027  -5.413 0.0000000000
73653  -51.212  -9.092  -5.047 0.0000000000
73654  -52.597  -10.095  -5.117 0.0000000000
73655  -53.445  -9.957  -5.584 0.0000000000
73656  -54.127  -9.847  -6.070 0.0000000000
73661  -62.967  -9.313  -5.763 0.0000000000
73662  -64.194  -9.441  -5.912 0.0000000000
73663  -64.684  -9.661  -5.687 0.0000000000
73670  -49.854  -9.366  -7.954 0.0000000000
73671  -50.229  -8.833  -7.689 0.0000000000
73672  -54.758  -9.735  -6.537 0.0000000000
73673  -55.346  -9.595  -6.995 0.0000000000
73675  -58.300  -10.048  -6.501 0.0000000000
73684  -50.708  -9.339  -9.331 0.0000000000
73685  -50.794  -9.125  -9.028 0.0000000000
73686  -55.880  -9.435  -7.522 0.0000000000
73687  -56.412  -9.325  -8.095 0.0000000000
73688  -58.279  -10.018  -7.166 0.0000000000
73689  -59.258  -9.066  -8.259 0.0000000000
73698  -50.952  -9.417  -9.746 0.0000000000
73699  -56.965  -9.296  -8.743 0.0000000000
73700  -57.554  -9.281  -9.450 0.0000000000
73701  -59.232  -10.022  -8.471 0.0000000000
73702  -60.050  -9.482  -8.926 0.0000000000
73703  -60.946  -8.941  -9.281 0.0000000000
73708  -50.424  -9.919  -9.613 0.0000000000
73709  -58.151  -9.161  -10.000 0.0000000000
73710  -60.715  -9.897  -9.880 0.0000000000
73711  -61.165  -9.323  -9.882 0.0000000000
73715  -48.642  -9.945  -10.816 0.0000000000
73716  -50.264  -9.919  -10.762 0.0000000000
73717  -58.615  -9.721  -10.567 0.0000000000
73718  -59.155  -9.316  -10.646 0.0000000000
73719  -61.053  -9.520  -10.043 0.0000000000
73721  -45.474  -8.974  -12.380 0.0000000000
73722  -46.565  -9.434  -12.041 0.0000000000
73723  -47.955  -10.154  -11.608 0.0000000000
73724  -59.167  -10.077  -10.920 0.0000000000
73725  -59.735  -9.668  -10.737 0.0000000000
73726  -60.686  -9.611  -10.296 0.0000000000
73728  -43.854  -9.635  -12.878 0.0000000000
73729  -45.065  -9.447  -12.951 0.0000000000
73730  -46.218  -9.548  -12.846 0.0000000000
73731  -47.411  -10.140  -12.580 0.0000000000
74673  -64.528  -8.254  -3.997 0.0000000000
74674  -64.510  -8.305  -4.416 0.0000000000
74687  -62.860  -8.074  -4.932 0.0000000000
74688  -63.928  -8.135  -5.080 0.0000000000
74689  -64.626  -8.656  -4.899 0.0000000000
74696  -50.455  -8.372  -6.477 0.0000000000
74697  -50.869  -8.313  -5.664 0.0000000000
74698  -51.682  -8.365  -5.320 0.0000000000
74699  -52.547  -8.398  -5.308 0.0000000000
74700  -53.712  -9.104  -5.677 0.0000000000
74703  -63.524  -8.682  -5.466 0.0000000000
74704  -64.362  -8.885  -5.432 0.0000000000
74705  -64.644  -9.011  -5.277 0.0000000000
74712  -50.440  -8.440  -7.426 0.0000000000
74713  -51.037  -8.217  -8.490 0.0000000000
74714  -54.382  -9.017  -6.121 0.0000000000
74726  -51.084  -8.630  -8.916 0.0000000000
74727  -55.544  -8.744  -7.050 0.0000000000
74728  -56.119  -8.596  -7.584 0.0000000000
74729  -58.390  -9.159  -7.459 0.0000000000
74730  -59.781  -8.328  -8.325 0.0000000000
74731  -60.687  -8.263  -8.658 0.0000000000
74740  -56.656  -8.519  -8.221 0.0000000000
74741  -57.263  -8.508  -8.826 0.0000000000
74742  -60.183  -8.819  -8.691 0.0000000000
74750  -57.780  -8.454  -9.444 0.0000000000
74751  -58.355  -8.299  -9.808 0.0000000000
74752  -59.000  -8.074  -10.126 0.0000000000
74753  -61.534  -8.657  -9.706 0.0000000000
74759  -58.707  -8.872  -10.303 0.0000000000
74760  -59.867  -8.184  -10.322 0.0000000000
74761  -61.381  -9.073  -9.998 0.0000000000
74767  -59.878  -8.961  -10.556 0.0000000000
74768  -60.264  -9.232  -10.522 0.0000000000
74771  -44.490  -9.008  -12.661 0.0000000000
75592  -64.043  -7.009  -2.903 0.0000000000
75593  -64.345  -6.447  -3.228 0.0000000000
75606  -64.259  -7.616  -3.514 0.0000000000
75607  -64.527  -7.584  -3.994 0.0000000000
75620  -63.343  -7.571  -4.673 0.0000000000
75621  -64.137  -7.541  -4.542 0.0000000000
75622  -64.453  -7.986  -4.491 0.0000000000
75630  -51.236  -7.683  -5.977 0.0000000000
75631  -52.089  -7.665  -5.502 0.0000000000
75632  -53.083  -7.632  -5.491 0.0000000000
75633  -53.963  -8.153  -5.749 0.0000000000
75635  -64.445  -8.408  -5.003 0.0000000000
75640  -50.813  -7.869  -6.873 0.0000000000
75641  -51.179  -7.585  -7.405 0.0000000000
75642  -54.556  -7.585  -6.193 0.0000000000
75643  -55.202  -7.214  -6.619 0.0000000000
75658  -51.344  -7.993  -8.644 0.0000000000
75659  -51.589  -8.111  -9.621 0.0000000000
75660  -55.716  -7.860  -7.134 0.0000000000
75661  -56.367  -7.728  -7.704 0.0000000000
75663  -59.945  -7.541  -8.129 0.0000000000
75664  -61.112  -7.528  -8.477 0.0000000000
75665  -62.028  -7.574  -8.781 0.0000000000
75674  -56.951  -7.720  -8.374 0.0000000000
75675  -57.552  -7.745  -8.961 0.0000000000
75676  -61.684  -8.161  -9.100 0.0000000000
75677  -62.476  -7.612  -8.959 0.0000000000
75681  -58.002  -7.774  -9.435 0.0000000000
75682  -58.619  -7.377  -9.617 0.0000000000
75683  -59.576  -7.273  -9.915 0.0000000000
75684  -62.001  -8.007  -9.426 0.0000000000
75685  -62.742  -7.432  -9.089 0.0000000000
75689  -60.703  -7.703  -10.177 0.0000000000
75690  -61.531  -8.087  -10.093 0.0000000000
75691  -62.060  -7.741  -9.666 0.0000000000
75692  -62.791  -7.124  -9.340 0.0000000000
76530  -64.177  -6.124  -2.720 0.0000000000
76543  -62.670  -6.446  -3.937 0.0000000000
76544  -63.634  -6.339  -3.969 0.0000000000
76552  -63.457  -6.916  -4.359 0.0000000000
76553  -64.120  -6.693  -4.128 0.0000000000
76554  -64.363  -7.178  -4.119 0.0000000000
76559  -51.601  -7.147  -6.363 0.0000000000
76560  -52.339  -7.036  -5.744 0.0000000000
76561  -53.049  -6.676  -5.739 0.0000000000
76562  -53.864  -7.130  -5.803 0.0000000000
76576  -51.508  -7.308  -8.227 0.0000000000
76577  -52.046  -6.490  -6.648 0.0000000000
76578  -53.766  -6.191  -6.102 0.0000000000
76579  -54.518  -6.718  -6.249 0.0000000000
76580  -55.156  -6.329  -6.666 0.0000000000
76585  -60.835  -5.910  -7.738 0.0000000000
76596  -51.349  -7.832  -10.105 0.0000000000
76597  -51.774  -7.830  -10.063 0.0000000000
76598  -55.891  -6.828  -7.272 0.0000000000
76599  -56.427  -5.976  -7.691 0.0000000000
76601  -60.471  -6.742  -7.971 0.0000000000
76602  -61.633  -6.754  -8.290 0.0000000000
76603  -62.658  -7.203  -8.775 0.0000000000
76604  -63.462  -6.689  -8.722 0.0000000000
76613  -52.363  -5.989  -11.167 0.0000000000
76614  -57.121  -6.120  -8.299 0.0000000000
76615  -63.298  -7.190  -8.993 0.0000000000
76616  -63.998  -6.855  -8.977 0.0000000000
76620  -52.063  -5.338  -10.666 0.0000000000
76621  -57.846  -6.259  -8.786 0.0000000000
76622  -58.589  -6.423  -9.292 0.0000000000
76623  -60.496  -6.764  -9.826 0.0000000000
76624  -61.355  -6.287  -9.667 0.0000000000
76625  -63.688  -6.985  -9.024 0.0000000000
76626  -64.774  -6.521  -9.024 0.0000000000
76628  -61.488  -7.317  -10.007 0.0000000000
76629  -62.447  -6.384  -9.560 0.0000000000
76630  -63.487  -6.632  -9.323 0.0000000000
76631  -64.170  -6.739  -9.093 0.0000000000
77451  -64.405  -5.532  -3.059 0.0000000000
77462  -63.194  -5.741  -3.641 0.0000000000
77463  -64.040  -5.946  -3.665 0.0000000000
77464  -64.260  -6.110  -3.432 0.0000000000
77469  -64.224  -6.550  -3.850 0.0000000000
77499  -52.018  -6.909  -8.931 0.0000000000
77500  -52.351  -5.886  -7.229 0.0000000000
77501  -53.204  -5.500  -6.560 0.0000000000
77502  -54.139  -5.416  -6.517 0.0000000000
77503  -54.933  -5.489  -6.722 0.0000000000
77507  -61.212  -5.032  -7.528 0.0000000000
77508  -62.245  -5.053  -7.700 0.0000000000
77509  -63.324  -5.136  -7.976 0.0000000000
77518  -52.377  -6.239  -9.298 0.0000000000
77519  -55.452  -4.905  -7.211 0.0000000000
77520  -56.226  -5.111  -7.601 0.0000000000
77521  -61.859  -5.838  -7.937 0.0000000000
77522  -62.875  -5.864  -8.182 0.0000000000
77523  -63.896  -5.821  -8.417 0.0000000000
77524  -64.431  -5.229  -8.363 0.0000000000
77529  -52.260  -5.900  -11.019 0.0000000000
77530  -52.361  -5.918  -11.087 0.0000000000
77531  -56.916  -5.266  -8.121 0.0000000000
77532  -57.658  -5.420  -8.531 0.0000000000
77533  -58.387  -5.591  -8.910 0.0000000000
77534  -64.777  -6.580  -9.049 0.0000000000
77535  -65.065  -5.998  -8.812 0.0000000000
77536  -52.329  -5.556  -11.047 0.0000000000
77537  -52.475  -5.551  -10.957 0.0000000000
77538  -59.008  -5.696  -9.263 0.0000000000
77539  -59.749  -5.316  -9.276 0.0000000000
77540  -60.763  -5.305  -9.421 0.0000000000
77541  -61.790  -5.390  -9.535 0.0000000000
77542  -65.347  -5.990  -9.010 0.0000000000
77543  -65.516  -5.493  -9.140 0.0000000000
77544  -52.462  -5.523  -11.066 0.0000000000
77545  -63.060  -5.556  -9.488 0.0000000000
77546  -64.204  -6.043  -9.364 0.0000000000
77547  -65.034  -5.892  -9.249 0.0000000000
78315  -63.819  -4.897  -3.366 0.0000000000
78345  -52.698  -5.330  -7.492 0.0000000000
78346  -53.535  -4.745  -7.128 0.0000000000
78347  -54.637  -4.742  -6.963 0.0000000000
78351  -61.675  -4.197  -7.364 0.0000000000
78352  -62.716  -4.257  -7.570 0.0000000000
78353  -63.809  -4.402  -7.864 0.0000000000
78354  -64.446  -3.792  -7.913 0.0000000000
78360  -51.277  -5.401  -9.991 0.0000000000
78361  -52.670  -5.107  -8.593 0.0000000000
78362  -53.282  -4.190  -8.195 0.0000000000
78363  -54.254  -4.002  -7.502 0.0000000000
78364  -55.213  -4.119  -7.460 0.0000000000
78365  -56.002  -4.290  -7.656 0.0000000000
78366  -65.327  -5.089  -8.669 0.0000000000
78367  -65.720  -4.583  -8.898 0.0000000000
78370  -51.968  -5.705  -10.984 0.0000000000
78371  -52.636  -4.841  -9.741 0.0000000000
78372  -56.710  -4.433  -8.041 0.0000000000
78373  -57.475  -4.543  -8.382 0.0000000000
78374  -58.254  -4.757  -8.660 0.0000000000
78375  -58.924  -4.229  -8.720 0.0000000000
78376  -65.689  -5.402  -8.965 0.0000000000
78377  -65.815  -4.764  -9.023 0.0000000000
78378  -52.212  -5.371  -11.011 0.0000000000
78379  -58.945  -5.008  -9.024 0.0000000000
78380  -59.527  -4.573  -8.982 0.0000000000
78381  -60.271  -4.540  -9.127 0.0000000000
78382  -61.172  -4.516  -9.324 0.0000000000
78383  -62.156  -4.492  -9.482 0.0000000000
78384  -63.259  -4.438  -9.448 0.0000000000
78385  -65.725  -5.357  -9.005 0.0000000000
78386  -65.652  -4.849  -9.179 0.0000000000
78387  -64.199  -5.264  -9.448 0.0000000000
78388  -65.124  -5.034  -9.407 0.0000000000
79141  -60.933  -2.643  -6.554 0.0000000000
79146  -61.295  -3.403  -6.966 0.0000000000
79147  -62.198  -3.423  -7.247 0.0000000000
79148  -64.321  -2.915  -7.642 0.0000000000
79154  -51.554  -4.411  -10.181 0.0000000000
79155  -53.882  -2.871  -8.202 0.0000000000
79156  -54.817  -3.282  -7.796 0.0000000000
79157  -55.718  -3.497  -7.779 0.0000000000
79158  -56.427  -3.637  -7.995 0.0000000000
79159  -65.079  -3.291  -8.273 0.0000000000
79160  -65.582  -3.650  -8.830 0.0000000000
79161  -51.925  -4.646  -10.490 0.0000000000
79162  -52.237  -4.125  -10.118 0.0000000000
79163  -52.930  -3.542  -8.909 0.0000000000
79164  -57.176  -3.688  -8.244 0.0000000000
79165  -59.013  -3.377  -8.501 0.0000000000
79166  -59.776  -3.818  -8.721 0.0000000000
79167  -61.090  -3.052  -8.780 0.0000000000
79168  -65.705  -3.905  -9.061 0.0000000000
79169  -52.184  -4.999  -10.614 0.0000000000
79170  -60.686  -3.790  -8.949 0.0000000000
79171  -61.559  -3.714  -9.196 0.0000000000
79172  -62.512  -3.626  -9.339 0.0000000000
79173  -63.626  -3.554  -9.394 0.0000000000
79174  -64.763  -3.448  -9.549 0.0000000000
79175  -65.611  -4.013  -9.185 0.0000000000
79176  -64.393  -4.319  -9.470 0.0000000000
79177  -65.285  -4.142  -9.423 0.0000000000
79970  -62.513  -1.965  -6.812 0.0000000000
79975  -61.839  -2.694  -6.841 0.0000000000
79976  -63.410  -2.401  -7.294 0.0000000000
79977  -64.417  -2.040  -7.544 0.0000000000
79978  -65.330  -1.807  -8.236 0.0000000000
79987  -53.955  -2.152  -8.113 0.0000000000
79988  -54.783  -2.462  -7.919 0.0000000000
79989  -55.513  -2.755  -7.901 0.0000000000
79990  -56.730  -2.930  -8.094 0.0000000000
79991  -57.927  -2.039  -7.935 0.0000000000
79992  -65.461  -2.718  -8.657 0.0000000000
79993  -51.625  -2.681  -9.368 0.0000000000
79994  -52.208  -3.058  -9.465 0.0000000000
79995  -52.998  -2.607  -8.577 0.0000000000
79996  -57.563  -2.877  -8.200 0.0000000000
79997  -59.175  -2.687  -8.336 0.0000000000
79998  -60.654  -2.507  -8.543 0.0000000000
79999  -61.429  -2.165  -8.657 0.0000000000
80000  -62.440  -2.119  -8.895 0.0000000000
80001  -65.627  -2.957  -9.062 0.0000000000
80002  -61.972  -2.921  -9.005 0.0000000000
80003  -62.976  -2.830  -9.199 0.0000000000
80004  -64.147  -2.771  -9.404 0.0000000000
80005  -65.382  -3.189  -9.554 0.0000000000
80006  -65.530  -3.025  -9.370 0.0000000000
80840  -60.561  -1.399  -5.904 0.0000000000
80841  -61.265  -1.337  -6.197 0.0000000000
80842  -61.987  -1.274  -6.448 0.0000000000
80849  -62.723  -1.150  -6.666 0.0000000000
80850  -63.555  -1.422  -7.108 0.0000000000
80851  -64.681  -1.180  -7.536 0.0000000000
80852  -65.402  -0.877  -8.183 0.0000000000
80860  -54.777  -1.715  -7.799 0.0000000000
80861  -55.646  -1.376  -7.629 0.0000000000
80862  -56.581  -1.446  -7.647 0.0000000000
80863  -57.399  -1.396  -7.663 0.0000000000
80864  -58.225  -1.125  -7.614 0.0000000000
80865  -59.076  -0.973  -7.634 0.0000000000
80866  -65.637  -1.294  -8.842 0.0000000000
80870  -51.210  -1.932  -9.012 0.0000000000
80871  -52.159  -2.039  -8.888 0.0000000000
80872  -58.939  -1.892  -7.987 0.0000000000
80873  -60.655  -1.764  -8.328 0.0000000000
80874  -61.349  -1.266  -8.427 0.0000000000
80875  -62.007  -1.521  -8.685 0.0000000000
80876  -65.770  -1.202  -9.565 0.0000000000
80877  -62.967  -1.245  -8.945 0.0000000000
80878  -64.235  -1.303  -9.385 0.0000000000
80879  -65.306  -1.097  -9.831 0.0000000000
80880  -65.742  -1.171  -9.577 0.0000000000
81668  -60.141  0.455  -4.935 0.0000000000
81677  -60.118  -0.597  -5.385 0.0000000000
81678  -60.871  0.175  -5.399 0.0000000000
81679  -61.626  -0.071  -5.823 0.0000000000
81680  -62.357  -0.436  -6.356 0.0000000000
81681  -63.110  0.260  -6.561 0.0000000000
81689  -63.288  -0.576  -6.773 0.0000000000
81690  -63.980  0.034  -7.015 0.0000000000
81691  -64.844  -0.277  -7.573 0.0000000000
81692  -65.438  -0.227  -8.251 0.0000000000
81701  -52.279  -0.332  -8.075 0.0000000000
81702  -53.396  -0.321  -7.703 0.0000000000
81703  -53.920  -1.212  -7.820 0.0000000000
81704  -55.472  -0.329  -7.467 0.0000000000
81705  -56.232  -0.766  -7.504 0.0000000000
81706  -57.872  -0.329  -7.440 0.0000000000
81707  -58.703  -0.260  -7.474 0.0000000000
81708  -65.680  -0.499  -8.940 0.0000000000
81715  -51.169  -0.387  -8.470 0.0000000000
81716  -51.641  -1.160  -8.577 0.0000000000
81717  -59.534  -0.260  -7.586 0.0000000000
81718  -60.386  -0.263  -7.811 0.0000000000
81719  -61.297  -0.313  -8.254 0.0000000000
81720  -62.080  -0.052  -8.591 0.0000000000
81721  -65.748  -0.574  -9.570 0.0000000000
81722  -63.001  -0.225  -8.954 0.0000000000
81723  -64.357  0.063  -9.495 0.0000000000
81724  -64.804  -0.667  -9.942 0.0000000000
81725  -65.700  -0.496  -9.596 0.0000000000
82585  -60.809  1.060  -5.121 0.0000000000
82586  -61.531  0.798  -5.580 0.0000000000
82587  -62.281  0.523  -6.087 0.0000000000
82595  -62.985  1.146  -6.429 0.0000000000
82596  -63.867  0.893  -6.880 0.0000000000
82597  -64.679  0.583  -7.443 0.0000000000
82598  -65.270  0.292  -7.978 0.0000000000
82606  -51.746  0.512  -8.047 0.0000000000
82607  -52.906  0.496  -7.664 0.0000000000
82608  -53.997  0.558  -7.474 0.0000000000
82609  -54.912  0.472  -7.424 0.0000000000
82610  -56.415  0.017  -7.395 0.0000000000
82611  -57.308  0.332  -7.372 0.0000000000
82612  -58.294  0.639  -7.422 0.0000000000
82613  -59.113  0.433  -7.493 0.0000000000
82614  -65.550  0.196  -8.761 0.0000000000
82621  -50.796  0.205  -8.380 0.0000000000
82622  -59.897  0.751  -7.693 0.0000000000
82623  -60.804  0.553  -8.036 0.0000000000
82624  -61.731  0.683  -8.507 0.0000000000
82625  -62.547  0.454  -8.828 0.0000000000
82626  -65.940  0.142  -9.037 0.0000000000
82627  -63.484  0.713  -9.236 0.0000000000
82628  -64.491  0.969  -9.490 0.0000000000
82629  -65.255  0.390  -9.517 0.0000000000
82630  -65.570  -0.011  -9.445 0.0000000000
83531  -60.111  1.343  -4.726 0.0000000000
83541  -60.019  1.982  -4.774 0.0000000000
83542  -60.660  1.766  -5.092 0.0000000000
83543  -61.373  1.581  -5.491 0.0000000000
83544  -62.158  1.377  -5.930 0.0000000000
83553  -61.976  2.073  -5.951 0.0000000000
83554  -62.827  1.909  -6.369 0.0000000000
83555  -63.779  1.806  -6.866 0.0000000000
83556  -64.588  1.435  -7.440 0.0000000000
83564  -51.751  1.367  -7.902 0.0000000000
83565  -52.533  1.275  -7.670 0.0000000000
83566  -53.426  1.278  -7.526 0.0000000000
83567  -54.274  1.365  -7.477 0.0000000000
83568  -55.117  1.313  -7.434 0.0000000000
83569  -56.653  0.950  -7.367 0.0000000000
83570  -57.549  1.423  -7.477 0.0000000000
83571  -58.373  1.553  -7.602 0.0000000000
83572  -59.027  1.205  -7.590 0.0000000000
83573  -64.942  1.903  -8.123 0.0000000000
83574  -65.252  0.984  -8.251 0.0000000000
83583  -50.832  1.019  -8.231 0.0000000000
83584  -58.878  2.098  -7.955 0.0000000000
83585  -60.992  1.412  -8.394 0.0000000000
83586  -61.908  1.539  -8.779 0.0000000000
83587  -62.672  1.201  -9.005 0.0000000000
83588  -65.112  1.427  -8.883 0.0000000000
83589  -65.417  0.546  -9.195 0.0000000000
83590  -62.678  2.057  -9.270 0.0000000000
83591  -64.622  1.576  -9.337 0.0000000000
83592  -65.102  1.013  -9.291 0.0000000000
84510  -59.916  2.279  -5.249 0.0000000000
84511  -61.136  2.167  -5.578 0.0000000000
84520  -59.727  2.646  -6.018 0.0000000000
84521  -60.545  2.555  -5.986 0.0000000000
84522  -61.610  2.690  -6.365 0.0000000000
84523  -62.628  2.543  -6.564 0.0000000000
84524  -63.366  2.368  -6.814 0.0000000000
84525  -64.030  2.518  -7.323 0.0000000000
84534  -52.301  2.030  -7.723 0.0000000000
84535  -53.758  2.024  -7.590 0.0000000000
84536  -54.637  2.068  -7.581 0.0000000000
84537  -55.540  2.190  -7.610 0.0000000000
84538  -56.492  2.432  -7.749 0.0000000000
84539  -57.268  2.321  -7.752 0.0000000000
84540  -58.020  2.259  -7.830 0.0000000000
84541  -64.616  2.589  -7.967 0.0000000000
84549  -50.301  1.848  -8.324 0.0000000000
84550  -51.371  1.979  -7.991 0.0000000000
84551  -52.005  2.798  -7.903 0.0000000000
84552  -55.032  2.797  -7.861 0.0000000000
84553  -55.889  2.966  -8.047 0.0000000000
84554  -56.722  3.201  -8.356 0.0000000000
84555  -57.543  2.959  -8.316 0.0000000000
84556  -58.372  2.823  -8.407 0.0000000000
84557  -59.658  2.185  -8.311 0.0000000000
84558  -60.490  2.206  -8.592 0.0000000000
84559  -61.556  2.288  -9.011 0.0000000000
84560  -64.760  2.367  -8.799 0.0000000000
84561  -59.916  2.849  -8.836 0.0000000000
84562  -60.788  2.875  -9.219 0.0000000000
84563  -62.525  2.846  -9.594 0.0000000000
84564  -63.605  2.690  -9.599 0.0000000000
84565  -64.219  2.658  -9.423 0.0000000000
84566  -64.414  2.771  -9.246 0.0000000000
85417  -59.988  3.178  -6.620 0.0000000000
85418  -60.888  3.210  -6.749 0.0000000000
85419  -62.458  3.160  -6.993 0.0000000000
85420  -63.449  3.012  -7.291 0.0000000000
85428  -53.067  2.698  -7.750 0.0000000000
85429  -54.112  2.769  -7.787 0.0000000000
85430  -63.116  3.666  -7.651 0.0000000000
85431  -64.003  3.645  -8.204 0.0000000000
85432  -64.239  3.045  -7.810 0.0000000000
85439  -49.890  3.265  -8.420 0.0000000000
85440  -50.720  3.428  -8.271 0.0000000000
85441  -51.586  3.534  -8.125 0.0000000000
85442  -52.606  3.704  -8.048 0.0000000000
85443  -53.651  3.548  -8.051 0.0000000000
85444  -54.614  3.483  -8.162 0.0000000000
85445  -56.039  3.611  -8.569 0.0000000000
85446  -56.678  3.806  -8.796 0.0000000000
85447  -58.053  3.490  -8.809 0.0000000000
85448  -58.702  3.315  -8.809 0.0000000000
85449  -64.268  3.784  -8.976 0.0000000000
85450  -64.458  3.142  -8.485 0.0000000000
85451  -57.030  4.216  -9.196 0.0000000000
85452  -57.793  4.094  -9.254 0.0000000000
85453  -58.674  3.899  -9.335 0.0000000000
85454  -59.348  3.396  -9.094 0.0000000000
85455  -61.210  3.551  -9.752 0.0000000000
85456  -62.408  3.656  -9.997 0.0000000000
85457  -63.776  3.577  -9.720 0.0000000000
85458  -64.109  3.574  -9.477 0.0000000000
85459  -64.479  3.176  -9.073 0.0000000000
85460  -62.835  4.432  -10.413 0.0000000000
85461  -63.386  4.129  -10.137 0.0000000000
85462  -63.727  4.419  -9.981 0.0000000000
86332  -60.317  3.796  -7.263 0.0000000000
86333  -61.267  3.799  -7.400 0.0000000000
86334  -62.197  3.742  -7.492 0.0000000000
86342  -59.796  4.519  -7.618 0.0000000000
86343  -60.787  4.471  -7.794 0.0000000000
86344  -61.994  4.465  -8.074 0.0000000000
86345  -63.203  4.746  -8.695 0.0000000000
86346  -63.962  4.351  -8.895 0.0000000000
86357  -49.108  4.935  -8.535 0.0000000000
86358  -50.012  4.879  -8.488 0.0000000000
86359  -51.507  5.009  -8.385 0.0000000000
86360  -52.599  4.642  -8.276 0.0000000000
86361  -53.342  4.359  -8.269 0.0000000000
86362  -54.204  4.281  -8.434 0.0000000000
86363  -56.192  4.287  -9.039 0.0000000000
86364  -63.733  4.911  -9.550 0.0000000000
86365  -63.937  4.365  -9.554 0.0000000000
86366  -55.888  4.909  -9.360 0.0000000000
86367  -56.674  4.798  -9.516 0.0000000000
86368  -57.493  4.670  -9.609 0.0000000000
86369  -58.296  4.562  -9.719 0.0000000000
86370  -59.597  3.950  -9.662 0.0000000000
86371  -60.620  4.148  -10.031 0.0000000000
86372  -61.841  4.243  -10.297 0.0000000000
86373  -63.769  4.881  -9.999 0.0000000000
86374  -58.808  5.063  -10.220 0.0000000000
86375  -59.659  4.959  -10.416 0.0000000000
86376  -60.561  4.835  -10.490 0.0000000000
86377  -62.568  5.096  -10.735 0.0000000000
86378  -63.350  4.867  -10.401 0.0000000000
86379  -63.563  5.077  -10.278 0.0000000000
87214  -59.292  5.332  -7.934 0.0000000000
87215  -60.296  5.133  -8.164 0.0000000000
87216  -61.323  5.118  -8.405 0.0000000000
87217  -62.445  5.307  -8.786 0.0000000000
87230  -48.704  5.727  -8.654 0.0000000000
87231  -49.695  5.787  -8.585 0.0000000000
87232  -50.706  5.612  -8.521 0.0000000000
87233  -51.572  5.935  -8.517 0.0000000000
87234  -52.310  5.435  -8.430 0.0000000000
87235  -53.292  5.243  -8.493 0.0000000000
87236  -54.235  5.114  -8.738 0.0000000000
87237  -55.127  4.929  -9.040 0.0000000000
87238  -60.891  5.663  -8.621 0.0000000000
87239  -61.863  5.837  -8.971 0.0000000000
87240  -63.261  5.459  -9.474 0.0000000000
87242  -54.830  5.759  -9.168 0.0000000000
87243  -55.512  5.472  -9.400 0.0000000000
87244  -56.255  5.607  -9.709 0.0000000000
87245  -57.195  5.364  -9.881 0.0000000000
87246  -58.011  5.196  -10.025 0.0000000000
87247  -63.465  5.432  -10.142 0.0000000000
87248  -57.762  5.887  -10.316 0.0000000000
87249  -58.526  5.673  -10.480 0.0000000000
87250  -59.402  5.682  -10.718 0.0000000000
87251  -60.504  5.567  -10.838 0.0000000000
87252  -61.593  5.438  -10.875 0.0000000000
87253  -63.162  5.629  -10.629 0.0000000000
87254  -61.595  6.309  -11.258 0.0000000000
88055  -58.232  6.528  -8.203 0.0000000000
88056  -59.164  6.181  -8.351 0.0000000000
88057  -60.082  5.886  -8.494 0.0000000000
88067  -47.690  5.972  -8.874 0.0000000000
88068  -48.535  6.371  -8.831 0.0000000000
88069  -49.761  6.601  -8.684 0.0000000000
88070  -50.449  6.950  -8.657 0.0000000000
88071  -51.706  6.741  -8.567 0.0000000000
88072  -52.435  6.865  -8.620 0.0000000000
88073  -53.903  6.216  -8.854 0.0000000000
88074  -59.965  6.674  -8.864 0.0000000000
88075  -61.152  6.411  -9.155 0.0000000000
88076  -62.447  6.419  -9.665 0.0000000000
88077  -63.178  6.094  -9.996 0.0000000000
88081  -46.990  6.649  -9.289 0.0000000000
88082  -48.140  6.962  -9.154 0.0000000000
88083  -53.730  6.904  -8.891 0.0000000000
88084  -54.143  6.953  -9.072 0.0000000000
88085  -55.398  7.018  -9.669 0.0000000000
88086  -56.147  6.555  -9.891 0.0000000000
88087  -56.944  6.170  -10.092 0.0000000000
88088  -62.724  6.654  -10.509 0.0000000000
88089  -63.128  6.064  -10.510 0.0000000000
88090  -56.746  7.001  -10.266 0.0000000000
88091  -57.523  6.694  -10.516 0.0000000000
88092  -58.433  6.422  -10.756 0.0000000000
88093  -59.340  6.418  -11.037 0.0000000000
88094  -60.375  6.345  -11.199 0.0000000000
88095  -62.558  7.030  -11.103 0.0000000000
88096  -62.882  6.425  -10.998 0.0000000000
88097  -60.124  7.102  -11.497 0.0000000000
88098  -61.323  7.166  -11.568 0.0000000000
88099  -62.299  7.009  -11.340 0.0000000000
88971  -57.416  7.221  -8.160 0.0000000000
88972  -58.280  7.392  -8.580 0.0000000000
88973  -59.022  6.955  -8.667 0.0000000000
88984  -49.053  6.861  -8.850 0.0000000000
88985  -49.782  7.276  -8.801 0.0000000000
88986  -50.526  7.618  -8.734 0.0000000000
88987  -51.922  7.436  -8.634 0.0000000000
88988  -52.742  7.513  -8.724 0.0000000000
88989  -53.638  7.474  -8.947 0.0000000000
88990  -58.943  7.593  -8.970 0.0000000000
88991  -59.738  7.405  -9.193 0.0000000000
88992  -60.822  7.252  -9.490 0.0000000000
88993  -62.012  7.129  -9.938 0.0000000000
88997  -44.130  7.115  -9.847 0.0000000000
88998  -45.357  7.404  -10.094 0.0000000000
88999  -47.331  7.463  -9.532 0.0000000000
89000  -49.026  7.589  -9.089 0.0000000000
89001  -49.836  7.988  -8.938 0.0000000000
89002  -50.519  8.225  -8.845 0.0000000000
89003  -54.575  7.512  -9.375 0.0000000000
89004  -55.391  7.877  -9.820 0.0000000000
89005  -56.059  7.408  -10.057 0.0000000000
89006  -61.513  7.801  -10.247 0.0000000000
89007  -62.263  7.469  -10.753 0.0000000000
89008  -43.645  7.718  -9.996 0.0000000000
89009  -44.338  7.761  -10.369 0.0000000000
89010  -56.073  8.311  -10.320 0.0000000000
89011  -56.599  7.714  -10.396 0.0000000000
89012  -57.253  7.528  -10.637 0.0000000000
89013  -58.093  7.328  -10.952 0.0000000000
89014  -59.051  7.173  -11.270 0.0000000000
89015  -62.119  7.679  -11.319 0.0000000000
89016  -58.734  8.160  -11.534 0.0000000000
89017  -59.860  7.879  -11.777 0.0000000000
89018  -60.957  7.875  -11.909 0.0000000000
89019  -61.635  7.941  -11.709 0.0000000000
89020  -60.649  8.493  -12.154 0.0000000000
89021  -61.251  8.414  -12.017 0.0000000000
89022  -61.369  8.565  -11.939 0.0000000000
89912  -57.065  8.086  -8.302 0.0000000000
89913  -57.754  7.886  -8.558 0.0000000000
89925  -51.291  8.022  -8.744 0.0000000000
89926  -52.219  8.101  -8.763 0.0000000000
89927  -53.062  8.177  -8.894 0.0000000000
89928  -57.626  8.565  -8.745 0.0000000000
89929  -58.448  8.191  -9.038 0.0000000000
89930  -59.437  8.098  -9.446 0.0000000000
89931  -60.468  7.968  -9.778 0.0000000000
89937  -43.578  8.066  -10.019 0.0000000000
89939  -46.539  7.833  -9.985 0.0000000000
89940  -47.504  8.280  -9.776 0.0000000000
89941  -49.068  8.512  -9.306 0.0000000000
89942  -49.996  8.703  -9.064 0.0000000000
89943  -50.848  8.862  -8.932 0.0000000000
89944  -51.755  8.752  -8.851 0.0000000000
89945  -52.542  8.762  -8.932 0.0000000000
89946  -53.915  8.262  -9.218 0.0000000000
89947  -54.741  8.423  -9.607 0.0000000000
89948  -55.398  8.628  -9.994 0.0000000000
89949  -60.139  8.656  -10.076 0.0000000000
89950  -61.106  8.471  -10.482 0.0000000000
89951  -43.835  8.365  -10.439 0.0000000000
89952  -44.622  8.349  -10.783 0.0000000000
89953  -45.584  8.106  -10.499 0.0000000000
89954  -46.731  8.599  -10.314 0.0000000000
89955  -56.934  8.336  -10.720 0.0000000000
89956  -57.690  8.140  -11.057 0.0000000000
89957  -61.350  8.835  -11.075 0.0000000000
89958  -61.823  8.192  -10.939 0.0000000000
89959  -57.903  8.907  -11.512 0.0000000000
89960  -58.973  9.114  -12.076 0.0000000000
89961  -59.785  8.685  -12.169 0.0000000000
89962  -61.212  9.079  -11.579 0.0000000000
89963  -61.550  8.458  -11.549 0.0000000000
89964  -59.847  9.371  -12.410 0.0000000000
89965  -60.482  9.151  -12.334 0.0000000000
89966  -61.076  8.882  -12.151 0.0000000000
90902  -56.276  9.185  -8.322 0.0000000000
90903  -56.884  8.859  -8.489 0.0000000000
90913  -56.727  9.590  -8.679 0.0000000000
90914  -57.424  9.313  -8.940 0.0000000000
90915  -58.206  9.052  -9.298 0.0000000000
90916  -59.154  8.862  -9.671 0.0000000000
90924  -43.799  8.579  -10.273 0.0000000000
90926  -47.711  9.043  -9.979 0.0000000000
90927  -48.577  9.310  -9.635 0.0000000000
90928  -49.474  9.343  -9.353 0.0000000000
90929  -50.711  9.736  -9.142 0.0000000000
90930  -51.393  9.411  -9.011 0.0000000000
90931  -52.181  9.496  -9.077 0.0000000000
90932  -53.681  9.694  -9.548 0.0000000000
90933  -54.920  9.217  -9.885 0.0000000000
90934  -59.985  9.470  -10.489 0.0000000000
90935  -60.779  9.032  -10.661 0.0000000000
90939  -43.798  8.959  -10.927 0.0000000000
90940  -44.074  8.839  -11.189 0.0000000000
90941  -47.053  9.297  -10.492 0.0000000000
90942  -47.924  9.932  -10.125 0.0000000000
90943  -54.887  10.073  -10.296 0.0000000000
90944  -55.732  9.323  -10.447 0.0000000000
90945  -56.545  9.738  -11.146 0.0000000000
90946  -57.090  9.033  -11.105 0.0000000000
90947  -60.334  10.029  -11.378 0.0000000000
90948  -60.848  9.396  -11.204 0.0000000000
90949  -43.931  9.602  -11.549 0.0000000000
90950  -44.706  9.322  -11.589 0.0000000000
90951  -57.052  10.227  -11.712 0.0000000000
90952  -57.420  9.651  -11.621 0.0000000000
90953  -58.349  9.737  -12.136 0.0000000000
90954  -60.378  10.327  -11.937 0.0000000000
90955  -60.784  9.648  -11.843 0.0000000000
90956  -61.247  9.042  -11.963 0.0000000000
90957  -59.398  9.948  -12.469 0.0000000000
90958  -60.196  9.846  -12.379 0.0000000000
90959  -60.756  9.454  -12.167 0.0000000000
91844  -56.035  9.828  -8.444 0.0000000000
91855  -55.819  10.592  -8.653 0.0000000000
91856  -56.530  10.304  -8.887 0.0000000000
91857  -57.194  10.005  -9.159 0.0000000000
91858  -57.934  9.808  -9.493 0.0000000000
91869  -49.052  10.197  -9.621 0.0000000000
91870  -49.777  10.639  -9.489 0.0000000000
91871  -50.494  10.535  -9.363 0.0000000000
91872  -51.448  10.295  -9.258 0.0000000000
91873  -52.432  10.371  -9.420 0.0000000000
91874  -53.264  10.372  -9.655 0.0000000000
91875  -54.037  10.273  -9.945 0.0000000000
91876  -57.692  10.981  -9.991 0.0000000000
91877  -58.431  10.473  -10.168 0.0000000000
91878  -59.489  10.268  -10.751 0.0000000000
91882  -43.806  9.646  -11.239 0.0000000000
91884  -45.797  9.812  -11.519 0.0000000000
91885  -46.886  9.898  -10.819 0.0000000000
91886  -53.630  10.934  -10.134 0.0000000000
91887  -54.327  10.745  -10.397 0.0000000000
91888  -54.975  10.894  -10.804 0.0000000000
91889  -55.722  10.308  -10.894 0.0000000000
91890  -59.145  10.981  -11.032 0.0000000000
91891  -59.911  10.687  -11.638 0.0000000000
91895  -43.741  10.223  -11.907 0.0000000000
91896  -43.927  10.399  -12.474 0.0000000000
91897  -44.683  9.875  -12.058 0.0000000000
91898  -55.615  11.014  -11.323 0.0000000000
91899  -56.418  10.708  -11.631 0.0000000000
91900  -57.218  10.747  -12.128 0.0000000000
91901  -57.785  10.333  -12.202 0.0000000000
91902  -59.916  10.811  -12.129 0.0000000000
91903  -60.373  10.183  -12.199 0.0000000000
91904  -58.772  10.615  -12.519 0.0000000000
91905  -59.568  10.783  -12.373 0.0000000000
91906  -57.814  11.043  -12.560 0.0000000000
91907  -58.866  11.445  -12.600 0.0000000000
91908  -59.010  11.601  -12.504 0.0000000000
92770  -55.575  11.355  -8.943 0.0000000000
92771  -56.345  11.052  -9.186 0.0000000000
92772  -57.051  10.696  -9.405 0.0000000000
92782  -49.311  11.126  -9.692 0.0000000000
92783  -50.141  11.245  -9.560 0.0000000000
92784  -51.007  11.201  -9.504 0.0000000000
92785  -51.925  11.139  -9.591 0.0000000000
92786  -52.818  11.061  -9.812 0.0000000000
92787  -56.145  11.870  -9.594 0.0000000000
92788  -56.989  11.423  -9.782 0.0000000000
92791  -43.617  10.919  -11.834 0.0000000000
92793  -46.836  10.672  -11.067 0.0000000000
92794  -47.787  11.477  -10.530 0.0000000000
92795  -48.826  11.728  -10.041 0.0000000000
92796  -49.728  11.863  -9.817 0.0000000000
92797  -50.599  11.894  -9.747 0.0000000000
92798  -51.461  11.844  -9.818 0.0000000000
92799  -52.379  11.808  -10.145 0.0000000000
92800  -57.811  11.731  -10.580 0.0000000000
92801  -58.764  11.600  -11.287 0.0000000000
92802  -59.486  11.323  -11.830 0.0000000000
92805  -43.312  11.187  -13.182 0.0000000000
92806  -43.580  10.816  -12.634 0.0000000000
92807  -44.765  10.544  -12.516 0.0000000000
92808  -45.867  10.602  -11.820 0.0000000000
92809  -46.829  11.511  -11.277 0.0000000000
92810  -55.073  12.295  -11.935 0.0000000000
92811  -55.934  11.643  -11.941 0.0000000000
92812  -59.084  11.981  -11.982 0.0000000000
92813  -43.383  11.542  -13.622 0.0000000000
92814  -43.617  10.973  -13.198 0.0000000000
92815  -44.090  10.778  -13.097 0.0000000000
92816  -55.820  12.377  -12.438 0.0000000000
92817  -56.653  12.176  -12.689 0.0000000000
92818  -58.900  12.079  -12.428 0.0000000000
92819  -59.295  11.521  -12.318 0.0000000000
92820  -57.667  12.033  -12.882 0.0000000000
92821  -58.481  11.987  -12.794 0.0000000000
93670  -55.668  12.571  -9.826 0.0000000000
93671  -56.322  12.441  -10.131 0.0000000000
93672  -56.909  12.088  -10.256 0.0000000000
93677  -47.566  12.341  -10.853 0.0000000000
93678  -48.451  12.388  -10.434 0.0000000000
93679  -49.358  12.463  -10.201 0.0000000000
93680  -50.223  12.495  -10.100 0.0000000000
93681  -51.076  12.447  -10.140 0.0000000000
93682  -52.314  12.449  -10.585 0.0000000000
93683  -53.154  12.234  -10.795 0.0000000000
93684  -53.910  12.285  -11.261 0.0000000000
93685  -56.816  12.641  -10.574 0.0000000000
93686  -57.556  12.489  -10.952 0.0000000000
93687  -58.417  12.271  -11.496 0.0000000000
93691  -43.137  11.783  -13.465 0.0000000000
93692  -43.425  11.566  -12.485 0.0000000000
93693  -44.907  11.329  -12.881 0.0000000000
93694  -45.901  12.369  -12.286 0.0000000000
93695  -46.778  12.375  -11.489 0.0000000000
93696  -52.569  12.928  -11.112 0.0000000000
93697  -53.472  12.926  -11.576 0.0000000000
93698  -54.290  12.610  -11.743 0.0000000000
93699  -58.107  12.996  -11.760 0.0000000000
93700  -58.629  12.521  -12.257 0.0000000000
93703  -43.966  11.319  -13.676 0.0000000000
93704  -44.886  12.176  -13.252 0.0000000000
93705  -54.652  12.885  -12.196 0.0000000000
93706  -55.291  12.902  -12.525 0.0000000000
93707  -56.276  12.994  -13.006 0.0000000000
93708  -58.270  13.292  -12.663 0.0000000000
93709  -58.565  12.478  -12.690 0.0000000000
93710  -58.992  12.165  -12.498 0.0000000000
93711  -42.960  11.978  -14.080 0.0000000000
93712  -43.453  11.958  -14.147 0.0000000000
93713  -57.420  12.834  -13.170 0.0000000000
93714  -58.234  12.668  -13.026 0.0000000000
93715  -58.571  12.340  -12.701 0.0000000000
94519  -55.249  13.231  -10.090 0.0000000000
94525  -48.193  13.063  -10.789 0.0000000000
94526  -49.038  13.093  -10.554 0.0000000000
94527  -49.880  13.082  -10.448 0.0000000000
94528  -50.726  13.054  -10.513 0.0000000000
94529  -55.675  13.804  -10.685 0.0000000000
94530  -56.209  13.084  -10.488 0.0000000000
94531  -57.179  13.135  -11.167 0.0000000000
94535  -43.288  12.527  -12.822 0.0000000000
94536  -46.883  13.371  -11.679 0.0000000000
94537  -47.916  13.624  -11.261 0.0000000000
94538  -48.777  13.683  -11.000 0.0000000000
94539  -49.616  13.644  -10.857 0.0000000000
94540  -50.335  13.532  -10.807 0.0000000000
94541  -51.154  13.679  -11.161 0.0000000000
94542  -52.730  13.544  -11.737 0.0000000000
94543  -53.512  13.686  -12.266 0.0000000000
94544  -54.099  13.137  -12.080 0.0000000000
94545  -57.688  13.854  -12.001 0.0000000000
94548  -42.843  12.644  -13.926 0.0000000000
94549  -43.282  13.390  -13.088 0.0000000000
94550  -44.679  12.983  -13.760 0.0000000000
94551  -45.869  13.436  -12.635 0.0000000000
94552  -52.754  14.081  -12.240 0.0000000000
94553  -53.872  14.178  -12.839 0.0000000000
94554  -54.551  13.534  -12.626 0.0000000000
94555  -55.472  13.434  -12.925 0.0000000000
94556  -58.355  13.051  -12.971 0.0000000000
94559  -42.840  13.283  -14.538 0.0000000000
94560  -43.040  12.695  -14.555 0.0000000000
94561  -43.683  12.646  -14.498 0.0000000000
94562  -56.144  13.832  -13.350 0.0000000000
94563  -57.171  13.631  -13.362 0.0000000000
94564  -57.998  13.441  -13.211 0.0000000000
94566  -42.947  13.513  -15.032 0.0000000000
95402  -54.593  13.977  -10.293 0.0000000000
95407  -53.984  14.573  -10.405 0.0000000000
95408  -55.332  14.506  -10.994 0.0000000000
95409  -56.913  14.474  -11.781 0.0000000000
95414  -46.808  14.106  -12.067 0.0000000000
95415  -47.614  14.200  -11.721 0.0000000000
95416  -48.517  14.262  -11.502 0.0000000000
95417  -49.402  14.227  -11.349 0.0000000000
95418  -50.276  14.081  -11.257 0.0000000000
95419  -51.964  14.110  -11.901 0.0000000000
95420  -56.967  15.062  -12.278 0.0000000000
95421  -57.535  14.624  -12.519 0.0000000000
95424  -43.754  14.493  -12.574 0.0000000000
95425  -45.388  14.113  -13.458 0.0000000000
95426  -46.422  14.488  -12.656 0.0000000000
95427  -47.369  14.709  -12.276 0.0000000000
95428  -48.258  14.788  -12.066 0.0000000000
95429  -49.171  14.767  -11.947 0.0000000000
95430  -50.082  14.674  -11.852 0.0000000000
95431  -51.574  14.809  -12.470 0.0000000000
95432  -52.377  14.613  -12.566 0.0000000000
95433  -53.535  14.796  -13.167 0.0000000000
95434  -55.172  13.993  -13.163 0.0000000000
95435  -57.785  14.753  -13.008 0.0000000000
95437  -42.833  13.900  -14.745 0.0000000000
95438  -43.339  13.386  -14.922 0.0000000000
95439  -44.236  13.593  -14.565 0.0000000000
95440  -46.089  15.048  -13.310 0.0000000000
95441  -53.250  15.506  -13.480 0.0000000000
95442  -54.144  14.570  -13.216 0.0000000000
95443  -55.800  14.613  -13.489 0.0000000000
95444  -56.977  14.547  -13.459 0.0000000000
95445  -57.646  14.713  -13.178 0.0000000000
95449  -42.946  14.268  -15.167 0.0000000000
95450  -43.175  13.984  -15.132 0.0000000000
95451  -43.722  14.186  -15.100 0.0000000000
95452  -56.387  15.444  -13.543 0.0000000000
95453  -57.179  15.383  -13.308 0.0000000000
96329  -53.292  14.902  -10.329 0.0000000000
96337  -52.741  15.620  -10.567 0.0000000000
96338  -53.534  15.553  -10.852 0.0000000000
96339  -54.270  15.436  -11.112 0.0000000000
96340  -55.097  15.253  -11.340 0.0000000000
96341  -56.119  15.036  -11.695 0.0000000000
96346  -55.692  15.854  -11.948 0.0000000000
96347  -56.642  15.794  -12.485 0.0000000000
96348  -57.396  15.343  -12.832 0.0000000000
96351  -43.376  14.863  -13.505 0.0000000000
96353  -47.053  15.217  -12.818 0.0000000000
96354  -47.960  15.305  -12.635 0.0000000000
96355  -48.881  15.309  -12.546 0.0000000000
96356  -49.826  15.233  -12.495 0.0000000000
96357  -51.290  15.396  -12.954 0.0000000000
96358  -52.015  15.221  -12.976 0.0000000000
96359  -52.772  15.021  -13.062 0.0000000000
96360  -57.155  16.058  -12.982 0.0000000000
96361  -57.458  15.415  -13.068 0.0000000000
96364  -42.900  14.716  -14.632 0.0000000000
96365  -44.894  14.806  -14.341 0.0000000000
96366  -45.981  15.688  -13.941 0.0000000000
96367  -47.623  15.725  -13.249 0.0000000000
96368  -48.531  15.781  -13.188 0.0000000000
96369  -49.493  15.757  -13.155 0.0000000000
96370  -50.526  15.666  -13.134 0.0000000000
96371  -51.642  15.761  -13.372 0.0000000000
96372  -52.401  15.662  -13.426 0.0000000000
96373  -54.228  15.274  -13.522 0.0000000000
96374  -55.309  15.333  -13.575 0.0000000000
96375  -57.130  16.009  -13.086 0.0000000000
96378  -43.017  15.144  -15.246 0.0000000000
96379  -43.355  14.836  -15.313 0.0000000000
96380  -44.068  14.994  -15.291 0.0000000000
96381  -44.931  15.741  -14.863 0.0000000000
96382  -54.975  16.148  -13.771 0.0000000000
96383  -55.790  15.942  -13.661 0.0000000000
96384  -56.309  16.124  -13.526 0.0000000000
96385  -56.831  15.998  -13.331 0.0000000000
96389  -43.381  15.814  -15.537 0.0000000000
97268  -51.520  16.439  -10.540 0.0000000000
97269  -52.278  16.335  -10.812 0.0000000000
97270  -53.084  16.235  -11.147 0.0000000000
97271  -53.935  16.133  -11.379 0.0000000000
97272  -54.792  16.004  -11.618 0.0000000000
97277  -54.499  16.776  -11.938 0.0000000000
97278  -55.387  16.605  -12.237 0.0000000000
97281  -43.578  15.840  -13.654 0.0000000000
97282  -56.434  17.207  -13.040 0.0000000000
97283  -56.721  16.683  -12.910 0.0000000000
97286  -43.321  16.308  -14.627 0.0000000000
97287  -47.027  16.155  -13.778 0.0000000000
97288  -48.087  16.312  -13.723 0.0000000000
97289  -49.073  16.347  -13.699 0.0000000000
97290  -50.060  16.327  -13.683 0.0000000000
97291  -51.052  16.249  -13.671 0.0000000000
97292  -51.970  16.330  -13.783 0.0000000000
97293  -52.894  16.270  -13.816 0.0000000000
97294  -53.883  16.149  -13.842 0.0000000000
97295  -56.463  17.135  -13.107 0.0000000000
97296  -56.835  16.619  -13.038 0.0000000000
97299  -43.213  15.958  -15.360 0.0000000000
97300  -43.976  15.842  -15.679 0.0000000000
97301  -44.979  16.394  -15.289 0.0000000000
97302  -46.122  16.486  -14.541 0.0000000000
97303  -47.498  16.763  -14.300 0.0000000000
97304  -48.598  16.877  -14.226 0.0000000000
97305  -49.594  16.917  -14.198 0.0000000000
97306  -50.543  16.922  -14.195 0.0000000000
97307  -51.453  16.926  -14.190 0.0000000000
97308  -53.622  16.980  -14.153 0.0000000000
97309  -54.603  16.925  -14.046 0.0000000000
97310  -55.890  16.570  -13.661 0.0000000000
97311  -56.561  16.644  -13.271 0.0000000000
97315  -43.400  16.622  -15.700 0.0000000000
97316  -43.624  16.647  -15.907 0.0000000000
98201  -51.183  17.110  -10.903 0.0000000000
98202  -52.597  17.064  -11.440 0.0000000000
98203  -53.578  16.904  -11.668 0.0000000000
98207  -50.854  17.818  -11.293 0.0000000000
98208  -51.743  17.628  -11.505 0.0000000000
98209  -53.316  17.692  -12.005 0.0000000000
98210  -54.222  17.565  -12.222 0.0000000000
98211  -55.256  17.540  -12.516 0.0000000000
98215  -55.973  17.802  -12.961 0.0000000000
98218  -43.837  16.875  -13.602 0.0000000000
98219  -56.062  17.682  -13.093 0.0000000000
98221  -43.229  17.228  -15.784 0.0000000000
98222  -45.673  17.056  -15.283 0.0000000000
98223  -46.871  17.241  -14.825 0.0000000000
98224  -48.006  17.522  -14.626 0.0000000000
98225  -49.078  17.576  -14.515 0.0000000000
98226  -50.069  17.666  -14.457 0.0000000000
98227  -51.004  17.628  -14.421 0.0000000000
98228  -51.773  17.571  -14.387 0.0000000000
98229  -52.490  18.071  -14.453 0.0000000000
98230  -54.533  17.779  -14.224 0.0000000000
98231  -55.289  17.629  -13.973 0.0000000000
98232  -55.990  17.333  -13.440 0.0000000000
98236  -43.304  17.367  -16.111 0.0000000000
98237  -43.889  17.490  -16.290 0.0000000000
98238  -45.112  17.661  -15.790 0.0000000000
98239  -46.382  17.805  -15.321 0.0000000000
98240  -47.310  17.866  -15.024 0.0000000000
99137  -50.511  18.617  -11.723 0.0000000000
99138  -52.069  18.481  -12.138 0.0000000000
99139  -53.099  18.464  -12.312 0.0000000000
99140  -54.057  18.373  -12.447 0.0000000000
99141  -54.840  18.225  -12.571 0.0000000000
99142  -55.468  18.426  -12.885 0.0000000000
99147  -55.171  19.062  -13.237 0.0000000000
99148  -55.602  18.365  -13.162 0.0000000000
99151  -43.585  18.645  -14.079 0.0000000000
99152  -43.929  17.809  -13.538 0.0000000000
99153  -55.277  18.987  -13.669 0.0000000000
99154  -55.629  18.136  -13.535 0.0000000000
99159  -43.182  18.671  -15.343 0.0000000000
99160  -47.964  18.268  -15.015 0.0000000000
99161  -48.622  18.744  -14.987 0.0000000000
99162  -49.500  18.481  -14.698 0.0000000000
99163  -50.661  18.554  -14.563 0.0000000000
99164  -51.599  18.280  -14.499 0.0000000000
99165  -52.390  18.988  -14.536 0.0000000000
99166  -53.444  18.792  -14.465 0.0000000000
99167  -54.641  18.804  -14.254 0.0000000000
99171  -43.066  17.893  -15.954 0.0000000000
99172  -43.660  18.188  -16.452 0.0000000000
99173  -44.563  18.341  -16.244 0.0000000000
99174  -45.871  18.486  -15.691 0.0000000000
99175  -47.125  18.554  -15.341 0.0000000000
99178  -43.226  18.042  -16.247 0.0000000000
100074  -49.899  19.275  -12.037 0.0000000000
100075  -51.254  18.895  -12.220 0.0000000000
100076  -52.805  19.206  -12.544 0.0000000000
100077  -53.995  19.307  -12.676 0.0000000000
100078  -54.887  18.960  -12.807 0.0000000000
100081  -43.384  20.054  -13.489 0.0000000000
100082  -53.497  19.992  -12.851 0.0000000000
100083  -54.769  19.663  -13.186 0.0000000000
100086  -43.299  19.500  -14.446 0.0000000000
100087  -54.896  19.765  -13.703 0.0000000000
100092  -42.994  19.657  -15.666 0.0000000000
100093  -49.247  19.326  -14.945 0.0000000000
100094  -50.101  19.330  -14.742 0.0000000000
100095  -50.972  19.498  -14.653 0.0000000000
100096  -51.861  19.660  -14.607 0.0000000000
100097  -52.816  19.844  -14.574 0.0000000000
100098  -54.280  19.628  -14.358 0.0000000000
100099  -54.936  19.809  -13.993 0.0000000000
100103  -43.242  19.341  -16.258 0.0000000000
100104  -43.987  19.094  -16.497 0.0000000000
100105  -45.292  19.209  -16.031 0.0000000000
100106  -47.097  20.001  -15.632 0.0000000000
100107  -47.558  19.364  -15.429 0.0000000000
100108  -48.421  19.403  -15.224 0.0000000000
100109  -49.014  20.044  -15.178 0.0000000000
100110  -53.294  20.524  -14.552 0.0000000000
100111  -53.824  20.157  -14.470 0.0000000000
100115  -43.362  18.627  -16.377 0.0000000000
100987  -50.259  19.874  -12.567 0.0000000000
100988  -51.281  19.724  -12.653 0.0000000000
100989  -52.399  19.885  -12.770 0.0000000000
100994  -49.785  20.681  -12.859 0.0000000000
100995  -51.923  20.575  -13.095 0.0000000000
100996  -53.101  20.689  -13.135 0.0000000000
100997  -54.093  20.664  -13.319 0.0000000000
100998  -54.618  20.339  -13.585 0.0000000000
101002  -54.456  21.237  -13.867 0.0000000000
101003  -54.724  20.522  -13.955 0.0000000000
101008  -42.917  20.711  -15.365 0.0000000000
101009  -50.476  20.158  -14.852 0.0000000000
101010  -51.406  20.334  -14.744 0.0000000000
101011  -52.397  20.441  -14.651 0.0000000000
101012  -54.514  21.194  -13.982 0.0000000000
101013  -54.630  20.467  -14.121 0.0000000000
101017  -43.008  20.953  -15.676 0.0000000000
101018  -43.509  20.829  -15.982 0.0000000000
101019  -44.581  20.757  -16.066 0.0000000000
101020  -47.485  20.571  -15.621 0.0000000000
101021  -48.057  20.133  -15.428 0.0000000000
101022  -49.774  20.742  -15.177 0.0000000000
101023  -50.920  21.139  -15.012 0.0000000000
101024  -52.036  21.162  -14.799 0.0000000000
101025  -53.237  21.278  -14.569 0.0000000000
101026  -54.141  20.952  -14.343 0.0000000000
101813  -42.873  21.298  -13.035 0.0000000000
101814  -48.428  21.770  -12.568 0.0000000000
101815  -49.802  21.578  -13.232 0.0000000000
101816  -50.704  21.884  -13.398 0.0000000000
101817  -52.601  21.529  -13.373 0.0000000000
101818  -53.777  21.466  -13.510 0.0000000000
101819  -54.045  22.152  -13.841 0.0000000000
101823  -42.606  22.009  -13.498 0.0000000000
101824  -42.793  21.276  -14.261 0.0000000000
101825  -54.247  21.985  -13.998 0.0000000000
101828  -42.667  22.005  -14.319 0.0000000000
101829  -42.835  21.573  -15.077 0.0000000000
101834  -43.388  21.635  -15.486 0.0000000000
101835  -44.364  21.516  -15.778 0.0000000000
101836  -45.437  21.464  -15.878 0.0000000000
101837  -47.438  21.248  -15.757 0.0000000000
101838  -48.338  21.436  -15.630 0.0000000000
101839  -49.277  21.572  -15.489 0.0000000000
101840  -50.976  22.058  -15.257 0.0000000000
101841  -51.759  21.923  -15.026 0.0000000000
101842  -52.728  21.977  -14.707 0.0000000000
101843  -54.179  21.752  -14.160 0.0000000000
102585  -47.411  22.623  -11.901 0.0000000000
102590  -42.419  22.694  -12.904 0.0000000000
102591  -48.157  22.523  -12.546 0.0000000000
102592  -50.040  22.423  -13.396 0.0000000000
102593  -50.978  22.765  -13.473 0.0000000000
102594  -51.868  22.280  -13.458 0.0000000000
102595  -52.921  22.931  -13.588 0.0000000000
102596  -53.622  22.766  -13.807 0.0000000000
102601  -42.514  22.770  -13.870 0.0000000000
102602  -53.805  22.804  -14.015 0.0000000000
102606  -42.845  22.477  -14.700 0.0000000000
102607  -43.525  22.581  -15.127 0.0000000000
102608  -53.951  22.492  -14.060 0.0000000000
102614  -45.114  22.210  -15.652 0.0000000000
102615  -46.192  22.210  -15.894 0.0000000000
102616  -46.981  22.657  -16.117 0.0000000000
102617  -47.763  22.524  -16.116 0.0000000000
102618  -48.728  22.356  -15.857 0.0000000000
102619  -49.959  22.543  -15.584 0.0000000000
102620  -51.011  22.928  -15.393 0.0000000000
102621  -52.470  22.792  -14.828 0.0000000000
102622  -53.344  22.687  -14.408 0.0000000000
103315  -41.771  24.103  -12.134 0.0000000000
103316  -42.146  23.396  -12.509 0.0000000000
103317  -47.708  23.496  -12.432 0.0000000000
103318  -48.674  23.271  -13.032 0.0000000000
103319  -49.620  23.174  -13.364 0.0000000000
103320  -50.394  23.160  -13.468 0.0000000000
103321  -52.023  23.439  -13.547 0.0000000000
103322  -52.919  23.704  -13.731 0.0000000000
103323  -53.392  23.363  -13.858 0.0000000000
103327  -53.084  23.989  -13.952 0.0000000000
103328  -53.441  23.472  -13.985 0.0000000000
103333  -42.397  23.691  -13.813 0.0000000000
103334  -43.190  23.321  -14.645 0.0000000000
103335  -43.988  23.544  -14.961 0.0000000000
103336  -53.169  23.837  -14.097 0.0000000000
103337  -53.590  23.176  -14.055 0.0000000000
103343  -44.687  23.822  -15.243 0.0000000000
103344  -45.411  23.721  -15.537 0.0000000000
103345  -46.317  23.644  -15.994 0.0000000000
103346  -47.544  23.225  -16.333 0.0000000000
103347  -48.424  23.191  -16.309 0.0000000000
103348  -49.520  23.465  -16.082 0.0000000000
103349  -50.641  23.711  -15.672 0.0000000000
103350  -51.623  24.032  -15.312 0.0000000000
103351  -52.657  23.667  -14.656 0.0000000000
103356  -47.201  23.974  -16.520 0.0000000000
103357  -48.108  23.893  -16.621 0.0000000000
103358  -48.890  23.894  -16.504 0.0000000000
104082  -41.336  24.818  -11.487 0.0000000000
104083  -45.778  24.596  -11.110 0.0000000000
104084  -46.478  24.153  -11.523 0.0000000000
104085  -46.974  23.399  -11.696 0.0000000000
104089  -42.002  24.124  -13.135 0.0000000000
104090  -46.810  24.675  -12.222 0.0000000000
104091  -47.539  24.458  -12.626 0.0000000000
104092  -48.366  24.214  -13.061 0.0000000000
104093  -49.342  24.081  -13.395 0.0000000000
104094  -50.466  24.057  -13.551 0.0000000000
104095  -51.662  24.300  -13.668 0.0000000000
104098  -41.606  25.000  -12.592 0.0000000000
104099  -42.308  24.559  -13.771 0.0000000000
104100  -48.047  25.089  -13.255 0.0000000000
104101  -49.038  24.932  -13.516 0.0000000000
104102  -50.109  24.964  -13.698 0.0000000000
104103  -51.248  24.993  -13.832 0.0000000000
104104  -52.115  24.766  -13.926 0.0000000000
104105  -52.527  24.223  -13.787 0.0000000000
104109  -42.822  24.126  -14.246 0.0000000000
104110  -43.572  24.202  -14.653 0.0000000000
104111  -44.316  24.381  -15.047 0.0000000000
104112  -51.616  25.278  -14.336 0.0000000000
104113  -52.271  24.694  -14.281 0.0000000000
104114  -52.831  24.284  -14.060 0.0000000000
104120  -45.105  24.496  -15.460 0.0000000000
104121  -45.928  24.455  -15.919 0.0000000000
104122  -50.365  24.398  -15.976 0.0000000000
104123  -51.298  24.959  -15.469 0.0000000000
104124  -52.601  24.264  -14.441 0.0000000000
104130  -46.357  25.097  -16.532 0.0000000000
104131  -47.088  24.860  -16.903 0.0000000000
104132  -47.902  24.664  -16.994 0.0000000000
104133  -48.807  24.612  -16.782 0.0000000000
104134  -49.650  24.505  -16.410 0.0000000000
104135  -50.553  25.387  -16.084 0.0000000000
104904  -40.732  26.187  -12.034 0.0000000000
104905  -41.188  25.483  -11.980 0.0000000000
104906  -44.989  25.833  -11.646 0.0000000000
104907  -45.477  25.253  -11.358 0.0000000000
104908  -46.142  24.939  -11.801 0.0000000000
104912  -41.303  25.783  -12.554 0.0000000000
104913  -46.456  25.308  -12.493 0.0000000000
104914  -47.211  25.153  -12.813 0.0000000000
104918  -41.649  25.746  -13.230 0.0000000000
104919  -42.171  25.425  -13.756 0.0000000000
104920  -46.822  25.687  -13.166 0.0000000000
104921  -47.492  25.549  -13.336 0.0000000000
104922  -48.789  25.641  -13.790 0.0000000000
104923  -49.761  25.621  -13.937 0.0000000000
104924  -50.775  25.679  -14.233 0.0000000000
104929  -42.704  25.108  -14.162 0.0000000000
104930  -43.880  25.022  -14.805 0.0000000000
104931  -44.665  25.318  -15.416 0.0000000000
104932  -51.170  25.905  -14.886 0.0000000000
104937  -43.993  25.754  -15.121 0.0000000000
104938  -45.583  25.237  -15.984 0.0000000000
104939  -51.004  25.839  -15.467 0.0000000000
104944  -45.224  26.010  -16.282 0.0000000000
104945  -45.980  25.781  -16.835 0.0000000000
104946  -46.779  25.598  -17.404 0.0000000000
104947  -47.690  25.360  -17.441 0.0000000000
104948  -48.750  25.497  -17.247 0.0000000000
104949  -49.695  25.435  -16.675 0.0000000000
104953  -46.228  26.110  -17.644 0.0000000000
104954  -46.729  26.244  -18.076 0.0000000000
104955  -47.471  26.007  -17.895 0.0000000000
104956  -48.234  25.978  -17.678 0.0000000000
105750  -40.061  26.237  -11.089 0.0000000000
105760  -39.390  26.779  -11.405 0.0000000000
105766  -40.071  26.817  -11.919 0.0000000000
105767  -40.578  26.816  -12.585 0.0000000000
105768  -41.146  26.395  -12.875 0.0000000000
105769  -44.604  26.629  -12.749 0.0000000000
105770  -45.196  26.101  -12.469 0.0000000000
105771  -45.989  25.851  -12.901 0.0000000000
105775  -40.923  27.172  -13.392 0.0000000000
105776  -41.481  26.488  -13.428 0.0000000000
105777  -41.942  26.235  -13.812 0.0000000000
105778  -44.753  26.956  -13.496 0.0000000000
105779  -46.448  26.252  -13.622 0.0000000000
105780  -47.445  26.103  -13.831 0.0000000000
105781  -48.460  26.174  -14.189 0.0000000000
105782  -49.577  26.218  -14.404 0.0000000000
105787  -42.155  26.897  -14.413 0.0000000000
105788  -42.545  26.006  -14.227 0.0000000000
105789  -43.295  25.683  -14.628 0.0000000000
105790  -45.340  26.940  -13.954 0.0000000000
105791  -46.035  26.772  -14.173 0.0000000000
105792  -46.983  26.678  -14.393 0.0000000000
105793  -47.981  26.668  -14.641 0.0000000000
105794  -50.048  26.765  -15.208 0.0000000000
105795  -50.519  26.255  -14.741 0.0000000000
105798  -42.936  26.582  -14.849 0.0000000000
105799  -43.671  26.397  -15.302 0.0000000000
105800  -44.438  26.234  -15.754 0.0000000000
105801  -50.060  26.938  -15.962 0.0000000000
105802  -50.586  26.362  -15.426 0.0000000000
105807  -44.062  26.894  -16.258 0.0000000000
105808  -44.780  26.620  -16.776 0.0000000000
105809  -45.528  26.416  -17.432 0.0000000000
105810  -48.998  26.607  -17.410 0.0000000000
105811  -49.674  26.912  -16.653 0.0000000000
105812  -50.340  26.337  -16.184 0.0000000000
105816  -45.180  26.736  -18.367 0.0000000000
105817  -45.976  26.499  -18.203 0.0000000000
105818  -47.320  26.633  -18.222 0.0000000000
105819  -48.122  26.589  -17.924 0.0000000000
105824  -45.597  26.842  -18.692 0.0000000000
105825  -46.502  26.839  -18.484 0.0000000000
105826  -47.222  27.191  -18.412 0.0000000000
106648  -37.819  27.373  -11.695 0.0000000000
106649  -38.712  27.279  -11.671 0.0000000000
106653  -37.367  27.799  -12.250 0.0000000000
106654  -38.271  27.851  -12.295 0.0000000000
106655  -39.179  27.728  -12.426 0.0000000000
106656  -40.044  27.421  -12.674 0.0000000000
106658  -44.062  27.213  -12.964 0.0000000000
106663  -39.589  28.026  -13.104 0.0000000000
106664  -40.205  27.850  -13.455 0.0000000000
106665  -43.625  27.881  -13.250 0.0000000000
106666  -44.311  27.513  -13.734 0.0000000000
106667  -44.924  27.272  -14.075 0.0000000000
106672  -40.705  27.902  -14.079 0.0000000000
106673  -41.408  27.444  -14.252 0.0000000000
106674  -43.925  28.109  -14.136 0.0000000000
106675  -44.703  27.741  -14.494 0.0000000000
106676  -45.571  27.392  -14.623 0.0000000000
106677  -46.570  27.270  -14.915 0.0000000000
106678  -47.534  27.227  -15.156 0.0000000000
106679  -48.522  27.259  -15.405 0.0000000000
106680  -49.459  27.224  -15.715 0.0000000000
106685  -41.862  27.714  -15.042 0.0000000000
106686  -42.578  27.370  -15.290 0.0000000000
106687  -43.321  27.149  -15.735 0.0000000000
106688  -45.295  28.060  -15.265 0.0000000000
106689  -46.201  27.847  -15.489 0.0000000000
106690  -47.132  27.771  -15.706 0.0000000000
106691  -48.045  27.763  -15.908 0.0000000000
106692  -48.840  27.688  -16.167 0.0000000000
106693  -49.387  27.379  -16.426 0.0000000000
106696  -42.826  27.720  -16.420 0.0000000000
106697  -43.575  27.447  -17.044 0.0000000000
106698  -44.296  27.024  -17.505 0.0000000000
106699  -48.797  27.860  -16.821 0.0000000000
106700  -49.117  27.400  -17.100 0.0000000000
106710  -42.664  27.438  -18.000 0.0000000000
106711  -43.561  27.030  -18.510 0.0000000000
106712  -44.388  26.869  -18.586 0.0000000000
106713  -47.958  27.340  -18.071 0.0000000000
106714  -48.493  27.797  -17.379 0.0000000000
106721  -42.593  26.790  -19.349 0.0000000000
106722  -43.604  26.893  -19.308 0.0000000000
106723  -44.705  26.856  -18.972 0.0000000000
106724  -45.330  27.243  -19.081 0.0000000000
106725  -46.794  27.687  -18.598 0.0000000000
106726  -47.492  27.784  -18.242 0.0000000000
106727  -47.883  28.117  -17.731 0.0000000000
106734  -42.600  26.807  -19.838 0.0000000000
106735  -43.472  27.097  -19.648 0.0000000000
106736  -44.411  27.278  -19.392 0.0000000000
107515  -36.826  28.181  -12.760 0.0000000000
107516  -37.777  28.430  -12.904 0.0000000000
107517  -38.796  28.304  -12.936 0.0000000000
107523  -38.447  28.768  -13.558 0.0000000000
107524  -39.352  28.531  -13.656 0.0000000000
107525  -40.060  28.343  -13.955 0.0000000000
107532  -38.888  29.022  -14.158 0.0000000000
107533  -39.617  28.892  -14.573 0.0000000000
107534  -40.429  28.494  -14.657 0.0000000000
107535  -41.166  28.157  -14.838 0.0000000000
107537  -44.414  28.412  -14.993 0.0000000000
107543  -40.745  28.673  -15.554 0.0000000000
107544  -41.562  28.379  -15.928 0.0000000000
107545  -42.237  27.959  -15.864 0.0000000000
107547  -45.088  28.786  -15.969 0.0000000000
107548  -45.895  28.391  -15.958 0.0000000000
107549  -46.817  28.400  -16.359 0.0000000000
107550  -47.642  28.164  -16.342 0.0000000000
107551  -48.269  28.108  -16.602 0.0000000000
107562  -41.388  28.267  -17.203 0.0000000000
107563  -42.163  28.106  -16.871 0.0000000000
107564  -45.439  29.323  -16.790 0.0000000000
107565  -46.059  28.873  -16.675 0.0000000000
107566  -46.880  28.949  -17.253 0.0000000000
107567  -47.654  28.537  -16.897 0.0000000000
107578  -41.827  27.623  -17.913 0.0000000000
107579  -46.945  28.959  -17.872 0.0000000000
107580  -47.495  28.578  -17.461 0.0000000000
107581  -48.171  28.273  -17.126 0.0000000000
107592  -46.062  27.895  -18.987 0.0000000000
107593  -46.653  28.600  -18.452 0.0000000000
107594  -47.309  28.401  -18.087 0.0000000000
107599  -43.124  27.509  -19.863 0.0000000000
107600  -43.973  27.912  -19.650 0.0000000000
107601  -44.672  28.245  -19.461 0.0000000000
107602  -45.316  28.016  -19.308 0.0000000000
107603  -45.960  28.795  -18.814 0.0000000000
108306  -37.683  28.886  -13.603 0.0000000000
108311  -37.099  29.142  -14.097 0.0000000000
108312  -38.046  29.235  -14.309 0.0000000000
108313  -38.772  29.322  -14.968 0.0000000000
108322  -39.402  29.218  -15.718 0.0000000000
108332  -40.102  28.898  -16.528 0.0000000000
108333  -46.062  29.349  -17.368 0.0000000000
108342  -45.948  29.656  -17.928 0.0000000000
108343  -46.503  29.284  -17.751 0.0000000000
108355  -44.948  29.825  -18.758 0.0000000000
108356  -45.689  29.561  -18.446 0.0000000000
108357  -46.390  29.285  -18.172 0.0000000000
108362  -43.662  28.831  -19.592 0.0000000000
108363  -44.468  29.047  -19.358 0.0000000000
108364  -45.208  28.988  -19.124 0.0000000000
131618  -64.643  1.977  -9.207 0.0000000000
131676  -49.101  -51.436  -11.234 0.0000000000
131769  -58.181  -31.790  -14.215 0.0000000000
131859  -44.501  26.403  -11.940 0.0000000000
132063  -49.949  -60.678  1.677 0.0000000000
132109  -48.475  -55.039  -7.417 0.0000000000
132115  -61.755  -29.428  -8.216 0.0000000000
132222  -47.148  -60.454  1.851 0.0000000000
132280  -50.086  -48.171  -11.431 0.0000000000
132367  -49.643  -58.085  -4.231 0.0000000000
132385  -51.613  25.301  -14.855 0.0000000000
132416  -46.455  -47.794  -16.018 0.0000000000
132422  -49.151  6.289  -8.697 0.0000000000
132544  -50.484  -55.727  -6.969 0.0000000000
132578  -50.753  -59.353  1.023 0.0000000000
132598  -48.119  -12.532  -11.463 0.0000000000
132642  -46.282  -11.628  -14.025 0.0000000000
132643  -51.157  7.234  -8.626 0.0000000000
132647  -46.018  -60.726  1.259 0.0000000000
132687  -50.646  -56.557  -5.500 0.0000000000
132706  -57.042  -2.170  -7.900 0.0000000000
132713  -54.170  9.054  -9.498 0.0000000000
132723  -45.693  25.522  -12.132 0.0000000000
132734  -50.590  -18.192  -8.967 0.0000000000
132747  -53.028  1.888  -7.590 0.0000000000
132765  -59.336  -14.801  -10.384 0.0000000000
132808  -63.777  1.697  -9.450 0.0000000000
132835  -60.157  1.542  -8.093 0.0000000000
133160  -40.109  28.944  -15.337 0.0000000000
133315  -49.118  -56.784  -6.026 0.0000000000
133374  -58.021  -34.015  -14.118 0.0000000000
133461  -55.244  4.118  -8.692 0.0000000000
133492  -60.283  -3.112  -8.622 0.0000000000
133543  -58.848  9.662  -9.945 0.0000000000
133625  -51.078  -17.204  -10.035 0.0000000000
133646  -60.166  -16.629  -10.348 0.0000000000
133768  -55.768  0.650  -7.396 0.0000000000
133875  -54.079  -28.732  -11.402 0.0000000000
134008  -54.467  -30.235  -15.232 0.0000000000
134118  -63.242  3.419  -9.841 0.0000000000
134141  -41.601  26.856  -13.845 0.0000000000
134202  -62.247  -15.626  -9.341 0.0000000000
134213  -48.025  -50.231  -8.144 0.0000000000
134305  -44.868  26.735  -17.803 0.0000000000
134320  -44.338  -47.430  -13.523 0.0000000000
134357  -61.654  -8.456  -9.889 0.0000000000
134363  -47.708  -51.787  -13.179 0.0000000000
134417  -63.581  -2.055  -9.218 0.0000000000
134427  -56.082  -28.467  -10.842 0.0000000000
134449  -48.017  25.710  -13.668 0.0000000000
134484  -56.113  17.135  -12.745 0.0000000000
134524  -56.142  -2.260  -7.843 0.0000000000
134547  -48.746  20.779  -15.403 0.0000000000
134574  -57.101  -42.430  -12.489 0.0000000000
134609  -59.910  -1.238  -7.885 0.0000000000
134703  -43.654  -40.701  -13.372 0.0000000000
134807  -47.875  -11.535  -8.151 0.0000000000
134964  -47.455  -46.224  -10.628 0.0000000000
134966  -56.792  -35.408  -6.624 0.0000000000
135051  -54.460  -24.581  -14.924 0.0000000000
135084  -42.696  -19.272  -11.757 0.0000000000
135089  -44.228  -17.183  -10.251 0.0000000000
135113  -50.058  -11.740  -12.664 0.0000000000
135117  -46.426  22.915  -15.955 0.0000000000
135129  -46.931  -51.870  -14.323 0.0000000000
135188  -42.842  -25.425  -11.046 0.0000000000
135201  -54.557  -33.988  -6.259 0.0000000000
135330  -54.303  20.050  -13.071 0.0000000000
135440  -43.609  -13.284  -12.483 0.0000000000
135464  -51.909  -19.996  -7.214 0.0000000000
135521  -49.625  26.226  -16.917 0.0000000000
135540  -46.031  27.238  -18.808 0.0000000000
135543  -48.474  -13.682  -13.576 0.0000000000
135561  -44.605  -19.929  -12.535 0.0000000000
135577  -52.773  -37.890  -12.463 0.0000000000
135614  -47.561  -14.004  -7.909 0.0000000000
135681  -51.046  2.728  -8.116 0.0000000000
135685  -46.272  7.123  -9.665 0.0000000000
135694  -58.101  13.982  -13.100 0.0000000000
135724  -62.164  -27.683  -8.696 0.0000000000
135888  -42.525  -21.666  -11.201 0.0000000000
135894  -44.835  -48.930  -15.192 0.0000000000
135918  -47.332  -32.086  -9.988 0.0000000000
135929  -61.564  -1.976  -6.514 0.0000000000
135968  -50.742  -53.825  -7.245 0.0000000000
136018  -57.357  -6.962  -8.564 0.0000000000
136019  -48.244  7.917  -9.425 0.0000000000
136146  -47.057  -60.891  0.678 0.0000000000
136169  -44.649  -46.147  -8.928 0.0000000000
136209  -48.759  -51.632  -12.538 0.0000000000
136336  -56.062  1.551  -7.457 0.0000000000
136361  -59.938  -29.783  -9.908 0.0000000000
136378  -55.531  -14.957  -7.130 0.0000000000
136406  -62.609  -2.752  -7.160 0.0000000000
136417  -44.915  -14.127  -13.488 0.0000000000
136431  -52.475  -5.558  -10.743 0.0000000000
136473  -53.222  6.885  -8.745 0.0000000000
136491  -43.323  -23.046  -10.554 0.0000000000
136505  -43.866  -27.492  -10.747 0.0000000000
136642  -55.467  6.162  -9.565 0.0000000000
136649  -53.137  14.407  -12.678 0.0000000000
136652  -53.307  -36.798  -12.505 0.0000000000
136829  -42.981  15.528  -14.912 0.0000000000
136837  -44.487  -38.597  -12.011 0.0000000000
136854  -55.797  -45.047  -13.372 0.0000000000
136881  -65.514  -2.155  -9.709 0.0000000000
137002  -51.688  -3.598  -9.861 0.0000000000
137049  -50.362  -19.450  -8.648 0.0000000000
137164  -51.142  4.181  -8.303 0.0000000000
137214  -50.828  -30.699  -13.902 0.0000000000
137230  -43.022  20.239  -16.028 0.0000000000
137278  -54.594  -24.777  -14.496 0.0000000000
137339  -65.651  -2.009  -9.539 0.0000000000
137363  -45.751  -50.344  -14.754 0.0000000000
137471  -53.151  -1.853  -8.266 0.0000000000
137472  -50.910  -34.807  -14.955 0.0000000000
137505  -52.108  -40.008  -12.974 0.0000000000
137523  -43.883  -17.867  -12.563 0.0000000000
137652  -57.518  -30.564  -10.621 0.0000000000
137709  -55.401  -2.109  -7.824 0.0000000000
137776  -58.449  -2.757  -8.272 0.0000000000
137806  -57.818  -41.965  -10.399 0.0000000000
137855  -43.333  -21.095  -10.398 0.0000000000
137874  -44.462  -47.613  -14.497 0.0000000000
137896  -50.994  -58.967  2.812 0.0000000000
137970  -64.273  -5.231  -3.227 0.0000000000
138049  -54.107  11.548  -10.784 0.0000000000
138165  -40.756  25.575  -11.284 0.0000000000
138175  -48.217  -44.797  -14.104 0.0000000000
138241  -59.627  -3.070  -8.505 0.0000000000
138414  -44.435  -47.224  -12.450 0.0000000000
138452  -59.730  -11.556  -9.653 0.0000000000
138493  -53.340  19.465  -14.512 0.0000000000
138528  -45.280  -49.881  -11.818 0.0000000000
138538  -45.705  20.732  -15.977 0.0000000000
138551  -48.816  -16.282  -8.585 0.0000000000
138581  -43.203  -17.944  -11.713 0.0000000000
138590  -54.601  -38.996  -15.816 0.0000000000
138718  -52.821  -23.344  -13.158 0.0000000000
138749  -61.600  -16.182  -9.633 0.0000000000
138793  -51.322  -59.750  -0.394 0.0000000000
138862  -45.894  11.433  -12.061 0.0000000000
138952  -52.190  -13.056  -4.748 0.0000000000
139026  -50.935  -40.155  -14.933 0.0000000000
139030  -51.606  22.588  -15.174 0.0000000000
139117  -45.294  -25.072  -9.721 0.0000000000
139173  -58.659  -9.766  -7.840 0.0000000000
139199  -61.679  3.302  -6.960 0.0000000000
139218  -54.192  -17.883  -6.425 0.0000000000
139260  -52.901  6.157  -8.610 0.0000000000
139319  -54.518  14.791  -10.782 0.0000000000
139357  -60.996  -30.041  -10.352 0.0000000000
139450  -52.100  -9.135  -5.019 0.0000000000
139504  -46.456  21.397  -15.913 0.0000000000
139515  -54.430  -0.301  -7.526 0.0000000000
139610  -51.516  -37.868  -14.673 0.0000000000
139657  -60.730  -0.987  -8.103 0.0000000000
139661  -60.596  -9.728  -9.610 0.0000000000
139673  -46.663  -15.168  -11.656 0.0000000000
139706  -44.631  -21.954  -12.075 0.0000000000
139758  -46.403  -49.444  -9.964 0.0000000000
139787  -43.622  19.343  -13.449 0.0000000000
139838  -47.198  -44.985  -11.007 0.0000000000
139931  -58.003  14.155  -12.795 0.0000000000
139983  -49.046  26.769  -14.891 0.0000000000
140000  -57.022  -18.626  -9.038 0.0000000000
140068  -60.607  -16.661  -7.993 0.0000000000
140126  -58.986  -38.482  -8.861 0.0000000000
140204  -53.454  -51.193  -11.780 0.0000000000
140236  -50.327  4.087  -8.394 0.0000000000
140255  -49.554  -24.779  -13.300 0.0000000000
140311  -49.412  3.984  -8.473 0.0000000000
140382  -46.799  15.594  -13.366 0.0000000000
140475  -43.666  -27.976  -10.978 0.0000000000
140496  -51.924  19.216  -12.477 0.0000000000
140500  -44.664  22.993  -15.336 0.0000000000
140635  -60.104  -31.027  -11.450 0.0000000000
140760  -61.653  3.020  -9.552 0.0000000000
140766  -49.384  -40.602  -13.759 0.0000000000
140795  -56.109  14.293  -11.262 0.0000000000
140829  -54.982  -32.157  -11.378 0.0000000000
140904  -47.518  -30.282  -12.665 0.0000000000
140913  -56.672  -6.884  -7.979 0.0000000000
141004  -50.941  -19.808  -10.966 0.0000000000
141043  -51.560  -28.928  -14.118 0.0000000000
141048  -57.149  -33.471  -14.299 0.0000000000
141050  -53.701  -48.318  -11.320 0.0000000000
141107  -42.291  23.330  -13.276 0.0000000000
141151  -57.307  3.652  -8.791 0.0000000000
141177  -47.109  21.975  -15.983 0.0000000000
141202  -52.183  6.240  -8.542 0.0000000000
141302  -47.364  -40.506  -12.238 0.0000000000
141521  -52.947  -9.181  -5.303 0.0000000000
141531  -64.423  -6.541  -8.878 0.0000000000
141547  -64.480  2.106  -7.497 0.0000000000
141564  -55.386  16.946  -13.874 0.0000000000
141576  -55.281  -18.556  -7.494 0.0000000000
141599  -50.989  14.449  -11.816 0.0000000000
141649  -50.559  -32.374  -13.766 0.0000000000
141799  -50.922  -23.898  -11.674 0.0000000000
141872  -53.595  -22.396  -15.213 0.0000000000
141873  -51.951  23.360  -15.112 0.0000000000
141933  -58.931  -8.153  -7.784 0.0000000000
141978  -51.124  -19.528  -7.378 0.0000000000
142190  -52.136  -48.345  -9.923 0.0000000000
142201  -44.504  -46.243  -11.010 0.0000000000
142237  -49.973  -9.657  -5.179 0.0000000000
142355  -46.057  20.001  -15.876 0.0000000000
142442  -44.201  -44.038  -10.546 0.0000000000
142462  -53.643  -30.218  -14.998 0.0000000000
142507  -43.176  -26.198  -11.084 0.0000000000
142563  -57.203  -15.142  -8.960 0.0000000000
142610  -56.481  -14.991  -8.170 0.0000000000
142642  -45.685  8.945  -11.042 0.0000000000
142664  -46.668  -46.789  -13.412 0.0000000000
142674  -54.818  14.632  -13.351 0.0000000000
142705  -42.551  -22.357  -11.695 0.0000000000
142728  -53.688  -28.084  -15.290 0.0000000000
142749  -46.334  -23.096  -11.664 0.0000000000
142770  -45.413  -46.473  -15.531 0.0000000000
142791  -47.869  21.895  -15.857 0.0000000000
142881  -45.458  26.460  -13.357 0.0000000000
142883  -45.703  22.937  -15.677 0.0000000000
142910  -44.556  -46.178  -10.242 0.0000000000
142949  -52.979  -20.715  -13.486 0.0000000000
142966  -54.734  -22.107  -7.280 0.0000000000
142984  -52.515  -6.023  -10.104 0.0000000000
143036  -53.530  -21.200  -14.600 0.0000000000
143042  -64.888  -2.077  -9.723 0.0000000000
143062  -51.971  -24.984  -12.171 0.0000000000
143079  -53.532  -21.687  -15.036 0.0000000000
143092  -55.413  -27.365  -14.903 0.0000000000
143096  -55.790  -33.038  -14.150 0.0000000000
143109  -53.514  -35.135  -12.057 0.0000000000
143115  -43.715  20.034  -16.312 0.0000000000
143127  -49.303  -9.690  -6.519 0.0000000000
143134  -65.663  -2.015  -9.010 0.0000000000
143138  -51.920  -25.526  -14.214 0.0000000000
143152  -59.518  -6.293  -9.523 0.0000000000
143167  -52.136  -27.794  -10.758 0.0000000000
143176  -56.620  13.758  -11.218 0.0000000000
143188  -45.355  -43.071  -14.787 0.0000000000
143202  -50.220  21.698  -15.321 0.0000000000
143304  -46.261  -17.177  -12.857 0.0000000000
143312  -52.933  9.701  -9.314 0.0000000000
143336  -44.395  16.809  -15.836 0.0000000000
143370  -44.852  19.987  -16.182 0.0000000000
143456  -63.516  4.129  -8.299 0.0000000000
143580  -56.245  -36.321  -15.867 0.0000000000
143605  -61.023  -0.684  -5.758 0.0000000000
143622  -47.609  10.602  -10.495 0.0000000000
143661  -60.198  3.437  -9.455 0.0000000000
143664  -45.499  -26.964  -11.650 0.0000000000
143700  -49.736  -27.372  -12.392 0.0000000000
143791  -51.380  -12.948  -4.544 0.0000000000
143827  -55.385  3.385  -8.262 0.0000000000
143864  -44.540  -47.042  -11.443 0.0000000000
143868  -64.689  -0.657  -9.614 0.0000000000
143924  -53.715  -39.120  -14.662 0.0000000000
143927  -53.178  -50.216  -10.978 0.0000000000
143985  -56.482  8.959  -10.702 0.0000000000
144007  -51.982  -39.036  -15.885 0.0000000000
144017  -57.717  14.087  -13.280 0.0000000000
144040  -53.099  -50.831  -13.021 0.0000000000
144059  -50.576  -59.192  0.269 0.0000000000
144129  -64.066  -0.671  -7.189 0.0000000000
144150  -51.783  -6.203  -10.895 0.0000000000
144202  -49.939  9.976  -9.320 0.0000000000
144217  -55.537  -34.422  -6.058 0.0000000000
144244  -55.139  -8.087  -6.588 0.0000000000
144262  -52.766  -1.140  -8.183 0.0000000000
144286  -50.596  -17.836  -7.637 0.0000000000
144295  -47.380  -28.825  -11.992 0.0000000000
144352  -48.263  -27.995  -11.946 0.0000000000
144396  -48.416  10.872  -10.023 0.0000000000
144398  -62.073  -0.785  -8.610 0.0000000000
144410  -55.824  -44.890  -11.659 0.0000000000
144435  -51.419  -60.194  -1.050 0.0000000000
144442  -55.672  -5.772  -7.171 0.0000000000
144496  -44.935  -23.298  -11.694 0.0000000000
144593  -53.851  -27.168  -15.215 0.0000000000
144613  -53.295  8.970  -9.184 0.0000000000
144630  -59.494  -29.527  -13.717 0.0000000000
144660  -44.796  -42.820  -14.313 0.0000000000
144674  -52.864  -35.019  -11.486 0.0000000000
144741  -59.121  4.481  -9.892 0.0000000000
144743  -45.611  -47.488  -7.794 0.0000000000
144826  -49.591  -34.060  -13.699 0.0000000000
144835  -51.934  4.313  -8.228 0.0000000000
144858  -54.839  -27.099  -15.435 0.0000000000
144873  -65.225  -4.176  -8.530 0.0000000000
144893  -51.650  -39.202  -11.574 0.0000000000
144937  -55.147  -32.019  -14.106 0.0000000000
144958  -62.590  6.069  -11.088 0.0000000000
144959  -47.580  -11.687  -14.443 0.0000000000
145041  -49.551  -11.004  -9.998 0.0000000000
145061  -56.627  -31.124  -14.704 0.0000000000
145077  -43.061  18.663  -16.117 0.0000000000
145081  -48.591  -34.043  -11.013 0.0000000000
145105  -52.868  -15.563  -5.230 0.0000000000
145231  -61.418  4.722  -10.522 0.0000000000
145233  -57.727  -13.940  -10.167 0.0000000000
145289  -47.366  -44.220  -10.967 0.0000000000
145320  -47.299  -13.822  -8.585 0.0000000000
145326  -50.614  -51.502  -7.701 0.0000000000
145339  -47.514  -49.550  -7.974 0.0000000000
145388  -60.980  -9.268  -10.206 0.0000000000
145400  -55.100  -46.958  -12.438 0.0000000000
145424  -57.955  -7.070  -9.152 0.0000000000
145476  -53.817  -3.476  -8.054 0.0000000000
145511  -43.261  16.746  -15.325 0.0000000000
145590  -45.430  -22.480  -8.825 0.0000000000
145643  -43.975  -44.041  -13.602 0.0000000000
145694  -42.971  -24.076  -11.579 0.0000000000
145695  -43.085  -25.481  -11.288 0.0000000000
145704  -51.320  -7.627  -10.278 0.0000000000
145708  -50.192  9.323  -9.154 0.0000000000
145731  -45.663  -15.700  -13.706 0.0000000000
145752  -63.319  -3.403  -7.492 0.0000000000
145864  -46.539  19.273  -15.654 0.0000000000
146070  -50.612  19.248  -12.276 0.0000000000
146107  -55.200  -12.979  -7.287 0.0000000000
146147  -47.083  -45.791  -11.216 0.0000000000
146169  -47.467  12.982  -11.152 0.0000000000
146240  -54.518  -22.029  -8.014 0.0000000000
146248  -54.357  9.683  -9.807 0.0000000000
146350  -59.204  -16.608  -10.506 0.0000000000
146362  -43.250  -18.083  -12.120 0.0000000000
146440  -55.938  -16.200  -7.467 0.0000000000
146511  -53.376  -13.013  -5.563 0.0000000000
146524  -53.522  -12.235  -5.740 0.0000000000
146695  -54.655  -12.004  -6.806 0.0000000000
146727  -50.531  -12.893  -4.515 0.0000000000
146755  -52.800  -13.247  -5.161 0.0000000000
146792  -47.000  -60.875  0.167 0.0000000000
146808  -42.878  13.842  -13.945 0.0000000000
146839  -47.152  -27.791  -11.810 0.0000000000
146843  -49.445  -48.815  -11.802 0.0000000000
146861  -54.118  -12.116  -6.301 0.0000000000
146862  -54.212  -14.995  -5.954 0.0000000000
146886  -46.074  -13.102  -14.056 0.0000000000
146935  -50.996  6.500  -8.574 0.0000000000
146936  -47.095  -14.499  -14.476 0.0000000000
146937  -48.761  -24.879  -12.742 0.0000000000
147017  -44.946  -15.901  -13.405 0.0000000000
147094  -42.866  -19.032  -12.084 0.0000000000
147161  -52.282  -6.164  -10.767 0.0000000000
147249  -45.140  -39.623  -14.108 0.0000000000
147268  -51.002  -49.055  -8.921 0.0000000000
147272  -63.815  -0.681  -9.275 0.0000000000
147294  -49.139  -14.792  -5.862 0.0000000000
147381  -60.939  -8.697  -10.266 0.0000000000
147403  -53.529  17.893  -14.371 0.0000000000
147413  -55.303  -27.694  -15.332 0.0000000000
147415  -51.863  -52.834  -9.238 0.0000000000
147476  -51.159  -6.312  -9.598 0.0000000000
147537  -49.022  21.296  -12.776 0.0000000000
147567  -48.638  18.117  -14.767 0.0000000000
147648  -49.578  -54.152  -9.438 0.0000000000
147661  -44.789  -29.873  -11.076 0.0000000000
147672  -43.289  -41.992  -11.198 0.0000000000
147693  -51.464  18.982  -14.556 0.0000000000
147696  -63.213  -13.099  -8.233 0.0000000000
147714  -54.987  -16.064  -6.556 0.0000000000
147722  -51.780  12.308  -10.254 0.0000000000
147929  -44.606  -18.766  -12.697 0.0000000000
147992  -61.632  -0.760  -6.129 0.0000000000
148000  -59.912  -10.951  -9.604 0.0000000000
148055  -50.829  20.525  -13.024 0.0000000000
148113  -51.840  16.888  -11.062 0.0000000000
148118  -51.368  21.288  -13.316 0.0000000000
148180  -48.585  -45.979  -16.715 0.0000000000
148195  -46.076  -30.422  -11.924 0.0000000000
148258  -44.638  -18.670  -9.075 0.0000000000
148290  -60.166  -30.249  -10.486 0.0000000000
148292  -45.934  -24.392  -9.157 0.0000000000
148320  -51.079  23.543  -13.533 0.0000000000
148323  -59.125  2.788  -8.563 0.0000000000
148344  -53.373  22.224  -13.597 0.0000000000
148427  -37.008  28.672  -13.356 0.0000000000
148503  -50.729  15.050  -12.459 0.0000000000
148573  -45.955  -30.600  -11.422 0.0000000000
148616  -50.003  -10.266  -4.831 0.0000000000
149116  -44.190  22.191  -15.481 0.0000000000
149264  -56.953  11.376  -12.385 0.0000000000
149334  -42.720  23.252  -14.282 0.0000000000
149376  -47.958  18.857  -15.240 0.0000000000
149419  -61.650  -29.540  -9.891 0.0000000000
149431  -50.741  4.760  -8.428 0.0000000000
149434  -49.732  19.921  -14.950 0.0000000000
149441  -49.397  -36.808  -11.104 0.0000000000
149447  -58.119  -3.745  -8.451 0.0000000000
149481  -49.104  -33.646  -12.946 0.0000000000
149513  -50.270  2.725  -8.334 0.0000000000
149554  -59.266  -8.663  -10.411 0.0000000000
149581  -55.741  -34.156  -12.631 0.0000000000
149680  -58.581  -29.337  -13.597 0.0000000000
149722  -60.356  -5.958  -9.532 0.0000000000
149731  -55.023  11.559  -11.381 0.0000000000
149874  -43.036  20.373  -14.538 0.0000000000
149887  -45.175  -19.147  -7.981 0.0000000000
149975  -52.657  24.431  -13.978 0.0000000000
149987  -49.202  -55.235  -8.680 0.0000000000
150003  -60.480  2.149  -5.254 0.0000000000
150147  -58.787  11.929  -12.631 0.0000000000
150203  -52.248  24.063  -14.944 0.0000000000
150254  -52.714  -24.704  -14.892 0.0000000000
150313  -54.595  0.928  -7.424 0.0000000000
150314  -49.958  -40.327  -13.848 0.0000000000
150327  -58.376  11.178  -10.566 0.0000000000
150347  -51.127  -41.954  -17.305 0.0000000000
150356  -54.727  6.606  -9.299 0.0000000000
150426  -48.601  -33.109  -12.639 0.0000000000
150472  -50.198  25.985  -14.302 0.0000000000
150616  -43.843  -15.836  -11.352 0.0000000000
150621  -51.464  -53.683  -10.860 0.0000000000
150623  -44.912  -40.230  -14.277 0.0000000000
150672  -52.832  -6.046  -6.261 0.0000000000
150674  -44.692  -17.277  -9.397 0.0000000000
150771  -38.018  29.420  -15.233 0.0000000000
150813  -53.556  -48.052  -13.598 0.0000000000
150815  -65.033  -12.651  -7.311 0.0000000000
150894  -42.880  -18.599  -11.910 0.0000000000
150919  -62.844  4.176  -7.995 0.0000000000
150942  -42.618  -20.920  -11.034 0.0000000000
151009  -55.161  -21.988  -8.013 0.0000000000
151046  -50.338  6.320  -8.598 0.0000000000
151051  -50.592  -54.838  -9.627 0.0000000000
151121  -60.850  -29.618  -9.453 0.0000000000
151125  -53.690  -25.262  -13.156 0.0000000000
151166  -54.020  -49.561  -12.318 0.0000000000
151197  -51.673  12.925  -10.691 0.0000000000
151278  -52.029  13.446  -11.317 0.0000000000
151284  -44.939  -47.255  -9.393 0.0000000000
151286  -53.264  -8.478  -5.459 0.0000000000
151309  -49.542  -58.521  0.140 0.0000000000
151368  -47.792  -61.016  -0.314 0.0000000000
151420  -48.773  -23.752  -12.640 0.0000000000
151423  -46.567  -16.136  -11.262 0.0000000000
151481  -54.997  -8.917  -6.559 0.0000000000
151542  -47.273  -44.656  -11.587 0.0000000000
151553  -50.387  -39.730  -13.732 0.0000000000
151561  -55.189  18.329  -14.036 0.0000000000
151628  -64.967  -2.738  -9.748 0.0000000000
151689  -51.488  -34.821  -15.165 0.0000000000
151693  -55.627  -46.008  -13.107 0.0000000000
151726  -48.607  27.191  -17.636 0.0000000000
151728  -48.027  -24.886  -12.344 0.0000000000
151797  -46.104  -27.592  -11.705 0.0000000000
151841  -52.492  17.099  -14.245 0.0000000000
151857  -46.728  20.672  -15.806 0.0000000000
151902  -59.857  4.438  -10.113 0.0000000000
151913  -49.059  22.251  -13.102 0.0000000000
151952  -41.929  24.950  -13.343 0.0000000000
151999  -48.233  -12.862  -6.119 0.0000000000
152048  -39.824  28.197  -13.534 0.0000000000
152077  -50.695  -30.096  -13.962 0.0000000000
152105  -46.331  -46.381  -16.039 0.0000000000
152343  -65.028  -2.555  -8.007 0.0000000000
152404  -57.644  10.393  -9.604 0.0000000000
152477  -51.849  -35.954  -10.537 0.0000000000
152482  -59.351  -37.954  -7.827 0.0000000000
152555  -48.811  -34.739  -10.973 0.0000000000
152568  -64.688  -4.549  -8.288 0.0000000000
152590  -48.840  -51.384  -13.685 0.0000000000
152676  -53.747  4.748  -8.478 0.0000000000
152717  -53.208  11.513  -10.339 0.0000000000
152731  -47.185  -15.412  -13.967 0.0000000000
152736  -54.184  -41.117  -17.740 0.0000000000
152785  -45.344  -46.996  -7.314 0.0000000000
152797  -58.605  -39.137  -9.376 0.0000000000
152831  -59.439  -19.855  -9.111 0.0000000000
152883  -56.434  -10.639  -8.493 0.0000000000
152961  -46.595  24.406  -16.384 0.0000000000
153003  -59.885  -2.341  -8.328 0.0000000000
153010  -51.361  -36.601  -14.993 0.0000000000
153028  -50.877  -8.375  -9.820 0.0000000000
153058  -54.910  -12.464  -7.046 0.0000000000
153062  -49.258  -51.629  -13.059 0.0000000000
153145  -44.065  12.015  -14.073 0.0000000000
153149  -50.525  -34.905  -14.594 0.0000000000
153154  -50.116  -57.103  -6.064 0.0000000000
153189  -65.019  -10.775  -6.621 0.0000000000
153204  -45.214  6.877  -9.722 0.0000000000
153218  -60.466  1.072  -7.976 0.0000000000
153269  -50.515  -55.444  -7.587 0.0000000000
153337  -55.033  -45.660  -13.568 0.0000000000
153364  -43.501  -23.492  -11.775 0.0000000000
153382  -48.240  8.642  -9.612 0.0000000000
153448  -55.446  -16.354  -6.966 0.0000000000
153505  -53.415  -49.921  -13.403 0.0000000000
153538  -54.555  -17.229  -6.449 0.0000000000
153595  -59.537  -18.209  -10.489 0.0000000000
153613  -45.239  -39.320  -12.605 0.0000000000
153641  -45.340  -30.302  -11.081 0.0000000000
153695  -52.545  17.865  -11.873 0.0000000000
153769  -48.366  -33.371  -11.233 0.0000000000
153825  -62.498  -6.489  -8.380 0.0000000000
153852  -57.299  -32.950  -12.385 0.0000000000
153996  -56.203  -30.354  -15.419 0.0000000000
154203  -44.082  -44.257  -11.335 0.0000000000
154226  -43.331  17.703  -14.998 0.0000000000
154254  -42.450  -20.745  -11.966 0.0000000000
154265  -44.063  -16.662  -12.708 0.0000000000
154286  -51.457  -60.613  -0.513 0.0000000000
154311  -56.817  1.750  -7.511 0.0000000000
154383  -41.703  -38.994  -11.784 0.0000000000
154411  -62.733  5.879  -9.401 0.0000000000
154419  -40.890  28.646  -16.547 0.0000000000
154470  -56.105  -3.005  -7.981 0.0000000000
154486  -48.469  -38.605  -10.335 0.0000000000
154536  -64.360  -6.815  -3.707 0.0000000000
154611  -52.732  9.208  -9.111 0.0000000000
154655  -54.850  -0.988  -7.597 0.0000000000
154704  -64.901  1.674  -9.105 0.0000000000
155062  -50.251  -12.265  -4.536 0.0000000000
155076  -57.645  -0.892  -7.532 0.0000000000
155191  -50.754  -52.255  -7.662 0.0000000000
155194  -47.959  -11.586  -6.835 0.0000000000
155248  -58.585  5.813  -7.959 0.0000000000
155258  -43.544  17.087  -14.415 0.0000000000
155361  -48.017  20.823  -15.550 0.0000000000
155401  -42.736  -41.015  -11.988 0.0000000000
155511  -47.185  -40.680  -14.114 0.0000000000
155554  -64.180  2.224  -9.468 0.0000000000
155688  -44.611  -48.364  -14.846 0.0000000000
155763  -54.489  12.066  -11.414 0.0000000000
155764  -61.208  -15.651  -9.667 0.0000000000
155779  -44.253  -41.824  -13.790 0.0000000000
155914  -60.908  -1.901  -6.306 0.0000000000
155919  -54.613  -8.341  -6.244 0.0000000000
155941  -57.375  8.604  -11.087 0.0000000000
156032  -55.159  -26.767  -15.108 0.0000000000
156135  -54.474  14.151  -13.050 0.0000000000
156139  -55.628  4.552  -9.051 0.0000000000
156171  -55.291  -32.751  -11.775 0.0000000000
156250  -43.047  22.054  -15.165 0.0000000000
156288  -45.298  -24.442  -9.607 0.0000000000
156347  -59.522  1.581  -7.867 0.0000000000
156350  -47.143  -31.719  -10.475 0.0000000000
156375  -56.382  -12.994  -8.580 0.0000000000
156429  -49.686  -15.375  -5.676 0.0000000000
156439  -52.094  4.836  -8.318 0.0000000000
156459  -54.109  -33.208  -11.638 0.0000000000
156480  -51.281  18.291  -11.761 0.0000000000
156491  -54.501  -5.999  -6.392 0.0000000000
156524  -46.885  23.245  -16.218 0.0000000000
156540  -56.136  16.428  -12.484 0.0000000000
156554  -47.106  24.042  -12.079 0.0000000000
156579  -53.152  23.314  -14.384 0.0000000000
156640  -39.518  27.252  -11.986 0.0000000000
156812  -53.594  22.077  -14.391 0.0000000000
156813  -46.517  -47.321  -16.158 0.0000000000
156871  -56.922  16.356  -13.135 0.0000000000
156901  -52.069  24.654  -14.877 0.0000000000
156973  -48.424  -15.786  -8.329 0.0000000000
157003  -49.425  -28.785  -12.478 0.0000000000
157050  -50.510  22.278  -15.401 0.0000000000
157065  -58.894  6.014  -10.748 0.0000000000
157098  -57.029  2.797  -8.045 0.0000000000
157116  -53.493  -41.788  -18.111 0.0000000000
157144  -57.058  -0.649  -7.481 0.0000000000
157157  -57.372  -36.054  -7.289 0.0000000000
157238  -43.459  17.748  -16.322 0.0000000000
157251  -51.140  15.767  -13.299 0.0000000000
157290  -54.681  4.610  -8.725 0.0000000000
157295  -53.918  15.050  -10.671 0.0000000000
157320  -52.691  22.238  -13.493 0.0000000000
157450  -58.639  -10.588  -6.668 0.0000000000
157487  -64.350  -7.078  -3.483 0.0000000000
157559  -44.714  -47.488  -15.101 0.0000000000
157577  -46.585  -15.634  -11.437 0.0000000000
157596  -47.588  -20.831  -11.744 0.0000000000
157602  -49.389  -14.442  -5.307 0.0000000000
157621  -59.035  -6.810  -9.609 0.0000000000
157650  -43.256  24.830  -14.455 0.0000000000
157708  -61.911  -6.881  -9.782 0.0000000000
157778  -43.070  20.737  -13.563 0.0000000000
157795  -64.341  -6.747  -9.044 0.0000000000
158002  -50.470  21.154  -13.246 0.0000000000
158041  -48.917  -34.392  -11.492 0.0000000000
158142  -63.036  -28.269  -7.284 0.0000000000
158282  -46.767  -30.950  -12.500 0.0000000000
