#!ascii label , from subject sub-07 vox2ras=TkReg rh ROI=MOG coords=white from=aparc.a2009s:G_occipital_middle+S_occipital_ant
2816
812  22.327  -87.847  6.334 0.0000000000
820  23.218  -87.586  5.737 0.0000000000
821  22.213  -88.104  5.669 0.0000000000
826  22.894  -87.618  4.960 0.0000000000
827  21.910  -87.667  4.388 0.0000000000
1104  24.661  -86.734  6.587 0.0000000000
1105  23.571  -86.963  7.235 0.0000000000
1112  23.472  -87.298  6.437 0.0000000000
1118  24.626  -86.547  5.560 0.0000000000
1119  23.888  -87.120  5.227 0.0000000000
1125  24.147  -86.500  4.824 0.0000000000
1126  23.510  -86.730  4.480 0.0000000000
1127  22.672  -86.814  4.020 0.0000000000
1387  24.910  -85.106  11.660 0.0000000000
1404  25.162  -85.277  10.723 0.0000000000
1421  25.301  -85.533  9.759 0.0000000000
1430  25.925  -85.306  9.038 0.0000000000
1431  25.410  -85.815  8.812 0.0000000000
1432  24.423  -86.094  8.703 0.0000000000
1437  25.790  -85.673  8.026 0.0000000000
1438  25.503  -86.186  7.242 0.0000000000
1439  24.506  -86.522  7.764 0.0000000000
1446  25.629  -85.719  7.147 0.0000000000
1447  25.259  -86.127  6.393 0.0000000000
1452  24.283  -85.871  4.878 0.0000000000
1460  23.643  -85.827  4.336 0.0000000000
1461  23.101  -86.041  3.880 0.0000000000
1700  25.129  -84.411  11.803 0.0000000000
1701  24.398  -84.873  12.194 0.0000000000
1710  25.562  -84.679  11.025 0.0000000000
1725  25.909  -85.016  10.065 0.0000000000
1734  26.003  -85.024  8.552 0.0000000000
1742  25.734  -85.006  7.840 0.0000000000
1743  25.212  -84.881  7.126 0.0000000000
1750  25.063  -85.278  6.391 0.0000000000
1758  24.626  -85.543  5.538 0.0000000000
1802  29.473  -84.250  0.843 0.0000000000
1803  29.082  -84.175  1.122 0.0000000000
1807  29.529  -84.379  0.230 0.0000000000
1808  28.970  -84.382  0.429 0.0000000000
1809  28.514  -84.122  0.647 0.0000000000
1813  29.140  -84.712  -0.951 0.0000000000
1814  29.055  -84.591  -0.267 0.0000000000
1815  28.776  -84.430  -0.067 0.0000000000
1822  28.842  -84.661  -0.736 0.0000000000
1830  28.896  -84.875  -1.512 0.0000000000
1839  28.386  -84.765  -5.096 0.0000000000
2034  25.850  -83.840  18.349 0.0000000000
2095  25.034  -83.688  11.655 0.0000000000
2096  24.444  -84.072  12.144 0.0000000000
2097  23.195  -83.637  12.132 0.0000000000
2104  25.520  -83.840  11.156 0.0000000000
2115  25.585  -84.082  8.681 0.0000000000
2122  24.566  -83.863  7.745 0.0000000000
2126  24.110  -84.161  6.776 0.0000000000
2159  30.732  -83.393  1.968 0.0000000000
2160  29.917  -83.568  2.015 0.0000000000
2161  29.134  -83.578  1.966 0.0000000000
2167  29.939  -83.986  1.470 0.0000000000
2168  29.325  -83.866  1.608 0.0000000000
2169  28.713  -83.863  1.435 0.0000000000
2172  30.871  -83.593  1.290 0.0000000000
2173  30.201  -84.117  0.756 0.0000000000
2174  27.952  -83.820  0.871 0.0000000000
2177  30.959  -83.638  0.418 0.0000000000
2178  30.256  -84.145  -0.082 0.0000000000
2179  28.569  -84.402  -0.219 0.0000000000
2180  28.184  -84.046  0.318 0.0000000000
2185  30.928  -83.556  -0.462 0.0000000000
2186  29.994  -84.238  -0.978 0.0000000000
2187  29.243  -84.737  -1.547 0.0000000000
2188  28.636  -84.636  -1.146 0.0000000000
2194  29.875  -84.144  -1.954 0.0000000000
2195  29.005  -84.949  -2.267 0.0000000000
2196  28.714  -84.877  -2.252 0.0000000000
2205  29.258  -84.708  -2.960 0.0000000000
2206  28.955  -84.931  -3.779 0.0000000000
2207  27.882  -84.681  -4.050 0.0000000000
2216  28.839  -84.768  -4.535 0.0000000000
2217  28.426  -84.929  -4.250 0.0000000000
2218  27.941  -84.815  -4.704 0.0000000000
2229  29.051  -84.397  -5.273 0.0000000000
2230  28.617  -84.430  -5.812 0.0000000000
2243  29.172  -83.968  -6.165 0.0000000000
2492  25.721  -82.867  19.277 0.0000000000
2501  26.765  -82.930  18.807 0.0000000000
2502  26.179  -83.233  18.995 0.0000000000
2503  25.613  -83.499  19.123 0.0000000000
2512  26.372  -83.296  17.865 0.0000000000
2513  25.828  -83.756  16.968 0.0000000000
2527  26.144  -82.916  16.712 0.0000000000
2528  25.156  -82.758  15.907 0.0000000000
2555  31.971  -82.465  11.022 0.0000000000
2556  31.120  -82.503  11.121 0.0000000000
2557  24.172  -83.007  11.543 0.0000000000
2558  22.679  -82.525  11.633 0.0000000000
2566  25.114  -83.118  11.209 0.0000000000
2567  24.447  -82.322  10.786 0.0000000000
2578  25.348  -83.179  10.399 0.0000000000
2579  24.509  -82.279  9.936 0.0000000000
2581  25.094  -83.077  9.362 0.0000000000
2582  24.120  -82.276  8.938 0.0000000000
2620  32.154  -82.443  2.263 0.0000000000
2621  31.400  -82.797  2.392 0.0000000000
2622  30.594  -83.053  2.402 0.0000000000
2623  29.755  -83.114  2.354 0.0000000000
2624  28.851  -83.016  2.257 0.0000000000
2625  27.902  -82.760  2.085 0.0000000000
2629  31.536  -83.003  1.799 0.0000000000
2630  28.305  -83.411  1.814 0.0000000000
2631  27.354  -83.091  1.675 0.0000000000
2632  26.673  -82.818  1.476 0.0000000000
2636  32.177  -82.482  1.603 0.0000000000
2637  31.631  -83.010  0.895 0.0000000000
2638  27.375  -83.361  1.195 0.0000000000
2639  26.665  -82.925  0.921 0.0000000000
2643  28.138  -84.006  -0.355 0.0000000000
2644  27.587  -83.453  0.445 0.0000000000
2651  32.345  -82.094  -1.951 0.0000000000
2652  31.792  -82.566  -1.574 0.0000000000
2653  30.911  -83.338  -1.290 0.0000000000
2654  28.139  -83.844  -1.145 0.0000000000
2655  27.716  -82.757  -0.678 0.0000000000
2668  32.108  -82.316  -2.292 0.0000000000
2669  31.058  -82.935  -2.034 0.0000000000
2670  28.055  -84.163  -2.487 0.0000000000
2671  27.768  -82.758  -2.616 0.0000000000
2683  31.342  -82.531  -2.643 0.0000000000
2684  30.174  -83.331  -2.813 0.0000000000
2685  29.504  -84.270  -3.584 0.0000000000
2686  27.662  -83.498  -3.400 0.0000000000
2692  29.999  -82.947  -3.799 0.0000000000
2693  29.453  -84.154  -4.482 0.0000000000
2694  27.157  -83.255  -4.304 0.0000000000
2701  29.573  -83.528  -5.505 0.0000000000
2707  29.639  -83.135  -6.481 0.0000000000
2855  29.931  -81.803  27.773 0.0000000000
2866  29.039  -82.294  27.266 0.0000000000
2867  28.225  -82.382  26.995 0.0000000000
2876  29.163  -82.106  26.394 0.0000000000
2877  28.420  -82.072  25.932 0.0000000000
2943  27.223  -81.654  19.681 0.0000000000
2944  26.490  -82.425  19.372 0.0000000000
2945  25.082  -82.357  19.019 0.0000000000
2954  27.752  -81.432  19.594 0.0000000000
2965  27.712  -81.894  18.398 0.0000000000
2966  27.014  -82.498  17.469 0.0000000000
2979  26.602  -81.467  16.309 0.0000000000
2980  25.886  -81.909  15.925 0.0000000000
2981  24.784  -81.576  15.348 0.0000000000
2995  30.823  -81.765  13.407 0.0000000000
2996  30.199  -81.758  13.439 0.0000000000
3003  32.055  -81.812  12.559 0.0000000000
3004  31.293  -82.038  12.868 0.0000000000
3005  30.706  -82.060  12.900 0.0000000000
3006  30.149  -81.936  12.588 0.0000000000
3016  33.389  -81.766  11.540 0.0000000000
3017  32.501  -82.123  11.808 0.0000000000
3018  31.532  -82.332  12.094 0.0000000000
3019  30.718  -82.333  12.055 0.0000000000
3020  30.153  -82.017  11.488 0.0000000000
3021  22.159  -81.452  11.342 0.0000000000
3029  34.509  -81.631  10.380 0.0000000000
3030  33.669  -81.926  10.484 0.0000000000
3031  32.834  -82.259  10.778 0.0000000000
3032  31.458  -82.543  10.091 0.0000000000
3033  30.707  -82.451  10.100 0.0000000000
3034  30.189  -82.158  10.292 0.0000000000
3035  23.881  -81.474  10.133 0.0000000000
3036  23.468  -81.879  11.103 0.0000000000
3047  33.798  -81.605  9.286 0.0000000000
3048  32.852  -82.074  9.537 0.0000000000
3049  31.884  -82.314  9.210 0.0000000000
3050  30.964  -82.474  9.033 0.0000000000
3051  30.121  -82.287  8.939 0.0000000000
3054  32.348  -81.896  8.569 0.0000000000
3055  31.486  -82.107  8.097 0.0000000000
3056  30.400  -82.429  7.969 0.0000000000
3057  29.650  -82.399  7.835 0.0000000000
3095  33.303  -81.390  2.846 0.0000000000
3096  32.597  -81.542  3.151 0.0000000000
3097  31.600  -81.438  3.191 0.0000000000
3105  33.339  -81.567  2.270 0.0000000000
3106  32.750  -81.899  2.601 0.0000000000
3107  32.033  -82.240  2.862 0.0000000000
3108  30.411  -81.549  2.756 0.0000000000
3109  29.581  -82.287  2.475 0.0000000000
3110  28.610  -82.063  2.322 0.0000000000
3111  26.930  -82.396  2.119 0.0000000000
3117  33.313  -81.612  1.903 0.0000000000
3118  32.826  -82.052  2.038 0.0000000000
3128  32.680  -81.734  1.283 0.0000000000
3129  32.207  -81.699  0.376 0.0000000000
3138  32.080  -81.748  -0.316 0.0000000000
3139  27.058  -82.557  0.108 0.0000000000
3154  32.521  -81.641  -1.889 0.0000000000
3155  32.054  -82.156  -1.071 0.0000000000
3156  27.929  -82.930  -1.757 0.0000000000
3168  33.521  -81.275  -3.073 0.0000000000
3169  32.812  -81.732  -2.619 0.0000000000
3178  33.518  -81.327  -3.723 0.0000000000
3179  33.119  -81.659  -3.244 0.0000000000
3180  32.266  -82.056  -3.099 0.0000000000
3181  30.843  -82.244  -3.363 0.0000000000
3187  32.756  -81.572  -3.843 0.0000000000
3188  31.520  -81.609  -3.938 0.0000000000
3189  30.469  -81.803  -4.211 0.0000000000
3190  29.910  -82.534  -4.737 0.0000000000
3196  30.227  -81.352  -5.127 0.0000000000
3197  29.801  -82.191  -5.730 0.0000000000
3203  29.796  -81.915  -6.796 0.0000000000
3214  29.784  -82.260  -7.874 0.0000000000
3417  31.126  -80.622  28.197 0.0000000000
3418  30.678  -81.104  28.396 0.0000000000
3429  30.592  -80.844  27.353 0.0000000000
3430  29.968  -81.645  27.075 0.0000000000
3442  29.735  -81.423  26.193 0.0000000000
3443  29.013  -81.657  25.493 0.0000000000
3444  28.386  -81.311  25.387 0.0000000000
3453  28.794  -80.902  25.124 0.0000000000
3482  34.453  -80.308  20.352 0.0000000000
3497  34.550  -80.324  19.689 0.0000000000
3508  27.818  -80.981  19.951 0.0000000000
3509  26.368  -81.650  19.471 0.0000000000
3510  25.325  -81.588  18.833 0.0000000000
3518  28.830  -80.197  18.584 0.0000000000
3519  28.356  -80.630  19.718 0.0000000000
3530  28.346  -81.125  18.301 0.0000000000
3531  27.462  -81.441  17.040 0.0000000000
3542  29.308  -79.832  15.825 0.0000000000
3543  28.783  -79.970  16.349 0.0000000000
3544  27.725  -80.644  16.535 0.0000000000
3545  26.801  -80.763  15.922 0.0000000000
3546  25.975  -80.919  15.534 0.0000000000
3553  30.028  -81.028  14.636 0.0000000000
3554  29.483  -80.685  14.911 0.0000000000
3555  28.963  -80.257  15.428 0.0000000000
3556  25.426  -80.394  14.824 0.0000000000
3557  24.517  -80.623  14.695 0.0000000000
3564  30.330  -81.469  13.991 0.0000000000
3565  29.658  -81.355  14.130 0.0000000000
3566  28.764  -80.680  14.659 0.0000000000
3578  32.334  -81.011  12.739 0.0000000000
3579  31.539  -81.468  13.126 0.0000000000
3580  29.041  -80.810  12.512 0.0000000000
3589  35.330  -80.934  11.225 0.0000000000
3590  33.775  -81.095  11.930 0.0000000000
3591  32.900  -81.440  12.212 0.0000000000
3592  29.561  -81.434  11.936 0.0000000000
3593  29.102  -80.742  10.927 0.0000000000
3594  22.411  -79.787  11.100 0.0000000000
3602  36.578  -80.772  10.274 0.0000000000
3603  35.956  -80.990  10.744 0.0000000000
3604  35.289  -81.345  10.512 0.0000000000
3605  34.220  -81.505  11.259 0.0000000000
3606  29.676  -81.554  10.618 0.0000000000
3608  23.092  -80.109  10.565 0.0000000000
3618  35.797  -81.187  9.780 0.0000000000
3619  34.825  -81.429  9.539 0.0000000000
3620  32.995  -81.586  8.604 0.0000000000
3621  29.301  -82.084  8.336 0.0000000000
3622  29.023  -81.141  9.440 0.0000000000
3627  35.713  -80.713  8.828 0.0000000000
3628  35.044  -80.953  8.766 0.0000000000
3629  34.146  -81.037  8.547 0.0000000000
3630  30.844  -82.043  7.235 0.0000000000
3631  29.750  -82.425  7.176 0.0000000000
3632  29.048  -82.386  7.288 0.0000000000
3633  28.421  -81.767  7.716 0.0000000000
3637  29.999  -81.920  6.662 0.0000000000
3638  29.088  -82.245  6.643 0.0000000000
3639  28.492  -82.157  6.767 0.0000000000
3640  27.696  -81.606  6.588 0.0000000000
3668  34.442  -80.365  2.956 0.0000000000
3669  33.847  -80.906  2.909 0.0000000000
3670  33.164  -80.950  3.301 0.0000000000
3671  32.321  -80.764  3.404 0.0000000000
3676  33.767  -81.168  2.432 0.0000000000
3691  34.248  -80.802  1.812 0.0000000000
3692  33.859  -81.234  2.048 0.0000000000
3702  33.562  -81.226  1.645 0.0000000000
3703  32.290  -80.888  0.461 0.0000000000
3704  31.900  -80.907  -0.086 0.0000000000
3725  32.476  -80.913  -1.692 0.0000000000
3726  32.023  -81.154  -0.929 0.0000000000
3736  33.944  -80.712  -3.017 0.0000000000
3737  33.200  -81.079  -2.447 0.0000000000
3746  34.497  -80.579  -4.039 0.0000000000
3747  33.997  -80.897  -3.564 0.0000000000
3757  34.409  -80.487  -4.807 0.0000000000
3758  33.938  -80.919  -4.270 0.0000000000
3759  32.155  -81.149  -4.606 0.0000000000
3760  31.001  -81.076  -4.679 0.0000000000
3771  33.674  -80.703  -5.090 0.0000000000
3772  32.741  -80.753  -5.284 0.0000000000
3773  31.488  -80.627  -5.366 0.0000000000
3774  29.957  -81.198  -5.935 0.0000000000
3787  33.323  -80.375  -5.929 0.0000000000
3788  32.294  -80.255  -6.059 0.0000000000
3789  30.198  -80.612  -6.639 0.0000000000
3803  30.320  -80.283  -7.453 0.0000000000
3804  29.867  -81.094  -7.581 0.0000000000
3815  30.202  -80.446  -8.225 0.0000000000
3816  29.880  -81.503  -8.544 0.0000000000
4089  31.783  -79.871  28.364 0.0000000000
4100  36.024  -79.570  27.169 0.0000000000
4101  35.329  -79.632  27.234 0.0000000000
4102  31.517  -80.261  27.978 0.0000000000
4103  30.232  -80.486  26.329 0.0000000000
4112  36.171  -79.523  26.606 0.0000000000
4113  35.566  -79.613  26.414 0.0000000000
4114  29.393  -80.837  25.381 0.0000000000
4115  27.688  -80.629  25.597 0.0000000000
4124  35.844  -79.673  25.102 0.0000000000
4125  35.530  -79.548  25.397 0.0000000000
4126  29.596  -78.952  24.851 0.0000000000
4127  28.987  -80.004  24.668 0.0000000000
4128  28.338  -80.430  24.965 0.0000000000
4137  35.660  -79.715  24.374 0.0000000000
4138  35.249  -79.710  24.370 0.0000000000
4139  34.864  -79.699  24.036 0.0000000000
4145  35.182  -80.036  23.602 0.0000000000
4146  34.823  -79.999  23.458 0.0000000000
4155  35.577  -79.778  22.967 0.0000000000
4156  34.897  -80.258  22.723 0.0000000000
4157  34.602  -80.110  22.588 0.0000000000
4165  35.334  -80.089  21.853 0.0000000000
4166  34.782  -80.375  20.948 0.0000000000
4167  34.340  -80.212  20.907 0.0000000000
4179  35.505  -79.958  20.621 0.0000000000
4180  34.399  -80.233  19.794 0.0000000000
4194  35.085  -80.360  19.628 0.0000000000
4195  34.657  -80.280  18.960 0.0000000000
4201  28.299  -80.109  19.881 0.0000000000
4203  27.158  -81.163  19.757 0.0000000000
4208  29.319  -79.100  17.892 0.0000000000
4209  29.119  -79.067  18.942 0.0000000000
4210  28.741  -79.720  19.393 0.0000000000
4219  29.066  -79.774  17.578 0.0000000000
4220  28.549  -80.314  17.177 0.0000000000
4231  29.460  -79.098  16.726 0.0000000000
4232  27.964  -80.233  15.951 0.0000000000
4233  27.093  -80.209  15.415 0.0000000000
4234  26.247  -80.250  15.063 0.0000000000
4241  29.816  -80.140  15.149 0.0000000000
4242  28.235  -80.160  15.434 0.0000000000
4243  27.382  -79.972  15.003 0.0000000000
4244  26.574  -79.797  14.515 0.0000000000
4245  25.735  -79.775  14.391 0.0000000000
4246  24.869  -79.806  14.254 0.0000000000
4247  23.938  -79.804  14.062 0.0000000000
4255  28.080  -80.243  13.820 0.0000000000
4256  27.192  -79.637  13.725 0.0000000000
4257  26.513  -79.443  13.797 0.0000000000
4258  25.274  -79.288  13.780 0.0000000000
4259  24.385  -79.223  13.627 0.0000000000
4272  28.342  -80.102  12.743 0.0000000000
4273  27.450  -79.488  12.843 0.0000000000
4274  23.333  -78.600  12.490 0.0000000000
4284  35.774  -80.545  11.189 0.0000000000
4286  28.539  -80.053  11.541 0.0000000000
4287  27.683  -79.343  11.816 0.0000000000
4288  22.836  -79.041  11.331 0.0000000000
4300  38.355  -80.066  10.302 0.0000000000
4301  36.513  -80.463  11.028 0.0000000000
4302  28.459  -80.066  10.216 0.0000000000
4303  27.789  -79.353  10.729 0.0000000000
4313  37.851  -80.290  9.754 0.0000000000
4314  37.182  -80.504  9.584 0.0000000000
4315  36.414  -80.702  9.211 0.0000000000
4316  28.125  -80.453  8.889 0.0000000000
4317  27.169  -79.851  8.662 0.0000000000
4322  37.552  -79.872  8.761 0.0000000000
4323  36.711  -79.931  8.545 0.0000000000
4324  35.869  -79.876  8.431 0.0000000000
4325  35.087  -79.955  8.348 0.0000000000
4326  34.268  -80.132  8.236 0.0000000000
4327  33.349  -80.513  8.017 0.0000000000
4328  31.650  -80.949  7.367 0.0000000000
4329  31.135  -79.936  7.387 0.0000000000
4330  27.574  -81.098  7.627 0.0000000000
4331  26.765  -80.940  7.028 0.0000000000
4337  30.753  -81.012  6.902 0.0000000000
4338  29.437  -81.192  6.269 0.0000000000
4339  27.726  -81.168  5.825 0.0000000000
4340  26.778  -80.882  5.973 0.0000000000
4351  27.250  -80.218  5.515 0.0000000000
4375  36.234  -78.757  3.385 0.0000000000
4376  35.778  -79.096  3.293 0.0000000000
4384  35.060  -79.614  3.167 0.0000000000
4385  33.673  -80.373  3.284 0.0000000000
4392  35.691  -79.460  2.811 0.0000000000
4393  35.043  -80.085  2.542 0.0000000000
4407  35.579  -79.701  2.170 0.0000000000
4408  34.914  -80.312  1.933 0.0000000000
4417  34.417  -80.276  1.389 0.0000000000
4418  33.441  -80.137  0.881 0.0000000000
4419  32.379  -80.001  0.526 0.0000000000
4420  31.759  -80.032  0.051 0.0000000000
4428  31.536  -79.384  -0.499 0.0000000000
4436  32.486  -80.067  -2.019 0.0000000000
4437  31.741  -79.920  -1.244 0.0000000000
4440  34.438  -79.905  -3.047 0.0000000000
4441  33.475  -80.038  -2.581 0.0000000000
4448  35.562  -79.656  -4.066 0.0000000000
4449  34.911  -80.100  -3.738 0.0000000000
4450  34.365  -80.469  -3.478 0.0000000000
4456  35.024  -80.152  -4.481 0.0000000000
4462  35.575  -79.623  -4.924 0.0000000000
4463  34.893  -80.012  -5.349 0.0000000000
4464  34.163  -80.271  -5.689 0.0000000000
4472  35.396  -79.411  -5.880 0.0000000000
4473  34.629  -79.725  -6.295 0.0000000000
4474  33.841  -79.947  -6.552 0.0000000000
4475  32.962  -79.928  -6.715 0.0000000000
4476  31.858  -79.726  -6.835 0.0000000000
4477  30.864  -79.815  -7.047 0.0000000000
4485  34.284  -79.396  -7.285 0.0000000000
4486  33.616  -79.244  -7.864 0.0000000000
4487  32.658  -79.404  -7.560 0.0000000000
4488  31.497  -79.440  -7.624 0.0000000000
4489  30.698  -79.719  -7.856 0.0000000000
4496  33.839  -78.878  -8.575 0.0000000000
4497  33.002  -78.974  -8.423 0.0000000000
4498  31.456  -79.109  -9.121 0.0000000000
4499  30.655  -79.737  -8.702 0.0000000000
4509  30.643  -79.795  -9.631 0.0000000000
4767  34.427  -79.186  28.665 0.0000000000
4768  33.178  -79.209  28.752 0.0000000000
4769  32.578  -79.423  28.486 0.0000000000
4777  36.322  -78.453  28.148 0.0000000000
4778  35.684  -79.148  28.246 0.0000000000
4779  34.822  -79.454  28.308 0.0000000000
4780  34.132  -79.608  28.218 0.0000000000
4781  33.402  -79.465  28.194 0.0000000000
4782  32.394  -79.503  28.230 0.0000000000
4792  36.362  -79.064  27.628 0.0000000000
4793  35.758  -79.535  27.731 0.0000000000
4794  35.137  -79.663  27.898 0.0000000000
4795  33.691  -79.583  27.906 0.0000000000
4796  32.760  -79.430  27.995 0.0000000000
4797  31.618  -79.473  27.595 0.0000000000
4798  30.655  -79.513  26.569 0.0000000000
4806  36.526  -79.198  26.355 0.0000000000
4807  31.086  -78.613  26.634 0.0000000000
4808  30.347  -78.947  25.757 0.0000000000
4817  36.441  -79.243  25.540 0.0000000000
4818  35.094  -79.307  25.674 0.0000000000
4819  34.710  -79.144  26.530 0.0000000000
4832  36.267  -79.331  24.693 0.0000000000
4833  35.191  -79.508  24.820 0.0000000000
4838  35.971  -79.526  23.863 0.0000000000
4839  34.573  -79.786  23.191 0.0000000000
4846  36.136  -79.270  22.240 0.0000000000
4847  34.344  -79.786  22.299 0.0000000000
4853  36.076  -79.399  21.374 0.0000000000
4854  34.225  -79.634  21.315 0.0000000000
4864  36.404  -78.980  20.697 0.0000000000
4865  34.194  -79.788  20.145 0.0000000000
4879  35.285  -80.054  18.305 0.0000000000
4880  34.835  -80.349  18.185 0.0000000000
4881  34.450  -80.087  19.032 0.0000000000
4888  35.088  -80.132  17.153 0.0000000000
4889  34.689  -80.211  18.250 0.0000000000
4897  35.393  -79.819  16.657 0.0000000000
4898  34.942  -80.058  16.967 0.0000000000
4899  34.839  -80.144  17.477 0.0000000000
4939  25.783  -79.083  13.365 0.0000000000
4940  24.853  -78.726  13.018 0.0000000000
4941  23.830  -78.746  13.043 0.0000000000
4952  26.775  -78.903  11.962 0.0000000000
4953  26.472  -79.083  12.912 0.0000000000
4954  25.034  -78.418  12.159 0.0000000000
4955  24.146  -78.435  12.312 0.0000000000
4962  39.671  -79.091  11.210 0.0000000000
4966  26.994  -78.808  11.013 0.0000000000
4967  26.144  -78.519  11.222 0.0000000000
4968  25.304  -78.389  11.372 0.0000000000
4969  24.457  -78.381  11.501 0.0000000000
4970  23.504  -78.534  11.602 0.0000000000
4979  39.773  -79.066  10.099 0.0000000000
4980  39.019  -79.621  10.741 0.0000000000
4981  38.179  -79.828  11.180 0.0000000000
4982  37.236  -79.858  11.231 0.0000000000
4984  27.084  -79.054  9.988 0.0000000000
4985  26.306  -78.652  10.371 0.0000000000
4991  39.123  -79.498  9.572 0.0000000000
4992  38.360  -79.760  9.127 0.0000000000
4993  32.793  -78.414  8.781 0.0000000000
4994  31.951  -78.406  8.903 0.0000000000
4995  31.214  -78.181  8.793 0.0000000000
5000  38.866  -78.927  8.434 0.0000000000
5001  37.837  -78.903  8.288 0.0000000000
5002  36.904  -78.865  8.284 0.0000000000
5003  36.004  -78.837  8.302 0.0000000000
5004  35.143  -78.887  8.354 0.0000000000
5005  33.630  -78.322  8.608 0.0000000000
5006  32.621  -79.379  8.335 0.0000000000
5007  31.744  -79.343  8.114 0.0000000000
5008  30.843  -78.869  7.929 0.0000000000
5009  30.024  -78.596  7.500 0.0000000000
5016  30.345  -79.901  6.887 0.0000000000
5017  29.438  -79.658  6.400 0.0000000000
5018  28.405  -79.606  5.855 0.0000000000
5019  27.743  -78.924  5.720 0.0000000000
5050  37.200  -78.189  3.428 0.0000000000
5061  37.425  -78.382  3.046 0.0000000000
5062  36.770  -78.723  3.173 0.0000000000
5063  36.205  -79.091  3.104 0.0000000000
5072  37.125  -78.599  2.576 0.0000000000
5073  36.341  -79.107  2.525 0.0000000000
5086  37.425  -78.388  2.041 0.0000000000
5087  36.831  -78.738  1.876 0.0000000000
5088  36.077  -79.133  1.654 0.0000000000
5089  35.192  -79.603  1.354 0.0000000000
5100  37.165  -78.112  1.369 0.0000000000
5101  36.435  -78.403  1.121 0.0000000000
5102  35.623  -78.664  0.872 0.0000000000
5103  34.092  -79.471  0.826 0.0000000000
5104  32.745  -79.027  0.588 0.0000000000
5105  32.043  -78.341  0.289 0.0000000000
5116  31.607  -78.340  -0.366 0.0000000000
5122  32.039  -78.284  -1.725 0.0000000000
5123  31.559  -78.794  -1.184 0.0000000000
5129  34.620  -79.020  -2.908 0.0000000000
5130  33.724  -78.983  -2.609 0.0000000000
5131  32.665  -79.028  -2.229 0.0000000000
5142  36.750  -78.449  -3.973 0.0000000000
5143  35.926  -78.907  -3.641 0.0000000000
5144  35.175  -79.398  -3.390 0.0000000000
5150  36.713  -78.569  -4.702 0.0000000000
5151  36.175  -79.093  -4.407 0.0000000000
5163  36.929  -78.250  -5.316 0.0000000000
5164  36.206  -78.891  -5.394 0.0000000000
5178  36.690  -78.030  -6.232 0.0000000000
5179  35.882  -78.768  -6.324 0.0000000000
5180  35.223  -79.037  -6.950 0.0000000000
5195  35.524  -78.391  -7.693 0.0000000000
5196  34.862  -78.803  -7.885 0.0000000000
5197  34.243  -79.015  -8.076 0.0000000000
5213  35.452  -78.029  -8.456 0.0000000000
5214  34.577  -78.522  -8.723 0.0000000000
5231  34.358  -78.233  -9.632 0.0000000000
5232  33.716  -78.332  -10.052 0.0000000000
5233  33.026  -78.485  -10.219 0.0000000000
5234  32.274  -78.670  -9.737 0.0000000000
5511  35.074  -78.616  28.782 0.0000000000
5512  34.116  -78.426  29.168 0.0000000000
5513  33.085  -77.791  29.571 0.0000000000
5520  35.850  -78.379  28.565 0.0000000000
5523  36.667  -78.269  27.563 0.0000000000
5524  33.834  -78.795  27.350 0.0000000000
5525  32.953  -78.539  27.563 0.0000000000
5526  32.015  -78.462  27.385 0.0000000000
5533  36.795  -78.629  26.881 0.0000000000
5534  34.225  -78.366  26.846 0.0000000000
5535  32.354  -77.493  27.009 0.0000000000
5536  31.435  -77.688  26.489 0.0000000000
5544  36.810  -78.589  25.973 0.0000000000
5545  34.822  -78.941  24.770 0.0000000000
5546  34.765  -78.367  25.800 0.0000000000
5569  36.458  -78.801  24.073 0.0000000000
5570  34.412  -78.805  22.978 0.0000000000
5578  36.440  -78.246  22.561 0.0000000000
5579  34.290  -78.965  22.077 0.0000000000
5589  36.567  -78.358  21.537 0.0000000000
5590  34.318  -78.216  21.495 0.0000000000
5597  36.771  -78.016  20.806 0.0000000000
5598  34.299  -78.677  20.701 0.0000000000
5611  36.588  -78.363  20.152 0.0000000000
5621  35.757  -79.545  17.566 0.0000000000
5627  37.370  -78.603  16.324 0.0000000000
5628  35.792  -79.774  16.545 0.0000000000
5629  35.050  -79.657  16.637 0.0000000000
5630  34.755  -79.786  17.217 0.0000000000
5640  38.160  -78.033  15.883 0.0000000000
5641  37.538  -78.695  15.818 0.0000000000
5642  36.069  -79.648  16.131 0.0000000000
5643  35.528  -79.445  16.092 0.0000000000
5660  38.701  -77.533  15.400 0.0000000000
5661  38.122  -78.171  15.366 0.0000000000
5662  37.125  -78.784  15.432 0.0000000000
5663  36.218  -79.139  15.659 0.0000000000
5675  38.941  -77.604  14.932 0.0000000000
5676  38.339  -77.795  14.782 0.0000000000
5677  37.489  -77.975  14.870 0.0000000000
5687  39.647  -77.678  13.894 0.0000000000
5688  39.013  -77.613  14.339 0.0000000000
5697  40.344  -78.062  12.435 0.0000000000
5698  40.146  -78.024  13.117 0.0000000000
5699  39.845  -77.999  13.260 0.0000000000
5711  40.436  -78.017  11.361 0.0000000000
5712  40.102  -78.572  11.974 0.0000000000
5713  39.637  -78.778  11.934 0.0000000000
5714  38.669  -78.288  11.805 0.0000000000
5723  40.523  -77.693  10.155 0.0000000000
5724  40.187  -78.568  10.743 0.0000000000
5725  38.958  -79.282  11.479 0.0000000000
5726  38.149  -78.877  11.515 0.0000000000
5730  40.554  -77.320  9.213 0.0000000000
5731  40.292  -77.357  8.552 0.0000000000
5732  39.784  -78.469  8.743 0.0000000000
5733  33.132  -77.602  8.834 0.0000000000
5734  32.254  -77.610  9.107 0.0000000000
5735  31.431  -77.518  9.196 0.0000000000
5736  30.442  -77.906  8.525 0.0000000000
5740  39.763  -77.293  7.993 0.0000000000
5741  39.144  -77.957  8.053 0.0000000000
5742  38.197  -77.894  8.015 0.0000000000
5743  37.179  -77.859  8.102 0.0000000000
5744  36.242  -77.843  8.222 0.0000000000
5745  35.273  -77.795  8.349 0.0000000000
5746  34.471  -77.260  8.462 0.0000000000
5747  29.678  -77.602  8.183 0.0000000000
5755  29.203  -78.340  7.006 0.0000000000
5756  28.387  -78.027  6.546 0.0000000000
5804  38.493  -77.749  2.796 0.0000000000
5805  37.970  -77.938  3.228 0.0000000000
5823  38.491  -77.713  2.158 0.0000000000
5824  37.856  -78.137  2.572 0.0000000000
5839  38.256  -77.437  1.388 0.0000000000
5840  37.829  -77.905  1.723 0.0000000000
5847  37.567  -77.403  0.931 0.0000000000
5848  36.740  -77.635  0.757 0.0000000000
5849  35.932  -77.781  0.615 0.0000000000
5850  34.920  -77.758  0.577 0.0000000000
5851  33.771  -77.674  0.625 0.0000000000
5852  32.668  -77.803  0.500 0.0000000000
5853  31.894  -77.629  0.042 0.0000000000
5858  32.126  -77.308  -1.575 0.0000000000
5859  31.602  -77.814  -1.110 0.0000000000
5868  33.751  -77.175  -2.361 0.0000000000
5869  32.958  -77.902  -2.251 0.0000000000
5883  35.224  -78.487  -2.992 0.0000000000
5930  36.050  -78.216  -7.106 0.0000000000
5960  35.305  -77.628  -9.368 0.0000000000
6271  32.917  -76.601  29.952 0.0000000000
6272  32.461  -76.960  30.574 0.0000000000
6279  35.553  -77.590  28.909 0.0000000000
6280  34.670  -77.473  29.254 0.0000000000
6281  33.713  -77.083  29.501 0.0000000000
6288  36.563  -77.796  27.988 0.0000000000
6289  36.212  -77.654  28.451 0.0000000000
6297  36.727  -77.441  27.481 0.0000000000
6298  33.880  -77.443  26.930 0.0000000000
6299  33.188  -77.474  27.143 0.0000000000
6307  36.821  -77.168  26.797 0.0000000000
6308  34.060  -76.391  26.529 0.0000000000
6309  33.465  -76.663  26.800 0.0000000000
6319  34.536  -76.973  26.064 0.0000000000
6332  36.693  -77.518  24.874 0.0000000000
6333  34.783  -77.486  25.100 0.0000000000
6344  34.556  -77.227  23.197 0.0000000000
6352  36.614  -77.332  22.087 0.0000000000
6353  34.392  -77.762  22.293 0.0000000000
6363  37.353  -76.743  21.007 0.0000000000
6364  36.922  -77.358  21.230 0.0000000000
6370  37.038  -77.237  20.560 0.0000000000
6380  37.198  -76.694  20.065 0.0000000000
6381  36.676  -77.546  19.583 0.0000000000
6395  36.769  -76.680  19.037 0.0000000000
6396  36.366  -78.006  18.475 0.0000000000
6406  37.030  -77.052  17.454 0.0000000000
6407  36.529  -78.680  17.282 0.0000000000
6408  35.188  -78.534  16.321 0.0000000000
6409  34.778  -78.546  17.057 0.0000000000
6420  38.562  -77.247  15.918 0.0000000000
6421  37.863  -76.918  16.667 0.0000000000
6438  39.321  -77.240  14.903 0.0000000000
6439  36.462  -77.908  15.091 0.0000000000
6440  35.653  -78.326  15.681 0.0000000000
6454  39.836  -77.038  14.363 0.0000000000
6455  38.052  -77.382  14.096 0.0000000000
6464  40.388  -77.549  12.899 0.0000000000
6465  40.138  -77.498  13.663 0.0000000000
6466  38.916  -77.542  13.537 0.0000000000
6475  39.096  -77.944  12.433 0.0000000000
6481  40.555  -77.336  11.899 0.0000000000
6489  40.660  -77.031  10.726 0.0000000000
6495  40.672  -76.747  9.626 0.0000000000
6496  40.507  -76.554  8.735 0.0000000000
6497  32.715  -76.824  8.943 0.0000000000
6504  40.104  -76.395  8.063 0.0000000000
6505  37.566  -76.890  8.002 0.0000000000
6506  36.865  -76.090  8.115 0.0000000000
6507  35.164  -76.202  8.271 0.0000000000
6508  33.213  -76.056  8.573 0.0000000000
6549  40.264  -76.641  3.219 0.0000000000
6550  39.624  -76.348  3.647 0.0000000000
6561  39.538  -77.047  3.201 0.0000000000
6562  38.121  -77.220  3.647 0.0000000000
6579  40.636  -76.667  2.753 0.0000000000
6580  40.040  -77.001  2.653 0.0000000000
6581  39.214  -77.407  2.533 0.0000000000
6589  39.739  -76.972  1.760 0.0000000000
6590  38.940  -77.237  1.518 0.0000000000
6596  38.310  -76.795  0.790 0.0000000000
6597  37.535  -76.768  0.534 0.0000000000
6598  36.845  -76.341  0.436 0.0000000000
6599  35.353  -76.958  0.515 0.0000000000
6600  34.110  -76.682  0.631 0.0000000000
6601  33.148  -75.968  0.510 0.0000000000
6602  32.207  -76.948  0.152 0.0000000000
6603  31.830  -77.107  -0.287 0.0000000000
6611  32.477  -76.027  0.089 0.0000000000
6612  32.208  -75.897  -0.641 0.0000000000
6621  32.173  -76.383  -1.235 0.0000000000
6622  31.706  -77.037  -0.927 0.0000000000
6633  32.807  -76.791  -1.919 0.0000000000
7005  33.081  -75.275  31.090 0.0000000000
7011  33.061  -75.681  30.214 0.0000000000
7012  32.677  -76.098  30.880 0.0000000000
7018  35.550  -75.578  29.167 0.0000000000
7019  34.451  -75.337  29.500 0.0000000000
7020  33.550  -75.904  29.741 0.0000000000
7030  36.539  -76.708  28.083 0.0000000000
7041  36.785  -76.322  27.260 0.0000000000
7052  36.793  -76.144  26.431 0.0000000000
7065  36.732  -76.145  25.533 0.0000000000
7079  36.669  -75.798  24.572 0.0000000000
7091  36.640  -75.557  23.797 0.0000000000
7103  36.979  -75.472  22.162 0.0000000000
7114  38.220  -75.299  20.866 0.0000000000
7115  37.585  -75.971  21.196 0.0000000000
7116  36.924  -76.529  21.663 0.0000000000
7127  38.197  -75.140  20.561 0.0000000000
7128  37.587  -76.176  20.653 0.0000000000
7141  38.158  -74.909  20.006 0.0000000000
7142  37.455  -75.727  19.717 0.0000000000
7157  37.073  -75.853  18.403 0.0000000000
7166  37.447  -75.701  17.436 0.0000000000
7177  38.436  -76.201  16.113 0.0000000000
7178  37.878  -75.430  16.715 0.0000000000
7192  39.379  -76.480  14.974 0.0000000000
7193  38.855  -75.790  15.532 0.0000000000
7207  39.596  -75.867  14.279 0.0000000000
7208  39.126  -75.273  14.927 0.0000000000
7216  40.394  -76.998  13.180 0.0000000000
7217  40.082  -76.561  13.660 0.0000000000
7225  40.490  -76.658  12.330 0.0000000000
7226  40.243  -75.914  12.731 0.0000000000
7235  40.606  -76.317  11.240 0.0000000000
7242  40.681  -76.074  10.122 0.0000000000
7245  40.572  -76.022  9.252 0.0000000000
7246  40.311  -75.746  8.670 0.0000000000
7247  39.705  -75.499  8.286 0.0000000000
7255  39.235  -76.033  7.899 0.0000000000
7256  37.973  -75.875  7.992 0.0000000000
7257  37.055  -75.393  8.149 0.0000000000
7258  35.298  -75.311  8.221 0.0000000000
7259  34.524  -75.655  8.258 0.0000000000
7260  33.736  -75.379  8.256 0.0000000000
7298  40.312  -75.946  3.669 0.0000000000
7299  39.605  -75.486  3.975 0.0000000000
7312  41.657  -76.067  2.728 0.0000000000
7313  41.064  -76.230  3.210 0.0000000000
7314  38.924  -75.796  4.014 0.0000000000
7335  41.509  -75.858  1.853 0.0000000000
7336  41.110  -76.381  2.377 0.0000000000
7337  40.488  -76.696  2.048 0.0000000000
7345  40.850  -76.135  1.492 0.0000000000
7346  40.110  -76.336  1.158 0.0000000000
7347  39.243  -76.525  0.915 0.0000000000
7352  41.156  -75.564  1.072 0.0000000000
7353  40.485  -75.616  0.761 0.0000000000
7354  39.545  -75.640  0.533 0.0000000000
7355  38.652  -75.986  0.478 0.0000000000
7356  37.785  -76.055  0.406 0.0000000000
7357  36.255  -75.498  0.554 0.0000000000
7358  35.101  -75.314  0.686 0.0000000000
7359  33.908  -75.577  0.638 0.0000000000
7371  32.913  -75.023  0.298 0.0000000000
7384  32.509  -75.130  -0.430 0.0000000000
7769  34.073  -73.868  31.876 0.0000000000
7770  33.533  -74.498  31.374 0.0000000000
7780  34.123  -73.836  30.793 0.0000000000
7781  33.536  -74.830  30.157 0.0000000000
7790  39.278  -74.497  29.252 0.0000000000
7791  38.212  -74.189  29.199 0.0000000000
7792  37.265  -74.076  29.148 0.0000000000
7793  36.329  -74.157  29.274 0.0000000000
7794  35.285  -74.381  29.428 0.0000000000
7795  34.313  -74.258  29.830 0.0000000000
7805  39.927  -74.814  28.548 0.0000000000
7806  38.689  -74.473  28.511 0.0000000000
7807  37.751  -74.383  28.526 0.0000000000
7808  36.848  -74.665  28.566 0.0000000000
7809  36.117  -74.981  29.003 0.0000000000
7823  40.028  -74.746  27.545 0.0000000000
7824  38.161  -74.356  27.651 0.0000000000
7825  36.861  -75.311  27.782 0.0000000000
7836  41.025  -75.202  26.927 0.0000000000
7837  40.020  -74.580  26.761 0.0000000000
7838  39.019  -74.317  27.000 0.0000000000
7839  38.004  -74.171  26.735 0.0000000000
7840  36.899  -75.111  25.980 0.0000000000
7848  44.671  -73.892  25.427 0.0000000000
7849  44.157  -74.631  25.564 0.0000000000
7850  43.214  -75.150  25.103 0.0000000000
7851  41.631  -75.184  25.920 0.0000000000
7852  40.495  -74.650  26.084 0.0000000000
7853  37.332  -74.321  25.526 0.0000000000
7854  36.850  -74.976  25.079 0.0000000000
7867  44.769  -74.049  25.025 0.0000000000
7868  44.062  -74.675  24.774 0.0000000000
7869  42.886  -75.055  24.512 0.0000000000
7870  41.714  -74.757  24.484 0.0000000000
7871  37.315  -74.173  24.619 0.0000000000
7872  36.829  -74.803  24.144 0.0000000000
7882  44.805  -74.033  24.453 0.0000000000
7883  43.847  -74.672  24.046 0.0000000000
7884  42.459  -74.707  23.856 0.0000000000
7885  41.230  -74.316  23.843 0.0000000000
7886  37.393  -74.072  23.587 0.0000000000
7887  36.853  -74.888  23.188 0.0000000000
7901  38.333  -74.015  21.972 0.0000000000
7902  37.484  -74.384  22.513 0.0000000000
7915  40.619  -73.735  20.701 0.0000000000
7916  39.590  -74.052  20.894 0.0000000000
7917  38.808  -74.575  21.119 0.0000000000
7918  37.892  -74.931  21.507 0.0000000000
7928  40.570  -73.846  20.096 0.0000000000
7929  39.738  -74.002  20.384 0.0000000000
7930  38.882  -74.513  20.687 0.0000000000
7940  39.957  -73.982  19.906 0.0000000000
7941  38.997  -74.404  20.194 0.0000000000
7942  37.655  -74.865  19.082 0.0000000000
7956  39.137  -73.905  19.320 0.0000000000
7957  38.149  -74.139  18.739 0.0000000000
7958  37.580  -74.758  18.124 0.0000000000
7970  38.149  -73.928  17.787 0.0000000000
7977  38.051  -74.383  16.820 0.0000000000
7987  38.647  -74.642  15.529 0.0000000000
8001  39.331  -74.538  14.238 0.0000000000
8016  40.273  -74.567  12.142 0.0000000000
8017  39.768  -74.971  13.329 0.0000000000
8025  40.551  -75.363  10.642 0.0000000000
8027  40.077  -74.623  9.769 0.0000000000
8030  40.397  -75.288  9.594 0.0000000000
8031  39.899  -74.852  9.010 0.0000000000
8032  39.141  -74.795  8.604 0.0000000000
8033  38.265  -74.433  8.582 0.0000000000
8040  38.691  -75.223  8.177 0.0000000000
8041  37.640  -74.911  8.218 0.0000000000
8042  36.695  -74.700  8.252 0.0000000000
8043  35.821  -74.632  8.226 0.0000000000
8044  34.379  -74.720  8.147 0.0000000000
8087  43.031  -74.333  3.985 0.0000000000
8088  42.472  -74.688  3.828 0.0000000000
8102  43.086  -74.654  3.565 0.0000000000
8103  42.739  -75.180  3.146 0.0000000000
8104  41.886  -75.530  3.411 0.0000000000
8105  40.908  -75.375  3.770 0.0000000000
8119  42.715  -74.940  2.097 0.0000000000
8120  42.192  -75.601  2.406 0.0000000000
8123  42.544  -74.250  0.952 0.0000000000
8124  41.863  -75.121  1.219 0.0000000000
8125  38.016  -74.386  0.725 0.0000000000
8126  37.251  -74.216  0.844 0.0000000000
8127  36.358  -74.051  0.955 0.0000000000
8128  35.420  -73.909  0.984 0.0000000000
8129  34.427  -73.807  0.851 0.0000000000
8134  41.018  -74.987  0.549 0.0000000000
8135  40.182  -74.932  0.416 0.0000000000
8136  39.362  -74.756  0.440 0.0000000000
8137  38.607  -75.066  0.462 0.0000000000
8138  37.674  -75.095  0.533 0.0000000000
8139  36.751  -74.841  0.657 0.0000000000
8140  35.833  -74.671  0.754 0.0000000000
8141  33.906  -74.558  0.677 0.0000000000
8142  33.198  -74.187  0.330 0.0000000000
8151  32.830  -74.253  0.005 0.0000000000
8492  35.606  -73.109  32.221 0.0000000000
8493  34.798  -73.454  32.134 0.0000000000
8512  35.234  -72.871  31.567 0.0000000000
8513  34.565  -73.404  31.531 0.0000000000
8526  38.328  -73.042  30.364 0.0000000000
8527  37.271  -72.866  30.283 0.0000000000
8528  36.297  -72.797  30.342 0.0000000000
8529  35.402  -72.921  30.592 0.0000000000
8530  34.762  -73.228  30.926 0.0000000000
8539  38.791  -73.897  29.820 0.0000000000
8540  37.762  -73.610  29.713 0.0000000000
8541  36.752  -73.448  29.680 0.0000000000
8542  35.752  -73.431  29.771 0.0000000000
8543  34.818  -73.530  30.079 0.0000000000
8564  39.453  -74.241  26.195 0.0000000000
8565  38.569  -74.062  26.280 0.0000000000
8566  37.904  -74.000  25.933 0.0000000000
8576  44.545  -73.656  25.360 0.0000000000
8578  40.940  -74.650  25.174 0.0000000000
8579  39.820  -74.200  25.470 0.0000000000
8580  38.761  -73.892  25.540 0.0000000000
8581  37.907  -73.837  25.092 0.0000000000
8597  44.757  -73.604  24.770 0.0000000000
8598  40.784  -74.346  24.432 0.0000000000
8599  39.904  -74.028  24.692 0.0000000000
8600  37.905  -73.762  24.192 0.0000000000
8613  44.654  -73.987  23.710 0.0000000000
8614  43.413  -74.469  23.285 0.0000000000
8615  41.862  -74.226  23.173 0.0000000000
8616  40.234  -73.949  23.928 0.0000000000
8617  39.569  -73.684  23.305 0.0000000000
8618  38.581  -73.671  23.604 0.0000000000
8632  45.002  -73.030  22.486 0.0000000000
8633  44.272  -73.878  22.731 0.0000000000
8634  42.557  -74.040  22.475 0.0000000000
8635  41.109  -73.743  22.415 0.0000000000
8636  39.934  -73.626  22.468 0.0000000000
8637  38.892  -73.658  22.629 0.0000000000
8638  38.006  -73.761  22.936 0.0000000000
8650  45.120  -72.579  21.706 0.0000000000
8651  44.911  -73.099  21.704 0.0000000000
8652  44.147  -73.578  21.759 0.0000000000
8653  42.863  -73.775  21.697 0.0000000000
8654  41.516  -73.642  21.587 0.0000000000
8655  40.341  -73.630  21.595 0.0000000000
8656  39.299  -73.763  21.698 0.0000000000
8667  45.463  -72.225  20.945 0.0000000000
8668  45.109  -72.850  21.011 0.0000000000
8669  43.957  -73.499  20.779 0.0000000000
8670  42.440  -73.731  20.111 0.0000000000
8671  41.348  -73.792  19.976 0.0000000000
8680  45.641  -72.430  20.280 0.0000000000
8681  44.469  -73.312  19.937 0.0000000000
8682  43.367  -73.679  19.306 0.0000000000
8683  40.790  -73.804  19.613 0.0000000000
8684  40.153  -73.781  19.305 0.0000000000
8697  45.587  -72.785  19.346 0.0000000000
8698  42.915  -73.787  18.745 0.0000000000
8699  42.011  -73.798  18.757 0.0000000000
8700  40.919  -73.726  18.798 0.0000000000
8701  39.679  -73.456  18.496 0.0000000000
8702  38.899  -73.262  17.752 0.0000000000
8713  45.765  -72.954  17.792 0.0000000000
8714  44.344  -73.482  17.948 0.0000000000
8715  42.523  -73.713  18.119 0.0000000000
8716  41.569  -73.577  18.062 0.0000000000
8717  40.520  -73.262  17.913 0.0000000000
8718  39.191  -72.900  16.882 0.0000000000
8719  38.502  -73.497  17.004 0.0000000000
8725  46.077  -72.831  17.070 0.0000000000
8726  44.717  -73.352  17.121 0.0000000000
8727  43.291  -73.579  17.399 0.0000000000
8728  42.167  -73.443  17.341 0.0000000000
8729  38.722  -73.283  16.372 0.0000000000
8738  39.108  -73.124  15.202 0.0000000000
8739  38.713  -73.602  15.691 0.0000000000
8752  39.350  -73.398  14.443 0.0000000000
8753  38.893  -74.066  14.939 0.0000000000
8762  40.261  -72.992  13.161 0.0000000000
8763  39.651  -73.650  13.635 0.0000000000
8771  40.526  -73.390  12.214 0.0000000000
8772  39.965  -73.860  12.860 0.0000000000
8777  40.587  -73.655  11.276 0.0000000000
8779  40.347  -73.719  10.692 0.0000000000
8780  40.035  -73.974  10.280 0.0000000000
8781  39.295  -73.532  10.085 0.0000000000
8782  38.391  -73.306  9.894 0.0000000000
8787  39.698  -74.252  9.699 0.0000000000
8788  38.972  -74.105  9.285 0.0000000000
8789  37.981  -73.707  9.127 0.0000000000
8790  36.693  -73.340  8.842 0.0000000000
8791  35.880  -73.245  8.655 0.0000000000
8792  35.047  -73.141  8.465 0.0000000000
8804  37.256  -74.022  8.520 0.0000000000
8805  36.292  -73.953  8.391 0.0000000000
8806  35.463  -73.892  8.289 0.0000000000
8807  34.663  -73.864  8.153 0.0000000000
8848  43.073  -73.790  4.189 0.0000000000
8849  42.628  -74.111  4.141 0.0000000000
8850  42.055  -74.086  4.171 0.0000000000
8863  43.580  -74.212  3.739 0.0000000000
8864  41.419  -74.529  4.041 0.0000000000
8873  43.751  -74.127  2.679 0.0000000000
8874  43.315  -74.748  2.980 0.0000000000
8879  43.390  -73.672  1.271 0.0000000000
8880  39.354  -73.292  0.771 0.0000000000
8881  38.751  -74.010  0.714 0.0000000000
8882  37.799  -73.593  1.034 0.0000000000
8883  36.862  -73.390  1.177 0.0000000000
8884  34.874  -73.156  1.128 0.0000000000
8893  42.756  -73.440  0.373 0.0000000000
8894  42.072  -73.578  0.164 0.0000000000
8895  40.716  -74.156  0.346 0.0000000000
8896  39.739  -74.116  0.481 0.0000000000
8897  33.897  -73.084  0.773 0.0000000000
8898  33.271  -73.470  0.234 0.0000000000
9265  36.809  -72.536  32.076 0.0000000000
9266  36.040  -72.544  31.898 0.0000000000
9284  37.311  -72.327  31.569 0.0000000000
9285  36.547  -72.359  31.535 0.0000000000
9300  37.817  -72.434  30.913 0.0000000000
9301  36.829  -72.352  30.912 0.0000000000
9302  36.002  -72.461  31.165 0.0000000000
9353  43.952  -73.076  24.926 0.0000000000
9379  44.813  -73.410  24.084 0.0000000000
9380  44.611  -72.764  23.609 0.0000000000
9389  44.855  -72.711  22.898 0.0000000000
9404  45.243  -72.227  21.347 0.0000000000
9419  46.184  -71.876  19.583 0.0000000000
9420  45.895  -72.022  20.230 0.0000000000
9432  46.244  -72.023  19.545 0.0000000000
9445  46.464  -72.184  18.523 0.0000000000
9458  46.838  -71.511  17.811 0.0000000000
9459  46.889  -72.075  17.503 0.0000000000
9460  41.168  -73.085  17.221 0.0000000000
9461  40.146  -72.753  17.065 0.0000000000
9468  47.145  -71.304  17.033 0.0000000000
9469  47.031  -72.151  16.651 0.0000000000
9470  45.467  -73.049  16.293 0.0000000000
9471  43.809  -73.350  16.464 0.0000000000
9472  41.847  -72.951  16.474 0.0000000000
9473  40.773  -72.587  16.304 0.0000000000
9474  39.814  -72.585  16.193 0.0000000000
9475  39.084  -72.856  15.987 0.0000000000
9484  47.263  -71.460  15.793 0.0000000000
9485  47.009  -72.228  15.045 0.0000000000
9486  44.266  -73.118  15.724 0.0000000000
9487  42.889  -72.917  15.775 0.0000000000
9488  41.518  -72.514  15.420 0.0000000000
9489  40.391  -72.463  15.388 0.0000000000
9490  39.595  -72.656  15.526 0.0000000000
9500  47.098  -72.066  13.958 0.0000000000
9501  45.722  -72.668  14.382 0.0000000000
9502  43.989  -72.796  14.853 0.0000000000
9503  42.530  -72.572  14.856 0.0000000000
9504  41.620  -72.416  14.213 0.0000000000
9505  40.532  -72.499  14.502 0.0000000000
9506  39.754  -72.667  14.831 0.0000000000
9513  46.824  -72.125  13.055 0.0000000000
9514  45.662  -72.513  13.195 0.0000000000
9515  43.843  -72.447  12.922 0.0000000000
9516  42.498  -72.425  13.311 0.0000000000
9517  41.706  -72.477  12.989 0.0000000000
9518  40.793  -72.560  13.601 0.0000000000
9519  39.969  -72.767  14.014 0.0000000000
9524  47.010  -71.661  12.712 0.0000000000
9525  46.249  -72.194  12.360 0.0000000000
9526  44.502  -72.404  11.026 0.0000000000
9527  42.810  -72.501  12.260 0.0000000000
9528  42.010  -72.691  11.771 0.0000000000
9529  41.288  -72.974  11.445 0.0000000000
9531  43.949  -72.454  10.170 0.0000000000
9532  43.301  -72.782  10.786 0.0000000000
9533  42.194  -72.908  10.447 0.0000000000
9534  41.212  -73.134  10.616 0.0000000000
9535  38.080  -71.991  10.740 0.0000000000
9539  43.110  -72.749  9.827 0.0000000000
9540  42.358  -72.755  9.799 0.0000000000
9541  40.852  -73.028  10.335 0.0000000000
9542  39.735  -72.870  10.401 0.0000000000
9543  38.689  -72.717  10.392 0.0000000000
9544  37.712  -72.610  10.261 0.0000000000
9545  36.788  -72.279  10.172 0.0000000000
9555  37.096  -72.888  9.532 0.0000000000
9556  36.313  -72.692  9.331 0.0000000000
9557  35.471  -72.507  9.090 0.0000000000
9621  44.810  -73.219  4.059 0.0000000000
9622  43.867  -73.406  4.212 0.0000000000
9623  42.759  -72.910  4.266 0.0000000000
9624  42.269  -73.492  4.237 0.0000000000
9636  44.865  -73.234  3.000 0.0000000000
9637  44.241  -73.744  3.542 0.0000000000
9648  44.524  -72.684  1.458 0.0000000000
9649  44.169  -73.475  2.165 0.0000000000
9650  39.155  -72.401  1.044 0.0000000000
9651  38.462  -72.977  1.099 0.0000000000
9652  37.415  -72.577  1.318 0.0000000000
9653  36.350  -72.599  1.363 0.0000000000
9654  35.367  -72.509  1.327 0.0000000000
9655  34.426  -72.379  1.088 0.0000000000
9669  43.890  -72.996  0.943 0.0000000000
9670  43.300  -72.901  0.221 0.0000000000
9671  41.531  -72.784  0.060 0.0000000000
9672  40.734  -73.232  0.333 0.0000000000
9673  39.961  -72.775  0.669 0.0000000000
9674  33.860  -72.392  0.699 0.0000000000
9675  33.613  -72.202  0.325 0.0000000000
10168  44.480  -72.208  22.413 0.0000000000
10169  43.180  -71.874  22.533 0.0000000000
10182  45.151  -71.716  20.771 0.0000000000
10183  44.771  -71.936  21.684 0.0000000000
10184  43.502  -71.690  21.755 0.0000000000
10185  42.204  -71.526  21.736 0.0000000000
10199  45.861  -71.842  20.101 0.0000000000
10200  43.786  -71.454  20.968 0.0000000000
10201  42.476  -71.334  21.021 0.0000000000
10216  45.286  -71.342  19.807 0.0000000000
10217  44.027  -71.206  20.116 0.0000000000
10218  42.717  -71.144  20.240 0.0000000000
10219  41.600  -71.045  20.380 0.0000000000
10235  46.239  -71.132  18.536 0.0000000000
10236  45.496  -71.085  19.071 0.0000000000
10237  44.132  -70.928  19.173 0.0000000000
10238  42.643  -70.751  18.805 0.0000000000
10254  46.824  -71.127  17.849 0.0000000000
10255  45.029  -70.750  18.342 0.0000000000
10256  43.727  -70.718  17.524 0.0000000000
10257  42.449  -70.665  17.860 0.0000000000
10273  46.753  -70.849  17.257 0.0000000000
10274  45.993  -70.676  16.654 0.0000000000
10288  47.001  -70.882  16.125 0.0000000000
10289  46.685  -70.678  15.007 0.0000000000
10290  45.493  -70.672  15.735 0.0000000000
10291  44.080  -70.772  16.455 0.0000000000
10307  47.444  -71.022  13.973 0.0000000000
10308  47.360  -70.979  14.982 0.0000000000
10317  47.299  -71.536  13.311 0.0000000000
10323  46.634  -71.471  12.051 0.0000000000
10324  45.608  -72.141  11.540 0.0000000000
10327  45.880  -71.600  11.360 0.0000000000
10328  44.938  -72.040  10.695 0.0000000000
10340  43.644  -72.169  9.517 0.0000000000
10341  42.724  -72.329  9.413 0.0000000000
10342  41.559  -72.325  9.741 0.0000000000
10343  39.615  -71.923  10.394 0.0000000000
10344  38.704  -71.478  10.619 0.0000000000
10359  42.944  -71.612  9.182 0.0000000000
10360  42.050  -71.472  9.273 0.0000000000
10361  41.212  -71.330  9.538 0.0000000000
10405  46.488  -72.168  4.607 0.0000000000
10406  45.791  -72.377  4.825 0.0000000000
10427  46.558  -71.807  3.542 0.0000000000
10428  46.016  -72.547  4.137 0.0000000000
10429  45.337  -72.734  4.406 0.0000000000
10430  44.513  -72.720  4.417 0.0000000000
10431  43.356  -72.213  4.229 0.0000000000
10451  46.454  -71.182  2.379 0.0000000000
10452  46.007  -72.098  2.958 0.0000000000
10453  45.454  -72.839  3.637 0.0000000000
10463  45.896  -71.439  1.852 0.0000000000
10464  45.317  -72.245  2.053 0.0000000000
10465  39.056  -71.495  1.210 0.0000000000
10466  38.287  -72.012  1.311 0.0000000000
10467  37.438  -71.605  1.431 0.0000000000
10468  34.941  -71.710  1.333 0.0000000000
10473  44.644  -71.412  0.047 0.0000000000
10474  44.021  -72.155  0.039 0.0000000000
10475  43.232  -72.277  -0.378 0.0000000000
10476  42.161  -72.021  -0.326 0.0000000000
10477  41.206  -71.767  0.183 0.0000000000
10478  39.814  -71.070  0.911 0.0000000000
10479  34.164  -71.637  0.857 0.0000000000
10486  44.212  -71.163  -0.684 0.0000000000
10487  43.491  -71.495  -0.751 0.0000000000
10488  42.762  -71.370  -0.727 0.0000000000
11097  41.762  -70.826  19.471 0.0000000000
11114  41.336  -70.641  18.334 0.0000000000
11130  41.391  -70.689  17.249 0.0000000000
11143  42.516  -70.683  15.899 0.0000000000
11144  41.460  -70.648  16.314 0.0000000000
11160  45.032  -70.423  14.801 0.0000000000
11161  43.736  -70.598  15.363 0.0000000000
11162  41.565  -70.468  15.560 0.0000000000
11163  40.717  -70.445  15.721 0.0000000000
11181  47.123  -70.736  14.307 0.0000000000
11182  46.082  -70.288  14.130 0.0000000000
11183  43.698  -70.162  14.484 0.0000000000
11184  42.364  -70.301  14.938 0.0000000000
11185  41.143  -70.160  14.987 0.0000000000
11186  40.094  -70.020  15.137 0.0000000000
11194  46.819  -70.329  13.361 0.0000000000
11195  45.491  -69.736  13.302 0.0000000000
11196  44.092  -69.545  13.647 0.0000000000
11199  47.302  -70.985  12.944 0.0000000000
11200  46.685  -70.462  12.402 0.0000000000
11201  45.862  -69.712  12.615 0.0000000000
11206  46.269  -70.902  11.682 0.0000000000
11207  45.527  -70.938  11.045 0.0000000000
11221  44.462  -71.186  10.206 0.0000000000
11222  43.481  -70.896  9.572 0.0000000000
11223  40.482  -71.599  9.944 0.0000000000
11224  39.547  -70.848  10.188 0.0000000000
11237  42.441  -70.362  9.361 0.0000000000
11238  41.420  -70.554  9.355 0.0000000000
11239  40.574  -70.673  9.652 0.0000000000
11240  40.020  -69.916  9.644 0.0000000000
11263  47.504  -71.245  5.348 0.0000000000
11264  46.677  -71.440  5.698 0.0000000000
11265  45.742  -71.037  5.464 0.0000000000
11278  47.522  -71.047  4.395 0.0000000000
11279  47.041  -71.817  5.044 0.0000000000
11280  46.226  -71.938  5.266 0.0000000000
11281  45.331  -71.555  4.961 0.0000000000
11302  47.422  -70.731  3.563 0.0000000000
11303  47.076  -71.544  4.095 0.0000000000
11304  44.945  -72.111  4.682 0.0000000000
11305  43.874  -71.381  4.100 0.0000000000
11316  47.054  -70.794  2.902 0.0000000000
11319  46.717  -70.356  2.020 0.0000000000
11320  46.170  -70.512  1.336 0.0000000000
11321  45.384  -71.202  0.785 0.0000000000
11322  39.052  -70.597  1.261 0.0000000000
11323  38.170  -71.033  1.417 0.0000000000
11324  37.318  -70.926  1.473 0.0000000000
11325  34.776  -70.836  1.238 0.0000000000
11332  45.579  -70.210  0.342 0.0000000000
11333  44.886  -70.684  -0.280 0.0000000000
11334  41.808  -71.130  -0.274 0.0000000000
11335  40.716  -70.794  0.396 0.0000000000
11336  39.825  -70.179  0.882 0.0000000000
11337  34.766  -69.953  1.135 0.0000000000
11338  34.308  -70.640  0.670 0.0000000000
11348  44.386  -70.354  -1.010 0.0000000000
11349  43.861  -70.750  -1.112 0.0000000000
11350  43.335  -70.704  -1.103 0.0000000000
11351  42.475  -70.497  -0.764 0.0000000000
12059  42.862  -69.642  14.101 0.0000000000
12060  41.773  -69.663  14.343 0.0000000000
12061  40.773  -69.526  14.391 0.0000000000
12062  39.823  -69.327  14.454 0.0000000000
12074  44.594  -69.039  12.687 0.0000000000
12075  43.329  -68.985  13.278 0.0000000000
12076  41.540  -69.008  13.735 0.0000000000
12080  45.870  -70.028  11.809 0.0000000000
12081  45.145  -69.248  12.072 0.0000000000
12082  43.567  -68.502  12.480 0.0000000000
12083  42.520  -68.469  13.017 0.0000000000
12091  44.813  -69.673  11.166 0.0000000000
12092  43.845  -68.829  10.896 0.0000000000
12105  43.988  -69.959  10.339 0.0000000000
12106  43.236  -69.478  10.018 0.0000000000
12107  42.381  -68.969  9.744 0.0000000000
12108  39.107  -69.856  10.029 0.0000000000
12124  41.514  -69.572  9.369 0.0000000000
12125  40.639  -69.073  9.284 0.0000000000
12126  39.588  -69.108  9.523 0.0000000000
12127  38.739  -69.128  9.887 0.0000000000
12144  47.708  -70.525  6.729 0.0000000000
12145  46.612  -70.169  6.669 0.0000000000
12155  48.146  -70.616  5.644 0.0000000000
12156  47.195  -71.017  6.189 0.0000000000
12157  46.179  -70.600  6.070 0.0000000000
12158  45.178  -69.819  5.492 0.0000000000
12177  47.980  -70.410  4.527 0.0000000000
12178  44.754  -70.242  4.661 0.0000000000
12195  47.780  -70.129  3.578 0.0000000000
12196  47.677  -69.390  2.805 0.0000000000
12197  44.279  -70.746  4.198 0.0000000000
12205  47.479  -70.098  2.941 0.0000000000
12206  47.138  -69.723  2.213 0.0000000000
12208  46.630  -69.825  1.550 0.0000000000
12209  46.176  -69.654  0.938 0.0000000000
12210  38.971  -69.642  1.243 0.0000000000
12211  38.014  -69.608  1.450 0.0000000000
12212  37.095  -69.621  1.506 0.0000000000
12213  36.107  -69.521  1.496 0.0000000000
12214  35.258  -69.325  1.297 0.0000000000
12221  45.598  -69.474  0.211 0.0000000000
12222  45.061  -69.897  -0.527 0.0000000000
12223  41.446  -70.156  -0.157 0.0000000000
12224  40.531  -69.791  0.391 0.0000000000
12225  39.814  -69.268  0.750 0.0000000000
12239  44.465  -69.475  -1.234 0.0000000000
12240  43.841  -70.008  -1.424 0.0000000000
12241  43.075  -69.877  -1.298 0.0000000000
12242  42.118  -69.563  -0.713 0.0000000000
12243  41.027  -69.184  -0.093 0.0000000000
12255  43.970  -69.277  -1.618 0.0000000000
12256  43.556  -69.208  -1.577 0.0000000000
12257  42.704  -68.893  -1.362 0.0000000000
12910  41.550  -68.371  13.181 0.0000000000
12911  40.570  -68.704  13.689 0.0000000000
12912  39.974  -67.977  13.311 0.0000000000
12920  42.061  -67.937  12.542 0.0000000000
12921  41.125  -67.759  12.781 0.0000000000
12930  42.684  -67.433  11.040 0.0000000000
12943  42.290  -67.868  10.157 0.0000000000
12954  41.568  -67.537  9.741 0.0000000000
12955  40.105  -68.280  9.173 0.0000000000
12956  39.102  -68.304  9.432 0.0000000000
12965  48.761  -68.980  8.386 0.0000000000
12972  48.299  -69.369  7.994 0.0000000000
12973  47.372  -69.133  7.828 0.0000000000
12974  46.322  -68.692  7.532 0.0000000000
12984  48.943  -69.481  7.790 0.0000000000
12985  48.233  -69.951  7.379 0.0000000000
12986  47.034  -69.743  7.289 0.0000000000
12987  45.984  -69.205  7.013 0.0000000000
12988  45.090  -68.536  6.667 0.0000000000
13002  49.040  -69.548  6.865 0.0000000000
13003  45.579  -69.508  6.328 0.0000000000
13004  44.594  -68.796  5.929 0.0000000000
13019  48.380  -69.738  4.541 0.0000000000
13020  47.599  -67.998  3.263 0.0000000000
13032  48.140  -69.328  3.573 0.0000000000
13033  47.762  -68.723  2.856 0.0000000000
13042  47.342  -68.971  2.155 0.0000000000
13043  45.869  -68.195  1.199 0.0000000000
13049  46.726  -69.256  1.540 0.0000000000
13050  46.085  -68.983  0.841 0.0000000000
13051  45.443  -68.552  0.319 0.0000000000
13052  39.162  -68.784  1.051 0.0000000000
13053  37.896  -68.282  1.354 0.0000000000
13054  37.105  -68.274  1.446 0.0000000000
13070  45.150  -69.064  -0.461 0.0000000000
13071  40.180  -68.626  0.374 0.0000000000
13072  39.398  -68.092  0.710 0.0000000000
13086  44.616  -68.698  -1.149 0.0000000000
13087  41.975  -68.136  -1.069 0.0000000000
13098  44.145  -68.746  -1.633 0.0000000000
13099  43.810  -68.734  -1.731 0.0000000000
13100  43.420  -68.314  -1.824 0.0000000000
13101  42.766  -68.103  -1.702 0.0000000000
13768  39.426  -67.345  13.050 0.0000000000
13779  41.219  -66.956  12.126 0.0000000000
13791  42.026  -67.276  11.814 0.0000000000
13792  41.499  -66.582  11.398 0.0000000000
13802  41.976  -67.070  10.505 0.0000000000
13803  41.445  -66.660  10.021 0.0000000000
13815  49.808  -67.973  9.214 0.0000000000
13816  40.740  -67.284  9.343 0.0000000000
13817  40.083  -66.718  9.228 0.0000000000
13818  39.107  -67.315  9.205 0.0000000000
13827  49.939  -68.246  8.559 0.0000000000
13828  49.293  -68.436  8.821 0.0000000000
13829  48.360  -68.183  8.814 0.0000000000
13843  49.960  -68.144  7.559 0.0000000000
13844  49.463  -68.892  8.180 0.0000000000
13845  47.799  -68.627  8.342 0.0000000000
13846  46.623  -67.949  8.074 0.0000000000
13847  45.634  -67.727  7.581 0.0000000000
13862  49.678  -67.713  6.548 0.0000000000
13863  49.500  -68.866  7.228 0.0000000000
13864  44.884  -67.711  7.063 0.0000000000
13877  49.372  -68.370  6.147 0.0000000000
13878  48.873  -67.558  5.291 0.0000000000
13891  48.519  -67.826  4.564 0.0000000000
13892  47.768  -67.650  3.962 0.0000000000
13893  46.943  -67.237  3.807 0.0000000000
13903  46.530  -67.494  3.054 0.0000000000
13911  47.097  -68.302  2.491 0.0000000000
13912  46.186  -67.810  2.160 0.0000000000
13913  45.261  -67.379  1.805 0.0000000000
13916  45.036  -67.719  0.777 0.0000000000
13917  37.452  -67.651  1.332 0.0000000000
13928  44.852  -68.085  -0.424 0.0000000000
13929  40.053  -67.847  0.239 0.0000000000
13930  39.428  -67.115  0.400 0.0000000000
13931  38.669  -67.464  0.916 0.0000000000
13942  44.345  -67.958  -1.531 0.0000000000
13943  41.280  -67.427  -0.869 0.0000000000
13944  40.367  -67.294  -0.177 0.0000000000
13955  43.763  -68.055  -1.938 0.0000000000
13956  43.118  -67.562  -2.234 0.0000000000
13957  42.218  -67.499  -1.639 0.0000000000
13968  43.449  -67.381  -2.296 0.0000000000
14660  40.682  -66.333  11.923 0.0000000000
14661  39.707  -66.042  12.249 0.0000000000
14674  41.585  -66.463  10.731 0.0000000000
14675  41.036  -65.879  10.945 0.0000000000
14676  40.303  -65.569  11.499 0.0000000000
14686  50.608  -66.715  9.958 0.0000000000
14687  41.159  -66.107  10.333 0.0000000000
14688  40.546  -65.476  10.184 0.0000000000
14698  50.077  -67.307  9.765 0.0000000000
14699  49.227  -66.613  9.802 0.0000000000
14700  48.106  -66.564  9.263 0.0000000000
14701  40.842  -66.248  9.736 0.0000000000
14702  40.257  -65.946  9.490 0.0000000000
14717  50.761  -66.962  9.495 0.0000000000
14718  50.361  -67.627  9.021 0.0000000000
14719  48.980  -67.619  9.396 0.0000000000
14720  47.926  -67.336  8.997 0.0000000000
14721  47.074  -66.569  8.719 0.0000000000
14739  50.751  -66.880  8.462 0.0000000000
14740  50.368  -67.516  8.001 0.0000000000
14741  47.329  -67.616  8.589 0.0000000000
14742  46.527  -67.051  8.410 0.0000000000
14743  45.750  -66.846  8.030 0.0000000000
14763  50.016  -66.938  6.967 0.0000000000
14764  48.560  -66.090  6.016 0.0000000000
14782  49.145  -67.167  5.830 0.0000000000
14783  47.985  -66.872  5.005 0.0000000000
14784  47.092  -66.261  4.956 0.0000000000
14794  47.424  -67.017  4.422 0.0000000000
14795  46.534  -66.481  4.356 0.0000000000
14796  45.985  -66.695  3.717 0.0000000000
14805  44.638  -66.136  2.873 0.0000000000
14811  45.419  -66.912  2.850 0.0000000000
14812  44.733  -66.661  2.284 0.0000000000
14816  44.479  -66.824  1.481 0.0000000000
14817  43.714  -65.994  1.205 0.0000000000
14818  37.883  -67.092  1.141 0.0000000000
14827  44.413  -67.085  0.357 0.0000000000
14828  44.018  -66.498  -0.196 0.0000000000
14829  39.107  -66.026  0.185 0.0000000000
14830  38.441  -66.600  0.742 0.0000000000
14831  37.473  -66.297  0.965 0.0000000000
14843  44.456  -67.332  -0.708 0.0000000000
14844  44.232  -67.021  -1.451 0.0000000000
14845  41.523  -66.829  -1.512 0.0000000000
14846  40.659  -66.703  -0.720 0.0000000000
14847  39.926  -66.590  -0.118 0.0000000000
14856  43.897  -66.639  -2.184 0.0000000000
14857  43.117  -66.779  -2.799 0.0000000000
14858  42.430  -66.902  -2.310 0.0000000000
14859  41.644  -66.210  -2.217 0.0000000000
14871  43.448  -66.832  -2.613 0.0000000000
14872  42.550  -66.393  -2.883 0.0000000000
15585  40.467  -65.283  10.846 0.0000000000
15592  50.782  -66.006  10.282 0.0000000000
15593  50.349  -65.635  10.347 0.0000000000
15597  51.141  -66.191  9.930 0.0000000000
15598  50.169  -66.475  10.179 0.0000000000
15599  49.503  -65.539  9.987 0.0000000000
15600  48.437  -65.521  9.396 0.0000000000
15615  51.183  -66.093  8.960 0.0000000000
15616  47.368  -65.466  8.820 0.0000000000
15617  46.470  -65.641  8.427 0.0000000000
15633  50.723  -65.882  7.877 0.0000000000
15634  50.022  -65.794  7.169 0.0000000000
15635  46.251  -66.381  8.367 0.0000000000
15651  49.280  -65.844  6.590 0.0000000000
15652  48.413  -64.975  6.396 0.0000000000
15666  47.679  -65.146  5.900 0.0000000000
15667  46.933  -65.328  5.375 0.0000000000
15686  46.281  -65.584  4.779 0.0000000000
15696  45.559  -65.039  4.356 0.0000000000
15697  45.085  -65.777  3.660 0.0000000000
15704  44.266  -65.257  3.008 0.0000000000
15709  43.608  -65.074  2.235 0.0000000000
15717  43.248  -64.849  1.344 0.0000000000
15718  43.468  -65.496  0.273 0.0000000000
15719  38.010  -65.685  0.589 0.0000000000
15731  40.086  -65.910  -0.602 0.0000000000
15732  39.318  -65.330  -0.268 0.0000000000
15733  38.509  -65.083  0.137 0.0000000000
15748  43.756  -65.696  -1.863 0.0000000000
15749  40.704  -65.609  -1.539 0.0000000000
15750  39.869  -65.071  -0.902 0.0000000000
15766  43.233  -65.844  -3.391 0.0000000000
15767  42.928  -66.090  -3.352 0.0000000000
15768  42.172  -65.866  -3.091 0.0000000000
15769  41.260  -65.428  -2.471 0.0000000000
15783  42.919  -65.439  -3.701 0.0000000000
15784  42.522  -65.533  -3.529 0.0000000000
16494  44.926  -65.369  16.695 0.0000000000
16495  44.125  -65.634  16.702 0.0000000000
16496  41.510  -66.152  17.206 0.0000000000
16497  41.053  -66.101  17.300 0.0000000000
16498  39.875  -65.618  17.445 0.0000000000
16518  48.395  -65.199  16.038 0.0000000000
16519  47.470  -65.277  16.226 0.0000000000
16520  46.628  -65.324  16.339 0.0000000000
16521  45.696  -65.591  16.096 0.0000000000
16522  44.648  -65.611  16.360 0.0000000000
16523  44.133  -65.713  16.283 0.0000000000
16524  41.101  -65.994  16.637 0.0000000000
16525  40.641  -66.054  17.102 0.0000000000
16546  49.758  -65.149  15.317 0.0000000000
16547  48.858  -65.373  15.531 0.0000000000
16548  47.885  -65.502  15.681 0.0000000000
16549  46.881  -65.511  15.827 0.0000000000
16550  46.289  -65.397  15.223 0.0000000000
16551  44.693  -65.373  15.579 0.0000000000
16559  49.110  -65.414  14.854 0.0000000000
16560  48.170  -65.490  14.914 0.0000000000
16561  47.206  -65.434  15.067 0.0000000000
16597  52.257  -64.386  10.714 0.0000000000
16598  51.331  -65.261  10.438 0.0000000000
16599  50.882  -64.999  10.798 0.0000000000
16600  49.904  -64.344  10.152 0.0000000000
16605  51.619  -65.302  9.905 0.0000000000
16606  48.858  -64.243  9.426 0.0000000000
16607  47.853  -64.543  8.891 0.0000000000
16625  52.086  -64.343  9.485 0.0000000000
16626  51.576  -65.160  9.071 0.0000000000
16627  47.217  -63.911  8.535 0.0000000000
16643  51.663  -63.935  8.536 0.0000000000
16644  51.037  -64.729  8.143 0.0000000000
16645  50.120  -64.686  7.424 0.0000000000
16658  49.220  -64.673  6.843 0.0000000000
16659  48.492  -63.583  6.019 0.0000000000
16679  47.870  -64.199  6.069 0.0000000000
16680  47.142  -64.356  5.509 0.0000000000
16698  46.291  -64.545  4.887 0.0000000000
16699  45.681  -64.234  4.255 0.0000000000
16706  44.933  -64.451  3.665 0.0000000000
16713  44.112  -64.292  2.813 0.0000000000
16721  43.541  -64.127  2.045 0.0000000000
16722  43.288  -63.850  1.204 0.0000000000
16732  43.161  -64.502  0.407 0.0000000000
16745  43.210  -64.172  -0.505 0.0000000000
16746  39.041  -64.608  -0.391 0.0000000000
16764  43.364  -64.047  -1.540 0.0000000000
16765  40.406  -64.817  -1.768 0.0000000000
16766  39.570  -64.251  -1.096 0.0000000000
16777  43.495  -64.043  -2.798 0.0000000000
16778  41.746  -65.228  -3.302 0.0000000000
16779  40.896  -64.667  -2.659 0.0000000000
16796  42.828  -64.795  -4.027 0.0000000000
16797  42.266  -64.921  -3.870 0.0000000000
16798  41.293  -64.504  -3.430 0.0000000000
16816  42.222  -64.343  -4.262 0.0000000000
17531  46.044  -64.451  17.081 0.0000000000
17532  45.257  -64.853  17.158 0.0000000000
17533  44.421  -65.205  17.166 0.0000000000
17534  43.493  -65.690  17.126 0.0000000000
17535  42.250  -65.777  17.310 0.0000000000
17536  41.330  -65.673  17.700 0.0000000000
17537  40.719  -65.674  17.742 0.0000000000
17538  40.090  -65.056  18.128 0.0000000000
17544  48.529  -64.712  16.204 0.0000000000
17545  47.834  -64.961  16.424 0.0000000000
17546  46.967  -64.899  16.751 0.0000000000
17547  45.956  -65.137  16.713 0.0000000000
17548  43.514  -65.904  16.542 0.0000000000
17549  42.085  -66.049  16.611 0.0000000000
17550  40.202  -65.535  16.396 0.0000000000
17574  50.670  -64.631  15.066 0.0000000000
17575  50.089  -64.922  15.346 0.0000000000
17576  49.332  -64.987  15.785 0.0000000000
17577  44.938  -64.486  14.350 0.0000000000
17578  44.256  -64.512  14.610 0.0000000000
17579  43.748  -65.270  15.540 0.0000000000
17580  42.191  -64.914  15.422 0.0000000000
17581  41.496  -65.427  15.797 0.0000000000
17582  39.758  -64.035  15.080 0.0000000000
17590  51.614  -64.500  14.362 0.0000000000
17591  50.771  -64.909  14.900 0.0000000000
17592  49.961  -65.263  14.808 0.0000000000
17593  48.336  -65.148  14.120 0.0000000000
17594  47.298  -64.827  13.844 0.0000000000
17595  45.755  -64.622  14.204 0.0000000000
17596  44.254  -63.588  13.497 0.0000000000
17597  43.589  -63.943  14.244 0.0000000000
17598  42.917  -64.446  14.882 0.0000000000
17607  52.659  -63.984  13.499 0.0000000000
17608  52.173  -64.398  13.758 0.0000000000
17609  51.431  -64.841  14.050 0.0000000000
17610  50.399  -65.097  14.136 0.0000000000
17611  49.090  -64.918  13.753 0.0000000000
17612  47.033  -63.814  12.604 0.0000000000
17613  46.170  -64.031  13.173 0.0000000000
17614  45.185  -63.774  13.290 0.0000000000
17633  52.902  -64.064  12.846 0.0000000000
17634  52.016  -64.552  12.785 0.0000000000
17635  50.979  -64.503  12.570 0.0000000000
17636  49.444  -64.222  12.657 0.0000000000
17637  48.125  -63.709  12.230 0.0000000000
17638  46.877  -62.924  11.360 0.0000000000
17645  53.403  -63.268  11.947 0.0000000000
17646  52.943  -63.890  11.820 0.0000000000
17647  51.174  -64.389  11.709 0.0000000000
17648  50.203  -63.719  11.272 0.0000000000
17649  49.555  -63.361  10.253 0.0000000000
17656  53.563  -62.593  10.314 0.0000000000
17657  52.888  -63.509  9.901 0.0000000000
17658  49.411  -63.198  10.945 0.0000000000
17659  48.741  -63.183  9.414 0.0000000000
17660  48.053  -63.554  8.904 0.0000000000
17680  53.190  -62.536  9.152 0.0000000000
17681  52.440  -63.251  8.825 0.0000000000
17682  48.024  -62.870  8.988 0.0000000000
17683  47.509  -63.144  8.699 0.0000000000
17699  52.052  -62.759  7.911 0.0000000000
17700  51.222  -63.313  7.690 0.0000000000
17701  50.322  -63.712  7.391 0.0000000000
17702  49.591  -63.922  7.104 0.0000000000
17716  50.825  -62.637  6.857 0.0000000000
17717  49.873  -63.182  6.693 0.0000000000
17718  49.088  -63.702  6.569 0.0000000000
17739  49.938  -62.530  4.925 0.0000000000
17740  48.866  -63.158  5.302 0.0000000000
17741  47.796  -63.644  5.363 0.0000000000
17758  49.408  -62.881  4.198 0.0000000000
17759  47.617  -63.450  4.545 0.0000000000
17760  46.929  -63.784  4.860 0.0000000000
17761  46.323  -63.779  4.315 0.0000000000
17767  48.501  -63.287  3.933 0.0000000000
17768  47.651  -63.417  3.727 0.0000000000
17769  46.749  -63.481  3.646 0.0000000000
17770  45.782  -63.722  3.692 0.0000000000
17776  48.498  -63.315  3.191 0.0000000000
17777  47.701  -63.411  2.781 0.0000000000
17778  46.391  -63.425  2.900 0.0000000000
17779  45.118  -63.568  2.881 0.0000000000
17780  44.232  -63.595  2.349 0.0000000000
17786  47.207  -63.397  2.064 0.0000000000
17787  46.223  -63.329  1.988 0.0000000000
17788  45.042  -63.199  1.906 0.0000000000
17789  43.965  -63.229  1.605 0.0000000000
17790  43.636  -63.164  0.908 0.0000000000
17798  43.266  -63.543  0.340 0.0000000000
17814  43.311  -63.265  -0.583 0.0000000000
17832  43.401  -63.142  -1.591 0.0000000000
17846  43.437  -63.403  -3.375 0.0000000000
17864  43.119  -64.248  -4.074 0.0000000000
17865  41.522  -64.169  -4.050 0.0000000000
18594  45.380  -63.942  17.210 0.0000000000
18595  44.716  -64.070  17.332 0.0000000000
18596  43.892  -64.353  17.438 0.0000000000
18597  42.963  -64.662  17.613 0.0000000000
18598  41.884  -64.943  17.928 0.0000000000
18599  41.009  -64.987  18.120 0.0000000000
18604  48.297  -63.569  15.872 0.0000000000
18605  47.660  -64.238  16.486 0.0000000000
18606  46.677  -63.708  16.674 0.0000000000
18607  45.776  -63.190  16.755 0.0000000000
18608  45.009  -62.901  16.908 0.0000000000
18627  49.801  -64.475  15.504 0.0000000000
18628  47.167  -62.690  15.669 0.0000000000
18629  42.099  -63.496  14.387 0.0000000000
18630  41.382  -63.990  14.839 0.0000000000
18631  40.470  -63.001  14.373 0.0000000000
18637  51.418  -64.487  14.647 0.0000000000
18638  50.977  -63.851  14.776 0.0000000000
18639  49.935  -63.215  14.786 0.0000000000
18640  43.443  -63.131  13.340 0.0000000000
18641  42.809  -63.232  13.819 0.0000000000
18642  41.340  -62.842  14.097 0.0000000000
18650  52.226  -64.132  14.066 0.0000000000
18651  46.216  -63.316  12.145 0.0000000000
18652  45.464  -63.239  12.355 0.0000000000
18653  44.644  -63.053  12.531 0.0000000000
18654  43.740  -62.692  12.537 0.0000000000
18655  42.066  -61.915  12.439 0.0000000000
18656  41.903  -62.458  13.392 0.0000000000
18676  53.407  -62.718  11.935 0.0000000000
18677  49.847  -63.793  11.874 0.0000000000
18678  48.882  -63.289  11.426 0.0000000000
18679  47.991  -62.877  11.081 0.0000000000
18680  45.768  -62.757  11.470 0.0000000000
18682  43.705  -62.224  11.683 0.0000000000
18683  42.944  -62.075  12.065 0.0000000000
18689  53.609  -62.397  11.082 0.0000000000
18690  48.590  -62.726  10.227 0.0000000000
18691  47.459  -62.523  10.260 0.0000000000
18692  46.494  -62.443  10.359 0.0000000000
18699  53.490  -61.803  9.344 0.0000000000
18700  47.817  -62.576  9.390 0.0000000000
18720  53.207  -61.800  8.578 0.0000000000
18721  52.786  -62.221  8.219 0.0000000000
18722  47.308  -62.717  8.850 0.0000000000
18735  52.821  -61.451  7.953 0.0000000000
18736  52.351  -61.754  7.464 0.0000000000
18737  51.717  -62.156  7.080 0.0000000000
18755  51.849  -61.354  6.839 0.0000000000
18756  51.339  -61.657  6.302 0.0000000000
18777  50.848  -61.377  5.688 0.0000000000
18778  50.504  -62.261  5.801 0.0000000000
18796  50.119  -61.547  4.787 0.0000000000
18797  50.100  -62.132  4.166 0.0000000000
18803  49.695  -62.339  2.909 0.0000000000
18804  49.287  -62.969  3.314 0.0000000000
18809  49.650  -62.245  2.137 0.0000000000
18810  49.005  -63.071  2.473 0.0000000000
18811  48.191  -63.253  1.794 0.0000000000
18815  49.681  -61.998  1.417 0.0000000000
18816  49.140  -62.789  1.589 0.0000000000
18817  47.352  -63.159  1.214 0.0000000000
18818  46.081  -63.062  1.169 0.0000000000
18819  44.874  -62.849  1.124 0.0000000000
18820  44.056  -62.800  0.921 0.0000000000
18828  49.019  -62.544  0.333 0.0000000000
18829  48.014  -62.809  0.360 0.0000000000
18830  46.926  -62.821  0.439 0.0000000000
18831  45.737  -62.649  0.481 0.0000000000
18832  44.598  -62.518  0.445 0.0000000000
18833  43.733  -62.738  0.225 0.0000000000
18848  48.570  -62.426  -0.343 0.0000000000
18849  47.581  -62.523  -0.297 0.0000000000
18850  46.464  -62.425  -0.196 0.0000000000
18851  45.282  -62.211  -0.143 0.0000000000
18852  44.322  -62.274  -0.184 0.0000000000
18853  43.765  -62.402  -0.801 0.0000000000
18868  43.676  -62.433  -1.757 0.0000000000
19578  44.224  -62.900  17.161 0.0000000000
19579  43.433  -63.123  17.342 0.0000000000
19580  42.921  -62.152  16.989 0.0000000000
19581  41.696  -62.101  16.930 0.0000000000
19582  40.916  -61.916  16.740 0.0000000000
19590  46.131  -62.334  15.918 0.0000000000
19591  45.379  -62.162  16.204 0.0000000000
19592  43.635  -61.834  16.691 0.0000000000
19614  49.004  -63.255  15.262 0.0000000000
19615  47.924  -62.323  14.906 0.0000000000
19616  46.358  -61.559  14.953 0.0000000000
19617  45.406  -61.312  15.297 0.0000000000
19618  44.528  -60.714  15.159 0.0000000000
19626  51.501  -63.520  14.256 0.0000000000
19627  50.494  -62.659  14.115 0.0000000000
19628  48.654  -61.912  14.169 0.0000000000
19629  47.506  -61.326  14.021 0.0000000000
19630  40.876  -62.185  13.449 0.0000000000
19631  40.014  -62.155  13.438 0.0000000000
19640  53.049  -62.849  12.700 0.0000000000
19641  52.170  -62.884  13.440 0.0000000000
19642  49.996  -61.504  13.165 0.0000000000
19643  48.893  -61.149  13.197 0.0000000000
19644  41.287  -61.838  12.758 0.0000000000
19662  52.998  -61.867  11.741 0.0000000000
19663  52.249  -61.812  12.309 0.0000000000
19676  53.463  -61.589  10.408 0.0000000000
19687  53.297  -61.224  9.417 0.0000000000
19711  53.139  -61.316  8.564 0.0000000000
19727  52.313  -61.164  7.376 0.0000000000
19746  52.234  -60.890  7.406 0.0000000000
19747  51.816  -61.022  6.831 0.0000000000
19748  51.428  -61.155  6.356 0.0000000000
19769  51.298  -60.972  6.232 0.0000000000
19783  50.650  -61.227  5.626 0.0000000000
19785  49.881  -61.749  3.568 0.0000000000
19787  49.775  -61.638  2.686 0.0000000000
19791  49.697  -61.472  1.978 0.0000000000
19801  49.634  -61.661  0.643 0.0000000000
19802  49.426  -61.954  -0.137 0.0000000000
19812  49.779  -61.320  -0.432 0.0000000000
19813  49.234  -62.007  -0.961 0.0000000000
19814  48.207  -62.236  -1.091 0.0000000000
19815  47.080  -62.120  -0.842 0.0000000000
19816  45.935  -61.926  -0.762 0.0000000000
19817  44.698  -61.829  -0.848 0.0000000000
19830  49.968  -61.242  -1.312 0.0000000000
19831  49.363  -61.830  -1.768 0.0000000000
19832  48.558  -61.926  -1.910 0.0000000000
19833  47.507  -61.862  -1.535 0.0000000000
19849  50.008  -61.490  -2.275 0.0000000000
19850  49.367  -61.889  -2.559 0.0000000000
19869  49.969  -61.760  -3.156 0.0000000000
20593  42.291  -61.462  16.712 0.0000000000
20594  41.573  -60.939  16.502 0.0000000000
20599  43.756  -60.827  15.815 0.0000000000
20600  42.962  -60.975  16.385 0.0000000000
20622  45.805  -60.753  14.331 0.0000000000
20623  42.981  -60.128  15.488 0.0000000000
20635  47.926  -60.857  13.283 0.0000000000
20636  46.630  -60.992  14.088 0.0000000000
20637  45.253  -60.047  13.795 0.0000000000
20638  44.525  -60.123  14.349 0.0000000000
20647  51.052  -61.633  12.743 0.0000000000
20648  49.251  -60.648  12.453 0.0000000000
20649  47.373  -60.185  12.645 0.0000000000
20650  46.531  -59.914  12.805 0.0000000000
20651  45.719  -59.656  13.013 0.0000000000
20664  53.219  -61.334  10.752 0.0000000000
20665  52.397  -61.012  11.265 0.0000000000
20666  51.033  -60.744  11.730 0.0000000000
20667  49.745  -60.282  11.752 0.0000000000
20668  48.683  -60.039  11.766 0.0000000000
20669  47.737  -59.890  11.968 0.0000000000
20670  46.880  -59.689  12.107 0.0000000000
20675  53.106  -60.916  9.867 0.0000000000
20676  52.533  -60.555  10.263 0.0000000000
20677  51.485  -60.214  10.660 0.0000000000
20678  50.296  -59.944  10.959 0.0000000000
20679  49.244  -59.817  11.096 0.0000000000
20686  52.828  -60.661  9.066 0.0000000000
20687  52.437  -60.318  9.404 0.0000000000
20704  52.895  -60.879  8.506 0.0000000000
20715  52.483  -60.690  7.897 0.0000000000
20716  52.122  -60.532  7.462 0.0000000000
20727  51.788  -60.702  6.923 0.0000000000
20728  51.386  -60.370  6.448 0.0000000000
20738  50.906  -60.844  5.823 0.0000000000
20739  50.363  -60.635  5.465 0.0000000000
20755  50.213  -61.252  5.147 0.0000000000
20756  49.834  -61.424  4.190 0.0000000000
20757  49.522  -60.865  4.106 0.0000000000
20758  48.596  -60.376  3.926 0.0000000000
20759  47.703  -60.004  3.901 0.0000000000
20762  49.681  -61.382  3.262 0.0000000000
20763  49.278  -60.816  3.139 0.0000000000
20764  48.134  -60.444  3.061 0.0000000000
20765  47.064  -59.954  3.461 0.0000000000
20766  46.261  -59.917  3.018 0.0000000000
20768  49.623  -61.148  2.487 0.0000000000
20769  49.119  -60.688  2.322 0.0000000000
20770  48.186  -60.425  2.027 0.0000000000
20771  47.163  -60.243  2.524 0.0000000000
20772  46.255  -60.047  2.099 0.0000000000
20775  49.565  -60.976  1.772 0.0000000000
20776  49.057  -60.544  1.511 0.0000000000
20777  48.322  -60.253  1.272 0.0000000000
20778  47.301  -60.108  1.479 0.0000000000
20784  49.694  -60.823  0.232 0.0000000000
20785  49.008  -60.268  0.700 0.0000000000
20786  47.971  -59.946  0.696 0.0000000000
20795  49.784  -60.538  -0.564 0.0000000000
20796  49.317  -60.184  -0.022 0.0000000000
20806  50.281  -60.795  -1.975 0.0000000000
20827  50.374  -61.375  -3.741 0.0000000000
21647  43.199  -59.675  14.596 0.0000000000
21659  44.916  -59.459  13.170 0.0000000000
21660  44.129  -59.335  13.351 0.0000000000
21661  43.216  -59.249  13.684 0.0000000000
21672  46.076  -59.429  12.280 0.0000000000
21673  45.281  -59.193  12.460 0.0000000000
21674  44.471  -59.036  12.635 0.0000000000
21675  43.632  -58.956  12.814 0.0000000000
21676  42.815  -58.819  12.930 0.0000000000
21689  48.061  -59.691  11.260 0.0000000000
21690  47.219  -59.567  11.386 0.0000000000
21691  46.392  -59.342  11.540 0.0000000000
21692  45.597  -59.075  11.712 0.0000000000
21693  44.783  -58.850  11.877 0.0000000000
21694  43.949  -58.731  12.039 0.0000000000
21700  51.759  -59.916  9.686 0.0000000000
21701  50.746  -59.636  10.016 0.0000000000
21702  49.664  -59.515  10.290 0.0000000000
21703  48.609  -59.494  10.553 0.0000000000
21704  47.624  -59.413  10.601 0.0000000000
21705  46.729  -59.303  10.733 0.0000000000
21706  45.895  -59.066  10.917 0.0000000000
21707  45.061  -58.859  11.070 0.0000000000
21715  52.307  -60.206  8.790 0.0000000000
21716  51.851  -59.743  8.872 0.0000000000
21717  51.103  -59.318  9.087 0.0000000000
21718  50.127  -59.124  9.401 0.0000000000
21719  49.079  -59.099  9.642 0.0000000000
21720  48.082  -59.117  9.749 0.0000000000
21721  47.128  -59.111  9.834 0.0000000000
21722  46.205  -59.045  10.007 0.0000000000
21733  52.456  -60.425  8.386 0.0000000000
21734  51.956  -59.809  8.281 0.0000000000
21735  51.273  -59.113  8.177 0.0000000000
21736  50.482  -58.736  8.452 0.0000000000
21747  52.127  -60.108  7.810 0.0000000000
21748  51.589  -59.421  7.703 0.0000000000
21754  51.744  -59.925  7.158 0.0000000000
21755  51.167  -59.342  6.731 0.0000000000
21756  50.509  -58.732  6.375 0.0000000000
21764  50.867  -59.928  6.049 0.0000000000
21765  50.136  -59.466  5.782 0.0000000000
21766  49.333  -59.041  5.439 0.0000000000
21767  48.526  -58.685  5.001 0.0000000000
21782  49.698  -60.319  5.126 0.0000000000
21783  48.903  -59.923  4.795 0.0000000000
21784  48.003  -59.512  4.491 0.0000000000
21785  47.064  -59.230  4.109 0.0000000000
21786  46.190  -58.805  3.838 0.0000000000
21791  46.425  -59.445  3.607 0.0000000000
21792  45.705  -59.308  3.372 0.0000000000
21793  44.891  -59.159  3.101 0.0000000000
21794  44.123  -58.902  2.845 0.0000000000
21798  45.441  -59.668  2.648 0.0000000000
21799  44.571  -59.387  2.384 0.0000000000
21800  43.743  -59.068  2.209 0.0000000000
21803  46.355  -59.819  1.296 0.0000000000
21804  45.362  -59.671  1.649 0.0000000000
21805  44.298  -59.334  1.622 0.0000000000
21806  43.512  -58.933  1.559 0.0000000000
21813  48.590  -59.815  0.074 0.0000000000
21814  46.960  -59.668  0.679 0.0000000000
21815  45.499  -59.066  0.098 0.0000000000
21816  44.092  -59.005  0.865 0.0000000000
21825  49.989  -60.228  -1.320 0.0000000000
21826  49.167  -59.716  -0.641 0.0000000000
21827  47.490  -59.136  -0.628 0.0000000000
21828  46.560  -59.214  -0.100 0.0000000000
21838  50.225  -59.925  -2.173 0.0000000000
21839  49.367  -59.383  -1.511 0.0000000000
21840  48.369  -59.169  -1.066 0.0000000000
21852  50.017  -59.366  -2.930 0.0000000000
21853  49.523  -59.127  -2.220 0.0000000000
21863  50.489  -60.313  -3.425 0.0000000000
22674  43.113  -58.660  12.195 0.0000000000
22675  42.453  -58.587  12.353 0.0000000000
22676  41.815  -58.425  12.189 0.0000000000
22687  44.212  -58.683  11.215 0.0000000000
22688  43.353  -58.570  11.374 0.0000000000
22689  42.422  -58.480  11.554 0.0000000000
22690  41.504  -58.308  11.412 0.0000000000
22695  45.334  -58.866  10.190 0.0000000000
22696  44.480  -58.640  10.363 0.0000000000
22697  43.645  -58.490  10.523 0.0000000000
22698  42.804  -58.407  10.638 0.0000000000
22699  41.961  -58.298  10.684 0.0000000000
22707  49.534  -58.619  8.802 0.0000000000
22708  48.562  -58.629  8.956 0.0000000000
22709  47.592  -58.662  8.998 0.0000000000
22710  46.616  -58.673  9.121 0.0000000000
22711  45.681  -58.600  9.301 0.0000000000
22712  44.776  -58.463  9.483 0.0000000000
22713  43.937  -58.320  9.713 0.0000000000
22714  43.152  -58.244  9.872 0.0000000000
22715  42.358  -58.137  9.937 0.0000000000
22725  50.657  -58.397  7.639 0.0000000000
22726  49.930  -58.038  7.963 0.0000000000
22727  49.070  -58.119  8.334 0.0000000000
22728  48.211  -57.899  8.260 0.0000000000
22729  47.110  -58.034  8.428 0.0000000000
22730  46.135  -58.073  8.558 0.0000000000
22731  45.192  -58.034  8.695 0.0000000000
22732  44.203  -57.912  8.858 0.0000000000
22743  51.084  -58.842  7.533 0.0000000000
22744  50.102  -57.761  7.170 0.0000000000
22745  49.215  -57.466  7.582 0.0000000000
22756  50.768  -58.418  7.031 0.0000000000
22757  50.001  -57.821  6.528 0.0000000000
22758  49.377  -57.325  6.071 0.0000000000
22767  49.813  -58.185  5.917 0.0000000000
22768  49.065  -57.796  5.504 0.0000000000
22769  48.291  -57.525  5.053 0.0000000000
22770  47.478  -57.300  4.689 0.0000000000
22790  47.680  -58.413  4.597 0.0000000000
22791  46.802  -58.166  4.275 0.0000000000
22792  45.971  -57.922  3.990 0.0000000000
22793  45.143  -57.750  3.781 0.0000000000
22796  45.382  -58.603  3.589 0.0000000000
22797  44.576  -58.432  3.376 0.0000000000
22798  43.791  -58.264  3.174 0.0000000000
22799  43.037  -58.090  2.804 0.0000000000
22803  42.936  -58.578  2.051 0.0000000000
22804  42.329  -57.891  2.360 0.0000000000
22805  41.744  -57.628  1.886 0.0000000000
22808  42.292  -58.105  1.791 0.0000000000
22816  44.659  -58.879  0.203 0.0000000000
22817  43.283  -58.599  0.852 0.0000000000
22818  42.648  -58.082  0.557 0.0000000000
22826  47.536  -58.678  -1.339 0.0000000000
22827  46.680  -58.714  -0.889 0.0000000000
22828  45.794  -58.692  -0.576 0.0000000000
22829  44.338  -58.421  -0.323 0.0000000000
22830  43.400  -58.160  -0.082 0.0000000000
22831  42.711  -57.727  -0.110 0.0000000000
22842  48.542  -58.695  -1.915 0.0000000000
22843  46.778  -58.331  -1.500 0.0000000000
22844  45.973  -58.285  -1.272 0.0000000000
22845  44.974  -58.201  -0.974 0.0000000000
22859  49.155  -58.553  -2.714 0.0000000000
22860  48.330  -58.152  -2.601 0.0000000000
22861  47.427  -58.111  -2.125 0.0000000000
22872  50.176  -59.481  -3.907 0.0000000000
22873  49.491  -58.540  -3.515 0.0000000000
22874  48.690  -57.914  -3.276 0.0000000000
23780  41.177  -58.105  10.613 0.0000000000
23781  40.424  -57.810  10.623 0.0000000000
23782  39.777  -57.514  10.687 0.0000000000
23783  39.224  -57.303  11.142 0.0000000000
23792  43.398  -57.501  8.731 0.0000000000
23793  42.802  -57.823  9.283 0.0000000000
23794  41.925  -57.584  9.314 0.0000000000
23795  40.974  -57.590  9.780 0.0000000000
23796  40.073  -57.329  9.946 0.0000000000
23806  47.631  -57.243  7.798 0.0000000000
23807  46.662  -57.362  7.960 0.0000000000
23808  45.731  -57.395  8.071 0.0000000000
23809  44.827  -57.295  8.195 0.0000000000
23820  49.471  -57.215  6.734 0.0000000000
23821  48.187  -56.574  6.980 0.0000000000
23822  46.303  -56.684  7.492 0.0000000000
23823  45.433  -56.612  7.587 0.0000000000
23824  44.482  -56.394  7.684 0.0000000000
23825  43.390  -56.585  8.137 0.0000000000
23837  48.873  -56.796  6.406 0.0000000000
23838  48.198  -56.382  6.091 0.0000000000
23846  48.708  -56.947  5.697 0.0000000000
23847  47.945  -56.678  5.341 0.0000000000
23848  47.168  -56.445  5.039 0.0000000000
23864  46.624  -57.113  4.412 0.0000000000
23865  45.771  -56.949  4.207 0.0000000000
23866  44.906  -56.805  4.036 0.0000000000
23867  44.019  -56.707  3.873 0.0000000000
23868  43.091  -56.645  3.723 0.0000000000
23872  44.302  -57.616  3.605 0.0000000000
23873  43.430  -57.500  3.410 0.0000000000
23874  42.461  -57.337  3.132 0.0000000000
23875  41.786  -56.876  3.136 0.0000000000
23880  41.737  -57.288  2.550 0.0000000000
23881  41.106  -57.006  2.027 0.0000000000
23887  42.000  -57.809  1.144 0.0000000000
23888  41.371  -57.261  1.331 0.0000000000
23895  42.117  -57.529  0.282 0.0000000000
23896  41.595  -57.291  0.694 0.0000000000
23904  43.941  -57.856  -0.872 0.0000000000
23905  43.101  -57.536  -0.718 0.0000000000
23906  42.348  -57.227  -0.484 0.0000000000
23907  41.589  -56.851  -0.046 0.0000000000
23915  46.332  -57.864  -1.933 0.0000000000
23916  45.356  -57.734  -1.736 0.0000000000
23917  44.394  -57.515  -1.569 0.0000000000
23918  43.508  -57.221  -1.416 0.0000000000
23919  42.710  -56.932  -1.200 0.0000000000
23928  47.767  -57.589  -2.949 0.0000000000
23929  46.755  -57.459  -2.648 0.0000000000
23930  45.736  -57.302  -2.436 0.0000000000
23931  44.789  -57.124  -2.253 0.0000000000
23932  43.909  -56.870  -2.088 0.0000000000
23943  48.995  -57.823  -4.051 0.0000000000
23944  48.067  -57.243  -3.829 0.0000000000
23945  47.123  -57.045  -3.378 0.0000000000
23955  49.131  -58.024  -4.892 0.0000000000
23956  48.465  -57.327  -4.640 0.0000000000
23965  48.637  -57.589  -5.383 0.0000000000
24869  39.354  -57.038  10.242 0.0000000000
24870  38.632  -56.735  10.658 0.0000000000
24880  41.308  -57.013  9.011 0.0000000000
24881  40.542  -56.869  9.238 0.0000000000
24882  39.740  -56.612  9.444 0.0000000000
24883  38.937  -56.339  9.754 0.0000000000
24891  41.640  -56.401  8.525 0.0000000000
24892  40.343  -56.035  8.710 0.0000000000
24898  47.467  -56.152  6.546 0.0000000000
24899  46.074  -55.955  6.999 0.0000000000
24900  45.255  -55.771  7.058 0.0000000000
24901  43.876  -55.602  7.425 0.0000000000
24902  42.936  -55.658  7.733 0.0000000000
24903  42.043  -55.666  8.061 0.0000000000
24916  47.439  -56.118  5.790 0.0000000000
24917  46.669  -55.751  6.277 0.0000000000
24918  45.738  -55.428  6.411 0.0000000000
24919  45.004  -55.167  6.561 0.0000000000
24920  44.314  -54.991  6.728 0.0000000000
24928  46.767  -55.932  5.509 0.0000000000
24929  45.983  -55.528  5.580 0.0000000000
24930  45.145  -55.308  5.268 0.0000000000
24950  46.370  -56.212  4.828 0.0000000000
24951  45.514  -56.008  4.646 0.0000000000
24952  44.622  -55.799  4.508 0.0000000000
24953  43.685  -55.861  4.260 0.0000000000
24954  42.804  -55.814  4.120 0.0000000000
24955  42.023  -55.722  3.987 0.0000000000
24957  42.242  -56.483  3.609 0.0000000000
24958  41.481  -56.234  3.471 0.0000000000
24959  40.898  -56.182  3.041 0.0000000000
24962  41.236  -56.714  2.781 0.0000000000
24963  40.715  -56.348  2.402 0.0000000000
24970  40.919  -56.774  1.372 0.0000000000
24971  40.603  -56.397  1.726 0.0000000000
24979  41.112  -56.809  0.739 0.0000000000
24980  40.921  -56.185  0.151 0.0000000000
24991  41.976  -56.580  -0.938 0.0000000000
24992  41.352  -56.053  -0.629 0.0000000000
24998  43.044  -56.498  -1.919 0.0000000000
24999  42.373  -56.342  -1.535 0.0000000000
25000  41.766  -55.759  -1.456 0.0000000000
25007  46.151  -56.877  -3.112 0.0000000000
25008  45.196  -56.709  -2.902 0.0000000000
25009  44.313  -56.507  -2.719 0.0000000000
25010  43.534  -56.228  -2.554 0.0000000000
25011  42.414  -55.845  -2.061 0.0000000000
25022  47.310  -56.725  -3.989 0.0000000000
25023  46.551  -56.509  -3.781 0.0000000000
25024  45.609  -56.300  -3.568 0.0000000000
25025  44.707  -56.132  -3.336 0.0000000000
25026  43.915  -55.920  -3.134 0.0000000000
25037  47.698  -56.752  -4.570 0.0000000000
25038  46.911  -56.267  -4.447 0.0000000000
25039  46.073  -55.920  -4.232 0.0000000000
25049  47.989  -56.955  -5.326 0.0000000000
25050  47.193  -56.198  -5.249 0.0000000000
25058  47.472  -56.585  -6.089 0.0000000000
25811  38.156  -56.022  10.135 0.0000000000
25821  39.420  -55.792  9.017 0.0000000000
25822  38.588  -55.542  9.360 0.0000000000
25823  37.813  -55.241  9.719 0.0000000000
25828  41.205  -55.816  8.322 0.0000000000
25829  40.722  -55.384  8.154 0.0000000000
25830  39.915  -55.188  8.283 0.0000000000
25831  39.031  -55.026  8.668 0.0000000000
25835  43.410  -54.796  6.927 0.0000000000
25836  42.449  -54.959  7.392 0.0000000000
25837  41.493  -55.075  7.714 0.0000000000
25838  40.601  -54.880  7.683 0.0000000000
25839  39.899  -54.664  7.667 0.0000000000
25850  45.248  -55.035  6.009 0.0000000000
25851  44.670  -54.878  6.246 0.0000000000
25852  44.052  -54.617  6.196 0.0000000000
25853  43.280  -54.282  6.065 0.0000000000
25854  41.998  -54.502  6.982 0.0000000000
25860  44.576  -54.875  5.656 0.0000000000
25861  43.756  -54.661  5.475 0.0000000000
25862  42.932  -54.510  5.270 0.0000000000
25863  42.086  -54.476  5.023 0.0000000000
25881  44.145  -55.164  4.901 0.0000000000
25882  43.324  -55.101  4.704 0.0000000000
25883  42.480  -55.075  4.565 0.0000000000
25884  41.596  -55.121  4.310 0.0000000000
25885  40.785  -54.924  4.062 0.0000000000
25886  39.536  -54.249  4.113 0.0000000000
25889  40.964  -55.613  3.621 0.0000000000
25890  40.349  -55.718  2.838 0.0000000000
25891  39.841  -55.083  3.021 0.0000000000
25893  40.207  -55.911  2.045 0.0000000000
25894  39.786  -55.324  2.281 0.0000000000
25900  40.270  -55.924  1.460 0.0000000000
25901  39.880  -55.428  1.540 0.0000000000
25908  40.129  -55.604  1.004 0.0000000000
25922  41.196  -55.373  -1.009 0.0000000000
25923  40.794  -55.449  -0.387 0.0000000000
25932  41.919  -55.119  -2.218 0.0000000000
25933  41.335  -54.852  -1.603 0.0000000000
25942  42.905  -54.934  -3.269 0.0000000000
25943  42.590  -55.338  -2.646 0.0000000000
25953  45.052  -55.639  -4.013 0.0000000000
25954  44.291  -55.622  -3.608 0.0000000000
25955  43.630  -55.298  -3.512 0.0000000000
25965  45.677  -55.266  -4.660 0.0000000000
25966  44.243  -55.094  -4.042 0.0000000000
25979  46.485  -55.647  -4.903 0.0000000000
25980  46.064  -54.924  -5.375 0.0000000000
25992  46.474  -55.042  -6.062 0.0000000000
26790  38.270  -54.760  9.029 0.0000000000
26791  37.565  -54.443  9.411 0.0000000000
26794  39.325  -54.541  8.049 0.0000000000
26795  38.641  -54.317  8.387 0.0000000000
26796  37.979  -53.991  8.755 0.0000000000
26797  41.191  -54.545  7.041 0.0000000000
26798  40.282  -54.429  7.041 0.0000000000
26799  39.381  -54.160  7.249 0.0000000000
26800  38.711  -53.623  7.303 0.0000000000
26810  42.418  -54.151  5.878 0.0000000000
26811  40.874  -54.242  6.281 0.0000000000
26812  39.008  -53.641  6.545 0.0000000000
26820  41.532  -54.219  5.597 0.0000000000
26821  40.579  -54.220  5.390 0.0000000000
26822  39.698  -54.001  5.049 0.0000000000
26839  41.200  -54.520  4.787 0.0000000000
26842  39.375  -54.491  3.281 0.0000000000
26847  39.352  -54.702  2.504 0.0000000000
26852  39.439  -54.785  1.724 0.0000000000
26860  40.275  -54.752  -0.187 0.0000000000
26861  39.763  -54.777  0.755 0.0000000000
26876  39.847  -54.098  -0.017 0.0000000000
26887  40.930  -53.970  -1.552 0.0000000000
26888  40.780  -54.715  -0.932 0.0000000000
26898  41.578  -54.108  -2.338 0.0000000000
26906  42.628  -54.130  -3.444 0.0000000000
26918  45.294  -54.566  -4.947 0.0000000000
26919  44.357  -54.343  -4.536 0.0000000000
26933  45.624  -54.100  -5.559 0.0000000000
26934  44.939  -53.775  -5.102 0.0000000000
26948  46.137  -54.382  -6.050 0.0000000000
26949  45.947  -53.615  -6.126 0.0000000000
27778  38.307  -53.557  8.041 0.0000000000
27779  37.668  -53.263  8.539 0.0000000000
27782  37.862  -52.873  8.012 0.0000000000
27791  38.596  -53.230  6.779 0.0000000000
27797  39.090  -53.536  5.564 0.0000000000
27816  39.096  -53.695  4.562 0.0000000000
27817  38.714  -53.154  4.863 0.0000000000
27820  38.893  -53.794  3.601 0.0000000000
27821  38.721  -53.276  4.182 0.0000000000
27826  38.924  -54.075  2.680 0.0000000000
27827  38.669  -53.246  2.740 0.0000000000
27835  38.817  -53.598  1.945 0.0000000000
27836  38.691  -52.710  1.967 0.0000000000
27845  39.462  -53.705  0.525 0.0000000000
27858  39.779  -53.282  -0.226 0.0000000000
27866  40.640  -53.097  -1.447 0.0000000000
27875  41.722  -53.136  -2.779 0.0000000000
27876  41.150  -53.174  -2.108 0.0000000000
27888  43.037  -53.628  -3.934 0.0000000000
27889  42.393  -53.175  -3.434 0.0000000000
27901  44.188  -53.447  -4.688 0.0000000000
27902  43.467  -53.135  -4.332 0.0000000000
27915  45.411  -53.244  -5.611 0.0000000000
27930  46.289  -53.217  -6.733 0.0000000000
28843  38.235  -52.890  7.348 0.0000000000
28844  37.757  -52.193  7.728 0.0000000000
28850  38.410  -52.602  6.566 0.0000000000
28858  38.526  -52.413  5.830 0.0000000000
28873  38.571  -52.373  5.068 0.0000000000
28881  38.574  -52.516  4.295 0.0000000000
28889  38.621  -52.315  2.761 0.0000000000
28898  39.012  -53.042  1.085 0.0000000000
28903  49.445  -53.641  0.768 0.0000000000
28908  45.743  -52.805  0.868 0.0000000000
28909  39.422  -52.893  0.280 0.0000000000
28927  50.851  -53.202  -0.194 0.0000000000
28928  49.985  -53.129  -0.046 0.0000000000
28929  49.114  -53.158  0.104 0.0000000000
28930  48.182  -53.245  0.325 0.0000000000
28931  47.241  -53.177  0.501 0.0000000000
28932  46.373  -53.026  0.660 0.0000000000
28933  40.198  -52.050  -0.958 0.0000000000
28934  39.772  -52.262  -0.325 0.0000000000
28949  51.338  -52.439  -1.227 0.0000000000
28950  40.915  -52.480  -1.867 0.0000000000
28951  40.546  -52.280  -1.397 0.0000000000
28965  51.859  -52.196  -2.036 0.0000000000
28966  42.018  -52.298  -3.107 0.0000000000
28967  41.425  -52.219  -2.434 0.0000000000
28979  51.895  -52.425  -3.768 0.0000000000
28980  43.280  -52.315  -4.198 0.0000000000
28981  42.646  -52.249  -3.655 0.0000000000
28990  51.627  -52.601  -4.558 0.0000000000
28991  44.713  -52.897  -5.137 0.0000000000
28992  43.994  -52.588  -4.647 0.0000000000
29003  51.418  -52.754  -5.421 0.0000000000
29004  45.296  -52.259  -5.537 0.0000000000
29010  51.295  -52.850  -6.270 0.0000000000
29011  50.734  -52.306  -6.675 0.0000000000
29012  46.476  -52.346  -6.723 0.0000000000
29013  45.906  -52.779  -6.141 0.0000000000
29017  51.223  -52.957  -7.144 0.0000000000
29933  38.177  -51.159  6.753 0.0000000000
29942  38.382  -51.774  6.276 0.0000000000
29965  38.612  -51.607  4.553 0.0000000000
29973  38.614  -51.751  3.596 0.0000000000
29978  38.744  -51.449  2.668 0.0000000000
29988  39.011  -51.180  1.773 0.0000000000
29989  38.915  -52.060  1.336 0.0000000000
29996  45.242  -52.290  1.034 0.0000000000
29997  44.674  -51.605  0.539 0.0000000000
29998  39.338  -51.294  0.812 0.0000000000
30015  49.739  -52.239  -0.873 0.0000000000
30016  48.701  -52.396  -0.612 0.0000000000
30017  47.696  -52.535  -0.442 0.0000000000
30018  46.686  -52.578  -0.222 0.0000000000
30019  45.313  -52.293  0.558 0.0000000000
30020  40.243  -51.358  -0.687 0.0000000000
30021  39.714  -51.374  0.014 0.0000000000
30030  51.189  -51.783  -2.186 0.0000000000
30031  50.549  -51.886  -1.518 0.0000000000
30032  49.161  -51.540  -1.485 0.0000000000
30033  48.227  -51.593  -1.293 0.0000000000
30034  47.221  -51.620  -1.103 0.0000000000
30035  46.148  -51.682  -0.815 0.0000000000
30036  41.006  -51.660  -1.772 0.0000000000
30048  51.776  -52.025  -2.946 0.0000000000
30049  50.070  -51.115  -3.136 0.0000000000
30050  49.525  -51.057  -2.418 0.0000000000
30051  42.250  -51.014  -2.607 0.0000000000
30052  41.640  -51.296  -2.248 0.0000000000
30062  51.136  -51.973  -3.974 0.0000000000
30063  50.365  -51.354  -3.887 0.0000000000
30064  43.177  -51.359  -3.778 0.0000000000
30065  42.435  -51.512  -3.195 0.0000000000
30074  50.969  -52.242  -4.953 0.0000000000
30075  50.490  -51.664  -4.696 0.0000000000
30076  44.461  -51.179  -4.753 0.0000000000
30077  43.846  -51.689  -4.470 0.0000000000
30086  50.841  -52.314  -5.795 0.0000000000
30087  50.518  -51.879  -5.391 0.0000000000
30088  45.548  -51.341  -5.523 0.0000000000
30089  44.962  -51.516  -5.209 0.0000000000
30094  50.233  -51.697  -6.172 0.0000000000
30095  49.586  -51.210  -6.772 0.0000000000
30096  47.311  -51.126  -6.788 0.0000000000
30097  46.641  -51.478  -6.454 0.0000000000
30098  45.985  -51.904  -6.072 0.0000000000
31000  39.210  -50.026  5.138 0.0000000000
31001  38.550  -50.931  6.060 0.0000000000
31016  38.826  -50.790  4.859 0.0000000000
31023  39.202  -50.090  3.779 0.0000000000
31024  38.853  -50.818  3.260 0.0000000000
31030  38.985  -50.771  2.507 0.0000000000
31043  44.425  -50.829  1.258 0.0000000000
31044  39.497  -50.462  1.133 0.0000000000
31051  44.759  -51.627  1.091 0.0000000000
31052  44.159  -50.962  0.808 0.0000000000
31053  43.382  -50.329  0.383 0.0000000000
31054  40.409  -50.141  0.031 0.0000000000
31055  39.828  -50.593  0.359 0.0000000000
31067  44.306  -50.921  -0.470 0.0000000000
31068  43.837  -50.752  0.085 0.0000000000
31069  43.009  -50.240  -0.596 0.0000000000
31070  42.146  -50.146  -0.806 0.0000000000
31071  41.375  -50.402  -0.903 0.0000000000
31072  40.668  -50.560  -0.584 0.0000000000
31073  40.144  -50.767  -0.226 0.0000000000
31084  48.647  -50.893  -2.100 0.0000000000
31085  47.743  -50.791  -1.896 0.0000000000
31086  46.682  -50.626  -1.791 0.0000000000
31087  45.602  -50.740  -1.436 0.0000000000
31088  44.801  -50.706  -1.181 0.0000000000
31089  44.167  -50.380  -1.469 0.0000000000
31090  43.364  -50.335  -1.663 0.0000000000
31091  42.507  -50.376  -1.445 0.0000000000
31092  41.439  -50.883  -1.627 0.0000000000
31093  40.835  -51.035  -1.204 0.0000000000
31105  49.420  -50.731  -3.224 0.0000000000
31106  48.840  -50.522  -2.919 0.0000000000
31107  48.103  -50.337  -2.675 0.0000000000
31108  47.304  -50.120  -2.530 0.0000000000
31109  45.929  -49.991  -2.262 0.0000000000
31110  44.985  -50.066  -2.099 0.0000000000
31111  44.152  -50.108  -2.387 0.0000000000
31112  43.484  -50.310  -2.637 0.0000000000
31113  42.747  -50.511  -2.239 0.0000000000
31114  42.040  -50.681  -1.976 0.0000000000
31124  49.646  -50.841  -3.879 0.0000000000
31125  48.864  -50.295  -3.816 0.0000000000
31126  47.977  -49.726  -4.087 0.0000000000
31127  47.634  -49.810  -3.280 0.0000000000
31128  44.291  -50.148  -3.701 0.0000000000
31129  43.600  -50.497  -3.415 0.0000000000
31130  42.888  -50.754  -3.030 0.0000000000
31139  49.842  -51.103  -4.646 0.0000000000
31140  49.178  -50.510  -4.624 0.0000000000
31141  48.481  -50.033  -4.688 0.0000000000
31142  45.370  -50.098  -4.665 0.0000000000
31143  44.642  -50.402  -4.409 0.0000000000
31144  43.917  -50.802  -4.168 0.0000000000
31151  50.020  -51.384  -5.397 0.0000000000
31152  49.328  -50.727  -5.485 0.0000000000
31153  48.607  -50.333  -5.902 0.0000000000
31154  47.292  -50.149  -5.788 0.0000000000
31155  46.549  -50.274  -5.552 0.0000000000
31156  45.798  -50.520  -5.285 0.0000000000
31157  45.087  -50.800  -5.022 0.0000000000
31161  49.094  -50.719  -6.383 0.0000000000
31162  48.387  -50.618  -6.625 0.0000000000
31163  47.674  -50.536  -6.432 0.0000000000
31164  46.946  -50.691  -6.188 0.0000000000
31165  46.236  -51.030  -5.860 0.0000000000
31175  48.966  -50.931  -7.132 0.0000000000
32057  39.447  -49.672  4.487 0.0000000000
32067  39.522  -49.486  3.159 0.0000000000
32072  39.643  -49.501  2.163 0.0000000000
32084  44.341  -49.747  1.408 0.0000000000
32085  43.548  -49.374  1.205 0.0000000000
32086  40.520  -49.067  1.085 0.0000000000
32087  40.013  -49.340  1.409 0.0000000000
32095  43.721  -50.308  1.026 0.0000000000
32096  43.029  -49.769  0.685 0.0000000000
32097  42.230  -49.429  0.394 0.0000000000
32098  41.408  -49.381  0.327 0.0000000000
32099  40.747  -49.481  0.421 0.0000000000
32100  40.059  -49.775  0.757 0.0000000000
32112  42.567  -49.960  -0.020 0.0000000000
32113  41.751  -49.834  -0.252 0.0000000000
32114  41.026  -49.922  -0.219 0.0000000000
32137  46.860  -49.618  -3.134 0.0000000000
32138  46.126  -49.581  -2.946 0.0000000000
32139  45.479  -49.714  -2.768 0.0000000000
32140  44.764  -49.788  -3.073 0.0000000000
32150  47.122  -49.505  -3.893 0.0000000000
32151  46.321  -49.467  -3.692 0.0000000000
32152  45.556  -49.570  -3.455 0.0000000000
32161  47.914  -49.746  -4.868 0.0000000000
32162  47.333  -49.623  -4.662 0.0000000000
32163  46.568  -49.563  -4.461 0.0000000000
32164  45.775  -49.600  -4.239 0.0000000000
32165  44.990  -49.763  -3.973 0.0000000000
32170  48.192  -49.994  -5.389 0.0000000000
32171  47.590  -49.869  -5.338 0.0000000000
32172  46.891  -49.780  -5.170 0.0000000000
32173  46.120  -49.859  -4.946 0.0000000000
32178  47.964  -50.150  -5.965 0.0000000000
33044  39.898  -48.909  4.391 0.0000000000
33063  40.394  -48.288  3.756 0.0000000000
33064  39.878  -48.894  3.469 0.0000000000
33076  40.312  -48.428  2.826 0.0000000000
33077  39.864  -48.962  2.682 0.0000000000
33090  43.392  -48.403  1.392 0.0000000000
33091  42.487  -48.228  1.377 0.0000000000
33092  41.628  -48.331  1.347 0.0000000000
33093  40.921  -48.425  1.482 0.0000000000
33094  40.253  -48.757  1.916 0.0000000000
33103  42.758  -49.028  1.002 0.0000000000
33104  41.911  -48.843  0.864 0.0000000000
33105  41.145  -48.872  0.875 0.0000000000
34075  41.301  -47.221  3.273 0.0000000000
34089  42.080  -47.317  2.129 0.0000000000
34090  41.361  -47.506  2.539 0.0000000000
34091  40.806  -48.067  2.224 0.0000000000
34107  43.196  -47.597  1.641 0.0000000000
34108  42.539  -47.591  1.744 0.0000000000
34109  41.442  -47.881  1.865 0.0000000000
35105  41.846  -46.922  2.819 0.0000000000
35122  43.695  -46.838  1.822 0.0000000000
35123  42.879  -47.013  1.962 0.0000000000
103071  40.572  -56.213  0.969 0.0000000000
103081  40.108  -73.527  0.487 0.0000000000
103097  42.649  -58.356  1.345 0.0000000000
103108  30.468  -78.031  25.524 0.0000000000
103152  36.569  -77.851  24.088 0.0000000000
103222  40.050  -78.396  12.615 0.0000000000
103407  34.596  -80.880  11.577 0.0000000000
103470  38.765  -77.450  3.192 0.0000000000
103578  36.826  -77.973  25.571 0.0000000000
103836  37.698  -73.179  9.623 0.0000000000
103872  32.390  -75.624  -1.082 0.0000000000
103918  35.952  -76.129  8.222 0.0000000000
103948  32.948  -76.801  0.556 0.0000000000
103991  34.384  -79.701  27.849 0.0000000000
104007  34.350  -80.136  21.576 0.0000000000
104032  39.210  -50.149  2.824 0.0000000000
104033  44.088  -68.642  11.813 0.0000000000
104156  34.487  -76.455  8.366 0.0000000000
104272  39.634  -49.335  5.005 0.0000000000
104306  36.313  -77.034  0.458 0.0000000000
104343  45.086  -72.458  12.011 0.0000000000
104399  36.678  -78.488  25.004 0.0000000000
104419  47.201  -56.597  7.330 0.0000000000
104426  51.003  -62.372  13.543 0.0000000000
104456  37.549  -68.929  1.463 0.0000000000
104501  25.890  -78.583  12.044 0.0000000000
104505  28.936  -81.048  13.684 0.0000000000
104540  52.206  -64.427  11.861 0.0000000000
104544  43.498  -64.791  -1.397 0.0000000000
104547  36.671  -76.711  24.910 0.0000000000
104568  35.820  -76.236  0.493 0.0000000000
104644  44.820  -73.235  23.336 0.0000000000
104774  42.196  -75.147  25.127 0.0000000000
104778  28.281  -84.351  -1.765 0.0000000000
104803  43.954  -58.644  0.271 0.0000000000
104817  45.097  -60.552  14.558 0.0000000000
104845  36.562  -76.939  8.178 0.0000000000
104855  34.882  -76.157  0.591 0.0000000000
104911  47.633  -59.535  0.052 0.0000000000
104968  34.567  -79.754  17.891 0.0000000000
104994  32.126  -82.343  0.882 0.0000000000
105013  28.383  -81.820  6.217 0.0000000000
105020  47.433  -71.432  14.756 0.0000000000
105039  43.590  -65.141  -2.627 0.0000000000
105066  34.595  -79.403  27.307 0.0000000000
105075  34.316  -79.065  8.381 0.0000000000
105133  38.322  -75.069  16.103 0.0000000000
105202  36.750  -77.244  25.569 0.0000000000
105212  41.722  -72.871  10.120 0.0000000000
105221  43.033  -68.318  10.569 0.0000000000
105260  41.772  -73.655  20.704 0.0000000000
105345  38.792  -50.653  5.455 0.0000000000
105361  35.437  -70.175  1.406 0.0000000000
105368  43.045  -72.484  14.021 0.0000000000
105375  38.769  -76.903  7.868 0.0000000000
105390  34.438  -78.123  8.479 0.0000000000
105470  45.361  -70.676  17.375 0.0000000000
105482  36.575  -70.417  1.499 0.0000000000
105539  50.388  -51.416  -2.344 0.0000000000
105559  37.387  -74.564  27.214 0.0000000000
105618  35.696  -76.945  8.293 0.0000000000
105699  49.812  -62.387  3.550 0.0000000000
105792  44.954  -59.311  0.838 0.0000000000
105924  38.875  -50.126  5.874 0.0000000000
105946  31.830  -79.152  0.215 0.0000000000
105949  46.746  -64.715  8.396 0.0000000000
106004  43.818  -60.165  14.892 0.0000000000
106018  25.419  -86.149  8.031 0.0000000000
106119  50.434  -62.052  4.984 0.0000000000
106191  23.248  -79.428  10.699 0.0000000000
106266  39.993  -77.780  13.690 0.0000000000
106441  49.405  -63.022  5.962 0.0000000000
106442  42.427  -56.426  8.322 0.0000000000
106482  42.934  -65.861  16.049 0.0000000000
106520  40.308  -53.833  -0.770 0.0000000000
106667  45.337  -73.100  18.511 0.0000000000
106720  34.549  -78.433  18.213 0.0000000000
106843  43.442  -54.493  -3.911 0.0000000000
106868  29.221  -79.518  16.853 0.0000000000
106918  33.392  -81.184  8.324 0.0000000000
106951  34.386  -78.006  20.100 0.0000000000
107048  22.693  -87.344  6.951 0.0000000000
107077  41.354  -73.638  0.226 0.0000000000
107079  46.542  -61.727  -1.289 0.0000000000
107101  38.576  -51.491  5.429 0.0000000000
107107  34.269  -76.430  29.451 0.0000000000
107113  40.380  -67.195  12.616 0.0000000000
107133  42.256  -54.581  -2.842 0.0000000000
107168  50.146  -51.715  -7.161 0.0000000000
107273  40.184  -52.806  -0.871 0.0000000000
107278  36.455  -77.412  23.075 0.0000000000
107283  40.295  -54.471  4.512 0.0000000000
107307  30.537  -81.235  27.825 0.0000000000
107375  40.992  -56.436  8.749 0.0000000000
107410  35.788  -71.147  1.453 0.0000000000
107447  32.788  -78.619  29.482 0.0000000000
107467  48.690  -69.407  5.074 0.0000000000
107715  38.695  -53.144  6.133 0.0000000000
107755  38.398  -74.027  16.222 0.0000000000
107820  44.613  -55.508  7.101 0.0000000000
107826  42.991  -70.993  19.550 0.0000000000
107833  36.756  -71.196  1.474 0.0000000000
107859  43.226  -55.612  -2.943 0.0000000000
107873  41.074  -72.727  12.585 0.0000000000
107879  36.037  -79.640  25.938 0.0000000000
108005  40.690  -64.698  15.479 0.0000000000
108023  28.789  -85.016  -3.049 0.0000000000
108031  44.147  -73.516  18.854 0.0000000000
108098  34.583  -80.270  21.783 0.0000000000
108127  46.762  -72.416  15.855 0.0000000000
108404  29.606  -81.571  13.182 0.0000000000
108461  27.719  -79.997  14.552 0.0000000000
108532  40.460  -75.548  11.693 0.0000000000
108549  33.868  -79.277  28.676 0.0000000000
108619  44.949  -62.694  11.776 0.0000000000
108649  42.558  -72.739  -0.164 0.0000000000
108654  35.138  -76.510  29.250 0.0000000000
108681  48.243  -59.462  -0.431 0.0000000000
108700  37.069  -75.566  0.487 0.0000000000
108727  34.589  -78.678  0.691 0.0000000000
108903  29.851  -79.809  25.467 0.0000000000
108958  25.979  -79.420  13.980 0.0000000000
109023  36.477  -79.251  26.981 0.0000000000
109038  39.130  -74.520  27.849 0.0000000000
109070  38.605  -52.849  3.531 0.0000000000
109085  30.376  -82.583  2.594 0.0000000000
109116  48.352  -68.534  3.938 0.0000000000
109188  34.630  -79.248  23.785 0.0000000000
109266  40.145  -78.285  12.657 0.0000000000
109287  30.176  -80.689  -9.223 0.0000000000
109294  43.645  -50.471  -0.789 0.0000000000
109360  27.750  -81.548  25.902 0.0000000000
109362  42.915  -66.122  16.812 0.0000000000
109382  42.861  -72.021  -0.586 0.0000000000
109389  29.707  -81.848  9.495 0.0000000000
109428  33.061  -80.898  0.963 0.0000000000
109446  43.026  -67.885  11.932 0.0000000000
109481  45.806  -52.501  0.156 0.0000000000
109572  37.599  -70.318  1.480 0.0000000000
109596  34.667  -78.033  24.012 0.0000000000
109635  36.858  -79.293  15.875 0.0000000000
109690  43.211  -66.384  -3.067 0.0000000000
109695  43.531  -70.714  18.367 0.0000000000
109706  46.860  -55.775  -6.072 0.0000000000
109725  40.353  -74.599  10.292 0.0000000000
109839  46.639  -68.633  1.702 0.0000000000
109861  36.934  -75.220  26.839 0.0000000000
109881  28.033  -83.647  1.273 0.0000000000
110019  49.387  -66.751  6.300 0.0000000000
110030  34.460  -77.710  19.352 0.0000000000
110060  23.497  -80.703  10.308 0.0000000000
110080  45.565  -72.864  15.345 0.0000000000
110081  37.395  -74.552  27.938 0.0000000000
110118  46.976  -63.527  4.268 0.0000000000
110136  27.753  -81.931  2.234 0.0000000000
110151  43.267  -73.648  19.853 0.0000000000
110162  34.353  -79.084  19.271 0.0000000000
110195  40.381  -69.211  0.376 0.0000000000
110197  22.828  -80.812  10.829 0.0000000000
110267  43.547  -66.217  -2.809 0.0000000000
110333  38.391  -68.901  1.335 0.0000000000
110358  48.303  -50.090  -3.350 0.0000000000
110394  39.308  -52.153  0.493 0.0000000000
110426  41.587  -68.506  9.488 0.0000000000
110427  33.207  -81.173  -4.502 0.0000000000
110454  33.557  -78.515  0.645 0.0000000000
110516  33.522  -72.776  0.380 0.0000000000
110686  42.749  -73.313  16.695 0.0000000000
110784  39.201  -54.049  1.321 0.0000000000
110919  46.998  -60.560  13.344 0.0000000000
110920  47.735  -66.093  5.502 0.0000000000
110979  30.569  -82.319  11.059 0.0000000000
110992  41.607  -74.317  0.454 0.0000000000
111124  31.153  -82.399  2.805 0.0000000000
111211  40.814  -47.809  3.066 0.0000000000
111264  34.125  -79.962  20.927 0.0000000000
111473  39.802  -54.002  6.188 0.0000000000
111573  43.869  -66.076  -1.016 0.0000000000
111599  25.864  -84.199  10.287 0.0000000000
111623  39.586  -49.418  3.896 0.0000000000
111628  40.601  -72.321  0.452 0.0000000000
111647  36.047  -78.858  18.995 0.0000000000
111655  42.970  -73.626  20.990 0.0000000000
111692  24.092  -87.122  5.887 0.0000000000
111708  40.490  -74.606  11.078 0.0000000000
111784  37.634  -79.216  11.394 0.0000000000
111819  40.352  -63.581  17.620 0.0000000000
111860  40.479  -72.412  10.193 0.0000000000
111880  45.620  -72.060  20.708 0.0000000000
111979  31.162  -80.154  -6.220 0.0000000000
111981  43.656  -53.835  -4.327 0.0000000000
112011  44.039  -57.184  8.297 0.0000000000
112025  53.285  -63.450  11.054 0.0000000000
112054  44.040  -50.054  -3.049 0.0000000000
112170  49.545  -61.994  13.847 0.0000000000
112218  25.601  -78.726  12.684 0.0000000000
112235  53.514  -62.012  11.192 0.0000000000
112239  31.021  -81.087  13.694 0.0000000000
112332  38.108  -52.003  7.015 0.0000000000
112359  38.780  -73.745  24.616 0.0000000000
112408  46.051  -71.539  19.288 0.0000000000
112765  49.908  -51.546  -1.720 0.0000000000
112834  29.556  -82.010  27.072 0.0000000000
112843  38.918  -72.206  10.541 0.0000000000
112855  38.391  -74.409  19.544 0.0000000000
112862  32.452  -80.449  7.749 0.0000000000
112870  41.645  -58.014  10.039 0.0000000000
112887  44.103  -66.004  2.258 0.0000000000
112902  42.825  -62.524  12.892 0.0000000000
112967  36.393  -75.616  28.519 0.0000000000
112993  33.669  -73.801  0.587 0.0000000000
113044  36.608  -71.848  1.442 0.0000000000
113075  36.879  -77.835  26.302 0.0000000000
113128  33.473  -79.247  8.386 0.0000000000
113187  38.996  -76.865  15.508 0.0000000000
113411  31.995  -79.015  -8.288 0.0000000000
113472  39.807  -67.598  9.115 0.0000000000
113476  34.189  -78.141  -2.627 0.0000000000
113538  42.615  -64.283  -4.255 0.0000000000
113606  30.526  -80.686  -5.704 0.0000000000
113727  38.807  -50.857  4.098 0.0000000000
113880  49.558  -60.876  1.031 0.0000000000
113913  27.765  -79.600  9.716 0.0000000000
113927  40.295  -78.168  9.515 0.0000000000
113950  45.064  -58.664  -0.330 0.0000000000
113980  35.808  -71.959  1.430 0.0000000000
114033  29.678  -82.907  -7.300 0.0000000000
114108  50.447  -64.580  13.012 0.0000000000
114267  36.771  -76.952  26.135 0.0000000000
114282  38.891  -76.756  3.654 0.0000000000
114289  39.675  -49.833  1.432 0.0000000000
114311  46.595  -49.910  -2.527 0.0000000000
114327  39.299  -50.291  1.951 0.0000000000
114497  48.526  -62.963  0.991 0.0000000000
114503  42.027  -47.845  1.670 0.0000000000
114522  34.105  -79.704  3.293 0.0000000000
114552  46.534  -64.891  14.282 0.0000000000
114575  35.109  -74.505  8.197 0.0000000000
114621  53.609  -61.843  10.134 0.0000000000
114625  43.844  -67.377  -2.147 0.0000000000
114764  38.372  -70.240  1.403 0.0000000000
114821  46.249  -54.007  -6.717 0.0000000000
114863  43.918  -59.682  14.094 0.0000000000
114885  51.532  -64.730  11.142 0.0000000000
114948  41.876  -50.470  -1.386 0.0000000000
114949  38.729  -73.615  18.456 0.0000000000
114972  48.285  -60.406  12.543 0.0000000000
115082  27.243  -82.304  19.231 0.0000000000
115131  42.858  -75.298  25.750 0.0000000000
115193  45.947  -59.484  0.711 0.0000000000
115257  43.195  -74.373  1.986 0.0000000000
115270  46.148  -60.287  13.529 0.0000000000
115272  23.581  -79.243  13.496 0.0000000000
115307  39.827  -71.918  0.854 0.0000000000
115308  41.385  -63.462  17.495 0.0000000000
115375  33.485  -78.802  29.145 0.0000000000
115377  31.595  -82.858  -0.736 0.0000000000
115386  44.380  -72.609  13.883 0.0000000000
115442  45.129  -51.631  -0.340 0.0000000000
115507  48.560  -70.074  6.337 0.0000000000
115585  39.399  -73.743  24.037 0.0000000000
115640  28.318  -84.821  -3.156 0.0000000000
115731  35.026  -76.904  8.331 0.0000000000
115755  44.572  -61.681  16.201 0.0000000000
115856  41.764  -68.785  -0.676 0.0000000000
115886  39.630  -77.445  14.222 0.0000000000
115890  44.515  -52.018  -5.010 0.0000000000
115979  21.933  -80.529  11.348 0.0000000000
116000  50.411  -64.001  10.753 0.0000000000
116028  32.222  -82.422  10.121 0.0000000000
116030  42.303  -63.102  17.394 0.0000000000
116053  40.612  -73.861  23.190 0.0000000000
116182  27.058  -79.730  14.305 0.0000000000
116211  43.486  -63.058  -2.386 0.0000000000
116232  42.038  -66.877  11.091 0.0000000000
116244  40.382  -74.507  4.120 0.0000000000
116292  47.087  -61.714  14.668 0.0000000000
116312  37.361  -74.466  26.372 0.0000000000
116391  51.279  -59.100  7.275 0.0000000000
116454  41.446  -73.488  4.223 0.0000000000
116477  35.895  -73.280  1.221 0.0000000000
116619  37.338  -73.399  9.081 0.0000000000
116721  42.512  -70.760  16.867 0.0000000000
116732  41.658  -73.802  19.420 0.0000000000
116840  34.345  -80.727  2.333 0.0000000000
116999  49.032  -68.913  5.641 0.0000000000
117007  26.017  -84.617  9.354 0.0000000000
117394  44.981  -72.498  22.147 0.0000000000
117426  53.049  -63.486  12.804 0.0000000000
117440  44.287  -72.189  10.032 0.0000000000
117490  38.867  -54.057  7.817 0.0000000000
117541  33.506  -79.615  -7.209 0.0000000000
117583  40.940  -68.141  9.287 0.0000000000
117732  44.105  -61.940  -1.380 0.0000000000
117810  33.689  -76.823  8.615 0.0000000000
117874  35.119  -80.309  19.987 0.0000000000
117946  38.649  -53.010  5.484 0.0000000000
117951  37.717  -74.767  17.351 0.0000000000
118041  31.670  -80.226  -0.506 0.0000000000
118082  28.540  -84.931  -3.613 0.0000000000
118103  39.105  -50.274  4.492 0.0000000000
118220  30.527  -80.815  14.182 0.0000000000
118232  44.908  -55.005  -4.469 0.0000000000
118240  36.878  -77.933  27.039 0.0000000000
118274  36.579  -76.485  22.622 0.0000000000
118359  48.935  -56.861  7.043 0.0000000000
118360  44.834  -70.002  14.062 0.0000000000
118379  48.758  -50.272  -5.241 0.0000000000
118400  39.649  -73.060  17.645 0.0000000000
118418  35.708  -79.597  19.655 0.0000000000
118443  37.439  -80.316  10.593 0.0000000000
118482  33.358  -78.645  -9.324 0.0000000000
118552  44.314  -72.361  22.995 0.0000000000
118632  44.601  -73.050  24.294 0.0000000000
118690  52.728  -61.035  7.898 0.0000000000
118694  46.788  -56.107  6.956 0.0000000000
118696  37.918  -73.752  23.576 0.0000000000
118736  32.398  -78.783  -8.959 0.0000000000
118786  49.686  -61.359  1.366 0.0000000000
118845  50.514  -52.498  -0.786 0.0000000000
118972  42.062  -53.839  -3.012 0.0000000000
119079  25.874  -82.275  19.383 0.0000000000
119087  41.907  -51.636  -2.767 0.0000000000
119112  36.247  -75.381  8.193 0.0000000000
119127  42.913  -52.908  -3.954 0.0000000000
119167  35.070  -80.357  18.900 0.0000000000
119244  49.700  -61.401  0.078 0.0000000000
119279  48.460  -57.147  7.546 0.0000000000
119370  38.628  -68.201  1.138 0.0000000000
119397  38.727  -51.944  2.087 0.0000000000
119404  40.826  -69.936  9.403 0.0000000000
119427  31.887  -82.454  0.021 0.0000000000
119467  24.549  -83.146  8.546 0.0000000000
119468  43.662  -72.563  24.076 0.0000000000
119509  48.373  -63.265  4.740 0.0000000000
119537  37.020  -77.079  0.484 0.0000000000
119604  46.292  -70.824  17.942 0.0000000000
119671  30.913  -80.101  27.286 0.0000000000
119720  46.608  -55.520  -5.517 0.0000000000
119761  31.482  -83.138  0.020 0.0000000000
119775  31.930  -79.183  -1.709 0.0000000000
119801  33.853  -77.612  8.607 0.0000000000
119839  35.985  -76.512  28.799 0.0000000000
119849  36.544  -79.428  16.141 0.0000000000
119928  34.834  -80.160  23.091 0.0000000000
119944  49.833  -60.836  4.698 0.0000000000
119988  40.034  -54.763  3.737 0.0000000000
120037  43.967  -72.519  11.671 0.0000000000
120050  36.284  -79.048  23.193 0.0000000000
120069  29.557  -84.457  -0.426 0.0000000000
120118  32.446  -77.742  30.089 0.0000000000
120200  47.913  -64.465  13.236 0.0000000000
120204  25.278  -81.052  15.261 0.0000000000
120238  42.357  -69.162  13.724 0.0000000000
120289  28.601  -80.909  5.892 0.0000000000
120327  30.775  -77.455  9.116 0.0000000000
120357  46.439  -71.610  18.681 0.0000000000
120456  42.538  -73.778  19.329 0.0000000000
120492  50.870  -51.524  -3.067 0.0000000000
120496  45.138  -62.442  11.117 0.0000000000
120705  50.442  -66.636  7.604 0.0000000000
120739  45.540  -68.354  7.192 0.0000000000
120762  50.475  -60.910  -2.787 0.0000000000
120763  41.745  -54.223  6.379 0.0000000000
120808  40.149  -75.165  3.962 0.0000000000
120809  45.102  -51.953  1.227 0.0000000000
120812  34.958  -74.451  0.822 0.0000000000
120847  23.151  -86.346  7.926 0.0000000000
120876  31.676  -77.539  -0.512 0.0000000000
120930  36.678  -68.892  1.494 0.0000000000
120961  36.537  -76.641  23.899 0.0000000000
121030  40.419  -71.554  0.588 0.0000000000
121044  28.868  -79.182  19.247 0.0000000000
121093  40.547  -51.656  -1.235 0.0000000000
121144  42.673  -54.379  6.637 0.0000000000
121189  34.466  -77.979  26.388 0.0000000000
121192  43.445  -65.096  -0.621 0.0000000000
121225  31.991  -76.529  -0.415 0.0000000000
121311  29.060  -79.544  18.570 0.0000000000
121316  34.237  -77.333  26.563 0.0000000000
121347  34.862  -81.317  11.081 0.0000000000
121431  43.502  -58.618  2.610 0.0000000000
121464  43.346  -73.695  18.205 0.0000000000
121586  33.841  -80.750  1.364 0.0000000000
121710  51.394  -65.792  9.498 0.0000000000
121792  40.950  -68.167  -0.271 0.0000000000
121817  39.636  -68.687  0.723 0.0000000000
121955  43.055  -58.649  1.483 0.0000000000
121980  39.834  -66.734  12.537 0.0000000000
122140  40.786  -58.107  11.277 0.0000000000
122182  34.303  -78.924  20.085 0.0000000000
122196  43.410  -72.197  23.322 0.0000000000
122345  42.621  -57.210  8.704 0.0000000000
122369  30.754  -80.831  -5.193 0.0000000000
122479  39.563  -76.627  7.871 0.0000000000
122581  44.555  -59.707  13.742 0.0000000000
122692  51.802  -64.633  13.494 0.0000000000
122738  31.213  -79.369  -8.298 0.0000000000
122753  46.366  -54.644  -6.594 0.0000000000
122761  48.047  -68.579  3.345 0.0000000000
122811  53.552  -63.058  11.087 0.0000000000
122831  48.510  -64.166  6.452 0.0000000000
122873  26.724  -82.712  1.796 0.0000000000
122880  34.813  -80.423  19.226 0.0000000000
122898  50.417  -60.091  -2.799 0.0000000000
122924  52.764  -63.643  13.383 0.0000000000
122934  34.348  -80.251  20.270 0.0000000000
122936  41.955  -56.987  8.723 0.0000000000
123008  42.941  -55.915  -2.444 0.0000000000
123211  45.581  -69.051  0.207 0.0000000000
123262  43.483  -67.798  -2.080 0.0000000000
123286  50.159  -60.881  12.360 0.0000000000
123295  40.388  -55.513  0.374 0.0000000000
123311  36.658  -77.105  18.173 0.0000000000
123345  40.930  -66.236  -1.299 0.0000000000
123403  48.326  -62.752  9.401 0.0000000000
123444  29.073  -80.705  11.741 0.0000000000
123453  32.448  -81.330  7.895 0.0000000000
123471  31.586  -81.648  7.590 0.0000000000
123547  31.055  -82.251  12.565 0.0000000000
123552  48.632  -59.743  11.178 0.0000000000
123577  40.381  -55.237  3.465 0.0000000000
123609  41.032  -73.746  20.269 0.0000000000
123683  25.749  -83.806  9.605 0.0000000000
123703  36.451  -78.247  23.394 0.0000000000
123712  49.304  -63.651  9.717 0.0000000000
123783  23.603  -81.462  10.582 0.0000000000
123797  43.363  -68.096  11.287 0.0000000000
123803  32.661  -77.236  30.010 0.0000000000
123829  36.321  -72.882  32.249 0.0000000000
123845  47.266  -64.662  8.630 0.0000000000
123876  46.188  -62.582  10.950 0.0000000000
123903  45.796  -65.901  4.249 0.0000000000
123925  36.042  -75.679  28.886 0.0000000000
123929  44.783  -71.930  0.803 0.0000000000
123967  49.311  -62.465  0.951 0.0000000000
123990  43.262  -64.973  -3.672 0.0000000000
124008  39.308  -73.899  25.091 0.0000000000
124022  49.113  -64.341  15.895 0.0000000000
124102  36.607  -75.767  23.113 0.0000000000
124109  41.514  -55.674  3.870 0.0000000000
124154  39.054  -77.648  12.940 0.0000000000
124185  49.664  -51.123  -6.050 0.0000000000
124209  44.295  -62.570  11.945 0.0000000000
124225  39.067  -54.274  2.020 0.0000000000
124228  43.478  -58.000  9.273 0.0000000000
124297  48.460  -66.737  5.478 0.0000000000
124321  48.815  -62.061  -1.467 0.0000000000
124345  30.172  -80.993  6.581 0.0000000000
124436  45.483  -65.234  15.150 0.0000000000
124566  42.252  -54.222  6.463 0.0000000000
124660  44.664  -55.203  5.086 0.0000000000
124684  43.375  -64.248  -3.609 0.0000000000
124717  33.950  -76.052  8.352 0.0000000000
124718  40.966  -72.417  14.889 0.0000000000
124722  38.132  -67.734  1.208 0.0000000000
124826  42.902  -63.188  17.416 0.0000000000
124900  34.051  -78.639  -9.060 0.0000000000
124916  38.203  -75.583  0.435 0.0000000000
